datetime,underlying_price,NIFTY27JAN2625200CE,NIFTY27JAN2625300CE,NIFTY27JAN2625400CE,NIFTY27JAN2625500CE,NIFTY27JAN2625600CE,NIFTY27JAN2625700CE,NIFTY27JAN2625800CE,NIFTY27JAN2625900CE,NIFTY27JAN2626000CE,NIFTY27JAN2626100CE,NIFTY27JAN2626200CE,NIFTY27JAN2626300CE,NIFTY27JAN2626400CE,NIFTY27JAN2626500CE,NIFTY27JAN2623800PE,NIFTY27JAN2623900PE,NIFTY27JAN2624000PE,NIFTY27JAN2624100PE,NIFTY27JAN2624200PE,NIFTY27JAN2624300PE,NIFTY27JAN2624400PE,NIFTY27JAN2624500PE,NIFTY27JAN2624600PE,NIFTY27JAN2624700PE,NIFTY27JAN2624800PE,NIFTY27JAN2624900PE,NIFTY27JAN2625000PE,NIFTY27JAN2625100PE
07-01-2026 09:15,26111.65,0.12662,0.1233,0.11741,0.11379500911500712,0.11005,0.10650688248612922,0.10276474657150285,0.09918983974524413,0.0957,0.09397,0.09187,0.09052970989823686,0.08908,0.08795,0.1784,0.17237,0.16928,0.1636367031797336,0.15796744922437383,0.1524,0.14697,0.14105,0.13613,0.13085,0.1264,0.12142,0.11631,0.1115
07-01-2026 09:20,26141.4,0.08632,0.10206779500832357,0.10876400060822305,0.11779,0.11197,0.10605967955905368,0.10364098990184845,0.1012299218726051,0.09837,0.09619,0.09413,0.09242898202422874,0.09057,0.08925,0.18035948323975334,0.17477,0.1700541799900422,0.16534,0.15961692142665687,0.1542,0.14753,0.14274,0.13849,0.13282,0.12821936657792288,0.12363,0.11855977984570978,0.11353
07-01-2026 09:25,26139.35,0.09147,0.09313679171144051,0.09514,0.09933,0.09599,0.09353195196085197,0.09147836355064198,0.08954,0.08996,0.08849713116236498,0.08697,0.08627,0.08541,0.0845181007820722,0.1801,0.17574,0.17154,0.16567,0.15927,0.15427186489413042,0.14919,0.14245,0.13806,0.13242,0.12877,0.12362340842253108,0.11817,0.11330190227420617
07-01-2026 09:30,26128.95,0.1086,0.10842,0.11347607841488509,0.12248,0.10715,0.11098,0.10345,0.10135943821286104,0.09864,0.09511,0.09304,0.09123,0.0885583320570539,0.08692073774536571,0.18174,0.17693400158561734,0.17206,0.16502,0.15755,0.15276472303231053,0.14691,0.14209,0.13721,0.13184,0.12722,0.12220040680715435,0.11729,0.112
07-01-2026 09:35,26131.9,0.10462,0.10538,0.11194375943876675,0.12051,0.11225,0.10882096412286493,0.10544,0.10232441209329966,0.09896,0.09646133747214916,0.09384416242139754,0.09136,0.09014,0.08807328691889321,0.18193,0.1772262258714112,0.17226,0.16522,0.1594049159455873,0.15334,0.14784,0.1423,0.13751578942262677,0.13219,0.12733,0.12295,0.11707,0.11211814442122874
07-01-2026 09:40,26145.15,0.07079,0.07639,0.08313,0.08523,0.0859719604885977,0.08734,0.08621008749705944,0.08538408085277263,0.0845,0.08402053924640786,0.08351382161011,0.08301,0.08262,0.08249,0.18277,0.1782,0.17265,0.16631,0.15883,0.15343,0.14961,0.14337,0.1382,0.13313,0.12864,0.12374,0.11872,0.11370767446956664
07-01-2026 09:45,26113.1,0.11528660215796316,0.11386287061109146,0.10826,0.11514,0.1083,0.1055,0.10226,0.10001607558050199,0.09741,0.09438,0.09237,0.09075,0.0878039051529938,0.0855355753235619,0.18107,0.17468,0.1704,0.16426,0.15850894402480958,0.15289,0.14697,0.14089,0.13571,0.13075,0.12599,0.12096,0.11583796044129158,0.11071
07-01-2026 09:50,26110.0,0.12145748668266583,0.12087,0.10978,0.10902165730463122,0.10688456675904894,0.10476,0.09939,0.0968,0.09542,0.09316,0.09122,0.08945,0.08686077969236541,0.08486649669522678,0.1806672792715198,0.1745,0.17045,0.16386,0.15681,0.15155,0.14694,0.14149292828114785,0.13566,0.13068,0.12601,0.12101738507065354,0.11607,0.11095
07-01-2026 09:55,26108.9,0.13029,0.12175,0.13487,0.12589791863292052,0.12009,0.11328,0.11073956514611841,0.10762392293890441,0.10426,0.10032,0.09739,0.09479,0.09256,0.09020648792512635,0.18084,0.17444,0.16945,0.16358,0.15675,0.15167905339937934,0.14636,0.14063,0.1353,0.1303961409703267,0.12541164533147686,0.12047,0.11516959244332034,0.10983
07-01-2026 10:00,26140.3,0.09239,0.0877,0.10072357928355427,0.11531,0.11123,0.10752,0.10161,0.09998536748940687,0.09747,0.09520877847746806,0.09255,0.09062,0.08911,0.08704050883680535,0.1828,0.17745,0.1717,0.16515,0.16067,0.15356,0.1481,0.14259,0.1375236294611954,0.13216,0.12774,0.122631240631314,0.11751503239652647,0.1122
07-01-2026 10:05,26142.95,0.06670116649807031,0.08237,0.11304,0.1084006070817993,0.11037,0.11308,0.11004,0.10336,0.10275,0.09909,0.09616,0.09408812184193187,0.09181,0.09023,0.18298,0.17622,0.1708184735466605,0.16534,0.15961,0.15374,0.14828,0.14304123984828446,0.13766,0.1328085787971906,0.12794,0.1226313556825448,0.11739,0.11183
07-01-2026 10:10,26159.15,0.10591,0.10191796752646379,0.09886,0.09854078452867854,0.0985363382715127,0.09830727562051056,0.09801618374907778,0.09794410790616395,0.0980054607321688,0.09746,0.09524,0.09264,0.09117,0.08945,0.1848476902924059,0.17881991893895058,0.17292,0.16683,0.16097299184448716,0.15501,0.14937,0.14421,0.13893,0.1335,0.12947,0.12462,0.11843,0.11337821110932422
07-01-2026 10:15,26183.8,0.12049,0.09722,0.11136,0.10625243724171464,0.10239674755323837,0.09798869144325575,0.09326,0.08786,0.08838,0.08779149111326122,0.08637153175576547,0.08527,0.08415,0.08268332529309785,0.18267,0.17868545297813904,0.17425,0.16842,0.16269,0.15663,0.15173,0.14572,0.14048,0.13553867699242955,0.13028,0.12548,0.12019,0.115
07-01-2026 10:20,26169.15,0.13492,0.11376,0.12267,0.11661497626413966,0.11049510316213704,0.10400890261241887,0.09695,0.09399,0.09285,0.09140079484315505,0.08918,0.08789428442213992,0.08646,0.08546,0.18381,0.17694,0.17223474140691375,0.1675,0.16175363366293416,0.15607470410874355,0.15024,0.1452431471879013,0.13994,0.13449,0.12949,0.12431,0.11901,0.11379
07-01-2026 10:25,26152.25,0.14819,0.11685,0.1055,0.10144,0.0996045779681533,0.09631264266280051,0.09325,0.09388,0.0911,0.08958453830117963,0.08801,0.08672,0.08562881599815633,0.08459,0.18279,0.1759,0.17074375416356607,0.16553040660931062,0.16026,0.15459,0.14949,0.14378,0.13834,0.13291,0.12889,0.1234,0.11784,0.11258
07-01-2026 10:30,26130.45,0.14045,0.13392,0.12199,0.11714117695882484,0.11186342236028242,0.10631,0.1025514191342306,0.09839,0.09628953647594496,0.09407,0.09230506712134035,0.0905034710829955,0.08876846775318131,0.08712,0.18145,0.17666,0.17139,0.16528,0.1592696892656545,0.15318,0.14785293510469646,0.14233,0.13686,0.1314,0.12709,0.1217,0.11602,0.11015813677004394
07-01-2026 10:35,26133.05,0.13848,0.13213,0.12459773748343098,0.11707644638240994,0.109,0.10357,0.10375,0.09754,0.09634468343936259,0.09470156053550746,0.09299,0.09119945322255649,0.08935,0.08769,0.1819792657962716,0.17607,0.17133,0.16478,0.15906049378345877,0.15317,0.1486,0.14278805251151622,0.13675,0.13159,0.12694,0.12161635372588642,0.11631986792852467,0.11086
07-01-2026 10:40,26144.05,0.1319111062550085,0.1239,0.1170947664844423,0.11069,0.10693018385790827,0.10253,0.1002393105817053,0.09761,0.09496,0.09305626543966825,0.09109148489220605,0.08923422473334887,0.08738,0.08609,0.18288,0.17746013350862672,0.17204,0.16590357826632718,0.15977,0.15409,0.14898,0.14327,0.13781,0.13264,0.12761,0.12227534388071709,0.11697,0.1116785713269014
07-01-2026 10:45,26141.15,0.12448,0.11893431841835123,0.11456,0.114,0.10828,0.10332,0.1008990289483864,0.09745,0.09517058744648965,0.09195,0.09067662845210564,0.08885,0.08725754381078804,0.08575,0.18131,0.1766,0.17089582234784967,0.16533,0.15938,0.15392,0.14844,0.14292,0.13762,0.13204,0.12718,0.12241,0.11676,0.11162171231263157
07-01-2026 10:50,26146.85,0.15441,0.12166,0.12264,0.12576,0.11515568040975499,0.10062,0.10551330615391781,0.10421,0.10121,0.09751,0.09502,0.09229,0.09052,0.08866,0.18168,0.17641461140315398,0.17100075405944032,0.1657,0.15986650275108977,0.15411,0.14865,0.14331,0.13772,0.13245,0.12747,0.12241,0.11671,0.11127
07-01-2026 10:55,26168.55,0.11618,0.09908,0.10582,0.1032225107519521,0.10027,0.09883,0.09819,0.09465,0.09529,0.09256,0.0906,0.08877,0.08737,0.08559897221979522,0.18331,0.17727,0.17315,0.16687,0.16117,0.15571780420761205,0.1501,0.14478,0.13937,0.13411,0.12903,0.12356600768930809,0.11815,0.11277
07-01-2026 11:00,26160.15,0.14217,0.10926,0.12493,0.12832,0.11709,0.11632,0.11146109652900762,0.10649,0.10367,0.0996,0.09689,0.09419,0.09188,0.08807977689166027,0.18281,0.1778070563737823,0.17264,0.16635,0.1607444995017276,0.155,0.14973,0.1444,0.13896,0.1334,0.12844,0.12318,0.11743,0.11204
07-01-2026 11:05,26182.1,0.013884591700025033,0.06317,0.10803,0.11224,0.11009,0.10412,0.09991,0.09744719281505615,0.09477698612219924,0.0919,0.09027844127969425,0.08838,0.08688,0.0856,0.18446,0.17867,0.17404,0.16776,0.16186,0.15650488405898716,0.15102,0.14572,0.14041671640794404,0.13508,0.12992119971101146,0.12479,0.11928,0.11373
07-01-2026 11:10,26166.7,0.11140190896865987,0.10165,0.12041,0.11016440123260975,0.10432,0.10064446403399577,0.09653,0.09517004189035616,0.09205,0.09089761242051175,0.08867,0.08709542878435075,0.08535,0.08431,0.18353,0.1772,0.17284,0.16679,0.16173,0.15382,0.14961968574784995,0.14469,0.13988,0.13401,0.12890068893934498,0.1239,0.11804,0.11274
07-01-2026 11:15,26148.15,0.15103,0.12068,0.12132503292587624,0.11697,0.10479,0.10114,0.10383,0.10015,0.09801,0.09559330864046323,0.09307,0.09112167272482087,0.08902,0.08724,0.18212,0.17646,0.17103704158948413,0.16562,0.1597,0.15445,0.14903852632105188,0.14362,0.13802,0.13232,0.12704087029511135,0.12166911732243164,0.1163810205916998,0.11124
07-01-2026 11:20,26148.9,0.13325,0.12158668052891089,0.11362353002205677,0.10563,0.10438,0.10253951301388084,0.09916676982161232,0.09535,0.09377597525670378,0.0912,0.08892,0.08742,0.0862,0.08517,0.18221618104532614,0.17612,0.17222,0.16569,0.1599418073177809,0.15412,0.14849,0.14368,0.13808,0.13238,0.12723241597883017,0.12201359037268589,0.11682,0.11139
07-01-2026 11:25,26140.4,0.14019,0.1370246006274987,0.13724,0.11602,0.10911,0.10857041737598913,0.10469691445294244,0.10123524179280147,0.09806664894682787,0.09357,0.09237819316556453,0.08967,0.08784132735133093,0.08663,0.18140088386868558,0.17534,0.17146,0.16493,0.15901,0.15337,0.14813937235956684,0.14273866341657954,0.13721,0.13166,0.126570864934122,0.12146,0.1159,0.11031
07-01-2026 11:30,26144.45,0.13223,0.1238,0.13491,0.12795,0.10692,0.10959,0.11051,0.10497,0.10338,0.09905,0.0955,0.0933,0.09089,0.08913,0.18165,0.17587,0.17124,0.16588,0.1595,0.15409304175623106,0.14870469718403723,0.14324,0.13734,0.13211507081189588,0.12677,0.12154,0.11602,0.11071
07-01-2026 11:35,26160.05,0.1379,0.10954,0.12705,0.11342,0.1144,0.09898,0.09861,0.0955,0.09382,0.09112,0.08876,0.08706146422943067,0.08539045206411874,0.08473,0.1827959987947156,0.17686,0.17249,0.16689,0.1608510694139804,0.15488,0.14989,0.1443,0.13873,0.13333,0.12776,0.12250170001933068,0.11739,0.11184835930144586
07-01-2026 11:40,26147.1,0.13154113904404685,0.12168,0.13513,0.11628,0.1127409532580732,0.10735,0.10434,0.10152986566061631,0.09677,0.09297,0.09119,0.08938900825476742,0.08741,0.08616,0.18184,0.17607,0.17098672013010363,0.16608,0.15948,0.15385,0.14859006989367415,0.14313830639584896,0.13755,0.13244,0.12735,0.12187,0.11653,0.11076
07-01-2026 11:45,26136.15,0.13693590132343525,0.13021,0.1235744366680799,0.1176699702124849,0.11243609090330439,0.10719,0.10479,0.09917,0.09782,0.09533587272069793,0.09244,0.09021,0.08857615766974622,0.08711,0.18118,0.17565,0.17035765343793957,0.16517,0.15878,0.15314,0.14771,0.14255,0.13711,0.13168,0.12657,0.12108,0.11578472318792947,0.11042385825741839
07-01-2026 11:50,26138.65,0.1373466035278626,0.12839,0.12183,0.10693,0.11294,0.10449565519292921,0.09573,0.09332,0.09232,0.08996,0.08826,0.08661,0.08554082847186853,0.08458,0.18163,0.17566,0.17025958058870236,0.16488,0.15896,0.15312,0.1477,0.14256,0.13716489376055588,0.13173,0.127,0.12127,0.11611,0.11082
07-01-2026 11:55,26126.7,0.15111504593766495,0.13681,0.12336928952131221,0.11165,0.10881185722190115,0.10405,0.1005906004558044,0.0968,0.09586,0.09338631066840707,0.09077,0.08908156346552878,0.08749,0.08608047266589659,0.18119,0.17570286738346147,0.17019,0.16418936900030856,0.1582,0.15235,0.14692,0.14193,0.13603,0.13077,0.12604,0.12087588200598641,0.11570358932396409,0.11042
07-01-2026 12:00,26121.55,0.16447,0.14018,0.12062,0.11772959968277855,0.11174768224681375,0.10525,0.10099,0.09795,0.09557,0.09322312108962502,0.09077,0.08912206809075565,0.08739175137214175,0.08587,0.18089,0.17468,0.17036,0.16382,0.15788,0.15231900345350657,0.14659,0.14128958575093847,0.13584,0.13042,0.12544,0.12036,0.11541,0.11002
07-01-2026 12:05,26110.95,0.17059,0.14640546970034202,0.12592,0.11854,0.11393,0.10904,0.10471,0.10163686269338482,0.09835466893173327,0.09505,0.09261,0.09078535300760662,0.08895076761318843,0.08731,0.18024,0.17388,0.16946,0.16361,0.1577188428943142,0.15194816956440163,0.14608,0.14106,0.13542,0.13009,0.12518650878076337,0.12023,0.1149,0.10954
07-01-2026 12:10,26110.45,0.1581729873833838,0.14699,0.12624,0.12268,0.11667385061848379,0.10926,0.10682,0.10029,0.10023,0.09643,0.09378,0.09151,0.08936,0.08778027332006781,0.17962692760756946,0.17387,0.16829998077412628,0.16272059023528945,0.15712467211358935,0.15152,0.14588,0.14087,0.13554,0.13007,0.12538,0.11999,0.11469,0.10926
07-01-2026 12:15,26107.4,0.1726,0.14872669968286584,0.1281,0.12409030151692783,0.11735172344586434,0.11083,0.10355,0.10079031102457577,0.09722,0.09467,0.09205,0.09009,0.08853,0.08725,0.18033,0.17372,0.16848245475962942,0.16318,0.15741161077161892,0.15163624619765198,0.14568,0.14051,0.1352,0.13013,0.1254,0.11967,0.11460740787548061,0.10944467826442755
07-01-2026 12:20,26103.3,0.14749,0.15113,0.12846,0.12228,0.11176,0.1131,0.10854366957618336,0.10184,0.09835,0.09665817748324768,0.09375,0.09145,0.08962,0.0882,0.18064,0.17369,0.16834865859960943,0.16293,0.15675,0.15088,0.14583779458821344,0.14057,0.13537,0.12972,0.12512,0.1199,0.115,0.11014910481734176
07-01-2026 12:25,26106.55,0.14529,0.13601550013781905,0.12654,0.11526,0.11023,0.10932,0.10306,0.09924,0.09708937885626348,0.09433,0.09216,0.09039052450836554,0.08851,0.08719,0.18086,0.17367,0.16924,0.16338,0.15697,0.15111,0.1461168867576239,0.1408,0.13589021489098357,0.13084692280538662,0.12583,0.12057,0.11544,0.11046
07-01-2026 12:30,26108.85,0.13603729309795398,0.13189,0.12764,0.12135,0.11389,0.1097,0.10647639498212669,0.10282567049279509,0.09905,0.09602,0.09375,0.0917423928422633,0.08962,0.0881,0.17939387545815796,0.17382,0.16832058222945845,0.16275621906804844,0.15713,0.15127,0.14704,0.14157034020961334,0.136060702028724,0.13053,0.12554,0.12044,0.11535,0.11008
07-01-2026 12:35,26106.25,0.13895,0.13064159167724088,0.12316695224320248,0.11553,0.11035,0.10842,0.10552,0.10146,0.09871,0.09621987488790965,0.09355,0.09131454697544822,0.08912,0.0871179077109549,0.17976,0.17473,0.169,0.16316,0.15719,0.15237,0.1466999997805643,0.14097,0.13531,0.13035,0.12571,0.12036,0.11516,0.11002191864614927
07-01-2026 12:40,26103.5,0.11991,0.11696,0.11183366223774532,0.10667,0.10291,0.09946830932036124,0.09585759455110623,0.09235,0.0917,0.08965,0.08826,0.08653,0.0853,0.08403941320544216,0.1796,0.17457,0.16884,0.16299,0.15724,0.15153,0.14638,0.14079,0.13557,0.13083,0.12552,0.12089,0.11587,0.11103437265552928
07-01-2026 12:45,26084.3,0.13611,0.13107,0.1253,0.11451,0.11253,0.10675,0.10273153622354186,0.0982,0.09613,0.09317,0.09129034838938614,0.08921,0.08779016576086048,0.08642,0.1773255493668436,0.17193,0.16637686975934385,0.16086,0.155599571064454,0.15028,0.14492768514416926,0.1395,0.13425,0.12896,0.12449,0.11950750053894071,0.11451089922224589,0.10937
07-01-2026 12:50,26084.8,0.13576,0.13076,0.12502,0.11425,0.11181,0.10873,0.10386,0.09994,0.09747,0.09457,0.09258,0.0907981205673648,0.08887,0.08759,0.17985,0.17281,0.16729273085837137,0.16159,0.15605,0.15118,0.14552256497451505,0.13987837665704092,0.13415,0.12926483734491623,0.1243,0.1192,0.11391,0.10853799614582113
07-01-2026 12:55,26089.25,0.13025993572913802,0.12699552525629948,0.12235,0.1206,0.11469,0.10908,0.10466,0.10084,0.0984,0.0947,0.09279,0.09043,0.08883750377714322,0.08741,0.17879769974264575,0.17320163376904277,0.16774,0.16189,0.15657,0.15117,0.14577,0.13937,0.13418,0.1288,0.12429,0.11909822394402783,0.11381,0.10872606986594249
07-01-2026 13:00,26099.15,0.13774,0.1283135063747115,0.12114,0.11955,0.11469,0.10982,0.10569520282098899,0.10038,0.09815,0.09453,0.09202,0.09013,0.0883,0.087,0.17939,0.17435,0.1685335935755003,0.16276,0.15729,0.1513,0.14581751419435818,0.14022,0.13492579589315928,0.12951,0.12442,0.11914,0.1141,0.10896
07-01-2026 13:05,26103.3,0.1215023817557147,0.11724,0.11695763171929834,0.11697,0.11188,0.10715057180880824,0.1025,0.09934,0.09726697118755828,0.09440988710114717,0.09115,0.08926,0.0873,0.08606,0.17966,0.17417244156705902,0.16866,0.16297581594085742,0.15729,0.15201,0.14642,0.14034,0.13517,0.12995892206667387,0.12461,0.11956,0.11452,0.10938
07-01-2026 13:10,26105.85,0.13259,0.11512,0.11352258174789115,0.11026440306706786,0.1073663591074836,0.10426,0.10056,0.09784859809658679,0.09497,0.092559483404489,0.08993,0.08809,0.08684402948516781,0.08572,0.1789,0.17454,0.16883,0.16274,0.15661,0.15176,0.146275091011217,0.14036,0.13536,0.13038939676183603,0.12528,0.11997,0.11473,0.10925
07-01-2026 13:15,26097.2,0.13545,0.12209,0.1177738434431804,0.11427403462746287,0.11071957937433669,0.10724127442512288,0.10363306484207717,0.10025,0.09667,0.09342,0.0919,0.08937,0.08795515306415141,0.08674,0.17932,0.17401,0.16829061258854838,0.16261,0.15718,0.1512,0.14514,0.14012,0.13501201753113118,0.1298,0.1249,0.11945,0.11408,0.10916
07-01-2026 13:20,26097.45,0.13528,0.12192,0.12229,0.11051,0.10726,0.10272,0.09787,0.09553,0.0935,0.09048,0.08913286035485185,0.08751773543165321,0.08593,0.08506,0.1782599033506875,0.17271,0.16768082469535028,0.16248,0.15609,0.15082747555568993,0.14535,0.14018830374411656,0.1348,0.12982,0.1247265537423573,0.1196141840462692,0.11448676483439185,0.10935
07-01-2026 13:25,26076.35,0.13635,0.13632,0.12610258503227093,0.11507,0.11124,0.10481,0.10174,0.09783,0.09578,0.09306,0.09102,0.08792715895684484,0.08553395431208391,0.08320671655220716,0.17677,0.17141,0.16651,0.16114,0.155476391391227,0.14992,0.14396,0.13872,0.13348917069941957,0.12822190433865022,0.12294,0.11789206044971107,0.11287,0.10794594465747512
07-01-2026 13:30,26070.0,0.14088,0.13805074933350076,0.13783,0.11987,0.11361,0.11124155327731475,0.10664402100315123,0.10029,0.0987246452154754,0.09434,0.09254,0.09022,0.08856,0.084760280894735,0.17822,0.17166,0.16625807533439974,0.16075,0.15539,0.14993,0.14421680346539145,0.13846,0.1331139372470938,0.12764,0.12272,0.11764423061681319,0.11258,0.1072
07-01-2026 13:35,26074.55,0.17238319302689098,0.15062184089148245,0.13547,0.12112,0.1144,0.11189,0.10505,0.10046,0.09766,0.09457,0.09234,0.09017,0.0882,0.08695,0.17852,0.17271440971504734,0.16691,0.16108,0.15561355042313008,0.1501333871248133,0.14467,0.13862,0.1328,0.1281,0.12259,0.11738,0.11229,0.10724451349016523
07-01-2026 13:40,26074.2,0.13798,0.13149,0.13567,0.12103,0.11374,0.10958676175879695,0.104,0.10033,0.09781,0.09509535880344844,0.09207,0.09026,0.08842,0.08693,0.17851,0.17253878725689428,0.16666,0.16104,0.15485,0.1497761058518562,0.14464,0.13877,0.13308,0.12729,0.12293,0.11799,0.11266916002630814,0.10731
07-01-2026 13:45,26072.8,0.14514508924554395,0.1375,0.13103808748096404,0.12452,0.11755,0.1126,0.10713,0.10257,0.10008,0.09637,0.09394,0.09167,0.08976,0.08827,0.17796334163108485,0.17225104396629368,0.16658,0.16074,0.15526348761742578,0.14982,0.14267,0.13852,0.1329808464724176,0.1272,0.12240582901873218,0.11748,0.11227,0.10712
07-01-2026 13:50,26083.4,0.1311,0.13079,0.13071,0.11458,0.1109,0.10573,0.09955,0.09775,0.09571,0.09249,0.09049,0.08864,0.08724,0.086,0.17921979147288047,0.173082642938825,0.16703,0.1612650328350188,0.15547,0.14957169175750124,0.14357,0.13909,0.13359,0.12796,0.1235,0.11838,0.11309,0.10797
07-01-2026 13:55,26079.6,0.13406,0.13323957895376698,0.13283,0.12454,0.11908525968478288,0.11314,0.10964151208561339,0.10515521984896359,0.10100146945077582,0.09595,0.09371,0.09128,0.08906835379715311,0.0879,0.17644,0.17088,0.16590093175810494,0.16097,0.15524,0.14995,0.14432942795414516,0.13868,0.13319,0.1277,0.12323,0.11758,0.11251018926181558,0.10731416472296923
07-01-2026 14:00,26088.65,0.12683,0.12726,0.12138302287779121,0.11506264091611076,0.10839,0.10736,0.10616,0.10270055057950014,0.09891,0.09497,0.09313503612003726,0.09048,0.08855,0.08723,0.17788572866008265,0.1722838598165758,0.16664,0.16202,0.15453,0.15055,0.14487,0.13936942114679013,0.13368,0.12876458620895653,0.12366,0.11826,0.11304,0.10766
07-01-2026 14:05,26096.3,0.11994,0.12171,0.11491,0.11011507962199579,0.10453,0.10799,0.10284,0.0997779826261597,0.09686502701941141,0.09418696435002011,0.09098,0.08933033118800715,0.0871,0.08586,0.17797,0.17139,0.16690118028950718,0.16253,0.15674673933786148,0.1511452998398941,0.14543809961221565,0.13979560336514335,0.13406,0.1293,0.1241,0.11873,0.11363,0.10818
07-01-2026 14:10,26100.95,0.11527,0.11807,0.11166,0.11718,0.11077,0.10686,0.10024,0.09667,0.09492,0.09262514116468573,0.090193934942596,0.08774,0.08636896275506997,0.08509,0.17738407476891796,0.17169,0.16744180893488567,0.16284,0.15557,0.15079,0.1446,0.14033,0.13485,0.1296349190438142,0.12445,0.11951,0.11389,0.1087922144932083
07-01-2026 14:15,26097.3,0.12534139989284318,0.12055,0.11426,0.11114,0.10740944787686928,0.10373,0.09785,0.09578063792901195,0.09342836947112476,0.09092,0.08931295678034562,0.08749,0.08602,0.08474,0.18019790828619728,0.1738572283249139,0.16773,0.16193,0.15535,0.15096,0.14437,0.13993,0.13446,0.12926,0.12455,0.11925,0.11381,0.10886
07-01-2026 14:20,26090.7,0.12516,0.12549,0.12013963010308598,0.11458,0.10805,0.10527568707715355,0.10217,0.09626,0.09430325350121732,0.09177,0.08988,0.08829918583069364,0.08669695457638366,0.0852,0.17731145162827816,0.17108,0.16806,0.16129,0.15707,0.15093,0.14504,0.13959715496901218,0.13371,0.12826,0.12397,0.11856,0.11323,0.10826
07-01-2026 14:25,26090.45,0.1254,0.12569,0.1215744593359927,0.11677759520395016,0.11201,0.10707361737573848,0.10202,0.09969864265828579,0.09695,0.09333,0.09125,0.08942270784094253,0.08744,0.08588,0.17707,0.17284406478050196,0.16806,0.16128,0.15769,0.14994,0.14486,0.14014,0.134,0.12826,0.12384,0.11834,0.11312,0.10767
07-01-2026 14:30,26098.65,0.11775,0.11538981643242793,0.11338,0.11283,0.108,0.10375,0.0957,0.09374,0.09245,0.09009265267196642,0.08759,0.08535417248634808,0.08308980075906142,0.08078032021817633,0.17759,0.1716,0.16859,0.16182,0.15844,0.15109,0.14578,0.1404280484294347,0.13488,0.12884,0.1237802344062073,0.11858091243346346,0.11385,0.10829275267191622
07-01-2026 14:35,26088.15,0.12742,0.12736,0.12038,0.12188,0.1129,0.10654,0.10546,0.10076,0.097863917225671,0.09465,0.09268,0.09026,0.08854906676023597,0.08698646663584382,0.17696,0.17248316761595905,0.16749333716201986,0.16218333474082963,0.15715,0.15041,0.14501454154281224,0.13966328719981597,0.13416,0.12913016878636258,0.12393,0.11829,0.11304315325179382,0.10792
07-01-2026 14:40,26097.55,0.11889,0.12046,0.11641910795632968,0.11211619044217012,0.10834,0.11052,0.10398,0.10004,0.0976,0.09418,0.09250873026651593,0.09003,0.08824,0.0868,0.17863620312611608,0.17267,0.16855,0.1629967718969968,0.15778,0.15104,0.14536,0.14082,0.13490921216280474,0.12892,0.12414,0.11866429384626889,0.11311,0.10763097205911311
07-01-2026 14:45,26107.25,0.12396,0.12183524809074858,0.1223,0.1067,0.10319,0.10394,0.09526,0.09287,0.09155,0.08889,0.08749,0.08584,0.08476,0.0837,0.17908005051719295,0.17329,0.1687124316624956,0.16401,0.15773115484504246,0.15169,0.14639,0.14100860420173028,0.1354979688487328,0.12989,0.12485,0.11952056231842689,0.11414,0.10918
07-01-2026 14:50,26098.4,0.13162,0.13675,0.12915,0.12292,0.11770732975954476,0.1126635953304253,0.10664,0.1023,0.0996,0.09579,0.09332,0.09112,0.08675822741453318,0.0839397725672603,0.17642,0.17250373993703016,0.16839,0.16346,0.1572340371288397,0.15112,0.14581,0.14057,0.1343,0.12831,0.1241,0.11865301346782352,0.1132,0.108
07-01-2026 14:55,26113.35,0.13149,0.12732,0.11988,0.1167,0.10902,0.10408,0.10127,0.09859905978520023,0.09552,0.09223,0.09015,0.08840656688138138,0.0865,0.08529,0.17946,0.1737,0.16935,0.1641305683417813,0.15885,0.15296298815503503,0.1469729645775043,0.14099035633477747,0.13508050690412501,0.12937,0.12507,0.11986,0.11433,0.10908
07-01-2026 15:00,26123.1,0.12276,0.11978,0.11537531230332138,0.11132,0.10302,0.10120361761796702,0.09855,0.0946,0.09279691660309805,0.090821597342478,0.08881,0.08709,0.08573441872204947,0.08446,0.17827,0.17387348997232638,0.16948,0.1653,0.15933080065815108,0.15355,0.1473,0.14211,0.13767,0.13048,0.12549579820365292,0.12037,0.11508,0.10998468835577926
07-01-2026 15:05,26133.7,0.11118,0.11022,0.11003585161953794,0.11163,0.10334,0.10225,0.09753,0.09433,0.09228862228209991,0.08993,0.08822,0.08689223635678532,0.08603521518277094,0.08553354912919965,0.17893,0.175,0.16966,0.16599,0.15876281265115333,0.15163,0.14746,0.1421393451417345,0.13677,0.13081,0.12618,0.12073092182896816,0.11529,0.10998
07-01-2026 15:10,26142.1,0.09884,0.11876,0.11059,0.11222,0.10533,0.10244,0.09801,0.09482,0.09307,0.0906,0.08896,0.08737,0.08424586518571354,0.08218089674894634,0.17804499773830715,0.17441,0.17009525160936712,0.16564,0.16034,0.15424,0.14871092796543353,0.14321541256706546,0.13766,0.13155,0.12641,0.12179,0.11633,0.11055
07-01-2026 15:15,26147.8,0.10654,0.11355,0.10459005023718435,0.09637,0.09561813001184236,0.09213,0.09023774747805638,0.086,0.08722,0.08643416380013635,0.08507,0.08399225693169535,0.08305,0.08238,0.17951,0.1759,0.17108,0.16531,0.1599904973645555,0.15482,0.14842,0.14365,0.13775,0.13182,0.12758,0.12219682014576637,0.11657,0.11146268608745546
07-01-2026 15:20,26138.3,0.11792,0.12203,0.1136,0.10619132489366692,0.0986,0.09832,0.09507,0.09387513992617813,0.0916208787717238,0.08884,0.08713,0.08618448699815134,0.08502,0.08402,0.18070698437868457,0.1742,0.17198,0.16580773847263916,0.1599,0.15239,0.14836,0.14335,0.13727,0.13102,0.12552,0.12142,0.11616,0.11054
07-01-2026 15:25,26139.7,0.11638,0.12088,0.11254,0.10630283381245473,0.09944,0.09616,0.0950415431367164,0.09147,0.09192,0.08945225993060443,0.08703,0.08549,0.08295242968014159,0.08108939333034974,0.17936,0.17731,0.17159,0.16754,0.16085,0.15228,0.14936,0.14228,0.13722,0.13180332783676396,0.12627,0.12052,0.11608,0.11131363272991107
08-01-2026 09:15,26101.75,0.11678,0.10192602108995748,0.09164,0.11444,0.09806,0.1029,0.09933,0.0938,0.09226,0.09026,0.08847,0.08772393550887811,0.08673,0.08567,0.18174,0.17806,0.17069,0.16502933536621447,0.15934,0.1536829768685616,0.148,0.14234,0.13554,0.13056,0.12504,0.11964,0.11443,0.10866014469785289
08-01-2026 09:20,26109.7,0.10711,0.09166347255246439,0.0813,0.09165,0.09017,0.09083,0.08783,0.08670371151951378,0.08577958081020703,0.08478,0.08368,0.08273828870351631,0.081645942433398,0.08053261892899945,0.18366399444939688,0.17724,0.17249,0.16585603407494354,0.15934,0.15404,0.14616,0.14272,0.13626,0.13099,0.12586021999439628,0.12066296144404864,0.11556,0.11028731609709744
08-01-2026 09:25,26087.55,0.12193146393010715,0.11251868416375355,0.10509,0.09763427108045758,0.09178,0.0908,0.08627,0.0861,0.08568,0.08435,0.08389086811509044,0.08332,0.08283146560118995,0.08234,0.18263,0.1771253788018773,0.17156,0.16520361839170522,0.15895172453777706,0.15257,0.14711710081920265,0.14138,0.13473,0.12985,0.12516,0.12037,0.11455,0.10927
08-01-2026 09:30,26063.1,0.13321,0.11121,0.10224,0.1061,0.09787,0.09834,0.0952435367914867,0.0918,0.091,0.08972405350255447,0.08831691679836624,0.08692166799962738,0.0856,0.0849,0.18109,0.175189919084857,0.16925,0.1630376764066131,0.15695,0.15213,0.14305,0.14003,0.13411,0.12882462001825146,0.12360524899049069,0.1184615764924477,0.11343859323933433,0.10857
08-01-2026 09:35,26053.95,0.14005,0.13547837973513294,0.12914156865008136,0.1235,0.10269,0.11067,0.10566,0.10007,0.09828982365283699,0.09590675300570703,0.09376385139639612,0.0915,0.09,0.08746215725281462,0.17789,0.17338701755228847,0.16867,0.16233945627783822,0.15635,0.15153,0.1455254800756223,0.13941,0.13378,0.1287322458537982,0.12355,0.11793988638299956,0.11243,0.10685
08-01-2026 09:40,26092.65,0.08417188887084706,0.07222,0.10736,0.10182,0.09554,0.0932791606680286,0.09243,0.09023,0.08867,0.08688,0.08627604059786051,0.08526,0.08421475125721492,0.08339,0.18229588888886714,0.17621,0.17119,0.16453,0.15915,0.15415,0.14546,0.14211,0.13591,0.13053,0.12465986547746045,0.11909308715391935,0.11354037945942441,0.10801490786363556
08-01-2026 09:45,26077.7,0.12038,0.09884,0.10417900867596588,0.1063,0.09633,0.09896,0.09438,0.09369347270378112,0.09236,0.09023,0.08831,0.08692800014733656,0.08581,0.08389200350411055,0.18062,0.17472,0.17048,0.16608,0.15918636955287238,0.15256,0.14601,0.14108,0.13578422896794576,0.13038246551297178,0.12496,0.11967,0.11477,0.10919
08-01-2026 09:50,26070.8,0.12674,0.12482065557771765,0.12264,0.11811429961405404,0.11353953628678223,0.10868757871929424,0.10385,0.09989,0.09784,0.09522,0.09286,0.09054,0.08891490459909514,0.08742,0.1802,0.17457,0.1698,0.16429,0.15795,0.15191,0.14635263160954498,0.14061,0.13485,0.12954,0.12542,0.11937,0.11424,0.10888362203104064
08-01-2026 09:55,26089.4,0.11893,0.11416964996740528,0.10995,0.10776,0.1017,0.09898,0.09518,0.09178,0.09035260270197816,0.0884,0.08734853121027557,0.08609,0.08495739204306052,0.08383,0.18197,0.17577,0.17225,0.16643,0.16003735896727472,0.15377,0.1484370344488963,0.14291,0.13716474913662022,0.1313,0.12645,0.12111,0.11582080797646624,0.11067057128910146
08-01-2026 10:00,26081.9,0.12612,0.11463,0.11541,0.09567,0.0905,0.09307,0.09216,0.09026968532675284,0.08860607286679281,0.08679866319165912,0.0851215062060664,0.08348,0.08295,0.08222,0.18152,0.17531,0.17055,0.16595,0.15977,0.15308,0.14782299576484814,0.1424,0.13646924048698328,0.13036,0.12591,0.12012,0.1156,0.11054562456089848
08-01-2026 10:05,26068.05,0.13746,0.12556,0.10291,0.10358880676428228,0.09975,0.09371,0.09173666764149821,0.08884,0.08800890731724927,0.08659,0.08564,0.08442,0.08374,0.08315227068322371,0.1829,0.17444,0.1704,0.16449372437640766,0.15844,0.15236,0.1465,0.14136413342181214,0.13589,0.13005,0.12493001352061567,0.11972,0.11433649475408955,0.10903
08-01-2026 10:10,26050.3,0.14539598613526653,0.13736,0.11243,0.11244,0.11044494154067949,0.10496,0.10155611771221132,0.09617,0.09397,0.09127,0.08964,0.08765,0.08588180869559836,0.08499,0.18178,0.1745,0.16974,0.16352645942573077,0.15727,0.15117,0.1453,0.13989938226492904,0.1342,0.1289,0.1237,0.11806,0.11296983099237402,0.10776608126779363
08-01-2026 10:15,26055.25,0.12383,0.13428,0.11744849310222542,0.10141,0.0969,0.09672478827864789,0.09302077983116133,0.0878,0.08731,0.08648,0.08509,0.08406,0.08321,0.08123303353496036,0.18044,0.17472,0.17055,0.16423,0.15803,0.15249,0.14583,0.14138,0.135,0.12954,0.12443,0.11934070095444882,0.11427,0.1094127483425874
08-01-2026 10:20,26034.9,0.11972141691048589,0.11514,0.11445,0.10932,0.10163,0.10165,0.09571,0.09474981500390742,0.09295,0.091,0.08950041203550829,0.08797037069912222,0.08652153503832967,0.08519,0.18175464161340782,0.1754291510861355,0.16923,0.16312,0.15709,0.15112,0.14533,0.14027,0.13414,0.12859,0.12349422034429912,0.11824,0.11347,0.10802
08-01-2026 10:25,26034.15,0.12447801558467861,0.11957007988161851,0.11495,0.11109003038117284,0.10729489788746978,0.10353460205942092,0.09973,0.09619,0.09422,0.09238084218949866,0.09042857631951753,0.08852,0.08737,0.08646576109060919,0.17913,0.17404756010665412,0.1686022789938302,0.1633,0.15706,0.15089,0.14565081033659016,0.14023,0.1345671067561992,0.1288,0.12345545792645292,0.11819,0.11251725011371283,0.10704197071975236
08-01-2026 10:30,26034.2,0.13043,0.12296,0.11721,0.11248,0.10654,0.10325,0.0989,0.09655,0.09480874479645496,0.09269,0.09096,0.08901,0.08721608600841568,0.08527949367463089,0.17951078187477992,0.17341,0.1693850665978974,0.16481,0.15625,0.15166,0.14613099841685442,0.1403274806460833,0.1344,0.12945,0.12396183398847485,0.11841,0.11343,0.10780130252293087
08-01-2026 10:35,26040.5,0.11556,0.1184,0.10955,0.10308,0.09929,0.09834,0.09576510387656055,0.0917,0.0908,0.08918,0.08801,0.08656674220817456,0.08555,0.0838406356383943,0.1804,0.17383,0.16934845674135998,0.16525,0.15830315783321824,0.15173,0.14627,0.14086,0.1352554781457475,0.12929,0.12429,0.119,0.11438,0.10882
08-01-2026 10:40,26027.15,0.12731,0.12778,0.11939,0.11345020393879449,0.10746,0.10523,0.09862,0.09672896823097392,0.09385,0.09224918937538984,0.09018,0.08885895176340107,0.08743324628745046,0.08618,0.17956,0.17298,0.16754372896849612,0.162,0.15683,0.15082214285177528,0.14466,0.13962,0.13434,0.12845,0.12352,0.11748,0.11257348381947949,0.10803
08-01-2026 10:45,26033.1,0.11705089398930184,0.11389043031387894,0.11065630389810763,0.10722,0.10456732523590109,0.10168,0.09616,0.09329,0.09228,0.0904,0.08908,0.08753,0.0859303307372267,0.08445471833654193,0.17855,0.1735239596610173,0.16848,0.1635,0.1573320562336497,0.15125,0.14402,0.1402,0.13407,0.12838,0.12398,0.11885,0.11398,0.10838
08-01-2026 10:50,26029.85,0.11819,0.12603,0.10632,0.10406667971553524,0.09795,0.09934,0.09736134560532288,0.09317,0.09208,0.09089462899776525,0.08927,0.08758,0.08634,0.08440575754503792,0.17836,0.17322617226360493,0.16804,0.16287,0.15642,0.15099455636965523,0.1454,0.14014,0.13441,0.1293,0.12408,0.11841,0.11336477887122667,0.10857
08-01-2026 10:55,26018.95,0.12741,0.13303,0.12017976064523136,0.10692,0.10680472635078445,0.10154,0.09899835502131801,0.09308,0.09332,0.09144,0.08964,0.08828,0.08684,0.08605,0.17825,0.1725,0.16726963417591575,0.16215,0.1557,0.15049,0.14465,0.13969,0.13433,0.12879176424140432,0.12321720197977933,0.11767,0.1138,0.10806652181515851
08-01-2026 11:00,26016.4,0.12889,0.11864,0.10849,0.1055787143951132,0.1006,0.10269,0.09771,0.0946,0.09377,0.09163,0.09019245024565474,0.08867,0.08761,0.08664132528239299,0.17896185097926365,0.1733683618656257,0.1677093180202046,0.16178,0.15696,0.15060928403742596,0.14414,0.13982,0.13449131448182883,0.12894,0.1245,0.11922,0.11419304588033542,0.10920750949385097
08-01-2026 11:05,26011.95,0.13223,0.12934,0.12100015231179645,0.11196,0.1073487012390941,0.1012,0.09888,0.09649,0.09456033613123363,0.09243,0.09102446443270677,0.08949995830060214,0.08817,0.08660737648237413,0.18405939332526722,0.1758,0.16808,0.16128,0.15587056917987802,0.15004,0.1448763208767218,0.13952,0.13506,0.12899,0.12396009545853759,0.11894336605700584,0.11392,0.1088
08-01-2026 11:10,26009.35,0.1460551857566514,0.13098,0.11917870261156076,0.10859,0.10511346316614693,0.10029,0.09856,0.09625873437147951,0.0937808727895563,0.09127,0.08993,0.08862,0.0876,0.0867502317867283,0.17986,0.17346,0.1673440238335418,0.16112,0.15560173347804185,0.14987,0.14510236680256952,0.14024,0.13530604447707928,0.1303710160267345,0.12544,0.11999,0.11509,0.10994
08-01-2026 11:15,26005.55,0.13966541061610438,0.12268,0.1073,0.10469451994868437,0.10003,0.09851,0.09432,0.09407,0.09316,0.09112,0.09009558646569113,0.08896,0.08799238145583314,0.08703,0.18067,0.17517,0.171,0.1650028517161972,0.15905854130319608,0.1529793482089362,0.14687,0.14114,0.13628409554857202,0.13133,0.12617,0.12106667377676333,0.11597,0.11087
08-01-2026 11:20,25984.4,0.16306480889401964,0.13566,0.11071,0.10416,0.09902,0.09809874861479109,0.09553,0.09426233837328006,0.09251,0.0916,0.09065,0.08947,0.08837137400541675,0.08701595670800752,0.17931,0.17519,0.17042,0.16514,0.1596,0.15430490122295137,0.14908,0.14263,0.13824,0.13267501317877234,0.12703,0.12199,0.11699,0.11194
08-01-2026 11:25,25968.0,0.13393,0.14451,0.12956587101804912,0.11621,0.10783,0.10532,0.10246,0.09972,0.09817,0.09555,0.0940179113388783,0.09258,0.0912,0.08864499479258992,0.179389705268291,0.17343,0.16954,0.16396385393504354,0.15839922110596538,0.15266038305822255,0.1469660176924563,0.14131,0.13656,0.13105898259370713,0.12547,0.12017,0.11526,0.10994
08-01-2026 11:30,25968.05,0.159794825851701,0.14451,0.13139526103794147,0.1204191017913254,0.10996,0.10584,0.10254477294462486,0.09904,0.09746208758162196,0.095618811126948,0.09381,0.09247240314772975,0.09118,0.09023942572649304,0.17803944583042527,0.17458,0.17075,0.16494338768201533,0.1590596581932009,0.15315,0.14693,0.1421,0.13492,0.13068,0.12595,0.12068,0.11592,0.11102908928761948
08-01-2026 11:35,25971.65,0.1286643029178945,0.12506387277498407,0.12047,0.11888,0.11249,0.10861,0.10423,0.10187686736504314,0.09857,0.09641,0.09465,0.09281,0.09139,0.08953833034429413,0.1809614096422531,0.17483,0.17042,0.1642604481266935,0.15823,0.15199,0.14655581540970228,0.1409568328155245,0.13508,0.13018397019623368,0.12493,0.11958402782650271,0.11426,0.10886
08-01-2026 11:40,25983.85,0.13538,0.11016,0.11307,0.11121012061513322,0.10704291765522606,0.10171,0.10012330611614759,0.09626,0.09523,0.09304,0.09174,0.0905,0.08937,0.08904,0.17934,0.17566,0.17105,0.16551224510679705,0.15940717894574075,0.15337591407854595,0.14734982440574035,0.14128483739353695,0.13551,0.13019,0.12519604735881262,0.12020410222279793,0.11521,0.10985
08-01-2026 11:45,25973.8,0.12243,0.12497,0.10904,0.10752037983178837,0.10439778318830044,0.10034,0.09668,0.0960431281615004,0.0941,0.09292046440645725,0.09124,0.09009,0.08932,0.08911,0.1787,0.17567,0.17019,0.16335,0.15795785824981964,0.15249,0.14695,0.14125,0.13574,0.1303,0.12569,0.12043,0.11571,0.11036
08-01-2026 11:50,25958.25,0.13347,0.12051,0.1206,0.11595091933908368,0.10958,0.10679491037042307,0.1032716299097769,0.09931,0.09775,0.09542,0.0938,0.09237,0.09104,0.09039495556396138,0.17933253317691547,0.17465,0.16935,0.16471,0.15803,0.1514,0.14585,0.14052,0.13471,0.12971790171589606,0.12457,0.11926,0.11463,0.1092
08-01-2026 11:55,25958.05,0.12189,0.11063,0.10802373441339305,0.10429,0.10105538231058409,0.09719,0.09547397364089524,0.09325,0.09271,0.09138,0.09045,0.08941,0.08854,0.08892,0.1831200473978499,0.17682764612426674,0.17054,0.16471,0.1587949299718136,0.15281,0.14684,0.14193,0.13633,0.13129552683170242,0.12623459989958316,0.12119,0.11693,0.11237910028133981
08-01-2026 12:00,25936.15,0.12217,0.11547,0.10832,0.10599326738459681,0.10256,0.10010563695595487,0.09708,0.09569,0.09503,0.09387096605658926,0.0926,0.09174177829178805,0.09081,0.09107,0.18079,0.17552,0.17076,0.16496,0.1587141599077732,0.15261130976508097,0.14638,0.14199169319061944,0.13743,0.13242747894355975,0.12748,0.12229,0.1175051464103901,0.1128
08-01-2026 12:05,25896.7,0.1448,0.1370654045841453,0.12976,0.1243,0.11772,0.11319,0.11078407820195592,0.10789121985700756,0.10487,0.10247,0.10057,0.09884,0.09779409660345773,0.09686,0.1799,0.17523,0.16982512106173137,0.16499,0.1564021019730909,0.14801,0.14378,0.1387248956075413,0.13335,0.12858,0.12484,0.11964169517531695,0.11452,0.10966
08-01-2026 12:10,25920.3,0.1311,0.12721,0.12316,0.11817429278278073,0.11304,0.10923,0.10565,0.10319,0.10149,0.09916,0.09766,0.09594,0.0951,0.09445,0.18108,0.17564260011662475,0.17001257954213855,0.16472,0.1588,0.15031,0.14621385307127593,0.14123,0.13549,0.1291,0.12563,0.12046,0.11531,0.10996
08-01-2026 12:15,25935.5,0.12866575197013738,0.12281,0.11773824858115944,0.1130588390575934,0.10827,0.10495281713242502,0.10135,0.09952,0.09774,0.09636,0.09485,0.09395,0.09295,0.09262,0.18318,0.17791,0.17292,0.16660848391847705,0.16035,0.1549,0.14944047613084716,0.14401,0.13794,0.13165,0.12804,0.1229446580562775,0.11781,0.11288
08-01-2026 12:20,25923.15,0.13462,0.12982,0.1211,0.11657,0.11259,0.10757,0.10509285164340867,0.10183,0.09983,0.09796,0.09661,0.0954839363284426,0.09427,0.09404,0.18535582372240203,0.17896,0.17478,0.16847,0.16299,0.15402,0.15118,0.14538539302332118,0.13893,0.13283,0.12847147135184156,0.1236,0.11875,0.11375
08-01-2026 12:25,25934.95,0.12695372872211164,0.12349,0.11508,0.11706,0.11002,0.10743428578043686,0.10373,0.10229341975408922,0.10004396958559529,0.09751,0.09629,0.09469,0.09344,0.09341,0.18718,0.17979,0.17429,0.16853687527815842,0.16269429540952074,0.15680711441715503,0.15086290243651324,0.1449,0.13854,0.13267,0.12842,0.12326503291186683,0.11803,0.11335
08-01-2026 12:30,25935.9,0.12309,0.12295,0.11958,0.10904,0.10503,0.10229304817474015,0.09853,0.09758,0.09631514871070457,0.09479,0.09357,0.09246,0.09168,0.09175,0.187648190550033,0.18169817450734016,0.17521,0.17092,0.16426585234699054,0.15762395241583382,0.15083,0.14631,0.14044938540497887,0.13405,0.13004,0.12477,0.11989,0.1145536798423962
08-01-2026 12:35,25914.7,0.13927,0.13355488729412573,0.12780322746765493,0.12198398157801986,0.11617,0.11019,0.10761437877008553,0.10462,0.10226,0.10045580807297874,0.09854789008105741,0.09653,0.09498,0.09504,0.18467,0.18126,0.17357,0.16729,0.16143,0.15625,0.1514,0.14427,0.1375,0.13174,0.12704355730795225,0.12192,0.11692391012923048,0.11202
08-01-2026 12:40,25920.75,0.13988908027439367,0.13148,0.12465,0.11739,0.11439317827343104,0.11052,0.10652,0.10369,0.10164355478289883,0.09919,0.09712,0.0957,0.09428,0.0943,0.1840571651072503,0.1783,0.172277294809062,0.16664091356986854,0.1613,0.15799,0.15094232477209205,0.1443,0.13768,0.1313,0.12648471060443384,0.12209,0.11577036035200255,0.11044874598945274
08-01-2026 12:45,25921.8,0.13509,0.12523549944292114,0.11644,0.11367600856279722,0.10968,0.10613,0.10409152634184063,0.10173,0.09984,0.09802,0.09661827300832207,0.09514451003475914,0.09385,0.09401,0.18459,0.17892854709095857,0.17330535013521073,0.16751,0.16183,0.15808,0.15146500804722113,0.14505,0.1388671045277307,0.13223,0.12851,0.12311,0.11788945546758312,0.11301
08-01-2026 12:50,25913.2,0.1312,0.12179003946222947,0.11517,0.12057,0.11603162273494091,0.111486806028917,0.1067,0.10438,0.10258485152014382,0.09974,0.09825,0.09713787907280766,0.09583641207899934,0.09513,0.18415754033467055,0.17763,0.17466,0.16692,0.1614019274710049,0.15604029873049102,0.15086,0.14408,0.13762,0.13137,0.12726,0.12213785872012566,0.11699,0.11152
08-01-2026 12:55,25910.65,0.1328,0.13677,0.11648,0.11637264672495581,0.11238,0.10766,0.1060550495418063,0.10295,0.1008,0.09938301123200904,0.09733,0.09612,0.09476,0.0946,0.18504,0.17875,0.17514,0.16873,0.16237679056215812,0.15619081315054828,0.15000528799196305,0.14379,0.13734,0.13127,0.12655913755000198,0.12162,0.11703,0.1113
08-01-2026 13:00,25905.65,0.13583,0.13928,0.13129260651194552,0.12451,0.11087,0.11208,0.11101323265839316,0.10712,0.10472,0.10241,0.10025,0.09844,0.09673,0.09413367858595592,0.1849,0.17957207859576904,0.17416,0.16839,0.16235675455009466,0.15642,0.14973,0.1438859191810259,0.1380002283974221,0.13225362616374284,0.1265,0.12156,0.11682997405497303,0.112367988762774
08-01-2026 13:05,25924.95,0.13553656681740123,0.12931,0.12087,0.11706,0.10851,0.10677236053173514,0.10435921508283662,0.10217,0.10037472275964343,0.09852654904569572,0.09672140312340971,0.09509400027371215,0.09364,0.09321,0.1851505575504773,0.17959,0.17537,0.16857,0.16325,0.15786,0.15166,0.14501,0.13873240289219518,0.13215,0.12785,0.12213,0.11736,0.11212
08-01-2026 13:10,25922.25,0.13107587287673073,0.12639,0.12310005240313342,0.11962,0.10956,0.10865992147862708,0.1064081649587001,0.10381,0.10093,0.09941994874335157,0.09760488548697283,0.09566,0.09417,0.0937,0.18665,0.17942,0.17404,0.16808192138322087,0.16202724221855003,0.15598,0.14979,0.14416,0.13714,0.13224629125376844,0.12699,0.12156671316146472,0.11611,0.11058
08-01-2026 13:15,25921.8,0.13686,0.12666,0.12103974591231659,0.11462,0.10975,0.10641,0.10299,0.10099527394522503,0.09863,0.09725,0.09581274981888543,0.09429594521541461,0.09295,0.09277,0.18663,0.1814582810792718,0.17580335604281982,0.17019,0.16319,0.157724237125287,0.15262,0.1448,0.13804,0.13155,0.12777,0.1221,0.11673979292055742,0.11163
08-01-2026 13:20,25914.55,0.14112,0.13257357025980726,0.12448726572348359,0.11617,0.10916,0.10646,0.10447,0.1013,0.09915,0.09761,0.09635386125139522,0.09483,0.09341,0.09347,0.18366882800201143,0.17892,0.17381091472051513,0.16863,0.16309,0.157,0.1507802652964393,0.14458,0.13815424253950007,0.13155,0.12751,0.12179,0.11657190899758244,0.11148
08-01-2026 13:25,25911.75,0.14273,0.11662,0.1138252528002251,0.109774960671319,0.10606188937574416,0.10270646594215407,0.09957,0.09816486301541773,0.09686001672392547,0.09564328762766003,0.09439,0.09305,0.0927086297895964,0.09239,0.18654,0.178,0.17609,0.17066,0.16372,0.15681,0.15234,0.14556,0.13956848617087814,0.13278,0.12849019864806033,0.1235648782216074,0.11871,0.1133
08-01-2026 13:30,25888.65,0.15494,0.12545,0.12737,0.12153,0.11869453662820548,0.11447323631236098,0.1106066038876665,0.1054,0.10268,0.1015140673807005,0.09919,0.09714,0.0957,0.09295839835481115,0.18496,0.17858,0.17384,0.1675806799292418,0.16141542869374004,0.15507654729557258,0.14867484731462438,0.1423,0.1359,0.12941,0.12539,0.11989,0.11478,0.1094750119895386
08-01-2026 13:35,25907.5,0.10990858840263504,0.11468,0.11856,0.11656,0.10942,0.10737,0.10467,0.10234,0.09968,0.09784,0.09675,0.09513,0.09401083442391542,0.09367,0.18702,0.17624,0.17407,0.16726,0.16178,0.15753,0.149,0.14287,0.1377699525471713,0.13217028787023594,0.12664850212309559,0.12115879173796325,0.11563,0.11024
08-01-2026 13:40,25901.95,0.132,0.12643931645040976,0.12127,0.1177,0.11349851482892287,0.10922051241155604,0.10502,0.10332,0.10124847481127888,0.09908,0.09753755181000068,0.0959028405834148,0.09445,0.0942,0.18665,0.17587,0.17385,0.16770058257036335,0.16153,0.1547,0.14847,0.14279,0.13615,0.13003,0.12531314779728758,0.12014857052111495,0.11509,0.10991
08-01-2026 13:45,25914.15,0.12419,0.11049,0.12285,0.11764,0.11285719688541856,0.10966860125917394,0.1066960606559042,0.1032,0.10095,0.09865,0.09752,0.09555,0.09387,0.09366,0.18446,0.17653,0.17324,0.16776,0.161,0.15561,0.14841,0.14269169164898665,0.13682235236197762,0.13109802784650515,0.12515,0.11985755447813629,0.11462,0.1085542252056966
08-01-2026 13:50,25911.55,0.12595,0.12756,0.12328,0.11751607845472715,0.11156,0.11003984196780739,0.10648,0.1038,0.10147,0.09906,0.09742,0.0956437549975791,0.09384,0.09357,0.1843,0.17656,0.17239,0.16713,0.16083,0.15543,0.1476,0.14185,0.1357570888956675,0.12901,0.12495,0.11960244795738942,0.11414,0.10917
08-01-2026 13:55,25926.6,0.13170733288964465,0.12702,0.11579,0.11513,0.11104,0.10714952715325773,0.10242,0.10115,0.09911,0.09696,0.09542,0.0937,0.09229,0.09191,0.18372,0.1776,0.17346,0.16678,0.1615454016769953,0.15655,0.14962319917828804,0.14282095536531406,0.1360831794930568,0.12932,0.12499,0.11922,0.11412782325240671,0.10919
08-01-2026 14:00,25936.35,0.107,0.10640644640029547,0.10585356873843696,0.10535960952222864,0.10497,0.10471,0.10075,0.09890716770783889,0.09716950600644242,0.09550947174502684,0.09394925743907064,0.0924824446686432,0.09121,0.09073,0.1854678440619211,0.17959601052765842,0.17364,0.16748,0.16161,0.1549535038502426,0.14829,0.14293,0.13609,0.13009,0.12561,0.12019,0.11524,0.11019
08-01-2026 14:05,25930.35,0.1298177559875934,0.12108487842147217,0.11388,0.10824,0.10288,0.10302,0.09939,0.09783,0.09626752893818649,0.0946,0.09322836701062048,0.09182924020291044,0.0905,0.08930107996999387,0.18401,0.17858548538009533,0.17306,0.16707,0.16149,0.15493144481820398,0.14839,0.14240898291723403,0.13619,0.12993,0.12574,0.11978,0.11547,0.11007
08-01-2026 14:10,25918.0,0.12451001690873711,0.12282114754533008,0.11963,0.11897,0.11452,0.11000129117984114,0.10544,0.10303,0.10038,0.09775,0.09615077480438053,0.09436,0.09285,0.09108127431900939,0.18193,0.17739384276516282,0.17256,0.16621,0.16062,0.15337,0.14749,0.14216,0.13536,0.12937,0.12436676783312946,0.11915,0.11411750698397259,0.10909
08-01-2026 14:15,25928.1,0.12300498994903963,0.12166,0.11446,0.12067,0.11434279108114094,0.10934,0.10438,0.10159,0.09984256777076411,0.0975533683193299,0.09504,0.09328,0.09216646351760738,0.09133,0.18305960774194802,0.17777,0.17223,0.16661,0.16018429453325,0.15380752291438587,0.14746,0.14187,0.13505,0.12960876457010445,0.12401,0.11844,0.113114795825894,0.10785
08-01-2026 14:20,25935.4,0.13496,0.11721,0.12441,0.11023,0.1087,0.10515921842877671,0.09895,0.09649,0.09506,0.0934,0.09194,0.09027,0.08936682634952872,0.08901,0.1807602131015764,0.17527,0.17148,0.16355,0.15991,0.15465,0.14708,0.14104764754813687,0.13472,0.12962089967071133,0.12416,0.11825,0.11327744759740213,0.10851
08-01-2026 14:25,25922.75,0.19879985104433762,0.15882053073624267,0.13045,0.10787,0.10604884939418774,0.10105,0.09948,0.09784389297003633,0.09591191337466706,0.094,0.09245,0.09096,0.08972,0.08928,0.18314,0.17546,0.17224,0.16527,0.1594715361285552,0.15383505318334814,0.14826,0.14255,0.13635313497798252,0.12967,0.12486923977950394,0.11942,0.11485,0.10948
08-01-2026 14:30,25906.05,0.13827,0.13385,0.1379,0.12758,0.12218,0.11544,0.11051,0.10707,0.10419,0.10081,0.09828772051305816,0.09595,0.0940437470297223,0.09237187260169911,0.18132628647880228,0.17553,0.17091,0.16411,0.15937,0.15227,0.14627,0.14010056469545362,0.13373,0.12739,0.12271,0.11712,0.11207,0.10621
08-01-2026 14:35,25930.65,0.12256,0.12021,0.12677,0.11586,0.11219274671920035,0.10851,0.10262,0.09925,0.09721,0.09542853515945983,0.0933,0.09138,0.08976,0.08937,0.18112,0.17722,0.1713894733852851,0.16569,0.16002894666256087,0.15463,0.14743,0.14175,0.13484,0.12943482972877168,0.12393650849547289,0.11845,0.11364,0.10899933168379808
08-01-2026 14:40,25928.05,0.12190644457598271,0.11869743307075369,0.11538570896582694,0.11200860337918078,0.10867,0.10578,0.10106,0.09931,0.09753,0.09585390238839905,0.09434245224347916,0.09277112466761067,0.09122228403465736,0.08972,0.18119,0.176277159683339,0.17122,0.16552,0.15925901066070175,0.15305511969099506,0.14686,0.14132,0.13489212668951356,0.12841,0.12388,0.11869723442853679,0.11345034126431269,0.10801
08-01-2026 14:45,25926.4,0.12557,0.1221119968485252,0.11848022746261144,0.11485,0.11050977772752851,0.106174408855434,0.10178,0.09907,0.09678,0.09467,0.09333,0.09151,0.09017,0.0897,0.18282,0.17696,0.17023049174648658,0.16335,0.15887,0.15278,0.14679068052616895,0.14097,0.13398,0.12856523546938453,0.12295,0.11748,0.1116431200469305,0.10601627694401007
08-01-2026 14:50,25932.65,0.12033532040397762,0.11514371660113897,0.11050831171904998,0.10650490377924293,0.10319,0.09940433897767201,0.09626,0.09518,0.0936242479143468,0.09175,0.0906066687564778,0.08918,0.08805,0.08799,0.18086,0.17476,0.169694917045416,0.1645921703425773,0.15964,0.15335900589088663,0.14722,0.14169,0.13492,0.12848,0.12409,0.11849,0.11391,0.1087333996953899
08-01-2026 14:55,25918.9,0.13857615816049304,0.12709,0.11701,0.11014,0.1061,0.10315,0.09977,0.09765,0.09557,0.09352,0.09229,0.09091762526144546,0.08947,0.08904,0.18171,0.17384,0.17044,0.16591,0.15867,0.15269,0.14649,0.14055,0.13429104199889097,0.12784,0.12326,0.11803971873936372,0.11274095021118279,0.10728
08-01-2026 15:00,25894.05,0.13300370146008736,0.11947,0.10472,0.10119,0.09933636285395038,0.09665490559082257,0.09391,0.09234,0.09118305928325923,0.08992,0.0891,0.08862942678958416,0.08812855584591232,0.08774,0.18089,0.17443374469794679,0.1683775134443497,0.16234,0.15753,0.15136801837452918,0.14532,0.13894,0.1332,0.12671,0.12274,0.11791023191260325,0.11307,0.10868640526036819
08-01-2026 15:05,25867.85,0.13496810976469176,0.12731,0.12359,0.11508,0.10997,0.10648,0.10342055313375617,0.10031,0.09873000383593494,0.09687739934343323,0.09514607391465366,0.09338,0.09204,0.09182,0.177,0.17062,0.16675,0.16087469321106287,0.15493894224635887,0.14916,0.1428280119958058,0.13662,0.13044,0.1254099290965217,0.12022411017681126,0.11517078165160674,0.11008,0.10543
08-01-2026 15:10,25878.85,0.12899,0.12152,0.115,0.11272,0.10769,0.10439090459222758,0.1008,0.09855,0.09691646842576894,0.09519107910272159,0.09346,0.09227006172978185,0.09113,0.09023407705727263,0.17776,0.1722,0.16669569596694842,0.1613,0.15521681756767558,0.14926,0.14305,0.13722,0.1313533840348261,0.12524,0.12102,0.11568,0.11072,0.10570858504642161
08-01-2026 15:15,25875.3,0.13029,0.11994,0.11446,0.11087129445124813,0.1063,0.10282,0.10033,0.09768,0.0959,0.09438629911648103,0.09259,0.09148,0.09008,0.09017,0.17687,0.17032,0.16729,0.16056,0.15484,0.14784,0.1425374957994967,0.13708,0.13093,0.12467,0.12029360037810277,0.11562,0.11074,0.10627043836437661
08-01-2026 15:20,25877.45,0.13005,0.12392,0.1134,0.10786,0.10506288853150739,0.10106,0.09882911942342287,0.09608,0.09453,0.09286297010344827,0.09119,0.0895164162484973,0.08807042560299909,0.08661433715981894,0.17703,0.17111,0.16676228118292624,0.16272,0.15578,0.14932,0.14283,0.13697278772725086,0.13088,0.12505,0.1205493534489784,0.11589,0.11115404077302041,0.10639
08-01-2026 15:25,25872.2,0.12803,0.11592,0.11102416801287018,0.10494,0.10007,0.09872,0.09621611317268661,0.09347,0.0934,0.09222197178363176,0.09086,0.0897,0.0883,0.08906,0.1807113166807828,0.17433,0.16747,0.1600990484155122,0.15205,0.14947999965688694,0.14626,0.13817,0.13290281933024267,0.12775073348716307,0.12242,0.11678,0.11259,0.10709374925829088
09-01-2026 09:15,25899.85,0.14298,0.12727,0.1243187012798451,0.12018823082700839,0.11599,0.11149,0.1075358533143467,0.10327,0.10061385575678958,0.09754,0.09616,0.09438256551213482,0.09254,0.09162614319793114,0.17626,0.17371,0.1685,0.16185,0.15604,0.15102,0.14521464829033442,0.13942118652209,0.13353,0.12681,0.12252,0.11718,0.11221289344991223,0.10734
09-01-2026 09:20,25916.2,0.13305,0.11159538221481868,0.09457,0.09091,0.0904854972191633,0.08824,0.08706,0.08685,0.08565,0.08505,0.08477,0.08448,0.084,0.08518,0.17816,0.17484,0.16986,0.1637108239275754,0.15773918783013202,0.15175,0.14643,0.14073,0.13492,0.12918,0.12468340083190925,0.11994,0.11558702821519401,0.11126
09-01-2026 09:25,25858.55,0.13567,0.12722,0.11984579196478629,0.11184,0.10806,0.10555,0.10028,0.0978,0.09642777249955761,0.09468894217005121,0.09284,0.09082,0.08988,0.09067,0.17490439065137806,0.17023,0.16645,0.16049693001765872,0.1546,0.14922381143220462,0.14395,0.137,0.13188929718000153,0.1267404580013492,0.12155,0.1165,0.1118454830521814,0.10728
09-01-2026 09:30,25855.3,0.11631,0.11437225771207388,0.1117595487810798,0.10938,0.10492,0.10179,0.09982,0.09624,0.09472,0.09374846934517747,0.09208,0.09097,0.09054040949825234,0.09032,0.17635,0.17114,0.16663,0.16076110384479056,0.15504,0.1490369571043551,0.14304,0.1373587667425101,0.13162061444373985,0.12588,0.12172,0.1166,0.1125,0.10776
09-01-2026 09:35,25832.05,0.13987950069313032,0.1306,0.12762,0.1166,0.11021,0.10683,0.10345,0.10058,0.09839480498469695,0.09572,0.0948862257738845,0.09351,0.09197,0.09299,0.17503,0.16911,0.1652,0.15920157229496934,0.15336,0.14717,0.14198,0.13561,0.12998,0.12431,0.11981530958272056,0.11504,0.1104,0.10589
09-01-2026 09:40,25822.35,0.14028,0.15544,0.14665166596963408,0.14077721359123166,0.13381517599029763,0.12691335332454942,0.11972,0.11661965046213359,0.11239080852302685,0.108519608170205,0.10381,0.10164912269994192,0.09868,0.09897,0.17414,0.16845,0.16395,0.15782741929855792,0.15185,0.14647,0.14004,0.1335535748529773,0.12687,0.12082,0.11665,0.11089,0.10643,0.10141
09-01-2026 09:45,25853.6,0.12218,0.14562,0.14179,0.12956,0.12352641385477545,0.11759,0.11166,0.10956362210811449,0.10587634908966176,0.10106,0.09868,0.09701,0.09465,0.0947,0.1758,0.16972,0.16473672118453714,0.1598,0.15345,0.1472656439268188,0.14117077155089813,0.135,0.12908,0.12399019658935728,0.11879,0.11362567769684524,0.1084,0.10386
09-01-2026 09:50,25857.2,0.14752,0.13771487059613208,0.1292,0.12532,0.12018857015458351,0.11474,0.10985,0.10596,0.1034349861400724,0.10070281036379489,0.09786,0.09569,0.09486805040551552,0.0942,0.17726,0.16998,0.16583,0.15981949613443674,0.15389,0.14786067563043448,0.14195023184981398,0.13581,0.1305637412188561,0.12509306758049835,0.11946,0.11482072956749184,0.10996,0.10532
09-01-2026 09:55,25884.0,0.13822484266744328,0.13078,0.12877,0.12194522306195871,0.11479,0.11041,0.10683,0.10269,0.09982,0.09704,0.09554987138610291,0.09358,0.09172,0.09189,0.1781993788064053,0.17206,0.16751,0.16047,0.1539,0.15059,0.14326,0.13759,0.13157,0.12543,0.12086129623066277,0.11582999469075649,0.11110851251035174,0.10705
09-01-2026 10:00,25894.2,0.12583,0.11654298979760075,0.10847,0.10681335401909445,0.10376,0.10087,0.09838,0.09637,0.09421,0.09306250651684281,0.09171,0.0903,0.08883,0.08806912334132591,0.18005,0.17232,0.16905,0.1624629982799326,0.15589,0.1499322395315859,0.14373,0.13835987689903592,0.13249,0.12646,0.12252,0.11687,0.11256,0.10797726611180704
09-01-2026 10:05,25862.35,0.14485,0.12893,0.13607,0.12919,0.1209095290649218,0.11323,0.1088,0.10481,0.1016,0.0999664387604823,0.09730772414545125,0.09507879565365966,0.09299,0.09339,0.17742,0.17250739572571142,0.16723,0.15954,0.15396,0.14826,0.14211,0.13656214375848508,0.1305,0.12458,0.11980832325930482,0.11443,0.11017,0.10536
09-01-2026 10:10,25871.6,0.13977,0.1223,0.1204,0.10981,0.1064,0.10257,0.09915,0.09632,0.09445,0.0929,0.09191,0.09125060136893254,0.09054617037752993,0.08995,0.17901,0.1734809199878421,0.16769,0.1604,0.1555,0.14941,0.14352335127320964,0.1376,0.13158,0.12554,0.12159,0.11609,0.11150770895916914,0.10716
09-01-2026 10:15,25866.2,0.13361,0.12299,0.11845,0.1129,0.1090028237845513,0.10452,0.10083,0.09703,0.09536,0.09384,0.09267205793564978,0.09137783827283782,0.09015,0.09082,0.17772,0.17268,0.16713,0.16003,0.15512,0.14903,0.14257,0.13707,0.13106,0.12554,0.12071,0.11517,0.11127,0.10689491999941031
09-01-2026 10:20,25855.2,0.14460931585252107,0.13817,0.13165330146697107,0.12533,0.11987,0.11331167752529875,0.10634,0.10197,0.09926,0.0975810701021381,0.09535,0.09359,0.09239,0.09265,0.17907,0.1733358225272319,0.16727765232691327,0.16128,0.15434,0.1480873101387362,0.14161,0.13586,0.12998,0.12479940333672601,0.11918,0.11401,0.10936,0.10442
09-01-2026 10:25,25858.65,0.15299,0.14164,0.13545,0.128,0.1213966313808531,0.11408,0.10968,0.10496,0.10207,0.09932,0.09727759783415382,0.09518040230790184,0.09331,0.09258702632641688,0.17933,0.1743,0.1678,0.16154,0.15525926304848023,0.14896,0.14274436420065012,0.1365054011254317,0.13014,0.12433,0.11992,0.11431,0.10950856431069662,0.10487
09-01-2026 10:30,25876.25,0.14372,0.13353269461869383,0.12244,0.10581,0.10194,0.09806,0.0964347551238581,0.09418922423995874,0.09181,0.09045,0.08954,0.08862,0.0876,0.08862,0.18055,0.17554,0.16925,0.16352,0.15555,0.14981944834517522,0.14400448088810974,0.13813,0.13222,0.12616,0.12175,0.11726238281222023,0.11267,0.10792
09-01-2026 10:35,25856.25,0.13386,0.12186,0.11509,0.11409,0.10957579824673148,0.10442,0.10153,0.09794,0.09652,0.09387,0.0931,0.0924752439917631,0.09176292190455565,0.09111,0.17919,0.1736345661242682,0.16785,0.16049,0.15512,0.14922664020128484,0.14313,0.13735291933622742,0.13113,0.1261686885809049,0.12087761677576975,0.11576461636148162,0.11095,0.10561908974639497
09-01-2026 10:40,25848.5,0.13828,0.13072,0.12174,0.11711212656987144,0.11156,0.10774353339961579,0.10343,0.09947,0.09785500698977735,0.09597679545342969,0.09413,0.09245,0.091995294319595,0.09147353612254633,0.177,0.17175,0.16606884823477244,0.1605,0.15457,0.14841,0.14173,0.13616,0.13031,0.12495984606594147,0.11959649873546424,0.11418,0.10954292403931656,0.10499
09-01-2026 10:45,25856.0,0.13411257099432639,0.12691,0.12067412884941126,0.11484604681027974,0.10894,0.10426,0.10107,0.09729,0.09535,0.09318,0.09212,0.09100159031454962,0.08965,0.09047,0.17921,0.17163,0.16709,0.16105,0.15497,0.14836,0.14266449371509005,0.13690422351602888,0.13122855094609387,0.12558997154465645,0.11984,0.11436,0.10963713686760561,0.10507
09-01-2026 10:50,25857.85,0.12575,0.12071,0.10942,0.1029,0.10115,0.09755,0.09573416355846287,0.09371859089630694,0.09187497730397666,0.08997,0.08915,0.08859,0.08893766886912538,0.08926754662851169,0.17695687750280048,0.172,0.16724,0.16115130616604756,0.15511,0.14910778868644,0.14315721033246104,0.13715,0.1306,0.12494,0.12071,0.11531,0.11159,0.10774127669274862
09-01-2026 10:55,25829.65,0.12173,0.13509,0.1134,0.11215,0.10597,0.10186,0.09907,0.0963,0.09507,0.09307,0.0924,0.0914112987936136,0.09028,0.09146,0.17621497322736387,0.17006,0.16565,0.15919,0.15275,0.14645,0.14105,0.13537,0.12942,0.12445036877889569,0.11907,0.11463491123479722,0.11001,0.10509
09-01-2026 11:00,25812.95,0.17169356504336067,0.14272,0.11773,0.11095,0.10633,0.10369569244912721,0.10022499995348089,0.09664,0.09499,0.09329,0.09252,0.0918352754970089,0.0908,0.09218,0.17375,0.16891,0.1641,0.1572145125192434,0.15038,0.14383,0.13952,0.13385,0.12801,0.12206,0.11785,0.11349022277654704,0.11042528144897155,0.10872439580975367
09-01-2026 11:05,25810.2,0.13273,0.12537735164979108,0.11842,0.11408464821553169,0.10914,0.10590950116136497,0.10222,0.0984,0.09696,0.09459,0.09368118231334041,0.09227,0.09127,0.09265,0.1731,0.16874,0.16312480884318428,0.15782,0.1536,0.14333,0.13869009759465223,0.1334,0.12724,0.12214,0.11763,0.11213,0.10826,0.10395931389645884
09-01-2026 11:10,25819.45,0.12080474337156037,0.11504,0.11078,0.10650287696299598,0.10212,0.09707,0.09541299831343228,0.09292,0.09129,0.09002,0.08973,0.08945,0.08886,0.09057,0.17655,0.17065840230363138,0.16462454704428858,0.1585,0.15188,0.14781,0.14072,0.13474,0.12887,0.12394484786954191,0.11867,0.11354,0.10999,0.1061498372273206
09-01-2026 11:15,25805.3,0.12636,0.11857,0.1129,0.11045,0.10525,0.10244838242151813,0.09905,0.09601,0.09436,0.0927,0.0923,0.09144,0.09178544449398289,0.09233,0.17408421435032548,0.16843,0.16398,0.1575,0.1515443301125884,0.14567590561284546,0.1398729475218911,0.1339,0.12827267020203043,0.12245,0.11782,0.11268,0.10864,0.10378894185641772
09-01-2026 11:20,25797.5,0.13235692766891388,0.12365,0.1158,0.11080990827038692,0.10532,0.10169,0.09950577938421593,0.0968,0.09541,0.09408595738862649,0.09248,0.09198,0.09139,0.09279,0.17105,0.17038,0.16344,0.15695,0.15129,0.1454,0.1392826863712568,0.13307,0.12716,0.12153,0.11701,0.11233892993648975,0.10760756562044396,0.10286
09-01-2026 11:25,25799.65,0.12800280085508084,0.12292,0.11743,0.11411,0.11000088327138645,0.10561,0.10227,0.09918,0.0971,0.09498,0.09443,0.09333,0.09254,0.0939,0.17363,0.17055,0.16436,0.15712,0.15146,0.14637,0.13992689504101807,0.13349,0.1276980005739179,0.12162,0.11683718259462303,0.11184,0.10764,0.10376966958121768
09-01-2026 11:30,25809.4,0.12855,0.12250163522052473,0.11577,0.10497,0.10617,0.09831,0.09527,0.09358,0.09234024155176482,0.09053,0.09051356859521421,0.08988,0.08972,0.09155,0.17384,0.16829,0.16277601092767158,0.15729048003944868,0.1517488152823231,0.14628,0.14001,0.13431746998915953,0.12862914136166098,0.12291,0.11795,0.11212119947328189,0.10653648467831713,0.10100346251975018
09-01-2026 11:35,25776.0,0.12212091436039907,0.11708204134409274,0.1124,0.10842,0.1043,0.10197231156257906,0.09946594153352509,0.09710008041953408,0.09455,0.09282,0.09248,0.09187,0.09137,0.09325,0.17295,0.16871,0.16379,0.15735810283077567,0.15116,0.14588,0.13918,0.13343,0.12798523753564772,0.12214,0.11801,0.11312,0.10927,0.10467
09-01-2026 11:40,25764.3,0.12402,0.11820483018256411,0.11266,0.10838,0.10458,0.10002,0.09871582901447276,0.09691540689392128,0.0949,0.09302,0.09277,0.09217,0.09178,0.09368,0.17327,0.1679,0.16227987281510092,0.15682,0.15015,0.14477442217564984,0.13917,0.13286,0.12814022941194853,0.12296727720009873,0.11796826669948701,0.11316463733753179,0.10859051067757317,0.10434
09-01-2026 11:45,25759.6,0.1246,0.1174,0.11296,0.10788,0.10384,0.10107,0.09909,0.09740731117953846,0.09564828919827066,0.09381,0.09347955670474681,0.09289,0.0925,0.09269754066791053,0.17404,0.16779,0.16335,0.15714,0.15348,0.1448,0.13781,0.13273,0.1273,0.12195,0.11783,0.1135799789740831,0.10925,0.10483
09-01-2026 11:50,25748.85,0.1186610720005621,0.1156,0.11254297664556459,0.10948151423324973,0.10639,0.10327,0.10085,0.09828,0.09687227717302896,0.09501,0.09427,0.09372,0.09334,0.09275718819460148,0.16974787595417215,0.16704,0.16363,0.15758767850368444,0.15184,0.14262,0.13909,0.13266,0.12732,0.12158,0.11764,0.11272,0.10848945029057636,0.10442
09-01-2026 11:55,25747.75,0.12476,0.12003,0.11485306921887406,0.10947,0.10656680663788518,0.10313,0.10054700860378372,0.09761,0.09644434423121283,0.09487,0.09399,0.09399383698904773,0.09347,0.09537,0.17442160941322127,0.16928,0.1649,0.1581950795198523,0.15129078660633627,0.14434157187114816,0.13755,0.13232562703720468,0.12722915475622476,0.12219,0.11787361120264382,0.11352740789655,0.10922,0.10487
09-01-2026 12:00,25743.15,0.13228,0.12221,0.11965434430055746,0.11635,0.1120278661842814,0.10741,0.10416596705231601,0.10049,0.09866,0.09675,0.09587,0.09556146548588623,0.09475,0.0964,0.17408533790611613,0.16802,0.16343749408464825,0.15848,0.15158,0.14386,0.1381775572113892,0.13202,0.12579,0.12008,0.1155956493315824,0.11067,0.10619148409003015,0.10182
09-01-2026 12:05,25753.7,0.12165,0.12006,0.1133,0.1097013445217499,0.1060339324472119,0.10205,0.09949,0.09693,0.09580766033414,0.09403,0.09353,0.09325,0.09313,0.09376965099385025,0.17150895962699614,0.16841,0.1647,0.15928,0.15238,0.14468,0.14064,0.13363,0.12786499654891184,0.12176,0.11758,0.11235,0.10889,0.10423
09-01-2026 12:10,25746.8,0.11672,0.11435,0.10901,0.10609061596921865,0.10277,0.10029,0.09794,0.09663734327644852,0.09496,0.09365,0.09328,0.0936378806347423,0.0935,0.09519,0.17406,0.1685,0.16421,0.15878,0.15202875243260283,0.14545453186343704,0.13886,0.13416,0.12796,0.12188,0.11816,0.11283,0.1091,0.10466
09-01-2026 12:15,25744.0,0.1284,0.11526,0.11198760771035302,0.10793983658732088,0.10388,0.10155,0.09961960938926823,0.09761811599691483,0.09568,0.09451,0.09370052170513173,0.0932825555491175,0.09324720404553798,0.09359899154318048,0.17615012345698436,0.16926,0.1624088143992907,0.15588258628541934,0.1496187500230654,0.14358478632252475,0.13744,0.13277,0.12678,0.12097,0.1169,0.11181,0.10814,0.1035
09-01-2026 12:20,25738.7,0.11805,0.11418,0.1091,0.10497,0.10187,0.09897,0.0973,0.09516,0.09412,0.09323,0.09295,0.09357495233635929,0.09377,0.09568,0.17311,0.16962,0.16271963619526433,0.15587,0.15058,0.14357,0.13789,0.13214,0.12587,0.12118716855347647,0.11642511959729404,0.1116,0.10755277901022817,0.10358
09-01-2026 12:25,25737.5,0.10941,0.10511,0.10629,0.09865,0.09742,0.09601,0.09433,0.09271,0.09196,0.0914,0.09191083403541553,0.09187,0.09267,0.0947,0.17366,0.16896813328894916,0.16391,0.1569,0.15042164180823225,0.14376,0.13856869534766553,0.13292,0.12715850171110016,0.12104,0.11744,0.11276,0.10870502453569293,0.10484
09-01-2026 12:30,25724.25,0.11536,0.11023,0.1069,0.10431,0.10061,0.0988462036704113,0.09649,0.09464,0.09402,0.09313,0.09304,0.0940155223517834,0.09506017036727227,0.09648,0.17189208892919028,0.16442,0.16377,0.15703343482964713,0.15051,0.14394,0.13833109398647617,0.13229,0.12577,0.12044,0.11671,0.11256600480699432,0.10843,0.10371
09-01-2026 12:35,25712.65,0.11323,0.10829,0.1045,0.10192,0.09951,0.09809977703785648,0.09647292522277583,0.09479,0.09436,0.09358,0.0939,0.09457,0.09610822481509505,0.0979,0.17528,0.16956,0.16529,0.15902441467492912,0.153,0.1462223637314367,0.13946,0.13458,0.12846,0.12427615546377063,0.11983,0.11578577853880538,0.11176,0.10829240569700371
09-01-2026 12:40,25689.45,0.11753387672271882,0.11336,0.10942958993506588,0.10605764642851073,0.10281,0.10124,0.09942803320765786,0.09745,0.0966,0.09649297450338903,0.09592,0.09656,0.0978,0.09923993100135878,0.17486222197813,0.17006,0.16506,0.1585538213443207,0.15211,0.14599,0.13954,0.13380396844493775,0.12763,0.12249,0.11887,0.11394,0.11,0.10574
09-01-2026 12:45,25685.25,0.10932,0.10522576221055208,0.10217,0.1025,0.10058,0.09812,0.09760000029501727,0.09670373456068729,0.09600463981745572,0.09488,0.09577,0.09679,0.09846392010380753,0.10032,0.17535,0.1702798209579201,0.16505,0.1584290179300239,0.1518732407792491,0.14521,0.13911,0.13377,0.12754,0.12272,0.11887,0.11426,0.11071,0.10649775760364004
09-01-2026 12:50,25678.5,0.12829,0.12175021869375538,0.11553,0.11162467585703426,0.1072,0.10395,0.10201726956552686,0.09964,0.09878,0.09762,0.09837140575940467,0.09849,0.09949,0.10145,0.1778338874206539,0.17056,0.16330104545039104,0.15629706794707954,0.14938,0.14329,0.13477,0.13075,0.1244,0.11944,0.11544,0.11085,0.10704,0.10251
09-01-2026 12:55,25695.15,0.12027,0.11243,0.11052,0.10742,0.10499645432851368,0.10243883015070755,0.10008005337771854,0.09771,0.09703,0.09608,0.09627,0.0968,0.09761,0.09973,0.17501,0.16973428469260904,0.16434,0.15781882486464338,0.15145,0.14496,0.13844,0.1328963642225621,0.12703,0.12174,0.11751931136372865,0.11301,0.10916,0.10509
09-01-2026 13:00,25694.0,0.1164882405082717,0.11285,0.10977682862496738,0.10675,0.104149078103841,0.10131,0.0998020360127719,0.09794,0.09704,0.09577,0.09623,0.09692,0.09828151055755095,0.09985,0.17567,0.17174,0.16532,0.15674,0.15092477015745265,0.14488,0.13908817654332312,0.13322060096430585,0.12729,0.12272148084507162,0.11798,0.11388329349806786,0.10973,0.10531
09-01-2026 13:05,25687.3,0.12321,0.11865,0.11451,0.10988,0.10627,0.10377,0.10167,0.09932,0.09839538857919326,0.09691,0.09726,0.09796,0.09938537072803796,0.10126259007588372,0.17521,0.17009867791160854,0.16483,0.15826083942248217,0.15176,0.1455205728770055,0.1392845617293515,0.13305,0.12682,0.12207242226190634,0.11740044474741618,0.1128623813803904,0.10859691038048203,0.10469
09-01-2026 13:10,25691.5,0.12314560575613373,0.11744,0.11545,0.10842,0.10596,0.10336,0.10088,0.09980702149740728,0.09821,0.0978615639023957,0.09704,0.09744,0.09875778215143503,0.10037,0.17552,0.1693757743428233,0.1632905738809336,0.1572566278195211,0.15125958775646695,0.14526777957679793,0.13936,0.13369,0.12693,0.12183,0.11751,0.11355684291387876,0.1095,0.1049
09-01-2026 13:15,25696.8,0.12103,0.11631586282069648,0.11193,0.10906,0.10638,0.10425256709366637,0.10201152935823482,0.10006194765853156,0.09865,0.09878815172981795,0.09901844822455254,0.09927610579463549,0.09964814182318359,0.10017,0.17556,0.1702527687235233,0.16483,0.15822182239662153,0.15176,0.14418,0.13904186071497296,0.13366,0.12696,0.12177,0.11768,0.11275,0.10847215800648258,0.10379429552109057
09-01-2026 13:20,25704.7,0.12152825686484182,0.11566,0.11049,0.10641,0.10423441655345106,0.10143,0.09899,0.09758,0.09689,0.09572,0.096,0.09672,0.09757,0.09942,0.17485,0.16771,0.16437,0.15824608696464143,0.15238,0.14601,0.13882,0.13355,0.1271,0.12201,0.11774,0.11275,0.10861274154943129,0.10466
09-01-2026 13:25,25701.95,0.11465710143115905,0.1127433827280794,0.11047990109566858,0.10795,0.10579,0.10305,0.10117,0.09904,0.09799,0.09694,0.09751774703788044,0.09733,0.09843,0.10009,0.17541,0.16753,0.16479,0.15654,0.15179,0.14545,0.13938,0.13356879134789687,0.12732,0.12201,0.11797,0.11302,0.10864228189932401,0.10467474603724068
09-01-2026 13:30,25705.5,0.11593,0.10972,0.10666393506613452,0.10307,0.10018,0.09862,0.09718,0.09655782769439625,0.09555,0.09465,0.09496,0.09588,0.09737619798849909,0.09903,0.17740546221055065,0.17073,0.16537,0.15682,0.15272,0.14699971453196595,0.14106718985858663,0.13508,0.12859,0.12355,0.11929,0.11532030938313252,0.11129,0.10651
09-01-2026 13:35,25704.05,0.12743,0.12192737382483959,0.11683631299615432,0.11167,0.10775,0.10526,0.10226,0.10116642899415179,0.09945,0.09891313751410341,0.09781,0.09816,0.09904,0.10073,0.17428,0.16907393629482922,0.16374,0.15737569904536794,0.15106,0.14500327057733386,0.138962115615469,0.13284,0.12698266115077717,0.12096,0.1165,0.11202,0.1086,0.10549066841659781
09-01-2026 13:40,25707.75,0.10972,0.10669526324809347,0.1037,0.10107014573927134,0.09823,0.09644,0.09503,0.0943,0.09402014982918425,0.09321,0.09384,0.095,0.09637,0.0982501428984357,0.17513,0.16888,0.16241066400966186,0.15582,0.15254,0.14654,0.1401,0.13427015149135438,0.12819,0.12362,0.11921001708745566,0.11463,0.11134,0.10804265079857296
09-01-2026 13:45,25683.75,0.11493716381072382,0.11147,0.11084,0.10705,0.10388,0.10133,0.09953,0.09777,0.09708902467051253,0.0957,0.09627,0.09717,0.09848,0.10032,0.17398,0.16872025572042246,0.16334,0.1569966235052312,0.1507,0.1447472373735334,0.138787163825125,0.13275,0.12644,0.12138,0.11727,0.11318890751279832,0.10907,0.10425
09-01-2026 13:50,25682.0,0.11444,0.11369,0.10973710053337596,0.1056,0.10242,0.10013,0.09873804028347792,0.09695,0.09655,0.09657463413061397,0.09612,0.09718,0.09874275120961581,0.10046,0.17215087553714875,0.1658,0.16322,0.15392,0.15058,0.14454,0.13837,0.13356885446560002,0.1283692478626302,0.12331588026266793,0.11776,0.11325,0.10975,0.1051
09-01-2026 13:55,25665.25,0.12195381991580395,0.11883,0.11582030027860091,0.11282791522717545,0.10983,0.10688,0.10407,0.10189,0.10099,0.09943,0.09955,0.10003,0.10125944774107265,0.10274,0.1725,0.1646,0.15998861106457624,0.15528,0.14904,0.14288,0.13651,0.1308218550372941,0.12472,0.11955,0.11552,0.11076,0.10706,0.10236
09-01-2026 14:00,25689.05,0.11498,0.1132,0.10849,0.10577793800013377,0.10309419666454278,0.10027,0.0987799355007915,0.09693,0.09634942868274948,0.09531,0.0958,0.09696,0.09858,0.10034,0.17441,0.16895,0.16408,0.1571,0.15127907609107394,0.1455369543006676,0.1398103628871594,0.13398,0.12735,0.12225,0.11836,0.1135,0.11011,0.10547
09-01-2026 14:05,25678.55,0.125918628495928,0.12009,0.11485564660886474,0.10995,0.1064,0.10305,0.10082,0.10001640464916171,0.09859,0.09715,0.09738,0.09828,0.0996165241003087,0.10108,0.17367,0.16886,0.16361,0.1570681347944553,0.15061,0.14468483149203562,0.13874987556117796,0.13275,0.12639,0.12141,0.11711825854163438,0.11256,0.10876,0.10422
09-01-2026 14:10,25674.05,0.11993,0.11263784078579361,0.10659,0.10482,0.10293,0.1001,0.09781,0.09679,0.09658,0.0955,0.09608,0.09658292570100806,0.09755688551730668,0.09895283117930996,0.17391,0.16854,0.16343,0.155,0.15065,0.1446524273678576,0.13852,0.13304,0.12686,0.12279339855509384,0.11832,0.11367,0.11005,0.10553
09-01-2026 14:15,25669.0,0.11382,0.11203,0.10784,0.10538371618311215,0.10262,0.10114,0.09873,0.09726,0.09676,0.09572,0.09619,0.09744,0.09886,0.10039,0.17392,0.17027,0.16336,0.157,0.1504,0.14252,0.1379606437248035,0.13282,0.12685,0.12213,0.11774,0.11297,0.10935,0.10483
09-01-2026 14:20,25668.65,0.11524754510725388,0.11177,0.10896832500897641,0.10614,0.10316,0.10092,0.09976561358787961,0.09843927413671691,0.09688,0.09562,0.09597,0.09731,0.09845,0.10029,0.17337,0.16758883778274392,0.1618101727405219,0.15603376702852256,0.15026,0.14451500808943657,0.13877296254398092,0.13298,0.12675,0.12182,0.11772,0.113,0.10896624459873683,0.10508
09-01-2026 14:25,25671.35,0.11449,0.11062826508034529,0.10674,0.1025,0.10087309348144893,0.09897241955645475,0.09697,0.09582,0.09539,0.09564219112674079,0.09527,0.09626,0.09792,0.09983,0.17321,0.17,0.16342,0.15709678121528192,0.15087390084405222,0.14477333242162663,0.13865,0.13368,0.12757,0.12228,0.11872,0.11460375828646427,0.11039,0.10625544458753658
09-01-2026 14:30,25652.65,0.1269,0.12078,0.11671390891002362,0.11234,0.10794,0.10499,0.10242,0.10116540151061156,0.09938,0.09808,0.0983,0.09941219694884906,0.10055107179022779,0.102,0.17453,0.16863,0.16176628455052788,0.15484,0.14881178908260628,0.14255,0.1371022476356835,0.13149,0.12523,0.12042,0.11625,0.11135,0.10719222772108254,0.10319
09-01-2026 14:35,25659.1,0.12071,0.11683,0.1133,0.1082,0.10504,0.10241,0.10068838593993924,0.09844,0.09796,0.09651,0.09719,0.09857825197829864,0.09967,0.10142,0.17291,0.16652,0.16282,0.15575,0.1496130681142271,0.143628575797263,0.13757,0.13231,0.12694032207025185,0.12136,0.11741,0.11274,0.10915,0.10462
09-01-2026 14:40,25650.4,0.12399966883331996,0.11901,0.11457588197012883,0.1103,0.10726072812502258,0.10393,0.10153,0.10028230077305003,0.09863,0.09862982271396573,0.098,0.09876,0.10024274205772263,0.10194,0.1730839628066132,0.1685,0.16305,0.15801,0.15037,0.14286,0.13719,0.13241,0.12612,0.12102,0.11697,0.11206,0.10843,0.10422
09-01-2026 14:45,25668.25,0.11893,0.11450161561284297,0.11041,0.10761,0.10501092039175042,0.1021,0.09986,0.09815,0.0978,0.09646,0.09693,0.09755,0.09897,0.10073,0.17396,0.16722,0.16172270589072285,0.1562,0.1508,0.14406,0.13782,0.13255378359797976,0.12713342612147846,0.12162,0.11754,0.11257,0.109,0.10484
09-01-2026 14:50,25663.45,0.11923,0.1159,0.11115,0.10822,0.10552589234871548,0.10245,0.10011,0.09834,0.097750112322781,0.09664,0.09701,0.09823746572872288,0.09928,0.10092,0.17416,0.16894805078073596,0.16363,0.15720040484757247,0.15093,0.14334,0.13817,0.13298,0.12678,0.1217,0.11772,0.11271,0.10912,0.10492
09-01-2026 14:55,25674.9,0.11822,0.1133,0.10902,0.1054,0.10311727245697175,0.10070300276875206,0.09814,0.09776712636785935,0.09696,0.09556,0.0958,0.09655,0.09819,0.10004,0.17632122489674962,0.16990328126197346,0.16344941025029142,0.15674,0.15109,0.14426,0.13849,0.13284,0.12678,0.12179,0.11771136249759676,0.11344364281627428,0.10919,0.10506
09-01-2026 15:00,25668.55,0.12139068205065824,0.11686,0.1128599441755577,0.10907,0.10638370473142736,0.10346983543424283,0.10085329359191897,0.09847,0.09805,0.09666,0.09714,0.09787,0.09934,0.10114042438042262,0.17385,0.16679,0.16174304651889765,0.15668,0.15036,0.14394202382905286,0.13746,0.1327,0.12705554397439017,0.12116,0.11678,0.11209,0.10836,0.10429
09-01-2026 15:05,25679.0,0.12261,0.11496,0.11263,0.10917,0.1059484174075723,0.10242,0.1002,0.0985,0.0977605177946572,0.09643,0.09701,0.09746,0.09913,0.1009148485775888,0.17414966845872187,0.16824,0.16306,0.15652,0.15018115980154573,0.14390390090449412,0.13757,0.13236,0.12621,0.1212,0.1166,0.11165,0.10675884427081525,0.10192634477107257
09-01-2026 15:10,25688.85,0.11847899415086266,0.11582,0.11321,0.10988,0.10583,0.10386,0.10155144139344191,0.09887,0.098,0.09658,0.09723799172022435,0.09724,0.09912,0.10160416036555459,0.17317525560773728,0.16743,0.1620017780900131,0.15642,0.15002,0.14398,0.1376,0.13224073484331345,0.12676697866734316,0.12124,0.11718,0.11255,0.10811179856454751,0.10368598425514322
09-01-2026 15:15,25690.6,0.1154550943948322,0.111370495402052,0.10787,0.10435,0.10131,0.10057,0.09761,0.0971497309079597,0.09634429490375987,0.09521,0.09612,0.09663,0.09878,0.10097,0.17363,0.16809,0.16381,0.15799,0.1515345493204568,0.1452386560792911,0.13885,0.13343230247247695,0.12782,0.12335235742950917,0.11865,0.11473666915902958,0.11073,0.10651
09-01-2026 15:20,25695.2,0.12290161196428775,0.11738961020556321,0.11336,0.10723,0.10528159936719428,0.10272,0.10086925296286425,0.09868,0.09815,0.09777436494703626,0.09688,0.09766,0.09924,0.10136,0.17391168734750653,0.16844,0.16244759708907108,0.15679,0.15261,0.14593,0.14029,0.13487,0.12864,0.12398410172228891,0.11896,0.1143,0.11059,0.1066541281697622
09-01-2026 15:25,25688.2,0.13292,0.12614,0.12044,0.11671743473647578,0.11233,0.10939,0.10641,0.10353,0.10252848958501004,0.10119766702852395,0.09965,0.09992,0.10147,0.10334,0.17462,0.16795,0.16501,0.15915559121567885,0.15333224048688873,0.1471271030602261,0.14083069485120747,0.13467,0.12881,0.12288,0.11896,0.11234,0.10955,0.10414
12-01-2026 09:15,25657.45,0.1156432456323098,0.11324,0.11181,0.10923,0.10651,0.10512,0.10354,0.1025,0.10300707041276262,0.10314588160700237,0.10287,0.10466,0.10697367650195788,0.10945,0.1905,0.18212217502823574,0.17503337592721555,0.16792,0.16397,0.15764,0.15087,0.1451908421217318,0.13863,0.13422,0.12931,0.12505812880117023,0.1207,0.11627
12-01-2026 09:20,25594.15,0.12502376552969088,0.12206,0.1163,0.1162,0.11415354790597704,0.1116,0.11032777062191002,0.10867,0.10825,0.10783,0.10912,0.11053,0.11293,0.11619,0.18837,0.18215,0.17641,0.17045,0.16313280809244785,0.15582,0.14937,0.14418,0.1387087670019582,0.13308,0.1283507073710033,0.12372,0.11937059399408759,0.11534480976145078
12-01-2026 09:25,25548.3,0.13463,0.13255,0.12451,0.1222144616450799,0.11954411024121189,0.11659,0.11484944002655184,0.11275,0.11187,0.11185,0.11347088458014792,0.11469,0.11755170723443792,0.12066,0.18706,0.18142,0.17544,0.16842,0.16152,0.15484,0.14927058787744157,0.1434,0.13738,0.13264485881197546,0.12763,0.12272,0.11844,0.1144
12-01-2026 09:30,25559.65,0.13943697834663843,0.13513,0.13053,0.12762,0.12390721425507524,0.11992,0.11795747056020064,0.11528,0.11487023525433829,0.11364,0.11442,0.11596,0.11845,0.1216198092192176,0.18674,0.18042725106624527,0.1740597838729826,0.16764287672338762,0.16123,0.1546,0.14879654817357332,0.14294,0.13629,0.1311867971885493,0.12579,0.12049,0.11614,0.11154
12-01-2026 09:35,25575.3,0.14006,0.13482285904511299,0.129795071722005,0.1248,0.12047,0.11847310535631178,0.11626789333511997,0.11437701129101749,0.1125,0.11211,0.11306371668839729,0.11439,0.11637904666805005,0.11906699557759003,0.18503,0.17942783268411433,0.17376,0.16686,0.16,0.15408,0.14815,0.1429376947676433,0.13737991260995708,0.13191366235898289,0.12645,0.12142,0.11566613877858552,0.11023918875128058
12-01-2026 09:40,25569.55,0.132601000242383,0.12814,0.12416926777881246,0.12038,0.11743,0.11497,0.11236,0.11203864007638453,0.1112992052579619,0.11015,0.11133,0.11332,0.11629668832399354,0.1195,0.18611,0.1804819259666482,0.17467,0.1679,0.1619748904325712,0.15594,0.14974,0.1448,0.13938290887276691,0.13390501157581686,0.12831,0.12336,0.11915,0.11505
12-01-2026 09:45,25560.8,0.14288,0.13986,0.13543,0.13261,0.12852600482494206,0.12441366698291043,0.11999,0.11711,0.11605,0.11475,0.11528,0.11638,0.11832144279171061,0.12108083718308417,0.18657,0.18080767025011066,0.17502,0.16911,0.16194,0.15526,0.14912,0.14334,0.13702,0.13124,0.12593785462648935,0.12046,0.11555179230334373,0.1107
12-01-2026 09:50,25588.7,0.13697,0.1321301419128554,0.1275099474921867,0.12282,0.11879,0.11587,0.1133,0.11300782233053111,0.11231326284829371,0.11172744348487706,0.11073,0.11209,0.11424,0.11756,0.18788,0.18272,0.17674,0.17008234364516667,0.16343,0.15739635229227492,0.1512,0.14596,0.13945,0.13402,0.12872,0.12356,0.11925222484026776,0.11512
12-01-2026 09:55,25588.5,0.12519,0.11951,0.11674369127122337,0.11372,0.11167715623301969,0.10956861433657658,0.10768,0.10761300262174688,0.1073567367541278,0.10686,0.1084904522832211,0.11001,0.11312149193328751,0.11653,0.18865212120982444,0.18242,0.17742,0.17095,0.1641,0.15841,0.15246,0.147,0.14067,0.13527,0.13053,0.12529,0.12003376375439964,0.11494799201164586
12-01-2026 10:00,25564.15,0.14346990682797334,0.13787,0.13159,0.12824,0.12398,0.12088135273000977,0.11732,0.11475,0.11375,0.11450205213231371,0.11481380890427786,0.11464,0.11676,0.12025,0.18474,0.18026,0.17374,0.16725,0.1605,0.15419,0.14812,0.14258,0.13552,0.1301,0.1250009247656791,0.11957,0.11465,0.11054
12-01-2026 10:05,25588.7,0.1272949915997628,0.12509734059381836,0.12214,0.11971,0.11604,0.11335,0.11096,0.10916,0.10861,0.10851,0.10967,0.1111,0.11368,0.11713,0.18794,0.18268411646257254,0.17721,0.17052,0.16393,0.15754148039235538,0.15106,0.14561,0.13998790378272458,0.13437344655023148,0.1287127091598574,0.12301,0.11736935477527105,0.11170396627798468
12-01-2026 10:10,25566.95,0.1341,0.127,0.12233,0.11971,0.11703460233280527,0.11383,0.11152,0.10984,0.10919,0.10922,0.11084,0.11329327299560901,0.11567985124305308,0.11835,0.18718,0.18118252528992287,0.17509923893541496,0.16894387017689494,0.16279,0.1563,0.15058,0.14488,0.13799,0.13263,0.12756,0.1227913527911354,0.11787,0.11383
12-01-2026 10:15,25557.55,0.14588,0.13846,0.13169,0.1280202969300065,0.12354,0.11972,0.11606,0.11398,0.11253,0.11213,0.11286340381343968,0.11392,0.1159217960076448,0.11866971420426851,0.18629806199080473,0.18007,0.17472,0.1676,0.16109,0.15445,0.14819296046812452,0.1419066425986698,0.13556,0.12978,0.12447890238152604,0.11929,0.1143543956348217,0.10970561020716414
12-01-2026 10:20,25583.3,0.13200342107708168,0.12801,0.12396,0.12100583463152317,0.11793,0.11486,0.11166,0.11001,0.10913,0.10842,0.10982,0.11101,0.11345,0.11639138170639252,0.19106740014254964,0.1839500260439316,0.17694,0.17023,0.16362762831155564,0.15691,0.1507,0.14521,0.13843,0.1331835899906622,0.1278586634020247,0.12270351614800326,0.11752,0.11314
12-01-2026 10:25,25574.15,0.1438890622531038,0.13623,0.12988212625057938,0.12376,0.11887,0.11599,0.11457373190553584,0.1128175146037818,0.1112916299403158,0.1095,0.11075,0.11194,0.11423,0.11789,0.19051737252856982,0.18317236513606877,0.17618,0.16883,0.16263648034380995,0.15645702282993926,0.15033915160890315,0.14418,0.13768,0.13146,0.12656955891166063,0.1215507659158481,0.11655,0.11219
12-01-2026 10:30,25584.2,0.12931004574518906,0.12478,0.12078621890442995,0.11695,0.11385,0.11154,0.1093187988942407,0.10727,0.10828001527510517,0.10865479269773413,0.10918586417841136,0.10943,0.11229,0.11575,0.1885,0.18265,0.17719,0.17009,0.16362,0.15743,0.15137235632413396,0.14526536413182628,0.13905,0.13309,0.12789,0.12261,0.1185,0.11447879918199086
12-01-2026 10:35,25564.75,0.13492,0.1278,0.12421865171972188,0.12019,0.11652,0.11400022800348804,0.11093,0.1091,0.10819,0.108,0.10963,0.11056,0.1136029784889212,0.1173,0.18742,0.18134,0.17634,0.16927,0.16235,0.15578,0.14995824508274502,0.14395,0.1378530305665232,0.13153,0.12646,0.12132,0.11691,0.11272
12-01-2026 10:40,25572.4,0.13055608157725576,0.1259079771453054,0.121650756487886,0.11783721173409963,0.11433,0.11195,0.1096,0.1079,0.10795610562374011,0.10698,0.10851,0.10977,0.11287902390222727,0.11652,0.18839,0.1817,0.17701,0.1702,0.16316,0.15689,0.15047,0.14502,0.13819,0.13259,0.12758,0.12226,0.11727562583644385,0.11257831468901605
12-01-2026 10:45,25556.8,0.1375,0.13167,0.12703,0.12366,0.119,0.11582,0.11307,0.11089,0.11068110280789148,0.10963,0.11153215873201507,0.11314119650469831,0.11478,0.11859,0.18799702275490204,0.1813,0.17478616827126203,0.16825,0.16157,0.15509,0.14912548506508405,0.14305,0.13690531930345473,0.13061,0.12534,0.11996,0.1155008687834835,0.11122
12-01-2026 10:50,25579.85,0.1222,0.11899,0.11375,0.11235821878480835,0.11052348879339718,0.10858,0.10623,0.1048,0.10456,0.10457,0.10668650945315564,0.10880484582532854,0.11086,0.11483,0.18856,0.18325047672131006,0.17769,0.17077,0.16419,0.15771,0.1512,0.14545,0.13918,0.13364,0.12852,0.12369193020194297,0.1187,0.11488
12-01-2026 10:55,25554.9,0.12813,0.12435,0.12022,0.11726671525444035,0.11395,0.1115,0.109,0.10761,0.10696,0.1082080178947703,0.10935304980672372,0.1101,0.11328870076728223,0.11692,0.18701,0.18147,0.17519104761231358,0.16896,0.16253,0.15631978985588418,0.15012753725076244,0.14384,0.13698,0.13174,0.1269,0.12209943064632561,0.11732,0.1130133114565062
12-01-2026 11:00,25550.75,0.12970074334595275,0.1261,0.12269541751284598,0.11932,0.11629255902666624,0.11307,0.11061,0.10912,0.10914161096987682,0.10824,0.10971,0.1121150920921218,0.11413,0.11807,0.18697308567286358,0.1807,0.17436745678161952,0.16802,0.16154736278681747,0.15508,0.14859,0.14266363744695387,0.13677675140600049,0.13101,0.12625172769480775,0.12146694536349939,0.11687086701502754,0.11248
12-01-2026 11:05,25538.1,0.13225073263233192,0.12782,0.1236,0.12062329225357549,0.11759677887222023,0.11472151156735477,0.11172,0.10985,0.10916,0.10888,0.1104,0.11198,0.11491,0.11861,0.18486,0.17966,0.1739,0.16718900290756505,0.16062,0.15433,0.14776,0.14223,0.13525,0.13033782704856367,0.12502,0.1204176481781401,0.11562,0.11145
12-01-2026 11:10,25544.8,0.12734252259130133,0.12331,0.11886,0.11651,0.11347,0.11101,0.10941121014348876,0.10721,0.10774388985209556,0.10691,0.10852,0.11041,0.1133,0.11741,0.18527,0.18024,0.17423,0.16813,0.16113,0.15506,0.14901369218954882,0.1428889110892893,0.13663,0.13121,0.1263,0.1209,0.11679,0.11303
12-01-2026 11:15,25528.8,0.12595,0.1217,0.1189207338582336,0.11598,0.11333,0.11173489212796504,0.11000138430150089,0.10818,0.10776,0.10781,0.10975,0.1125311952248608,0.11487,0.11907,0.18365,0.17819,0.17235,0.16591,0.15971,0.15341,0.14744,0.14174,0.1353,0.1302,0.12548,0.12065,0.11628,0.11298
12-01-2026 11:20,25512.25,0.13111,0.12494406351724859,0.11983,0.11831,0.11531,0.11282,0.11091,0.10965,0.10944,0.10972,0.11151,0.1133,0.11665315209364019,0.12045,0.18148,0.17667,0.17081,0.16375,0.15824,0.1518,0.14588,0.14013,0.13384,0.12869,0.1240363726304923,0.11902,0.11468,0.11114
12-01-2026 11:25,25509.25,0.12887,0.1246,0.12126156038176403,0.11799728546716888,0.11454,0.11282028583156943,0.11069,0.10934,0.10911,0.10999,0.11181,0.11361,0.11695,0.12117,0.18265912341426074,0.17614,0.1707,0.16363,0.1575944287706435,0.1515750851027574,0.14553,0.13962,0.13348,0.12865526088788182,0.12353,0.11867,0.11474,0.11066536886353012
12-01-2026 11:30,25496.15,0.12283,0.11979,0.11766989171681216,0.11543,0.11285,0.11124,0.11003,0.10937,0.11033280542348196,0.11028,0.11224,0.11446,0.11778,0.12226,0.18198,0.1761762377449015,0.17039247050013476,0.16462,0.15892,0.15280808743181518,0.14665,0.14131,0.13519,0.13044,0.12596,0.12101,0.11711,0.1142
12-01-2026 11:35,25487.1,0.12896,0.12421513399132247,0.11988,0.1177802633950176,0.11550363384594778,0.11321,0.11189657200424512,0.11034,0.1111448983538228,0.11119,0.1131,0.11494,0.11868234795983018,0.12292,0.18093,0.17561,0.17024,0.16314,0.157132165513619,0.15104,0.14527570836162723,0.1394,0.13317,0.1283951008436934,0.12347,0.11952964006475343,0.11549190531541018,0.11171
12-01-2026 11:40,25485.45,0.13014462031216437,0.12568005675909916,0.1217675892746198,0.11832,0.11590803832102385,0.11366,0.11195,0.11111,0.11123,0.11201,0.1137,0.11586,0.11963426582024303,0.12385,0.18158651124874436,0.17563,0.17025,0.16382,0.15778,0.15194167809474374,0.14608637575449013,0.14013,0.13359,0.12863,0.12393,0.11956,0.11581768127864975,0.11221
12-01-2026 11:45,25476.55,0.13517,0.12957,0.12533,0.1227122814021297,0.11952,0.11682,0.11481,0.11361,0.11317,0.11357,0.11488,0.11688,0.11992,0.12409,0.18025,0.17461,0.16924,0.16224,0.15605,0.14943,0.14365,0.13761604643056896,0.13125,0.12603,0.12139,0.11699,0.1129,0.10908544467011158
12-01-2026 11:50,25491.7,0.1293,0.12492,0.12093,0.11849,0.11610083808940104,0.11342,0.11279489431065634,0.1117217230209083,0.11052,0.111,0.11288,0.11482,0.11826,0.1227,0.18185,0.17591,0.17019,0.16313,0.15692,0.15086,0.14495,0.13939,0.13296,0.12839390300757975,0.12333,0.11901,0.11499,0.11149
12-01-2026 11:55,25495.85,0.13106,0.12537,0.12187,0.11957,0.11614,0.11428273268385165,0.11205,0.11089,0.11183770452636901,0.11241619763418201,0.11273,0.11467,0.11789,0.12127461620661545,0.18173,0.17556,0.16957001264812743,0.16363,0.15731,0.15068,0.14503949975731717,0.13922,0.13293,0.12779,0.12291,0.11873710344724209,0.11471,0.11118020459372788
12-01-2026 12:00,25499.2,0.12806,0.12433,0.11977,0.11788,0.11466,0.11286013315063831,0.11083,0.11111987141293643,0.1108379611120755,0.11033,0.11191,0.1149333447836571,0.1180793859689827,0.1217,0.18155,0.17572,0.1701,0.16341785670112097,0.15677,0.15024,0.14459,0.13903,0.13296,0.12752,0.12279,0.11881301489183363,0.115,0.1118134208006958
12-01-2026 12:05,25507.65,0.13197,0.12643,0.12244,0.11942100004207803,0.11613,0.11440276625289703,0.11247288316361603,0.11057,0.11099842375957183,0.11061,0.11212,0.11396,0.11724,0.12139,0.18300434698235146,0.1763,0.169790710710413,0.16326,0.15656,0.14995,0.14383,0.1381,0.13178,0.1272060052529852,0.12251786647970977,0.11796361390767938,0.11337,0.10923
12-01-2026 12:10,25526.3,0.14473,0.1426,0.13664,0.13244,0.12752,0.12306,0.1205486483556973,0.11725,0.11547,0.11434,0.11579672071046733,0.11631,0.11832,0.12241,0.18326728749643278,0.17639,0.17031,0.1638,0.156520944822883,0.1492,0.14285,0.13669,0.13021,0.124897446343433,0.11953818788294734,0.11429164207831835,0.10923806752690991,0.10445
12-01-2026 12:15,25577.45,0.14302,0.13618,0.13037,0.12711,0.12239,0.11946,0.11592,0.11469669588103801,0.1127,0.11224,0.11326350659804063,0.11361,0.11532,0.11883,0.18520660991246501,0.17862,0.17238,0.16537,0.15893,0.15208,0.14584,0.13976,0.13325,0.12715,0.12234,0.11758,0.11334131494697063,0.10960153868379585
12-01-2026 12:20,25614.85,0.15144,0.14465371377892272,0.1381,0.13338771215527423,0.12816,0.12403,0.12111,0.11765,0.11628,0.11484,0.11474,0.11538,0.11734116657367337,0.11973,0.186,0.17815,0.17464,0.16816,0.16208,0.15542,0.149125167734387,0.14266,0.136,0.13070211414173494,0.12488,0.11939,0.11495,0.10993907431665842
12-01-2026 12:25,25653.4,0.12924481660596826,0.12728,0.12611624885412925,0.12478,0.12093,0.11774,0.11503,0.11288,0.11166,0.11104,0.11111,0.11237686489058775,0.11325,0.11604,0.19031972700499294,0.18389,0.17771,0.17116,0.16556,0.15827,0.15227,0.14636,0.14013,0.1342,0.12952491795102045,0.12448,0.12027,0.11551
12-01-2026 12:30,25668.1,0.14858711777130215,0.14368,0.13897,0.13418546128762193,0.12916,0.12554464598671022,0.1213,0.11878,0.11738,0.11624,0.11566,0.11624684425294789,0.11709,0.11869475989056558,0.18815611712779304,0.18248,0.17816,0.17214,0.16583,0.15888,0.1533,0.14792,0.1408,0.13493,0.13020493975267577,0.12528621480376548,0.12038,0.11487
12-01-2026 12:35,25690.5,0.12594196488209503,0.12381,0.12445,0.12024,0.11752820210864094,0.11468,0.11318556709096522,0.11118,0.11064329671535213,0.10965,0.11016,0.11137163530602769,0.11232,0.11471,0.19113,0.18537,0.18081,0.17518,0.16841,0.16231041473219845,0.15617,0.15057,0.14463916631701962,0.13864,0.1337801249502677,0.12884395487740113,0.12421,0.11972325031618271
12-01-2026 12:40,25684.35,0.15507,0.14924771046311625,0.14347,0.13823352181379572,0.13275,0.12895,0.12453,0.12115,0.12017931914699924,0.11829,0.11814824268765563,0.11716,0.11832,0.11999,0.18826,0.18319624731570347,0.17793,0.17149,0.1654,0.15906622876465243,0.15271320815438005,0.14637949388008603,0.13995,0.13419,0.12962,0.12398,0.1189291374460863,0.114
12-01-2026 12:45,25727.5,0.13318,0.1290023383617534,0.12466,0.11945,0.11652,0.11436199405642972,0.11208785066425109,0.10981,0.10972003609297966,0.10914,0.1096473318433524,0.10977,0.11143102191759117,0.11342,0.1931,0.18998,0.18359,0.17732,0.1711,0.1647264348949241,0.15835,0.15212627317161306,0.14586,0.1398,0.13495306879897295,0.13006183768122126,0.12538968590341437,0.12103
12-01-2026 12:50,25724.55,0.14204,0.13743448768891203,0.13291,0.12906967105091816,0.12508,0.12156,0.11978664188317811,0.11781098755224736,0.11567,0.11427,0.11384,0.11403,0.11481,0.11638,0.19309,0.18835,0.18208,0.17651,0.16953,0.16277,0.15723,0.15112325823718312,0.14472,0.13859,0.13453,0.12962,0.1253,0.12029
12-01-2026 12:55,25715.5,0.14309,0.1358776569415289,0.12962644003354665,0.12356,0.12039,0.1176824919833447,0.11462,0.11333396339292795,0.11168,0.11139,0.11170729602553675,0.11199326238801505,0.11248,0.11390452009624719,0.19219,0.18729,0.18184,0.17548,0.16905,0.16237,0.15666,0.1510676754275992,0.14540504418754074,0.1397669761709608,0.1341,0.12879,0.12400600317407287,0.11933
12-01-2026 13:00,25692.65,0.13268,0.13424,0.13095,0.1277042983386882,0.12484,0.12196,0.11816,0.11592,0.11509046845359452,0.1140359716407808,0.11292,0.11338809014097215,0.11399,0.11520008595103015,0.19101,0.18652,0.18014,0.17417,0.16759552791536086,0.16101,0.15571,0.1496975863180341,0.14367136158833332,0.13751,0.13269814916242023,0.1277,0.12285,0.11824
12-01-2026 13:05,25702.65,0.14577,0.14078147492963422,0.13579,0.1309850670864406,0.12591,0.12264,0.11964,0.11692,0.11573,0.11455,0.11356,0.11369,0.11495873807175758,0.11663,0.19162,0.18608464562547633,0.1805,0.17474,0.1682308013740178,0.16178,0.15598,0.1494609723747672,0.14297,0.13806109214372422,0.13301836754874716,0.12808628957612989,0.12314,0.11809
12-01-2026 13:10,25710.85,0.14323,0.13453,0.12998,0.128,0.12374,0.1201,0.117,0.11471,0.11291,0.11137,0.11141,0.1113,0.11177611272600327,0.11287841001307608,0.19088,0.18534,0.17988468224849835,0.17456,0.1683,0.16214,0.15586,0.15028,0.14341,0.1383757852814408,0.13319457356813952,0.12799,0.12361,0.11846
12-01-2026 13:15,25725.15,0.12758,0.12543,0.1204,0.11695298641319163,0.1132,0.11159,0.10996980031875661,0.10805,0.10708,0.10733923388578752,0.10713,0.10824335972124266,0.10944986497823778,0.111,0.18854751523873062,0.18479,0.18073,0.17517,0.16885,0.16266,0.15748,0.15145057525313826,0.1453,0.14025568904208147,0.1350689176086739,0.12999,0.12639,0.12314477997342699
12-01-2026 13:20,25697.4,0.14058986578455826,0.13529,0.13031,0.12646418536245177,0.1224,0.11874,0.11675784296464356,0.11443,0.11229,0.11218835859179374,0.1117449732975668,0.11101,0.11313,0.1159193512564125,0.18904,0.18412,0.17899,0.17303,0.16710725724855918,0.1612535042978946,0.15545,0.15004,0.1433,0.13781,0.13305,0.12716,0.12233332846776687,0.11772
12-01-2026 13:25,25704.15,0.12732,0.12404,0.11901,0.11680608452489896,0.11413,0.11166,0.11012954323733785,0.10819,0.10794801782727395,0.10714,0.10751,0.10825,0.1094086526679054,0.11107441556838185,0.18916,0.18468,0.17939,0.17361,0.16806,0.16228226589133657,0.1565,0.1508454891422515,0.14520268748683623,0.13946,0.13474552044540897,0.12991,0.1254,0.12063
12-01-2026 13:30,25707.95,0.16035,0.15222544799615054,0.14463,0.13909463086840052,0.13358838199412126,0.12831706686362154,0.12327933657317404,0.11901,0.11743624726579167,0.11597,0.11518,0.1148,0.11578,0.11723,0.18884,0.1836394827889994,0.17838,0.17289,0.16663505821372593,0.16048,0.1544650569293593,0.1485,0.14168,0.13599,0.1309244189933329,0.1257916162477595,0.12086,0.11651884800357368
12-01-2026 13:35,25747.0,0.1344821128761301,0.13005,0.12265,0.12045889890052411,0.11791696019668707,0.11525,0.11212,0.11102515963169948,0.10947,0.10874,0.10825,0.10898,0.11004,0.11183,0.19147,0.18757,0.18138,0.17551,0.16951,0.16335,0.15791,0.15185,0.14597,0.14041312556306568,0.13462,0.12982133373482738,0.12485,0.12001
12-01-2026 13:40,25745.1,0.14241812446395807,0.1348,0.12592806685432623,0.11842,0.1158,0.11363,0.11035,0.10893,0.10900268569810553,0.1087144886355517,0.10846820341430743,0.10789,0.10922,0.1109,0.19178,0.18629758639293514,0.18073570598219826,0.1751189145188174,0.16951,0.16359,0.15776,0.1521,0.14563,0.13943,0.13488603936716467,0.1301445040266193,0.12541,0.12045
12-01-2026 13:45,25739.05,0.14182,0.13243,0.1274,0.12376947171052313,0.11938,0.11529,0.11248,0.11011,0.1089,0.10768,0.10761,0.10793,0.10927,0.11099,0.19557549957012563,0.18876614886656176,0.18198856198032146,0.17536,0.16902,0.16257,0.15702,0.15116,0.14476200620758317,0.13813,0.13379,0.1287,0.12433,0.12013450612334493
12-01-2026 13:50,25735.6,0.14190702212851466,0.1361047325850838,0.1307308208130909,0.12561,0.12169,0.11822,0.11384,0.1118,0.1105,0.10937,0.10969264862826697,0.10914,0.11039,0.11193,0.19298,0.18672,0.18206,0.17617,0.16960631670141935,0.16319,0.15763,0.15127,0.14468,0.13839,0.13388,0.12816,0.12364,0.11821
12-01-2026 13:55,25743.25,0.13752,0.12317,0.1274,0.12181,0.11763,0.11525,0.11133,0.10985,0.10855,0.10843386148456488,0.10716,0.1077,0.10903164370365839,0.11096,0.1946303600411706,0.18885,0.18289570594689758,0.17685587878040665,0.17081,0.16449,0.1581899486191554,0.15192992045716874,0.14559,0.14022873497913504,0.13473,0.1298668408134425,0.12508,0.12062538228441473
12-01-2026 14:00,25734.9,0.134630790334121,0.12924459862926768,0.12447622440363468,0.12034,0.11664346809371423,0.1135674465993451,0.11059,0.10946,0.10815,0.10718,0.10723,0.10824768276811168,0.10932481330623353,0.11075,0.19338,0.18746,0.18199373610186412,0.1766,0.17029884148212598,0.16404,0.15815862189789226,0.15228020483879912,0.14644033691627717,0.14062640691238076,0.13488,0.12952,0.12441433914935443,0.11936
12-01-2026 14:05,25732.75,0.13756,0.13142,0.12339,0.12785,0.12267,0.11871,0.11637401400675468,0.11384006722017012,0.11166990482979189,0.10958,0.10932764520549224,0.10908,0.10946384884993376,0.11050133736445719,0.19324,0.18731,0.18188,0.17644,0.16982,0.16312,0.15716057215569657,0.15116,0.14482996848696966,0.1384,0.13329830521254343,0.1280718223490947,0.12289,0.11768
12-01-2026 14:10,25739.35,0.14190938259603236,0.13049,0.12053,0.11744010653081677,0.11324,0.11156869464118913,0.10906,0.10643,0.10608,0.10546,0.10522,0.10593,0.10763649726767198,0.10964,0.1942934294061227,0.18786,0.18327,0.17688871939207274,0.17067,0.16446,0.15864790981934462,0.15258,0.14659687414394224,0.13985,0.1350800966345458,0.12965,0.12533,0.11911
12-01-2026 14:15,25729.15,0.13958,0.13351,0.12656,0.12285957101761637,0.11842,0.11527,0.11283500863008777,0.10986,0.10878,0.10763,0.10776,0.1082,0.10965,0.11141785174267928,0.19299,0.1865,0.18163,0.1754167262199232,0.16922311103601406,0.16309,0.15715,0.15097,0.14479,0.13865,0.13357878745502222,0.12829263759277776,0.12363,0.11781865939837527
12-01-2026 14:20,25736.35,0.15091158143222552,0.14464,0.13880536565644302,0.13311,0.1279,0.12354007864748545,0.11872,0.11572,0.11399,0.11322817793212778,0.11222755692088456,0.11128,0.11182,0.11282843694878261,0.19212,0.1869,0.1814366673272545,0.17619,0.1699,0.16246,0.15614554385607632,0.14975490720498907,0.1435575883502297,0.13731,0.1324,0.12651,0.12117373233255732,0.11595
12-01-2026 14:25,25762.75,0.13676,0.13189,0.12698,0.12240506954550362,0.11747,0.11438,0.11065,0.10897,0.1075,0.10695899461826922,0.10599,0.10663800882977181,0.10746,0.10894272998214305,0.19377,0.18798239860876592,0.18218384410567653,0.17637716156400152,0.17057381707152122,0.16475,0.15889,0.15273231264243656,0.14657632387150463,0.14034,0.13525,0.12988,0.12539,0.1197
12-01-2026 14:30,25753.1,0.12326582418321974,0.11977,0.11613,0.11378140294631198,0.11126,0.10919729329483063,0.10683,0.10608905120326578,0.10493,0.10422,0.10501663962172414,0.10536,0.10669,0.10846,0.19326,0.18805724135912905,0.18279,0.17731,0.1709624125093377,0.16471,0.15875,0.15268,0.14634,0.14043,0.13567,0.13022,0.1255,0.12037
12-01-2026 14:35,25716.7,0.15174,0.14512,0.13909,0.13307,0.12727,0.12346,0.11932,0.11714946123299488,0.11484187950815494,0.11279933711803204,0.11126,0.11068323291833113,0.11070878491919259,0.11134810504272447,0.19086,0.18502,0.17934,0.17431,0.16802,0.16121,0.15532,0.1489832102636364,0.1426,0.13638,0.13117254527839017,0.1259455913451214,0.12104,0.11668550538376934
12-01-2026 14:40,25749.0,0.14146,0.13392407903440334,0.12715,0.12317,0.11960688993727396,0.11552,0.11292,0.11058,0.10931,0.10876141066744717,0.10775,0.10821,0.10922244090487873,0.11043,0.19276,0.18761,0.18249,0.17627109206223307,0.1702,0.16400183294603288,0.15785,0.15172303574502452,0.14553,0.13957,0.13422320971838048,0.12875,0.12421,0.11984388630039165
12-01-2026 14:45,25763.85,0.13183,0.12687102539799114,0.12209,0.11875135367154324,0.11506,0.11314,0.11013,0.10793,0.10768057975683193,0.10707658704428658,0.10658298343674076,0.10592,0.10718,0.10873636134260391,0.19416,0.18743,0.18249902757443165,0.17764,0.17176,0.16465,0.15882,0.15287,0.14676799402269725,0.14051,0.13534,0.12992,0.12476565441035325,0.11968
12-01-2026 14:50,25774.05,0.14353,0.13758,0.13082,0.1267727889448486,0.12249999633954256,0.11849015646981097,0.11434,0.11136,0.10954702448361855,0.10794,0.10708634864164639,0.10686243613126367,0.10727039371590906,0.10831522990528804,0.19388,0.18866,0.18289089404034592,0.17722,0.1706,0.16444686744771847,0.15834287860955523,0.15221,0.14529,0.13945,0.13408412852677765,0.12857,0.12345,0.11858105225688917
12-01-2026 14:55,25796.15,0.14247,0.13767,0.13126,0.1254,0.12149585649003664,0.11677,0.11369,0.11074,0.10988,0.10782,0.1077614804018998,0.10694,0.10774,0.10875,0.19471,0.189,0.18312,0.17722,0.17063,0.16449600507815515,0.15838,0.15208101067349827,0.14561,0.13985109262962583,0.13418,0.1278824206945817,0.12188263021504592,0.11590544846149259
12-01-2026 15:00,25785.15,0.13593,0.13388,0.12688,0.12269154063327947,0.11803,0.11433,0.11181,0.10984,0.10864976969101266,0.10725134011583667,0.10578,0.10594,0.10639,0.10766,0.19733847116465092,0.19049053004611588,0.18376251134044194,0.17715863110757996,0.17066,0.164423478629448,0.1582,0.15202,0.146249637245276,0.14041484881510058,0.13470216395487805,0.12898,0.12431,0.11883
12-01-2026 15:05,25789.75,0.1304,0.12499,0.12171,0.11729,0.11382,0.1119,0.1089,0.10777789163422355,0.10626,0.10491,0.10535516353613357,0.10543926873336142,0.10536,0.10686,0.19312709915419302,0.18854,0.18376,0.17824,0.17174850316426127,0.16536187685231335,0.15899,0.15311,0.14667,0.14017,0.13520895438116723,0.1300976327208304,0.12499,0.11971
12-01-2026 15:10,25785.05,0.1339191740909872,0.12841,0.11964,0.1167,0.11386942153990641,0.11045,0.10802,0.10659395952494813,0.10497,0.10326,0.10389353349898048,0.10430178493826742,0.10494813028087764,0.10601,0.19457698602312828,0.18819,0.18347783545958768,0.17836,0.17144,0.16481,0.15909,0.15293770684398358,0.14663918028363349,0.13992,0.13472,0.1292,0.12462,0.11945
12-01-2026 15:15,25782.95,0.14167618655068548,0.13489,0.12856674770305573,0.12299666657628319,0.11744,0.11417,0.11137,0.10853,0.10720183698083872,0.1052,0.10474,0.10481,0.10563,0.10705,0.19663,0.1910813851349839,0.1851398512102262,0.17933,0.17261,0.16587,0.16024,0.15371196825859101,0.14687,0.14062,0.13514,0.12987314320356394,0.12452,0.11877
12-01-2026 15:20,25786.05,0.1423686893452314,0.13498519506983442,0.12843,0.1228,0.11761,0.11465,0.1115,0.10893,0.10713,0.10521,0.10570968026531863,0.10560707760590299,0.10526,0.1067,0.19815,0.19091,0.18787,0.1812462875819122,0.1744850559937151,0.16785,0.16134412382993346,0.1549736717036016,0.14852,0.14213,0.13614,0.13,0.12429730855063609,0.11872
12-01-2026 15:25,25801.35,0.13043,0.12173,0.11836731361027972,0.1148806417744043,0.11127,0.10918446027045706,0.10682648044182763,0.10462,0.10349,0.10165,0.10145,0.10137,0.10221,0.10465,0.20222791678675672,0.19534,0.18691,0.18088,0.17410455783006745,0.16707,0.16224,0.15508,0.148735681544802,0.14221,0.13697,0.13075,0.1252,0.11944
13-01-2026 09:15,25853.0,0.10138,0.10057,0.10156,0.10063681068269731,0.09975736583103981,0.09894,0.09858447429273481,0.09822731650472197,0.09788357349970192,0.09749220336109465,0.09726,0.09771,0.0992,0.10094,0.19934,0.19398021899486956,0.18812518738827416,0.1824,0.17542,0.16959,0.16328,0.15746,0.15049,0.1452221590781756,0.13946,0.13333,0.12841,0.12266
13-01-2026 09:20,25825.4,0.1301,0.12038,0.11652,0.11379,0.11063,0.10853,0.10573,0.105,0.10365,0.10229,0.10185,0.10238,0.10336,0.10516,0.2016786459901706,0.19459,0.18813,0.17948,0.17454,0.16867,0.16259,0.1559265760229176,0.14936262920527504,0.14263,0.13712141278205525,0.13143,0.12647,0.12052
13-01-2026 09:25,25818.35,0.06632707141286504,0.0727703624259243,0.07843,0.08299667306564626,0.08732,0.09071,0.09192,0.09345,0.09489,0.09538,0.09659,0.09772,0.09926,0.10186,0.20168598101688084,0.19492,0.19107,0.18192,0.17641520152799844,0.17018,0.1654598973777524,0.16014,0.1543519398311909,0.14795,0.14370782425620174,0.1390325668716448,0.13444,0.1289
13-01-2026 09:30,25766.85,0.09386,0.09572987892581511,0.09733,0.097762465966692,0.09836374660227802,0.09887304717008913,0.09936,0.09957,0.09997333869463265,0.10013,0.10133840847276648,0.1022,0.10407,0.10676,0.19758,0.18681,0.1874,0.18077,0.17444,0.16772,0.1615,0.15556996254303385,0.14881,0.14315,0.13844,0.133,0.12898,0.12387
13-01-2026 09:35,25737.7,0.11826,0.11350264183125372,0.1101,0.11011,0.109,0.10813878389071482,0.10718324657746883,0.10605,0.10628,0.10653945736662992,0.10597,0.10724230715077596,0.10811,0.11024,0.19641,0.19402,0.18622385682230602,0.17834,0.17151,0.16504,0.15939,0.15322,0.14657,0.14058,0.13586,0.1309230889846131,0.12593047317535588,0.12088
13-01-2026 09:40,25732.1,0.11862670207936395,0.11635,0.11425866618584717,0.11226,0.11090094226381375,0.1094,0.10754,0.10682,0.10672,0.10605,0.10663,0.10736,0.10873,0.11101,0.19531,0.1897,0.1851,0.17854,0.17119,0.16484,0.158848896219278,0.15272,0.14566,0.13996,0.1353,0.12993,0.12517,0.12017
13-01-2026 09:45,25766.4,0.10985,0.10426186537264467,0.10104946181654886,0.09765,0.09883,0.09904,0.09958711219388824,0.09980139760796039,0.09968,0.09971,0.10075,0.10208,0.10395,0.10665,0.19768600222184815,0.1914376335046258,0.18511989805695625,0.17875,0.1724060310207653,0.16605,0.15962,0.15349791839987315,0.14721,0.14212790793459038,0.13685354707153802,0.1316,0.12743,0.12286
13-01-2026 09:50,25750.85,0.11754,0.11262,0.11364,0.10823,0.10611,0.10542,0.10416,0.10457,0.10446,0.10352,0.10426,0.10578548699382519,0.10695,0.10944,0.19685,0.19146950184601752,0.1858,0.17799,0.17208,0.165,0.15952,0.15345335999145132,0.147137085530484,0.14069,0.13566,0.13018,0.12393803091319995,0.11821955458487818
13-01-2026 09:55,25731.0,0.10362,0.10571,0.10317,0.10456,0.10433473391130485,0.10433,0.10374,0.10378,0.10438,0.10435,0.10535,0.10636,0.10817,0.11081,0.19596,0.19028,0.1841776963655674,0.1780928719673259,0.17196305038119042,0.16577511188319222,0.15947112829507432,0.15331,0.14657,0.14141527074924434,0.13620975006546532,0.13094,0.1269,0.12208
13-01-2026 10:00,25714.65,0.14097,0.13349,0.13036049723935775,0.12686,0.12114,0.11849,0.11568,0.11373,0.11286,0.11147,0.1113,0.11190783035436214,0.11276,0.1141428117947435,0.1931,0.18816,0.18229,0.17698,0.1693584510813389,0.16188,0.15581,0.14965,0.14249,0.13703052038032884,0.13118,0.1264498285604884,0.12153,0.11621
13-01-2026 10:05,25746.85,0.12843,0.12569,0.11961,0.1167,0.11418,0.11206,0.11025,0.10891,0.10870951562672582,0.10803,0.10751,0.10817,0.1097655660069781,0.11162,0.19293882607266272,0.18741,0.1815557412242916,0.1758,0.17055,0.16428,0.15821,0.15229,0.14503,0.13955,0.13435465270167926,0.12879,0.12451,0.11968
13-01-2026 10:10,25759.95,0.10494,0.10371,0.10288,0.10202,0.10091,0.10211,0.10149446962586978,0.10084,0.10126,0.10178,0.10247,0.1034,0.10505,0.10788,0.19744,0.19181610153252066,0.18608,0.17941450099280004,0.172792272918743,0.16615,0.16016,0.15391852006668988,0.1475,0.142378388434437,0.13695,0.1312,0.12764,0.12279648581013826
13-01-2026 10:15,25754.7,0.10612,0.10838,0.10433,0.10362,0.10244,0.10284,0.10289598835437899,0.10283376533112715,0.1027784860661611,0.10237,0.10308,0.10428,0.10568,0.10871,0.19659,0.19045,0.18549,0.18043,0.17189,0.16568166486411418,0.15933,0.15295358221892777,0.14641,0.14114,0.13625648938412407,0.1313425917775669,0.12656,0.12234300625041895
13-01-2026 10:20,25761.35,0.12251932102317759,0.11750044261327355,0.11421,0.10883,0.10757,0.10653380722528802,0.10519819039299691,0.1039,0.10396,0.10338,0.10386,0.10477,0.10632,0.10792851334539183,0.19667,0.1909482829202242,0.18512,0.17838630745777473,0.17169,0.16546,0.15956,0.15344,0.14623,0.14073,0.1351,0.12988,0.12551,0.12025
13-01-2026 10:25,25770.15,0.13998475134213506,0.13305,0.12665,0.12195,0.11895521739644212,0.11568536267112003,0.11211,0.10968,0.10903,0.10803,0.10721,0.10737,0.10855,0.11041,0.20411230648238007,0.1957927494611136,0.1877305349756199,0.17993,0.17245393068561032,0.16508,0.15844113255693315,0.1517861638218692,0.14506,0.1393432612884804,0.13348,0.12756,0.12274,0.1177310482689546
13-01-2026 10:30,25804.6,0.13282,0.11619089624080248,0.10534,0.10765,0.10793295505953741,0.10582,0.10306,0.10340948897135296,0.10272969452391663,0.10227537710347426,0.10103,0.10169,0.10315146767665655,0.10556,0.1989097990991569,0.19389,0.18871,0.18195,0.175003220550409,0.16807,0.16190430483871254,0.15564,0.1494988375509733,0.1433534499337351,0.13714,0.13193379292552554,0.12664,0.12147
13-01-2026 10:35,25783.95,0.12325,0.1098,0.10718,0.10779,0.10526,0.103747685361917,0.10219,0.10221,0.10235727068891494,0.10236378426506745,0.10214,0.10265,0.10405,0.10676,0.2030162738706767,0.19497801625901107,0.18761,0.18025,0.17383,0.16769885574090695,0.16149,0.15515362026270973,0.14879685746998103,0.14241,0.13709,0.13144,0.12647922509589174,0.12165
13-01-2026 10:40,25772.4,0.11286,0.10172,0.09986,0.10643,0.10494921671088737,0.10468,0.10303,0.10234,0.10255,0.10309857783751161,0.10239,0.10396562650424847,0.10532529766406065,0.10768,0.19788,0.19240323366383602,0.18637180276381002,0.18052,0.17303,0.16664,0.16070507559630487,0.15448442062056755,0.14836754401575633,0.14168,0.13676868405437237,0.13102,0.12613,0.12107
13-01-2026 10:45,25763.45,0.10802531974983007,0.10844389849261073,0.10489,0.11266,0.10943366777460078,0.10773641504693535,0.10651,0.10655,0.10529,0.10428,0.10453,0.10574,0.10617,0.10849,0.19601,0.19023288904215913,0.18463,0.17979,0.17084,0.16428,0.15841,0.15177365888537675,0.14493,0.13967396934699655,0.1341,0.1287092574659789,0.12323,0.1189
13-01-2026 10:50,25794.3,0.11933,0.11414,0.11134,0.10792462570442087,0.10431167678334641,0.10112363762618867,0.098,0.09836141267551163,0.09832,0.09864,0.09876,0.09983,0.10165,0.10429,0.197,0.19135692364416662,0.18559,0.17919,0.17247,0.1662,0.15938,0.15394,0.14715,0.14177838324462247,0.13627,0.13131069600734072,0.12627953680154408,0.12139
13-01-2026 10:55,25765.7,0.13324291724083448,0.1277,0.11839,0.11653,0.11209,0.11073086731377307,0.10903753562336807,0.10745723023993783,0.10569,0.10431,0.10434,0.10496,0.10657312689414136,0.10846,0.19378,0.18824,0.18328,0.17684,0.16974,0.1635048892824144,0.15728477259765894,0.15101,0.1442,0.13808,0.13279,0.12762,0.12277,0.11766
13-01-2026 11:00,25784.9,0.11114,0.11637,0.1004,0.10533,0.10491584793012376,0.10369309908772883,0.10253804177556866,0.10121,0.10136,0.10075,0.10117,0.10244825321844749,0.1036295730808407,0.10537,0.19581,0.19015051006611883,0.18426,0.17715,0.1711605935390091,0.16513,0.15832,0.15288,0.14577,0.13983,0.13496,0.12932,0.1243033484426338,0.11948
13-01-2026 11:05,25771.65,0.13216,0.11938,0.12029,0.11747,0.11378,0.11176,0.1100394119187326,0.10724,0.10636,0.10527,0.10501,0.10534,0.10616,0.10809,0.19453076943768455,0.18875,0.183,0.17631742346756638,0.16977,0.16355,0.15506,0.15072,0.14454698378470568,0.1381,0.13283176993448192,0.12739,0.12263,0.11804316158383543
13-01-2026 11:10,25787.85,0.11856,0.10777,0.11044,0.11006,0.10668,0.10586,0.10409,0.1037797105604032,0.10289858164468868,0.10135,0.1017,0.10224,0.10323742604164181,0.10541,0.19507,0.18939236680249116,0.18371,0.178,0.17081,0.1648,0.15819,0.15219,0.14495,0.13945,0.13328409118036194,0.12780748078177348,0.12308266988414582,0.11940911871191193
13-01-2026 11:15,25787.55,0.11880068204489984,0.11557090805794858,0.11256458928935804,0.10958,0.10777,0.10559,0.10327,0.10223,0.10211,0.10092,0.10196667731069575,0.10247,0.1027,0.10501,0.19481,0.18920727531037929,0.1835,0.17724,0.17046,0.16354,0.15724358047454529,0.15089556177356456,0.14437,0.13874,0.13399,0.12815,0.12386,0.11931374063730048
13-01-2026 11:20,25784.1,0.12704,0.11694,0.11314,0.11018796606363024,0.10646,0.10523,0.10245,0.10236006158017749,0.10176,0.101828623921742,0.10171052779702763,0.10144,0.10261,0.10391778509992183,0.19456,0.18866,0.18282,0.1764,0.16948,0.16327,0.15648,0.15139,0.14396,0.13843,0.13358,0.12850826416192923,0.12338,0.11825
13-01-2026 11:25,25786.2,0.12557,0.117804011449768,0.11235,0.11523,0.1122516206976728,0.10887,0.10694297301807505,0.10391,0.10389386100397069,0.10212,0.10286656429405133,0.10209,0.10338660501658767,0.1054,0.19449,0.18884,0.1824596828299814,0.17621,0.16914,0.1625,0.15639,0.1499692264523962,0.14336,0.13753,0.13251398890720295,0.12729,0.12252,0.11716
13-01-2026 11:30,25793.55,0.12837,0.12356,0.11864,0.11539732381299281,0.11179,0.11038,0.10843687544671773,0.10632897104954869,0.1041,0.1031,0.10283,0.10315,0.10381,0.10564,0.19482,0.18945,0.18277,0.17604,0.16887,0.16281,0.15675,0.15013780549227862,0.14333,0.13761,0.13242,0.12697,0.12213,0.11737447353631157
13-01-2026 11:35,25814.5,0.11175,0.1101896469912784,0.10854,0.10642,0.10504,0.10288,0.10155444932981048,0.09991,0.09971909294565137,0.09904,0.0994,0.10014384850707625,0.10101,0.10233910684784417,0.19809853015542775,0.1911439088482384,0.18425,0.17764192189433206,0.17099,0.1641,0.15813,0.15207,0.145,0.13937,0.13446,0.12943469623110399,0.12442,0.11991327751597645
13-01-2026 11:40,25811.5,0.09451933456683007,0.09608444356678426,0.09716381795521757,0.0976,0.09793,0.0973873276622577,0.09684,0.0965,0.09676260163204639,0.09663,0.09748,0.09813,0.09936,0.10197,0.19425957920046574,0.18823,0.18403,0.17714,0.17076,0.16403,0.15819,0.1516708483803187,0.14487,0.13994,0.13509,0.1301733050781852,0.12525,0.12026
13-01-2026 11:45,25782.05,0.12434,0.11605,0.11298757500809745,0.10915,0.10828,0.10657,0.10459624703084626,0.10265,0.10178,0.10216612915101972,0.1027922702448713,0.10341057345638162,0.10425337088040695,0.10543,0.19298294602579916,0.18644,0.18126,0.17477,0.16779,0.16189,0.15566,0.14976,0.14407770689067873,0.1383734205411224,0.13274427231358107,0.12708,0.12211302854501815,0.11725
13-01-2026 11:50,25785.0,0.09032260411507335,0.09354,0.09555,0.09782,0.09939,0.09804,0.09687,0.09688,0.09736,0.09746,0.09850144450708284,0.09955561707670182,0.10052,0.103,0.19372,0.18669,0.18081066795053136,0.17483,0.1686,0.1626373260632602,0.15652,0.15044609990830604,0.14368,0.13891068576807689,0.1335855182211922,0.12852593710288868,0.124,0.11844464238062435
13-01-2026 11:55,25762.65,0.13302,0.1138,0.11231256272004687,0.10876693193890519,0.10494,0.10345,0.10155,0.1008,0.10116,0.10134926346307124,0.10112,0.10179,0.10305,0.10553,0.19174,0.18471,0.17974,0.17282,0.1664,0.16073517578631036,0.15503,0.14909,0.142,0.13661,0.13173563911119957,0.12661,0.1220110660186349,0.11746
13-01-2026 12:00,25747.9,0.11514,0.11089,0.10672,0.10734,0.10493,0.10426,0.10283,0.10259033717698178,0.10216088306409708,0.10157,0.10203,0.10267,0.10447373024791781,0.10659,0.19166,0.18595,0.179,0.17203,0.16607899937366483,0.16006126099212764,0.15404,0.14763888172207817,0.14122,0.13581,0.13092181206104106,0.12601464647132318,0.12119970481327089,0.11652
13-01-2026 12:05,25735.35,0.10905015243258823,0.10947065730338999,0.10927,0.10874091647324821,0.1081,0.10654,0.1050415020711514,0.10347,0.10359,0.10292,0.10355,0.10403,0.10514,0.10793,0.19214396910023684,0.18497,0.17843,0.17102,0.1647,0.1588,0.15296,0.1466185524690501,0.14019,0.134876715607908,0.12941,0.12457068625287179,0.11969243687875164,0.11497
13-01-2026 12:10,25733.45,0.11610641300055966,0.10744,0.10023,0.10094558704621784,0.1004162143368929,0.09977,0.09999,0.09968,0.10002,0.1002,0.10123,0.10217,0.10362,0.10667,0.19005,0.18343,0.17722688804816245,0.17089,0.1653065136443428,0.15959,0.15405,0.14813422437747534,0.1421,0.13608,0.13199,0.12692,0.12256641046475159,0.11837
13-01-2026 12:15,25722.55,0.11631,0.11562492388983855,0.11484,0.11267,0.11004,0.10822,0.10722212736866399,0.10602432317949065,0.10498537012566732,0.10391,0.10394,0.10484,0.10608,0.10780181848368943,0.18896,0.18259,0.17786,0.17174,0.16541224677515545,0.15919466038048158,0.1529386529157452,0.14666,0.14003,0.13392,0.12907,0.12386,0.11959,0.11474
13-01-2026 12:20,25724.7,0.10816,0.10535,0.10462,0.10356,0.10227,0.10207807888581469,0.1016,0.10069,0.10113,0.10095,0.10163,0.10244,0.10438,0.10734,0.18941,0.1823,0.17826,0.1719685633788725,0.16560200269908087,0.15918,0.15358,0.14819,0.14142,0.13656059822674316,0.13122,0.12589,0.12206,0.1173665718564114
13-01-2026 12:25,25714.0,0.11595,0.12216,0.11939,0.11684,0.11278,0.11094756863597632,0.10864,0.10709,0.10650105495410131,0.10555,0.10563,0.10661309867886003,0.10724,0.10997,0.18654843881780664,0.18147,0.17615,0.17069,0.16432657965135078,0.1578864864089094,0.1514061963105837,0.14488237839028273,0.1385,0.13274,0.12767,0.12243,0.11784,0.11335185307072726
13-01-2026 12:30,25723.0,0.11512,0.11016,0.10486,0.10314,0.10241,0.10152,0.10044,0.1004,0.10074848965204514,0.10069,0.1015,0.10234,0.10472904770460374,0.10756,0.18932,0.18307824769886838,0.17690233301053573,0.17077392747092662,0.16464,0.15876,0.15329701728720135,0.14783,0.14207043196888808,0.13634645026449801,0.13052,0.1260406006191715,0.12144,0.11704
13-01-2026 12:35,25717.45,0.11999,0.11351,0.11092,0.10715,0.10522,0.10404,0.10306,0.10322772084243467,0.10318205483257126,0.10314053211988061,0.10282,0.10392,0.10603772039040352,0.10843,0.18786,0.18227,0.17647,0.16908,0.16344011908688086,0.15773234485596221,0.15204,0.14686,0.14067524414898158,0.13433,0.12946170756084607,0.12435,0.12008,0.11616383006161933
13-01-2026 12:40,25710.25,0.11488,0.10683,0.10567,0.1048,0.10327,0.10239,0.10184998013694224,0.10102,0.10138,0.10109,0.10230628039272893,0.10339,0.10503,0.10686345209824391,0.18732,0.18124,0.17612,0.17004541867889267,0.16392536246432232,0.1577881086561328,0.1517,0.14634,0.14078700744328218,0.13523244757459946,0.12958,0.12462,0.12072,0.11651695438609808
13-01-2026 12:45,25702.9,0.09992,0.0991196512092421,0.09852,0.09849,0.09819,0.09857,0.09847,0.09920622775313759,0.09981,0.10014,0.10163690945785803,0.10301,0.10528,0.10731832848304143,0.18883,0.18068,0.17536399010879442,0.1700262474542246,0.16469,0.15885640623230204,0.15295828280842672,0.1470661800861088,0.14121,0.13628,0.13152,0.12642,0.12269,0.1180459912893701
13-01-2026 12:50,25667.1,0.10716,0.10802,0.1068041866350086,0.10557048244804494,0.10432,0.10344,0.10262,0.102,0.10292,0.10288,0.10416,0.10628189431787356,0.10796,0.11179,0.18652,0.18124906613859515,0.17586,0.16929547852758628,0.16278,0.1572,0.15163,0.14603,0.1404624738186559,0.13461,0.12979,0.12499,0.12093,0.11610392234054329
13-01-2026 12:55,25659.75,0.11791,0.11238390146763104,0.10762,0.1068375440109099,0.10512,0.10415,0.1032,0.10271,0.1031853336617288,0.10316,0.10451341609229314,0.10613,0.10795519723776413,0.11037400350543128,0.18717,0.18133,0.17417607941286142,0.16686,0.16311,0.1575536944893472,0.1516869093580399,0.14575001398091886,0.13966,0.13490043703656407,0.12987270908490062,0.12522,0.12066643188638126,0.11635923205011747
13-01-2026 13:00,25645.05,0.10976,0.10878,0.1072,0.10506,0.10410487582584385,0.10279,0.10217,0.1016,0.10199,0.10237,0.10408,0.10696885428989436,0.10981623730822512,0.11306,0.18672,0.18015,0.17446776640443726,0.16881,0.16254900439224781,0.15626,0.15003,0.14537,0.13983371006535106,0.13423064075275803,0.12849,0.12396,0.12001,0.11595
13-01-2026 13:05,25639.05,0.11923684791092043,0.11676,0.11177,0.11205,0.10962,0.10828937858256121,0.10667,0.10521,0.10519,0.10545,0.10703,0.10849,0.11118,0.11393870439297414,0.18741,0.18135,0.17484666652227332,0.16832,0.16258,0.1563758478553383,0.1501,0.14435215279279864,0.13852344576981201,0.13266,0.12808,0.12301,0.11891,0.11472
13-01-2026 13:10,25669.25,0.10935,0.10859,0.10366,0.10559,0.10430129529965959,0.10302,0.1022,0.10165,0.1023259346662491,0.10236,0.10422,0.10579,0.10775761146915658,0.11032532112910771,0.18893,0.18348643522242097,0.17783,0.17107,0.16470131289120457,0.1583,0.15232638683445932,0.14632159618222604,0.14024,0.1352622370827583,0.13015,0.12503,0.12102824023695878,0.11724
13-01-2026 13:15,25650.75,0.12082,0.11121,0.11372,0.11219,0.10964,0.10786,0.1072099845455402,0.10575,0.10531,0.10711262108417684,0.10823733557304434,0.10974508813785472,0.11088,0.11512,0.1883692430981668,0.18215,0.1760577905638717,0.16996876706027547,0.16387755636232576,0.15777,0.15168,0.14627,0.1395,0.13451442783777245,0.12934,0.12490969707355001,0.12038494837923293,0.11605
13-01-2026 13:20,25659.9,0.1205,0.11739378032898001,0.11440556255478118,0.11136,0.10866,0.10703,0.10566,0.10541144630044014,0.10456,0.10459,0.10609,0.10748,0.10997,0.1127294967118713,0.18846,0.18292,0.17728,0.17132,0.16353,0.1578033412071708,0.15201820370163743,0.1462,0.13927,0.13374,0.1287540478101793,0.12385,0.11963099132585396,0.11584698216157874
13-01-2026 13:25,25660.75,0.12224,0.11729,0.11027,0.10601,0.10530513340326796,0.10322,0.10242,0.10167,0.10215,0.10236,0.10404,0.1057,0.10900678620661303,0.11278,0.18901,0.1832506374133106,0.17733086592362063,0.17141,0.16481781712281857,0.15823683241244862,0.15166,0.1463,0.14030289276455093,0.13425,0.12888,0.12458802970205721,0.12025655566315338,0.11627
13-01-2026 13:30,25661.85,0.11661,0.11306,0.11183480026657078,0.110452061233685,0.10907,0.10743,0.10578,0.10449,0.1049062158324464,0.10429,0.10545,0.10696,0.10926,0.11328,0.18937920809715614,0.18271,0.17629356934202772,0.1699559781163653,0.16358,0.15744,0.15203,0.14567,0.13872,0.13321,0.12836,0.12335,0.11943,0.11493
13-01-2026 13:35,25679.45,0.11288,0.10962,0.10556,0.1049,0.10328,0.10235605149389626,0.10105,0.1006,0.1008,0.10102,0.10265,0.10423,0.10655,0.11074,0.19079,0.18416,0.17879,0.17237,0.1648,0.1589575585546978,0.1529,0.14733,0.14052,0.13489,0.13011091613471204,0.12491,0.12084,0.11675
13-01-2026 13:40,25665.55,0.11343,0.11269,0.1141,0.11172318299753844,0.1096,0.10780276529118085,0.10591,0.10539462674888528,0.10439,0.10509657617812011,0.10518,0.10639,0.10871,0.11278,0.18997991190514096,0.18305,0.17574,0.17036,0.16311849951612267,0.15582,0.14983569945211062,0.14378304620964033,0.13763,0.13249478667518888,0.12716,0.12221,0.11834,0.11372
13-01-2026 13:45,25671.3,0.11584,0.11051643833127131,0.10635,0.10582,0.10347,0.10247,0.10192087508938051,0.10104,0.10189927019316461,0.10243830677625664,0.10279,0.10425,0.10681,0.11089,0.18758,0.18354,0.1765978253082503,0.16950601323474063,0.16238,0.15706,0.15095,0.1455,0.13879,0.13343,0.12873,0.12374,0.12019,0.11556603916475165
13-01-2026 13:50,25672.15,0.11731,0.11294,0.10877,0.10733,0.10546,0.10394,0.10265,0.10185,0.10255785543916507,0.10238,0.10412953828976378,0.10528,0.10765,0.11184,0.18693,0.18097761258668024,0.17494,0.16847,0.16239395719953414,0.15629,0.15017144316420972,0.14402445498230487,0.13779,0.1324,0.12742,0.12257,0.11886,0.11428
13-01-2026 13:55,25662.15,0.11435,0.11479,0.1103,0.10914287713706754,0.10766,0.10582807858043561,0.10379,0.10312,0.1035478537369696,0.10345,0.10442,0.1064258375724781,0.10874,0.11156248730845975,0.18616,0.18284,0.17494,0.16855,0.1622705389239414,0.1558617900732216,0.14926,0.14458,0.13805,0.13272,0.12796,0.12314,0.11876354212978019,0.11462
13-01-2026 14:00,25659.5,0.10596,0.10386192081858198,0.10224,0.10249844419468036,0.10247,0.10182993328447412,0.1011,0.10064,0.10092,0.10146,0.1032,0.10512,0.10836772453541126,0.11198,0.18695,0.1805493130102453,0.17427547605663327,0.16809669841544764,0.16191,0.15622,0.15019,0.14468,0.13949285720571036,0.13424426725098632,0.12892,0.12422,0.1202400588104638,0.11642
13-01-2026 14:05,25647.55,0.11484,0.1111,0.1089,0.10697,0.10595709368323505,0.10477518582614886,0.1034,0.10231,0.10272,0.10298,0.10447,0.10659758297624339,0.10889,0.11190829496596691,0.18578,0.18029649837704115,0.17455,0.16736,0.16141331045378046,0.15533,0.14912,0.14355182185513493,0.13755,0.13214,0.12782,0.12261,0.1193,0.11494
13-01-2026 14:10,25642.55,0.10253628722488285,0.10297,0.10311759984977767,0.10333,0.10191,0.10139,0.10074507502571264,0.09978,0.10039,0.10171143819176504,0.10243,0.10455,0.10748,0.11189,0.1854,0.1796,0.17396,0.16696,0.16049,0.1548188275271014,0.14894,0.14389,0.13718,0.13244765800275737,0.12731,0.12244,0.11873,0.11476
13-01-2026 14:15,25631.25,0.11749,0.11278,0.10971,0.10795,0.10585,0.10392,0.10293,0.10226,0.10228,0.10231,0.10446327111037355,0.10664041449692609,0.10873,0.113,0.18462057618212746,0.17761,0.17227,0.16545944834094772,0.15857,0.1525,0.14705,0.14187,0.13524,0.12995,0.1253784321210873,0.12054,0.11634102552932937,0.1122
13-01-2026 14:20,25627.6,0.10827952001328775,0.10613,0.10161,0.10124,0.10023,0.09971,0.09968219272490145,0.09911,0.09991,0.10055,0.10272,0.10495,0.10815,0.11248,0.18352,0.17733,0.17158086826583369,0.16591,0.15892,0.15306,0.14801734586198312,0.14283,0.13634,0.13116,0.12545690976589863,0.1198405143365612,0.11423172353306463,0.10864350619403887
13-01-2026 14:25,25619.65,0.11291279715414891,0.11014,0.1057,0.10475,0.10353459811444801,0.10202,0.10187,0.10119,0.10208765566966879,0.1022,0.1044843642098982,0.10613,0.10918,0.11368,0.18315,0.17736,0.17111490764543547,0.1648190820629249,0.15857288658023627,0.15237,0.14715,0.14148308547452149,0.1358080261979201,0.13005,0.12556,0.12083,0.11741,0.11387835163088661
13-01-2026 14:30,25622.55,0.12078,0.12092,0.11681,0.11413,0.11169859575205213,0.10886,0.10725,0.10601,0.10568,0.10572,0.10693,0.10864,0.11153,0.11541,0.18116,0.17762,0.17082,0.16392,0.15739,0.15062,0.14568,0.14006117416431285,0.13412681149680875,0.12828,0.1237,0.11748536276577737,0.11194042149236007,0.10643820186187578
13-01-2026 14:35,25644.0,0.12605,0.12063,0.11717791560778618,0.11338,0.11022,0.10835,0.10679311051971815,0.10478,0.10446,0.10439,0.10572,0.10775916237212088,0.10998,0.11308255354243624,0.18166217064387735,0.17643,0.17097,0.165,0.15838131478682724,0.15176,0.14553,0.14018,0.13362,0.12835,0.12352,0.11842,0.11481,0.11130173104309721
13-01-2026 14:40,25667.6,0.12795,0.12117692705399813,0.11577,0.11455,0.11191462667970344,0.10854,0.10723796300128971,0.1051,0.10422,0.1038,0.10482,0.10704890149294541,0.1087,0.11237,0.18178,0.17905,0.17186,0.16506,0.15835,0.15321,0.14765,0.14236824755132285,0.1368841302647416,0.13142311910168425,0.12599489095226274,0.12061438337804356,0.1152,0.1102
13-01-2026 14:45,25695.95,0.1173,0.1098,0.10739,0.10562,0.1041054320706637,0.10225,0.1008,0.10039,0.10112463730794322,0.10172761818894804,0.10248143814860969,0.103,0.10582,0.10813337993039185,0.18457,0.18134,0.17374,0.16742,0.16129,0.15552,0.1492,0.14389,0.13759,0.13227,0.12738,0.12243,0.1183,0.11306474806859458
13-01-2026 14:50,25698.45,0.12994,0.121,0.11481,0.11213,0.10844,0.10629,0.1044,0.10284,0.10209,0.10146,0.10196,0.10374,0.10593,0.10922,0.18423,0.18012,0.17396,0.16765,0.16024,0.15479,0.14853971062988802,0.14219128045219503,0.13573,0.13023,0.12503,0.11963,0.11547,0.11142889257108855
13-01-2026 14:55,25717.05,0.10227,0.10131,0.10561,0.103,0.10178,0.1004981968100096,0.09903,0.09869270817159809,0.09788,0.09778,0.09901,0.10052,0.10344739438030601,0.10675,0.1897529904664328,0.1828580273761651,0.17615,0.16947657410317746,0.16292,0.15689,0.15069670752828732,0.14448450960384324,0.13826,0.13281,0.12791885433635175,0.12303107467163821,0.11832,0.11401680886856332
13-01-2026 15:00,25754.0,0.06496,0.08771,0.08383941083518355,0.08567,0.08764,0.08775782593765255,0.0891,0.08982,0.09066,0.09105,0.09380745121184261,0.09549,0.09849,0.10247,0.19369838504630338,0.18636404564082745,0.17916,0.17245,0.16566,0.15874,0.15333,0.14755793046108714,0.14165467946368085,0.13566,0.13092,0.12594,0.12166,0.11741081257653015
13-01-2026 15:05,25708.75,0.12503,0.11954,0.11591728684749181,0.11235759397765466,0.10881,0.10646213308153185,0.10412394673111933,0.10203,0.10203150438543293,0.10170642714665576,0.10117,0.10258,0.1048,0.10762896882949,0.18537,0.18125,0.17453881028114854,0.16795,0.16079,0.15474,0.14881,0.14249446377759856,0.13604,0.13057,0.12534,0.12015925819405482,0.11497112331577511,0.1098
13-01-2026 15:10,25746.05,0.09601,0.09504505337516461,0.09434,0.09443,0.09419243560392745,0.09393,0.09376,0.09323,0.09365,0.09362,0.09550341195454412,0.09684,0.09966,0.1035,0.1888081270633774,0.18273,0.17681077325441652,0.17082,0.16428823528548564,0.15776,0.15175822595446056,0.14567,0.13924,0.13414118078300732,0.12887,0.12398164418789179,0.11912,0.11414840660400434
13-01-2026 15:15,25745.9,0.09885,0.09442,0.09401,0.0927,0.09307,0.0927005942815449,0.09227,0.09186,0.09273949553957579,0.09365701921033402,0.09434,0.09662806016282952,0.09921,0.10244129323596338,0.18487730339689282,0.18117,0.17744,0.17144,0.1649990214043523,0.15878,0.15193,0.14641554676111873,0.1408555302290112,0.13538874185288258,0.12982,0.12433,0.11988,0.11427
13-01-2026 15:20,25730.9,0.10596,0.10381039406316983,0.10186749092038526,0.09989,0.09868277201448132,0.09735,0.09655,0.09557,0.0959,0.09549,0.09724355275159982,0.09835,0.10097,0.1047,0.18772,0.18264457198976647,0.17737,0.17104,0.16471,0.15807224471486908,0.15139,0.14642,0.13928,0.13342,0.1282418584835891,0.1228,0.11826,0.11245
13-01-2026 15:25,25730.8,0.10125,0.10055248667777758,0.09998,0.09608,0.09512,0.09402,0.09398,0.09364,0.09388669149358053,0.09339,0.09456,0.097,0.09919,0.10305,0.19098,0.18082,0.1789,0.17223,0.16472799027212975,0.15719,0.15183,0.146530088518466,0.14019,0.1353277198739431,0.12995,0.12463929056404423,0.11937,0.11379
14-01-2026 09:15,25671.9,0.14959,0.1287962179167298,0.11174,0.11180252619195642,0.10765,0.10444,0.10288,0.10173,0.10139,0.10224094141119858,0.10308496632916853,0.10433,0.1065704052760336,0.10935220896220584,0.19276,0.18752,0.18191,0.17457,0.16868,0.16229895104501343,0.15588074300601124,0.14939,0.1427,0.13707,0.13117,0.12558,0.12053,0.11497
14-01-2026 09:20,25705.8,0.12363,0.12422,0.11267,0.10689,0.10436,0.10267,0.10126,0.10015,0.09998,0.09974,0.10063,0.10243,0.10524,0.10877,0.19452,0.18877,0.1834,0.17659344481070763,0.17003,0.16326,0.15622,0.15001,0.14306,0.13778,0.13156,0.12589,0.12102,0.11552
14-01-2026 09:25,25717.85,0.13317,0.12729267216095763,0.12118,0.11356,0.11106,0.10716,0.10495,0.10343,0.10337611848306577,0.10293081809919899,0.10202,0.1036,0.10598,0.10875572882128234,0.19526,0.18932,0.18284153960378363,0.17644,0.16973839696484394,0.16311,0.1565,0.14991,0.14267,0.1369171970506764,0.13089,0.12527039420507413,0.11955,0.11384
14-01-2026 09:30,25746.8,0.11272,0.1077287429812791,0.10386851256832708,0.10024,0.09959,0.09839981371932266,0.09683,0.09616,0.09616,0.09729682060822145,0.09829334032548442,0.09916,0.1019,0.10432474826314023,0.19806762425084146,0.19149,0.1856333939452302,0.17952,0.1719,0.1657,0.15915,0.15275,0.14661747670360242,0.14036598842764642,0.13387,0.1279,0.12301,0.11723
14-01-2026 09:35,25737.05,0.1012,0.11807,0.10043,0.10188047740581291,0.10049,0.09946,0.09825,0.09723,0.0971,0.0968,0.09815,0.09997,0.1022102434494932,0.10598,0.19606,0.19023,0.18420981257962177,0.17832,0.17179,0.16502,0.15814,0.15237,0.14585178494734996,0.1392,0.13298,0.12733,0.12206,0.11653
14-01-2026 09:40,25712.25,0.12103,0.11015415540941162,0.10128,0.10139804903984426,0.09942,0.09791,0.09738635207608581,0.09656,0.09661,0.09664,0.09797,0.09991,0.10275,0.10669,0.19401003236493347,0.18821,0.18235640032614975,0.17641,0.16966997827579966,0.16299,0.15661,0.15045,0.14342,0.1376449935692927,0.1318440372294368,0.126,0.12060303157061485,0.11525
14-01-2026 09:45,25691.85,0.10661,0.10863,0.10578253166151924,0.10313,0.10168,0.10047090368415466,0.09893,0.09828,0.09847,0.09854,0.09988,0.10168,0.10484475078442919,0.10839,0.19245,0.18703,0.18192,0.17542067339653244,0.16891,0.16237055221675467,0.15577766619998945,0.1492326352390626,0.1426871409397943,0.13627,0.13046805625063757,0.12473,0.11991,0.11441
14-01-2026 09:50,25701.2,0.14347678532633518,0.13627579709879906,0.1298,0.12353,0.119,0.1145,0.11092,0.10787,0.10619,0.10517,0.10541,0.10623,0.10783450788854457,0.11025154995890298,0.19443862496631517,0.18764999553710465,0.18082,0.17434,0.16731,0.16093,0.15422,0.14807,0.1413379846320708,0.13451,0.12822,0.1222,0.11692,0.11055
14-01-2026 09:55,25759.55,0.09956,0.08438,0.08875,0.09669,0.09442281078967024,0.09431,0.09485,0.094,0.0947825421947779,0.09534030829441346,0.09574,0.0974,0.09746509872413663,0.0981082178900831,0.19687,0.19168,0.1855,0.17879719590022353,0.17221,0.165822807566779,0.15952,0.15273,0.14534,0.13975,0.1340481627188954,0.1281,0.12319,0.11744
14-01-2026 10:00,25727.85,0.13564224246111842,0.11977,0.10681,0.10433172589695908,0.10037,0.09973,0.09835630643859457,0.09675,0.09748846058158997,0.09774750832120638,0.09783,0.09918,0.10196,0.10520587132552577,0.19351,0.1891,0.18213220946880074,0.17525,0.16857,0.16202,0.15574989668854167,0.14942,0.14235,0.13666,0.13071,0.12522,0.12026,0.11553300831572542
14-01-2026 10:05,25713.6,0.11955,0.11415568076879958,0.10949210577539771,0.10489,0.1025,0.09999,0.09863,0.09829861525324649,0.09764,0.0975,0.09920912215782211,0.10116593948135114,0.10361319426721624,0.10655,0.19239,0.18795,0.1817,0.17426,0.16809,0.16112,0.1554,0.14851,0.14221606519246077,0.13578,0.1301749530488057,0.12439,0.11897569413807449,0.1136
14-01-2026 10:10,25697.45,0.12007,0.11399,0.11060161456554551,0.10673,0.10431961603353326,0.10127,0.09953,0.09863,0.0985,0.09833,0.09982,0.1024072168676502,0.10493708286968947,0.10784,0.19167,0.18665,0.18021841251770887,0.17391,0.1672490291587999,0.16068,0.15396,0.1477310158109868,0.14146953574820822,0.13528245196590435,0.12901,0.12333,0.11843,0.11254
14-01-2026 10:15,25696.35,0.09714094001599488,0.0986,0.10025,0.09845,0.09732199879098702,0.09617,0.09559,0.09597328326131019,0.09583,0.0962,0.09798,0.10004,0.10297,0.10684,0.1927,0.1873,0.18138,0.17470630213388044,0.16823,0.16044,0.15501,0.14858,0.14157,0.13597,0.13009,0.12453,0.11944696608648248,0.11447
14-01-2026 10:20,25678.3,0.10372,0.10513,0.10303,0.10170425618166586,0.10031953868813812,0.09907576205393898,0.0978671135010713,0.09691,0.09739,0.09767,0.09961,0.10116,0.1043,0.10754298365279152,0.19099,0.18559,0.17988,0.17317724167470738,0.1665663444483756,0.15996,0.15296,0.14653,0.13984,0.13415038606341131,0.12823,0.12243,0.11744111061502091,0.11263
14-01-2026 10:25,25683.35,0.11226,0.1016,0.10787,0.10482,0.10177,0.10035,0.09895,0.09843,0.0983,0.09991326179831916,0.10116226552016044,0.10186,0.1049689691531165,0.10844,0.19196782829728856,0.18579,0.1799,0.17316,0.16659438236726143,0.16007490061879448,0.15358,0.14678,0.13968,0.13383,0.12811,0.12257,0.11735928799907545,0.11248797554643747
14-01-2026 10:30,25678.05,0.12110670563188358,0.11626,0.10899,0.10657732445688381,0.10338,0.10162,0.09964,0.0987,0.09904,0.09899,0.10027,0.10246,0.10486540392027235,0.1080167608687972,0.19074,0.18499984938219596,0.1790407699179655,0.17312,0.16651,0.15966,0.15311,0.14679,0.1393,0.13366047335975095,0.12789595815568877,0.12215,0.1173,0.11275354191403647
14-01-2026 10:35,25689.95,0.10832,0.09949,0.10136,0.10068,0.09942262096406297,0.09815172009531903,0.09648,0.09581,0.09623,0.09635,0.09811,0.100829167170219,0.10299,0.10671,0.19281,0.18704076295859698,0.18115,0.17454,0.16705,0.16122,0.15448605956189243,0.14768,0.1408,0.13523153557292594,0.12932,0.12382,0.11923,0.11379
14-01-2026 10:40,25691.8,0.11136,0.10507791960431156,0.10051,0.10065,0.09917736418493785,0.09689,0.09659553703715927,0.0955,0.09586,0.09625,0.09803,0.10053823897991533,0.1033,0.10659767691222757,0.1875134550690268,0.18382,0.18047,0.173810221497268,0.16723,0.16062080819806634,0.15412,0.14729705020017703,0.14032,0.13492,0.12911,0.12368,0.11915,0.11372
14-01-2026 10:45,25665.9,0.12,0.12893,0.12203083542159576,0.11674136745269928,0.11121,0.10756,0.10468,0.10497902515882235,0.10243,0.10173,0.10360770873384924,0.10481,0.10705,0.10613889186610387,0.18956,0.18173,0.17660919040494305,0.17155,0.16428,0.15752,0.15107,0.14471,0.13836021807363055,0.13147,0.12598818525513608,0.12011511167132802,0.11442525625255456,0.10912
14-01-2026 10:50,25695.5,0.11950942186198671,0.11491200055842395,0.11080362349597961,0.10709,0.10433,0.10152,0.10044095323563154,0.09879,0.09854,0.0981,0.09968,0.1015,0.10402,0.10765,0.19225,0.18417,0.17956634586687137,0.17509,0.16724,0.16058683843922156,0.15422,0.14724,0.14014,0.13414,0.1286657494458766,0.12272,0.11782,0.11208
14-01-2026 10:55,25706.35,0.12571719550675986,0.12225,0.1192,0.11476,0.11089,0.10792,0.10453,0.10279,0.10175,0.10116,0.10137795532315176,0.10210460885304234,0.10329151313216027,0.10489904883178922,0.19233,0.18808,0.18066,0.17386,0.16693,0.16001,0.15406,0.14742331530531483,0.14075650921320057,0.13401,0.1278,0.12218,0.11673865506126911,0.11133
14-01-2026 11:00,25720.95,0.1160491718930328,0.11411,0.11064,0.11044,0.10742940934523243,0.10416,0.102,0.10027,0.09959,0.09996933768397295,0.09964,0.10167440350595991,0.10388917561798575,0.10674,0.19353,0.1893,0.1819,0.17508782829137187,0.1684,0.16132,0.15525,0.14887,0.14143,0.13526,0.12984,0.12437961600761169,0.11881,0.1133
14-01-2026 11:05,25733.0,0.10822,0.10538364665276523,0.10324,0.10313,0.10013,0.09901,0.09724,0.09648,0.09706487156643538,0.09743980168129562,0.0972,0.09941061066979989,0.10148,0.10476,0.19424,0.18756,0.18193908395311825,0.17638,0.16928,0.162927941108303,0.15666,0.14971627131423532,0.14271,0.13656,0.13103480769284076,0.12527,0.1207,0.11524
14-01-2026 11:10,25729.2,0.11939304357735056,0.11287,0.1079146235352536,0.10339,0.10069,0.10064,0.09912009705060482,0.09713,0.09661,0.09677,0.09802,0.09974,0.10185,0.10552,0.19367,0.18728,0.18152259599792903,0.17587,0.1686,0.16208841388706902,0.15559,0.14893729087071403,0.14213,0.13557,0.13036,0.1245,0.11983,0.11424
14-01-2026 11:15,25736.25,0.1227,0.11967,0.11314,0.10997127802043094,0.10627,0.104,0.10180824014387838,0.09912,0.09905184562653983,0.09792,0.09883,0.10029,0.10227,0.10531,0.19426,0.18858017536554988,0.18279,0.17617620842351725,0.16958458580705932,0.1629075343372422,0.1561835315783273,0.14942257404213888,0.1426827424094641,0.13617,0.13027,0.12416,0.11944,0.11401
14-01-2026 11:20,25743.15,0.11527,0.10984485199280682,0.10532,0.10387,0.101660187033263,0.09925,0.0978055458484664,0.09618,0.09677127370437945,0.09686403484746806,0.0966,0.09831,0.10072,0.10436,0.19870553662918103,0.19112831670258493,0.18407,0.17689,0.17059,0.16352,0.15708185413499126,0.1506,0.1439951961888113,0.13718,0.1315361487045066,0.12569,0.12109,0.1169214474253017
14-01-2026 11:25,25735.0,0.14145,0.13595,0.1285537521946178,0.12083,0.11546,0.11145,0.10785,0.10508,0.10308,0.1017,0.10284834946550533,0.1029,0.10451,0.10766,0.19335,0.18762646733671773,0.18168008873870972,0.17581,0.16909854218407794,0.16249,0.15525,0.14864,0.14139,0.13528020836804677,0.12887,0.12345506775360143,0.11791,0.11163
14-01-2026 11:30,25773.9,0.10956,0.1073275008720126,0.10518,0.10342,0.10105,0.0986,0.09756780067181264,0.09597,0.09589990440990787,0.09497,0.09599,0.09744,0.09956,0.10308,0.19735,0.19179,0.1848065670548219,0.17783,0.17149787528469934,0.16516864110800505,0.15884420968729882,0.15251,0.14556,0.13901,0.13326,0.12717,0.12172988708636359,0.11643
14-01-2026 11:35,25764.1,0.11830795520520263,0.11474,0.10436,0.10401774494377437,0.1021,0.10035552439621201,0.09823,0.09693,0.09634,0.0972006916700182,0.09783380787930163,0.09809,0.10014,0.1038,0.19601,0.19019994432082915,0.18427,0.17768,0.17075,0.16422,0.15743752876521594,0.15067427703991007,0.14378,0.13784786083762796,0.13173,0.12584,0.12078,0.1158687694189012
14-01-2026 11:40,25766.75,0.11206,0.11197,0.10283,0.10171875471881145,0.09970956562162814,0.09738,0.09612,0.09588079013864886,0.0953405209194431,0.0944,0.09522,0.09699,0.09938,0.10209661921879644,0.19566,0.19021254410137373,0.18452,0.17749,0.1708,0.16376,0.15751258228492357,0.15119,0.14392,0.13791,0.13182,0.12638,0.12158,0.11609919790331094
14-01-2026 11:45,25761.25,0.11673,0.1271,0.12184,0.11623,0.11043,0.10852,0.10507,0.10246,0.10073,0.10064020493295558,0.09968,0.10056,0.10274454459472829,0.10536,0.19642,0.1902036718782159,0.18385,0.17684,0.17011562509849704,0.16342986429482484,0.15673,0.14998929743586725,0.14317,0.1364,0.13012,0.12415,0.11887,0.11271
14-01-2026 11:50,25775.3,0.11506,0.114,0.10875,0.10564,0.10242,0.10071563658284202,0.09879509945857776,0.09677,0.09612,0.0964671195805288,0.09608,0.09743,0.09925,0.1031,0.19669,0.19148,0.18503,0.17804,0.17138,0.16455,0.15768,0.15144,0.14437,0.13776,0.13182,0.12587,0.12084,0.11599493399115098
14-01-2026 11:55,25774.6,0.11398940668621288,0.11031,0.10639,0.10405,0.1020422348732184,0.09990842469652472,0.09762,0.09612,0.09519,0.09483,0.09565,0.09697,0.09954185350550723,0.10248,0.19695,0.19145,0.18547,0.17822,0.17143501093585192,0.16469,0.1579778278110613,0.15125,0.14432,0.1376,0.13192124959591653,0.12598,0.12121,0.11488
14-01-2026 12:00,25786.0,0.11914,0.11363,0.10792,0.1031,0.10041,0.09901,0.09688,0.09496,0.09519,0.09431,0.09502,0.09632,0.09834,0.1006839623908183,0.20082918309791556,0.19369,0.1862,0.1792,0.17253,0.1657,0.15923541729878588,0.15274,0.14553,0.13882,0.13311,0.12663818931909948,0.12054864977989158,0.1146309791612051
14-01-2026 12:05,25782.1,0.09027,0.09366,0.0915,0.09297,0.09174361209776273,0.09081,0.09084,0.09005,0.09074,0.09041,0.09152,0.09303,0.09522,0.09766231749987278,0.19731,0.1934,0.1859,0.1789,0.17183,0.16591,0.15923859653766084,0.15254,0.14577550990471919,0.1388,0.13323,0.12721,0.12177224068999115,0.1165
14-01-2026 12:10,25757.05,0.10055,0.09797479820286907,0.09609,0.09666,0.0950946612119798,0.09342,0.09262,0.09255577949491664,0.09217,0.09183,0.093,0.09496100692294056,0.09712,0.09949212853964197,0.19533,0.18983,0.18385,0.17681,0.1701,0.16392,0.15709642589317682,0.15027,0.143772549280968,0.13719,0.13165119984251428,0.1260576633354344,0.12074,0.11590089141974283
14-01-2026 12:15,25735.55,0.13328,0.12758,0.1184,0.11589,0.11096,0.1068,0.10404,0.1013,0.10004,0.09863,0.09886,0.09992,0.10181,0.10410934605308277,0.19479,0.1881,0.18209,0.17545,0.16845663306018255,0.16153,0.15534,0.14824954048687589,0.14112,0.13424,0.1283525570392237,0.12224,0.11707,0.11081
14-01-2026 12:20,25771.55,0.1023,0.1010226427773778,0.1001,0.101,0.09756,0.09538,0.09424,0.09268,0.09315,0.09221,0.09321,0.09496,0.09765496557067327,0.10063,0.19843537702937156,0.1916261705473499,0.18486,0.17808,0.17138,0.16458338958312507,0.15779,0.15149,0.14413,0.1375,0.13194,0.12591,0.12073,0.1149
14-01-2026 12:25,25768.3,0.09490557611864232,0.09486,0.09492265381449251,0.09486582764257076,0.09506,0.09384107357308635,0.09249,0.0922015756770436,0.09157,0.09139,0.09257,0.0943,0.09665,0.1007,0.19718,0.19055,0.18437254781294782,0.17826,0.17113,0.16479,0.15784,0.15098412917237441,0.14397,0.13743,0.13211,0.12657383276577008,0.12103,0.11485
14-01-2026 12:30,25761.1,0.11558,0.11165,0.10489,0.103,0.10078,0.09835,0.09689358601769005,0.095,0.09442,0.09373,0.09423,0.09648981415850039,0.09883040127541826,0.10178,0.19663,0.19049125630307343,0.18428,0.17767,0.17053,0.16389035584897071,0.15721,0.15086,0.14382,0.13687,0.13141,0.12569317515226708,0.11991,0.11385
14-01-2026 12:35,25772.4,0.10931,0.10503393049149266,0.10127,0.10026598241917983,0.09876,0.09708,0.09512,0.09458915320431607,0.09386592556363618,0.09275,0.09373,0.09505,0.09732,0.10095,0.19727,0.19104013203854822,0.18476,0.17821,0.17132,0.16501,0.1584,0.15149,0.1445803473290712,0.13741,0.13187,0.12605,0.12072,0.11455
14-01-2026 12:40,25773.6,0.10821,0.10386,0.09096,0.09325755373120839,0.09216,0.09167,0.09025,0.09012,0.09045,0.09024,0.09158,0.09359,0.09584,0.09976,0.1968,0.19185,0.18489,0.17812,0.17105,0.16496,0.15756,0.15147,0.14452,0.13765,0.1325,0.12644,0.12137,0.11562
14-01-2026 12:45,25759.5,0.11368,0.11393,0.09807,0.09706,0.09704907493333008,0.0955431372154533,0.09415449196781502,0.09254,0.09219,0.09209,0.09296,0.09488,0.09773504701258831,0.10092,0.1954,0.18913,0.18278,0.17652,0.16967,0.16304,0.15649,0.15006,0.14284,0.13609,0.13091,0.1254649632118609,0.11999,0.11509634583580229
14-01-2026 12:50,25748.9,0.10486,0.10811,0.10082,0.09988,0.097,0.09505,0.09366,0.09266,0.09275,0.09235,0.09386734915753248,0.0954394804427367,0.09774,0.10032148804168246,0.19487,0.1883,0.18241,0.17587,0.16858,0.16249,0.15557,0.14939,0.14237,0.13565,0.12996,0.12470871634237427,0.11933,0.11358
14-01-2026 12:55,25745.55,0.11091,0.10514218952628682,0.10093,0.1015,0.09815,0.09708,0.09598935600720834,0.09436,0.09441,0.09361,0.09441,0.09609,0.09843,0.10213,0.19463,0.18826783996498778,0.18182962994931673,0.17539,0.16871,0.1620655851848955,0.15545,0.14925,0.14182,0.13512,0.12983,0.12381,0.11826889634627424,0.11285
14-01-2026 13:00,25748.1,0.09798,0.10045,0.09840182225838859,0.09678,0.09641,0.09495229511033343,0.09337338172990173,0.09184,0.09217,0.09207,0.09353714591300707,0.09521450632394723,0.09743,0.10020496072562816,0.19456,0.18828,0.18215,0.17563,0.16856,0.1621,0.15553,0.1495,0.14233,0.13636329487638432,0.13032982401766707,0.12426,0.1192,0.11346
14-01-2026 13:05,25745.45,0.11027,0.10808,0.10248,0.10342,0.10022,0.09776,0.09621258509281512,0.09438,0.09420957179558775,0.0935,0.09480724086204893,0.09618869641726788,0.09809,0.10081220497418802,0.19438,0.18967,0.18269818708056637,0.17570712575327302,0.16875,0.16242,0.15593766627415004,0.14955,0.1421,0.13525,0.12960013501451043,0.12357111787484265,0.11777964748306821,0.11245
14-01-2026 13:10,25759.75,0.10591,0.10061593070998119,0.09628832913713381,0.09214,0.09087,0.09034,0.09019028683094901,0.08994207023403046,0.08954,0.08952,0.09095,0.09299,0.09572047221305802,0.09923668059543828,0.19555,0.18954,0.1829499036113021,0.17643,0.16959,0.16298,0.15629,0.14989,0.143505803508339,0.13711933408170401,0.13063,0.12497994722341489,0.11923,0.11368
14-01-2026 13:15,25750.25,0.10764540706103302,0.10412,0.09486,0.09505,0.09380094936905392,0.09183,0.09129880179550288,0.09045,0.09071,0.09189265167773558,0.09301936204997996,0.09384,0.09639,0.1006,0.19451,0.18906,0.18210246506789557,0.17521,0.168,0.16181,0.15514,0.14846,0.14200924869026105,0.1353,0.12964527692464067,0.1237,0.11871,0.11297
14-01-2026 13:20,25735.95,0.09186947130200375,0.09088,0.09116,0.08927,0.08931,0.08892,0.08832,0.08898160456588838,0.08918,0.08953,0.091,0.09341,0.09618,0.10013,0.19369,0.18739,0.18099,0.17447,0.168,0.16147,0.1548418624053297,0.14818,0.14205386823023342,0.13591887884141318,0.1298,0.1243158409554963,0.1188292768047231,0.1135
14-01-2026 13:25,25715.5,0.10688934061346902,0.10317,0.09996,0.09726,0.09595403802162705,0.09414,0.0929,0.09245,0.09268,0.09269,0.09386,0.09613,0.09889911923614575,0.10272213034894752,0.19148,0.18548,0.17932,0.17266010382369096,0.16606,0.16005,0.15318,0.14687,0.13997,0.13412348479866232,0.12802,0.12258441661225884,0.11702,0.11145
14-01-2026 13:30,25717.15,0.09616930589960986,0.09475,0.09061,0.09135,0.09055,0.09015449488814484,0.08954,0.08944,0.09027,0.09078,0.09261,0.09503,0.09794,0.10100276841364406,0.19223,0.18563,0.17948,0.17315,0.166419470891588,0.15973490598038553,0.15304,0.14662,0.14002,0.13347,0.12812133387266916,0.12246,0.11762,0.11212
14-01-2026 13:35,25708.2,0.05948,0.07823,0.08042,0.08092149562269368,0.08287,0.0839971866391681,0.08537,0.08643,0.08774,0.08909,0.09137,0.09426,0.09755,0.1022,0.19078785319429187,0.18439,0.1777240474302576,0.17137424699104978,0.16508,0.15979,0.15256,0.14732,0.13992,0.13409,0.12937,0.12376,0.11973,0.11529948310568469
14-01-2026 13:40,25665.9,0.10071,0.09837,0.09493,0.09387,0.09348160768735239,0.09264,0.09251,0.09227,0.09341538668892786,0.09393,0.09605,0.09887,0.10199,0.10574011866541724,0.18757,0.18096,0.17549,0.16884,0.16204,0.1559,0.14907,0.14353,0.13648,0.13084,0.12553,0.12008,0.11569,0.1107
14-01-2026 13:45,25656.25,0.10367,0.10254617950254742,0.10121904848494437,0.0999,0.0979,0.09681,0.09591,0.0953,0.09579,0.09621,0.09629240565042914,0.09664981991506506,0.09706041466865013,0.097477819340109,0.18711,0.18019,0.17471,0.16823268706880817,0.16172840317037068,0.15523,0.14883919064326598,0.14238,0.1364554915789363,0.1303866578230323,0.12448532484231187,0.1186,0.11398,0.1087449684656806
14-01-2026 13:50,25665.25,0.08603,0.08404,0.0858607922308989,0.08744,0.0876898933644669,0.08812,0.08863,0.08953,0.09086,0.0925,0.095,0.09857534320382376,0.10184,0.10613,0.18786,0.18174,0.17618,0.16967,0.16278,0.15688,0.14995,0.14441,0.13772,0.13229,0.12693,0.1225872910149223,0.11809,0.11319
14-01-2026 13:55,25642.0,0.10251845561006595,0.10086,0.09857,0.09824,0.0967,0.09515,0.09469,0.09448,0.09575543170325057,0.09621,0.09896460549803013,0.10106,0.10456,0.10902,0.18594488628000067,0.18037,0.17471,0.16832,0.16115,0.15548,0.14814,0.14237,0.1361538779612142,0.12968,0.12442,0.11968404630791543,0.11485,0.10964
14-01-2026 14:00,25653.3,0.09106,0.09305,0.09194,0.09174,0.09191,0.0917,0.09176,0.09207,0.09317,0.09423,0.09663,0.0998,0.10317,0.10727671602796612,0.19094300397842412,0.18354126320172953,0.17613,0.16951,0.16215,0.15569,0.14958802394207887,0.14337499681633875,0.13705,0.13132,0.12603,0.12032,0.11666,0.11162
14-01-2026 14:05,25642.2,0.10935471941856914,0.10608,0.10346,0.1008,0.09905,0.09805277681290986,0.09658,0.09708357393543506,0.09667,0.09731,0.09943,0.10212,0.1057309265627045,0.10957,0.18748,0.18169,0.17510318777497086,0.16858,0.16157,0.1551952805197923,0.14877,0.14293,0.13565,0.13020093841572125,0.12464559163082087,0.11904,0.11449,0.10944
14-01-2026 14:10,25650.55,0.11123,0.10818,0.10361,0.10363,0.10124,0.09965538184712538,0.09766,0.09692,0.09754,0.09775,0.09953,0.1022,0.10529,0.10937,0.18791,0.18165,0.17572,0.16891,0.1620798090466331,0.15532198170017805,0.14853,0.14219,0.13568,0.129,0.12359300498330207,0.11783,0.1132,0.108
14-01-2026 14:15,25666.25,0.09477,0.09208016722593577,0.09021,0.09398,0.09103,0.09079,0.09055,0.09228103223502196,0.09346779438765151,0.09495887025381752,0.09585,0.09888,0.10243,0.10630618385000636,0.1892,0.18290471043589357,0.17661,0.17028,0.16316,0.15707,0.15028,0.14447,0.13808013586766504,0.13139,0.1261,0.12108,0.11656,0.11181
14-01-2026 14:20,25637.25,0.09594,0.09529,0.09429,0.09333,0.0932,0.09295066104201966,0.09228,0.09263,0.09413,0.09507,0.09762,0.10069,0.10407,0.10859,0.18715,0.1816,0.17531,0.16882,0.16174,0.15595,0.14962818407226436,0.14326,0.13611,0.13071,0.12553,0.1207826951805755,0.11614,0.11197585841027005
14-01-2026 14:25,25618.75,0.11219,0.10809,0.10566,0.1036,0.10199436620957392,0.09998,0.09881,0.09824,0.09913,0.10094951832746683,0.102,0.10473,0.10795,0.11216,0.18610123304416323,0.18008,0.17398,0.16744,0.15996,0.15398,0.14712,0.14151,0.13442,0.12884,0.12349,0.11826,0.11355,0.10886
14-01-2026 14:30,25626.9,0.10999,0.11111,0.10747207580443291,0.10374,0.10118,0.09924,0.09838,0.09794,0.09927775328795255,0.1004415869266957,0.10151,0.10444,0.10615984690123985,0.10888751138708529,0.18745,0.18131518825430198,0.17513,0.16799591191961982,0.16088,0.15454204079107153,0.14774,0.14170828228626992,0.13513,0.12921,0.12382,0.11804,0.11198498109014879,0.10627087203719102
14-01-2026 14:35,25635.8,0.12229,0.11516,0.11152,0.10821963490649744,0.10454,0.10167,0.10125441260412113,0.10056406110736475,0.09944,0.10087950777340668,0.1019,0.10451,0.10797194945712967,0.11165,0.1871,0.1813,0.17480171230155078,0.16836,0.1615,0.15518425223165172,0.14888104138948421,0.14255,0.13502,0.12908,0.12364,0.11850764821732968,0.11329,0.10781
14-01-2026 14:40,25660.55,0.11727,0.10852,0.10617719538010122,0.10285,0.10016,0.09882,0.09799128817805496,0.09656,0.09711,0.09738,0.09949,0.10216,0.10515,0.10935,0.1897,0.18509,0.17806088937775022,0.17087588578009905,0.16369,0.1569095608130059,0.1501394755480345,0.14348602695284568,0.13687,0.13099787183370898,0.12521158653503442,0.11945,0.11431002680132389,0.10926
14-01-2026 14:45,25696.2,0.10274,0.09888,0.09835581069995977,0.09749153539060405,0.09661,0.09562,0.0946915888524697,0.09361,0.09452,0.09663234789753786,0.09865990405540574,0.10091802625130611,0.10308,0.10702,0.19234,0.18584,0.17971,0.17297,0.16607,0.16036,0.15297,0.1463482263938376,0.13961,0.1337646314816529,0.12776978751685086,0.12184,0.11678,0.11193498950127041
14-01-2026 14:50,25697.1,0.10822237287953564,0.10479,0.10023,0.09933,0.09631,0.09571027599597898,0.09477979713767386,0.0936,0.09423,0.09482,0.09688,0.0998130908760981,0.10241,0.10623,0.19216,0.18568,0.17935,0.17286,0.1656,0.15962,0.15296347861608967,0.14629,0.13977227547601856,0.13314,0.1277925998438039,0.12232183667670837,0.11689,0.11105
14-01-2026 14:55,25696.05,0.09894,0.09640575920466465,0.09428207830083915,0.09216,0.09151588610795419,0.09065,0.09068,0.09041,0.09135,0.09226,0.09503014192360831,0.09741,0.10102526639200456,0.10479,0.19065,0.18713,0.17834,0.1717741159055467,0.16539677318457513,0.15886,0.15208,0.14580513336428508,0.1393571892266816,0.13274,0.12714690046587662,0.1217,0.11517857472012344,0.10919494790909813
14-01-2026 15:00,25666.15,0.10545,0.10455235920065128,0.10359,0.10214,0.09894,0.09703,0.0966006165692612,0.09541,0.09563,0.09602,0.09841,0.10077,0.10414,0.10821,0.18846459763275936,0.18161,0.17703,0.17003428122564013,0.16314,0.1566675657837951,0.15014,0.14397,0.13713,0.13145643030055526,0.12537,0.11968,0.1144,0.10874
14-01-2026 15:05,25690.25,0.07851,0.09021,0.08915,0.08960385726257394,0.09116,0.09067,0.09081,0.09139,0.09267,0.09359,0.09631,0.0996721644937687,0.10261,0.10675,0.19082,0.1850190506800973,0.17908,0.17234,0.16507,0.15907,0.1527452724388949,0.14637,0.13923,0.13364,0.12838299276938808,0.12283,0.11837,0.11334
14-01-2026 15:10,25672.65,0.09847,0.09817,0.09722,0.09623243771695644,0.09517,0.0947,0.09444,0.09436,0.09494,0.09609,0.09884233330545242,0.10099,0.10445,0.10834,0.18913,0.18298,0.17669,0.16991777713105471,0.16318,0.15736,0.15017,0.14421153985402935,0.13802,0.13275125192761086,0.12719,0.12230590311893466,0.11733,0.11239
14-01-2026 15:15,25654.0,0.11178,0.10719,0.10507329851863932,0.10284766596381786,0.10052,0.09908,0.09815,0.09838146008842244,0.09775,0.09948991899533763,0.10062,0.10284,0.10571,0.11003,0.1885,0.18147,0.17584,0.16886,0.16139,0.15588,0.14949649332561454,0.14301,0.1370994978640471,0.13112360765277056,0.12509,0.11969,0.11511,0.11051427710814637
14-01-2026 15:20,25659.6,0.11709268304949517,0.1131,0.10901,0.10678,0.10388,0.10162,0.10026,0.09934,0.09887,0.10041377075255722,0.10162,0.10446064672102004,0.10723506829337785,0.11045,0.18926,0.18298,0.17657,0.16936,0.16209,0.15706,0.14917,0.14304862986696013,0.13668,0.13113,0.12563285891694068,0.11996,0.1153,0.11002
14-01-2026 15:25,25670.6,0.10599479858595331,0.10381,0.10346,0.10035,0.09914,0.0972,0.09624,0.09617,0.09556,0.09666,0.09979,0.10179,0.1054097409681519,0.1093911806657287,0.19156,0.18505301524524653,0.17797,0.16772,0.1662,0.15985,0.15004,0.145,0.13942747487344978,0.13353,0.12719,0.12262613019197069,0.1184,0.11383980995669486
16-01-2026 09:15,25709.45,0.14811,0.1397864106627885,0.13172,0.12472,0.11844,0.11432,0.11122078935966576,0.10759,0.1073738045247368,0.10634209093215224,0.10516,0.10618,0.10852,0.11139756338306075,0.19805452640236143,0.19189,0.18628,0.1791133077439621,0.17185189263330378,0.16453158288058278,0.15732,0.15113,0.14345,0.13686,0.13099590799315078,0.12493,0.11915965276712703,0.11341
16-01-2026 09:20,25731.8,0.1214343014434165,0.11626,0.11116318097210894,0.10672,0.10463,0.10219017698539012,0.09945,0.09803,0.09820023791571444,0.09736,0.09921990986630316,0.1004,0.10317,0.10711,0.2002,0.19314,0.18561402441459038,0.17813188148486805,0.17063,0.16430330353570544,0.15790884144749573,0.15158,0.1446697134066594,0.1377,0.13194752105914476,0.126,0.12076559465511162,0.11561
16-01-2026 09:25,25713.95,0.13856,0.1302061608873472,0.12231,0.11753510142316413,0.11239942050422683,0.10721,0.10394,0.10164,0.09945,0.10012872745596707,0.09971,0.10127862069420521,0.1032,0.10615227851274045,0.19718,0.19095,0.183,0.17458,0.16717,0.16118,0.15412,0.14773,0.14144498489456955,0.13506635082111773,0.12856,0.1223,0.11729,0.11163675327165101
16-01-2026 09:30,25717.25,0.12074,0.11467,0.10708,0.10613513317989809,0.10414,0.10137897944681387,0.09836,0.09737367973197113,0.09606709912016967,0.09457,0.09555,0.09727,0.09987,0.10408,0.1961546302495873,0.18833,0.1813,0.17333,0.16636,0.1597858682754804,0.15310783892351748,0.14636,0.13917,0.13305,0.12774,0.1223485867331984,0.11695,0.1119579442714807
16-01-2026 09:35,25703.5,0.12154,0.11664578923622498,0.11176,0.10671,0.10359,0.10087,0.09855,0.0969,0.09574,0.09533,0.09651,0.09915513330855807,0.10178209542024964,0.10491,0.19475,0.1872,0.1815,0.17436241685285342,0.16719523989011498,0.16004,0.15277,0.14565,0.13886,0.13325,0.12755129415659747,0.12168,0.11707,0.11222260836144313
16-01-2026 09:40,25700.0,0.14571,0.13989,0.1281,0.12149,0.11634,0.11163,0.10743,0.10468074951597245,0.10102,0.10107664485092649,0.09978,0.10071,0.10264,0.10525772214760488,0.1957,0.18768,0.18044533521734746,0.17314,0.16648105554144882,0.1597545098308585,0.15311,0.14438,0.13719,0.13049,0.1244,0.11798,0.11307,0.10711
16-01-2026 09:45,25718.5,0.13848,0.13252,0.12641450347520533,0.12012,0.11514,0.11078,0.10724491214944637,0.1033,0.10248803359035358,0.10098082194638394,0.09937,0.10053,0.1021,0.10471790572932506,0.19647,0.18993656601641837,0.18317,0.17508,0.16795,0.16145,0.15485,0.14670508131949628,0.13866,0.1313,0.12550577048062053,0.119552767405597,0.11363,0.1077
16-01-2026 09:50,25745.0,0.13175,0.12499,0.1200881946882035,0.11551278779497506,0.11100477263987067,0.10664470001034995,0.10213208791620597,0.09899,0.09725786298929505,0.09574,0.09681607676940979,0.09708,0.09913,0.10256,0.19912,0.19269930111697048,0.18614,0.17893,0.17178937124491928,0.16483,0.15817,0.14905,0.14158,0.13425,0.1278,0.12183908963801054,0.11573,0.10952
16-01-2026 09:55,25750.1,0.12116,0.11604599537140678,0.11128623532293827,0.1068696580942955,0.10247,0.0996894781925639,0.09694,0.09563514646200556,0.09414308865367767,0.09265,0.09316,0.0946,0.09667924960022696,0.09961493914954304,0.20037350786333646,0.19348,0.18643282084521312,0.1794,0.17245414439953605,0.16556,0.15846,0.15053897116993614,0.14261,0.13492,0.1286,0.1226014267317264,0.11654139572163338,0.11059
16-01-2026 10:00,25740.5,0.14949,0.14199,0.13267164770436085,0.12292,0.11662,0.11173,0.10763,0.10511549722851789,0.10223792246838322,0.09937,0.0992,0.10044,0.10201985334170216,0.10487678312461396,0.2,0.19313161302559145,0.1861595534255937,0.17918,0.17187,0.16482324923107688,0.15801,0.14887,0.14153,0.13353,0.12685,0.12,0.11433,0.10878344159561604
16-01-2026 10:05,25754.15,0.13591483246589428,0.1307,0.12569,0.11996,0.11346,0.10990489886011684,0.10556,0.10204,0.09952,0.0992718407387774,0.09824,0.09963,0.10191344497655647,0.10536537382533621,0.19997,0.19314,0.18653289638388282,0.1799049299373658,0.17338,0.16645,0.15828907743498505,0.15018,0.14269,0.1349,0.12799,0.12180942983454496,0.11577,0.11035575356711852
16-01-2026 10:10,25768.1,0.15031,0.14080716912991265,0.13225688983312534,0.12358,0.11846002648487958,0.11277,0.10856,0.10474,0.10237,0.10155484276086439,0.0998,0.10087,0.10341057008999499,0.10645,0.20237,0.1960360356424078,0.18954,0.18223,0.17517,0.16822,0.16104,0.1521,0.14493,0.1377556989635214,0.13049511020954,0.12319,0.11662856704722985,0.11015
16-01-2026 10:15,25809.45,0.17053,0.15923827158012294,0.14845,0.13976,0.13346,0.12639,0.12041,0.11533,0.11290345844955804,0.10915,0.10741,0.10778,0.10879,0.11096348477377783,0.20664125724237947,0.20007,0.19377,0.18647,0.17941,0.17247,0.16458536343216468,0.1568038170569715,0.14892,0.14084,0.13404,0.1272,0.12082,0.11367
16-01-2026 10:20,25841.8,0.15819,0.14716,0.13899,0.1317614850174993,0.12373,0.11962480707372995,0.11434,0.11131764058664834,0.10763,0.10463,0.10322,0.10351,0.10495602945800492,0.10678,0.2109332022447554,0.2039,0.19723,0.18991,0.1831,0.17571992152610497,0.16842808788158514,0.161035877441277,0.15362,0.14545,0.13869707182281224,0.13178,0.12547,0.11796
16-01-2026 10:25,25852.75,0.16242,0.14949,0.13989730644811035,0.12939,0.12252,0.11715,0.11283,0.1087,0.10616109116714563,0.1027,0.10127,0.10126,0.10209,0.10385226567645486,0.2119,0.20486,0.19795280116513184,0.1911223237584926,0.18425984836854653,0.17728108249947344,0.17022,0.16149,0.15426267839444038,0.14685,0.13984995325046992,0.13271,0.12637,0.11951129710682101
16-01-2026 10:30,25857.6,0.15034,0.13945,0.13272829437015593,0.12591335773762302,0.11883,0.11293,0.10892,0.10626504663517469,0.10288,0.10016,0.0989,0.09916,0.09982,0.10275,0.21194,0.20495,0.19833,0.19135,0.18415943501625853,0.17715,0.16943391366323374,0.16177,0.15466,0.14751,0.1405335325281083,0.13347,0.12712,0.11996
16-01-2026 10:35,25863.75,0.14219421410212826,0.13696322934971553,0.13121,0.12583,0.12005969378397749,0.114,0.10955,0.10609,0.10326,0.10069,0.09935,0.1004427398797221,0.1013076916451966,0.10294,0.21288,0.2055,0.19871082911808968,0.19191,0.1849790561756332,0.1782,0.17108,0.16276,0.15562,0.14813,0.14179,0.134990843719482,0.12811,0.12133312224085248
16-01-2026 10:40,25871.4,0.11897,0.11633,0.10899,0.10727,0.10349,0.10199,0.0993,0.09748330877507405,0.09528,0.094,0.0946592138995308,0.09435,0.09576,0.09883,0.21243143671041415,0.20618,0.1999,0.1929,0.18588947157539298,0.17892,0.17202,0.16466727114767132,0.15729746251474513,0.14995200608591142,0.14258,0.1358705505224908,0.12916,0.12225
16-01-2026 10:45,25855.55,0.13543732779404297,0.13244,0.12971,0.12357,0.11755,0.11201,0.1082,0.1044,0.10165,0.09939,0.09839,0.09844,0.09942,0.10234,0.21214985044166348,0.20522,0.19822362412570133,0.19125,0.18446,0.17775,0.16997808513739682,0.16223,0.1550330019595363,0.14768,0.14126,0.13444086436899647,0.12765,0.12038
16-01-2026 10:50,25847.05,0.14577,0.13897,0.130621173084418,0.12192,0.11503,0.11031,0.10605,0.10261,0.10005,0.09882807837258159,0.09713,0.09854929897316525,0.09970808404358733,0.10168,0.2108,0.20382,0.19754,0.19054,0.18315198910631586,0.17579979278598912,0.1684489721157175,0.16107,0.15389926131839315,0.14671,0.14015,0.13314,0.12674,0.12026407917752119
16-01-2026 10:55,25842.9,0.14318,0.13414688057635643,0.12592571406862163,0.11842332094240055,0.11107,0.10684,0.10402877047041778,0.101258112442432,0.09825,0.09726882483662556,0.09575,0.09636,0.09761,0.09944909640861839,0.21134975771828549,0.20419215693975296,0.19721,0.18991,0.18300388061345946,0.17618,0.16946,0.1609,0.15371,0.14662,0.14015,0.13331705101767855,0.1265,0.1194
16-01-2026 11:00,25831.1,0.14914,0.13762471206865773,0.12683,0.1186,0.11429189763705663,0.10897,0.10495,0.10159,0.10006622095669775,0.09826576779617704,0.09635,0.09695,0.09896981477103148,0.10148,0.21130756230058695,0.20402960920077629,0.19686,0.1892,0.1821,0.1756,0.16787804208058313,0.1602,0.15294,0.14593,0.13922,0.132459748087414,0.12568656359827948,0.1189
16-01-2026 11:05,25828.0,0.15898,0.1481747815663024,0.13754,0.1275,0.11895,0.11447767120458634,0.10883,0.1061598591409299,0.10239,0.10088761242400214,0.09879,0.09902,0.09998,0.10179865488437455,0.2093,0.2023,0.19561402685213658,0.18895,0.18185,0.17451794443708063,0.16723884344358117,0.15993,0.15249,0.14534,0.13853,0.13165,0.12519,0.11879214060762666
16-01-2026 11:10,25825.7,0.12658389822785757,0.12163,0.11516,0.11241,0.10882482673164567,0.10493,0.10230255094644827,0.09914,0.09781414027563312,0.09583,0.09518,0.09622,0.09783,0.1011,0.20774157224920112,0.20105,0.19433919814922207,0.18761,0.18088,0.1747,0.16794,0.15954,0.15263,0.14559,0.13948,0.13255,0.12667,0.12009
16-01-2026 11:15,25823.0,0.1177373059541509,0.11791,0.11802,0.11308,0.10815,0.10492,0.10203367827141521,0.09876,0.09692,0.09702659405754228,0.09669484713340273,0.09583,0.09765,0.1011,0.20775,0.20076023917019653,0.19365,0.18588,0.17922738621376955,0.17256,0.16557,0.15775,0.1512338681756734,0.14470198598224948,0.13830282358133758,0.13183,0.12581583801696328,0.11987
16-01-2026 11:20,25813.0,0.1374,0.12177,0.12075,0.11476,0.11077366438027487,0.10686307462222022,0.1025,0.10076604891330579,0.09837847703069591,0.0959,0.09673344578007609,0.09673,0.0982,0.10024098700125891,0.2054044081920755,0.19854,0.19162705777039873,0.1847574942118721,0.1779,0.17119,0.16423,0.15643,0.14976916221727815,0.14286,0.13693,0.130705244238121,0.12445,0.11825
16-01-2026 11:25,25811.55,0.14089,0.1292,0.12487,0.11889,0.11332,0.10936,0.10597,0.10340780166410002,0.1002,0.09808,0.09763,0.09884696640449976,0.09942,0.10261,0.20686,0.19845,0.19273,0.18494,0.1780148010110224,0.17117628538991927,0.16435,0.15612,0.14943,0.14258,0.1363434686291058,0.12987,0.1237084670003595,0.11761
16-01-2026 11:30,25823.8,0.15411,0.113,0.11435,0.10898,0.10735508810009417,0.102,0.09995,0.0975,0.09647,0.09487,0.09576270684354751,0.09594,0.09743,0.09936034565066534,0.20831,0.19913,0.19347,0.18572,0.17835,0.1713132813428631,0.16419966427755267,0.15688,0.15027,0.14366,0.13735992086266358,0.13085,0.12501,0.11873
16-01-2026 11:35,25810.0,0.12446,0.11967560444877554,0.11493,0.1107339150591265,0.10626,0.10419,0.10133,0.09905,0.09773145303919623,0.09597,0.09675966814862072,0.0965,0.098705786993311,0.10142,0.20388,0.19723,0.19164,0.18424,0.17716,0.17024,0.16336,0.15612374810417604,0.14879,0.14201,0.13607000360996396,0.12997,0.12389,0.11763
16-01-2026 11:40,25806.75,0.1389,0.12465,0.11892933012830226,0.11273828551417134,0.10622,0.10315,0.10062,0.09812,0.09705,0.09637497278332512,0.09532,0.09634,0.09776898126694113,0.10043899135201578,0.2045,0.19813,0.1924,0.1843,0.1769,0.16988762931165385,0.16281441621796944,0.15578806105771487,0.14868,0.14202,0.13598,0.12931,0.12373,0.11758
16-01-2026 11:45,25794.7,0.14051,0.13091,0.1245889426783702,0.11819442592167095,0.11249685688924776,0.10674,0.10424685838597282,0.10164234463903757,0.09913,0.0973,0.0968,0.09763,0.09919,0.10272,0.20353,0.1979,0.19069795379372018,0.18358,0.17642,0.16939672596982386,0.16245,0.15443,0.14754,0.14069,0.13437,0.12829019193317973,0.12260370119486273,0.11729522760332431
16-01-2026 11:50,25794.65,0.14526,0.13098,0.12389,0.11856733042179513,0.1119,0.10766,0.10416,0.10134,0.09948,0.09772,0.0971,0.09817,0.09991,0.10361,0.2067868743071299,0.19903165796358488,0.19142,0.18361,0.1764933539395914,0.1693840411945441,0.16225,0.15425,0.14738,0.14055,0.13438,0.12772,0.12185,0.11541
16-01-2026 11:55,25797.25,0.11929704573021965,0.11333,0.10804,0.10403,0.10069,0.09881,0.09739491137487283,0.09555,0.09487,0.09344,0.09498683626156451,0.09565,0.09765,0.10157,0.20337,0.1978,0.19065297896748473,0.18355,0.17697,0.17019,0.16317,0.15578025442997268,0.14836,0.1416,0.1352581344765804,0.12902,0.12312570895415141,0.1175065566971265
16-01-2026 12:00,25774.5,0.15412523998210428,0.14442,0.13569,0.12757,0.12190731803799201,0.11543,0.11063,0.10685,0.10463304992246765,0.10161,0.10242099497162027,0.10162,0.10292,0.10615,0.20194,0.19496101184634845,0.18796837548269701,0.18098,0.17393606598786715,0.16691,0.15966492864709883,0.1524,0.1455502341924709,0.1386,0.13247977016498555,0.12628342046859475,0.12011,0.11355
16-01-2026 12:05,25790.15,0.1533053584957701,0.14723,0.14181108025240416,0.13608,0.12841,0.12167,0.11736219354451838,0.11280358386240343,0.10792,0.10457,0.10442682579945825,0.10357,0.10446,0.10411418752317678,0.20295942937661476,0.1958938606991067,0.18882267774814646,0.18174,0.17471633893215083,0.16763530997835435,0.16055,0.15325670889918366,0.14594,0.13939,0.13276061251198565,0.12604,0.11988761465604686,0.1138
16-01-2026 12:10,25810.95,0.15056,0.14617826893030433,0.14114,0.13138,0.12354,0.11753,0.11338975151772272,0.1085,0.10668415153133623,0.10414556259201821,0.1017,0.10199,0.10283,0.10549,0.204830767923322,0.19712,0.19123,0.18259,0.1755571584164639,0.16842,0.16154,0.15399,0.14702,0.1405,0.13404207563746576,0.12742,0.12188,0.11579362362972989
16-01-2026 12:15,25821.3,0.141360303953909,0.13234,0.12675,0.11879,0.11084,0.10838,0.10527145011067168,0.1012,0.10007153963088217,0.09792,0.0971,0.0978,0.09951,0.10262,0.20592,0.19919,0.19151191757102703,0.18384,0.1764262850158682,0.16899958007527083,0.16166395510479797,0.15432,0.147724020203666,0.1412,0.13510228738784907,0.12898545644832865,0.12295271798159631,0.11702
16-01-2026 12:20,25815.75,0.14513,0.1334,0.12682651773778403,0.11959,0.1154416401500479,0.11065082970175251,0.10576,0.10238,0.1004,0.09856,0.09786,0.09855,0.09994,0.10298,0.20463,0.19809895105985298,0.19134,0.18306,0.17587,0.1688177841756957,0.1613,0.15467664650144775,0.14733,0.14068,0.13489,0.1287569841446406,0.12264,0.11623
16-01-2026 12:25,25811.0,0.07388,0.07556,0.07403,0.08059,0.0818,0.08406,0.08529,0.08605,0.08702,0.08707,0.08927787522728872,0.09116,0.09461938298382216,0.0983,0.20405754391094844,0.19641,0.19061,0.18234,0.17548,0.1685,0.16209,0.15553260746305692,0.14875,0.1430986050420744,0.13729979626612585,0.13181,0.12643417435761603,0.12138125858914817
16-01-2026 12:30,25738.6,0.15133006603806,0.14403,0.13703,0.12998,0.12139,0.11635,0.11184,0.10782,0.10574,0.10304,0.10422090640153361,0.10458711683664772,0.1046,0.10804,0.19935267396242679,0.19115,0.18304,0.17546,0.16765,0.16066788150336253,0.15365792768723002,0.1465,0.13999558947186128,0.1333,0.12759,0.12143,0.11626,0.11089609480699117
16-01-2026 12:35,25771.0,0.13271,0.11957,0.11999,0.11437,0.11076201599488948,0.10777299170842088,0.10476958590041022,0.10186850636579022,0.09874832726034216,0.09743,0.09815870276961641,0.09898,0.10074,0.10431,0.20304374689202828,0.1943666187859054,0.18619,0.17795,0.1699,0.16309,0.15609,0.14932,0.14276,0.13619,0.13059612343231108,0.12469,0.11993,0.11418
16-01-2026 12:40,25768.5,0.12022560072569799,0.11783,0.11523,0.11094,0.10513,0.10293,0.10153483046968534,0.0997298163951658,0.09773,0.09643,0.0967,0.09877173859589092,0.10039,0.10439,0.20219340872546557,0.19373,0.18564,0.17742,0.17031959345794884,0.16289,0.15638,0.14954,0.14292,0.13661,0.13136,0.12545,0.12058,0.11563416423000847
16-01-2026 12:45,25759.4,0.13574,0.12873,0.11727,0.11155,0.1062,0.10433202845757444,0.10183,0.10051098982671258,0.09912419718130389,0.09762,0.09900131438767296,0.1002435905000139,0.1015,0.10533,0.19968,0.1918,0.1841488207519434,0.17633,0.16985,0.16292,0.15605,0.14955,0.14262,0.13604,0.13044704086939746,0.1246,0.11940582526360927,0.11427
16-01-2026 12:50,25750.05,0.15113,0.1299,0.13151,0.12439,0.11706,0.1124,0.10845,0.10559,0.10395704592278805,0.10154,0.10259153594199086,0.10296903659333739,0.10427,0.10654202974797866,0.19893,0.19105,0.18448,0.17589,0.16936,0.16201027826215386,0.1545,0.14786,0.14082,0.13403,0.12818,0.12194,0.1167,0.11113
16-01-2026 12:55,25759.95,0.13098,0.11788,0.10878,0.10589426157079163,0.10147,0.10013,0.09918618246324229,0.09796368589147236,0.09661,0.09593,0.09607,0.09866,0.10065,0.10459,0.20021,0.19262434816806218,0.18499,0.1771,0.17085,0.16355,0.15686,0.14965,0.14307,0.13739881553028888,0.13163058213734097,0.12592564378784063,0.1202,0.11467
16-01-2026 13:00,25740.05,0.11584,0.11504,0.11089037308718898,0.1065,0.10353,0.10136,0.09962,0.09907841859569988,0.09828720432781309,0.09708,0.09784,0.09999,0.1022,0.10614,0.19876773765926362,0.19105,0.18404,0.17607,0.16912,0.16179,0.15459,0.1476,0.14155250589226342,0.13535904089284137,0.12932066005410087,0.12322,0.11839,0.11323
16-01-2026 13:05,25723.25,0.13718,0.12861696574132447,0.12073,0.11549,0.11086,0.10673,0.10355,0.10198,0.10077,0.0998,0.10027,0.10199,0.10432,0.10812,0.19679,0.18752,0.18262,0.17513065587357907,0.1674865405968342,0.15978,0.1526,0.14583,0.13886,0.13222,0.12679,0.12034,0.11524620396685065,0.11048
16-01-2026 13:10,25717.95,0.13131779033959734,0.12359,0.11648,0.11189,0.10762,0.10473,0.10293241168194461,0.10044,0.09986,0.09863,0.09951,0.10194356469626399,0.10385,0.10775,0.19595,0.18846,0.18113,0.17322,0.16633,0.15906,0.1519,0.14494,0.13801,0.13187,0.12626,0.12043,0.11581,0.11036
16-01-2026 13:15,25715.5,0.12546,0.12116,0.11688340953455485,0.1126,0.10896,0.10405,0.10250720709831503,0.10084187047152929,0.099,0.10014194672724017,0.10081741084847312,0.10146,0.10356,0.10763,0.19553478599346277,0.18802451408520449,0.18058,0.1731982597654107,0.16584,0.15866753337192696,0.15146,0.14411,0.13795860590296347,0.13172958923701117,0.12538,0.11965,0.11476,0.10943
16-01-2026 13:20,25705.4,0.12947,0.11802,0.11258,0.10834,0.10573960992832446,0.10232,0.10035,0.09896,0.09959806575050792,0.09973547241495415,0.09917,0.10128,0.10405,0.1082,0.1941066455982276,0.18625,0.17938,0.17117,0.16438,0.15744999717637265,0.15032,0.14401,0.13719,0.1314996727428095,0.12549,0.11984,0.11567,0.11096509124212951
16-01-2026 13:25,25670.15,0.14121944061860808,0.13456201527934614,0.12849,0.12313252664785133,0.11803,0.11384,0.11092567483585661,0.10745,0.10562,0.10372,0.10444,0.10609,0.10897446417538595,0.11306962051811165,0.19162,0.18420334841249886,0.17675,0.1690566839846555,0.16129,0.15456022000448352,0.1477174350232514,0.14091,0.13484,0.12774,0.12256,0.11649,0.1114799367083483,0.10669
16-01-2026 13:30,25701.15,0.12874316377903583,0.12167,0.11776,0.11068,0.10665,0.10372,0.10152,0.10011,0.09928,0.0984,0.09946,0.10177,0.10453,0.10864,0.19291,0.18635,0.17830873264626293,0.17016,0.16363530435762347,0.15684,0.15011773658173377,0.14324,0.13718,0.13102,0.12596,0.12097242944411521,0.11593083458104589,0.11092
16-01-2026 13:35,25687.3,0.14434,0.13011,0.12208,0.11891328997009463,0.11418,0.11021,0.10674,0.10463,0.10433079228618991,0.10364199851109564,0.10239,0.10459,0.10770882035041032,0.11112,0.19179,0.18521,0.17755,0.169,0.16225,0.15562,0.14893023514261844,0.14217597611852545,0.13532,0.1298,0.12427,0.11920598275576408,0.1141,0.10873
16-01-2026 13:40,25701.3,0.12260768258464444,0.11749892023709263,0.11376,0.10739,0.10685,0.10394,0.10265673322578012,0.10132775507389094,0.10027439251375568,0.09871,0.1004992775704033,0.10235,0.1049,0.10836928834767437,0.1943,0.18657268640953653,0.17877,0.17057,0.16381,0.15712451248677037,0.15027,0.14401556018447575,0.13759,0.13195572902918629,0.12622431691613695,0.12059,0.11633,0.11148343403220606
16-01-2026 13:45,25699.7,0.1373,0.12660452533873376,0.11779,0.11529,0.10943,0.1053,0.10285,0.10143,0.10042,0.10120940358038819,0.10051,0.10286,0.10561,0.10982,0.1942,0.18645602529917893,0.17866,0.17062403329770326,0.16244,0.15595,0.14943,0.14312112996036636,0.13677228994169535,0.13033,0.12474,0.11878,0.11483,0.10907
16-01-2026 13:50,25712.85,0.096,0.09541,0.09935,0.09913,0.09681,0.09661,0.09558,0.09631731416262354,0.09681472033749264,0.09739495934165582,0.09745,0.10022,0.10331,0.10789,0.19489,0.18785,0.18054,0.17231,0.16544611009137852,0.15825,0.15202019610545506,0.14546,0.13945,0.13420940863631475,0.12872,0.1229,0.1191,0.11438
16-01-2026 13:55,25689.85,0.12024,0.11693,0.11188,0.10916,0.1054,0.10374599323347754,0.1014,0.10011,0.09981,0.1006471169707289,0.10065,0.10302,0.10586,0.10949523494936535,0.19343,0.1865335858300605,0.17932,0.17,0.16349067336835138,0.15682797054314052,0.14998,0.1431,0.13705,0.13101,0.12583,0.12037,0.1155200462832611,0.11085
16-01-2026 14:00,25681.95,0.12937,0.1228,0.11186,0.10728,0.10449,0.10222,0.10098290117518469,0.09939,0.10020178366519675,0.10047152764008804,0.1004,0.10286,0.1064798521180509,0.11042,0.1928,0.1849,0.1773720527156204,0.16968,0.16297099753776806,0.15605,0.14951,0.14297279235100255,0.1363,0.13071134687055083,0.12524,0.11975973819722385,0.11468314447691798,0.10992050196710917
16-01-2026 14:05,25682.85,0.11284534393285124,0.10862,0.1064,0.10328841867178605,0.10009,0.09935725743906909,0.0981942714285563,0.09708,0.0973,0.09854068969784965,0.09919,0.10199,0.10529,0.10988,0.1949476251737496,0.18657,0.17982,0.17188131634955534,0.16379,0.15721016724246867,0.15029,0.14367,0.13742,0.13134,0.12618,0.1206,0.11655,0.11155
16-01-2026 14:10,25684.7,0.12427,0.11599,0.11280706822961059,0.10943781680674622,0.10579,0.10351889395909256,0.10086,0.09999,0.09936,0.09903,0.10061,0.10323,0.10576569329998907,0.10948994466877443,0.19436,0.18752,0.17988610519955323,0.17225,0.16485,0.15764,0.15094,0.14435344505452968,0.13746,0.13112,0.12593,0.12005,0.11561,0.11110904447319617
16-01-2026 14:15,25676.95,0.1296,0.11748,0.11738,0.11312414436907892,0.10781,0.10494,0.10251,0.10111,0.10068,0.1001,0.10156,0.10398,0.10693,0.1114,0.1929,0.18656554939333933,0.18004,0.17195482518130464,0.16389,0.15704036531598814,0.15001,0.14276,0.13651240919136248,0.13007,0.12489,0.11956758374003876,0.11421114933192822,0.10882
16-01-2026 14:20,25689.4,0.13376,0.12587794090039084,0.11880682985465668,0.11165,0.10693,0.10432,0.10156,0.10039,0.10030959439223841,0.09924,0.10062,0.10350040392899151,0.10594,0.11044,0.19482,0.18794682453949818,0.18081,0.17175,0.1647759433944862,0.15734,0.15051,0.14377,0.13728,0.13077,0.12505355801192497,0.11961,0.11340253006021986,0.1075838383455264
16-01-2026 14:25,25707.1,0.10563,0.10337,0.09999,0.10021216692063425,0.09989,0.09852,0.09679,0.09635,0.09596,0.09605,0.09786,0.10066,0.10379,0.10791264496005085,0.19591,0.18960412277606586,0.18305,0.17365,0.16691,0.15974,0.1532652371590419,0.14649601640990478,0.13954,0.13367766120870006,0.128,0.1210034912520378,0.114674215177151,0.10843476962842255
16-01-2026 14:30,25688.2,0.1291,0.1234408564447699,0.11783,0.11225,0.1086,0.10543,0.10269,0.10131,0.10099375911708373,0.0997,0.10106,0.10388528085013707,0.10627,0.11062,0.19501453761821627,0.18678,0.18041,0.1717,0.16468,0.1575756026660088,0.15022,0.1435,0.13669,0.13054,0.12518,0.11931,0.11504,0.10955
16-01-2026 14:35,25708.0,0.0988,0.10401441465956138,0.10769,0.10343,0.10132,0.0994685568198527,0.09727,0.09696489864503052,0.09596,0.0975343176561337,0.09887194345429974,0.10069550212109946,0.103,0.10462803441245871,0.19727585339552045,0.18888,0.18215,0.17312,0.16617,0.15910611973514513,0.15184,0.14478,0.13851170094274964,0.13226,0.12697600389613356,0.12161257003729804,0.11640962861874102,0.11142
16-01-2026 14:40,25706.4,0.13025,0.11776,0.11254,0.10775,0.10445,0.10217,0.10068876933364927,0.09848,0.09765,0.09744,0.09866,0.10081,0.10407,0.10814893510264645,0.19742044401888853,0.18877,0.18134,0.17234,0.16536376450416904,0.15832218617295513,0.15124,0.14424,0.13822846477258588,0.13222249371774206,0.12614,0.12084240444679639,0.11546,0.10992
16-01-2026 14:45,25707.8,0.11305,0.11059427498091096,0.1079,0.1037,0.10170479070018332,0.09932,0.09817413241881082,0.09656,0.0966128369729228,0.096,0.09755,0.10068703237106234,0.10388849175327425,0.10763,0.19566,0.18747910282198488,0.1796353342104734,0.1720624232884967,0.16439,0.15805,0.15116,0.14419,0.1382409298282139,0.13183,0.12668,0.12112,0.11596226177575408,0.11095
16-01-2026 14:50,25692.95,0.12547,0.11918,0.11482954178053909,0.11046047123718997,0.10592,0.10255,0.10015,0.09975922382986514,0.09851,0.09818,0.09941,0.10159,0.10482,0.10908,0.19487,0.18736869126881142,0.17988,0.1724795316013796,0.16504258554356277,0.15765908523764915,0.15028,0.14363,0.13705,0.13162954559585735,0.12599,0.12088859027796951,0.11583,0.11061683823600023
16-01-2026 14:55,25700.95,0.12312313375058682,0.11841160219908142,0.11405,0.10999,0.10705418230324354,0.10402532256785944,0.10123278062103427,0.09834,0.09736,0.09789,0.09887,0.1009,0.10365,0.1081,0.19471,0.18681,0.18024,0.17093,0.16383530489463224,0.15639,0.15009,0.14365629203281377,0.13697,0.13133,0.12612,0.12093304853638903,0.11573161340429919,0.11054
16-01-2026 15:00,25706.3,0.11793,0.10192,0.10295,0.10195497953840815,0.09969,0.09792,0.09651,0.09594,0.09633590833341991,0.09534,0.09684,0.09922,0.1025,0.10705,0.19519,0.18809,0.17985358329334894,0.17142,0.16464079969740075,0.15744,0.15132,0.14473,0.13875,0.13248,0.1275513192236386,0.12248784067754231,0.11743,0.11238
16-01-2026 15:05,25694.05,0.11281,0.1108,0.10746,0.10416,0.1024,0.09971,0.09806,0.09725,0.09693,0.09638,0.09852267516724997,0.10026,0.10341,0.10728242215628035,0.19419,0.18615315594063572,0.17843275608112552,0.17096788769408933,0.16372259246923965,0.15637,0.15045,0.14318,0.13765348713006206,0.13156,0.12665,0.1216975354060569,0.11665,0.11126
16-01-2026 15:10,25691.6,0.11496,0.11011,0.10436,0.103,0.10112775841577469,0.09867,0.09737,0.09678,0.09691698899783717,0.09608,0.09782,0.10012,0.1032,0.10803,0.19358,0.18629949512308078,0.17879,0.16985,0.16215,0.1559,0.14978,0.14276,0.137,0.13180728650376333,0.12645299366569518,0.12112,0.11638,0.11126087513429672
16-01-2026 15:15,25691.75,0.1241255952854583,0.11888428474224699,0.11411,0.11021637799688508,0.10641,0.10313,0.10126,0.10110514291619169,0.10078926715745389,0.10059174527035603,0.09963,0.10213130514472142,0.10484,0.10931,0.1955378517003959,0.18655,0.17813384786804504,0.16989,0.1628444284404057,0.15566,0.1493986579151679,0.14311657038982245,0.13686,0.13135894278018345,0.1258430196307631,0.12036,0.11515923369316103,0.11
16-01-2026 15:20,25695.9,0.12636,0.11841,0.11262,0.10930636134563579,0.10512,0.10249,0.10053,0.09957437184761753,0.09793,0.09907452062498878,0.09946,0.10206,0.10536499091099807,0.10982601766327595,0.19487,0.18674642314723,0.17886506388476894,0.17096,0.16397016541869677,0.15688,0.15029999405647837,0.14363,0.13733999011573725,0.13107,0.1256454176155773,0.120175277353019,0.1148545280607758,0.10972
16-01-2026 15:25,25697.65,0.12031,0.1104,0.1066,0.10453,0.09976,0.09915,0.09722,0.09583,0.09506,0.09531,0.09719,0.10021,0.10294930691472895,0.10702496833727008,0.19461,0.1898,0.18118,0.17114,0.16346557081710306,0.1551,0.14895,0.14256,0.13677,0.13126,0.12625,0.11962,0.11517,0.10954
19-01-2026 09:15,25549.65,0.14245,0.13519,0.13069563354250574,0.12615470806358586,0.1214,0.11899,0.11806,0.11870194940369813,0.11852,0.11961,0.12266,0.12607305640908842,0.13039410017399503,0.13557887858257195,0.20612,0.19843,0.1915,0.18321,0.17385,0.16623,0.15889,0.15008,0.14249,0.13646862917356484,0.12989,0.12441379921530579,0.1187,0.11346
19-01-2026 09:20,25596.45,0.08441,0.08932,0.09374,0.09633,0.09777682818342037,0.0994959515050447,0.1011,0.10349905418349814,0.10559,0.10947521806969367,0.11308,0.11716,0.12277135196311306,0.12876,0.21017,0.20166,0.19502,0.18657,0.17775,0.17067,0.16256,0.15405,0.14766484724421317,0.14047,0.13504,0.12996,0.12594,0.12153
19-01-2026 09:25,25570.45,0.1024,0.10142,0.10257,0.10302065439363337,0.10345417132504517,0.10388076064474984,0.10414,0.10522,0.10833,0.1123929188657895,0.11638045563111693,0.12016,0.1259865416111427,0.13211,0.20873,0.20108087676019337,0.19328,0.18469,0.17673,0.16852,0.16075,0.15336340369768658,0.1458759787451592,0.13812,0.13237,0.12696,0.1231,0.11855
19-01-2026 09:30,25544.4,0.1437,0.13407,0.129623573514004,0.12442,0.11993,0.11696,0.11677525194613739,0.11492,0.11679,0.1189,0.12285,0.12687,0.13188,0.13841836552304823,0.20706475144361328,0.19894,0.19113251781301455,0.18317978343325148,0.17509751255485495,0.1668816459086832,0.1585108780529414,0.1504,0.14143,0.13439,0.1287069677456837,0.12265872492191009,0.11662,0.11102
19-01-2026 09:35,25579.4,0.09247814533562865,0.09619,0.09934,0.09980444911775437,0.10056371601530945,0.10124,0.102,0.10339,0.10655,0.10958,0.11443413539580835,0.11861,0.12437,0.13093,0.21180637307133576,0.20463,0.19773,0.18910289540880704,0.18053,0.17254,0.16418,0.1557303626669931,0.14696,0.13985,0.13436768673909924,0.12832,0.12423,0.11922
19-01-2026 09:40,25551.95,0.12474,0.12028,0.11453,0.11304059831352217,0.11043,0.11037923537068564,0.10928,0.1094,0.11187,0.11453,0.11884500668349247,0.12316534016816333,0.12803,0.1341476689997513,0.20806,0.20021,0.19271,0.1842003907005672,0.17570251189972436,0.1672,0.159031354736328,0.15076582268065467,0.1426982338561506,0.13476,0.12888,0.12377110006022249,0.11862,0.11313
19-01-2026 09:45,25560.95,0.11745,0.11174,0.11006,0.10920961151394237,0.10771,0.10715,0.10706,0.10726,0.11016,0.11282,0.11730188141848048,0.12107,0.12643,0.13281,0.21255920294692587,0.20367671243884217,0.19486028986617382,0.18607144148370286,0.17729311898652683,0.16847,0.16008,0.15174,0.14344,0.13618,0.13053,0.12461,0.12019,0.1149
19-01-2026 09:50,25558.35,0.09813,0.0998339931761332,0.10114509781160821,0.10231,0.10235,0.10252,0.10324,0.1057881914779384,0.10771,0.11077,0.11571618028602723,0.12005,0.12593,0.13257,0.20877,0.2006475028126521,0.19266272921897915,0.18471,0.17721,0.16877,0.16055,0.1521,0.14406,0.1382067820761937,0.13200130757879502,0.12572,0.12158,0.11685
19-01-2026 09:55,25558.2,0.10221,0.10014,0.10142223477642794,0.10229,0.10223,0.1030245532973611,0.10338,0.10459,0.10823,0.11146,0.11594,0.1209,0.12691983119245742,0.13321,0.20929,0.20139,0.19461,0.18508,0.17753,0.16879,0.16056,0.15232,0.145763713898031,0.138980790152061,0.1319,0.12601,0.12211,0.11727
19-01-2026 10:00,25520.6,0.11102,0.10743,0.10734,0.10683,0.10585,0.10660945831883259,0.10601,0.10901829413688952,0.11123,0.1146,0.11929,0.12411,0.13013,0.13675,0.20707,0.19896,0.19193,0.18325,0.17535,0.16608,0.1579169857148692,0.1497252792896132,0.14123,0.13504,0.12974,0.1241,0.11948287121530966,0.11506
19-01-2026 10:05,25510.95,0.12617292011826325,0.12154,0.11737,0.11509909872764058,0.1124,0.11138,0.11069,0.11147,0.11459,0.11890304953212968,0.12280893076416546,0.12648,0.13215,0.13871,0.2057,0.19803,0.18988,0.18129,0.17407,0.16455,0.15632,0.14827554643234503,0.13978,0.13291,0.12728425572716479,0.12118,0.11689,0.11165
19-01-2026 10:10,25528.25,0.11377,0.11102,0.10945,0.10859762492849527,0.10732,0.1069,0.10676,0.10798,0.11157,0.11463,0.11918,0.12409,0.12999,0.13649,0.20925865964554216,0.20022,0.19168,0.18279,0.17455731766592686,0.1662,0.15815054845580617,0.14982,0.14134,0.13535,0.13002,0.12507731067048383,0.12024,0.11631680324182286
19-01-2026 10:15,25530.4,0.12141,0.11548,0.11096,0.1102057079354415,0.1083,0.10841097315857118,0.1075,0.1084,0.11225,0.11652370753590738,0.12053968580044568,0.12455,0.13037,0.13657744598280933,0.20674,0.19922,0.19094087018849243,0.18271,0.1744266049894851,0.1662,0.15767259650099652,0.14908,0.14128,0.13549539485198944,0.12952623769019989,0.12367,0.11966,0.11622685569731009
19-01-2026 10:20,25543.9,0.10527,0.10863,0.10872,0.10764483458190052,0.10675640812485383,0.10562,0.10593,0.10742,0.1109,0.1139,0.11814,0.12355359873669644,0.12856,0.13525,0.20859,0.20101999595638823,0.19336,0.18486567720833702,0.1765,0.16769,0.15962,0.15065,0.14289,0.13678,0.13111,0.12629211640761961,0.12128,0.11615
19-01-2026 10:25,25526.15,0.09784,0.10189,0.10185351807344978,0.10252,0.10243,0.10311,0.10435,0.10618,0.11058,0.1146322696684769,0.11839,0.12352,0.12898030635055044,0.13512072279411805,0.20783,0.20095,0.19232,0.18335,0.17583,0.16711,0.15904,0.15084,0.14458317845325086,0.13761,0.132604226163205,0.12716,0.12338,0.12012233992142769
19-01-2026 10:30,25515.7,0.11207,0.11108,0.10904,0.10873,0.10713,0.107,0.10726,0.10887,0.1126,0.11579,0.12080411645393532,0.12525,0.13067,0.13722,0.20820275811856626,0.19969678336657962,0.19129,0.18263,0.17446,0.16575,0.15768,0.14928,0.14348077251898247,0.13795275912748606,0.13242427345603863,0.1269743529651972,0.12146,0.11627
19-01-2026 10:35,25513.9,0.10941076221414538,0.10845,0.10764,0.10713,0.10687,0.10626,0.10705,0.10863,0.11265,0.11595,0.12018,0.1255889488461029,0.13066,0.137,0.20575083901664168,0.19815,0.19151,0.182873103002007,0.17431,0.16585,0.15774,0.14968,0.14227,0.13714512091097059,0.1318072659188808,0.12639,0.12212694915130709,0.11797
19-01-2026 10:40,25500.4,0.12671,0.12105,0.11822707051359391,0.11492,0.11304,0.11290273855841995,0.11166,0.11259,0.11596,0.1186,0.12238,0.12702,0.13226,0.13833,0.20362474868604855,0.19667122488415814,0.18914051944216456,0.18111,0.17319,0.16441,0.15625,0.14777,0.14179597039894193,0.13550861673188003,0.12906,0.12365,0.11946,0.11564126791659497
19-01-2026 10:45,25525.55,0.11054855529485819,0.10924,0.10772,0.1078,0.10725429110468236,0.10635,0.10664,0.1084,0.11202694026599,0.1149,0.11965805818503045,0.12381,0.12913,0.1355,0.20887,0.20024,0.19186805947222918,0.18344,0.17591,0.16743162438431855,0.15888,0.15089,0.14323,0.13824073775662582,0.13255,0.12684,0.12298,0.11823
19-01-2026 10:50,25515.9,0.12268409892085927,0.11866,0.1148,0.113,0.11051,0.10984,0.10947,0.11058,0.11402582683977491,0.11648,0.12129490465969031,0.12544,0.13063,0.13669,0.20749,0.19889,0.19183,0.18328236680737586,0.17492,0.16565,0.15761,0.14864,0.14145,0.13566,0.1298,0.12429,0.11994,0.11585600918847525
19-01-2026 10:55,25526.35,0.13233,0.12637,0.12245471220517176,0.11850785233037198,0.1144,0.1118,0.11078,0.11327988710210654,0.11558008303953697,0.1182702448224317,0.12053,0.12501,0.12999,0.13624,0.20664009627745436,0.19956,0.19221,0.18350994106851254,0.17478138590555656,0.16603,0.15766,0.14945531311335492,0.14085,0.13438,0.12854,0.12257,0.11808,0.11313
19-01-2026 11:00,25550.1,0.12346879000115862,0.11932,0.11631241648276182,0.11367,0.11266277709383749,0.1115317592705374,0.1106451441996337,0.10928,0.1119017578639985,0.11481,0.1185,0.12319055828160258,0.12812,0.13427683018749587,0.21143,0.20292861122996245,0.1943,0.18508,0.17745,0.16883047601682188,0.16020288132891758,0.15139,0.14332,0.13747653036290497,0.13131,0.12541,0.12031638144807932,0.1154
19-01-2026 11:05,25561.85,0.10899,0.10411301371601268,0.10069,0.10252,0.10232337562146376,0.10169,0.10215,0.10318,0.10665,0.11116499500416085,0.11449,0.11959,0.12517,0.13184,0.21391562325131092,0.20419925775342765,0.19516,0.18634,0.1785826051435604,0.17074,0.16283,0.1551866852824304,0.14716,0.14106,0.13515,0.12992,0.1252828219133696,0.12077
19-01-2026 11:10,25540.3,0.11046,0.11083,0.10827,0.10789,0.10588,0.10491,0.10639225525870355,0.10638,0.10954,0.11268,0.11737,0.1223,0.12767,0.13403,0.20769,0.20022,0.19216682476312705,0.18414,0.17678,0.16841987477884018,0.16,0.15135,0.14463,0.138,0.13236,0.12694,0.12227,0.11743
19-01-2026 11:15,25533.8,0.10798,0.10731,0.1053,0.10503,0.1036,0.10349,0.10402,0.10558,0.10894,0.11228,0.11706,0.12214,0.12774,0.13422,0.2066,0.19961,0.19276,0.18385,0.17570742392165745,0.16777,0.16031392697800173,0.15400500556001767,0.14784047783073068,0.14142524505391757,0.1351633118968435,0.12911218317115525,0.12329,0.11819532632104467
19-01-2026 11:20,25513.75,0.12529,0.11862,0.11668427498488504,0.11447112227084623,0.1124880793820911,0.11056100007964598,0.109,0.10982,0.11303,0.11594,0.12068326705132024,0.12545155152023615,0.13082,0.13715008012923363,0.20604435037661278,0.19808,0.19148,0.18214,0.174082782230097,0.16612381749145816,0.15801,0.15022149265629656,0.14218,0.13622,0.13042,0.12540537151340664,0.12023,0.11555
19-01-2026 11:25,25514.95,0.12155,0.11852306698210978,0.11564266123690002,0.11269,0.11016,0.10919,0.10884,0.10989,0.11307,0.11606,0.12056,0.12524,0.13056,0.13686,0.20677,0.19908,0.19100679657203812,0.18296,0.17563,0.16681,0.15876022670362117,0.15073197036187191,0.14252,0.13653,0.13071,0.1257037098298562,0.12058,0.11544
19-01-2026 11:30,25517.75,0.1164,0.11895,0.11447,0.11250113682725954,0.11014,0.10986839054099734,0.10842,0.10934,0.11251,0.11579,0.12019,0.1249,0.13011,0.13475622882678726,0.20709,0.19977694689424136,0.19234,0.1838046830777163,0.1754,0.16715,0.15874,0.15046,0.14371454119493948,0.13664,0.131,0.12586143363555266,0.12153457127118499,0.11793217611849015
19-01-2026 11:35,25523.55,0.13105,0.12514,0.11925,0.11609,0.11285,0.11088,0.11130671816440624,0.1104,0.1128082336384673,0.11588,0.1207018838890752,0.1270149059513081,0.1348131926951775,0.14409202406235302,0.2091528217176592,0.2004116399428574,0.19187,0.18331093797565484,0.17488,0.16705,0.15858147072223025,0.14979,0.14302248182507551,0.13564,0.12973,0.12382,0.119,0.11349
19-01-2026 11:40,25536.55,0.12496,0.12088677865452424,0.1171143896383449,0.11329,0.11037,0.10856,0.10765,0.10846,0.11115,0.11492455824872817,0.11815,0.12294203735221781,0.12793,0.13359144328178277,0.20751651788338632,0.20095,0.19398,0.1854472356732355,0.1768551813452288,0.16824,0.1599373641797312,0.15169587394516187,0.14335,0.13727931573056268,0.1309,0.12512,0.12048,0.1161854337655922
19-01-2026 11:45,25537.25,0.11701,0.11709,0.11421896812071644,0.11106,0.10883,0.10754,0.10676,0.10777,0.11073,0.11367,0.11808,0.1229,0.12826,0.13492,0.20866,0.20064,0.19372,0.18477,0.177,0.16882575867074978,0.16057,0.15202,0.14517201145315917,0.13781,0.13158,0.1257,0.12097,0.11573
19-01-2026 11:50,25541.5,0.11424002951581275,0.11365,0.11364,0.1105,0.10792,0.1068,0.10637,0.1072,0.11063870324606011,0.11317,0.11783,0.12289064036638983,0.12762,0.13443,0.20815,0.20067,0.19268,0.18487100431125147,0.17719,0.16884,0.16039,0.15234,0.14550003956667784,0.13809,0.13205,0.12577,0.12127,0.11592
19-01-2026 11:55,25540.75,0.10867,0.10743,0.10536,0.10369,0.10266,0.10272,0.10312,0.10606702205859046,0.10829,0.11183,0.11699130765490934,0.12165,0.12697,0.13378,0.21129533700206318,0.2025649955189668,0.19379,0.18562975257902967,0.17745,0.16910826734819634,0.1608,0.1539158726183535,0.14687678908758187,0.14001486503233473,0.1331,0.12732,0.12284,0.11794
19-01-2026 12:00,25527.0,0.10974,0.10841,0.10674,0.10546349526115878,0.10385,0.10401,0.10449,0.10618,0.11004,0.1145422661499842,0.11844,0.12351,0.12899,0.13490160173142288,0.2073,0.19998885938210112,0.19242,0.18348,0.17552047941374443,0.16756853812274153,0.15977251639203027,0.15206682331233484,0.14449,0.1383270517872237,0.13228,0.12672,0.12192228796609139,0.11728
19-01-2026 12:05,25522.1,0.11425123571213197,0.11073,0.10843293369128763,0.10672043809098564,0.10508,0.10569369352710371,0.10558,0.10727,0.11101,0.11542183189809466,0.119748885573226,0.1243,0.1304286406621751,0.13720203028374586,0.20782,0.2003313696907339,0.1927,0.18434,0.17661898404033188,0.16887,0.16094862808761606,0.15299930402175257,0.14489,0.13817,0.13251,0.12657,0.12221,0.11694
19-01-2026 12:10,25521.0,0.12433,0.12000231996192824,0.11617976227250634,0.11236,0.11043344750765544,0.10817,0.10923218812890534,0.10903,0.1125,0.11641376850121674,0.11986,0.1248,0.1305745661243436,0.13657,0.20775,0.20068915376518723,0.19335,0.18459,0.17717,0.16903,0.16024,0.15184,0.14431,0.13714,0.131,0.12559614624100246,0.11998,0.11443
19-01-2026 12:15,25533.2,0.127414396946782,0.12256,0.11838,0.11453,0.11132,0.10931,0.10839,0.10893,0.11202,0.1148,0.11916,0.12362,0.12856,0.13528,0.20755,0.2000252852429827,0.19234561126749508,0.18454563825493775,0.17679,0.16833516672354984,0.15986,0.15134,0.14366,0.13692,0.13042,0.12428,0.1188278955692676,0.11353
19-01-2026 12:20,25542.4,0.11411,0.10786145898248775,0.10266,0.10250843626934901,0.10102,0.10115,0.10161,0.10353,0.10747,0.11081,0.11614962835776083,0.12093,0.12651,0.13326,0.209715928748488,0.20187,0.1949,0.18591,0.17827268021505102,0.1707,0.16213554920842965,0.15342,0.14596,0.13906,0.13334,0.12723,0.12264,0.11812533181789085
19-01-2026 12:25,25526.05,0.11773,0.11337,0.11022,0.10788,0.1059,0.106215038168089,0.10506,0.10649,0.10989,0.11301,0.11817270094957001,0.12303,0.12859,0.13466451936224147,0.20847115932941374,0.20069,0.19363,0.18491,0.17726,0.16944,0.16091,0.1528415826480782,0.14452,0.13732,0.13161617201691533,0.12558,0.12053092852866235,0.11557
19-01-2026 12:30,25524.6,0.1156,0.1123180340374921,0.10942363646484261,0.10649,0.10471,0.10398,0.10478,0.10605,0.11021189506964481,0.11422163055737515,0.11825,0.12325,0.1298757797236735,0.136976515398013,0.20828,0.2010171424584417,0.19352,0.18479,0.17714,0.168899629238373,0.16056,0.1526516551439588,0.14437,0.13743,0.13158,0.12566,0.12061986815568412,0.11576
19-01-2026 12:35,25520.4,0.11317,0.11050696655411846,0.10806,0.10634,0.10473,0.10458,0.10512,0.10677,0.11044,0.11385,0.11905,0.12451005934503659,0.12963,0.13648,0.2079,0.20055908347495144,0.19313,0.18504342637444063,0.17697593963705296,0.16889,0.16044643865211772,0.15193,0.1447,0.13862273410503823,0.13223,0.12613,0.12137720262659414,0.1169
19-01-2026 12:40,25513.2,0.12541,0.11795,0.11543,0.11233,0.10978,0.11063283891452652,0.11062079174969403,0.10951,0.1127,0.11583,0.12062,0.12569,0.13151809929531627,0.13754,0.20747604589894195,0.19952,0.19169,0.18334,0.17599,0.16763,0.15912,0.14958,0.14208,0.13552,0.12978978188903387,0.12357,0.11899,0.11338
19-01-2026 12:45,25525.45,0.11245,0.11086,0.10752,0.10625,0.1046,0.10419,0.1049,0.10643,0.11057356665424917,0.11451254495416992,0.1183,0.12333,0.12927079760466226,0.13545,0.20849,0.20079949409363537,0.19299,0.18466,0.17734,0.16901,0.15942,0.1521768906860757,0.1447580848918655,0.13708,0.13145,0.12577,0.12132,0.11637
19-01-2026 12:50,25519.95,0.1332609845020585,0.12577,0.11927,0.11491,0.11157,0.10981,0.10898,0.11145429513047261,0.11256,0.11547,0.12006,0.12495,0.13004,0.13565490648333067,0.2072642221520741,0.19944,0.19209,0.18312,0.17508640534301462,0.16716,0.15768,0.14943,0.14178,0.13477,0.12875,0.12287,0.11815,0.11251
19-01-2026 12:55,25545.2,0.11676,0.11437,0.11059,0.10847,0.1076759306465983,0.10664195309583854,0.10519,0.10619,0.10964365871151491,0.11253,0.11723,0.12192,0.12727,0.13345,0.21005,0.20281150944273552,0.19547,0.18735239062794765,0.17924,0.17072871611152002,0.162197931477163,0.15378346671776072,0.14532,0.13873392701984993,0.13208,0.12633,0.12177,0.11774944531133734
19-01-2026 13:00,25548.85,0.10962,0.11163,0.10938341891330183,0.10731,0.10593524497514215,0.10433,0.10439,0.1069003422854811,0.10896,0.11199,0.11695563200102654,0.12166,0.12697,0.13274031203284578,0.20930897499240722,0.2029784259082398,0.19605612046322304,0.18855,0.18082,0.17245,0.16342157232270638,0.15421,0.14696,0.1404984715282384,0.1335,0.1276,0.12278,0.11719
19-01-2026 13:05,25553.0,0.11105,0.1082,0.10615,0.10522,0.10357,0.10418320830552716,0.10356,0.10459,0.10837,0.11266546358947294,0.11633,0.12113,0.12647,0.13272,0.21327,0.20541,0.19782,0.18902,0.18215,0.17319,0.16354,0.15452,0.14757034850467665,0.1398,0.13362,0.12765,0.12291,0.11857614155881244
19-01-2026 13:10,25544.5,0.10337,0.10265,0.10198,0.1013,0.10127330900348241,0.10054,0.10159,0.1032,0.10731,0.11082,0.11605682261641695,0.12116246857014269,0.12627,0.13267,0.2134802868328764,0.20535199607912,0.19734,0.18881,0.18155,0.17253,0.16422182998412047,0.15585819644401314,0.14773948520326946,0.13947,0.13366,0.12777,0.12327,0.11903979138327851
19-01-2026 13:15,25530.5,0.12054,0.11933,0.11433,0.1117965110966106,0.1088,0.10705,0.10821434935319903,0.10769,0.11132262192179407,0.11411,0.11878,0.12347,0.12873,0.13449991657525764,0.21156,0.20401,0.19485,0.18673,0.17924,0.17003,0.16063,0.1516,0.14386,0.13758734285033347,0.1306,0.12447,0.11935,0.11371
19-01-2026 13:20,25540.05,0.11653401217686726,0.1114503787457973,0.10739194221963085,0.10443720166088706,0.10267,0.10282319192918316,0.10289,0.10447,0.1084,0.11177,0.1165,0.12158,0.12702,0.13326,0.21433,0.20503,0.1966,0.188387155786495,0.18010720310121522,0.17187,0.16293093860892882,0.15391,0.14603,0.13924,0.1335483241774934,0.12779261195948594,0.12221162145656894,0.11691
19-01-2026 13:25,25531.0,0.11509,0.11225730652200257,0.10959871773008734,0.10686,0.10463,0.10398,0.10429,0.10706414352737673,0.10936,0.11284,0.11773544353376897,0.1226570960671334,0.12805,0.13467377571268288,0.21303,0.20453094197162427,0.19606,0.18782,0.17992,0.17115,0.16142,0.15289,0.14481,0.13759,0.13151,0.12532,0.12003999553078179,0.11497
19-01-2026 13:30,25535.2,0.12707,0.12045,0.11491,0.11121,0.10838,0.10671,0.10835861735939098,0.10965208424498034,0.11038,0.1142523624444339,0.11785,0.12279885413122292,0.12795,0.13376321930765597,0.21217,0.20341,0.19546,0.18734,0.17957,0.17039612754572175,0.16126,0.15263,0.14467,0.1373,0.13107,0.1253519389703862,0.11976,0.11492191582430585
19-01-2026 13:35,25552.1,0.11671031511153404,0.11216,0.10796,0.10641897141114377,0.10432,0.10337,0.10342,0.1046,0.1082,0.11146,0.1164422125497785,0.12149586058881422,0.1268689086997966,0.13269,0.21298,0.20558,0.19688,0.18916,0.18172,0.17305,0.164120760698782,0.15501,0.14749233031068876,0.13943,0.13343,0.1279058201101147,0.12225,0.11648
19-01-2026 13:40,25558.15,0.10084,0.10070838542585023,0.10062998462097823,0.10059100855454932,0.10047086174617342,0.10044,0.10193498981963013,0.10407575809242253,0.10605,0.10954,0.11444,0.11938,0.12445,0.1312,0.21455,0.20664,0.19828,0.18984,0.18241,0.17425,0.16413,0.15593,0.14815,0.1405,0.13482936393022166,0.12854,0.12393,0.11829
19-01-2026 13:45,25544.95,0.14487,0.13666,0.12756,0.12256055839585506,0.11614,0.11251,0.11062,0.11052,0.11243,0.11496,0.11903,0.12358,0.12837,0.13410273986820975,0.20948,0.20197,0.19316,0.18546,0.1781,0.16901616643890607,0.16012,0.15118,0.14295,0.1359045099723556,0.12862,0.12181,0.11545296664596692,0.10927822445010568
19-01-2026 13:50,25583.5,0.12838,0.12116,0.11695517452826588,0.11228,0.10902,0.1077782366707414,0.10557,0.10720801908613933,0.10766,0.11011,0.1146859504340464,0.11876,0.12347,0.12958,0.21282,0.20492310116565365,0.196959373035057,0.18893439117316335,0.18084101742354733,0.17266683995507356,0.16467,0.15624,0.14823,0.14042,0.13434,0.12716,0.12208,0.11497274583398238
19-01-2026 13:55,25602.3,0.1106,0.1098,0.10677,0.10617543981567071,0.10593168142137062,0.1055674306887951,0.10506321386561861,0.10386375838366413,0.10419,0.10667,0.11112781569592764,0.11533,0.12046,0.12655,0.2172,0.20913,0.20067,0.19324,0.18519,0.17687,0.16751,0.15929908613563334,0.15104559266029335,0.14258,0.136,0.12898,0.12389,0.11756
19-01-2026 14:00,25605.6,0.12322,0.12182950550053265,0.12019,0.11659,0.11217,0.10884,0.10932489427540358,0.10915821903109388,0.10793,0.11066236355511844,0.11282,0.11712,0.12165,0.12738,0.21757,0.2094951679727075,0.20144,0.1934243001675648,0.18558,0.17699,0.16718,0.15838,0.15010387747266685,0.14124,0.13488,0.1275,0.12188,0.11534
19-01-2026 14:05,25625.95,0.12169,0.11189,0.10801930617479026,0.10345,0.10222,0.10192471269314281,0.10126373493376058,0.09999,0.10203,0.10432,0.10822,0.11282,0.11773,0.1233396609557359,0.21796068213926695,0.21071,0.20395,0.19544,0.1872263809142774,0.17924,0.16971,0.1612756580196481,0.15254,0.14421,0.13787,0.13055,0.12461605174352498,0.11896
19-01-2026 14:10,25615.15,0.10095212082660973,0.09995,0.099140271704798,0.09834,0.09748,0.09712,0.09703,0.0976,0.10044,0.10433076514971043,0.10738,0.11256,0.11777,0.1237672276146269,0.22004,0.21226,0.20396889748983577,0.19573,0.18818,0.17891,0.1699283554159497,0.16105290457236346,0.15187,0.1439,0.13771,0.13078,0.12572,0.12079103561290483
19-01-2026 14:15,25589.9,0.13766,0.13118,0.12342,0.11812,0.11379,0.11051,0.10828,0.10703,0.10803,0.11091465851823008,0.11277,0.11743,0.12263256995945365,0.12803,0.21635674006354627,0.20806,0.20046330890349778,0.19245146964740806,0.1841765404127006,0.1762,0.16675,0.15817159789190632,0.14877,0.14182469530903485,0.134181620648688,0.12657,0.12068,0.11230674919622867
19-01-2026 14:20,25610.85,0.11315,0.11321,0.10957,0.10723357603181125,0.10476,0.10277,0.10274619521809561,0.10149,0.10396564397868899,0.10535,0.10893,0.1136,0.11863,0.12504,0.21923,0.21064,0.2033,0.19293,0.18536213081090422,0.17771,0.16863,0.16014947033117405,0.15143,0.14296,0.13683,0.1295,0.12377684574943022,0.11837
19-01-2026 14:25,25607.6,0.10579,0.10267,0.10032,0.09988569934693363,0.09933,0.10002862377396823,0.10082270627519607,0.10160197085451596,0.10222313382772713,0.10301,0.10743,0.11224,0.11779,0.12375801805607341,0.21751,0.21036,0.20180760975228462,0.19334,0.18599,0.17685,0.16782,0.15877,0.15127,0.1444855774326129,0.13723,0.13016,0.12514,0.11977111659571882
19-01-2026 14:30,25603.8,0.12084,0.11134,0.10881,0.10532,0.10358,0.10147,0.1003,0.10042,0.1026,0.10453,0.10834,0.1135,0.11882,0.12533,0.21718,0.20826,0.20189,0.19347374607843335,0.18532,0.17641067785802808,0.16768,0.15837,0.15067,0.14350161048909024,0.13626027451808115,0.12894,0.12335889355993351,0.11796
19-01-2026 14:35,25599.55,0.12345,0.12152,0.11567,0.11125,0.10814,0.10541,0.1049888362722606,0.10339,0.10504,0.1079168050303697,0.11035,0.1155093842333812,0.12064458682372362,0.12651,0.21640664443886376,0.20833,0.2015,0.19188,0.18429,0.17565553910471937,0.167,0.15792,0.15039,0.142,0.13561,0.1285,0.12213050339483993,0.11608422822036422
19-01-2026 14:40,25614.95,0.11197202816157492,0.10885,0.10565,0.10395,0.10221,0.10078,0.09969,0.09987,0.1024098283843219,0.10379,0.10764,0.11244,0.11784,0.1243647434801187,0.21837,0.20946,0.20134756732099798,0.19316,0.18627,0.17744083331754437,0.16874,0.1597,0.15185,0.14484069602651548,0.13764019899880536,0.13037,0.12507,0.1193
19-01-2026 14:45,25620.55,0.11037,0.10708,0.10551722062152531,0.10373,0.10236,0.10072,0.10095189381495911,0.10005,0.10235270265186187,0.10383,0.10731,0.11253568851745975,0.1174,0.124,0.21897,0.21119147406391825,0.20335,0.1949175970279348,0.18659,0.17784,0.16926554769530477,0.16058,0.15258976868726082,0.14412,0.1376480319770763,0.1307,0.12563,0.11969
19-01-2026 14:50,25623.15,0.1085,0.11035,0.10789,0.10536,0.10345,0.10249087286633328,0.1008,0.10025,0.10186,0.10386,0.10726,0.11208,0.11747,0.12387,0.22025,0.21127,0.20307607965327334,0.19481,0.1868784176940515,0.17899,0.16996,0.1615336756162985,0.15287,0.14462,0.1383,0.13097,0.12467120878130723,0.11855470851092216
19-01-2026 14:55,25624.2,0.10733,0.10525963051541265,0.10328890454387771,0.10127,0.09954,0.09874,0.09781,0.09807,0.1009237454055028,0.10358180884215376,0.10572,0.11066,0.1161,0.123,0.221741448390291,0.21316,0.20647,0.19636,0.1889,0.17969,0.171079795430778,0.16236,0.15414,0.14574,0.13925,0.1328598069178312,0.12637761106333995,0.11994
19-01-2026 15:00,25629.95,0.07571,0.08357174795630137,0.08974,0.09084,0.09097302437152192,0.09157,0.092,0.09314,0.09612160954946189,0.09833,0.10272,0.10862175111084804,0.1141,0.12154,0.22197,0.21378,0.2071,0.197,0.19015,0.1814182933098274,0.17272,0.16368,0.15576,0.14772,0.14142,0.1343,0.12852780964510233,0.12304
19-01-2026 15:05,25604.15,0.09258,0.09554,0.09520387339198665,0.09535637728073654,0.09561,0.09533725860857434,0.09489,0.09552,0.09838771540575045,0.10054,0.10469,0.11057,0.1170625381871511,0.12372,0.21802,0.2102952640932611,0.20222,0.19224,0.18469,0.17621,0.16796,0.1595,0.15167,0.14429,0.13815,0.13117,0.12627,0.1205
19-01-2026 15:10,25595.95,0.09948,0.10101,0.10084,0.09909519771984092,0.09738,0.09655,0.09712572774098001,0.09673,0.09952,0.1039426184054995,0.10807668527841625,0.11201,0.11776,0.12506,0.21773,0.20871,0.20062633136494562,0.19255762578924604,0.18448,0.17660830757513696,0.16875,0.16006,0.15216,0.14537500769291906,0.138516723876061,0.13201,0.12629755320218994,0.12110364556880185
19-01-2026 15:15,25590.9,0.07844,0.08353828302670532,0.08751095281315922,0.09114,0.09153,0.09184,0.09221,0.09384,0.09699,0.10038,0.10598771273027044,0.11136868907247877,0.11673,0.12435,0.21822,0.20996,0.20319,0.19445694189856538,0.18567787386417095,0.17701,0.16933254529120134,0.16170742931693657,0.15416335805333242,0.14664305141682604,0.1394,0.1332,0.12822,0.12252
19-01-2026 15:20,25561.25,0.0979142325100944,0.09787,0.09795,0.09701,0.09668605685710824,0.09589,0.09708563795099256,0.097,0.10062,0.10386,0.10847,0.11473,0.12174693390442295,0.1302059965915518,0.21484,0.20616,0.19979,0.18962,0.18234,0.17327,0.16539,0.15746673594156685,0.14912,0.1416,0.13589,0.12968,0.12445590122862236,0.11944
19-01-2026 15:25,25558.3,0.09554,0.09861,0.09696,0.09634,0.09561,0.09436,0.09557827898438853,0.09501,0.09899,0.10247,0.10776,0.11426692809668991,0.12024,0.12882,0.21267,0.20797,0.19916,0.18901,0.18177,0.17383951178711476,0.1657583793252249,0.1576,0.14997,0.14347959523358073,0.13666,0.13129529640500387,0.12566,0.12062
20-01-2026 09:15,25559.3,0.10972318150016173,0.10782,0.10653,0.10489827442975988,0.10309,0.1019,0.1017,0.10278,0.10608,0.10934,0.11492354388683813,0.12060422690839587,0.12673065376329878,0.13346,0.21699,0.20822286802464696,0.19965540028529608,0.19125020796638992,0.18281,0.17515,0.16709368380760975,0.15866,0.1519229498649884,0.14448,0.13891,0.13211,0.12705,0.12128
20-01-2026 09:20,25552.55,0.09781929887853902,0.0954493820180728,0.09389203419774445,0.09318039348762425,0.09326,0.09455,0.09684114687480738,0.0986,0.10298,0.10721,0.11258,0.11906441259868775,0.1258,0.13345468406617908,0.21477884088344235,0.20639,0.19791915707031554,0.18967,0.18249,0.17475,0.16647,0.15859,0.15205,0.1462997726325651,0.14001,0.13427,0.12977,0.12469
20-01-2026 09:25,25506.85,0.10561,0.10672,0.10504238117991153,0.10338,0.10249,0.10253,0.10265,0.10645810069175216,0.10934,0.11327,0.11882,0.1255,0.13235,0.14021,0.2123,0.20331159560615003,0.19446,0.18606,0.17821,0.17038271910709263,0.16225,0.1547,0.14799,0.1406,0.13543003896589867,0.12998728519106778,0.12492935669818889,0.12043
20-01-2026 09:30,25488.8,0.11948,0.11639,0.11324,0.11127022795312252,0.10868,0.10857048265230607,0.10704,0.1092,0.11322,0.11817893033213547,0.1223,0.1292343516298332,0.1357,0.14346,0.21217,0.2025050914933706,0.19305,0.18456,0.17625,0.16882,0.1605513903601798,0.15211,0.14485,0.13766,0.13234458659250237,0.12653,0.12177,0.1169
20-01-2026 09:35,25481.8,0.10616415902036377,0.10612,0.10606,0.10562043146698608,0.10486,0.10625007927254718,0.1074219877661841,0.10807,0.11262,0.11688,0.12337358773965498,0.12934,0.13647,0.14437,0.21414,0.20424,0.195,0.18618,0.17789,0.16979,0.1620548259162521,0.1542445370184028,0.14609,0.13917,0.1344,0.12895,0.12492,0.12093
20-01-2026 09:40,25461.45,0.12427404288918051,0.12095,0.1183,0.115,0.11282,0.1114,0.11103,0.11431406202617846,0.11716,0.12255428188951684,0.12770534064173397,0.1328,0.1399906750102657,0.14751,0.21411079849753867,0.20484,0.19571,0.18682391066053286,0.17786,0.1694,0.16066,0.15234,0.14484,0.13754,0.13193,0.12643,0.12175618415849876,0.11765217247144213
20-01-2026 09:45,25463.25,0.11886,0.11763,0.11452,0.11297874953153053,0.11093,0.11004,0.10994,0.11251,0.11668,0.12251250784884987,0.12812332613553845,0.13397455489974858,0.13976,0.14772,0.21617,0.2068,0.19749,0.18816,0.1796720321042436,0.17097,0.16241474990735705,0.15357,0.14623,0.13888,0.13367790899365278,0.12791,0.12344,0.11877
20-01-2026 09:50,25462.3,0.10423180987234844,0.10442326230441787,0.10437,0.1047,0.10519136735069606,0.10524,0.10628,0.10976,0.11486,0.11966,0.12551,0.13248,0.13991,0.14806,0.21566,0.20717,0.19781,0.18888279185742196,0.17986,0.17141,0.16265,0.1554431022222705,0.14771,0.14109,0.1363648636895634,0.13128,0.12741,0.12419583762181781
20-01-2026 09:55,25459.95,0.12017,0.11734,0.11509,0.11309,0.11168,0.11066,0.11082,0.11447861120644978,0.11729,0.12141,0.12645,0.1334883710789901,0.14052184924771233,0.1482,0.21354,0.20417812882866385,0.19488,0.18607105372317573,0.17719,0.16798,0.15968535295516662,0.15126,0.14375,0.13619043333776376,0.129291799005012,0.12296261809056452,0.11724358547585068,0.11202917929397413
20-01-2026 10:00,25467.2,0.12279425739222875,0.11906385444879863,0.11579418828221319,0.11298,0.11161,0.11147444504664084,0.11064,0.11255,0.11700577800656117,0.12051,0.1268246168214741,0.13244,0.13902,0.14695,0.21533,0.20586535267823794,0.19651,0.1877,0.1793,0.17022,0.1615,0.15279,0.1463111076465309,0.1395202187364557,0.13245,0.12718,0.12286,0.11927
20-01-2026 10:05,25465.6,0.12575,0.12217,0.11847,0.1155,0.11323,0.11169,0.11138,0.11398610195069256,0.11669,0.12169759050216852,0.12667714032814187,0.132118432411458,0.13808,0.14590379675186907,0.21274,0.20373,0.19436,0.1854,0.17664,0.16787,0.15919,0.1514303672680525,0.14302,0.13565,0.1304,0.1248,0.1205,0.11612
20-01-2026 10:10,25484.8,0.10752545707523567,0.10682,0.10632,0.10583,0.10569,0.10526,0.10616,0.10868,0.11282,0.11673,0.12245,0.12917,0.13582,0.14332047442087836,0.21481,0.20536,0.19687137056488768,0.1883,0.18013,0.17126,0.16313831130636613,0.15463,0.14738,0.14062,0.13526,0.1306016014604121,0.12609,0.12249511223349444
20-01-2026 10:15,25468.6,0.12772,0.12327,0.11949,0.11605,0.1144281711276899,0.11173,0.1133008269659507,0.11295,0.11646,0.11995,0.12512,0.13198360552657573,0.13876412617658795,0.1461,0.21212,0.20321,0.19469793803519275,0.18619,0.17738,0.16858,0.16035,0.1527883410773837,0.14508990982713615,0.13723,0.1311,0.12532,0.12054379170444857,0.11595
20-01-2026 10:20,25485.6,0.11081182498606901,0.10884,0.10739708318465654,0.10619,0.10572,0.10619160165881564,0.10573,0.10814,0.1125019109225793,0.11595,0.12228724548560657,0.12801,0.13389,0.1418,0.21395,0.20507,0.19666,0.18798951371777078,0.17934,0.1703,0.1620337829624687,0.15335,0.14629924403737005,0.13856,0.13311,0.1275,0.12343,0.11945
20-01-2026 10:25,25487.25,0.10661,0.10795,0.10761,0.10587,0.10469,0.10423,0.10625917482643844,0.10713,0.11101,0.1149,0.12092753259684351,0.12653,0.1334822018422735,0.14058,0.2141944186923351,0.20576,0.19731,0.18871,0.17989,0.1711,0.16216,0.15401,0.14591,0.14002472570577396,0.13349,0.12787,0.12369833243627648,0.11984
20-01-2026 10:30,25478.75,0.11189,0.11054419747060541,0.10921,0.10801134565365816,0.10666,0.10779188689666057,0.1086300585968399,0.10901,0.11309,0.11769911969651436,0.12183,0.12783,0.13375,0.14165,0.21488,0.206070527937377,0.19725628985222426,0.18843570397885492,0.17961,0.17076235989344296,0.16191,0.15362,0.14638730256964025,0.13855,0.13324856797905904,0.12723,0.12353,0.1192
20-01-2026 10:35,25473.7,0.1321412550364446,0.12579,0.12119614812049294,0.11724651259067315,0.11332,0.11134,0.11109,0.11346916623813014,0.11489,0.11793,0.12257,0.12839,0.13405,0.14165,0.21389,0.20442,0.19551,0.18693,0.17812,0.16930032132437228,0.16038,0.152,0.14354,0.13715364505468253,0.13003,0.12406,0.11976,0.11477
20-01-2026 10:40,25492.55,0.10672,0.1075,0.10644,0.10661878917693324,0.10677260368954637,0.10697676014124471,0.10691335369881665,0.10662,0.10989678439119452,0.11392,0.11913,0.12533,0.13116,0.13874,0.21694,0.20647,0.1978366271416031,0.18906,0.18062,0.17170738562130938,0.16265,0.1537,0.14615,0.13932,0.1333,0.12777,0.12399,0.11969
20-01-2026 10:45,25480.45,0.11358,0.11198,0.11056,0.10835,0.10654,0.10603,0.10659,0.10971662188608856,0.11211,0.1154,0.12128450714585687,0.12682,0.13326740075517213,0.1398,0.21571,0.2057,0.19716,0.18776,0.17897,0.16961,0.161,0.15226,0.14411,0.13716,0.13185,0.12706554282422422,0.12218840444802453,0.11749
20-01-2026 10:50,25478.05,0.10456,0.10446720933218621,0.10432836758896588,0.10423,0.10371,0.10367,0.1047,0.10718,0.11123,0.11475,0.12110928380351485,0.12687,0.13248,0.14035,0.21499958407700642,0.20685,0.19856,0.18951029657800122,0.18045471285595727,0.17134,0.16222,0.15388,0.14507,0.13858,0.133,0.1284210341668029,0.12352,0.11934
20-01-2026 10:55,25465.4,0.11001,0.10908439823769162,0.10814405244618808,0.10717,0.10613,0.10588,0.10683,0.1103808270223938,0.11304,0.11638,0.12194,0.12796,0.1347302662506336,0.14169,0.21800228381323455,0.20780829056102149,0.19799,0.18832,0.1792650989311602,0.17018,0.16098,0.15372122545386868,0.14654310548912486,0.13950496994796557,0.13280410961906533,0.12627,0.12217,0.11884683131923889
20-01-2026 11:00,25459.55,0.10868,0.10782090446270845,0.10691,0.10551,0.10506,0.10499,0.10609,0.10852,0.11267,0.1165,0.12191,0.1283,0.13487,0.14197,0.21449190451845304,0.2054,0.19637287875909543,0.18736,0.17848975544383583,0.16953,0.16104781500838317,0.15227,0.14379,0.13738,0.1317,0.12624,0.12208,0.11829
20-01-2026 11:05,25453.55,0.11082,0.10903,0.10772617605885998,0.1064571694078078,0.10513,0.10492,0.10713775389039862,0.10871,0.11324676724063101,0.11702,0.12277,0.12952089219784912,0.13604,0.14342,0.21443764703346735,0.20524,0.19601,0.18708,0.17858,0.16914,0.16057518403100207,0.15196868231183958,0.14305,0.1366,0.13097,0.12559,0.12118318455545792,0.11696
20-01-2026 11:10,25452.35,0.11342292885326667,0.11093,0.1091,0.10713,0.10690531344538631,0.10565,0.10673,0.10914,0.11382,0.11773,0.12347,0.13009,0.1366,0.14428,0.21249,0.20293,0.19410182460760123,0.18522,0.17663,0.1674,0.15857,0.1508097528145284,0.14242,0.13592,0.13029,0.1257196565168539,0.1209,0.1166
20-01-2026 11:15,25445.65,0.12009,0.1150211871496737,0.11068,0.10879,0.10896228209039223,0.10870477927069122,0.10767,0.11018,0.11439,0.1196344957341387,0.12418,0.13069,0.13729,0.1449,0.21156521106868553,0.20226,0.19364,0.1846067627347081,0.17559,0.16653355375161755,0.15732,0.14937320752481004,0.14108,0.13513190852264328,0.12892,0.12423845062499209,0.11946139839922451,0.11507
20-01-2026 11:20,25449.95,0.11744817230984811,0.11418,0.11154,0.10934,0.10777,0.10868395964706898,0.10791,0.11005,0.11411,0.11805,0.12449885285304486,0.13031,0.13678,0.14464,0.21234,0.20231,0.19334,0.18431,0.17548,0.16635,0.15739,0.14988726569962127,0.14218338635779115,0.13428,0.12837,0.12298,0.11869649598851711,0.11461
20-01-2026 11:25,25447.1,0.1275066018374593,0.12169668678282454,0.11703,0.11367650934341897,0.11081,0.11077757324558844,0.10955,0.11127,0.11507,0.12010018081156068,0.12429,0.13025,0.13698,0.14503,0.21107,0.2019333504080248,0.19280794439386179,0.18368403118539356,0.17454,0.16544031084303615,0.15634,0.14866,0.14012,0.13309,0.12699,0.12202505264582998,0.11676,0.11183
20-01-2026 11:30,25458.7,0.11467566793954277,0.11182,0.10942,0.1076,0.10639,0.10824721399985288,0.11042122508818372,0.11269453632111283,0.11490103064006417,0.1172,0.12297,0.12923,0.13594,0.14388,0.21286,0.20405055941529762,0.1952,0.186045783263172,0.176916315159106,0.16773,0.15875,0.1507254678793449,0.14234,0.13524,0.12935,0.12467660911672093,0.11971,0.11532
20-01-2026 11:35,25466.4,0.11355,0.11138,0.10887,0.10647,0.1051,0.10478,0.10551,0.10930032005883933,0.11214,0.11609,0.12192,0.12847148279720463,0.1352,0.14301461559093562,0.2147333005829673,0.20536282972723288,0.19568,0.18664,0.17681,0.1678,0.1594692015793806,0.15068,0.1423,0.13516,0.12912,0.12373,0.11943,0.11498
20-01-2026 11:40,25461.5,0.12097,0.11637815672283326,0.112,0.10852,0.10679,0.10562,0.10782817805802442,0.1084,0.1130213161167459,0.11636,0.12252,0.12877,0.13566,0.14361,0.21174884904454305,0.20279,0.19379536178630347,0.18486615765902426,0.17596,0.16727,0.1579,0.14947,0.14098,0.13449174577897988,0.12789338050934979,0.12192,0.11686138576117144,0.11263214070919765
20-01-2026 11:45,25463.2,0.12048,0.11557,0.11228,0.10909,0.10762999946731008,0.10589,0.10883056627546195,0.11125085311654839,0.11415292074653442,0.11682,0.12256,0.12889,0.13567,0.14366,0.21245,0.20355408930108362,0.19458226223864333,0.18554643302445073,0.17653,0.16721,0.15814,0.14996858014159914,0.14123,0.13391,0.12791,0.12175,0.11723,0.11238
20-01-2026 11:50,25474.5,0.11774,0.11478,0.11128616397029015,0.10766,0.1074961508877711,0.10660740699199725,0.10512,0.10724,0.11143,0.11565,0.12162,0.12860210965662228,0.1352,0.14297,0.21369,0.20379,0.19501,0.18616,0.1770714373155375,0.16797,0.159,0.15025,0.14281890339939982,0.13536238690259395,0.12763,0.12251908004977244,0.11707,0.11218
20-01-2026 11:55,25481.0,0.10771,0.103,0.10276,0.10132,0.10055,0.10028,0.10358320915869171,0.10674484312541085,0.10935,0.11412,0.12074,0.1275,0.13459,0.14305,0.22478039178238113,0.21250984720473262,0.20077356579403455,0.18961675673685108,0.17896,0.16935,0.1608090579996486,0.15228589236234555,0.14355,0.13664,0.13013,0.12432,0.12024,0.11575
20-01-2026 12:00,25467.5,0.09915,0.09916,0.09931345766741353,0.09945,0.09935,0.09996,0.10339396252825757,0.10676242640029569,0.10965,0.11489,0.12143,0.12857,0.13656586934624151,0.14475,0.2131409047543381,0.20503,0.19685,0.18735,0.1778,0.1687,0.1601826932658268,0.15162,0.14489307987028616,0.13776692442762917,0.1310358663580974,0.1244,0.12066,0.11678
20-01-2026 12:05,25450.2,0.09507,0.09683,0.09809,0.09847342818254662,0.09876,0.09977,0.10321878172082645,0.1057,0.1111,0.11635,0.12323,0.13027,0.13801,0.14649,0.21282,0.20368,0.1954,0.18596786582915584,0.17652,0.16785,0.1592,0.1511052830778939,0.14268,0.13644363779893964,0.12987,0.125482500344572,0.12094026168096852,0.11695
20-01-2026 12:10,25433.1,0.1132,0.11044,0.10853,0.10653,0.10577,0.10538,0.1068,0.10975,0.1145,0.11952,0.12627,0.13302,0.14059,0.14884,0.213,0.20233,0.19356,0.1843,0.1752327160491318,0.16616,0.15694,0.14940720380686098,0.1428732408870519,0.13612134938988707,0.1295071602088754,0.12305111482377842,0.11718,0.11337
20-01-2026 12:15,25439.15,0.10619,0.10565,0.10456454293092993,0.10336,0.10326,0.10351,0.10532,0.10852,0.11348,0.11953260599029926,0.12495,0.13179,0.13922021378086394,0.14682,0.2137,0.20348,0.19506,0.18538,0.17628,0.16719476657050164,0.1577,0.14992565337124358,0.14148,0.13493,0.12875,0.1233,0.11840860936409697,0.11411112629770222
20-01-2026 12:20,25436.4,0.10897728983566796,0.10604037358665953,0.10402,0.10318164975557306,0.10264,0.10504256952723057,0.1074874923485089,0.11035474298816503,0.11297,0.11805,0.12472,0.13187,0.13929,0.14763,0.21345,0.20388390661571898,0.19436870385573407,0.18486969979917556,0.17538,0.16608,0.15717,0.14894,0.14065,0.13405,0.12774,0.12213,0.1182,0.11411
20-01-2026 12:25,25423.6,0.1208,0.11588,0.11273,0.1099,0.10793,0.10925468413625797,0.11049167129149713,0.11071,0.11601935780340926,0.12136495753390421,0.12691,0.13422,0.14152,0.14968,0.21389708462755894,0.2034919273092065,0.19343,0.18337,0.17426,0.16461,0.15543,0.14757,0.13902,0.13232,0.12569,0.11981,0.11440525701903971,0.10952425812857693
20-01-2026 12:30,25431.55,0.10947,0.10740518669109211,0.10572790171060756,0.10408,0.10356,0.10387,0.10576,0.1087,0.11443072694705858,0.11914,0.12623,0.13408902353363653,0.14167,0.15026,0.21400822339823805,0.2039462328577028,0.19397,0.1843,0.17522,0.16558,0.1569,0.1490977101006022,0.14075,0.13438,0.12794,0.1223073369869947,0.1171844121323892,0.1125411737588955
20-01-2026 12:35,25423.05,0.1143838208211778,0.11162,0.10934,0.10801076341025401,0.10628,0.1082003314715125,0.10958313908933813,0.11054,0.11542,0.12063,0.1280315658746968,0.1353108529213003,0.1426,0.15113,0.20964968188528005,0.20148,0.19346,0.18374,0.17441729190765015,0.1649,0.15614,0.14836,0.14033,0.13389,0.12714,0.12128,0.11697490175455466,0.11297
20-01-2026 12:40,25423.5,0.10643,0.10618,0.10543294121896024,0.10452,0.10418,0.1047,0.10697,0.11016,0.11521,0.12173942330492388,0.12754,0.13497,0.14305485562309234,0.15133,0.20996768017000625,0.20113,0.19236127184596546,0.18352551824213675,0.17468,0.1655897163953025,0.15647,0.14846,0.1418329845197824,0.13505462317035316,0.12806,0.12269,0.11854,0.11481
20-01-2026 12:45,25416.4,0.11852,0.11428,0.11149,0.10896,0.10773,0.10729,0.10892,0.11188,0.1167,0.12145,0.12829,0.13531,0.14332115660977668,0.1516,0.20820137987908544,0.19996,0.19164,0.18237,0.17329,0.16464783869740846,0.15595836089265153,0.14701,0.13937,0.13277,0.12663,0.12093,0.11568087998257615,0.11079808676534969
20-01-2026 12:50,25426.5,0.11311,0.11122,0.10906,0.10681,0.10694509648792791,0.10587,0.10744,0.11062,0.1163401300104146,0.12189640589921799,0.1277571729292952,0.13337,0.14056,0.14862,0.21124,0.202,0.1928,0.18391,0.1748133217901508,0.16570100760024736,0.15643,0.14851,0.14039,0.13381,0.12721,0.12141,0.1171,0.11314
20-01-2026 12:55,25428.95,0.1147,0.11217,0.10964875911847553,0.10689,0.10592,0.10607,0.10875240811565147,0.11028,0.11486,0.11946,0.1261,0.13324,0.1409445943967867,0.14881,0.21106,0.20199247862374917,0.19291829242560748,0.18387,0.17481,0.1652,0.15629,0.14784,0.13991,0.13364,0.12696,0.12189261607343034,0.11649,0.11241
20-01-2026 13:00,25428.55,0.11009,0.10856,0.1069,0.10578429501851641,0.1045,0.10516,0.10850135543699818,0.11264042475527536,0.11702826676560003,0.12161567272738975,0.12619,0.13349,0.14125415026029364,0.14912,0.21401505665490467,0.20405832628422976,0.1943,0.18498761234731476,0.1757953808410318,0.16656,0.15769,0.14962,0.14138,0.1349857028860877,0.12799,0.12204,0.11751,0.11332988717429542
20-01-2026 13:05,25423.7,0.11124,0.1089714527169166,0.10716521846806318,0.10539,0.10546391347650286,0.1048,0.10666,0.1096,0.11502607036396843,0.11944,0.12623,0.13368,0.14102,0.15028303361733036,0.21024711164679075,0.20228,0.19419,0.18511,0.17573548078623108,0.16629,0.15714,0.14924,0.14094,0.13456,0.12772,0.12164622247475287,0.11562436286577152,0.10946555965396985
20-01-2026 13:10,25424.7,0.1078,0.10677,0.10565,0.10431,0.10396,0.1043,0.10644,0.10939,0.11493610484571543,0.11943,0.12599,0.13342,0.14136503931846883,0.14945,0.21222,0.20243,0.19367953453432638,0.18492,0.17599,0.16618,0.15796557597499014,0.14975774348223803,0.14143,0.13483643022675318,0.12811,0.12335022401137294,0.11849560016640545,0.11415
20-01-2026 13:15,25413.05,0.11774646989694,0.11396,0.11111,0.10903,0.1073,0.10742,0.10895,0.11184,0.11719639227930703,0.12138,0.12863055675737772,0.13515,0.14205,0.15068,0.2115,0.20253018465303085,0.19348,0.18399,0.17438,0.16511,0.15615,0.14777,0.14057138831632465,0.13339,0.12789146099582988,0.12225614248847007,0.1168814730153793,0.11188
20-01-2026 13:20,25432.95,0.10549,0.10521,0.10463,0.10332,0.10306,0.10470106918305157,0.10583,0.10895,0.11461124199365508,0.12019188641097642,0.12607506545866323,0.13176,0.13839,0.14622,0.21272,0.20298,0.1944560637049505,0.18595,0.17661495723977902,0.16723,0.15861,0.15051,0.14357918505278966,0.13619,0.12938,0.12385,0.11965520647953037,0.11571
20-01-2026 13:25,25422.0,0.11166,0.11031,0.10826,0.10659,0.10591,0.10591,0.10879856029369603,0.11048,0.11505,0.11937,0.12564,0.13239,0.13918,0.14686,0.2106203029146771,0.20228,0.1938,0.18462900640229526,0.17549,0.16598,0.15731,0.14858,0.14068,0.13450216814783378,0.12769,0.12213,0.11786920880478188,0.1139
20-01-2026 13:30,25415.05,0.10348,0.10326,0.10286,0.10234,0.10244,0.10378,0.10643,0.10968,0.11499716258262697,0.11975,0.12607,0.13321426192479932,0.14033909777534892,0.14774,0.21187,0.20201,0.19422,0.1847428191737171,0.17533,0.16572,0.15696,0.14928447952749874,0.14108,0.13518327465358482,0.12852,0.12407452794573195,0.11927,0.11595
20-01-2026 13:35,25392.3,0.10768951428434483,0.10578,0.10436,0.10439,0.10435,0.10572,0.10961392615663793,0.11231,0.11748,0.12272,0.12934,0.13666,0.14399,0.15221,0.21263,0.20288,0.19494,0.18565,0.1764,0.1668,0.15868,0.15101,0.14296,0.13658,0.13079,0.12511,0.12114,0.11720956197140318
20-01-2026 13:40,25365.4,0.1195,0.11614,0.11303,0.11111,0.10982,0.11059,0.11295,0.11636,0.12121,0.1265,0.13324056216029062,0.14036,0.14842295689840998,0.15737405190735787,0.21177323931661574,0.20149,0.19393,0.18288,0.1734473526234077,0.16381,0.15514,0.14686,0.14011712150547576,0.1332137649699331,0.1262,0.12081,0.11637877668440368,0.11217
20-01-2026 13:45,25372.15,0.11362,0.11193,0.10892,0.10755,0.10657,0.10757,0.11044,0.11415,0.11937,0.12474,0.13185,0.13917,0.14658,0.15474,0.21139,0.20267,0.19360748330715663,0.18461,0.17568,0.16583,0.1583016028919635,0.15062585686020313,0.14315481236480734,0.13548,0.12896,0.12333,0.1187,0.11453
20-01-2026 13:50,25364.1,0.12664715475795935,0.11916208215654608,0.11370385262615404,0.11026596703451642,0.10898,0.10929,0.11172,0.1156,0.12171148683984268,0.12746157013612242,0.13298,0.14043,0.14763,0.15575,0.21097,0.20219,0.19316564286868448,0.1841086180531575,0.17505838661857134,0.16597383120096268,0.15701,0.14852432143118516,0.14016,0.13401,0.12738,0.12171,0.11726,0.11303
20-01-2026 13:55,25368.4,0.12058289018270342,0.11596,0.1127740385838627,0.11014,0.11054105302335546,0.10947,0.11184,0.11536,0.12047,0.12582,0.13305977703970295,0.13973,0.14713,0.15527,0.21065,0.20234,0.19506,0.18455,0.17557,0.16568,0.15757268643139805,0.14928239416957864,0.14079,0.13478,0.12791,0.1224,0.11736,0.11303
20-01-2026 14:00,25369.7,0.11605811633693372,0.11201,0.10893,0.10744,0.10673,0.10818,0.11086,0.11605287319540397,0.12021,0.12657302022974554,0.13214,0.1396,0.1468,0.15515,0.21334,0.20467626075995254,0.1959,0.18644229646307148,0.17697842443132866,0.16747603481634354,0.15798,0.14922,0.14073,0.13489,0.12768110898295792,0.12150375293157356,0.11582390379370508,0.11060390755715381
20-01-2026 14:05,25359.55,0.11471588766511127,0.11154,0.10917,0.10798,0.10734,0.10897,0.11341958361859004,0.11774685655871969,0.12161,0.12793280681548674,0.13384,0.1413,0.14959145313569255,0.15808,0.21270984359567227,0.20364,0.19509,0.18532,0.17684,0.16732,0.1586,0.14999,0.14228,0.13639,0.12966,0.12411,0.11977,0.11569686314933457
20-01-2026 14:10,25355.15,0.1183,0.1152212185542652,0.11245,0.1116099526463131,0.11,0.1122588558108227,0.11373,0.11843625102286887,0.12316,0.12993840161869727,0.13659060595024167,0.143569526091664,0.15054,0.15889,0.21242717281477794,0.20319,0.19414741866679372,0.18513,0.17632005335761752,0.167532727109113,0.15862,0.15051218356324075,0.14221,0.13597,0.12932,0.12420945539820649,0.1190478451262736,0.11436
20-01-2026 14:15,25366.45,0.11316944091103505,0.11021,0.10869044594754337,0.10745,0.10704,0.10866,0.11137,0.11521,0.12113343920388656,0.12634,0.13298,0.14044516402466245,0.14814,0.15671208301417944,0.21107949391078148,0.20194,0.19271,0.1842516328597017,0.17576,0.16672,0.15844,0.15135044414412,0.14414370327321147,0.13675,0.13014,0.1255142049187333,0.12065,0.11665
20-01-2026 14:20,25356.3,0.12201,0.1182993100925826,0.1154427286714996,0.11293,0.1139674046197222,0.11450262134330683,0.1147,0.11805,0.12277,0.12807,0.13424,0.14160365642244288,0.14925,0.15781990706625196,0.21,0.20085,0.1926,0.18335,0.17458,0.16573,0.15718,0.14903,0.14251009947801702,0.13538,0.12847,0.12274,0.11845,0.11392
20-01-2026 14:25,25378.65,0.12105,0.117,0.11426225689634342,0.11102,0.10963,0.11063,0.11258,0.11739400222018381,0.12189152591297095,0.12604,0.13239,0.13931,0.14648,0.1540852567889546,0.21293,0.2034,0.19521,0.18609621518783281,0.17705,0.1674,0.1588044651632377,0.14975,0.1428943185345137,0.13547,0.12861,0.12265,0.11783583713569182,0.11323
20-01-2026 14:30,25385.8,0.11073,0.10874,0.10778951723818928,0.10685694403587104,0.10555,0.10716,0.1106471245792518,0.11346,0.1188564183048301,0.12355,0.13016,0.13685,0.14479957030118926,0.15319475945264638,0.21419,0.20425,0.1954712521974345,0.18659,0.17846,0.169,0.16085528332901466,0.15221,0.14571245405630853,0.13853,0.1319,0.12654,0.12214,0.11784
20-01-2026 14:35,25374.45,0.10932322033482252,0.10718615487777929,0.10589,0.10523,0.1066154425367581,0.1081447815232777,0.10924,0.11288,0.11829999800038946,0.1233,0.12981,0.13684156022776822,0.14366,0.1516,0.21543,0.20562,0.19772,0.18902,0.17987,0.1709,0.16238,0.15404,0.14747135725649418,0.14024,0.13437219783658627,0.12795,0.12368,0.11927
20-01-2026 14:40,25356.7,0.11168355017396142,0.10881,0.10683,0.10711247300527243,0.10637,0.1082,0.11121,0.11492,0.12054,0.12572,0.13238,0.1394,0.14656,0.15455,0.21623242215144883,0.20743,0.19928,0.18959,0.18121,0.17213,0.16356,0.1549,0.1474,0.14077,0.13504626164140313,0.12876,0.12406,0.11977
20-01-2026 14:45,25345.55,0.11529,0.11294,0.11041,0.11008239165023284,0.10864,0.10987,0.11265,0.11615,0.1222759893059345,0.12810061027609987,0.13376,0.14068,0.14752,0.15514,0.21677,0.20717,0.19801,0.1883,0.17987,0.17054222906986705,0.16096,0.15256,0.145843244254994,0.13852,0.13195,0.12642,0.12178,0.11732
20-01-2026 14:50,25348.5,0.10425,0.10393,0.10305,0.10373245347183803,0.10348,0.10534,0.10893,0.11433386918615074,0.11893,0.12412,0.1315,0.13842,0.14581,0.1543,0.21856,0.20883,0.1993543165224598,0.18987765304441245,0.18044767947756407,0.17097,0.16189,0.15389062691875122,0.14558,0.1391,0.13254,0.12753045066164292,0.12282,0.11888255403390856
20-01-2026 14:55,25335.5,0.09571,0.09742,0.09848,0.09992,0.10251830327095404,0.10445,0.10817,0.1129,0.11915627144509908,0.12474,0.13244,0.13951,0.147084011230056,0.15479,0.21849,0.20911022179289673,0.19956771555441613,0.1898837845587925,0.18023,0.16993,0.16179671650795352,0.15365491124558314,0.14526,0.13876,0.13306,0.12801,0.12455,0.12171
20-01-2026 15:00,25288.25,0.1044,0.10407,0.10406,0.10487,0.10810659421527141,0.1111900596420663,0.1139,0.11894,0.1255,0.132501634950072,0.13944406569285286,0.14653,0.1551719827749038,0.16431388818807965,0.2131,0.20251,0.19301,0.18224,0.17393,0.16472594429083198,0.15496,0.14722,0.14049,0.13464,0.12979614424450175,0.12433,0.12107,0.11819
20-01-2026 15:05,25289.95,0.09803877076388097,0.09853,0.09973,0.10149,0.10491512407956045,0.1078,0.11255,0.11839932349204696,0.12391,0.13105684695485317,0.13798371462126896,0.14491,0.15284,0.16084,0.21652,0.20654013121531486,0.19639,0.18535,0.17685,0.16796272358427083,0.15847,0.15071,0.14413,0.13867,0.1335,0.12859,0.12571564281387596,0.12319
20-01-2026 15:10,25245.35,0.09945,0.10105030406939541,0.10319184777014757,0.10516,0.1089,0.11311,0.11855,0.12482443149223402,0.13062,0.13761039802678982,0.1442,0.15119,0.15931,0.16759,0.21653,0.2042,0.19422995329263026,0.18401,0.17462,0.16693102489734374,0.15903986324903038,0.15086,0.14497,0.14046,0.13613,0.13301,0.13092,0.12942964616524505
20-01-2026 15:15,25238.75,0.10515,0.10596,0.10699,0.10871,0.11272371235997428,0.11687664683700008,0.12091,0.1269268311889415,0.13301301352616862,0.13918,0.14663260176357612,0.15408898944869315,0.16161,0.16897,0.22738,0.21506,0.20416650083483615,0.19322250370891905,0.18256416075195275,0.17182,0.16316,0.15585935097771986,0.14824,0.14265,0.13783325287619874,0.13321,0.12966662275520485,0.1268725871826683
20-01-2026 15:20,25191.85,0.12125,0.11886,0.11737,0.11925647348370329,0.11975,0.12382178321123725,0.12685,0.13185,0.13761,0.14411,0.15051,0.15739358354496424,0.1642833792505524,0.17114849873890656,0.21851396873664047,0.20918,0.20017,0.18901,0.17890909955132284,0.16855,0.15906,0.15134482057733503,0.14289,0.13612,0.13026,0.12498,0.12099,0.11734
20-01-2026 15:25,25185.2,0.14126659972264677,0.13444445980564407,0.1297,0.12673,0.12581,0.12786,0.13178503411257061,0.13572199704383936,0.13935,0.1454564412621984,0.15141769338507727,0.15751,0.16495,0.17189,0.21990708563915104,0.2088,0.19656,0.18717,0.17761813532502374,0.1678527052965369,0.15823,0.15255,0.14239,0.13540136959352972,0.12805,0.12057,0.11524,0.10900745253754225
21-01-2026 09:15,25171.75,0.16135434024906925,0.15294,0.14665975818974206,0.14119,0.13853,0.1399803758070452,0.1395,0.14379536742771315,0.14727,0.15271,0.1594089708426259,0.16575,0.17272,0.18004,0.22163,0.21205,0.20214,0.19239,0.18253,0.17277,0.16299,0.15324,0.14406,0.13532,0.12661,0.11844462731018161,0.11024,0.10135
21-01-2026 09:20,25204.0,0.14489,0.13684,0.13330070395262583,0.12897,0.12792,0.1303085317009711,0.13111,0.13522,0.14083,0.14681,0.15371,0.16135,0.16841,0.17651,0.22936085472807652,0.21908173529111297,0.20887,0.19875388135677616,0.18866,0.17876851061514898,0.16887370793160444,0.15893,0.14964,0.14137602597108384,0.13293,0.12507,0.11763848439289093,0.11031
21-01-2026 09:25,25249.5,0.11239,0.11008533974876761,0.10841,0.1092,0.11267208497998796,0.11681003309053191,0.12124601082205627,0.12589473887948027,0.13056,0.1378,0.14590313859406992,0.15402354006409125,0.16214,0.16992,0.23932,0.22872,0.21860187295884265,0.20844,0.19844,0.18865318278439974,0.17884110238193573,0.16883,0.15985,0.15212,0.14385,0.13775,0.1322,0.12755835083088746
21-01-2026 09:30,25231.8,0.13578862326959776,0.12879590219515596,0.12412,0.12087,0.12038,0.12333791927385372,0.12475,0.13097714813582761,0.13608,0.14246,0.15005,0.15783,0.16624415402036677,0.17494903465969322,0.23598136293369545,0.22541192896349732,0.21484113843001562,0.20422,0.19388,0.18338,0.17324147200892415,0.16297,0.15255,0.14322,0.13429,0.12662379494328585,0.11875,0.11057
21-01-2026 09:35,25229.95,0.11094902950652036,0.10907023328188804,0.10846,0.10981564531629023,0.1118761003477231,0.11357,0.11819,0.12409,0.1309,0.13852,0.14717350579699529,0.1555,0.16438,0.17241,0.2393,0.22828463097952104,0.21739,0.20703,0.19676476750377114,0.18647,0.1758,0.16575,0.15747731987888097,0.14902478931273633,0.14081708573247126,0.13261,0.12591,0.11949641185776746
21-01-2026 09:40,25195.85,0.12869219466815032,0.12386,0.12034,0.11914,0.12114680802900162,0.12178,0.12572,0.13196556975410328,0.13744,0.14442,0.15206,0.16009760209380214,0.1681101119179633,0.17625,0.23126,0.22039,0.20921,0.19894,0.18912,0.17868,0.16840267519446223,0.15788,0.14814,0.13936,0.13038,0.12255,0.11511,0.10815145460230849
21-01-2026 09:45,25195.8,0.1273337581762956,0.12241,0.11905,0.11758,0.12007175441109566,0.12115,0.12508,0.13066,0.1374509926021748,0.14369,0.15164,0.15968644107705204,0.16779,0.1763643802451396,0.230309227332981,0.21955,0.20885,0.1985822991250098,0.18834258934992357,0.17803,0.16805130158022685,0.15791,0.14843,0.1399,0.1314,0.12326,0.11657,0.10980225659162071
21-01-2026 09:50,25185.15,0.12236,0.11795,0.1188007474384645,0.11916806559205308,0.11985948575285338,0.11966,0.12465730188081814,0.1307568024410152,0.13697,0.14439,0.15238,0.16083,0.16916,0.17729,0.22539,0.21541,0.20434,0.19499,0.18528,0.17565,0.16525,0.15601,0.1469,0.138851179026944,0.13028,0.12351656844828748,0.11641,0.11009
21-01-2026 09:55,25177.9,0.11379,0.11152,0.11209618449247447,0.11141,0.11346,0.11718,0.12215,0.1284,0.13649912130668762,0.14445998241605124,0.15258285445489705,0.16066,0.16945,0.17838650928626212,0.2259933631352856,0.21521,0.20467,0.1952036623975663,0.18576657044078632,0.17627,0.166952030491746,0.1575,0.14867,0.14081,0.13399210604589723,0.12667,0.12103,0.1157
21-01-2026 10:00,25151.55,0.12546,0.12270478438129978,0.1208166077279707,0.11892,0.11961,0.12284,0.12739,0.13308,0.13961,0.1477034475188532,0.15556963090507142,0.16346,0.17209,0.18139925711288202,0.22193,0.21176,0.20173182322139632,0.19167,0.18148,0.1718,0.16211,0.15239,0.14399,0.13558,0.12784,0.12142,0.11506862181990235,0.10876
21-01-2026 10:05,25168.3,0.11757973176628703,0.11538,0.11423,0.11688513288254825,0.11988966076627905,0.1234054615932833,0.1269889096524782,0.13075,0.13746,0.145524901562988,0.15349,0.16138,0.16973,0.17812715816073726,0.22286,0.21258743994024948,0.20243,0.19279,0.18268,0.17313,0.16324,0.1546,0.1458,0.13816,0.13112,0.12476,0.11912,0.11439
21-01-2026 10:10,25142.55,0.12749,0.12315,0.12212902804468784,0.12039,0.12189,0.12660559184238301,0.13121540268112697,0.13563,0.14202,0.14990880178865207,0.15767,0.16529,0.17225,0.1791501174647731,0.21797,0.20786704218367835,0.19782327156079507,0.18776,0.17788,0.16848,0.15931638706605467,0.14989,0.14065,0.13289,0.12515,0.11804,0.11153,0.10527
21-01-2026 10:15,25145.8,0.12333,0.11947,0.1175,0.1202722801168367,0.12262855645302156,0.12543890613695435,0.12764,0.13377,0.1409,0.14879536612191613,0.15653,0.1642357148645085,0.1719,0.17995,0.22032,0.2101548388310141,0.20005047571583173,0.18993,0.1800401669563509,0.17012,0.16051,0.15188656890154223,0.14322584316158313,0.13445,0.12696,0.12057046861840673,0.11402,0.1085
21-01-2026 10:20,25143.35,0.1079,0.10745,0.1083,0.11044,0.11423,0.12038865319855462,0.1254,0.13227,0.14021,0.14801,0.15664,0.16444256050540584,0.17225,0.18071,0.22032,0.21089,0.20145,0.19248,0.18309,0.17442,0.16525,0.15763,0.14974,0.14271,0.13565,0.13077,0.12584,0.12255
21-01-2026 10:25,25100.4,0.12029705962765491,0.11908,0.11899,0.1201,0.12283,0.12806796075972343,0.13228,0.13929797951793776,0.14571,0.15384,0.16204445484522323,0.17017385930727166,0.17831,0.18593,0.21872,0.2089,0.19884,0.18907,0.17952,0.17021488535758283,0.16056,0.15206,0.1438,0.13602,0.12931,0.12317,0.11764703259034287,0.11272841712418571
21-01-2026 10:30,25093.35,0.12245680182345127,0.12031,0.11937,0.12075,0.12372,0.1282,0.13354,0.1405994208748656,0.14693,0.15483,0.16325,0.17228269137032698,0.18180224786403357,0.19173066404304434,0.21712,0.2065,0.19696,0.18695,0.17749464499415998,0.1679,0.1584,0.14965,0.14243848184668434,0.1350673597688504,0.12786903473280603,0.12053,0.11435,0.10948
21-01-2026 10:35,25094.5,0.11848,0.1171,0.11731,0.12046257998476675,0.12409925940621405,0.12727,0.13389621478283775,0.14038038559417476,0.147,0.15472,0.16342,0.17133,0.17914,0.18675954579885112,0.2166,0.20606,0.19642,0.18667,0.17674,0.16751,0.15911645317004847,0.15015,0.14241,0.13525,0.12902,0.12337,0.11888,0.1147270740487596
21-01-2026 10:40,25076.8,0.11040445771175778,0.1126,0.11577538244299754,0.11919,0.12378,0.12957,0.13582,0.14283,0.14989,0.15783,0.16683,0.1749702404519209,0.18316,0.19098,0.21921,0.21020005448020807,0.20117,0.19196,0.18381149539865851,0.1754,0.16699,0.16,0.15276,0.14706,0.14302736090582174,0.13814,0.13602,0.13435
21-01-2026 10:45,25011.65,0.12991,0.12886,0.12996,0.13271,0.13656,0.14246218481388034,0.1476,0.15431,0.16167978994578575,0.16871,0.17751,0.18442,0.1923040548630834,0.19945229881765386,0.21281393245122837,0.20348,0.19441,0.18465,0.17565706138281734,0.1664,0.15781,0.14998,0.14243,0.1365780448189705,0.13048455717078172,0.1243,0.11945,0.11484
21-01-2026 10:50,25009.05,0.1201,0.12301772202946892,0.12644408636654444,0.1298,0.13479,0.1411286557438321,0.14727,0.1547879163203282,0.16214241882824557,0.16956,0.17816,0.1860954118465427,0.1940093962158491,0.20172,0.2225271173514822,0.21319,0.20412,0.19505844970295783,0.18603,0.17863613244041665,0.17099077092203635,0.16357007368508858,0.15621,0.1511,0.1474,0.14463,0.14192,0.14173
21-01-2026 10:55,24957.3,0.14328,0.1423667312119364,0.14171,0.14384,0.14722,0.1518,0.157,0.16344906157753317,0.17040694037870224,0.177347072814651,0.18454128429676575,0.19209,0.200643829130561,0.20970796041756473,0.22052,0.21070757111888044,0.20088,0.19093,0.18127,0.17231702533741472,0.16314,0.1544,0.14602,0.13844972490303542,0.130848705466621,0.1235,0.11670249371509081,0.11027524497021061
21-01-2026 11:00,24996.3,0.1347,0.13506375211882704,0.13532,0.13812,0.14231,0.14755,0.15363,0.16007,0.16697,0.17401,0.18197,0.18865,0.19583,0.20273297552264247,0.22455,0.21426124101554708,0.20408679730719065,0.19389,0.18403,0.1753934498297009,0.16654,0.15824,0.1511271833990906,0.14372,0.13780622923388883,0.13204,0.12668796566837495,0.12202210517612391
21-01-2026 11:05,24985.75,0.1373060024812249,0.13763,0.13894,0.14137,0.14648587390716317,0.15085,0.1568,0.16288,0.16942,0.17636,0.18417,0.19065,0.19721,0.20514,0.2196,0.20915,0.1987773215497745,0.18842616203574405,0.17801,0.16867,0.16014882582738027,0.15128,0.14402432899685896,0.13636,0.12993,0.12302,0.1171752675043344,0.11146155815693615
21-01-2026 11:10,25017.2,0.1416794754743505,0.14033933226457093,0.14029,0.14160170910964054,0.14317,0.14704,0.15151,0.15782070337271592,0.16355,0.17084080124975332,0.1778,0.18489,0.1916,0.19977,0.22119,0.21052,0.20063411618451887,0.19069,0.1809430489484004,0.1711400197509379,0.1613,0.15209,0.1432,0.13358,0.12569904602563486,0.11749,0.11042,0.10185
21-01-2026 11:15,25046.1,0.14397,0.14016,0.14021680324936905,0.13908,0.14103,0.14436,0.14971995435460203,0.15482655150692617,0.15965,0.16606,0.17377,0.18004,0.18735,0.1947,0.22158,0.21124,0.20104,0.19101,0.18117,0.1716726840413116,0.16191,0.15273,0.14403,0.13539,0.12731,0.12038,0.11276,0.10601159986469345
21-01-2026 11:20,25060.3,0.13169,0.12981,0.1297,0.13102,0.13391,0.13809,0.14401693777918903,0.14952,0.15670470154173025,0.16365363206264189,0.17068,0.17767,0.18468506178440636,0.19164178686933697,0.22501,0.2154449379649644,0.20584,0.19596,0.18562,0.17611,0.16717,0.1585,0.14967,0.14173,0.13515,0.12908,0.12300677707833407,0.11697
21-01-2026 11:25,25041.3,0.12924,0.12753,0.12769,0.12964,0.13366,0.13824,0.14359,0.14983,0.15679,0.16395,0.17192,0.17945649038815026,0.18698,0.19456,0.22775,0.21815,0.20868,0.19892,0.18899,0.17966,0.17054,0.1622,0.15477108872969253,0.14682,0.1402231952480601,0.13311,0.12778,0.123
21-01-2026 11:30,25041.05,0.13283,0.13058,0.13180475304647307,0.13195,0.13501,0.13941,0.14548748122526228,0.15084,0.1581369714005686,0.16494,0.1728,0.17992,0.18742,0.19481534648595408,0.22611,0.21636248240369957,0.20669253157213804,0.19707132500831936,0.18746,0.17814,0.16926193683050592,0.16022,0.15174,0.1437,0.13617,0.12995,0.1241957594251345,0.1194925840330271
21-01-2026 11:35,25049.35,0.1301501374722813,0.12936,0.12957,0.13118,0.1352630371986007,0.13844,0.14389,0.14995,0.15668,0.16432558946911227,0.17176,0.17913834020083766,0.18645,0.19453,0.22696,0.21735753115986117,0.20769,0.19761,0.18773,0.17863,0.16983,0.16134,0.15359514025196866,0.14528,0.13856,0.13231,0.12686,0.12162
21-01-2026 11:40,25042.9,0.1334474026362414,0.13186,0.13145,0.13247,0.13537,0.14060378940991514,0.14483,0.1505,0.15708,0.16411,0.17186,0.17917,0.18658,0.19412,0.22612,0.21631209784596706,0.20649,0.19653,0.18629,0.177,0.16772,0.15946752104728357,0.15079,0.14328,0.13663368571395113,0.12979,0.12372,0.11798183160507769
21-01-2026 11:45,25045.15,0.1337886597701492,0.13206,0.13232310873553038,0.13236,0.13523,0.13924,0.14427,0.1499,0.1570056590273019,0.16362,0.17162,0.17899236783187356,0.18635,0.1939,0.22687,0.21664,0.20673,0.19655,0.18659,0.17713,0.16783,0.15919,0.15122627883924905,0.14292,0.13557,0.12887992599449238,0.12235,0.11634965073525964
21-01-2026 11:50,25057.75,0.13374,0.13061,0.12978,0.1313,0.13417,0.13801,0.1433,0.14884,0.15603130385687947,0.16264,0.17054,0.17769,0.18521,0.19285,0.22699,0.21688749022068188,0.20689212757625405,0.19697791427991068,0.18704,0.1775890206234606,0.16813,0.15925,0.15112,0.14340699898664983,0.13526,0.12839,0.12245,0.11627
21-01-2026 11:55,25064.55,0.13047,0.1286,0.12848,0.12994,0.13413552644281546,0.13718,0.14238,0.14817,0.15471,0.16176,0.1697,0.17657,0.18404447316478917,0.19166,0.22742,0.21717,0.2073098576683049,0.19738,0.18769073673751183,0.17786,0.16849,0.15966,0.1518616117956238,0.14409446046347146,0.13634,0.13021861887548336,0.12405108108642843,0.11829
21-01-2026 12:00,25081.9,0.14042677051267966,0.13712,0.13497,0.13642611169578595,0.13774589054357914,0.13853,0.14254,0.14819947831864222,0.15337,0.15944,0.16694,0.17378,0.18123,0.18878,0.225,0.2149084779955677,0.2048,0.1945822732359309,0.18437317518565494,0.17414,0.16427,0.1549669319637058,0.14552,0.13731400193029303,0.128932899758768,0.1206,0.11306,0.10483
21-01-2026 12:05,25117.2,0.12873,0.12563,0.12408,0.12668282413380666,0.12889161760549261,0.13056,0.1351,0.14051,0.14695,0.15420138981056375,0.1613438731396728,0.16858300617629823,0.17581,0.18372,0.22827749803369973,0.21847,0.20894,0.19902787393693727,0.18906,0.17998,0.17017,0.16139,0.15266,0.14483,0.13702,0.13023,0.12375,0.11802
21-01-2026 12:10,25113.35,0.13743931034660387,0.13376,0.13116,0.13082,0.13145,0.13404,0.13797,0.14400278845327022,0.14912,0.15502,0.16263,0.16926,0.17671,0.18416688511494522,0.22408,0.21377,0.20384,0.1939439873604764,0.18402238769393503,0.17402,0.16463,0.15525,0.14665,0.13796,0.12963,0.12258,0.11515457890834296,0.10767
21-01-2026 12:15,25129.25,0.14212,0.13645,0.13427605831030198,0.13138,0.13217,0.13558535184003684,0.13796,0.14234,0.1479,0.15374,0.16084,0.16697,0.17331,0.18063,0.2256312455954738,0.2158,0.20614,0.19602867396458112,0.1858795666011674,0.1757465426039682,0.1656,0.15635,0.14722,0.13817,0.13001,0.12186,0.11408,0.10638
21-01-2026 12:20,25163.0,0.13704,0.13153,0.12967856824594434,0.12705,0.1298526036276131,0.13184111325229964,0.13361,0.13822,0.14354,0.14955,0.15667,0.16315415735210262,0.16958,0.17664,0.23038,0.22027,0.21058,0.20048,0.19080164742333444,0.18101,0.17114,0.162,0.15272,0.14432,0.13626,0.1286422401032008,0.12099514730682046,0.11349
21-01-2026 12:25,25166.9,0.11646,0.11482,0.11454,0.11565,0.11826,0.12331235191777554,0.12722,0.13303,0.13967,0.14655,0.15443,0.16135,0.16878,0.17609377118151545,0.23888,0.22894,0.21922360810489272,0.20945,0.19993,0.19064,0.1822539136266091,0.17394634868497322,0.16568393911038654,0.15746947590870752,0.14943,0.14255,0.1371391362495475,0.132
21-01-2026 12:30,25153.65,0.14411,0.13813068499874537,0.13294,0.13066,0.13051,0.13202,0.1362443992813466,0.13924,0.14482,0.1501,0.15725,0.16402,0.17046,0.17743,0.23409,0.22385,0.21446,0.20458346508080227,0.1946935801959652,0.18477,0.17467,0.16519,0.15566,0.14664,0.13804,0.12914,0.12071,0.11267
21-01-2026 12:35,25191.3,0.1472,0.14047,0.13539,0.13212,0.13358476042681178,0.13255,0.13494,0.13883,0.14335,0.14828,0.1547746584849264,0.16102,0.16742730205761663,0.17383,0.2341,0.2241,0.2144227012479938,0.20476051283276886,0.19510409871359313,0.18542,0.17552,0.16609,0.15689,0.1480607123093122,0.13896,0.13075,0.12259,0.11461
21-01-2026 12:40,25225.6,0.1356333777364515,0.1311,0.12805135243407506,0.12561,0.12506,0.12712176535834263,0.12875,0.13335833925147256,0.13785790551086363,0.14219,0.14865053578566395,0.15492,0.16058,0.16847,0.24091,0.23056,0.22149,0.21174,0.20221,0.19333,0.18365,0.1750412962555498,0.16626,0.15816571838461618,0.14992661251899106,0.14166,0.13429,0.1274
21-01-2026 12:45,25260.15,0.14739411500623814,0.14037926021268377,0.13502,0.13106,0.12889,0.12878,0.13165325605866543,0.13345,0.13754,0.14228,0.14796538375900448,0.15331,0.15916,0.16562,0.24399116802581025,0.23445,0.22483,0.21557,0.20544,0.19649,0.18711228248138023,0.17763,0.16816,0.15944,0.15062,0.14206,0.13387,0.12606
21-01-2026 12:50,25266.0,0.15043494497311635,0.14299,0.13659,0.134680678406631,0.13250285415431123,0.12986,0.13099,0.13379,0.1377,0.1423,0.14736,0.15339,0.15973303068886355,0.16617,0.24758855768688737,0.23813,0.22897,0.21938349641805283,0.2098,0.20057,0.19091,0.182,0.17238,0.16351,0.15473,0.14632,0.13756,0.12958
21-01-2026 12:55,25281.8,0.13917,0.13376633222688322,0.12917400655469594,0.12593,0.12722574278138762,0.12869970322684582,0.13034103774039157,0.13197307876870254,0.13403,0.13891,0.14492121488310172,0.15084,0.15753,0.1646030874291884,0.25027,0.24056,0.23144,0.22236,0.2125,0.20318,0.19394,0.1849058866033593,0.1758645446152404,0.16673,0.15807257384702356,0.14926,0.14108,0.13375
21-01-2026 13:00,25281.3,0.13807,0.13319,0.12776,0.12551,0.12366,0.12413,0.12643,0.12955,0.13415,0.14005325451709416,0.14535,0.15225,0.15908401543867234,0.16594,0.25099,0.2412,0.2317209261496545,0.22224408075701874,0.21278,0.20316,0.19335,0.18437,0.17552031367916468,0.16662822773666064,0.15764,0.14933459820543893,0.14094,0.13318
21-01-2026 13:05,25288.85,0.12164,0.11875,0.11667,0.11569,0.11757484303704228,0.11798,0.1212,0.12532,0.13069,0.13647,0.14268,0.14981043996888183,0.15691208819972835,0.16431,0.2549960150051058,0.244859975165197,0.23469417352357186,0.2246199710947738,0.21469,0.20515,0.19551,0.18686098675236135,0.17799,0.1693,0.16144334905709537,0.15329,0.14588,0.13943
21-01-2026 13:10,25221.5,0.14555,0.13388,0.13292,0.12941,0.12723,0.12818,0.13131622048175778,0.13326,0.13677,0.14244,0.1494513224339616,0.15601,0.16247,0.17012,0.24334,0.23292,0.2240546989460695,0.21525,0.20559577986942063,0.19612,0.18546,0.17645,0.16852,0.15804,0.14967,0.14177,0.13249,0.12413
21-01-2026 13:15,25225.05,0.1338,0.12896,0.126330446920115,0.12326,0.1228,0.12402,0.12818481316019711,0.13213002396790324,0.13568,0.14121,0.14793,0.15501,0.16172,0.16931,0.24435,0.23512,0.22594443804407066,0.21678,0.20749,0.19819,0.18920142938657336,0.18004,0.17153722174757347,0.1628,0.15452,0.14636,0.13888,0.13236
21-01-2026 13:20,25225.7,0.12872,0.12486,0.12304028537583667,0.12081,0.12085,0.12246,0.12651571902220068,0.12964,0.13486,0.14077,0.14787141785213545,0.15468,0.16132,0.16885,0.24589055193039117,0.23708781682010932,0.22782,0.21895,0.20902,0.19978,0.19047,0.18129,0.1730897257923549,0.1647609142543351,0.15660044611482737,0.14833,0.14156,0.13545
21-01-2026 13:25,25205.25,0.13439953853345044,0.1299,0.12663,0.12487,0.12494,0.12750664101706652,0.1291,0.13326,0.1389306437387145,0.14405,0.15016,0.15749146530826913,0.16463,0.17223,0.24316,0.2337,0.22373,0.21445,0.20480972562228855,0.1951485733552851,0.18538,0.17635,0.16764,0.15913,0.1512,0.1442088630852514,0.13715544904212829,0.1304
21-01-2026 13:30,25215.7,0.11547150725103902,0.11413709410452443,0.11384,0.11439,0.11611,0.11898,0.12385304711264648,0.12793,0.13384,0.14041,0.1478254218856512,0.15524760451078692,0.16280903253144635,0.17059,0.24707,0.23815,0.22860689250450325,0.21906099444644406,0.20948,0.20028,0.1914308669806129,0.18238,0.17411,0.16604,0.15871,0.15219,0.14655,0.14146
21-01-2026 13:35,25182.35,0.14827,0.13934,0.13698,0.1338,0.13289,0.13224,0.13587168329686194,0.13926988561641634,0.1423,0.14773,0.15379,0.1605639914584729,0.16719,0.17421,0.23745201047713954,0.22763,0.21820706483046476,0.20869,0.1986,0.18997,0.18082610656232684,0.17157,0.16251,0.15390677594586943,0.1451690887735281,0.13646,0.12972,0.12058
21-01-2026 13:40,25193.1,0.13324,0.12911456992940298,0.1257,0.12472,0.12518,0.12695,0.1307992149308667,0.13381,0.13968965628759178,0.14486,0.1515882948305942,0.1581,0.16516,0.17249877404273015,0.24104,0.23161,0.22235485674334426,0.21314,0.20345,0.19387,0.18456,0.17598,0.16769007345554987,0.15902,0.1516714367418219,0.14393,0.13706,0.13075
21-01-2026 13:45,25192.95,0.13211,0.12832,0.12648669564595982,0.12411,0.12448,0.12634,0.12935,0.13445298172002917,0.13859,0.14451,0.15095,0.15785,0.16523,0.17348,0.24175,0.23225,0.22274,0.21318,0.20349,0.19378,0.18417,0.17565,0.16677,0.15838,0.15098327875998707,0.14335,0.13649,0.12995920977041456
21-01-2026 13:50,25179.95,0.12497001779241851,0.1225,0.12106,0.12096,0.12254,0.12493,0.12858,0.13335,0.13996702826358676,0.14641940714653162,0.15303511948497595,0.15955,0.16688,0.1742,0.2418,0.23224,0.22298,0.21312,0.20354,0.19431,0.18498,0.1767,0.16826,0.1603,0.15311,0.14644,0.14051,0.1350266490224818
21-01-2026 13:55,25164.25,0.12508,0.1227,0.12142,0.1236693455297391,0.1256839133139749,0.1280385119274185,0.12986,0.13471,0.14081,0.14683,0.15375,0.16127,0.16886,0.17614,0.24014,0.23066,0.22126106416550745,0.21187,0.20207,0.19307116506596686,0.18404198158733343,0.17487,0.16677,0.15894,0.15212,0.14506,0.13935,0.13429
21-01-2026 14:00,25141.15,0.132091635729475,0.12917,0.12789768942184926,0.12689,0.12927664103404468,0.1309,0.13466,0.13925,0.14488,0.15069,0.15765,0.16497965658683386,0.17215,0.17942,0.23315611044301848,0.2242,0.21511,0.2058,0.19610666702461305,0.18634,0.17715,0.16852,0.16083829060113092,0.15275,0.14567,0.139,0.13293969514354065,0.12701
21-01-2026 14:05,25151.55,0.12298,0.12147,0.12084872756633301,0.11955,0.12101,0.12406,0.12791,0.1337865780476275,0.13906,0.14608842552438167,0.15267,0.16070933458433562,0.16894,0.1778362245299742,0.23336625538882402,0.22453,0.21563,0.20635,0.19667,0.18761,0.17836,0.1701854005935163,0.16148,0.15407,0.14726,0.14125,0.1360899908587288,0.1311
21-01-2026 14:10,25141.05,0.12296325750221562,0.12105,0.12018,0.12055,0.12248,0.126400187471996,0.12964,0.13581834028479384,0.14159632084657592,0.14735,0.15495,0.16301,0.17167742368002806,0.18069275008892577,0.23095,0.2213717562037097,0.21186258874053207,0.20240146898416297,0.19295,0.18376,0.17521578055881443,0.16667877746716087,0.15815,0.15046,0.14453940909738217,0.13858707991786104,0.13295431870011779,0.12778
21-01-2026 14:15,25139.05,0.14051,0.13525,0.13261489932690004,0.12945,0.12981,0.13115,0.13473876371083404,0.13773,0.14279,0.14938518461914052,0.15580010770918806,0.16227,0.16974,0.1775410228444581,0.22544,0.21577,0.20643,0.19661759130950257,0.18674,0.1773987793138162,0.16786,0.15897,0.15036,0.1424271528139616,0.13421,0.12632,0.11937,0.11216
21-01-2026 14:20,25178.3,0.11214213406800909,0.11156,0.11229656411650013,0.11306,0.11668002840814162,0.12041882275332141,0.12405,0.12924,0.13577,0.14259862120398123,0.14905,0.15704,0.165,0.17359588323499114,0.23348,0.22449,0.2152520403130423,0.20603,0.1965,0.1878768218233533,0.17924459663514128,0.17048,0.16261,0.1561684685765757,0.14925,0.14362,0.13928,0.13574
21-01-2026 14:25,25144.75,0.11203,0.1124976025734645,0.1129,0.11545592141655561,0.11751,0.12133,0.12644,0.13201,0.13842,0.14552,0.15314,0.16094,0.16956,0.17845339405897603,0.22976,0.22089347850464075,0.21204,0.20324,0.19409,0.18498,0.17631,0.16855,0.1613796373094507,0.154,0.1487593229301467,0.1433303807873036,0.13846,0.13453289358849976
21-01-2026 14:30,25130.1,0.1357963399360804,0.1321629242613542,0.13004,0.12881,0.12961,0.13109,0.13442,0.13863,0.14401,0.14972,0.15691560744828975,0.1639384517850172,0.17098,0.17869,0.22543,0.21582,0.20649,0.19667520263136906,0.18686,0.17739,0.16792,0.15924875093380617,0.15058104783848597,0.1418,0.13434590579780353,0.12673,0.11976986525933207,0.11289
21-01-2026 14:35,25146.5,0.1267864408834398,0.1247492112871936,0.1239,0.12393,0.12532,0.12787,0.1323718641310132,0.13605,0.1419,0.14857033394894661,0.15477,0.16188,0.16945,0.17727,0.22669,0.21725,0.20757373471277424,0.19788,0.18820909194534632,0.17837,0.16959,0.1609,0.1526,0.1455846800120607,0.13840107057794787,0.13126,0.12538,0.11982807969087007
21-01-2026 14:40,25152.35,0.1205713756097794,0.11893,0.1189739507799609,0.11882,0.12084,0.12401,0.12882558331107957,0.13315,0.13905,0.1462116502488814,0.15318840201730707,0.16013,0.16837,0.17615,0.22728,0.21766,0.20849088893981782,0.1993,0.19015437033175547,0.1810540027920179,0.17211,0.16475596096215417,0.1573127585256378,0.1501535450974116,0.14301,0.13732,0.13209,0.12729200725025783
21-01-2026 14:45,25149.7,0.12554,0.12474086253798719,0.1243011132468175,0.12404198837421133,0.1233,0.126,0.12989,0.1357308749501484,0.1415855478590251,0.1477221806185281,0.15357,0.16114736039131716,0.16874,0.17748,0.22466,0.21461,0.20589,0.19637,0.187,0.17806,0.16955,0.16207942183549462,0.15405,0.14697,0.14065,0.1347,0.12959,0.12474
21-01-2026 14:50,25153.5,0.11987668713875452,0.11848343094470931,0.1182,0.11918181028289138,0.12042,0.12336,0.12844022292389445,0.13340655361914777,0.13819,0.14432,0.15163,0.15943787328340636,0.16705,0.17562,0.22362,0.21422513978599422,0.20483,0.19536,0.18592,0.17755899201051162,0.16877,0.16103,0.15363,0.14652,0.1403,0.1351808018515519,0.12976,0.12525
21-01-2026 14:55,25147.1,0.12271118825057453,0.12011139898148517,0.1192,0.11878,0.12095,0.12455832031182006,0.12738,0.1332910955560722,0.13854,0.1457194005131279,0.1525,0.16027575740898095,0.16788,0.17644,0.226,0.21577,0.20664,0.19663,0.18740243400443551,0.17788,0.16911,0.16108,0.1528,0.14639233057018364,0.13932,0.1337,0.12836,0.12385
21-01-2026 15:00,25160.2,0.13152774726722277,0.12813957926129466,0.12599,0.12616165709707428,0.12647808228090957,0.12612,0.1293,0.13273,0.13886,0.14424,0.15146,0.15934,0.1671241789350769,0.17493,0.22462,0.21473902973554315,0.20482,0.19466837321706762,0.18445,0.17483,0.16566,0.15709785528533465,0.1482,0.1406,0.1339632239431957,0.1271,0.12087973469445862,0.11472
21-01-2026 15:05,25171.7,0.11681190314812093,0.11539,0.1148,0.11552,0.11721,0.12017,0.1241,0.12894,0.13536,0.14201,0.15009911702044854,0.15794,0.16584,0.1740531194677292,0.22647,0.21712,0.20732,0.19776,0.18797,0.17957694788077286,0.17103370163418963,0.16227,0.15494,0.14792,0.14197,0.13652,0.13194,0.1278885295240123
21-01-2026 15:10,25159.7,0.11404,0.11283,0.11313,0.11384,0.11659,0.1216483451377293,0.12649013320667946,0.13155920785013817,0.1363,0.14291,0.15131,0.1595,0.16735,0.17535217501557548,0.22813,0.21840045977630418,0.20858,0.19826,0.18907935276684618,0.1800257424016245,0.17086,0.16353742160070917,0.1560328988350182,0.14858,0.14238,0.13678,0.1328,0.12917
21-01-2026 15:15,25148.5,0.11773082128027818,0.11685767376369287,0.11692,0.11849927937588138,0.12078884244556623,0.12351166793853269,0.12587,0.13134591728041717,0.13709,0.14341,0.15225825352604336,0.16095,0.16924403403272986,0.17746,0.22618,0.21597,0.20606,0.19582,0.1868517763922034,0.17776559785379475,0.16852,0.16038,0.1526,0.14546,0.1401153055071316,0.13451770580324857,0.12898,0.12484
21-01-2026 15:20,25154.25,0.11111,0.11098,0.11197931308214917,0.1123,0.11569832990975008,0.1183,0.12263,0.12762,0.13529,0.14189,0.15119,0.15955,0.16812,0.17634,0.22399702809626165,0.21398,0.20528,0.19525,0.18672970666695832,0.17793,0.16939,0.16151,0.15378,0.14632,0.14104616112588614,0.13563509440317223,0.1309,0.12649176082568617
21-01-2026 15:25,25150.7,0.12111,0.11857,0.11808944867991772,0.11677,0.1183,0.12103,0.12473,0.13085108831102865,0.13625,0.14187,0.1505574325701257,0.15893,0.16642,0.17481,0.22111045395800855,0.21134,0.20163,0.19141,0.18128768825224023,0.17105,0.16232,0.15395647681800453,0.14557949790637253,0.13698,0.1305874917621014,0.12394,0.11898,0.11465362429101868
22-01-2026 09:15,25332.45,0.10473,0.10462314397218862,0.10454,0.10521,0.10684,0.10947,0.11372,0.11836,0.12544,0.13242,0.14014,0.14997,0.15905,0.1694373876769514,0.24671622807864957,0.23565,0.22513,0.21365,0.20268,0.19258,0.1816,0.17114,0.16105,0.15211,0.14424,0.13698,0.13113,0.12581853341439647
22-01-2026 09:20,25329.3,0.11550164534205072,0.11259,0.11074,0.10979,0.11171602963147059,0.11218,0.1168541108018574,0.12018,0.12695,0.13378,0.14197,0.15087385206040038,0.15953,0.16876,0.24508,0.23368184510641707,0.22226418459318736,0.21083,0.19932,0.18860936195947964,0.17772,0.16741080527295704,0.15679,0.14767,0.13962651993038294,0.13125,0.12453299250020776,0.11798
22-01-2026 09:25,25334.05,0.14627171951936033,0.13823,0.13143,0.1286211939355807,0.1256414445664918,0.12234,0.12374,0.12643,0.13228456788473186,0.13711,0.14493935407534111,0.15203,0.1597,0.16864,0.24449,0.23292,0.22276,0.21093,0.19921,0.18794,0.17635,0.16546,0.15452,0.1451063077257733,0.13561672164633426,0.12604,0.11778792529549942,0.10968
22-01-2026 09:30,25400.35,0.1313,0.12552,0.11846,0.11775514189192271,0.11534,0.11588,0.12013206541502286,0.12335,0.12997765526732744,0.13597,0.14327,0.1513941035865314,0.15951234911643428,0.1679,0.29877,0.28957,0.27803,0.26802,0.25667,0.24469,0.23145,0.21741,0.20234335310551596,0.18732,0.17341298368512373,0.159462266068985,0.14582,0.13190305109413442
22-01-2026 09:35,25415.7,0.12572,0.1196,0.11492,0.11249,0.11221,0.11558,0.12023,0.12759989625931628,0.13447434321756285,0.14122,0.14855,0.15675,0.16402,0.17148,0.30317,0.29661,0.287638548057352,0.27856820178006036,0.26983,0.25848,0.24745,0.23456,0.22072,0.20666,0.19281,0.17783,0.16503,0.1509
22-01-2026 09:40,25405.7,0.12722,0.12223,0.11794,0.11543,0.11462,0.1168,0.12063,0.12524,0.1321742040490319,0.13851,0.14615760165783787,0.15358,0.16094144458879983,0.16828,0.29928,0.2891,0.2780291522191093,0.26693041446171845,0.25601,0.24365,0.23047,0.217568206093411,0.20472,0.19126,0.17853,0.16576,0.15406,0.14212
22-01-2026 09:45,25400.1,0.15452,0.14307,0.13583630062017843,0.12744,0.12418,0.12365,0.12604,0.13139889731927104,0.13537,0.14087,0.14796,0.15554,0.16312,0.1704,0.29,0.2794005202509798,0.26853901508332095,0.25775,0.24595130324358733,0.2343,0.22245,0.20936,0.19737,0.18456,0.17187055310146332,0.15918,0.14702,0.13419
22-01-2026 09:50,25430.85,0.10962,0.10767998433713079,0.10618,0.10596,0.10828401915552416,0.10993,0.11553275089364334,0.12080466978434902,0.12606,0.13221,0.13989,0.14735007628746444,0.15476,0.16296165251028447,0.2845,0.2736192114615719,0.26278,0.25282368875621763,0.24304,0.23201,0.22049,0.20827,0.19722,0.1857,0.17472,0.16322569765917203,0.15196221972578014,0.140740969035811
22-01-2026 09:55,25385.65,0.1339775796225042,0.12799801638856956,0.12362,0.1210411675222888,0.11901,0.12108192732840965,0.12178,0.12571,0.13161,0.13658,0.14401,0.15158,0.15875,0.16661,0.2655,0.25452,0.24299,0.23352,0.22257,0.21122,0.19957,0.18796,0.17596,0.16589131864724677,0.15522764615806667,0.14483948534398972,0.13476647222909957,0.12521
22-01-2026 10:00,25404.05,0.10776,0.10582,0.10515886403421527,0.10378,0.10581031980596747,0.10659,0.11024,0.11494,0.12111,0.1283947086168007,0.13519,0.14291,0.15032,0.15808888874880006,0.26132,0.25069742579068555,0.24010035374018404,0.22953,0.21903528599084893,0.20862,0.19673,0.18537900870210633,0.17367,0.16421502758609882,0.15416,0.14472,0.13716,0.12928374308819557
22-01-2026 10:05,25387.2,0.11719,0.11345346195397721,0.11061493738947419,0.10822,0.10842,0.11132267363391884,0.11451846970964447,0.11733,0.12315,0.1304431142975927,0.13748,0.14503,0.15270062704602672,0.16041,0.26225,0.2508827737537256,0.23979,0.22998,0.21877,0.20853,0.19724,0.18542371143474173,0.17356,0.16269,0.15327275813299251,0.14351,0.13503728588055414,0.12669
22-01-2026 10:10,25366.75,0.13658,0.12967657034923835,0.12415806560392081,0.11975574462980268,0.11568,0.11694,0.11915,0.12345,0.12918,0.13488,0.14231955210628341,0.14959094265367817,0.15688,0.16445,0.25800072502740745,0.24688,0.23518,0.22525,0.21441108161629788,0.20349558769587056,0.19267,0.18116281894021857,0.16968,0.15848,0.14855933301029187,0.13837,0.12940879805614103,0.12057
22-01-2026 10:15,25384.2,0.09766,0.09808734907176615,0.09877535525600153,0.09906,0.10208,0.10502,0.10997,0.11552,0.12304,0.12969,0.13847,0.14584,0.1535,0.16136,0.25894,0.24795221933965772,0.23735,0.22862,0.21919,0.20863,0.1978256288633354,0.18719,0.17595,0.16545,0.15665,0.14742,0.1398170964278297,0.13255
22-01-2026 10:20,25330.55,0.13372420894605017,0.12744,0.12360963567780012,0.1210132777120056,0.11939707011465997,0.11744,0.12136905626627623,0.12626646368753144,0.13132,0.13681,0.1444519724323453,0.15186,0.15964,0.16747,0.2454820347673963,0.23563,0.22558255204067693,0.21547,0.20481503463708906,0.19424,0.18383,0.17305,0.16197,0.15146,0.14198,0.13311,0.12479051975513772,0.11714755116871144
22-01-2026 10:25,25335.0,0.09628,0.09735,0.09889,0.10032,0.10334,0.10665,0.11183,0.11907510951366815,0.12565,0.13374833224395738,0.14153,0.14935044775421863,0.15712,0.16553,0.24,0.22973161026087408,0.21950380751729526,0.20926,0.19918615421606403,0.18905,0.17911,0.16988,0.1606,0.15261228966110796,0.1443,0.13825,0.1328724167380701,0.12879559380339736
22-01-2026 10:30,25273.25,0.13945,0.13166,0.12574,0.12204,0.12132,0.12241,0.12693628255822742,0.12998,0.137,0.14465049530228863,0.15175,0.15956,0.16779,0.17688,0.23776599452045263,0.22619,0.21609,0.20399,0.19332,0.18319139344800905,0.17284,0.16271,0.1521,0.14205,0.13349,0.12467,0.1169,0.10937
22-01-2026 10:35,25312.45,0.1015125116504888,0.10146560633238141,0.10240101451449833,0.10439,0.10721,0.11117,0.11731382378047908,0.12258,0.13031,0.13765,0.14618,0.15453,0.16222,0.17138,0.23916,0.22825,0.21796,0.20729,0.1962,0.18687,0.17646,0.16757945628582066,0.15827,0.14937,0.14252895583933037,0.13534,0.12967,0.12453430067191752
22-01-2026 10:40,25290.35,0.12122,0.11683,0.11428,0.11369,0.11429,0.11855392069555398,0.12387935481359968,0.12941906294423522,0.13511095004977927,0.1408,0.14941,0.15731,0.16522,0.17431,0.23637,0.22582,0.21577,0.20398,0.19285,0.18290821928501177,0.17255,0.16337,0.1541875748862288,0.1446,0.13703,0.1298,0.1234903644404723,0.11738
22-01-2026 10:45,25288.95,0.1135,0.11212,0.11266919761190985,0.11319676127090542,0.11267,0.117007933932772,0.12097,0.12782374956787704,0.13415,0.14106,0.14966,0.15788,0.1669557022926777,0.1761947091786143,0.23673,0.22623885031846958,0.21570465181820203,0.20513,0.1944,0.18474,0.17462,0.16521,0.15611,0.14677,0.13986971652957741,0.13244,0.1264829156241849,0.12065
22-01-2026 10:50,25270.45,0.11997,0.11687263282278743,0.11448,0.11425,0.11599,0.12040675036976833,0.12413,0.1310389150160599,0.13754633795905896,0.1441,0.15263,0.16056284340967608,0.16839,0.17794,0.23618,0.22565264995538453,0.21507854208607477,0.20447,0.1937,0.18389,0.17439238167373017,0.16477672307173563,0.15532366938420603,0.14588,0.13804,0.13140806428890178,0.12479888071244838,0.11856
22-01-2026 10:55,25267.3,0.0946,0.09808,0.10061,0.10451,0.10876,0.11499515004188436,0.12045,0.12812123809256212,0.13522,0.14329,0.1520703619062096,0.16066,0.16887,0.17887,0.23925,0.22912,0.2192414875205524,0.20926,0.19983527130369574,0.19022,0.18099,0.17219,0.16442384952195913,0.15599,0.14955,0.1433,0.13964,0.13687
22-01-2026 11:00,25234.85,0.1185,0.11694,0.11722364974181995,0.11648,0.11914,0.12401128683249998,0.12787,0.13398,0.14143,0.14793,0.1558659812362557,0.16373690869023938,0.1716,0.1813,0.23335,0.22333,0.21319,0.20304,0.19266,0.18352,0.17441259315094787,0.16501,0.15589,0.148,0.141114460080022,0.13366,0.12873,0.12323
22-01-2026 11:05,25223.35,0.12275254777075197,0.12094,0.11987,0.12185514693224808,0.12401243432378287,0.12569,0.13042,0.1371147740612172,0.14347,0.15015,0.15827685516029918,0.16614,0.17361,0.18285,0.23148,0.22185,0.21166,0.20118,0.19160196778337188,0.18182,0.17225,0.163516244801138,0.15447,0.14595,0.13929208860781672,0.1321,0.12579,0.12123
22-01-2026 11:10,25234.6,0.11783,0.11612,0.11698086546826383,0.11679,0.11961,0.12341,0.12927489166918876,0.1344,0.14175,0.14915830973127409,0.15632,0.16431,0.17175,0.17945777375815408,0.2345399150146831,0.22345,0.21361,0.20313,0.19275,0.18401134310912876,0.17527890601796947,0.16645,0.1589120253949815,0.15124895048698883,0.14371,0.13697,0.13052898756733955,0.12444911256307781
22-01-2026 11:15,25230.3,0.11734,0.11619,0.11596,0.11868282775176013,0.12166401479389347,0.12398,0.12964280477749657,0.13488,0.14284,0.1505076722947629,0.1581174837571601,0.16565,0.17327350824243568,0.18089989200572046,0.23256,0.22272643184880947,0.21276,0.20203,0.19194,0.1828339751768041,0.1733,0.16454,0.15615,0.14857,0.14203,0.13552,0.13174,0.1269
22-01-2026 11:20,25224.65,0.137,0.13082,0.12749,0.12911859698274025,0.12981165778218798,0.12968,0.13375,0.139720327598934,0.1452,0.15148,0.1587,0.16648,0.17463026615185132,0.18287,0.22973,0.21874897369135912,0.20802521843691751,0.19748201476521604,0.18693,0.17738,0.16773,0.15831,0.14919,0.1416171347265909,0.13380939785818613,0.12592,0.11974,0.11326
22-01-2026 11:25,25274.25,0.11029,0.1095,0.11047,0.1123,0.11503,0.11882,0.1252223586386495,0.13129535091824018,0.1372,0.14366,0.15165,0.15958042716914295,0.16749,0.1761186441982323,0.2418977328777409,0.22904815779658166,0.2170824061007244,0.20607,0.19547,0.18598,0.17682,0.16834250016769825,0.1597269715301731,0.15095,0.1442,0.13826,0.13299564503319752,0.1284414968314365
22-01-2026 11:30,25237.65,0.12721,0.12374,0.12201,0.12194,0.12356,0.12649,0.13192447198392696,0.13617,0.14344006235798257,0.14986,0.15778,0.16548,0.17365,0.18226,0.2316,0.22112,0.21061963448145266,0.20008,0.18997,0.1803574311766984,0.1706848861259909,0.16085,0.15191,0.1438,0.13708,0.13130738961519517,0.1252,0.12044
22-01-2026 11:35,25252.75,0.11553932837367904,0.11479,0.11479,0.11685210631620217,0.11857,0.12203,0.12717,0.13407810784259416,0.1402,0.14765,0.15566,0.16411,0.17208,0.18127,0.23498,0.22361,0.2135,0.20330215100874488,0.19303391903273487,0.18266,0.17321,0.16413,0.15628124100342472,0.14776,0.14132,0.13517,0.13073,0.12644
22-01-2026 11:40,25230.6,0.1098819399175201,0.11095,0.1127,0.11542,0.11983002288588998,0.12346,0.12878,0.13507,0.14286,0.15035,0.1589,0.1672560113562746,0.17552,0.18424,0.23382,0.22297,0.21283,0.20268,0.1929729374787198,0.18294,0.1738,0.16513,0.15713,0.15115811895242806,0.14431,0.1401865244283021,0.1355,0.13284
22-01-2026 11:45,25200.8,0.13034,0.12707,0.12579,0.12618,0.12794,0.13222330482188177,0.13519,0.14066,0.14796,0.15439,0.16238611329410685,0.17075,0.1796620746852493,0.1892660258077785,0.22867,0.2181999439940525,0.207665886219618,0.19708,0.18627,0.17701,0.1679492751137338,0.1585,0.14969,0.14189,0.13525,0.12864,0.12366079514900702,0.119
22-01-2026 11:50,25218.4,0.11651204765424934,0.11799,0.11825,0.12004,0.12293,0.1280530541644444,0.13293607376344707,0.13778,0.14525,0.1530016514921133,0.16099038610367045,0.16892520249366344,0.17693047089433894,0.18503,0.23193,0.22182,0.21160944652812852,0.20134,0.1911,0.18159,0.17246,0.1640818032562382,0.15526,0.14788,0.14206086430769146,0.1358,0.13179785614403616,0.12799
22-01-2026 11:55,25201.6,0.12001,0.11932,0.11974,0.12163,0.12481,0.12881,0.13424,0.14165751362166853,0.1483,0.15507,0.16351,0.17177,0.1796,0.1887,0.23017,0.2196,0.20962808549474748,0.19954,0.18937,0.18024,0.17079,0.16267,0.15446,0.14755,0.14166,0.1361,0.1322477199363992,0.12873
22-01-2026 12:00,25184.35,0.13758,0.13244,0.12988,0.13034,0.13361549663371824,0.136532827545755,0.13886,0.14457,0.15216,0.1599064303126645,0.16743,0.17523,0.18373641065190016,0.19241,0.22837987653046524,0.21731,0.20632,0.19602,0.18569,0.1760809879030943,0.16609,0.1571,0.14822,0.14008,0.13273,0.12559,0.12063,0.11536
22-01-2026 12:05,25218.75,0.13087,0.12668,0.12499,0.12484,0.12810168366975275,0.13131841841079547,0.1341,0.13956,0.1469334015177102,0.15396,0.16225,0.17009344105967647,0.17781,0.18703,0.2305,0.21984,0.20922,0.19904,0.18865,0.1792261372138299,0.16943,0.16058,0.15135,0.14328,0.13606,0.12929,0.12342,0.1180374607771937
22-01-2026 12:10,25226.35,0.12834,0.12438,0.12308,0.12491989587454339,0.1255,0.12883,0.13409455677310267,0.1386,0.14562,0.15343520750644507,0.16094,0.16877513567273475,0.17645,0.18564,0.22989706068650792,0.21899,0.20855463962442533,0.1981,0.18752,0.17778,0.16817,0.1594769094100822,0.15021,0.14225,0.13511,0.12849,0.12273,0.11839
22-01-2026 12:15,25221.55,0.13087,0.12662,0.12485,0.12467,0.12612,0.12894,0.13336,0.13905,0.14608,0.15388380567726215,0.16142,0.16924,0.1773468191500559,0.185427780281899,0.228890788269206,0.21801,0.20743827523212957,0.19688,0.18636,0.17645,0.16673,0.15792065477290929,0.14855,0.1402,0.13314,0.12629,0.12024,0.11566
22-01-2026 12:20,25272.95,0.10777,0.10918,0.11013,0.11319102298933884,0.11574,0.11971,0.12478,0.1320472207783578,0.1390562652108222,0.14593,0.15429,0.16213,0.17068,0.17949681577681478,0.23702,0.22579,0.21552,0.20511,0.19413,0.18511,0.17556,0.16711122642551848,0.15828,0.15104,0.14570090868413876,0.14010889882531025,0.13467,0.13125
22-01-2026 12:25,25240.05,0.13081,0.12768836588032537,0.12547064258166,0.12343,0.12401,0.12787372812385475,0.13101,0.13657,0.14324,0.15053,0.15886,0.16678,0.17518,0.18403,0.2314,0.2207284571084716,0.21001,0.19899,0.18893345887651514,0.17866,0.16859,0.15934,0.15022,0.14314913492978593,0.1358160758557049,0.12828,0.12165,0.11719
22-01-2026 12:30,25251.1,0.13184,0.12588,0.12419095438031699,0.12196,0.12266,0.1269898045233897,0.13140554494854367,0.1364177738656095,0.14101,0.14825,0.1565,0.1647755203595134,0.173011981309751,0.18126,0.23153,0.22096,0.20977,0.19965,0.18951415397519067,0.1792,0.16983344214279256,0.16031643596742107,0.15072,0.14231,0.1349,0.12811537885285823,0.12144,0.11548798426258389
22-01-2026 12:35,25259.05,0.11375,0.11285,0.11296,0.11425,0.11663,0.12023,0.12509,0.13214183694825427,0.13856,0.14683152779832995,0.15486,0.16360474064337482,0.1723171699376545,0.1812,0.2334966938072572,0.22293,0.21239,0.2021,0.19122,0.18161,0.1724690043981534,0.16285,0.15423,0.14655,0.14066096038034645,0.13408,0.12891,0.12525
22-01-2026 12:40,25236.55,0.12143,0.11888,0.11785,0.11858,0.12061,0.12433,0.1288,0.1348,0.14199,0.14964,0.15789561984415101,0.16577,0.17465,0.18377,0.23071,0.21957,0.20866,0.19819557037007973,0.18749,0.17785,0.16852129556112133,0.15876,0.15014,0.14232,0.1357,0.12925,0.12412,0.11937
22-01-2026 12:45,25253.05,0.11531138409589015,0.1137,0.11324,0.11404,0.11663,0.12140808078672238,0.12614921429316323,0.13136,0.1379996284528437,0.14640562571384108,0.1546055932631115,0.163076939926953,0.17194209734986282,0.18119,0.23296,0.22186,0.21098,0.1998,0.18881,0.17943,0.16946,0.16021,0.15147,0.143919751998834,0.1361,0.13071512778011377,0.125095482525707,0.12011
22-01-2026 12:50,25254.0,0.10616,0.10634,0.10745,0.11055,0.11341,0.11806,0.12397,0.1314378219370979,0.13890384200570474,0.14621,0.15497616847917428,0.16363362580107407,0.17242,0.18251,0.23222,0.22122,0.21044,0.20022804432895813,0.1899327496849546,0.17975946225021838,0.16946,0.16058,0.15221,0.14482,0.13801,0.1331467857658451,0.1278,0.12496
22-01-2026 12:55,25215.15,0.11693,0.11559,0.11562,0.11762,0.12057,0.12475,0.13009,0.13780512931713326,0.14476,0.15314131782866564,0.16112,0.16993,0.17901006108293646,0.18816,0.22672,0.21609,0.20483,0.1943,0.1832,0.17413,0.1651096579489828,0.15541,0.14757,0.14025,0.13412,0.12866,0.12398,0.11993785779476826
22-01-2026 13:00,25215.7,0.12028,0.11817,0.11746,0.12000626566057715,0.12125,0.1263470357188924,0.13016,0.13671,0.14473,0.15251,0.16137533142711435,0.17013937232964024,0.17891,0.18906,0.2264,0.2154,0.20447883487150467,0.19346,0.1825,0.17286,0.1634398043613038,0.15348,0.14544,0.1378,0.13144,0.12630845880892227,0.12106453884128379,0.11621
22-01-2026 13:05,25210.35,0.11631,0.11657477088525378,0.11704468241180817,0.11698,0.12032,0.12563269960566809,0.13022,0.13689,0.14524,0.15312,0.16221,0.17072,0.1797,0.19028,0.22732347425636312,0.21559,0.20467,0.1937317461693662,0.18263,0.17306,0.1637712096069634,0.15394,0.1462,0.13844,0.13297,0.12712,0.12319798281786373,0.11964
22-01-2026 13:10,25206.6,0.11138,0.11185902752686487,0.11223,0.11543923836782383,0.11804,0.12379407845994356,0.12887,0.13615,0.14471939125439343,0.15277,0.16252,0.17164,0.18067,0.18971852451413476,0.22767,0.21638,0.20602,0.19486,0.18460141014473566,0.17393,0.16423,0.15523,0.14719,0.13983,0.13354,0.12783,0.12334,0.12059
22-01-2026 13:15,25186.75,0.12803758480571018,0.12416,0.12157,0.12197,0.12571709298332265,0.1293660510303092,0.13228,0.13881,0.14705,0.15477,0.16365,0.17236,0.18179,0.19077,0.22374,0.21324129279376858,0.20264,0.19149,0.18120822299852551,0.17076,0.16041,0.15123,0.14326766527487483,0.13523033436855456,0.12696,0.12080167120214762,0.11439,0.10863
22-01-2026 13:20,25195.0,0.11950973275666091,0.11774,0.117,0.11922472338257009,0.12077,0.12443,0.13025,0.13702,0.14521,0.15404787331382258,0.16253,0.17128,0.18032,0.18946129937255413,0.22537,0.21470167032745158,0.20388615526152631,0.19303,0.18168,0.17161,0.16195,0.1531,0.14463,0.1378830705581161,0.13042,0.1250412011123296,0.11923,0.11484
22-01-2026 13:25,25194.95,0.11545,0.11404,0.11425,0.11633,0.11942,0.12361,0.13075280083775315,0.13692,0.14568,0.15466610561880567,0.16349,0.1725489910705827,0.18163,0.19081526838117693,0.22589,0.21543,0.20496,0.19431,0.18359,0.17416512570759016,0.16421,0.15583,0.14765,0.14123054288049702,0.13434,0.12953896527879133,0.12492,0.12135382493594712
22-01-2026 13:30,25171.75,0.1432,0.13615,0.1311,0.12962,0.1317336549143161,0.13214,0.13839431098059302,0.14416987131850048,0.14993,0.15715,0.16596,0.17461,0.1839394324014317,0.19342,0.2166534182645529,0.20732184029653355,0.19777611648258203,0.1879782541690966,0.17787,0.16798,0.15783,0.14782,0.13894794315413234,0.12957,0.1217,0.11384,0.10646,0.09936768375718756
22-01-2026 13:35,25225.85,0.10471,0.10605138840278934,0.10754,0.11097917197441692,0.11402,0.11962910794620865,0.12522,0.1334810724649809,0.14167205738905642,0.1501556580573714,0.15859,0.1672,0.17625697020386719,0.18541,0.22705616357444056,0.21652294838542432,0.20571,0.19599,0.18523,0.17619,0.1682065896438681,0.16029159723429987,0.15238684835244778,0.14450720128058112,0.137,0.13167,0.12773,0.12513
22-01-2026 13:40,25195.9,0.12374,0.1218397165911252,0.12113398214141693,0.11976,0.12314706697664062,0.12616,0.13153,0.1382,0.14633878489316043,0.15395,0.16323,0.17188338018789634,0.18046,0.1899,0.22344,0.21331,0.20240533906156796,0.19152,0.18161611147814816,0.17162177888220623,0.16176354217715055,0.15191,0.14299,0.13571815646680013,0.12823,0.12191946412932936,0.11572,0.11026568879637655
22-01-2026 13:45,25188.3,0.12902752303269005,0.12541,0.12318,0.12313,0.12513,0.12814,0.1344321611690814,0.13966,0.14793,0.15609710486776612,0.16408,0.17256989488840552,0.18112,0.18987284928311937,0.22203,0.21097535249751587,0.19995,0.18931355558974267,0.17852,0.16927,0.15954714168620548,0.14961,0.14032,0.1328610267414882,0.12488,0.11745,0.11126,0.10524
22-01-2026 13:50,25206.65,0.1301392176912763,0.12637,0.12402,0.12326,0.12433,0.12728,0.13213,0.13825,0.14571,0.15345,0.1624,0.17085129498647594,0.17913,0.18909,0.22559411415639902,0.21404,0.20291,0.19186668930117717,0.18065,0.17112,0.16077,0.1507,0.14105,0.13153,0.12439335714352012,0.11657,0.10964,0.10354
22-01-2026 13:55,25236.1,0.11656,0.11359,0.11497224652342156,0.11596618510084375,0.11625,0.12045,0.12573,0.13363149866466828,0.1413168557268971,0.14887,0.15822,0.16671,0.17632418801522406,0.18618,0.22795,0.21717,0.20582,0.19499,0.18373,0.1739212578133841,0.16392,0.15458733875193212,0.1452097978756405,0.13574,0.12890847905932218,0.12181,0.11673660208178684,0.11189
22-01-2026 14:00,25232.35,0.11071065073304753,0.10999165364533979,0.11044,0.11281292365733545,0.11600024989234514,0.11889,0.12442,0.13177,0.14082,0.14875,0.15824,0.16729,0.1762,0.18523030114039316,0.22891430246753824,0.2162869269248464,0.20418,0.19241,0.18192585245201942,0.17146247615949933,0.16079,0.15092,0.1423,0.13419,0.12787,0.12171,0.1170154081571119,0.11263
22-01-2026 14:05,25228.35,0.10738400809480535,0.10708,0.10828367104330047,0.10975,0.11323,0.11804,0.12407,0.1327852488781282,0.1409,0.14891,0.1583331961459723,0.16756,0.1774192583830509,0.18734,0.2256745455741685,0.21401,0.20273163877381045,0.19156,0.1812700466282125,0.17090732122022237,0.16046,0.15106,0.14225,0.13464,0.12825,0.12236,0.1183,0.1145
22-01-2026 14:10,25212.7,0.10325,0.1045307600946161,0.10594,0.10969622413709933,0.11289,0.11798,0.12494,0.13396850464846696,0.14238,0.15053,0.16028,0.16979,0.17899,0.18902,0.22308,0.21258405788966978,0.20205,0.19124,0.18162107838660105,0.17176,0.16192,0.15288,0.14506,0.13920612862715848,0.13253,0.12725,0.12369,0.12051475758502314
22-01-2026 14:15,25178.75,0.12182,0.1185,0.11731,0.11826,0.12078,0.12452,0.13073,0.13801,0.14683,0.15506,0.16487,0.17383,0.18321,0.19260918602035793,0.2217584309762192,0.20979,0.19827,0.1869,0.17605,0.16626,0.15609,0.14672,0.1384318270494858,0.12978,0.12368,0.11830582050511701,0.1143980330324803,0.11187877878576342
22-01-2026 14:20,25194.65,0.11846,0.11485,0.1156708358134769,0.11535,0.11816,0.124540029394139,0.13134084599580834,0.13865389907303444,0.14569,0.15450617160165228,0.16347338245491955,0.17242,0.18114,0.19248,0.2132871805072247,0.2041810889985895,0.19485705321246713,0.18529887992408411,0.17536,0.16566,0.15568361414124493,0.14546,0.13666,0.12849,0.12242,0.11679411759199412,0.11085,0.10634
22-01-2026 14:25,25206.4,0.13345,0.12568,0.1217,0.11997,0.12155,0.12397,0.12961,0.13628,0.14472876148423855,0.15238,0.16165,0.17013,0.17877,0.1873691948872012,0.22143,0.21092,0.19894,0.18769,0.17638059846451176,0.16503922170912394,0.15369,0.14311,0.13454133333394705,0.12586548133393657,0.11748867651852346,0.10903,0.10235,0.09526
22-01-2026 14:30,25236.6,0.14036202843804044,0.13211,0.12578,0.1224,0.12486066562344804,0.12670281864056587,0.12701,0.13411198886444942,0.14065,0.1477,0.15648,0.16456,0.1726,0.18066440837511236,0.22544943211162582,0.21403,0.20264,0.19142510330275134,0.1802191643759642,0.16902896562364975,0.15779,0.14667,0.1369896630472105,0.12692,0.11873,0.11061,0.1026,0.09509
22-01-2026 14:35,25267.55,0.13245,0.12446,0.11907,0.11908278137173496,0.11656,0.11849,0.12255,0.12866,0.13621,0.14339,0.15183810615743132,0.15998,0.16808,0.17725,0.22783,0.21768,0.2059814626505837,0.19426,0.18242,0.17251,0.16169,0.15087,0.14211227561280304,0.13354675547814526,0.1250330701355516,0.11670824632986675,0.10842,0.10158
22-01-2026 14:40,25289.0,0.12068190084332667,0.11554,0.11253315031073764,0.11038,0.11062,0.11348,0.11844,0.12494,0.13286,0.1405342555404147,0.14805680908504903,0.1556,0.16394,0.17246433537416442,0.23214641577745554,0.21954,0.20935,0.19642,0.18545,0.17533,0.1644,0.15399,0.14452,0.13534,0.12744,0.12046,0.11392,0.10707
22-01-2026 14:45,25289.65,0.1265,0.11898,0.11569554250409358,0.11143,0.11179,0.11412,0.11793,0.12328,0.1315,0.13944946272582914,0.14695,0.15481,0.16299,0.17293,0.23157525937691237,0.21848227283799565,0.20581477538223814,0.19358,0.18106,0.17133,0.15961,0.14912,0.13972,0.13057,0.12341891005187916,0.11586,0.10908,0.10314518217942273
22-01-2026 14:50,25294.65,0.11257,0.10885,0.10970087268427284,0.10995783693714738,0.11018692216534404,0.10929,0.11406,0.12007,0.12843,0.13603,0.14486817886781467,0.15341,0.16192,0.17181,0.22732,0.21666,0.20698,0.19387,0.1822,0.17141,0.16144226814932972,0.15126644325305166,0.14075,0.13205,0.12467,0.11794,0.11225,0.1065
22-01-2026 14:55,25290.85,0.12505,0.1183,0.11492810386071221,0.11078,0.11049,0.11193,0.11479,0.12027,0.12826,0.13649564588694862,0.14441929248799357,0.15238,0.16102,0.16984788831753841,0.22394677997495888,0.21334,0.20302,0.19065,0.17886,0.1684434322853714,0.15749,0.1469,0.13782,0.12883,0.12193,0.1152,0.10912739388312473,0.10323
22-01-2026 15:00,25269.5,0.11006,0.10676,0.10425,0.10401,0.10713044181329867,0.10865,0.11289,0.11928,0.12814,0.13594,0.14531,0.15404,0.1628599500135326,0.17172,0.22366,0.21357,0.20234,0.18974,0.1781,0.1676148404959838,0.15686,0.14672,0.13938558022109285,0.1323698981751893,0.12541922200804456,0.11872203345006627,0.11208,0.10714
22-01-2026 15:05,25256.3,0.13972,0.13125612974087825,0.1245110016327047,0.11811,0.11814088288357255,0.11644,0.11855,0.12337,0.13109,0.13759,0.14609,0.15359404194807044,0.16076,0.17157,0.22269,0.21193,0.20212,0.18893,0.17636,0.16553,0.15355,0.14238,0.13331,0.12411,0.11703616168091988,0.1094,0.10242,0.09535
22-01-2026 15:10,25297.3,0.12411,0.11729,0.11174,0.10823,0.10975302138853076,0.10824,0.11119,0.11643,0.12445,0.13213865691622984,0.13938,0.14775,0.15498,0.16581,0.2275275695727607,0.21557,0.20383329566414365,0.19217,0.1810888206999971,0.1699,0.15856,0.14748,0.13834,0.12938,0.12225,0.11514,0.10924,0.10389548652782395
22-01-2026 15:15,25297.45,0.13466,0.12452,0.11841224065734143,0.11152,0.10988,0.10975,0.11452605137000606,0.11944507142822722,0.12425,0.13058,0.13911511631462403,0.14762518728935456,0.15617,0.16649,0.22878946733745442,0.21493118213284584,0.20198,0.18929,0.17799350434233624,0.16658,0.1554,0.14371,0.13427843326795533,0.12415,0.11671,0.10961433944420332,0.10236,0.09474
22-01-2026 15:20,25308.25,0.13659940107645324,0.12651,0.11843,0.11297,0.11042,0.11325924706626293,0.11494260396143086,0.11523,0.12287,0.12878,0.13797,0.1464,0.15568026954266329,0.16518,0.22618,0.21531,0.20509,0.19178,0.17973,0.16872249175436144,0.1573,0.14589,0.13596,0.12591,0.11826252248360625,0.10996,0.10303,0.09568
22-01-2026 15:25,25314.1,0.1266263961626014,0.11924669214609494,0.11396,0.10975,0.10931381780517294,0.10811,0.11297182056224604,0.11771404910884878,0.1233251565468214,0.12859,0.13684,0.14746,0.157008190293155,0.16634,0.2252784534583298,0.21422,0.20312,0.19107,0.17871,0.16731761418566699,0.15573,0.14379,0.13299,0.124573865627356,0.11524,0.10856,0.10267,0.09786298399263138
23-01-2026 09:15,25292.15,0.12024213285009719,0.11649,0.11509,0.11503758492658778,0.11418,0.11547,0.11955,0.12571,0.1343810881481814,0.1439929760657989,0.1536185733899416,0.16375578605973373,0.17459,0.18827000435433777,0.24477,0.23396,0.22297,0.2113181937765834,0.1992334410960741,0.18721166008822665,0.17517335042743631,0.16268083144992526,0.15213,0.14322,0.13578,0.13082115550111373,0.12536,0.12142
23-01-2026 09:20,25265.75,0.15631,0.14353,0.13315,0.13278058424082878,0.1319056637777008,0.13075516049818903,0.1294517484715522,0.12772,0.13584,0.1454635222841635,0.1551521889801761,0.16482,0.17474069923888347,0.18469,0.24396,0.23251919131091547,0.22085,0.2079,0.19492,0.18251398005941116,0.1700871782161271,0.15744,0.14538,0.13438,0.12516,0.11665,0.10862333576454333,0.10073
23-01-2026 09:25,25330.85,0.12813,0.12132,0.11486,0.11163,0.10964,0.10946,0.11183,0.11716,0.12565,0.13601350338650695,0.1460493976532307,0.15603,0.16659594421080687,0.17721,0.2534994651745751,0.24198,0.23026,0.21762838050008693,0.2051,0.19247,0.1795,0.16666,0.15364,0.1427,0.13305,0.12516,0.11848,0.1130167713986196
23-01-2026 09:30,25330.3,0.10701728701990129,0.10461,0.10332,0.10229,0.10288,0.10443,0.10828,0.11533,0.12474,0.1352,0.14612,0.15669278602686723,0.16717,0.17867,0.25374,0.2417183239263953,0.22961825695927218,0.21749,0.2051,0.19356,0.18240201233422834,0.17111097689645122,0.15992285712820106,0.1488571018892787,0.13837,0.13156,0.12593,0.12058
23-01-2026 09:35,25299.45,0.12453,0.11639,0.11166,0.11135423797605323,0.11021184467210608,0.10758,0.11121,0.11806,0.12835,0.13926883270322626,0.14951,0.16119,0.17159,0.18236,0.25024,0.23826418151693088,0.22614388472892116,0.21401,0.20141,0.18910776263246232,0.17685705409334201,0.16441,0.15234,0.1431203317870689,0.13315,0.12488,0.1189,0.11226
23-01-2026 09:40,25299.95,0.11211,0.10773,0.1069976380609034,0.1059993925131493,0.10436,0.1056,0.10957,0.11735,0.1280987245043875,0.13748,0.14949,0.16018,0.171,0.1817,0.25295,0.24189,0.22915,0.21597,0.20356,0.19183,0.17915,0.16708,0.15541,0.14557,0.13685,0.12948,0.12378,0.11808
23-01-2026 09:45,25269.0,0.13505,0.12568,0.11863,0.11398,0.11201,0.11176,0.11522,0.12257,0.13271,0.14391522059075923,0.1547973560858532,0.16573,0.1756095217433778,0.18534,0.24748,0.2354401019629345,0.22327,0.21013976937243106,0.19701,0.1846924783782442,0.17224,0.15981,0.14748,0.13673,0.1287797261769561,0.12040130353389483,0.11206,0.10445
23-01-2026 09:50,25300.7,0.10866463845718374,0.10403938290480569,0.10102,0.09972,0.10033,0.10576614161072304,0.1111780362082426,0.11544,0.12655,0.13711,0.14907,0.16072,0.16983,0.1789197266060505,0.25005,0.23824290704105658,0.22641,0.21445,0.20232255630061383,0.19009635689125565,0.17797855614107194,0.16590237582766326,0.15422,0.1448299657995605,0.13561,0.12812,0.12267,0.11716
23-01-2026 09:55,25284.3,0.12102453290647401,0.11467,0.10997,0.10683,0.10583,0.10949250104520195,0.11068,0.11894,0.130098142622942,0.14041,0.15111,0.16197064464243693,0.17282,0.18339,0.249351312109874,0.23659,0.22362,0.21121,0.1985179612107285,0.18583,0.17265,0.16037,0.14967854529554656,0.13825,0.1304806938745257,0.12193,0.11539399193456704,0.10906
23-01-2026 10:00,25294.9,0.11551,0.10950897146240508,0.10436,0.10219,0.10211,0.10379,0.10796,0.1176973030245089,0.1277236037774525,0.13820023326589242,0.14825,0.1592274231013195,0.17017,0.18201,0.24879,0.23819,0.22575,0.2125718961052347,0.19948,0.18824,0.17501,0.16269,0.15122,0.1417973369272025,0.13134,0.12581,0.11644,0.11059
23-01-2026 10:05,25293.15,0.10517,0.10167,0.10031162041893668,0.0982,0.09925,0.10135,0.10671,0.1177068588977424,0.12728,0.13881,0.15040844133622128,0.16201,0.17172,0.18302,0.25024203449103793,0.23745,0.22507,0.2120100112405457,0.19887,0.18769,0.17481,0.16333412894643956,0.15200876477195957,0.14012,0.13241896773320477,0.12392,0.11809,0.11261
23-01-2026 10:10,25285.05,0.11052,0.10615096326376196,0.1024,0.10061,0.10086,0.10313,0.10837,0.11749,0.12893,0.13934,0.1512,0.16325,0.17293,0.18352,0.2519768679308977,0.23808685402773433,0.22446707896072504,0.2111,0.19732,0.18653,0.17375307474495189,0.16068,0.1500275388441108,0.13838,0.13065165275769958,0.12203,0.11586,0.10975
23-01-2026 10:15,25283.3,0.09813,0.0969,0.09643,0.09644,0.09796,0.10346520298784821,0.10741,0.11897209618776626,0.12976604118928495,0.1408,0.15197,0.16357,0.17414898262070208,0.18454,0.24748,0.23625,0.22383,0.2114,0.19799,0.18669,0.17432,0.16229,0.15133,0.14292383149452353,0.13319,0.12637,0.12096,0.1163
23-01-2026 10:20,25261.25,0.11266,0.10693,0.10368,0.10196,0.10212,0.10835141143571203,0.11453851192876424,0.11993,0.13215,0.1435563916758289,0.15483,0.16683,0.178954164534771,0.1914277746427904,0.24452,0.23264,0.21969,0.20778,0.19476,0.18301,0.16998,0.15745,0.14593,0.13537,0.12714,0.11906,0.11292,0.10675
23-01-2026 10:25,25266.4,0.12923,0.12084,0.11541089167595331,0.10906,0.10989606604517127,0.10733,0.11143,0.12046,0.13189191393338462,0.14234,0.15368,0.1651,0.17515,0.18524386277156868,0.24820283379446859,0.23405,0.21999,0.20768,0.1952385899656558,0.1828,0.16972950690578287,0.15649,0.14554634388969817,0.13435410864675462,0.12314,0.1146,0.10689,0.1001040708254822
23-01-2026 10:30,25303.15,0.11532,0.10978,0.10603153349949537,0.10165,0.10087,0.10216,0.10624,0.11731478026066577,0.12659,0.13721,0.14878,0.15988,0.16944,0.17992,0.2524714663085856,0.23875,0.22534,0.21305100615418793,0.20076,0.18775658270001952,0.17482551923113915,0.16166,0.15012691550164398,0.13819,0.12852,0.12019,0.11289,0.10659421689502377
23-01-2026 10:35,25313.0,0.10599,0.10186,0.09907,0.09747,0.10041871683577831,0.1032805829981709,0.10381,0.11422506042274633,0.12386,0.13501,0.14694,0.15955,0.16999171496017892,0.18005,0.252,0.24023,0.22764084471860493,0.21503159249712261,0.20234994270563278,0.1897,0.17706,0.1646010669223772,0.15175,0.14111,0.13216,0.12426892948322336,0.11661,0.11022361050428385
23-01-2026 10:40,25297.7,0.11135,0.10627643195949617,0.10164,0.09885,0.09857,0.10418509273981792,0.10966949923312672,0.11392,0.12568,0.1366,0.14834,0.16081,0.17098,0.18154,0.24998,0.23817,0.225545678445629,0.21299,0.20011,0.18782,0.17474,0.16203,0.1519123082330876,0.14144633857966382,0.1313898068837227,0.12116,0.11415,0.10767
23-01-2026 10:45,25297.35,0.09821,0.0961,0.09449,0.09374,0.09458,0.09708,0.10329,0.11477753286017638,0.12481,0.13631,0.14808891352845932,0.15986,0.16983,0.17949584145197217,0.25003,0.23822,0.22587,0.21321736537050381,0.20057,0.18858,0.17634,0.16313,0.15174,0.14097,0.13188,0.12401,0.11712238645557446,0.11143551576483823
23-01-2026 10:50,25284.35,0.10814701379655008,0.10308,0.10008004182756355,0.09792,0.09777,0.10256493804743383,0.10539,0.11485,0.12655,0.13792,0.14880043360208084,0.15974275279523173,0.1705810153924785,0.1813,0.24965,0.23713231003092342,0.22462,0.21215,0.19953,0.18702,0.17404,0.16081,0.14871,0.13728,0.12794,0.11977,0.11228,0.10575
23-01-2026 10:55,25278.2,0.11094,0.105,0.10087,0.09864,0.09843,0.10062,0.1063,0.11799124115234408,0.12824,0.1389,0.15054094426439765,0.16219,0.172,0.18298,0.24964479543299117,0.23687,0.22382,0.21133,0.19828,0.18614,0.17283,0.15906,0.14767535607416762,0.1357,0.12612,0.11841198102706688,0.11062406582610033,0.10344
23-01-2026 11:00,25279.7,0.09949,0.09668,0.09594063482469477,0.09447,0.09556,0.09858,0.1071292366723085,0.11571,0.12769631337322307,0.13938301118490248,0.15129364321854574,0.16314,0.1738,0.18419108094723669,0.24788,0.23718,0.2236,0.21164,0.19899,0.18645,0.17314,0.15991,0.14826,0.13761,0.1294974915456047,0.12121072352145945,0.11372,0.10791632001889026
23-01-2026 11:05,25270.35,0.11142,0.10533,0.10125,0.10390751369014609,0.10555464831063649,0.10751013218553829,0.10775,0.11755,0.12923,0.14062,0.15232036831216228,0.16401,0.17519,0.18635565816118677,0.24668,0.23424570839057376,0.22181,0.2094,0.19666673219733197,0.184,0.17078,0.15826279223055215,0.14516,0.13386,0.12443,0.1159,0.10893,0.10227
23-01-2026 11:10,25281.6,0.10635,0.10188672112835692,0.09802,0.09604,0.09709,0.09969,0.10605,0.11605,0.12821,0.13898,0.15062,0.16210965495965832,0.17368,0.1835,0.24835,0.23587,0.22301497179552443,0.2101499657143566,0.19733,0.18506,0.17165,0.1587,0.1462,0.13463,0.12497,0.11648,0.10931,0.10249
23-01-2026 11:15,25277.8,0.10638493958954824,0.0982839248833405,0.09349775969066071,0.09201710358949729,0.0938,0.09908520449644173,0.10508,0.1156,0.12818,0.1392,0.15124,0.16235535447934757,0.17365,0.18335,0.24587,0.23346816754292277,0.22109523984374418,0.20872,0.19645657178488457,0.18418,0.17190512641270667,0.15952,0.14744,0.13673,0.1290489744022933,0.1209781335948979,0.11301,0.10725
23-01-2026 11:20,25261.05,0.11031,0.10344,0.09958,0.09768,0.09885,0.10159,0.11064351287391558,0.11835,0.130333903081777,0.14178,0.15303139499696858,0.16422693489556495,0.17543,0.18648,0.24568,0.23374,0.2202,0.20732306214753843,0.19441,0.18187339880796688,0.16927223693771098,0.15658,0.14398,0.13288,0.12389786702715995,0.11444,0.10707,0.10052954213906873
23-01-2026 11:25,25270.95,0.1076286172717958,0.10164,0.09754,0.09611,0.09717,0.10005,0.10949349187784575,0.11709,0.12914849353292485,0.14035,0.15238,0.16319960784356838,0.17401368755859142,0.18445,0.2456347106021492,0.2337160008708825,0.22117,0.20887,0.19554,0.1829,0.17018,0.15771,0.14458,0.13327,0.12294,0.11493624201426837,0.10677248040196968,0.09934
23-01-2026 11:30,25274.7,0.09177,0.08955,0.08944,0.09160958515829246,0.0926,0.09732,0.1064148444700744,0.11568,0.12728081833909716,0.1387780894596044,0.15071217212766544,0.16318,0.17498522729299282,0.1868347046675103,0.24712,0.23528,0.2218,0.20902,0.19690356476736992,0.18467,0.17181,0.15975,0.14731,0.13778155915481616,0.1278,0.12097042056232059,0.11380834291389283,0.10746
23-01-2026 11:35,25252.0,0.0935,0.09162,0.09263517017333242,0.09228,0.09519,0.10037,0.10855,0.11968,0.13202005596455554,0.14375,0.15529,0.16707,0.17758,0.18871,0.24268,0.23094,0.21751,0.20465076104945973,0.19155,0.18014,0.16828,0.15635,0.14542,0.13578,0.12799,0.12181336027071091,0.11509,0.11053
23-01-2026 11:40,25221.8,0.10092,0.09778,0.09945176927090753,0.10076235243861995,0.10061,0.10582,0.11556,0.12721,0.13961,0.15203,0.16314,0.17355617525907113,0.18383,0.19338023346290406,0.23925,0.22678550587379073,0.21433,0.20188,0.18882,0.1764711938478778,0.16385,0.15167,0.14043,0.13085,0.12402992896337742,0.11674606576769112,0.10956,0.10438
23-01-2026 11:45,25210.75,0.09618,0.09671966853789449,0.09747,0.09935,0.1052649680870148,0.10955,0.11906,0.13073,0.1424,0.15379093482668957,0.16531,0.17591,0.18635610824781842,0.19675,0.23574,0.22526,0.21185798707654294,0.1984,0.18638,0.17499,0.16439371551740822,0.15306,0.14354,0.13564,0.12815,0.12247,0.11882,0.11379
23-01-2026 11:50,25193.45,0.11105660037370887,0.1073,0.10779383909815757,0.1088452795171409,0.1085,0.11530733567837836,0.12208,0.13307,0.14463619491641794,0.1561,0.1666659105954666,0.17741,0.18736,0.19852,0.23272,0.22105,0.20795987907367916,0.19487868174229261,0.18169,0.17009278861819752,0.15821,0.1473482260586974,0.13596,0.12681,0.11883,0.11236,0.10684,0.10173
23-01-2026 11:55,25208.4,0.10773,0.10369,0.1022,0.10516762450218545,0.10575,0.11352882911007425,0.11979,0.1304,0.14203386728882855,0.15349,0.16444383289033984,0.17532,0.18601365835731576,0.19642263371451912,0.23561,0.22389,0.21046,0.19772,0.18489,0.17183,0.16035,0.14834,0.13744,0.12787,0.12074057652325357,0.11298,0.10728,0.10241596570171095
23-01-2026 12:00,25209.75,0.10828502552490868,0.10481,0.10303,0.10346,0.10797790280247195,0.11101,0.1219790706042671,0.13224849661161497,0.14275,0.15335,0.16428,0.1752,0.1861642899122956,0.19714,0.23589,0.22329840683088084,0.21065074628034547,0.198,0.18517,0.17249530439846023,0.15967,0.1473,0.13627,0.1281915970485858,0.11968675548532176,0.11104,0.10492,0.09911
23-01-2026 12:05,25207.8,0.09717,0.09786804878531308,0.09896692879484843,0.09955,0.10375,0.10947,0.12064439966643808,0.13061,0.14312,0.1545,0.16511,0.17556,0.18680582199785606,0.1982,0.23501,0.22209,0.20998,0.19729,0.18451,0.17225,0.1607,0.14862,0.1403478691412292,0.13187982768869083,0.12296,0.11798534816023937,0.11247,0.10886
23-01-2026 12:10,25190.3,0.1055546670581383,0.10311,0.10236,0.10405,0.10765,0.11615433552738212,0.12261,0.13353,0.14595,0.15725,0.1678803226805603,0.17872,0.18877,0.1985313952859559,0.23266,0.21986506007896028,0.20719575494594542,0.1946170702917481,0.18199664581608266,0.16962,0.15765,0.14669650432547449,0.13523,0.12612,0.11846,0.11226,0.10707370674532647,0.1021
23-01-2026 12:15,25193.1,0.12044,0.11324,0.1091,0.11127961935283848,0.11003,0.1141,0.12241,0.13313,0.14523,0.15604566147627852,0.16696,0.17740519832592072,0.18781,0.19794396654126659,0.23385,0.22083,0.20803,0.19529,0.18201,0.16936,0.15691964347928905,0.14393,0.13247,0.12203,0.11306,0.10491,0.09753183033262167,0.09034
23-01-2026 12:20,25216.55,0.10334334287071212,0.09974340551634936,0.09866208779623027,0.09993,0.10417236215434465,0.10881,0.11926726803587383,0.12907,0.14159,0.15273305891510167,0.16402,0.17452,0.18521,0.19582,0.23652,0.22488,0.2115,0.19831,0.1859712507264486,0.17343,0.16068,0.14839,0.13724,0.12774,0.11932,0.11244,0.10652,0.10192
23-01-2026 12:25,25202.7,0.10902,0.10505,0.10529036730836025,0.10354,0.1084940819097001,0.11111,0.1202,0.13111,0.14351,0.15435,0.1652,0.17607127981330783,0.18694848407334214,0.19783,0.23468,0.22237,0.20935775730646322,0.19636,0.1836,0.1710092206426922,0.15822,0.14704295132073358,0.13567400476614594,0.12424,0.11559,0.10884336597240048,0.10184,0.09596
23-01-2026 12:30,25205.2,0.10787623774423233,0.10449,0.10396782098056952,0.10351,0.1062,0.11373480240786457,0.12027,0.1318106968966697,0.14318,0.1543446792093351,0.16547262253043404,0.1765471743854828,0.18762,0.19829,0.2356147830610691,0.22218,0.20888,0.19627247989345536,0.18368072728225343,0.17105,0.15802,0.1459028283004264,0.13319,0.12291,0.11407,0.10656,0.09979,0.09415
23-01-2026 12:35,25205.5,0.11402,0.10854890580341703,0.10454,0.10462,0.10685,0.11448616447439515,0.12027,0.13105,0.14285,0.1538488600981123,0.16493,0.17560677411444536,0.18638,0.19688,0.23527,0.22243570624999823,0.20959,0.1966494435756367,0.18372,0.17078,0.15802985760468002,0.14482,0.13401209903273603,0.12233,0.11291,0.10468,0.09735,0.09088878150716423
23-01-2026 12:40,25211.7,0.11514,0.10941889435706084,0.10518,0.10499,0.10666,0.11088,0.11947,0.12981,0.1416718063921306,0.1530863041868236,0.16456,0.17497,0.18622,0.19683,0.23403,0.22129,0.20819,0.19528,0.18244033994666647,0.16965182804666634,0.15677,0.14471137964597508,0.1325895580145049,0.12064,0.11144,0.10390885505626148,0.09637945550020527,0.08937
23-01-2026 12:45,25238.75,0.09531,0.09296,0.09274,0.09478,0.09861,0.10687631726716283,0.11331,0.12499171040816343,0.13567,0.14706,0.159049197840563,0.17112,0.1818504726455248,0.19242,0.23565027489506163,0.22358713686462578,0.2115,0.19929,0.18696,0.1748,0.16178,0.14858,0.13884083237861844,0.12777,0.11935,0.1118,0.10566,0.10053
23-01-2026 12:50,25208.05,0.11818,0.1112470726233698,0.10589,0.10503,0.10984295011197132,0.11469328036425355,0.11886,0.12907,0.1405283392472753,0.15177,0.16278,0.17407655492219526,0.18538368444381356,0.19678,0.2343898647278979,0.22163,0.20784,0.19651,0.18341,0.17058,0.1568793101618453,0.14308,0.13085,0.12123044122832682,0.11127359889845392,0.10129,0.0937,0.0855
23-01-2026 12:55,25226.8,0.09191,0.0926071208455242,0.09385048221773963,0.09436,0.09987964253363335,0.10493,0.11617716594081025,0.12694,0.13867782401642723,0.15025,0.161864613026363,0.17356,0.18432957893061228,0.19498,0.23641,0.22369,0.21182,0.20039,0.18724834237313165,0.17433,0.16074,0.1485720915671926,0.13576,0.12571,0.11823076053936281,0.10981,0.10391,0.09895
23-01-2026 13:00,25191.8,0.10732,0.10216,0.10054,0.10197,0.10559,0.11435095909452393,0.12128,0.13301,0.14469639639879261,0.15608,0.16683,0.17872,0.18873,0.19995,0.23239,0.22018,0.20746,0.19582,0.18204,0.16979,0.15637246739914742,0.14286,0.13142,0.12269171399258877,0.11373089772955408,0.10512430190396634,0.09654,0.08989
23-01-2026 13:05,25191.25,0.10384228215846301,0.10077,0.09948,0.10124,0.10514,0.11102,0.12143,0.13358703178012582,0.14478,0.15664,0.16748,0.17944,0.19018,0.20155,0.23154460217083933,0.21953,0.20747,0.19471511716257173,0.18203,0.17015,0.15659,0.14283,0.13138,0.12085,0.1118,0.10375,0.0965,0.09012705617389968
23-01-2026 13:10,25194.95,0.10157,0.09802,0.09731,0.09991,0.10395,0.1104,0.12187107986409655,0.13232,0.14418195196147265,0.15573,0.1670650576580095,0.17842,0.18976940219565652,0.20112,0.23769315601079286,0.22413435852323874,0.2105701183661858,0.19693206285258322,0.18311,0.16964,0.15624,0.14236,0.13117,0.12171451634609248,0.11148,0.10433541355244914,0.09747,0.09214233790329464
23-01-2026 13:15,25171.1,0.09416,0.09513545391638238,0.0962,0.101,0.10862423123439348,0.11552,0.12639,0.13799859446178608,0.14947735357467778,0.16100439541343864,0.17255,0.18417,0.19513157112233254,0.20596,0.22738490468160974,0.21619,0.20472,0.19249,0.17961432864966587,0.16689895014347267,0.15381,0.14297040434841313,0.13153,0.12279,0.1152,0.10933,0.10496,0.10098
23-01-2026 13:20,25141.7,0.09918,0.10042,0.10271,0.10734,0.11295,0.12321470401563224,0.13196,0.14377,0.1549,0.16568,0.17712782851204567,0.18856,0.19941,0.21025529248496996,0.22429,0.21339,0.2011,0.18918,0.17603,0.16335,0.15068,0.1396,0.12972,0.12291679749347162,0.11581346254099839,0.10861,0.1031180857233347,0.09779
23-01-2026 13:25,25138.55,0.09959,0.09975,0.10393615101985178,0.10753,0.1139,0.12191,0.13279,0.14464,0.15611954324483818,0.16747,0.179,0.19071,0.20056,0.21212,0.22394,0.21242332302131656,0.20072,0.1874954624221702,0.17434,0.1622,0.14993,0.13932950413372275,0.12773,0.11936,0.11245,0.10677,0.10272640207882669,0.09899
23-01-2026 13:30,25095.3,0.0998896518188831,0.10355208704341745,0.10868208182869543,0.11503,0.12248,0.13296791164343716,0.14371283754037495,0.15439,0.1658935086588736,0.17730392866200584,0.18879,0.20028,0.21161,0.2223,0.22468,0.21272,0.20148,0.18886,0.17617,0.16462,0.15373,0.1436,0.1371090214434315,0.13039127643488102,0.12429747912523043,0.11829,0.11615114003171206,0.11441
23-01-2026 13:35,25072.05,0.10627,0.10742,0.11133,0.11663,0.12545432704505483,0.13282,0.14377,0.15568,0.16697671867807384,0.17828,0.18972397952816764,0.20123,0.21156,0.22168348686271078,0.22141,0.20877810060436108,0.19618,0.1839148560915071,0.1715,0.15941,0.14792,0.13777,0.12862,0.12121,0.11527,0.11150992258568809,0.10719,0.10371
23-01-2026 13:40,25076.35,0.1005,0.10382,0.10953,0.11588,0.12411,0.13514635864560906,0.14570031726251967,0.15623,0.16833,0.17852,0.19002,0.2011370310418476,0.21251240162008683,0.2244476690805681,0.2251,0.21302413050327984,0.20101,0.18915,0.17594,0.16530723558187663,0.15405,0.14446,0.1374152854559079,0.12982,0.12686135673592758,0.12306397324518534,0.11991,0.1204
23-01-2026 13:45,25053.0,0.11187,0.11406844822876294,0.11669,0.12201,0.12927,0.13957463964965622,0.14889,0.16014,0.17213,0.18308781015699072,0.1941,0.20517041784539375,0.21626074632299086,0.22737,0.21884,0.20656707583598394,0.19415748478669453,0.18173,0.1687936455027253,0.15582,0.14497,0.13615421343660863,0.12711078240500456,0.11786,0.11116,0.10602,0.10173151928502577,0.09759
23-01-2026 13:50,25055.05,0.11105,0.11255,0.11691,0.12263,0.12998,0.13922,0.14982,0.16105,0.17257,0.18399,0.1948,0.20664,0.2176491412813858,0.22849,0.22043,0.20712,0.1946397947450856,0.18212,0.16866,0.15725237455292818,0.14516,0.13558886401989048,0.12498,0.11719,0.11063,0.10486,0.10082,0.09752999064286814
23-01-2026 13:55,25054.0,0.11215,0.11334,0.1173,0.12353620031212416,0.12874,0.13934204208765605,0.14938422057276263,0.15952,0.17036,0.18221,0.1935506014737428,0.20479,0.21619571014086192,0.2273726310003359,0.21977,0.2081,0.19563,0.18322,0.1706,0.15865,0.14751,0.13711,0.1281,0.1215887086085953,0.11411,0.10903,0.10546010366882186,0.10223
23-01-2026 14:00,25054.2,0.11441,0.11696551667398594,0.12058568209411633,0.12479248601726625,0.12875,0.13712,0.14786173782684747,0.15833,0.1693,0.18057,0.19126,0.20207,0.21334,0.22331,0.21929,0.20717,0.19529,0.18134,0.1691726949550108,0.15700538401290953,0.14443,0.1335,0.12424,0.1165,0.10991,0.10398,0.09874,0.09436
23-01-2026 14:05,25065.1,0.11171,0.11208,0.11495,0.11976,0.1261,0.13483,0.1459443518557945,0.15631,0.16766,0.17845353986289508,0.18921,0.20053509050203752,0.21187,0.22187,0.2208028642747646,0.20887,0.19703,0.18391,0.17101111101823738,0.15778,0.14614,0.13499,0.12562,0.11815,0.11228795670749311,0.10558,0.10159,0.09656
23-01-2026 14:10,25058.25,0.11362,0.11404,0.11716,0.1215,0.12778,0.13652,0.14764700205339726,0.15781,0.16918,0.1801,0.19032,0.20165,0.21301462537983795,0.22438,0.22067,0.20868232213745003,0.19652,0.18299036297653776,0.16945,0.15701,0.14502,0.13361,0.12347,0.11724116127406962,0.10969,0.10308,0.09849,0.09298
23-01-2026 14:15,25090.65,0.09978,0.10291,0.10896493699291832,0.11522165722779606,0.12098,0.12996,0.1401,0.15103,0.1623099265574014,0.17347,0.18454,0.19525,0.20643767576280947,0.21772,0.22608,0.2139,0.20107,0.18844,0.17591260661837183,0.16301,0.15248271974733307,0.14089,0.1331590866925106,0.12436,0.11926,0.11535,0.11377568682526693,0.11247
23-01-2026 14:20,25059.65,0.10638,0.10812,0.11320351126872118,0.11766,0.12640966913069573,0.13389,0.14513637422978887,0.15581,0.16723,0.17783,0.18819,0.19926,0.2101809682138976,0.22160263554939957,0.22341,0.21041,0.19757915147167845,0.18480906431004124,0.17186,0.16017320153257586,0.14814,0.13705,0.12795,0.12066,0.11641257996954026,0.11106,0.10765,0.10473
23-01-2026 14:25,25049.75,0.11132261621391924,0.11518,0.11805965351183476,0.12119,0.12838004659907648,0.13461,0.1447,0.15513,0.16647,0.1773458751259354,0.18828735197190932,0.19913332820767954,0.2098963031361522,0.22056,0.2197,0.20694,0.19409,0.1802,0.16695472577667358,0.15341,0.14230119476123648,0.13077453527653554,0.11907,0.11017,0.10294,0.09634,0.08975,0.08191
23-01-2026 14:30,25077.85,0.11012,0.11027,0.11321,0.11741,0.12437,0.13455274458793648,0.14348,0.15363,0.16489,0.1743,0.18512,0.19678,0.20853,0.2183,0.22389,0.2109921245748235,0.19796,0.1842,0.17068,0.15744,0.14487,0.13241,0.12349973963469803,0.11309,0.10574,0.09974,0.0941,0.08855
23-01-2026 14:35,25087.05,0.1078,0.10743,0.11100154829548486,0.11406,0.12156009654687597,0.129,0.139449118859077,0.1497499640822123,0.16043096696711662,0.17109,0.18275,0.19430872052833548,0.20595,0.21554,0.22344,0.21104859091902445,0.19846,0.18482,0.17106,0.15737,0.14542,0.13482980531484928,0.12292,0.11622632223147147,0.10799,0.10227,0.09782,0.0929
23-01-2026 14:40,25094.55,0.10254983994048872,0.1053,0.10947,0.11466,0.12255,0.13277247195690217,0.14253133390772738,0.15227,0.16277,0.17191,0.18385,0.19511,0.20602356515908515,0.2169,0.22589,0.2130141799058879,0.20016,0.18735,0.17383,0.16172109459537565,0.1495598681468496,0.13695,0.12586,0.11704,0.11101,0.10538,0.10157137561805499,0.0988215751832896
23-01-2026 14:45,25081.45,0.10176,0.10398,0.10948841068073298,0.11413,0.12352221689152078,0.13217,0.14255,0.15278701791966698,0.16301895685604645,0.17305,0.1848428882450998,0.19652,0.20829,0.21885,0.221590804052124,0.20978,0.19875,0.18541,0.17329,0.1604,0.14966849149342962,0.13823,0.12811,0.12177623409157531,0.11468,0.11068578505658422,0.10692,0.10474895997332338
23-01-2026 14:50,25059.3,0.09877205831271416,0.104670604195912,0.11157089640601121,0.11934360092690974,0.12789,0.13662,0.14639,0.15629,0.16658663284553493,0.17648,0.18874,0.19922,0.21018,0.22115831628900395,0.2194846903111908,0.20631149556377806,0.19303,0.1801821528979286,0.16728,0.15404,0.14196,0.13080897931107324,0.11889,0.10969,0.10365413734248016,0.09703,0.0915,0.08719091551341145
23-01-2026 14:55,25096.0,0.10283628615031662,0.10472,0.1084,0.11268,0.11992,0.13014169026864655,0.13943,0.15034854701961328,0.16087,0.17099,0.18277407027507014,0.19457,0.20503,0.21545,0.22446,0.21091410717551806,0.19757,0.18516,0.1722523928161535,0.15908,0.1474174063677555,0.13503,0.12398,0.11532,0.10926,0.10437,0.10001,0.09741
23-01-2026 15:00,25071.15,0.10632,0.10791,0.11251,0.11727,0.12556,0.13659480635830684,0.14652,0.15761,0.16824,0.17934,0.1912,0.20287,0.21389,0.22422,0.22224,0.21014667202016252,0.19792,0.18472880889274418,0.17151,0.1592385108085757,0.14663,0.13499,0.12617894660891998,0.11609,0.11005,0.10618,0.10368,0.1
23-01-2026 15:05,25059.0,0.1009,0.10433,0.10951,0.11755562833825293,0.12411,0.13455,0.14715,0.15877,0.17062,0.1813,0.19304471074332452,0.20477,0.21637,0.22744,0.2193,0.2075203163998946,0.19568,0.18348,0.17207,0.16041,0.15012,0.13935,0.13024,0.12326,0.12037486637341885,0.11648,0.11635150046817228,0.11593
23-01-2026 15:10,25045.6,0.0990337828046081,0.1055802565399094,0.11302346030157889,0.1215,0.13029,0.1407335369195651,0.15104,0.16104,0.17246,0.18371992981321822,0.19500225166893467,0.20611645082697347,0.21719,0.22664,0.21805765497461066,0.20548,0.19287094231694257,0.18023,0.16746567294724612,0.15451,0.14350375745623623,0.13176,0.12310953644428899,0.11352,0.10779,0.10344,0.09975812626422464,0.09623
23-01-2026 15:15,25061.1,0.10403,0.10797246665996954,0.11216,0.11735,0.12658,0.1366,0.14719,0.15763,0.16971,0.18027,0.19149,0.20296,0.21502,0.2271191622918792,0.22229,0.20842,0.19569,0.18221550934840908,0.16871587740963226,0.15498,0.14334,0.13215,0.12057,0.11286,0.10961,0.1063,0.10598955843637266,0.10706145326187681
23-01-2026 15:20,25040.65,0.1146,0.11616,0.12157713444346716,0.12762990620564663,0.13309,0.14325554898271115,0.15303,0.16401283068288697,0.17486,0.18481,0.19654975751216436,0.20832,0.2181,0.22899,0.22065623257565284,0.2068667618641212,0.19313,0.17961,0.1662,0.15292,0.14013,0.12789,0.11618,0.10749,0.10402001328009977,0.0991,0.09488,0.08909
23-01-2026 15:25,25049.65,0.10887,0.11147,0.11604,0.12176,0.13109,0.14176135072304158,0.15154,0.16182,0.17314,0.18434,0.19727,0.20877941515675658,0.2205,0.22986,0.21958,0.20286,0.19008,0.17739079054309487,0.16433,0.15096,0.13995,0.12939180861203978,0.11858566148115057,0.10726,0.10175,0.09947,0.09448,0.0931099136512286
27-01-2026 09:15,25113.05,0.27499,0.30202,0.32281,0.35058,0.39390113554407546,0.4365284787432604,0.4807946908569899,0.52453,0.57367,0.6307987507334573,0.6891101417720176,0.7495227500027896,0.8118463393986646,0.8761455830977909,0.80455,0.75263,0.70349,0.64961,0.59775,0.5612817759574175,0.5232625370943716,0.48379,0.46589,0.47431385323051073,0.47357,0.4949938484572997,0.51278,0.54893
27-01-2026 09:20,24981.3,0.3561688846731054,0.38093,0.41296528592284776,0.4476106794168947,0.48407711366968337,0.5208695486054575,0.55918,0.60764,0.6609,0.7105452738992275,0.76109,0.8053463270938408,0.84893,0.8895798678248352,0.722,0.6801190333460259,0.63579,0.57755,0.52942,0.47801,0.43869042163022565,0.39554,0.3901381902640203,0.3773,0.38796830833495843,0.3980775217843898,0.41378,0.44362435328180017
27-01-2026 09:25,24940.7,0.395429188671959,0.41457,0.44207375633835533,0.4728368907107837,0.505760721030771,0.53823,0.58329,0.6348157024093448,0.6864,0.7350305203274821,0.7838133197419768,0.83239,0.877,0.920414952114919,0.70051,0.6542604129834768,0.60735,0.5557583657516905,0.5044652754200177,0.4528,0.40766594922456356,0.36324,0.3508896748818504,0.3342870477406763,0.31923,0.31138,0.3061986971562799,0.30353493980376756
27-01-2026 09:30,24944.4,0.43418,0.43019,0.45309383378347223,0.4796984316821894,0.5112196900518665,0.53966,0.5867938952740206,0.63551,0.6880601739000395,0.7404557652098573,0.79262,0.83608,0.8767409619998644,0.9138446973596117,0.69697,0.65541,0.61709,0.5626616727882578,0.51004,0.45156,0.40485157472207406,0.35395,0.31876,0.30027,0.2919108932406029,0.2986803123115413,0.322374704246062,0.3644537346672677
27-01-2026 09:35,25018.3,0.4495,0.42747,0.41019,0.42032,0.45944033372966575,0.49519151318488375,0.52925,0.57595,0.62223,0.67629,0.7226830909416637,0.77034,0.8118283327617953,0.85271,0.741979871686799,0.69537,0.64737,0.60076,0.5491864457022075,0.49800362397115433,0.44574,0.4010052795445189,0.35472,0.32039,0.29015286946486396,0.26448,0.22211,0.12637
27-01-2026 09:40,25090.85,0.45420151411196713,0.4137,0.39014,0.38476,0.40993,0.44455,0.4938968042370733,0.53745,0.58193,0.63655,0.68678,0.73576,0.76941,0.8009491034754924,0.7794135067548095,0.7393717242655693,0.6964067532354861,0.64951,0.60292,0.5514233777790376,0.49947,0.45308,0.40468,0.36501,0.333,0.30009,0.26344,0.2039
27-01-2026 09:45,25142.05,0.36816,0.35007370097369683,0.3373,0.34272,0.3752992279697173,0.40126,0.45026283063263584,0.49461,0.54701,0.59015,0.6407361044168425,0.6915280008279721,0.74219,0.78754,0.8508448199773383,0.797805915597144,0.743539003120952,0.6885797632607512,0.63383,0.58196,0.52995,0.48504932244986937,0.43571,0.40108,0.3768,0.35236,0.33416581925699473,0.31646673453554774
27-01-2026 09:50,25142.45,0.34662,0.33111675731045476,0.31992,0.32756,0.35831,0.39611,0.4469266327299414,0.50094,0.5682598444814262,0.6448531829655209,0.7309338353350016,0.8266906461652388,0.93229229325618,1.0478414566107628,0.8188429910968955,0.77273,0.72082,0.6740502637555248,0.6278665868853445,0.58085,0.53176,0.48237,0.4553449340382544,0.42124699206072913,0.39013809947471695,0.3625951372487861,0.34076,0.3079660798747027
27-01-2026 09:55,25130.4,0.32119,0.3172539877942173,0.31403,0.32672,0.35744096640594203,0.4102284207723874,0.46087452013550906,0.512166954339476,0.5634374951826799,0.61344,0.6627878920260641,0.71226,0.75959,0.8061068541443899,0.80994,0.7701270533280982,0.72919,0.677056526393472,0.6264,0.56905,0.5166699191438494,0.46864,0.4360730722978634,0.41576787490942946,0.3924676789637213,0.37016592588261765,0.3516823405336027,0.33788
27-01-2026 10:00,25139.8,0.32443,0.3257295322435907,0.3293508236148709,0.32502,0.3636511170948181,0.40375,0.4576773036037516,0.51008,0.56064,0.6117283972765273,0.66324,0.70756,0.7502212527278573,0.7883222449999835,0.8307247880484957,0.78289,0.7343386925910924,0.68513,0.633,0.58504,0.52821,0.47811,0.44649647634578404,0.41175849843321294,0.37604,0.35656,0.33606,0.31098
27-01-2026 10:05,25125.85,0.30215,0.29677,0.30128,0.33559485651564414,0.36228,0.40899,0.46656,0.5198728177537185,0.57315,0.62148,0.67629,0.7190314480397041,0.7620049532235045,0.80129,0.8247218688260124,0.7805463388907089,0.73296,0.6834987353331613,0.63328,0.57812,0.52108,0.47288,0.43083,0.40016,0.38385,0.37058,0.35888,0.33865
27-01-2026 10:10,25088.75,0.22406780869701437,0.2694969603884924,0.31494801823535923,0.36103,0.40383742667234535,0.44821614594421255,0.4936009808233793,0.5398526805660859,0.58393,0.63445,0.68859,0.73067,0.7829,0.82034,0.8206129380425433,0.76659,0.71267,0.6598271482093837,0.6070737331497559,0.55399,0.49687,0.4485096839646403,0.39699,0.36248,0.33467,0.30200029767243103,0.27156,0.21831
27-01-2026 10:15,25129.65,0.43897,0.39066,0.36472,0.36018,0.38258,0.41304,0.46676406512036783,0.5178100761354774,0.56872,0.61118,0.6620818227421055,0.71362,0.75313,0.79688,0.84848,0.7956,0.74158,0.69533,0.6393422326181906,0.58309,0.5331460380028978,0.482556398769758,0.43107,0.38655,0.35069,0.31475,0.27834,0.22729
27-01-2026 10:20,25170.2,0.3249960597138997,0.30563,0.3093658236459323,0.31025,0.34257,0.38807,0.4441280040191461,0.4985834393730206,0.553,0.59737,0.6481750726418096,0.6992648394382577,0.74989,0.78886,0.8819129858238701,0.8341379399684291,0.78094,0.73318,0.67496,0.62221,0.5705879171430928,0.5181760016095832,0.46797240362744863,0.42046,0.3884993897004232,0.35725647563298135,0.3286142145930516,0.30288
27-01-2026 10:25,25164.05,0.25371,0.26218,0.27617,0.30173,0.34283,0.3991922660749557,0.45155520366317314,0.50273,0.5549970032277346,0.60586,0.67118,0.7152914801010459,0.7603482473367169,0.79871,0.87468,0.82807,0.77342,0.72691,0.67296,0.61698,0.5619,0.5178512283946219,0.472541442265239,0.42822,0.40896,0.3963138915408948,0.38346683435426643,0.37269
27-01-2026 10:30,25123.35,0.3273,0.31534,0.3342814375968236,0.33808,0.3863802105729205,0.42491,0.48153,0.5300223891389156,0.5842128720330422,0.6365183115423299,0.6874649778049928,0.7376067516901031,0.7869708827503268,0.83545,0.85189,0.79916,0.75078,0.6967229221577022,0.6425576395429001,0.59014,0.5434904449467637,0.5016455222575642,0.45906501833273483,0.416904836189984,0.3745414737902309,0.33773,0.30800871752862335,0.28019
27-01-2026 10:35,25122.35,0.2296557300660074,0.26038080802101193,0.29600685398148147,0.33586,0.37908,0.43261846564733214,0.48656690778468514,0.54057,0.5929227286934311,0.64561,0.6958531130525096,0.74763,0.79619,0.82755,0.8585,0.80533,0.75652,0.70959,0.6566650935174911,0.6025484846052791,0.5485256767249178,0.494643188394876,0.4435,0.40453,0.3811749055331525,0.35626,0.33543118446479425,0.31486
27-01-2026 10:40,25095.65,0.24770830259530324,0.27705,0.30858,0.3602343883352783,0.41126412609984137,0.464838139217118,0.51912818978469,0.57223,0.62559,0.6752921791838896,0.7254245059376605,0.7755,0.82494,0.8740924441284241,0.82604,0.77517,0.73559,0.66826,0.62248,0.56794,0.5206956238635576,0.46905,0.42666,0.42996737058297485,0.41798,0.4343409916355313,0.44604,0.47381
27-01-2026 10:45,25027.6,0.3302632286816121,0.33817,0.35486,0.39987608829055044,0.44222,0.5003390753812975,0.5557,0.61343,0.6661792951561376,0.7189636852370698,0.7706954412642117,0.82268,0.8680057782744046,0.91224,0.81134,0.75038,0.7002950750822438,0.64989,0.5926473647524051,0.5339790386605343,0.4775080704441057,0.42695,0.3980699111229211,0.3720574802181622,0.3473317261892772,0.3229119350794658,0.2975,0.26889
27-01-2026 10:50,25020.95,0.29543471643037644,0.3311,0.3715187455542787,0.41388,0.4680359483558739,0.5225576928298605,0.5784065354827084,0.63393,0.6907943441727866,0.74791,0.8027,0.8509,0.89024,0.9252493879006858,0.82915,0.7684663940975753,0.7090177598101941,0.650479784754012,0.59194,0.5382,0.48057,0.4304,0.4187179354571563,0.4032131316945414,0.3905304012586873,0.37527,0.3892563250929672,0.40869
27-01-2026 10:55,24997.0,0.26272788079709,0.31818340786109756,0.3736224776392251,0.4288,0.48458227511928575,0.5400333256527561,0.59563,0.6503201869596099,0.70518,0.7599248419126922,0.81506,0.8733,0.9251496536611761,0.97544,0.80799,0.7553153284705707,0.70166,0.64264,0.58219,0.52396,0.473113180483236,0.41534,0.37268,0.35504,0.35497,0.363797022544708,0.37295125232324405,0.3853
27-01-2026 11:00,24984.95,0.2874200150635903,0.3382632105904962,0.3901439935199634,0.44337,0.4981240367833708,0.55304,0.60914,0.66918,0.7246440528458133,0.7799026385075036,0.83519,0.8875825665727329,0.9400255619057463,0.99173,0.8292006747998353,0.7676246597008033,0.70616,0.643354856007013,0.5815829111135822,0.5202024065234201,0.45921,0.40189,0.3637967203033567,0.32186,0.31013,0.29312,0.26525,0.24478035284956376
27-01-2026 11:05,25008.55,0.35938,0.3757936160978248,0.39529,0.43643,0.48808,0.5475583087422173,0.60524,0.65624,0.7164189288612507,0.77679,0.83301,0.88779,0.93527,0.98664,0.800404315868281,0.76668,0.72755,0.6672536826607914,0.6055959505626767,0.5422025848297771,0.47948,0.42233,0.3801219053417522,0.33818,0.33062674517575774,0.31776974113772205,0.31009,0.32247997942815226
27-01-2026 11:10,25017.35,0.35447,0.37216709560370287,0.3917,0.44008953133859724,0.48639,0.54371,0.6037401932021855,0.6638147883572433,0.723455644210075,0.78283,0.83535,0.8857666779021531,0.9345123735752089,0.9803549540711176,0.8795949300047261,0.8089236481152735,0.74005,0.66858,0.608172450669445,0.5477908968786827,0.48840646550096956,0.42763,0.37099,0.33704,0.3272738711265217,0.3131985757192701,0.29971,0.27694
27-01-2026 11:15,25024.0,0.36044,0.36747,0.38888,0.42815,0.48531457328133354,0.53609,0.59681,0.65096,0.70102,0.77263,0.82914,0.88409,0.9337400661707111,0.9822,0.84713,0.7895696395457505,0.7310510030388958,0.6717511296333962,0.61259,0.5490921943747462,0.48546,0.42832,0.3850920995762972,0.33669,0.31376,0.29753,0.2727797586717105,0.2552862767897799
27-01-2026 11:20,25044.9,0.32104,0.34100100683367085,0.36439,0.41123,0.46217,0.52086,0.5784553970502317,0.63522,0.69429,0.7562790909857913,0.8181204779210853,0.87951,0.92713,0.9711448148463943,0.9004880092706609,0.8293271679243777,0.7585173350239013,0.68763,0.63226,0.56455,0.51188,0.4732930923286938,0.43507789240035744,0.397344723583417,0.363440370505242,0.33306,0.32606,0.3210976063415326
27-01-2026 11:25,25036.65,0.36696,0.36749,0.38782,0.43644323874931207,0.48332586363770413,0.52892,0.58582,0.63827,0.6913,0.76463,0.8207,0.88782,0.93488,0.9829945495812487,1.0008679439528396,0.9070859431369139,0.8174719029643389,0.7326113620682246,0.6529680384496297,0.57808,0.5161413945306381,0.45444,0.39294,0.34485,0.31554,0.28884591568718787,0.26278,0.24884599693146459
27-01-2026 11:30,25078.55,0.29222069006742685,0.31892,0.3541088108648476,0.39147,0.44721438387965895,0.5030705850456729,0.55908,0.6152568930648479,0.67088,0.73376,0.79485322216858,0.85717,0.9061624351239979,0.95374,0.895341557284475,0.84137,0.7858153482785781,0.72989,0.6708696019156111,0.61261,0.5504772926128092,0.4866,0.42664,0.38602,0.36245,0.34457,0.33817217640871955,0.3385607554618513
27-01-2026 11:35,25074.65,0.2998813864400965,0.32534736140818066,0.35804,0.39528,0.4447948887272777,0.49221,0.55529,0.60544,0.6684697003675255,0.73161,0.7933798617702144,0.8552968734523829,0.91508,0.94711,0.8826816100074943,0.8374551317108923,0.7890295754637328,0.73505,0.67733,0.61641,0.54493,0.48780499794927357,0.4299373328013061,0.37293,0.33543,0.30258342338409155,0.2794360194762751,0.2646759599845643
27-01-2026 11:40,25088.45,0.4829110568181012,0.44935,0.42746,0.43359,0.45344,0.48777,0.54722,0.59689,0.6525979722612041,0.70847,0.7616478763743282,0.8150426851814248,0.86804,0.91268,0.9299417077710223,0.867378990628451,0.8051938691539362,0.7434795958112352,0.68852,0.6222756075086828,0.56051,0.5012,0.43625,0.38682,0.3401,0.29952,0.23842642163482974,0.17427
27-01-2026 11:45,25159.6,0.23104048721446785,0.26096378141444443,0.30133,0.3355672790998394,0.37354,0.437420845845372,0.49435,0.54956,0.60709,0.6695421642827762,0.73216,0.78416,0.8475426120710564,0.9068225269529059,0.97798,0.9154655713934823,0.85324,0.790730322520691,0.7275433664018389,0.6645232797643852,0.6019248928982528,0.5372105233804829,0.48941,0.45522817410841643,0.42422,0.417223029159789,0.40549,0.41203
27-01-2026 11:50,25103.25,0.3271,0.32609,0.3531013584831444,0.3859672673174471,0.41313,0.47453757552921394,0.53389,0.59395,0.645935511511373,0.69661,0.77721,0.81837,0.8699157097977155,0.92405,0.94209,0.8786930028832451,0.81721,0.76497,0.6977653999324308,0.63118,0.56521,0.5190634015169413,0.47191005208046144,0.4297389624935624,0.38774,0.37712672924266455,0.36494,0.34715
27-01-2026 11:55,25084.4,0.3769171018260332,0.37526,0.388782878199,0.4052,0.43891,0.49008,0.55875,0.60674,0.66333,0.71693,0.7846320574444758,0.85098,0.91214,0.9749869097553591,0.95193,0.889654432461205,0.8253491201000847,0.76111,0.69042,0.6257604942998438,0.5608484346902927,0.5011430845485032,0.43434,0.4075334578290342,0.37105307228324524,0.3371365427207389,0.30429,0.26015
27-01-2026 12:00,25100.25,0.3932,0.37693,0.37919,0.41401895375892817,0.45224261348364037,0.49354,0.5472579545368357,0.6044025938574746,0.6625558763959896,0.720863957543166,0.77765,0.82725,0.8748580937444647,0.9204384989935692,0.9623,0.88186,0.82452,0.77303,0.7064294918228458,0.6400722564382447,0.571,0.5148152956201667,0.45472,0.40448,0.3412513039472727,0.2850437637469148,0.23032107361923299,0.17715927303165574
27-01-2026 12:05,25122.5,0.35913,0.3562061545779658,0.35271,0.37884,0.43253639605737737,0.48611971868164594,0.53933,0.5972401776852536,0.65344,0.69809,0.78273,0.8611137423145494,0.9608889390889983,1.0855476186386275,0.9622203633094435,0.90705,0.84928,0.78884,0.7213924874588323,0.6541,0.59385,0.5358511986302521,0.47451,0.43693695590004633,0.39439,0.3724136961148235,0.3522,0.3413852039765505
27-01-2026 12:10,25117.85,0.30618161745428396,0.32644118793458754,0.3538083039483859,0.38941,0.42902,0.4848007567153261,0.5417084003125074,0.59802,0.6597625583825615,0.72079,0.7844854174820729,0.84864,0.9046971208758599,0.95972,0.98491,0.90182,0.84542,0.7851643592648352,0.7249188881358326,0.66383709564023,0.6017450727129249,0.54119,0.47988,0.4368875793771835,0.39059,0.36109,0.33405,0.30803425812361823
27-01-2026 12:15,25117.6,0.30765,0.31365,0.33785,0.39280528936321857,0.4475999980667946,0.5055902306469029,0.56222,0.62062,0.6771587638146591,0.7335521545539558,0.7903007502822939,0.84696,0.9090566822090091,0.97212,1.01025,0.92673,0.85601,0.81432,0.7486,0.6800970990166691,0.61091,0.5583057192565053,0.5030143396040551,0.44767,0.41968,0.39999,0.38638401761957414,0.37378
27-01-2026 12:20,25109.2,0.23034773430019867,0.2874583329588451,0.3444245820583313,0.40138,0.4603187212761213,0.5177632037455062,0.57587,0.62761,0.68817,0.73425,0.8043978110400263,0.8726046503143887,0.94107,0.99043,1.0269665503929526,0.9562752544704096,0.8870617055170283,0.819,0.7505242801462131,0.6835,0.62307,0.55271,0.48838,0.4327818631013116,0.37872,0.3271536616664949,0.2808584112462773,0.23981317042892067
27-01-2026 12:25,25134.2,0.2672249967505544,0.29513,0.3337049592019661,0.37419,0.4357491181803052,0.4948,0.56462,0.6221805814065863,0.67951,0.73799,0.81575,0.8945450256911532,0.9874900230081546,1.0988645746832022,1.03517,0.94871,0.90214,0.8378754906196417,0.77268,0.72383,0.653617903569143,0.58404,0.5378357464470611,0.48812803967052915,0.44323154869601794,0.40127,0.38577,0.3563450643933566
27-01-2026 12:30,25098.2,0.34532,0.3577753768439337,0.3889908056367881,0.4013,0.47324009378247667,0.534584419725332,0.59417,0.66049,0.71503,0.76211,0.8389027067547665,0.9145516139153993,0.98724,1.00813,1.0379,0.95103,0.88906,0.8270928115754657,0.76474,0.6954970514247834,0.62633,0.56307,0.5044201686683335,0.4407,0.39862,0.36573,0.33397,0.29361
27-01-2026 12:35,25099.65,0.32818,0.3550761884725415,0.39232656529009724,0.43556048626798627,0.47017,0.53637,0.605589535130642,0.66877,0.72412,0.7942985446393369,0.86377,0.92022,1.00022,1.03866,1.04009,0.97827,0.90271,0.8398553617967155,0.77667,0.7088231233919153,0.6409404626762158,0.57224,0.51253,0.45385,0.41578,0.3730404077221592,0.34286186494035015,0.3257885061170812
27-01-2026 12:40,25084.95,0.2824645618664406,0.3286891210187487,0.37874966415814765,0.43265,0.48939,0.55081,0.61517,0.6792940964958487,0.7442167791429021,0.8089786517935245,0.8728370756171717,0.9350071171189834,0.99762,1.04657,1.04478,0.9749047790537086,0.90513,0.8360375438263019,0.7670930110669842,0.6978813267880861,0.62832,0.55539,0.49525,0.45520474856027937,0.4133898830323155,0.3748478051144194,0.34137,0.3219759367587653
27-01-2026 12:45,25083.9,0.2926896191083235,0.33588,0.3858791617212309,0.43751,0.49765,0.5631842372406808,0.6306694989762078,0.6977487395486619,0.7644573211869193,0.82994,0.8878988774516159,0.94517,1.0040256525743416,1.06306,1.05972,0.98286,0.9209487801723728,0.85952,0.78761,0.7134,0.6369,0.5711652169164934,0.50176,0.45209,0.42901502806182734,0.40385321210506897,0.38685,0.38736110416173636
27-01-2026 12:50,25065.25,0.3993,0.39715,0.43334660417344417,0.46947,0.52555,0.5901910255902099,0.6538957601131772,0.7188482795040677,0.78377,0.85703,0.9201090222898467,0.9829670344211812,1.04271,1.0954232635852,1.07631,0.96973,0.90591,0.83859,0.75874,0.6938138748776187,0.62552,0.54605,0.4835751849521242,0.4191832762166364,0.36272,0.29285735132003027,0.22851586967942533,0.1650182002804116
27-01-2026 12:55,25094.45,0.33154,0.3502,0.3889,0.44149934279526826,0.5094474645939167,0.5754387327924031,0.641244498047951,0.7068708041924459,0.77353,0.8426198452644831,0.9121893493593535,0.98176,1.0450693300880722,1.10751,1.10123,1.0298776554910547,0.957759811853909,0.88526,0.8091418492230533,0.7326989983197818,0.6557614539736256,0.57953,0.5093,0.44418,0.40057,0.36528,0.34277,0.3115
27-01-2026 13:00,25087.35,0.32893,0.36528052633764596,0.409960026400367,0.45282,0.52299,0.58998,0.66662,0.72416,0.7961143515200175,0.86777,0.94264,1.00345,1.07589,1.13114,1.11403,1.03344,0.95265,0.883421602040497,0.8135651479035882,0.74373,0.6666427568977877,0.5894874653193036,0.51132,0.45443,0.408,0.37208,0.33635003542408604,0.30072
27-01-2026 13:05,25077.3,0.37491,0.387,0.4371499677050013,0.4928571352010608,0.5544005133537808,0.61433,0.6796941326468715,0.7459648432155055,0.8126522479851255,0.87877,0.93987,1.01338,1.08612,1.1608498384430885,1.1134195964601028,1.0367945852852556,0.96104,0.883352820089077,0.80672,0.7368616529285685,0.66738,0.5856523881433298,0.50256,0.44235,0.3968377504149029,0.34786,0.30785,0.25246
27-01-2026 13:10,25078.6,0.38621,0.39523,0.43152,0.48027,0.54075,0.6185,0.6834,0.75694,0.82697,0.90538,0.98283,1.04564,1.12058,1.15819,1.12954,1.0471,0.9753138115427858,0.9038828939581911,0.8332803684284821,0.76234,0.6901808727376342,0.6168442009141831,0.5440369313747734,0.4726443085571954,0.40577,0.35911,0.30813619184839613,0.25628
27-01-2026 13:15,25088.55,0.3042416472697617,0.3694179156146318,0.44149,0.48748,0.5588341537104562,0.6307162740955122,0.70165,0.76234,0.83383,0.9103085385893481,0.9898409729721214,1.062931974178952,1.13316,1.14869,1.15813,1.07422,1.0029459375817569,0.9322,0.83392,0.77672,0.6965851581154409,0.61558,0.5421192986411284,0.46989,0.4170744441838024,0.3632007103143994,0.31260110971076155,0.26639
27-01-2026 13:20,25085.9,0.43553,0.43431,0.45449,0.49675,0.55424,0.6335300083465224,0.71032,0.780265168120609,0.8499225593656982,0.92093,1.00047,1.0453,1.0977593113724804,1.130717873978124,1.15829,1.0893929250769485,1.019129332699487,0.94771,0.8680784249045835,0.7866332819670656,0.7045730486253255,0.6217456306575031,0.5378236720664645,0.4614,0.39462,0.34872048344411555,0.3026,0.23747
27-01-2026 13:25,25098.05,0.3935621044101517,0.4235689620459277,0.46505,0.5124563053360399,0.56244,0.6395226721059335,0.71329,0.78384,0.86895,0.94142,1.0144608844244118,1.09028,1.1697,1.21001,1.1960277271095188,1.1257566228931764,1.05253,0.97691,0.89784,0.8139392007453656,0.73052,0.6451257352499062,0.5597577777957679,0.47273,0.40676,0.34945,0.30219,0.2619962201955419
27-01-2026 13:30,25112.65,0.3457047284878178,0.38375,0.43295154590025,0.48536,0.55493,0.63535,0.71437,0.79586,0.87378,0.9464461333093563,1.020109572276278,1.0923085261905237,1.16419,1.22291,1.22766,1.15967,1.08677,1.0068129208207002,0.92938,0.843406992174504,0.75914,0.68207,0.58743,0.5117,0.44197,0.39028,0.34582238686525585,0.31542491341718876
27-01-2026 13:35,25095.5,0.28249,0.3516271257280661,0.42153,0.49482,0.5772371245347832,0.65956,0.7410237304438416,0.8225371443442383,0.9034836445449604,0.98382,1.0600236440998807,1.1357771984107772,1.2107499189552713,1.28497,1.3012014287722165,1.1859421606247587,1.09508,1.00257,0.93371,0.8514656528657649,0.7691056729067236,0.68561,0.6245767643721729,0.56349,0.561195587982116,0.549434714814012,0.53098,0.59249
27-01-2026 13:40,25049.05,0.32151720367734893,0.406275828749609,0.49073,0.575527492196911,0.66038,0.74594,0.82367,0.90134,0.97221,1.06132,1.1387589203335355,1.2218314158549881,1.3066764831886528,1.3931276791527902,1.2685309300163359,1.1859882324921143,1.1009267023180733,1.013241102091182,0.92155,0.83142,0.7377575199165638,0.64204,0.55651,0.4863,0.43688890743945097,0.39112,0.36147716546917824,0.3449664595052879
27-01-2026 13:45,25044.1,0.42625,0.4657414364828397,0.51533,0.59021,0.674141984890684,0.7502517694466044,0.8270307518693646,0.9045769319659613,0.9830419328601459,1.06364,1.15186,1.2166935136097572,1.2839163661655442,1.34114,1.253584009824084,1.16817243168757,1.0821,0.9989963445902714,0.91634,0.8280892886139695,0.73498,0.6616471441063994,0.5807669431358023,0.50230600131068,0.4280963494656496,0.35232,0.30672,0.22099
27-01-2026 13:50,25054.3,0.32283975719162766,0.4071962128176064,0.49546,0.57747,0.6676005514515508,0.75746,0.85059,0.94007,1.0022,1.08021,1.1714479297103335,1.26015,1.34868,1.436761807902535,1.314,1.2329868192030253,1.15066,1.06292,0.9819,0.8798505779742136,0.77972,0.67892,0.58948,0.5241217092037167,0.45727347445411515,0.39785,0.3542091147674042,0.32195116495427223
27-01-2026 13:55,25040.65,0.308333733036832,0.41208091283418813,0.5126462062954182,0.6103744530006088,0.70442,0.7978831095067072,0.8882181099708484,0.97861,1.057365906351181,1.13671,1.2207191525340997,1.30604,1.37665,1.44131,1.3283782719999238,1.23488,1.1577020115247225,1.0723899507768135,0.99334,0.8880806777438488,0.7886969406835296,0.68166,0.5972238310454454,0.5054034847073929,0.40466,0.3571054434504173,0.29989,0.20917
27-01-2026 14:00,25042.35,0.32664,0.4114,0.50478,0.60881,0.70982,0.80406,0.8836124285968623,0.96993,1.0818,1.15066,1.22752,1.3201945251541125,1.41273,1.4984306712186566,1.3773794214765527,1.28946,1.18482,1.0946,1.01173,0.9178121883778552,0.8187982299015528,0.7187484204222883,0.6227395012710768,0.5358974675918522,0.44833,0.41858,0.3103117139233859,0.23202116099024533
27-01-2026 14:05,25010.6,0.39868,0.48123,0.5786233703447997,0.67489,0.78007,0.8758498087861164,0.9715222502937673,1.0674,1.15967,1.2444468399465212,1.3290632724263927,1.41135,1.4886235314324578,1.562060356644458,1.35802,1.2815879040445572,1.1915622564052408,1.10648,0.99522,0.89362,0.78825,0.67908,0.56582,0.47476,0.40353757444119265,0.32586,0.27633,0.12281
27-01-2026 14:10,25041.35,0.37357,0.45821,0.5624799261980116,0.6664611646474597,0.77277,0.86212,0.94634,1.05464,1.1399637529464357,1.2270174296287024,1.3131609900223546,1.40178,1.49949,1.56997,1.6555141338851906,1.4597225401192855,1.289239499558102,1.14421,1.0163,0.91977,0.8388,0.7415101740683818,0.6407135522577325,0.5399151935258779,0.4432067094833428,0.3543,0.31415,0.25836
27-01-2026 14:15,25034.25,0.3695,0.45459,0.5643344155363257,0.67166,0.7804687501790228,0.89058,0.9868372431862305,1.08509,1.19427,1.31635,1.3945349762768064,1.4830222464934844,1.5632715516970075,1.62888,1.44116,1.35926,1.2757562533652074,1.18998,1.0932496689896345,0.973206071527365,0.8503734085068875,0.7327790853008259,0.6063261352074703,0.4867971425580065,0.41642,0.3647191573091734,0.31669,0.27147
27-01-2026 14:20,25028.4,0.3833939408962273,0.48493,0.59172,0.6939646322429616,0.7962839945299313,0.89922,1.0028,1.10091,1.2037909166015774,1.3059484054685555,1.4088221475390443,1.5125380153802306,1.61732,1.720045434677385,1.48547,1.33764,1.3076,1.189752992917687,1.07166,0.9654722410443066,0.8591,0.7569567560571031,0.6540049915072477,0.5403,0.4845516573181848,0.41527786954965124,0.34854,0.28994
27-01-2026 14:25,25022.0,0.42522,0.5234314337288832,0.62323,0.7317,0.84639,0.9508813109906453,1.0580416806324047,1.1638477451991762,1.2675873698365594,1.37808,1.46805,1.55096,1.65772,1.76347,1.573963199779679,1.458564649897682,1.3430302077356342,1.22728,1.113064418309113,0.9978172718737197,0.88354,0.76492,0.64858,0.5281,0.4254712663047541,0.31839478473099386,0.21480738536390412,0.11719
27-01-2026 14:30,25040.85,0.3673886399648423,0.50066,0.62518,0.75971,0.8765377853657791,0.99624,1.1264,1.2323990241166296,1.34177,1.46343,1.5660882593380907,1.66481,1.7660258200059522,1.8626289628842962,1.57868,1.49654,1.404871439600246,1.32053,1.1946395231833122,1.07647,0.944,0.8212,0.6980232267955353,0.57136,0.45098,0.36207,0.2762305297172422,0.21403959988118865
27-01-2026 14:35,25042.95,0.47125756238379496,0.57786,0.686340250906427,0.7928611795897446,0.89905,0.9986341879368849,1.09641,1.22306,1.3631434368259954,1.50913,1.592486592189259,1.68869,1.77649,1.8546,1.6569674361767757,1.52633,1.459002484041282,1.38194,1.2450740739288615,1.12711,0.98879,0.87119,0.74329,0.60591,0.46679,0.34589534074263556,0.221655257778055,0.10484
27-01-2026 14:40,25097.55,0.33389,0.44257127045169486,0.55551,0.67826,0.78645,0.92303,1.03769,1.16763,1.2780280742260537,1.3936670984422155,1.5071137759392994,1.618135549134022,1.72634582000615,1.83068,1.7994,1.6687,1.5567563799784052,1.44333370470209,1.33685,1.198484060648262,1.0663133049919027,0.93888,0.84334,0.69108,0.5516200942454361,0.40992,0.31756,0.17531621146552928
27-01-2026 14:45,25108.1,0.37525,0.4704988571955089,0.5835770790139958,0.68849,0.8273,0.9712223600059273,1.11692,1.23827,1.32278,1.48454,1.58344,1.71158,1.8339118944025352,1.954191161652417,1.91042,1.7861057602703307,1.660709970813458,1.53578,1.406445366587506,1.27885,1.15422,1.00505,0.8636057353271962,0.7203347247292482,0.5792470920629463,0.44248930785403096,0.30565,0.20319
27-01-2026 14:50,25122.3,0.22080032706791242,0.39892889808634313,0.55658,0.70672,0.8295252854497777,0.9529,1.0843689147915239,1.215691609514467,1.34638,1.48257,1.61719,1.79522,1.88216,1.94677,2.0199915840126352,1.89989,1.7693501221120713,1.6384793733860357,1.5078686669621555,1.37749,1.24586,1.08792,0.94426,0.78047,0.6246127373639898,0.47032,0.30648074958897714,0.14296695588522726
27-01-2026 14:55,25143.55,0.35345,0.38729,0.52999,0.6828522858996118,0.82563,1.0072,1.1500353369636016,1.280079878418173,1.4096291437375332,1.5373378836226315,1.6658123476598845,1.7779,1.8643926953055583,1.94457,2.3240569255819583,2.1720135174038306,2.019052981818788,1.86546,1.7129867430530061,1.55776,1.38835,1.2374326002720333,1.08865,0.90835,0.737255657938477,0.567278035072496,0.39964,0.2228833713491271
27-01-2026 15:00,25118.0,0.22867,0.42577,0.5905088788315491,0.76229,0.9119424422362452,1.07719,1.24115,1.40258,1.5280262369117605,1.66008,1.71452,2.02809,2.0811168891518546,2.13811,2.27781,2.11407,1.9501,1.8347491216512102,1.72376,1.54954,1.37437,1.19798,1.01998,0.8522179518084009,0.6842006916308085,0.51939,0.3593250304007203,0.20415847950483826
27-01-2026 15:05,25134.65,0.20763,0.42034,0.580262589222594,0.74767,0.9253622173182168,1.10655,1.2084,1.4066700798425391,1.62229,1.78968,1.85084,2.007479560562232,2.16189,2.31529,2.60916,2.34411,2.1815722689466037,2.014912446847342,1.849891663881657,1.68275,1.44213,1.284232827319916,1.11695,0.95237,0.7695772969147099,0.5953517325081907,0.4230337094187089,0.2517147237402001
27-01-2026 15:10,25154.95,0.16803,0.40029156295864377,0.6094697770365447,0.82645,0.9741340804276968,1.12661,1.3506768859074234,1.58429,1.7590538880589586,1.96159,2.03204,2.192562581590244,2.361185414911035,2.55189,2.874443772746153,2.6756408603315545,2.4745784669915927,2.271616947826895,2.0661451283608105,1.85502,1.65228,1.44843,1.2431,0.97402,0.82574,0.6163782604386823,0.40968,0.17324
27-01-2026 15:15,25174.85,0.19587997939241997,0.42629,0.616897748110057,0.81392,1.078119391159702,1.33488,1.47205,1.7105288847715499,1.9549873855591378,2.22048,2.3822929022464754,2.5724174475422017,2.750527555023286,2.90515,2.9659697220667613,2.95157,2.88296,2.638360868596701,2.4194,2.06703,1.8519315848433124,1.62086,1.39592,1.16917,0.9357488519381968,0.7036167454907065,0.47068129921756835,0.23712
27-01-2026 15:20,25198.1,0.0168,0.3093567456095444,0.6054286415907363,0.904616667255785,1.20671,1.5245213682515815,1.84647,2.00071,2.3265241720218945,2.6557,2.76165,3.0589123550743795,3.288263685226141,3.5023761475980155,3.948923224869503,3.6774599341943355,3.40433,3.13418,2.86358,2.590476902404393,2.318176918088277,2.0454380048933536,1.77218,1.4953,1.2255946019323438,0.9552342899792382,0.68798,0.4159659838857279
27-01-2026 15:25,25242.4,0.03726,0.4011602226003774,0.770555894255604,1.13908,1.5277694527817394,1.91634,2.29252,2.66246,3.02705,3.385479367067756,3.74259,4.094483752918287,4.442397776669664,4.786465165962797,5.795812208457051,5.38476,4.97453,4.59339,4.212132647328291,3.82927,3.44575,3.06078,2.6739,2.2815557351357967,1.89151,1.490722926682564,1.08871,0.6816985628949157
