id,value
07-01-2026 09:15||NIFTY27JAN2624100PE,0.1636367031797336
07-01-2026 09:15||NIFTY27JAN2624200PE,0.15796744922437383
07-01-2026 09:15||NIFTY27JAN2625500CE,0.11379500911500712
07-01-2026 09:15||NIFTY27JAN2625700CE,0.10650688248612922
07-01-2026 09:15||NIFTY27JAN2625800CE,0.10276474657150285
07-01-2026 09:15||NIFTY27JAN2625900CE,0.09918983974524413
07-01-2026 09:15||NIFTY27JAN2626300CE,0.09052970989823686
07-01-2026 09:20||NIFTY27JAN2623800PE,0.18035948323975334
07-01-2026 09:20||NIFTY27JAN2624000PE,0.1700541799900422
07-01-2026 09:20||NIFTY27JAN2624200PE,0.15961692142665687
07-01-2026 09:20||NIFTY27JAN2624800PE,0.12821936657792288
07-01-2026 09:20||NIFTY27JAN2625000PE,0.11855977984570978
07-01-2026 09:20||NIFTY27JAN2625300CE,0.10206779500832357
07-01-2026 09:20||NIFTY27JAN2625400CE,0.10876400060822305
07-01-2026 09:20||NIFTY27JAN2625700CE,0.10605967955905368
07-01-2026 09:20||NIFTY27JAN2625800CE,0.10364098990184845
07-01-2026 09:20||NIFTY27JAN2625900CE,0.1012299218726051
07-01-2026 09:20||NIFTY27JAN2626300CE,0.09242898202422874
07-01-2026 09:25||NIFTY27JAN2624300PE,0.15427186489413042
07-01-2026 09:25||NIFTY27JAN2624900PE,0.12362340842253108
07-01-2026 09:25||NIFTY27JAN2625100PE,0.11330190227420617
07-01-2026 09:25||NIFTY27JAN2625300CE,0.09313679171144051
07-01-2026 09:25||NIFTY27JAN2625700CE,0.09353195196085197
07-01-2026 09:25||NIFTY27JAN2625800CE,0.09147836355064198
07-01-2026 09:25||NIFTY27JAN2626100CE,0.08849713116236498
07-01-2026 09:25||NIFTY27JAN2626500CE,0.0845181007820722
07-01-2026 09:30||NIFTY27JAN2623900PE,0.17693400158561734
07-01-2026 09:30||NIFTY27JAN2624300PE,0.15276472303231053
07-01-2026 09:30||NIFTY27JAN2624900PE,0.12220040680715435
07-01-2026 09:30||NIFTY27JAN2625400CE,0.11347607841488509
07-01-2026 09:30||NIFTY27JAN2625900CE,0.10135943821286104
07-01-2026 09:30||NIFTY27JAN2626400CE,0.0885583320570539
07-01-2026 09:30||NIFTY27JAN2626500CE,0.08692073774536571
07-01-2026 09:35||NIFTY27JAN2623900PE,0.1772262258714112
07-01-2026 09:35||NIFTY27JAN2624200PE,0.1594049159455873
07-01-2026 09:35||NIFTY27JAN2624600PE,0.13751578942262677
07-01-2026 09:35||NIFTY27JAN2625100PE,0.11211814442122874
07-01-2026 09:35||NIFTY27JAN2625400CE,0.11194375943876675
07-01-2026 09:35||NIFTY27JAN2625700CE,0.10882096412286493
07-01-2026 09:35||NIFTY27JAN2625900CE,0.10232441209329966
07-01-2026 09:35||NIFTY27JAN2626100CE,0.09646133747214916
07-01-2026 09:35||NIFTY27JAN2626200CE,0.09384416242139754
07-01-2026 09:35||NIFTY27JAN2626500CE,0.08807328691889321
07-01-2026 09:40||NIFTY27JAN2625100PE,0.11370767446956664
07-01-2026 09:40||NIFTY27JAN2625600CE,0.0859719604885977
07-01-2026 09:40||NIFTY27JAN2625800CE,0.08621008749705944
07-01-2026 09:40||NIFTY27JAN2625900CE,0.08538408085277263
07-01-2026 09:40||NIFTY27JAN2626100CE,0.08402053924640786
07-01-2026 09:40||NIFTY27JAN2626200CE,0.08351382161011
07-01-2026 09:45||NIFTY27JAN2624200PE,0.15850894402480958
07-01-2026 09:45||NIFTY27JAN2625000PE,0.11583796044129158
07-01-2026 09:45||NIFTY27JAN2625200CE,0.11528660215796316
07-01-2026 09:45||NIFTY27JAN2625300CE,0.11386287061109146
07-01-2026 09:45||NIFTY27JAN2625900CE,0.10001607558050199
07-01-2026 09:45||NIFTY27JAN2626400CE,0.0878039051529938
07-01-2026 09:45||NIFTY27JAN2626500CE,0.0855355753235619
07-01-2026 09:50||NIFTY27JAN2623800PE,0.1806672792715198
07-01-2026 09:50||NIFTY27JAN2624500PE,0.14149292828114785
07-01-2026 09:50||NIFTY27JAN2624900PE,0.12101738507065354
07-01-2026 09:50||NIFTY27JAN2625200CE,0.12145748668266583
07-01-2026 09:50||NIFTY27JAN2625500CE,0.10902165730463122
07-01-2026 09:50||NIFTY27JAN2625600CE,0.10688456675904894
07-01-2026 09:50||NIFTY27JAN2626400CE,0.08686077969236541
07-01-2026 09:50||NIFTY27JAN2626500CE,0.08486649669522678
07-01-2026 09:55||NIFTY27JAN2624300PE,0.15167905339937934
07-01-2026 09:55||NIFTY27JAN2624700PE,0.1303961409703267
07-01-2026 09:55||NIFTY27JAN2624800PE,0.12541164533147686
07-01-2026 09:55||NIFTY27JAN2625000PE,0.11516959244332034
07-01-2026 09:55||NIFTY27JAN2625500CE,0.12589791863292052
07-01-2026 09:55||NIFTY27JAN2625800CE,0.11073956514611841
07-01-2026 09:55||NIFTY27JAN2625900CE,0.10762392293890441
07-01-2026 09:55||NIFTY27JAN2626500CE,0.09020648792512635
07-01-2026 10:00||NIFTY27JAN2624600PE,0.1375236294611954
07-01-2026 10:00||NIFTY27JAN2624900PE,0.122631240631314
07-01-2026 10:00||NIFTY27JAN2625000PE,0.11751503239652647
07-01-2026 10:00||NIFTY27JAN2625400CE,0.10072357928355427
07-01-2026 10:00||NIFTY27JAN2625900CE,0.09998536748940687
07-01-2026 10:00||NIFTY27JAN2626100CE,0.09520877847746806
07-01-2026 10:00||NIFTY27JAN2626500CE,0.08704050883680535
07-01-2026 10:05||NIFTY27JAN2624000PE,0.1708184735466605
07-01-2026 10:05||NIFTY27JAN2624500PE,0.14304123984828446
07-01-2026 10:05||NIFTY27JAN2624700PE,0.1328085787971906
07-01-2026 10:05||NIFTY27JAN2624900PE,0.1226313556825448
07-01-2026 10:05||NIFTY27JAN2625200CE,0.06670116649807031
07-01-2026 10:05||NIFTY27JAN2625500CE,0.1084006070817993
07-01-2026 10:05||NIFTY27JAN2626300CE,0.09408812184193187
07-01-2026 10:10||NIFTY27JAN2623800PE,0.1848476902924059
07-01-2026 10:10||NIFTY27JAN2623900PE,0.17881991893895058
07-01-2026 10:10||NIFTY27JAN2624200PE,0.16097299184448716
07-01-2026 10:10||NIFTY27JAN2625100PE,0.11337821110932422
07-01-2026 10:10||NIFTY27JAN2625300CE,0.10191796752646379
07-01-2026 10:10||NIFTY27JAN2625500CE,0.09854078452867854
07-01-2026 10:10||NIFTY27JAN2625600CE,0.0985363382715127
07-01-2026 10:10||NIFTY27JAN2625700CE,0.09830727562051056
07-01-2026 10:10||NIFTY27JAN2625800CE,0.09801618374907778
07-01-2026 10:10||NIFTY27JAN2625900CE,0.09794410790616395
07-01-2026 10:10||NIFTY27JAN2626000CE,0.0980054607321688
07-01-2026 10:15||NIFTY27JAN2623900PE,0.17868545297813904
07-01-2026 10:15||NIFTY27JAN2624700PE,0.13553867699242955
07-01-2026 10:15||NIFTY27JAN2625500CE,0.10625243724171464
07-01-2026 10:15||NIFTY27JAN2625600CE,0.10239674755323837
07-01-2026 10:15||NIFTY27JAN2625700CE,0.09798869144325575
07-01-2026 10:15||NIFTY27JAN2626100CE,0.08779149111326122
07-01-2026 10:15||NIFTY27JAN2626200CE,0.08637153175576547
07-01-2026 10:15||NIFTY27JAN2626500CE,0.08268332529309785
07-01-2026 10:20||NIFTY27JAN2624000PE,0.17223474140691375
07-01-2026 10:20||NIFTY27JAN2624200PE,0.16175363366293416
07-01-2026 10:20||NIFTY27JAN2624300PE,0.15607470410874355
07-01-2026 10:20||NIFTY27JAN2624500PE,0.1452431471879013
07-01-2026 10:20||NIFTY27JAN2625500CE,0.11661497626413966
07-01-2026 10:20||NIFTY27JAN2625600CE,0.11049510316213704
07-01-2026 10:20||NIFTY27JAN2625700CE,0.10400890261241887
07-01-2026 10:20||NIFTY27JAN2626100CE,0.09140079484315505
07-01-2026 10:20||NIFTY27JAN2626300CE,0.08789428442213992
07-01-2026 10:25||NIFTY27JAN2624000PE,0.17074375416356607
07-01-2026 10:25||NIFTY27JAN2624100PE,0.16553040660931062
07-01-2026 10:25||NIFTY27JAN2625600CE,0.0996045779681533
07-01-2026 10:25||NIFTY27JAN2625700CE,0.09631264266280051
07-01-2026 10:25||NIFTY27JAN2626100CE,0.08958453830117963
07-01-2026 10:25||NIFTY27JAN2626400CE,0.08562881599815633
07-01-2026 10:30||NIFTY27JAN2624200PE,0.1592696892656545
07-01-2026 10:30||NIFTY27JAN2624400PE,0.14785293510469646
07-01-2026 10:30||NIFTY27JAN2625100PE,0.11015813677004394
07-01-2026 10:30||NIFTY27JAN2625500CE,0.11714117695882484
07-01-2026 10:30||NIFTY27JAN2625600CE,0.11186342236028242
07-01-2026 10:30||NIFTY27JAN2625800CE,0.1025514191342306
07-01-2026 10:30||NIFTY27JAN2626000CE,0.09628953647594496
07-01-2026 10:30||NIFTY27JAN2626200CE,0.09230506712134035
07-01-2026 10:30||NIFTY27JAN2626300CE,0.0905034710829955
07-01-2026 10:30||NIFTY27JAN2626400CE,0.08876846775318131
07-01-2026 10:35||NIFTY27JAN2623800PE,0.1819792657962716
07-01-2026 10:35||NIFTY27JAN2624200PE,0.15906049378345877
07-01-2026 10:35||NIFTY27JAN2624500PE,0.14278805251151622
07-01-2026 10:35||NIFTY27JAN2624900PE,0.12161635372588642
07-01-2026 10:35||NIFTY27JAN2625000PE,0.11631986792852467
07-01-2026 10:35||NIFTY27JAN2625400CE,0.12459773748343098
07-01-2026 10:35||NIFTY27JAN2625500CE,0.11707644638240994
07-01-2026 10:35||NIFTY27JAN2626000CE,0.09634468343936259
07-01-2026 10:35||NIFTY27JAN2626100CE,0.09470156053550746
07-01-2026 10:35||NIFTY27JAN2626300CE,0.09119945322255649
07-01-2026 10:40||NIFTY27JAN2623900PE,0.17746013350862672
07-01-2026 10:40||NIFTY27JAN2624100PE,0.16590357826632718
07-01-2026 10:40||NIFTY27JAN2624900PE,0.12227534388071709
07-01-2026 10:40||NIFTY27JAN2625100PE,0.1116785713269014
07-01-2026 10:40||NIFTY27JAN2625200CE,0.1319111062550085
07-01-2026 10:40||NIFTY27JAN2625400CE,0.1170947664844423
07-01-2026 10:40||NIFTY27JAN2625600CE,0.10693018385790827
07-01-2026 10:40||NIFTY27JAN2625800CE,0.1002393105817053
07-01-2026 10:40||NIFTY27JAN2626100CE,0.09305626543966825
07-01-2026 10:40||NIFTY27JAN2626200CE,0.09109148489220605
07-01-2026 10:40||NIFTY27JAN2626300CE,0.08923422473334887
07-01-2026 10:45||NIFTY27JAN2624000PE,0.17089582234784967
07-01-2026 10:45||NIFTY27JAN2625100PE,0.11162171231263157
07-01-2026 10:45||NIFTY27JAN2625300CE,0.11893431841835123
07-01-2026 10:45||NIFTY27JAN2625800CE,0.1008990289483864
07-01-2026 10:45||NIFTY27JAN2626000CE,0.09517058744648965
07-01-2026 10:45||NIFTY27JAN2626200CE,0.09067662845210564
07-01-2026 10:45||NIFTY27JAN2626400CE,0.08725754381078804
07-01-2026 10:50||NIFTY27JAN2623900PE,0.17641461140315398
07-01-2026 10:50||NIFTY27JAN2624000PE,0.17100075405944032
07-01-2026 10:50||NIFTY27JAN2624200PE,0.15986650275108977
07-01-2026 10:50||NIFTY27JAN2625600CE,0.11515568040975499
07-01-2026 10:50||NIFTY27JAN2625800CE,0.10551330615391781
07-01-2026 10:55||NIFTY27JAN2624300PE,0.15571780420761205
07-01-2026 10:55||NIFTY27JAN2624900PE,0.12356600768930809
07-01-2026 10:55||NIFTY27JAN2625500CE,0.1032225107519521
07-01-2026 10:55||NIFTY27JAN2626500CE,0.08559897221979522
07-01-2026 11:00||NIFTY27JAN2623900PE,0.1778070563737823
07-01-2026 11:00||NIFTY27JAN2624200PE,0.1607444995017276
07-01-2026 11:00||NIFTY27JAN2625800CE,0.11146109652900762
07-01-2026 11:00||NIFTY27JAN2626500CE,0.08807977689166027
07-01-2026 11:05||NIFTY27JAN2624300PE,0.15650488405898716
07-01-2026 11:05||NIFTY27JAN2624600PE,0.14041671640794404
07-01-2026 11:05||NIFTY27JAN2624800PE,0.12992119971101146
07-01-2026 11:05||NIFTY27JAN2625200CE,0.013884591700025033
07-01-2026 11:05||NIFTY27JAN2625900CE,0.09744719281505615
07-01-2026 11:05||NIFTY27JAN2626000CE,0.09477698612219924
07-01-2026 11:05||NIFTY27JAN2626200CE,0.09027844127969425
07-01-2026 11:10||NIFTY27JAN2624400PE,0.14961968574784995
07-01-2026 11:10||NIFTY27JAN2624800PE,0.12890068893934498
07-01-2026 11:10||NIFTY27JAN2625200CE,0.11140190896865987
07-01-2026 11:10||NIFTY27JAN2625500CE,0.11016440123260975
07-01-2026 11:10||NIFTY27JAN2625700CE,0.10064446403399577
07-01-2026 11:10||NIFTY27JAN2625900CE,0.09517004189035616
07-01-2026 11:10||NIFTY27JAN2626100CE,0.09089761242051175
07-01-2026 11:10||NIFTY27JAN2626300CE,0.08709542878435075
07-01-2026 11:15||NIFTY27JAN2624000PE,0.17103704158948413
07-01-2026 11:15||NIFTY27JAN2624400PE,0.14903852632105188
07-01-2026 11:15||NIFTY27JAN2624800PE,0.12704087029511135
07-01-2026 11:15||NIFTY27JAN2624900PE,0.12166911732243164
07-01-2026 11:15||NIFTY27JAN2625000PE,0.1163810205916998
07-01-2026 11:15||NIFTY27JAN2625400CE,0.12132503292587624
07-01-2026 11:15||NIFTY27JAN2626100CE,0.09559330864046323
07-01-2026 11:15||NIFTY27JAN2626300CE,0.09112167272482087
07-01-2026 11:20||NIFTY27JAN2623800PE,0.18221618104532614
07-01-2026 11:20||NIFTY27JAN2624200PE,0.1599418073177809
07-01-2026 11:20||NIFTY27JAN2624800PE,0.12723241597883017
07-01-2026 11:20||NIFTY27JAN2624900PE,0.12201359037268589
07-01-2026 11:20||NIFTY27JAN2625300CE,0.12158668052891089
07-01-2026 11:20||NIFTY27JAN2625400CE,0.11362353002205677
07-01-2026 11:20||NIFTY27JAN2625700CE,0.10253951301388084
07-01-2026 11:20||NIFTY27JAN2625800CE,0.09916676982161232
07-01-2026 11:20||NIFTY27JAN2626000CE,0.09377597525670378
07-01-2026 11:25||NIFTY27JAN2623800PE,0.18140088386868558
07-01-2026 11:25||NIFTY27JAN2624400PE,0.14813937235956684
07-01-2026 11:25||NIFTY27JAN2624500PE,0.14273866341657954
07-01-2026 11:25||NIFTY27JAN2624800PE,0.126570864934122
07-01-2026 11:25||NIFTY27JAN2625300CE,0.1370246006274987
07-01-2026 11:25||NIFTY27JAN2625700CE,0.10857041737598913
07-01-2026 11:25||NIFTY27JAN2625800CE,0.10469691445294244
07-01-2026 11:25||NIFTY27JAN2625900CE,0.10123524179280147
07-01-2026 11:25||NIFTY27JAN2626000CE,0.09806664894682787
07-01-2026 11:25||NIFTY27JAN2626200CE,0.09237819316556453
07-01-2026 11:25||NIFTY27JAN2626400CE,0.08784132735133093
07-01-2026 11:30||NIFTY27JAN2624300PE,0.15409304175623106
07-01-2026 11:30||NIFTY27JAN2624400PE,0.14870469718403723
07-01-2026 11:30||NIFTY27JAN2624700PE,0.13211507081189588
07-01-2026 11:35||NIFTY27JAN2623800PE,0.1827959987947156
07-01-2026 11:35||NIFTY27JAN2624200PE,0.1608510694139804
07-01-2026 11:35||NIFTY27JAN2624900PE,0.12250170001933068
07-01-2026 11:35||NIFTY27JAN2625100PE,0.11184835930144586
07-01-2026 11:35||NIFTY27JAN2626300CE,0.08706146422943067
07-01-2026 11:35||NIFTY27JAN2626400CE,0.08539045206411874
07-01-2026 11:40||NIFTY27JAN2624000PE,0.17098672013010363
07-01-2026 11:40||NIFTY27JAN2624400PE,0.14859006989367415
07-01-2026 11:40||NIFTY27JAN2624500PE,0.14313830639584896
07-01-2026 11:40||NIFTY27JAN2625200CE,0.13154113904404685
07-01-2026 11:40||NIFTY27JAN2625600CE,0.1127409532580732
07-01-2026 11:40||NIFTY27JAN2625900CE,0.10152986566061631
07-01-2026 11:40||NIFTY27JAN2626300CE,0.08938900825476742
07-01-2026 11:45||NIFTY27JAN2624000PE,0.17035765343793957
07-01-2026 11:45||NIFTY27JAN2625000PE,0.11578472318792947
07-01-2026 11:45||NIFTY27JAN2625100PE,0.11042385825741839
07-01-2026 11:45||NIFTY27JAN2625200CE,0.13693590132343525
07-01-2026 11:45||NIFTY27JAN2625400CE,0.1235744366680799
07-01-2026 11:45||NIFTY27JAN2625500CE,0.1176699702124849
07-01-2026 11:45||NIFTY27JAN2625600CE,0.11243609090330439
07-01-2026 11:45||NIFTY27JAN2626100CE,0.09533587272069793
07-01-2026 11:45||NIFTY27JAN2626400CE,0.08857615766974622
07-01-2026 11:50||NIFTY27JAN2624000PE,0.17025958058870236
07-01-2026 11:50||NIFTY27JAN2624600PE,0.13716489376055588
07-01-2026 11:50||NIFTY27JAN2625200CE,0.1373466035278626
07-01-2026 11:50||NIFTY27JAN2625700CE,0.10449565519292921
07-01-2026 11:50||NIFTY27JAN2626400CE,0.08554082847186853
07-01-2026 11:55||NIFTY27JAN2623900PE,0.17570286738346147
07-01-2026 11:55||NIFTY27JAN2624100PE,0.16418936900030856
07-01-2026 11:55||NIFTY27JAN2624900PE,0.12087588200598641
07-01-2026 11:55||NIFTY27JAN2625000PE,0.11570358932396409
07-01-2026 11:55||NIFTY27JAN2625200CE,0.15111504593766495
07-01-2026 11:55||NIFTY27JAN2625400CE,0.12336928952131221
07-01-2026 11:55||NIFTY27JAN2625600CE,0.10881185722190115
07-01-2026 11:55||NIFTY27JAN2625800CE,0.1005906004558044
07-01-2026 11:55||NIFTY27JAN2626100CE,0.09338631066840707
07-01-2026 11:55||NIFTY27JAN2626300CE,0.08908156346552878
07-01-2026 11:55||NIFTY27JAN2626500CE,0.08608047266589659
07-01-2026 12:00||NIFTY27JAN2624300PE,0.15231900345350657
07-01-2026 12:00||NIFTY27JAN2624500PE,0.14128958575093847
07-01-2026 12:00||NIFTY27JAN2625500CE,0.11772959968277855
07-01-2026 12:00||NIFTY27JAN2625600CE,0.11174768224681375
07-01-2026 12:00||NIFTY27JAN2626100CE,0.09322312108962502
07-01-2026 12:00||NIFTY27JAN2626300CE,0.08912206809075565
07-01-2026 12:00||NIFTY27JAN2626400CE,0.08739175137214175
07-01-2026 12:05||NIFTY27JAN2624200PE,0.1577188428943142
07-01-2026 12:05||NIFTY27JAN2624300PE,0.15194816956440163
07-01-2026 12:05||NIFTY27JAN2624800PE,0.12518650878076337
07-01-2026 12:05||NIFTY27JAN2625300CE,0.14640546970034202
07-01-2026 12:05||NIFTY27JAN2625900CE,0.10163686269338482
07-01-2026 12:05||NIFTY27JAN2626000CE,0.09835466893173327
07-01-2026 12:05||NIFTY27JAN2626300CE,0.09078535300760662
07-01-2026 12:05||NIFTY27JAN2626400CE,0.08895076761318843
07-01-2026 12:10||NIFTY27JAN2623800PE,0.17962692760756946
07-01-2026 12:10||NIFTY27JAN2624000PE,0.16829998077412628
07-01-2026 12:10||NIFTY27JAN2624100PE,0.16272059023528945
07-01-2026 12:10||NIFTY27JAN2624200PE,0.15712467211358935
07-01-2026 12:10||NIFTY27JAN2625200CE,0.1581729873833838
07-01-2026 12:10||NIFTY27JAN2625600CE,0.11667385061848379
07-01-2026 12:10||NIFTY27JAN2626500CE,0.08778027332006781
07-01-2026 12:15||NIFTY27JAN2624000PE,0.16848245475962942
07-01-2026 12:15||NIFTY27JAN2624200PE,0.15741161077161892
07-01-2026 12:15||NIFTY27JAN2624300PE,0.15163624619765198
07-01-2026 12:15||NIFTY27JAN2625000PE,0.11460740787548061
07-01-2026 12:15||NIFTY27JAN2625100PE,0.10944467826442755
07-01-2026 12:15||NIFTY27JAN2625300CE,0.14872669968286584
07-01-2026 12:15||NIFTY27JAN2625500CE,0.12409030151692783
07-01-2026 12:15||NIFTY27JAN2625600CE,0.11735172344586434
07-01-2026 12:15||NIFTY27JAN2625900CE,0.10079031102457577
07-01-2026 12:20||NIFTY27JAN2624000PE,0.16834865859960943
07-01-2026 12:20||NIFTY27JAN2624400PE,0.14583779458821344
07-01-2026 12:20||NIFTY27JAN2625100PE,0.11014910481734176
07-01-2026 12:20||NIFTY27JAN2625800CE,0.10854366957618336
07-01-2026 12:20||NIFTY27JAN2626100CE,0.09665817748324768
07-01-2026 12:25||NIFTY27JAN2624400PE,0.1461168867576239
07-01-2026 12:25||NIFTY27JAN2624600PE,0.13589021489098357
07-01-2026 12:25||NIFTY27JAN2624700PE,0.13084692280538662
07-01-2026 12:25||NIFTY27JAN2625300CE,0.13601550013781905
07-01-2026 12:25||NIFTY27JAN2626000CE,0.09708937885626348
07-01-2026 12:25||NIFTY27JAN2626300CE,0.09039052450836554
07-01-2026 12:30||NIFTY27JAN2623800PE,0.17939387545815796
07-01-2026 12:30||NIFTY27JAN2624000PE,0.16832058222945845
07-01-2026 12:30||NIFTY27JAN2624100PE,0.16275621906804844
07-01-2026 12:30||NIFTY27JAN2624500PE,0.14157034020961334
07-01-2026 12:30||NIFTY27JAN2624600PE,0.136060702028724
07-01-2026 12:30||NIFTY27JAN2625200CE,0.13603729309795398
07-01-2026 12:30||NIFTY27JAN2625800CE,0.10647639498212669
07-01-2026 12:30||NIFTY27JAN2625900CE,0.10282567049279509
07-01-2026 12:30||NIFTY27JAN2626300CE,0.0917423928422633
07-01-2026 12:35||NIFTY27JAN2624400PE,0.1466999997805643
07-01-2026 12:35||NIFTY27JAN2625100PE,0.11002191864614927
07-01-2026 12:35||NIFTY27JAN2625300CE,0.13064159167724088
07-01-2026 12:35||NIFTY27JAN2625400CE,0.12316695224320248
07-01-2026 12:35||NIFTY27JAN2626100CE,0.09621987488790965
07-01-2026 12:35||NIFTY27JAN2626300CE,0.09131454697544822
07-01-2026 12:35||NIFTY27JAN2626500CE,0.0871179077109549
07-01-2026 12:40||NIFTY27JAN2625100PE,0.11103437265552928
07-01-2026 12:40||NIFTY27JAN2625400CE,0.11183366223774532
07-01-2026 12:40||NIFTY27JAN2625700CE,0.09946830932036124
07-01-2026 12:40||NIFTY27JAN2625800CE,0.09585759455110623
07-01-2026 12:40||NIFTY27JAN2626500CE,0.08403941320544216
07-01-2026 12:45||NIFTY27JAN2623800PE,0.1773255493668436
07-01-2026 12:45||NIFTY27JAN2624000PE,0.16637686975934385
07-01-2026 12:45||NIFTY27JAN2624200PE,0.155599571064454
07-01-2026 12:45||NIFTY27JAN2624400PE,0.14492768514416926
07-01-2026 12:45||NIFTY27JAN2624900PE,0.11950750053894071
07-01-2026 12:45||NIFTY27JAN2625000PE,0.11451089922224589
07-01-2026 12:45||NIFTY27JAN2625800CE,0.10273153622354186
07-01-2026 12:45||NIFTY27JAN2626200CE,0.09129034838938614
07-01-2026 12:45||NIFTY27JAN2626400CE,0.08779016576086048
07-01-2026 12:50||NIFTY27JAN2624000PE,0.16729273085837137
07-01-2026 12:50||NIFTY27JAN2624400PE,0.14552256497451505
07-01-2026 12:50||NIFTY27JAN2624500PE,0.13987837665704092
07-01-2026 12:50||NIFTY27JAN2624700PE,0.12926483734491623
07-01-2026 12:50||NIFTY27JAN2625100PE,0.10853799614582113
07-01-2026 12:50||NIFTY27JAN2626300CE,0.0907981205673648
07-01-2026 12:55||NIFTY27JAN2623800PE,0.17879769974264575
07-01-2026 12:55||NIFTY27JAN2623900PE,0.17320163376904277
07-01-2026 12:55||NIFTY27JAN2624900PE,0.11909822394402783
07-01-2026 12:55||NIFTY27JAN2625100PE,0.10872606986594249
07-01-2026 12:55||NIFTY27JAN2625200CE,0.13025993572913802
07-01-2026 12:55||NIFTY27JAN2625300CE,0.12699552525629948
07-01-2026 12:55||NIFTY27JAN2626400CE,0.08883750377714322
07-01-2026 13:00||NIFTY27JAN2624000PE,0.1685335935755003
07-01-2026 13:00||NIFTY27JAN2624400PE,0.14581751419435818
07-01-2026 13:00||NIFTY27JAN2624600PE,0.13492579589315928
07-01-2026 13:00||NIFTY27JAN2625300CE,0.1283135063747115
07-01-2026 13:00||NIFTY27JAN2625800CE,0.10569520282098899
07-01-2026 13:05||NIFTY27JAN2623900PE,0.17417244156705902
07-01-2026 13:05||NIFTY27JAN2624100PE,0.16297581594085742
07-01-2026 13:05||NIFTY27JAN2624700PE,0.12995892206667387
07-01-2026 13:05||NIFTY27JAN2625200CE,0.1215023817557147
07-01-2026 13:05||NIFTY27JAN2625400CE,0.11695763171929834
07-01-2026 13:05||NIFTY27JAN2625700CE,0.10715057180880824
07-01-2026 13:05||NIFTY27JAN2626000CE,0.09726697118755828
07-01-2026 13:05||NIFTY27JAN2626100CE,0.09440988710114717
07-01-2026 13:10||NIFTY27JAN2624400PE,0.146275091011217
07-01-2026 13:10||NIFTY27JAN2624700PE,0.13038939676183603
07-01-2026 13:10||NIFTY27JAN2625400CE,0.11352258174789115
07-01-2026 13:10||NIFTY27JAN2625500CE,0.11026440306706786
07-01-2026 13:10||NIFTY27JAN2625600CE,0.1073663591074836
07-01-2026 13:10||NIFTY27JAN2625900CE,0.09784859809658679
07-01-2026 13:10||NIFTY27JAN2626100CE,0.092559483404489
07-01-2026 13:10||NIFTY27JAN2626400CE,0.08684402948516781
07-01-2026 13:15||NIFTY27JAN2624000PE,0.16829061258854838
07-01-2026 13:15||NIFTY27JAN2624600PE,0.13501201753113118
07-01-2026 13:15||NIFTY27JAN2625400CE,0.1177738434431804
07-01-2026 13:15||NIFTY27JAN2625500CE,0.11427403462746287
07-01-2026 13:15||NIFTY27JAN2625600CE,0.11071957937433669
07-01-2026 13:15||NIFTY27JAN2625700CE,0.10724127442512288
07-01-2026 13:15||NIFTY27JAN2625800CE,0.10363306484207717
07-01-2026 13:15||NIFTY27JAN2626400CE,0.08795515306415141
07-01-2026 13:20||NIFTY27JAN2623800PE,0.1782599033506875
07-01-2026 13:20||NIFTY27JAN2624000PE,0.16768082469535028
07-01-2026 13:20||NIFTY27JAN2624300PE,0.15082747555568993
07-01-2026 13:20||NIFTY27JAN2624500PE,0.14018830374411656
07-01-2026 13:20||NIFTY27JAN2624800PE,0.1247265537423573
07-01-2026 13:20||NIFTY27JAN2624900PE,0.1196141840462692
07-01-2026 13:20||NIFTY27JAN2625000PE,0.11448676483439185
07-01-2026 13:20||NIFTY27JAN2626200CE,0.08913286035485185
07-01-2026 13:20||NIFTY27JAN2626300CE,0.08751773543165321
07-01-2026 13:25||NIFTY27JAN2624200PE,0.155476391391227
07-01-2026 13:25||NIFTY27JAN2624600PE,0.13348917069941957
07-01-2026 13:25||NIFTY27JAN2624700PE,0.12822190433865022
07-01-2026 13:25||NIFTY27JAN2624900PE,0.11789206044971107
07-01-2026 13:25||NIFTY27JAN2625100PE,0.10794594465747512
07-01-2026 13:25||NIFTY27JAN2625400CE,0.12610258503227093
07-01-2026 13:25||NIFTY27JAN2626300CE,0.08792715895684484
07-01-2026 13:25||NIFTY27JAN2626400CE,0.08553395431208391
07-01-2026 13:25||NIFTY27JAN2626500CE,0.08320671655220716
07-01-2026 13:30||NIFTY27JAN2624000PE,0.16625807533439974
07-01-2026 13:30||NIFTY27JAN2624400PE,0.14421680346539145
07-01-2026 13:30||NIFTY27JAN2624600PE,0.1331139372470938
07-01-2026 13:30||NIFTY27JAN2624900PE,0.11764423061681319
07-01-2026 13:30||NIFTY27JAN2625300CE,0.13805074933350076
07-01-2026 13:30||NIFTY27JAN2625700CE,0.11124155327731475
07-01-2026 13:30||NIFTY27JAN2625800CE,0.10664402100315123
07-01-2026 13:30||NIFTY27JAN2626000CE,0.0987246452154754
07-01-2026 13:30||NIFTY27JAN2626500CE,0.084760280894735
07-01-2026 13:35||NIFTY27JAN2623900PE,0.17271440971504734
07-01-2026 13:35||NIFTY27JAN2624200PE,0.15561355042313008
07-01-2026 13:35||NIFTY27JAN2624300PE,0.1501333871248133
07-01-2026 13:35||NIFTY27JAN2625100PE,0.10724451349016523
07-01-2026 13:35||NIFTY27JAN2625200CE,0.17238319302689098
07-01-2026 13:35||NIFTY27JAN2625300CE,0.15062184089148245
07-01-2026 13:40||NIFTY27JAN2623900PE,0.17253878725689428
07-01-2026 13:40||NIFTY27JAN2624300PE,0.1497761058518562
07-01-2026 13:40||NIFTY27JAN2625000PE,0.11266916002630814
07-01-2026 13:40||NIFTY27JAN2625700CE,0.10958676175879695
07-01-2026 13:40||NIFTY27JAN2626100CE,0.09509535880344844
07-01-2026 13:45||NIFTY27JAN2623800PE,0.17796334163108485
07-01-2026 13:45||NIFTY27JAN2623900PE,0.17225104396629368
07-01-2026 13:45||NIFTY27JAN2624200PE,0.15526348761742578
07-01-2026 13:45||NIFTY27JAN2624600PE,0.1329808464724176
07-01-2026 13:45||NIFTY27JAN2624800PE,0.12240582901873218
07-01-2026 13:45||NIFTY27JAN2625200CE,0.14514508924554395
07-01-2026 13:45||NIFTY27JAN2625400CE,0.13103808748096404
07-01-2026 13:50||NIFTY27JAN2623800PE,0.17921979147288047
07-01-2026 13:50||NIFTY27JAN2623900PE,0.173082642938825
07-01-2026 13:50||NIFTY27JAN2624100PE,0.1612650328350188
07-01-2026 13:50||NIFTY27JAN2624300PE,0.14957169175750124
07-01-2026 13:55||NIFTY27JAN2624000PE,0.16590093175810494
07-01-2026 13:55||NIFTY27JAN2624400PE,0.14432942795414516
07-01-2026 13:55||NIFTY27JAN2625000PE,0.11251018926181558
07-01-2026 13:55||NIFTY27JAN2625100PE,0.10731416472296923
07-01-2026 13:55||NIFTY27JAN2625300CE,0.13323957895376698
07-01-2026 13:55||NIFTY27JAN2625600CE,0.11908525968478288
07-01-2026 13:55||NIFTY27JAN2625800CE,0.10964151208561339
07-01-2026 13:55||NIFTY27JAN2625900CE,0.10515521984896359
07-01-2026 13:55||NIFTY27JAN2626000CE,0.10100146945077582
07-01-2026 13:55||NIFTY27JAN2626400CE,0.08906835379715311
07-01-2026 14:00||NIFTY27JAN2623800PE,0.17788572866008265
07-01-2026 14:00||NIFTY27JAN2623900PE,0.1722838598165758
07-01-2026 14:00||NIFTY27JAN2624500PE,0.13936942114679013
07-01-2026 14:00||NIFTY27JAN2624700PE,0.12876458620895653
07-01-2026 14:00||NIFTY27JAN2625400CE,0.12138302287779121
07-01-2026 14:00||NIFTY27JAN2625500CE,0.11506264091611076
07-01-2026 14:00||NIFTY27JAN2625900CE,0.10270055057950014
07-01-2026 14:00||NIFTY27JAN2626200CE,0.09313503612003726
07-01-2026 14:05||NIFTY27JAN2624000PE,0.16690118028950718
07-01-2026 14:05||NIFTY27JAN2624200PE,0.15674673933786148
07-01-2026 14:05||NIFTY27JAN2624300PE,0.1511452998398941
07-01-2026 14:05||NIFTY27JAN2624400PE,0.14543809961221565
07-01-2026 14:05||NIFTY27JAN2624500PE,0.13979560336514335
07-01-2026 14:05||NIFTY27JAN2625500CE,0.11011507962199579
07-01-2026 14:05||NIFTY27JAN2625900CE,0.0997779826261597
07-01-2026 14:05||NIFTY27JAN2626000CE,0.09686502701941141
07-01-2026 14:05||NIFTY27JAN2626100CE,0.09418696435002011
07-01-2026 14:05||NIFTY27JAN2626300CE,0.08933033118800715
07-01-2026 14:10||NIFTY27JAN2623800PE,0.17738407476891796
07-01-2026 14:10||NIFTY27JAN2624000PE,0.16744180893488567
07-01-2026 14:10||NIFTY27JAN2624700PE,0.1296349190438142
07-01-2026 14:10||NIFTY27JAN2625100PE,0.1087922144932083
07-01-2026 14:10||NIFTY27JAN2626100CE,0.09262514116468573
07-01-2026 14:10||NIFTY27JAN2626200CE,0.090193934942596
07-01-2026 14:10||NIFTY27JAN2626400CE,0.08636896275506997
07-01-2026 14:15||NIFTY27JAN2623800PE,0.18019790828619728
07-01-2026 14:15||NIFTY27JAN2623900PE,0.1738572283249139
07-01-2026 14:15||NIFTY27JAN2625200CE,0.12534139989284318
07-01-2026 14:15||NIFTY27JAN2625600CE,0.10740944787686928
07-01-2026 14:15||NIFTY27JAN2625900CE,0.09578063792901195
07-01-2026 14:15||NIFTY27JAN2626000CE,0.09342836947112476
07-01-2026 14:15||NIFTY27JAN2626200CE,0.08931295678034562
07-01-2026 14:20||NIFTY27JAN2623800PE,0.17731145162827816
07-01-2026 14:20||NIFTY27JAN2624500PE,0.13959715496901218
07-01-2026 14:20||NIFTY27JAN2625400CE,0.12013963010308598
07-01-2026 14:20||NIFTY27JAN2625700CE,0.10527568707715355
07-01-2026 14:20||NIFTY27JAN2626000CE,0.09430325350121732
07-01-2026 14:20||NIFTY27JAN2626300CE,0.08829918583069364
07-01-2026 14:20||NIFTY27JAN2626400CE,0.08669695457638366
07-01-2026 14:25||NIFTY27JAN2623900PE,0.17284406478050196
07-01-2026 14:25||NIFTY27JAN2625400CE,0.1215744593359927
07-01-2026 14:25||NIFTY27JAN2625500CE,0.11677759520395016
07-01-2026 14:25||NIFTY27JAN2625700CE,0.10707361737573848
07-01-2026 14:25||NIFTY27JAN2625900CE,0.09969864265828579
07-01-2026 14:25||NIFTY27JAN2626300CE,0.08942270784094253
07-01-2026 14:30||NIFTY27JAN2624500PE,0.1404280484294347
07-01-2026 14:30||NIFTY27JAN2624800PE,0.1237802344062073
07-01-2026 14:30||NIFTY27JAN2624900PE,0.11858091243346346
07-01-2026 14:30||NIFTY27JAN2625100PE,0.10829275267191622
07-01-2026 14:30||NIFTY27JAN2625300CE,0.11538981643242793
07-01-2026 14:30||NIFTY27JAN2626100CE,0.09009265267196642
07-01-2026 14:30||NIFTY27JAN2626300CE,0.08535417248634808
07-01-2026 14:30||NIFTY27JAN2626400CE,0.08308980075906142
07-01-2026 14:30||NIFTY27JAN2626500CE,0.08078032021817633
07-01-2026 14:35||NIFTY27JAN2623900PE,0.17248316761595905
07-01-2026 14:35||NIFTY27JAN2624000PE,0.16749333716201986
07-01-2026 14:35||NIFTY27JAN2624100PE,0.16218333474082963
07-01-2026 14:35||NIFTY27JAN2624400PE,0.14501454154281224
07-01-2026 14:35||NIFTY27JAN2624500PE,0.13966328719981597
07-01-2026 14:35||NIFTY27JAN2624700PE,0.12913016878636258
07-01-2026 14:35||NIFTY27JAN2625000PE,0.11304315325179382
07-01-2026 14:35||NIFTY27JAN2626000CE,0.097863917225671
07-01-2026 14:35||NIFTY27JAN2626400CE,0.08854906676023597
07-01-2026 14:35||NIFTY27JAN2626500CE,0.08698646663584382
07-01-2026 14:40||NIFTY27JAN2623800PE,0.17863620312611608
07-01-2026 14:40||NIFTY27JAN2624100PE,0.1629967718969968
07-01-2026 14:40||NIFTY27JAN2624600PE,0.13490921216280474
07-01-2026 14:40||NIFTY27JAN2624900PE,0.11866429384626889
07-01-2026 14:40||NIFTY27JAN2625100PE,0.10763097205911311
07-01-2026 14:40||NIFTY27JAN2625400CE,0.11641910795632968
07-01-2026 14:40||NIFTY27JAN2625500CE,0.11211619044217012
07-01-2026 14:40||NIFTY27JAN2626200CE,0.09250873026651593
07-01-2026 14:45||NIFTY27JAN2623800PE,0.17908005051719295
07-01-2026 14:45||NIFTY27JAN2624000PE,0.1687124316624956
07-01-2026 14:45||NIFTY27JAN2624200PE,0.15773115484504246
07-01-2026 14:45||NIFTY27JAN2624500PE,0.14100860420173028
07-01-2026 14:45||NIFTY27JAN2624600PE,0.1354979688487328
07-01-2026 14:45||NIFTY27JAN2624900PE,0.11952056231842689
07-01-2026 14:45||NIFTY27JAN2625300CE,0.12183524809074858
07-01-2026 14:50||NIFTY27JAN2623900PE,0.17250373993703016
07-01-2026 14:50||NIFTY27JAN2624200PE,0.1572340371288397
07-01-2026 14:50||NIFTY27JAN2624900PE,0.11865301346782352
07-01-2026 14:50||NIFTY27JAN2625600CE,0.11770732975954476
07-01-2026 14:50||NIFTY27JAN2625700CE,0.1126635953304253
07-01-2026 14:50||NIFTY27JAN2626400CE,0.08675822741453318
07-01-2026 14:50||NIFTY27JAN2626500CE,0.0839397725672603
07-01-2026 14:55||NIFTY27JAN2624100PE,0.1641305683417813
07-01-2026 14:55||NIFTY27JAN2624300PE,0.15296298815503503
07-01-2026 14:55||NIFTY27JAN2624400PE,0.1469729645775043
07-01-2026 14:55||NIFTY27JAN2624500PE,0.14099035633477747
07-01-2026 14:55||NIFTY27JAN2624600PE,0.13508050690412501
07-01-2026 14:55||NIFTY27JAN2625900CE,0.09859905978520023
07-01-2026 14:55||NIFTY27JAN2626300CE,0.08840656688138138
07-01-2026 15:00||NIFTY27JAN2623900PE,0.17387348997232638
07-01-2026 15:00||NIFTY27JAN2624200PE,0.15933080065815108
07-01-2026 15:00||NIFTY27JAN2624800PE,0.12549579820365292
07-01-2026 15:00||NIFTY27JAN2625100PE,0.10998468835577926
07-01-2026 15:00||NIFTY27JAN2625400CE,0.11537531230332138
07-01-2026 15:00||NIFTY27JAN2625700CE,0.10120361761796702
07-01-2026 15:00||NIFTY27JAN2626000CE,0.09279691660309805
07-01-2026 15:00||NIFTY27JAN2626100CE,0.090821597342478
07-01-2026 15:00||NIFTY27JAN2626400CE,0.08573441872204947
07-01-2026 15:05||NIFTY27JAN2624200PE,0.15876281265115333
07-01-2026 15:05||NIFTY27JAN2624500PE,0.1421393451417345
07-01-2026 15:05||NIFTY27JAN2624900PE,0.12073092182896816
07-01-2026 15:05||NIFTY27JAN2625400CE,0.11003585161953794
07-01-2026 15:05||NIFTY27JAN2626000CE,0.09228862228209991
07-01-2026 15:05||NIFTY27JAN2626300CE,0.08689223635678532
07-01-2026 15:05||NIFTY27JAN2626400CE,0.08603521518277094
07-01-2026 15:05||NIFTY27JAN2626500CE,0.08553354912919965
07-01-2026 15:10||NIFTY27JAN2623800PE,0.17804499773830715
07-01-2026 15:10||NIFTY27JAN2624000PE,0.17009525160936712
07-01-2026 15:10||NIFTY27JAN2624400PE,0.14871092796543353
07-01-2026 15:10||NIFTY27JAN2624500PE,0.14321541256706546
07-01-2026 15:10||NIFTY27JAN2626400CE,0.08424586518571354
07-01-2026 15:10||NIFTY27JAN2626500CE,0.08218089674894634
07-01-2026 15:15||NIFTY27JAN2624200PE,0.1599904973645555
07-01-2026 15:15||NIFTY27JAN2624900PE,0.12219682014576637
07-01-2026 15:15||NIFTY27JAN2625100PE,0.11146268608745546
07-01-2026 15:15||NIFTY27JAN2625400CE,0.10459005023718435
07-01-2026 15:15||NIFTY27JAN2625600CE,0.09561813001184236
07-01-2026 15:15||NIFTY27JAN2625800CE,0.09023774747805638
07-01-2026 15:15||NIFTY27JAN2626100CE,0.08643416380013635
07-01-2026 15:15||NIFTY27JAN2626300CE,0.08399225693169535
07-01-2026 15:20||NIFTY27JAN2623800PE,0.18070698437868457
07-01-2026 15:20||NIFTY27JAN2624100PE,0.16580773847263916
07-01-2026 15:20||NIFTY27JAN2625500CE,0.10619132489366692
07-01-2026 15:20||NIFTY27JAN2625900CE,0.09387513992617813
07-01-2026 15:20||NIFTY27JAN2626000CE,0.0916208787717238
07-01-2026 15:20||NIFTY27JAN2626300CE,0.08618448699815134
07-01-2026 15:25||NIFTY27JAN2624700PE,0.13180332783676396
07-01-2026 15:25||NIFTY27JAN2625100PE,0.11131363272991107
07-01-2026 15:25||NIFTY27JAN2625500CE,0.10630283381245473
07-01-2026 15:25||NIFTY27JAN2625800CE,0.0950415431367164
07-01-2026 15:25||NIFTY27JAN2626100CE,0.08945225993060443
07-01-2026 15:25||NIFTY27JAN2626400CE,0.08295242968014159
07-01-2026 15:25||NIFTY27JAN2626500CE,0.08108939333034974
08-01-2026 09:15||NIFTY27JAN2624100PE,0.16502933536621447
08-01-2026 09:15||NIFTY27JAN2624300PE,0.1536829768685616
08-01-2026 09:15||NIFTY27JAN2625100PE,0.10866014469785289
08-01-2026 09:15||NIFTY27JAN2625300CE,0.10192602108995748
08-01-2026 09:15||NIFTY27JAN2626300CE,0.08772393550887811
08-01-2026 09:20||NIFTY27JAN2623800PE,0.18366399444939688
08-01-2026 09:20||NIFTY27JAN2624100PE,0.16585603407494354
08-01-2026 09:20||NIFTY27JAN2624800PE,0.12586021999439628
08-01-2026 09:20||NIFTY27JAN2624900PE,0.12066296144404864
08-01-2026 09:20||NIFTY27JAN2625100PE,0.11028731609709744
08-01-2026 09:20||NIFTY27JAN2625300CE,0.09166347255246439
08-01-2026 09:20||NIFTY27JAN2625900CE,0.08670371151951378
08-01-2026 09:20||NIFTY27JAN2626000CE,0.08577958081020703
08-01-2026 09:20||NIFTY27JAN2626300CE,0.08273828870351631
08-01-2026 09:20||NIFTY27JAN2626400CE,0.081645942433398
08-01-2026 09:20||NIFTY27JAN2626500CE,0.08053261892899945
08-01-2026 09:25||NIFTY27JAN2623900PE,0.1771253788018773
08-01-2026 09:25||NIFTY27JAN2624100PE,0.16520361839170522
08-01-2026 09:25||NIFTY27JAN2624200PE,0.15895172453777706
08-01-2026 09:25||NIFTY27JAN2624400PE,0.14711710081920265
08-01-2026 09:25||NIFTY27JAN2625200CE,0.12193146393010715
08-01-2026 09:25||NIFTY27JAN2625300CE,0.11251868416375355
08-01-2026 09:25||NIFTY27JAN2625500CE,0.09763427108045758
08-01-2026 09:25||NIFTY27JAN2626200CE,0.08389086811509044
08-01-2026 09:25||NIFTY27JAN2626400CE,0.08283146560118995
08-01-2026 09:30||NIFTY27JAN2623900PE,0.175189919084857
08-01-2026 09:30||NIFTY27JAN2624100PE,0.1630376764066131
08-01-2026 09:30||NIFTY27JAN2624700PE,0.12882462001825146
08-01-2026 09:30||NIFTY27JAN2624800PE,0.12360524899049069
08-01-2026 09:30||NIFTY27JAN2624900PE,0.1184615764924477
08-01-2026 09:30||NIFTY27JAN2625000PE,0.11343859323933433
08-01-2026 09:30||NIFTY27JAN2625800CE,0.0952435367914867
08-01-2026 09:30||NIFTY27JAN2626100CE,0.08972405350255447
08-01-2026 09:30||NIFTY27JAN2626200CE,0.08831691679836624
08-01-2026 09:30||NIFTY27JAN2626300CE,0.08692166799962738
08-01-2026 09:35||NIFTY27JAN2623900PE,0.17338701755228847
08-01-2026 09:35||NIFTY27JAN2624100PE,0.16233945627783822
08-01-2026 09:35||NIFTY27JAN2624400PE,0.1455254800756223
08-01-2026 09:35||NIFTY27JAN2624700PE,0.1287322458537982
08-01-2026 09:35||NIFTY27JAN2624900PE,0.11793988638299956
08-01-2026 09:35||NIFTY27JAN2625300CE,0.13547837973513294
08-01-2026 09:35||NIFTY27JAN2625400CE,0.12914156865008136
08-01-2026 09:35||NIFTY27JAN2626000CE,0.09828982365283699
08-01-2026 09:35||NIFTY27JAN2626100CE,0.09590675300570703
08-01-2026 09:35||NIFTY27JAN2626200CE,0.09376385139639612
08-01-2026 09:35||NIFTY27JAN2626500CE,0.08746215725281462
08-01-2026 09:40||NIFTY27JAN2623800PE,0.18229588888886714
08-01-2026 09:40||NIFTY27JAN2624800PE,0.12465986547746045
08-01-2026 09:40||NIFTY27JAN2624900PE,0.11909308715391935
08-01-2026 09:40||NIFTY27JAN2625000PE,0.11354037945942441
08-01-2026 09:40||NIFTY27JAN2625100PE,0.10801490786363556
08-01-2026 09:40||NIFTY27JAN2625200CE,0.08417188887084706
08-01-2026 09:40||NIFTY27JAN2625700CE,0.0932791606680286
08-01-2026 09:40||NIFTY27JAN2626200CE,0.08627604059786051
08-01-2026 09:40||NIFTY27JAN2626400CE,0.08421475125721492
08-01-2026 09:45||NIFTY27JAN2624200PE,0.15918636955287238
08-01-2026 09:45||NIFTY27JAN2624600PE,0.13578422896794576
08-01-2026 09:45||NIFTY27JAN2624700PE,0.13038246551297178
08-01-2026 09:45||NIFTY27JAN2625400CE,0.10417900867596588
08-01-2026 09:45||NIFTY27JAN2625900CE,0.09369347270378112
08-01-2026 09:45||NIFTY27JAN2626300CE,0.08692800014733656
08-01-2026 09:45||NIFTY27JAN2626500CE,0.08389200350411055
08-01-2026 09:50||NIFTY27JAN2624400PE,0.14635263160954498
08-01-2026 09:50||NIFTY27JAN2625100PE,0.10888362203104064
08-01-2026 09:50||NIFTY27JAN2625300CE,0.12482065557771765
08-01-2026 09:50||NIFTY27JAN2625500CE,0.11811429961405404
08-01-2026 09:50||NIFTY27JAN2625600CE,0.11353953628678223
08-01-2026 09:50||NIFTY27JAN2625700CE,0.10868757871929424
08-01-2026 09:50||NIFTY27JAN2626400CE,0.08891490459909514
08-01-2026 09:55||NIFTY27JAN2624200PE,0.16003735896727472
08-01-2026 09:55||NIFTY27JAN2624400PE,0.1484370344488963
08-01-2026 09:55||NIFTY27JAN2624600PE,0.13716474913662022
08-01-2026 09:55||NIFTY27JAN2625000PE,0.11582080797646624
08-01-2026 09:55||NIFTY27JAN2625100PE,0.11067057128910146
08-01-2026 09:55||NIFTY27JAN2625300CE,0.11416964996740528
08-01-2026 09:55||NIFTY27JAN2626000CE,0.09035260270197816
08-01-2026 09:55||NIFTY27JAN2626200CE,0.08734853121027557
08-01-2026 09:55||NIFTY27JAN2626400CE,0.08495739204306052
08-01-2026 10:00||NIFTY27JAN2624400PE,0.14782299576484814
08-01-2026 10:00||NIFTY27JAN2624600PE,0.13646924048698328
08-01-2026 10:00||NIFTY27JAN2625100PE,0.11054562456089848
08-01-2026 10:00||NIFTY27JAN2625900CE,0.09026968532675284
08-01-2026 10:00||NIFTY27JAN2626000CE,0.08860607286679281
08-01-2026 10:00||NIFTY27JAN2626100CE,0.08679866319165912
08-01-2026 10:00||NIFTY27JAN2626200CE,0.0851215062060664
08-01-2026 10:05||NIFTY27JAN2624100PE,0.16449372437640766
08-01-2026 10:05||NIFTY27JAN2624500PE,0.14136413342181214
08-01-2026 10:05||NIFTY27JAN2624800PE,0.12493001352061567
08-01-2026 10:05||NIFTY27JAN2625000PE,0.11433649475408955
08-01-2026 10:05||NIFTY27JAN2625500CE,0.10358880676428228
08-01-2026 10:05||NIFTY27JAN2625800CE,0.09173666764149821
08-01-2026 10:05||NIFTY27JAN2626000CE,0.08800890731724927
08-01-2026 10:05||NIFTY27JAN2626500CE,0.08315227068322371
08-01-2026 10:10||NIFTY27JAN2624100PE,0.16352645942573077
08-01-2026 10:10||NIFTY27JAN2624500PE,0.13989938226492904
08-01-2026 10:10||NIFTY27JAN2625000PE,0.11296983099237402
08-01-2026 10:10||NIFTY27JAN2625100PE,0.10776608126779363
08-01-2026 10:10||NIFTY27JAN2625200CE,0.14539598613526653
08-01-2026 10:10||NIFTY27JAN2625600CE,0.11044494154067949
08-01-2026 10:10||NIFTY27JAN2625800CE,0.10155611771221132
08-01-2026 10:10||NIFTY27JAN2626400CE,0.08588180869559836
08-01-2026 10:15||NIFTY27JAN2624900PE,0.11934070095444882
08-01-2026 10:15||NIFTY27JAN2625100PE,0.1094127483425874
08-01-2026 10:15||NIFTY27JAN2625400CE,0.11744849310222542
08-01-2026 10:15||NIFTY27JAN2625700CE,0.09672478827864789
08-01-2026 10:15||NIFTY27JAN2625800CE,0.09302077983116133
08-01-2026 10:15||NIFTY27JAN2626500CE,0.08123303353496036
08-01-2026 10:20||NIFTY27JAN2623800PE,0.18175464161340782
08-01-2026 10:20||NIFTY27JAN2623900PE,0.1754291510861355
08-01-2026 10:20||NIFTY27JAN2624800PE,0.12349422034429912
08-01-2026 10:20||NIFTY27JAN2625200CE,0.11972141691048589
08-01-2026 10:20||NIFTY27JAN2625900CE,0.09474981500390742
08-01-2026 10:20||NIFTY27JAN2626200CE,0.08950041203550829
08-01-2026 10:20||NIFTY27JAN2626300CE,0.08797037069912222
08-01-2026 10:20||NIFTY27JAN2626400CE,0.08652153503832967
08-01-2026 10:25||NIFTY27JAN2623900PE,0.17404756010665412
08-01-2026 10:25||NIFTY27JAN2624000PE,0.1686022789938302
08-01-2026 10:25||NIFTY27JAN2624400PE,0.14565081033659016
08-01-2026 10:25||NIFTY27JAN2624600PE,0.1345671067561992
08-01-2026 10:25||NIFTY27JAN2624800PE,0.12345545792645292
08-01-2026 10:25||NIFTY27JAN2625000PE,0.11251725011371283
08-01-2026 10:25||NIFTY27JAN2625100PE,0.10704197071975236
08-01-2026 10:25||NIFTY27JAN2625200CE,0.12447801558467861
08-01-2026 10:25||NIFTY27JAN2625300CE,0.11957007988161851
08-01-2026 10:25||NIFTY27JAN2625500CE,0.11109003038117284
08-01-2026 10:25||NIFTY27JAN2625600CE,0.10729489788746978
08-01-2026 10:25||NIFTY27JAN2625700CE,0.10353460205942092
08-01-2026 10:25||NIFTY27JAN2626100CE,0.09238084218949866
08-01-2026 10:25||NIFTY27JAN2626200CE,0.09042857631951753
08-01-2026 10:25||NIFTY27JAN2626500CE,0.08646576109060919
08-01-2026 10:30||NIFTY27JAN2623800PE,0.17951078187477992
08-01-2026 10:30||NIFTY27JAN2624000PE,0.1693850665978974
08-01-2026 10:30||NIFTY27JAN2624400PE,0.14613099841685442
08-01-2026 10:30||NIFTY27JAN2624500PE,0.1403274806460833
08-01-2026 10:30||NIFTY27JAN2624800PE,0.12396183398847485
08-01-2026 10:30||NIFTY27JAN2625100PE,0.10780130252293087
08-01-2026 10:30||NIFTY27JAN2626000CE,0.09480874479645496
08-01-2026 10:30||NIFTY27JAN2626400CE,0.08721608600841568
08-01-2026 10:30||NIFTY27JAN2626500CE,0.08527949367463089
08-01-2026 10:35||NIFTY27JAN2624000PE,0.16934845674135998
08-01-2026 10:35||NIFTY27JAN2624200PE,0.15830315783321824
08-01-2026 10:35||NIFTY27JAN2624600PE,0.1352554781457475
08-01-2026 10:35||NIFTY27JAN2625800CE,0.09576510387656055
08-01-2026 10:35||NIFTY27JAN2626300CE,0.08656674220817456
08-01-2026 10:35||NIFTY27JAN2626500CE,0.0838406356383943
08-01-2026 10:40||NIFTY27JAN2624000PE,0.16754372896849612
08-01-2026 10:40||NIFTY27JAN2624300PE,0.15082214285177528
08-01-2026 10:40||NIFTY27JAN2625000PE,0.11257348381947949
08-01-2026 10:40||NIFTY27JAN2625500CE,0.11345020393879449
08-01-2026 10:40||NIFTY27JAN2625900CE,0.09672896823097392
08-01-2026 10:40||NIFTY27JAN2626100CE,0.09224918937538984
08-01-2026 10:40||NIFTY27JAN2626300CE,0.08885895176340107
08-01-2026 10:40||NIFTY27JAN2626400CE,0.08743324628745046
08-01-2026 10:45||NIFTY27JAN2623900PE,0.1735239596610173
08-01-2026 10:45||NIFTY27JAN2624200PE,0.1573320562336497
08-01-2026 10:45||NIFTY27JAN2625200CE,0.11705089398930184
08-01-2026 10:45||NIFTY27JAN2625300CE,0.11389043031387894
08-01-2026 10:45||NIFTY27JAN2625400CE,0.11065630389810763
08-01-2026 10:45||NIFTY27JAN2625600CE,0.10456732523590109
08-01-2026 10:45||NIFTY27JAN2626400CE,0.0859303307372267
08-01-2026 10:45||NIFTY27JAN2626500CE,0.08445471833654193
08-01-2026 10:50||NIFTY27JAN2623900PE,0.17322617226360493
08-01-2026 10:50||NIFTY27JAN2624300PE,0.15099455636965523
08-01-2026 10:50||NIFTY27JAN2625000PE,0.11336477887122667
08-01-2026 10:50||NIFTY27JAN2625500CE,0.10406667971553524
08-01-2026 10:50||NIFTY27JAN2625800CE,0.09736134560532288
08-01-2026 10:50||NIFTY27JAN2626100CE,0.09089462899776525
08-01-2026 10:50||NIFTY27JAN2626500CE,0.08440575754503792
08-01-2026 10:55||NIFTY27JAN2624000PE,0.16726963417591575
08-01-2026 10:55||NIFTY27JAN2624700PE,0.12879176424140432
08-01-2026 10:55||NIFTY27JAN2624800PE,0.12321720197977933
08-01-2026 10:55||NIFTY27JAN2625100PE,0.10806652181515851
08-01-2026 10:55||NIFTY27JAN2625400CE,0.12017976064523136
08-01-2026 10:55||NIFTY27JAN2625600CE,0.10680472635078445
08-01-2026 10:55||NIFTY27JAN2625800CE,0.09899835502131801
08-01-2026 11:00||NIFTY27JAN2623800PE,0.17896185097926365
08-01-2026 11:00||NIFTY27JAN2623900PE,0.1733683618656257
08-01-2026 11:00||NIFTY27JAN2624000PE,0.1677093180202046
08-01-2026 11:00||NIFTY27JAN2624300PE,0.15060928403742596
08-01-2026 11:00||NIFTY27JAN2624600PE,0.13449131448182883
08-01-2026 11:00||NIFTY27JAN2625000PE,0.11419304588033542
08-01-2026 11:00||NIFTY27JAN2625100PE,0.10920750949385097
08-01-2026 11:00||NIFTY27JAN2625500CE,0.1055787143951132
08-01-2026 11:00||NIFTY27JAN2626200CE,0.09019245024565474
08-01-2026 11:00||NIFTY27JAN2626500CE,0.08664132528239299
08-01-2026 11:05||NIFTY27JAN2623800PE,0.18405939332526722
08-01-2026 11:05||NIFTY27JAN2624200PE,0.15587056917987802
08-01-2026 11:05||NIFTY27JAN2624400PE,0.1448763208767218
08-01-2026 11:05||NIFTY27JAN2624800PE,0.12396009545853759
08-01-2026 11:05||NIFTY27JAN2624900PE,0.11894336605700584
08-01-2026 11:05||NIFTY27JAN2625400CE,0.12100015231179645
08-01-2026 11:05||NIFTY27JAN2625600CE,0.1073487012390941
08-01-2026 11:05||NIFTY27JAN2626000CE,0.09456033613123363
08-01-2026 11:05||NIFTY27JAN2626200CE,0.09102446443270677
08-01-2026 11:05||NIFTY27JAN2626300CE,0.08949995830060214
08-01-2026 11:05||NIFTY27JAN2626500CE,0.08660737648237413
08-01-2026 11:10||NIFTY27JAN2624000PE,0.1673440238335418
08-01-2026 11:10||NIFTY27JAN2624200PE,0.15560173347804185
08-01-2026 11:10||NIFTY27JAN2624400PE,0.14510236680256952
08-01-2026 11:10||NIFTY27JAN2624600PE,0.13530604447707928
08-01-2026 11:10||NIFTY27JAN2624700PE,0.1303710160267345
08-01-2026 11:10||NIFTY27JAN2625200CE,0.1460551857566514
08-01-2026 11:10||NIFTY27JAN2625400CE,0.11917870261156076
08-01-2026 11:10||NIFTY27JAN2625600CE,0.10511346316614693
08-01-2026 11:10||NIFTY27JAN2625900CE,0.09625873437147951
08-01-2026 11:10||NIFTY27JAN2626000CE,0.0937808727895563
08-01-2026 11:10||NIFTY27JAN2626500CE,0.0867502317867283
08-01-2026 11:15||NIFTY27JAN2624100PE,0.1650028517161972
08-01-2026 11:15||NIFTY27JAN2624200PE,0.15905854130319608
08-01-2026 11:15||NIFTY27JAN2624300PE,0.1529793482089362
08-01-2026 11:15||NIFTY27JAN2624600PE,0.13628409554857202
08-01-2026 11:15||NIFTY27JAN2624900PE,0.12106667377676333
08-01-2026 11:15||NIFTY27JAN2625200CE,0.13966541061610438
08-01-2026 11:15||NIFTY27JAN2625500CE,0.10469451994868437
08-01-2026 11:15||NIFTY27JAN2626200CE,0.09009558646569113
08-01-2026 11:15||NIFTY27JAN2626400CE,0.08799238145583314
08-01-2026 11:20||NIFTY27JAN2624300PE,0.15430490122295137
08-01-2026 11:20||NIFTY27JAN2624700PE,0.13267501317877234
08-01-2026 11:20||NIFTY27JAN2625200CE,0.16306480889401964
08-01-2026 11:20||NIFTY27JAN2625700CE,0.09809874861479109
08-01-2026 11:20||NIFTY27JAN2625900CE,0.09426233837328006
08-01-2026 11:20||NIFTY27JAN2626400CE,0.08837137400541675
08-01-2026 11:20||NIFTY27JAN2626500CE,0.08701595670800752
08-01-2026 11:25||NIFTY27JAN2623800PE,0.179389705268291
08-01-2026 11:25||NIFTY27JAN2624100PE,0.16396385393504354
08-01-2026 11:25||NIFTY27JAN2624200PE,0.15839922110596538
08-01-2026 11:25||NIFTY27JAN2624300PE,0.15266038305822255
08-01-2026 11:25||NIFTY27JAN2624400PE,0.1469660176924563
08-01-2026 11:25||NIFTY27JAN2624700PE,0.13105898259370713
08-01-2026 11:25||NIFTY27JAN2625400CE,0.12956587101804912
08-01-2026 11:25||NIFTY27JAN2626200CE,0.0940179113388783
08-01-2026 11:25||NIFTY27JAN2626500CE,0.08864499479258992
08-01-2026 11:30||NIFTY27JAN2623800PE,0.17803944583042527
08-01-2026 11:30||NIFTY27JAN2624100PE,0.16494338768201533
08-01-2026 11:30||NIFTY27JAN2624200PE,0.1590596581932009
08-01-2026 11:30||NIFTY27JAN2625100PE,0.11102908928761948
08-01-2026 11:30||NIFTY27JAN2625200CE,0.159794825851701
08-01-2026 11:30||NIFTY27JAN2625400CE,0.13139526103794147
08-01-2026 11:30||NIFTY27JAN2625500CE,0.1204191017913254
08-01-2026 11:30||NIFTY27JAN2625800CE,0.10254477294462486
08-01-2026 11:30||NIFTY27JAN2626000CE,0.09746208758162196
08-01-2026 11:30||NIFTY27JAN2626100CE,0.095618811126948
08-01-2026 11:30||NIFTY27JAN2626300CE,0.09247240314772975
08-01-2026 11:30||NIFTY27JAN2626500CE,0.09023942572649304
08-01-2026 11:35||NIFTY27JAN2623800PE,0.1809614096422531
08-01-2026 11:35||NIFTY27JAN2624100PE,0.1642604481266935
08-01-2026 11:35||NIFTY27JAN2624400PE,0.14655581540970228
08-01-2026 11:35||NIFTY27JAN2624500PE,0.1409568328155245
08-01-2026 11:35||NIFTY27JAN2624700PE,0.13018397019623368
08-01-2026 11:35||NIFTY27JAN2624900PE,0.11958402782650271
08-01-2026 11:35||NIFTY27JAN2625200CE,0.1286643029178945
08-01-2026 11:35||NIFTY27JAN2625300CE,0.12506387277498407
08-01-2026 11:35||NIFTY27JAN2625900CE,0.10187686736504314
08-01-2026 11:35||NIFTY27JAN2626500CE,0.08953833034429413
08-01-2026 11:40||NIFTY27JAN2624100PE,0.16551224510679705
08-01-2026 11:40||NIFTY27JAN2624200PE,0.15940717894574075
08-01-2026 11:40||NIFTY27JAN2624300PE,0.15337591407854595
08-01-2026 11:40||NIFTY27JAN2624400PE,0.14734982440574035
08-01-2026 11:40||NIFTY27JAN2624500PE,0.14128483739353695
08-01-2026 11:40||NIFTY27JAN2624800PE,0.12519604735881262
08-01-2026 11:40||NIFTY27JAN2624900PE,0.12020410222279793
08-01-2026 11:40||NIFTY27JAN2625500CE,0.11121012061513322
08-01-2026 11:40||NIFTY27JAN2625600CE,0.10704291765522606
08-01-2026 11:40||NIFTY27JAN2625800CE,0.10012330611614759
08-01-2026 11:45||NIFTY27JAN2624200PE,0.15795785824981964
08-01-2026 11:45||NIFTY27JAN2625500CE,0.10752037983178837
08-01-2026 11:45||NIFTY27JAN2625600CE,0.10439778318830044
08-01-2026 11:45||NIFTY27JAN2625900CE,0.0960431281615004
08-01-2026 11:45||NIFTY27JAN2626100CE,0.09292046440645725
08-01-2026 11:50||NIFTY27JAN2623800PE,0.17933253317691547
08-01-2026 11:50||NIFTY27JAN2624700PE,0.12971790171589606
08-01-2026 11:50||NIFTY27JAN2625500CE,0.11595091933908368
08-01-2026 11:50||NIFTY27JAN2625700CE,0.10679491037042307
08-01-2026 11:50||NIFTY27JAN2625800CE,0.1032716299097769
08-01-2026 11:50||NIFTY27JAN2626500CE,0.09039495556396138
08-01-2026 11:55||NIFTY27JAN2623800PE,0.1831200473978499
08-01-2026 11:55||NIFTY27JAN2623900PE,0.17682764612426674
08-01-2026 11:55||NIFTY27JAN2624200PE,0.1587949299718136
08-01-2026 11:55||NIFTY27JAN2624700PE,0.13129552683170242
08-01-2026 11:55||NIFTY27JAN2624800PE,0.12623459989958316
08-01-2026 11:55||NIFTY27JAN2625100PE,0.11237910028133981
08-01-2026 11:55||NIFTY27JAN2625400CE,0.10802373441339305
08-01-2026 11:55||NIFTY27JAN2625600CE,0.10105538231058409
08-01-2026 11:55||NIFTY27JAN2625800CE,0.09547397364089524
08-01-2026 12:00||NIFTY27JAN2624200PE,0.1587141599077732
08-01-2026 12:00||NIFTY27JAN2624300PE,0.15261130976508097
08-01-2026 12:00||NIFTY27JAN2624500PE,0.14199169319061944
08-01-2026 12:00||NIFTY27JAN2624700PE,0.13242747894355975
08-01-2026 12:00||NIFTY27JAN2625000PE,0.1175051464103901
08-01-2026 12:00||NIFTY27JAN2625500CE,0.10599326738459681
08-01-2026 12:00||NIFTY27JAN2625700CE,0.10010563695595487
08-01-2026 12:00||NIFTY27JAN2626100CE,0.09387096605658926
08-01-2026 12:00||NIFTY27JAN2626300CE,0.09174177829178805
08-01-2026 12:05||NIFTY27JAN2624000PE,0.16982512106173137
08-01-2026 12:05||NIFTY27JAN2624200PE,0.1564021019730909
08-01-2026 12:05||NIFTY27JAN2624500PE,0.1387248956075413
08-01-2026 12:05||NIFTY27JAN2624900PE,0.11964169517531695
08-01-2026 12:05||NIFTY27JAN2625300CE,0.1370654045841453
08-01-2026 12:05||NIFTY27JAN2625800CE,0.11078407820195592
08-01-2026 12:05||NIFTY27JAN2625900CE,0.10789121985700756
08-01-2026 12:05||NIFTY27JAN2626400CE,0.09779409660345773
08-01-2026 12:10||NIFTY27JAN2623900PE,0.17564260011662475
08-01-2026 12:10||NIFTY27JAN2624000PE,0.17001257954213855
08-01-2026 12:10||NIFTY27JAN2624400PE,0.14621385307127593
08-01-2026 12:10||NIFTY27JAN2625500CE,0.11817429278278073
08-01-2026 12:15||NIFTY27JAN2624100PE,0.16660848391847705
08-01-2026 12:15||NIFTY27JAN2624400PE,0.14944047613084716
08-01-2026 12:15||NIFTY27JAN2624900PE,0.1229446580562775
08-01-2026 12:15||NIFTY27JAN2625200CE,0.12866575197013738
08-01-2026 12:15||NIFTY27JAN2625400CE,0.11773824858115944
08-01-2026 12:15||NIFTY27JAN2625500CE,0.1130588390575934
08-01-2026 12:15||NIFTY27JAN2625700CE,0.10495281713242502
08-01-2026 12:20||NIFTY27JAN2623800PE,0.18535582372240203
08-01-2026 12:20||NIFTY27JAN2624500PE,0.14538539302332118
08-01-2026 12:20||NIFTY27JAN2624800PE,0.12847147135184156
08-01-2026 12:20||NIFTY27JAN2625800CE,0.10509285164340867
08-01-2026 12:20||NIFTY27JAN2626300CE,0.0954839363284426
08-01-2026 12:25||NIFTY27JAN2624100PE,0.16853687527815842
08-01-2026 12:25||NIFTY27JAN2624200PE,0.16269429540952074
08-01-2026 12:25||NIFTY27JAN2624300PE,0.15680711441715503
08-01-2026 12:25||NIFTY27JAN2624400PE,0.15086290243651324
08-01-2026 12:25||NIFTY27JAN2624900PE,0.12326503291186683
08-01-2026 12:25||NIFTY27JAN2625200CE,0.12695372872211164
08-01-2026 12:25||NIFTY27JAN2625700CE,0.10743428578043686
08-01-2026 12:25||NIFTY27JAN2625900CE,0.10229341975408922
08-01-2026 12:25||NIFTY27JAN2626000CE,0.10004396958559529
08-01-2026 12:30||NIFTY27JAN2623800PE,0.187648190550033
08-01-2026 12:30||NIFTY27JAN2623900PE,0.18169817450734016
08-01-2026 12:30||NIFTY27JAN2624200PE,0.16426585234699054
08-01-2026 12:30||NIFTY27JAN2624300PE,0.15762395241583382
08-01-2026 12:30||NIFTY27JAN2624600PE,0.14044938540497887
08-01-2026 12:30||NIFTY27JAN2625100PE,0.1145536798423962
08-01-2026 12:30||NIFTY27JAN2625700CE,0.10229304817474015
08-01-2026 12:30||NIFTY27JAN2626000CE,0.09631514871070457
08-01-2026 12:35||NIFTY27JAN2624800PE,0.12704355730795225
08-01-2026 12:35||NIFTY27JAN2625000PE,0.11692391012923048
08-01-2026 12:35||NIFTY27JAN2625300CE,0.13355488729412573
08-01-2026 12:35||NIFTY27JAN2625400CE,0.12780322746765493
08-01-2026 12:35||NIFTY27JAN2625500CE,0.12198398157801986
08-01-2026 12:35||NIFTY27JAN2625800CE,0.10761437877008553
08-01-2026 12:35||NIFTY27JAN2626100CE,0.10045580807297874
08-01-2026 12:35||NIFTY27JAN2626200CE,0.09854789008105741
08-01-2026 12:40||NIFTY27JAN2623800PE,0.1840571651072503
08-01-2026 12:40||NIFTY27JAN2624000PE,0.172277294809062
08-01-2026 12:40||NIFTY27JAN2624100PE,0.16664091356986854
08-01-2026 12:40||NIFTY27JAN2624400PE,0.15094232477209205
08-01-2026 12:40||NIFTY27JAN2624800PE,0.12648471060443384
08-01-2026 12:40||NIFTY27JAN2625000PE,0.11577036035200255
08-01-2026 12:40||NIFTY27JAN2625100PE,0.11044874598945274
08-01-2026 12:40||NIFTY27JAN2625200CE,0.13988908027439367
08-01-2026 12:40||NIFTY27JAN2625600CE,0.11439317827343104
08-01-2026 12:40||NIFTY27JAN2626000CE,0.10164355478289883
08-01-2026 12:45||NIFTY27JAN2623900PE,0.17892854709095857
08-01-2026 12:45||NIFTY27JAN2624000PE,0.17330535013521073
08-01-2026 12:45||NIFTY27JAN2624400PE,0.15146500804722113
08-01-2026 12:45||NIFTY27JAN2624600PE,0.1388671045277307
08-01-2026 12:45||NIFTY27JAN2625000PE,0.11788945546758312
08-01-2026 12:45||NIFTY27JAN2625300CE,0.12523549944292114
08-01-2026 12:45||NIFTY27JAN2625500CE,0.11367600856279722
08-01-2026 12:45||NIFTY27JAN2625800CE,0.10409152634184063
08-01-2026 12:45||NIFTY27JAN2626200CE,0.09661827300832207
08-01-2026 12:45||NIFTY27JAN2626300CE,0.09514451003475914
08-01-2026 12:50||NIFTY27JAN2623800PE,0.18415754033467055
08-01-2026 12:50||NIFTY27JAN2624200PE,0.1614019274710049
08-01-2026 12:50||NIFTY27JAN2624300PE,0.15604029873049102
08-01-2026 12:50||NIFTY27JAN2624900PE,0.12213785872012566
08-01-2026 12:50||NIFTY27JAN2625300CE,0.12179003946222947
08-01-2026 12:50||NIFTY27JAN2625600CE,0.11603162273494091
08-01-2026 12:50||NIFTY27JAN2625700CE,0.111486806028917
08-01-2026 12:50||NIFTY27JAN2626000CE,0.10258485152014382
08-01-2026 12:50||NIFTY27JAN2626300CE,0.09713787907280766
08-01-2026 12:50||NIFTY27JAN2626400CE,0.09583641207899934
08-01-2026 12:55||NIFTY27JAN2624200PE,0.16237679056215812
08-01-2026 12:55||NIFTY27JAN2624300PE,0.15619081315054828
08-01-2026 12:55||NIFTY27JAN2624400PE,0.15000528799196305
08-01-2026 12:55||NIFTY27JAN2624800PE,0.12655913755000198
08-01-2026 12:55||NIFTY27JAN2625500CE,0.11637264672495581
08-01-2026 12:55||NIFTY27JAN2625800CE,0.1060550495418063
08-01-2026 12:55||NIFTY27JAN2626100CE,0.09938301123200904
08-01-2026 13:00||NIFTY27JAN2623900PE,0.17957207859576904
08-01-2026 13:00||NIFTY27JAN2624200PE,0.16235675455009466
08-01-2026 13:00||NIFTY27JAN2624500PE,0.1438859191810259
08-01-2026 13:00||NIFTY27JAN2624600PE,0.1380002283974221
08-01-2026 13:00||NIFTY27JAN2624700PE,0.13225362616374284
08-01-2026 13:00||NIFTY27JAN2625000PE,0.11682997405497303
08-01-2026 13:00||NIFTY27JAN2625100PE,0.112367988762774
08-01-2026 13:00||NIFTY27JAN2625400CE,0.13129260651194552
08-01-2026 13:00||NIFTY27JAN2625800CE,0.11101323265839316
08-01-2026 13:00||NIFTY27JAN2626500CE,0.09413367858595592
08-01-2026 13:05||NIFTY27JAN2623800PE,0.1851505575504773
08-01-2026 13:05||NIFTY27JAN2624600PE,0.13873240289219518
08-01-2026 13:05||NIFTY27JAN2625200CE,0.13553656681740123
08-01-2026 13:05||NIFTY27JAN2625700CE,0.10677236053173514
08-01-2026 13:05||NIFTY27JAN2625800CE,0.10435921508283662
08-01-2026 13:05||NIFTY27JAN2626000CE,0.10037472275964343
08-01-2026 13:05||NIFTY27JAN2626100CE,0.09852654904569572
08-01-2026 13:05||NIFTY27JAN2626200CE,0.09672140312340971
08-01-2026 13:05||NIFTY27JAN2626300CE,0.09509400027371215
08-01-2026 13:10||NIFTY27JAN2624100PE,0.16808192138322087
08-01-2026 13:10||NIFTY27JAN2624200PE,0.16202724221855003
08-01-2026 13:10||NIFTY27JAN2624700PE,0.13224629125376844
08-01-2026 13:10||NIFTY27JAN2624900PE,0.12156671316146472
08-01-2026 13:10||NIFTY27JAN2625200CE,0.13107587287673073
08-01-2026 13:10||NIFTY27JAN2625400CE,0.12310005240313342
08-01-2026 13:10||NIFTY27JAN2625700CE,0.10865992147862708
08-01-2026 13:10||NIFTY27JAN2625800CE,0.1064081649587001
08-01-2026 13:10||NIFTY27JAN2626100CE,0.09941994874335157
08-01-2026 13:10||NIFTY27JAN2626200CE,0.09760488548697283
08-01-2026 13:15||NIFTY27JAN2623900PE,0.1814582810792718
08-01-2026 13:15||NIFTY27JAN2624000PE,0.17580335604281982
08-01-2026 13:15||NIFTY27JAN2624300PE,0.157724237125287
08-01-2026 13:15||NIFTY27JAN2625000PE,0.11673979292055742
08-01-2026 13:15||NIFTY27JAN2625400CE,0.12103974591231659
08-01-2026 13:15||NIFTY27JAN2625900CE,0.10099527394522503
08-01-2026 13:15||NIFTY27JAN2626200CE,0.09581274981888543
08-01-2026 13:15||NIFTY27JAN2626300CE,0.09429594521541461
08-01-2026 13:20||NIFTY27JAN2623800PE,0.18366882800201143
08-01-2026 13:20||NIFTY27JAN2624000PE,0.17381091472051513
08-01-2026 13:20||NIFTY27JAN2624400PE,0.1507802652964393
08-01-2026 13:20||NIFTY27JAN2624600PE,0.13815424253950007
08-01-2026 13:20||NIFTY27JAN2625000PE,0.11657190899758244
08-01-2026 13:20||NIFTY27JAN2625300CE,0.13257357025980726
08-01-2026 13:20||NIFTY27JAN2625400CE,0.12448726572348359
08-01-2026 13:20||NIFTY27JAN2626200CE,0.09635386125139522
08-01-2026 13:25||NIFTY27JAN2624600PE,0.13956848617087814
08-01-2026 13:25||NIFTY27JAN2624800PE,0.12849019864806033
08-01-2026 13:25||NIFTY27JAN2624900PE,0.1235648782216074
08-01-2026 13:25||NIFTY27JAN2625400CE,0.1138252528002251
08-01-2026 13:25||NIFTY27JAN2625500CE,0.109774960671319
08-01-2026 13:25||NIFTY27JAN2625600CE,0.10606188937574416
08-01-2026 13:25||NIFTY27JAN2625700CE,0.10270646594215407
08-01-2026 13:25||NIFTY27JAN2625900CE,0.09816486301541773
08-01-2026 13:25||NIFTY27JAN2626000CE,0.09686001672392547
08-01-2026 13:25||NIFTY27JAN2626100CE,0.09564328762766003
08-01-2026 13:25||NIFTY27JAN2626400CE,0.0927086297895964
08-01-2026 13:30||NIFTY27JAN2624100PE,0.1675806799292418
08-01-2026 13:30||NIFTY27JAN2624200PE,0.16141542869374004
08-01-2026 13:30||NIFTY27JAN2624300PE,0.15507654729557258
08-01-2026 13:30||NIFTY27JAN2624400PE,0.14867484731462438
08-01-2026 13:30||NIFTY27JAN2625100PE,0.1094750119895386
08-01-2026 13:30||NIFTY27JAN2625600CE,0.11869453662820548
08-01-2026 13:30||NIFTY27JAN2625700CE,0.11447323631236098
08-01-2026 13:30||NIFTY27JAN2625800CE,0.1106066038876665
08-01-2026 13:30||NIFTY27JAN2626100CE,0.1015140673807005
08-01-2026 13:30||NIFTY27JAN2626500CE,0.09295839835481115
08-01-2026 13:35||NIFTY27JAN2624600PE,0.1377699525471713
08-01-2026 13:35||NIFTY27JAN2624700PE,0.13217028787023594
08-01-2026 13:35||NIFTY27JAN2624800PE,0.12664850212309559
08-01-2026 13:35||NIFTY27JAN2624900PE,0.12115879173796325
08-01-2026 13:35||NIFTY27JAN2625200CE,0.10990858840263504
08-01-2026 13:35||NIFTY27JAN2626400CE,0.09401083442391542
08-01-2026 13:40||NIFTY27JAN2624100PE,0.16770058257036335
08-01-2026 13:40||NIFTY27JAN2624800PE,0.12531314779728758
08-01-2026 13:40||NIFTY27JAN2624900PE,0.12014857052111495
08-01-2026 13:40||NIFTY27JAN2625300CE,0.12643931645040976
08-01-2026 13:40||NIFTY27JAN2625600CE,0.11349851482892287
08-01-2026 13:40||NIFTY27JAN2625700CE,0.10922051241155604
08-01-2026 13:40||NIFTY27JAN2626000CE,0.10124847481127888
08-01-2026 13:40||NIFTY27JAN2626200CE,0.09753755181000068
08-01-2026 13:40||NIFTY27JAN2626300CE,0.0959028405834148
08-01-2026 13:45||NIFTY27JAN2624500PE,0.14269169164898665
08-01-2026 13:45||NIFTY27JAN2624600PE,0.13682235236197762
08-01-2026 13:45||NIFTY27JAN2624700PE,0.13109802784650515
08-01-2026 13:45||NIFTY27JAN2624900PE,0.11985755447813629
08-01-2026 13:45||NIFTY27JAN2625100PE,0.1085542252056966
08-01-2026 13:45||NIFTY27JAN2625600CE,0.11285719688541856
08-01-2026 13:45||NIFTY27JAN2625700CE,0.10966860125917394
08-01-2026 13:45||NIFTY27JAN2625800CE,0.1066960606559042
08-01-2026 13:50||NIFTY27JAN2624600PE,0.1357570888956675
08-01-2026 13:50||NIFTY27JAN2624900PE,0.11960244795738942
08-01-2026 13:50||NIFTY27JAN2625500CE,0.11751607845472715
08-01-2026 13:50||NIFTY27JAN2625700CE,0.11003984196780739
08-01-2026 13:50||NIFTY27JAN2626300CE,0.0956437549975791
08-01-2026 13:55||NIFTY27JAN2624200PE,0.1615454016769953
08-01-2026 13:55||NIFTY27JAN2624400PE,0.14962319917828804
08-01-2026 13:55||NIFTY27JAN2624500PE,0.14282095536531406
08-01-2026 13:55||NIFTY27JAN2624600PE,0.1360831794930568
08-01-2026 13:55||NIFTY27JAN2625000PE,0.11412782325240671
08-01-2026 13:55||NIFTY27JAN2625200CE,0.13170733288964465
08-01-2026 13:55||NIFTY27JAN2625700CE,0.10714952715325773
08-01-2026 14:00||NIFTY27JAN2623800PE,0.1854678440619211
08-01-2026 14:00||NIFTY27JAN2623900PE,0.17959601052765842
08-01-2026 14:00||NIFTY27JAN2624300PE,0.1549535038502426
08-01-2026 14:00||NIFTY27JAN2625300CE,0.10640644640029547
08-01-2026 14:00||NIFTY27JAN2625400CE,0.10585356873843696
08-01-2026 14:00||NIFTY27JAN2625500CE,0.10535960952222864
08-01-2026 14:00||NIFTY27JAN2625900CE,0.09890716770783889
08-01-2026 14:00||NIFTY27JAN2626000CE,0.09716950600644242
08-01-2026 14:00||NIFTY27JAN2626100CE,0.09550947174502684
08-01-2026 14:00||NIFTY27JAN2626200CE,0.09394925743907064
08-01-2026 14:00||NIFTY27JAN2626300CE,0.0924824446686432
08-01-2026 14:05||NIFTY27JAN2623900PE,0.17858548538009533
08-01-2026 14:05||NIFTY27JAN2624300PE,0.15493144481820398
08-01-2026 14:05||NIFTY27JAN2624500PE,0.14240898291723403
08-01-2026 14:05||NIFTY27JAN2625200CE,0.1298177559875934
08-01-2026 14:05||NIFTY27JAN2625300CE,0.12108487842147217
08-01-2026 14:05||NIFTY27JAN2626000CE,0.09626752893818649
08-01-2026 14:05||NIFTY27JAN2626200CE,0.09322836701062048
08-01-2026 14:05||NIFTY27JAN2626300CE,0.09182924020291044
08-01-2026 14:05||NIFTY27JAN2626500CE,0.08930107996999387
08-01-2026 14:10||NIFTY27JAN2623900PE,0.17739384276516282
08-01-2026 14:10||NIFTY27JAN2624800PE,0.12436676783312946
08-01-2026 14:10||NIFTY27JAN2625000PE,0.11411750698397259
08-01-2026 14:10||NIFTY27JAN2625200CE,0.12451001690873711
08-01-2026 14:10||NIFTY27JAN2625300CE,0.12282114754533008
08-01-2026 14:10||NIFTY27JAN2625700CE,0.11000129117984114
08-01-2026 14:10||NIFTY27JAN2626200CE,0.09615077480438053
08-01-2026 14:10||NIFTY27JAN2626500CE,0.09108127431900939
08-01-2026 14:15||NIFTY27JAN2623800PE,0.18305960774194802
08-01-2026 14:15||NIFTY27JAN2624200PE,0.16018429453325
08-01-2026 14:15||NIFTY27JAN2624300PE,0.15380752291438587
08-01-2026 14:15||NIFTY27JAN2624700PE,0.12960876457010445
08-01-2026 14:15||NIFTY27JAN2625000PE,0.113114795825894
08-01-2026 14:15||NIFTY27JAN2625200CE,0.12300498994903963
08-01-2026 14:15||NIFTY27JAN2625600CE,0.11434279108114094
08-01-2026 14:15||NIFTY27JAN2626000CE,0.09984256777076411
08-01-2026 14:15||NIFTY27JAN2626100CE,0.0975533683193299
08-01-2026 14:15||NIFTY27JAN2626400CE,0.09216646351760738
08-01-2026 14:20||NIFTY27JAN2623800PE,0.1807602131015764
08-01-2026 14:20||NIFTY27JAN2624500PE,0.14104764754813687
08-01-2026 14:20||NIFTY27JAN2624700PE,0.12962089967071133
08-01-2026 14:20||NIFTY27JAN2625000PE,0.11327744759740213
08-01-2026 14:20||NIFTY27JAN2625700CE,0.10515921842877671
08-01-2026 14:20||NIFTY27JAN2626400CE,0.08936682634952872
08-01-2026 14:25||NIFTY27JAN2624200PE,0.1594715361285552
08-01-2026 14:25||NIFTY27JAN2624300PE,0.15383505318334814
08-01-2026 14:25||NIFTY27JAN2624600PE,0.13635313497798252
08-01-2026 14:25||NIFTY27JAN2624800PE,0.12486923977950394
08-01-2026 14:25||NIFTY27JAN2625200CE,0.19879985104433762
08-01-2026 14:25||NIFTY27JAN2625300CE,0.15882053073624267
08-01-2026 14:25||NIFTY27JAN2625600CE,0.10604884939418774
08-01-2026 14:25||NIFTY27JAN2625900CE,0.09784389297003633
08-01-2026 14:25||NIFTY27JAN2626000CE,0.09591191337466706
08-01-2026 14:30||NIFTY27JAN2623800PE,0.18132628647880228
08-01-2026 14:30||NIFTY27JAN2624500PE,0.14010056469545362
08-01-2026 14:30||NIFTY27JAN2626200CE,0.09828772051305816
08-01-2026 14:30||NIFTY27JAN2626400CE,0.0940437470297223
08-01-2026 14:30||NIFTY27JAN2626500CE,0.09237187260169911
08-01-2026 14:35||NIFTY27JAN2624000PE,0.1713894733852851
08-01-2026 14:35||NIFTY27JAN2624200PE,0.16002894666256087
08-01-2026 14:35||NIFTY27JAN2624700PE,0.12943482972877168
08-01-2026 14:35||NIFTY27JAN2624800PE,0.12393650849547289
08-01-2026 14:35||NIFTY27JAN2625100PE,0.10899933168379808
08-01-2026 14:35||NIFTY27JAN2625600CE,0.11219274671920035
08-01-2026 14:35||NIFTY27JAN2626100CE,0.09542853515945983
08-01-2026 14:40||NIFTY27JAN2623900PE,0.176277159683339
08-01-2026 14:40||NIFTY27JAN2624200PE,0.15925901066070175
08-01-2026 14:40||NIFTY27JAN2624300PE,0.15305511969099506
08-01-2026 14:40||NIFTY27JAN2624600PE,0.13489212668951356
08-01-2026 14:40||NIFTY27JAN2624900PE,0.11869723442853679
08-01-2026 14:40||NIFTY27JAN2625000PE,0.11345034126431269
08-01-2026 14:40||NIFTY27JAN2625200CE,0.12190644457598271
08-01-2026 14:40||NIFTY27JAN2625300CE,0.11869743307075369
08-01-2026 14:40||NIFTY27JAN2625400CE,0.11538570896582694
08-01-2026 14:40||NIFTY27JAN2625500CE,0.11200860337918078
08-01-2026 14:40||NIFTY27JAN2626100CE,0.09585390238839905
08-01-2026 14:40||NIFTY27JAN2626200CE,0.09434245224347916
08-01-2026 14:40||NIFTY27JAN2626300CE,0.09277112466761067
08-01-2026 14:40||NIFTY27JAN2626400CE,0.09122228403465736
08-01-2026 14:45||NIFTY27JAN2624000PE,0.17023049174648658
08-01-2026 14:45||NIFTY27JAN2624400PE,0.14679068052616895
08-01-2026 14:45||NIFTY27JAN2624700PE,0.12856523546938453
08-01-2026 14:45||NIFTY27JAN2625000PE,0.1116431200469305
08-01-2026 14:45||NIFTY27JAN2625100PE,0.10601627694401007
08-01-2026 14:45||NIFTY27JAN2625300CE,0.1221119968485252
08-01-2026 14:45||NIFTY27JAN2625400CE,0.11848022746261144
08-01-2026 14:45||NIFTY27JAN2625600CE,0.11050977772752851
08-01-2026 14:45||NIFTY27JAN2625700CE,0.106174408855434
08-01-2026 14:50||NIFTY27JAN2624000PE,0.169694917045416
08-01-2026 14:50||NIFTY27JAN2624100PE,0.1645921703425773
08-01-2026 14:50||NIFTY27JAN2624300PE,0.15335900589088663
08-01-2026 14:50||NIFTY27JAN2625100PE,0.1087333996953899
08-01-2026 14:50||NIFTY27JAN2625200CE,0.12033532040397762
08-01-2026 14:50||NIFTY27JAN2625300CE,0.11514371660113897
08-01-2026 14:50||NIFTY27JAN2625400CE,0.11050831171904998
08-01-2026 14:50||NIFTY27JAN2625500CE,0.10650490377924293
08-01-2026 14:50||NIFTY27JAN2625700CE,0.09940433897767201
08-01-2026 14:50||NIFTY27JAN2626000CE,0.0936242479143468
08-01-2026 14:50||NIFTY27JAN2626200CE,0.0906066687564778
08-01-2026 14:55||NIFTY27JAN2624600PE,0.13429104199889097
08-01-2026 14:55||NIFTY27JAN2624900PE,0.11803971873936372
08-01-2026 14:55||NIFTY27JAN2625000PE,0.11274095021118279
08-01-2026 14:55||NIFTY27JAN2625200CE,0.13857615816049304
08-01-2026 14:55||NIFTY27JAN2626300CE,0.09091762526144546
08-01-2026 15:00||NIFTY27JAN2623900PE,0.17443374469794679
08-01-2026 15:00||NIFTY27JAN2624000PE,0.1683775134443497
08-01-2026 15:00||NIFTY27JAN2624300PE,0.15136801837452918
08-01-2026 15:00||NIFTY27JAN2624900PE,0.11791023191260325
08-01-2026 15:00||NIFTY27JAN2625100PE,0.10868640526036819
08-01-2026 15:00||NIFTY27JAN2625200CE,0.13300370146008736
08-01-2026 15:00||NIFTY27JAN2625600CE,0.09933636285395038
08-01-2026 15:00||NIFTY27JAN2625700CE,0.09665490559082257
08-01-2026 15:00||NIFTY27JAN2626000CE,0.09118305928325923
08-01-2026 15:00||NIFTY27JAN2626300CE,0.08862942678958416
08-01-2026 15:00||NIFTY27JAN2626400CE,0.08812855584591232
08-01-2026 15:05||NIFTY27JAN2624100PE,0.16087469321106287
08-01-2026 15:05||NIFTY27JAN2624200PE,0.15493894224635887
08-01-2026 15:05||NIFTY27JAN2624400PE,0.1428280119958058
08-01-2026 15:05||NIFTY27JAN2624700PE,0.1254099290965217
08-01-2026 15:05||NIFTY27JAN2624800PE,0.12022411017681126
08-01-2026 15:05||NIFTY27JAN2624900PE,0.11517078165160674
08-01-2026 15:05||NIFTY27JAN2625200CE,0.13496810976469176
08-01-2026 15:05||NIFTY27JAN2625800CE,0.10342055313375617
08-01-2026 15:05||NIFTY27JAN2626000CE,0.09873000383593494
08-01-2026 15:05||NIFTY27JAN2626100CE,0.09687739934343323
08-01-2026 15:05||NIFTY27JAN2626200CE,0.09514607391465366
08-01-2026 15:10||NIFTY27JAN2624000PE,0.16669569596694842
08-01-2026 15:10||NIFTY27JAN2624200PE,0.15521681756767558
08-01-2026 15:10||NIFTY27JAN2624600PE,0.1313533840348261
08-01-2026 15:10||NIFTY27JAN2625100PE,0.10570858504642161
08-01-2026 15:10||NIFTY27JAN2625700CE,0.10439090459222758
08-01-2026 15:10||NIFTY27JAN2626000CE,0.09691646842576894
08-01-2026 15:10||NIFTY27JAN2626100CE,0.09519107910272159
08-01-2026 15:10||NIFTY27JAN2626300CE,0.09227006172978185
08-01-2026 15:10||NIFTY27JAN2626500CE,0.09023407705727263
08-01-2026 15:15||NIFTY27JAN2624400PE,0.1425374957994967
08-01-2026 15:15||NIFTY27JAN2624800PE,0.12029360037810277
08-01-2026 15:15||NIFTY27JAN2625100PE,0.10627043836437661
08-01-2026 15:15||NIFTY27JAN2625500CE,0.11087129445124813
08-01-2026 15:15||NIFTY27JAN2626100CE,0.09438629911648103
08-01-2026 15:20||NIFTY27JAN2624000PE,0.16676228118292624
08-01-2026 15:20||NIFTY27JAN2624500PE,0.13697278772725086
08-01-2026 15:20||NIFTY27JAN2624800PE,0.1205493534489784
08-01-2026 15:20||NIFTY27JAN2625000PE,0.11115404077302041
08-01-2026 15:20||NIFTY27JAN2625600CE,0.10506288853150739
08-01-2026 15:20||NIFTY27JAN2625800CE,0.09882911942342287
08-01-2026 15:20||NIFTY27JAN2626100CE,0.09286297010344827
08-01-2026 15:20||NIFTY27JAN2626300CE,0.0895164162484973
08-01-2026 15:20||NIFTY27JAN2626400CE,0.08807042560299909
08-01-2026 15:20||NIFTY27JAN2626500CE,0.08661433715981894
08-01-2026 15:25||NIFTY27JAN2623800PE,0.1807113166807828
08-01-2026 15:25||NIFTY27JAN2624100PE,0.1600990484155122
08-01-2026 15:25||NIFTY27JAN2624300PE,0.14947999965688694
08-01-2026 15:25||NIFTY27JAN2624600PE,0.13290281933024267
08-01-2026 15:25||NIFTY27JAN2624700PE,0.12775073348716307
08-01-2026 15:25||NIFTY27JAN2625100PE,0.10709374925829088
08-01-2026 15:25||NIFTY27JAN2625400CE,0.11102416801287018
08-01-2026 15:25||NIFTY27JAN2625800CE,0.09621611317268661
08-01-2026 15:25||NIFTY27JAN2626100CE,0.09222197178363176
09-01-2026 09:15||NIFTY27JAN2624400PE,0.14521464829033442
09-01-2026 09:15||NIFTY27JAN2624500PE,0.13942118652209
09-01-2026 09:15||NIFTY27JAN2625000PE,0.11221289344991223
09-01-2026 09:15||NIFTY27JAN2625400CE,0.1243187012798451
09-01-2026 09:15||NIFTY27JAN2625500CE,0.12018823082700839
09-01-2026 09:15||NIFTY27JAN2625800CE,0.1075358533143467
09-01-2026 09:15||NIFTY27JAN2626000CE,0.10061385575678958
09-01-2026 09:15||NIFTY27JAN2626300CE,0.09438256551213482
09-01-2026 09:15||NIFTY27JAN2626500CE,0.09162614319793114
09-01-2026 09:20||NIFTY27JAN2624100PE,0.1637108239275754
09-01-2026 09:20||NIFTY27JAN2624200PE,0.15773918783013202
09-01-2026 09:20||NIFTY27JAN2624800PE,0.12468340083190925
09-01-2026 09:20||NIFTY27JAN2625000PE,0.11558702821519401
09-01-2026 09:20||NIFTY27JAN2625300CE,0.11159538221481868
09-01-2026 09:20||NIFTY27JAN2625600CE,0.0904854972191633
09-01-2026 09:25||NIFTY27JAN2623800PE,0.17490439065137806
09-01-2026 09:25||NIFTY27JAN2624100PE,0.16049693001765872
09-01-2026 09:25||NIFTY27JAN2624300PE,0.14922381143220462
09-01-2026 09:25||NIFTY27JAN2624600PE,0.13188929718000153
09-01-2026 09:25||NIFTY27JAN2624700PE,0.1267404580013492
09-01-2026 09:25||NIFTY27JAN2625000PE,0.1118454830521814
09-01-2026 09:25||NIFTY27JAN2625400CE,0.11984579196478629
09-01-2026 09:25||NIFTY27JAN2626000CE,0.09642777249955761
09-01-2026 09:25||NIFTY27JAN2626100CE,0.09468894217005121
09-01-2026 09:30||NIFTY27JAN2624100PE,0.16076110384479056
09-01-2026 09:30||NIFTY27JAN2624300PE,0.1490369571043551
09-01-2026 09:30||NIFTY27JAN2624500PE,0.1373587667425101
09-01-2026 09:30||NIFTY27JAN2624600PE,0.13162061444373985
09-01-2026 09:30||NIFTY27JAN2625300CE,0.11437225771207388
09-01-2026 09:30||NIFTY27JAN2625400CE,0.1117595487810798
09-01-2026 09:30||NIFTY27JAN2626100CE,0.09374846934517747
09-01-2026 09:30||NIFTY27JAN2626400CE,0.09054040949825234
09-01-2026 09:35||NIFTY27JAN2624100PE,0.15920157229496934
09-01-2026 09:35||NIFTY27JAN2624800PE,0.11981530958272056
09-01-2026 09:35||NIFTY27JAN2625200CE,0.13987950069313032
09-01-2026 09:35||NIFTY27JAN2626000CE,0.09839480498469695
09-01-2026 09:35||NIFTY27JAN2626200CE,0.0948862257738845
09-01-2026 09:40||NIFTY27JAN2624100PE,0.15782741929855792
09-01-2026 09:40||NIFTY27JAN2624500PE,0.1335535748529773
09-01-2026 09:40||NIFTY27JAN2625400CE,0.14665166596963408
09-01-2026 09:40||NIFTY27JAN2625500CE,0.14077721359123166
09-01-2026 09:40||NIFTY27JAN2625600CE,0.13381517599029763
09-01-2026 09:40||NIFTY27JAN2625700CE,0.12691335332454942
09-01-2026 09:40||NIFTY27JAN2625900CE,0.11661965046213359
09-01-2026 09:40||NIFTY27JAN2626000CE,0.11239080852302685
09-01-2026 09:40||NIFTY27JAN2626100CE,0.108519608170205
09-01-2026 09:40||NIFTY27JAN2626300CE,0.10164912269994192
09-01-2026 09:45||NIFTY27JAN2624000PE,0.16473672118453714
09-01-2026 09:45||NIFTY27JAN2624300PE,0.1472656439268188
09-01-2026 09:45||NIFTY27JAN2624400PE,0.14117077155089813
09-01-2026 09:45||NIFTY27JAN2624700PE,0.12399019658935728
09-01-2026 09:45||NIFTY27JAN2624900PE,0.11362567769684524
09-01-2026 09:45||NIFTY27JAN2625600CE,0.12352641385477545
09-01-2026 09:45||NIFTY27JAN2625900CE,0.10956362210811449
09-01-2026 09:45||NIFTY27JAN2626000CE,0.10587634908966176
09-01-2026 09:50||NIFTY27JAN2624100PE,0.15981949613443674
09-01-2026 09:50||NIFTY27JAN2624300PE,0.14786067563043448
09-01-2026 09:50||NIFTY27JAN2624400PE,0.14195023184981398
09-01-2026 09:50||NIFTY27JAN2624600PE,0.1305637412188561
09-01-2026 09:50||NIFTY27JAN2624700PE,0.12509306758049835
09-01-2026 09:50||NIFTY27JAN2624900PE,0.11482072956749184
09-01-2026 09:50||NIFTY27JAN2625300CE,0.13771487059613208
09-01-2026 09:50||NIFTY27JAN2625600CE,0.12018857015458351
09-01-2026 09:50||NIFTY27JAN2626000CE,0.1034349861400724
09-01-2026 09:50||NIFTY27JAN2626100CE,0.10070281036379489
09-01-2026 09:50||NIFTY27JAN2626400CE,0.09486805040551552
09-01-2026 09:55||NIFTY27JAN2623800PE,0.1781993788064053
09-01-2026 09:55||NIFTY27JAN2624800PE,0.12086129623066277
09-01-2026 09:55||NIFTY27JAN2624900PE,0.11582999469075649
09-01-2026 09:55||NIFTY27JAN2625000PE,0.11110851251035174
09-01-2026 09:55||NIFTY27JAN2625200CE,0.13822484266744328
09-01-2026 09:55||NIFTY27JAN2625500CE,0.12194522306195871
09-01-2026 09:55||NIFTY27JAN2626200CE,0.09554987138610291
09-01-2026 10:00||NIFTY27JAN2624100PE,0.1624629982799326
09-01-2026 10:00||NIFTY27JAN2624300PE,0.1499322395315859
09-01-2026 10:00||NIFTY27JAN2624500PE,0.13835987689903592
09-01-2026 10:00||NIFTY27JAN2625100PE,0.10797726611180704
09-01-2026 10:00||NIFTY27JAN2625300CE,0.11654298979760075
09-01-2026 10:00||NIFTY27JAN2625500CE,0.10681335401909445
09-01-2026 10:00||NIFTY27JAN2626100CE,0.09306250651684281
09-01-2026 10:00||NIFTY27JAN2626500CE,0.08806912334132591
09-01-2026 10:05||NIFTY27JAN2623900PE,0.17250739572571142
09-01-2026 10:05||NIFTY27JAN2624500PE,0.13656214375848508
09-01-2026 10:05||NIFTY27JAN2624800PE,0.11980832325930482
09-01-2026 10:05||NIFTY27JAN2625600CE,0.1209095290649218
09-01-2026 10:05||NIFTY27JAN2626100CE,0.0999664387604823
09-01-2026 10:05||NIFTY27JAN2626200CE,0.09730772414545125
09-01-2026 10:05||NIFTY27JAN2626300CE,0.09507879565365966
09-01-2026 10:10||NIFTY27JAN2623900PE,0.1734809199878421
09-01-2026 10:10||NIFTY27JAN2624400PE,0.14352335127320964
09-01-2026 10:10||NIFTY27JAN2625000PE,0.11150770895916914
09-01-2026 10:10||NIFTY27JAN2626300CE,0.09125060136893254
09-01-2026 10:10||NIFTY27JAN2626400CE,0.09054617037752993
09-01-2026 10:15||NIFTY27JAN2625100PE,0.10689491999941031
09-01-2026 10:15||NIFTY27JAN2625600CE,0.1090028237845513
09-01-2026 10:15||NIFTY27JAN2626200CE,0.09267205793564978
09-01-2026 10:15||NIFTY27JAN2626300CE,0.09137783827283782
09-01-2026 10:20||NIFTY27JAN2623900PE,0.1733358225272319
09-01-2026 10:20||NIFTY27JAN2624000PE,0.16727765232691327
09-01-2026 10:20||NIFTY27JAN2624300PE,0.1480873101387362
09-01-2026 10:20||NIFTY27JAN2624700PE,0.12479940333672601
09-01-2026 10:20||NIFTY27JAN2625200CE,0.14460931585252107
09-01-2026 10:20||NIFTY27JAN2625400CE,0.13165330146697107
09-01-2026 10:20||NIFTY27JAN2625700CE,0.11331167752529875
09-01-2026 10:20||NIFTY27JAN2626100CE,0.0975810701021381
09-01-2026 10:25||NIFTY27JAN2624200PE,0.15525926304848023
09-01-2026 10:25||NIFTY27JAN2624400PE,0.14274436420065012
09-01-2026 10:25||NIFTY27JAN2624500PE,0.1365054011254317
09-01-2026 10:25||NIFTY27JAN2625000PE,0.10950856431069662
09-01-2026 10:25||NIFTY27JAN2625600CE,0.1213966313808531
09-01-2026 10:25||NIFTY27JAN2626200CE,0.09727759783415382
09-01-2026 10:25||NIFTY27JAN2626300CE,0.09518040230790184
09-01-2026 10:25||NIFTY27JAN2626500CE,0.09258702632641688
09-01-2026 10:30||NIFTY27JAN2624300PE,0.14981944834517522
09-01-2026 10:30||NIFTY27JAN2624400PE,0.14400448088810974
09-01-2026 10:30||NIFTY27JAN2624900PE,0.11726238281222023
09-01-2026 10:30||NIFTY27JAN2625300CE,0.13353269461869383
09-01-2026 10:30||NIFTY27JAN2625800CE,0.0964347551238581
09-01-2026 10:30||NIFTY27JAN2625900CE,0.09418922423995874
09-01-2026 10:35||NIFTY27JAN2623900PE,0.1736345661242682
09-01-2026 10:35||NIFTY27JAN2624300PE,0.14922664020128484
09-01-2026 10:35||NIFTY27JAN2624500PE,0.13735291933622742
09-01-2026 10:35||NIFTY27JAN2624700PE,0.1261686885809049
09-01-2026 10:35||NIFTY27JAN2624800PE,0.12087761677576975
09-01-2026 10:35||NIFTY27JAN2624900PE,0.11576461636148162
09-01-2026 10:35||NIFTY27JAN2625100PE,0.10561908974639497
09-01-2026 10:35||NIFTY27JAN2625600CE,0.10957579824673148
09-01-2026 10:35||NIFTY27JAN2626300CE,0.0924752439917631
09-01-2026 10:35||NIFTY27JAN2626400CE,0.09176292190455565
09-01-2026 10:40||NIFTY27JAN2624000PE,0.16606884823477244
09-01-2026 10:40||NIFTY27JAN2624700PE,0.12495984606594147
09-01-2026 10:40||NIFTY27JAN2624800PE,0.11959649873546424
09-01-2026 10:40||NIFTY27JAN2625000PE,0.10954292403931656
09-01-2026 10:40||NIFTY27JAN2625500CE,0.11711212656987144
09-01-2026 10:40||NIFTY27JAN2625700CE,0.10774353339961579
09-01-2026 10:40||NIFTY27JAN2626000CE,0.09785500698977735
09-01-2026 10:40||NIFTY27JAN2626100CE,0.09597679545342969
09-01-2026 10:40||NIFTY27JAN2626400CE,0.091995294319595
09-01-2026 10:40||NIFTY27JAN2626500CE,0.09147353612254633
09-01-2026 10:45||NIFTY27JAN2624400PE,0.14266449371509005
09-01-2026 10:45||NIFTY27JAN2624500PE,0.13690422351602888
09-01-2026 10:45||NIFTY27JAN2624600PE,0.13122855094609387
09-01-2026 10:45||NIFTY27JAN2624700PE,0.12558997154465645
09-01-2026 10:45||NIFTY27JAN2625000PE,0.10963713686760561
09-01-2026 10:45||NIFTY27JAN2625200CE,0.13411257099432639
09-01-2026 10:45||NIFTY27JAN2625400CE,0.12067412884941126
09-01-2026 10:45||NIFTY27JAN2625500CE,0.11484604681027974
09-01-2026 10:45||NIFTY27JAN2626300CE,0.09100159031454962
09-01-2026 10:50||NIFTY27JAN2623800PE,0.17695687750280048
09-01-2026 10:50||NIFTY27JAN2624100PE,0.16115130616604756
09-01-2026 10:50||NIFTY27JAN2624300PE,0.14910778868644
09-01-2026 10:50||NIFTY27JAN2624400PE,0.14315721033246104
09-01-2026 10:50||NIFTY27JAN2625100PE,0.10774127669274862
09-01-2026 10:50||NIFTY27JAN2625800CE,0.09573416355846287
09-01-2026 10:50||NIFTY27JAN2625900CE,0.09371859089630694
09-01-2026 10:50||NIFTY27JAN2626000CE,0.09187497730397666
09-01-2026 10:50||NIFTY27JAN2626400CE,0.08893766886912538
09-01-2026 10:50||NIFTY27JAN2626500CE,0.08926754662851169
09-01-2026 10:55||NIFTY27JAN2623800PE,0.17621497322736387
09-01-2026 10:55||NIFTY27JAN2624700PE,0.12445036877889569
09-01-2026 10:55||NIFTY27JAN2624900PE,0.11463491123479722
09-01-2026 10:55||NIFTY27JAN2626300CE,0.0914112987936136
09-01-2026 11:00||NIFTY27JAN2624100PE,0.1572145125192434
09-01-2026 11:00||NIFTY27JAN2624900PE,0.11349022277654704
09-01-2026 11:00||NIFTY27JAN2625000PE,0.11042528144897155
09-01-2026 11:00||NIFTY27JAN2625100PE,0.10872439580975367
09-01-2026 11:00||NIFTY27JAN2625200CE,0.17169356504336067
09-01-2026 11:00||NIFTY27JAN2625700CE,0.10369569244912721
09-01-2026 11:00||NIFTY27JAN2625800CE,0.10022499995348089
09-01-2026 11:00||NIFTY27JAN2626300CE,0.0918352754970089
09-01-2026 11:05||NIFTY27JAN2624000PE,0.16312480884318428
09-01-2026 11:05||NIFTY27JAN2624400PE,0.13869009759465223
09-01-2026 11:05||NIFTY27JAN2625100PE,0.10395931389645884
09-01-2026 11:05||NIFTY27JAN2625300CE,0.12537735164979108
09-01-2026 11:05||NIFTY27JAN2625500CE,0.11408464821553169
09-01-2026 11:05||NIFTY27JAN2625700CE,0.10590950116136497
09-01-2026 11:05||NIFTY27JAN2626200CE,0.09368118231334041
09-01-2026 11:10||NIFTY27JAN2623900PE,0.17065840230363138
09-01-2026 11:10||NIFTY27JAN2624000PE,0.16462454704428858
09-01-2026 11:10||NIFTY27JAN2624700PE,0.12394484786954191
09-01-2026 11:10||NIFTY27JAN2625100PE,0.1061498372273206
09-01-2026 11:10||NIFTY27JAN2625200CE,0.12080474337156037
09-01-2026 11:10||NIFTY27JAN2625500CE,0.10650287696299598
09-01-2026 11:10||NIFTY27JAN2625800CE,0.09541299831343228
09-01-2026 11:15||NIFTY27JAN2623800PE,0.17408421435032548
09-01-2026 11:15||NIFTY27JAN2624200PE,0.1515443301125884
09-01-2026 11:15||NIFTY27JAN2624300PE,0.14567590561284546
09-01-2026 11:15||NIFTY27JAN2624400PE,0.1398729475218911
09-01-2026 11:15||NIFTY27JAN2624600PE,0.12827267020203043
09-01-2026 11:15||NIFTY27JAN2625100PE,0.10378894185641772
09-01-2026 11:15||NIFTY27JAN2625700CE,0.10244838242151813
09-01-2026 11:15||NIFTY27JAN2626400CE,0.09178544449398289
09-01-2026 11:20||NIFTY27JAN2624400PE,0.1392826863712568
09-01-2026 11:20||NIFTY27JAN2624900PE,0.11233892993648975
09-01-2026 11:20||NIFTY27JAN2625000PE,0.10760756562044396
09-01-2026 11:20||NIFTY27JAN2625200CE,0.13235692766891388
09-01-2026 11:20||NIFTY27JAN2625500CE,0.11080990827038692
09-01-2026 11:20||NIFTY27JAN2625800CE,0.09950577938421593
09-01-2026 11:20||NIFTY27JAN2626100CE,0.09408595738862649
09-01-2026 11:25||NIFTY27JAN2624400PE,0.13992689504101807
09-01-2026 11:25||NIFTY27JAN2624600PE,0.1276980005739179
09-01-2026 11:25||NIFTY27JAN2624800PE,0.11683718259462303
09-01-2026 11:25||NIFTY27JAN2625100PE,0.10376966958121768
09-01-2026 11:25||NIFTY27JAN2625200CE,0.12800280085508084
09-01-2026 11:25||NIFTY27JAN2625600CE,0.11000088327138645
09-01-2026 11:30||NIFTY27JAN2624000PE,0.16277601092767158
09-01-2026 11:30||NIFTY27JAN2624100PE,0.15729048003944868
09-01-2026 11:30||NIFTY27JAN2624200PE,0.1517488152823231
09-01-2026 11:30||NIFTY27JAN2624500PE,0.13431746998915953
09-01-2026 11:30||NIFTY27JAN2624600PE,0.12862914136166098
09-01-2026 11:30||NIFTY27JAN2624900PE,0.11212119947328189
09-01-2026 11:30||NIFTY27JAN2625000PE,0.10653648467831713
09-01-2026 11:30||NIFTY27JAN2625100PE,0.10100346251975018
09-01-2026 11:30||NIFTY27JAN2625300CE,0.12250163522052473
09-01-2026 11:30||NIFTY27JAN2626000CE,0.09234024155176482
09-01-2026 11:30||NIFTY27JAN2626200CE,0.09051356859521421
09-01-2026 11:35||NIFTY27JAN2624100PE,0.15735810283077567
09-01-2026 11:35||NIFTY27JAN2624600PE,0.12798523753564772
09-01-2026 11:35||NIFTY27JAN2625200CE,0.12212091436039907
09-01-2026 11:35||NIFTY27JAN2625300CE,0.11708204134409274
09-01-2026 11:35||NIFTY27JAN2625700CE,0.10197231156257906
09-01-2026 11:35||NIFTY27JAN2625800CE,0.09946594153352509
09-01-2026 11:35||NIFTY27JAN2625900CE,0.09710008041953408
09-01-2026 11:40||NIFTY27JAN2624000PE,0.16227987281510092
09-01-2026 11:40||NIFTY27JAN2624300PE,0.14477442217564984
09-01-2026 11:40||NIFTY27JAN2624600PE,0.12814022941194853
09-01-2026 11:40||NIFTY27JAN2624700PE,0.12296727720009873
09-01-2026 11:40||NIFTY27JAN2624800PE,0.11796826669948701
09-01-2026 11:40||NIFTY27JAN2624900PE,0.11316463733753179
09-01-2026 11:40||NIFTY27JAN2625000PE,0.10859051067757317
09-01-2026 11:40||NIFTY27JAN2625300CE,0.11820483018256411
09-01-2026 11:40||NIFTY27JAN2625800CE,0.09871582901447276
09-01-2026 11:40||NIFTY27JAN2625900CE,0.09691540689392128
09-01-2026 11:45||NIFTY27JAN2624900PE,0.1135799789740831
09-01-2026 11:45||NIFTY27JAN2625900CE,0.09740731117953846
09-01-2026 11:45||NIFTY27JAN2626000CE,0.09564828919827066
09-01-2026 11:45||NIFTY27JAN2626200CE,0.09347955670474681
09-01-2026 11:45||NIFTY27JAN2626500CE,0.09269754066791053
09-01-2026 11:50||NIFTY27JAN2623800PE,0.16974787595417215
09-01-2026 11:50||NIFTY27JAN2624100PE,0.15758767850368444
09-01-2026 11:50||NIFTY27JAN2625000PE,0.10848945029057636
09-01-2026 11:50||NIFTY27JAN2625200CE,0.1186610720005621
09-01-2026 11:50||NIFTY27JAN2625400CE,0.11254297664556459
09-01-2026 11:50||NIFTY27JAN2625500CE,0.10948151423324973
09-01-2026 11:50||NIFTY27JAN2626000CE,0.09687227717302896
09-01-2026 11:50||NIFTY27JAN2626500CE,0.09275718819460148
09-01-2026 11:55||NIFTY27JAN2623800PE,0.17442160941322127
09-01-2026 11:55||NIFTY27JAN2624100PE,0.1581950795198523
09-01-2026 11:55||NIFTY27JAN2624200PE,0.15129078660633627
09-01-2026 11:55||NIFTY27JAN2624300PE,0.14434157187114816
09-01-2026 11:55||NIFTY27JAN2624500PE,0.13232562703720468
09-01-2026 11:55||NIFTY27JAN2624600PE,0.12722915475622476
09-01-2026 11:55||NIFTY27JAN2624800PE,0.11787361120264382
09-01-2026 11:55||NIFTY27JAN2624900PE,0.11352740789655
09-01-2026 11:55||NIFTY27JAN2625400CE,0.11485306921887406
09-01-2026 11:55||NIFTY27JAN2625600CE,0.10656680663788518
09-01-2026 11:55||NIFTY27JAN2625800CE,0.10054700860378372
09-01-2026 11:55||NIFTY27JAN2626000CE,0.09644434423121283
09-01-2026 11:55||NIFTY27JAN2626300CE,0.09399383698904773
09-01-2026 12:00||NIFTY27JAN2623800PE,0.17408533790611613
09-01-2026 12:00||NIFTY27JAN2624000PE,0.16343749408464825
09-01-2026 12:00||NIFTY27JAN2624400PE,0.1381775572113892
09-01-2026 12:00||NIFTY27JAN2624800PE,0.1155956493315824
09-01-2026 12:00||NIFTY27JAN2625000PE,0.10619148409003015
09-01-2026 12:00||NIFTY27JAN2625400CE,0.11965434430055746
09-01-2026 12:00||NIFTY27JAN2625600CE,0.1120278661842814
09-01-2026 12:00||NIFTY27JAN2625800CE,0.10416596705231601
09-01-2026 12:00||NIFTY27JAN2626300CE,0.09556146548588623
09-01-2026 12:05||NIFTY27JAN2623800PE,0.17150895962699614
09-01-2026 12:05||NIFTY27JAN2624600PE,0.12786499654891184
09-01-2026 12:05||NIFTY27JAN2625500CE,0.1097013445217499
09-01-2026 12:05||NIFTY27JAN2625600CE,0.1060339324472119
09-01-2026 12:05||NIFTY27JAN2626000CE,0.09580766033414
09-01-2026 12:05||NIFTY27JAN2626500CE,0.09376965099385025
09-01-2026 12:10||NIFTY27JAN2624200PE,0.15202875243260283
09-01-2026 12:10||NIFTY27JAN2624300PE,0.14545453186343704
09-01-2026 12:10||NIFTY27JAN2625500CE,0.10609061596921865
09-01-2026 12:10||NIFTY27JAN2625900CE,0.09663734327644852
09-01-2026 12:10||NIFTY27JAN2626300CE,0.0936378806347423
09-01-2026 12:15||NIFTY27JAN2623800PE,0.17615012345698436
09-01-2026 12:15||NIFTY27JAN2624000PE,0.1624088143992907
09-01-2026 12:15||NIFTY27JAN2624100PE,0.15588258628541934
09-01-2026 12:15||NIFTY27JAN2624200PE,0.1496187500230654
09-01-2026 12:15||NIFTY27JAN2624300PE,0.14358478632252475
09-01-2026 12:15||NIFTY27JAN2625400CE,0.11198760771035302
09-01-2026 12:15||NIFTY27JAN2625500CE,0.10793983658732088
09-01-2026 12:15||NIFTY27JAN2625800CE,0.09961960938926823
09-01-2026 12:15||NIFTY27JAN2625900CE,0.09761811599691483
09-01-2026 12:15||NIFTY27JAN2626200CE,0.09370052170513173
09-01-2026 12:15||NIFTY27JAN2626300CE,0.0932825555491175
09-01-2026 12:15||NIFTY27JAN2626400CE,0.09324720404553798
09-01-2026 12:15||NIFTY27JAN2626500CE,0.09359899154318048
09-01-2026 12:20||NIFTY27JAN2624000PE,0.16271963619526433
09-01-2026 12:20||NIFTY27JAN2624700PE,0.12118716855347647
09-01-2026 12:20||NIFTY27JAN2624800PE,0.11642511959729404
09-01-2026 12:20||NIFTY27JAN2625000PE,0.10755277901022817
09-01-2026 12:20||NIFTY27JAN2626300CE,0.09357495233635929
09-01-2026 12:25||NIFTY27JAN2623900PE,0.16896813328894916
09-01-2026 12:25||NIFTY27JAN2624200PE,0.15042164180823225
09-01-2026 12:25||NIFTY27JAN2624400PE,0.13856869534766553
09-01-2026 12:25||NIFTY27JAN2624600PE,0.12715850171110016
09-01-2026 12:25||NIFTY27JAN2625000PE,0.10870502453569293
09-01-2026 12:25||NIFTY27JAN2626200CE,0.09191083403541553
09-01-2026 12:30||NIFTY27JAN2623800PE,0.17189208892919028
09-01-2026 12:30||NIFTY27JAN2624100PE,0.15703343482964713
09-01-2026 12:30||NIFTY27JAN2624400PE,0.13833109398647617
09-01-2026 12:30||NIFTY27JAN2624900PE,0.11256600480699432
09-01-2026 12:30||NIFTY27JAN2625700CE,0.0988462036704113
09-01-2026 12:30||NIFTY27JAN2626300CE,0.0940155223517834
09-01-2026 12:30||NIFTY27JAN2626400CE,0.09506017036727227
09-01-2026 12:35||NIFTY27JAN2624100PE,0.15902441467492912
09-01-2026 12:35||NIFTY27JAN2624300PE,0.1462223637314367
09-01-2026 12:35||NIFTY27JAN2624700PE,0.12427615546377063
09-01-2026 12:35||NIFTY27JAN2624900PE,0.11578577853880538
09-01-2026 12:35||NIFTY27JAN2625100PE,0.10829240569700371
09-01-2026 12:35||NIFTY27JAN2625700CE,0.09809977703785648
09-01-2026 12:35||NIFTY27JAN2625800CE,0.09647292522277583
09-01-2026 12:35||NIFTY27JAN2626400CE,0.09610822481509505
09-01-2026 12:40||NIFTY27JAN2623800PE,0.17486222197813
09-01-2026 12:40||NIFTY27JAN2624100PE,0.1585538213443207
09-01-2026 12:40||NIFTY27JAN2624500PE,0.13380396844493775
09-01-2026 12:40||NIFTY27JAN2625200CE,0.11753387672271882
09-01-2026 12:40||NIFTY27JAN2625400CE,0.10942958993506588
09-01-2026 12:40||NIFTY27JAN2625500CE,0.10605764642851073
09-01-2026 12:40||NIFTY27JAN2625800CE,0.09942803320765786
09-01-2026 12:40||NIFTY27JAN2626100CE,0.09649297450338903
09-01-2026 12:40||NIFTY27JAN2626500CE,0.09923993100135878
09-01-2026 12:45||NIFTY27JAN2623900PE,0.1702798209579201
09-01-2026 12:45||NIFTY27JAN2624100PE,0.1584290179300239
09-01-2026 12:45||NIFTY27JAN2624200PE,0.1518732407792491
09-01-2026 12:45||NIFTY27JAN2625100PE,0.10649775760364004
09-01-2026 12:45||NIFTY27JAN2625300CE,0.10522576221055208
09-01-2026 12:45||NIFTY27JAN2625800CE,0.09760000029501727
09-01-2026 12:45||NIFTY27JAN2625900CE,0.09670373456068729
09-01-2026 12:45||NIFTY27JAN2626000CE,0.09600463981745572
09-01-2026 12:45||NIFTY27JAN2626400CE,0.09846392010380753
09-01-2026 12:50||NIFTY27JAN2623800PE,0.1778338874206539
09-01-2026 12:50||NIFTY27JAN2624000PE,0.16330104545039104
09-01-2026 12:50||NIFTY27JAN2624100PE,0.15629706794707954
09-01-2026 12:50||NIFTY27JAN2625300CE,0.12175021869375538
09-01-2026 12:50||NIFTY27JAN2625500CE,0.11162467585703426
09-01-2026 12:50||NIFTY27JAN2625800CE,0.10201726956552686
09-01-2026 12:50||NIFTY27JAN2626200CE,0.09837140575940467
09-01-2026 12:55||NIFTY27JAN2623900PE,0.16973428469260904
09-01-2026 12:55||NIFTY27JAN2624100PE,0.15781882486464338
09-01-2026 12:55||NIFTY27JAN2624500PE,0.1328963642225621
09-01-2026 12:55||NIFTY27JAN2624800PE,0.11751931136372865
09-01-2026 12:55||NIFTY27JAN2625600CE,0.10499645432851368
09-01-2026 12:55||NIFTY27JAN2625700CE,0.10243883015070755
09-01-2026 12:55||NIFTY27JAN2625800CE,0.10008005337771854
09-01-2026 13:00||NIFTY27JAN2624200PE,0.15092477015745265
09-01-2026 13:00||NIFTY27JAN2624400PE,0.13908817654332312
09-01-2026 13:00||NIFTY27JAN2624500PE,0.13322060096430585
09-01-2026 13:00||NIFTY27JAN2624700PE,0.12272148084507162
09-01-2026 13:00||NIFTY27JAN2624900PE,0.11388329349806786
09-01-2026 13:00||NIFTY27JAN2625200CE,0.1164882405082717
09-01-2026 13:00||NIFTY27JAN2625400CE,0.10977682862496738
09-01-2026 13:00||NIFTY27JAN2625600CE,0.104149078103841
09-01-2026 13:00||NIFTY27JAN2625800CE,0.0998020360127719
09-01-2026 13:00||NIFTY27JAN2626400CE,0.09828151055755095
09-01-2026 13:05||NIFTY27JAN2623900PE,0.17009867791160854
09-01-2026 13:05||NIFTY27JAN2624100PE,0.15826083942248217
09-01-2026 13:05||NIFTY27JAN2624300PE,0.1455205728770055
09-01-2026 13:05||NIFTY27JAN2624400PE,0.1392845617293515
09-01-2026 13:05||NIFTY27JAN2624700PE,0.12207242226190634
09-01-2026 13:05||NIFTY27JAN2624800PE,0.11740044474741618
09-01-2026 13:05||NIFTY27JAN2624900PE,0.1128623813803904
09-01-2026 13:05||NIFTY27JAN2625000PE,0.10859691038048203
09-01-2026 13:05||NIFTY27JAN2626000CE,0.09839538857919326
09-01-2026 13:05||NIFTY27JAN2626400CE,0.09938537072803796
09-01-2026 13:05||NIFTY27JAN2626500CE,0.10126259007588372
09-01-2026 13:10||NIFTY27JAN2623900PE,0.1693757743428233
09-01-2026 13:10||NIFTY27JAN2624000PE,0.1632905738809336
09-01-2026 13:10||NIFTY27JAN2624100PE,0.1572566278195211
09-01-2026 13:10||NIFTY27JAN2624200PE,0.15125958775646695
09-01-2026 13:10||NIFTY27JAN2624300PE,0.14526777957679793
09-01-2026 13:10||NIFTY27JAN2624900PE,0.11355684291387876
09-01-2026 13:10||NIFTY27JAN2625200CE,0.12314560575613373
09-01-2026 13:10||NIFTY27JAN2625900CE,0.09980702149740728
09-01-2026 13:10||NIFTY27JAN2626100CE,0.0978615639023957
09-01-2026 13:10||NIFTY27JAN2626400CE,0.09875778215143503
09-01-2026 13:15||NIFTY27JAN2623900PE,0.1702527687235233
09-01-2026 13:15||NIFTY27JAN2624100PE,0.15822182239662153
09-01-2026 13:15||NIFTY27JAN2624400PE,0.13904186071497296
09-01-2026 13:15||NIFTY27JAN2625000PE,0.10847215800648258
09-01-2026 13:15||NIFTY27JAN2625100PE,0.10379429552109057
09-01-2026 13:15||NIFTY27JAN2625300CE,0.11631586282069648
09-01-2026 13:15||NIFTY27JAN2625700CE,0.10425256709366637
09-01-2026 13:15||NIFTY27JAN2625800CE,0.10201152935823482
09-01-2026 13:15||NIFTY27JAN2625900CE,0.10006194765853156
09-01-2026 13:15||NIFTY27JAN2626100CE,0.09878815172981795
09-01-2026 13:15||NIFTY27JAN2626200CE,0.09901844822455254
09-01-2026 13:15||NIFTY27JAN2626300CE,0.09927610579463549
09-01-2026 13:15||NIFTY27JAN2626400CE,0.09964814182318359
09-01-2026 13:20||NIFTY27JAN2624100PE,0.15824608696464143
09-01-2026 13:20||NIFTY27JAN2625000PE,0.10861274154943129
09-01-2026 13:20||NIFTY27JAN2625200CE,0.12152825686484182
09-01-2026 13:20||NIFTY27JAN2625600CE,0.10423441655345106
09-01-2026 13:25||NIFTY27JAN2624500PE,0.13356879134789687
09-01-2026 13:25||NIFTY27JAN2625000PE,0.10864228189932401
09-01-2026 13:25||NIFTY27JAN2625100PE,0.10467474603724068
09-01-2026 13:25||NIFTY27JAN2625200CE,0.11465710143115905
09-01-2026 13:25||NIFTY27JAN2625300CE,0.1127433827280794
09-01-2026 13:25||NIFTY27JAN2625400CE,0.11047990109566858
09-01-2026 13:25||NIFTY27JAN2626200CE,0.09751774703788044
09-01-2026 13:30||NIFTY27JAN2623800PE,0.17740546221055065
09-01-2026 13:30||NIFTY27JAN2624300PE,0.14699971453196595
09-01-2026 13:30||NIFTY27JAN2624400PE,0.14106718985858663
09-01-2026 13:30||NIFTY27JAN2624900PE,0.11532030938313252
09-01-2026 13:30||NIFTY27JAN2625400CE,0.10666393506613452
09-01-2026 13:30||NIFTY27JAN2625900CE,0.09655782769439625
09-01-2026 13:30||NIFTY27JAN2626400CE,0.09737619798849909
09-01-2026 13:35||NIFTY27JAN2623900PE,0.16907393629482922
09-01-2026 13:35||NIFTY27JAN2624100PE,0.15737569904536794
09-01-2026 13:35||NIFTY27JAN2624300PE,0.14500327057733386
09-01-2026 13:35||NIFTY27JAN2624400PE,0.138962115615469
09-01-2026 13:35||NIFTY27JAN2624600PE,0.12698266115077717
09-01-2026 13:35||NIFTY27JAN2625100PE,0.10549066841659781
09-01-2026 13:35||NIFTY27JAN2625300CE,0.12192737382483959
09-01-2026 13:35||NIFTY27JAN2625400CE,0.11683631299615432
09-01-2026 13:35||NIFTY27JAN2625900CE,0.10116642899415179
09-01-2026 13:35||NIFTY27JAN2626100CE,0.09891313751410341
09-01-2026 13:40||NIFTY27JAN2624000PE,0.16241066400966186
09-01-2026 13:40||NIFTY27JAN2624500PE,0.13427015149135438
09-01-2026 13:40||NIFTY27JAN2624800PE,0.11921001708745566
09-01-2026 13:40||NIFTY27JAN2625100PE,0.10804265079857296
09-01-2026 13:40||NIFTY27JAN2625300CE,0.10669526324809347
09-01-2026 13:40||NIFTY27JAN2625500CE,0.10107014573927134
09-01-2026 13:40||NIFTY27JAN2626000CE,0.09402014982918425
09-01-2026 13:40||NIFTY27JAN2626500CE,0.0982501428984357
09-01-2026 13:45||NIFTY27JAN2623900PE,0.16872025572042246
09-01-2026 13:45||NIFTY27JAN2624100PE,0.1569966235052312
09-01-2026 13:45||NIFTY27JAN2624300PE,0.1447472373735334
09-01-2026 13:45||NIFTY27JAN2624400PE,0.138787163825125
09-01-2026 13:45||NIFTY27JAN2624900PE,0.11318890751279832
09-01-2026 13:45||NIFTY27JAN2625200CE,0.11493716381072382
09-01-2026 13:45||NIFTY27JAN2626000CE,0.09708902467051253
09-01-2026 13:50||NIFTY27JAN2623800PE,0.17215087553714875
09-01-2026 13:50||NIFTY27JAN2624500PE,0.13356885446560002
09-01-2026 13:50||NIFTY27JAN2624600PE,0.1283692478626302
09-01-2026 13:50||NIFTY27JAN2624700PE,0.12331588026266793
09-01-2026 13:50||NIFTY27JAN2625400CE,0.10973710053337596
09-01-2026 13:50||NIFTY27JAN2625800CE,0.09873804028347792
09-01-2026 13:50||NIFTY27JAN2626100CE,0.09657463413061397
09-01-2026 13:50||NIFTY27JAN2626400CE,0.09874275120961581
09-01-2026 13:55||NIFTY27JAN2624000PE,0.15998861106457624
09-01-2026 13:55||NIFTY27JAN2624500PE,0.1308218550372941
09-01-2026 13:55||NIFTY27JAN2625200CE,0.12195381991580395
09-01-2026 13:55||NIFTY27JAN2625400CE,0.11582030027860091
09-01-2026 13:55||NIFTY27JAN2625500CE,0.11282791522717545
09-01-2026 13:55||NIFTY27JAN2626400CE,0.10125944774107265
09-01-2026 14:00||NIFTY27JAN2624200PE,0.15127907609107394
09-01-2026 14:00||NIFTY27JAN2624300PE,0.1455369543006676
09-01-2026 14:00||NIFTY27JAN2624400PE,0.1398103628871594
09-01-2026 14:00||NIFTY27JAN2625500CE,0.10577793800013377
09-01-2026 14:00||NIFTY27JAN2625600CE,0.10309419666454278
09-01-2026 14:00||NIFTY27JAN2625800CE,0.0987799355007915
09-01-2026 14:00||NIFTY27JAN2626000CE,0.09634942868274948
09-01-2026 14:05||NIFTY27JAN2624100PE,0.1570681347944553
09-01-2026 14:05||NIFTY27JAN2624300PE,0.14468483149203562
09-01-2026 14:05||NIFTY27JAN2624400PE,0.13874987556117796
09-01-2026 14:05||NIFTY27JAN2624800PE,0.11711825854163438
09-01-2026 14:05||NIFTY27JAN2625200CE,0.125918628495928
09-01-2026 14:05||NIFTY27JAN2625400CE,0.11485564660886474
09-01-2026 14:05||NIFTY27JAN2625900CE,0.10001640464916171
09-01-2026 14:05||NIFTY27JAN2626400CE,0.0996165241003087
09-01-2026 14:10||NIFTY27JAN2624300PE,0.1446524273678576
09-01-2026 14:10||NIFTY27JAN2624700PE,0.12279339855509384
09-01-2026 14:10||NIFTY27JAN2625300CE,0.11263784078579361
09-01-2026 14:10||NIFTY27JAN2626300CE,0.09658292570100806
09-01-2026 14:10||NIFTY27JAN2626400CE,0.09755688551730668
09-01-2026 14:10||NIFTY27JAN2626500CE,0.09895283117930996
09-01-2026 14:15||NIFTY27JAN2624400PE,0.1379606437248035
09-01-2026 14:15||NIFTY27JAN2625500CE,0.10538371618311215
09-01-2026 14:20||NIFTY27JAN2623900PE,0.16758883778274392
09-01-2026 14:20||NIFTY27JAN2624000PE,0.1618101727405219
09-01-2026 14:20||NIFTY27JAN2624100PE,0.15603376702852256
09-01-2026 14:20||NIFTY27JAN2624300PE,0.14451500808943657
09-01-2026 14:20||NIFTY27JAN2624400PE,0.13877296254398092
09-01-2026 14:20||NIFTY27JAN2625000PE,0.10896624459873683
09-01-2026 14:20||NIFTY27JAN2625200CE,0.11524754510725388
09-01-2026 14:20||NIFTY27JAN2625400CE,0.10896832500897641
09-01-2026 14:20||NIFTY27JAN2625800CE,0.09976561358787961
09-01-2026 14:20||NIFTY27JAN2625900CE,0.09843927413671691
09-01-2026 14:25||NIFTY27JAN2624100PE,0.15709678121528192
09-01-2026 14:25||NIFTY27JAN2624200PE,0.15087390084405222
09-01-2026 14:25||NIFTY27JAN2624300PE,0.14477333242162663
09-01-2026 14:25||NIFTY27JAN2624900PE,0.11460375828646427
09-01-2026 14:25||NIFTY27JAN2625100PE,0.10625544458753658
09-01-2026 14:25||NIFTY27JAN2625300CE,0.11062826508034529
09-01-2026 14:25||NIFTY27JAN2625600CE,0.10087309348144893
09-01-2026 14:25||NIFTY27JAN2625700CE,0.09897241955645475
09-01-2026 14:25||NIFTY27JAN2626100CE,0.09564219112674079
09-01-2026 14:30||NIFTY27JAN2624000PE,0.16176628455052788
09-01-2026 14:30||NIFTY27JAN2624200PE,0.14881178908260628
09-01-2026 14:30||NIFTY27JAN2624400PE,0.1371022476356835
09-01-2026 14:30||NIFTY27JAN2625000PE,0.10719222772108254
09-01-2026 14:30||NIFTY27JAN2625400CE,0.11671390891002362
09-01-2026 14:30||NIFTY27JAN2625900CE,0.10116540151061156
09-01-2026 14:30||NIFTY27JAN2626300CE,0.09941219694884906
09-01-2026 14:30||NIFTY27JAN2626400CE,0.10055107179022779
09-01-2026 14:35||NIFTY27JAN2624200PE,0.1496130681142271
09-01-2026 14:35||NIFTY27JAN2624300PE,0.143628575797263
09-01-2026 14:35||NIFTY27JAN2624600PE,0.12694032207025185
09-01-2026 14:35||NIFTY27JAN2625800CE,0.10068838593993924
09-01-2026 14:35||NIFTY27JAN2626300CE,0.09857825197829864
09-01-2026 14:40||NIFTY27JAN2623800PE,0.1730839628066132
09-01-2026 14:40||NIFTY27JAN2625200CE,0.12399966883331996
09-01-2026 14:40||NIFTY27JAN2625400CE,0.11457588197012883
09-01-2026 14:40||NIFTY27JAN2625600CE,0.10726072812502258
09-01-2026 14:40||NIFTY27JAN2625900CE,0.10028230077305003
09-01-2026 14:40||NIFTY27JAN2626100CE,0.09862982271396573
09-01-2026 14:40||NIFTY27JAN2626400CE,0.10024274205772263
09-01-2026 14:45||NIFTY27JAN2624000PE,0.16172270589072285
09-01-2026 14:45||NIFTY27JAN2624500PE,0.13255378359797976
09-01-2026 14:45||NIFTY27JAN2624600PE,0.12713342612147846
09-01-2026 14:45||NIFTY27JAN2625300CE,0.11450161561284297
09-01-2026 14:45||NIFTY27JAN2625600CE,0.10501092039175042
09-01-2026 14:50||NIFTY27JAN2623900PE,0.16894805078073596
09-01-2026 14:50||NIFTY27JAN2624100PE,0.15720040484757247
09-01-2026 14:50||NIFTY27JAN2625600CE,0.10552589234871548
09-01-2026 14:50||NIFTY27JAN2626000CE,0.097750112322781
09-01-2026 14:50||NIFTY27JAN2626300CE,0.09823746572872288
09-01-2026 14:55||NIFTY27JAN2623800PE,0.17632122489674962
09-01-2026 14:55||NIFTY27JAN2623900PE,0.16990328126197346
09-01-2026 14:55||NIFTY27JAN2624000PE,0.16344941025029142
09-01-2026 14:55||NIFTY27JAN2624800PE,0.11771136249759676
09-01-2026 14:55||NIFTY27JAN2624900PE,0.11344364281627428
09-01-2026 14:55||NIFTY27JAN2625600CE,0.10311727245697175
09-01-2026 14:55||NIFTY27JAN2625700CE,0.10070300276875206
09-01-2026 14:55||NIFTY27JAN2625900CE,0.09776712636785935
09-01-2026 15:00||NIFTY27JAN2624000PE,0.16174304651889765
09-01-2026 15:00||NIFTY27JAN2624300PE,0.14394202382905286
09-01-2026 15:00||NIFTY27JAN2624600PE,0.12705554397439017
09-01-2026 15:00||NIFTY27JAN2625200CE,0.12139068205065824
09-01-2026 15:00||NIFTY27JAN2625400CE,0.1128599441755577
09-01-2026 15:00||NIFTY27JAN2625600CE,0.10638370473142736
09-01-2026 15:00||NIFTY27JAN2625700CE,0.10346983543424283
09-01-2026 15:00||NIFTY27JAN2625800CE,0.10085329359191897
09-01-2026 15:00||NIFTY27JAN2626500CE,0.10114042438042262
09-01-2026 15:05||NIFTY27JAN2623800PE,0.17414966845872187
09-01-2026 15:05||NIFTY27JAN2624200PE,0.15018115980154573
09-01-2026 15:05||NIFTY27JAN2624300PE,0.14390390090449412
09-01-2026 15:05||NIFTY27JAN2625000PE,0.10675884427081525
09-01-2026 15:05||NIFTY27JAN2625100PE,0.10192634477107257
09-01-2026 15:05||NIFTY27JAN2625600CE,0.1059484174075723
09-01-2026 15:05||NIFTY27JAN2626000CE,0.0977605177946572
09-01-2026 15:05||NIFTY27JAN2626500CE,0.1009148485775888
09-01-2026 15:10||NIFTY27JAN2623800PE,0.17317525560773728
09-01-2026 15:10||NIFTY27JAN2624000PE,0.1620017780900131
09-01-2026 15:10||NIFTY27JAN2624500PE,0.13224073484331345
09-01-2026 15:10||NIFTY27JAN2624600PE,0.12676697866734316
09-01-2026 15:10||NIFTY27JAN2625000PE,0.10811179856454751
09-01-2026 15:10||NIFTY27JAN2625100PE,0.10368598425514322
09-01-2026 15:10||NIFTY27JAN2625200CE,0.11847899415086266
09-01-2026 15:10||NIFTY27JAN2625800CE,0.10155144139344191
09-01-2026 15:10||NIFTY27JAN2626200CE,0.09723799172022435
09-01-2026 15:10||NIFTY27JAN2626500CE,0.10160416036555459
09-01-2026 15:15||NIFTY27JAN2624200PE,0.1515345493204568
09-01-2026 15:15||NIFTY27JAN2624300PE,0.1452386560792911
09-01-2026 15:15||NIFTY27JAN2624500PE,0.13343230247247695
09-01-2026 15:15||NIFTY27JAN2624700PE,0.12335235742950917
09-01-2026 15:15||NIFTY27JAN2624900PE,0.11473666915902958
09-01-2026 15:15||NIFTY27JAN2625200CE,0.1154550943948322
09-01-2026 15:15||NIFTY27JAN2625300CE,0.111370495402052
09-01-2026 15:15||NIFTY27JAN2625900CE,0.0971497309079597
09-01-2026 15:15||NIFTY27JAN2626000CE,0.09634429490375987
09-01-2026 15:20||NIFTY27JAN2623800PE,0.17391168734750653
09-01-2026 15:20||NIFTY27JAN2624000PE,0.16244759708907108
09-01-2026 15:20||NIFTY27JAN2624700PE,0.12398410172228891
09-01-2026 15:20||NIFTY27JAN2625100PE,0.1066541281697622
09-01-2026 15:20||NIFTY27JAN2625200CE,0.12290161196428775
09-01-2026 15:20||NIFTY27JAN2625300CE,0.11738961020556321
09-01-2026 15:20||NIFTY27JAN2625600CE,0.10528159936719428
09-01-2026 15:20||NIFTY27JAN2625800CE,0.10086925296286425
09-01-2026 15:20||NIFTY27JAN2626100CE,0.09777436494703626
09-01-2026 15:25||NIFTY27JAN2624100PE,0.15915559121567885
09-01-2026 15:25||NIFTY27JAN2624200PE,0.15333224048688873
09-01-2026 15:25||NIFTY27JAN2624300PE,0.1471271030602261
09-01-2026 15:25||NIFTY27JAN2624400PE,0.14083069485120747
09-01-2026 15:25||NIFTY27JAN2625500CE,0.11671743473647578
09-01-2026 15:25||NIFTY27JAN2626000CE,0.10252848958501004
09-01-2026 15:25||NIFTY27JAN2626100CE,0.10119766702852395
12-01-2026 09:15||NIFTY27JAN2623900PE,0.18212217502823574
12-01-2026 09:15||NIFTY27JAN2624000PE,0.17503337592721555
12-01-2026 09:15||NIFTY27JAN2624500PE,0.1451908421217318
12-01-2026 09:15||NIFTY27JAN2624900PE,0.12505812880117023
12-01-2026 09:15||NIFTY27JAN2625200CE,0.1156432456323098
12-01-2026 09:15||NIFTY27JAN2626000CE,0.10300707041276262
12-01-2026 09:15||NIFTY27JAN2626100CE,0.10314588160700237
12-01-2026 09:15||NIFTY27JAN2626400CE,0.10697367650195788
12-01-2026 09:20||NIFTY27JAN2624200PE,0.16313280809244785
12-01-2026 09:20||NIFTY27JAN2624600PE,0.1387087670019582
12-01-2026 09:20||NIFTY27JAN2624800PE,0.1283507073710033
12-01-2026 09:20||NIFTY27JAN2625000PE,0.11937059399408759
12-01-2026 09:20||NIFTY27JAN2625100PE,0.11534480976145078
12-01-2026 09:20||NIFTY27JAN2625200CE,0.12502376552969088
12-01-2026 09:20||NIFTY27JAN2625600CE,0.11415354790597704
12-01-2026 09:20||NIFTY27JAN2625800CE,0.11032777062191002
12-01-2026 09:25||NIFTY27JAN2624400PE,0.14927058787744157
12-01-2026 09:25||NIFTY27JAN2624700PE,0.13264485881197546
12-01-2026 09:25||NIFTY27JAN2625500CE,0.1222144616450799
12-01-2026 09:25||NIFTY27JAN2625600CE,0.11954411024121189
12-01-2026 09:25||NIFTY27JAN2625800CE,0.11484944002655184
12-01-2026 09:25||NIFTY27JAN2626200CE,0.11347088458014792
12-01-2026 09:25||NIFTY27JAN2626400CE,0.11755170723443792
12-01-2026 09:30||NIFTY27JAN2623900PE,0.18042725106624527
12-01-2026 09:30||NIFTY27JAN2624000PE,0.1740597838729826
12-01-2026 09:30||NIFTY27JAN2624100PE,0.16764287672338762
12-01-2026 09:30||NIFTY27JAN2624400PE,0.14879654817357332
12-01-2026 09:30||NIFTY27JAN2624700PE,0.1311867971885493
12-01-2026 09:30||NIFTY27JAN2625200CE,0.13943697834663843
12-01-2026 09:30||NIFTY27JAN2625600CE,0.12390721425507524
12-01-2026 09:30||NIFTY27JAN2625800CE,0.11795747056020064
12-01-2026 09:30||NIFTY27JAN2626000CE,0.11487023525433829
12-01-2026 09:30||NIFTY27JAN2626500CE,0.1216198092192176
12-01-2026 09:35||NIFTY27JAN2623900PE,0.17942783268411433
12-01-2026 09:35||NIFTY27JAN2624500PE,0.1429376947676433
12-01-2026 09:35||NIFTY27JAN2624600PE,0.13737991260995708
12-01-2026 09:35||NIFTY27JAN2624700PE,0.13191366235898289
12-01-2026 09:35||NIFTY27JAN2625000PE,0.11566613877858552
12-01-2026 09:35||NIFTY27JAN2625100PE,0.11023918875128058
12-01-2026 09:35||NIFTY27JAN2625300CE,0.13482285904511299
12-01-2026 09:35||NIFTY27JAN2625400CE,0.129795071722005
12-01-2026 09:35||NIFTY27JAN2625700CE,0.11847310535631178
12-01-2026 09:35||NIFTY27JAN2625800CE,0.11626789333511997
12-01-2026 09:35||NIFTY27JAN2625900CE,0.11437701129101749
12-01-2026 09:35||NIFTY27JAN2626200CE,0.11306371668839729
12-01-2026 09:35||NIFTY27JAN2626400CE,0.11637904666805005
12-01-2026 09:35||NIFTY27JAN2626500CE,0.11906699557759003
12-01-2026 09:40||NIFTY27JAN2623900PE,0.1804819259666482
12-01-2026 09:40||NIFTY27JAN2624200PE,0.1619748904325712
12-01-2026 09:40||NIFTY27JAN2624600PE,0.13938290887276691
12-01-2026 09:40||NIFTY27JAN2624700PE,0.13390501157581686
12-01-2026 09:40||NIFTY27JAN2625200CE,0.132601000242383
12-01-2026 09:40||NIFTY27JAN2625400CE,0.12416926777881246
12-01-2026 09:40||NIFTY27JAN2625900CE,0.11203864007638453
12-01-2026 09:40||NIFTY27JAN2626000CE,0.1112992052579619
12-01-2026 09:40||NIFTY27JAN2626400CE,0.11629668832399354
12-01-2026 09:45||NIFTY27JAN2623900PE,0.18080767025011066
12-01-2026 09:45||NIFTY27JAN2624800PE,0.12593785462648935
12-01-2026 09:45||NIFTY27JAN2625000PE,0.11555179230334373
12-01-2026 09:45||NIFTY27JAN2625600CE,0.12852600482494206
12-01-2026 09:45||NIFTY27JAN2625700CE,0.12441366698291043
12-01-2026 09:45||NIFTY27JAN2626400CE,0.11832144279171061
12-01-2026 09:45||NIFTY27JAN2626500CE,0.12108083718308417
12-01-2026 09:50||NIFTY27JAN2624100PE,0.17008234364516667
12-01-2026 09:50||NIFTY27JAN2624300PE,0.15739635229227492
12-01-2026 09:50||NIFTY27JAN2625000PE,0.11925222484026776
12-01-2026 09:50||NIFTY27JAN2625300CE,0.1321301419128554
12-01-2026 09:50||NIFTY27JAN2625400CE,0.1275099474921867
12-01-2026 09:50||NIFTY27JAN2625900CE,0.11300782233053111
12-01-2026 09:50||NIFTY27JAN2626000CE,0.11231326284829371
12-01-2026 09:50||NIFTY27JAN2626100CE,0.11172744348487706
12-01-2026 09:55||NIFTY27JAN2623800PE,0.18865212120982444
12-01-2026 09:55||NIFTY27JAN2625000PE,0.12003376375439964
12-01-2026 09:55||NIFTY27JAN2625100PE,0.11494799201164586
12-01-2026 09:55||NIFTY27JAN2625400CE,0.11674369127122337
12-01-2026 09:55||NIFTY27JAN2625600CE,0.11167715623301969
12-01-2026 09:55||NIFTY27JAN2625700CE,0.10956861433657658
12-01-2026 09:55||NIFTY27JAN2625900CE,0.10761300262174688
12-01-2026 09:55||NIFTY27JAN2626000CE,0.1073567367541278
12-01-2026 09:55||NIFTY27JAN2626200CE,0.1084904522832211
12-01-2026 09:55||NIFTY27JAN2626400CE,0.11312149193328751
12-01-2026 10:00||NIFTY27JAN2624800PE,0.1250009247656791
12-01-2026 10:00||NIFTY27JAN2625200CE,0.14346990682797334
12-01-2026 10:00||NIFTY27JAN2625700CE,0.12088135273000977
12-01-2026 10:00||NIFTY27JAN2626100CE,0.11450205213231371
12-01-2026 10:00||NIFTY27JAN2626200CE,0.11481380890427786
12-01-2026 10:05||NIFTY27JAN2623900PE,0.18268411646257254
12-01-2026 10:05||NIFTY27JAN2624300PE,0.15754148039235538
12-01-2026 10:05||NIFTY27JAN2624600PE,0.13998790378272458
12-01-2026 10:05||NIFTY27JAN2624700PE,0.13437344655023148
12-01-2026 10:05||NIFTY27JAN2624800PE,0.1287127091598574
12-01-2026 10:05||NIFTY27JAN2625000PE,0.11736935477527105
12-01-2026 10:05||NIFTY27JAN2625100PE,0.11170396627798468
12-01-2026 10:05||NIFTY27JAN2625200CE,0.1272949915997628
12-01-2026 10:05||NIFTY27JAN2625300CE,0.12509734059381836
12-01-2026 10:10||NIFTY27JAN2623900PE,0.18118252528992287
12-01-2026 10:10||NIFTY27JAN2624000PE,0.17509923893541496
12-01-2026 10:10||NIFTY27JAN2624100PE,0.16894387017689494
12-01-2026 10:10||NIFTY27JAN2624900PE,0.1227913527911354
12-01-2026 10:10||NIFTY27JAN2625600CE,0.11703460233280527
12-01-2026 10:10||NIFTY27JAN2626300CE,0.11329327299560901
12-01-2026 10:10||NIFTY27JAN2626400CE,0.11567985124305308
12-01-2026 10:15||NIFTY27JAN2623800PE,0.18629806199080473
12-01-2026 10:15||NIFTY27JAN2624400PE,0.14819296046812452
12-01-2026 10:15||NIFTY27JAN2624500PE,0.1419066425986698
12-01-2026 10:15||NIFTY27JAN2624800PE,0.12447890238152604
12-01-2026 10:15||NIFTY27JAN2625000PE,0.1143543956348217
12-01-2026 10:15||NIFTY27JAN2625100PE,0.10970561020716414
12-01-2026 10:15||NIFTY27JAN2625500CE,0.1280202969300065
12-01-2026 10:15||NIFTY27JAN2626200CE,0.11286340381343968
12-01-2026 10:15||NIFTY27JAN2626400CE,0.1159217960076448
12-01-2026 10:15||NIFTY27JAN2626500CE,0.11866971420426851
12-01-2026 10:20||NIFTY27JAN2623800PE,0.19106740014254964
12-01-2026 10:20||NIFTY27JAN2623900PE,0.1839500260439316
12-01-2026 10:20||NIFTY27JAN2624200PE,0.16362762831155564
12-01-2026 10:20||NIFTY27JAN2624700PE,0.1331835899906622
12-01-2026 10:20||NIFTY27JAN2624800PE,0.1278586634020247
12-01-2026 10:20||NIFTY27JAN2624900PE,0.12270351614800326
12-01-2026 10:20||NIFTY27JAN2625200CE,0.13200342107708168
12-01-2026 10:20||NIFTY27JAN2625500CE,0.12100583463152317
12-01-2026 10:20||NIFTY27JAN2626500CE,0.11639138170639252
12-01-2026 10:25||NIFTY27JAN2623800PE,0.19051737252856982
12-01-2026 10:25||NIFTY27JAN2623900PE,0.18317236513606877
12-01-2026 10:25||NIFTY27JAN2624200PE,0.16263648034380995
12-01-2026 10:25||NIFTY27JAN2624300PE,0.15645702282993926
12-01-2026 10:25||NIFTY27JAN2624400PE,0.15033915160890315
12-01-2026 10:25||NIFTY27JAN2624800PE,0.12656955891166063
12-01-2026 10:25||NIFTY27JAN2624900PE,0.1215507659158481
12-01-2026 10:25||NIFTY27JAN2625200CE,0.1438890622531038
12-01-2026 10:25||NIFTY27JAN2625400CE,0.12988212625057938
12-01-2026 10:25||NIFTY27JAN2625800CE,0.11457373190553584
12-01-2026 10:25||NIFTY27JAN2625900CE,0.1128175146037818
12-01-2026 10:25||NIFTY27JAN2626000CE,0.1112916299403158
12-01-2026 10:30||NIFTY27JAN2624400PE,0.15137235632413396
12-01-2026 10:30||NIFTY27JAN2624500PE,0.14526536413182628
12-01-2026 10:30||NIFTY27JAN2625100PE,0.11447879918199086
12-01-2026 10:30||NIFTY27JAN2625200CE,0.12931004574518906
12-01-2026 10:30||NIFTY27JAN2625400CE,0.12078621890442995
12-01-2026 10:30||NIFTY27JAN2625800CE,0.1093187988942407
12-01-2026 10:30||NIFTY27JAN2626000CE,0.10828001527510517
12-01-2026 10:30||NIFTY27JAN2626100CE,0.10865479269773413
12-01-2026 10:30||NIFTY27JAN2626200CE,0.10918586417841136
12-01-2026 10:35||NIFTY27JAN2624400PE,0.14995824508274502
12-01-2026 10:35||NIFTY27JAN2624600PE,0.1378530305665232
12-01-2026 10:35||NIFTY27JAN2625400CE,0.12421865171972188
12-01-2026 10:35||NIFTY27JAN2625700CE,0.11400022800348804
12-01-2026 10:35||NIFTY27JAN2626400CE,0.1136029784889212
12-01-2026 10:40||NIFTY27JAN2625000PE,0.11727562583644385
12-01-2026 10:40||NIFTY27JAN2625100PE,0.11257831468901605
12-01-2026 10:40||NIFTY27JAN2625200CE,0.13055608157725576
12-01-2026 10:40||NIFTY27JAN2625300CE,0.1259079771453054
12-01-2026 10:40||NIFTY27JAN2625400CE,0.121650756487886
12-01-2026 10:40||NIFTY27JAN2625500CE,0.11783721173409963
12-01-2026 10:40||NIFTY27JAN2626000CE,0.10795610562374011
12-01-2026 10:40||NIFTY27JAN2626400CE,0.11287902390222727
12-01-2026 10:45||NIFTY27JAN2623800PE,0.18799702275490204
12-01-2026 10:45||NIFTY27JAN2624000PE,0.17478616827126203
12-01-2026 10:45||NIFTY27JAN2624400PE,0.14912548506508405
12-01-2026 10:45||NIFTY27JAN2624600PE,0.13690531930345473
12-01-2026 10:45||NIFTY27JAN2625000PE,0.1155008687834835
12-01-2026 10:45||NIFTY27JAN2626000CE,0.11068110280789148
12-01-2026 10:45||NIFTY27JAN2626200CE,0.11153215873201507
12-01-2026 10:45||NIFTY27JAN2626300CE,0.11314119650469831
12-01-2026 10:50||NIFTY27JAN2623900PE,0.18325047672131006
12-01-2026 10:50||NIFTY27JAN2624900PE,0.12369193020194297
12-01-2026 10:50||NIFTY27JAN2625500CE,0.11235821878480835
12-01-2026 10:50||NIFTY27JAN2625600CE,0.11052348879339718
12-01-2026 10:50||NIFTY27JAN2626200CE,0.10668650945315564
12-01-2026 10:50||NIFTY27JAN2626300CE,0.10880484582532854
12-01-2026 10:55||NIFTY27JAN2624000PE,0.17519104761231358
12-01-2026 10:55||NIFTY27JAN2624300PE,0.15631978985588418
12-01-2026 10:55||NIFTY27JAN2624400PE,0.15012753725076244
12-01-2026 10:55||NIFTY27JAN2624900PE,0.12209943064632561
12-01-2026 10:55||NIFTY27JAN2625100PE,0.1130133114565062
12-01-2026 10:55||NIFTY27JAN2625500CE,0.11726671525444035
12-01-2026 10:55||NIFTY27JAN2626100CE,0.1082080178947703
12-01-2026 10:55||NIFTY27JAN2626200CE,0.10935304980672372
12-01-2026 10:55||NIFTY27JAN2626400CE,0.11328870076728223
12-01-2026 11:00||NIFTY27JAN2623800PE,0.18697308567286358
12-01-2026 11:00||NIFTY27JAN2624000PE,0.17436745678161952
12-01-2026 11:00||NIFTY27JAN2624200PE,0.16154736278681747
12-01-2026 11:00||NIFTY27JAN2624500PE,0.14266363744695387
12-01-2026 11:00||NIFTY27JAN2624600PE,0.13677675140600049
12-01-2026 11:00||NIFTY27JAN2624800PE,0.12625172769480775
12-01-2026 11:00||NIFTY27JAN2624900PE,0.12146694536349939
12-01-2026 11:00||NIFTY27JAN2625000PE,0.11687086701502754
12-01-2026 11:00||NIFTY27JAN2625200CE,0.12970074334595275
12-01-2026 11:00||NIFTY27JAN2625400CE,0.12269541751284598
12-01-2026 11:00||NIFTY27JAN2625600CE,0.11629255902666624
12-01-2026 11:00||NIFTY27JAN2626000CE,0.10914161096987682
12-01-2026 11:00||NIFTY27JAN2626300CE,0.1121150920921218
12-01-2026 11:05||NIFTY27JAN2624100PE,0.16718900290756505
12-01-2026 11:05||NIFTY27JAN2624700PE,0.13033782704856367
12-01-2026 11:05||NIFTY27JAN2624900PE,0.1204176481781401
12-01-2026 11:05||NIFTY27JAN2625200CE,0.13225073263233192
12-01-2026 11:05||NIFTY27JAN2625500CE,0.12062329225357549
12-01-2026 11:05||NIFTY27JAN2625600CE,0.11759677887222023
12-01-2026 11:05||NIFTY27JAN2625700CE,0.11472151156735477
12-01-2026 11:10||NIFTY27JAN2624400PE,0.14901369218954882
12-01-2026 11:10||NIFTY27JAN2624500PE,0.1428889110892893
12-01-2026 11:10||NIFTY27JAN2625200CE,0.12734252259130133
12-01-2026 11:10||NIFTY27JAN2625800CE,0.10941121014348876
12-01-2026 11:10||NIFTY27JAN2626000CE,0.10774388985209556
12-01-2026 11:15||NIFTY27JAN2625400CE,0.1189207338582336
12-01-2026 11:15||NIFTY27JAN2625700CE,0.11173489212796504
12-01-2026 11:15||NIFTY27JAN2625800CE,0.11000138430150089
12-01-2026 11:15||NIFTY27JAN2626300CE,0.1125311952248608
12-01-2026 11:20||NIFTY27JAN2624800PE,0.1240363726304923
12-01-2026 11:20||NIFTY27JAN2625300CE,0.12494406351724859
12-01-2026 11:20||NIFTY27JAN2626400CE,0.11665315209364019
12-01-2026 11:25||NIFTY27JAN2623800PE,0.18265912341426074
12-01-2026 11:25||NIFTY27JAN2624200PE,0.1575944287706435
12-01-2026 11:25||NIFTY27JAN2624300PE,0.1515750851027574
12-01-2026 11:25||NIFTY27JAN2624700PE,0.12865526088788182
12-01-2026 11:25||NIFTY27JAN2625100PE,0.11066536886353012
12-01-2026 11:25||NIFTY27JAN2625400CE,0.12126156038176403
12-01-2026 11:25||NIFTY27JAN2625500CE,0.11799728546716888
12-01-2026 11:25||NIFTY27JAN2625700CE,0.11282028583156943
12-01-2026 11:30||NIFTY27JAN2623900PE,0.1761762377449015
12-01-2026 11:30||NIFTY27JAN2624000PE,0.17039247050013476
12-01-2026 11:30||NIFTY27JAN2624300PE,0.15280808743181518
12-01-2026 11:30||NIFTY27JAN2625400CE,0.11766989171681216
12-01-2026 11:30||NIFTY27JAN2626000CE,0.11033280542348196
12-01-2026 11:35||NIFTY27JAN2624200PE,0.157132165513619
12-01-2026 11:35||NIFTY27JAN2624400PE,0.14527570836162723
12-01-2026 11:35||NIFTY27JAN2624700PE,0.1283951008436934
12-01-2026 11:35||NIFTY27JAN2624900PE,0.11952964006475343
12-01-2026 11:35||NIFTY27JAN2625000PE,0.11549190531541018
12-01-2026 11:35||NIFTY27JAN2625300CE,0.12421513399132247
12-01-2026 11:35||NIFTY27JAN2625500CE,0.1177802633950176
12-01-2026 11:35||NIFTY27JAN2625600CE,0.11550363384594778
12-01-2026 11:35||NIFTY27JAN2625800CE,0.11189657200424512
12-01-2026 11:35||NIFTY27JAN2626000CE,0.1111448983538228
12-01-2026 11:35||NIFTY27JAN2626400CE,0.11868234795983018
12-01-2026 11:40||NIFTY27JAN2623800PE,0.18158651124874436
12-01-2026 11:40||NIFTY27JAN2624300PE,0.15194167809474374
12-01-2026 11:40||NIFTY27JAN2624400PE,0.14608637575449013
12-01-2026 11:40||NIFTY27JAN2625000PE,0.11581768127864975
12-01-2026 11:40||NIFTY27JAN2625200CE,0.13014462031216437
12-01-2026 11:40||NIFTY27JAN2625300CE,0.12568005675909916
12-01-2026 11:40||NIFTY27JAN2625400CE,0.1217675892746198
12-01-2026 11:40||NIFTY27JAN2625600CE,0.11590803832102385
12-01-2026 11:40||NIFTY27JAN2626400CE,0.11963426582024303
12-01-2026 11:45||NIFTY27JAN2624500PE,0.13761604643056896
12-01-2026 11:45||NIFTY27JAN2625100PE,0.10908544467011158
12-01-2026 11:45||NIFTY27JAN2625500CE,0.1227122814021297
12-01-2026 11:50||NIFTY27JAN2624700PE,0.12839390300757975
12-01-2026 11:50||NIFTY27JAN2625600CE,0.11610083808940104
12-01-2026 11:50||NIFTY27JAN2625800CE,0.11279489431065634
12-01-2026 11:50||NIFTY27JAN2625900CE,0.1117217230209083
12-01-2026 11:55||NIFTY27JAN2624000PE,0.16957001264812743
12-01-2026 11:55||NIFTY27JAN2624400PE,0.14503949975731717
12-01-2026 11:55||NIFTY27JAN2624900PE,0.11873710344724209
12-01-2026 11:55||NIFTY27JAN2625100PE,0.11118020459372788
12-01-2026 11:55||NIFTY27JAN2625700CE,0.11428273268385165
12-01-2026 11:55||NIFTY27JAN2626000CE,0.11183770452636901
12-01-2026 11:55||NIFTY27JAN2626100CE,0.11241619763418201
12-01-2026 11:55||NIFTY27JAN2626500CE,0.12127461620661545
12-01-2026 12:00||NIFTY27JAN2624100PE,0.16341785670112097
12-01-2026 12:00||NIFTY27JAN2624900PE,0.11881301489183363
12-01-2026 12:00||NIFTY27JAN2625100PE,0.1118134208006958
12-01-2026 12:00||NIFTY27JAN2625700CE,0.11286013315063831
12-01-2026 12:00||NIFTY27JAN2625900CE,0.11111987141293643
12-01-2026 12:00||NIFTY27JAN2626000CE,0.1108379611120755
12-01-2026 12:00||NIFTY27JAN2626300CE,0.1149333447836571
12-01-2026 12:00||NIFTY27JAN2626400CE,0.1180793859689827
12-01-2026 12:05||NIFTY27JAN2623800PE,0.18300434698235146
12-01-2026 12:05||NIFTY27JAN2624000PE,0.169790710710413
12-01-2026 12:05||NIFTY27JAN2624700PE,0.1272060052529852
12-01-2026 12:05||NIFTY27JAN2624800PE,0.12251786647970977
12-01-2026 12:05||NIFTY27JAN2624900PE,0.11796361390767938
12-01-2026 12:05||NIFTY27JAN2625500CE,0.11942100004207803
12-01-2026 12:05||NIFTY27JAN2625700CE,0.11440276625289703
12-01-2026 12:05||NIFTY27JAN2625800CE,0.11247288316361603
12-01-2026 12:05||NIFTY27JAN2626000CE,0.11099842375957183
12-01-2026 12:10||NIFTY27JAN2623800PE,0.18326728749643278
12-01-2026 12:10||NIFTY27JAN2624200PE,0.156520944822883
12-01-2026 12:10||NIFTY27JAN2624700PE,0.124897446343433
12-01-2026 12:10||NIFTY27JAN2624800PE,0.11953818788294734
12-01-2026 12:10||NIFTY27JAN2624900PE,0.11429164207831835
12-01-2026 12:10||NIFTY27JAN2625000PE,0.10923806752690991
12-01-2026 12:10||NIFTY27JAN2625800CE,0.1205486483556973
12-01-2026 12:10||NIFTY27JAN2626200CE,0.11579672071046733
12-01-2026 12:15||NIFTY27JAN2623800PE,0.18520660991246501
12-01-2026 12:15||NIFTY27JAN2625000PE,0.11334131494697063
12-01-2026 12:15||NIFTY27JAN2625100PE,0.10960153868379585
12-01-2026 12:15||NIFTY27JAN2625900CE,0.11469669588103801
12-01-2026 12:15||NIFTY27JAN2626200CE,0.11326350659804063
12-01-2026 12:20||NIFTY27JAN2624400PE,0.149125167734387
12-01-2026 12:20||NIFTY27JAN2624700PE,0.13070211414173494
12-01-2026 12:20||NIFTY27JAN2625100PE,0.10993907431665842
12-01-2026 12:20||NIFTY27JAN2625300CE,0.14465371377892272
12-01-2026 12:20||NIFTY27JAN2625500CE,0.13338771215527423
12-01-2026 12:20||NIFTY27JAN2626400CE,0.11734116657367337
12-01-2026 12:25||NIFTY27JAN2623800PE,0.19031972700499294
12-01-2026 12:25||NIFTY27JAN2624800PE,0.12952491795102045
12-01-2026 12:25||NIFTY27JAN2625200CE,0.12924481660596826
12-01-2026 12:25||NIFTY27JAN2625400CE,0.12611624885412925
12-01-2026 12:25||NIFTY27JAN2626300CE,0.11237686489058775
12-01-2026 12:30||NIFTY27JAN2623800PE,0.18815611712779304
12-01-2026 12:30||NIFTY27JAN2624800PE,0.13020493975267577
12-01-2026 12:30||NIFTY27JAN2624900PE,0.12528621480376548
12-01-2026 12:30||NIFTY27JAN2625200CE,0.14858711777130215
12-01-2026 12:30||NIFTY27JAN2625500CE,0.13418546128762193
12-01-2026 12:30||NIFTY27JAN2625700CE,0.12554464598671022
12-01-2026 12:30||NIFTY27JAN2626300CE,0.11624684425294789
12-01-2026 12:30||NIFTY27JAN2626500CE,0.11869475989056558
12-01-2026 12:35||NIFTY27JAN2624300PE,0.16231041473219845
12-01-2026 12:35||NIFTY27JAN2624600PE,0.14463916631701962
12-01-2026 12:35||NIFTY27JAN2624800PE,0.1337801249502677
12-01-2026 12:35||NIFTY27JAN2624900PE,0.12884395487740113
12-01-2026 12:35||NIFTY27JAN2625100PE,0.11972325031618271
12-01-2026 12:35||NIFTY27JAN2625200CE,0.12594196488209503
12-01-2026 12:35||NIFTY27JAN2625600CE,0.11752820210864094
12-01-2026 12:35||NIFTY27JAN2625800CE,0.11318556709096522
12-01-2026 12:35||NIFTY27JAN2626000CE,0.11064329671535213
12-01-2026 12:35||NIFTY27JAN2626300CE,0.11137163530602769
12-01-2026 12:40||NIFTY27JAN2623900PE,0.18319624731570347
12-01-2026 12:40||NIFTY27JAN2624300PE,0.15906622876465243
12-01-2026 12:40||NIFTY27JAN2624400PE,0.15271320815438005
12-01-2026 12:40||NIFTY27JAN2624500PE,0.14637949388008603
12-01-2026 12:40||NIFTY27JAN2625000PE,0.1189291374460863
12-01-2026 12:40||NIFTY27JAN2625300CE,0.14924771046311625
12-01-2026 12:40||NIFTY27JAN2625500CE,0.13823352181379572
12-01-2026 12:40||NIFTY27JAN2626000CE,0.12017931914699924
12-01-2026 12:40||NIFTY27JAN2626200CE,0.11814824268765563
12-01-2026 12:45||NIFTY27JAN2624300PE,0.1647264348949241
12-01-2026 12:45||NIFTY27JAN2624500PE,0.15212627317161306
12-01-2026 12:45||NIFTY27JAN2624800PE,0.13495306879897295
12-01-2026 12:45||NIFTY27JAN2624900PE,0.13006183768122126
12-01-2026 12:45||NIFTY27JAN2625000PE,0.12538968590341437
12-01-2026 12:45||NIFTY27JAN2625300CE,0.1290023383617534
12-01-2026 12:45||NIFTY27JAN2625700CE,0.11436199405642972
12-01-2026 12:45||NIFTY27JAN2625800CE,0.11208785066425109
12-01-2026 12:45||NIFTY27JAN2626000CE,0.10972003609297966
12-01-2026 12:45||NIFTY27JAN2626200CE,0.1096473318433524
12-01-2026 12:45||NIFTY27JAN2626400CE,0.11143102191759117
12-01-2026 12:50||NIFTY27JAN2624500PE,0.15112325823718312
12-01-2026 12:50||NIFTY27JAN2625300CE,0.13743448768891203
12-01-2026 12:50||NIFTY27JAN2625500CE,0.12906967105091816
12-01-2026 12:50||NIFTY27JAN2625800CE,0.11978664188317811
12-01-2026 12:50||NIFTY27JAN2625900CE,0.11781098755224736
12-01-2026 12:55||NIFTY27JAN2624500PE,0.1510676754275992
12-01-2026 12:55||NIFTY27JAN2624600PE,0.14540504418754074
12-01-2026 12:55||NIFTY27JAN2624700PE,0.1397669761709608
12-01-2026 12:55||NIFTY27JAN2625000PE,0.12400600317407287
12-01-2026 12:55||NIFTY27JAN2625300CE,0.1358776569415289
12-01-2026 12:55||NIFTY27JAN2625400CE,0.12962644003354665
12-01-2026 12:55||NIFTY27JAN2625700CE,0.1176824919833447
12-01-2026 12:55||NIFTY27JAN2625900CE,0.11333396339292795
12-01-2026 12:55||NIFTY27JAN2626200CE,0.11170729602553675
12-01-2026 12:55||NIFTY27JAN2626300CE,0.11199326238801505
12-01-2026 12:55||NIFTY27JAN2626500CE,0.11390452009624719
12-01-2026 13:00||NIFTY27JAN2624200PE,0.16759552791536086
12-01-2026 13:00||NIFTY27JAN2624500PE,0.1496975863180341
12-01-2026 13:00||NIFTY27JAN2624600PE,0.14367136158833332
12-01-2026 13:00||NIFTY27JAN2624800PE,0.13269814916242023
12-01-2026 13:00||NIFTY27JAN2625500CE,0.1277042983386882
12-01-2026 13:00||NIFTY27JAN2626000CE,0.11509046845359452
12-01-2026 13:00||NIFTY27JAN2626100CE,0.1140359716407808
12-01-2026 13:00||NIFTY27JAN2626300CE,0.11338809014097215
12-01-2026 13:00||NIFTY27JAN2626500CE,0.11520008595103015
12-01-2026 13:05||NIFTY27JAN2623900PE,0.18608464562547633
12-01-2026 13:05||NIFTY27JAN2624200PE,0.1682308013740178
12-01-2026 13:05||NIFTY27JAN2624500PE,0.1494609723747672
12-01-2026 13:05||NIFTY27JAN2624700PE,0.13806109214372422
12-01-2026 13:05||NIFTY27JAN2624800PE,0.13301836754874716
12-01-2026 13:05||NIFTY27JAN2624900PE,0.12808628957612989
12-01-2026 13:05||NIFTY27JAN2625300CE,0.14078147492963422
12-01-2026 13:05||NIFTY27JAN2625500CE,0.1309850670864406
12-01-2026 13:05||NIFTY27JAN2626400CE,0.11495873807175758
12-01-2026 13:10||NIFTY27JAN2624000PE,0.17988468224849835
12-01-2026 13:10||NIFTY27JAN2624700PE,0.1383757852814408
12-01-2026 13:10||NIFTY27JAN2624800PE,0.13319457356813952
12-01-2026 13:10||NIFTY27JAN2626400CE,0.11177611272600327
12-01-2026 13:10||NIFTY27JAN2626500CE,0.11287841001307608
12-01-2026 13:15||NIFTY27JAN2623800PE,0.18854751523873062
12-01-2026 13:15||NIFTY27JAN2624500PE,0.15145057525313826
12-01-2026 13:15||NIFTY27JAN2624700PE,0.14025568904208147
12-01-2026 13:15||NIFTY27JAN2624800PE,0.1350689176086739
12-01-2026 13:15||NIFTY27JAN2625100PE,0.12314477997342699
12-01-2026 13:15||NIFTY27JAN2625500CE,0.11695298641319163
12-01-2026 13:15||NIFTY27JAN2625800CE,0.10996980031875661
12-01-2026 13:15||NIFTY27JAN2626100CE,0.10733923388578752
12-01-2026 13:15||NIFTY27JAN2626300CE,0.10824335972124266
12-01-2026 13:15||NIFTY27JAN2626400CE,0.10944986497823778
12-01-2026 13:20||NIFTY27JAN2624200PE,0.16710725724855918
12-01-2026 13:20||NIFTY27JAN2624300PE,0.1612535042978946
12-01-2026 13:20||NIFTY27JAN2625000PE,0.12233332846776687
12-01-2026 13:20||NIFTY27JAN2625200CE,0.14058986578455826
12-01-2026 13:20||NIFTY27JAN2625500CE,0.12646418536245177
12-01-2026 13:20||NIFTY27JAN2625800CE,0.11675784296464356
12-01-2026 13:20||NIFTY27JAN2626100CE,0.11218835859179374
12-01-2026 13:20||NIFTY27JAN2626200CE,0.1117449732975668
12-01-2026 13:20||NIFTY27JAN2626500CE,0.1159193512564125
12-01-2026 13:25||NIFTY27JAN2624300PE,0.16228226589133657
12-01-2026 13:25||NIFTY27JAN2624500PE,0.1508454891422515
12-01-2026 13:25||NIFTY27JAN2624600PE,0.14520268748683623
12-01-2026 13:25||NIFTY27JAN2624800PE,0.13474552044540897
12-01-2026 13:25||NIFTY27JAN2625500CE,0.11680608452489896
12-01-2026 13:25||NIFTY27JAN2625800CE,0.11012954323733785
12-01-2026 13:25||NIFTY27JAN2626000CE,0.10794801782727395
12-01-2026 13:25||NIFTY27JAN2626400CE,0.1094086526679054
12-01-2026 13:25||NIFTY27JAN2626500CE,0.11107441556838185
12-01-2026 13:30||NIFTY27JAN2623900PE,0.1836394827889994
12-01-2026 13:30||NIFTY27JAN2624200PE,0.16663505821372593
12-01-2026 13:30||NIFTY27JAN2624400PE,0.1544650569293593
12-01-2026 13:30||NIFTY27JAN2624800PE,0.1309244189933329
12-01-2026 13:30||NIFTY27JAN2624900PE,0.1257916162477595
12-01-2026 13:30||NIFTY27JAN2625100PE,0.11651884800357368
12-01-2026 13:30||NIFTY27JAN2625300CE,0.15222544799615054
12-01-2026 13:30||NIFTY27JAN2625500CE,0.13909463086840052
12-01-2026 13:30||NIFTY27JAN2625600CE,0.13358838199412126
12-01-2026 13:30||NIFTY27JAN2625700CE,0.12831706686362154
12-01-2026 13:30||NIFTY27JAN2625800CE,0.12327933657317404
12-01-2026 13:30||NIFTY27JAN2626000CE,0.11743624726579167
12-01-2026 13:35||NIFTY27JAN2624700PE,0.14041312556306568
12-01-2026 13:35||NIFTY27JAN2624900PE,0.12982133373482738
12-01-2026 13:35||NIFTY27JAN2625200CE,0.1344821128761301
12-01-2026 13:35||NIFTY27JAN2625500CE,0.12045889890052411
12-01-2026 13:35||NIFTY27JAN2625600CE,0.11791696019668707
12-01-2026 13:35||NIFTY27JAN2625900CE,0.11102515963169948
12-01-2026 13:40||NIFTY27JAN2623900PE,0.18629758639293514
12-01-2026 13:40||NIFTY27JAN2624000PE,0.18073570598219826
12-01-2026 13:40||NIFTY27JAN2624100PE,0.1751189145188174
12-01-2026 13:40||NIFTY27JAN2624800PE,0.13488603936716467
12-01-2026 13:40||NIFTY27JAN2624900PE,0.1301445040266193
12-01-2026 13:40||NIFTY27JAN2625200CE,0.14241812446395807
12-01-2026 13:40||NIFTY27JAN2625400CE,0.12592806685432623
12-01-2026 13:40||NIFTY27JAN2626000CE,0.10900268569810553
12-01-2026 13:40||NIFTY27JAN2626100CE,0.1087144886355517
12-01-2026 13:40||NIFTY27JAN2626200CE,0.10846820341430743
12-01-2026 13:45||NIFTY27JAN2623800PE,0.19557549957012563
12-01-2026 13:45||NIFTY27JAN2623900PE,0.18876614886656176
12-01-2026 13:45||NIFTY27JAN2624000PE,0.18198856198032146
12-01-2026 13:45||NIFTY27JAN2624600PE,0.14476200620758317
12-01-2026 13:45||NIFTY27JAN2625100PE,0.12013450612334493
12-01-2026 13:45||NIFTY27JAN2625500CE,0.12376947171052313
12-01-2026 13:50||NIFTY27JAN2624200PE,0.16960631670141935
12-01-2026 13:50||NIFTY27JAN2625200CE,0.14190702212851466
12-01-2026 13:50||NIFTY27JAN2625300CE,0.1361047325850838
12-01-2026 13:50||NIFTY27JAN2625400CE,0.1307308208130909
12-01-2026 13:50||NIFTY27JAN2626200CE,0.10969264862826697
12-01-2026 13:55||NIFTY27JAN2623800PE,0.1946303600411706
12-01-2026 13:55||NIFTY27JAN2624000PE,0.18289570594689758
12-01-2026 13:55||NIFTY27JAN2624100PE,0.17685587878040665
12-01-2026 13:55||NIFTY27JAN2624400PE,0.1581899486191554
12-01-2026 13:55||NIFTY27JAN2624500PE,0.15192992045716874
12-01-2026 13:55||NIFTY27JAN2624700PE,0.14022873497913504
12-01-2026 13:55||NIFTY27JAN2624900PE,0.1298668408134425
12-01-2026 13:55||NIFTY27JAN2625100PE,0.12062538228441473
12-01-2026 13:55||NIFTY27JAN2626100CE,0.10843386148456488
12-01-2026 13:55||NIFTY27JAN2626400CE,0.10903164370365839
12-01-2026 14:00||NIFTY27JAN2624000PE,0.18199373610186412
12-01-2026 14:00||NIFTY27JAN2624200PE,0.17029884148212598
12-01-2026 14:00||NIFTY27JAN2624400PE,0.15815862189789226
12-01-2026 14:00||NIFTY27JAN2624500PE,0.15228020483879912
12-01-2026 14:00||NIFTY27JAN2624600PE,0.14644033691627717
12-01-2026 14:00||NIFTY27JAN2624700PE,0.14062640691238076
12-01-2026 14:00||NIFTY27JAN2625000PE,0.12441433914935443
12-01-2026 14:00||NIFTY27JAN2625200CE,0.134630790334121
12-01-2026 14:00||NIFTY27JAN2625300CE,0.12924459862926768
12-01-2026 14:00||NIFTY27JAN2625400CE,0.12447622440363468
12-01-2026 14:00||NIFTY27JAN2625600CE,0.11664346809371423
12-01-2026 14:00||NIFTY27JAN2625700CE,0.1135674465993451
12-01-2026 14:00||NIFTY27JAN2626300CE,0.10824768276811168
12-01-2026 14:00||NIFTY27JAN2626400CE,0.10932481330623353
12-01-2026 14:05||NIFTY27JAN2624400PE,0.15716057215569657
12-01-2026 14:05||NIFTY27JAN2624600PE,0.14482996848696966
12-01-2026 14:05||NIFTY27JAN2624800PE,0.13329830521254343
12-01-2026 14:05||NIFTY27JAN2624900PE,0.1280718223490947
12-01-2026 14:05||NIFTY27JAN2625800CE,0.11637401400675468
12-01-2026 14:05||NIFTY27JAN2625900CE,0.11384006722017012
12-01-2026 14:05||NIFTY27JAN2626000CE,0.11166990482979189
12-01-2026 14:05||NIFTY27JAN2626200CE,0.10932764520549224
12-01-2026 14:05||NIFTY27JAN2626400CE,0.10946384884993376
12-01-2026 14:05||NIFTY27JAN2626500CE,0.11050133736445719
12-01-2026 14:10||NIFTY27JAN2623800PE,0.1942934294061227
12-01-2026 14:10||NIFTY27JAN2624100PE,0.17688871939207274
12-01-2026 14:10||NIFTY27JAN2624400PE,0.15864790981934462
12-01-2026 14:10||NIFTY27JAN2624600PE,0.14659687414394224
12-01-2026 14:10||NIFTY27JAN2624800PE,0.1350800966345458
12-01-2026 14:10||NIFTY27JAN2625200CE,0.14190938259603236
12-01-2026 14:10||NIFTY27JAN2625500CE,0.11744010653081677
12-01-2026 14:10||NIFTY27JAN2625700CE,0.11156869464118913
12-01-2026 14:10||NIFTY27JAN2626400CE,0.10763649726767198
12-01-2026 14:15||NIFTY27JAN2624100PE,0.1754167262199232
12-01-2026 14:15||NIFTY27JAN2624200PE,0.16922311103601406
12-01-2026 14:15||NIFTY27JAN2624800PE,0.13357878745502222
12-01-2026 14:15||NIFTY27JAN2624900PE,0.12829263759277776
12-01-2026 14:15||NIFTY27JAN2625100PE,0.11781865939837527
12-01-2026 14:15||NIFTY27JAN2625500CE,0.12285957101761637
12-01-2026 14:15||NIFTY27JAN2625800CE,0.11283500863008777
12-01-2026 14:15||NIFTY27JAN2626500CE,0.11141785174267928
12-01-2026 14:20||NIFTY27JAN2624000PE,0.1814366673272545
12-01-2026 14:20||NIFTY27JAN2624400PE,0.15614554385607632
12-01-2026 14:20||NIFTY27JAN2624500PE,0.14975490720498907
12-01-2026 14:20||NIFTY27JAN2624600PE,0.1435575883502297
12-01-2026 14:20||NIFTY27JAN2625000PE,0.12117373233255732
12-01-2026 14:20||NIFTY27JAN2625200CE,0.15091158143222552
12-01-2026 14:20||NIFTY27JAN2625400CE,0.13880536565644302
12-01-2026 14:20||NIFTY27JAN2625700CE,0.12354007864748545
12-01-2026 14:20||NIFTY27JAN2626100CE,0.11322817793212778
12-01-2026 14:20||NIFTY27JAN2626200CE,0.11222755692088456
12-01-2026 14:20||NIFTY27JAN2626500CE,0.11282843694878261
12-01-2026 14:25||NIFTY27JAN2623900PE,0.18798239860876592
12-01-2026 14:25||NIFTY27JAN2624000PE,0.18218384410567653
12-01-2026 14:25||NIFTY27JAN2624100PE,0.17637716156400152
12-01-2026 14:25||NIFTY27JAN2624200PE,0.17057381707152122
12-01-2026 14:25||NIFTY27JAN2624500PE,0.15273231264243656
12-01-2026 14:25||NIFTY27JAN2624600PE,0.14657632387150463
12-01-2026 14:25||NIFTY27JAN2625500CE,0.12240506954550362
12-01-2026 14:25||NIFTY27JAN2626100CE,0.10695899461826922
12-01-2026 14:25||NIFTY27JAN2626300CE,0.10663800882977181
12-01-2026 14:25||NIFTY27JAN2626500CE,0.10894272998214305
12-01-2026 14:30||NIFTY27JAN2623900PE,0.18805724135912905
12-01-2026 14:30||NIFTY27JAN2624200PE,0.1709624125093377
12-01-2026 14:30||NIFTY27JAN2625200CE,0.12326582418321974
12-01-2026 14:30||NIFTY27JAN2625500CE,0.11378140294631198
12-01-2026 14:30||NIFTY27JAN2625700CE,0.10919729329483063
12-01-2026 14:30||NIFTY27JAN2625900CE,0.10608905120326578
12-01-2026 14:30||NIFTY27JAN2626200CE,0.10501663962172414
12-01-2026 14:35||NIFTY27JAN2624500PE,0.1489832102636364
12-01-2026 14:35||NIFTY27JAN2624800PE,0.13117254527839017
12-01-2026 14:35||NIFTY27JAN2624900PE,0.1259455913451214
12-01-2026 14:35||NIFTY27JAN2625100PE,0.11668550538376934
12-01-2026 14:35||NIFTY27JAN2625900CE,0.11714946123299488
12-01-2026 14:35||NIFTY27JAN2626000CE,0.11484187950815494
12-01-2026 14:35||NIFTY27JAN2626100CE,0.11279933711803204
12-01-2026 14:35||NIFTY27JAN2626300CE,0.11068323291833113
12-01-2026 14:35||NIFTY27JAN2626400CE,0.11070878491919259
12-01-2026 14:35||NIFTY27JAN2626500CE,0.11134810504272447
12-01-2026 14:40||NIFTY27JAN2624100PE,0.17627109206223307
12-01-2026 14:40||NIFTY27JAN2624300PE,0.16400183294603288
12-01-2026 14:40||NIFTY27JAN2624500PE,0.15172303574502452
12-01-2026 14:40||NIFTY27JAN2624800PE,0.13422320971838048
12-01-2026 14:40||NIFTY27JAN2625100PE,0.11984388630039165
12-01-2026 14:40||NIFTY27JAN2625300CE,0.13392407903440334
12-01-2026 14:40||NIFTY27JAN2625600CE,0.11960688993727396
12-01-2026 14:40||NIFTY27JAN2626100CE,0.10876141066744717
12-01-2026 14:40||NIFTY27JAN2626400CE,0.10922244090487873
12-01-2026 14:45||NIFTY27JAN2624000PE,0.18249902757443165
12-01-2026 14:45||NIFTY27JAN2624600PE,0.14676799402269725
12-01-2026 14:45||NIFTY27JAN2625000PE,0.12476565441035325
12-01-2026 14:45||NIFTY27JAN2625300CE,0.12687102539799114
12-01-2026 14:45||NIFTY27JAN2625500CE,0.11875135367154324
12-01-2026 14:45||NIFTY27JAN2626000CE,0.10768057975683193
12-01-2026 14:45||NIFTY27JAN2626100CE,0.10707658704428658
12-01-2026 14:45||NIFTY27JAN2626200CE,0.10658298343674076
12-01-2026 14:45||NIFTY27JAN2626500CE,0.10873636134260391
12-01-2026 14:50||NIFTY27JAN2624000PE,0.18289089404034592
12-01-2026 14:50||NIFTY27JAN2624300PE,0.16444686744771847
12-01-2026 14:50||NIFTY27JAN2624400PE,0.15834287860955523
12-01-2026 14:50||NIFTY27JAN2624800PE,0.13408412852677765
12-01-2026 14:50||NIFTY27JAN2625100PE,0.11858105225688917
12-01-2026 14:50||NIFTY27JAN2625500CE,0.1267727889448486
12-01-2026 14:50||NIFTY27JAN2625600CE,0.12249999633954256
12-01-2026 14:50||NIFTY27JAN2625700CE,0.11849015646981097
12-01-2026 14:50||NIFTY27JAN2626000CE,0.10954702448361855
12-01-2026 14:50||NIFTY27JAN2626200CE,0.10708634864164639
12-01-2026 14:50||NIFTY27JAN2626300CE,0.10686243613126367
12-01-2026 14:50||NIFTY27JAN2626400CE,0.10727039371590906
12-01-2026 14:50||NIFTY27JAN2626500CE,0.10831522990528804
12-01-2026 14:55||NIFTY27JAN2624300PE,0.16449600507815515
12-01-2026 14:55||NIFTY27JAN2624500PE,0.15208101067349827
12-01-2026 14:55||NIFTY27JAN2624700PE,0.13985109262962583
12-01-2026 14:55||NIFTY27JAN2624900PE,0.1278824206945817
12-01-2026 14:55||NIFTY27JAN2625000PE,0.12188263021504592
12-01-2026 14:55||NIFTY27JAN2625100PE,0.11590544846149259
12-01-2026 14:55||NIFTY27JAN2625600CE,0.12149585649003664
12-01-2026 14:55||NIFTY27JAN2626200CE,0.1077614804018998
12-01-2026 15:00||NIFTY27JAN2623800PE,0.19733847116465092
12-01-2026 15:00||NIFTY27JAN2623900PE,0.19049053004611588
12-01-2026 15:00||NIFTY27JAN2624000PE,0.18376251134044194
12-01-2026 15:00||NIFTY27JAN2624100PE,0.17715863110757996
12-01-2026 15:00||NIFTY27JAN2624300PE,0.164423478629448
12-01-2026 15:00||NIFTY27JAN2624600PE,0.146249637245276
12-01-2026 15:00||NIFTY27JAN2624700PE,0.14041484881510058
12-01-2026 15:00||NIFTY27JAN2624800PE,0.13470216395487805
12-01-2026 15:00||NIFTY27JAN2625500CE,0.12269154063327947
12-01-2026 15:00||NIFTY27JAN2626000CE,0.10864976969101266
12-01-2026 15:00||NIFTY27JAN2626100CE,0.10725134011583667
12-01-2026 15:05||NIFTY27JAN2623800PE,0.19312709915419302
12-01-2026 15:05||NIFTY27JAN2624200PE,0.17174850316426127
12-01-2026 15:05||NIFTY27JAN2624300PE,0.16536187685231335
12-01-2026 15:05||NIFTY27JAN2624800PE,0.13520895438116723
12-01-2026 15:05||NIFTY27JAN2624900PE,0.1300976327208304
12-01-2026 15:05||NIFTY27JAN2625900CE,0.10777789163422355
12-01-2026 15:05||NIFTY27JAN2626200CE,0.10535516353613357
12-01-2026 15:05||NIFTY27JAN2626300CE,0.10543926873336142
12-01-2026 15:10||NIFTY27JAN2623800PE,0.19457698602312828
12-01-2026 15:10||NIFTY27JAN2624000PE,0.18347783545958768
12-01-2026 15:10||NIFTY27JAN2624500PE,0.15293770684398358
12-01-2026 15:10||NIFTY27JAN2624600PE,0.14663918028363349
12-01-2026 15:10||NIFTY27JAN2625200CE,0.1339191740909872
12-01-2026 15:10||NIFTY27JAN2625600CE,0.11386942153990641
12-01-2026 15:10||NIFTY27JAN2625900CE,0.10659395952494813
12-01-2026 15:10||NIFTY27JAN2626200CE,0.10389353349898048
12-01-2026 15:10||NIFTY27JAN2626300CE,0.10430178493826742
12-01-2026 15:10||NIFTY27JAN2626400CE,0.10494813028087764
12-01-2026 15:15||NIFTY27JAN2623900PE,0.1910813851349839
12-01-2026 15:15||NIFTY27JAN2624000PE,0.1851398512102262
12-01-2026 15:15||NIFTY27JAN2624500PE,0.15371196825859101
12-01-2026 15:15||NIFTY27JAN2624900PE,0.12987314320356394
12-01-2026 15:15||NIFTY27JAN2625200CE,0.14167618655068548
12-01-2026 15:15||NIFTY27JAN2625400CE,0.12856674770305573
12-01-2026 15:15||NIFTY27JAN2625500CE,0.12299666657628319
12-01-2026 15:15||NIFTY27JAN2626000CE,0.10720183698083872
12-01-2026 15:20||NIFTY27JAN2624100PE,0.1812462875819122
12-01-2026 15:20||NIFTY27JAN2624200PE,0.1744850559937151
12-01-2026 15:20||NIFTY27JAN2624400PE,0.16134412382993346
12-01-2026 15:20||NIFTY27JAN2624500PE,0.1549736717036016
12-01-2026 15:20||NIFTY27JAN2625000PE,0.12429730855063609
12-01-2026 15:20||NIFTY27JAN2625200CE,0.1423686893452314
12-01-2026 15:20||NIFTY27JAN2625300CE,0.13498519506983442
12-01-2026 15:20||NIFTY27JAN2626200CE,0.10570968026531863
12-01-2026 15:20||NIFTY27JAN2626300CE,0.10560707760590299
12-01-2026 15:25||NIFTY27JAN2623800PE,0.20222791678675672
12-01-2026 15:25||NIFTY27JAN2624200PE,0.17410455783006745
12-01-2026 15:25||NIFTY27JAN2624600PE,0.148735681544802
12-01-2026 15:25||NIFTY27JAN2625400CE,0.11836731361027972
12-01-2026 15:25||NIFTY27JAN2625500CE,0.1148806417744043
12-01-2026 15:25||NIFTY27JAN2625700CE,0.10918446027045706
12-01-2026 15:25||NIFTY27JAN2625800CE,0.10682648044182763
13-01-2026 09:15||NIFTY27JAN2623900PE,0.19398021899486956
13-01-2026 09:15||NIFTY27JAN2624000PE,0.18812518738827416
13-01-2026 09:15||NIFTY27JAN2624700PE,0.1452221590781756
13-01-2026 09:15||NIFTY27JAN2625500CE,0.10063681068269731
13-01-2026 09:15||NIFTY27JAN2625600CE,0.09975736583103981
13-01-2026 09:15||NIFTY27JAN2625800CE,0.09858447429273481
13-01-2026 09:15||NIFTY27JAN2625900CE,0.09822731650472197
13-01-2026 09:15||NIFTY27JAN2626000CE,0.09788357349970192
13-01-2026 09:15||NIFTY27JAN2626100CE,0.09749220336109465
13-01-2026 09:20||NIFTY27JAN2623800PE,0.2016786459901706
13-01-2026 09:20||NIFTY27JAN2624500PE,0.1559265760229176
13-01-2026 09:20||NIFTY27JAN2624600PE,0.14936262920527504
13-01-2026 09:20||NIFTY27JAN2624800PE,0.13712141278205525
13-01-2026 09:25||NIFTY27JAN2623800PE,0.20168598101688084
13-01-2026 09:25||NIFTY27JAN2624200PE,0.17641520152799844
13-01-2026 09:25||NIFTY27JAN2624400PE,0.1654598973777524
13-01-2026 09:25||NIFTY27JAN2624600PE,0.1543519398311909
13-01-2026 09:25||NIFTY27JAN2624800PE,0.14370782425620174
13-01-2026 09:25||NIFTY27JAN2624900PE,0.1390325668716448
13-01-2026 09:25||NIFTY27JAN2625200CE,0.06632707141286504
13-01-2026 09:25||NIFTY27JAN2625300CE,0.0727703624259243
13-01-2026 09:25||NIFTY27JAN2625500CE,0.08299667306564626
13-01-2026 09:30||NIFTY27JAN2624500PE,0.15556996254303385
13-01-2026 09:30||NIFTY27JAN2625300CE,0.09572987892581511
13-01-2026 09:30||NIFTY27JAN2625500CE,0.097762465966692
13-01-2026 09:30||NIFTY27JAN2625600CE,0.09836374660227802
13-01-2026 09:30||NIFTY27JAN2625700CE,0.09887304717008913
13-01-2026 09:30||NIFTY27JAN2626000CE,0.09997333869463265
13-01-2026 09:30||NIFTY27JAN2626200CE,0.10133840847276648
13-01-2026 09:35||NIFTY27JAN2624000PE,0.18622385682230602
13-01-2026 09:35||NIFTY27JAN2624900PE,0.1309230889846131
13-01-2026 09:35||NIFTY27JAN2625000PE,0.12593047317535588
13-01-2026 09:35||NIFTY27JAN2625300CE,0.11350264183125372
13-01-2026 09:35||NIFTY27JAN2625700CE,0.10813878389071482
13-01-2026 09:35||NIFTY27JAN2625800CE,0.10718324657746883
13-01-2026 09:35||NIFTY27JAN2626100CE,0.10653945736662992
13-01-2026 09:35||NIFTY27JAN2626300CE,0.10724230715077596
13-01-2026 09:40||NIFTY27JAN2624400PE,0.158848896219278
13-01-2026 09:40||NIFTY27JAN2625200CE,0.11862670207936395
13-01-2026 09:40||NIFTY27JAN2625400CE,0.11425866618584717
13-01-2026 09:40||NIFTY27JAN2625600CE,0.11090094226381375
13-01-2026 09:45||NIFTY27JAN2623800PE,0.19768600222184815
13-01-2026 09:45||NIFTY27JAN2623900PE,0.1914376335046258
13-01-2026 09:45||NIFTY27JAN2624000PE,0.18511989805695625
13-01-2026 09:45||NIFTY27JAN2624200PE,0.1724060310207653
13-01-2026 09:45||NIFTY27JAN2624500PE,0.15349791839987315
13-01-2026 09:45||NIFTY27JAN2624700PE,0.14212790793459038
13-01-2026 09:45||NIFTY27JAN2624800PE,0.13685354707153802
13-01-2026 09:45||NIFTY27JAN2625300CE,0.10426186537264467
13-01-2026 09:45||NIFTY27JAN2625400CE,0.10104946181654886
13-01-2026 09:45||NIFTY27JAN2625800CE,0.09958711219388824
13-01-2026 09:45||NIFTY27JAN2625900CE,0.09980139760796039
13-01-2026 09:50||NIFTY27JAN2623900PE,0.19146950184601752
13-01-2026 09:50||NIFTY27JAN2624500PE,0.15345335999145132
13-01-2026 09:50||NIFTY27JAN2624600PE,0.147137085530484
13-01-2026 09:50||NIFTY27JAN2625000PE,0.12393803091319995
13-01-2026 09:50||NIFTY27JAN2625100PE,0.11821955458487818
13-01-2026 09:50||NIFTY27JAN2626300CE,0.10578548699382519
13-01-2026 09:55||NIFTY27JAN2624000PE,0.1841776963655674
13-01-2026 09:55||NIFTY27JAN2624100PE,0.1780928719673259
13-01-2026 09:55||NIFTY27JAN2624200PE,0.17196305038119042
13-01-2026 09:55||NIFTY27JAN2624300PE,0.16577511188319222
13-01-2026 09:55||NIFTY27JAN2624400PE,0.15947112829507432
13-01-2026 09:55||NIFTY27JAN2624700PE,0.14141527074924434
13-01-2026 09:55||NIFTY27JAN2624800PE,0.13620975006546532
13-01-2026 09:55||NIFTY27JAN2625600CE,0.10433473391130485
13-01-2026 10:00||NIFTY27JAN2624200PE,0.1693584510813389
13-01-2026 10:00||NIFTY27JAN2624700PE,0.13703052038032884
13-01-2026 10:00||NIFTY27JAN2624900PE,0.1264498285604884
13-01-2026 10:00||NIFTY27JAN2625400CE,0.13036049723935775
13-01-2026 10:00||NIFTY27JAN2626300CE,0.11190783035436214
13-01-2026 10:00||NIFTY27JAN2626500CE,0.1141428117947435
13-01-2026 10:05||NIFTY27JAN2623800PE,0.19293882607266272
13-01-2026 10:05||NIFTY27JAN2624000PE,0.1815557412242916
13-01-2026 10:05||NIFTY27JAN2624800PE,0.13435465270167926
13-01-2026 10:05||NIFTY27JAN2626000CE,0.10870951562672582
13-01-2026 10:05||NIFTY27JAN2626400CE,0.1097655660069781
13-01-2026 10:10||NIFTY27JAN2623900PE,0.19181610153252066
13-01-2026 10:10||NIFTY27JAN2624100PE,0.17941450099280004
13-01-2026 10:10||NIFTY27JAN2624200PE,0.172792272918743
13-01-2026 10:10||NIFTY27JAN2624500PE,0.15391852006668988
13-01-2026 10:10||NIFTY27JAN2624700PE,0.142378388434437
13-01-2026 10:10||NIFTY27JAN2625100PE,0.12279648581013826
13-01-2026 10:10||NIFTY27JAN2625800CE,0.10149446962586978
13-01-2026 10:15||NIFTY27JAN2624300PE,0.16568166486411418
13-01-2026 10:15||NIFTY27JAN2624500PE,0.15295358221892777
13-01-2026 10:15||NIFTY27JAN2624800PE,0.13625648938412407
13-01-2026 10:15||NIFTY27JAN2624900PE,0.1313425917775669
13-01-2026 10:15||NIFTY27JAN2625100PE,0.12234300625041895
13-01-2026 10:15||NIFTY27JAN2625800CE,0.10289598835437899
13-01-2026 10:15||NIFTY27JAN2625900CE,0.10283376533112715
13-01-2026 10:15||NIFTY27JAN2626000CE,0.1027784860661611
13-01-2026 10:20||NIFTY27JAN2623900PE,0.1909482829202242
13-01-2026 10:20||NIFTY27JAN2624100PE,0.17838630745777473
13-01-2026 10:20||NIFTY27JAN2625200CE,0.12251932102317759
13-01-2026 10:20||NIFTY27JAN2625300CE,0.11750044261327355
13-01-2026 10:20||NIFTY27JAN2625700CE,0.10653380722528802
13-01-2026 10:20||NIFTY27JAN2625800CE,0.10519819039299691
13-01-2026 10:20||NIFTY27JAN2626500CE,0.10792851334539183
13-01-2026 10:25||NIFTY27JAN2623800PE,0.20411230648238007
13-01-2026 10:25||NIFTY27JAN2623900PE,0.1957927494611136
13-01-2026 10:25||NIFTY27JAN2624000PE,0.1877305349756199
13-01-2026 10:25||NIFTY27JAN2624200PE,0.17245393068561032
13-01-2026 10:25||NIFTY27JAN2624400PE,0.15844113255693315
13-01-2026 10:25||NIFTY27JAN2624500PE,0.1517861638218692
13-01-2026 10:25||NIFTY27JAN2624700PE,0.1393432612884804
13-01-2026 10:25||NIFTY27JAN2625100PE,0.1177310482689546
13-01-2026 10:25||NIFTY27JAN2625200CE,0.13998475134213506
13-01-2026 10:25||NIFTY27JAN2625600CE,0.11895521739644212
13-01-2026 10:25||NIFTY27JAN2625700CE,0.11568536267112003
13-01-2026 10:30||NIFTY27JAN2623800PE,0.1989097990991569
13-01-2026 10:30||NIFTY27JAN2624200PE,0.175003220550409
13-01-2026 10:30||NIFTY27JAN2624400PE,0.16190430483871254
13-01-2026 10:30||NIFTY27JAN2624600PE,0.1494988375509733
13-01-2026 10:30||NIFTY27JAN2624700PE,0.1433534499337351
13-01-2026 10:30||NIFTY27JAN2624900PE,0.13193379292552554
13-01-2026 10:30||NIFTY27JAN2625300CE,0.11619089624080248
13-01-2026 10:30||NIFTY27JAN2625600CE,0.10793295505953741
13-01-2026 10:30||NIFTY27JAN2625900CE,0.10340948897135296
13-01-2026 10:30||NIFTY27JAN2626000CE,0.10272969452391663
13-01-2026 10:30||NIFTY27JAN2626100CE,0.10227537710347426
13-01-2026 10:30||NIFTY27JAN2626400CE,0.10315146767665655
13-01-2026 10:35||NIFTY27JAN2623800PE,0.2030162738706767
13-01-2026 10:35||NIFTY27JAN2623900PE,0.19497801625901107
13-01-2026 10:35||NIFTY27JAN2624300PE,0.16769885574090695
13-01-2026 10:35||NIFTY27JAN2624500PE,0.15515362026270973
13-01-2026 10:35||NIFTY27JAN2624600PE,0.14879685746998103
13-01-2026 10:35||NIFTY27JAN2625000PE,0.12647922509589174
13-01-2026 10:35||NIFTY27JAN2625700CE,0.103747685361917
13-01-2026 10:35||NIFTY27JAN2626000CE,0.10235727068891494
13-01-2026 10:35||NIFTY27JAN2626100CE,0.10236378426506745
13-01-2026 10:40||NIFTY27JAN2623900PE,0.19240323366383602
13-01-2026 10:40||NIFTY27JAN2624000PE,0.18637180276381002
13-01-2026 10:40||NIFTY27JAN2624400PE,0.16070507559630487
13-01-2026 10:40||NIFTY27JAN2624500PE,0.15448442062056755
13-01-2026 10:40||NIFTY27JAN2624600PE,0.14836754401575633
13-01-2026 10:40||NIFTY27JAN2624800PE,0.13676868405437237
13-01-2026 10:40||NIFTY27JAN2625600CE,0.10494921671088737
13-01-2026 10:40||NIFTY27JAN2626100CE,0.10309857783751161
13-01-2026 10:40||NIFTY27JAN2626300CE,0.10396562650424847
13-01-2026 10:40||NIFTY27JAN2626400CE,0.10532529766406065
13-01-2026 10:45||NIFTY27JAN2623900PE,0.19023288904215913
13-01-2026 10:45||NIFTY27JAN2624500PE,0.15177365888537675
13-01-2026 10:45||NIFTY27JAN2624700PE,0.13967396934699655
13-01-2026 10:45||NIFTY27JAN2624900PE,0.1287092574659789
13-01-2026 10:45||NIFTY27JAN2625200CE,0.10802531974983007
13-01-2026 10:45||NIFTY27JAN2625300CE,0.10844389849261073
13-01-2026 10:45||NIFTY27JAN2625600CE,0.10943366777460078
13-01-2026 10:45||NIFTY27JAN2625700CE,0.10773641504693535
13-01-2026 10:50||NIFTY27JAN2623900PE,0.19135692364416662
13-01-2026 10:50||NIFTY27JAN2624700PE,0.14177838324462247
13-01-2026 10:50||NIFTY27JAN2624900PE,0.13131069600734072
13-01-2026 10:50||NIFTY27JAN2625000PE,0.12627953680154408
13-01-2026 10:50||NIFTY27JAN2625500CE,0.10792462570442087
13-01-2026 10:50||NIFTY27JAN2625600CE,0.10431167678334641
13-01-2026 10:50||NIFTY27JAN2625700CE,0.10112363762618867
13-01-2026 10:50||NIFTY27JAN2625900CE,0.09836141267551163
13-01-2026 10:55||NIFTY27JAN2624300PE,0.1635048892824144
13-01-2026 10:55||NIFTY27JAN2624400PE,0.15728477259765894
13-01-2026 10:55||NIFTY27JAN2625200CE,0.13324291724083448
13-01-2026 10:55||NIFTY27JAN2625700CE,0.11073086731377307
13-01-2026 10:55||NIFTY27JAN2625800CE,0.10903753562336807
13-01-2026 10:55||NIFTY27JAN2625900CE,0.10745723023993783
13-01-2026 10:55||NIFTY27JAN2626400CE,0.10657312689414136
13-01-2026 11:00||NIFTY27JAN2623900PE,0.19015051006611883
13-01-2026 11:00||NIFTY27JAN2624200PE,0.1711605935390091
13-01-2026 11:00||NIFTY27JAN2625000PE,0.1243033484426338
13-01-2026 11:00||NIFTY27JAN2625600CE,0.10491584793012376
13-01-2026 11:00||NIFTY27JAN2625700CE,0.10369309908772883
13-01-2026 11:00||NIFTY27JAN2625800CE,0.10253804177556866
13-01-2026 11:00||NIFTY27JAN2626300CE,0.10244825321844749
13-01-2026 11:00||NIFTY27JAN2626400CE,0.1036295730808407
13-01-2026 11:05||NIFTY27JAN2623800PE,0.19453076943768455
13-01-2026 11:05||NIFTY27JAN2624100PE,0.17631742346756638
13-01-2026 11:05||NIFTY27JAN2624600PE,0.14454698378470568
13-01-2026 11:05||NIFTY27JAN2624800PE,0.13283176993448192
13-01-2026 11:05||NIFTY27JAN2625100PE,0.11804316158383543
13-01-2026 11:05||NIFTY27JAN2625800CE,0.1100394119187326
13-01-2026 11:10||NIFTY27JAN2623900PE,0.18939236680249116
13-01-2026 11:10||NIFTY27JAN2624800PE,0.13328409118036194
13-01-2026 11:10||NIFTY27JAN2624900PE,0.12780748078177348
13-01-2026 11:10||NIFTY27JAN2625000PE,0.12308266988414582
13-01-2026 11:10||NIFTY27JAN2625100PE,0.11940911871191193
13-01-2026 11:10||NIFTY27JAN2625900CE,0.1037797105604032
13-01-2026 11:10||NIFTY27JAN2626000CE,0.10289858164468868
13-01-2026 11:10||NIFTY27JAN2626400CE,0.10323742604164181
13-01-2026 11:15||NIFTY27JAN2623900PE,0.18920727531037929
13-01-2026 11:15||NIFTY27JAN2624400PE,0.15724358047454529
13-01-2026 11:15||NIFTY27JAN2624500PE,0.15089556177356456
13-01-2026 11:15||NIFTY27JAN2625100PE,0.11931374063730048
13-01-2026 11:15||NIFTY27JAN2625200CE,0.11880068204489984
13-01-2026 11:15||NIFTY27JAN2625300CE,0.11557090805794858
13-01-2026 11:15||NIFTY27JAN2625400CE,0.11256458928935804
13-01-2026 11:15||NIFTY27JAN2626200CE,0.10196667731069575
13-01-2026 11:20||NIFTY27JAN2624900PE,0.12850826416192923
13-01-2026 11:20||NIFTY27JAN2625500CE,0.11018796606363024
13-01-2026 11:20||NIFTY27JAN2625900CE,0.10236006158017749
13-01-2026 11:20||NIFTY27JAN2626100CE,0.101828623921742
13-01-2026 11:20||NIFTY27JAN2626200CE,0.10171052779702763
13-01-2026 11:20||NIFTY27JAN2626500CE,0.10391778509992183
13-01-2026 11:25||NIFTY27JAN2624000PE,0.1824596828299814
13-01-2026 11:25||NIFTY27JAN2624500PE,0.1499692264523962
13-01-2026 11:25||NIFTY27JAN2624800PE,0.13251398890720295
13-01-2026 11:25||NIFTY27JAN2625300CE,0.117804011449768
13-01-2026 11:25||NIFTY27JAN2625600CE,0.1122516206976728
13-01-2026 11:25||NIFTY27JAN2625800CE,0.10694297301807505
13-01-2026 11:25||NIFTY27JAN2626000CE,0.10389386100397069
13-01-2026 11:25||NIFTY27JAN2626200CE,0.10286656429405133
13-01-2026 11:25||NIFTY27JAN2626400CE,0.10338660501658767
13-01-2026 11:30||NIFTY27JAN2624500PE,0.15013780549227862
13-01-2026 11:30||NIFTY27JAN2625100PE,0.11737447353631157
13-01-2026 11:30||NIFTY27JAN2625500CE,0.11539732381299281
13-01-2026 11:30||NIFTY27JAN2625800CE,0.10843687544671773
13-01-2026 11:30||NIFTY27JAN2625900CE,0.10632897104954869
13-01-2026 11:35||NIFTY27JAN2623800PE,0.19809853015542775
13-01-2026 11:35||NIFTY27JAN2623900PE,0.1911439088482384
13-01-2026 11:35||NIFTY27JAN2624100PE,0.17764192189433206
13-01-2026 11:35||NIFTY27JAN2624900PE,0.12943469623110399
13-01-2026 11:35||NIFTY27JAN2625100PE,0.11991327751597645
13-01-2026 11:35||NIFTY27JAN2625300CE,0.1101896469912784
13-01-2026 11:35||NIFTY27JAN2625800CE,0.10155444932981048
13-01-2026 11:35||NIFTY27JAN2626000CE,0.09971909294565137
13-01-2026 11:35||NIFTY27JAN2626300CE,0.10014384850707625
13-01-2026 11:35||NIFTY27JAN2626500CE,0.10233910684784417
13-01-2026 11:40||NIFTY27JAN2623800PE,0.19425957920046574
13-01-2026 11:40||NIFTY27JAN2624500PE,0.1516708483803187
13-01-2026 11:40||NIFTY27JAN2624900PE,0.1301733050781852
13-01-2026 11:40||NIFTY27JAN2625200CE,0.09451933456683007
13-01-2026 11:40||NIFTY27JAN2625300CE,0.09608444356678426
13-01-2026 11:40||NIFTY27JAN2625400CE,0.09716381795521757
13-01-2026 11:40||NIFTY27JAN2625700CE,0.0973873276622577
13-01-2026 11:40||NIFTY27JAN2626000CE,0.09676260163204639
13-01-2026 11:45||NIFTY27JAN2623800PE,0.19298294602579916
13-01-2026 11:45||NIFTY27JAN2624600PE,0.14407770689067873
13-01-2026 11:45||NIFTY27JAN2624700PE,0.1383734205411224
13-01-2026 11:45||NIFTY27JAN2624800PE,0.13274427231358107
13-01-2026 11:45||NIFTY27JAN2625000PE,0.12211302854501815
13-01-2026 11:45||NIFTY27JAN2625400CE,0.11298757500809745
13-01-2026 11:45||NIFTY27JAN2625800CE,0.10459624703084626
13-01-2026 11:45||NIFTY27JAN2626100CE,0.10216612915101972
13-01-2026 11:45||NIFTY27JAN2626200CE,0.1027922702448713
13-01-2026 11:45||NIFTY27JAN2626300CE,0.10341057345638162
13-01-2026 11:45||NIFTY27JAN2626400CE,0.10425337088040695
13-01-2026 11:50||NIFTY27JAN2624000PE,0.18081066795053136
13-01-2026 11:50||NIFTY27JAN2624300PE,0.1626373260632602
13-01-2026 11:50||NIFTY27JAN2624500PE,0.15044609990830604
13-01-2026 11:50||NIFTY27JAN2624700PE,0.13891068576807689
13-01-2026 11:50||NIFTY27JAN2624800PE,0.1335855182211922
13-01-2026 11:50||NIFTY27JAN2624900PE,0.12852593710288868
13-01-2026 11:50||NIFTY27JAN2625100PE,0.11844464238062435
13-01-2026 11:50||NIFTY27JAN2625200CE,0.09032260411507335
13-01-2026 11:50||NIFTY27JAN2626200CE,0.09850144450708284
13-01-2026 11:50||NIFTY27JAN2626300CE,0.09955561707670182
13-01-2026 11:55||NIFTY27JAN2624300PE,0.16073517578631036
13-01-2026 11:55||NIFTY27JAN2624800PE,0.13173563911119957
13-01-2026 11:55||NIFTY27JAN2625000PE,0.1220110660186349
13-01-2026 11:55||NIFTY27JAN2625400CE,0.11231256272004687
13-01-2026 11:55||NIFTY27JAN2625500CE,0.10876693193890519
13-01-2026 11:55||NIFTY27JAN2626100CE,0.10134926346307124
13-01-2026 12:00||NIFTY27JAN2624200PE,0.16607899937366483
13-01-2026 12:00||NIFTY27JAN2624300PE,0.16006126099212764
13-01-2026 12:00||NIFTY27JAN2624500PE,0.14763888172207817
13-01-2026 12:00||NIFTY27JAN2624800PE,0.13092181206104106
13-01-2026 12:00||NIFTY27JAN2624900PE,0.12601464647132318
13-01-2026 12:00||NIFTY27JAN2625000PE,0.12119970481327089
13-01-2026 12:00||NIFTY27JAN2625900CE,0.10259033717698178
13-01-2026 12:00||NIFTY27JAN2626000CE,0.10216088306409708
13-01-2026 12:00||NIFTY27JAN2626400CE,0.10447373024791781
13-01-2026 12:05||NIFTY27JAN2623800PE,0.19214396910023684
13-01-2026 12:05||NIFTY27JAN2624500PE,0.1466185524690501
13-01-2026 12:05||NIFTY27JAN2624700PE,0.134876715607908
13-01-2026 12:05||NIFTY27JAN2624900PE,0.12457068625287179
13-01-2026 12:05||NIFTY27JAN2625000PE,0.11969243687875164
13-01-2026 12:05||NIFTY27JAN2625200CE,0.10905015243258823
13-01-2026 12:05||NIFTY27JAN2625300CE,0.10947065730338999
13-01-2026 12:05||NIFTY27JAN2625500CE,0.10874091647324821
13-01-2026 12:05||NIFTY27JAN2625800CE,0.1050415020711514
13-01-2026 12:10||NIFTY27JAN2624000PE,0.17722688804816245
13-01-2026 12:10||NIFTY27JAN2624200PE,0.1653065136443428
13-01-2026 12:10||NIFTY27JAN2624500PE,0.14813422437747534
13-01-2026 12:10||NIFTY27JAN2625000PE,0.12256641046475159
13-01-2026 12:10||NIFTY27JAN2625200CE,0.11610641300055966
13-01-2026 12:10||NIFTY27JAN2625500CE,0.10094558704621784
13-01-2026 12:10||NIFTY27JAN2625600CE,0.1004162143368929
13-01-2026 12:15||NIFTY27JAN2624200PE,0.16541224677515545
13-01-2026 12:15||NIFTY27JAN2624300PE,0.15919466038048158
13-01-2026 12:15||NIFTY27JAN2624400PE,0.1529386529157452
13-01-2026 12:15||NIFTY27JAN2625300CE,0.11562492388983855
13-01-2026 12:15||NIFTY27JAN2625800CE,0.10722212736866399
13-01-2026 12:15||NIFTY27JAN2625900CE,0.10602432317949065
13-01-2026 12:15||NIFTY27JAN2626000CE,0.10498537012566732
13-01-2026 12:15||NIFTY27JAN2626500CE,0.10780181848368943
13-01-2026 12:20||NIFTY27JAN2624100PE,0.1719685633788725
13-01-2026 12:20||NIFTY27JAN2624200PE,0.16560200269908087
13-01-2026 12:20||NIFTY27JAN2624700PE,0.13656059822674316
13-01-2026 12:20||NIFTY27JAN2625100PE,0.1173665718564114
13-01-2026 12:20||NIFTY27JAN2625700CE,0.10207807888581469
13-01-2026 12:25||NIFTY27JAN2623800PE,0.18654843881780664
13-01-2026 12:25||NIFTY27JAN2624200PE,0.16432657965135078
13-01-2026 12:25||NIFTY27JAN2624300PE,0.1578864864089094
13-01-2026 12:25||NIFTY27JAN2624400PE,0.1514061963105837
13-01-2026 12:25||NIFTY27JAN2624500PE,0.14488237839028273
13-01-2026 12:25||NIFTY27JAN2625100PE,0.11335185307072726
13-01-2026 12:25||NIFTY27JAN2625700CE,0.11094756863597632
13-01-2026 12:25||NIFTY27JAN2626000CE,0.10650105495410131
13-01-2026 12:25||NIFTY27JAN2626300CE,0.10661309867886003
13-01-2026 12:30||NIFTY27JAN2623900PE,0.18307824769886838
13-01-2026 12:30||NIFTY27JAN2624000PE,0.17690233301053573
13-01-2026 12:30||NIFTY27JAN2624100PE,0.17077392747092662
13-01-2026 12:30||NIFTY27JAN2624400PE,0.15329701728720135
13-01-2026 12:30||NIFTY27JAN2624600PE,0.14207043196888808
13-01-2026 12:30||NIFTY27JAN2624700PE,0.13634645026449801
13-01-2026 12:30||NIFTY27JAN2624900PE,0.1260406006191715
13-01-2026 12:30||NIFTY27JAN2626000CE,0.10074848965204514
13-01-2026 12:30||NIFTY27JAN2626400CE,0.10472904770460374
13-01-2026 12:35||NIFTY27JAN2624200PE,0.16344011908688086
13-01-2026 12:35||NIFTY27JAN2624300PE,0.15773234485596221
13-01-2026 12:35||NIFTY27JAN2624600PE,0.14067524414898158
13-01-2026 12:35||NIFTY27JAN2624800PE,0.12946170756084607
13-01-2026 12:35||NIFTY27JAN2625100PE,0.11616383006161933
13-01-2026 12:35||NIFTY27JAN2625900CE,0.10322772084243467
13-01-2026 12:35||NIFTY27JAN2626000CE,0.10318205483257126
13-01-2026 12:35||NIFTY27JAN2626100CE,0.10314053211988061
13-01-2026 12:35||NIFTY27JAN2626400CE,0.10603772039040352
13-01-2026 12:40||NIFTY27JAN2624100PE,0.17004541867889267
13-01-2026 12:40||NIFTY27JAN2624200PE,0.16392536246432232
13-01-2026 12:40||NIFTY27JAN2624300PE,0.1577881086561328
13-01-2026 12:40||NIFTY27JAN2624600PE,0.14078700744328218
13-01-2026 12:40||NIFTY27JAN2624700PE,0.13523244757459946
13-01-2026 12:40||NIFTY27JAN2625100PE,0.11651695438609808
13-01-2026 12:40||NIFTY27JAN2625800CE,0.10184998013694224
13-01-2026 12:40||NIFTY27JAN2626200CE,0.10230628039272893
13-01-2026 12:40||NIFTY27JAN2626500CE,0.10686345209824391
13-01-2026 12:45||NIFTY27JAN2624000PE,0.17536399010879442
13-01-2026 12:45||NIFTY27JAN2624100PE,0.1700262474542246
13-01-2026 12:45||NIFTY27JAN2624300PE,0.15885640623230204
13-01-2026 12:45||NIFTY27JAN2624400PE,0.15295828280842672
13-01-2026 12:45||NIFTY27JAN2624500PE,0.1470661800861088
13-01-2026 12:45||NIFTY27JAN2625100PE,0.1180459912893701
13-01-2026 12:45||NIFTY27JAN2625300CE,0.0991196512092421
13-01-2026 12:45||NIFTY27JAN2625900CE,0.09920622775313759
13-01-2026 12:45||NIFTY27JAN2626200CE,0.10163690945785803
13-01-2026 12:45||NIFTY27JAN2626500CE,0.10731832848304143
13-01-2026 12:50||NIFTY27JAN2623900PE,0.18124906613859515
13-01-2026 12:50||NIFTY27JAN2624100PE,0.16929547852758628
13-01-2026 12:50||NIFTY27JAN2624600PE,0.1404624738186559
13-01-2026 12:50||NIFTY27JAN2625100PE,0.11610392234054329
13-01-2026 12:50||NIFTY27JAN2625400CE,0.1068041866350086
13-01-2026 12:50||NIFTY27JAN2625500CE,0.10557048244804494
13-01-2026 12:50||NIFTY27JAN2626300CE,0.10628189431787356
13-01-2026 12:55||NIFTY27JAN2624000PE,0.17417607941286142
13-01-2026 12:55||NIFTY27JAN2624300PE,0.1575536944893472
13-01-2026 12:55||NIFTY27JAN2624400PE,0.1516869093580399
13-01-2026 12:55||NIFTY27JAN2624500PE,0.14575001398091886
13-01-2026 12:55||NIFTY27JAN2624700PE,0.13490043703656407
13-01-2026 12:55||NIFTY27JAN2624800PE,0.12987270908490062
13-01-2026 12:55||NIFTY27JAN2625000PE,0.12066643188638126
13-01-2026 12:55||NIFTY27JAN2625100PE,0.11635923205011747
13-01-2026 12:55||NIFTY27JAN2625300CE,0.11238390146763104
13-01-2026 12:55||NIFTY27JAN2625500CE,0.1068375440109099
13-01-2026 12:55||NIFTY27JAN2626000CE,0.1031853336617288
13-01-2026 12:55||NIFTY27JAN2626200CE,0.10451341609229314
13-01-2026 12:55||NIFTY27JAN2626400CE,0.10795519723776413
13-01-2026 12:55||NIFTY27JAN2626500CE,0.11037400350543128
13-01-2026 13:00||NIFTY27JAN2624000PE,0.17446776640443726
13-01-2026 13:00||NIFTY27JAN2624200PE,0.16254900439224781
13-01-2026 13:00||NIFTY27JAN2624600PE,0.13983371006535106
13-01-2026 13:00||NIFTY27JAN2624700PE,0.13423064075275803
13-01-2026 13:00||NIFTY27JAN2625600CE,0.10410487582584385
13-01-2026 13:00||NIFTY27JAN2626300CE,0.10696885428989436
13-01-2026 13:00||NIFTY27JAN2626400CE,0.10981623730822512
13-01-2026 13:05||NIFTY27JAN2624000PE,0.17484666652227332
13-01-2026 13:05||NIFTY27JAN2624300PE,0.1563758478553383
13-01-2026 13:05||NIFTY27JAN2624500PE,0.14435215279279864
13-01-2026 13:05||NIFTY27JAN2624600PE,0.13852344576981201
13-01-2026 13:05||NIFTY27JAN2625200CE,0.11923684791092043
13-01-2026 13:05||NIFTY27JAN2625700CE,0.10828937858256121
13-01-2026 13:05||NIFTY27JAN2626500CE,0.11393870439297414
13-01-2026 13:10||NIFTY27JAN2623900PE,0.18348643522242097
13-01-2026 13:10||NIFTY27JAN2624200PE,0.16470131289120457
13-01-2026 13:10||NIFTY27JAN2624400PE,0.15232638683445932
13-01-2026 13:10||NIFTY27JAN2624500PE,0.14632159618222604
13-01-2026 13:10||NIFTY27JAN2624700PE,0.1352622370827583
13-01-2026 13:10||NIFTY27JAN2625000PE,0.12102824023695878
13-01-2026 13:10||NIFTY27JAN2625600CE,0.10430129529965959
13-01-2026 13:10||NIFTY27JAN2626000CE,0.1023259346662491
13-01-2026 13:10||NIFTY27JAN2626400CE,0.10775761146915658
13-01-2026 13:10||NIFTY27JAN2626500CE,0.11032532112910771
13-01-2026 13:15||NIFTY27JAN2623800PE,0.1883692430981668
13-01-2026 13:15||NIFTY27JAN2624000PE,0.1760577905638717
13-01-2026 13:15||NIFTY27JAN2624100PE,0.16996876706027547
13-01-2026 13:15||NIFTY27JAN2624200PE,0.16387755636232576
13-01-2026 13:15||NIFTY27JAN2624700PE,0.13451442783777245
13-01-2026 13:15||NIFTY27JAN2624900PE,0.12490969707355001
13-01-2026 13:15||NIFTY27JAN2625000PE,0.12038494837923293
13-01-2026 13:15||NIFTY27JAN2625800CE,0.1072099845455402
13-01-2026 13:15||NIFTY27JAN2626100CE,0.10711262108417684
13-01-2026 13:15||NIFTY27JAN2626200CE,0.10823733557304434
13-01-2026 13:15||NIFTY27JAN2626300CE,0.10974508813785472
13-01-2026 13:20||NIFTY27JAN2624300PE,0.1578033412071708
13-01-2026 13:20||NIFTY27JAN2624400PE,0.15201820370163743
13-01-2026 13:20||NIFTY27JAN2624800PE,0.1287540478101793
13-01-2026 13:20||NIFTY27JAN2625000PE,0.11963099132585396
13-01-2026 13:20||NIFTY27JAN2625100PE,0.11584698216157874
13-01-2026 13:20||NIFTY27JAN2625300CE,0.11739378032898001
13-01-2026 13:20||NIFTY27JAN2625400CE,0.11440556255478118
13-01-2026 13:20||NIFTY27JAN2625900CE,0.10541144630044014
13-01-2026 13:20||NIFTY27JAN2626500CE,0.1127294967118713
13-01-2026 13:25||NIFTY27JAN2623900PE,0.1832506374133106
13-01-2026 13:25||NIFTY27JAN2624000PE,0.17733086592362063
13-01-2026 13:25||NIFTY27JAN2624200PE,0.16481781712281857
13-01-2026 13:25||NIFTY27JAN2624300PE,0.15823683241244862
13-01-2026 13:25||NIFTY27JAN2624600PE,0.14030289276455093
13-01-2026 13:25||NIFTY27JAN2624900PE,0.12458802970205721
13-01-2026 13:25||NIFTY27JAN2625000PE,0.12025655566315338
13-01-2026 13:25||NIFTY27JAN2625600CE,0.10530513340326796
13-01-2026 13:25||NIFTY27JAN2626400CE,0.10900678620661303
13-01-2026 13:30||NIFTY27JAN2623800PE,0.18937920809715614
13-01-2026 13:30||NIFTY27JAN2624000PE,0.17629356934202772
13-01-2026 13:30||NIFTY27JAN2624100PE,0.1699559781163653
13-01-2026 13:30||NIFTY27JAN2625400CE,0.11183480026657078
13-01-2026 13:30||NIFTY27JAN2625500CE,0.110452061233685
13-01-2026 13:30||NIFTY27JAN2626000CE,0.1049062158324464
13-01-2026 13:35||NIFTY27JAN2624300PE,0.1589575585546978
13-01-2026 13:35||NIFTY27JAN2624800PE,0.13011091613471204
13-01-2026 13:35||NIFTY27JAN2625700CE,0.10235605149389626
13-01-2026 13:40||NIFTY27JAN2623800PE,0.18997991190514096
13-01-2026 13:40||NIFTY27JAN2624200PE,0.16311849951612267
13-01-2026 13:40||NIFTY27JAN2624400PE,0.14983569945211062
13-01-2026 13:40||NIFTY27JAN2624500PE,0.14378304620964033
13-01-2026 13:40||NIFTY27JAN2624700PE,0.13249478667518888
13-01-2026 13:40||NIFTY27JAN2625500CE,0.11172318299753844
13-01-2026 13:40||NIFTY27JAN2625700CE,0.10780276529118085
13-01-2026 13:40||NIFTY27JAN2625900CE,0.10539462674888528
13-01-2026 13:40||NIFTY27JAN2626100CE,0.10509657617812011
13-01-2026 13:45||NIFTY27JAN2624000PE,0.1765978253082503
13-01-2026 13:45||NIFTY27JAN2624100PE,0.16950601323474063
13-01-2026 13:45||NIFTY27JAN2625100PE,0.11556603916475165
13-01-2026 13:45||NIFTY27JAN2625300CE,0.11051643833127131
13-01-2026 13:45||NIFTY27JAN2625800CE,0.10192087508938051
13-01-2026 13:45||NIFTY27JAN2626000CE,0.10189927019316461
13-01-2026 13:45||NIFTY27JAN2626100CE,0.10243830677625664
13-01-2026 13:50||NIFTY27JAN2623900PE,0.18097761258668024
13-01-2026 13:50||NIFTY27JAN2624200PE,0.16239395719953414
13-01-2026 13:50||NIFTY27JAN2624400PE,0.15017144316420972
13-01-2026 13:50||NIFTY27JAN2624500PE,0.14402445498230487
13-01-2026 13:50||NIFTY27JAN2626000CE,0.10255785543916507
13-01-2026 13:50||NIFTY27JAN2626200CE,0.10412953828976378
13-01-2026 13:55||NIFTY27JAN2624200PE,0.1622705389239414
13-01-2026 13:55||NIFTY27JAN2624300PE,0.1558617900732216
13-01-2026 13:55||NIFTY27JAN2625000PE,0.11876354212978019
13-01-2026 13:55||NIFTY27JAN2625500CE,0.10914287713706754
13-01-2026 13:55||NIFTY27JAN2625700CE,0.10582807858043561
13-01-2026 13:55||NIFTY27JAN2626000CE,0.1035478537369696
13-01-2026 13:55||NIFTY27JAN2626300CE,0.1064258375724781
13-01-2026 13:55||NIFTY27JAN2626500CE,0.11156248730845975
13-01-2026 14:00||NIFTY27JAN2623900PE,0.1805493130102453
13-01-2026 14:00||NIFTY27JAN2624000PE,0.17427547605663327
13-01-2026 14:00||NIFTY27JAN2624100PE,0.16809669841544764
13-01-2026 14:00||NIFTY27JAN2624600PE,0.13949285720571036
13-01-2026 14:00||NIFTY27JAN2624700PE,0.13424426725098632
13-01-2026 14:00||NIFTY27JAN2625000PE,0.1202400588104638
13-01-2026 14:00||NIFTY27JAN2625300CE,0.10386192081858198
13-01-2026 14:00||NIFTY27JAN2625500CE,0.10249844419468036
13-01-2026 14:00||NIFTY27JAN2625700CE,0.10182993328447412
13-01-2026 14:00||NIFTY27JAN2626400CE,0.10836772453541126
13-01-2026 14:05||NIFTY27JAN2623900PE,0.18029649837704115
13-01-2026 14:05||NIFTY27JAN2624200PE,0.16141331045378046
13-01-2026 14:05||NIFTY27JAN2624500PE,0.14355182185513493
13-01-2026 14:05||NIFTY27JAN2625600CE,0.10595709368323505
13-01-2026 14:05||NIFTY27JAN2625700CE,0.10477518582614886
13-01-2026 14:05||NIFTY27JAN2626300CE,0.10659758297624339
13-01-2026 14:05||NIFTY27JAN2626500CE,0.11190829496596691
13-01-2026 14:10||NIFTY27JAN2624300PE,0.1548188275271014
13-01-2026 14:10||NIFTY27JAN2624700PE,0.13244765800275737
13-01-2026 14:10||NIFTY27JAN2625200CE,0.10253628722488285
13-01-2026 14:10||NIFTY27JAN2625400CE,0.10311759984977767
13-01-2026 14:10||NIFTY27JAN2625800CE,0.10074507502571264
13-01-2026 14:10||NIFTY27JAN2626100CE,0.10171143819176504
13-01-2026 14:15||NIFTY27JAN2623800PE,0.18462057618212746
13-01-2026 14:15||NIFTY27JAN2624100PE,0.16545944834094772
13-01-2026 14:15||NIFTY27JAN2624800PE,0.1253784321210873
13-01-2026 14:15||NIFTY27JAN2625000PE,0.11634102552932937
13-01-2026 14:15||NIFTY27JAN2626200CE,0.10446327111037355
13-01-2026 14:15||NIFTY27JAN2626300CE,0.10664041449692609
13-01-2026 14:20||NIFTY27JAN2624000PE,0.17158086826583369
13-01-2026 14:20||NIFTY27JAN2624400PE,0.14801734586198312
13-01-2026 14:20||NIFTY27JAN2624800PE,0.12545690976589863
13-01-2026 14:20||NIFTY27JAN2624900PE,0.1198405143365612
13-01-2026 14:20||NIFTY27JAN2625000PE,0.11423172353306463
13-01-2026 14:20||NIFTY27JAN2625100PE,0.10864350619403887
13-01-2026 14:20||NIFTY27JAN2625200CE,0.10827952001328775
13-01-2026 14:20||NIFTY27JAN2625800CE,0.09968219272490145
13-01-2026 14:25||NIFTY27JAN2624000PE,0.17111490764543547
13-01-2026 14:25||NIFTY27JAN2624100PE,0.1648190820629249
13-01-2026 14:25||NIFTY27JAN2624200PE,0.15857288658023627
13-01-2026 14:25||NIFTY27JAN2624500PE,0.14148308547452149
13-01-2026 14:25||NIFTY27JAN2624600PE,0.1358080261979201
13-01-2026 14:25||NIFTY27JAN2625100PE,0.11387835163088661
13-01-2026 14:25||NIFTY27JAN2625200CE,0.11291279715414891
13-01-2026 14:25||NIFTY27JAN2625600CE,0.10353459811444801
13-01-2026 14:25||NIFTY27JAN2626000CE,0.10208765566966879
13-01-2026 14:25||NIFTY27JAN2626200CE,0.1044843642098982
13-01-2026 14:30||NIFTY27JAN2624500PE,0.14006117416431285
13-01-2026 14:30||NIFTY27JAN2624600PE,0.13412681149680875
13-01-2026 14:30||NIFTY27JAN2624900PE,0.11748536276577737
13-01-2026 14:30||NIFTY27JAN2625000PE,0.11194042149236007
13-01-2026 14:30||NIFTY27JAN2625100PE,0.10643820186187578
13-01-2026 14:30||NIFTY27JAN2625600CE,0.11169859575205213
13-01-2026 14:35||NIFTY27JAN2623800PE,0.18166217064387735
13-01-2026 14:35||NIFTY27JAN2624200PE,0.15838131478682724
13-01-2026 14:35||NIFTY27JAN2625100PE,0.11130173104309721
13-01-2026 14:35||NIFTY27JAN2625400CE,0.11717791560778618
13-01-2026 14:35||NIFTY27JAN2625800CE,0.10679311051971815
13-01-2026 14:35||NIFTY27JAN2626300CE,0.10775916237212088
13-01-2026 14:35||NIFTY27JAN2626500CE,0.11308255354243624
13-01-2026 14:40||NIFTY27JAN2624500PE,0.14236824755132285
13-01-2026 14:40||NIFTY27JAN2624600PE,0.1368841302647416
13-01-2026 14:40||NIFTY27JAN2624700PE,0.13142311910168425
13-01-2026 14:40||NIFTY27JAN2624800PE,0.12599489095226274
13-01-2026 14:40||NIFTY27JAN2624900PE,0.12061438337804356
13-01-2026 14:40||NIFTY27JAN2625300CE,0.12117692705399813
13-01-2026 14:40||NIFTY27JAN2625600CE,0.11191462667970344
13-01-2026 14:40||NIFTY27JAN2625800CE,0.10723796300128971
13-01-2026 14:40||NIFTY27JAN2626300CE,0.10704890149294541
13-01-2026 14:45||NIFTY27JAN2625100PE,0.11306474806859458
13-01-2026 14:45||NIFTY27JAN2625600CE,0.1041054320706637
13-01-2026 14:45||NIFTY27JAN2626000CE,0.10112463730794322
13-01-2026 14:45||NIFTY27JAN2626100CE,0.10172761818894804
13-01-2026 14:45||NIFTY27JAN2626200CE,0.10248143814860969
13-01-2026 14:45||NIFTY27JAN2626500CE,0.10813337993039185
13-01-2026 14:50||NIFTY27JAN2624400PE,0.14853971062988802
13-01-2026 14:50||NIFTY27JAN2624500PE,0.14219128045219503
13-01-2026 14:50||NIFTY27JAN2625100PE,0.11142889257108855
13-01-2026 14:55||NIFTY27JAN2623800PE,0.1897529904664328
13-01-2026 14:55||NIFTY27JAN2623900PE,0.1828580273761651
13-01-2026 14:55||NIFTY27JAN2624100PE,0.16947657410317746
13-01-2026 14:55||NIFTY27JAN2624400PE,0.15069670752828732
13-01-2026 14:55||NIFTY27JAN2624500PE,0.14448450960384324
13-01-2026 14:55||NIFTY27JAN2624800PE,0.12791885433635175
13-01-2026 14:55||NIFTY27JAN2624900PE,0.12303107467163821
13-01-2026 14:55||NIFTY27JAN2625100PE,0.11401680886856332
13-01-2026 14:55||NIFTY27JAN2625700CE,0.1004981968100096
13-01-2026 14:55||NIFTY27JAN2625900CE,0.09869270817159809
13-01-2026 14:55||NIFTY27JAN2626400CE,0.10344739438030601
13-01-2026 15:00||NIFTY27JAN2623800PE,0.19369838504630338
13-01-2026 15:00||NIFTY27JAN2623900PE,0.18636404564082745
13-01-2026 15:00||NIFTY27JAN2624500PE,0.14755793046108714
13-01-2026 15:00||NIFTY27JAN2624600PE,0.14165467946368085
13-01-2026 15:00||NIFTY27JAN2625100PE,0.11741081257653015
13-01-2026 15:00||NIFTY27JAN2625400CE,0.08383941083518355
13-01-2026 15:00||NIFTY27JAN2625700CE,0.08775782593765255
13-01-2026 15:00||NIFTY27JAN2626200CE,0.09380745121184261
13-01-2026 15:05||NIFTY27JAN2624000PE,0.17453881028114854
13-01-2026 15:05||NIFTY27JAN2624500PE,0.14249446377759856
13-01-2026 15:05||NIFTY27JAN2624900PE,0.12015925819405482
13-01-2026 15:05||NIFTY27JAN2625000PE,0.11497112331577511
13-01-2026 15:05||NIFTY27JAN2625400CE,0.11591728684749181
13-01-2026 15:05||NIFTY27JAN2625500CE,0.11235759397765466
13-01-2026 15:05||NIFTY27JAN2625700CE,0.10646213308153185
13-01-2026 15:05||NIFTY27JAN2625800CE,0.10412394673111933
13-01-2026 15:05||NIFTY27JAN2626000CE,0.10203150438543293
13-01-2026 15:05||NIFTY27JAN2626100CE,0.10170642714665576
13-01-2026 15:05||NIFTY27JAN2626500CE,0.10762896882949
13-01-2026 15:10||NIFTY27JAN2623800PE,0.1888081270633774
13-01-2026 15:10||NIFTY27JAN2624000PE,0.17681077325441652
13-01-2026 15:10||NIFTY27JAN2624200PE,0.16428823528548564
13-01-2026 15:10||NIFTY27JAN2624400PE,0.15175822595446056
13-01-2026 15:10||NIFTY27JAN2624700PE,0.13414118078300732
13-01-2026 15:10||NIFTY27JAN2624900PE,0.12398164418789179
13-01-2026 15:10||NIFTY27JAN2625100PE,0.11414840660400434
13-01-2026 15:10||NIFTY27JAN2625300CE,0.09504505337516461
13-01-2026 15:10||NIFTY27JAN2625600CE,0.09419243560392745
13-01-2026 15:10||NIFTY27JAN2626200CE,0.09550341195454412
13-01-2026 15:15||NIFTY27JAN2623800PE,0.18487730339689282
13-01-2026 15:15||NIFTY27JAN2624200PE,0.1649990214043523
13-01-2026 15:15||NIFTY27JAN2624500PE,0.14641554676111873
13-01-2026 15:15||NIFTY27JAN2624600PE,0.1408555302290112
13-01-2026 15:15||NIFTY27JAN2624700PE,0.13538874185288258
13-01-2026 15:15||NIFTY27JAN2625700CE,0.0927005942815449
13-01-2026 15:15||NIFTY27JAN2626000CE,0.09273949553957579
13-01-2026 15:15||NIFTY27JAN2626100CE,0.09365701921033402
13-01-2026 15:15||NIFTY27JAN2626300CE,0.09662806016282952
13-01-2026 15:15||NIFTY27JAN2626500CE,0.10244129323596338
13-01-2026 15:20||NIFTY27JAN2623900PE,0.18264457198976647
13-01-2026 15:20||NIFTY27JAN2624300PE,0.15807224471486908
13-01-2026 15:20||NIFTY27JAN2624800PE,0.1282418584835891
13-01-2026 15:20||NIFTY27JAN2625300CE,0.10381039406316983
13-01-2026 15:20||NIFTY27JAN2625400CE,0.10186749092038526
13-01-2026 15:20||NIFTY27JAN2625600CE,0.09868277201448132
13-01-2026 15:20||NIFTY27JAN2626200CE,0.09724355275159982
13-01-2026 15:25||NIFTY27JAN2624200PE,0.16472799027212975
13-01-2026 15:25||NIFTY27JAN2624500PE,0.146530088518466
13-01-2026 15:25||NIFTY27JAN2624700PE,0.1353277198739431
13-01-2026 15:25||NIFTY27JAN2624900PE,0.12463929056404423
13-01-2026 15:25||NIFTY27JAN2625300CE,0.10055248667777758
13-01-2026 15:25||NIFTY27JAN2626000CE,0.09388669149358053
14-01-2026 09:15||NIFTY27JAN2624300PE,0.16229895104501343
14-01-2026 09:15||NIFTY27JAN2624400PE,0.15588074300601124
14-01-2026 09:15||NIFTY27JAN2625300CE,0.1287962179167298
14-01-2026 09:15||NIFTY27JAN2625500CE,0.11180252619195642
14-01-2026 09:15||NIFTY27JAN2626100CE,0.10224094141119858
14-01-2026 09:15||NIFTY27JAN2626200CE,0.10308496632916853
14-01-2026 09:15||NIFTY27JAN2626400CE,0.1065704052760336
14-01-2026 09:15||NIFTY27JAN2626500CE,0.10935220896220584
14-01-2026 09:20||NIFTY27JAN2624100PE,0.17659344481070763
14-01-2026 09:25||NIFTY27JAN2624000PE,0.18284153960378363
14-01-2026 09:25||NIFTY27JAN2624200PE,0.16973839696484394
14-01-2026 09:25||NIFTY27JAN2624700PE,0.1369171970506764
14-01-2026 09:25||NIFTY27JAN2624900PE,0.12527039420507413
14-01-2026 09:25||NIFTY27JAN2625300CE,0.12729267216095763
14-01-2026 09:25||NIFTY27JAN2626000CE,0.10337611848306577
14-01-2026 09:25||NIFTY27JAN2626100CE,0.10293081809919899
14-01-2026 09:25||NIFTY27JAN2626500CE,0.10875572882128234
14-01-2026 09:30||NIFTY27JAN2623800PE,0.19806762425084146
14-01-2026 09:30||NIFTY27JAN2624000PE,0.1856333939452302
14-01-2026 09:30||NIFTY27JAN2624600PE,0.14661747670360242
14-01-2026 09:30||NIFTY27JAN2624700PE,0.14036598842764642
14-01-2026 09:30||NIFTY27JAN2625300CE,0.1077287429812791
14-01-2026 09:30||NIFTY27JAN2625400CE,0.10386851256832708
14-01-2026 09:30||NIFTY27JAN2625700CE,0.09839981371932266
14-01-2026 09:30||NIFTY27JAN2626100CE,0.09729682060822145
14-01-2026 09:30||NIFTY27JAN2626200CE,0.09829334032548442
14-01-2026 09:30||NIFTY27JAN2626500CE,0.10432474826314023
14-01-2026 09:35||NIFTY27JAN2624000PE,0.18420981257962177
14-01-2026 09:35||NIFTY27JAN2624600PE,0.14585178494734996
14-01-2026 09:35||NIFTY27JAN2625500CE,0.10188047740581291
14-01-2026 09:35||NIFTY27JAN2626400CE,0.1022102434494932
14-01-2026 09:40||NIFTY27JAN2623800PE,0.19401003236493347
14-01-2026 09:40||NIFTY27JAN2624000PE,0.18235640032614975
14-01-2026 09:40||NIFTY27JAN2624200PE,0.16966997827579966
14-01-2026 09:40||NIFTY27JAN2624700PE,0.1376449935692927
14-01-2026 09:40||NIFTY27JAN2624800PE,0.1318440372294368
14-01-2026 09:40||NIFTY27JAN2625000PE,0.12060303157061485
14-01-2026 09:40||NIFTY27JAN2625300CE,0.11015415540941162
14-01-2026 09:40||NIFTY27JAN2625500CE,0.10139804903984426
14-01-2026 09:40||NIFTY27JAN2625800CE,0.09738635207608581
14-01-2026 09:45||NIFTY27JAN2624100PE,0.17542067339653244
14-01-2026 09:45||NIFTY27JAN2624300PE,0.16237055221675467
14-01-2026 09:45||NIFTY27JAN2624400PE,0.15577766619998945
14-01-2026 09:45||NIFTY27JAN2624500PE,0.1492326352390626
14-01-2026 09:45||NIFTY27JAN2624600PE,0.1426871409397943
14-01-2026 09:45||NIFTY27JAN2624800PE,0.13046805625063757
14-01-2026 09:45||NIFTY27JAN2625400CE,0.10578253166151924
14-01-2026 09:45||NIFTY27JAN2625700CE,0.10047090368415466
14-01-2026 09:45||NIFTY27JAN2626400CE,0.10484475078442919
14-01-2026 09:50||NIFTY27JAN2623800PE,0.19443862496631517
14-01-2026 09:50||NIFTY27JAN2623900PE,0.18764999553710465
14-01-2026 09:50||NIFTY27JAN2624600PE,0.1413379846320708
14-01-2026 09:50||NIFTY27JAN2625200CE,0.14347678532633518
14-01-2026 09:50||NIFTY27JAN2625300CE,0.13627579709879906
14-01-2026 09:50||NIFTY27JAN2626400CE,0.10783450788854457
14-01-2026 09:50||NIFTY27JAN2626500CE,0.11025154995890298
14-01-2026 09:55||NIFTY27JAN2624100PE,0.17879719590022353
14-01-2026 09:55||NIFTY27JAN2624300PE,0.165822807566779
14-01-2026 09:55||NIFTY27JAN2624800PE,0.1340481627188954
14-01-2026 09:55||NIFTY27JAN2625600CE,0.09442281078967024
14-01-2026 09:55||NIFTY27JAN2626000CE,0.0947825421947779
14-01-2026 09:55||NIFTY27JAN2626100CE,0.09534030829441346
14-01-2026 09:55||NIFTY27JAN2626400CE,0.09746509872413663
14-01-2026 09:55||NIFTY27JAN2626500CE,0.0981082178900831
14-01-2026 10:00||NIFTY27JAN2624000PE,0.18213220946880074
14-01-2026 10:00||NIFTY27JAN2624400PE,0.15574989668854167
14-01-2026 10:00||NIFTY27JAN2625100PE,0.11553300831572542
14-01-2026 10:00||NIFTY27JAN2625200CE,0.13564224246111842
14-01-2026 10:00||NIFTY27JAN2625500CE,0.10433172589695908
14-01-2026 10:00||NIFTY27JAN2625800CE,0.09835630643859457
14-01-2026 10:00||NIFTY27JAN2626000CE,0.09748846058158997
14-01-2026 10:00||NIFTY27JAN2626100CE,0.09774750832120638
14-01-2026 10:00||NIFTY27JAN2626500CE,0.10520587132552577
14-01-2026 10:05||NIFTY27JAN2624600PE,0.14221606519246077
14-01-2026 10:05||NIFTY27JAN2624800PE,0.1301749530488057
14-01-2026 10:05||NIFTY27JAN2625000PE,0.11897569413807449
14-01-2026 10:05||NIFTY27JAN2625300CE,0.11415568076879958
14-01-2026 10:05||NIFTY27JAN2625400CE,0.10949210577539771
14-01-2026 10:05||NIFTY27JAN2625900CE,0.09829861525324649
14-01-2026 10:05||NIFTY27JAN2626200CE,0.09920912215782211
14-01-2026 10:05||NIFTY27JAN2626300CE,0.10116593948135114
14-01-2026 10:05||NIFTY27JAN2626400CE,0.10361319426721624
14-01-2026 10:10||NIFTY27JAN2624000PE,0.18021841251770887
14-01-2026 10:10||NIFTY27JAN2624200PE,0.1672490291587999
14-01-2026 10:10||NIFTY27JAN2624500PE,0.1477310158109868
14-01-2026 10:10||NIFTY27JAN2624600PE,0.14146953574820822
14-01-2026 10:10||NIFTY27JAN2624700PE,0.13528245196590435
14-01-2026 10:10||NIFTY27JAN2625400CE,0.11060161456554551
14-01-2026 10:10||NIFTY27JAN2625600CE,0.10431961603353326
14-01-2026 10:10||NIFTY27JAN2626300CE,0.1024072168676502
14-01-2026 10:10||NIFTY27JAN2626400CE,0.10493708286968947
14-01-2026 10:15||NIFTY27JAN2624100PE,0.17470630213388044
14-01-2026 10:15||NIFTY27JAN2625000PE,0.11944696608648248
14-01-2026 10:15||NIFTY27JAN2625200CE,0.09714094001599488
14-01-2026 10:15||NIFTY27JAN2625600CE,0.09732199879098702
14-01-2026 10:15||NIFTY27JAN2625900CE,0.09597328326131019
14-01-2026 10:20||NIFTY27JAN2624100PE,0.17317724167470738
14-01-2026 10:20||NIFTY27JAN2624200PE,0.1665663444483756
14-01-2026 10:20||NIFTY27JAN2624700PE,0.13415038606341131
14-01-2026 10:20||NIFTY27JAN2625000PE,0.11744111061502091
14-01-2026 10:20||NIFTY27JAN2625500CE,0.10170425618166586
14-01-2026 10:20||NIFTY27JAN2625600CE,0.10031953868813812
14-01-2026 10:20||NIFTY27JAN2625700CE,0.09907576205393898
14-01-2026 10:20||NIFTY27JAN2625800CE,0.0978671135010713
14-01-2026 10:20||NIFTY27JAN2626500CE,0.10754298365279152
14-01-2026 10:25||NIFTY27JAN2623800PE,0.19196782829728856
14-01-2026 10:25||NIFTY27JAN2624200PE,0.16659438236726143
14-01-2026 10:25||NIFTY27JAN2624300PE,0.16007490061879448
14-01-2026 10:25||NIFTY27JAN2625000PE,0.11735928799907545
14-01-2026 10:25||NIFTY27JAN2625100PE,0.11248797554643747
14-01-2026 10:25||NIFTY27JAN2626100CE,0.09991326179831916
14-01-2026 10:25||NIFTY27JAN2626200CE,0.10116226552016044
14-01-2026 10:25||NIFTY27JAN2626400CE,0.1049689691531165
14-01-2026 10:30||NIFTY27JAN2623900PE,0.18499984938219596
14-01-2026 10:30||NIFTY27JAN2624000PE,0.1790407699179655
14-01-2026 10:30||NIFTY27JAN2624700PE,0.13366047335975095
14-01-2026 10:30||NIFTY27JAN2624800PE,0.12789595815568877
14-01-2026 10:30||NIFTY27JAN2625100PE,0.11275354191403647
14-01-2026 10:30||NIFTY27JAN2625200CE,0.12110670563188358
14-01-2026 10:30||NIFTY27JAN2625500CE,0.10657732445688381
14-01-2026 10:30||NIFTY27JAN2626400CE,0.10486540392027235
14-01-2026 10:30||NIFTY27JAN2626500CE,0.1080167608687972
14-01-2026 10:35||NIFTY27JAN2623900PE,0.18704076295859698
14-01-2026 10:35||NIFTY27JAN2624400PE,0.15448605956189243
14-01-2026 10:35||NIFTY27JAN2624700PE,0.13523153557292594
14-01-2026 10:35||NIFTY27JAN2625600CE,0.09942262096406297
14-01-2026 10:35||NIFTY27JAN2625700CE,0.09815172009531903
14-01-2026 10:35||NIFTY27JAN2626300CE,0.100829167170219
14-01-2026 10:40||NIFTY27JAN2623800PE,0.1875134550690268
14-01-2026 10:40||NIFTY27JAN2624100PE,0.173810221497268
14-01-2026 10:40||NIFTY27JAN2624300PE,0.16062080819806634
14-01-2026 10:40||NIFTY27JAN2624500PE,0.14729705020017703
14-01-2026 10:40||NIFTY27JAN2625300CE,0.10507791960431156
14-01-2026 10:40||NIFTY27JAN2625600CE,0.09917736418493785
14-01-2026 10:40||NIFTY27JAN2625800CE,0.09659553703715927
14-01-2026 10:40||NIFTY27JAN2626300CE,0.10053823897991533
14-01-2026 10:40||NIFTY27JAN2626500CE,0.10659767691222757
14-01-2026 10:45||NIFTY27JAN2624000PE,0.17660919040494305
14-01-2026 10:45||NIFTY27JAN2624600PE,0.13836021807363055
14-01-2026 10:45||NIFTY27JAN2624800PE,0.12598818525513608
14-01-2026 10:45||NIFTY27JAN2624900PE,0.12011511167132802
14-01-2026 10:45||NIFTY27JAN2625000PE,0.11442525625255456
14-01-2026 10:45||NIFTY27JAN2625400CE,0.12203083542159576
14-01-2026 10:45||NIFTY27JAN2625500CE,0.11674136745269928
14-01-2026 10:45||NIFTY27JAN2625900CE,0.10497902515882235
14-01-2026 10:45||NIFTY27JAN2626200CE,0.10360770873384924
14-01-2026 10:45||NIFTY27JAN2626500CE,0.10613889186610387
14-01-2026 10:50||NIFTY27JAN2624000PE,0.17956634586687137
14-01-2026 10:50||NIFTY27JAN2624300PE,0.16058683843922156
14-01-2026 10:50||NIFTY27JAN2624800PE,0.1286657494458766
14-01-2026 10:50||NIFTY27JAN2625200CE,0.11950942186198671
14-01-2026 10:50||NIFTY27JAN2625300CE,0.11491200055842395
14-01-2026 10:50||NIFTY27JAN2625400CE,0.11080362349597961
14-01-2026 10:50||NIFTY27JAN2625800CE,0.10044095323563154
14-01-2026 10:55||NIFTY27JAN2624500PE,0.14742331530531483
14-01-2026 10:55||NIFTY27JAN2624600PE,0.14075650921320057
14-01-2026 10:55||NIFTY27JAN2625000PE,0.11673865506126911
14-01-2026 10:55||NIFTY27JAN2625200CE,0.12571719550675986
14-01-2026 10:55||NIFTY27JAN2626200CE,0.10137795532315176
14-01-2026 10:55||NIFTY27JAN2626300CE,0.10210460885304234
14-01-2026 10:55||NIFTY27JAN2626400CE,0.10329151313216027
14-01-2026 10:55||NIFTY27JAN2626500CE,0.10489904883178922
14-01-2026 11:00||NIFTY27JAN2624100PE,0.17508782829137187
14-01-2026 11:00||NIFTY27JAN2624900PE,0.12437961600761169
14-01-2026 11:00||NIFTY27JAN2625200CE,0.1160491718930328
14-01-2026 11:00||NIFTY27JAN2625600CE,0.10742940934523243
14-01-2026 11:00||NIFTY27JAN2626100CE,0.09996933768397295
14-01-2026 11:00||NIFTY27JAN2626300CE,0.10167440350595991
14-01-2026 11:00||NIFTY27JAN2626400CE,0.10388917561798575
14-01-2026 11:05||NIFTY27JAN2624000PE,0.18193908395311825
14-01-2026 11:05||NIFTY27JAN2624300PE,0.162927941108303
14-01-2026 11:05||NIFTY27JAN2624500PE,0.14971627131423532
14-01-2026 11:05||NIFTY27JAN2624800PE,0.13103480769284076
14-01-2026 11:05||NIFTY27JAN2625300CE,0.10538364665276523
14-01-2026 11:05||NIFTY27JAN2626000CE,0.09706487156643538
14-01-2026 11:05||NIFTY27JAN2626100CE,0.09743980168129562
14-01-2026 11:05||NIFTY27JAN2626300CE,0.09941061066979989
14-01-2026 11:10||NIFTY27JAN2624000PE,0.18152259599792903
14-01-2026 11:10||NIFTY27JAN2624300PE,0.16208841388706902
14-01-2026 11:10||NIFTY27JAN2624500PE,0.14893729087071403
14-01-2026 11:10||NIFTY27JAN2625200CE,0.11939304357735056
14-01-2026 11:10||NIFTY27JAN2625400CE,0.1079146235352536
14-01-2026 11:10||NIFTY27JAN2625800CE,0.09912009705060482
14-01-2026 11:15||NIFTY27JAN2623900PE,0.18858017536554988
14-01-2026 11:15||NIFTY27JAN2624100PE,0.17617620842351725
14-01-2026 11:15||NIFTY27JAN2624200PE,0.16958458580705932
14-01-2026 11:15||NIFTY27JAN2624300PE,0.1629075343372422
14-01-2026 11:15||NIFTY27JAN2624400PE,0.1561835315783273
14-01-2026 11:15||NIFTY27JAN2624500PE,0.14942257404213888
14-01-2026 11:15||NIFTY27JAN2624600PE,0.1426827424094641
14-01-2026 11:15||NIFTY27JAN2625500CE,0.10997127802043094
14-01-2026 11:15||NIFTY27JAN2625800CE,0.10180824014387838
14-01-2026 11:15||NIFTY27JAN2626000CE,0.09905184562653983
14-01-2026 11:20||NIFTY27JAN2623800PE,0.19870553662918103
14-01-2026 11:20||NIFTY27JAN2623900PE,0.19112831670258493
14-01-2026 11:20||NIFTY27JAN2624400PE,0.15708185413499126
14-01-2026 11:20||NIFTY27JAN2624600PE,0.1439951961888113
14-01-2026 11:20||NIFTY27JAN2624800PE,0.1315361487045066
14-01-2026 11:20||NIFTY27JAN2625100PE,0.1169214474253017
14-01-2026 11:20||NIFTY27JAN2625300CE,0.10984485199280682
14-01-2026 11:20||NIFTY27JAN2625600CE,0.101660187033263
14-01-2026 11:20||NIFTY27JAN2625800CE,0.0978055458484664
14-01-2026 11:20||NIFTY27JAN2626000CE,0.09677127370437945
14-01-2026 11:20||NIFTY27JAN2626100CE,0.09686403484746806
14-01-2026 11:25||NIFTY27JAN2623900PE,0.18762646733671773
14-01-2026 11:25||NIFTY27JAN2624000PE,0.18168008873870972
14-01-2026 11:25||NIFTY27JAN2624200PE,0.16909854218407794
14-01-2026 11:25||NIFTY27JAN2624700PE,0.13528020836804677
14-01-2026 11:25||NIFTY27JAN2624900PE,0.12345506775360143
14-01-2026 11:25||NIFTY27JAN2625400CE,0.1285537521946178
14-01-2026 11:25||NIFTY27JAN2626200CE,0.10284834946550533
14-01-2026 11:30||NIFTY27JAN2624000PE,0.1848065670548219
14-01-2026 11:30||NIFTY27JAN2624200PE,0.17149787528469934
14-01-2026 11:30||NIFTY27JAN2624300PE,0.16516864110800505
14-01-2026 11:30||NIFTY27JAN2624400PE,0.15884420968729882
14-01-2026 11:30||NIFTY27JAN2625000PE,0.12172988708636359
14-01-2026 11:30||NIFTY27JAN2625300CE,0.1073275008720126
14-01-2026 11:30||NIFTY27JAN2625800CE,0.09756780067181264
14-01-2026 11:30||NIFTY27JAN2626000CE,0.09589990440990787
14-01-2026 11:35||NIFTY27JAN2623900PE,0.19019994432082915
14-01-2026 11:35||NIFTY27JAN2624400PE,0.15743752876521594
14-01-2026 11:35||NIFTY27JAN2624500PE,0.15067427703991007
14-01-2026 11:35||NIFTY27JAN2624700PE,0.13784786083762796
14-01-2026 11:35||NIFTY27JAN2625100PE,0.1158687694189012
14-01-2026 11:35||NIFTY27JAN2625200CE,0.11830795520520263
14-01-2026 11:35||NIFTY27JAN2625500CE,0.10401774494377437
14-01-2026 11:35||NIFTY27JAN2625700CE,0.10035552439621201
14-01-2026 11:35||NIFTY27JAN2626100CE,0.0972006916700182
14-01-2026 11:35||NIFTY27JAN2626200CE,0.09783380787930163
14-01-2026 11:40||NIFTY27JAN2623900PE,0.19021254410137373
14-01-2026 11:40||NIFTY27JAN2624400PE,0.15751258228492357
14-01-2026 11:40||NIFTY27JAN2625100PE,0.11609919790331094
14-01-2026 11:40||NIFTY27JAN2625500CE,0.10171875471881145
14-01-2026 11:40||NIFTY27JAN2625600CE,0.09970956562162814
14-01-2026 11:40||NIFTY27JAN2625900CE,0.09588079013864886
14-01-2026 11:40||NIFTY27JAN2626000CE,0.0953405209194431
14-01-2026 11:40||NIFTY27JAN2626500CE,0.10209661921879644
14-01-2026 11:45||NIFTY27JAN2623900PE,0.1902036718782159
14-01-2026 11:45||NIFTY27JAN2624200PE,0.17011562509849704
14-01-2026 11:45||NIFTY27JAN2624300PE,0.16342986429482484
14-01-2026 11:45||NIFTY27JAN2624500PE,0.14998929743586725
14-01-2026 11:45||NIFTY27JAN2626100CE,0.10064020493295558
14-01-2026 11:45||NIFTY27JAN2626400CE,0.10274454459472829
14-01-2026 11:50||NIFTY27JAN2625100PE,0.11599493399115098
14-01-2026 11:50||NIFTY27JAN2625700CE,0.10071563658284202
14-01-2026 11:50||NIFTY27JAN2625800CE,0.09879509945857776
14-01-2026 11:50||NIFTY27JAN2626100CE,0.0964671195805288
14-01-2026 11:55||NIFTY27JAN2624200PE,0.17143501093585192
14-01-2026 11:55||NIFTY27JAN2624400PE,0.1579778278110613
14-01-2026 11:55||NIFTY27JAN2624800PE,0.13192124959591653
14-01-2026 11:55||NIFTY27JAN2625200CE,0.11398940668621288
14-01-2026 11:55||NIFTY27JAN2625600CE,0.1020422348732184
14-01-2026 11:55||NIFTY27JAN2625700CE,0.09990842469652472
14-01-2026 11:55||NIFTY27JAN2626400CE,0.09954185350550723
14-01-2026 12:00||NIFTY27JAN2623800PE,0.20082918309791556
14-01-2026 12:00||NIFTY27JAN2624400PE,0.15923541729878588
14-01-2026 12:00||NIFTY27JAN2624900PE,0.12663818931909948
14-01-2026 12:00||NIFTY27JAN2625000PE,0.12054864977989158
14-01-2026 12:00||NIFTY27JAN2625100PE,0.1146309791612051
14-01-2026 12:00||NIFTY27JAN2626500CE,0.1006839623908183
14-01-2026 12:05||NIFTY27JAN2624400PE,0.15923859653766084
14-01-2026 12:05||NIFTY27JAN2624600PE,0.14577550990471919
14-01-2026 12:05||NIFTY27JAN2625000PE,0.12177224068999115
14-01-2026 12:05||NIFTY27JAN2625600CE,0.09174361209776273
14-01-2026 12:05||NIFTY27JAN2626500CE,0.09766231749987278
14-01-2026 12:10||NIFTY27JAN2624400PE,0.15709642589317682
14-01-2026 12:10||NIFTY27JAN2624600PE,0.143772549280968
14-01-2026 12:10||NIFTY27JAN2624800PE,0.13165119984251428
14-01-2026 12:10||NIFTY27JAN2624900PE,0.1260576633354344
14-01-2026 12:10||NIFTY27JAN2625100PE,0.11590089141974283
14-01-2026 12:10||NIFTY27JAN2625300CE,0.09797479820286907
14-01-2026 12:10||NIFTY27JAN2625600CE,0.0950946612119798
14-01-2026 12:10||NIFTY27JAN2625900CE,0.09255577949491664
14-01-2026 12:10||NIFTY27JAN2626300CE,0.09496100692294056
14-01-2026 12:10||NIFTY27JAN2626500CE,0.09949212853964197
14-01-2026 12:15||NIFTY27JAN2624200PE,0.16845663306018255
14-01-2026 12:15||NIFTY27JAN2624500PE,0.14824954048687589
14-01-2026 12:15||NIFTY27JAN2624800PE,0.1283525570392237
14-01-2026 12:15||NIFTY27JAN2626500CE,0.10410934605308277
14-01-2026 12:20||NIFTY27JAN2623800PE,0.19843537702937156
14-01-2026 12:20||NIFTY27JAN2623900PE,0.1916261705473499
14-01-2026 12:20||NIFTY27JAN2624300PE,0.16458338958312507
14-01-2026 12:20||NIFTY27JAN2625300CE,0.1010226427773778
14-01-2026 12:20||NIFTY27JAN2626400CE,0.09765496557067327
14-01-2026 12:25||NIFTY27JAN2624000PE,0.18437254781294782
14-01-2026 12:25||NIFTY27JAN2624500PE,0.15098412917237441
14-01-2026 12:25||NIFTY27JAN2624900PE,0.12657383276577008
14-01-2026 12:25||NIFTY27JAN2625200CE,0.09490557611864232
14-01-2026 12:25||NIFTY27JAN2625400CE,0.09492265381449251
14-01-2026 12:25||NIFTY27JAN2625500CE,0.09486582764257076
14-01-2026 12:25||NIFTY27JAN2625700CE,0.09384107357308635
14-01-2026 12:25||NIFTY27JAN2625900CE,0.0922015756770436
14-01-2026 12:30||NIFTY27JAN2623900PE,0.19049125630307343
14-01-2026 12:30||NIFTY27JAN2624300PE,0.16389035584897071
14-01-2026 12:30||NIFTY27JAN2624900PE,0.12569317515226708
14-01-2026 12:30||NIFTY27JAN2625800CE,0.09689358601769005
14-01-2026 12:30||NIFTY27JAN2626300CE,0.09648981415850039
14-01-2026 12:30||NIFTY27JAN2626400CE,0.09883040127541826
14-01-2026 12:35||NIFTY27JAN2623900PE,0.19104013203854822
14-01-2026 12:35||NIFTY27JAN2624600PE,0.1445803473290712
14-01-2026 12:35||NIFTY27JAN2625300CE,0.10503393049149266
14-01-2026 12:35||NIFTY27JAN2625500CE,0.10026598241917983
14-01-2026 12:35||NIFTY27JAN2625900CE,0.09458915320431607
14-01-2026 12:35||NIFTY27JAN2626000CE,0.09386592556363618
14-01-2026 12:40||NIFTY27JAN2625500CE,0.09325755373120839
14-01-2026 12:45||NIFTY27JAN2624900PE,0.1254649632118609
14-01-2026 12:45||NIFTY27JAN2625100PE,0.11509634583580229
14-01-2026 12:45||NIFTY27JAN2625600CE,0.09704907493333008
14-01-2026 12:45||NIFTY27JAN2625700CE,0.0955431372154533
14-01-2026 12:45||NIFTY27JAN2625800CE,0.09415449196781502
14-01-2026 12:45||NIFTY27JAN2626400CE,0.09773504701258831
14-01-2026 12:50||NIFTY27JAN2624900PE,0.12470871634237427
14-01-2026 12:50||NIFTY27JAN2626200CE,0.09386734915753248
14-01-2026 12:50||NIFTY27JAN2626300CE,0.0954394804427367
14-01-2026 12:50||NIFTY27JAN2626500CE,0.10032148804168246
14-01-2026 12:55||NIFTY27JAN2623900PE,0.18826783996498778
14-01-2026 12:55||NIFTY27JAN2624000PE,0.18182962994931673
14-01-2026 12:55||NIFTY27JAN2624300PE,0.1620655851848955
14-01-2026 12:55||NIFTY27JAN2625000PE,0.11826889634627424
14-01-2026 12:55||NIFTY27JAN2625300CE,0.10514218952628682
14-01-2026 12:55||NIFTY27JAN2625800CE,0.09598935600720834
14-01-2026 13:00||NIFTY27JAN2624700PE,0.13636329487638432
14-01-2026 13:00||NIFTY27JAN2624800PE,0.13032982401766707
14-01-2026 13:00||NIFTY27JAN2625400CE,0.09840182225838859
14-01-2026 13:00||NIFTY27JAN2625700CE,0.09495229511033343
14-01-2026 13:00||NIFTY27JAN2625800CE,0.09337338172990173
14-01-2026 13:00||NIFTY27JAN2626200CE,0.09353714591300707
14-01-2026 13:00||NIFTY27JAN2626300CE,0.09521450632394723
14-01-2026 13:00||NIFTY27JAN2626500CE,0.10020496072562816
14-01-2026 13:05||NIFTY27JAN2624000PE,0.18269818708056637
14-01-2026 13:05||NIFTY27JAN2624100PE,0.17570712575327302
14-01-2026 13:05||NIFTY27JAN2624400PE,0.15593766627415004
14-01-2026 13:05||NIFTY27JAN2624800PE,0.12960013501451043
14-01-2026 13:05||NIFTY27JAN2624900PE,0.12357111787484265
14-01-2026 13:05||NIFTY27JAN2625000PE,0.11777964748306821
14-01-2026 13:05||NIFTY27JAN2625800CE,0.09621258509281512
14-01-2026 13:05||NIFTY27JAN2626000CE,0.09420957179558775
14-01-2026 13:05||NIFTY27JAN2626200CE,0.09480724086204893
14-01-2026 13:05||NIFTY27JAN2626300CE,0.09618869641726788
14-01-2026 13:05||NIFTY27JAN2626500CE,0.10081220497418802
14-01-2026 13:10||NIFTY27JAN2624000PE,0.1829499036113021
14-01-2026 13:10||NIFTY27JAN2624600PE,0.143505803508339
14-01-2026 13:10||NIFTY27JAN2624700PE,0.13711933408170401
14-01-2026 13:10||NIFTY27JAN2624900PE,0.12497994722341489
14-01-2026 13:10||NIFTY27JAN2625300CE,0.10061593070998119
14-01-2026 13:10||NIFTY27JAN2625400CE,0.09628832913713381
14-01-2026 13:10||NIFTY27JAN2625800CE,0.09019028683094901
14-01-2026 13:10||NIFTY27JAN2625900CE,0.08994207023403046
14-01-2026 13:10||NIFTY27JAN2626400CE,0.09572047221305802
14-01-2026 13:10||NIFTY27JAN2626500CE,0.09923668059543828
14-01-2026 13:15||NIFTY27JAN2624000PE,0.18210246506789557
14-01-2026 13:15||NIFTY27JAN2624600PE,0.14200924869026105
14-01-2026 13:15||NIFTY27JAN2624800PE,0.12964527692464067
14-01-2026 13:15||NIFTY27JAN2625200CE,0.10764540706103302
14-01-2026 13:15||NIFTY27JAN2625600CE,0.09380094936905392
14-01-2026 13:15||NIFTY27JAN2625800CE,0.09129880179550288
14-01-2026 13:15||NIFTY27JAN2626100CE,0.09189265167773558
14-01-2026 13:15||NIFTY27JAN2626200CE,0.09301936204997996
14-01-2026 13:20||NIFTY27JAN2624400PE,0.1548418624053297
14-01-2026 13:20||NIFTY27JAN2624600PE,0.14205386823023342
14-01-2026 13:20||NIFTY27JAN2624700PE,0.13591887884141318
14-01-2026 13:20||NIFTY27JAN2624900PE,0.1243158409554963
14-01-2026 13:20||NIFTY27JAN2625000PE,0.1188292768047231
14-01-2026 13:20||NIFTY27JAN2625200CE,0.09186947130200375
14-01-2026 13:20||NIFTY27JAN2625900CE,0.08898160456588838
14-01-2026 13:25||NIFTY27JAN2624100PE,0.17266010382369096
14-01-2026 13:25||NIFTY27JAN2624700PE,0.13412348479866232
14-01-2026 13:25||NIFTY27JAN2624900PE,0.12258441661225884
14-01-2026 13:25||NIFTY27JAN2625200CE,0.10688934061346902
14-01-2026 13:25||NIFTY27JAN2625600CE,0.09595403802162705
14-01-2026 13:25||NIFTY27JAN2626400CE,0.09889911923614575
14-01-2026 13:25||NIFTY27JAN2626500CE,0.10272213034894752
14-01-2026 13:30||NIFTY27JAN2624200PE,0.166419470891588
14-01-2026 13:30||NIFTY27JAN2624300PE,0.15973490598038553
14-01-2026 13:30||NIFTY27JAN2624800PE,0.12812133387266916
14-01-2026 13:30||NIFTY27JAN2625200CE,0.09616930589960986
14-01-2026 13:30||NIFTY27JAN2625700CE,0.09015449488814484
14-01-2026 13:30||NIFTY27JAN2626500CE,0.10100276841364406
14-01-2026 13:35||NIFTY27JAN2623800PE,0.19078785319429187
14-01-2026 13:35||NIFTY27JAN2624000PE,0.1777240474302576
14-01-2026 13:35||NIFTY27JAN2624100PE,0.17137424699104978
14-01-2026 13:35||NIFTY27JAN2625100PE,0.11529948310568469
14-01-2026 13:35||NIFTY27JAN2625500CE,0.08092149562269368
14-01-2026 13:35||NIFTY27JAN2625700CE,0.0839971866391681
14-01-2026 13:40||NIFTY27JAN2625600CE,0.09348160768735239
14-01-2026 13:40||NIFTY27JAN2626000CE,0.09341538668892786
14-01-2026 13:40||NIFTY27JAN2626500CE,0.10574011866541724
14-01-2026 13:45||NIFTY27JAN2624100PE,0.16823268706880817
14-01-2026 13:45||NIFTY27JAN2624200PE,0.16172840317037068
14-01-2026 13:45||NIFTY27JAN2624400PE,0.14883919064326598
14-01-2026 13:45||NIFTY27JAN2624600PE,0.1364554915789363
14-01-2026 13:45||NIFTY27JAN2624700PE,0.1303866578230323
14-01-2026 13:45||NIFTY27JAN2624800PE,0.12448532484231187
14-01-2026 13:45||NIFTY27JAN2625100PE,0.1087449684656806
14-01-2026 13:45||NIFTY27JAN2625300CE,0.10254617950254742
14-01-2026 13:45||NIFTY27JAN2625400CE,0.10121904848494437
14-01-2026 13:45||NIFTY27JAN2626200CE,0.09629240565042914
14-01-2026 13:45||NIFTY27JAN2626300CE,0.09664981991506506
14-01-2026 13:45||NIFTY27JAN2626400CE,0.09706041466865013
14-01-2026 13:45||NIFTY27JAN2626500CE,0.097477819340109
14-01-2026 13:50||NIFTY27JAN2624900PE,0.1225872910149223
14-01-2026 13:50||NIFTY27JAN2625400CE,0.0858607922308989
14-01-2026 13:50||NIFTY27JAN2625600CE,0.0876898933644669
14-01-2026 13:50||NIFTY27JAN2626300CE,0.09857534320382376
14-01-2026 13:55||NIFTY27JAN2623800PE,0.18594488628000067
14-01-2026 13:55||NIFTY27JAN2624600PE,0.1361538779612142
14-01-2026 13:55||NIFTY27JAN2624900PE,0.11968404630791543
14-01-2026 13:55||NIFTY27JAN2625200CE,0.10251845561006595
14-01-2026 13:55||NIFTY27JAN2626000CE,0.09575543170325057
14-01-2026 13:55||NIFTY27JAN2626200CE,0.09896460549803013
14-01-2026 14:00||NIFTY27JAN2623800PE,0.19094300397842412
14-01-2026 14:00||NIFTY27JAN2623900PE,0.18354126320172953
14-01-2026 14:00||NIFTY27JAN2624400PE,0.14958802394207887
14-01-2026 14:00||NIFTY27JAN2624500PE,0.14337499681633875
14-01-2026 14:00||NIFTY27JAN2626500CE,0.10727671602796612
14-01-2026 14:05||NIFTY27JAN2624000PE,0.17510318777497086
14-01-2026 14:05||NIFTY27JAN2624300PE,0.1551952805197923
14-01-2026 14:05||NIFTY27JAN2624700PE,0.13020093841572125
14-01-2026 14:05||NIFTY27JAN2624800PE,0.12464559163082087
14-01-2026 14:05||NIFTY27JAN2625200CE,0.10935471941856914
14-01-2026 14:05||NIFTY27JAN2625700CE,0.09805277681290986
14-01-2026 14:05||NIFTY27JAN2625900CE,0.09708357393543506
14-01-2026 14:05||NIFTY27JAN2626400CE,0.1057309265627045
14-01-2026 14:10||NIFTY27JAN2624200PE,0.1620798090466331
14-01-2026 14:10||NIFTY27JAN2624300PE,0.15532198170017805
14-01-2026 14:10||NIFTY27JAN2624800PE,0.12359300498330207
14-01-2026 14:10||NIFTY27JAN2625700CE,0.09965538184712538
14-01-2026 14:15||NIFTY27JAN2623900PE,0.18290471043589357
14-01-2026 14:15||NIFTY27JAN2624600PE,0.13808013586766504
14-01-2026 14:15||NIFTY27JAN2625300CE,0.09208016722593577
14-01-2026 14:15||NIFTY27JAN2625900CE,0.09228103223502196
14-01-2026 14:15||NIFTY27JAN2626000CE,0.09346779438765151
14-01-2026 14:15||NIFTY27JAN2626100CE,0.09495887025381752
14-01-2026 14:15||NIFTY27JAN2626500CE,0.10630618385000636
14-01-2026 14:20||NIFTY27JAN2624400PE,0.14962818407226436
14-01-2026 14:20||NIFTY27JAN2624900PE,0.1207826951805755
14-01-2026 14:20||NIFTY27JAN2625100PE,0.11197585841027005
14-01-2026 14:20||NIFTY27JAN2625700CE,0.09295066104201966
14-01-2026 14:25||NIFTY27JAN2623800PE,0.18610123304416323
14-01-2026 14:25||NIFTY27JAN2625600CE,0.10199436620957392
14-01-2026 14:25||NIFTY27JAN2626100CE,0.10094951832746683
14-01-2026 14:30||NIFTY27JAN2623900PE,0.18131518825430198
14-01-2026 14:30||NIFTY27JAN2624100PE,0.16799591191961982
14-01-2026 14:30||NIFTY27JAN2624300PE,0.15454204079107153
14-01-2026 14:30||NIFTY27JAN2624500PE,0.14170828228626992
14-01-2026 14:30||NIFTY27JAN2625000PE,0.11198498109014879
14-01-2026 14:30||NIFTY27JAN2625100PE,0.10627087203719102
14-01-2026 14:30||NIFTY27JAN2625400CE,0.10747207580443291
14-01-2026 14:30||NIFTY27JAN2626000CE,0.09927775328795255
14-01-2026 14:30||NIFTY27JAN2626100CE,0.1004415869266957
14-01-2026 14:30||NIFTY27JAN2626400CE,0.10615984690123985
14-01-2026 14:30||NIFTY27JAN2626500CE,0.10888751138708529
14-01-2026 14:35||NIFTY27JAN2624000PE,0.17480171230155078
14-01-2026 14:35||NIFTY27JAN2624300PE,0.15518425223165172
14-01-2026 14:35||NIFTY27JAN2624400PE,0.14888104138948421
14-01-2026 14:35||NIFTY27JAN2624900PE,0.11850764821732968
14-01-2026 14:35||NIFTY27JAN2625500CE,0.10821963490649744
14-01-2026 14:35||NIFTY27JAN2625800CE,0.10125441260412113
14-01-2026 14:35||NIFTY27JAN2625900CE,0.10056406110736475
14-01-2026 14:35||NIFTY27JAN2626100CE,0.10087950777340668
14-01-2026 14:35||NIFTY27JAN2626400CE,0.10797194945712967
14-01-2026 14:40||NIFTY27JAN2624000PE,0.17806088937775022
14-01-2026 14:40||NIFTY27JAN2624100PE,0.17087588578009905
14-01-2026 14:40||NIFTY27JAN2624300PE,0.1569095608130059
14-01-2026 14:40||NIFTY27JAN2624400PE,0.1501394755480345
14-01-2026 14:40||NIFTY27JAN2624500PE,0.14348602695284568
14-01-2026 14:40||NIFTY27JAN2624700PE,0.13099787183370898
14-01-2026 14:40||NIFTY27JAN2624800PE,0.12521158653503442
14-01-2026 14:40||NIFTY27JAN2625000PE,0.11431002680132389
14-01-2026 14:40||NIFTY27JAN2625400CE,0.10617719538010122
14-01-2026 14:40||NIFTY27JAN2625800CE,0.09799128817805496
14-01-2026 14:45||NIFTY27JAN2624500PE,0.1463482263938376
14-01-2026 14:45||NIFTY27JAN2624700PE,0.1337646314816529
14-01-2026 14:45||NIFTY27JAN2624800PE,0.12776978751685086
14-01-2026 14:45||NIFTY27JAN2625100PE,0.11193498950127041
14-01-2026 14:45||NIFTY27JAN2625400CE,0.09835581069995977
14-01-2026 14:45||NIFTY27JAN2625500CE,0.09749153539060405
14-01-2026 14:45||NIFTY27JAN2625800CE,0.0946915888524697
14-01-2026 14:45||NIFTY27JAN2626100CE,0.09663234789753786
14-01-2026 14:45||NIFTY27JAN2626200CE,0.09865990405540574
14-01-2026 14:45||NIFTY27JAN2626300CE,0.10091802625130611
14-01-2026 14:50||NIFTY27JAN2624400PE,0.15296347861608967
14-01-2026 14:50||NIFTY27JAN2624600PE,0.13977227547601856
14-01-2026 14:50||NIFTY27JAN2624800PE,0.1277925998438039
14-01-2026 14:50||NIFTY27JAN2624900PE,0.12232183667670837
14-01-2026 14:50||NIFTY27JAN2625200CE,0.10822237287953564
14-01-2026 14:50||NIFTY27JAN2625700CE,0.09571027599597898
14-01-2026 14:50||NIFTY27JAN2625800CE,0.09477979713767386
14-01-2026 14:50||NIFTY27JAN2626300CE,0.0998130908760981
14-01-2026 14:55||NIFTY27JAN2624100PE,0.1717741159055467
14-01-2026 14:55||NIFTY27JAN2624200PE,0.16539677318457513
14-01-2026 14:55||NIFTY27JAN2624500PE,0.14580513336428508
14-01-2026 14:55||NIFTY27JAN2624600PE,0.1393571892266816
14-01-2026 14:55||NIFTY27JAN2624800PE,0.12714690046587662
14-01-2026 14:55||NIFTY27JAN2625000PE,0.11517857472012344
14-01-2026 14:55||NIFTY27JAN2625100PE,0.10919494790909813
14-01-2026 14:55||NIFTY27JAN2625300CE,0.09640575920466465
14-01-2026 14:55||NIFTY27JAN2625400CE,0.09428207830083915
14-01-2026 14:55||NIFTY27JAN2625600CE,0.09151588610795419
14-01-2026 14:55||NIFTY27JAN2626200CE,0.09503014192360831
14-01-2026 14:55||NIFTY27JAN2626400CE,0.10102526639200456
14-01-2026 15:00||NIFTY27JAN2623800PE,0.18846459763275936
14-01-2026 15:00||NIFTY27JAN2624100PE,0.17003428122564013
14-01-2026 15:00||NIFTY27JAN2624300PE,0.1566675657837951
14-01-2026 15:00||NIFTY27JAN2624700PE,0.13145643030055526
14-01-2026 15:00||NIFTY27JAN2625300CE,0.10455235920065128
14-01-2026 15:00||NIFTY27JAN2625800CE,0.0966006165692612
14-01-2026 15:05||NIFTY27JAN2623900PE,0.1850190506800973
14-01-2026 15:05||NIFTY27JAN2624400PE,0.1527452724388949
14-01-2026 15:05||NIFTY27JAN2624800PE,0.12838299276938808
14-01-2026 15:05||NIFTY27JAN2625500CE,0.08960385726257394
14-01-2026 15:05||NIFTY27JAN2626300CE,0.0996721644937687
14-01-2026 15:10||NIFTY27JAN2624100PE,0.16991777713105471
14-01-2026 15:10||NIFTY27JAN2624500PE,0.14421153985402935
14-01-2026 15:10||NIFTY27JAN2624700PE,0.13275125192761086
14-01-2026 15:10||NIFTY27JAN2624900PE,0.12230590311893466
14-01-2026 15:10||NIFTY27JAN2625500CE,0.09623243771695644
14-01-2026 15:10||NIFTY27JAN2626200CE,0.09884233330545242
14-01-2026 15:15||NIFTY27JAN2624400PE,0.14949649332561454
14-01-2026 15:15||NIFTY27JAN2624600PE,0.1370994978640471
14-01-2026 15:15||NIFTY27JAN2624700PE,0.13112360765277056
14-01-2026 15:15||NIFTY27JAN2625100PE,0.11051427710814637
14-01-2026 15:15||NIFTY27JAN2625400CE,0.10507329851863932
14-01-2026 15:15||NIFTY27JAN2625500CE,0.10284766596381786
14-01-2026 15:15||NIFTY27JAN2625900CE,0.09838146008842244
14-01-2026 15:15||NIFTY27JAN2626100CE,0.09948991899533763
14-01-2026 15:20||NIFTY27JAN2624500PE,0.14304862986696013
14-01-2026 15:20||NIFTY27JAN2624800PE,0.12563285891694068
14-01-2026 15:20||NIFTY27JAN2625200CE,0.11709268304949517
14-01-2026 15:20||NIFTY27JAN2626100CE,0.10041377075255722
14-01-2026 15:20||NIFTY27JAN2626300CE,0.10446064672102004
14-01-2026 15:20||NIFTY27JAN2626400CE,0.10723506829337785
14-01-2026 15:25||NIFTY27JAN2623900PE,0.18505301524524653
14-01-2026 15:25||NIFTY27JAN2624600PE,0.13942747487344978
14-01-2026 15:25||NIFTY27JAN2624900PE,0.12262613019197069
14-01-2026 15:25||NIFTY27JAN2625100PE,0.11383980995669486
14-01-2026 15:25||NIFTY27JAN2625200CE,0.10599479858595331
14-01-2026 15:25||NIFTY27JAN2626400CE,0.1054097409681519
14-01-2026 15:25||NIFTY27JAN2626500CE,0.1093911806657287
16-01-2026 09:15||NIFTY27JAN2623800PE,0.19805452640236143
16-01-2026 09:15||NIFTY27JAN2624100PE,0.1791133077439621
16-01-2026 09:15||NIFTY27JAN2624200PE,0.17185189263330378
16-01-2026 09:15||NIFTY27JAN2624300PE,0.16453158288058278
16-01-2026 09:15||NIFTY27JAN2624800PE,0.13099590799315078
16-01-2026 09:15||NIFTY27JAN2625000PE,0.11915965276712703
16-01-2026 09:15||NIFTY27JAN2625300CE,0.1397864106627885
16-01-2026 09:15||NIFTY27JAN2625800CE,0.11122078935966576
16-01-2026 09:15||NIFTY27JAN2626000CE,0.1073738045247368
16-01-2026 09:15||NIFTY27JAN2626100CE,0.10634209093215224
16-01-2026 09:15||NIFTY27JAN2626500CE,0.11139756338306075
16-01-2026 09:20||NIFTY27JAN2624000PE,0.18561402441459038
16-01-2026 09:20||NIFTY27JAN2624100PE,0.17813188148486805
16-01-2026 09:20||NIFTY27JAN2624300PE,0.16430330353570544
16-01-2026 09:20||NIFTY27JAN2624400PE,0.15790884144749573
16-01-2026 09:20||NIFTY27JAN2624600PE,0.1446697134066594
16-01-2026 09:20||NIFTY27JAN2624800PE,0.13194752105914476
16-01-2026 09:20||NIFTY27JAN2625000PE,0.12076559465511162
16-01-2026 09:20||NIFTY27JAN2625200CE,0.1214343014434165
16-01-2026 09:20||NIFTY27JAN2625400CE,0.11116318097210894
16-01-2026 09:20||NIFTY27JAN2625700CE,0.10219017698539012
16-01-2026 09:20||NIFTY27JAN2626000CE,0.09820023791571444
16-01-2026 09:20||NIFTY27JAN2626200CE,0.09921990986630316
16-01-2026 09:25||NIFTY27JAN2624600PE,0.14144498489456955
16-01-2026 09:25||NIFTY27JAN2624700PE,0.13506635082111773
16-01-2026 09:25||NIFTY27JAN2625100PE,0.11163675327165101
16-01-2026 09:25||NIFTY27JAN2625300CE,0.1302061608873472
16-01-2026 09:25||NIFTY27JAN2625500CE,0.11753510142316413
16-01-2026 09:25||NIFTY27JAN2625600CE,0.11239942050422683
16-01-2026 09:25||NIFTY27JAN2626100CE,0.10012872745596707
16-01-2026 09:25||NIFTY27JAN2626300CE,0.10127862069420521
16-01-2026 09:25||NIFTY27JAN2626500CE,0.10615227851274045
16-01-2026 09:30||NIFTY27JAN2623800PE,0.1961546302495873
16-01-2026 09:30||NIFTY27JAN2624300PE,0.1597858682754804
16-01-2026 09:30||NIFTY27JAN2624400PE,0.15310783892351748
16-01-2026 09:30||NIFTY27JAN2624900PE,0.1223485867331984
16-01-2026 09:30||NIFTY27JAN2625100PE,0.1119579442714807
16-01-2026 09:30||NIFTY27JAN2625500CE,0.10613513317989809
16-01-2026 09:30||NIFTY27JAN2625700CE,0.10137897944681387
16-01-2026 09:30||NIFTY27JAN2625900CE,0.09737367973197113
16-01-2026 09:30||NIFTY27JAN2626000CE,0.09606709912016967
16-01-2026 09:35||NIFTY27JAN2624100PE,0.17436241685285342
16-01-2026 09:35||NIFTY27JAN2624200PE,0.16719523989011498
16-01-2026 09:35||NIFTY27JAN2624800PE,0.12755129415659747
16-01-2026 09:35||NIFTY27JAN2625100PE,0.11222260836144313
16-01-2026 09:35||NIFTY27JAN2625300CE,0.11664578923622498
16-01-2026 09:35||NIFTY27JAN2626300CE,0.09915513330855807
16-01-2026 09:35||NIFTY27JAN2626400CE,0.10178209542024964
16-01-2026 09:40||NIFTY27JAN2624000PE,0.18044533521734746
16-01-2026 09:40||NIFTY27JAN2624200PE,0.16648105554144882
16-01-2026 09:40||NIFTY27JAN2624300PE,0.1597545098308585
16-01-2026 09:40||NIFTY27JAN2625900CE,0.10468074951597245
16-01-2026 09:40||NIFTY27JAN2626100CE,0.10107664485092649
16-01-2026 09:40||NIFTY27JAN2626500CE,0.10525772214760488
16-01-2026 09:45||NIFTY27JAN2623900PE,0.18993656601641837
16-01-2026 09:45||NIFTY27JAN2624500PE,0.14670508131949628
16-01-2026 09:45||NIFTY27JAN2624800PE,0.12550577048062053
16-01-2026 09:45||NIFTY27JAN2624900PE,0.119552767405597
16-01-2026 09:45||NIFTY27JAN2625400CE,0.12641450347520533
16-01-2026 09:45||NIFTY27JAN2625800CE,0.10724491214944637
16-01-2026 09:45||NIFTY27JAN2626000CE,0.10248803359035358
16-01-2026 09:45||NIFTY27JAN2626100CE,0.10098082194638394
16-01-2026 09:45||NIFTY27JAN2626500CE,0.10471790572932506
16-01-2026 09:50||NIFTY27JAN2623900PE,0.19269930111697048
16-01-2026 09:50||NIFTY27JAN2624200PE,0.17178937124491928
16-01-2026 09:50||NIFTY27JAN2624900PE,0.12183908963801054
16-01-2026 09:50||NIFTY27JAN2625400CE,0.1200881946882035
16-01-2026 09:50||NIFTY27JAN2625500CE,0.11551278779497506
16-01-2026 09:50||NIFTY27JAN2625600CE,0.11100477263987067
16-01-2026 09:50||NIFTY27JAN2625700CE,0.10664470001034995
16-01-2026 09:50||NIFTY27JAN2625800CE,0.10213208791620597
16-01-2026 09:50||NIFTY27JAN2626000CE,0.09725786298929505
16-01-2026 09:50||NIFTY27JAN2626200CE,0.09681607676940979
16-01-2026 09:55||NIFTY27JAN2623800PE,0.20037350786333646
16-01-2026 09:55||NIFTY27JAN2624000PE,0.18643282084521312
16-01-2026 09:55||NIFTY27JAN2624200PE,0.17245414439953605
16-01-2026 09:55||NIFTY27JAN2624500PE,0.15053897116993614
16-01-2026 09:55||NIFTY27JAN2624900PE,0.1226014267317264
16-01-2026 09:55||NIFTY27JAN2625000PE,0.11654139572163338
16-01-2026 09:55||NIFTY27JAN2625300CE,0.11604599537140678
16-01-2026 09:55||NIFTY27JAN2625400CE,0.11128623532293827
16-01-2026 09:55||NIFTY27JAN2625500CE,0.1068696580942955
16-01-2026 09:55||NIFTY27JAN2625700CE,0.0996894781925639
16-01-2026 09:55||NIFTY27JAN2625900CE,0.09563514646200556
16-01-2026 09:55||NIFTY27JAN2626000CE,0.09414308865367767
16-01-2026 09:55||NIFTY27JAN2626400CE,0.09667924960022696
16-01-2026 09:55||NIFTY27JAN2626500CE,0.09961493914954304
16-01-2026 10:00||NIFTY27JAN2623900PE,0.19313161302559145
16-01-2026 10:00||NIFTY27JAN2624000PE,0.1861595534255937
16-01-2026 10:00||NIFTY27JAN2624300PE,0.16482324923107688
16-01-2026 10:00||NIFTY27JAN2625100PE,0.10878344159561604
16-01-2026 10:00||NIFTY27JAN2625400CE,0.13267164770436085
16-01-2026 10:00||NIFTY27JAN2625900CE,0.10511549722851789
16-01-2026 10:00||NIFTY27JAN2626000CE,0.10223792246838322
16-01-2026 10:00||NIFTY27JAN2626400CE,0.10201985334170216
16-01-2026 10:00||NIFTY27JAN2626500CE,0.10487678312461396
16-01-2026 10:05||NIFTY27JAN2624000PE,0.18653289638388282
16-01-2026 10:05||NIFTY27JAN2624100PE,0.1799049299373658
16-01-2026 10:05||NIFTY27JAN2624400PE,0.15828907743498505
16-01-2026 10:05||NIFTY27JAN2624900PE,0.12180942983454496
16-01-2026 10:05||NIFTY27JAN2625100PE,0.11035575356711852
16-01-2026 10:05||NIFTY27JAN2625200CE,0.13591483246589428
16-01-2026 10:05||NIFTY27JAN2625700CE,0.10990489886011684
16-01-2026 10:05||NIFTY27JAN2626100CE,0.0992718407387774
16-01-2026 10:05||NIFTY27JAN2626400CE,0.10191344497655647
16-01-2026 10:05||NIFTY27JAN2626500CE,0.10536537382533621
16-01-2026 10:10||NIFTY27JAN2623900PE,0.1960360356424078
16-01-2026 10:10||NIFTY27JAN2624700PE,0.1377556989635214
16-01-2026 10:10||NIFTY27JAN2624800PE,0.13049511020954
16-01-2026 10:10||NIFTY27JAN2625000PE,0.11662856704722985
16-01-2026 10:10||NIFTY27JAN2625300CE,0.14080716912991265
16-01-2026 10:10||NIFTY27JAN2625400CE,0.13225688983312534
16-01-2026 10:10||NIFTY27JAN2625600CE,0.11846002648487958
16-01-2026 10:10||NIFTY27JAN2626100CE,0.10155484276086439
16-01-2026 10:10||NIFTY27JAN2626400CE,0.10341057008999499
16-01-2026 10:15||NIFTY27JAN2623800PE,0.20664125724237947
16-01-2026 10:15||NIFTY27JAN2624400PE,0.16458536343216468
16-01-2026 10:15||NIFTY27JAN2624500PE,0.1568038170569715
16-01-2026 10:15||NIFTY27JAN2625300CE,0.15923827158012294
16-01-2026 10:15||NIFTY27JAN2626000CE,0.11290345844955804
16-01-2026 10:15||NIFTY27JAN2626500CE,0.11096348477377783
16-01-2026 10:20||NIFTY27JAN2623800PE,0.2109332022447554
16-01-2026 10:20||NIFTY27JAN2624300PE,0.17571992152610497
16-01-2026 10:20||NIFTY27JAN2624400PE,0.16842808788158514
16-01-2026 10:20||NIFTY27JAN2624500PE,0.161035877441277
16-01-2026 10:20||NIFTY27JAN2624800PE,0.13869707182281224
16-01-2026 10:20||NIFTY27JAN2625500CE,0.1317614850174993
16-01-2026 10:20||NIFTY27JAN2625700CE,0.11962480707372995
16-01-2026 10:20||NIFTY27JAN2625900CE,0.11131764058664834
16-01-2026 10:20||NIFTY27JAN2626400CE,0.10495602945800492
16-01-2026 10:25||NIFTY27JAN2624000PE,0.19795280116513184
16-01-2026 10:25||NIFTY27JAN2624100PE,0.1911223237584926
16-01-2026 10:25||NIFTY27JAN2624200PE,0.18425984836854653
16-01-2026 10:25||NIFTY27JAN2624300PE,0.17728108249947344
16-01-2026 10:25||NIFTY27JAN2624600PE,0.15426267839444038
16-01-2026 10:25||NIFTY27JAN2624800PE,0.13984995325046992
16-01-2026 10:25||NIFTY27JAN2625100PE,0.11951129710682101
16-01-2026 10:25||NIFTY27JAN2625400CE,0.13989730644811035
16-01-2026 10:25||NIFTY27JAN2626000CE,0.10616109116714563
16-01-2026 10:25||NIFTY27JAN2626500CE,0.10385226567645486
16-01-2026 10:30||NIFTY27JAN2624200PE,0.18415943501625853
16-01-2026 10:30||NIFTY27JAN2624400PE,0.16943391366323374
16-01-2026 10:30||NIFTY27JAN2624800PE,0.1405335325281083
16-01-2026 10:30||NIFTY27JAN2625400CE,0.13272829437015593
16-01-2026 10:30||NIFTY27JAN2625500CE,0.12591335773762302
16-01-2026 10:30||NIFTY27JAN2625900CE,0.10626504663517469
16-01-2026 10:35||NIFTY27JAN2624000PE,0.19871082911808968
16-01-2026 10:35||NIFTY27JAN2624200PE,0.1849790561756332
16-01-2026 10:35||NIFTY27JAN2624900PE,0.134990843719482
16-01-2026 10:35||NIFTY27JAN2625100PE,0.12133312224085248
16-01-2026 10:35||NIFTY27JAN2625200CE,0.14219421410212826
16-01-2026 10:35||NIFTY27JAN2625300CE,0.13696322934971553
16-01-2026 10:35||NIFTY27JAN2625600CE,0.12005969378397749
16-01-2026 10:35||NIFTY27JAN2626300CE,0.1004427398797221
16-01-2026 10:35||NIFTY27JAN2626400CE,0.1013076916451966
16-01-2026 10:40||NIFTY27JAN2623800PE,0.21243143671041415
16-01-2026 10:40||NIFTY27JAN2624200PE,0.18588947157539298
16-01-2026 10:40||NIFTY27JAN2624500PE,0.16466727114767132
16-01-2026 10:40||NIFTY27JAN2624600PE,0.15729746251474513
16-01-2026 10:40||NIFTY27JAN2624700PE,0.14995200608591142
16-01-2026 10:40||NIFTY27JAN2624900PE,0.1358705505224908
16-01-2026 10:40||NIFTY27JAN2625900CE,0.09748330877507405
16-01-2026 10:40||NIFTY27JAN2626200CE,0.0946592138995308
16-01-2026 10:45||NIFTY27JAN2623800PE,0.21214985044166348
16-01-2026 10:45||NIFTY27JAN2624000PE,0.19822362412570133
16-01-2026 10:45||NIFTY27JAN2624400PE,0.16997808513739682
16-01-2026 10:45||NIFTY27JAN2624600PE,0.1550330019595363
16-01-2026 10:45||NIFTY27JAN2624900PE,0.13444086436899647
16-01-2026 10:45||NIFTY27JAN2625200CE,0.13543732779404297
16-01-2026 10:50||NIFTY27JAN2624200PE,0.18315198910631586
16-01-2026 10:50||NIFTY27JAN2624300PE,0.17579979278598912
16-01-2026 10:50||NIFTY27JAN2624400PE,0.1684489721157175
16-01-2026 10:50||NIFTY27JAN2624600PE,0.15389926131839315
16-01-2026 10:50||NIFTY27JAN2625100PE,0.12026407917752119
16-01-2026 10:50||NIFTY27JAN2625400CE,0.130621173084418
16-01-2026 10:50||NIFTY27JAN2626100CE,0.09882807837258159
16-01-2026 10:50||NIFTY27JAN2626300CE,0.09854929897316525
16-01-2026 10:50||NIFTY27JAN2626400CE,0.09970808404358733
16-01-2026 10:55||NIFTY27JAN2623800PE,0.21134975771828549
16-01-2026 10:55||NIFTY27JAN2623900PE,0.20419215693975296
16-01-2026 10:55||NIFTY27JAN2624200PE,0.18300388061345946
16-01-2026 10:55||NIFTY27JAN2624900PE,0.13331705101767855
16-01-2026 10:55||NIFTY27JAN2625300CE,0.13414688057635643
16-01-2026 10:55||NIFTY27JAN2625400CE,0.12592571406862163
16-01-2026 10:55||NIFTY27JAN2625500CE,0.11842332094240055
16-01-2026 10:55||NIFTY27JAN2625800CE,0.10402877047041778
16-01-2026 10:55||NIFTY27JAN2625900CE,0.101258112442432
16-01-2026 10:55||NIFTY27JAN2626100CE,0.09726882483662556
16-01-2026 10:55||NIFTY27JAN2626500CE,0.09944909640861839
16-01-2026 11:00||NIFTY27JAN2623800PE,0.21130756230058695
16-01-2026 11:00||NIFTY27JAN2623900PE,0.20402960920077629
16-01-2026 11:00||NIFTY27JAN2624400PE,0.16787804208058313
16-01-2026 11:00||NIFTY27JAN2624900PE,0.132459748087414
16-01-2026 11:00||NIFTY27JAN2625000PE,0.12568656359827948
16-01-2026 11:00||NIFTY27JAN2625300CE,0.13762471206865773
16-01-2026 11:00||NIFTY27JAN2625600CE,0.11429189763705663
16-01-2026 11:00||NIFTY27JAN2626000CE,0.10006622095669775
16-01-2026 11:00||NIFTY27JAN2626100CE,0.09826576779617704
16-01-2026 11:00||NIFTY27JAN2626400CE,0.09896981477103148
16-01-2026 11:05||NIFTY27JAN2624000PE,0.19561402685213658
16-01-2026 11:05||NIFTY27JAN2624300PE,0.17451794443708063
16-01-2026 11:05||NIFTY27JAN2624400PE,0.16723884344358117
16-01-2026 11:05||NIFTY27JAN2625100PE,0.11879214060762666
16-01-2026 11:05||NIFTY27JAN2625300CE,0.1481747815663024
16-01-2026 11:05||NIFTY27JAN2625700CE,0.11447767120458634
16-01-2026 11:05||NIFTY27JAN2625900CE,0.1061598591409299
16-01-2026 11:05||NIFTY27JAN2626100CE,0.10088761242400214
16-01-2026 11:05||NIFTY27JAN2626500CE,0.10179865488437455
16-01-2026 11:10||NIFTY27JAN2623800PE,0.20774157224920112
16-01-2026 11:10||NIFTY27JAN2624000PE,0.19433919814922207
16-01-2026 11:10||NIFTY27JAN2625200CE,0.12658389822785757
16-01-2026 11:10||NIFTY27JAN2625600CE,0.10882482673164567
16-01-2026 11:10||NIFTY27JAN2625800CE,0.10230255094644827
16-01-2026 11:10||NIFTY27JAN2626000CE,0.09781414027563312
16-01-2026 11:15||NIFTY27JAN2623900PE,0.20076023917019653
16-01-2026 11:15||NIFTY27JAN2624200PE,0.17922738621376955
16-01-2026 11:15||NIFTY27JAN2624600PE,0.1512338681756734
16-01-2026 11:15||NIFTY27JAN2624700PE,0.14470198598224948
16-01-2026 11:15||NIFTY27JAN2624800PE,0.13830282358133758
16-01-2026 11:15||NIFTY27JAN2625000PE,0.12581583801696328
16-01-2026 11:15||NIFTY27JAN2625200CE,0.1177373059541509
16-01-2026 11:15||NIFTY27JAN2625800CE,0.10203367827141521
16-01-2026 11:15||NIFTY27JAN2626100CE,0.09702659405754228
16-01-2026 11:15||NIFTY27JAN2626200CE,0.09669484713340273
16-01-2026 11:20||NIFTY27JAN2623800PE,0.2054044081920755
16-01-2026 11:20||NIFTY27JAN2624000PE,0.19162705777039873
16-01-2026 11:20||NIFTY27JAN2624100PE,0.1847574942118721
16-01-2026 11:20||NIFTY27JAN2624600PE,0.14976916221727815
16-01-2026 11:20||NIFTY27JAN2624900PE,0.130705244238121
16-01-2026 11:20||NIFTY27JAN2625600CE,0.11077366438027487
16-01-2026 11:20||NIFTY27JAN2625700CE,0.10686307462222022
16-01-2026 11:20||NIFTY27JAN2625900CE,0.10076604891330579
16-01-2026 11:20||NIFTY27JAN2626000CE,0.09837847703069591
16-01-2026 11:20||NIFTY27JAN2626200CE,0.09673344578007609
16-01-2026 11:20||NIFTY27JAN2626500CE,0.10024098700125891
16-01-2026 11:25||NIFTY27JAN2624200PE,0.1780148010110224
16-01-2026 11:25||NIFTY27JAN2624300PE,0.17117628538991927
16-01-2026 11:25||NIFTY27JAN2624800PE,0.1363434686291058
16-01-2026 11:25||NIFTY27JAN2625000PE,0.1237084670003595
16-01-2026 11:25||NIFTY27JAN2625900CE,0.10340780166410002
16-01-2026 11:25||NIFTY27JAN2626300CE,0.09884696640449976
16-01-2026 11:30||NIFTY27JAN2624300PE,0.1713132813428631
16-01-2026 11:30||NIFTY27JAN2624400PE,0.16419966427755267
16-01-2026 11:30||NIFTY27JAN2624800PE,0.13735992086266358
16-01-2026 11:30||NIFTY27JAN2625600CE,0.10735508810009417
16-01-2026 11:30||NIFTY27JAN2626200CE,0.09576270684354751
16-01-2026 11:30||NIFTY27JAN2626500CE,0.09936034565066534
16-01-2026 11:35||NIFTY27JAN2624500PE,0.15612374810417604
16-01-2026 11:35||NIFTY27JAN2624800PE,0.13607000360996396
16-01-2026 11:35||NIFTY27JAN2625300CE,0.11967560444877554
16-01-2026 11:35||NIFTY27JAN2625500CE,0.1107339150591265
16-01-2026 11:35||NIFTY27JAN2626000CE,0.09773145303919623
16-01-2026 11:35||NIFTY27JAN2626200CE,0.09675966814862072
16-01-2026 11:35||NIFTY27JAN2626400CE,0.098705786993311
16-01-2026 11:40||NIFTY27JAN2624300PE,0.16988762931165385
16-01-2026 11:40||NIFTY27JAN2624400PE,0.16281441621796944
16-01-2026 11:40||NIFTY27JAN2624500PE,0.15578806105771487
16-01-2026 11:40||NIFTY27JAN2625400CE,0.11892933012830226
16-01-2026 11:40||NIFTY27JAN2625500CE,0.11273828551417134
16-01-2026 11:40||NIFTY27JAN2626100CE,0.09637497278332512
16-01-2026 11:40||NIFTY27JAN2626400CE,0.09776898126694113
16-01-2026 11:40||NIFTY27JAN2626500CE,0.10043899135201578
16-01-2026 11:45||NIFTY27JAN2624000PE,0.19069795379372018
16-01-2026 11:45||NIFTY27JAN2624300PE,0.16939672596982386
16-01-2026 11:45||NIFTY27JAN2624900PE,0.12829019193317973
16-01-2026 11:45||NIFTY27JAN2625000PE,0.12260370119486273
16-01-2026 11:45||NIFTY27JAN2625100PE,0.11729522760332431
16-01-2026 11:45||NIFTY27JAN2625400CE,0.1245889426783702
16-01-2026 11:45||NIFTY27JAN2625500CE,0.11819442592167095
16-01-2026 11:45||NIFTY27JAN2625600CE,0.11249685688924776
16-01-2026 11:45||NIFTY27JAN2625800CE,0.10424685838597282
16-01-2026 11:45||NIFTY27JAN2625900CE,0.10164234463903757
16-01-2026 11:50||NIFTY27JAN2623800PE,0.2067868743071299
16-01-2026 11:50||NIFTY27JAN2623900PE,0.19903165796358488
16-01-2026 11:50||NIFTY27JAN2624200PE,0.1764933539395914
16-01-2026 11:50||NIFTY27JAN2624300PE,0.1693840411945441
16-01-2026 11:50||NIFTY27JAN2625500CE,0.11856733042179513
16-01-2026 11:55||NIFTY27JAN2624000PE,0.19065297896748473
16-01-2026 11:55||NIFTY27JAN2624500PE,0.15578025442997268
16-01-2026 11:55||NIFTY27JAN2624800PE,0.1352581344765804
16-01-2026 11:55||NIFTY27JAN2625000PE,0.12312570895415141
16-01-2026 11:55||NIFTY27JAN2625100PE,0.1175065566971265
16-01-2026 11:55||NIFTY27JAN2625200CE,0.11929704573021965
16-01-2026 11:55||NIFTY27JAN2625800CE,0.09739491137487283
16-01-2026 11:55||NIFTY27JAN2626200CE,0.09498683626156451
16-01-2026 12:00||NIFTY27JAN2623900PE,0.19496101184634845
16-01-2026 12:00||NIFTY27JAN2624000PE,0.18796837548269701
16-01-2026 12:00||NIFTY27JAN2624200PE,0.17393606598786715
16-01-2026 12:00||NIFTY27JAN2624400PE,0.15966492864709883
16-01-2026 12:00||NIFTY27JAN2624600PE,0.1455502341924709
16-01-2026 12:00||NIFTY27JAN2624800PE,0.13247977016498555
16-01-2026 12:00||NIFTY27JAN2624900PE,0.12628342046859475
16-01-2026 12:00||NIFTY27JAN2625200CE,0.15412523998210428
16-01-2026 12:00||NIFTY27JAN2625600CE,0.12190731803799201
16-01-2026 12:00||NIFTY27JAN2626000CE,0.10463304992246765
16-01-2026 12:00||NIFTY27JAN2626200CE,0.10242099497162027
16-01-2026 12:05||NIFTY27JAN2623800PE,0.20295942937661476
16-01-2026 12:05||NIFTY27JAN2623900PE,0.1958938606991067
16-01-2026 12:05||NIFTY27JAN2624000PE,0.18882267774814646
16-01-2026 12:05||NIFTY27JAN2624200PE,0.17471633893215083
16-01-2026 12:05||NIFTY27JAN2624300PE,0.16763530997835435
16-01-2026 12:05||NIFTY27JAN2624500PE,0.15325670889918366
16-01-2026 12:05||NIFTY27JAN2624800PE,0.13276061251198565
16-01-2026 12:05||NIFTY27JAN2625000PE,0.11988761465604686
16-01-2026 12:05||NIFTY27JAN2625200CE,0.1533053584957701
16-01-2026 12:05||NIFTY27JAN2625400CE,0.14181108025240416
16-01-2026 12:05||NIFTY27JAN2625800CE,0.11736219354451838
16-01-2026 12:05||NIFTY27JAN2625900CE,0.11280358386240343
16-01-2026 12:05||NIFTY27JAN2626200CE,0.10442682579945825
16-01-2026 12:05||NIFTY27JAN2626500CE,0.10411418752317678
16-01-2026 12:10||NIFTY27JAN2623800PE,0.204830767923322
16-01-2026 12:10||NIFTY27JAN2624200PE,0.1755571584164639
16-01-2026 12:10||NIFTY27JAN2624800PE,0.13404207563746576
16-01-2026 12:10||NIFTY27JAN2625100PE,0.11579362362972989
16-01-2026 12:10||NIFTY27JAN2625300CE,0.14617826893030433
16-01-2026 12:10||NIFTY27JAN2625800CE,0.11338975151772272
16-01-2026 12:10||NIFTY27JAN2626000CE,0.10668415153133623
16-01-2026 12:10||NIFTY27JAN2626100CE,0.10414556259201821
16-01-2026 12:15||NIFTY27JAN2624000PE,0.19151191757102703
16-01-2026 12:15||NIFTY27JAN2624200PE,0.1764262850158682
16-01-2026 12:15||NIFTY27JAN2624300PE,0.16899958007527083
16-01-2026 12:15||NIFTY27JAN2624400PE,0.16166395510479797
16-01-2026 12:15||NIFTY27JAN2624600PE,0.147724020203666
16-01-2026 12:15||NIFTY27JAN2624800PE,0.13510228738784907
16-01-2026 12:15||NIFTY27JAN2624900PE,0.12898545644832865
16-01-2026 12:15||NIFTY27JAN2625000PE,0.12295271798159631
16-01-2026 12:15||NIFTY27JAN2625200CE,0.141360303953909
16-01-2026 12:15||NIFTY27JAN2625800CE,0.10527145011067168
16-01-2026 12:15||NIFTY27JAN2626000CE,0.10007153963088217
16-01-2026 12:20||NIFTY27JAN2623900PE,0.19809895105985298
16-01-2026 12:20||NIFTY27JAN2624300PE,0.1688177841756957
16-01-2026 12:20||NIFTY27JAN2624500PE,0.15467664650144775
16-01-2026 12:20||NIFTY27JAN2624900PE,0.1287569841446406
16-01-2026 12:20||NIFTY27JAN2625400CE,0.12682651773778403
16-01-2026 12:20||NIFTY27JAN2625600CE,0.1154416401500479
16-01-2026 12:20||NIFTY27JAN2625700CE,0.11065082970175251
16-01-2026 12:25||NIFTY27JAN2623800PE,0.20405754391094844
16-01-2026 12:25||NIFTY27JAN2624500PE,0.15553260746305692
16-01-2026 12:25||NIFTY27JAN2624700PE,0.1430986050420744
16-01-2026 12:25||NIFTY27JAN2624800PE,0.13729979626612585
16-01-2026 12:25||NIFTY27JAN2625000PE,0.12643417435761603
16-01-2026 12:25||NIFTY27JAN2625100PE,0.12138125858914817
16-01-2026 12:25||NIFTY27JAN2626200CE,0.08927787522728872
16-01-2026 12:25||NIFTY27JAN2626400CE,0.09461938298382216
16-01-2026 12:30||NIFTY27JAN2623800PE,0.19935267396242679
16-01-2026 12:30||NIFTY27JAN2624300PE,0.16066788150336253
16-01-2026 12:30||NIFTY27JAN2624400PE,0.15365792768723002
16-01-2026 12:30||NIFTY27JAN2624600PE,0.13999558947186128
16-01-2026 12:30||NIFTY27JAN2625100PE,0.11089609480699117
16-01-2026 12:30||NIFTY27JAN2625200CE,0.15133006603806
16-01-2026 12:30||NIFTY27JAN2626200CE,0.10422090640153361
16-01-2026 12:30||NIFTY27JAN2626300CE,0.10458711683664772
16-01-2026 12:35||NIFTY27JAN2623800PE,0.20304374689202828
16-01-2026 12:35||NIFTY27JAN2623900PE,0.1943666187859054
16-01-2026 12:35||NIFTY27JAN2624800PE,0.13059612343231108
16-01-2026 12:35||NIFTY27JAN2625600CE,0.11076201599488948
16-01-2026 12:35||NIFTY27JAN2625700CE,0.10777299170842088
16-01-2026 12:35||NIFTY27JAN2625800CE,0.10476958590041022
16-01-2026 12:35||NIFTY27JAN2625900CE,0.10186850636579022
16-01-2026 12:35||NIFTY27JAN2626000CE,0.09874832726034216
16-01-2026 12:35||NIFTY27JAN2626200CE,0.09815870276961641
16-01-2026 12:40||NIFTY27JAN2623800PE,0.20219340872546557
16-01-2026 12:40||NIFTY27JAN2624200PE,0.17031959345794884
16-01-2026 12:40||NIFTY27JAN2625100PE,0.11563416423000847
16-01-2026 12:40||NIFTY27JAN2625200CE,0.12022560072569799
16-01-2026 12:40||NIFTY27JAN2625800CE,0.10153483046968534
16-01-2026 12:40||NIFTY27JAN2625900CE,0.0997298163951658
16-01-2026 12:40||NIFTY27JAN2626300CE,0.09877173859589092
16-01-2026 12:45||NIFTY27JAN2624000PE,0.1841488207519434
16-01-2026 12:45||NIFTY27JAN2624800PE,0.13044704086939746
16-01-2026 12:45||NIFTY27JAN2625000PE,0.11940582526360927
16-01-2026 12:45||NIFTY27JAN2625700CE,0.10433202845757444
16-01-2026 12:45||NIFTY27JAN2625900CE,0.10051098982671258
16-01-2026 12:45||NIFTY27JAN2626000CE,0.09912419718130389
16-01-2026 12:45||NIFTY27JAN2626200CE,0.09900131438767296
16-01-2026 12:45||NIFTY27JAN2626300CE,0.1002435905000139
16-01-2026 12:50||NIFTY27JAN2624300PE,0.16201027826215386
16-01-2026 12:50||NIFTY27JAN2626000CE,0.10395704592278805
16-01-2026 12:50||NIFTY27JAN2626200CE,0.10259153594199086
16-01-2026 12:50||NIFTY27JAN2626300CE,0.10296903659333739
16-01-2026 12:50||NIFTY27JAN2626500CE,0.10654202974797866
16-01-2026 12:55||NIFTY27JAN2623900PE,0.19262434816806218
16-01-2026 12:55||NIFTY27JAN2624700PE,0.13739881553028888
16-01-2026 12:55||NIFTY27JAN2624800PE,0.13163058213734097
16-01-2026 12:55||NIFTY27JAN2624900PE,0.12592564378784063
16-01-2026 12:55||NIFTY27JAN2625500CE,0.10589426157079163
16-01-2026 12:55||NIFTY27JAN2625800CE,0.09918618246324229
16-01-2026 12:55||NIFTY27JAN2625900CE,0.09796368589147236
16-01-2026 13:00||NIFTY27JAN2623800PE,0.19876773765926362
16-01-2026 13:00||NIFTY27JAN2624600PE,0.14155250589226342
16-01-2026 13:00||NIFTY27JAN2624700PE,0.13535904089284137
16-01-2026 13:00||NIFTY27JAN2624800PE,0.12932066005410087
16-01-2026 13:00||NIFTY27JAN2625400CE,0.11089037308718898
16-01-2026 13:00||NIFTY27JAN2625900CE,0.09907841859569988
16-01-2026 13:00||NIFTY27JAN2626000CE,0.09828720432781309
16-01-2026 13:05||NIFTY27JAN2624100PE,0.17513065587357907
16-01-2026 13:05||NIFTY27JAN2624200PE,0.1674865405968342
16-01-2026 13:05||NIFTY27JAN2625000PE,0.11524620396685065
16-01-2026 13:05||NIFTY27JAN2625300CE,0.12861696574132447
16-01-2026 13:10||NIFTY27JAN2625200CE,0.13131779033959734
16-01-2026 13:10||NIFTY27JAN2625800CE,0.10293241168194461
16-01-2026 13:10||NIFTY27JAN2626300CE,0.10194356469626399
16-01-2026 13:15||NIFTY27JAN2623800PE,0.19553478599346277
16-01-2026 13:15||NIFTY27JAN2623900PE,0.18802451408520449
16-01-2026 13:15||NIFTY27JAN2624100PE,0.1731982597654107
16-01-2026 13:15||NIFTY27JAN2624300PE,0.15866753337192696
16-01-2026 13:15||NIFTY27JAN2624600PE,0.13795860590296347
16-01-2026 13:15||NIFTY27JAN2624700PE,0.13172958923701117
16-01-2026 13:15||NIFTY27JAN2625400CE,0.11688340953455485
16-01-2026 13:15||NIFTY27JAN2625800CE,0.10250720709831503
16-01-2026 13:15||NIFTY27JAN2625900CE,0.10084187047152929
16-01-2026 13:15||NIFTY27JAN2626100CE,0.10014194672724017
16-01-2026 13:15||NIFTY27JAN2626200CE,0.10081741084847312
16-01-2026 13:20||NIFTY27JAN2623800PE,0.1941066455982276
16-01-2026 13:20||NIFTY27JAN2624300PE,0.15744999717637265
16-01-2026 13:20||NIFTY27JAN2624700PE,0.1314996727428095
16-01-2026 13:20||NIFTY27JAN2625100PE,0.11096509124212951
16-01-2026 13:20||NIFTY27JAN2625600CE,0.10573960992832446
16-01-2026 13:20||NIFTY27JAN2626000CE,0.09959806575050792
16-01-2026 13:20||NIFTY27JAN2626100CE,0.09973547241495415
16-01-2026 13:25||NIFTY27JAN2623900PE,0.18420334841249886
16-01-2026 13:25||NIFTY27JAN2624100PE,0.1690566839846555
16-01-2026 13:25||NIFTY27JAN2624300PE,0.15456022000448352
16-01-2026 13:25||NIFTY27JAN2624400PE,0.1477174350232514
16-01-2026 13:25||NIFTY27JAN2625000PE,0.1114799367083483
16-01-2026 13:25||NIFTY27JAN2625200CE,0.14121944061860808
16-01-2026 13:25||NIFTY27JAN2625300CE,0.13456201527934614
16-01-2026 13:25||NIFTY27JAN2625500CE,0.12313252664785133
16-01-2026 13:25||NIFTY27JAN2625800CE,0.11092567483585661
16-01-2026 13:25||NIFTY27JAN2626400CE,0.10897446417538595
16-01-2026 13:25||NIFTY27JAN2626500CE,0.11306962051811165
16-01-2026 13:30||NIFTY27JAN2624000PE,0.17830873264626293
16-01-2026 13:30||NIFTY27JAN2624200PE,0.16363530435762347
16-01-2026 13:30||NIFTY27JAN2624400PE,0.15011773658173377
16-01-2026 13:30||NIFTY27JAN2624900PE,0.12097242944411521
16-01-2026 13:30||NIFTY27JAN2625000PE,0.11593083458104589
16-01-2026 13:30||NIFTY27JAN2625200CE,0.12874316377903583
16-01-2026 13:35||NIFTY27JAN2624400PE,0.14893023514261844
16-01-2026 13:35||NIFTY27JAN2624500PE,0.14217597611852545
16-01-2026 13:35||NIFTY27JAN2624900PE,0.11920598275576408
16-01-2026 13:35||NIFTY27JAN2625500CE,0.11891328997009463
16-01-2026 13:35||NIFTY27JAN2626000CE,0.10433079228618991
16-01-2026 13:35||NIFTY27JAN2626100CE,0.10364199851109564
16-01-2026 13:35||NIFTY27JAN2626400CE,0.10770882035041032
16-01-2026 13:40||NIFTY27JAN2623900PE,0.18657268640953653
16-01-2026 13:40||NIFTY27JAN2624300PE,0.15712451248677037
16-01-2026 13:40||NIFTY27JAN2624500PE,0.14401556018447575
16-01-2026 13:40||NIFTY27JAN2624700PE,0.13195572902918629
16-01-2026 13:40||NIFTY27JAN2624800PE,0.12622431691613695
16-01-2026 13:40||NIFTY27JAN2625100PE,0.11148343403220606
16-01-2026 13:40||NIFTY27JAN2625200CE,0.12260768258464444
16-01-2026 13:40||NIFTY27JAN2625300CE,0.11749892023709263
16-01-2026 13:40||NIFTY27JAN2625800CE,0.10265673322578012
16-01-2026 13:40||NIFTY27JAN2625900CE,0.10132775507389094
16-01-2026 13:40||NIFTY27JAN2626000CE,0.10027439251375568
16-01-2026 13:40||NIFTY27JAN2626200CE,0.1004992775704033
16-01-2026 13:40||NIFTY27JAN2626500CE,0.10836928834767437
16-01-2026 13:45||NIFTY27JAN2623900PE,0.18645602529917893
16-01-2026 13:45||NIFTY27JAN2624100PE,0.17062403329770326
16-01-2026 13:45||NIFTY27JAN2624500PE,0.14312112996036636
16-01-2026 13:45||NIFTY27JAN2624600PE,0.13677228994169535
16-01-2026 13:45||NIFTY27JAN2625300CE,0.12660452533873376
16-01-2026 13:45||NIFTY27JAN2626100CE,0.10120940358038819
16-01-2026 13:50||NIFTY27JAN2624200PE,0.16544611009137852
16-01-2026 13:50||NIFTY27JAN2624400PE,0.15202019610545506
16-01-2026 13:50||NIFTY27JAN2624700PE,0.13420940863631475
16-01-2026 13:50||NIFTY27JAN2625900CE,0.09631731416262354
16-01-2026 13:50||NIFTY27JAN2626000CE,0.09681472033749264
16-01-2026 13:50||NIFTY27JAN2626100CE,0.09739495934165582
16-01-2026 13:55||NIFTY27JAN2623900PE,0.1865335858300605
16-01-2026 13:55||NIFTY27JAN2624200PE,0.16349067336835138
16-01-2026 13:55||NIFTY27JAN2624300PE,0.15682797054314052
16-01-2026 13:55||NIFTY27JAN2625000PE,0.1155200462832611
16-01-2026 13:55||NIFTY27JAN2625700CE,0.10374599323347754
16-01-2026 13:55||NIFTY27JAN2626100CE,0.1006471169707289
16-01-2026 13:55||NIFTY27JAN2626500CE,0.10949523494936535
16-01-2026 14:00||NIFTY27JAN2624000PE,0.1773720527156204
16-01-2026 14:00||NIFTY27JAN2624200PE,0.16297099753776806
16-01-2026 14:00||NIFTY27JAN2624500PE,0.14297279235100255
16-01-2026 14:00||NIFTY27JAN2624700PE,0.13071134687055083
16-01-2026 14:00||NIFTY27JAN2624900PE,0.11975973819722385
16-01-2026 14:00||NIFTY27JAN2625000PE,0.11468314447691798
16-01-2026 14:00||NIFTY27JAN2625100PE,0.10992050196710917
16-01-2026 14:00||NIFTY27JAN2625800CE,0.10098290117518469
16-01-2026 14:00||NIFTY27JAN2626000CE,0.10020178366519675
16-01-2026 14:00||NIFTY27JAN2626100CE,0.10047152764008804
16-01-2026 14:00||NIFTY27JAN2626400CE,0.1064798521180509
16-01-2026 14:05||NIFTY27JAN2623800PE,0.1949476251737496
16-01-2026 14:05||NIFTY27JAN2624100PE,0.17188131634955534
16-01-2026 14:05||NIFTY27JAN2624300PE,0.15721016724246867
16-01-2026 14:05||NIFTY27JAN2625200CE,0.11284534393285124
16-01-2026 14:05||NIFTY27JAN2625500CE,0.10328841867178605
16-01-2026 14:05||NIFTY27JAN2625700CE,0.09935725743906909
16-01-2026 14:05||NIFTY27JAN2625800CE,0.0981942714285563
16-01-2026 14:05||NIFTY27JAN2626100CE,0.09854068969784965
16-01-2026 14:10||NIFTY27JAN2624000PE,0.17988610519955323
16-01-2026 14:10||NIFTY27JAN2624500PE,0.14435344505452968
16-01-2026 14:10||NIFTY27JAN2625100PE,0.11110904447319617
16-01-2026 14:10||NIFTY27JAN2625400CE,0.11280706822961059
16-01-2026 14:10||NIFTY27JAN2625500CE,0.10943781680674622
16-01-2026 14:10||NIFTY27JAN2625700CE,0.10351889395909256
16-01-2026 14:10||NIFTY27JAN2626400CE,0.10576569329998907
16-01-2026 14:10||NIFTY27JAN2626500CE,0.10948994466877443
16-01-2026 14:15||NIFTY27JAN2623900PE,0.18656554939333933
16-01-2026 14:15||NIFTY27JAN2624100PE,0.17195482518130464
16-01-2026 14:15||NIFTY27JAN2624300PE,0.15704036531598814
16-01-2026 14:15||NIFTY27JAN2624600PE,0.13651240919136248
16-01-2026 14:15||NIFTY27JAN2624900PE,0.11956758374003876
16-01-2026 14:15||NIFTY27JAN2625000PE,0.11421114933192822
16-01-2026 14:15||NIFTY27JAN2625500CE,0.11312414436907892
16-01-2026 14:20||NIFTY27JAN2623900PE,0.18794682453949818
16-01-2026 14:20||NIFTY27JAN2624200PE,0.1647759433944862
16-01-2026 14:20||NIFTY27JAN2624800PE,0.12505355801192497
16-01-2026 14:20||NIFTY27JAN2625000PE,0.11340253006021986
16-01-2026 14:20||NIFTY27JAN2625100PE,0.1075838383455264
16-01-2026 14:20||NIFTY27JAN2625300CE,0.12587794090039084
16-01-2026 14:20||NIFTY27JAN2625400CE,0.11880682985465668
16-01-2026 14:20||NIFTY27JAN2626000CE,0.10030959439223841
16-01-2026 14:20||NIFTY27JAN2626300CE,0.10350040392899151
16-01-2026 14:25||NIFTY27JAN2623900PE,0.18960412277606586
16-01-2026 14:25||NIFTY27JAN2624400PE,0.1532652371590419
16-01-2026 14:25||NIFTY27JAN2624500PE,0.14649601640990478
16-01-2026 14:25||NIFTY27JAN2624700PE,0.13367766120870006
16-01-2026 14:25||NIFTY27JAN2624900PE,0.1210034912520378
16-01-2026 14:25||NIFTY27JAN2625000PE,0.114674215177151
16-01-2026 14:25||NIFTY27JAN2625100PE,0.10843476962842255
16-01-2026 14:25||NIFTY27JAN2625500CE,0.10021216692063425
16-01-2026 14:25||NIFTY27JAN2626500CE,0.10791264496005085
16-01-2026 14:30||NIFTY27JAN2623800PE,0.19501453761821627
16-01-2026 14:30||NIFTY27JAN2624300PE,0.1575756026660088
16-01-2026 14:30||NIFTY27JAN2625300CE,0.1234408564447699
16-01-2026 14:30||NIFTY27JAN2626000CE,0.10099375911708373
16-01-2026 14:30||NIFTY27JAN2626300CE,0.10388528085013707
16-01-2026 14:35||NIFTY27JAN2623800PE,0.19727585339552045
16-01-2026 14:35||NIFTY27JAN2624300PE,0.15910611973514513
16-01-2026 14:35||NIFTY27JAN2624600PE,0.13851170094274964
16-01-2026 14:35||NIFTY27JAN2624800PE,0.12697600389613356
16-01-2026 14:35||NIFTY27JAN2624900PE,0.12161257003729804
16-01-2026 14:35||NIFTY27JAN2625000PE,0.11640962861874102
16-01-2026 14:35||NIFTY27JAN2625300CE,0.10401441465956138
16-01-2026 14:35||NIFTY27JAN2625700CE,0.0994685568198527
16-01-2026 14:35||NIFTY27JAN2625900CE,0.09696489864503052
16-01-2026 14:35||NIFTY27JAN2626100CE,0.0975343176561337
16-01-2026 14:35||NIFTY27JAN2626200CE,0.09887194345429974
16-01-2026 14:35||NIFTY27JAN2626300CE,0.10069550212109946
16-01-2026 14:35||NIFTY27JAN2626500CE,0.10462803441245871
16-01-2026 14:40||NIFTY27JAN2623800PE,0.19742044401888853
16-01-2026 14:40||NIFTY27JAN2624200PE,0.16536376450416904
16-01-2026 14:40||NIFTY27JAN2624300PE,0.15832218617295513
16-01-2026 14:40||NIFTY27JAN2624600PE,0.13822846477258588
16-01-2026 14:40||NIFTY27JAN2624700PE,0.13222249371774206
16-01-2026 14:40||NIFTY27JAN2624900PE,0.12084240444679639
16-01-2026 14:40||NIFTY27JAN2625800CE,0.10068876933364927
16-01-2026 14:40||NIFTY27JAN2626500CE,0.10814893510264645
16-01-2026 14:45||NIFTY27JAN2623900PE,0.18747910282198488
16-01-2026 14:45||NIFTY27JAN2624000PE,0.1796353342104734
16-01-2026 14:45||NIFTY27JAN2624100PE,0.1720624232884967
16-01-2026 14:45||NIFTY27JAN2624600PE,0.1382409298282139
16-01-2026 14:45||NIFTY27JAN2625000PE,0.11596226177575408
16-01-2026 14:45||NIFTY27JAN2625300CE,0.11059427498091096
16-01-2026 14:45||NIFTY27JAN2625600CE,0.10170479070018332
16-01-2026 14:45||NIFTY27JAN2625800CE,0.09817413241881082
16-01-2026 14:45||NIFTY27JAN2626000CE,0.0966128369729228
16-01-2026 14:45||NIFTY27JAN2626300CE,0.10068703237106234
16-01-2026 14:45||NIFTY27JAN2626400CE,0.10388849175327425
16-01-2026 14:50||NIFTY27JAN2623900PE,0.18736869126881142
16-01-2026 14:50||NIFTY27JAN2624100PE,0.1724795316013796
16-01-2026 14:50||NIFTY27JAN2624200PE,0.16504258554356277
16-01-2026 14:50||NIFTY27JAN2624300PE,0.15765908523764915
16-01-2026 14:50||NIFTY27JAN2624700PE,0.13162954559585735
16-01-2026 14:50||NIFTY27JAN2624900PE,0.12088859027796951
16-01-2026 14:50||NIFTY27JAN2625100PE,0.11061683823600023
16-01-2026 14:50||NIFTY27JAN2625400CE,0.11482954178053909
16-01-2026 14:50||NIFTY27JAN2625500CE,0.11046047123718997
16-01-2026 14:50||NIFTY27JAN2625900CE,0.09975922382986514
16-01-2026 14:55||NIFTY27JAN2624200PE,0.16383530489463224
16-01-2026 14:55||NIFTY27JAN2624500PE,0.14365629203281377
16-01-2026 14:55||NIFTY27JAN2624900PE,0.12093304853638903
16-01-2026 14:55||NIFTY27JAN2625000PE,0.11573161340429919
16-01-2026 14:55||NIFTY27JAN2625200CE,0.12312313375058682
16-01-2026 14:55||NIFTY27JAN2625300CE,0.11841160219908142
16-01-2026 14:55||NIFTY27JAN2625600CE,0.10705418230324354
16-01-2026 14:55||NIFTY27JAN2625700CE,0.10402532256785944
16-01-2026 14:55||NIFTY27JAN2625800CE,0.10123278062103427
16-01-2026 15:00||NIFTY27JAN2624000PE,0.17985358329334894
16-01-2026 15:00||NIFTY27JAN2624200PE,0.16464079969740075
16-01-2026 15:00||NIFTY27JAN2624800PE,0.1275513192236386
16-01-2026 15:00||NIFTY27JAN2624900PE,0.12248784067754231
16-01-2026 15:00||NIFTY27JAN2625500CE,0.10195497953840815
16-01-2026 15:00||NIFTY27JAN2626000CE,0.09633590833341991
16-01-2026 15:05||NIFTY27JAN2623900PE,0.18615315594063572
16-01-2026 15:05||NIFTY27JAN2624000PE,0.17843275608112552
16-01-2026 15:05||NIFTY27JAN2624100PE,0.17096788769408933
16-01-2026 15:05||NIFTY27JAN2624200PE,0.16372259246923965
16-01-2026 15:05||NIFTY27JAN2624600PE,0.13765348713006206
16-01-2026 15:05||NIFTY27JAN2624900PE,0.1216975354060569
16-01-2026 15:05||NIFTY27JAN2626200CE,0.09852267516724997
16-01-2026 15:05||NIFTY27JAN2626500CE,0.10728242215628035
16-01-2026 15:10||NIFTY27JAN2623900PE,0.18629949512308078
16-01-2026 15:10||NIFTY27JAN2624700PE,0.13180728650376333
16-01-2026 15:10||NIFTY27JAN2624800PE,0.12645299366569518
16-01-2026 15:10||NIFTY27JAN2625100PE,0.11126087513429672
16-01-2026 15:10||NIFTY27JAN2625600CE,0.10112775841577469
16-01-2026 15:10||NIFTY27JAN2626000CE,0.09691698899783717
16-01-2026 15:15||NIFTY27JAN2623800PE,0.1955378517003959
16-01-2026 15:15||NIFTY27JAN2624000PE,0.17813384786804504
16-01-2026 15:15||NIFTY27JAN2624200PE,0.1628444284404057
16-01-2026 15:15||NIFTY27JAN2624400PE,0.1493986579151679
16-01-2026 15:15||NIFTY27JAN2624500PE,0.14311657038982245
16-01-2026 15:15||NIFTY27JAN2624700PE,0.13135894278018345
16-01-2026 15:15||NIFTY27JAN2624800PE,0.1258430196307631
16-01-2026 15:15||NIFTY27JAN2625000PE,0.11515923369316103
16-01-2026 15:15||NIFTY27JAN2625200CE,0.1241255952854583
16-01-2026 15:15||NIFTY27JAN2625300CE,0.11888428474224699
16-01-2026 15:15||NIFTY27JAN2625500CE,0.11021637799688508
16-01-2026 15:15||NIFTY27JAN2625900CE,0.10110514291619169
16-01-2026 15:15||NIFTY27JAN2626000CE,0.10078926715745389
16-01-2026 15:15||NIFTY27JAN2626100CE,0.10059174527035603
16-01-2026 15:15||NIFTY27JAN2626300CE,0.10213130514472142
16-01-2026 15:20||NIFTY27JAN2623900PE,0.18674642314723
16-01-2026 15:20||NIFTY27JAN2624000PE,0.17886506388476894
16-01-2026 15:20||NIFTY27JAN2624200PE,0.16397016541869677
16-01-2026 15:20||NIFTY27JAN2624400PE,0.15029999405647837
16-01-2026 15:20||NIFTY27JAN2624600PE,0.13733999011573725
16-01-2026 15:20||NIFTY27JAN2624800PE,0.1256454176155773
16-01-2026 15:20||NIFTY27JAN2624900PE,0.120175277353019
16-01-2026 15:20||NIFTY27JAN2625000PE,0.1148545280607758
16-01-2026 15:20||NIFTY27JAN2625500CE,0.10930636134563579
16-01-2026 15:20||NIFTY27JAN2625900CE,0.09957437184761753
16-01-2026 15:20||NIFTY27JAN2626100CE,0.09907452062498878
16-01-2026 15:20||NIFTY27JAN2626400CE,0.10536499091099807
16-01-2026 15:20||NIFTY27JAN2626500CE,0.10982601766327595
16-01-2026 15:25||NIFTY27JAN2624200PE,0.16346557081710306
16-01-2026 15:25||NIFTY27JAN2626400CE,0.10294930691472895
16-01-2026 15:25||NIFTY27JAN2626500CE,0.10702496833727008
19-01-2026 09:15||NIFTY27JAN2624700PE,0.13646862917356484
19-01-2026 09:15||NIFTY27JAN2624900PE,0.12441379921530579
19-01-2026 09:15||NIFTY27JAN2625400CE,0.13069563354250574
19-01-2026 09:15||NIFTY27JAN2625500CE,0.12615470806358586
19-01-2026 09:15||NIFTY27JAN2625900CE,0.11870194940369813
19-01-2026 09:15||NIFTY27JAN2626300CE,0.12607305640908842
19-01-2026 09:15||NIFTY27JAN2626400CE,0.13039410017399503
19-01-2026 09:15||NIFTY27JAN2626500CE,0.13557887858257195
19-01-2026 09:20||NIFTY27JAN2624600PE,0.14766484724421317
19-01-2026 09:20||NIFTY27JAN2625600CE,0.09777682818342037
19-01-2026 09:20||NIFTY27JAN2625700CE,0.0994959515050447
19-01-2026 09:20||NIFTY27JAN2625900CE,0.10349905418349814
19-01-2026 09:20||NIFTY27JAN2626100CE,0.10947521806969367
19-01-2026 09:20||NIFTY27JAN2626400CE,0.12277135196311306
19-01-2026 09:25||NIFTY27JAN2623900PE,0.20108087676019337
19-01-2026 09:25||NIFTY27JAN2624500PE,0.15336340369768658
19-01-2026 09:25||NIFTY27JAN2624600PE,0.1458759787451592
19-01-2026 09:25||NIFTY27JAN2625500CE,0.10302065439363337
19-01-2026 09:25||NIFTY27JAN2625600CE,0.10345417132504517
19-01-2026 09:25||NIFTY27JAN2625700CE,0.10388076064474984
19-01-2026 09:25||NIFTY27JAN2626100CE,0.1123929188657895
19-01-2026 09:25||NIFTY27JAN2626200CE,0.11638045563111693
19-01-2026 09:25||NIFTY27JAN2626400CE,0.1259865416111427
19-01-2026 09:30||NIFTY27JAN2623800PE,0.20706475144361328
19-01-2026 09:30||NIFTY27JAN2624000PE,0.19113251781301455
19-01-2026 09:30||NIFTY27JAN2624100PE,0.18317978343325148
19-01-2026 09:30||NIFTY27JAN2624200PE,0.17509751255485495
19-01-2026 09:30||NIFTY27JAN2624300PE,0.1668816459086832
19-01-2026 09:30||NIFTY27JAN2624400PE,0.1585108780529414
19-01-2026 09:30||NIFTY27JAN2624800PE,0.1287069677456837
19-01-2026 09:30||NIFTY27JAN2624900PE,0.12265872492191009
19-01-2026 09:30||NIFTY27JAN2625400CE,0.129623573514004
19-01-2026 09:30||NIFTY27JAN2625800CE,0.11677525194613739
19-01-2026 09:30||NIFTY27JAN2626500CE,0.13841836552304823
19-01-2026 09:35||NIFTY27JAN2623800PE,0.21180637307133576
19-01-2026 09:35||NIFTY27JAN2624100PE,0.18910289540880704
19-01-2026 09:35||NIFTY27JAN2624500PE,0.1557303626669931
19-01-2026 09:35||NIFTY27JAN2624800PE,0.13436768673909924
19-01-2026 09:35||NIFTY27JAN2625200CE,0.09247814533562865
19-01-2026 09:35||NIFTY27JAN2625500CE,0.09980444911775437
19-01-2026 09:35||NIFTY27JAN2625600CE,0.10056371601530945
19-01-2026 09:35||NIFTY27JAN2626200CE,0.11443413539580835
19-01-2026 09:40||NIFTY27JAN2624100PE,0.1842003907005672
19-01-2026 09:40||NIFTY27JAN2624200PE,0.17570251189972436
19-01-2026 09:40||NIFTY27JAN2624400PE,0.159031354736328
19-01-2026 09:40||NIFTY27JAN2624500PE,0.15076582268065467
19-01-2026 09:40||NIFTY27JAN2624600PE,0.1426982338561506
19-01-2026 09:40||NIFTY27JAN2624900PE,0.12377110006022249
19-01-2026 09:40||NIFTY27JAN2625500CE,0.11304059831352217
19-01-2026 09:40||NIFTY27JAN2625700CE,0.11037923537068564
19-01-2026 09:40||NIFTY27JAN2626200CE,0.11884500668349247
19-01-2026 09:40||NIFTY27JAN2626300CE,0.12316534016816333
19-01-2026 09:40||NIFTY27JAN2626500CE,0.1341476689997513
19-01-2026 09:45||NIFTY27JAN2623800PE,0.21255920294692587
19-01-2026 09:45||NIFTY27JAN2623900PE,0.20367671243884217
19-01-2026 09:45||NIFTY27JAN2624000PE,0.19486028986617382
19-01-2026 09:45||NIFTY27JAN2624100PE,0.18607144148370286
19-01-2026 09:45||NIFTY27JAN2624200PE,0.17729311898652683
19-01-2026 09:45||NIFTY27JAN2625500CE,0.10920961151394237
19-01-2026 09:45||NIFTY27JAN2626200CE,0.11730188141848048
19-01-2026 09:50||NIFTY27JAN2623900PE,0.2006475028126521
19-01-2026 09:50||NIFTY27JAN2624000PE,0.19266272921897915
19-01-2026 09:50||NIFTY27JAN2624700PE,0.1382067820761937
19-01-2026 09:50||NIFTY27JAN2624800PE,0.13200130757879502
19-01-2026 09:50||NIFTY27JAN2625300CE,0.0998339931761332
19-01-2026 09:50||NIFTY27JAN2625400CE,0.10114509781160821
19-01-2026 09:50||NIFTY27JAN2625900CE,0.1057881914779384
19-01-2026 09:50||NIFTY27JAN2626200CE,0.11571618028602723
19-01-2026 09:55||NIFTY27JAN2624600PE,0.145763713898031
19-01-2026 09:55||NIFTY27JAN2624700PE,0.138980790152061
19-01-2026 09:55||NIFTY27JAN2625400CE,0.10142223477642794
19-01-2026 09:55||NIFTY27JAN2625700CE,0.1030245532973611
19-01-2026 09:55||NIFTY27JAN2626400CE,0.12691983119245742
19-01-2026 10:00||NIFTY27JAN2624400PE,0.1579169857148692
19-01-2026 10:00||NIFTY27JAN2624500PE,0.1497252792896132
19-01-2026 10:00||NIFTY27JAN2625000PE,0.11948287121530966
19-01-2026 10:00||NIFTY27JAN2625700CE,0.10660945831883259
19-01-2026 10:00||NIFTY27JAN2625900CE,0.10901829413688952
19-01-2026 10:05||NIFTY27JAN2624500PE,0.14827554643234503
19-01-2026 10:05||NIFTY27JAN2624800PE,0.12728425572716479
19-01-2026 10:05||NIFTY27JAN2625200CE,0.12617292011826325
19-01-2026 10:05||NIFTY27JAN2625500CE,0.11509909872764058
19-01-2026 10:05||NIFTY27JAN2626100CE,0.11890304953212968
19-01-2026 10:05||NIFTY27JAN2626200CE,0.12280893076416546
19-01-2026 10:10||NIFTY27JAN2623800PE,0.20925865964554216
19-01-2026 10:10||NIFTY27JAN2624200PE,0.17455731766592686
19-01-2026 10:10||NIFTY27JAN2624400PE,0.15815054845580617
19-01-2026 10:10||NIFTY27JAN2624900PE,0.12507731067048383
19-01-2026 10:10||NIFTY27JAN2625100PE,0.11631680324182286
19-01-2026 10:10||NIFTY27JAN2625500CE,0.10859762492849527
19-01-2026 10:15||NIFTY27JAN2624000PE,0.19094087018849243
19-01-2026 10:15||NIFTY27JAN2624200PE,0.1744266049894851
19-01-2026 10:15||NIFTY27JAN2624400PE,0.15767259650099652
19-01-2026 10:15||NIFTY27JAN2624700PE,0.13549539485198944
19-01-2026 10:15||NIFTY27JAN2624800PE,0.12952623769019989
19-01-2026 10:15||NIFTY27JAN2625100PE,0.11622685569731009
19-01-2026 10:15||NIFTY27JAN2625500CE,0.1102057079354415
19-01-2026 10:15||NIFTY27JAN2625700CE,0.10841097315857118
19-01-2026 10:15||NIFTY27JAN2626100CE,0.11652370753590738
19-01-2026 10:15||NIFTY27JAN2626200CE,0.12053968580044568
19-01-2026 10:15||NIFTY27JAN2626500CE,0.13657744598280933
19-01-2026 10:20||NIFTY27JAN2623900PE,0.20101999595638823
19-01-2026 10:20||NIFTY27JAN2624100PE,0.18486567720833702
19-01-2026 10:20||NIFTY27JAN2624900PE,0.12629211640761961
19-01-2026 10:20||NIFTY27JAN2625500CE,0.10764483458190052
19-01-2026 10:20||NIFTY27JAN2625600CE,0.10675640812485383
19-01-2026 10:20||NIFTY27JAN2626300CE,0.12355359873669644
19-01-2026 10:25||NIFTY27JAN2624600PE,0.14458317845325086
19-01-2026 10:25||NIFTY27JAN2624800PE,0.132604226163205
19-01-2026 10:25||NIFTY27JAN2625100PE,0.12012233992142769
19-01-2026 10:25||NIFTY27JAN2625400CE,0.10185351807344978
19-01-2026 10:25||NIFTY27JAN2626100CE,0.1146322696684769
19-01-2026 10:25||NIFTY27JAN2626400CE,0.12898030635055044
19-01-2026 10:25||NIFTY27JAN2626500CE,0.13512072279411805
19-01-2026 10:30||NIFTY27JAN2623800PE,0.20820275811856626
19-01-2026 10:30||NIFTY27JAN2623900PE,0.19969678336657962
19-01-2026 10:30||NIFTY27JAN2624600PE,0.14348077251898247
19-01-2026 10:30||NIFTY27JAN2624700PE,0.13795275912748606
19-01-2026 10:30||NIFTY27JAN2624800PE,0.13242427345603863
19-01-2026 10:30||NIFTY27JAN2624900PE,0.1269743529651972
19-01-2026 10:30||NIFTY27JAN2626200CE,0.12080411645393532
19-01-2026 10:35||NIFTY27JAN2623800PE,0.20575083901664168
19-01-2026 10:35||NIFTY27JAN2624100PE,0.182873103002007
19-01-2026 10:35||NIFTY27JAN2624700PE,0.13714512091097059
19-01-2026 10:35||NIFTY27JAN2624800PE,0.1318072659188808
19-01-2026 10:35||NIFTY27JAN2625000PE,0.12212694915130709
19-01-2026 10:35||NIFTY27JAN2625200CE,0.10941076221414538
19-01-2026 10:35||NIFTY27JAN2626300CE,0.1255889488461029
19-01-2026 10:40||NIFTY27JAN2623800PE,0.20362474868604855
19-01-2026 10:40||NIFTY27JAN2623900PE,0.19667122488415814
19-01-2026 10:40||NIFTY27JAN2624000PE,0.18914051944216456
19-01-2026 10:40||NIFTY27JAN2624600PE,0.14179597039894193
19-01-2026 10:40||NIFTY27JAN2624700PE,0.13550861673188003
19-01-2026 10:40||NIFTY27JAN2625100PE,0.11564126791659497
19-01-2026 10:40||NIFTY27JAN2625400CE,0.11822707051359391
19-01-2026 10:40||NIFTY27JAN2625700CE,0.11290273855841995
19-01-2026 10:45||NIFTY27JAN2624000PE,0.19186805947222918
19-01-2026 10:45||NIFTY27JAN2624300PE,0.16743162438431855
19-01-2026 10:45||NIFTY27JAN2624700PE,0.13824073775662582
19-01-2026 10:45||NIFTY27JAN2625200CE,0.11054855529485819
19-01-2026 10:45||NIFTY27JAN2625600CE,0.10725429110468236
19-01-2026 10:45||NIFTY27JAN2626000CE,0.11202694026599
19-01-2026 10:45||NIFTY27JAN2626200CE,0.11965805818503045
19-01-2026 10:50||NIFTY27JAN2624100PE,0.18328236680737586
19-01-2026 10:50||NIFTY27JAN2625100PE,0.11585600918847525
19-01-2026 10:50||NIFTY27JAN2625200CE,0.12268409892085927
19-01-2026 10:50||NIFTY27JAN2626000CE,0.11402582683977491
19-01-2026 10:50||NIFTY27JAN2626200CE,0.12129490465969031
19-01-2026 10:55||NIFTY27JAN2623800PE,0.20664009627745436
19-01-2026 10:55||NIFTY27JAN2624100PE,0.18350994106851254
19-01-2026 10:55||NIFTY27JAN2624200PE,0.17478138590555656
19-01-2026 10:55||NIFTY27JAN2624500PE,0.14945531311335492
19-01-2026 10:55||NIFTY27JAN2625400CE,0.12245471220517176
19-01-2026 10:55||NIFTY27JAN2625500CE,0.11850785233037198
19-01-2026 10:55||NIFTY27JAN2625900CE,0.11327988710210654
19-01-2026 10:55||NIFTY27JAN2626000CE,0.11558008303953697
19-01-2026 10:55||NIFTY27JAN2626100CE,0.1182702448224317
19-01-2026 11:00||NIFTY27JAN2623900PE,0.20292861122996245
19-01-2026 11:00||NIFTY27JAN2624300PE,0.16883047601682188
19-01-2026 11:00||NIFTY27JAN2624400PE,0.16020288132891758
19-01-2026 11:00||NIFTY27JAN2624700PE,0.13747653036290497
19-01-2026 11:00||NIFTY27JAN2625000PE,0.12031638144807932
19-01-2026 11:00||NIFTY27JAN2625200CE,0.12346879000115862
19-01-2026 11:00||NIFTY27JAN2625400CE,0.11631241648276182
19-01-2026 11:00||NIFTY27JAN2625600CE,0.11266277709383749
19-01-2026 11:00||NIFTY27JAN2625700CE,0.1115317592705374
19-01-2026 11:00||NIFTY27JAN2625800CE,0.1106451441996337
19-01-2026 11:00||NIFTY27JAN2626000CE,0.1119017578639985
19-01-2026 11:00||NIFTY27JAN2626300CE,0.12319055828160258
19-01-2026 11:00||NIFTY27JAN2626500CE,0.13427683018749587
19-01-2026 11:05||NIFTY27JAN2623800PE,0.21391562325131092
19-01-2026 11:05||NIFTY27JAN2623900PE,0.20419925775342765
19-01-2026 11:05||NIFTY27JAN2624200PE,0.1785826051435604
19-01-2026 11:05||NIFTY27JAN2624500PE,0.1551866852824304
19-01-2026 11:05||NIFTY27JAN2625000PE,0.1252828219133696
19-01-2026 11:05||NIFTY27JAN2625300CE,0.10411301371601268
19-01-2026 11:05||NIFTY27JAN2625600CE,0.10232337562146376
19-01-2026 11:05||NIFTY27JAN2626100CE,0.11116499500416085
19-01-2026 11:10||NIFTY27JAN2624000PE,0.19216682476312705
19-01-2026 11:10||NIFTY27JAN2624300PE,0.16841987477884018
19-01-2026 11:10||NIFTY27JAN2625800CE,0.10639225525870355
19-01-2026 11:15||NIFTY27JAN2624200PE,0.17570742392165745
19-01-2026 11:15||NIFTY27JAN2624400PE,0.16031392697800173
19-01-2026 11:15||NIFTY27JAN2624500PE,0.15400500556001767
19-01-2026 11:15||NIFTY27JAN2624600PE,0.14784047783073068
19-01-2026 11:15||NIFTY27JAN2624700PE,0.14142524505391757
19-01-2026 11:15||NIFTY27JAN2624800PE,0.1351633118968435
19-01-2026 11:15||NIFTY27JAN2624900PE,0.12911218317115525
19-01-2026 11:15||NIFTY27JAN2625100PE,0.11819532632104467
19-01-2026 11:20||NIFTY27JAN2623800PE,0.20604435037661278
19-01-2026 11:20||NIFTY27JAN2624200PE,0.174082782230097
19-01-2026 11:20||NIFTY27JAN2624300PE,0.16612381749145816
19-01-2026 11:20||NIFTY27JAN2624500PE,0.15022149265629656
19-01-2026 11:20||NIFTY27JAN2624900PE,0.12540537151340664
19-01-2026 11:20||NIFTY27JAN2625400CE,0.11668427498488504
19-01-2026 11:20||NIFTY27JAN2625500CE,0.11447112227084623
19-01-2026 11:20||NIFTY27JAN2625600CE,0.1124880793820911
19-01-2026 11:20||NIFTY27JAN2625700CE,0.11056100007964598
19-01-2026 11:20||NIFTY27JAN2626200CE,0.12068326705132024
19-01-2026 11:20||NIFTY27JAN2626300CE,0.12545155152023615
19-01-2026 11:20||NIFTY27JAN2626500CE,0.13715008012923363
19-01-2026 11:25||NIFTY27JAN2624000PE,0.19100679657203812
19-01-2026 11:25||NIFTY27JAN2624400PE,0.15876022670362117
19-01-2026 11:25||NIFTY27JAN2624500PE,0.15073197036187191
19-01-2026 11:25||NIFTY27JAN2624900PE,0.1257037098298562
19-01-2026 11:25||NIFTY27JAN2625300CE,0.11852306698210978
19-01-2026 11:25||NIFTY27JAN2625400CE,0.11564266123690002
19-01-2026 11:30||NIFTY27JAN2623900PE,0.19977694689424136
19-01-2026 11:30||NIFTY27JAN2624100PE,0.1838046830777163
19-01-2026 11:30||NIFTY27JAN2624600PE,0.14371454119493948
19-01-2026 11:30||NIFTY27JAN2624900PE,0.12586143363555266
19-01-2026 11:30||NIFTY27JAN2625000PE,0.12153457127118499
19-01-2026 11:30||NIFTY27JAN2625100PE,0.11793217611849015
19-01-2026 11:30||NIFTY27JAN2625500CE,0.11250113682725954
19-01-2026 11:30||NIFTY27JAN2625700CE,0.10986839054099734
19-01-2026 11:30||NIFTY27JAN2626500CE,0.13475622882678726
19-01-2026 11:35||NIFTY27JAN2623800PE,0.2091528217176592
19-01-2026 11:35||NIFTY27JAN2623900PE,0.2004116399428574
19-01-2026 11:35||NIFTY27JAN2624100PE,0.18331093797565484
19-01-2026 11:35||NIFTY27JAN2624400PE,0.15858147072223025
19-01-2026 11:35||NIFTY27JAN2624600PE,0.14302248182507551
19-01-2026 11:35||NIFTY27JAN2625800CE,0.11130671816440624
19-01-2026 11:35||NIFTY27JAN2626000CE,0.1128082336384673
19-01-2026 11:35||NIFTY27JAN2626200CE,0.1207018838890752
19-01-2026 11:35||NIFTY27JAN2626300CE,0.1270149059513081
19-01-2026 11:35||NIFTY27JAN2626400CE,0.1348131926951775
19-01-2026 11:35||NIFTY27JAN2626500CE,0.14409202406235302
19-01-2026 11:40||NIFTY27JAN2623800PE,0.20751651788338632
19-01-2026 11:40||NIFTY27JAN2624100PE,0.1854472356732355
19-01-2026 11:40||NIFTY27JAN2624200PE,0.1768551813452288
19-01-2026 11:40||NIFTY27JAN2624400PE,0.1599373641797312
19-01-2026 11:40||NIFTY27JAN2624500PE,0.15169587394516187
19-01-2026 11:40||NIFTY27JAN2624700PE,0.13727931573056268
19-01-2026 11:40||NIFTY27JAN2625100PE,0.1161854337655922
19-01-2026 11:40||NIFTY27JAN2625300CE,0.12088677865452424
19-01-2026 11:40||NIFTY27JAN2625400CE,0.1171143896383449
19-01-2026 11:40||NIFTY27JAN2626100CE,0.11492455824872817
19-01-2026 11:40||NIFTY27JAN2626300CE,0.12294203735221781
19-01-2026 11:40||NIFTY27JAN2626500CE,0.13359144328178277
19-01-2026 11:45||NIFTY27JAN2624300PE,0.16882575867074978
19-01-2026 11:45||NIFTY27JAN2624600PE,0.14517201145315917
19-01-2026 11:45||NIFTY27JAN2625400CE,0.11421896812071644
19-01-2026 11:50||NIFTY27JAN2624100PE,0.18487100431125147
19-01-2026 11:50||NIFTY27JAN2624600PE,0.14550003956667784
19-01-2026 11:50||NIFTY27JAN2625200CE,0.11424002951581275
19-01-2026 11:50||NIFTY27JAN2626000CE,0.11063870324606011
19-01-2026 11:50||NIFTY27JAN2626300CE,0.12289064036638983
19-01-2026 11:55||NIFTY27JAN2623800PE,0.21129533700206318
19-01-2026 11:55||NIFTY27JAN2623900PE,0.2025649955189668
19-01-2026 11:55||NIFTY27JAN2624100PE,0.18562975257902967
19-01-2026 11:55||NIFTY27JAN2624300PE,0.16910826734819634
19-01-2026 11:55||NIFTY27JAN2624500PE,0.1539158726183535
19-01-2026 11:55||NIFTY27JAN2624600PE,0.14687678908758187
19-01-2026 11:55||NIFTY27JAN2624700PE,0.14001486503233473
19-01-2026 11:55||NIFTY27JAN2625900CE,0.10606702205859046
19-01-2026 11:55||NIFTY27JAN2626200CE,0.11699130765490934
19-01-2026 12:00||NIFTY27JAN2623900PE,0.19998885938210112
19-01-2026 12:00||NIFTY27JAN2624200PE,0.17552047941374443
19-01-2026 12:00||NIFTY27JAN2624300PE,0.16756853812274153
19-01-2026 12:00||NIFTY27JAN2624400PE,0.15977251639203027
19-01-2026 12:00||NIFTY27JAN2624500PE,0.15206682331233484
19-01-2026 12:00||NIFTY27JAN2624700PE,0.1383270517872237
19-01-2026 12:00||NIFTY27JAN2625000PE,0.12192228796609139
19-01-2026 12:00||NIFTY27JAN2625500CE,0.10546349526115878
19-01-2026 12:00||NIFTY27JAN2626100CE,0.1145422661499842
19-01-2026 12:00||NIFTY27JAN2626500CE,0.13490160173142288
19-01-2026 12:05||NIFTY27JAN2623900PE,0.2003313696907339
19-01-2026 12:05||NIFTY27JAN2624200PE,0.17661898404033188
19-01-2026 12:05||NIFTY27JAN2624400PE,0.16094862808761606
19-01-2026 12:05||NIFTY27JAN2624500PE,0.15299930402175257
19-01-2026 12:05||NIFTY27JAN2625200CE,0.11425123571213197
19-01-2026 12:05||NIFTY27JAN2625400CE,0.10843293369128763
19-01-2026 12:05||NIFTY27JAN2625500CE,0.10672043809098564
19-01-2026 12:05||NIFTY27JAN2625700CE,0.10569369352710371
19-01-2026 12:05||NIFTY27JAN2626100CE,0.11542183189809466
19-01-2026 12:05||NIFTY27JAN2626200CE,0.119748885573226
19-01-2026 12:05||NIFTY27JAN2626400CE,0.1304286406621751
19-01-2026 12:05||NIFTY27JAN2626500CE,0.13720203028374586
19-01-2026 12:10||NIFTY27JAN2623900PE,0.20068915376518723
19-01-2026 12:10||NIFTY27JAN2624900PE,0.12559614624100246
19-01-2026 12:10||NIFTY27JAN2625300CE,0.12000231996192824
19-01-2026 12:10||NIFTY27JAN2625400CE,0.11617976227250634
19-01-2026 12:10||NIFTY27JAN2625600CE,0.11043344750765544
19-01-2026 12:10||NIFTY27JAN2625800CE,0.10923218812890534
19-01-2026 12:10||NIFTY27JAN2626100CE,0.11641376850121674
19-01-2026 12:10||NIFTY27JAN2626400CE,0.1305745661243436
19-01-2026 12:15||NIFTY27JAN2623900PE,0.2000252852429827
19-01-2026 12:15||NIFTY27JAN2624000PE,0.19234561126749508
19-01-2026 12:15||NIFTY27JAN2624100PE,0.18454563825493775
19-01-2026 12:15||NIFTY27JAN2624300PE,0.16833516672354984
19-01-2026 12:15||NIFTY27JAN2625000PE,0.1188278955692676
19-01-2026 12:15||NIFTY27JAN2625200CE,0.127414396946782
19-01-2026 12:20||NIFTY27JAN2623800PE,0.209715928748488
19-01-2026 12:20||NIFTY27JAN2624200PE,0.17827268021505102
19-01-2026 12:20||NIFTY27JAN2624400PE,0.16213554920842965
19-01-2026 12:20||NIFTY27JAN2625100PE,0.11812533181789085
19-01-2026 12:20||NIFTY27JAN2625300CE,0.10786145898248775
19-01-2026 12:20||NIFTY27JAN2625500CE,0.10250843626934901
19-01-2026 12:20||NIFTY27JAN2626200CE,0.11614962835776083
19-01-2026 12:25||NIFTY27JAN2623800PE,0.20847115932941374
19-01-2026 12:25||NIFTY27JAN2624500PE,0.1528415826480782
19-01-2026 12:25||NIFTY27JAN2624800PE,0.13161617201691533
19-01-2026 12:25||NIFTY27JAN2625000PE,0.12053092852866235
19-01-2026 12:25||NIFTY27JAN2625700CE,0.106215038168089
19-01-2026 12:25||NIFTY27JAN2626200CE,0.11817270094957001
19-01-2026 12:25||NIFTY27JAN2626500CE,0.13466451936224147
19-01-2026 12:30||NIFTY27JAN2623900PE,0.2010171424584417
19-01-2026 12:30||NIFTY27JAN2624300PE,0.168899629238373
19-01-2026 12:30||NIFTY27JAN2624500PE,0.1526516551439588
19-01-2026 12:30||NIFTY27JAN2625000PE,0.12061986815568412
19-01-2026 12:30||NIFTY27JAN2625300CE,0.1123180340374921
19-01-2026 12:30||NIFTY27JAN2625400CE,0.10942363646484261
19-01-2026 12:30||NIFTY27JAN2626000CE,0.11021189506964481
19-01-2026 12:30||NIFTY27JAN2626100CE,0.11422163055737515
19-01-2026 12:30||NIFTY27JAN2626400CE,0.1298757797236735
19-01-2026 12:30||NIFTY27JAN2626500CE,0.136976515398013
19-01-2026 12:35||NIFTY27JAN2623900PE,0.20055908347495144
19-01-2026 12:35||NIFTY27JAN2624100PE,0.18504342637444063
19-01-2026 12:35||NIFTY27JAN2624200PE,0.17697593963705296
19-01-2026 12:35||NIFTY27JAN2624400PE,0.16044643865211772
19-01-2026 12:35||NIFTY27JAN2624700PE,0.13862273410503823
19-01-2026 12:35||NIFTY27JAN2625000PE,0.12137720262659414
19-01-2026 12:35||NIFTY27JAN2625300CE,0.11050696655411846
19-01-2026 12:35||NIFTY27JAN2626300CE,0.12451005934503659
19-01-2026 12:40||NIFTY27JAN2623800PE,0.20747604589894195
19-01-2026 12:40||NIFTY27JAN2624800PE,0.12978978188903387
19-01-2026 12:40||NIFTY27JAN2625700CE,0.11063283891452652
19-01-2026 12:40||NIFTY27JAN2625800CE,0.11062079174969403
19-01-2026 12:40||NIFTY27JAN2626400CE,0.13151809929531627
19-01-2026 12:45||NIFTY27JAN2623900PE,0.20079949409363537
19-01-2026 12:45||NIFTY27JAN2624500PE,0.1521768906860757
19-01-2026 12:45||NIFTY27JAN2624600PE,0.1447580848918655
19-01-2026 12:45||NIFTY27JAN2626000CE,0.11057356665424917
19-01-2026 12:45||NIFTY27JAN2626100CE,0.11451254495416992
19-01-2026 12:45||NIFTY27JAN2626400CE,0.12927079760466226
19-01-2026 12:50||NIFTY27JAN2623800PE,0.2072642221520741
19-01-2026 12:50||NIFTY27JAN2624200PE,0.17508640534301462
19-01-2026 12:50||NIFTY27JAN2625200CE,0.1332609845020585
19-01-2026 12:50||NIFTY27JAN2625900CE,0.11145429513047261
19-01-2026 12:50||NIFTY27JAN2626500CE,0.13565490648333067
19-01-2026 12:55||NIFTY27JAN2623900PE,0.20281150944273552
19-01-2026 12:55||NIFTY27JAN2624100PE,0.18735239062794765
19-01-2026 12:55||NIFTY27JAN2624300PE,0.17072871611152002
19-01-2026 12:55||NIFTY27JAN2624400PE,0.162197931477163
19-01-2026 12:55||NIFTY27JAN2624500PE,0.15378346671776072
19-01-2026 12:55||NIFTY27JAN2624700PE,0.13873392701984993
19-01-2026 12:55||NIFTY27JAN2625100PE,0.11774944531133734
19-01-2026 12:55||NIFTY27JAN2625600CE,0.1076759306465983
19-01-2026 12:55||NIFTY27JAN2625700CE,0.10664195309583854
19-01-2026 12:55||NIFTY27JAN2626000CE,0.10964365871151491
19-01-2026 13:00||NIFTY27JAN2623800PE,0.20930897499240722
19-01-2026 13:00||NIFTY27JAN2623900PE,0.2029784259082398
19-01-2026 13:00||NIFTY27JAN2624000PE,0.19605612046322304
19-01-2026 13:00||NIFTY27JAN2624400PE,0.16342157232270638
19-01-2026 13:00||NIFTY27JAN2624700PE,0.1404984715282384
19-01-2026 13:00||NIFTY27JAN2625400CE,0.10938341891330183
19-01-2026 13:00||NIFTY27JAN2625600CE,0.10593524497514215
19-01-2026 13:00||NIFTY27JAN2625900CE,0.1069003422854811
19-01-2026 13:00||NIFTY27JAN2626200CE,0.11695563200102654
19-01-2026 13:00||NIFTY27JAN2626500CE,0.13274031203284578
19-01-2026 13:05||NIFTY27JAN2624600PE,0.14757034850467665
19-01-2026 13:05||NIFTY27JAN2625100PE,0.11857614155881244
19-01-2026 13:05||NIFTY27JAN2625700CE,0.10418320830552716
19-01-2026 13:05||NIFTY27JAN2626100CE,0.11266546358947294
19-01-2026 13:10||NIFTY27JAN2623800PE,0.2134802868328764
19-01-2026 13:10||NIFTY27JAN2623900PE,0.20535199607912
19-01-2026 13:10||NIFTY27JAN2624400PE,0.16422182998412047
19-01-2026 13:10||NIFTY27JAN2624500PE,0.15585819644401314
19-01-2026 13:10||NIFTY27JAN2624600PE,0.14773948520326946
19-01-2026 13:10||NIFTY27JAN2625100PE,0.11903979138327851
19-01-2026 13:10||NIFTY27JAN2625600CE,0.10127330900348241
19-01-2026 13:10||NIFTY27JAN2626200CE,0.11605682261641695
19-01-2026 13:10||NIFTY27JAN2626300CE,0.12116246857014269
19-01-2026 13:15||NIFTY27JAN2624700PE,0.13758734285033347
19-01-2026 13:15||NIFTY27JAN2625500CE,0.1117965110966106
19-01-2026 13:15||NIFTY27JAN2625800CE,0.10821434935319903
19-01-2026 13:15||NIFTY27JAN2626000CE,0.11132262192179407
19-01-2026 13:15||NIFTY27JAN2626500CE,0.13449991657525764
19-01-2026 13:20||NIFTY27JAN2624100PE,0.188387155786495
19-01-2026 13:20||NIFTY27JAN2624200PE,0.18010720310121522
19-01-2026 13:20||NIFTY27JAN2624400PE,0.16293093860892882
19-01-2026 13:20||NIFTY27JAN2624800PE,0.1335483241774934
19-01-2026 13:20||NIFTY27JAN2624900PE,0.12779261195948594
19-01-2026 13:20||NIFTY27JAN2625000PE,0.12221162145656894
19-01-2026 13:20||NIFTY27JAN2625200CE,0.11653401217686726
19-01-2026 13:20||NIFTY27JAN2625300CE,0.1114503787457973
19-01-2026 13:20||NIFTY27JAN2625400CE,0.10739194221963085
19-01-2026 13:20||NIFTY27JAN2625500CE,0.10443720166088706
19-01-2026 13:20||NIFTY27JAN2625700CE,0.10282319192918316
19-01-2026 13:25||NIFTY27JAN2623900PE,0.20453094197162427
19-01-2026 13:25||NIFTY27JAN2625000PE,0.12003999553078179
19-01-2026 13:25||NIFTY27JAN2625300CE,0.11225730652200257
19-01-2026 13:25||NIFTY27JAN2625400CE,0.10959871773008734
19-01-2026 13:25||NIFTY27JAN2625900CE,0.10706414352737673
19-01-2026 13:25||NIFTY27JAN2626200CE,0.11773544353376897
19-01-2026 13:25||NIFTY27JAN2626300CE,0.1226570960671334
19-01-2026 13:25||NIFTY27JAN2626500CE,0.13467377571268288
19-01-2026 13:30||NIFTY27JAN2624300PE,0.17039612754572175
19-01-2026 13:30||NIFTY27JAN2624900PE,0.1253519389703862
19-01-2026 13:30||NIFTY27JAN2625100PE,0.11492191582430585
19-01-2026 13:30||NIFTY27JAN2625800CE,0.10835861735939098
19-01-2026 13:30||NIFTY27JAN2625900CE,0.10965208424498034
19-01-2026 13:30||NIFTY27JAN2626100CE,0.1142523624444339
19-01-2026 13:30||NIFTY27JAN2626300CE,0.12279885413122292
19-01-2026 13:30||NIFTY27JAN2626500CE,0.13376321930765597
19-01-2026 13:35||NIFTY27JAN2624400PE,0.164120760698782
19-01-2026 13:35||NIFTY27JAN2624600PE,0.14749233031068876
19-01-2026 13:35||NIFTY27JAN2624900PE,0.1279058201101147
19-01-2026 13:35||NIFTY27JAN2625200CE,0.11671031511153404
19-01-2026 13:35||NIFTY27JAN2625500CE,0.10641897141114377
19-01-2026 13:35||NIFTY27JAN2626200CE,0.1164422125497785
19-01-2026 13:35||NIFTY27JAN2626300CE,0.12149586058881422
19-01-2026 13:35||NIFTY27JAN2626400CE,0.1268689086997966
19-01-2026 13:40||NIFTY27JAN2624800PE,0.13482936393022166
19-01-2026 13:40||NIFTY27JAN2625300CE,0.10070838542585023
19-01-2026 13:40||NIFTY27JAN2625400CE,0.10062998462097823
19-01-2026 13:40||NIFTY27JAN2625500CE,0.10059100855454932
19-01-2026 13:40||NIFTY27JAN2625600CE,0.10047086174617342
19-01-2026 13:40||NIFTY27JAN2625800CE,0.10193498981963013
19-01-2026 13:40||NIFTY27JAN2625900CE,0.10407575809242253
19-01-2026 13:45||NIFTY27JAN2624300PE,0.16901616643890607
19-01-2026 13:45||NIFTY27JAN2624700PE,0.1359045099723556
19-01-2026 13:45||NIFTY27JAN2625000PE,0.11545296664596692
19-01-2026 13:45||NIFTY27JAN2625100PE,0.10927822445010568
19-01-2026 13:45||NIFTY27JAN2625500CE,0.12256055839585506
19-01-2026 13:45||NIFTY27JAN2626500CE,0.13410273986820975
19-01-2026 13:50||NIFTY27JAN2623900PE,0.20492310116565365
19-01-2026 13:50||NIFTY27JAN2624000PE,0.196959373035057
19-01-2026 13:50||NIFTY27JAN2624100PE,0.18893439117316335
19-01-2026 13:50||NIFTY27JAN2624200PE,0.18084101742354733
19-01-2026 13:50||NIFTY27JAN2624300PE,0.17266683995507356
19-01-2026 13:50||NIFTY27JAN2625100PE,0.11497274583398238
19-01-2026 13:50||NIFTY27JAN2625400CE,0.11695517452826588
19-01-2026 13:50||NIFTY27JAN2625700CE,0.1077782366707414
19-01-2026 13:50||NIFTY27JAN2625900CE,0.10720801908613933
19-01-2026 13:50||NIFTY27JAN2626200CE,0.1146859504340464
19-01-2026 13:55||NIFTY27JAN2624500PE,0.15929908613563334
19-01-2026 13:55||NIFTY27JAN2624600PE,0.15104559266029335
19-01-2026 13:55||NIFTY27JAN2625500CE,0.10617543981567071
19-01-2026 13:55||NIFTY27JAN2625600CE,0.10593168142137062
19-01-2026 13:55||NIFTY27JAN2625700CE,0.1055674306887951
19-01-2026 13:55||NIFTY27JAN2625800CE,0.10506321386561861
19-01-2026 13:55||NIFTY27JAN2625900CE,0.10386375838366413
19-01-2026 13:55||NIFTY27JAN2626200CE,0.11112781569592764
19-01-2026 14:00||NIFTY27JAN2623900PE,0.2094951679727075
19-01-2026 14:00||NIFTY27JAN2624100PE,0.1934243001675648
19-01-2026 14:00||NIFTY27JAN2624600PE,0.15010387747266685
19-01-2026 14:00||NIFTY27JAN2625300CE,0.12182950550053265
19-01-2026 14:00||NIFTY27JAN2625800CE,0.10932489427540358
19-01-2026 14:00||NIFTY27JAN2625900CE,0.10915821903109388
19-01-2026 14:00||NIFTY27JAN2626100CE,0.11066236355511844
19-01-2026 14:05||NIFTY27JAN2623800PE,0.21796068213926695
19-01-2026 14:05||NIFTY27JAN2624200PE,0.1872263809142774
19-01-2026 14:05||NIFTY27JAN2624500PE,0.1612756580196481
19-01-2026 14:05||NIFTY27JAN2625000PE,0.12461605174352498
19-01-2026 14:05||NIFTY27JAN2625400CE,0.10801930617479026
19-01-2026 14:05||NIFTY27JAN2625700CE,0.10192471269314281
19-01-2026 14:05||NIFTY27JAN2625800CE,0.10126373493376058
19-01-2026 14:05||NIFTY27JAN2626500CE,0.1233396609557359
19-01-2026 14:10||NIFTY27JAN2624000PE,0.20396889748983577
19-01-2026 14:10||NIFTY27JAN2624400PE,0.1699283554159497
19-01-2026 14:10||NIFTY27JAN2624500PE,0.16105290457236346
19-01-2026 14:10||NIFTY27JAN2625100PE,0.12079103561290483
19-01-2026 14:10||NIFTY27JAN2625200CE,0.10095212082660973
19-01-2026 14:10||NIFTY27JAN2625400CE,0.099140271704798
19-01-2026 14:10||NIFTY27JAN2626100CE,0.10433076514971043
19-01-2026 14:10||NIFTY27JAN2626500CE,0.1237672276146269
19-01-2026 14:15||NIFTY27JAN2623800PE,0.21635674006354627
19-01-2026 14:15||NIFTY27JAN2624000PE,0.20046330890349778
19-01-2026 14:15||NIFTY27JAN2624100PE,0.19245146964740806
19-01-2026 14:15||NIFTY27JAN2624200PE,0.1841765404127006
19-01-2026 14:15||NIFTY27JAN2624500PE,0.15817159789190632
19-01-2026 14:15||NIFTY27JAN2624700PE,0.14182469530903485
19-01-2026 14:15||NIFTY27JAN2624800PE,0.134181620648688
19-01-2026 14:15||NIFTY27JAN2625100PE,0.11230674919622867
19-01-2026 14:15||NIFTY27JAN2626100CE,0.11091465851823008
19-01-2026 14:15||NIFTY27JAN2626400CE,0.12263256995945365
19-01-2026 14:20||NIFTY27JAN2624200PE,0.18536213081090422
19-01-2026 14:20||NIFTY27JAN2624500PE,0.16014947033117405
19-01-2026 14:20||NIFTY27JAN2625000PE,0.12377684574943022
19-01-2026 14:20||NIFTY27JAN2625500CE,0.10723357603181125
19-01-2026 14:20||NIFTY27JAN2625800CE,0.10274619521809561
19-01-2026 14:20||NIFTY27JAN2626000CE,0.10396564397868899
19-01-2026 14:25||NIFTY27JAN2624000PE,0.20180760975228462
19-01-2026 14:25||NIFTY27JAN2624700PE,0.1444855774326129
19-01-2026 14:25||NIFTY27JAN2625100PE,0.11977111659571882
19-01-2026 14:25||NIFTY27JAN2625500CE,0.09988569934693363
19-01-2026 14:25||NIFTY27JAN2625700CE,0.10002862377396823
19-01-2026 14:25||NIFTY27JAN2625800CE,0.10082270627519607
19-01-2026 14:25||NIFTY27JAN2625900CE,0.10160197085451596
19-01-2026 14:25||NIFTY27JAN2626000CE,0.10222313382772713
19-01-2026 14:25||NIFTY27JAN2626500CE,0.12375801805607341
19-01-2026 14:30||NIFTY27JAN2624100PE,0.19347374607843335
19-01-2026 14:30||NIFTY27JAN2624300PE,0.17641067785802808
19-01-2026 14:30||NIFTY27JAN2624700PE,0.14350161048909024
19-01-2026 14:30||NIFTY27JAN2624800PE,0.13626027451808115
19-01-2026 14:30||NIFTY27JAN2625000PE,0.12335889355993351
19-01-2026 14:35||NIFTY27JAN2623800PE,0.21640664443886376
19-01-2026 14:35||NIFTY27JAN2624300PE,0.17565553910471937
19-01-2026 14:35||NIFTY27JAN2625000PE,0.12213050339483993
19-01-2026 14:35||NIFTY27JAN2625100PE,0.11608422822036422
19-01-2026 14:35||NIFTY27JAN2625800CE,0.1049888362722606
19-01-2026 14:35||NIFTY27JAN2626100CE,0.1079168050303697
19-01-2026 14:35||NIFTY27JAN2626300CE,0.1155093842333812
19-01-2026 14:35||NIFTY27JAN2626400CE,0.12064458682372362
19-01-2026 14:40||NIFTY27JAN2624000PE,0.20134756732099798
19-01-2026 14:40||NIFTY27JAN2624300PE,0.17744083331754437
19-01-2026 14:40||NIFTY27JAN2624700PE,0.14484069602651548
19-01-2026 14:40||NIFTY27JAN2624800PE,0.13764019899880536
19-01-2026 14:40||NIFTY27JAN2625200CE,0.11197202816157492
19-01-2026 14:40||NIFTY27JAN2626000CE,0.1024098283843219
19-01-2026 14:40||NIFTY27JAN2626500CE,0.1243647434801187
19-01-2026 14:45||NIFTY27JAN2623900PE,0.21119147406391825
19-01-2026 14:45||NIFTY27JAN2624100PE,0.1949175970279348
19-01-2026 14:45||NIFTY27JAN2624400PE,0.16926554769530477
19-01-2026 14:45||NIFTY27JAN2624600PE,0.15258976868726082
19-01-2026 14:45||NIFTY27JAN2624800PE,0.1376480319770763
19-01-2026 14:45||NIFTY27JAN2625400CE,0.10551722062152531
19-01-2026 14:45||NIFTY27JAN2625800CE,0.10095189381495911
19-01-2026 14:45||NIFTY27JAN2626000CE,0.10235270265186187
19-01-2026 14:45||NIFTY27JAN2626300CE,0.11253568851745975
19-01-2026 14:50||NIFTY27JAN2624000PE,0.20307607965327334
19-01-2026 14:50||NIFTY27JAN2624200PE,0.1868784176940515
19-01-2026 14:50||NIFTY27JAN2624500PE,0.1615336756162985
19-01-2026 14:50||NIFTY27JAN2625000PE,0.12467120878130723
19-01-2026 14:50||NIFTY27JAN2625100PE,0.11855470851092216
19-01-2026 14:50||NIFTY27JAN2625700CE,0.10249087286633328
19-01-2026 14:55||NIFTY27JAN2623800PE,0.221741448390291
19-01-2026 14:55||NIFTY27JAN2624400PE,0.171079795430778
19-01-2026 14:55||NIFTY27JAN2624900PE,0.1328598069178312
19-01-2026 14:55||NIFTY27JAN2625000PE,0.12637761106333995
19-01-2026 14:55||NIFTY27JAN2625300CE,0.10525963051541265
19-01-2026 14:55||NIFTY27JAN2625400CE,0.10328890454387771
19-01-2026 14:55||NIFTY27JAN2626000CE,0.1009237454055028
19-01-2026 14:55||NIFTY27JAN2626100CE,0.10358180884215376
19-01-2026 15:00||NIFTY27JAN2624300PE,0.1814182933098274
19-01-2026 15:00||NIFTY27JAN2625000PE,0.12852780964510233
19-01-2026 15:00||NIFTY27JAN2625300CE,0.08357174795630137
19-01-2026 15:00||NIFTY27JAN2625600CE,0.09097302437152192
19-01-2026 15:00||NIFTY27JAN2626000CE,0.09612160954946189
19-01-2026 15:00||NIFTY27JAN2626300CE,0.10862175111084804
19-01-2026 15:05||NIFTY27JAN2623900PE,0.2102952640932611
19-01-2026 15:05||NIFTY27JAN2625400CE,0.09520387339198665
19-01-2026 15:05||NIFTY27JAN2625500CE,0.09535637728073654
19-01-2026 15:05||NIFTY27JAN2625700CE,0.09533725860857434
19-01-2026 15:05||NIFTY27JAN2626000CE,0.09838771540575045
19-01-2026 15:05||NIFTY27JAN2626400CE,0.1170625381871511
19-01-2026 15:10||NIFTY27JAN2624000PE,0.20062633136494562
19-01-2026 15:10||NIFTY27JAN2624100PE,0.19255762578924604
19-01-2026 15:10||NIFTY27JAN2624300PE,0.17660830757513696
19-01-2026 15:10||NIFTY27JAN2624700PE,0.14537500769291906
19-01-2026 15:10||NIFTY27JAN2624800PE,0.138516723876061
19-01-2026 15:10||NIFTY27JAN2625000PE,0.12629755320218994
19-01-2026 15:10||NIFTY27JAN2625100PE,0.12110364556880185
19-01-2026 15:10||NIFTY27JAN2625500CE,0.09909519771984092
19-01-2026 15:10||NIFTY27JAN2625800CE,0.09712572774098001
19-01-2026 15:10||NIFTY27JAN2626100CE,0.1039426184054995
19-01-2026 15:10||NIFTY27JAN2626200CE,0.10807668527841625
19-01-2026 15:15||NIFTY27JAN2624100PE,0.19445694189856538
19-01-2026 15:15||NIFTY27JAN2624200PE,0.18567787386417095
19-01-2026 15:15||NIFTY27JAN2624400PE,0.16933254529120134
19-01-2026 15:15||NIFTY27JAN2624500PE,0.16170742931693657
19-01-2026 15:15||NIFTY27JAN2624600PE,0.15416335805333242
19-01-2026 15:15||NIFTY27JAN2624700PE,0.14664305141682604
19-01-2026 15:15||NIFTY27JAN2625300CE,0.08353828302670532
19-01-2026 15:15||NIFTY27JAN2625400CE,0.08751095281315922
19-01-2026 15:15||NIFTY27JAN2626200CE,0.10598771273027044
19-01-2026 15:15||NIFTY27JAN2626300CE,0.11136868907247877
19-01-2026 15:20||NIFTY27JAN2624500PE,0.15746673594156685
19-01-2026 15:20||NIFTY27JAN2625000PE,0.12445590122862236
19-01-2026 15:20||NIFTY27JAN2625200CE,0.0979142325100944
19-01-2026 15:20||NIFTY27JAN2625600CE,0.09668605685710824
19-01-2026 15:20||NIFTY27JAN2625800CE,0.09708563795099256
19-01-2026 15:20||NIFTY27JAN2626400CE,0.12174693390442295
19-01-2026 15:20||NIFTY27JAN2626500CE,0.1302059965915518
19-01-2026 15:25||NIFTY27JAN2624300PE,0.17383951178711476
19-01-2026 15:25||NIFTY27JAN2624400PE,0.1657583793252249
19-01-2026 15:25||NIFTY27JAN2624700PE,0.14347959523358073
19-01-2026 15:25||NIFTY27JAN2624900PE,0.13129529640500387
19-01-2026 15:25||NIFTY27JAN2625800CE,0.09557827898438853
19-01-2026 15:25||NIFTY27JAN2626300CE,0.11426692809668991
20-01-2026 09:15||NIFTY27JAN2623900PE,0.20822286802464696
20-01-2026 09:15||NIFTY27JAN2624000PE,0.19965540028529608
20-01-2026 09:15||NIFTY27JAN2624100PE,0.19125020796638992
20-01-2026 09:15||NIFTY27JAN2624400PE,0.16709368380760975
20-01-2026 09:15||NIFTY27JAN2624600PE,0.1519229498649884
20-01-2026 09:15||NIFTY27JAN2625200CE,0.10972318150016173
20-01-2026 09:15||NIFTY27JAN2625500CE,0.10489827442975988
20-01-2026 09:15||NIFTY27JAN2626200CE,0.11492354388683813
20-01-2026 09:15||NIFTY27JAN2626300CE,0.12060422690839587
20-01-2026 09:15||NIFTY27JAN2626400CE,0.12673065376329878
20-01-2026 09:20||NIFTY27JAN2623800PE,0.21477884088344235
20-01-2026 09:20||NIFTY27JAN2624000PE,0.19791915707031554
20-01-2026 09:20||NIFTY27JAN2624700PE,0.1462997726325651
20-01-2026 09:20||NIFTY27JAN2625200CE,0.09781929887853902
20-01-2026 09:20||NIFTY27JAN2625300CE,0.0954493820180728
20-01-2026 09:20||NIFTY27JAN2625400CE,0.09389203419774445
20-01-2026 09:20||NIFTY27JAN2625500CE,0.09318039348762425
20-01-2026 09:20||NIFTY27JAN2625800CE,0.09684114687480738
20-01-2026 09:20||NIFTY27JAN2626300CE,0.11906441259868775
20-01-2026 09:20||NIFTY27JAN2626500CE,0.13345468406617908
20-01-2026 09:25||NIFTY27JAN2623900PE,0.20331159560615003
20-01-2026 09:25||NIFTY27JAN2624300PE,0.17038271910709263
20-01-2026 09:25||NIFTY27JAN2624800PE,0.13543003896589867
20-01-2026 09:25||NIFTY27JAN2624900PE,0.12998728519106778
20-01-2026 09:25||NIFTY27JAN2625000PE,0.12492935669818889
20-01-2026 09:25||NIFTY27JAN2625400CE,0.10504238117991153
20-01-2026 09:25||NIFTY27JAN2625900CE,0.10645810069175216
20-01-2026 09:30||NIFTY27JAN2623900PE,0.2025050914933706
20-01-2026 09:30||NIFTY27JAN2624400PE,0.1605513903601798
20-01-2026 09:30||NIFTY27JAN2624800PE,0.13234458659250237
20-01-2026 09:30||NIFTY27JAN2625500CE,0.11127022795312252
20-01-2026 09:30||NIFTY27JAN2625700CE,0.10857048265230607
20-01-2026 09:30||NIFTY27JAN2626100CE,0.11817893033213547
20-01-2026 09:30||NIFTY27JAN2626300CE,0.1292343516298332
20-01-2026 09:35||NIFTY27JAN2624400PE,0.1620548259162521
20-01-2026 09:35||NIFTY27JAN2624500PE,0.1542445370184028
20-01-2026 09:35||NIFTY27JAN2625200CE,0.10616415902036377
20-01-2026 09:35||NIFTY27JAN2625500CE,0.10562043146698608
20-01-2026 09:35||NIFTY27JAN2625700CE,0.10625007927254718
20-01-2026 09:35||NIFTY27JAN2625800CE,0.1074219877661841
20-01-2026 09:35||NIFTY27JAN2626200CE,0.12337358773965498
20-01-2026 09:40||NIFTY27JAN2623800PE,0.21411079849753867
20-01-2026 09:40||NIFTY27JAN2624100PE,0.18682391066053286
20-01-2026 09:40||NIFTY27JAN2625000PE,0.12175618415849876
20-01-2026 09:40||NIFTY27JAN2625100PE,0.11765217247144213
20-01-2026 09:40||NIFTY27JAN2625200CE,0.12427404288918051
20-01-2026 09:40||NIFTY27JAN2625900CE,0.11431406202617846
20-01-2026 09:40||NIFTY27JAN2626100CE,0.12255428188951684
20-01-2026 09:40||NIFTY27JAN2626200CE,0.12770534064173397
20-01-2026 09:40||NIFTY27JAN2626400CE,0.1399906750102657
20-01-2026 09:45||NIFTY27JAN2624200PE,0.1796720321042436
20-01-2026 09:45||NIFTY27JAN2624400PE,0.16241474990735705
20-01-2026 09:45||NIFTY27JAN2624800PE,0.13367790899365278
20-01-2026 09:45||NIFTY27JAN2625500CE,0.11297874953153053
20-01-2026 09:45||NIFTY27JAN2626100CE,0.12251250784884987
20-01-2026 09:45||NIFTY27JAN2626200CE,0.12812332613553845
20-01-2026 09:45||NIFTY27JAN2626300CE,0.13397455489974858
20-01-2026 09:50||NIFTY27JAN2624100PE,0.18888279185742196
20-01-2026 09:50||NIFTY27JAN2624500PE,0.1554431022222705
20-01-2026 09:50||NIFTY27JAN2624800PE,0.1363648636895634
20-01-2026 09:50||NIFTY27JAN2625100PE,0.12419583762181781
20-01-2026 09:50||NIFTY27JAN2625200CE,0.10423180987234844
20-01-2026 09:50||NIFTY27JAN2625300CE,0.10442326230441787
20-01-2026 09:50||NIFTY27JAN2625600CE,0.10519136735069606
20-01-2026 09:55||NIFTY27JAN2623900PE,0.20417812882866385
20-01-2026 09:55||NIFTY27JAN2624100PE,0.18607105372317573
20-01-2026 09:55||NIFTY27JAN2624400PE,0.15968535295516662
20-01-2026 09:55||NIFTY27JAN2624700PE,0.13619043333776376
20-01-2026 09:55||NIFTY27JAN2624800PE,0.129291799005012
20-01-2026 09:55||NIFTY27JAN2624900PE,0.12296261809056452
20-01-2026 09:55||NIFTY27JAN2625000PE,0.11724358547585068
20-01-2026 09:55||NIFTY27JAN2625100PE,0.11202917929397413
20-01-2026 09:55||NIFTY27JAN2625900CE,0.11447861120644978
20-01-2026 09:55||NIFTY27JAN2626300CE,0.1334883710789901
20-01-2026 09:55||NIFTY27JAN2626400CE,0.14052184924771233
20-01-2026 10:00||NIFTY27JAN2623900PE,0.20586535267823794
20-01-2026 10:00||NIFTY27JAN2624600PE,0.1463111076465309
20-01-2026 10:00||NIFTY27JAN2624700PE,0.1395202187364557
20-01-2026 10:00||NIFTY27JAN2625200CE,0.12279425739222875
20-01-2026 10:00||NIFTY27JAN2625300CE,0.11906385444879863
20-01-2026 10:00||NIFTY27JAN2625400CE,0.11579418828221319
20-01-2026 10:00||NIFTY27JAN2625700CE,0.11147444504664084
20-01-2026 10:00||NIFTY27JAN2626000CE,0.11700577800656117
20-01-2026 10:00||NIFTY27JAN2626200CE,0.1268246168214741
20-01-2026 10:05||NIFTY27JAN2624500PE,0.1514303672680525
20-01-2026 10:05||NIFTY27JAN2625900CE,0.11398610195069256
20-01-2026 10:05||NIFTY27JAN2626100CE,0.12169759050216852
20-01-2026 10:05||NIFTY27JAN2626200CE,0.12667714032814187
20-01-2026 10:05||NIFTY27JAN2626300CE,0.132118432411458
20-01-2026 10:05||NIFTY27JAN2626500CE,0.14590379675186907
20-01-2026 10:10||NIFTY27JAN2624000PE,0.19687137056488768
20-01-2026 10:10||NIFTY27JAN2624400PE,0.16313831130636613
20-01-2026 10:10||NIFTY27JAN2624900PE,0.1306016014604121
20-01-2026 10:10||NIFTY27JAN2625100PE,0.12249511223349444
20-01-2026 10:10||NIFTY27JAN2625200CE,0.10752545707523567
20-01-2026 10:10||NIFTY27JAN2626500CE,0.14332047442087836
20-01-2026 10:15||NIFTY27JAN2624000PE,0.19469793803519275
20-01-2026 10:15||NIFTY27JAN2624500PE,0.1527883410773837
20-01-2026 10:15||NIFTY27JAN2624600PE,0.14508990982713615
20-01-2026 10:15||NIFTY27JAN2625000PE,0.12054379170444857
20-01-2026 10:15||NIFTY27JAN2625600CE,0.1144281711276899
20-01-2026 10:15||NIFTY27JAN2625800CE,0.1133008269659507
20-01-2026 10:15||NIFTY27JAN2626300CE,0.13198360552657573
20-01-2026 10:15||NIFTY27JAN2626400CE,0.13876412617658795
20-01-2026 10:20||NIFTY27JAN2624100PE,0.18798951371777078
20-01-2026 10:20||NIFTY27JAN2624400PE,0.1620337829624687
20-01-2026 10:20||NIFTY27JAN2624600PE,0.14629924403737005
20-01-2026 10:20||NIFTY27JAN2625200CE,0.11081182498606901
20-01-2026 10:20||NIFTY27JAN2625400CE,0.10739708318465654
20-01-2026 10:20||NIFTY27JAN2625700CE,0.10619160165881564
20-01-2026 10:20||NIFTY27JAN2626000CE,0.1125019109225793
20-01-2026 10:20||NIFTY27JAN2626200CE,0.12228724548560657
20-01-2026 10:25||NIFTY27JAN2623800PE,0.2141944186923351
20-01-2026 10:25||NIFTY27JAN2624700PE,0.14002472570577396
20-01-2026 10:25||NIFTY27JAN2625000PE,0.12369833243627648
20-01-2026 10:25||NIFTY27JAN2625800CE,0.10625917482643844
20-01-2026 10:25||NIFTY27JAN2626200CE,0.12092753259684351
20-01-2026 10:25||NIFTY27JAN2626400CE,0.1334822018422735
20-01-2026 10:30||NIFTY27JAN2623900PE,0.206070527937377
20-01-2026 10:30||NIFTY27JAN2624000PE,0.19725628985222426
20-01-2026 10:30||NIFTY27JAN2624100PE,0.18843570397885492
20-01-2026 10:30||NIFTY27JAN2624300PE,0.17076235989344296
20-01-2026 10:30||NIFTY27JAN2624600PE,0.14638730256964025
20-01-2026 10:30||NIFTY27JAN2624800PE,0.13324856797905904
20-01-2026 10:30||NIFTY27JAN2625300CE,0.11054419747060541
20-01-2026 10:30||NIFTY27JAN2625500CE,0.10801134565365816
20-01-2026 10:30||NIFTY27JAN2625700CE,0.10779188689666057
20-01-2026 10:30||NIFTY27JAN2625800CE,0.1086300585968399
20-01-2026 10:30||NIFTY27JAN2626100CE,0.11769911969651436
20-01-2026 10:35||NIFTY27JAN2624300PE,0.16930032132437228
20-01-2026 10:35||NIFTY27JAN2624700PE,0.13715364505468253
20-01-2026 10:35||NIFTY27JAN2625200CE,0.1321412550364446
20-01-2026 10:35||NIFTY27JAN2625400CE,0.12119614812049294
20-01-2026 10:35||NIFTY27JAN2625500CE,0.11724651259067315
20-01-2026 10:35||NIFTY27JAN2625900CE,0.11346916623813014
20-01-2026 10:40||NIFTY27JAN2624000PE,0.1978366271416031
20-01-2026 10:40||NIFTY27JAN2624300PE,0.17170738562130938
20-01-2026 10:40||NIFTY27JAN2625500CE,0.10661878917693324
20-01-2026 10:40||NIFTY27JAN2625600CE,0.10677260368954637
20-01-2026 10:40||NIFTY27JAN2625700CE,0.10697676014124471
20-01-2026 10:40||NIFTY27JAN2625800CE,0.10691335369881665
20-01-2026 10:40||NIFTY27JAN2626000CE,0.10989678439119452
20-01-2026 10:45||NIFTY27JAN2624900PE,0.12706554282422422
20-01-2026 10:45||NIFTY27JAN2625000PE,0.12218840444802453
20-01-2026 10:45||NIFTY27JAN2625900CE,0.10971662188608856
20-01-2026 10:45||NIFTY27JAN2626200CE,0.12128450714585687
20-01-2026 10:45||NIFTY27JAN2626400CE,0.13326740075517213
20-01-2026 10:50||NIFTY27JAN2623800PE,0.21499958407700642
20-01-2026 10:50||NIFTY27JAN2624100PE,0.18951029657800122
20-01-2026 10:50||NIFTY27JAN2624200PE,0.18045471285595727
20-01-2026 10:50||NIFTY27JAN2624900PE,0.1284210341668029
20-01-2026 10:50||NIFTY27JAN2625300CE,0.10446720933218621
20-01-2026 10:50||NIFTY27JAN2625400CE,0.10432836758896588
20-01-2026 10:50||NIFTY27JAN2626200CE,0.12110928380351485
20-01-2026 10:55||NIFTY27JAN2623800PE,0.21800228381323455
20-01-2026 10:55||NIFTY27JAN2623900PE,0.20780829056102149
20-01-2026 10:55||NIFTY27JAN2624200PE,0.1792650989311602
20-01-2026 10:55||NIFTY27JAN2624500PE,0.15372122545386868
20-01-2026 10:55||NIFTY27JAN2624600PE,0.14654310548912486
20-01-2026 10:55||NIFTY27JAN2624700PE,0.13950496994796557
20-01-2026 10:55||NIFTY27JAN2624800PE,0.13280410961906533
20-01-2026 10:55||NIFTY27JAN2625100PE,0.11884683131923889
20-01-2026 10:55||NIFTY27JAN2625300CE,0.10908439823769162
20-01-2026 10:55||NIFTY27JAN2625400CE,0.10814405244618808
20-01-2026 10:55||NIFTY27JAN2625900CE,0.1103808270223938
20-01-2026 10:55||NIFTY27JAN2626400CE,0.1347302662506336
20-01-2026 11:00||NIFTY27JAN2623800PE,0.21449190451845304
20-01-2026 11:00||NIFTY27JAN2624000PE,0.19637287875909543
20-01-2026 11:00||NIFTY27JAN2624200PE,0.17848975544383583
20-01-2026 11:00||NIFTY27JAN2624400PE,0.16104781500838317
20-01-2026 11:00||NIFTY27JAN2625300CE,0.10782090446270845
20-01-2026 11:05||NIFTY27JAN2623800PE,0.21443764703346735
20-01-2026 11:05||NIFTY27JAN2624400PE,0.16057518403100207
20-01-2026 11:05||NIFTY27JAN2624500PE,0.15196868231183958
20-01-2026 11:05||NIFTY27JAN2625000PE,0.12118318455545792
20-01-2026 11:05||NIFTY27JAN2625400CE,0.10772617605885998
20-01-2026 11:05||NIFTY27JAN2625500CE,0.1064571694078078
20-01-2026 11:05||NIFTY27JAN2625800CE,0.10713775389039862
20-01-2026 11:05||NIFTY27JAN2626000CE,0.11324676724063101
20-01-2026 11:05||NIFTY27JAN2626300CE,0.12952089219784912
20-01-2026 11:10||NIFTY27JAN2624000PE,0.19410182460760123
20-01-2026 11:10||NIFTY27JAN2624500PE,0.1508097528145284
20-01-2026 11:10||NIFTY27JAN2624900PE,0.1257196565168539
20-01-2026 11:10||NIFTY27JAN2625200CE,0.11342292885326667
20-01-2026 11:10||NIFTY27JAN2625600CE,0.10690531344538631
20-01-2026 11:15||NIFTY27JAN2623800PE,0.21156521106868553
20-01-2026 11:15||NIFTY27JAN2624100PE,0.1846067627347081
20-01-2026 11:15||NIFTY27JAN2624300PE,0.16653355375161755
20-01-2026 11:15||NIFTY27JAN2624500PE,0.14937320752481004
20-01-2026 11:15||NIFTY27JAN2624700PE,0.13513190852264328
20-01-2026 11:15||NIFTY27JAN2624900PE,0.12423845062499209
20-01-2026 11:15||NIFTY27JAN2625000PE,0.11946139839922451
20-01-2026 11:15||NIFTY27JAN2625300CE,0.1150211871496737
20-01-2026 11:15||NIFTY27JAN2625600CE,0.10896228209039223
20-01-2026 11:15||NIFTY27JAN2625700CE,0.10870477927069122
20-01-2026 11:15||NIFTY27JAN2626100CE,0.1196344957341387
20-01-2026 11:20||NIFTY27JAN2624500PE,0.14988726569962127
20-01-2026 11:20||NIFTY27JAN2624600PE,0.14218338635779115
20-01-2026 11:20||NIFTY27JAN2625000PE,0.11869649598851711
20-01-2026 11:20||NIFTY27JAN2625200CE,0.11744817230984811
20-01-2026 11:20||NIFTY27JAN2625700CE,0.10868395964706898
20-01-2026 11:20||NIFTY27JAN2626200CE,0.12449885285304486
20-01-2026 11:25||NIFTY27JAN2623900PE,0.2019333504080248
20-01-2026 11:25||NIFTY27JAN2624000PE,0.19280794439386179
20-01-2026 11:25||NIFTY27JAN2624100PE,0.18368403118539356
20-01-2026 11:25||NIFTY27JAN2624300PE,0.16544031084303615
20-01-2026 11:25||NIFTY27JAN2624900PE,0.12202505264582998
20-01-2026 11:25||NIFTY27JAN2625200CE,0.1275066018374593
20-01-2026 11:25||NIFTY27JAN2625300CE,0.12169668678282454
20-01-2026 11:25||NIFTY27JAN2625500CE,0.11367650934341897
20-01-2026 11:25||NIFTY27JAN2625700CE,0.11077757324558844
20-01-2026 11:25||NIFTY27JAN2626100CE,0.12010018081156068
20-01-2026 11:30||NIFTY27JAN2623900PE,0.20405055941529762
20-01-2026 11:30||NIFTY27JAN2624100PE,0.186045783263172
20-01-2026 11:30||NIFTY27JAN2624200PE,0.176916315159106
20-01-2026 11:30||NIFTY27JAN2624500PE,0.1507254678793449
20-01-2026 11:30||NIFTY27JAN2624900PE,0.12467660911672093
20-01-2026 11:30||NIFTY27JAN2625200CE,0.11467566793954277
20-01-2026 11:30||NIFTY27JAN2625700CE,0.10824721399985288
20-01-2026 11:30||NIFTY27JAN2625800CE,0.11042122508818372
20-01-2026 11:30||NIFTY27JAN2625900CE,0.11269453632111283
20-01-2026 11:30||NIFTY27JAN2626000CE,0.11490103064006417
20-01-2026 11:35||NIFTY27JAN2623800PE,0.2147333005829673
20-01-2026 11:35||NIFTY27JAN2623900PE,0.20536282972723288
20-01-2026 11:35||NIFTY27JAN2624400PE,0.1594692015793806
20-01-2026 11:35||NIFTY27JAN2625900CE,0.10930032005883933
20-01-2026 11:35||NIFTY27JAN2626300CE,0.12847148279720463
20-01-2026 11:35||NIFTY27JAN2626500CE,0.14301461559093562
20-01-2026 11:40||NIFTY27JAN2623800PE,0.21174884904454305
20-01-2026 11:40||NIFTY27JAN2624000PE,0.19379536178630347
20-01-2026 11:40||NIFTY27JAN2624100PE,0.18486615765902426
20-01-2026 11:40||NIFTY27JAN2624700PE,0.13449174577897988
20-01-2026 11:40||NIFTY27JAN2624800PE,0.12789338050934979
20-01-2026 11:40||NIFTY27JAN2625000PE,0.11686138576117144
20-01-2026 11:40||NIFTY27JAN2625100PE,0.11263214070919765
20-01-2026 11:40||NIFTY27JAN2625300CE,0.11637815672283326
20-01-2026 11:40||NIFTY27JAN2625800CE,0.10782817805802442
20-01-2026 11:40||NIFTY27JAN2626000CE,0.1130213161167459
20-01-2026 11:45||NIFTY27JAN2623900PE,0.20355408930108362
20-01-2026 11:45||NIFTY27JAN2624000PE,0.19458226223864333
20-01-2026 11:45||NIFTY27JAN2624100PE,0.18554643302445073
20-01-2026 11:45||NIFTY27JAN2624500PE,0.14996858014159914
20-01-2026 11:45||NIFTY27JAN2625600CE,0.10762999946731008
20-01-2026 11:45||NIFTY27JAN2625800CE,0.10883056627546195
20-01-2026 11:45||NIFTY27JAN2625900CE,0.11125085311654839
20-01-2026 11:45||NIFTY27JAN2626000CE,0.11415292074653442
20-01-2026 11:50||NIFTY27JAN2624200PE,0.1770714373155375
20-01-2026 11:50||NIFTY27JAN2624600PE,0.14281890339939982
20-01-2026 11:50||NIFTY27JAN2624700PE,0.13536238690259395
20-01-2026 11:50||NIFTY27JAN2624900PE,0.12251908004977244
20-01-2026 11:50||NIFTY27JAN2625400CE,0.11128616397029015
20-01-2026 11:50||NIFTY27JAN2625600CE,0.1074961508877711
20-01-2026 11:50||NIFTY27JAN2625700CE,0.10660740699199725
20-01-2026 11:50||NIFTY27JAN2626300CE,0.12860210965662228
20-01-2026 11:55||NIFTY27JAN2623800PE,0.22478039178238113
20-01-2026 11:55||NIFTY27JAN2623900PE,0.21250984720473262
20-01-2026 11:55||NIFTY27JAN2624000PE,0.20077356579403455
20-01-2026 11:55||NIFTY27JAN2624100PE,0.18961675673685108
20-01-2026 11:55||NIFTY27JAN2624400PE,0.1608090579996486
20-01-2026 11:55||NIFTY27JAN2624500PE,0.15228589236234555
20-01-2026 11:55||NIFTY27JAN2625800CE,0.10358320915869171
20-01-2026 11:55||NIFTY27JAN2625900CE,0.10674484312541085
20-01-2026 12:00||NIFTY27JAN2623800PE,0.2131409047543381
20-01-2026 12:00||NIFTY27JAN2624400PE,0.1601826932658268
20-01-2026 12:00||NIFTY27JAN2624600PE,0.14489307987028616
20-01-2026 12:00||NIFTY27JAN2624700PE,0.13776692442762917
20-01-2026 12:00||NIFTY27JAN2624800PE,0.1310358663580974
20-01-2026 12:00||NIFTY27JAN2625400CE,0.09931345766741353
20-01-2026 12:00||NIFTY27JAN2625800CE,0.10339396252825757
20-01-2026 12:00||NIFTY27JAN2625900CE,0.10676242640029569
20-01-2026 12:00||NIFTY27JAN2626400CE,0.13656586934624151
20-01-2026 12:05||NIFTY27JAN2624100PE,0.18596786582915584
20-01-2026 12:05||NIFTY27JAN2624500PE,0.1511052830778939
20-01-2026 12:05||NIFTY27JAN2624700PE,0.13644363779893964
20-01-2026 12:05||NIFTY27JAN2624900PE,0.125482500344572
20-01-2026 12:05||NIFTY27JAN2625000PE,0.12094026168096852
20-01-2026 12:05||NIFTY27JAN2625500CE,0.09847342818254662
20-01-2026 12:05||NIFTY27JAN2625800CE,0.10321878172082645
20-01-2026 12:10||NIFTY27JAN2624200PE,0.1752327160491318
20-01-2026 12:10||NIFTY27JAN2624500PE,0.14940720380686098
20-01-2026 12:10||NIFTY27JAN2624600PE,0.1428732408870519
20-01-2026 12:10||NIFTY27JAN2624700PE,0.13612134938988707
20-01-2026 12:10||NIFTY27JAN2624800PE,0.1295071602088754
20-01-2026 12:10||NIFTY27JAN2624900PE,0.12305111482377842
20-01-2026 12:15||NIFTY27JAN2624300PE,0.16719476657050164
20-01-2026 12:15||NIFTY27JAN2624500PE,0.14992565337124358
20-01-2026 12:15||NIFTY27JAN2625000PE,0.11840860936409697
20-01-2026 12:15||NIFTY27JAN2625100PE,0.11411112629770222
20-01-2026 12:15||NIFTY27JAN2625400CE,0.10456454293092993
20-01-2026 12:15||NIFTY27JAN2626100CE,0.11953260599029926
20-01-2026 12:15||NIFTY27JAN2626400CE,0.13922021378086394
20-01-2026 12:20||NIFTY27JAN2623900PE,0.20388390661571898
20-01-2026 12:20||NIFTY27JAN2624000PE,0.19436870385573407
20-01-2026 12:20||NIFTY27JAN2624100PE,0.18486969979917556
20-01-2026 12:20||NIFTY27JAN2625200CE,0.10897728983566796
20-01-2026 12:20||NIFTY27JAN2625300CE,0.10604037358665953
20-01-2026 12:20||NIFTY27JAN2625500CE,0.10318164975557306
20-01-2026 12:20||NIFTY27JAN2625700CE,0.10504256952723057
20-01-2026 12:20||NIFTY27JAN2625800CE,0.1074874923485089
20-01-2026 12:20||NIFTY27JAN2625900CE,0.11035474298816503
20-01-2026 12:25||NIFTY27JAN2623800PE,0.21389708462755894
20-01-2026 12:25||NIFTY27JAN2623900PE,0.2034919273092065
20-01-2026 12:25||NIFTY27JAN2625000PE,0.11440525701903971
20-01-2026 12:25||NIFTY27JAN2625100PE,0.10952425812857693
20-01-2026 12:25||NIFTY27JAN2625700CE,0.10925468413625797
20-01-2026 12:25||NIFTY27JAN2625800CE,0.11049167129149713
20-01-2026 12:25||NIFTY27JAN2626000CE,0.11601935780340926
20-01-2026 12:25||NIFTY27JAN2626100CE,0.12136495753390421
20-01-2026 12:30||NIFTY27JAN2623800PE,0.21400822339823805
20-01-2026 12:30||NIFTY27JAN2623900PE,0.2039462328577028
20-01-2026 12:30||NIFTY27JAN2624500PE,0.1490977101006022
20-01-2026 12:30||NIFTY27JAN2624900PE,0.1223073369869947
20-01-2026 12:30||NIFTY27JAN2625000PE,0.1171844121323892
20-01-2026 12:30||NIFTY27JAN2625100PE,0.1125411737588955
20-01-2026 12:30||NIFTY27JAN2625300CE,0.10740518669109211
20-01-2026 12:30||NIFTY27JAN2625400CE,0.10572790171060756
20-01-2026 12:30||NIFTY27JAN2626000CE,0.11443072694705858
20-01-2026 12:30||NIFTY27JAN2626300CE,0.13408902353363653
20-01-2026 12:35||NIFTY27JAN2623800PE,0.20964968188528005
20-01-2026 12:35||NIFTY27JAN2624200PE,0.17441729190765015
20-01-2026 12:35||NIFTY27JAN2625000PE,0.11697490175455466
20-01-2026 12:35||NIFTY27JAN2625200CE,0.1143838208211778
20-01-2026 12:35||NIFTY27JAN2625500CE,0.10801076341025401
20-01-2026 12:35||NIFTY27JAN2625700CE,0.1082003314715125
20-01-2026 12:35||NIFTY27JAN2625800CE,0.10958313908933813
20-01-2026 12:35||NIFTY27JAN2626200CE,0.1280315658746968
20-01-2026 12:35||NIFTY27JAN2626300CE,0.1353108529213003
20-01-2026 12:40||NIFTY27JAN2623800PE,0.20996768017000625
20-01-2026 12:40||NIFTY27JAN2624000PE,0.19236127184596546
20-01-2026 12:40||NIFTY27JAN2624100PE,0.18352551824213675
20-01-2026 12:40||NIFTY27JAN2624300PE,0.1655897163953025
20-01-2026 12:40||NIFTY27JAN2624600PE,0.1418329845197824
20-01-2026 12:40||NIFTY27JAN2624700PE,0.13505462317035316
20-01-2026 12:40||NIFTY27JAN2625400CE,0.10543294121896024
20-01-2026 12:40||NIFTY27JAN2626100CE,0.12173942330492388
20-01-2026 12:40||NIFTY27JAN2626400CE,0.14305485562309234
20-01-2026 12:45||NIFTY27JAN2623800PE,0.20820137987908544
20-01-2026 12:45||NIFTY27JAN2624300PE,0.16464783869740846
20-01-2026 12:45||NIFTY27JAN2624400PE,0.15595836089265153
20-01-2026 12:45||NIFTY27JAN2625000PE,0.11568087998257615
20-01-2026 12:45||NIFTY27JAN2625100PE,0.11079808676534969
20-01-2026 12:45||NIFTY27JAN2626400CE,0.14332115660977668
20-01-2026 12:50||NIFTY27JAN2624200PE,0.1748133217901508
20-01-2026 12:50||NIFTY27JAN2624300PE,0.16570100760024736
20-01-2026 12:50||NIFTY27JAN2625600CE,0.10694509648792791
20-01-2026 12:50||NIFTY27JAN2626000CE,0.1163401300104146
20-01-2026 12:50||NIFTY27JAN2626100CE,0.12189640589921799
20-01-2026 12:50||NIFTY27JAN2626200CE,0.1277571729292952
20-01-2026 12:55||NIFTY27JAN2623900PE,0.20199247862374917
20-01-2026 12:55||NIFTY27JAN2624000PE,0.19291829242560748
20-01-2026 12:55||NIFTY27JAN2624900PE,0.12189261607343034
20-01-2026 12:55||NIFTY27JAN2625400CE,0.10964875911847553
20-01-2026 12:55||NIFTY27JAN2625800CE,0.10875240811565147
20-01-2026 12:55||NIFTY27JAN2626400CE,0.1409445943967867
20-01-2026 13:00||NIFTY27JAN2623800PE,0.21401505665490467
20-01-2026 13:00||NIFTY27JAN2623900PE,0.20405832628422976
20-01-2026 13:00||NIFTY27JAN2624100PE,0.18498761234731476
20-01-2026 13:00||NIFTY27JAN2624200PE,0.1757953808410318
20-01-2026 13:00||NIFTY27JAN2624700PE,0.1349857028860877
20-01-2026 13:00||NIFTY27JAN2625100PE,0.11332988717429542
20-01-2026 13:00||NIFTY27JAN2625500CE,0.10578429501851641
20-01-2026 13:00||NIFTY27JAN2625800CE,0.10850135543699818
20-01-2026 13:00||NIFTY27JAN2625900CE,0.11264042475527536
20-01-2026 13:00||NIFTY27JAN2626000CE,0.11702826676560003
20-01-2026 13:00||NIFTY27JAN2626100CE,0.12161567272738975
20-01-2026 13:00||NIFTY27JAN2626400CE,0.14125415026029364
20-01-2026 13:05||NIFTY27JAN2623800PE,0.21024711164679075
20-01-2026 13:05||NIFTY27JAN2624200PE,0.17573548078623108
20-01-2026 13:05||NIFTY27JAN2624900PE,0.12164622247475287
20-01-2026 13:05||NIFTY27JAN2625000PE,0.11562436286577152
20-01-2026 13:05||NIFTY27JAN2625100PE,0.10946555965396985
20-01-2026 13:05||NIFTY27JAN2625300CE,0.1089714527169166
20-01-2026 13:05||NIFTY27JAN2625400CE,0.10716521846806318
20-01-2026 13:05||NIFTY27JAN2625600CE,0.10546391347650286
20-01-2026 13:05||NIFTY27JAN2626000CE,0.11502607036396843
20-01-2026 13:05||NIFTY27JAN2626500CE,0.15028303361733036
20-01-2026 13:10||NIFTY27JAN2624000PE,0.19367953453432638
20-01-2026 13:10||NIFTY27JAN2624400PE,0.15796557597499014
20-01-2026 13:10||NIFTY27JAN2624500PE,0.14975774348223803
20-01-2026 13:10||NIFTY27JAN2624700PE,0.13483643022675318
20-01-2026 13:10||NIFTY27JAN2624900PE,0.12335022401137294
20-01-2026 13:10||NIFTY27JAN2625000PE,0.11849560016640545
20-01-2026 13:10||NIFTY27JAN2626000CE,0.11493610484571543
20-01-2026 13:10||NIFTY27JAN2626400CE,0.14136503931846883
20-01-2026 13:15||NIFTY27JAN2623900PE,0.20253018465303085
20-01-2026 13:15||NIFTY27JAN2624600PE,0.14057138831632465
20-01-2026 13:15||NIFTY27JAN2624800PE,0.12789146099582988
20-01-2026 13:15||NIFTY27JAN2624900PE,0.12225614248847007
20-01-2026 13:15||NIFTY27JAN2625000PE,0.1168814730153793
20-01-2026 13:15||NIFTY27JAN2625200CE,0.11774646989694
20-01-2026 13:15||NIFTY27JAN2626000CE,0.11719639227930703
20-01-2026 13:15||NIFTY27JAN2626200CE,0.12863055675737772
20-01-2026 13:20||NIFTY27JAN2624000PE,0.1944560637049505
20-01-2026 13:20||NIFTY27JAN2624200PE,0.17661495723977902
20-01-2026 13:20||NIFTY27JAN2624600PE,0.14357918505278966
20-01-2026 13:20||NIFTY27JAN2625000PE,0.11965520647953037
20-01-2026 13:20||NIFTY27JAN2625700CE,0.10470106918305157
20-01-2026 13:20||NIFTY27JAN2626000CE,0.11461124199365508
20-01-2026 13:20||NIFTY27JAN2626100CE,0.12019188641097642
20-01-2026 13:20||NIFTY27JAN2626200CE,0.12607506545866323
20-01-2026 13:25||NIFTY27JAN2623800PE,0.2106203029146771
20-01-2026 13:25||NIFTY27JAN2624100PE,0.18462900640229526
20-01-2026 13:25||NIFTY27JAN2624700PE,0.13450216814783378
20-01-2026 13:25||NIFTY27JAN2625000PE,0.11786920880478188
20-01-2026 13:25||NIFTY27JAN2625800CE,0.10879856029369603
20-01-2026 13:30||NIFTY27JAN2624100PE,0.1847428191737171
20-01-2026 13:30||NIFTY27JAN2624500PE,0.14928447952749874
20-01-2026 13:30||NIFTY27JAN2624700PE,0.13518327465358482
20-01-2026 13:30||NIFTY27JAN2624900PE,0.12407452794573195
20-01-2026 13:30||NIFTY27JAN2626000CE,0.11499716258262697
20-01-2026 13:30||NIFTY27JAN2626300CE,0.13321426192479932
20-01-2026 13:30||NIFTY27JAN2626400CE,0.14033909777534892
20-01-2026 13:35||NIFTY27JAN2625100PE,0.11720956197140318
20-01-2026 13:35||NIFTY27JAN2625200CE,0.10768951428434483
20-01-2026 13:35||NIFTY27JAN2625800CE,0.10961392615663793
20-01-2026 13:40||NIFTY27JAN2623800PE,0.21177323931661574
20-01-2026 13:40||NIFTY27JAN2624200PE,0.1734473526234077
20-01-2026 13:40||NIFTY27JAN2624600PE,0.14011712150547576
20-01-2026 13:40||NIFTY27JAN2624700PE,0.1332137649699331
20-01-2026 13:40||NIFTY27JAN2625000PE,0.11637877668440368
20-01-2026 13:40||NIFTY27JAN2626200CE,0.13324056216029062
20-01-2026 13:40||NIFTY27JAN2626400CE,0.14842295689840998
20-01-2026 13:40||NIFTY27JAN2626500CE,0.15737405190735787
20-01-2026 13:45||NIFTY27JAN2624000PE,0.19360748330715663
20-01-2026 13:45||NIFTY27JAN2624400PE,0.1583016028919635
20-01-2026 13:45||NIFTY27JAN2624500PE,0.15062585686020313
20-01-2026 13:45||NIFTY27JAN2624600PE,0.14315481236480734
20-01-2026 13:50||NIFTY27JAN2624000PE,0.19316564286868448
20-01-2026 13:50||NIFTY27JAN2624100PE,0.1841086180531575
20-01-2026 13:50||NIFTY27JAN2624200PE,0.17505838661857134
20-01-2026 13:50||NIFTY27JAN2624300PE,0.16597383120096268
20-01-2026 13:50||NIFTY27JAN2624500PE,0.14852432143118516
20-01-2026 13:50||NIFTY27JAN2625200CE,0.12664715475795935
20-01-2026 13:50||NIFTY27JAN2625300CE,0.11916208215654608
20-01-2026 13:50||NIFTY27JAN2625400CE,0.11370385262615404
20-01-2026 13:50||NIFTY27JAN2625500CE,0.11026596703451642
20-01-2026 13:50||NIFTY27JAN2626000CE,0.12171148683984268
20-01-2026 13:50||NIFTY27JAN2626100CE,0.12746157013612242
20-01-2026 13:55||NIFTY27JAN2624400PE,0.15757268643139805
20-01-2026 13:55||NIFTY27JAN2624500PE,0.14928239416957864
20-01-2026 13:55||NIFTY27JAN2625200CE,0.12058289018270342
20-01-2026 13:55||NIFTY27JAN2625400CE,0.1127740385838627
20-01-2026 13:55||NIFTY27JAN2625600CE,0.11054105302335546
20-01-2026 13:55||NIFTY27JAN2626200CE,0.13305977703970295
20-01-2026 14:00||NIFTY27JAN2623900PE,0.20467626075995254
20-01-2026 14:00||NIFTY27JAN2624100PE,0.18644229646307148
20-01-2026 14:00||NIFTY27JAN2624200PE,0.17697842443132866
20-01-2026 14:00||NIFTY27JAN2624300PE,0.16747603481634354
20-01-2026 14:00||NIFTY27JAN2624800PE,0.12768110898295792
20-01-2026 14:00||NIFTY27JAN2624900PE,0.12150375293157356
20-01-2026 14:00||NIFTY27JAN2625000PE,0.11582390379370508
20-01-2026 14:00||NIFTY27JAN2625100PE,0.11060390755715381
20-01-2026 14:00||NIFTY27JAN2625200CE,0.11605811633693372
20-01-2026 14:00||NIFTY27JAN2625900CE,0.11605287319540397
20-01-2026 14:00||NIFTY27JAN2626100CE,0.12657302022974554
20-01-2026 14:05||NIFTY27JAN2623800PE,0.21270984359567227
20-01-2026 14:05||NIFTY27JAN2625100PE,0.11569686314933457
20-01-2026 14:05||NIFTY27JAN2625200CE,0.11471588766511127
20-01-2026 14:05||NIFTY27JAN2625800CE,0.11341958361859004
20-01-2026 14:05||NIFTY27JAN2625900CE,0.11774685655871969
20-01-2026 14:05||NIFTY27JAN2626100CE,0.12793280681548674
20-01-2026 14:05||NIFTY27JAN2626400CE,0.14959145313569255
20-01-2026 14:10||NIFTY27JAN2623800PE,0.21242717281477794
20-01-2026 14:10||NIFTY27JAN2624000PE,0.19414741866679372
20-01-2026 14:10||NIFTY27JAN2624200PE,0.17632005335761752
20-01-2026 14:10||NIFTY27JAN2624300PE,0.167532727109113
20-01-2026 14:10||NIFTY27JAN2624500PE,0.15051218356324075
20-01-2026 14:10||NIFTY27JAN2624900PE,0.12420945539820649
20-01-2026 14:10||NIFTY27JAN2625000PE,0.1190478451262736
20-01-2026 14:10||NIFTY27JAN2625300CE,0.1152212185542652
20-01-2026 14:10||NIFTY27JAN2625500CE,0.1116099526463131
20-01-2026 14:10||NIFTY27JAN2625700CE,0.1122588558108227
20-01-2026 14:10||NIFTY27JAN2625900CE,0.11843625102286887
20-01-2026 14:10||NIFTY27JAN2626100CE,0.12993840161869727
20-01-2026 14:10||NIFTY27JAN2626200CE,0.13659060595024167
20-01-2026 14:10||NIFTY27JAN2626300CE,0.143569526091664
20-01-2026 14:15||NIFTY27JAN2623800PE,0.21107949391078148
20-01-2026 14:15||NIFTY27JAN2624100PE,0.1842516328597017
20-01-2026 14:15||NIFTY27JAN2624500PE,0.15135044414412
20-01-2026 14:15||NIFTY27JAN2624600PE,0.14414370327321147
20-01-2026 14:15||NIFTY27JAN2624900PE,0.1255142049187333
20-01-2026 14:15||NIFTY27JAN2625200CE,0.11316944091103505
20-01-2026 14:15||NIFTY27JAN2625400CE,0.10869044594754337
20-01-2026 14:15||NIFTY27JAN2626000CE,0.12113343920388656
20-01-2026 14:15||NIFTY27JAN2626300CE,0.14044516402466245
20-01-2026 14:15||NIFTY27JAN2626500CE,0.15671208301417944
20-01-2026 14:20||NIFTY27JAN2624600PE,0.14251009947801702
20-01-2026 14:20||NIFTY27JAN2625300CE,0.1182993100925826
20-01-2026 14:20||NIFTY27JAN2625400CE,0.1154427286714996
20-01-2026 14:20||NIFTY27JAN2625600CE,0.1139674046197222
20-01-2026 14:20||NIFTY27JAN2625700CE,0.11450262134330683
20-01-2026 14:20||NIFTY27JAN2626300CE,0.14160365642244288
20-01-2026 14:20||NIFTY27JAN2626500CE,0.15781990706625196
20-01-2026 14:25||NIFTY27JAN2624100PE,0.18609621518783281
20-01-2026 14:25||NIFTY27JAN2624400PE,0.1588044651632377
20-01-2026 14:25||NIFTY27JAN2624600PE,0.1428943185345137
20-01-2026 14:25||NIFTY27JAN2625000PE,0.11783583713569182
20-01-2026 14:25||NIFTY27JAN2625400CE,0.11426225689634342
20-01-2026 14:25||NIFTY27JAN2625900CE,0.11739400222018381
20-01-2026 14:25||NIFTY27JAN2626000CE,0.12189152591297095
20-01-2026 14:25||NIFTY27JAN2626500CE,0.1540852567889546
20-01-2026 14:30||NIFTY27JAN2624000PE,0.1954712521974345
20-01-2026 14:30||NIFTY27JAN2624400PE,0.16085528332901466
20-01-2026 14:30||NIFTY27JAN2624600PE,0.14571245405630853
20-01-2026 14:30||NIFTY27JAN2625400CE,0.10778951723818928
20-01-2026 14:30||NIFTY27JAN2625500CE,0.10685694403587104
20-01-2026 14:30||NIFTY27JAN2625800CE,0.1106471245792518
20-01-2026 14:30||NIFTY27JAN2626000CE,0.1188564183048301
20-01-2026 14:30||NIFTY27JAN2626400CE,0.14479957030118926
20-01-2026 14:30||NIFTY27JAN2626500CE,0.15319475945264638
20-01-2026 14:35||NIFTY27JAN2624600PE,0.14747135725649418
20-01-2026 14:35||NIFTY27JAN2624800PE,0.13437219783658627
20-01-2026 14:35||NIFTY27JAN2625200CE,0.10932322033482252
20-01-2026 14:35||NIFTY27JAN2625300CE,0.10718615487777929
20-01-2026 14:35||NIFTY27JAN2625600CE,0.1066154425367581
20-01-2026 14:35||NIFTY27JAN2625700CE,0.1081447815232777
20-01-2026 14:35||NIFTY27JAN2626000CE,0.11829999800038946
20-01-2026 14:35||NIFTY27JAN2626300CE,0.13684156022776822
20-01-2026 14:40||NIFTY27JAN2623800PE,0.21623242215144883
20-01-2026 14:40||NIFTY27JAN2624800PE,0.13504626164140313
20-01-2026 14:40||NIFTY27JAN2625200CE,0.11168355017396142
20-01-2026 14:40||NIFTY27JAN2625500CE,0.10711247300527243
20-01-2026 14:45||NIFTY27JAN2624300PE,0.17054222906986705
20-01-2026 14:45||NIFTY27JAN2624600PE,0.145843244254994
20-01-2026 14:45||NIFTY27JAN2625500CE,0.11008239165023284
20-01-2026 14:45||NIFTY27JAN2626000CE,0.1222759893059345
20-01-2026 14:45||NIFTY27JAN2626100CE,0.12810061027609987
20-01-2026 14:50||NIFTY27JAN2624000PE,0.1993543165224598
20-01-2026 14:50||NIFTY27JAN2624100PE,0.18987765304441245
20-01-2026 14:50||NIFTY27JAN2624200PE,0.18044767947756407
20-01-2026 14:50||NIFTY27JAN2624500PE,0.15389062691875122
20-01-2026 14:50||NIFTY27JAN2624900PE,0.12753045066164292
20-01-2026 14:50||NIFTY27JAN2625100PE,0.11888255403390856
20-01-2026 14:50||NIFTY27JAN2625500CE,0.10373245347183803
20-01-2026 14:50||NIFTY27JAN2625900CE,0.11433386918615074
20-01-2026 14:55||NIFTY27JAN2623900PE,0.20911022179289673
20-01-2026 14:55||NIFTY27JAN2624000PE,0.19956771555441613
20-01-2026 14:55||NIFTY27JAN2624100PE,0.1898837845587925
20-01-2026 14:55||NIFTY27JAN2624400PE,0.16179671650795352
20-01-2026 14:55||NIFTY27JAN2624500PE,0.15365491124558314
20-01-2026 14:55||NIFTY27JAN2625600CE,0.10251830327095404
20-01-2026 14:55||NIFTY27JAN2626000CE,0.11915627144509908
20-01-2026 14:55||NIFTY27JAN2626400CE,0.147084011230056
20-01-2026 15:00||NIFTY27JAN2624300PE,0.16472594429083198
20-01-2026 15:00||NIFTY27JAN2624800PE,0.12979614424450175
20-01-2026 15:00||NIFTY27JAN2625600CE,0.10810659421527141
20-01-2026 15:00||NIFTY27JAN2625700CE,0.1111900596420663
20-01-2026 15:00||NIFTY27JAN2626100CE,0.132501634950072
20-01-2026 15:00||NIFTY27JAN2626200CE,0.13944406569285286
20-01-2026 15:00||NIFTY27JAN2626400CE,0.1551719827749038
20-01-2026 15:00||NIFTY27JAN2626500CE,0.16431388818807965
20-01-2026 15:05||NIFTY27JAN2623900PE,0.20654013121531486
20-01-2026 15:05||NIFTY27JAN2624300PE,0.16796272358427083
20-01-2026 15:05||NIFTY27JAN2625000PE,0.12571564281387596
20-01-2026 15:05||NIFTY27JAN2625200CE,0.09803877076388097
20-01-2026 15:05||NIFTY27JAN2625600CE,0.10491512407956045
20-01-2026 15:05||NIFTY27JAN2625900CE,0.11839932349204696
20-01-2026 15:05||NIFTY27JAN2626100CE,0.13105684695485317
20-01-2026 15:05||NIFTY27JAN2626200CE,0.13798371462126896
20-01-2026 15:10||NIFTY27JAN2624000PE,0.19422995329263026
20-01-2026 15:10||NIFTY27JAN2624300PE,0.16693102489734374
20-01-2026 15:10||NIFTY27JAN2624400PE,0.15903986324903038
20-01-2026 15:10||NIFTY27JAN2625100PE,0.12942964616524505
20-01-2026 15:10||NIFTY27JAN2625300CE,0.10105030406939541
20-01-2026 15:10||NIFTY27JAN2625400CE,0.10319184777014757
20-01-2026 15:10||NIFTY27JAN2625900CE,0.12482443149223402
20-01-2026 15:10||NIFTY27JAN2626100CE,0.13761039802678982
20-01-2026 15:15||NIFTY27JAN2624000PE,0.20416650083483615
20-01-2026 15:15||NIFTY27JAN2624100PE,0.19322250370891905
20-01-2026 15:15||NIFTY27JAN2624200PE,0.18256416075195275
20-01-2026 15:15||NIFTY27JAN2624500PE,0.15585935097771986
20-01-2026 15:15||NIFTY27JAN2624800PE,0.13783325287619874
20-01-2026 15:15||NIFTY27JAN2625000PE,0.12966662275520485
20-01-2026 15:15||NIFTY27JAN2625100PE,0.1268725871826683
20-01-2026 15:15||NIFTY27JAN2625600CE,0.11272371235997428
20-01-2026 15:15||NIFTY27JAN2625700CE,0.11687664683700008
20-01-2026 15:15||NIFTY27JAN2625900CE,0.1269268311889415
20-01-2026 15:15||NIFTY27JAN2626000CE,0.13301301352616862
20-01-2026 15:15||NIFTY27JAN2626200CE,0.14663260176357612
20-01-2026 15:15||NIFTY27JAN2626300CE,0.15408898944869315
20-01-2026 15:20||NIFTY27JAN2623800PE,0.21851396873664047
20-01-2026 15:20||NIFTY27JAN2624200PE,0.17890909955132284
20-01-2026 15:20||NIFTY27JAN2624500PE,0.15134482057733503
20-01-2026 15:20||NIFTY27JAN2625500CE,0.11925647348370329
20-01-2026 15:20||NIFTY27JAN2625700CE,0.12382178321123725
20-01-2026 15:20||NIFTY27JAN2626300CE,0.15739358354496424
20-01-2026 15:20||NIFTY27JAN2626400CE,0.1642833792505524
20-01-2026 15:20||NIFTY27JAN2626500CE,0.17114849873890656
20-01-2026 15:25||NIFTY27JAN2623800PE,0.21990708563915104
20-01-2026 15:25||NIFTY27JAN2624200PE,0.17761813532502374
20-01-2026 15:25||NIFTY27JAN2624300PE,0.1678527052965369
20-01-2026 15:25||NIFTY27JAN2624700PE,0.13540136959352972
20-01-2026 15:25||NIFTY27JAN2625100PE,0.10900745253754225
20-01-2026 15:25||NIFTY27JAN2625200CE,0.14126659972264677
20-01-2026 15:25||NIFTY27JAN2625300CE,0.13444445980564407
20-01-2026 15:25||NIFTY27JAN2625800CE,0.13178503411257061
20-01-2026 15:25||NIFTY27JAN2625900CE,0.13572199704383936
20-01-2026 15:25||NIFTY27JAN2626100CE,0.1454564412621984
20-01-2026 15:25||NIFTY27JAN2626200CE,0.15141769338507727
21-01-2026 09:15||NIFTY27JAN2624900PE,0.11844462731018161
21-01-2026 09:15||NIFTY27JAN2625200CE,0.16135434024906925
21-01-2026 09:15||NIFTY27JAN2625400CE,0.14665975818974206
21-01-2026 09:15||NIFTY27JAN2625700CE,0.1399803758070452
21-01-2026 09:15||NIFTY27JAN2625900CE,0.14379536742771315
21-01-2026 09:15||NIFTY27JAN2626200CE,0.1594089708426259
21-01-2026 09:20||NIFTY27JAN2623800PE,0.22936085472807652
21-01-2026 09:20||NIFTY27JAN2623900PE,0.21908173529111297
21-01-2026 09:20||NIFTY27JAN2624100PE,0.19875388135677616
21-01-2026 09:20||NIFTY27JAN2624300PE,0.17876851061514898
21-01-2026 09:20||NIFTY27JAN2624400PE,0.16887370793160444
21-01-2026 09:20||NIFTY27JAN2624700PE,0.14137602597108384
21-01-2026 09:20||NIFTY27JAN2625000PE,0.11763848439289093
21-01-2026 09:20||NIFTY27JAN2625400CE,0.13330070395262583
21-01-2026 09:20||NIFTY27JAN2625700CE,0.1303085317009711
21-01-2026 09:25||NIFTY27JAN2624000PE,0.21860187295884265
21-01-2026 09:25||NIFTY27JAN2624300PE,0.18865318278439974
21-01-2026 09:25||NIFTY27JAN2624400PE,0.17884110238193573
21-01-2026 09:25||NIFTY27JAN2625100PE,0.12755835083088746
21-01-2026 09:25||NIFTY27JAN2625300CE,0.11008533974876761
21-01-2026 09:25||NIFTY27JAN2625600CE,0.11267208497998796
21-01-2026 09:25||NIFTY27JAN2625700CE,0.11681003309053191
21-01-2026 09:25||NIFTY27JAN2625800CE,0.12124601082205627
21-01-2026 09:25||NIFTY27JAN2625900CE,0.12589473887948027
21-01-2026 09:25||NIFTY27JAN2626200CE,0.14590313859406992
21-01-2026 09:25||NIFTY27JAN2626300CE,0.15402354006409125
21-01-2026 09:30||NIFTY27JAN2623800PE,0.23598136293369545
21-01-2026 09:30||NIFTY27JAN2623900PE,0.22541192896349732
21-01-2026 09:30||NIFTY27JAN2624000PE,0.21484113843001562
21-01-2026 09:30||NIFTY27JAN2624400PE,0.17324147200892415
21-01-2026 09:30||NIFTY27JAN2624900PE,0.12662379494328585
21-01-2026 09:30||NIFTY27JAN2625200CE,0.13578862326959776
21-01-2026 09:30||NIFTY27JAN2625300CE,0.12879590219515596
21-01-2026 09:30||NIFTY27JAN2625700CE,0.12333791927385372
21-01-2026 09:30||NIFTY27JAN2625900CE,0.13097714813582761
21-01-2026 09:30||NIFTY27JAN2626400CE,0.16624415402036677
21-01-2026 09:30||NIFTY27JAN2626500CE,0.17494903465969322
21-01-2026 09:35||NIFTY27JAN2623900PE,0.22828463097952104
21-01-2026 09:35||NIFTY27JAN2624200PE,0.19676476750377114
21-01-2026 09:35||NIFTY27JAN2624600PE,0.15747731987888097
21-01-2026 09:35||NIFTY27JAN2624700PE,0.14902478931273633
21-01-2026 09:35||NIFTY27JAN2624800PE,0.14081708573247126
21-01-2026 09:35||NIFTY27JAN2625100PE,0.11949641185776746
21-01-2026 09:35||NIFTY27JAN2625200CE,0.11094902950652036
21-01-2026 09:35||NIFTY27JAN2625300CE,0.10907023328188804
21-01-2026 09:35||NIFTY27JAN2625500CE,0.10981564531629023
21-01-2026 09:35||NIFTY27JAN2625600CE,0.1118761003477231
21-01-2026 09:35||NIFTY27JAN2626200CE,0.14717350579699529
21-01-2026 09:40||NIFTY27JAN2624400PE,0.16840267519446223
21-01-2026 09:40||NIFTY27JAN2625100PE,0.10815145460230849
21-01-2026 09:40||NIFTY27JAN2625200CE,0.12869219466815032
21-01-2026 09:40||NIFTY27JAN2625600CE,0.12114680802900162
21-01-2026 09:40||NIFTY27JAN2625900CE,0.13196556975410328
21-01-2026 09:40||NIFTY27JAN2626300CE,0.16009760209380214
21-01-2026 09:40||NIFTY27JAN2626400CE,0.1681101119179633
21-01-2026 09:45||NIFTY27JAN2623800PE,0.230309227332981
21-01-2026 09:45||NIFTY27JAN2624100PE,0.1985822991250098
21-01-2026 09:45||NIFTY27JAN2624200PE,0.18834258934992357
21-01-2026 09:45||NIFTY27JAN2624400PE,0.16805130158022685
21-01-2026 09:45||NIFTY27JAN2625100PE,0.10980225659162071
21-01-2026 09:45||NIFTY27JAN2625200CE,0.1273337581762956
21-01-2026 09:45||NIFTY27JAN2625600CE,0.12007175441109566
21-01-2026 09:45||NIFTY27JAN2626000CE,0.1374509926021748
21-01-2026 09:45||NIFTY27JAN2626300CE,0.15968644107705204
21-01-2026 09:45||NIFTY27JAN2626500CE,0.1763643802451396
21-01-2026 09:50||NIFTY27JAN2624700PE,0.138851179026944
21-01-2026 09:50||NIFTY27JAN2624900PE,0.12351656844828748
21-01-2026 09:50||NIFTY27JAN2625400CE,0.1188007474384645
21-01-2026 09:50||NIFTY27JAN2625500CE,0.11916806559205308
21-01-2026 09:50||NIFTY27JAN2625600CE,0.11985948575285338
21-01-2026 09:50||NIFTY27JAN2625800CE,0.12465730188081814
21-01-2026 09:50||NIFTY27JAN2625900CE,0.1307568024410152
21-01-2026 09:55||NIFTY27JAN2623800PE,0.2259933631352856
21-01-2026 09:55||NIFTY27JAN2624100PE,0.1952036623975663
21-01-2026 09:55||NIFTY27JAN2624200PE,0.18576657044078632
21-01-2026 09:55||NIFTY27JAN2624400PE,0.166952030491746
21-01-2026 09:55||NIFTY27JAN2624800PE,0.13399210604589723
21-01-2026 09:55||NIFTY27JAN2625400CE,0.11209618449247447
21-01-2026 09:55||NIFTY27JAN2626000CE,0.13649912130668762
21-01-2026 09:55||NIFTY27JAN2626100CE,0.14445998241605124
21-01-2026 09:55||NIFTY27JAN2626200CE,0.15258285445489705
21-01-2026 09:55||NIFTY27JAN2626500CE,0.17838650928626212
21-01-2026 10:00||NIFTY27JAN2624000PE,0.20173182322139632
21-01-2026 10:00||NIFTY27JAN2625000PE,0.11506862181990235
21-01-2026 10:00||NIFTY27JAN2625300CE,0.12270478438129978
21-01-2026 10:00||NIFTY27JAN2625400CE,0.1208166077279707
21-01-2026 10:00||NIFTY27JAN2626100CE,0.1477034475188532
21-01-2026 10:00||NIFTY27JAN2626200CE,0.15556963090507142
21-01-2026 10:00||NIFTY27JAN2626500CE,0.18139925711288202
21-01-2026 10:05||NIFTY27JAN2623900PE,0.21258743994024948
21-01-2026 10:05||NIFTY27JAN2625200CE,0.11757973176628703
21-01-2026 10:05||NIFTY27JAN2625500CE,0.11688513288254825
21-01-2026 10:05||NIFTY27JAN2625600CE,0.11988966076627905
21-01-2026 10:05||NIFTY27JAN2625700CE,0.1234054615932833
21-01-2026 10:05||NIFTY27JAN2625800CE,0.1269889096524782
21-01-2026 10:05||NIFTY27JAN2626100CE,0.145524901562988
21-01-2026 10:05||NIFTY27JAN2626500CE,0.17812715816073726
21-01-2026 10:10||NIFTY27JAN2623900PE,0.20786704218367835
21-01-2026 10:10||NIFTY27JAN2624000PE,0.19782327156079507
21-01-2026 10:10||NIFTY27JAN2624400PE,0.15931638706605467
21-01-2026 10:10||NIFTY27JAN2625400CE,0.12212902804468784
21-01-2026 10:10||NIFTY27JAN2625700CE,0.12660559184238301
21-01-2026 10:10||NIFTY27JAN2625800CE,0.13121540268112697
21-01-2026 10:10||NIFTY27JAN2626100CE,0.14990880178865207
21-01-2026 10:10||NIFTY27JAN2626500CE,0.1791501174647731
21-01-2026 10:15||NIFTY27JAN2623900PE,0.2101548388310141
21-01-2026 10:15||NIFTY27JAN2624000PE,0.20005047571583173
21-01-2026 10:15||NIFTY27JAN2624200PE,0.1800401669563509
21-01-2026 10:15||NIFTY27JAN2624500PE,0.15188656890154223
21-01-2026 10:15||NIFTY27JAN2624600PE,0.14322584316158313
21-01-2026 10:15||NIFTY27JAN2624900PE,0.12057046861840673
21-01-2026 10:15||NIFTY27JAN2625500CE,0.1202722801168367
21-01-2026 10:15||NIFTY27JAN2625600CE,0.12262855645302156
21-01-2026 10:15||NIFTY27JAN2625700CE,0.12543890613695435
21-01-2026 10:15||NIFTY27JAN2626100CE,0.14879536612191613
21-01-2026 10:15||NIFTY27JAN2626300CE,0.1642357148645085
21-01-2026 10:20||NIFTY27JAN2625700CE,0.12038865319855462
21-01-2026 10:20||NIFTY27JAN2626300CE,0.16444256050540584
21-01-2026 10:25||NIFTY27JAN2624300PE,0.17021488535758283
21-01-2026 10:25||NIFTY27JAN2625000PE,0.11764703259034287
21-01-2026 10:25||NIFTY27JAN2625100PE,0.11272841712418571
21-01-2026 10:25||NIFTY27JAN2625200CE,0.12029705962765491
21-01-2026 10:25||NIFTY27JAN2625700CE,0.12806796075972343
21-01-2026 10:25||NIFTY27JAN2625900CE,0.13929797951793776
21-01-2026 10:25||NIFTY27JAN2626200CE,0.16204445484522323
21-01-2026 10:25||NIFTY27JAN2626300CE,0.17017385930727166
21-01-2026 10:30||NIFTY27JAN2624200PE,0.17749464499415998
21-01-2026 10:30||NIFTY27JAN2624600PE,0.14243848184668434
21-01-2026 10:30||NIFTY27JAN2624700PE,0.1350673597688504
21-01-2026 10:30||NIFTY27JAN2624800PE,0.12786903473280603
21-01-2026 10:30||NIFTY27JAN2625200CE,0.12245680182345127
21-01-2026 10:30||NIFTY27JAN2625900CE,0.1405994208748656
21-01-2026 10:30||NIFTY27JAN2626300CE,0.17228269137032698
21-01-2026 10:30||NIFTY27JAN2626400CE,0.18180224786403357
21-01-2026 10:30||NIFTY27JAN2626500CE,0.19173066404304434
21-01-2026 10:35||NIFTY27JAN2624400PE,0.15911645317004847
21-01-2026 10:35||NIFTY27JAN2625100PE,0.1147270740487596
21-01-2026 10:35||NIFTY27JAN2625500CE,0.12046257998476675
21-01-2026 10:35||NIFTY27JAN2625600CE,0.12409925940621405
21-01-2026 10:35||NIFTY27JAN2625800CE,0.13389621478283775
21-01-2026 10:35||NIFTY27JAN2625900CE,0.14038038559417476
21-01-2026 10:35||NIFTY27JAN2626500CE,0.18675954579885112
21-01-2026 10:40||NIFTY27JAN2623900PE,0.21020005448020807
21-01-2026 10:40||NIFTY27JAN2624200PE,0.18381149539865851
21-01-2026 10:40||NIFTY27JAN2624800PE,0.14302736090582174
21-01-2026 10:40||NIFTY27JAN2625200CE,0.11040445771175778
21-01-2026 10:40||NIFTY27JAN2625400CE,0.11577538244299754
21-01-2026 10:40||NIFTY27JAN2626300CE,0.1749702404519209
21-01-2026 10:45||NIFTY27JAN2623800PE,0.21281393245122837
21-01-2026 10:45||NIFTY27JAN2624200PE,0.17565706138281734
21-01-2026 10:45||NIFTY27JAN2624700PE,0.1365780448189705
21-01-2026 10:45||NIFTY27JAN2624800PE,0.13048455717078172
21-01-2026 10:45||NIFTY27JAN2625700CE,0.14246218481388034
21-01-2026 10:45||NIFTY27JAN2626000CE,0.16167978994578575
21-01-2026 10:45||NIFTY27JAN2626400CE,0.1923040548630834
21-01-2026 10:45||NIFTY27JAN2626500CE,0.19945229881765386
21-01-2026 10:50||NIFTY27JAN2623800PE,0.2225271173514822
21-01-2026 10:50||NIFTY27JAN2624100PE,0.19505844970295783
21-01-2026 10:50||NIFTY27JAN2624300PE,0.17863613244041665
21-01-2026 10:50||NIFTY27JAN2624400PE,0.17099077092203635
21-01-2026 10:50||NIFTY27JAN2624500PE,0.16357007368508858
21-01-2026 10:50||NIFTY27JAN2625300CE,0.12301772202946892
21-01-2026 10:50||NIFTY27JAN2625400CE,0.12644408636654444
21-01-2026 10:50||NIFTY27JAN2625700CE,0.1411286557438321
21-01-2026 10:50||NIFTY27JAN2625900CE,0.1547879163203282
21-01-2026 10:50||NIFTY27JAN2626000CE,0.16214241882824557
21-01-2026 10:50||NIFTY27JAN2626300CE,0.1860954118465427
21-01-2026 10:50||NIFTY27JAN2626400CE,0.1940093962158491
21-01-2026 10:55||NIFTY27JAN2623900PE,0.21070757111888044
21-01-2026 10:55||NIFTY27JAN2624300PE,0.17231702533741472
21-01-2026 10:55||NIFTY27JAN2624700PE,0.13844972490303542
21-01-2026 10:55||NIFTY27JAN2624800PE,0.130848705466621
21-01-2026 10:55||NIFTY27JAN2625000PE,0.11670249371509081
21-01-2026 10:55||NIFTY27JAN2625100PE,0.11027524497021061
21-01-2026 10:55||NIFTY27JAN2625300CE,0.1423667312119364
21-01-2026 10:55||NIFTY27JAN2625900CE,0.16344906157753317
21-01-2026 10:55||NIFTY27JAN2626000CE,0.17040694037870224
21-01-2026 10:55||NIFTY27JAN2626100CE,0.177347072814651
21-01-2026 10:55||NIFTY27JAN2626200CE,0.18454128429676575
21-01-2026 10:55||NIFTY27JAN2626400CE,0.200643829130561
21-01-2026 10:55||NIFTY27JAN2626500CE,0.20970796041756473
21-01-2026 11:00||NIFTY27JAN2623900PE,0.21426124101554708
21-01-2026 11:00||NIFTY27JAN2624000PE,0.20408679730719065
21-01-2026 11:00||NIFTY27JAN2624300PE,0.1753934498297009
21-01-2026 11:00||NIFTY27JAN2624600PE,0.1511271833990906
21-01-2026 11:00||NIFTY27JAN2624800PE,0.13780622923388883
21-01-2026 11:00||NIFTY27JAN2625000PE,0.12668796566837495
21-01-2026 11:00||NIFTY27JAN2625100PE,0.12202210517612391
21-01-2026 11:00||NIFTY27JAN2625300CE,0.13506375211882704
21-01-2026 11:00||NIFTY27JAN2626500CE,0.20273297552264247
21-01-2026 11:05||NIFTY27JAN2624000PE,0.1987773215497745
21-01-2026 11:05||NIFTY27JAN2624100PE,0.18842616203574405
21-01-2026 11:05||NIFTY27JAN2624400PE,0.16014882582738027
21-01-2026 11:05||NIFTY27JAN2624600PE,0.14402432899685896
21-01-2026 11:05||NIFTY27JAN2625000PE,0.1171752675043344
21-01-2026 11:05||NIFTY27JAN2625100PE,0.11146155815693615
21-01-2026 11:05||NIFTY27JAN2625200CE,0.1373060024812249
21-01-2026 11:05||NIFTY27JAN2625600CE,0.14648587390716317
21-01-2026 11:10||NIFTY27JAN2624000PE,0.20063411618451887
21-01-2026 11:10||NIFTY27JAN2624200PE,0.1809430489484004
21-01-2026 11:10||NIFTY27JAN2624300PE,0.1711400197509379
21-01-2026 11:10||NIFTY27JAN2624800PE,0.12569904602563486
21-01-2026 11:10||NIFTY27JAN2625200CE,0.1416794754743505
21-01-2026 11:10||NIFTY27JAN2625300CE,0.14033933226457093
21-01-2026 11:10||NIFTY27JAN2625500CE,0.14160170910964054
21-01-2026 11:10||NIFTY27JAN2625900CE,0.15782070337271592
21-01-2026 11:10||NIFTY27JAN2626100CE,0.17084080124975332
21-01-2026 11:15||NIFTY27JAN2624300PE,0.1716726840413116
21-01-2026 11:15||NIFTY27JAN2625100PE,0.10601159986469345
21-01-2026 11:15||NIFTY27JAN2625400CE,0.14021680324936905
21-01-2026 11:15||NIFTY27JAN2625800CE,0.14971995435460203
21-01-2026 11:15||NIFTY27JAN2625900CE,0.15482655150692617
21-01-2026 11:20||NIFTY27JAN2623900PE,0.2154449379649644
21-01-2026 11:20||NIFTY27JAN2625000PE,0.12300677707833407
21-01-2026 11:20||NIFTY27JAN2625800CE,0.14401693777918903
21-01-2026 11:20||NIFTY27JAN2626000CE,0.15670470154173025
21-01-2026 11:20||NIFTY27JAN2626100CE,0.16365363206264189
21-01-2026 11:20||NIFTY27JAN2626400CE,0.18468506178440636
21-01-2026 11:20||NIFTY27JAN2626500CE,0.19164178686933697
21-01-2026 11:25||NIFTY27JAN2624600PE,0.15477108872969253
21-01-2026 11:25||NIFTY27JAN2624800PE,0.1402231952480601
21-01-2026 11:25||NIFTY27JAN2626300CE,0.17945649038815026
21-01-2026 11:30||NIFTY27JAN2623900PE,0.21636248240369957
21-01-2026 11:30||NIFTY27JAN2624000PE,0.20669253157213804
21-01-2026 11:30||NIFTY27JAN2624100PE,0.19707132500831936
21-01-2026 11:30||NIFTY27JAN2624400PE,0.16926193683050592
21-01-2026 11:30||NIFTY27JAN2625000PE,0.1241957594251345
21-01-2026 11:30||NIFTY27JAN2625100PE,0.1194925840330271
21-01-2026 11:30||NIFTY27JAN2625400CE,0.13180475304647307
21-01-2026 11:30||NIFTY27JAN2625800CE,0.14548748122526228
21-01-2026 11:30||NIFTY27JAN2626000CE,0.1581369714005686
21-01-2026 11:30||NIFTY27JAN2626500CE,0.19481534648595408
21-01-2026 11:35||NIFTY27JAN2623900PE,0.21735753115986117
21-01-2026 11:35||NIFTY27JAN2624600PE,0.15359514025196866
21-01-2026 11:35||NIFTY27JAN2625200CE,0.1301501374722813
21-01-2026 11:35||NIFTY27JAN2625600CE,0.1352630371986007
21-01-2026 11:35||NIFTY27JAN2626100CE,0.16432558946911227
21-01-2026 11:35||NIFTY27JAN2626300CE,0.17913834020083766
21-01-2026 11:40||NIFTY27JAN2623900PE,0.21631209784596706
21-01-2026 11:40||NIFTY27JAN2624500PE,0.15946752104728357
21-01-2026 11:40||NIFTY27JAN2624800PE,0.13663368571395113
21-01-2026 11:40||NIFTY27JAN2625100PE,0.11798183160507769
21-01-2026 11:40||NIFTY27JAN2625200CE,0.1334474026362414
21-01-2026 11:40||NIFTY27JAN2625700CE,0.14060378940991514
21-01-2026 11:45||NIFTY27JAN2624600PE,0.15122627883924905
21-01-2026 11:45||NIFTY27JAN2624900PE,0.12887992599449238
21-01-2026 11:45||NIFTY27JAN2625100PE,0.11634965073525964
21-01-2026 11:45||NIFTY27JAN2625200CE,0.1337886597701492
21-01-2026 11:45||NIFTY27JAN2625400CE,0.13232310873553038
21-01-2026 11:45||NIFTY27JAN2626000CE,0.1570056590273019
21-01-2026 11:45||NIFTY27JAN2626300CE,0.17899236783187356
21-01-2026 11:50||NIFTY27JAN2623900PE,0.21688749022068188
21-01-2026 11:50||NIFTY27JAN2624000PE,0.20689212757625405
21-01-2026 11:50||NIFTY27JAN2624100PE,0.19697791427991068
21-01-2026 11:50||NIFTY27JAN2624300PE,0.1775890206234606
21-01-2026 11:50||NIFTY27JAN2624700PE,0.14340699898664983
21-01-2026 11:50||NIFTY27JAN2626000CE,0.15603130385687947
21-01-2026 11:55||NIFTY27JAN2624000PE,0.2073098576683049
21-01-2026 11:55||NIFTY27JAN2624200PE,0.18769073673751183
21-01-2026 11:55||NIFTY27JAN2624600PE,0.1518616117956238
21-01-2026 11:55||NIFTY27JAN2624700PE,0.14409446046347146
21-01-2026 11:55||NIFTY27JAN2624900PE,0.13021861887548336
21-01-2026 11:55||NIFTY27JAN2625000PE,0.12405108108642843
21-01-2026 11:55||NIFTY27JAN2625600CE,0.13413552644281546
21-01-2026 11:55||NIFTY27JAN2626400CE,0.18404447316478917
21-01-2026 12:00||NIFTY27JAN2623900PE,0.2149084779955677
21-01-2026 12:00||NIFTY27JAN2624100PE,0.1945822732359309
21-01-2026 12:00||NIFTY27JAN2624200PE,0.18437317518565494
21-01-2026 12:00||NIFTY27JAN2624500PE,0.1549669319637058
21-01-2026 12:00||NIFTY27JAN2624700PE,0.13731400193029303
21-01-2026 12:00||NIFTY27JAN2624800PE,0.128932899758768
21-01-2026 12:00||NIFTY27JAN2625200CE,0.14042677051267966
21-01-2026 12:00||NIFTY27JAN2625500CE,0.13642611169578595
21-01-2026 12:00||NIFTY27JAN2625600CE,0.13774589054357914
21-01-2026 12:00||NIFTY27JAN2625900CE,0.14819947831864222
21-01-2026 12:05||NIFTY27JAN2623800PE,0.22827749803369973
21-01-2026 12:05||NIFTY27JAN2624100PE,0.19902787393693727
21-01-2026 12:05||NIFTY27JAN2625500CE,0.12668282413380666
21-01-2026 12:05||NIFTY27JAN2625600CE,0.12889161760549261
21-01-2026 12:05||NIFTY27JAN2626100CE,0.15420138981056375
21-01-2026 12:05||NIFTY27JAN2626200CE,0.1613438731396728
21-01-2026 12:05||NIFTY27JAN2626300CE,0.16858300617629823
21-01-2026 12:10||NIFTY27JAN2624100PE,0.1939439873604764
21-01-2026 12:10||NIFTY27JAN2624200PE,0.18402238769393503
21-01-2026 12:10||NIFTY27JAN2625000PE,0.11515457890834296
21-01-2026 12:10||NIFTY27JAN2625200CE,0.13743931034660387
21-01-2026 12:10||NIFTY27JAN2625900CE,0.14400278845327022
21-01-2026 12:10||NIFTY27JAN2626500CE,0.18416688511494522
21-01-2026 12:15||NIFTY27JAN2623800PE,0.2256312455954738
21-01-2026 12:15||NIFTY27JAN2624100PE,0.19602867396458112
21-01-2026 12:15||NIFTY27JAN2624200PE,0.1858795666011674
21-01-2026 12:15||NIFTY27JAN2624300PE,0.1757465426039682
21-01-2026 12:15||NIFTY27JAN2625400CE,0.13427605831030198
21-01-2026 12:15||NIFTY27JAN2625700CE,0.13558535184003684
21-01-2026 12:20||NIFTY27JAN2624200PE,0.19080164742333444
21-01-2026 12:20||NIFTY27JAN2624900PE,0.1286422401032008
21-01-2026 12:20||NIFTY27JAN2625000PE,0.12099514730682046
21-01-2026 12:20||NIFTY27JAN2625400CE,0.12967856824594434
21-01-2026 12:20||NIFTY27JAN2625600CE,0.1298526036276131
21-01-2026 12:20||NIFTY27JAN2625700CE,0.13184111325229964
21-01-2026 12:20||NIFTY27JAN2626300CE,0.16315415735210262
21-01-2026 12:25||NIFTY27JAN2624000PE,0.21922360810489272
21-01-2026 12:25||NIFTY27JAN2624400PE,0.1822539136266091
21-01-2026 12:25||NIFTY27JAN2624500PE,0.17394634868497322
21-01-2026 12:25||NIFTY27JAN2624600PE,0.16568393911038654
21-01-2026 12:25||NIFTY27JAN2624700PE,0.15746947590870752
21-01-2026 12:25||NIFTY27JAN2625000PE,0.1371391362495475
21-01-2026 12:25||NIFTY27JAN2625700CE,0.12331235191777554
21-01-2026 12:25||NIFTY27JAN2626500CE,0.17609377118151545
21-01-2026 12:30||NIFTY27JAN2624100PE,0.20458346508080227
21-01-2026 12:30||NIFTY27JAN2624200PE,0.1946935801959652
21-01-2026 12:30||NIFTY27JAN2625300CE,0.13813068499874537
21-01-2026 12:30||NIFTY27JAN2625800CE,0.1362443992813466
21-01-2026 12:35||NIFTY27JAN2624000PE,0.2144227012479938
21-01-2026 12:35||NIFTY27JAN2624100PE,0.20476051283276886
21-01-2026 12:35||NIFTY27JAN2624200PE,0.19510409871359313
21-01-2026 12:35||NIFTY27JAN2624700PE,0.1480607123093122
21-01-2026 12:35||NIFTY27JAN2625600CE,0.13358476042681178
21-01-2026 12:35||NIFTY27JAN2626200CE,0.1547746584849264
21-01-2026 12:35||NIFTY27JAN2626400CE,0.16742730205761663
21-01-2026 12:40||NIFTY27JAN2624500PE,0.1750412962555498
21-01-2026 12:40||NIFTY27JAN2624700PE,0.15816571838461618
21-01-2026 12:40||NIFTY27JAN2624800PE,0.14992661251899106
21-01-2026 12:40||NIFTY27JAN2625200CE,0.1356333777364515
21-01-2026 12:40||NIFTY27JAN2625400CE,0.12805135243407506
21-01-2026 12:40||NIFTY27JAN2625700CE,0.12712176535834263
21-01-2026 12:40||NIFTY27JAN2625900CE,0.13335833925147256
21-01-2026 12:40||NIFTY27JAN2626000CE,0.13785790551086363
21-01-2026 12:40||NIFTY27JAN2626200CE,0.14865053578566395
21-01-2026 12:45||NIFTY27JAN2623800PE,0.24399116802581025
21-01-2026 12:45||NIFTY27JAN2624400PE,0.18711228248138023
21-01-2026 12:45||NIFTY27JAN2625200CE,0.14739411500623814
21-01-2026 12:45||NIFTY27JAN2625300CE,0.14037926021268377
21-01-2026 12:45||NIFTY27JAN2625800CE,0.13165325605866543
21-01-2026 12:45||NIFTY27JAN2626200CE,0.14796538375900448
21-01-2026 12:50||NIFTY27JAN2623800PE,0.24758855768688737
21-01-2026 12:50||NIFTY27JAN2624100PE,0.21938349641805283
21-01-2026 12:50||NIFTY27JAN2625200CE,0.15043494497311635
21-01-2026 12:50||NIFTY27JAN2625500CE,0.134680678406631
21-01-2026 12:50||NIFTY27JAN2625600CE,0.13250285415431123
21-01-2026 12:50||NIFTY27JAN2626400CE,0.15973303068886355
21-01-2026 12:55||NIFTY27JAN2624500PE,0.1849058866033593
21-01-2026 12:55||NIFTY27JAN2624600PE,0.1758645446152404
21-01-2026 12:55||NIFTY27JAN2624800PE,0.15807257384702356
21-01-2026 12:55||NIFTY27JAN2625300CE,0.13376633222688322
21-01-2026 12:55||NIFTY27JAN2625400CE,0.12917400655469594
21-01-2026 12:55||NIFTY27JAN2625600CE,0.12722574278138762
21-01-2026 12:55||NIFTY27JAN2625700CE,0.12869970322684582
21-01-2026 12:55||NIFTY27JAN2625800CE,0.13034103774039157
21-01-2026 12:55||NIFTY27JAN2625900CE,0.13197307876870254
21-01-2026 12:55||NIFTY27JAN2626200CE,0.14492121488310172
21-01-2026 12:55||NIFTY27JAN2626500CE,0.1646030874291884
21-01-2026 13:00||NIFTY27JAN2624000PE,0.2317209261496545
21-01-2026 13:00||NIFTY27JAN2624100PE,0.22224408075701874
21-01-2026 13:00||NIFTY27JAN2624600PE,0.17552031367916468
21-01-2026 13:00||NIFTY27JAN2624700PE,0.16662822773666064
21-01-2026 13:00||NIFTY27JAN2624900PE,0.14933459820543893
21-01-2026 13:00||NIFTY27JAN2626100CE,0.14005325451709416
21-01-2026 13:00||NIFTY27JAN2626400CE,0.15908401543867234
21-01-2026 13:05||NIFTY27JAN2623800PE,0.2549960150051058
21-01-2026 13:05||NIFTY27JAN2623900PE,0.244859975165197
21-01-2026 13:05||NIFTY27JAN2624000PE,0.23469417352357186
21-01-2026 13:05||NIFTY27JAN2624100PE,0.2246199710947738
21-01-2026 13:05||NIFTY27JAN2624500PE,0.18686098675236135
21-01-2026 13:05||NIFTY27JAN2624800PE,0.16144334905709537
21-01-2026 13:05||NIFTY27JAN2625600CE,0.11757484303704228
21-01-2026 13:05||NIFTY27JAN2626300CE,0.14981043996888183
21-01-2026 13:05||NIFTY27JAN2626400CE,0.15691208819972835
21-01-2026 13:10||NIFTY27JAN2624000PE,0.2240546989460695
21-01-2026 13:10||NIFTY27JAN2624200PE,0.20559577986942063
21-01-2026 13:10||NIFTY27JAN2625800CE,0.13131622048175778
21-01-2026 13:10||NIFTY27JAN2626200CE,0.1494513224339616
21-01-2026 13:15||NIFTY27JAN2624000PE,0.22594443804407066
21-01-2026 13:15||NIFTY27JAN2624400PE,0.18920142938657336
21-01-2026 13:15||NIFTY27JAN2624600PE,0.17153722174757347
21-01-2026 13:15||NIFTY27JAN2625400CE,0.126330446920115
21-01-2026 13:15||NIFTY27JAN2625800CE,0.12818481316019711
21-01-2026 13:15||NIFTY27JAN2625900CE,0.13213002396790324
21-01-2026 13:20||NIFTY27JAN2623800PE,0.24589055193039117
21-01-2026 13:20||NIFTY27JAN2623900PE,0.23708781682010932
21-01-2026 13:20||NIFTY27JAN2624600PE,0.1730897257923549
21-01-2026 13:20||NIFTY27JAN2624700PE,0.1647609142543351
21-01-2026 13:20||NIFTY27JAN2624800PE,0.15660044611482737
21-01-2026 13:20||NIFTY27JAN2625400CE,0.12304028537583667
21-01-2026 13:20||NIFTY27JAN2625800CE,0.12651571902220068
21-01-2026 13:20||NIFTY27JAN2626200CE,0.14787141785213545
21-01-2026 13:25||NIFTY27JAN2624200PE,0.20480972562228855
21-01-2026 13:25||NIFTY27JAN2624300PE,0.1951485733552851
21-01-2026 13:25||NIFTY27JAN2624900PE,0.1442088630852514
21-01-2026 13:25||NIFTY27JAN2625000PE,0.13715544904212829
21-01-2026 13:25||NIFTY27JAN2625200CE,0.13439953853345044
21-01-2026 13:25||NIFTY27JAN2625700CE,0.12750664101706652
21-01-2026 13:25||NIFTY27JAN2626000CE,0.1389306437387145
21-01-2026 13:25||NIFTY27JAN2626300CE,0.15749146530826913
21-01-2026 13:30||NIFTY27JAN2624000PE,0.22860689250450325
21-01-2026 13:30||NIFTY27JAN2624100PE,0.21906099444644406
21-01-2026 13:30||NIFTY27JAN2624400PE,0.1914308669806129
21-01-2026 13:30||NIFTY27JAN2625200CE,0.11547150725103902
21-01-2026 13:30||NIFTY27JAN2625300CE,0.11413709410452443
21-01-2026 13:30||NIFTY27JAN2625800CE,0.12385304711264648
21-01-2026 13:30||NIFTY27JAN2626200CE,0.1478254218856512
21-01-2026 13:30||NIFTY27JAN2626300CE,0.15524760451078692
21-01-2026 13:30||NIFTY27JAN2626400CE,0.16280903253144635
21-01-2026 13:35||NIFTY27JAN2623800PE,0.23745201047713954
21-01-2026 13:35||NIFTY27JAN2624000PE,0.21820706483046476
21-01-2026 13:35||NIFTY27JAN2624400PE,0.18082610656232684
21-01-2026 13:35||NIFTY27JAN2624700PE,0.15390677594586943
21-01-2026 13:35||NIFTY27JAN2624800PE,0.1451690887735281
21-01-2026 13:35||NIFTY27JAN2625800CE,0.13587168329686194
21-01-2026 13:35||NIFTY27JAN2625900CE,0.13926988561641634
21-01-2026 13:35||NIFTY27JAN2626300CE,0.1605639914584729
21-01-2026 13:40||NIFTY27JAN2624000PE,0.22235485674334426
21-01-2026 13:40||NIFTY27JAN2624600PE,0.16769007345554987
21-01-2026 13:40||NIFTY27JAN2624800PE,0.1516714367418219
21-01-2026 13:40||NIFTY27JAN2625300CE,0.12911456992940298
21-01-2026 13:40||NIFTY27JAN2625800CE,0.1307992149308667
21-01-2026 13:40||NIFTY27JAN2626000CE,0.13968965628759178
21-01-2026 13:40||NIFTY27JAN2626200CE,0.1515882948305942
21-01-2026 13:40||NIFTY27JAN2626500CE,0.17249877404273015
21-01-2026 13:45||NIFTY27JAN2624800PE,0.15098327875998707
21-01-2026 13:45||NIFTY27JAN2625100PE,0.12995920977041456
21-01-2026 13:45||NIFTY27JAN2625400CE,0.12648669564595982
21-01-2026 13:45||NIFTY27JAN2625900CE,0.13445298172002917
21-01-2026 13:50||NIFTY27JAN2625100PE,0.1350266490224818
21-01-2026 13:50||NIFTY27JAN2625200CE,0.12497001779241851
21-01-2026 13:50||NIFTY27JAN2626000CE,0.13996702826358676
21-01-2026 13:50||NIFTY27JAN2626100CE,0.14641940714653162
21-01-2026 13:50||NIFTY27JAN2626200CE,0.15303511948497595
21-01-2026 13:55||NIFTY27JAN2624000PE,0.22126106416550745
21-01-2026 13:55||NIFTY27JAN2624300PE,0.19307116506596686
21-01-2026 13:55||NIFTY27JAN2624400PE,0.18404198158733343
21-01-2026 13:55||NIFTY27JAN2625500CE,0.1236693455297391
21-01-2026 13:55||NIFTY27JAN2625600CE,0.1256839133139749
21-01-2026 13:55||NIFTY27JAN2625700CE,0.1280385119274185
21-01-2026 14:00||NIFTY27JAN2623800PE,0.23315611044301848
21-01-2026 14:00||NIFTY27JAN2624200PE,0.19610666702461305
21-01-2026 14:00||NIFTY27JAN2624600PE,0.16083829060113092
21-01-2026 14:00||NIFTY27JAN2625000PE,0.13293969514354065
21-01-2026 14:00||NIFTY27JAN2625200CE,0.132091635729475
21-01-2026 14:00||NIFTY27JAN2625400CE,0.12789768942184926
21-01-2026 14:00||NIFTY27JAN2625600CE,0.12927664103404468
21-01-2026 14:00||NIFTY27JAN2626300CE,0.16497965658683386
21-01-2026 14:05||NIFTY27JAN2623800PE,0.23336625538882402
21-01-2026 14:05||NIFTY27JAN2624500PE,0.1701854005935163
21-01-2026 14:05||NIFTY27JAN2625000PE,0.1360899908587288
21-01-2026 14:05||NIFTY27JAN2625400CE,0.12084872756633301
21-01-2026 14:05||NIFTY27JAN2625900CE,0.1337865780476275
21-01-2026 14:05||NIFTY27JAN2626100CE,0.14608842552438167
21-01-2026 14:05||NIFTY27JAN2626300CE,0.16070933458433562
21-01-2026 14:05||NIFTY27JAN2626500CE,0.1778362245299742
21-01-2026 14:10||NIFTY27JAN2623900PE,0.2213717562037097
21-01-2026 14:10||NIFTY27JAN2624000PE,0.21186258874053207
21-01-2026 14:10||NIFTY27JAN2624100PE,0.20240146898416297
21-01-2026 14:10||NIFTY27JAN2624400PE,0.17521578055881443
21-01-2026 14:10||NIFTY27JAN2624500PE,0.16667877746716087
21-01-2026 14:10||NIFTY27JAN2624800PE,0.14453940909738217
21-01-2026 14:10||NIFTY27JAN2624900PE,0.13858707991786104
21-01-2026 14:10||NIFTY27JAN2625000PE,0.13295431870011779
21-01-2026 14:10||NIFTY27JAN2625200CE,0.12296325750221562
21-01-2026 14:10||NIFTY27JAN2625700CE,0.126400187471996
21-01-2026 14:10||NIFTY27JAN2625900CE,0.13581834028479384
21-01-2026 14:10||NIFTY27JAN2626000CE,0.14159632084657592
21-01-2026 14:10||NIFTY27JAN2626400CE,0.17167742368002806
21-01-2026 14:10||NIFTY27JAN2626500CE,0.18069275008892577
21-01-2026 14:15||NIFTY27JAN2624100PE,0.19661759130950257
21-01-2026 14:15||NIFTY27JAN2624300PE,0.1773987793138162
21-01-2026 14:15||NIFTY27JAN2624700PE,0.1424271528139616
21-01-2026 14:15||NIFTY27JAN2625400CE,0.13261489932690004
21-01-2026 14:15||NIFTY27JAN2625800CE,0.13473876371083404
21-01-2026 14:15||NIFTY27JAN2626100CE,0.14938518461914052
21-01-2026 14:15||NIFTY27JAN2626200CE,0.15580010770918806
21-01-2026 14:15||NIFTY27JAN2626500CE,0.1775410228444581
21-01-2026 14:20||NIFTY27JAN2624000PE,0.2152520403130423
21-01-2026 14:20||NIFTY27JAN2624300PE,0.1878768218233533
21-01-2026 14:20||NIFTY27JAN2624400PE,0.17924459663514128
21-01-2026 14:20||NIFTY27JAN2624700PE,0.1561684685765757
21-01-2026 14:20||NIFTY27JAN2625200CE,0.11214213406800909
21-01-2026 14:20||NIFTY27JAN2625400CE,0.11229656411650013
21-01-2026 14:20||NIFTY27JAN2625600CE,0.11668002840814162
21-01-2026 14:20||NIFTY27JAN2625700CE,0.12041882275332141
21-01-2026 14:20||NIFTY27JAN2626100CE,0.14259862120398123
21-01-2026 14:20||NIFTY27JAN2626500CE,0.17359588323499114
21-01-2026 14:25||NIFTY27JAN2623900PE,0.22089347850464075
21-01-2026 14:25||NIFTY27JAN2624600PE,0.1613796373094507
21-01-2026 14:25||NIFTY27JAN2624800PE,0.1487593229301467
21-01-2026 14:25||NIFTY27JAN2624900PE,0.1433303807873036
21-01-2026 14:25||NIFTY27JAN2625100PE,0.13453289358849976
21-01-2026 14:25||NIFTY27JAN2625300CE,0.1124976025734645
21-01-2026 14:25||NIFTY27JAN2625500CE,0.11545592141655561
21-01-2026 14:25||NIFTY27JAN2626500CE,0.17845339405897603
21-01-2026 14:30||NIFTY27JAN2624100PE,0.19667520263136906
21-01-2026 14:30||NIFTY27JAN2624500PE,0.15924875093380617
21-01-2026 14:30||NIFTY27JAN2624600PE,0.15058104783848597
21-01-2026 14:30||NIFTY27JAN2624800PE,0.13434590579780353
21-01-2026 14:30||NIFTY27JAN2625000PE,0.11976986525933207
21-01-2026 14:30||NIFTY27JAN2625200CE,0.1357963399360804
21-01-2026 14:30||NIFTY27JAN2625300CE,0.1321629242613542
21-01-2026 14:30||NIFTY27JAN2626200CE,0.15691560744828975
21-01-2026 14:30||NIFTY27JAN2626300CE,0.1639384517850172
21-01-2026 14:35||NIFTY27JAN2624000PE,0.20757373471277424
21-01-2026 14:35||NIFTY27JAN2624200PE,0.18820909194534632
21-01-2026 14:35||NIFTY27JAN2624700PE,0.1455846800120607
21-01-2026 14:35||NIFTY27JAN2624800PE,0.13840107057794787
21-01-2026 14:35||NIFTY27JAN2625100PE,0.11982807969087007
21-01-2026 14:35||NIFTY27JAN2625200CE,0.1267864408834398
21-01-2026 14:35||NIFTY27JAN2625300CE,0.1247492112871936
21-01-2026 14:35||NIFTY27JAN2625800CE,0.1323718641310132
21-01-2026 14:35||NIFTY27JAN2626100CE,0.14857033394894661
21-01-2026 14:40||NIFTY27JAN2624000PE,0.20849088893981782
21-01-2026 14:40||NIFTY27JAN2624200PE,0.19015437033175547
21-01-2026 14:40||NIFTY27JAN2624300PE,0.1810540027920179
21-01-2026 14:40||NIFTY27JAN2624500PE,0.16475596096215417
21-01-2026 14:40||NIFTY27JAN2624600PE,0.1573127585256378
21-01-2026 14:40||NIFTY27JAN2624700PE,0.1501535450974116
21-01-2026 14:40||NIFTY27JAN2625100PE,0.12729200725025783
21-01-2026 14:40||NIFTY27JAN2625200CE,0.1205713756097794
21-01-2026 14:40||NIFTY27JAN2625400CE,0.1189739507799609
21-01-2026 14:40||NIFTY27JAN2625800CE,0.12882558331107957
21-01-2026 14:40||NIFTY27JAN2626100CE,0.1462116502488814
21-01-2026 14:40||NIFTY27JAN2626200CE,0.15318840201730707
21-01-2026 14:45||NIFTY27JAN2624500PE,0.16207942183549462
21-01-2026 14:45||NIFTY27JAN2625300CE,0.12474086253798719
21-01-2026 14:45||NIFTY27JAN2625400CE,0.1243011132468175
21-01-2026 14:45||NIFTY27JAN2625500CE,0.12404198837421133
21-01-2026 14:45||NIFTY27JAN2625900CE,0.1357308749501484
21-01-2026 14:45||NIFTY27JAN2626000CE,0.1415855478590251
21-01-2026 14:45||NIFTY27JAN2626100CE,0.1477221806185281
21-01-2026 14:45||NIFTY27JAN2626300CE,0.16114736039131716
21-01-2026 14:50||NIFTY27JAN2623900PE,0.21422513978599422
21-01-2026 14:50||NIFTY27JAN2624300PE,0.17755899201051162
21-01-2026 14:50||NIFTY27JAN2624900PE,0.1351808018515519
21-01-2026 14:50||NIFTY27JAN2625200CE,0.11987668713875452
21-01-2026 14:50||NIFTY27JAN2625300CE,0.11848343094470931
21-01-2026 14:50||NIFTY27JAN2625500CE,0.11918181028289138
21-01-2026 14:50||NIFTY27JAN2625800CE,0.12844022292389445
21-01-2026 14:50||NIFTY27JAN2625900CE,0.13340655361914777
21-01-2026 14:50||NIFTY27JAN2626300CE,0.15943787328340636
21-01-2026 14:55||NIFTY27JAN2624200PE,0.18740243400443551
21-01-2026 14:55||NIFTY27JAN2624700PE,0.14639233057018364
21-01-2026 14:55||NIFTY27JAN2625200CE,0.12271118825057453
21-01-2026 14:55||NIFTY27JAN2625300CE,0.12011139898148517
21-01-2026 14:55||NIFTY27JAN2625700CE,0.12455832031182006
21-01-2026 14:55||NIFTY27JAN2625900CE,0.1332910955560722
21-01-2026 14:55||NIFTY27JAN2626100CE,0.1457194005131279
21-01-2026 14:55||NIFTY27JAN2626300CE,0.16027575740898095
21-01-2026 15:00||NIFTY27JAN2623900PE,0.21473902973554315
21-01-2026 15:00||NIFTY27JAN2624100PE,0.19466837321706762
21-01-2026 15:00||NIFTY27JAN2624500PE,0.15709785528533465
21-01-2026 15:00||NIFTY27JAN2624800PE,0.1339632239431957
21-01-2026 15:00||NIFTY27JAN2625000PE,0.12087973469445862
21-01-2026 15:00||NIFTY27JAN2625200CE,0.13152774726722277
21-01-2026 15:00||NIFTY27JAN2625300CE,0.12813957926129466
21-01-2026 15:00||NIFTY27JAN2625500CE,0.12616165709707428
21-01-2026 15:00||NIFTY27JAN2625600CE,0.12647808228090957
21-01-2026 15:00||NIFTY27JAN2626400CE,0.1671241789350769
21-01-2026 15:05||NIFTY27JAN2624300PE,0.17957694788077286
21-01-2026 15:05||NIFTY27JAN2624400PE,0.17103370163418963
21-01-2026 15:05||NIFTY27JAN2625100PE,0.1278885295240123
21-01-2026 15:05||NIFTY27JAN2625200CE,0.11681190314812093
21-01-2026 15:05||NIFTY27JAN2626200CE,0.15009911702044854
21-01-2026 15:05||NIFTY27JAN2626500CE,0.1740531194677292
21-01-2026 15:10||NIFTY27JAN2623900PE,0.21840045977630418
21-01-2026 15:10||NIFTY27JAN2624200PE,0.18907935276684618
21-01-2026 15:10||NIFTY27JAN2624300PE,0.1800257424016245
21-01-2026 15:10||NIFTY27JAN2624500PE,0.16353742160070917
21-01-2026 15:10||NIFTY27JAN2624600PE,0.1560328988350182
21-01-2026 15:10||NIFTY27JAN2625700CE,0.1216483451377293
21-01-2026 15:10||NIFTY27JAN2625800CE,0.12649013320667946
21-01-2026 15:10||NIFTY27JAN2625900CE,0.13155920785013817
21-01-2026 15:10||NIFTY27JAN2626500CE,0.17535217501557548
21-01-2026 15:15||NIFTY27JAN2624200PE,0.1868517763922034
21-01-2026 15:15||NIFTY27JAN2624300PE,0.17776559785379475
21-01-2026 15:15||NIFTY27JAN2624800PE,0.1401153055071316
21-01-2026 15:15||NIFTY27JAN2624900PE,0.13451770580324857
21-01-2026 15:15||NIFTY27JAN2625200CE,0.11773082128027818
21-01-2026 15:15||NIFTY27JAN2625300CE,0.11685767376369287
21-01-2026 15:15||NIFTY27JAN2625500CE,0.11849927937588138
21-01-2026 15:15||NIFTY27JAN2625600CE,0.12078884244556623
21-01-2026 15:15||NIFTY27JAN2625700CE,0.12351166793853269
21-01-2026 15:15||NIFTY27JAN2625900CE,0.13134591728041717
21-01-2026 15:15||NIFTY27JAN2626200CE,0.15225825352604336
21-01-2026 15:15||NIFTY27JAN2626400CE,0.16924403403272986
21-01-2026 15:20||NIFTY27JAN2623800PE,0.22399702809626165
21-01-2026 15:20||NIFTY27JAN2624200PE,0.18672970666695832
21-01-2026 15:20||NIFTY27JAN2624800PE,0.14104616112588614
21-01-2026 15:20||NIFTY27JAN2624900PE,0.13563509440317223
21-01-2026 15:20||NIFTY27JAN2625100PE,0.12649176082568617
21-01-2026 15:20||NIFTY27JAN2625400CE,0.11197931308214917
21-01-2026 15:20||NIFTY27JAN2625600CE,0.11569832990975008
21-01-2026 15:25||NIFTY27JAN2623800PE,0.22111045395800855
21-01-2026 15:25||NIFTY27JAN2624200PE,0.18128768825224023
21-01-2026 15:25||NIFTY27JAN2624500PE,0.15395647681800453
21-01-2026 15:25||NIFTY27JAN2624600PE,0.14557949790637253
21-01-2026 15:25||NIFTY27JAN2624800PE,0.1305874917621014
21-01-2026 15:25||NIFTY27JAN2625100PE,0.11465362429101868
21-01-2026 15:25||NIFTY27JAN2625400CE,0.11808944867991772
21-01-2026 15:25||NIFTY27JAN2625900CE,0.13085108831102865
21-01-2026 15:25||NIFTY27JAN2626200CE,0.1505574325701257
22-01-2026 09:15||NIFTY27JAN2623800PE,0.24671622807864957
22-01-2026 09:15||NIFTY27JAN2625100PE,0.12581853341439647
22-01-2026 09:15||NIFTY27JAN2625300CE,0.10462314397218862
22-01-2026 09:15||NIFTY27JAN2626500CE,0.1694373876769514
22-01-2026 09:20||NIFTY27JAN2623900PE,0.23368184510641707
22-01-2026 09:20||NIFTY27JAN2624000PE,0.22226418459318736
22-01-2026 09:20||NIFTY27JAN2624300PE,0.18860936195947964
22-01-2026 09:20||NIFTY27JAN2624500PE,0.16741080527295704
22-01-2026 09:20||NIFTY27JAN2624800PE,0.13962651993038294
22-01-2026 09:20||NIFTY27JAN2625000PE,0.12453299250020776
22-01-2026 09:20||NIFTY27JAN2625200CE,0.11550164534205072
22-01-2026 09:20||NIFTY27JAN2625600CE,0.11171602963147059
22-01-2026 09:20||NIFTY27JAN2625800CE,0.1168541108018574
22-01-2026 09:20||NIFTY27JAN2626300CE,0.15087385206040038
22-01-2026 09:25||NIFTY27JAN2624700PE,0.1451063077257733
22-01-2026 09:25||NIFTY27JAN2624800PE,0.13561672164633426
22-01-2026 09:25||NIFTY27JAN2625000PE,0.11778792529549942
22-01-2026 09:25||NIFTY27JAN2625200CE,0.14627171951936033
22-01-2026 09:25||NIFTY27JAN2625500CE,0.1286211939355807
22-01-2026 09:25||NIFTY27JAN2625600CE,0.1256414445664918
22-01-2026 09:25||NIFTY27JAN2626000CE,0.13228456788473186
22-01-2026 09:25||NIFTY27JAN2626200CE,0.14493935407534111
22-01-2026 09:30||NIFTY27JAN2624600PE,0.20234335310551596
22-01-2026 09:30||NIFTY27JAN2624800PE,0.17341298368512373
22-01-2026 09:30||NIFTY27JAN2624900PE,0.159462266068985
22-01-2026 09:30||NIFTY27JAN2625100PE,0.13190305109413442
22-01-2026 09:30||NIFTY27JAN2625500CE,0.11775514189192271
22-01-2026 09:30||NIFTY27JAN2625800CE,0.12013206541502286
22-01-2026 09:30||NIFTY27JAN2626000CE,0.12997765526732744
22-01-2026 09:30||NIFTY27JAN2626300CE,0.1513941035865314
22-01-2026 09:30||NIFTY27JAN2626400CE,0.15951234911643428
22-01-2026 09:35||NIFTY27JAN2624000PE,0.287638548057352
22-01-2026 09:35||NIFTY27JAN2624100PE,0.27856820178006036
22-01-2026 09:35||NIFTY27JAN2625900CE,0.12759989625931628
22-01-2026 09:35||NIFTY27JAN2626000CE,0.13447434321756285
22-01-2026 09:40||NIFTY27JAN2624000PE,0.2780291522191093
22-01-2026 09:40||NIFTY27JAN2624100PE,0.26693041446171845
22-01-2026 09:40||NIFTY27JAN2624500PE,0.217568206093411
22-01-2026 09:40||NIFTY27JAN2626000CE,0.1321742040490319
22-01-2026 09:40||NIFTY27JAN2626200CE,0.14615760165783787
22-01-2026 09:40||NIFTY27JAN2626400CE,0.16094144458879983
22-01-2026 09:45||NIFTY27JAN2623900PE,0.2794005202509798
22-01-2026 09:45||NIFTY27JAN2624000PE,0.26853901508332095
22-01-2026 09:45||NIFTY27JAN2624200PE,0.24595130324358733
22-01-2026 09:45||NIFTY27JAN2624800PE,0.17187055310146332
22-01-2026 09:45||NIFTY27JAN2625400CE,0.13583630062017843
22-01-2026 09:45||NIFTY27JAN2625900CE,0.13139889731927104
22-01-2026 09:50||NIFTY27JAN2623900PE,0.2736192114615719
22-01-2026 09:50||NIFTY27JAN2624100PE,0.25282368875621763
22-01-2026 09:50||NIFTY27JAN2624900PE,0.16322569765917203
22-01-2026 09:50||NIFTY27JAN2625000PE,0.15196221972578014
22-01-2026 09:50||NIFTY27JAN2625100PE,0.140740969035811
22-01-2026 09:50||NIFTY27JAN2625300CE,0.10767998433713079
22-01-2026 09:50||NIFTY27JAN2625600CE,0.10828401915552416
22-01-2026 09:50||NIFTY27JAN2625800CE,0.11553275089364334
22-01-2026 09:50||NIFTY27JAN2625900CE,0.12080466978434902
22-01-2026 09:50||NIFTY27JAN2626300CE,0.14735007628746444
22-01-2026 09:50||NIFTY27JAN2626500CE,0.16296165251028447
22-01-2026 09:55||NIFTY27JAN2624700PE,0.16589131864724677
22-01-2026 09:55||NIFTY27JAN2624800PE,0.15522764615806667
22-01-2026 09:55||NIFTY27JAN2624900PE,0.14483948534398972
22-01-2026 09:55||NIFTY27JAN2625000PE,0.13476647222909957
22-01-2026 09:55||NIFTY27JAN2625200CE,0.1339775796225042
22-01-2026 09:55||NIFTY27JAN2625300CE,0.12799801638856956
22-01-2026 09:55||NIFTY27JAN2625500CE,0.1210411675222888
22-01-2026 09:55||NIFTY27JAN2625700CE,0.12108192732840965
22-01-2026 10:00||NIFTY27JAN2623900PE,0.25069742579068555
22-01-2026 10:00||NIFTY27JAN2624000PE,0.24010035374018404
22-01-2026 10:00||NIFTY27JAN2624200PE,0.21903528599084893
22-01-2026 10:00||NIFTY27JAN2624500PE,0.18537900870210633
22-01-2026 10:00||NIFTY27JAN2624700PE,0.16421502758609882
22-01-2026 10:00||NIFTY27JAN2625100PE,0.12928374308819557
22-01-2026 10:00||NIFTY27JAN2625400CE,0.10515886403421527
22-01-2026 10:00||NIFTY27JAN2625600CE,0.10581031980596747
22-01-2026 10:00||NIFTY27JAN2626100CE,0.1283947086168007
22-01-2026 10:00||NIFTY27JAN2626500CE,0.15808888874880006
22-01-2026 10:05||NIFTY27JAN2623900PE,0.2508827737537256
22-01-2026 10:05||NIFTY27JAN2624500PE,0.18542371143474173
22-01-2026 10:05||NIFTY27JAN2624800PE,0.15327275813299251
22-01-2026 10:05||NIFTY27JAN2625000PE,0.13503728588055414
22-01-2026 10:05||NIFTY27JAN2625300CE,0.11345346195397721
22-01-2026 10:05||NIFTY27JAN2625400CE,0.11061493738947419
22-01-2026 10:05||NIFTY27JAN2625700CE,0.11132267363391884
22-01-2026 10:05||NIFTY27JAN2625800CE,0.11451846970964447
22-01-2026 10:05||NIFTY27JAN2626100CE,0.1304431142975927
22-01-2026 10:05||NIFTY27JAN2626400CE,0.15270062704602672
22-01-2026 10:10||NIFTY27JAN2623800PE,0.25800072502740745
22-01-2026 10:10||NIFTY27JAN2624200PE,0.21441108161629788
22-01-2026 10:10||NIFTY27JAN2624300PE,0.20349558769587056
22-01-2026 10:10||NIFTY27JAN2624500PE,0.18116281894021857
22-01-2026 10:10||NIFTY27JAN2624800PE,0.14855933301029187
22-01-2026 10:10||NIFTY27JAN2625000PE,0.12940879805614103
22-01-2026 10:10||NIFTY27JAN2625300CE,0.12967657034923835
22-01-2026 10:10||NIFTY27JAN2625400CE,0.12415806560392081
22-01-2026 10:10||NIFTY27JAN2625500CE,0.11975574462980268
22-01-2026 10:10||NIFTY27JAN2626200CE,0.14231955210628341
22-01-2026 10:10||NIFTY27JAN2626300CE,0.14959094265367817
22-01-2026 10:15||NIFTY27JAN2623900PE,0.24795221933965772
22-01-2026 10:15||NIFTY27JAN2624400PE,0.1978256288633354
22-01-2026 10:15||NIFTY27JAN2625000PE,0.1398170964278297
22-01-2026 10:15||NIFTY27JAN2625300CE,0.09808734907176615
22-01-2026 10:15||NIFTY27JAN2625400CE,0.09877535525600153
22-01-2026 10:20||NIFTY27JAN2623800PE,0.2454820347673963
22-01-2026 10:20||NIFTY27JAN2624000PE,0.22558255204067693
22-01-2026 10:20||NIFTY27JAN2624200PE,0.20481503463708906
22-01-2026 10:20||NIFTY27JAN2625000PE,0.12479051975513772
22-01-2026 10:20||NIFTY27JAN2625100PE,0.11714755116871144
22-01-2026 10:20||NIFTY27JAN2625200CE,0.13372420894605017
22-01-2026 10:20||NIFTY27JAN2625400CE,0.12360963567780012
22-01-2026 10:20||NIFTY27JAN2625500CE,0.1210132777120056
22-01-2026 10:20||NIFTY27JAN2625600CE,0.11939707011465997
22-01-2026 10:20||NIFTY27JAN2625800CE,0.12136905626627623
22-01-2026 10:20||NIFTY27JAN2625900CE,0.12626646368753144
22-01-2026 10:20||NIFTY27JAN2626200CE,0.1444519724323453
22-01-2026 10:25||NIFTY27JAN2623900PE,0.22973161026087408
22-01-2026 10:25||NIFTY27JAN2624000PE,0.21950380751729526
22-01-2026 10:25||NIFTY27JAN2624200PE,0.19918615421606403
22-01-2026 10:25||NIFTY27JAN2624700PE,0.15261228966110796
22-01-2026 10:25||NIFTY27JAN2625000PE,0.1328724167380701
22-01-2026 10:25||NIFTY27JAN2625100PE,0.12879559380339736
22-01-2026 10:25||NIFTY27JAN2625900CE,0.11907510951366815
22-01-2026 10:25||NIFTY27JAN2626100CE,0.13374833224395738
22-01-2026 10:25||NIFTY27JAN2626300CE,0.14935044775421863
22-01-2026 10:30||NIFTY27JAN2623800PE,0.23776599452045263
22-01-2026 10:30||NIFTY27JAN2624300PE,0.18319139344800905
22-01-2026 10:30||NIFTY27JAN2625800CE,0.12693628255822742
22-01-2026 10:30||NIFTY27JAN2626100CE,0.14465049530228863
22-01-2026 10:35||NIFTY27JAN2624500PE,0.16757945628582066
22-01-2026 10:35||NIFTY27JAN2624800PE,0.14252895583933037
22-01-2026 10:35||NIFTY27JAN2625100PE,0.12453430067191752
22-01-2026 10:35||NIFTY27JAN2625200CE,0.1015125116504888
22-01-2026 10:35||NIFTY27JAN2625300CE,0.10146560633238141
22-01-2026 10:35||NIFTY27JAN2625400CE,0.10240101451449833
22-01-2026 10:35||NIFTY27JAN2625800CE,0.11731382378047908
22-01-2026 10:40||NIFTY27JAN2624300PE,0.18290821928501177
22-01-2026 10:40||NIFTY27JAN2624600PE,0.1541875748862288
22-01-2026 10:40||NIFTY27JAN2625000PE,0.1234903644404723
22-01-2026 10:40||NIFTY27JAN2625700CE,0.11855392069555398
22-01-2026 10:40||NIFTY27JAN2625800CE,0.12387935481359968
22-01-2026 10:40||NIFTY27JAN2625900CE,0.12941906294423522
22-01-2026 10:40||NIFTY27JAN2626000CE,0.13511095004977927
22-01-2026 10:45||NIFTY27JAN2623900PE,0.22623885031846958
22-01-2026 10:45||NIFTY27JAN2624000PE,0.21570465181820203
22-01-2026 10:45||NIFTY27JAN2624800PE,0.13986971652957741
22-01-2026 10:45||NIFTY27JAN2625000PE,0.1264829156241849
22-01-2026 10:45||NIFTY27JAN2625400CE,0.11266919761190985
22-01-2026 10:45||NIFTY27JAN2625500CE,0.11319676127090542
22-01-2026 10:45||NIFTY27JAN2625700CE,0.117007933932772
22-01-2026 10:45||NIFTY27JAN2625900CE,0.12782374956787704
22-01-2026 10:45||NIFTY27JAN2626400CE,0.1669557022926777
22-01-2026 10:45||NIFTY27JAN2626500CE,0.1761947091786143
22-01-2026 10:50||NIFTY27JAN2623900PE,0.22565264995538453
22-01-2026 10:50||NIFTY27JAN2624000PE,0.21507854208607477
22-01-2026 10:50||NIFTY27JAN2624400PE,0.17439238167373017
22-01-2026 10:50||NIFTY27JAN2624500PE,0.16477672307173563
22-01-2026 10:50||NIFTY27JAN2624600PE,0.15532366938420603
22-01-2026 10:50||NIFTY27JAN2624900PE,0.13140806428890178
22-01-2026 10:50||NIFTY27JAN2625000PE,0.12479888071244838
22-01-2026 10:50||NIFTY27JAN2625300CE,0.11687263282278743
22-01-2026 10:50||NIFTY27JAN2625700CE,0.12040675036976833
22-01-2026 10:50||NIFTY27JAN2625900CE,0.1310389150160599
22-01-2026 10:50||NIFTY27JAN2626000CE,0.13754633795905896
22-01-2026 10:50||NIFTY27JAN2626300CE,0.16056284340967608
22-01-2026 10:55||NIFTY27JAN2624000PE,0.2192414875205524
22-01-2026 10:55||NIFTY27JAN2624200PE,0.19983527130369574
22-01-2026 10:55||NIFTY27JAN2624600PE,0.16442384952195913
22-01-2026 10:55||NIFTY27JAN2625700CE,0.11499515004188436
22-01-2026 10:55||NIFTY27JAN2625900CE,0.12812123809256212
22-01-2026 10:55||NIFTY27JAN2626200CE,0.1520703619062096
22-01-2026 11:00||NIFTY27JAN2624400PE,0.17441259315094787
22-01-2026 11:00||NIFTY27JAN2624800PE,0.141114460080022
22-01-2026 11:00||NIFTY27JAN2625400CE,0.11722364974181995
22-01-2026 11:00||NIFTY27JAN2625700CE,0.12401128683249998
22-01-2026 11:00||NIFTY27JAN2626200CE,0.1558659812362557
22-01-2026 11:00||NIFTY27JAN2626300CE,0.16373690869023938
22-01-2026 11:05||NIFTY27JAN2624200PE,0.19160196778337188
22-01-2026 11:05||NIFTY27JAN2624500PE,0.163516244801138
22-01-2026 11:05||NIFTY27JAN2624800PE,0.13929208860781672
22-01-2026 11:05||NIFTY27JAN2625200CE,0.12275254777075197
22-01-2026 11:05||NIFTY27JAN2625500CE,0.12185514693224808
22-01-2026 11:05||NIFTY27JAN2625600CE,0.12401243432378287
22-01-2026 11:05||NIFTY27JAN2625900CE,0.1371147740612172
22-01-2026 11:05||NIFTY27JAN2626200CE,0.15827685516029918
22-01-2026 11:10||NIFTY27JAN2623800PE,0.2345399150146831
22-01-2026 11:10||NIFTY27JAN2624300PE,0.18401134310912876
22-01-2026 11:10||NIFTY27JAN2624400PE,0.17527890601796947
22-01-2026 11:10||NIFTY27JAN2624600PE,0.1589120253949815
22-01-2026 11:10||NIFTY27JAN2624700PE,0.15124895048698883
22-01-2026 11:10||NIFTY27JAN2625000PE,0.13052898756733955
22-01-2026 11:10||NIFTY27JAN2625100PE,0.12444911256307781
22-01-2026 11:10||NIFTY27JAN2625400CE,0.11698086546826383
22-01-2026 11:10||NIFTY27JAN2625800CE,0.12927489166918876
22-01-2026 11:10||NIFTY27JAN2626100CE,0.14915830973127409
22-01-2026 11:10||NIFTY27JAN2626500CE,0.17945777375815408
22-01-2026 11:15||NIFTY27JAN2623900PE,0.22272643184880947
22-01-2026 11:15||NIFTY27JAN2624300PE,0.1828339751768041
22-01-2026 11:15||NIFTY27JAN2625500CE,0.11868282775176013
22-01-2026 11:15||NIFTY27JAN2625600CE,0.12166401479389347
22-01-2026 11:15||NIFTY27JAN2625800CE,0.12964280477749657
22-01-2026 11:15||NIFTY27JAN2626100CE,0.1505076722947629
22-01-2026 11:15||NIFTY27JAN2626200CE,0.1581174837571601
22-01-2026 11:15||NIFTY27JAN2626400CE,0.17327350824243568
22-01-2026 11:15||NIFTY27JAN2626500CE,0.18089989200572046
22-01-2026 11:20||NIFTY27JAN2623900PE,0.21874897369135912
22-01-2026 11:20||NIFTY27JAN2624000PE,0.20802521843691751
22-01-2026 11:20||NIFTY27JAN2624100PE,0.19748201476521604
22-01-2026 11:20||NIFTY27JAN2624700PE,0.1416171347265909
22-01-2026 11:20||NIFTY27JAN2624800PE,0.13380939785818613
22-01-2026 11:20||NIFTY27JAN2625500CE,0.12911859698274025
22-01-2026 11:20||NIFTY27JAN2625600CE,0.12981165778218798
22-01-2026 11:20||NIFTY27JAN2625900CE,0.139720327598934
22-01-2026 11:20||NIFTY27JAN2626400CE,0.17463026615185132
22-01-2026 11:25||NIFTY27JAN2623800PE,0.2418977328777409
22-01-2026 11:25||NIFTY27JAN2623900PE,0.22904815779658166
22-01-2026 11:25||NIFTY27JAN2624000PE,0.2170824061007244
22-01-2026 11:25||NIFTY27JAN2624500PE,0.16834250016769825
22-01-2026 11:25||NIFTY27JAN2624600PE,0.1597269715301731
22-01-2026 11:25||NIFTY27JAN2625000PE,0.13299564503319752
22-01-2026 11:25||NIFTY27JAN2625100PE,0.1284414968314365
22-01-2026 11:25||NIFTY27JAN2625800CE,0.1252223586386495
22-01-2026 11:25||NIFTY27JAN2625900CE,0.13129535091824018
22-01-2026 11:25||NIFTY27JAN2626300CE,0.15958042716914295
22-01-2026 11:25||NIFTY27JAN2626500CE,0.1761186441982323
22-01-2026 11:30||NIFTY27JAN2624000PE,0.21061963448145266
22-01-2026 11:30||NIFTY27JAN2624300PE,0.1803574311766984
22-01-2026 11:30||NIFTY27JAN2624400PE,0.1706848861259909
22-01-2026 11:30||NIFTY27JAN2624900PE,0.13130738961519517
22-01-2026 11:30||NIFTY27JAN2625800CE,0.13192447198392696
22-01-2026 11:30||NIFTY27JAN2626000CE,0.14344006235798257
22-01-2026 11:35||NIFTY27JAN2624100PE,0.20330215100874488
22-01-2026 11:35||NIFTY27JAN2624200PE,0.19303391903273487
22-01-2026 11:35||NIFTY27JAN2624600PE,0.15628124100342472
22-01-2026 11:35||NIFTY27JAN2625200CE,0.11553932837367904
22-01-2026 11:35||NIFTY27JAN2625500CE,0.11685210631620217
22-01-2026 11:35||NIFTY27JAN2625900CE,0.13407810784259416
22-01-2026 11:40||NIFTY27JAN2624200PE,0.1929729374787198
22-01-2026 11:40||NIFTY27JAN2624700PE,0.15115811895242806
22-01-2026 11:40||NIFTY27JAN2624900PE,0.1401865244283021
22-01-2026 11:40||NIFTY27JAN2625200CE,0.1098819399175201
22-01-2026 11:40||NIFTY27JAN2625600CE,0.11983002288588998
22-01-2026 11:40||NIFTY27JAN2626300CE,0.1672560113562746
22-01-2026 11:45||NIFTY27JAN2623900PE,0.2181999439940525
22-01-2026 11:45||NIFTY27JAN2624000PE,0.207665886219618
22-01-2026 11:45||NIFTY27JAN2624400PE,0.1679492751137338
22-01-2026 11:45||NIFTY27JAN2625000PE,0.12366079514900702
22-01-2026 11:45||NIFTY27JAN2625700CE,0.13222330482188177
22-01-2026 11:45||NIFTY27JAN2626200CE,0.16238611329410685
22-01-2026 11:45||NIFTY27JAN2626400CE,0.1796620746852493
22-01-2026 11:45||NIFTY27JAN2626500CE,0.1892660258077785
22-01-2026 11:50||NIFTY27JAN2624000PE,0.21160944652812852
22-01-2026 11:50||NIFTY27JAN2624500PE,0.1640818032562382
22-01-2026 11:50||NIFTY27JAN2624800PE,0.14206086430769146
22-01-2026 11:50||NIFTY27JAN2625000PE,0.13179785614403616
22-01-2026 11:50||NIFTY27JAN2625200CE,0.11651204765424934
22-01-2026 11:50||NIFTY27JAN2625700CE,0.1280530541644444
22-01-2026 11:50||NIFTY27JAN2625800CE,0.13293607376344707
22-01-2026 11:50||NIFTY27JAN2626100CE,0.1530016514921133
22-01-2026 11:50||NIFTY27JAN2626200CE,0.16099038610367045
22-01-2026 11:50||NIFTY27JAN2626300CE,0.16892520249366344
22-01-2026 11:50||NIFTY27JAN2626400CE,0.17693047089433894
22-01-2026 11:55||NIFTY27JAN2624000PE,0.20962808549474748
22-01-2026 11:55||NIFTY27JAN2625000PE,0.1322477199363992
22-01-2026 11:55||NIFTY27JAN2625900CE,0.14165751362166853
22-01-2026 12:00||NIFTY27JAN2623800PE,0.22837987653046524
22-01-2026 12:00||NIFTY27JAN2624300PE,0.1760809879030943
22-01-2026 12:00||NIFTY27JAN2625600CE,0.13361549663371824
22-01-2026 12:00||NIFTY27JAN2625700CE,0.136532827545755
22-01-2026 12:00||NIFTY27JAN2626100CE,0.1599064303126645
22-01-2026 12:00||NIFTY27JAN2626400CE,0.18373641065190016
22-01-2026 12:05||NIFTY27JAN2624300PE,0.1792261372138299
22-01-2026 12:05||NIFTY27JAN2625100PE,0.1180374607771937
22-01-2026 12:05||NIFTY27JAN2625600CE,0.12810168366975275
22-01-2026 12:05||NIFTY27JAN2625700CE,0.13131841841079547
22-01-2026 12:05||NIFTY27JAN2626000CE,0.1469334015177102
22-01-2026 12:05||NIFTY27JAN2626300CE,0.17009344105967647
22-01-2026 12:10||NIFTY27JAN2623800PE,0.22989706068650792
22-01-2026 12:10||NIFTY27JAN2624000PE,0.20855463962442533
22-01-2026 12:10||NIFTY27JAN2624500PE,0.1594769094100822
22-01-2026 12:10||NIFTY27JAN2625500CE,0.12491989587454339
22-01-2026 12:10||NIFTY27JAN2625800CE,0.13409455677310267
22-01-2026 12:10||NIFTY27JAN2626100CE,0.15343520750644507
22-01-2026 12:10||NIFTY27JAN2626300CE,0.16877513567273475
22-01-2026 12:15||NIFTY27JAN2623800PE,0.228890788269206
22-01-2026 12:15||NIFTY27JAN2624000PE,0.20743827523212957
22-01-2026 12:15||NIFTY27JAN2624500PE,0.15792065477290929
22-01-2026 12:15||NIFTY27JAN2626100CE,0.15388380567726215
22-01-2026 12:15||NIFTY27JAN2626400CE,0.1773468191500559
22-01-2026 12:15||NIFTY27JAN2626500CE,0.185427780281899
22-01-2026 12:20||NIFTY27JAN2624500PE,0.16711122642551848
22-01-2026 12:20||NIFTY27JAN2624800PE,0.14570090868413876
22-01-2026 12:20||NIFTY27JAN2624900PE,0.14010889882531025
22-01-2026 12:20||NIFTY27JAN2625500CE,0.11319102298933884
22-01-2026 12:20||NIFTY27JAN2625900CE,0.1320472207783578
22-01-2026 12:20||NIFTY27JAN2626000CE,0.1390562652108222
22-01-2026 12:20||NIFTY27JAN2626500CE,0.17949681577681478
22-01-2026 12:25||NIFTY27JAN2623900PE,0.2207284571084716
22-01-2026 12:25||NIFTY27JAN2624200PE,0.18893345887651514
22-01-2026 12:25||NIFTY27JAN2624700PE,0.14314913492978593
22-01-2026 12:25||NIFTY27JAN2624800PE,0.1358160758557049
22-01-2026 12:25||NIFTY27JAN2625300CE,0.12768836588032537
22-01-2026 12:25||NIFTY27JAN2625400CE,0.12547064258166
22-01-2026 12:25||NIFTY27JAN2625700CE,0.12787372812385475
22-01-2026 12:30||NIFTY27JAN2624200PE,0.18951415397519067
22-01-2026 12:30||NIFTY27JAN2624400PE,0.16983344214279256
22-01-2026 12:30||NIFTY27JAN2624500PE,0.16031643596742107
22-01-2026 12:30||NIFTY27JAN2624900PE,0.12811537885285823
22-01-2026 12:30||NIFTY27JAN2625100PE,0.11548798426258389
22-01-2026 12:30||NIFTY27JAN2625400CE,0.12419095438031699
22-01-2026 12:30||NIFTY27JAN2625700CE,0.1269898045233897
22-01-2026 12:30||NIFTY27JAN2625800CE,0.13140554494854367
22-01-2026 12:30||NIFTY27JAN2625900CE,0.1364177738656095
22-01-2026 12:30||NIFTY27JAN2626300CE,0.1647755203595134
22-01-2026 12:30||NIFTY27JAN2626400CE,0.173011981309751
22-01-2026 12:35||NIFTY27JAN2623800PE,0.2334966938072572
22-01-2026 12:35||NIFTY27JAN2624400PE,0.1724690043981534
22-01-2026 12:35||NIFTY27JAN2624800PE,0.14066096038034645
22-01-2026 12:35||NIFTY27JAN2625900CE,0.13214183694825427
22-01-2026 12:35||NIFTY27JAN2626100CE,0.14683152779832995
22-01-2026 12:35||NIFTY27JAN2626300CE,0.16360474064337482
22-01-2026 12:35||NIFTY27JAN2626400CE,0.1723171699376545
22-01-2026 12:40||NIFTY27JAN2624100PE,0.19819557037007973
22-01-2026 12:40||NIFTY27JAN2624400PE,0.16852129556112133
22-01-2026 12:40||NIFTY27JAN2626200CE,0.15789561984415101
22-01-2026 12:45||NIFTY27JAN2624700PE,0.143919751998834
22-01-2026 12:45||NIFTY27JAN2624900PE,0.13071512778011377
22-01-2026 12:45||NIFTY27JAN2625000PE,0.125095482525707
22-01-2026 12:45||NIFTY27JAN2625200CE,0.11531138409589015
22-01-2026 12:45||NIFTY27JAN2625700CE,0.12140808078672238
22-01-2026 12:45||NIFTY27JAN2625800CE,0.12614921429316323
22-01-2026 12:45||NIFTY27JAN2626000CE,0.1379996284528437
22-01-2026 12:45||NIFTY27JAN2626100CE,0.14640562571384108
22-01-2026 12:45||NIFTY27JAN2626200CE,0.1546055932631115
22-01-2026 12:45||NIFTY27JAN2626300CE,0.163076939926953
22-01-2026 12:45||NIFTY27JAN2626400CE,0.17194209734986282
22-01-2026 12:50||NIFTY27JAN2624100PE,0.20022804432895813
22-01-2026 12:50||NIFTY27JAN2624200PE,0.1899327496849546
22-01-2026 12:50||NIFTY27JAN2624300PE,0.17975946225021838
22-01-2026 12:50||NIFTY27JAN2624900PE,0.1331467857658451
22-01-2026 12:50||NIFTY27JAN2625900CE,0.1314378219370979
22-01-2026 12:50||NIFTY27JAN2626000CE,0.13890384200570474
22-01-2026 12:50||NIFTY27JAN2626200CE,0.15497616847917428
22-01-2026 12:50||NIFTY27JAN2626300CE,0.16363362580107407
22-01-2026 12:55||NIFTY27JAN2624400PE,0.1651096579489828
22-01-2026 12:55||NIFTY27JAN2625100PE,0.11993785779476826
22-01-2026 12:55||NIFTY27JAN2625900CE,0.13780512931713326
22-01-2026 12:55||NIFTY27JAN2626100CE,0.15314131782866564
22-01-2026 12:55||NIFTY27JAN2626400CE,0.17901006108293646
22-01-2026 13:00||NIFTY27JAN2624000PE,0.20447883487150467
22-01-2026 13:00||NIFTY27JAN2624400PE,0.1634398043613038
22-01-2026 13:00||NIFTY27JAN2624900PE,0.12630845880892227
22-01-2026 13:00||NIFTY27JAN2625000PE,0.12106453884128379
22-01-2026 13:00||NIFTY27JAN2625500CE,0.12000626566057715
22-01-2026 13:00||NIFTY27JAN2625700CE,0.1263470357188924
22-01-2026 13:00||NIFTY27JAN2626200CE,0.16137533142711435
22-01-2026 13:00||NIFTY27JAN2626300CE,0.17013937232964024
22-01-2026 13:05||NIFTY27JAN2623800PE,0.22732347425636312
22-01-2026 13:05||NIFTY27JAN2624100PE,0.1937317461693662
22-01-2026 13:05||NIFTY27JAN2624400PE,0.1637712096069634
22-01-2026 13:05||NIFTY27JAN2625000PE,0.12319798281786373
22-01-2026 13:05||NIFTY27JAN2625300CE,0.11657477088525378
22-01-2026 13:05||NIFTY27JAN2625400CE,0.11704468241180817
22-01-2026 13:05||NIFTY27JAN2625700CE,0.12563269960566809
22-01-2026 13:10||NIFTY27JAN2624200PE,0.18460141014473566
22-01-2026 13:10||NIFTY27JAN2625300CE,0.11185902752686487
22-01-2026 13:10||NIFTY27JAN2625500CE,0.11543923836782383
22-01-2026 13:10||NIFTY27JAN2625700CE,0.12379407845994356
22-01-2026 13:10||NIFTY27JAN2626000CE,0.14471939125439343
22-01-2026 13:10||NIFTY27JAN2626500CE,0.18971852451413476
22-01-2026 13:15||NIFTY27JAN2623900PE,0.21324129279376858
22-01-2026 13:15||NIFTY27JAN2624200PE,0.18120822299852551
22-01-2026 13:15||NIFTY27JAN2624600PE,0.14326766527487483
22-01-2026 13:15||NIFTY27JAN2624700PE,0.13523033436855456
22-01-2026 13:15||NIFTY27JAN2624900PE,0.12080167120214762
22-01-2026 13:15||NIFTY27JAN2625200CE,0.12803758480571018
22-01-2026 13:15||NIFTY27JAN2625600CE,0.12571709298332265
22-01-2026 13:15||NIFTY27JAN2625700CE,0.1293660510303092
22-01-2026 13:20||NIFTY27JAN2623900PE,0.21470167032745158
22-01-2026 13:20||NIFTY27JAN2624000PE,0.20388615526152631
22-01-2026 13:20||NIFTY27JAN2624700PE,0.1378830705581161
22-01-2026 13:20||NIFTY27JAN2624900PE,0.1250412011123296
22-01-2026 13:20||NIFTY27JAN2625200CE,0.11950973275666091
22-01-2026 13:20||NIFTY27JAN2625500CE,0.11922472338257009
22-01-2026 13:20||NIFTY27JAN2626100CE,0.15404787331382258
22-01-2026 13:20||NIFTY27JAN2626500CE,0.18946129937255413
22-01-2026 13:25||NIFTY27JAN2624300PE,0.17416512570759016
22-01-2026 13:25||NIFTY27JAN2624700PE,0.14123054288049702
22-01-2026 13:25||NIFTY27JAN2624900PE,0.12953896527879133
22-01-2026 13:25||NIFTY27JAN2625100PE,0.12135382493594712
22-01-2026 13:25||NIFTY27JAN2625800CE,0.13075280083775315
22-01-2026 13:25||NIFTY27JAN2626100CE,0.15466610561880567
22-01-2026 13:25||NIFTY27JAN2626300CE,0.1725489910705827
22-01-2026 13:25||NIFTY27JAN2626500CE,0.19081526838117693
22-01-2026 13:30||NIFTY27JAN2623800PE,0.2166534182645529
22-01-2026 13:30||NIFTY27JAN2623900PE,0.20732184029653355
22-01-2026 13:30||NIFTY27JAN2624000PE,0.19777611648258203
22-01-2026 13:30||NIFTY27JAN2624100PE,0.1879782541690966
22-01-2026 13:30||NIFTY27JAN2624600PE,0.13894794315413234
22-01-2026 13:30||NIFTY27JAN2625100PE,0.09936768375718756
22-01-2026 13:30||NIFTY27JAN2625600CE,0.1317336549143161
22-01-2026 13:30||NIFTY27JAN2625800CE,0.13839431098059302
22-01-2026 13:30||NIFTY27JAN2625900CE,0.14416987131850048
22-01-2026 13:30||NIFTY27JAN2626400CE,0.1839394324014317
22-01-2026 13:35||NIFTY27JAN2623800PE,0.22705616357444056
22-01-2026 13:35||NIFTY27JAN2623900PE,0.21652294838542432
22-01-2026 13:35||NIFTY27JAN2624400PE,0.1682065896438681
22-01-2026 13:35||NIFTY27JAN2624500PE,0.16029159723429987
22-01-2026 13:35||NIFTY27JAN2624600PE,0.15238684835244778
22-01-2026 13:35||NIFTY27JAN2624700PE,0.14450720128058112
22-01-2026 13:35||NIFTY27JAN2625300CE,0.10605138840278934
22-01-2026 13:35||NIFTY27JAN2625500CE,0.11097917197441692
22-01-2026 13:35||NIFTY27JAN2625700CE,0.11962910794620865
22-01-2026 13:35||NIFTY27JAN2625900CE,0.1334810724649809
22-01-2026 13:35||NIFTY27JAN2626000CE,0.14167205738905642
22-01-2026 13:35||NIFTY27JAN2626100CE,0.1501556580573714
22-01-2026 13:35||NIFTY27JAN2626400CE,0.17625697020386719
22-01-2026 13:40||NIFTY27JAN2624000PE,0.20240533906156796
22-01-2026 13:40||NIFTY27JAN2624200PE,0.18161611147814816
22-01-2026 13:40||NIFTY27JAN2624300PE,0.17162177888220623
22-01-2026 13:40||NIFTY27JAN2624400PE,0.16176354217715055
22-01-2026 13:40||NIFTY27JAN2624700PE,0.13571815646680013
22-01-2026 13:40||NIFTY27JAN2624900PE,0.12191946412932936
22-01-2026 13:40||NIFTY27JAN2625100PE,0.11026568879637655
22-01-2026 13:40||NIFTY27JAN2625300CE,0.1218397165911252
22-01-2026 13:40||NIFTY27JAN2625400CE,0.12113398214141693
22-01-2026 13:40||NIFTY27JAN2625600CE,0.12314706697664062
22-01-2026 13:40||NIFTY27JAN2626000CE,0.14633878489316043
22-01-2026 13:40||NIFTY27JAN2626300CE,0.17188338018789634
22-01-2026 13:45||NIFTY27JAN2623900PE,0.21097535249751587
22-01-2026 13:45||NIFTY27JAN2624100PE,0.18931355558974267
22-01-2026 13:45||NIFTY27JAN2624400PE,0.15954714168620548
22-01-2026 13:45||NIFTY27JAN2624700PE,0.1328610267414882
22-01-2026 13:45||NIFTY27JAN2625200CE,0.12902752303269005
22-01-2026 13:45||NIFTY27JAN2625800CE,0.1344321611690814
22-01-2026 13:45||NIFTY27JAN2626100CE,0.15609710486776612
22-01-2026 13:45||NIFTY27JAN2626300CE,0.17256989488840552
22-01-2026 13:45||NIFTY27JAN2626500CE,0.18987284928311937
22-01-2026 13:50||NIFTY27JAN2623800PE,0.22559411415639902
22-01-2026 13:50||NIFTY27JAN2624100PE,0.19186668930117717
22-01-2026 13:50||NIFTY27JAN2624800PE,0.12439335714352012
22-01-2026 13:50||NIFTY27JAN2625200CE,0.1301392176912763
22-01-2026 13:50||NIFTY27JAN2626300CE,0.17085129498647594
22-01-2026 13:55||NIFTY27JAN2624300PE,0.1739212578133841
22-01-2026 13:55||NIFTY27JAN2624500PE,0.15458733875193212
22-01-2026 13:55||NIFTY27JAN2624600PE,0.1452097978756405
22-01-2026 13:55||NIFTY27JAN2624800PE,0.12890847905932218
22-01-2026 13:55||NIFTY27JAN2625000PE,0.11673660208178684
22-01-2026 13:55||NIFTY27JAN2625400CE,0.11497224652342156
22-01-2026 13:55||NIFTY27JAN2625500CE,0.11596618510084375
22-01-2026 13:55||NIFTY27JAN2625900CE,0.13363149866466828
22-01-2026 13:55||NIFTY27JAN2626000CE,0.1413168557268971
22-01-2026 13:55||NIFTY27JAN2626400CE,0.17632418801522406
22-01-2026 14:00||NIFTY27JAN2623800PE,0.22891430246753824
22-01-2026 14:00||NIFTY27JAN2623900PE,0.2162869269248464
22-01-2026 14:00||NIFTY27JAN2624200PE,0.18192585245201942
22-01-2026 14:00||NIFTY27JAN2624300PE,0.17146247615949933
22-01-2026 14:00||NIFTY27JAN2625000PE,0.1170154081571119
22-01-2026 14:00||NIFTY27JAN2625200CE,0.11071065073304753
22-01-2026 14:00||NIFTY27JAN2625300CE,0.10999165364533979
22-01-2026 14:00||NIFTY27JAN2625500CE,0.11281292365733545
22-01-2026 14:00||NIFTY27JAN2625600CE,0.11600024989234514
22-01-2026 14:00||NIFTY27JAN2626500CE,0.18523030114039316
22-01-2026 14:05||NIFTY27JAN2623800PE,0.2256745455741685
22-01-2026 14:05||NIFTY27JAN2624000PE,0.20273163877381045
22-01-2026 14:05||NIFTY27JAN2624200PE,0.1812700466282125
22-01-2026 14:05||NIFTY27JAN2624300PE,0.17090732122022237
22-01-2026 14:05||NIFTY27JAN2625200CE,0.10738400809480535
22-01-2026 14:05||NIFTY27JAN2625400CE,0.10828367104330047
22-01-2026 14:05||NIFTY27JAN2625900CE,0.1327852488781282
22-01-2026 14:05||NIFTY27JAN2626200CE,0.1583331961459723
22-01-2026 14:05||NIFTY27JAN2626400CE,0.1774192583830509
22-01-2026 14:10||NIFTY27JAN2623900PE,0.21258405788966978
22-01-2026 14:10||NIFTY27JAN2624200PE,0.18162107838660105
22-01-2026 14:10||NIFTY27JAN2624700PE,0.13920612862715848
22-01-2026 14:10||NIFTY27JAN2625100PE,0.12051475758502314
22-01-2026 14:10||NIFTY27JAN2625300CE,0.1045307600946161
22-01-2026 14:10||NIFTY27JAN2625500CE,0.10969622413709933
22-01-2026 14:10||NIFTY27JAN2625900CE,0.13396850464846696
22-01-2026 14:15||NIFTY27JAN2623800PE,0.2217584309762192
22-01-2026 14:15||NIFTY27JAN2624600PE,0.1384318270494858
22-01-2026 14:15||NIFTY27JAN2624900PE,0.11830582050511701
22-01-2026 14:15||NIFTY27JAN2625000PE,0.1143980330324803
22-01-2026 14:15||NIFTY27JAN2625100PE,0.11187877878576342
22-01-2026 14:15||NIFTY27JAN2626500CE,0.19260918602035793
22-01-2026 14:20||NIFTY27JAN2623800PE,0.2132871805072247
22-01-2026 14:20||NIFTY27JAN2623900PE,0.2041810889985895
22-01-2026 14:20||NIFTY27JAN2624000PE,0.19485705321246713
22-01-2026 14:20||NIFTY27JAN2624100PE,0.18529887992408411
22-01-2026 14:20||NIFTY27JAN2624400PE,0.15568361414124493
22-01-2026 14:20||NIFTY27JAN2624900PE,0.11679411759199412
22-01-2026 14:20||NIFTY27JAN2625400CE,0.1156708358134769
22-01-2026 14:20||NIFTY27JAN2625700CE,0.124540029394139
22-01-2026 14:20||NIFTY27JAN2625800CE,0.13134084599580834
22-01-2026 14:20||NIFTY27JAN2625900CE,0.13865389907303444
22-01-2026 14:20||NIFTY27JAN2626100CE,0.15450617160165228
22-01-2026 14:20||NIFTY27JAN2626200CE,0.16347338245491955
22-01-2026 14:25||NIFTY27JAN2624200PE,0.17638059846451176
22-01-2026 14:25||NIFTY27JAN2624300PE,0.16503922170912394
22-01-2026 14:25||NIFTY27JAN2624600PE,0.13454133333394705
22-01-2026 14:25||NIFTY27JAN2624700PE,0.12586548133393657
22-01-2026 14:25||NIFTY27JAN2624800PE,0.11748867651852346
22-01-2026 14:25||NIFTY27JAN2626000CE,0.14472876148423855
22-01-2026 14:25||NIFTY27JAN2626500CE,0.1873691948872012
22-01-2026 14:30||NIFTY27JAN2623800PE,0.22544943211162582
22-01-2026 14:30||NIFTY27JAN2624100PE,0.19142510330275134
22-01-2026 14:30||NIFTY27JAN2624200PE,0.1802191643759642
22-01-2026 14:30||NIFTY27JAN2624300PE,0.16902896562364975
22-01-2026 14:30||NIFTY27JAN2624600PE,0.1369896630472105
22-01-2026 14:30||NIFTY27JAN2625200CE,0.14036202843804044
22-01-2026 14:30||NIFTY27JAN2625600CE,0.12486066562344804
22-01-2026 14:30||NIFTY27JAN2625700CE,0.12670281864056587
22-01-2026 14:30||NIFTY27JAN2625900CE,0.13411198886444942
22-01-2026 14:30||NIFTY27JAN2626500CE,0.18066440837511236
22-01-2026 14:35||NIFTY27JAN2624000PE,0.2059814626505837
22-01-2026 14:35||NIFTY27JAN2624600PE,0.14211227561280304
22-01-2026 14:35||NIFTY27JAN2624700PE,0.13354675547814526
22-01-2026 14:35||NIFTY27JAN2624800PE,0.1250330701355516
22-01-2026 14:35||NIFTY27JAN2624900PE,0.11670824632986675
22-01-2026 14:35||NIFTY27JAN2625500CE,0.11908278137173496
22-01-2026 14:35||NIFTY27JAN2626200CE,0.15183810615743132
22-01-2026 14:40||NIFTY27JAN2623800PE,0.23214641577745554
22-01-2026 14:40||NIFTY27JAN2625200CE,0.12068190084332667
22-01-2026 14:40||NIFTY27JAN2625400CE,0.11253315031073764
22-01-2026 14:40||NIFTY27JAN2626100CE,0.1405342555404147
22-01-2026 14:40||NIFTY27JAN2626200CE,0.14805680908504903
22-01-2026 14:40||NIFTY27JAN2626500CE,0.17246433537416442
22-01-2026 14:45||NIFTY27JAN2623800PE,0.23157525937691237
22-01-2026 14:45||NIFTY27JAN2623900PE,0.21848227283799565
22-01-2026 14:45||NIFTY27JAN2624000PE,0.20581477538223814
22-01-2026 14:45||NIFTY27JAN2624800PE,0.12341891005187916
22-01-2026 14:45||NIFTY27JAN2625100PE,0.10314518217942273
22-01-2026 14:45||NIFTY27JAN2625400CE,0.11569554250409358
22-01-2026 14:45||NIFTY27JAN2626100CE,0.13944946272582914
22-01-2026 14:50||NIFTY27JAN2624400PE,0.16144226814932972
22-01-2026 14:50||NIFTY27JAN2624500PE,0.15126644325305166
22-01-2026 14:50||NIFTY27JAN2625400CE,0.10970087268427284
22-01-2026 14:50||NIFTY27JAN2625500CE,0.10995783693714738
22-01-2026 14:50||NIFTY27JAN2625600CE,0.11018692216534404
22-01-2026 14:50||NIFTY27JAN2626200CE,0.14486817886781467
22-01-2026 14:55||NIFTY27JAN2623800PE,0.22394677997495888
22-01-2026 14:55||NIFTY27JAN2624300PE,0.1684434322853714
22-01-2026 14:55||NIFTY27JAN2625000PE,0.10912739388312473
22-01-2026 14:55||NIFTY27JAN2625400CE,0.11492810386071221
22-01-2026 14:55||NIFTY27JAN2626100CE,0.13649564588694862
22-01-2026 14:55||NIFTY27JAN2626200CE,0.14441929248799357
22-01-2026 14:55||NIFTY27JAN2626500CE,0.16984788831753841
22-01-2026 15:00||NIFTY27JAN2624300PE,0.1676148404959838
22-01-2026 15:00||NIFTY27JAN2624600PE,0.13938558022109285
22-01-2026 15:00||NIFTY27JAN2624700PE,0.1323698981751893
22-01-2026 15:00||NIFTY27JAN2624800PE,0.12541922200804456
22-01-2026 15:00||NIFTY27JAN2624900PE,0.11872203345006627
22-01-2026 15:00||NIFTY27JAN2625600CE,0.10713044181329867
22-01-2026 15:00||NIFTY27JAN2626400CE,0.1628599500135326
22-01-2026 15:05||NIFTY27JAN2624800PE,0.11703616168091988
22-01-2026 15:05||NIFTY27JAN2625300CE,0.13125612974087825
22-01-2026 15:05||NIFTY27JAN2625400CE,0.1245110016327047
22-01-2026 15:05||NIFTY27JAN2625600CE,0.11814088288357255
22-01-2026 15:05||NIFTY27JAN2626300CE,0.15359404194807044
22-01-2026 15:10||NIFTY27JAN2623800PE,0.2275275695727607
22-01-2026 15:10||NIFTY27JAN2624000PE,0.20383329566414365
22-01-2026 15:10||NIFTY27JAN2624200PE,0.1810888206999971
22-01-2026 15:10||NIFTY27JAN2625100PE,0.10389548652782395
22-01-2026 15:10||NIFTY27JAN2625600CE,0.10975302138853076
22-01-2026 15:10||NIFTY27JAN2626100CE,0.13213865691622984
22-01-2026 15:15||NIFTY27JAN2623800PE,0.22878946733745442
22-01-2026 15:15||NIFTY27JAN2623900PE,0.21493118213284584
22-01-2026 15:15||NIFTY27JAN2624200PE,0.17799350434233624
22-01-2026 15:15||NIFTY27JAN2624600PE,0.13427843326795533
22-01-2026 15:15||NIFTY27JAN2624900PE,0.10961433944420332
22-01-2026 15:15||NIFTY27JAN2625400CE,0.11841224065734143
22-01-2026 15:15||NIFTY27JAN2625800CE,0.11452605137000606
22-01-2026 15:15||NIFTY27JAN2625900CE,0.11944507142822722
22-01-2026 15:15||NIFTY27JAN2626200CE,0.13911511631462403
22-01-2026 15:15||NIFTY27JAN2626300CE,0.14762518728935456
22-01-2026 15:20||NIFTY27JAN2624300PE,0.16872249175436144
22-01-2026 15:20||NIFTY27JAN2624800PE,0.11826252248360625
22-01-2026 15:20||NIFTY27JAN2625200CE,0.13659940107645324
22-01-2026 15:20||NIFTY27JAN2625700CE,0.11325924706626293
22-01-2026 15:20||NIFTY27JAN2625800CE,0.11494260396143086
22-01-2026 15:20||NIFTY27JAN2626400CE,0.15568026954266329
22-01-2026 15:25||NIFTY27JAN2623800PE,0.2252784534583298
22-01-2026 15:25||NIFTY27JAN2624300PE,0.16731761418566699
22-01-2026 15:25||NIFTY27JAN2624700PE,0.124573865627356
22-01-2026 15:25||NIFTY27JAN2625100PE,0.09786298399263138
22-01-2026 15:25||NIFTY27JAN2625200CE,0.1266263961626014
22-01-2026 15:25||NIFTY27JAN2625300CE,0.11924669214609494
22-01-2026 15:25||NIFTY27JAN2625600CE,0.10931381780517294
22-01-2026 15:25||NIFTY27JAN2625800CE,0.11297182056224604
22-01-2026 15:25||NIFTY27JAN2625900CE,0.11771404910884878
22-01-2026 15:25||NIFTY27JAN2626000CE,0.1233251565468214
22-01-2026 15:25||NIFTY27JAN2626400CE,0.157008190293155
23-01-2026 09:15||NIFTY27JAN2624100PE,0.2113181937765834
23-01-2026 09:15||NIFTY27JAN2624200PE,0.1992334410960741
23-01-2026 09:15||NIFTY27JAN2624300PE,0.18721166008822665
23-01-2026 09:15||NIFTY27JAN2624400PE,0.17517335042743631
23-01-2026 09:15||NIFTY27JAN2624500PE,0.16268083144992526
23-01-2026 09:15||NIFTY27JAN2624900PE,0.13082115550111373
23-01-2026 09:15||NIFTY27JAN2625200CE,0.12024213285009719
23-01-2026 09:15||NIFTY27JAN2625500CE,0.11503758492658778
23-01-2026 09:15||NIFTY27JAN2626000CE,0.1343810881481814
23-01-2026 09:15||NIFTY27JAN2626100CE,0.1439929760657989
23-01-2026 09:15||NIFTY27JAN2626200CE,0.1536185733899416
23-01-2026 09:15||NIFTY27JAN2626300CE,0.16375578605973373
23-01-2026 09:15||NIFTY27JAN2626500CE,0.18827000435433777
23-01-2026 09:20||NIFTY27JAN2623900PE,0.23251919131091547
23-01-2026 09:20||NIFTY27JAN2624300PE,0.18251398005941116
23-01-2026 09:20||NIFTY27JAN2624400PE,0.1700871782161271
23-01-2026 09:20||NIFTY27JAN2625000PE,0.10862333576454333
23-01-2026 09:20||NIFTY27JAN2625500CE,0.13278058424082878
23-01-2026 09:20||NIFTY27JAN2625600CE,0.1319056637777008
23-01-2026 09:20||NIFTY27JAN2625700CE,0.13075516049818903
23-01-2026 09:20||NIFTY27JAN2625800CE,0.1294517484715522
23-01-2026 09:20||NIFTY27JAN2626100CE,0.1454635222841635
23-01-2026 09:20||NIFTY27JAN2626200CE,0.1551521889801761
23-01-2026 09:20||NIFTY27JAN2626400CE,0.17474069923888347
23-01-2026 09:25||NIFTY27JAN2623800PE,0.2534994651745751
23-01-2026 09:25||NIFTY27JAN2624100PE,0.21762838050008693
23-01-2026 09:25||NIFTY27JAN2625100PE,0.1130167713986196
23-01-2026 09:25||NIFTY27JAN2626100CE,0.13601350338650695
23-01-2026 09:25||NIFTY27JAN2626200CE,0.1460493976532307
23-01-2026 09:25||NIFTY27JAN2626400CE,0.16659594421080687
23-01-2026 09:30||NIFTY27JAN2623900PE,0.2417183239263953
23-01-2026 09:30||NIFTY27JAN2624000PE,0.22961825695927218
23-01-2026 09:30||NIFTY27JAN2624400PE,0.18240201233422834
23-01-2026 09:30||NIFTY27JAN2624500PE,0.17111097689645122
23-01-2026 09:30||NIFTY27JAN2624600PE,0.15992285712820106
23-01-2026 09:30||NIFTY27JAN2624700PE,0.1488571018892787
23-01-2026 09:30||NIFTY27JAN2625200CE,0.10701728701990129
23-01-2026 09:30||NIFTY27JAN2626300CE,0.15669278602686723
23-01-2026 09:35||NIFTY27JAN2623900PE,0.23826418151693088
23-01-2026 09:35||NIFTY27JAN2624000PE,0.22614388472892116
23-01-2026 09:35||NIFTY27JAN2624300PE,0.18910776263246232
23-01-2026 09:35||NIFTY27JAN2624400PE,0.17685705409334201
23-01-2026 09:35||NIFTY27JAN2624700PE,0.1431203317870689
23-01-2026 09:35||NIFTY27JAN2625500CE,0.11135423797605323
23-01-2026 09:35||NIFTY27JAN2625600CE,0.11021184467210608
23-01-2026 09:35||NIFTY27JAN2626100CE,0.13926883270322626
23-01-2026 09:40||NIFTY27JAN2625400CE,0.1069976380609034
23-01-2026 09:40||NIFTY27JAN2625500CE,0.1059993925131493
23-01-2026 09:40||NIFTY27JAN2626000CE,0.1280987245043875
23-01-2026 09:45||NIFTY27JAN2623900PE,0.2354401019629345
23-01-2026 09:45||NIFTY27JAN2624100PE,0.21013976937243106
23-01-2026 09:45||NIFTY27JAN2624300PE,0.1846924783782442
23-01-2026 09:45||NIFTY27JAN2624800PE,0.1287797261769561
23-01-2026 09:45||NIFTY27JAN2624900PE,0.12040130353389483
23-01-2026 09:45||NIFTY27JAN2626100CE,0.14391522059075923
23-01-2026 09:45||NIFTY27JAN2626200CE,0.1547973560858532
23-01-2026 09:45||NIFTY27JAN2626400CE,0.1756095217433778
23-01-2026 09:50||NIFTY27JAN2623900PE,0.23824290704105658
23-01-2026 09:50||NIFTY27JAN2624200PE,0.20232255630061383
23-01-2026 09:50||NIFTY27JAN2624300PE,0.19009635689125565
23-01-2026 09:50||NIFTY27JAN2624400PE,0.17797855614107194
23-01-2026 09:50||NIFTY27JAN2624500PE,0.16590237582766326
23-01-2026 09:50||NIFTY27JAN2624700PE,0.1448299657995605
23-01-2026 09:50||NIFTY27JAN2625200CE,0.10866463845718374
23-01-2026 09:50||NIFTY27JAN2625300CE,0.10403938290480569
23-01-2026 09:50||NIFTY27JAN2625700CE,0.10576614161072304
23-01-2026 09:50||NIFTY27JAN2625800CE,0.1111780362082426
23-01-2026 09:50||NIFTY27JAN2626500CE,0.1789197266060505
23-01-2026 09:55||NIFTY27JAN2623800PE,0.249351312109874
23-01-2026 09:55||NIFTY27JAN2624200PE,0.1985179612107285
23-01-2026 09:55||NIFTY27JAN2624600PE,0.14967854529554656
23-01-2026 09:55||NIFTY27JAN2624800PE,0.1304806938745257
23-01-2026 09:55||NIFTY27JAN2625000PE,0.11539399193456704
23-01-2026 09:55||NIFTY27JAN2625200CE,0.12102453290647401
23-01-2026 09:55||NIFTY27JAN2625700CE,0.10949250104520195
23-01-2026 09:55||NIFTY27JAN2626000CE,0.130098142622942
23-01-2026 09:55||NIFTY27JAN2626300CE,0.16197064464243693
23-01-2026 10:00||NIFTY27JAN2624100PE,0.2125718961052347
23-01-2026 10:00||NIFTY27JAN2624700PE,0.1417973369272025
23-01-2026 10:00||NIFTY27JAN2625300CE,0.10950897146240508
23-01-2026 10:00||NIFTY27JAN2625900CE,0.1176973030245089
23-01-2026 10:00||NIFTY27JAN2626000CE,0.1277236037774525
23-01-2026 10:00||NIFTY27JAN2626100CE,0.13820023326589242
23-01-2026 10:00||NIFTY27JAN2626300CE,0.1592274231013195
23-01-2026 10:05||NIFTY27JAN2623800PE,0.25024203449103793
23-01-2026 10:05||NIFTY27JAN2624100PE,0.2120100112405457
23-01-2026 10:05||NIFTY27JAN2624500PE,0.16333412894643956
23-01-2026 10:05||NIFTY27JAN2624600PE,0.15200876477195957
23-01-2026 10:05||NIFTY27JAN2624800PE,0.13241896773320477
23-01-2026 10:05||NIFTY27JAN2625400CE,0.10031162041893668
23-01-2026 10:05||NIFTY27JAN2625900CE,0.1177068588977424
23-01-2026 10:05||NIFTY27JAN2626200CE,0.15040844133622128
23-01-2026 10:10||NIFTY27JAN2623800PE,0.2519768679308977
23-01-2026 10:10||NIFTY27JAN2623900PE,0.23808685402773433
23-01-2026 10:10||NIFTY27JAN2624000PE,0.22446707896072504
23-01-2026 10:10||NIFTY27JAN2624400PE,0.17375307474495189
23-01-2026 10:10||NIFTY27JAN2624600PE,0.1500275388441108
23-01-2026 10:10||NIFTY27JAN2624800PE,0.13065165275769958
23-01-2026 10:10||NIFTY27JAN2625300CE,0.10615096326376196
23-01-2026 10:15||NIFTY27JAN2624700PE,0.14292383149452353
23-01-2026 10:15||NIFTY27JAN2625700CE,0.10346520298784821
23-01-2026 10:15||NIFTY27JAN2625900CE,0.11897209618776626
23-01-2026 10:15||NIFTY27JAN2626000CE,0.12976604118928495
23-01-2026 10:15||NIFTY27JAN2626400CE,0.17414898262070208
23-01-2026 10:20||NIFTY27JAN2625700CE,0.10835141143571203
23-01-2026 10:20||NIFTY27JAN2625800CE,0.11453851192876424
23-01-2026 10:20||NIFTY27JAN2626100CE,0.1435563916758289
23-01-2026 10:20||NIFTY27JAN2626400CE,0.178954164534771
23-01-2026 10:20||NIFTY27JAN2626500CE,0.1914277746427904
23-01-2026 10:25||NIFTY27JAN2623800PE,0.24820283379446859
23-01-2026 10:25||NIFTY27JAN2624200PE,0.1952385899656558
23-01-2026 10:25||NIFTY27JAN2624400PE,0.16972950690578287
23-01-2026 10:25||NIFTY27JAN2624600PE,0.14554634388969817
23-01-2026 10:25||NIFTY27JAN2624700PE,0.13435410864675462
23-01-2026 10:25||NIFTY27JAN2625100PE,0.1001040708254822
23-01-2026 10:25||NIFTY27JAN2625400CE,0.11541089167595331
23-01-2026 10:25||NIFTY27JAN2625600CE,0.10989606604517127
23-01-2026 10:25||NIFTY27JAN2626000CE,0.13189191393338462
23-01-2026 10:25||NIFTY27JAN2626500CE,0.18524386277156868
23-01-2026 10:30||NIFTY27JAN2623800PE,0.2524714663085856
23-01-2026 10:30||NIFTY27JAN2624100PE,0.21305100615418793
23-01-2026 10:30||NIFTY27JAN2624300PE,0.18775658270001952
23-01-2026 10:30||NIFTY27JAN2624400PE,0.17482551923113915
23-01-2026 10:30||NIFTY27JAN2624600PE,0.15012691550164398
23-01-2026 10:30||NIFTY27JAN2625100PE,0.10659421689502377
23-01-2026 10:30||NIFTY27JAN2625400CE,0.10603153349949537
23-01-2026 10:30||NIFTY27JAN2625900CE,0.11731478026066577
23-01-2026 10:35||NIFTY27JAN2624000PE,0.22764084471860493
23-01-2026 10:35||NIFTY27JAN2624100PE,0.21503159249712261
23-01-2026 10:35||NIFTY27JAN2624200PE,0.20234994270563278
23-01-2026 10:35||NIFTY27JAN2624500PE,0.1646010669223772
23-01-2026 10:35||NIFTY27JAN2624900PE,0.12426892948322336
23-01-2026 10:35||NIFTY27JAN2625100PE,0.11022361050428385
23-01-2026 10:35||NIFTY27JAN2625600CE,0.10041871683577831
23-01-2026 10:35||NIFTY27JAN2625700CE,0.1032805829981709
23-01-2026 10:35||NIFTY27JAN2625900CE,0.11422506042274633
23-01-2026 10:35||NIFTY27JAN2626400CE,0.16999171496017892
23-01-2026 10:40||NIFTY27JAN2624000PE,0.225545678445629
23-01-2026 10:40||NIFTY27JAN2624600PE,0.1519123082330876
23-01-2026 10:40||NIFTY27JAN2624700PE,0.14144633857966382
23-01-2026 10:40||NIFTY27JAN2624800PE,0.1313898068837227
23-01-2026 10:40||NIFTY27JAN2625300CE,0.10627643195949617
23-01-2026 10:40||NIFTY27JAN2625700CE,0.10418509273981792
23-01-2026 10:40||NIFTY27JAN2625800CE,0.10966949923312672
23-01-2026 10:45||NIFTY27JAN2624100PE,0.21321736537050381
23-01-2026 10:45||NIFTY27JAN2625000PE,0.11712238645557446
23-01-2026 10:45||NIFTY27JAN2625100PE,0.11143551576483823
23-01-2026 10:45||NIFTY27JAN2625900CE,0.11477753286017638
23-01-2026 10:45||NIFTY27JAN2626200CE,0.14808891352845932
23-01-2026 10:45||NIFTY27JAN2626500CE,0.17949584145197217
23-01-2026 10:50||NIFTY27JAN2623900PE,0.23713231003092342
23-01-2026 10:50||NIFTY27JAN2625200CE,0.10814701379655008
23-01-2026 10:50||NIFTY27JAN2625400CE,0.10008004182756355
23-01-2026 10:50||NIFTY27JAN2625700CE,0.10256493804743383
23-01-2026 10:50||NIFTY27JAN2626200CE,0.14880043360208084
23-01-2026 10:50||NIFTY27JAN2626300CE,0.15974275279523173
23-01-2026 10:50||NIFTY27JAN2626400CE,0.1705810153924785
23-01-2026 10:55||NIFTY27JAN2623800PE,0.24964479543299117
23-01-2026 10:55||NIFTY27JAN2624600PE,0.14767535607416762
23-01-2026 10:55||NIFTY27JAN2624900PE,0.11841198102706688
23-01-2026 10:55||NIFTY27JAN2625000PE,0.11062406582610033
23-01-2026 10:55||NIFTY27JAN2625900CE,0.11799124115234408
23-01-2026 10:55||NIFTY27JAN2626200CE,0.15054094426439765
23-01-2026 11:00||NIFTY27JAN2624800PE,0.1294974915456047
23-01-2026 11:00||NIFTY27JAN2624900PE,0.12121072352145945
23-01-2026 11:00||NIFTY27JAN2625100PE,0.10791632001889026
23-01-2026 11:00||NIFTY27JAN2625400CE,0.09594063482469477
23-01-2026 11:00||NIFTY27JAN2625800CE,0.1071292366723085
23-01-2026 11:00||NIFTY27JAN2626000CE,0.12769631337322307
23-01-2026 11:00||NIFTY27JAN2626100CE,0.13938301118490248
23-01-2026 11:00||NIFTY27JAN2626200CE,0.15129364321854574
23-01-2026 11:00||NIFTY27JAN2626500CE,0.18419108094723669
23-01-2026 11:05||NIFTY27JAN2623900PE,0.23424570839057376
23-01-2026 11:05||NIFTY27JAN2624200PE,0.19666673219733197
23-01-2026 11:05||NIFTY27JAN2624500PE,0.15826279223055215
23-01-2026 11:05||NIFTY27JAN2625500CE,0.10390751369014609
23-01-2026 11:05||NIFTY27JAN2625600CE,0.10555464831063649
23-01-2026 11:05||NIFTY27JAN2625700CE,0.10751013218553829
23-01-2026 11:05||NIFTY27JAN2626200CE,0.15232036831216228
23-01-2026 11:05||NIFTY27JAN2626500CE,0.18635565816118677
23-01-2026 11:10||NIFTY27JAN2624000PE,0.22301497179552443
23-01-2026 11:10||NIFTY27JAN2624100PE,0.2101499657143566
23-01-2026 11:10||NIFTY27JAN2625300CE,0.10188672112835692
23-01-2026 11:10||NIFTY27JAN2626300CE,0.16210965495965832
23-01-2026 11:15||NIFTY27JAN2623900PE,0.23346816754292277
23-01-2026 11:15||NIFTY27JAN2624000PE,0.22109523984374418
23-01-2026 11:15||NIFTY27JAN2624200PE,0.19645657178488457
23-01-2026 11:15||NIFTY27JAN2624400PE,0.17190512641270667
23-01-2026 11:15||NIFTY27JAN2624800PE,0.1290489744022933
23-01-2026 11:15||NIFTY27JAN2624900PE,0.1209781335948979
23-01-2026 11:15||NIFTY27JAN2625200CE,0.10638493958954824
23-01-2026 11:15||NIFTY27JAN2625300CE,0.0982839248833405
23-01-2026 11:15||NIFTY27JAN2625400CE,0.09349775969066071
23-01-2026 11:15||NIFTY27JAN2625500CE,0.09201710358949729
23-01-2026 11:15||NIFTY27JAN2625700CE,0.09908520449644173
23-01-2026 11:15||NIFTY27JAN2626300CE,0.16235535447934757
23-01-2026 11:20||NIFTY27JAN2624100PE,0.20732306214753843
23-01-2026 11:20||NIFTY27JAN2624300PE,0.18187339880796688
23-01-2026 11:20||NIFTY27JAN2624400PE,0.16927223693771098
23-01-2026 11:20||NIFTY27JAN2624800PE,0.12389786702715995
23-01-2026 11:20||NIFTY27JAN2625100PE,0.10052954213906873
23-01-2026 11:20||NIFTY27JAN2625800CE,0.11064351287391558
23-01-2026 11:20||NIFTY27JAN2626000CE,0.130333903081777
23-01-2026 11:20||NIFTY27JAN2626200CE,0.15303139499696858
23-01-2026 11:20||NIFTY27JAN2626300CE,0.16422693489556495
23-01-2026 11:25||NIFTY27JAN2623800PE,0.2456347106021492
23-01-2026 11:25||NIFTY27JAN2623900PE,0.2337160008708825
23-01-2026 11:25||NIFTY27JAN2624900PE,0.11493624201426837
23-01-2026 11:25||NIFTY27JAN2625000PE,0.10677248040196968
23-01-2026 11:25||NIFTY27JAN2625200CE,0.1076286172717958
23-01-2026 11:25||NIFTY27JAN2625800CE,0.10949349187784575
23-01-2026 11:25||NIFTY27JAN2626000CE,0.12914849353292485
23-01-2026 11:25||NIFTY27JAN2626300CE,0.16319960784356838
23-01-2026 11:25||NIFTY27JAN2626400CE,0.17401368755859142
23-01-2026 11:30||NIFTY27JAN2624200PE,0.19690356476736992
23-01-2026 11:30||NIFTY27JAN2624700PE,0.13778155915481616
23-01-2026 11:30||NIFTY27JAN2624900PE,0.12097042056232059
23-01-2026 11:30||NIFTY27JAN2625000PE,0.11380834291389283
23-01-2026 11:30||NIFTY27JAN2625500CE,0.09160958515829246
23-01-2026 11:30||NIFTY27JAN2625800CE,0.1064148444700744
23-01-2026 11:30||NIFTY27JAN2626000CE,0.12728081833909716
23-01-2026 11:30||NIFTY27JAN2626100CE,0.1387780894596044
23-01-2026 11:30||NIFTY27JAN2626200CE,0.15071217212766544
23-01-2026 11:30||NIFTY27JAN2626400CE,0.17498522729299282
23-01-2026 11:30||NIFTY27JAN2626500CE,0.1868347046675103
23-01-2026 11:35||NIFTY27JAN2624100PE,0.20465076104945973
23-01-2026 11:35||NIFTY27JAN2624900PE,0.12181336027071091
23-01-2026 11:35||NIFTY27JAN2625400CE,0.09263517017333242
23-01-2026 11:35||NIFTY27JAN2626000CE,0.13202005596455554
23-01-2026 11:40||NIFTY27JAN2623900PE,0.22678550587379073
23-01-2026 11:40||NIFTY27JAN2624300PE,0.1764711938478778
23-01-2026 11:40||NIFTY27JAN2624800PE,0.12402992896337742
23-01-2026 11:40||NIFTY27JAN2624900PE,0.11674606576769112
23-01-2026 11:40||NIFTY27JAN2625400CE,0.09945176927090753
23-01-2026 11:40||NIFTY27JAN2625500CE,0.10076235243861995
23-01-2026 11:40||NIFTY27JAN2626300CE,0.17355617525907113
23-01-2026 11:40||NIFTY27JAN2626500CE,0.19338023346290406
23-01-2026 11:45||NIFTY27JAN2624000PE,0.21185798707654294
23-01-2026 11:45||NIFTY27JAN2624400PE,0.16439371551740822
23-01-2026 11:45||NIFTY27JAN2625300CE,0.09671966853789449
23-01-2026 11:45||NIFTY27JAN2625600CE,0.1052649680870148
23-01-2026 11:45||NIFTY27JAN2626100CE,0.15379093482668957
23-01-2026 11:45||NIFTY27JAN2626400CE,0.18635610824781842
23-01-2026 11:50||NIFTY27JAN2624000PE,0.20795987907367916
23-01-2026 11:50||NIFTY27JAN2624100PE,0.19487868174229261
23-01-2026 11:50||NIFTY27JAN2624300PE,0.17009278861819752
23-01-2026 11:50||NIFTY27JAN2624500PE,0.1473482260586974
23-01-2026 11:50||NIFTY27JAN2625200CE,0.11105660037370887
23-01-2026 11:50||NIFTY27JAN2625400CE,0.10779383909815757
23-01-2026 11:50||NIFTY27JAN2625500CE,0.1088452795171409
23-01-2026 11:50||NIFTY27JAN2625700CE,0.11530733567837836
23-01-2026 11:50||NIFTY27JAN2626000CE,0.14463619491641794
23-01-2026 11:50||NIFTY27JAN2626200CE,0.1666659105954666
23-01-2026 11:55||NIFTY27JAN2624800PE,0.12074057652325357
23-01-2026 11:55||NIFTY27JAN2625100PE,0.10241596570171095
23-01-2026 11:55||NIFTY27JAN2625500CE,0.10516762450218545
23-01-2026 11:55||NIFTY27JAN2625700CE,0.11352882911007425
23-01-2026 11:55||NIFTY27JAN2626000CE,0.14203386728882855
23-01-2026 11:55||NIFTY27JAN2626200CE,0.16444383289033984
23-01-2026 11:55||NIFTY27JAN2626400CE,0.18601365835731576
23-01-2026 11:55||NIFTY27JAN2626500CE,0.19642263371451912
23-01-2026 12:00||NIFTY27JAN2623900PE,0.22329840683088084
23-01-2026 12:00||NIFTY27JAN2624000PE,0.21065074628034547
23-01-2026 12:00||NIFTY27JAN2624300PE,0.17249530439846023
23-01-2026 12:00||NIFTY27JAN2624700PE,0.1281915970485858
23-01-2026 12:00||NIFTY27JAN2624800PE,0.11968675548532176
23-01-2026 12:00||NIFTY27JAN2625200CE,0.10828502552490868
23-01-2026 12:00||NIFTY27JAN2625600CE,0.10797790280247195
23-01-2026 12:00||NIFTY27JAN2625800CE,0.1219790706042671
23-01-2026 12:00||NIFTY27JAN2625900CE,0.13224849661161497
23-01-2026 12:00||NIFTY27JAN2626400CE,0.1861642899122956
23-01-2026 12:05||NIFTY27JAN2624600PE,0.1403478691412292
23-01-2026 12:05||NIFTY27JAN2624700PE,0.13187982768869083
23-01-2026 12:05||NIFTY27JAN2624900PE,0.11798534816023937
23-01-2026 12:05||NIFTY27JAN2625300CE,0.09786804878531308
23-01-2026 12:05||NIFTY27JAN2625400CE,0.09896692879484843
23-01-2026 12:05||NIFTY27JAN2625800CE,0.12064439966643808
23-01-2026 12:05||NIFTY27JAN2626400CE,0.18680582199785606
23-01-2026 12:10||NIFTY27JAN2623900PE,0.21986506007896028
23-01-2026 12:10||NIFTY27JAN2624000PE,0.20719575494594542
23-01-2026 12:10||NIFTY27JAN2624100PE,0.1946170702917481
23-01-2026 12:10||NIFTY27JAN2624200PE,0.18199664581608266
23-01-2026 12:10||NIFTY27JAN2624500PE,0.14669650432547449
23-01-2026 12:10||NIFTY27JAN2625000PE,0.10707370674532647
23-01-2026 12:10||NIFTY27JAN2625200CE,0.1055546670581383
23-01-2026 12:10||NIFTY27JAN2625700CE,0.11615433552738212
23-01-2026 12:10||NIFTY27JAN2626200CE,0.1678803226805603
23-01-2026 12:10||NIFTY27JAN2626500CE,0.1985313952859559
23-01-2026 12:15||NIFTY27JAN2624400PE,0.15691964347928905
23-01-2026 12:15||NIFTY27JAN2625000PE,0.09753183033262167
23-01-2026 12:15||NIFTY27JAN2625500CE,0.11127961935283848
23-01-2026 12:15||NIFTY27JAN2626100CE,0.15604566147627852
23-01-2026 12:15||NIFTY27JAN2626300CE,0.17740519832592072
23-01-2026 12:15||NIFTY27JAN2626500CE,0.19794396654126659
23-01-2026 12:20||NIFTY27JAN2624200PE,0.1859712507264486
23-01-2026 12:20||NIFTY27JAN2625200CE,0.10334334287071212
23-01-2026 12:20||NIFTY27JAN2625300CE,0.09974340551634936
23-01-2026 12:20||NIFTY27JAN2625400CE,0.09866208779623027
23-01-2026 12:20||NIFTY27JAN2625600CE,0.10417236215434465
23-01-2026 12:20||NIFTY27JAN2625800CE,0.11926726803587383
23-01-2026 12:20||NIFTY27JAN2626100CE,0.15273305891510167
23-01-2026 12:25||NIFTY27JAN2624000PE,0.20935775730646322
23-01-2026 12:25||NIFTY27JAN2624300PE,0.1710092206426922
23-01-2026 12:25||NIFTY27JAN2624500PE,0.14704295132073358
23-01-2026 12:25||NIFTY27JAN2624600PE,0.13567400476614594
23-01-2026 12:25||NIFTY27JAN2624900PE,0.10884336597240048
23-01-2026 12:25||NIFTY27JAN2625400CE,0.10529036730836025
23-01-2026 12:25||NIFTY27JAN2625600CE,0.1084940819097001
23-01-2026 12:25||NIFTY27JAN2626300CE,0.17607127981330783
23-01-2026 12:25||NIFTY27JAN2626400CE,0.18694848407334214
23-01-2026 12:30||NIFTY27JAN2623800PE,0.2356147830610691
23-01-2026 12:30||NIFTY27JAN2624100PE,0.19627247989345536
23-01-2026 12:30||NIFTY27JAN2624200PE,0.18368072728225343
23-01-2026 12:30||NIFTY27JAN2624500PE,0.1459028283004264
23-01-2026 12:30||NIFTY27JAN2625200CE,0.10787623774423233
23-01-2026 12:30||NIFTY27JAN2625400CE,0.10396782098056952
23-01-2026 12:30||NIFTY27JAN2625700CE,0.11373480240786457
23-01-2026 12:30||NIFTY27JAN2625900CE,0.1318106968966697
23-01-2026 12:30||NIFTY27JAN2626100CE,0.1543446792093351
23-01-2026 12:30||NIFTY27JAN2626200CE,0.16547262253043404
23-01-2026 12:30||NIFTY27JAN2626300CE,0.1765471743854828
23-01-2026 12:35||NIFTY27JAN2623900PE,0.22243570624999823
23-01-2026 12:35||NIFTY27JAN2624100PE,0.1966494435756367
23-01-2026 12:35||NIFTY27JAN2624400PE,0.15802985760468002
23-01-2026 12:35||NIFTY27JAN2624600PE,0.13401209903273603
23-01-2026 12:35||NIFTY27JAN2625100PE,0.09088878150716423
23-01-2026 12:35||NIFTY27JAN2625300CE,0.10854890580341703
23-01-2026 12:35||NIFTY27JAN2625700CE,0.11448616447439515
23-01-2026 12:35||NIFTY27JAN2626100CE,0.1538488600981123
23-01-2026 12:35||NIFTY27JAN2626300CE,0.17560677411444536
23-01-2026 12:40||NIFTY27JAN2624200PE,0.18244033994666647
23-01-2026 12:40||NIFTY27JAN2624300PE,0.16965182804666634
23-01-2026 12:40||NIFTY27JAN2624500PE,0.14471137964597508
23-01-2026 12:40||NIFTY27JAN2624600PE,0.1325895580145049
23-01-2026 12:40||NIFTY27JAN2624900PE,0.10390885505626148
23-01-2026 12:40||NIFTY27JAN2625000PE,0.09637945550020527
23-01-2026 12:40||NIFTY27JAN2625300CE,0.10941889435706084
23-01-2026 12:40||NIFTY27JAN2626000CE,0.1416718063921306
23-01-2026 12:40||NIFTY27JAN2626100CE,0.1530863041868236
23-01-2026 12:45||NIFTY27JAN2623800PE,0.23565027489506163
23-01-2026 12:45||NIFTY27JAN2623900PE,0.22358713686462578
23-01-2026 12:45||NIFTY27JAN2624600PE,0.13884083237861844
23-01-2026 12:45||NIFTY27JAN2625700CE,0.10687631726716283
23-01-2026 12:45||NIFTY27JAN2625900CE,0.12499171040816343
23-01-2026 12:45||NIFTY27JAN2626200CE,0.159049197840563
23-01-2026 12:45||NIFTY27JAN2626400CE,0.1818504726455248
23-01-2026 12:50||NIFTY27JAN2623800PE,0.2343898647278979
23-01-2026 12:50||NIFTY27JAN2624400PE,0.1568793101618453
23-01-2026 12:50||NIFTY27JAN2624700PE,0.12123044122832682
23-01-2026 12:50||NIFTY27JAN2624800PE,0.11127359889845392
23-01-2026 12:50||NIFTY27JAN2625300CE,0.1112470726233698
23-01-2026 12:50||NIFTY27JAN2625600CE,0.10984295011197132
23-01-2026 12:50||NIFTY27JAN2625700CE,0.11469328036425355
23-01-2026 12:50||NIFTY27JAN2626000CE,0.1405283392472753
23-01-2026 12:50||NIFTY27JAN2626300CE,0.17407655492219526
23-01-2026 12:50||NIFTY27JAN2626400CE,0.18538368444381356
23-01-2026 12:55||NIFTY27JAN2624200PE,0.18724834237313165
23-01-2026 12:55||NIFTY27JAN2624500PE,0.1485720915671926
23-01-2026 12:55||NIFTY27JAN2624800PE,0.11823076053936281
23-01-2026 12:55||NIFTY27JAN2625300CE,0.0926071208455242
23-01-2026 12:55||NIFTY27JAN2625400CE,0.09385048221773963
23-01-2026 12:55||NIFTY27JAN2625600CE,0.09987964253363335
23-01-2026 12:55||NIFTY27JAN2625800CE,0.11617716594081025
23-01-2026 12:55||NIFTY27JAN2626000CE,0.13867782401642723
23-01-2026 12:55||NIFTY27JAN2626200CE,0.161864613026363
23-01-2026 12:55||NIFTY27JAN2626400CE,0.18432957893061228
23-01-2026 13:00||NIFTY27JAN2624400PE,0.15637246739914742
23-01-2026 13:00||NIFTY27JAN2624700PE,0.12269171399258877
23-01-2026 13:00||NIFTY27JAN2624800PE,0.11373089772955408
23-01-2026 13:00||NIFTY27JAN2624900PE,0.10512430190396634
23-01-2026 13:00||NIFTY27JAN2625700CE,0.11435095909452393
23-01-2026 13:00||NIFTY27JAN2626000CE,0.14469639639879261
23-01-2026 13:05||NIFTY27JAN2623800PE,0.23154460217083933
23-01-2026 13:05||NIFTY27JAN2624100PE,0.19471511716257173
23-01-2026 13:05||NIFTY27JAN2625100PE,0.09012705617389968
23-01-2026 13:05||NIFTY27JAN2625200CE,0.10384228215846301
23-01-2026 13:05||NIFTY27JAN2625900CE,0.13358703178012582
23-01-2026 13:10||NIFTY27JAN2623800PE,0.23769315601079286
23-01-2026 13:10||NIFTY27JAN2623900PE,0.22413435852323874
23-01-2026 13:10||NIFTY27JAN2624000PE,0.2105701183661858
23-01-2026 13:10||NIFTY27JAN2624100PE,0.19693206285258322
23-01-2026 13:10||NIFTY27JAN2624700PE,0.12171451634609248
23-01-2026 13:10||NIFTY27JAN2624900PE,0.10433541355244914
23-01-2026 13:10||NIFTY27JAN2625100PE,0.09214233790329464
23-01-2026 13:10||NIFTY27JAN2625800CE,0.12187107986409655
23-01-2026 13:10||NIFTY27JAN2626000CE,0.14418195196147265
23-01-2026 13:10||NIFTY27JAN2626200CE,0.1670650576580095
23-01-2026 13:10||NIFTY27JAN2626400CE,0.18976940219565652
23-01-2026 13:15||NIFTY27JAN2623800PE,0.22738490468160974
23-01-2026 13:15||NIFTY27JAN2624200PE,0.17961432864966587
23-01-2026 13:15||NIFTY27JAN2624300PE,0.16689895014347267
23-01-2026 13:15||NIFTY27JAN2624500PE,0.14297040434841313
23-01-2026 13:15||NIFTY27JAN2625300CE,0.09513545391638238
23-01-2026 13:15||NIFTY27JAN2625600CE,0.10862423123439348
23-01-2026 13:15||NIFTY27JAN2625900CE,0.13799859446178608
23-01-2026 13:15||NIFTY27JAN2626000CE,0.14947735357467778
23-01-2026 13:15||NIFTY27JAN2626100CE,0.16100439541343864
23-01-2026 13:15||NIFTY27JAN2626400CE,0.19513157112233254
23-01-2026 13:20||NIFTY27JAN2624700PE,0.12291679749347162
23-01-2026 13:20||NIFTY27JAN2624800PE,0.11581346254099839
23-01-2026 13:20||NIFTY27JAN2625000PE,0.1031180857233347
23-01-2026 13:20||NIFTY27JAN2625700CE,0.12321470401563224
23-01-2026 13:20||NIFTY27JAN2626200CE,0.17712782851204567
23-01-2026 13:20||NIFTY27JAN2626500CE,0.21025529248496996
23-01-2026 13:25||NIFTY27JAN2623900PE,0.21242332302131656
23-01-2026 13:25||NIFTY27JAN2624100PE,0.1874954624221702
23-01-2026 13:25||NIFTY27JAN2624500PE,0.13932950413372275
23-01-2026 13:25||NIFTY27JAN2625000PE,0.10272640207882669
23-01-2026 13:25||NIFTY27JAN2625400CE,0.10393615101985178
23-01-2026 13:25||NIFTY27JAN2626000CE,0.15611954324483818
23-01-2026 13:30||NIFTY27JAN2624600PE,0.1371090214434315
23-01-2026 13:30||NIFTY27JAN2624700PE,0.13039127643488102
23-01-2026 13:30||NIFTY27JAN2624800PE,0.12429747912523043
23-01-2026 13:30||NIFTY27JAN2625000PE,0.11615114003171206
23-01-2026 13:30||NIFTY27JAN2625200CE,0.0998896518188831
23-01-2026 13:30||NIFTY27JAN2625300CE,0.10355208704341745
23-01-2026 13:30||NIFTY27JAN2625400CE,0.10868208182869543
23-01-2026 13:30||NIFTY27JAN2625700CE,0.13296791164343716
23-01-2026 13:30||NIFTY27JAN2625800CE,0.14371283754037495
23-01-2026 13:30||NIFTY27JAN2626000CE,0.1658935086588736
23-01-2026 13:30||NIFTY27JAN2626100CE,0.17730392866200584
23-01-2026 13:35||NIFTY27JAN2623900PE,0.20877810060436108
23-01-2026 13:35||NIFTY27JAN2624100PE,0.1839148560915071
23-01-2026 13:35||NIFTY27JAN2624900PE,0.11150992258568809
23-01-2026 13:35||NIFTY27JAN2625600CE,0.12545432704505483
23-01-2026 13:35||NIFTY27JAN2626000CE,0.16697671867807384
23-01-2026 13:35||NIFTY27JAN2626200CE,0.18972397952816764
23-01-2026 13:35||NIFTY27JAN2626500CE,0.22168348686271078
23-01-2026 13:40||NIFTY27JAN2623900PE,0.21302413050327984
23-01-2026 13:40||NIFTY27JAN2624300PE,0.16530723558187663
23-01-2026 13:40||NIFTY27JAN2624600PE,0.1374152854559079
23-01-2026 13:40||NIFTY27JAN2624800PE,0.12686135673592758
23-01-2026 13:40||NIFTY27JAN2624900PE,0.12306397324518534
23-01-2026 13:40||NIFTY27JAN2625700CE,0.13514635864560906
23-01-2026 13:40||NIFTY27JAN2625800CE,0.14570031726251967
23-01-2026 13:40||NIFTY27JAN2626300CE,0.2011370310418476
23-01-2026 13:40||NIFTY27JAN2626400CE,0.21251240162008683
23-01-2026 13:40||NIFTY27JAN2626500CE,0.2244476690805681
23-01-2026 13:45||NIFTY27JAN2623900PE,0.20656707583598394
23-01-2026 13:45||NIFTY27JAN2624000PE,0.19415748478669453
23-01-2026 13:45||NIFTY27JAN2624200PE,0.1687936455027253
23-01-2026 13:45||NIFTY27JAN2624500PE,0.13615421343660863
23-01-2026 13:45||NIFTY27JAN2624600PE,0.12711078240500456
23-01-2026 13:45||NIFTY27JAN2625000PE,0.10173151928502577
23-01-2026 13:45||NIFTY27JAN2625300CE,0.11406844822876294
23-01-2026 13:45||NIFTY27JAN2625700CE,0.13957463964965622
23-01-2026 13:45||NIFTY27JAN2626100CE,0.18308781015699072
23-01-2026 13:45||NIFTY27JAN2626300CE,0.20517041784539375
23-01-2026 13:45||NIFTY27JAN2626400CE,0.21626074632299086
23-01-2026 13:50||NIFTY27JAN2624000PE,0.1946397947450856
23-01-2026 13:50||NIFTY27JAN2624300PE,0.15725237455292818
23-01-2026 13:50||NIFTY27JAN2624500PE,0.13558886401989048
23-01-2026 13:50||NIFTY27JAN2625100PE,0.09752999064286814
23-01-2026 13:50||NIFTY27JAN2626400CE,0.2176491412813858
23-01-2026 13:55||NIFTY27JAN2624700PE,0.1215887086085953
23-01-2026 13:55||NIFTY27JAN2625000PE,0.10546010366882186
23-01-2026 13:55||NIFTY27JAN2625500CE,0.12353620031212416
23-01-2026 13:55||NIFTY27JAN2625700CE,0.13934204208765605
23-01-2026 13:55||NIFTY27JAN2625800CE,0.14938422057276263
23-01-2026 13:55||NIFTY27JAN2626200CE,0.1935506014737428
23-01-2026 13:55||NIFTY27JAN2626400CE,0.21619571014086192
23-01-2026 13:55||NIFTY27JAN2626500CE,0.2273726310003359
23-01-2026 14:00||NIFTY27JAN2624200PE,0.1691726949550108
23-01-2026 14:00||NIFTY27JAN2624300PE,0.15700538401290953
23-01-2026 14:00||NIFTY27JAN2625300CE,0.11696551667398594
23-01-2026 14:00||NIFTY27JAN2625400CE,0.12058568209411633
23-01-2026 14:00||NIFTY27JAN2625500CE,0.12479248601726625
23-01-2026 14:00||NIFTY27JAN2625800CE,0.14786173782684747
23-01-2026 14:05||NIFTY27JAN2623800PE,0.2208028642747646
23-01-2026 14:05||NIFTY27JAN2624200PE,0.17101111101823738
23-01-2026 14:05||NIFTY27JAN2624800PE,0.11228795670749311
23-01-2026 14:05||NIFTY27JAN2625800CE,0.1459443518557945
23-01-2026 14:05||NIFTY27JAN2626100CE,0.17845353986289508
23-01-2026 14:05||NIFTY27JAN2626300CE,0.20053509050203752
23-01-2026 14:10||NIFTY27JAN2623900PE,0.20868232213745003
23-01-2026 14:10||NIFTY27JAN2624100PE,0.18299036297653776
23-01-2026 14:10||NIFTY27JAN2624700PE,0.11724116127406962
23-01-2026 14:10||NIFTY27JAN2625800CE,0.14764700205339726
23-01-2026 14:10||NIFTY27JAN2626400CE,0.21301462537983795
23-01-2026 14:15||NIFTY27JAN2624200PE,0.17591260661837183
23-01-2026 14:15||NIFTY27JAN2624400PE,0.15248271974733307
23-01-2026 14:15||NIFTY27JAN2624600PE,0.1331590866925106
23-01-2026 14:15||NIFTY27JAN2625000PE,0.11377568682526693
23-01-2026 14:15||NIFTY27JAN2625400CE,0.10896493699291832
23-01-2026 14:15||NIFTY27JAN2625500CE,0.11522165722779606
23-01-2026 14:15||NIFTY27JAN2626000CE,0.1623099265574014
23-01-2026 14:15||NIFTY27JAN2626400CE,0.20643767576280947
23-01-2026 14:20||NIFTY27JAN2624000PE,0.19757915147167845
23-01-2026 14:20||NIFTY27JAN2624100PE,0.18480906431004124
23-01-2026 14:20||NIFTY27JAN2624300PE,0.16017320153257586
23-01-2026 14:20||NIFTY27JAN2624800PE,0.11641257996954026
23-01-2026 14:20||NIFTY27JAN2625400CE,0.11320351126872118
23-01-2026 14:20||NIFTY27JAN2625600CE,0.12640966913069573
23-01-2026 14:20||NIFTY27JAN2625800CE,0.14513637422978887
23-01-2026 14:20||NIFTY27JAN2626400CE,0.2101809682138976
23-01-2026 14:20||NIFTY27JAN2626500CE,0.22160263554939957
23-01-2026 14:25||NIFTY27JAN2624200PE,0.16695472577667358
23-01-2026 14:25||NIFTY27JAN2624400PE,0.14230119476123648
23-01-2026 14:25||NIFTY27JAN2624500PE,0.13077453527653554
23-01-2026 14:25||NIFTY27JAN2625200CE,0.11132261621391924
23-01-2026 14:25||NIFTY27JAN2625400CE,0.11805965351183476
23-01-2026 14:25||NIFTY27JAN2625600CE,0.12838004659907648
23-01-2026 14:25||NIFTY27JAN2626100CE,0.1773458751259354
23-01-2026 14:25||NIFTY27JAN2626200CE,0.18828735197190932
23-01-2026 14:25||NIFTY27JAN2626300CE,0.19913332820767954
23-01-2026 14:25||NIFTY27JAN2626400CE,0.2098963031361522
23-01-2026 14:30||NIFTY27JAN2623900PE,0.2109921245748235
23-01-2026 14:30||NIFTY27JAN2624600PE,0.12349973963469803
23-01-2026 14:30||NIFTY27JAN2625700CE,0.13455274458793648
23-01-2026 14:35||NIFTY27JAN2623900PE,0.21104859091902445
23-01-2026 14:35||NIFTY27JAN2624500PE,0.13482980531484928
23-01-2026 14:35||NIFTY27JAN2624700PE,0.11622632223147147
23-01-2026 14:35||NIFTY27JAN2625400CE,0.11100154829548486
23-01-2026 14:35||NIFTY27JAN2625600CE,0.12156009654687597
23-01-2026 14:35||NIFTY27JAN2625800CE,0.139449118859077
23-01-2026 14:35||NIFTY27JAN2625900CE,0.1497499640822123
23-01-2026 14:35||NIFTY27JAN2626000CE,0.16043096696711662
23-01-2026 14:35||NIFTY27JAN2626300CE,0.19430872052833548
23-01-2026 14:40||NIFTY27JAN2623900PE,0.2130141799058879
23-01-2026 14:40||NIFTY27JAN2624300PE,0.16172109459537565
23-01-2026 14:40||NIFTY27JAN2624400PE,0.1495598681468496
23-01-2026 14:40||NIFTY27JAN2625000PE,0.10157137561805499
23-01-2026 14:40||NIFTY27JAN2625100PE,0.0988215751832896
23-01-2026 14:40||NIFTY27JAN2625200CE,0.10254983994048872
23-01-2026 14:40||NIFTY27JAN2625700CE,0.13277247195690217
23-01-2026 14:40||NIFTY27JAN2625800CE,0.14253133390772738
23-01-2026 14:40||NIFTY27JAN2626400CE,0.20602356515908515
23-01-2026 14:45||NIFTY27JAN2623800PE,0.221590804052124
23-01-2026 14:45||NIFTY27JAN2624400PE,0.14966849149342962
23-01-2026 14:45||NIFTY27JAN2624700PE,0.12177623409157531
23-01-2026 14:45||NIFTY27JAN2624900PE,0.11068578505658422
23-01-2026 14:45||NIFTY27JAN2625100PE,0.10474895997332338
23-01-2026 14:45||NIFTY27JAN2625400CE,0.10948841068073298
23-01-2026 14:45||NIFTY27JAN2625600CE,0.12352221689152078
23-01-2026 14:45||NIFTY27JAN2625900CE,0.15278701791966698
23-01-2026 14:45||NIFTY27JAN2626000CE,0.16301895685604645
23-01-2026 14:45||NIFTY27JAN2626200CE,0.1848428882450998
23-01-2026 14:50||NIFTY27JAN2623800PE,0.2194846903111908
23-01-2026 14:50||NIFTY27JAN2623900PE,0.20631149556377806
23-01-2026 14:50||NIFTY27JAN2624100PE,0.1801821528979286
23-01-2026 14:50||NIFTY27JAN2624500PE,0.13080897931107324
23-01-2026 14:50||NIFTY27JAN2624800PE,0.10365413734248016
23-01-2026 14:50||NIFTY27JAN2625100PE,0.08719091551341145
23-01-2026 14:50||NIFTY27JAN2625200CE,0.09877205831271416
23-01-2026 14:50||NIFTY27JAN2625300CE,0.104670604195912
23-01-2026 14:50||NIFTY27JAN2625400CE,0.11157089640601121
23-01-2026 14:50||NIFTY27JAN2625500CE,0.11934360092690974
23-01-2026 14:50||NIFTY27JAN2626000CE,0.16658663284553493
23-01-2026 14:50||NIFTY27JAN2626500CE,0.22115831628900395
23-01-2026 14:55||NIFTY27JAN2623900PE,0.21091410717551806
23-01-2026 14:55||NIFTY27JAN2624200PE,0.1722523928161535
23-01-2026 14:55||NIFTY27JAN2624400PE,0.1474174063677555
23-01-2026 14:55||NIFTY27JAN2625200CE,0.10283628615031662
23-01-2026 14:55||NIFTY27JAN2625700CE,0.13014169026864655
23-01-2026 14:55||NIFTY27JAN2625900CE,0.15034854701961328
23-01-2026 14:55||NIFTY27JAN2626200CE,0.18277407027507014
23-01-2026 15:00||NIFTY27JAN2623900PE,0.21014667202016252
23-01-2026 15:00||NIFTY27JAN2624100PE,0.18472880889274418
23-01-2026 15:00||NIFTY27JAN2624300PE,0.1592385108085757
23-01-2026 15:00||NIFTY27JAN2624600PE,0.12617894660891998
23-01-2026 15:00||NIFTY27JAN2625700CE,0.13659480635830684
23-01-2026 15:05||NIFTY27JAN2623900PE,0.2075203163998946
23-01-2026 15:05||NIFTY27JAN2624800PE,0.12037486637341885
23-01-2026 15:05||NIFTY27JAN2625000PE,0.11635150046817228
23-01-2026 15:05||NIFTY27JAN2625500CE,0.11755562833825293
23-01-2026 15:05||NIFTY27JAN2626200CE,0.19304471074332452
23-01-2026 15:10||NIFTY27JAN2623800PE,0.21805765497461066
23-01-2026 15:10||NIFTY27JAN2624000PE,0.19287094231694257
23-01-2026 15:10||NIFTY27JAN2624200PE,0.16746567294724612
23-01-2026 15:10||NIFTY27JAN2624400PE,0.14350375745623623
23-01-2026 15:10||NIFTY27JAN2624600PE,0.12310953644428899
23-01-2026 15:10||NIFTY27JAN2625000PE,0.09975812626422464
23-01-2026 15:10||NIFTY27JAN2625200CE,0.0990337828046081
23-01-2026 15:10||NIFTY27JAN2625300CE,0.1055802565399094
23-01-2026 15:10||NIFTY27JAN2625400CE,0.11302346030157889
23-01-2026 15:10||NIFTY27JAN2625700CE,0.1407335369195651
23-01-2026 15:10||NIFTY27JAN2626100CE,0.18371992981321822
23-01-2026 15:10||NIFTY27JAN2626200CE,0.19500225166893467
23-01-2026 15:10||NIFTY27JAN2626300CE,0.20611645082697347
23-01-2026 15:15||NIFTY27JAN2624100PE,0.18221550934840908
23-01-2026 15:15||NIFTY27JAN2624200PE,0.16871587740963226
23-01-2026 15:15||NIFTY27JAN2625000PE,0.10598955843637266
23-01-2026 15:15||NIFTY27JAN2625100PE,0.10706145326187681
23-01-2026 15:15||NIFTY27JAN2625300CE,0.10797246665996954
23-01-2026 15:15||NIFTY27JAN2626500CE,0.2271191622918792
23-01-2026 15:20||NIFTY27JAN2623800PE,0.22065623257565284
23-01-2026 15:20||NIFTY27JAN2623900PE,0.2068667618641212
23-01-2026 15:20||NIFTY27JAN2624800PE,0.10402001328009977
23-01-2026 15:20||NIFTY27JAN2625400CE,0.12157713444346716
23-01-2026 15:20||NIFTY27JAN2625500CE,0.12762990620564663
23-01-2026 15:20||NIFTY27JAN2625700CE,0.14325554898271115
23-01-2026 15:20||NIFTY27JAN2625900CE,0.16401283068288697
23-01-2026 15:20||NIFTY27JAN2626200CE,0.19654975751216436
23-01-2026 15:25||NIFTY27JAN2624100PE,0.17739079054309487
23-01-2026 15:25||NIFTY27JAN2624500PE,0.12939180861203978
23-01-2026 15:25||NIFTY27JAN2624600PE,0.11858566148115057
23-01-2026 15:25||NIFTY27JAN2625100PE,0.0931099136512286
23-01-2026 15:25||NIFTY27JAN2625700CE,0.14176135072304158
23-01-2026 15:25||NIFTY27JAN2626300CE,0.20877941515675658
27-01-2026 09:15||NIFTY27JAN2624300PE,0.5612817759574175
27-01-2026 09:15||NIFTY27JAN2624400PE,0.5232625370943716
27-01-2026 09:15||NIFTY27JAN2624700PE,0.47431385323051073
27-01-2026 09:15||NIFTY27JAN2624900PE,0.4949938484572997
27-01-2026 09:15||NIFTY27JAN2625600CE,0.39390113554407546
27-01-2026 09:15||NIFTY27JAN2625700CE,0.4365284787432604
27-01-2026 09:15||NIFTY27JAN2625800CE,0.4807946908569899
27-01-2026 09:15||NIFTY27JAN2626100CE,0.6307987507334573
27-01-2026 09:15||NIFTY27JAN2626200CE,0.6891101417720176
27-01-2026 09:15||NIFTY27JAN2626300CE,0.7495227500027896
27-01-2026 09:15||NIFTY27JAN2626400CE,0.8118463393986646
27-01-2026 09:15||NIFTY27JAN2626500CE,0.8761455830977909
27-01-2026 09:20||NIFTY27JAN2623900PE,0.6801190333460259
27-01-2026 09:20||NIFTY27JAN2624400PE,0.43869042163022565
27-01-2026 09:20||NIFTY27JAN2624600PE,0.3901381902640203
27-01-2026 09:20||NIFTY27JAN2624800PE,0.38796830833495843
27-01-2026 09:20||NIFTY27JAN2624900PE,0.3980775217843898
27-01-2026 09:20||NIFTY27JAN2625100PE,0.44362435328180017
27-01-2026 09:20||NIFTY27JAN2625200CE,0.3561688846731054
27-01-2026 09:20||NIFTY27JAN2625400CE,0.41296528592284776
27-01-2026 09:20||NIFTY27JAN2625500CE,0.4476106794168947
27-01-2026 09:20||NIFTY27JAN2625600CE,0.48407711366968337
27-01-2026 09:20||NIFTY27JAN2625700CE,0.5208695486054575
27-01-2026 09:20||NIFTY27JAN2626100CE,0.7105452738992275
27-01-2026 09:20||NIFTY27JAN2626300CE,0.8053463270938408
27-01-2026 09:20||NIFTY27JAN2626500CE,0.8895798678248352
27-01-2026 09:25||NIFTY27JAN2623900PE,0.6542604129834768
27-01-2026 09:25||NIFTY27JAN2624100PE,0.5557583657516905
27-01-2026 09:25||NIFTY27JAN2624200PE,0.5044652754200177
27-01-2026 09:25||NIFTY27JAN2624400PE,0.40766594922456356
27-01-2026 09:25||NIFTY27JAN2624600PE,0.3508896748818504
27-01-2026 09:25||NIFTY27JAN2624700PE,0.3342870477406763
27-01-2026 09:25||NIFTY27JAN2625000PE,0.3061986971562799
27-01-2026 09:25||NIFTY27JAN2625100PE,0.30353493980376756
27-01-2026 09:25||NIFTY27JAN2625200CE,0.395429188671959
27-01-2026 09:25||NIFTY27JAN2625400CE,0.44207375633835533
27-01-2026 09:25||NIFTY27JAN2625500CE,0.4728368907107837
27-01-2026 09:25||NIFTY27JAN2625600CE,0.505760721030771
27-01-2026 09:25||NIFTY27JAN2625900CE,0.6348157024093448
27-01-2026 09:25||NIFTY27JAN2626100CE,0.7350305203274821
27-01-2026 09:25||NIFTY27JAN2626200CE,0.7838133197419768
27-01-2026 09:25||NIFTY27JAN2626500CE,0.920414952114919
27-01-2026 09:30||NIFTY27JAN2624100PE,0.5626616727882578
27-01-2026 09:30||NIFTY27JAN2624400PE,0.40485157472207406
27-01-2026 09:30||NIFTY27JAN2624800PE,0.2919108932406029
27-01-2026 09:30||NIFTY27JAN2624900PE,0.2986803123115413
27-01-2026 09:30||NIFTY27JAN2625000PE,0.322374704246062
27-01-2026 09:30||NIFTY27JAN2625100PE,0.3644537346672677
27-01-2026 09:30||NIFTY27JAN2625400CE,0.45309383378347223
27-01-2026 09:30||NIFTY27JAN2625500CE,0.4796984316821894
27-01-2026 09:30||NIFTY27JAN2625600CE,0.5112196900518665
27-01-2026 09:30||NIFTY27JAN2625800CE,0.5867938952740206
27-01-2026 09:30||NIFTY27JAN2626000CE,0.6880601739000395
27-01-2026 09:30||NIFTY27JAN2626100CE,0.7404557652098573
27-01-2026 09:30||NIFTY27JAN2626400CE,0.8767409619998644
27-01-2026 09:30||NIFTY27JAN2626500CE,0.9138446973596117
27-01-2026 09:35||NIFTY27JAN2623800PE,0.741979871686799
27-01-2026 09:35||NIFTY27JAN2624200PE,0.5491864457022075
27-01-2026 09:35||NIFTY27JAN2624300PE,0.49800362397115433
27-01-2026 09:35||NIFTY27JAN2624500PE,0.4010052795445189
27-01-2026 09:35||NIFTY27JAN2624800PE,0.29015286946486396
27-01-2026 09:35||NIFTY27JAN2625600CE,0.45944033372966575
27-01-2026 09:35||NIFTY27JAN2625700CE,0.49519151318488375
27-01-2026 09:35||NIFTY27JAN2626200CE,0.7226830909416637
27-01-2026 09:35||NIFTY27JAN2626400CE,0.8118283327617953
27-01-2026 09:40||NIFTY27JAN2623800PE,0.7794135067548095
27-01-2026 09:40||NIFTY27JAN2623900PE,0.7393717242655693
27-01-2026 09:40||NIFTY27JAN2624000PE,0.6964067532354861
27-01-2026 09:40||NIFTY27JAN2624300PE,0.5514233777790376
27-01-2026 09:40||NIFTY27JAN2625200CE,0.45420151411196713
27-01-2026 09:40||NIFTY27JAN2625800CE,0.4938968042370733
27-01-2026 09:40||NIFTY27JAN2626500CE,0.8009491034754924
27-01-2026 09:45||NIFTY27JAN2623800PE,0.8508448199773383
27-01-2026 09:45||NIFTY27JAN2623900PE,0.797805915597144
27-01-2026 09:45||NIFTY27JAN2624000PE,0.743539003120952
27-01-2026 09:45||NIFTY27JAN2624100PE,0.6885797632607512
27-01-2026 09:45||NIFTY27JAN2624500PE,0.48504932244986937
27-01-2026 09:45||NIFTY27JAN2625000PE,0.33416581925699473
27-01-2026 09:45||NIFTY27JAN2625100PE,0.31646673453554774
27-01-2026 09:45||NIFTY27JAN2625300CE,0.35007370097369683
27-01-2026 09:45||NIFTY27JAN2625600CE,0.3752992279697173
27-01-2026 09:45||NIFTY27JAN2625800CE,0.45026283063263584
27-01-2026 09:45||NIFTY27JAN2626200CE,0.6407361044168425
27-01-2026 09:45||NIFTY27JAN2626300CE,0.6915280008279721
27-01-2026 09:50||NIFTY27JAN2623800PE,0.8188429910968955
27-01-2026 09:50||NIFTY27JAN2624100PE,0.6740502637555248
27-01-2026 09:50||NIFTY27JAN2624200PE,0.6278665868853445
27-01-2026 09:50||NIFTY27JAN2624600PE,0.4553449340382544
27-01-2026 09:50||NIFTY27JAN2624700PE,0.42124699206072913
27-01-2026 09:50||NIFTY27JAN2624800PE,0.39013809947471695
27-01-2026 09:50||NIFTY27JAN2624900PE,0.3625951372487861
27-01-2026 09:50||NIFTY27JAN2625100PE,0.3079660798747027
27-01-2026 09:50||NIFTY27JAN2625300CE,0.33111675731045476
27-01-2026 09:50||NIFTY27JAN2625800CE,0.4469266327299414
27-01-2026 09:50||NIFTY27JAN2626000CE,0.5682598444814262
27-01-2026 09:50||NIFTY27JAN2626100CE,0.6448531829655209
27-01-2026 09:50||NIFTY27JAN2626200CE,0.7309338353350016
27-01-2026 09:50||NIFTY27JAN2626300CE,0.8266906461652388
27-01-2026 09:50||NIFTY27JAN2626400CE,0.93229229325618
27-01-2026 09:50||NIFTY27JAN2626500CE,1.0478414566107628
27-01-2026 09:55||NIFTY27JAN2623900PE,0.7701270533280982
27-01-2026 09:55||NIFTY27JAN2624100PE,0.677056526393472
27-01-2026 09:55||NIFTY27JAN2624400PE,0.5166699191438494
27-01-2026 09:55||NIFTY27JAN2624600PE,0.4360730722978634
27-01-2026 09:55||NIFTY27JAN2624700PE,0.41576787490942946
27-01-2026 09:55||NIFTY27JAN2624800PE,0.3924676789637213
27-01-2026 09:55||NIFTY27JAN2624900PE,0.37016592588261765
27-01-2026 09:55||NIFTY27JAN2625000PE,0.3516823405336027
27-01-2026 09:55||NIFTY27JAN2625300CE,0.3172539877942173
27-01-2026 09:55||NIFTY27JAN2625600CE,0.35744096640594203
27-01-2026 09:55||NIFTY27JAN2625700CE,0.4102284207723874
27-01-2026 09:55||NIFTY27JAN2625800CE,0.46087452013550906
27-01-2026 09:55||NIFTY27JAN2625900CE,0.512166954339476
27-01-2026 09:55||NIFTY27JAN2626000CE,0.5634374951826799
27-01-2026 09:55||NIFTY27JAN2626200CE,0.6627878920260641
27-01-2026 09:55||NIFTY27JAN2626500CE,0.8061068541443899
27-01-2026 10:00||NIFTY27JAN2623800PE,0.8307247880484957
27-01-2026 10:00||NIFTY27JAN2624000PE,0.7343386925910924
27-01-2026 10:00||NIFTY27JAN2624600PE,0.44649647634578404
27-01-2026 10:00||NIFTY27JAN2624700PE,0.41175849843321294
27-01-2026 10:00||NIFTY27JAN2625300CE,0.3257295322435907
27-01-2026 10:00||NIFTY27JAN2625400CE,0.3293508236148709
27-01-2026 10:00||NIFTY27JAN2625600CE,0.3636511170948181
27-01-2026 10:00||NIFTY27JAN2625800CE,0.4576773036037516
27-01-2026 10:00||NIFTY27JAN2626100CE,0.6117283972765273
27-01-2026 10:00||NIFTY27JAN2626400CE,0.7502212527278573
27-01-2026 10:00||NIFTY27JAN2626500CE,0.7883222449999835
27-01-2026 10:05||NIFTY27JAN2623800PE,0.8247218688260124
27-01-2026 10:05||NIFTY27JAN2623900PE,0.7805463388907089
27-01-2026 10:05||NIFTY27JAN2624100PE,0.6834987353331613
27-01-2026 10:05||NIFTY27JAN2625500CE,0.33559485651564414
27-01-2026 10:05||NIFTY27JAN2625900CE,0.5198728177537185
27-01-2026 10:05||NIFTY27JAN2626300CE,0.7190314480397041
27-01-2026 10:05||NIFTY27JAN2626400CE,0.7620049532235045
27-01-2026 10:10||NIFTY27JAN2623800PE,0.8206129380425433
27-01-2026 10:10||NIFTY27JAN2624100PE,0.6598271482093837
27-01-2026 10:10||NIFTY27JAN2624200PE,0.6070737331497559
27-01-2026 10:10||NIFTY27JAN2624500PE,0.4485096839646403
27-01-2026 10:10||NIFTY27JAN2624900PE,0.30200029767243103
27-01-2026 10:10||NIFTY27JAN2625200CE,0.22406780869701437
27-01-2026 10:10||NIFTY27JAN2625300CE,0.2694969603884924
27-01-2026 10:10||NIFTY27JAN2625400CE,0.31494801823535923
27-01-2026 10:10||NIFTY27JAN2625600CE,0.40383742667234535
27-01-2026 10:10||NIFTY27JAN2625700CE,0.44821614594421255
27-01-2026 10:10||NIFTY27JAN2625800CE,0.4936009808233793
27-01-2026 10:10||NIFTY27JAN2625900CE,0.5398526805660859
27-01-2026 10:15||NIFTY27JAN2624200PE,0.6393422326181906
27-01-2026 10:15||NIFTY27JAN2624400PE,0.5331460380028978
27-01-2026 10:15||NIFTY27JAN2624500PE,0.482556398769758
27-01-2026 10:15||NIFTY27JAN2625800CE,0.46676406512036783
27-01-2026 10:15||NIFTY27JAN2625900CE,0.5178100761354774
27-01-2026 10:15||NIFTY27JAN2626200CE,0.6620818227421055
27-01-2026 10:20||NIFTY27JAN2623800PE,0.8819129858238701
27-01-2026 10:20||NIFTY27JAN2623900PE,0.8341379399684291
27-01-2026 10:20||NIFTY27JAN2624400PE,0.5705879171430928
27-01-2026 10:20||NIFTY27JAN2624500PE,0.5181760016095832
27-01-2026 10:20||NIFTY27JAN2624600PE,0.46797240362744863
27-01-2026 10:20||NIFTY27JAN2624800PE,0.3884993897004232
27-01-2026 10:20||NIFTY27JAN2624900PE,0.35725647563298135
27-01-2026 10:20||NIFTY27JAN2625000PE,0.3286142145930516
27-01-2026 10:20||NIFTY27JAN2625200CE,0.3249960597138997
27-01-2026 10:20||NIFTY27JAN2625400CE,0.3093658236459323
27-01-2026 10:20||NIFTY27JAN2625800CE,0.4441280040191461
27-01-2026 10:20||NIFTY27JAN2625900CE,0.4985834393730206
27-01-2026 10:20||NIFTY27JAN2626200CE,0.6481750726418096
27-01-2026 10:20||NIFTY27JAN2626300CE,0.6992648394382577
27-01-2026 10:25||NIFTY27JAN2624500PE,0.5178512283946219
27-01-2026 10:25||NIFTY27JAN2624600PE,0.472541442265239
27-01-2026 10:25||NIFTY27JAN2624900PE,0.3963138915408948
27-01-2026 10:25||NIFTY27JAN2625000PE,0.38346683435426643
27-01-2026 10:25||NIFTY27JAN2625700CE,0.3991922660749557
27-01-2026 10:25||NIFTY27JAN2625800CE,0.45155520366317314
27-01-2026 10:25||NIFTY27JAN2626000CE,0.5549970032277346
27-01-2026 10:25||NIFTY27JAN2626300CE,0.7152914801010459
27-01-2026 10:25||NIFTY27JAN2626400CE,0.7603482473367169
27-01-2026 10:30||NIFTY27JAN2624100PE,0.6967229221577022
27-01-2026 10:30||NIFTY27JAN2624200PE,0.6425576395429001
27-01-2026 10:30||NIFTY27JAN2624400PE,0.5434904449467637
27-01-2026 10:30||NIFTY27JAN2624500PE,0.5016455222575642
27-01-2026 10:30||NIFTY27JAN2624600PE,0.45906501833273483
27-01-2026 10:30||NIFTY27JAN2624700PE,0.416904836189984
27-01-2026 10:30||NIFTY27JAN2624800PE,0.3745414737902309
27-01-2026 10:30||NIFTY27JAN2625000PE,0.30800871752862335
27-01-2026 10:30||NIFTY27JAN2625400CE,0.3342814375968236
27-01-2026 10:30||NIFTY27JAN2625600CE,0.3863802105729205
27-01-2026 10:30||NIFTY27JAN2625900CE,0.5300223891389156
27-01-2026 10:30||NIFTY27JAN2626000CE,0.5842128720330422
27-01-2026 10:30||NIFTY27JAN2626100CE,0.6365183115423299
27-01-2026 10:30||NIFTY27JAN2626200CE,0.6874649778049928
27-01-2026 10:30||NIFTY27JAN2626300CE,0.7376067516901031
27-01-2026 10:30||NIFTY27JAN2626400CE,0.7869708827503268
27-01-2026 10:35||NIFTY27JAN2624200PE,0.6566650935174911
27-01-2026 10:35||NIFTY27JAN2624300PE,0.6025484846052791
27-01-2026 10:35||NIFTY27JAN2624400PE,0.5485256767249178
27-01-2026 10:35||NIFTY27JAN2624500PE,0.494643188394876
27-01-2026 10:35||NIFTY27JAN2624800PE,0.3811749055331525
27-01-2026 10:35||NIFTY27JAN2625000PE,0.33543118446479425
27-01-2026 10:35||NIFTY27JAN2625200CE,0.2296557300660074
27-01-2026 10:35||NIFTY27JAN2625300CE,0.26038080802101193
27-01-2026 10:35||NIFTY27JAN2625400CE,0.29600685398148147
27-01-2026 10:35||NIFTY27JAN2625700CE,0.43261846564733214
27-01-2026 10:35||NIFTY27JAN2625800CE,0.48656690778468514
27-01-2026 10:35||NIFTY27JAN2626000CE,0.5929227286934311
27-01-2026 10:35||NIFTY27JAN2626200CE,0.6958531130525096
27-01-2026 10:40||NIFTY27JAN2624400PE,0.5206956238635576
27-01-2026 10:40||NIFTY27JAN2624700PE,0.42996737058297485
27-01-2026 10:40||NIFTY27JAN2624900PE,0.4343409916355313
27-01-2026 10:40||NIFTY27JAN2625200CE,0.24770830259530324
27-01-2026 10:40||NIFTY27JAN2625500CE,0.3602343883352783
27-01-2026 10:40||NIFTY27JAN2625600CE,0.41126412609984137
27-01-2026 10:40||NIFTY27JAN2625700CE,0.464838139217118
27-01-2026 10:40||NIFTY27JAN2625800CE,0.51912818978469
27-01-2026 10:40||NIFTY27JAN2626100CE,0.6752921791838896
27-01-2026 10:40||NIFTY27JAN2626200CE,0.7254245059376605
27-01-2026 10:40||NIFTY27JAN2626500CE,0.8740924441284241
27-01-2026 10:45||NIFTY27JAN2624000PE,0.7002950750822438
27-01-2026 10:45||NIFTY27JAN2624200PE,0.5926473647524051
27-01-2026 10:45||NIFTY27JAN2624300PE,0.5339790386605343
27-01-2026 10:45||NIFTY27JAN2624400PE,0.4775080704441057
27-01-2026 10:45||NIFTY27JAN2624600PE,0.3980699111229211
27-01-2026 10:45||NIFTY27JAN2624700PE,0.3720574802181622
27-01-2026 10:45||NIFTY27JAN2624800PE,0.3473317261892772
27-01-2026 10:45||NIFTY27JAN2624900PE,0.3229119350794658
27-01-2026 10:45||NIFTY27JAN2625200CE,0.3302632286816121
27-01-2026 10:45||NIFTY27JAN2625500CE,0.39987608829055044
27-01-2026 10:45||NIFTY27JAN2625700CE,0.5003390753812975
27-01-2026 10:45||NIFTY27JAN2626000CE,0.6661792951561376
27-01-2026 10:45||NIFTY27JAN2626100CE,0.7189636852370698
27-01-2026 10:45||NIFTY27JAN2626200CE,0.7706954412642117
27-01-2026 10:45||NIFTY27JAN2626400CE,0.8680057782744046
27-01-2026 10:50||NIFTY27JAN2623900PE,0.7684663940975753
27-01-2026 10:50||NIFTY27JAN2624000PE,0.7090177598101941
27-01-2026 10:50||NIFTY27JAN2624100PE,0.650479784754012
27-01-2026 10:50||NIFTY27JAN2624600PE,0.4187179354571563
27-01-2026 10:50||NIFTY27JAN2624700PE,0.4032131316945414
27-01-2026 10:50||NIFTY27JAN2624800PE,0.3905304012586873
27-01-2026 10:50||NIFTY27JAN2625000PE,0.3892563250929672
27-01-2026 10:50||NIFTY27JAN2625200CE,0.29543471643037644
27-01-2026 10:50||NIFTY27JAN2625400CE,0.3715187455542787
27-01-2026 10:50||NIFTY27JAN2625600CE,0.4680359483558739
27-01-2026 10:50||NIFTY27JAN2625700CE,0.5225576928298605
27-01-2026 10:50||NIFTY27JAN2625800CE,0.5784065354827084
27-01-2026 10:50||NIFTY27JAN2626000CE,0.6907943441727866
27-01-2026 10:50||NIFTY27JAN2626500CE,0.9252493879006858
27-01-2026 10:55||NIFTY27JAN2623900PE,0.7553153284705707
27-01-2026 10:55||NIFTY27JAN2624400PE,0.473113180483236
27-01-2026 10:55||NIFTY27JAN2624900PE,0.363797022544708
27-01-2026 10:55||NIFTY27JAN2625000PE,0.37295125232324405
27-01-2026 10:55||NIFTY27JAN2625200CE,0.26272788079709
27-01-2026 10:55||NIFTY27JAN2625300CE,0.31818340786109756
27-01-2026 10:55||NIFTY27JAN2625400CE,0.3736224776392251
27-01-2026 10:55||NIFTY27JAN2625600CE,0.48458227511928575
27-01-2026 10:55||NIFTY27JAN2625700CE,0.5400333256527561
27-01-2026 10:55||NIFTY27JAN2625900CE,0.6503201869596099
27-01-2026 10:55||NIFTY27JAN2626100CE,0.7599248419126922
27-01-2026 10:55||NIFTY27JAN2626400CE,0.9251496536611761
27-01-2026 11:00||NIFTY27JAN2623800PE,0.8292006747998353
27-01-2026 11:00||NIFTY27JAN2623900PE,0.7676246597008033
27-01-2026 11:00||NIFTY27JAN2624100PE,0.643354856007013
27-01-2026 11:00||NIFTY27JAN2624200PE,0.5815829111135822
27-01-2026 11:00||NIFTY27JAN2624300PE,0.5202024065234201
27-01-2026 11:00||NIFTY27JAN2624600PE,0.3637967203033567
27-01-2026 11:00||NIFTY27JAN2625100PE,0.24478035284956376
27-01-2026 11:00||NIFTY27JAN2625200CE,0.2874200150635903
27-01-2026 11:00||NIFTY27JAN2625300CE,0.3382632105904962
27-01-2026 11:00||NIFTY27JAN2625400CE,0.3901439935199634
27-01-2026 11:00||NIFTY27JAN2625600CE,0.4981240367833708
27-01-2026 11:00||NIFTY27JAN2626000CE,0.7246440528458133
27-01-2026 11:00||NIFTY27JAN2626100CE,0.7799026385075036
27-01-2026 11:00||NIFTY27JAN2626300CE,0.8875825665727329
27-01-2026 11:00||NIFTY27JAN2626400CE,0.9400255619057463
27-01-2026 11:05||NIFTY27JAN2623800PE,0.800404315868281
27-01-2026 11:05||NIFTY27JAN2624100PE,0.6672536826607914
27-01-2026 11:05||NIFTY27JAN2624200PE,0.6055959505626767
27-01-2026 11:05||NIFTY27JAN2624300PE,0.5422025848297771
27-01-2026 11:05||NIFTY27JAN2624600PE,0.3801219053417522
27-01-2026 11:05||NIFTY27JAN2624800PE,0.33062674517575774
27-01-2026 11:05||NIFTY27JAN2624900PE,0.31776974113772205
27-01-2026 11:05||NIFTY27JAN2625100PE,0.32247997942815226
27-01-2026 11:05||NIFTY27JAN2625300CE,0.3757936160978248
27-01-2026 11:05||NIFTY27JAN2625700CE,0.5475583087422173
27-01-2026 11:05||NIFTY27JAN2626000CE,0.7164189288612507
27-01-2026 11:10||NIFTY27JAN2623800PE,0.8795949300047261
27-01-2026 11:10||NIFTY27JAN2623900PE,0.8089236481152735
27-01-2026 11:10||NIFTY27JAN2624200PE,0.608172450669445
27-01-2026 11:10||NIFTY27JAN2624300PE,0.5477908968786827
27-01-2026 11:10||NIFTY27JAN2624400PE,0.48840646550096956
27-01-2026 11:10||NIFTY27JAN2624800PE,0.3272738711265217
27-01-2026 11:10||NIFTY27JAN2624900PE,0.3131985757192701
27-01-2026 11:10||NIFTY27JAN2625300CE,0.37216709560370287
27-01-2026 11:10||NIFTY27JAN2625500CE,0.44008953133859724
27-01-2026 11:10||NIFTY27JAN2625800CE,0.6037401932021855
27-01-2026 11:10||NIFTY27JAN2625900CE,0.6638147883572433
27-01-2026 11:10||NIFTY27JAN2626000CE,0.723455644210075
27-01-2026 11:10||NIFTY27JAN2626300CE,0.8857666779021531
27-01-2026 11:10||NIFTY27JAN2626400CE,0.9345123735752089
27-01-2026 11:10||NIFTY27JAN2626500CE,0.9803549540711176
27-01-2026 11:15||NIFTY27JAN2623900PE,0.7895696395457505
27-01-2026 11:15||NIFTY27JAN2624000PE,0.7310510030388958
27-01-2026 11:15||NIFTY27JAN2624100PE,0.6717511296333962
27-01-2026 11:15||NIFTY27JAN2624300PE,0.5490921943747462
27-01-2026 11:15||NIFTY27JAN2624600PE,0.3850920995762972
27-01-2026 11:15||NIFTY27JAN2625000PE,0.2727797586717105
27-01-2026 11:15||NIFTY27JAN2625100PE,0.2552862767897799
27-01-2026 11:15||NIFTY27JAN2625600CE,0.48531457328133354
27-01-2026 11:15||NIFTY27JAN2626400CE,0.9337400661707111
27-01-2026 11:20||NIFTY27JAN2623800PE,0.9004880092706609
27-01-2026 11:20||NIFTY27JAN2623900PE,0.8293271679243777
27-01-2026 11:20||NIFTY27JAN2624000PE,0.7585173350239013
27-01-2026 11:20||NIFTY27JAN2624500PE,0.4732930923286938
27-01-2026 11:20||NIFTY27JAN2624600PE,0.43507789240035744
27-01-2026 11:20||NIFTY27JAN2624700PE,0.397344723583417
27-01-2026 11:20||NIFTY27JAN2624800PE,0.363440370505242
27-01-2026 11:20||NIFTY27JAN2625100PE,0.3210976063415326
27-01-2026 11:20||NIFTY27JAN2625300CE,0.34100100683367085
27-01-2026 11:20||NIFTY27JAN2625800CE,0.5784553970502317
27-01-2026 11:20||NIFTY27JAN2626100CE,0.7562790909857913
27-01-2026 11:20||NIFTY27JAN2626200CE,0.8181204779210853
27-01-2026 11:20||NIFTY27JAN2626500CE,0.9711448148463943
27-01-2026 11:25||NIFTY27JAN2623800PE,1.0008679439528396
27-01-2026 11:25||NIFTY27JAN2623900PE,0.9070859431369139
27-01-2026 11:25||NIFTY27JAN2624000PE,0.8174719029643389
27-01-2026 11:25||NIFTY27JAN2624100PE,0.7326113620682246
27-01-2026 11:25||NIFTY27JAN2624200PE,0.6529680384496297
27-01-2026 11:25||NIFTY27JAN2624400PE,0.5161413945306381
27-01-2026 11:25||NIFTY27JAN2624900PE,0.28884591568718787
27-01-2026 11:25||NIFTY27JAN2625100PE,0.24884599693146459
27-01-2026 11:25||NIFTY27JAN2625500CE,0.43644323874931207
27-01-2026 11:25||NIFTY27JAN2625600CE,0.48332586363770413
27-01-2026 11:25||NIFTY27JAN2626500CE,0.9829945495812487
27-01-2026 11:30||NIFTY27JAN2623800PE,0.895341557284475
27-01-2026 11:30||NIFTY27JAN2624000PE,0.7858153482785781
27-01-2026 11:30||NIFTY27JAN2624200PE,0.6708696019156111
27-01-2026 11:30||NIFTY27JAN2624400PE,0.5504772926128092
27-01-2026 11:30||NIFTY27JAN2625000PE,0.33817217640871955
27-01-2026 11:30||NIFTY27JAN2625100PE,0.3385607554618513
27-01-2026 11:30||NIFTY27JAN2625200CE,0.29222069006742685
27-01-2026 11:30||NIFTY27JAN2625400CE,0.3541088108648476
27-01-2026 11:30||NIFTY27JAN2625600CE,0.44721438387965895
27-01-2026 11:30||NIFTY27JAN2625700CE,0.5030705850456729
27-01-2026 11:30||NIFTY27JAN2625900CE,0.6152568930648479
27-01-2026 11:30||NIFTY27JAN2626200CE,0.79485322216858
27-01-2026 11:30||NIFTY27JAN2626400CE,0.9061624351239979
27-01-2026 11:35||NIFTY27JAN2623800PE,0.8826816100074943
27-01-2026 11:35||NIFTY27JAN2623900PE,0.8374551317108923
27-01-2026 11:35||NIFTY27JAN2624000PE,0.7890295754637328
27-01-2026 11:35||NIFTY27JAN2624500PE,0.48780499794927357
27-01-2026 11:35||NIFTY27JAN2624600PE,0.4299373328013061
27-01-2026 11:35||NIFTY27JAN2624900PE,0.30258342338409155
27-01-2026 11:35||NIFTY27JAN2625000PE,0.2794360194762751
27-01-2026 11:35||NIFTY27JAN2625100PE,0.2646759599845643
27-01-2026 11:35||NIFTY27JAN2625200CE,0.2998813864400965
27-01-2026 11:35||NIFTY27JAN2625300CE,0.32534736140818066
27-01-2026 11:35||NIFTY27JAN2625600CE,0.4447948887272777
27-01-2026 11:35||NIFTY27JAN2626000CE,0.6684697003675255
27-01-2026 11:35||NIFTY27JAN2626200CE,0.7933798617702144
27-01-2026 11:35||NIFTY27JAN2626300CE,0.8552968734523829
27-01-2026 11:40||NIFTY27JAN2623800PE,0.9299417077710223
27-01-2026 11:40||NIFTY27JAN2623900PE,0.867378990628451
27-01-2026 11:40||NIFTY27JAN2624000PE,0.8051938691539362
27-01-2026 11:40||NIFTY27JAN2624100PE,0.7434795958112352
27-01-2026 11:40||NIFTY27JAN2624300PE,0.6222756075086828
27-01-2026 11:40||NIFTY27JAN2625000PE,0.23842642163482974
27-01-2026 11:40||NIFTY27JAN2625200CE,0.4829110568181012
27-01-2026 11:40||NIFTY27JAN2626000CE,0.6525979722612041
27-01-2026 11:40||NIFTY27JAN2626200CE,0.7616478763743282
27-01-2026 11:40||NIFTY27JAN2626300CE,0.8150426851814248
27-01-2026 11:45||NIFTY27JAN2623900PE,0.9154655713934823
27-01-2026 11:45||NIFTY27JAN2624100PE,0.790730322520691
27-01-2026 11:45||NIFTY27JAN2624200PE,0.7275433664018389
27-01-2026 11:45||NIFTY27JAN2624300PE,0.6645232797643852
27-01-2026 11:45||NIFTY27JAN2624400PE,0.6019248928982528
27-01-2026 11:45||NIFTY27JAN2624500PE,0.5372105233804829
27-01-2026 11:45||NIFTY27JAN2624700PE,0.45522817410841643
27-01-2026 11:45||NIFTY27JAN2624900PE,0.417223029159789
27-01-2026 11:45||NIFTY27JAN2625200CE,0.23104048721446785
27-01-2026 11:45||NIFTY27JAN2625300CE,0.26096378141444443
27-01-2026 11:45||NIFTY27JAN2625500CE,0.3355672790998394
27-01-2026 11:45||NIFTY27JAN2625700CE,0.437420845845372
27-01-2026 11:45||NIFTY27JAN2626100CE,0.6695421642827762
27-01-2026 11:45||NIFTY27JAN2626400CE,0.8475426120710564
27-01-2026 11:45||NIFTY27JAN2626500CE,0.9068225269529059
27-01-2026 11:50||NIFTY27JAN2623900PE,0.8786930028832451
27-01-2026 11:50||NIFTY27JAN2624200PE,0.6977653999324308
27-01-2026 11:50||NIFTY27JAN2624500PE,0.5190634015169413
27-01-2026 11:50||NIFTY27JAN2624600PE,0.47191005208046144
27-01-2026 11:50||NIFTY27JAN2624700PE,0.4297389624935624
27-01-2026 11:50||NIFTY27JAN2624900PE,0.37712672924266455
27-01-2026 11:50||NIFTY27JAN2625400CE,0.3531013584831444
27-01-2026 11:50||NIFTY27JAN2625500CE,0.3859672673174471
27-01-2026 11:50||NIFTY27JAN2625700CE,0.47453757552921394
27-01-2026 11:50||NIFTY27JAN2626000CE,0.645935511511373
27-01-2026 11:50||NIFTY27JAN2626400CE,0.8699157097977155
27-01-2026 11:55||NIFTY27JAN2623900PE,0.889654432461205
27-01-2026 11:55||NIFTY27JAN2624000PE,0.8253491201000847
27-01-2026 11:55||NIFTY27JAN2624300PE,0.6257604942998438
27-01-2026 11:55||NIFTY27JAN2624400PE,0.5608484346902927
27-01-2026 11:55||NIFTY27JAN2624500PE,0.5011430845485032
27-01-2026 11:55||NIFTY27JAN2624700PE,0.4075334578290342
27-01-2026 11:55||NIFTY27JAN2624800PE,0.37105307228324524
27-01-2026 11:55||NIFTY27JAN2624900PE,0.3371365427207389
27-01-2026 11:55||NIFTY27JAN2625200CE,0.3769171018260332
27-01-2026 11:55||NIFTY27JAN2625400CE,0.388782878199
27-01-2026 11:55||NIFTY27JAN2626200CE,0.7846320574444758
27-01-2026 11:55||NIFTY27JAN2626500CE,0.9749869097553591
27-01-2026 12:00||NIFTY27JAN2624200PE,0.7064294918228458
27-01-2026 12:00||NIFTY27JAN2624300PE,0.6400722564382447
27-01-2026 12:00||NIFTY27JAN2624500PE,0.5148152956201667
27-01-2026 12:00||NIFTY27JAN2624800PE,0.3412513039472727
27-01-2026 12:00||NIFTY27JAN2624900PE,0.2850437637469148
27-01-2026 12:00||NIFTY27JAN2625000PE,0.23032107361923299
27-01-2026 12:00||NIFTY27JAN2625100PE,0.17715927303165574
27-01-2026 12:00||NIFTY27JAN2625500CE,0.41401895375892817
27-01-2026 12:00||NIFTY27JAN2625600CE,0.45224261348364037
27-01-2026 12:00||NIFTY27JAN2625800CE,0.5472579545368357
27-01-2026 12:00||NIFTY27JAN2625900CE,0.6044025938574746
27-01-2026 12:00||NIFTY27JAN2626000CE,0.6625558763959896
27-01-2026 12:00||NIFTY27JAN2626100CE,0.720863957543166
27-01-2026 12:00||NIFTY27JAN2626400CE,0.8748580937444647
27-01-2026 12:00||NIFTY27JAN2626500CE,0.9204384989935692
27-01-2026 12:05||NIFTY27JAN2623800PE,0.9622203633094435
27-01-2026 12:05||NIFTY27JAN2624200PE,0.7213924874588323
27-01-2026 12:05||NIFTY27JAN2624500PE,0.5358511986302521
27-01-2026 12:05||NIFTY27JAN2624700PE,0.43693695590004633
27-01-2026 12:05||NIFTY27JAN2624900PE,0.3724136961148235
27-01-2026 12:05||NIFTY27JAN2625100PE,0.3413852039765505
27-01-2026 12:05||NIFTY27JAN2625300CE,0.3562061545779658
27-01-2026 12:05||NIFTY27JAN2625600CE,0.43253639605737737
27-01-2026 12:05||NIFTY27JAN2625700CE,0.48611971868164594
27-01-2026 12:05||NIFTY27JAN2625900CE,0.5972401776852536
27-01-2026 12:05||NIFTY27JAN2626300CE,0.8611137423145494
27-01-2026 12:05||NIFTY27JAN2626400CE,0.9608889390889983
27-01-2026 12:05||NIFTY27JAN2626500CE,1.0855476186386275
27-01-2026 12:10||NIFTY27JAN2624100PE,0.7851643592648352
27-01-2026 12:10||NIFTY27JAN2624200PE,0.7249188881358326
27-01-2026 12:10||NIFTY27JAN2624300PE,0.66383709564023
27-01-2026 12:10||NIFTY27JAN2624400PE,0.6017450727129249
27-01-2026 12:10||NIFTY27JAN2624700PE,0.4368875793771835
27-01-2026 12:10||NIFTY27JAN2625100PE,0.30803425812361823
27-01-2026 12:10||NIFTY27JAN2625200CE,0.30618161745428396
27-01-2026 12:10||NIFTY27JAN2625300CE,0.32644118793458754
27-01-2026 12:10||NIFTY27JAN2625400CE,0.3538083039483859
27-01-2026 12:10||NIFTY27JAN2625700CE,0.4848007567153261
27-01-2026 12:10||NIFTY27JAN2625800CE,0.5417084003125074
27-01-2026 12:10||NIFTY27JAN2626000CE,0.6597625583825615
27-01-2026 12:10||NIFTY27JAN2626200CE,0.7844854174820729
27-01-2026 12:10||NIFTY27JAN2626400CE,0.9046971208758599
27-01-2026 12:15||NIFTY27JAN2624300PE,0.6800970990166691
27-01-2026 12:15||NIFTY27JAN2624500PE,0.5583057192565053
27-01-2026 12:15||NIFTY27JAN2624600PE,0.5030143396040551
27-01-2026 12:15||NIFTY27JAN2625000PE,0.38638401761957414
27-01-2026 12:15||NIFTY27JAN2625500CE,0.39280528936321857
27-01-2026 12:15||NIFTY27JAN2625600CE,0.4475999980667946
27-01-2026 12:15||NIFTY27JAN2625700CE,0.5055902306469029
27-01-2026 12:15||NIFTY27JAN2626000CE,0.6771587638146591
27-01-2026 12:15||NIFTY27JAN2626100CE,0.7335521545539558
27-01-2026 12:15||NIFTY27JAN2626200CE,0.7903007502822939
27-01-2026 12:15||NIFTY27JAN2626400CE,0.9090566822090091
27-01-2026 12:20||NIFTY27JAN2623800PE,1.0269665503929526
27-01-2026 12:20||NIFTY27JAN2623900PE,0.9562752544704096
27-01-2026 12:20||NIFTY27JAN2624000PE,0.8870617055170283
27-01-2026 12:20||NIFTY27JAN2624200PE,0.7505242801462131
27-01-2026 12:20||NIFTY27JAN2624700PE,0.4327818631013116
27-01-2026 12:20||NIFTY27JAN2624900PE,0.3271536616664949
27-01-2026 12:20||NIFTY27JAN2625000PE,0.2808584112462773
27-01-2026 12:20||NIFTY27JAN2625100PE,0.23981317042892067
27-01-2026 12:20||NIFTY27JAN2625200CE,0.23034773430019867
27-01-2026 12:20||NIFTY27JAN2625300CE,0.2874583329588451
27-01-2026 12:20||NIFTY27JAN2625400CE,0.3444245820583313
27-01-2026 12:20||NIFTY27JAN2625600CE,0.4603187212761213
27-01-2026 12:20||NIFTY27JAN2625700CE,0.5177632037455062
27-01-2026 12:20||NIFTY27JAN2626200CE,0.8043978110400263
27-01-2026 12:20||NIFTY27JAN2626300CE,0.8726046503143887
27-01-2026 12:25||NIFTY27JAN2624100PE,0.8378754906196417
27-01-2026 12:25||NIFTY27JAN2624400PE,0.653617903569143
27-01-2026 12:25||NIFTY27JAN2624600PE,0.5378357464470611
27-01-2026 12:25||NIFTY27JAN2624700PE,0.48812803967052915
27-01-2026 12:25||NIFTY27JAN2624800PE,0.44323154869601794
27-01-2026 12:25||NIFTY27JAN2625100PE,0.3563450643933566
27-01-2026 12:25||NIFTY27JAN2625200CE,0.2672249967505544
27-01-2026 12:25||NIFTY27JAN2625400CE,0.3337049592019661
27-01-2026 12:25||NIFTY27JAN2625600CE,0.4357491181803052
27-01-2026 12:25||NIFTY27JAN2625900CE,0.6221805814065863
27-01-2026 12:25||NIFTY27JAN2626300CE,0.8945450256911532
27-01-2026 12:25||NIFTY27JAN2626400CE,0.9874900230081546
27-01-2026 12:25||NIFTY27JAN2626500CE,1.0988645746832022
27-01-2026 12:30||NIFTY27JAN2624100PE,0.8270928115754657
27-01-2026 12:30||NIFTY27JAN2624300PE,0.6954970514247834
27-01-2026 12:30||NIFTY27JAN2624600PE,0.5044201686683335
27-01-2026 12:30||NIFTY27JAN2625300CE,0.3577753768439337
27-01-2026 12:30||NIFTY27JAN2625400CE,0.3889908056367881
27-01-2026 12:30||NIFTY27JAN2625600CE,0.47324009378247667
27-01-2026 12:30||NIFTY27JAN2625700CE,0.534584419725332
27-01-2026 12:30||NIFTY27JAN2626200CE,0.8389027067547665
27-01-2026 12:30||NIFTY27JAN2626300CE,0.9145516139153993
27-01-2026 12:35||NIFTY27JAN2624100PE,0.8398553617967155
27-01-2026 12:35||NIFTY27JAN2624300PE,0.7088231233919153
27-01-2026 12:35||NIFTY27JAN2624400PE,0.6409404626762158
27-01-2026 12:35||NIFTY27JAN2624900PE,0.3730404077221592
27-01-2026 12:35||NIFTY27JAN2625000PE,0.34286186494035015
27-01-2026 12:35||NIFTY27JAN2625100PE,0.3257885061170812
27-01-2026 12:35||NIFTY27JAN2625300CE,0.3550761884725415
27-01-2026 12:35||NIFTY27JAN2625400CE,0.39232656529009724
27-01-2026 12:35||NIFTY27JAN2625500CE,0.43556048626798627
27-01-2026 12:35||NIFTY27JAN2625800CE,0.605589535130642
27-01-2026 12:35||NIFTY27JAN2626100CE,0.7942985446393369
27-01-2026 12:40||NIFTY27JAN2623900PE,0.9749047790537086
27-01-2026 12:40||NIFTY27JAN2624100PE,0.8360375438263019
27-01-2026 12:40||NIFTY27JAN2624200PE,0.7670930110669842
27-01-2026 12:40||NIFTY27JAN2624300PE,0.6978813267880861
27-01-2026 12:40||NIFTY27JAN2624700PE,0.45520474856027937
27-01-2026 12:40||NIFTY27JAN2624800PE,0.4133898830323155
27-01-2026 12:40||NIFTY27JAN2624900PE,0.3748478051144194
27-01-2026 12:40||NIFTY27JAN2625100PE,0.3219759367587653
27-01-2026 12:40||NIFTY27JAN2625200CE,0.2824645618664406
27-01-2026 12:40||NIFTY27JAN2625300CE,0.3286891210187487
27-01-2026 12:40||NIFTY27JAN2625400CE,0.37874966415814765
27-01-2026 12:40||NIFTY27JAN2625900CE,0.6792940964958487
27-01-2026 12:40||NIFTY27JAN2626000CE,0.7442167791429021
27-01-2026 12:40||NIFTY27JAN2626100CE,0.8089786517935245
27-01-2026 12:40||NIFTY27JAN2626200CE,0.8728370756171717
27-01-2026 12:40||NIFTY27JAN2626300CE,0.9350071171189834
27-01-2026 12:45||NIFTY27JAN2624000PE,0.9209487801723728
27-01-2026 12:45||NIFTY27JAN2624500PE,0.5711652169164934
27-01-2026 12:45||NIFTY27JAN2624800PE,0.42901502806182734
27-01-2026 12:45||NIFTY27JAN2624900PE,0.40385321210506897
27-01-2026 12:45||NIFTY27JAN2625100PE,0.38736110416173636
27-01-2026 12:45||NIFTY27JAN2625200CE,0.2926896191083235
27-01-2026 12:45||NIFTY27JAN2625400CE,0.3858791617212309
27-01-2026 12:45||NIFTY27JAN2625700CE,0.5631842372406808
27-01-2026 12:45||NIFTY27JAN2625800CE,0.6306694989762078
27-01-2026 12:45||NIFTY27JAN2625900CE,0.6977487395486619
27-01-2026 12:45||NIFTY27JAN2626000CE,0.7644573211869193
27-01-2026 12:45||NIFTY27JAN2626200CE,0.8878988774516159
27-01-2026 12:45||NIFTY27JAN2626400CE,1.0040256525743416
27-01-2026 12:50||NIFTY27JAN2624300PE,0.6938138748776187
27-01-2026 12:50||NIFTY27JAN2624600PE,0.4835751849521242
27-01-2026 12:50||NIFTY27JAN2624700PE,0.4191832762166364
27-01-2026 12:50||NIFTY27JAN2624900PE,0.29285735132003027
27-01-2026 12:50||NIFTY27JAN2625000PE,0.22851586967942533
27-01-2026 12:50||NIFTY27JAN2625100PE,0.1650182002804116
27-01-2026 12:50||NIFTY27JAN2625400CE,0.43334660417344417
27-01-2026 12:50||NIFTY27JAN2625700CE,0.5901910255902099
27-01-2026 12:50||NIFTY27JAN2625800CE,0.6538957601131772
27-01-2026 12:50||NIFTY27JAN2625900CE,0.7188482795040677
27-01-2026 12:50||NIFTY27JAN2626200CE,0.9201090222898467
27-01-2026 12:50||NIFTY27JAN2626300CE,0.9829670344211812
27-01-2026 12:50||NIFTY27JAN2626500CE,1.0954232635852
27-01-2026 12:55||NIFTY27JAN2623900PE,1.0298776554910547
27-01-2026 12:55||NIFTY27JAN2624000PE,0.957759811853909
27-01-2026 12:55||NIFTY27JAN2624200PE,0.8091418492230533
27-01-2026 12:55||NIFTY27JAN2624300PE,0.7326989983197818
27-01-2026 12:55||NIFTY27JAN2624400PE,0.6557614539736256
27-01-2026 12:55||NIFTY27JAN2625500CE,0.44149934279526826
27-01-2026 12:55||NIFTY27JAN2625600CE,0.5094474645939167
27-01-2026 12:55||NIFTY27JAN2625700CE,0.5754387327924031
27-01-2026 12:55||NIFTY27JAN2625800CE,0.641244498047951
27-01-2026 12:55||NIFTY27JAN2625900CE,0.7068708041924459
27-01-2026 12:55||NIFTY27JAN2626100CE,0.8426198452644831
27-01-2026 12:55||NIFTY27JAN2626200CE,0.9121893493593535
27-01-2026 12:55||NIFTY27JAN2626400CE,1.0450693300880722
27-01-2026 13:00||NIFTY27JAN2624100PE,0.883421602040497
27-01-2026 13:00||NIFTY27JAN2624200PE,0.8135651479035882
27-01-2026 13:00||NIFTY27JAN2624400PE,0.6666427568977877
27-01-2026 13:00||NIFTY27JAN2624500PE,0.5894874653193036
27-01-2026 13:00||NIFTY27JAN2625000PE,0.33635003542408604
27-01-2026 13:00||NIFTY27JAN2625300CE,0.36528052633764596
27-01-2026 13:00||NIFTY27JAN2625400CE,0.409960026400367
27-01-2026 13:00||NIFTY27JAN2626000CE,0.7961143515200175
27-01-2026 13:05||NIFTY27JAN2623800PE,1.1134195964601028
27-01-2026 13:05||NIFTY27JAN2623900PE,1.0367945852852556
27-01-2026 13:05||NIFTY27JAN2624100PE,0.883352820089077
27-01-2026 13:05||NIFTY27JAN2624300PE,0.7368616529285685
27-01-2026 13:05||NIFTY27JAN2624500PE,0.5856523881433298
27-01-2026 13:05||NIFTY27JAN2624800PE,0.3968377504149029
27-01-2026 13:05||NIFTY27JAN2625400CE,0.4371499677050013
27-01-2026 13:05||NIFTY27JAN2625500CE,0.4928571352010608
27-01-2026 13:05||NIFTY27JAN2625600CE,0.5544005133537808
27-01-2026 13:05||NIFTY27JAN2625800CE,0.6796941326468715
27-01-2026 13:05||NIFTY27JAN2625900CE,0.7459648432155055
27-01-2026 13:05||NIFTY27JAN2626000CE,0.8126522479851255
27-01-2026 13:05||NIFTY27JAN2626500CE,1.1608498384430885
27-01-2026 13:10||NIFTY27JAN2624000PE,0.9753138115427858
27-01-2026 13:10||NIFTY27JAN2624100PE,0.9038828939581911
27-01-2026 13:10||NIFTY27JAN2624200PE,0.8332803684284821
27-01-2026 13:10||NIFTY27JAN2624400PE,0.6901808727376342
27-01-2026 13:10||NIFTY27JAN2624500PE,0.6168442009141831
27-01-2026 13:10||NIFTY27JAN2624600PE,0.5440369313747734
27-01-2026 13:10||NIFTY27JAN2624700PE,0.4726443085571954
27-01-2026 13:10||NIFTY27JAN2625000PE,0.30813619184839613
27-01-2026 13:15||NIFTY27JAN2624000PE,1.0029459375817569
27-01-2026 13:15||NIFTY27JAN2624400PE,0.6965851581154409
27-01-2026 13:15||NIFTY27JAN2624600PE,0.5421192986411284
27-01-2026 13:15||NIFTY27JAN2624800PE,0.4170744441838024
27-01-2026 13:15||NIFTY27JAN2624900PE,0.3632007103143994
27-01-2026 13:15||NIFTY27JAN2625000PE,0.31260110971076155
27-01-2026 13:15||NIFTY27JAN2625200CE,0.3042416472697617
27-01-2026 13:15||NIFTY27JAN2625300CE,0.3694179156146318
27-01-2026 13:15||NIFTY27JAN2625600CE,0.5588341537104562
27-01-2026 13:15||NIFTY27JAN2625700CE,0.6307162740955122
27-01-2026 13:15||NIFTY27JAN2626100CE,0.9103085385893481
27-01-2026 13:15||NIFTY27JAN2626200CE,0.9898409729721214
27-01-2026 13:15||NIFTY27JAN2626300CE,1.062931974178952
27-01-2026 13:20||NIFTY27JAN2623900PE,1.0893929250769485
27-01-2026 13:20||NIFTY27JAN2624000PE,1.019129332699487
27-01-2026 13:20||NIFTY27JAN2624200PE,0.8680784249045835
27-01-2026 13:20||NIFTY27JAN2624300PE,0.7866332819670656
27-01-2026 13:20||NIFTY27JAN2624400PE,0.7045730486253255
27-01-2026 13:20||NIFTY27JAN2624500PE,0.6217456306575031
27-01-2026 13:20||NIFTY27JAN2624600PE,0.5378236720664645
27-01-2026 13:20||NIFTY27JAN2624900PE,0.34872048344411555
27-01-2026 13:20||NIFTY27JAN2625700CE,0.6335300083465224
27-01-2026 13:20||NIFTY27JAN2625900CE,0.780265168120609
27-01-2026 13:20||NIFTY27JAN2626000CE,0.8499225593656982
27-01-2026 13:20||NIFTY27JAN2626400CE,1.0977593113724804
27-01-2026 13:20||NIFTY27JAN2626500CE,1.130717873978124
27-01-2026 13:25||NIFTY27JAN2623800PE,1.1960277271095188
27-01-2026 13:25||NIFTY27JAN2623900PE,1.1257566228931764
27-01-2026 13:25||NIFTY27JAN2624300PE,0.8139392007453656
27-01-2026 13:25||NIFTY27JAN2624500PE,0.6451257352499062
27-01-2026 13:25||NIFTY27JAN2624600PE,0.5597577777957679
27-01-2026 13:25||NIFTY27JAN2625100PE,0.2619962201955419
27-01-2026 13:25||NIFTY27JAN2625200CE,0.3935621044101517
27-01-2026 13:25||NIFTY27JAN2625300CE,0.4235689620459277
27-01-2026 13:25||NIFTY27JAN2625500CE,0.5124563053360399
27-01-2026 13:25||NIFTY27JAN2625700CE,0.6395226721059335
27-01-2026 13:25||NIFTY27JAN2626200CE,1.0144608844244118
27-01-2026 13:30||NIFTY27JAN2624100PE,1.0068129208207002
27-01-2026 13:30||NIFTY27JAN2624300PE,0.843406992174504
27-01-2026 13:30||NIFTY27JAN2625000PE,0.34582238686525585
27-01-2026 13:30||NIFTY27JAN2625100PE,0.31542491341718876
27-01-2026 13:30||NIFTY27JAN2625200CE,0.3457047284878178
27-01-2026 13:30||NIFTY27JAN2625400CE,0.43295154590025
27-01-2026 13:30||NIFTY27JAN2626100CE,0.9464461333093563
27-01-2026 13:30||NIFTY27JAN2626200CE,1.020109572276278
27-01-2026 13:30||NIFTY27JAN2626300CE,1.0923085261905237
27-01-2026 13:35||NIFTY27JAN2623800PE,1.3012014287722165
27-01-2026 13:35||NIFTY27JAN2623900PE,1.1859421606247587
27-01-2026 13:35||NIFTY27JAN2624300PE,0.8514656528657649
27-01-2026 13:35||NIFTY27JAN2624400PE,0.7691056729067236
27-01-2026 13:35||NIFTY27JAN2624600PE,0.6245767643721729
27-01-2026 13:35||NIFTY27JAN2624800PE,0.561195587982116
27-01-2026 13:35||NIFTY27JAN2624900PE,0.549434714814012
27-01-2026 13:35||NIFTY27JAN2625300CE,0.3516271257280661
27-01-2026 13:35||NIFTY27JAN2625600CE,0.5772371245347832
27-01-2026 13:35||NIFTY27JAN2625800CE,0.7410237304438416
27-01-2026 13:35||NIFTY27JAN2625900CE,0.8225371443442383
27-01-2026 13:35||NIFTY27JAN2626000CE,0.9034836445449604
27-01-2026 13:35||NIFTY27JAN2626200CE,1.0600236440998807
27-01-2026 13:35||NIFTY27JAN2626300CE,1.1357771984107772
27-01-2026 13:35||NIFTY27JAN2626400CE,1.2107499189552713
27-01-2026 13:40||NIFTY27JAN2623800PE,1.2685309300163359
27-01-2026 13:40||NIFTY27JAN2623900PE,1.1859882324921143
27-01-2026 13:40||NIFTY27JAN2624000PE,1.1009267023180733
27-01-2026 13:40||NIFTY27JAN2624100PE,1.013241102091182
27-01-2026 13:40||NIFTY27JAN2624400PE,0.7377575199165638
27-01-2026 13:40||NIFTY27JAN2624800PE,0.43688890743945097
27-01-2026 13:40||NIFTY27JAN2625000PE,0.36147716546917824
27-01-2026 13:40||NIFTY27JAN2625100PE,0.3449664595052879
27-01-2026 13:40||NIFTY27JAN2625200CE,0.32151720367734893
27-01-2026 13:40||NIFTY27JAN2625300CE,0.406275828749609
27-01-2026 13:40||NIFTY27JAN2625500CE,0.575527492196911
27-01-2026 13:40||NIFTY27JAN2626200CE,1.1387589203335355
27-01-2026 13:40||NIFTY27JAN2626300CE,1.2218314158549881
27-01-2026 13:40||NIFTY27JAN2626400CE,1.3066764831886528
27-01-2026 13:40||NIFTY27JAN2626500CE,1.3931276791527902
27-01-2026 13:45||NIFTY27JAN2623800PE,1.253584009824084
27-01-2026 13:45||NIFTY27JAN2623900PE,1.16817243168757
27-01-2026 13:45||NIFTY27JAN2624100PE,0.9989963445902714
27-01-2026 13:45||NIFTY27JAN2624300PE,0.8280892886139695
27-01-2026 13:45||NIFTY27JAN2624500PE,0.6616471441063994
27-01-2026 13:45||NIFTY27JAN2624600PE,0.5807669431358023
27-01-2026 13:45||NIFTY27JAN2624700PE,0.50230600131068
27-01-2026 13:45||NIFTY27JAN2624800PE,0.4280963494656496
27-01-2026 13:45||NIFTY27JAN2625300CE,0.4657414364828397
27-01-2026 13:45||NIFTY27JAN2625600CE,0.674141984890684
27-01-2026 13:45||NIFTY27JAN2625700CE,0.7502517694466044
27-01-2026 13:45||NIFTY27JAN2625800CE,0.8270307518693646
27-01-2026 13:45||NIFTY27JAN2625900CE,0.9045769319659613
27-01-2026 13:45||NIFTY27JAN2626000CE,0.9830419328601459
27-01-2026 13:45||NIFTY27JAN2626300CE,1.2166935136097572
27-01-2026 13:45||NIFTY27JAN2626400CE,1.2839163661655442
27-01-2026 13:50||NIFTY27JAN2623900PE,1.2329868192030253
27-01-2026 13:50||NIFTY27JAN2624300PE,0.8798505779742136
27-01-2026 13:50||NIFTY27JAN2624700PE,0.5241217092037167
27-01-2026 13:50||NIFTY27JAN2624800PE,0.45727347445411515
27-01-2026 13:50||NIFTY27JAN2625000PE,0.3542091147674042
27-01-2026 13:50||NIFTY27JAN2625100PE,0.32195116495427223
27-01-2026 13:50||NIFTY27JAN2625200CE,0.32283975719162766
27-01-2026 13:50||NIFTY27JAN2625300CE,0.4071962128176064
27-01-2026 13:50||NIFTY27JAN2625600CE,0.6676005514515508
27-01-2026 13:50||NIFTY27JAN2626200CE,1.1714479297103335
27-01-2026 13:50||NIFTY27JAN2626500CE,1.436761807902535
27-01-2026 13:55||NIFTY27JAN2623800PE,1.3283782719999238
27-01-2026 13:55||NIFTY27JAN2624000PE,1.1577020115247225
27-01-2026 13:55||NIFTY27JAN2624100PE,1.0723899507768135
27-01-2026 13:55||NIFTY27JAN2624300PE,0.8880806777438488
27-01-2026 13:55||NIFTY27JAN2624400PE,0.7886969406835296
27-01-2026 13:55||NIFTY27JAN2624600PE,0.5972238310454454
27-01-2026 13:55||NIFTY27JAN2624700PE,0.5054034847073929
27-01-2026 13:55||NIFTY27JAN2624900PE,0.3571054434504173
27-01-2026 13:55||NIFTY27JAN2625200CE,0.308333733036832
27-01-2026 13:55||NIFTY27JAN2625300CE,0.41208091283418813
27-01-2026 13:55||NIFTY27JAN2625400CE,0.5126462062954182
27-01-2026 13:55||NIFTY27JAN2625500CE,0.6103744530006088
27-01-2026 13:55||NIFTY27JAN2625700CE,0.7978831095067072
27-01-2026 13:55||NIFTY27JAN2625800CE,0.8882181099708484
27-01-2026 13:55||NIFTY27JAN2626000CE,1.057365906351181
27-01-2026 13:55||NIFTY27JAN2626200CE,1.2207191525340997
27-01-2026 14:00||NIFTY27JAN2623800PE,1.3773794214765527
27-01-2026 14:00||NIFTY27JAN2624300PE,0.9178121883778552
27-01-2026 14:00||NIFTY27JAN2624400PE,0.8187982299015528
27-01-2026 14:00||NIFTY27JAN2624500PE,0.7187484204222883
27-01-2026 14:00||NIFTY27JAN2624600PE,0.6227395012710768
27-01-2026 14:00||NIFTY27JAN2624700PE,0.5358974675918522
27-01-2026 14:00||NIFTY27JAN2625000PE,0.3103117139233859
27-01-2026 14:00||NIFTY27JAN2625100PE,0.23202116099024533
27-01-2026 14:00||NIFTY27JAN2625800CE,0.8836124285968623
27-01-2026 14:00||NIFTY27JAN2626300CE,1.3201945251541125
27-01-2026 14:00||NIFTY27JAN2626500CE,1.4984306712186566
27-01-2026 14:05||NIFTY27JAN2623900PE,1.2815879040445572
27-01-2026 14:05||NIFTY27JAN2624000PE,1.1915622564052408
27-01-2026 14:05||NIFTY27JAN2624800PE,0.40353757444119265
27-01-2026 14:05||NIFTY27JAN2625400CE,0.5786233703447997
27-01-2026 14:05||NIFTY27JAN2625700CE,0.8758498087861164
27-01-2026 14:05||NIFTY27JAN2625800CE,0.9715222502937673
27-01-2026 14:05||NIFTY27JAN2626100CE,1.2444468399465212
27-01-2026 14:05||NIFTY27JAN2626200CE,1.3290632724263927
27-01-2026 14:05||NIFTY27JAN2626400CE,1.4886235314324578
27-01-2026 14:05||NIFTY27JAN2626500CE,1.562060356644458
27-01-2026 14:10||NIFTY27JAN2623800PE,1.6555141338851906
27-01-2026 14:10||NIFTY27JAN2623900PE,1.4597225401192855
27-01-2026 14:10||NIFTY27JAN2624000PE,1.289239499558102
27-01-2026 14:10||NIFTY27JAN2624500PE,0.7415101740683818
27-01-2026 14:10||NIFTY27JAN2624600PE,0.6407135522577325
27-01-2026 14:10||NIFTY27JAN2624700PE,0.5399151935258779
27-01-2026 14:10||NIFTY27JAN2624800PE,0.4432067094833428
27-01-2026 14:10||NIFTY27JAN2625400CE,0.5624799261980116
27-01-2026 14:10||NIFTY27JAN2625500CE,0.6664611646474597
27-01-2026 14:10||NIFTY27JAN2626000CE,1.1399637529464357
27-01-2026 14:10||NIFTY27JAN2626100CE,1.2270174296287024
27-01-2026 14:10||NIFTY27JAN2626200CE,1.3131609900223546
27-01-2026 14:15||NIFTY27JAN2624000PE,1.2757562533652074
27-01-2026 14:15||NIFTY27JAN2624200PE,1.0932496689896345
27-01-2026 14:15||NIFTY27JAN2624300PE,0.973206071527365
27-01-2026 14:15||NIFTY27JAN2624400PE,0.8503734085068875
27-01-2026 14:15||NIFTY27JAN2624500PE,0.7327790853008259
27-01-2026 14:15||NIFTY27JAN2624600PE,0.6063261352074703
27-01-2026 14:15||NIFTY27JAN2624700PE,0.4867971425580065
27-01-2026 14:15||NIFTY27JAN2624900PE,0.3647191573091734
27-01-2026 14:15||NIFTY27JAN2625400CE,0.5643344155363257
27-01-2026 14:15||NIFTY27JAN2625600CE,0.7804687501790228
27-01-2026 14:15||NIFTY27JAN2625800CE,0.9868372431862305
27-01-2026 14:15||NIFTY27JAN2626200CE,1.3945349762768064
27-01-2026 14:15||NIFTY27JAN2626300CE,1.4830222464934844
27-01-2026 14:15||NIFTY27JAN2626400CE,1.5632715516970075
27-01-2026 14:20||NIFTY27JAN2624100PE,1.189752992917687
27-01-2026 14:20||NIFTY27JAN2624300PE,0.9654722410443066
27-01-2026 14:20||NIFTY27JAN2624500PE,0.7569567560571031
27-01-2026 14:20||NIFTY27JAN2624600PE,0.6540049915072477
27-01-2026 14:20||NIFTY27JAN2624800PE,0.4845516573181848
27-01-2026 14:20||NIFTY27JAN2624900PE,0.41527786954965124
27-01-2026 14:20||NIFTY27JAN2625200CE,0.3833939408962273
27-01-2026 14:20||NIFTY27JAN2625500CE,0.6939646322429616
27-01-2026 14:20||NIFTY27JAN2625600CE,0.7962839945299313
27-01-2026 14:20||NIFTY27JAN2626000CE,1.2037909166015774
27-01-2026 14:20||NIFTY27JAN2626100CE,1.3059484054685555
27-01-2026 14:20||NIFTY27JAN2626200CE,1.4088221475390443
27-01-2026 14:20||NIFTY27JAN2626300CE,1.5125380153802306
27-01-2026 14:20||NIFTY27JAN2626500CE,1.720045434677385
27-01-2026 14:25||NIFTY27JAN2623800PE,1.573963199779679
27-01-2026 14:25||NIFTY27JAN2623900PE,1.458564649897682
27-01-2026 14:25||NIFTY27JAN2624000PE,1.3430302077356342
27-01-2026 14:25||NIFTY27JAN2624200PE,1.113064418309113
27-01-2026 14:25||NIFTY27JAN2624300PE,0.9978172718737197
27-01-2026 14:25||NIFTY27JAN2624800PE,0.4254712663047541
27-01-2026 14:25||NIFTY27JAN2624900PE,0.31839478473099386
27-01-2026 14:25||NIFTY27JAN2625000PE,0.21480738536390412
27-01-2026 14:25||NIFTY27JAN2625300CE,0.5234314337288832
27-01-2026 14:25||NIFTY27JAN2625700CE,0.9508813109906453
27-01-2026 14:25||NIFTY27JAN2625800CE,1.0580416806324047
27-01-2026 14:25||NIFTY27JAN2625900CE,1.1638477451991762
27-01-2026 14:25||NIFTY27JAN2626000CE,1.2675873698365594
27-01-2026 14:30||NIFTY27JAN2624000PE,1.404871439600246
27-01-2026 14:30||NIFTY27JAN2624200PE,1.1946395231833122
27-01-2026 14:30||NIFTY27JAN2624600PE,0.6980232267955353
27-01-2026 14:30||NIFTY27JAN2625000PE,0.2762305297172422
27-01-2026 14:30||NIFTY27JAN2625100PE,0.21403959988118865
27-01-2026 14:30||NIFTY27JAN2625200CE,0.3673886399648423
27-01-2026 14:30||NIFTY27JAN2625600CE,0.8765377853657791
27-01-2026 14:30||NIFTY27JAN2625900CE,1.2323990241166296
27-01-2026 14:30||NIFTY27JAN2626200CE,1.5660882593380907
27-01-2026 14:30||NIFTY27JAN2626400CE,1.7660258200059522
27-01-2026 14:30||NIFTY27JAN2626500CE,1.8626289628842962
27-01-2026 14:35||NIFTY27JAN2623800PE,1.6569674361767757
27-01-2026 14:35||NIFTY27JAN2624000PE,1.459002484041282
27-01-2026 14:35||NIFTY27JAN2624200PE,1.2450740739288615
27-01-2026 14:35||NIFTY27JAN2624900PE,0.34589534074263556
27-01-2026 14:35||NIFTY27JAN2625000PE,0.221655257778055
27-01-2026 14:35||NIFTY27JAN2625200CE,0.47125756238379496
27-01-2026 14:35||NIFTY27JAN2625400CE,0.686340250906427
27-01-2026 14:35||NIFTY27JAN2625500CE,0.7928611795897446
27-01-2026 14:35||NIFTY27JAN2625700CE,0.9986341879368849
27-01-2026 14:35||NIFTY27JAN2626000CE,1.3631434368259954
27-01-2026 14:35||NIFTY27JAN2626200CE,1.592486592189259
27-01-2026 14:40||NIFTY27JAN2624000PE,1.5567563799784052
27-01-2026 14:40||NIFTY27JAN2624100PE,1.44333370470209
27-01-2026 14:40||NIFTY27JAN2624300PE,1.198484060648262
27-01-2026 14:40||NIFTY27JAN2624400PE,1.0663133049919027
27-01-2026 14:40||NIFTY27JAN2624800PE,0.5516200942454361
27-01-2026 14:40||NIFTY27JAN2625100PE,0.17531621146552928
27-01-2026 14:40||NIFTY27JAN2625300CE,0.44257127045169486
27-01-2026 14:40||NIFTY27JAN2626000CE,1.2780280742260537
27-01-2026 14:40||NIFTY27JAN2626100CE,1.3936670984422155
27-01-2026 14:40||NIFTY27JAN2626200CE,1.5071137759392994
27-01-2026 14:40||NIFTY27JAN2626300CE,1.618135549134022
27-01-2026 14:40||NIFTY27JAN2626400CE,1.72634582000615
27-01-2026 14:45||NIFTY27JAN2623900PE,1.7861057602703307
27-01-2026 14:45||NIFTY27JAN2624000PE,1.660709970813458
27-01-2026 14:45||NIFTY27JAN2624200PE,1.406445366587506
27-01-2026 14:45||NIFTY27JAN2624600PE,0.8636057353271962
27-01-2026 14:45||NIFTY27JAN2624700PE,0.7203347247292482
27-01-2026 14:45||NIFTY27JAN2624800PE,0.5792470920629463
27-01-2026 14:45||NIFTY27JAN2624900PE,0.44248930785403096
27-01-2026 14:45||NIFTY27JAN2625300CE,0.4704988571955089
27-01-2026 14:45||NIFTY27JAN2625400CE,0.5835770790139958
27-01-2026 14:45||NIFTY27JAN2625700CE,0.9712223600059273
27-01-2026 14:45||NIFTY27JAN2626400CE,1.8339118944025352
27-01-2026 14:45||NIFTY27JAN2626500CE,1.954191161652417
27-01-2026 14:50||NIFTY27JAN2623800PE,2.0199915840126352
27-01-2026 14:50||NIFTY27JAN2624000PE,1.7693501221120713
27-01-2026 14:50||NIFTY27JAN2624100PE,1.6384793733860357
27-01-2026 14:50||NIFTY27JAN2624200PE,1.5078686669621555
27-01-2026 14:50||NIFTY27JAN2624800PE,0.6246127373639898
27-01-2026 14:50||NIFTY27JAN2625000PE,0.30648074958897714
27-01-2026 14:50||NIFTY27JAN2625100PE,0.14296695588522726
27-01-2026 14:50||NIFTY27JAN2625200CE,0.22080032706791242
27-01-2026 14:50||NIFTY27JAN2625300CE,0.39892889808634313
27-01-2026 14:50||NIFTY27JAN2625600CE,0.8295252854497777
27-01-2026 14:50||NIFTY27JAN2625800CE,1.0843689147915239
27-01-2026 14:50||NIFTY27JAN2625900CE,1.215691609514467
27-01-2026 14:55||NIFTY27JAN2623800PE,2.3240569255819583
27-01-2026 14:55||NIFTY27JAN2623900PE,2.1720135174038306
27-01-2026 14:55||NIFTY27JAN2624000PE,2.019052981818788
27-01-2026 14:55||NIFTY27JAN2624200PE,1.7129867430530061
27-01-2026 14:55||NIFTY27JAN2624500PE,1.2374326002720333
27-01-2026 14:55||NIFTY27JAN2624800PE,0.737255657938477
27-01-2026 14:55||NIFTY27JAN2624900PE,0.567278035072496
27-01-2026 14:55||NIFTY27JAN2625100PE,0.2228833713491271
27-01-2026 14:55||NIFTY27JAN2625500CE,0.6828522858996118
27-01-2026 14:55||NIFTY27JAN2625800CE,1.1500353369636016
27-01-2026 14:55||NIFTY27JAN2625900CE,1.280079878418173
27-01-2026 14:55||NIFTY27JAN2626000CE,1.4096291437375332
27-01-2026 14:55||NIFTY27JAN2626100CE,1.5373378836226315
27-01-2026 14:55||NIFTY27JAN2626200CE,1.6658123476598845
27-01-2026 14:55||NIFTY27JAN2626400CE,1.8643926953055583
27-01-2026 15:00||NIFTY27JAN2624100PE,1.8347491216512102
27-01-2026 15:00||NIFTY27JAN2624700PE,0.8522179518084009
27-01-2026 15:00||NIFTY27JAN2624800PE,0.6842006916308085
27-01-2026 15:00||NIFTY27JAN2625000PE,0.3593250304007203
27-01-2026 15:00||NIFTY27JAN2625100PE,0.20415847950483826
27-01-2026 15:00||NIFTY27JAN2625400CE,0.5905088788315491
27-01-2026 15:00||NIFTY27JAN2625600CE,0.9119424422362452
27-01-2026 15:00||NIFTY27JAN2626000CE,1.5280262369117605
27-01-2026 15:00||NIFTY27JAN2626400CE,2.0811168891518546
27-01-2026 15:05||NIFTY27JAN2624000PE,2.1815722689466037
27-01-2026 15:05||NIFTY27JAN2624100PE,2.014912446847342
27-01-2026 15:05||NIFTY27JAN2624200PE,1.849891663881657
27-01-2026 15:05||NIFTY27JAN2624500PE,1.284232827319916
27-01-2026 15:05||NIFTY27JAN2624800PE,0.7695772969147099
27-01-2026 15:05||NIFTY27JAN2624900PE,0.5953517325081907
27-01-2026 15:05||NIFTY27JAN2625000PE,0.4230337094187089
27-01-2026 15:05||NIFTY27JAN2625100PE,0.2517147237402001
27-01-2026 15:05||NIFTY27JAN2625400CE,0.580262589222594
27-01-2026 15:05||NIFTY27JAN2625600CE,0.9253622173182168
27-01-2026 15:05||NIFTY27JAN2625900CE,1.4066700798425391
27-01-2026 15:05||NIFTY27JAN2626300CE,2.007479560562232
27-01-2026 15:10||NIFTY27JAN2623800PE,2.874443772746153
27-01-2026 15:10||NIFTY27JAN2623900PE,2.6756408603315545
27-01-2026 15:10||NIFTY27JAN2624000PE,2.4745784669915927
27-01-2026 15:10||NIFTY27JAN2624100PE,2.271616947826895
27-01-2026 15:10||NIFTY27JAN2624200PE,2.0661451283608105
27-01-2026 15:10||NIFTY27JAN2624900PE,0.6163782604386823
27-01-2026 15:10||NIFTY27JAN2625300CE,0.40029156295864377
27-01-2026 15:10||NIFTY27JAN2625400CE,0.6094697770365447
27-01-2026 15:10||NIFTY27JAN2625600CE,0.9741340804276968
27-01-2026 15:10||NIFTY27JAN2625800CE,1.3506768859074234
27-01-2026 15:10||NIFTY27JAN2626000CE,1.7590538880589586
27-01-2026 15:10||NIFTY27JAN2626300CE,2.192562581590244
27-01-2026 15:10||NIFTY27JAN2626400CE,2.361185414911035
27-01-2026 15:15||NIFTY27JAN2623800PE,2.9659697220667613
27-01-2026 15:15||NIFTY27JAN2624100PE,2.638360868596701
27-01-2026 15:15||NIFTY27JAN2624400PE,1.8519315848433124
27-01-2026 15:15||NIFTY27JAN2624800PE,0.9357488519381968
27-01-2026 15:15||NIFTY27JAN2624900PE,0.7036167454907065
27-01-2026 15:15||NIFTY27JAN2625000PE,0.47068129921756835
27-01-2026 15:15||NIFTY27JAN2625200CE,0.19587997939241997
27-01-2026 15:15||NIFTY27JAN2625400CE,0.616897748110057
27-01-2026 15:15||NIFTY27JAN2625600CE,1.078119391159702
27-01-2026 15:15||NIFTY27JAN2625900CE,1.7105288847715499
27-01-2026 15:15||NIFTY27JAN2626000CE,1.9549873855591378
27-01-2026 15:15||NIFTY27JAN2626200CE,2.3822929022464754
27-01-2026 15:15||NIFTY27JAN2626300CE,2.5724174475422017
27-01-2026 15:15||NIFTY27JAN2626400CE,2.750527555023286
27-01-2026 15:20||NIFTY27JAN2623800PE,3.948923224869503
27-01-2026 15:20||NIFTY27JAN2623900PE,3.6774599341943355
27-01-2026 15:20||NIFTY27JAN2624300PE,2.590476902404393
27-01-2026 15:20||NIFTY27JAN2624400PE,2.318176918088277
27-01-2026 15:20||NIFTY27JAN2624500PE,2.0454380048933536
27-01-2026 15:20||NIFTY27JAN2624800PE,1.2255946019323438
27-01-2026 15:20||NIFTY27JAN2624900PE,0.9552342899792382
27-01-2026 15:20||NIFTY27JAN2625100PE,0.4159659838857279
27-01-2026 15:20||NIFTY27JAN2625300CE,0.3093567456095444
27-01-2026 15:20||NIFTY27JAN2625400CE,0.6054286415907363
27-01-2026 15:20||NIFTY27JAN2625500CE,0.904616667255785
27-01-2026 15:20||NIFTY27JAN2625700CE,1.5245213682515815
27-01-2026 15:20||NIFTY27JAN2626000CE,2.3265241720218945
27-01-2026 15:20||NIFTY27JAN2626300CE,3.0589123550743795
27-01-2026 15:20||NIFTY27JAN2626400CE,3.288263685226141
27-01-2026 15:20||NIFTY27JAN2626500CE,3.5023761475980155
27-01-2026 15:25||NIFTY27JAN2623800PE,5.795812208457051
27-01-2026 15:25||NIFTY27JAN2624200PE,4.212132647328291
27-01-2026 15:25||NIFTY27JAN2624700PE,2.2815557351357967
27-01-2026 15:25||NIFTY27JAN2624900PE,1.490722926682564
27-01-2026 15:25||NIFTY27JAN2625100PE,0.6816985628949157
27-01-2026 15:25||NIFTY27JAN2625300CE,0.4011602226003774
27-01-2026 15:25||NIFTY27JAN2625400CE,0.770555894255604
27-01-2026 15:25||NIFTY27JAN2625600CE,1.5277694527817394
27-01-2026 15:25||NIFTY27JAN2626100CE,3.385479367067756
27-01-2026 15:25||NIFTY27JAN2626300CE,4.094483752918287
27-01-2026 15:25||NIFTY27JAN2626400CE,4.442397776669664
27-01-2026 15:25||NIFTY27JAN2626500CE,4.786465165962797
