id,value
07-01-2026 09:15||NIFTY27JAN2624100PE,0.1633638699286264
07-01-2026 09:15||NIFTY27JAN2624400PE,0.14679001031198108
07-01-2026 09:15||NIFTY27JAN2625500CE,0.11382714830000795
07-01-2026 09:15||NIFTY27JAN2625800CE,0.10250182350268539
07-01-2026 09:15||NIFTY27JAN2625900CE,0.09914785896961976
07-01-2026 09:20||NIFTY27JAN2624000PE,0.16999118193778143
07-01-2026 09:20||NIFTY27JAN2624200PE,0.15969275210310965
07-01-2026 09:20||NIFTY27JAN2624400PE,0.14850599527216365
07-01-2026 09:20||NIFTY27JAN2624600PE,0.13786164288911246
07-01-2026 09:20||NIFTY27JAN2624800PE,0.12823032563790804
07-01-2026 09:20||NIFTY27JAN2625000PE,0.11861039834886639
07-01-2026 09:20||NIFTY27JAN2625300CE,0.10205068368432076
07-01-2026 09:20||NIFTY27JAN2625400CE,0.10891715785951683
07-01-2026 09:20||NIFTY27JAN2625700CE,0.10618872873720253
07-01-2026 09:20||NIFTY27JAN2625800CE,0.10380403411435479
07-01-2026 09:20||NIFTY27JAN2625900CE,0.10143551568227202
07-01-2026 09:20||NIFTY27JAN2626000CE,0.09908519927578507
07-01-2026 09:25||NIFTY27JAN2624300PE,0.15425614912989
07-01-2026 09:25||NIFTY27JAN2624800PE,0.1279822589305767
07-01-2026 09:25||NIFTY27JAN2625100PE,0.11341409052850537
07-01-2026 09:25||NIFTY27JAN2625300CE,0.09318918837471547
07-01-2026 09:25||NIFTY27JAN2626500CE,0.08455570694613071
07-01-2026 09:30||NIFTY27JAN2623800PE,0.18839452103160426
07-01-2026 09:30||NIFTY27JAN2623900PE,0.1799724574329731
07-01-2026 09:30||NIFTY27JAN2624300PE,0.15257656861654822
07-01-2026 09:30||NIFTY27JAN2624400PE,0.14735862096777114
07-01-2026 09:30||NIFTY27JAN2625500CE,0.10908812259208289
07-01-2026 09:30||NIFTY27JAN2625900CE,0.10117519915894709
07-01-2026 09:30||NIFTY27JAN2626400CE,0.08978613812595979
07-01-2026 09:35||NIFTY27JAN2623900PE,0.17719909293237418
07-01-2026 09:35||NIFTY27JAN2624600PE,0.1375174249458109
07-01-2026 09:35||NIFTY27JAN2625100PE,0.11208024475599107
07-01-2026 09:35||NIFTY27JAN2625900CE,0.1025063432024863
07-01-2026 09:35||NIFTY27JAN2626100CE,0.09675197797933088
07-01-2026 09:35||NIFTY27JAN2626400CE,0.08999396780153143
07-01-2026 09:40||NIFTY27JAN2625000PE,0.1191597881988184
07-01-2026 09:40||NIFTY27JAN2625100PE,0.11440336934373438
07-01-2026 09:40||NIFTY27JAN2625200CE,0.06868895888044539
07-01-2026 09:40||NIFTY27JAN2625600CE,0.08592637844482813
07-01-2026 09:40||NIFTY27JAN2625800CE,0.08612601693248548
07-01-2026 09:40||NIFTY27JAN2625900CE,0.0853595135058962
07-01-2026 09:40||NIFTY27JAN2626200CE,0.0834571606702195
07-01-2026 09:40||NIFTY27JAN2626400CE,0.08274359613123154
07-01-2026 09:45||NIFTY27JAN2625000PE,0.11631069505547953
07-01-2026 09:45||NIFTY27JAN2625100PE,0.11177779940312364
07-01-2026 09:45||NIFTY27JAN2625200CE,0.12194081400515375
07-01-2026 09:45||NIFTY27JAN2625400CE,0.11672177040729065
07-01-2026 09:45||NIFTY27JAN2625700CE,0.10570701588572634
07-01-2026 09:45||NIFTY27JAN2625900CE,0.10023445492121562
07-01-2026 09:45||NIFTY27JAN2626300CE,0.09090331919387805
07-01-2026 09:45||NIFTY27JAN2626400CE,0.08926952965673987
07-01-2026 09:50||NIFTY27JAN2623800PE,0.18429795885375355
07-01-2026 09:50||NIFTY27JAN2623900PE,0.17725786421002593
07-01-2026 09:50||NIFTY27JAN2624200PE,0.15777323184281783
07-01-2026 09:50||NIFTY27JAN2624400PE,0.14636579129829685
07-01-2026 09:50||NIFTY27JAN2624500PE,0.14101930161859405
07-01-2026 09:50||NIFTY27JAN2624900PE,0.12102416346490408
07-01-2026 09:50||NIFTY27JAN2625200CE,0.12435511111803259
07-01-2026 09:50||NIFTY27JAN2625500CE,0.10900260022697728
07-01-2026 09:50||NIFTY27JAN2625600CE,0.106862668859912
07-01-2026 09:50||NIFTY27JAN2626100CE,0.09361265760738507
07-01-2026 09:50||NIFTY27JAN2626400CE,0.08801229005521521
07-01-2026 09:55||NIFTY27JAN2624000PE,0.1690211824856233
07-01-2026 09:55||NIFTY27JAN2624200PE,0.15784312762766123
07-01-2026 09:55||NIFTY27JAN2624300PE,0.15211331867976738
07-01-2026 09:55||NIFTY27JAN2624600PE,0.13566731680301394
07-01-2026 09:55||NIFTY27JAN2624700PE,0.13067915152676163
07-01-2026 09:55||NIFTY27JAN2625000PE,0.11515993212686984
07-01-2026 09:55||NIFTY27JAN2625300CE,0.13270435699808994
07-01-2026 09:55||NIFTY27JAN2625500CE,0.12723220911232358
07-01-2026 09:55||NIFTY27JAN2625600CE,0.12064478876088225
07-01-2026 09:55||NIFTY27JAN2625800CE,0.1110057605698419
07-01-2026 09:55||NIFTY27JAN2625900CE,0.1075078115929339
07-01-2026 09:55||NIFTY27JAN2626000CE,0.10424022267654137
07-01-2026 10:00||NIFTY27JAN2623800PE,0.18338469172178196
07-01-2026 10:00||NIFTY27JAN2624600PE,0.13747477091558152
07-01-2026 10:00||NIFTY27JAN2625000PE,0.11732460555238922
07-01-2026 10:00||NIFTY27JAN2625800CE,0.10411002964040339
07-01-2026 10:00||NIFTY27JAN2625900CE,0.10090340010938026
07-01-2026 10:00||NIFTY27JAN2626100CE,0.09535883349694313
07-01-2026 10:00||NIFTY27JAN2626200CE,0.09293929603451787
07-01-2026 10:00||NIFTY27JAN2626500CE,0.08696579527329952
07-01-2026 10:05||NIFTY27JAN2625000PE,0.11713737887733808
07-01-2026 10:05||NIFTY27JAN2625200CE,0.0644776889018031
07-01-2026 10:05||NIFTY27JAN2625500CE,0.10843240568637852
07-01-2026 10:05||NIFTY27JAN2626000CE,0.10152385831701263
07-01-2026 10:05||NIFTY27JAN2626200CE,0.09675781349366175
07-01-2026 10:05||NIFTY27JAN2626300CE,0.09424801891299485
07-01-2026 10:10||NIFTY27JAN2623800PE,0.18577718472283886
07-01-2026 10:10||NIFTY27JAN2623900PE,0.17932008241265907
07-01-2026 10:10||NIFTY27JAN2624000PE,0.17301935141216251
07-01-2026 10:10||NIFTY27JAN2624200PE,0.1608904101857605
07-01-2026 10:10||NIFTY27JAN2625100PE,0.11227051642464506
07-01-2026 10:10||NIFTY27JAN2625500CE,0.10077809436434601
07-01-2026 10:10||NIFTY27JAN2625600CE,0.10005281997580609
07-01-2026 10:10||NIFTY27JAN2625700CE,0.09939515395875755
07-01-2026 10:10||NIFTY27JAN2625800CE,0.09876558973280672
07-01-2026 10:10||NIFTY27JAN2625900CE,0.09812923196093667
07-01-2026 10:10||NIFTY27JAN2626000CE,0.09744774865308682
07-01-2026 10:15||NIFTY27JAN2623900PE,0.1786820015681399
07-01-2026 10:15||NIFTY27JAN2624600PE,0.14072383066803654
07-01-2026 10:15||NIFTY27JAN2625000PE,0.12020764555758937
07-01-2026 10:15||NIFTY27JAN2625700CE,0.09373978862836682
07-01-2026 10:15||NIFTY27JAN2626100CE,0.08764432222949972
07-01-2026 10:15||NIFTY27JAN2626200CE,0.08634715279389243
07-01-2026 10:15||NIFTY27JAN2626500CE,0.08278043931625172
07-01-2026 10:20||NIFTY27JAN2624000PE,0.17223474140691375
07-01-2026 10:20||NIFTY27JAN2624200PE,0.16175363366293416
07-01-2026 10:20||NIFTY27JAN2624300PE,0.15607470410874355
07-01-2026 10:20||NIFTY27JAN2624500PE,0.1452431471879013
07-01-2026 10:20||NIFTY27JAN2625500CE,0.1153043372023761
07-01-2026 10:20||NIFTY27JAN2625700CE,0.10353928802169142
07-01-2026 10:20||NIFTY27JAN2626100CE,0.09170424867746602
07-01-2026 10:25||NIFTY27JAN2624000PE,0.17074375416356607
07-01-2026 10:25||NIFTY27JAN2624100PE,0.16553040660931062
07-01-2026 10:25||NIFTY27JAN2625600CE,0.09944310644960214
07-01-2026 10:25||NIFTY27JAN2625700CE,0.0961873574238367
07-01-2026 10:25||NIFTY27JAN2626000CE,0.09206889888772374
07-01-2026 10:25||NIFTY27JAN2626100CE,0.09004966272542336
07-01-2026 10:30||NIFTY27JAN2624200PE,0.15925327018161306
07-01-2026 10:30||NIFTY27JAN2624700PE,0.13197712554438107
07-01-2026 10:30||NIFTY27JAN2624900PE,0.12159775161099468
07-01-2026 10:30||NIFTY27JAN2625100PE,0.11066168452105044
07-01-2026 10:30||NIFTY27JAN2625500CE,0.1172856073915835
07-01-2026 10:30||NIFTY27JAN2625600CE,0.11194724145756402
07-01-2026 10:30||NIFTY27JAN2626000CE,0.09637574443072741
07-01-2026 10:30||NIFTY27JAN2626200CE,0.09220487856857867
07-01-2026 10:30||NIFTY27JAN2626300CE,0.09021899098902933
07-01-2026 10:35||NIFTY27JAN2623800PE,0.18260419273282222
07-01-2026 10:35||NIFTY27JAN2623900PE,0.17672972275813859
07-01-2026 10:35||NIFTY27JAN2624200PE,0.15907473898412408
07-01-2026 10:35||NIFTY27JAN2624500PE,0.14278277520133387
07-01-2026 10:35||NIFTY27JAN2624900PE,0.12161831853453843
07-01-2026 10:35||NIFTY27JAN2625000PE,0.11632161041186817
07-01-2026 10:35||NIFTY27JAN2625400CE,0.12439941198716864
07-01-2026 10:35||NIFTY27JAN2625500CE,0.11679755532238723
07-01-2026 10:35||NIFTY27JAN2625700CE,0.10678643340502524
07-01-2026 10:35||NIFTY27JAN2626100CE,0.09649276827446533
07-01-2026 10:35||NIFTY27JAN2626200CE,0.09421120082666859
07-01-2026 10:35||NIFTY27JAN2626300CE,0.091690571217901
07-01-2026 10:40||NIFTY27JAN2623900PE,0.17749951659974472
07-01-2026 10:40||NIFTY27JAN2624900PE,0.12226952793973288
07-01-2026 10:40||NIFTY27JAN2625100PE,0.11166752686753337
07-01-2026 10:40||NIFTY27JAN2625200CE,0.13195569575429741
07-01-2026 10:40||NIFTY27JAN2625400CE,0.11709283578896018
07-01-2026 10:40||NIFTY27JAN2625600CE,0.10678988783219677
07-01-2026 10:40||NIFTY27JAN2625800CE,0.10014236533319071
07-01-2026 10:40||NIFTY27JAN2625900CE,0.09754668337026101
07-01-2026 10:40||NIFTY27JAN2626100CE,0.09287475378717176
07-01-2026 10:40||NIFTY27JAN2626300CE,0.08907028027093575
07-01-2026 10:45||NIFTY27JAN2624000PE,0.17090433724485363
07-01-2026 10:45||NIFTY27JAN2624300PE,0.15398522514656562
07-01-2026 10:45||NIFTY27JAN2624800PE,0.12724016496548846
07-01-2026 10:45||NIFTY27JAN2625100PE,0.11169318629737034
07-01-2026 10:45||NIFTY27JAN2625300CE,0.1193791735630298
07-01-2026 10:45||NIFTY27JAN2625500CE,0.11150379024200287
07-01-2026 10:45||NIFTY27JAN2626000CE,0.09484835150191281
07-01-2026 10:45||NIFTY27JAN2626400CE,0.08752964429139114
07-01-2026 10:45||NIFTY27JAN2626500CE,0.0866827293647332
07-01-2026 10:50||NIFTY27JAN2623800PE,0.18244808137145455
07-01-2026 10:50||NIFTY27JAN2623900PE,0.17686737329937333
07-01-2026 10:50||NIFTY27JAN2624200PE,0.16010852567559836
07-01-2026 10:50||NIFTY27JAN2624300PE,0.15451869998743709
07-01-2026 10:50||NIFTY27JAN2624400PE,0.14892568029792452
07-01-2026 10:50||NIFTY27JAN2624900PE,0.12207139791507059
07-01-2026 10:50||NIFTY27JAN2625600CE,0.1150875782762929
07-01-2026 10:50||NIFTY27JAN2625800CE,0.1054987164131773
07-01-2026 10:50||NIFTY27JAN2626100CE,0.09825479326542201
07-01-2026 10:55||NIFTY27JAN2624000PE,0.17208198097429173
07-01-2026 10:55||NIFTY27JAN2624300PE,0.1556897494415616
07-01-2026 10:55||NIFTY27JAN2624500PE,0.1448214651307628
07-01-2026 10:55||NIFTY27JAN2624900PE,0.12352309335805646
07-01-2026 10:55||NIFTY27JAN2625000PE,0.11823683438863399
07-01-2026 10:55||NIFTY27JAN2625100PE,0.11297336299260577
07-01-2026 10:55||NIFTY27JAN2625500CE,0.1032163004532679
07-01-2026 10:55||NIFTY27JAN2626100CE,0.09294000804230995
07-01-2026 11:00||NIFTY27JAN2624200PE,0.16078633385745406
07-01-2026 11:00||NIFTY27JAN2624300PE,0.15527476366339993
07-01-2026 11:00||NIFTY27JAN2625900CE,0.10779881970700195
07-01-2026 11:00||NIFTY27JAN2626100CE,0.1006224609465686
07-01-2026 11:00||NIFTY27JAN2626500CE,0.0879999783189422
07-01-2026 11:05||NIFTY27JAN2624300PE,0.15650488405898716
07-01-2026 11:05||NIFTY27JAN2624600PE,0.14041671640794404
07-01-2026 11:05||NIFTY27JAN2624800PE,0.12992119971101146
07-01-2026 11:05||NIFTY27JAN2625200CE,0.015456253143932421
07-01-2026 11:05||NIFTY27JAN2626000CE,0.09524316040929576
07-01-2026 11:05||NIFTY27JAN2626200CE,0.09035123322242941
07-01-2026 11:10||NIFTY27JAN2623900PE,0.17811984759704208
07-01-2026 11:10||NIFTY27JAN2624100PE,0.16718833541119393
07-01-2026 11:10||NIFTY27JAN2624400PE,0.14961002639300502
07-01-2026 11:10||NIFTY27JAN2624800PE,0.12889748390854244
07-01-2026 11:10||NIFTY27JAN2625200CE,0.11159376448462902
07-01-2026 11:10||NIFTY27JAN2625500CE,0.11015708364905683
07-01-2026 11:10||NIFTY27JAN2625700CE,0.10058089495374029
07-01-2026 11:10||NIFTY27JAN2625900CE,0.09501563495554963
07-01-2026 11:10||NIFTY27JAN2626300CE,0.08678268008919036
07-01-2026 11:10||NIFTY27JAN2626500CE,0.0829295556150771
07-01-2026 11:15||NIFTY27JAN2623800PE,0.18198564267957276
07-01-2026 11:15||NIFTY27JAN2624000PE,0.17105314550932832
07-01-2026 11:15||NIFTY27JAN2624800PE,0.12736849717163679
07-01-2026 11:15||NIFTY27JAN2625000PE,0.11685191848270002
07-01-2026 11:15||NIFTY27JAN2625200CE,0.12858366102494764
07-01-2026 11:15||NIFTY27JAN2625400CE,0.11509881230534283
07-01-2026 11:15||NIFTY27JAN2625500CE,0.11010094654594937
07-01-2026 11:15||NIFTY27JAN2626000CE,0.09762674267948812
07-01-2026 11:15||NIFTY27JAN2626100CE,0.09538463142034517
07-01-2026 11:15||NIFTY27JAN2626300CE,0.09107797042708299
07-01-2026 11:20||NIFTY27JAN2623800PE,0.18221618104532614
07-01-2026 11:20||NIFTY27JAN2624200PE,0.1599418073177809
07-01-2026 11:20||NIFTY27JAN2624800PE,0.12723241597883017
07-01-2026 11:20||NIFTY27JAN2624900PE,0.12201359037268589
07-01-2026 11:20||NIFTY27JAN2625300CE,0.13008672324788018
07-01-2026 11:20||NIFTY27JAN2625700CE,0.10224787849465646
07-01-2026 11:20||NIFTY27JAN2626000CE,0.09421260456252414
07-01-2026 11:20||NIFTY27JAN2626400CE,0.08594344043471207
07-01-2026 11:25||NIFTY27JAN2623800PE,0.18138116152125824
07-01-2026 11:25||NIFTY27JAN2624400PE,0.1482659576024934
07-01-2026 11:25||NIFTY27JAN2624800PE,0.12657729525984107
07-01-2026 11:25||NIFTY27JAN2625300CE,0.13766021559822691
07-01-2026 11:25||NIFTY27JAN2625500CE,0.12407812059038048
07-01-2026 11:25||NIFTY27JAN2625700CE,0.10924229100367784
07-01-2026 11:25||NIFTY27JAN2625800CE,0.10516701251467286
07-01-2026 11:25||NIFTY27JAN2625900CE,0.10162890672148558
07-01-2026 11:25||NIFTY27JAN2626000CE,0.09842463346170692
07-01-2026 11:25||NIFTY27JAN2626200CE,0.09254196900662723
07-01-2026 11:30||NIFTY27JAN2624300PE,0.15408691859182316
07-01-2026 11:30||NIFTY27JAN2624400PE,0.14869371576188994
07-01-2026 11:30||NIFTY27JAN2625200CE,0.13306281487641525
07-01-2026 11:30||NIFTY27JAN2625500CE,0.1203893834369924
07-01-2026 11:30||NIFTY27JAN2626000CE,0.10207827304490032
07-01-2026 11:30||NIFTY27JAN2626300CE,0.09335910406647199
07-01-2026 11:35||NIFTY27JAN2624400PE,0.14965999407547256
07-01-2026 11:35||NIFTY27JAN2624900PE,0.12259126440402376
07-01-2026 11:35||NIFTY27JAN2625300CE,0.13248293599256877
07-01-2026 11:35||NIFTY27JAN2625500CE,0.1202830011091636
07-01-2026 11:35||NIFTY27JAN2625800CE,0.09877055879778837
07-01-2026 11:35||NIFTY27JAN2626300CE,0.08754803537466638
07-01-2026 11:40||NIFTY27JAN2624000PE,0.17098672013010363
07-01-2026 11:40||NIFTY27JAN2624400PE,0.14859006989367415
07-01-2026 11:40||NIFTY27JAN2624500PE,0.14313830639584896
07-01-2026 11:40||NIFTY27JAN2625200CE,0.13147028110348974
07-01-2026 11:40||NIFTY27JAN2625600CE,0.11276412391687558
07-01-2026 11:40||NIFTY27JAN2625900CE,0.10160566766053375
07-01-2026 11:45||NIFTY27JAN2624000PE,0.170357653436299
07-01-2026 11:45||NIFTY27JAN2625000PE,0.11574795100321292
07-01-2026 11:45||NIFTY27JAN2625500CE,0.11892417697713827
07-01-2026 11:45||NIFTY27JAN2625600CE,0.11304595968027548
07-01-2026 11:45||NIFTY27JAN2625900CE,0.1013752975233046
07-01-2026 11:45||NIFTY27JAN2626200CE,0.09272152780410892
07-01-2026 11:45||NIFTY27JAN2626400CE,0.08862091434709493
07-01-2026 11:50||NIFTY27JAN2624000PE,0.1702574560261934
07-01-2026 11:50||NIFTY27JAN2624600PE,0.13719277231851265
07-01-2026 11:50||NIFTY27JAN2624900PE,0.12161373495157739
07-01-2026 11:50||NIFTY27JAN2625100PE,0.11088427584460725
07-01-2026 11:50||NIFTY27JAN2625700CE,0.10458935727834487
07-01-2026 11:50||NIFTY27JAN2626400CE,0.0855408284501386
07-01-2026 11:55||NIFTY27JAN2623900PE,0.17572333461771616
07-01-2026 11:55||NIFTY27JAN2625200CE,0.14818663850081842
07-01-2026 11:55||NIFTY27JAN2625400CE,0.12241877251003902
07-01-2026 11:55||NIFTY27JAN2625700CE,0.1066019569907864
07-01-2026 11:55||NIFTY27JAN2625800CE,0.1017416940644629
07-01-2026 11:55||NIFTY27JAN2626100CE,0.09364858064230286
07-01-2026 11:55||NIFTY27JAN2626300CE,0.08926211915592547
07-01-2026 12:00||NIFTY27JAN2624200PE,0.15806085441369358
07-01-2026 12:00||NIFTY27JAN2624300PE,0.15239611011896953
07-01-2026 12:00||NIFTY27JAN2624500PE,0.14132633307665293
07-01-2026 12:00||NIFTY27JAN2625100PE,0.11057474071323306
07-01-2026 12:00||NIFTY27JAN2625500CE,0.11775292553117489
07-01-2026 12:00||NIFTY27JAN2625600CE,0.11178714703798438
07-01-2026 12:00||NIFTY27JAN2626400CE,0.08726465215445936
07-01-2026 12:05||NIFTY27JAN2624200PE,0.15773289437764215
07-01-2026 12:05||NIFTY27JAN2624300PE,0.15197834345736627
07-01-2026 12:05||NIFTY27JAN2624600PE,0.13568556055978653
07-01-2026 12:05||NIFTY27JAN2625300CE,0.14647661278483937
07-01-2026 12:05||NIFTY27JAN2625700CE,0.10928208808208864
07-01-2026 12:05||NIFTY27JAN2625900CE,0.10160379375897588
07-01-2026 12:05||NIFTY27JAN2626000CE,0.09834508320017252
07-01-2026 12:05||NIFTY27JAN2626100CE,0.09531296073379919
07-01-2026 12:05||NIFTY27JAN2626300CE,0.09065941183244809
07-01-2026 12:05||NIFTY27JAN2626400CE,0.08915798614944108
07-01-2026 12:05||NIFTY27JAN2626500CE,0.08810588810968899
07-01-2026 12:10||NIFTY27JAN2623900PE,0.17403523558735517
07-01-2026 12:10||NIFTY27JAN2624000PE,0.16802715509521612
07-01-2026 12:10||NIFTY27JAN2624100PE,0.16227867358718945
07-01-2026 12:10||NIFTY27JAN2625200CE,0.15712813630545341
07-01-2026 12:10||NIFTY27JAN2625600CE,0.1167885086671468
07-01-2026 12:10||NIFTY27JAN2625800CE,0.10518136629946406
07-01-2026 12:10||NIFTY27JAN2626500CE,0.08821749265273937
07-01-2026 12:15||NIFTY27JAN2624300PE,0.15142010407073886
07-01-2026 12:15||NIFTY27JAN2625000PE,0.11490828185361712
07-01-2026 12:15||NIFTY27JAN2625100PE,0.10987794453995456
07-01-2026 12:15||NIFTY27JAN2625300CE,0.14873885362722267
07-01-2026 12:15||NIFTY27JAN2625500CE,0.12425667580316777
07-01-2026 12:15||NIFTY27JAN2625600CE,0.11749350417786199
07-01-2026 12:20||NIFTY27JAN2623800PE,0.17935008749710932
07-01-2026 12:20||NIFTY27JAN2624000PE,0.1683425799860703
07-01-2026 12:20||NIFTY27JAN2624400PE,0.1458618605630605
07-01-2026 12:20||NIFTY27JAN2625100PE,0.10987564329839122
07-01-2026 12:20||NIFTY27JAN2625900CE,0.10332899573680208
07-01-2026 12:20||NIFTY27JAN2626100CE,0.09678190967577532
07-01-2026 12:20||NIFTY27JAN2626300CE,0.09187010800772573
07-01-2026 12:25||NIFTY27JAN2624400PE,0.14591511068185709
07-01-2026 12:25||NIFTY27JAN2624500PE,0.14084932968677472
07-01-2026 12:25||NIFTY27JAN2624600PE,0.13578762160206398
07-01-2026 12:25||NIFTY27JAN2624700PE,0.1307241208064736
07-01-2026 12:25||NIFTY27JAN2624800PE,0.12566333257322232
07-01-2026 12:25||NIFTY27JAN2625000PE,0.11551277687994861
07-01-2026 12:25||NIFTY27JAN2625300CE,0.1360401727563127
07-01-2026 12:25||NIFTY27JAN2625800CE,0.10456255742243231
07-01-2026 12:25||NIFTY27JAN2626300CE,0.09047934367888896
07-01-2026 12:25||NIFTY27JAN2626400CE,0.08875659826383173
07-01-2026 12:30||NIFTY27JAN2623800PE,0.17939388133925033
07-01-2026 12:30||NIFTY27JAN2624000PE,0.16832061078703509
07-01-2026 12:30||NIFTY27JAN2624100PE,0.1627563541387309
07-01-2026 12:30||NIFTY27JAN2624500PE,0.1415721351324496
07-01-2026 12:30||NIFTY27JAN2624600PE,0.13606150638971637
07-01-2026 12:30||NIFTY27JAN2624800PE,0.12549509792675367
07-01-2026 12:30||NIFTY27JAN2625000PE,0.11526855498138092
07-01-2026 12:30||NIFTY27JAN2625200CE,0.13872483835569274
07-01-2026 12:30||NIFTY27JAN2625400CE,0.12553250071517597
07-01-2026 12:30||NIFTY27JAN2625500CE,0.11970627683583679
07-01-2026 12:30||NIFTY27JAN2626300CE,0.09175445001174395
07-01-2026 12:35||NIFTY27JAN2623900PE,0.17439977905737375
07-01-2026 12:35||NIFTY27JAN2624100PE,0.16324098230658413
07-01-2026 12:35||NIFTY27JAN2624200PE,0.15748603363182584
07-01-2026 12:35||NIFTY27JAN2624300PE,0.15175465084103987
07-01-2026 12:35||NIFTY27JAN2624700PE,0.13034619856323648
07-01-2026 12:35||NIFTY27JAN2624800PE,0.12535344822718034
07-01-2026 12:35||NIFTY27JAN2625100PE,0.11010413629487462
07-01-2026 12:35||NIFTY27JAN2625300CE,0.13064129452444687
07-01-2026 12:35||NIFTY27JAN2625400CE,0.12316561799916312
07-01-2026 12:35||NIFTY27JAN2626200CE,0.09376736502622764
07-01-2026 12:35||NIFTY27JAN2626300CE,0.09140029533448138
07-01-2026 12:35||NIFTY27JAN2626500CE,0.08708258434228812
07-01-2026 12:40||NIFTY27JAN2624500PE,0.14104233224742505
07-01-2026 12:40||NIFTY27JAN2625100PE,0.11102530313337597
07-01-2026 12:40||NIFTY27JAN2625200CE,0.12300144905098793
07-01-2026 12:40||NIFTY27JAN2625700CE,0.09957153306928486
07-01-2026 12:40||NIFTY27JAN2625800CE,0.09593143622604713
07-01-2026 12:40||NIFTY27JAN2626300CE,0.08680706027084284
07-01-2026 12:45||NIFTY27JAN2623800PE,0.1772732535434794
07-01-2026 12:45||NIFTY27JAN2624000PE,0.16633140313696682
07-01-2026 12:45||NIFTY27JAN2624900PE,0.11950237011613146
07-01-2026 12:45||NIFTY27JAN2625000PE,0.11450208656213753
07-01-2026 12:45||NIFTY27JAN2625500CE,0.11897631871896856
07-01-2026 12:45||NIFTY27JAN2625800CE,0.10284003577079139
07-01-2026 12:45||NIFTY27JAN2626400CE,0.08776135503695312
07-01-2026 12:50||NIFTY27JAN2624200PE,0.15638422271561664
07-01-2026 12:50||NIFTY27JAN2624400PE,0.14536681213980568
07-01-2026 12:50||NIFTY27JAN2624700PE,0.12925731919341207
07-01-2026 12:50||NIFTY27JAN2625100PE,0.10908451164878986
07-01-2026 12:50||NIFTY27JAN2625500CE,0.11854916956997363
07-01-2026 12:50||NIFTY27JAN2626300CE,0.09079811873471302
07-01-2026 12:55||NIFTY27JAN2623800PE,0.1788006153586792
07-01-2026 12:55||NIFTY27JAN2623900PE,0.17320145552814592
07-01-2026 12:55||NIFTY27JAN2625100PE,0.10882170849040963
07-01-2026 12:55||NIFTY27JAN2625200CE,0.13102815067574164
07-01-2026 12:55||NIFTY27JAN2625300CE,0.12733579921942415
07-01-2026 12:55||NIFTY27JAN2626500CE,0.08631405178911761
07-01-2026 13:00||NIFTY27JAN2624000PE,0.16853372938075606
07-01-2026 13:00||NIFTY27JAN2624400PE,0.14584955376294867
07-01-2026 13:00||NIFTY27JAN2624500PE,0.1403736475379536
07-01-2026 13:00||NIFTY27JAN2624600PE,0.13496163104970127
07-01-2026 13:00||NIFTY27JAN2625300CE,0.1283432349687279
07-01-2026 13:00||NIFTY27JAN2625800CE,0.10567310874456066
07-01-2026 13:00||NIFTY27JAN2626200CE,0.09276187509664868
07-01-2026 13:05||NIFTY27JAN2623900PE,0.17418555446280426
07-01-2026 13:05||NIFTY27JAN2624500PE,0.14081978195543002
07-01-2026 13:05||NIFTY27JAN2624700PE,0.12995265512688897
07-01-2026 13:05||NIFTY27JAN2624900PE,0.11958493092300726
07-01-2026 13:05||NIFTY27JAN2625200CE,0.13398224853117852
07-01-2026 13:05||NIFTY27JAN2625300CE,0.12744713912469421
07-01-2026 13:05||NIFTY27JAN2625400CE,0.12153203616652342
07-01-2026 13:05||NIFTY27JAN2625500CE,0.11614823657968912
07-01-2026 13:05||NIFTY27JAN2625600CE,0.11134365163352693
07-01-2026 13:05||NIFTY27JAN2626100CE,0.09404680294928183
07-01-2026 13:10||NIFTY27JAN2624400PE,0.146275091011217
07-01-2026 13:10||NIFTY27JAN2624700PE,0.13038939676183603
07-01-2026 13:10||NIFTY27JAN2625400CE,0.11796081436448391
07-01-2026 13:10||NIFTY27JAN2625600CE,0.11180722562325468
07-01-2026 13:10||NIFTY27JAN2625900CE,0.09869612630900867
07-01-2026 13:10||NIFTY27JAN2626400CE,0.08646608848634046
07-01-2026 13:15||NIFTY27JAN2624100PE,0.16291573386916947
07-01-2026 13:15||NIFTY27JAN2624600PE,0.13509941123970864
07-01-2026 13:15||NIFTY27JAN2624700PE,0.12998263613399946
07-01-2026 13:15||NIFTY27JAN2625400CE,0.12036082638714288
07-01-2026 13:15||NIFTY27JAN2625500CE,0.11716585294327178
07-01-2026 13:15||NIFTY27JAN2625700CE,0.10965758641402053
07-01-2026 13:15||NIFTY27JAN2625800CE,0.10518626410577571
07-01-2026 13:15||NIFTY27JAN2626400CE,0.08777976889193301
07-01-2026 13:20||NIFTY27JAN2623900PE,0.1722689176316336
07-01-2026 13:20||NIFTY27JAN2624000PE,0.16680809075345615
07-01-2026 13:20||NIFTY27JAN2624100PE,0.16145352860188167
07-01-2026 13:20||NIFTY27JAN2624500PE,0.14011977035641396
07-01-2026 13:20||NIFTY27JAN2624800PE,0.12473050183596987
07-01-2026 13:20||NIFTY27JAN2624900PE,0.11962465295106414
07-01-2026 13:20||NIFTY27JAN2625000PE,0.11449891481153052
07-01-2026 13:20||NIFTY27JAN2625300CE,0.12591281100434992
07-01-2026 13:20||NIFTY27JAN2625400CE,0.11817635594103915
07-01-2026 13:20||NIFTY27JAN2626300CE,0.0875615169123779
07-01-2026 13:25||NIFTY27JAN2624200PE,0.1554765244837477
07-01-2026 13:25||NIFTY27JAN2624600PE,0.1335059448970179
07-01-2026 13:25||NIFTY27JAN2624700PE,0.1282360326654395
07-01-2026 13:25||NIFTY27JAN2625100PE,0.10792377026070386
07-01-2026 13:25||NIFTY27JAN2625600CE,0.11130495012934372
07-01-2026 13:25||NIFTY27JAN2626100CE,0.0934244018860359
07-01-2026 13:25||NIFTY27JAN2626300CE,0.08905795556231791
07-01-2026 13:25||NIFTY27JAN2626400CE,0.0870754279291332
07-01-2026 13:25||NIFTY27JAN2626500CE,0.08498511283608061
07-01-2026 13:30||NIFTY27JAN2624000PE,0.16626990583266005
07-01-2026 13:30||NIFTY27JAN2624400PE,0.14422636126302457
07-01-2026 13:30||NIFTY27JAN2624600PE,0.13312536204668457
07-01-2026 13:30||NIFTY27JAN2624900PE,0.11757737385498765
07-01-2026 13:30||NIFTY27JAN2625000PE,0.11241926096955054
07-01-2026 13:30||NIFTY27JAN2625300CE,0.13802670525714095
07-01-2026 13:30||NIFTY27JAN2625700CE,0.1110931751529951
07-01-2026 13:30||NIFTY27JAN2625800CE,0.10637363959603319
07-01-2026 13:30||NIFTY27JAN2626500CE,0.08482389427133354
07-01-2026 13:35||NIFTY27JAN2623900PE,0.17271440971504734
07-01-2026 13:35||NIFTY27JAN2624200PE,0.15561355042313008
07-01-2026 13:35||NIFTY27JAN2624300PE,0.1501333871248133
07-01-2026 13:35||NIFTY27JAN2625100PE,0.10724451349016523
07-01-2026 13:35||NIFTY27JAN2625200CE,0.15434714797626695
07-01-2026 13:35||NIFTY27JAN2625300CE,0.14294601825059952
07-01-2026 13:35||NIFTY27JAN2625600CE,0.11718523488664326
07-01-2026 13:35||NIFTY27JAN2625800CE,0.10652659039733978
07-01-2026 13:40||NIFTY27JAN2624300PE,0.14979295853084545
07-01-2026 13:40||NIFTY27JAN2625000PE,0.11261644983456537
07-01-2026 13:40||NIFTY27JAN2625700CE,0.10958676175879695
07-01-2026 13:40||NIFTY27JAN2626100CE,0.09509535880344844
07-01-2026 13:45||NIFTY27JAN2623900PE,0.1725009846510967
07-01-2026 13:45||NIFTY27JAN2624200PE,0.1552514177038417
07-01-2026 13:45||NIFTY27JAN2624500PE,0.13765221489435497
07-01-2026 13:45||NIFTY27JAN2624600PE,0.13245728415108174
07-01-2026 13:45||NIFTY27JAN2625200CE,0.1451371609364767
07-01-2026 13:45||NIFTY27JAN2625400CE,0.13103975063464673
07-01-2026 13:45||NIFTY27JAN2626100CE,0.09723235971843308
07-01-2026 13:50||NIFTY27JAN2623800PE,0.17845192846337565
07-01-2026 13:50||NIFTY27JAN2623900PE,0.17272774289972073
07-01-2026 13:50||NIFTY27JAN2624100PE,0.1611834827539389
07-01-2026 13:50||NIFTY27JAN2624500PE,0.1387003756954971
07-01-2026 13:50||NIFTY27JAN2625500CE,0.12285540587972457
07-01-2026 13:50||NIFTY27JAN2625600CE,0.11456416139992698
07-01-2026 13:50||NIFTY27JAN2626200CE,0.09066024736062667
07-01-2026 13:50||NIFTY27JAN2626500CE,0.0861201411030759
07-01-2026 13:55||NIFTY27JAN2624400PE,0.14435705296365586
07-01-2026 13:55||NIFTY27JAN2624600PE,0.13328149341852127
07-01-2026 13:55||NIFTY27JAN2625100PE,0.1075479447784187
07-01-2026 13:55||NIFTY27JAN2625300CE,0.13292942790152046
07-01-2026 13:55||NIFTY27JAN2625800CE,0.10907842161428957
07-01-2026 13:55||NIFTY27JAN2626400CE,0.08905284481794518
07-01-2026 14:00||NIFTY27JAN2623800PE,0.17803407352041048
07-01-2026 14:00||NIFTY27JAN2623900PE,0.17240745735631588
07-01-2026 14:00||NIFTY27JAN2624800PE,0.12324486250238206
07-01-2026 14:00||NIFTY27JAN2625400CE,0.12138302287779121
07-01-2026 14:00||NIFTY27JAN2625500CE,0.11506264091611076
07-01-2026 14:00||NIFTY27JAN2625900CE,0.10270055057950014
07-01-2026 14:00||NIFTY27JAN2626200CE,0.09313503612003726
07-01-2026 14:05||NIFTY27JAN2624000PE,0.1668921320879644
07-01-2026 14:05||NIFTY27JAN2624200PE,0.15639037203762937
07-01-2026 14:05||NIFTY27JAN2624400PE,0.14519069317918043
07-01-2026 14:05||NIFTY27JAN2625900CE,0.09945268647045322
07-01-2026 14:05||NIFTY27JAN2626000CE,0.09626280882870503
07-01-2026 14:05||NIFTY27JAN2626300CE,0.08926527583929937
07-01-2026 14:05||NIFTY27JAN2626400CE,0.08749597173553723
07-01-2026 14:10||NIFTY27JAN2623800PE,0.17738939120833072
07-01-2026 14:10||NIFTY27JAN2624000PE,0.16744456791737775
07-01-2026 14:10||NIFTY27JAN2624700PE,0.12970222954312147
07-01-2026 14:10||NIFTY27JAN2624800PE,0.12458278384170171
07-01-2026 14:10||NIFTY27JAN2626100CE,0.09262514116468573
07-01-2026 14:10||NIFTY27JAN2626200CE,0.090193934942596
07-01-2026 14:10||NIFTY27JAN2626400CE,0.08636896275506997
07-01-2026 14:15||NIFTY27JAN2624600PE,0.1347242368610173
07-01-2026 14:15||NIFTY27JAN2625200CE,0.12577764259142998
07-01-2026 14:15||NIFTY27JAN2625600CE,0.10682616062927511
07-01-2026 14:15||NIFTY27JAN2625700CE,0.10242632300736804
07-01-2026 14:15||NIFTY27JAN2625900CE,0.09590764262364337
07-01-2026 14:15||NIFTY27JAN2626200CE,0.08929927146315725
07-01-2026 14:20||NIFTY27JAN2623800PE,0.1773054612617643
07-01-2026 14:20||NIFTY27JAN2624500PE,0.13955348341581347
07-01-2026 14:20||NIFTY27JAN2624900PE,0.11858959948147102
07-01-2026 14:20||NIFTY27JAN2625100PE,0.10780304694306372
07-01-2026 14:20||NIFTY27JAN2625300CE,0.12214762816062838
07-01-2026 14:20||NIFTY27JAN2625400CE,0.11829396992379518
07-01-2026 14:20||NIFTY27JAN2625700CE,0.10533076481251233
07-01-2026 14:20||NIFTY27JAN2626300CE,0.08799342142219171
07-01-2026 14:20||NIFTY27JAN2626500CE,0.0841051800213173
07-01-2026 14:25||NIFTY27JAN2623800PE,0.17886972663246173
07-01-2026 14:25||NIFTY27JAN2623900PE,0.1732793801354748
07-01-2026 14:25||NIFTY27JAN2624400PE,0.14515736852507502
07-01-2026 14:25||NIFTY27JAN2625400CE,0.11948202493023925
07-01-2026 14:25||NIFTY27JAN2625700CE,0.10886261242860408
07-01-2026 14:25||NIFTY27JAN2625800CE,0.10514094203843194
07-01-2026 14:25||NIFTY27JAN2625900CE,0.10118413531281745
07-01-2026 14:25||NIFTY27JAN2626300CE,0.08906352488253513
07-01-2026 14:25||NIFTY27JAN2626500CE,0.08419186795033798
07-01-2026 14:30||NIFTY27JAN2624800PE,0.12405046792354196
07-01-2026 14:30||NIFTY27JAN2625100PE,0.10859561218387649
07-01-2026 14:30||NIFTY27JAN2625300CE,0.11538999868996669
07-01-2026 14:30||NIFTY27JAN2626300CE,0.08629502783957568
07-01-2026 14:30||NIFTY27JAN2626500CE,0.08435971038103653
07-01-2026 14:35||NIFTY27JAN2624000PE,0.16628433954118793
07-01-2026 14:35||NIFTY27JAN2624100PE,0.16150501372766535
07-01-2026 14:35||NIFTY27JAN2624300PE,0.1511801632602101
07-01-2026 14:35||NIFTY27JAN2624400PE,0.14559763662765002
07-01-2026 14:35||NIFTY27JAN2624700PE,0.1291100483090462
07-01-2026 14:35||NIFTY27JAN2625000PE,0.11304348422891425
07-01-2026 14:35||NIFTY27JAN2626400CE,0.08771673077873374
07-01-2026 14:35||NIFTY27JAN2626500CE,0.08538568962550269
07-01-2026 14:40||NIFTY27JAN2623800PE,0.17864626983179746
07-01-2026 14:40||NIFTY27JAN2624100PE,0.16299700104400736
07-01-2026 14:40||NIFTY27JAN2624900PE,0.11866761356127582
07-01-2026 14:40||NIFTY27JAN2625100PE,0.10763028361646156
07-01-2026 14:40||NIFTY27JAN2625400CE,0.11999913286203953
07-01-2026 14:40||NIFTY27JAN2626100CE,0.09518891562121512
07-01-2026 14:40||NIFTY27JAN2626200CE,0.0925876573364437
07-01-2026 14:40||NIFTY27JAN2626500CE,0.08667209841502048
07-01-2026 14:45||NIFTY27JAN2623800PE,0.179131127513694
07-01-2026 14:45||NIFTY27JAN2624000PE,0.16872210723180325
07-01-2026 14:45||NIFTY27JAN2624200PE,0.15770877548798762
07-01-2026 14:45||NIFTY27JAN2624500PE,0.14083579858081877
07-01-2026 14:45||NIFTY27JAN2624800PE,0.12475864612602461
07-01-2026 14:45||NIFTY27JAN2624900PE,0.11952741838300773
07-01-2026 14:45||NIFTY27JAN2625000PE,0.11431285451577496
07-01-2026 14:45||NIFTY27JAN2625200CE,0.1245660919815415
07-01-2026 14:45||NIFTY27JAN2626500CE,0.08226526140364208
07-01-2026 14:50||NIFTY27JAN2623900PE,0.17249944425956923
07-01-2026 14:50||NIFTY27JAN2624600PE,0.13447765915215507
07-01-2026 14:50||NIFTY27JAN2624900PE,0.1186533626923208
07-01-2026 14:50||NIFTY27JAN2625500CE,0.12291469977724595
07-01-2026 14:50||NIFTY27JAN2625600CE,0.11755307889254778
07-01-2026 14:50||NIFTY27JAN2625700CE,0.11241689897813259
07-01-2026 14:50||NIFTY27JAN2626200CE,0.09327972965862814
07-01-2026 14:50||NIFTY27JAN2626400CE,0.08806218465806702
07-01-2026 14:50||NIFTY27JAN2626500CE,0.08537335714555287
07-01-2026 14:55||NIFTY27JAN2624100PE,0.16405262409593874
07-01-2026 14:55||NIFTY27JAN2624300PE,0.1529410097934379
07-01-2026 14:55||NIFTY27JAN2624400PE,0.14714196613162633
07-01-2026 14:55||NIFTY27JAN2624600PE,0.13536570411987
07-01-2026 14:55||NIFTY27JAN2625900CE,0.09859905978520023
07-01-2026 14:55||NIFTY27JAN2626300CE,0.08840656688138138
07-01-2026 15:00||NIFTY27JAN2623900PE,0.17391811976042157
07-01-2026 15:00||NIFTY27JAN2624100PE,0.16416885243181328
07-01-2026 15:00||NIFTY27JAN2624800PE,0.12549588932795372
07-01-2026 15:00||NIFTY27JAN2625100PE,0.11007325636710827
07-01-2026 15:00||NIFTY27JAN2625700CE,0.10126566748944751
07-01-2026 15:00||NIFTY27JAN2626000CE,0.09264188213277022
07-01-2026 15:00||NIFTY27JAN2626400CE,0.08573434213177153
07-01-2026 15:05||NIFTY27JAN2623900PE,0.17432209777394295
07-01-2026 15:05||NIFTY27JAN2624100PE,0.16354753144901785
07-01-2026 15:05||NIFTY27JAN2624200PE,0.15763136379083617
07-01-2026 15:05||NIFTY27JAN2624500PE,0.14212258349471324
07-01-2026 15:05||NIFTY27JAN2624700PE,0.1314131434118475
07-01-2026 15:05||NIFTY27JAN2625100PE,0.11004010453185742
07-01-2026 15:05||NIFTY27JAN2625400CE,0.1100358523605144
07-01-2026 15:05||NIFTY27JAN2626000CE,0.09238296897212242
07-01-2026 15:05||NIFTY27JAN2626400CE,0.08531488009937191
07-01-2026 15:10||NIFTY27JAN2623800PE,0.17813957082349194
07-01-2026 15:10||NIFTY27JAN2624000PE,0.17010811548422636
07-01-2026 15:10||NIFTY27JAN2624300PE,0.15465577525935503
07-01-2026 15:10||NIFTY27JAN2624400PE,0.149046729474288
07-01-2026 15:10||NIFTY27JAN2624500PE,0.14336757232066075
07-01-2026 15:10||NIFTY27JAN2625400CE,0.11319257534530955
07-01-2026 15:10||NIFTY27JAN2625600CE,0.10675358841636605
07-01-2026 15:10||NIFTY27JAN2626500CE,0.08433179542353217
07-01-2026 15:15||NIFTY27JAN2624200PE,0.1599904973645555
07-01-2026 15:15||NIFTY27JAN2624900PE,0.12219682014576637
07-01-2026 15:15||NIFTY27JAN2625100PE,0.11146268608745546
07-01-2026 15:15||NIFTY27JAN2625600CE,0.09577078620499058
07-01-2026 15:15||NIFTY27JAN2625700CE,0.09357500353130616
07-01-2026 15:15||NIFTY27JAN2626200CE,0.08492202620360984
07-01-2026 15:20||NIFTY27JAN2623900PE,0.17671195145507407
07-01-2026 15:20||NIFTY27JAN2624100PE,0.16575796162546444
07-01-2026 15:20||NIFTY27JAN2624900PE,0.12070587439499257
07-01-2026 15:20||NIFTY27JAN2625100PE,0.11036527762428383
07-01-2026 15:20||NIFTY27JAN2625900CE,0.0933412076236424
07-01-2026 15:20||NIFTY27JAN2626300CE,0.08596018924160481
07-01-2026 15:20||NIFTY27JAN2626400CE,0.08473470260677445
07-01-2026 15:25||NIFTY27JAN2624700PE,0.1318067942169835
07-01-2026 15:25||NIFTY27JAN2625300CE,0.11191994549861731
07-01-2026 15:25||NIFTY27JAN2625400CE,0.10767703098201589
07-01-2026 15:25||NIFTY27JAN2625500CE,0.10357051137969102
07-01-2026 15:25||NIFTY27JAN2626100CE,0.08950252116440628
07-01-2026 15:25||NIFTY27JAN2626400CE,0.08369249100602483
07-01-2026 15:25||NIFTY27JAN2626500CE,0.08175521158206538
08-01-2026 09:15||NIFTY27JAN2624100PE,0.16502160599425295
08-01-2026 09:15||NIFTY27JAN2624300PE,0.15370521606237753
08-01-2026 09:15||NIFTY27JAN2624500PE,0.14190868869073028
08-01-2026 09:15||NIFTY27JAN2625100PE,0.10870775242156122
08-01-2026 09:15||NIFTY27JAN2625300CE,0.10192769806512043
08-01-2026 09:15||NIFTY27JAN2625800CE,0.09812695352454154
08-01-2026 09:15||NIFTY27JAN2626300CE,0.08770138937896169
08-01-2026 09:20||NIFTY27JAN2623800PE,0.18366399444939688
08-01-2026 09:20||NIFTY27JAN2624100PE,0.16585603407494354
08-01-2026 09:20||NIFTY27JAN2624800PE,0.12586021999439628
08-01-2026 09:20||NIFTY27JAN2624900PE,0.12066296144404864
08-01-2026 09:20||NIFTY27JAN2625100PE,0.11028731609709744
08-01-2026 09:20||NIFTY27JAN2625300CE,0.09164902042133993
08-01-2026 09:20||NIFTY27JAN2625600CE,0.09071569792342557
08-01-2026 09:20||NIFTY27JAN2625800CE,0.08879769184054313
08-01-2026 09:20||NIFTY27JAN2625900CE,0.08747757855464797
08-01-2026 09:20||NIFTY27JAN2626000CE,0.08608406548781326
08-01-2026 09:20||NIFTY27JAN2626300CE,0.0827238210730542
08-01-2026 09:20||NIFTY27JAN2626400CE,0.0815449323920898
08-01-2026 09:20||NIFTY27JAN2626500CE,0.08034863224754618
08-01-2026 09:25||NIFTY27JAN2623900PE,0.1771351767897839
08-01-2026 09:25||NIFTY27JAN2624100PE,0.16524423922927528
08-01-2026 09:25||NIFTY27JAN2624200PE,0.15900387599067212
08-01-2026 09:25||NIFTY27JAN2625300CE,0.10727096693442158
08-01-2026 09:25||NIFTY27JAN2626200CE,0.08391841994640438
08-01-2026 09:25||NIFTY27JAN2626400CE,0.08280422329883966
08-01-2026 09:30||NIFTY27JAN2624100PE,0.16300762060671672
08-01-2026 09:30||NIFTY27JAN2624500PE,0.13873773507099962
08-01-2026 09:30||NIFTY27JAN2624700PE,0.1291181539083572
08-01-2026 09:30||NIFTY27JAN2624800PE,0.12412930218123747
08-01-2026 09:30||NIFTY27JAN2624900PE,0.11903518728007738
08-01-2026 09:30||NIFTY27JAN2625000PE,0.11385011137308651
08-01-2026 09:30||NIFTY27JAN2625200CE,0.11371619989918391
08-01-2026 09:30||NIFTY27JAN2626100CE,0.08994859131313239
08-01-2026 09:30||NIFTY27JAN2626200CE,0.08844464217857922
08-01-2026 09:30||NIFTY27JAN2626300CE,0.08698352190895531
08-01-2026 09:35||NIFTY27JAN2623800PE,0.17914366330221823
08-01-2026 09:35||NIFTY27JAN2623900PE,0.17351549372725536
08-01-2026 09:35||NIFTY27JAN2624000PE,0.16787504536558412
08-01-2026 09:35||NIFTY27JAN2624100PE,0.16223980311181022
08-01-2026 09:35||NIFTY27JAN2624400PE,0.1454422959307191
08-01-2026 09:35||NIFTY27JAN2625300CE,0.13542707989765435
08-01-2026 09:35||NIFTY27JAN2625400CE,0.12910041074087542
08-01-2026 09:35||NIFTY27JAN2626100CE,0.09667721664645285
08-01-2026 09:35||NIFTY27JAN2626200CE,0.09405385372742919
08-01-2026 09:35||NIFTY27JAN2626500CE,0.08745286060359293
08-01-2026 09:40||NIFTY27JAN2623800PE,0.18225467303915993
08-01-2026 09:40||NIFTY27JAN2624800PE,0.12536957141079547
08-01-2026 09:40||NIFTY27JAN2624900PE,0.12015330934123772
08-01-2026 09:40||NIFTY27JAN2625000PE,0.11497859918650623
08-01-2026 09:40||NIFTY27JAN2625200CE,0.08410357408454905
08-01-2026 09:40||NIFTY27JAN2625700CE,0.09329103923583548
08-01-2026 09:40||NIFTY27JAN2626200CE,0.08598697184089431
08-01-2026 09:40||NIFTY27JAN2626400CE,0.08340219722300997
08-01-2026 09:40||NIFTY27JAN2626500CE,0.08212620789630741
08-01-2026 09:45||NIFTY27JAN2624100PE,0.16449195446517778
08-01-2026 09:45||NIFTY27JAN2624200PE,0.15853400892486547
08-01-2026 09:45||NIFTY27JAN2624500PE,0.14062979660960584
08-01-2026 09:45||NIFTY27JAN2624600PE,0.13515587436751467
08-01-2026 09:45||NIFTY27JAN2625400CE,0.10417228971670955
08-01-2026 09:45||NIFTY27JAN2625900CE,0.09373013110347377
08-01-2026 09:45||NIFTY27JAN2626100CE,0.09043562764730502
08-01-2026 09:45||NIFTY27JAN2626500CE,0.08395288458696154
08-01-2026 09:50||NIFTY27JAN2624400PE,0.14641697299022316
08-01-2026 09:50||NIFTY27JAN2624900PE,0.1199304304011842
08-01-2026 09:50||NIFTY27JAN2625100PE,0.10908385403191505
08-01-2026 09:50||NIFTY27JAN2625500CE,0.11845992172702102
08-01-2026 09:50||NIFTY27JAN2625600CE,0.11410717012570529
08-01-2026 09:50||NIFTY27JAN2626400CE,0.08811750064913584
08-01-2026 09:50||NIFTY27JAN2626500CE,0.08577900067620799
08-01-2026 09:55||NIFTY27JAN2624200PE,0.1600077942258717
08-01-2026 09:55||NIFTY27JAN2624600PE,0.1371594954877925
08-01-2026 09:55||NIFTY27JAN2625000PE,0.11597281711066028
08-01-2026 09:55||NIFTY27JAN2625100PE,0.1109959805741087
08-01-2026 09:55||NIFTY27JAN2625300CE,0.11417078078249307
08-01-2026 09:55||NIFTY27JAN2625900CE,0.09306423326746165
08-01-2026 09:55||NIFTY27JAN2626000CE,0.0908198358121617
08-01-2026 09:55||NIFTY27JAN2626200CE,0.08737868894887257
08-01-2026 10:00||NIFTY27JAN2624600PE,0.13651415611685508
08-01-2026 10:00||NIFTY27JAN2625300CE,0.12061109498899315
08-01-2026 10:00||NIFTY27JAN2625800CE,0.09139486832001342
08-01-2026 10:00||NIFTY27JAN2625900CE,0.089208944883463
08-01-2026 10:00||NIFTY27JAN2626100CE,0.08610790968245705
08-01-2026 10:00||NIFTY27JAN2626200CE,0.08497338395693299
08-01-2026 10:00||NIFTY27JAN2626300CE,0.08395535097128452
08-01-2026 10:05||NIFTY27JAN2624200PE,0.15874304684220022
08-01-2026 10:05||NIFTY27JAN2624800PE,0.12498952465728107
08-01-2026 10:05||NIFTY27JAN2625500CE,0.10358880676428228
08-01-2026 10:05||NIFTY27JAN2625800CE,0.09173666764149821
08-01-2026 10:05||NIFTY27JAN2626000CE,0.08800890731724927
08-01-2026 10:05||NIFTY27JAN2626500CE,0.08315227068322371
08-01-2026 10:10||NIFTY27JAN2624100PE,0.1636930604424354
08-01-2026 10:10||NIFTY27JAN2624200PE,0.1575481137444597
08-01-2026 10:10||NIFTY27JAN2624600PE,0.13480808890105744
08-01-2026 10:10||NIFTY27JAN2625000PE,0.11273446394663272
08-01-2026 10:10||NIFTY27JAN2625100PE,0.10732806453789041
08-01-2026 10:10||NIFTY27JAN2625200CE,0.14539598613526653
08-01-2026 10:10||NIFTY27JAN2625600CE,0.11044494154067949
08-01-2026 10:10||NIFTY27JAN2625800CE,0.10155611771221132
08-01-2026 10:10||NIFTY27JAN2626400CE,0.08588180869559836
08-01-2026 10:15||NIFTY27JAN2624000PE,0.16913840863473373
08-01-2026 10:15||NIFTY27JAN2624100PE,0.16355386125402283
08-01-2026 10:15||NIFTY27JAN2625100PE,0.10939841710836586
08-01-2026 10:15||NIFTY27JAN2625400CE,0.11745020101610251
08-01-2026 10:15||NIFTY27JAN2625700CE,0.09657949874852312
08-01-2026 10:15||NIFTY27JAN2625800CE,0.09287396278577748
08-01-2026 10:15||NIFTY27JAN2626200CE,0.08515927950168874
08-01-2026 10:15||NIFTY27JAN2626500CE,0.08126167343557023
08-01-2026 10:20||NIFTY27JAN2625100PE,0.10877346324762936
08-01-2026 10:20||NIFTY27JAN2625200CE,0.11984105736286269
08-01-2026 10:20||NIFTY27JAN2626400CE,0.08564092255002882
08-01-2026 10:20||NIFTY27JAN2626500CE,0.08394804805563941
08-01-2026 10:25||NIFTY27JAN2623900PE,0.17404756010665412
08-01-2026 10:25||NIFTY27JAN2624000PE,0.1686022789938302
08-01-2026 10:25||NIFTY27JAN2624400PE,0.14565081033659016
08-01-2026 10:25||NIFTY27JAN2624600PE,0.1345671067561992
08-01-2026 10:25||NIFTY27JAN2624800PE,0.12345545792645292
08-01-2026 10:25||NIFTY27JAN2625000PE,0.11251725011371283
08-01-2026 10:25||NIFTY27JAN2625100PE,0.10704197071975236
08-01-2026 10:25||NIFTY27JAN2625200CE,0.12660503584150276
08-01-2026 10:25||NIFTY27JAN2625500CE,0.11107783521238689
08-01-2026 10:25||NIFTY27JAN2625600CE,0.10717929402271023
08-01-2026 10:25||NIFTY27JAN2625700CE,0.10352112101807201
08-01-2026 10:25||NIFTY27JAN2625900CE,0.0970179342291671
08-01-2026 10:25||NIFTY27JAN2626100CE,0.09234207747399785
08-01-2026 10:25||NIFTY27JAN2626500CE,0.08634663692334346
08-01-2026 10:30||NIFTY27JAN2623800PE,0.17886317594684129
08-01-2026 10:30||NIFTY27JAN2624000PE,0.1674568945703275
08-01-2026 10:30||NIFTY27JAN2624100PE,0.16184993139215548
08-01-2026 10:30||NIFTY27JAN2624400PE,0.14593170274894723
08-01-2026 10:30||NIFTY27JAN2624500PE,0.1401786149306874
08-01-2026 10:30||NIFTY27JAN2625200CE,0.1285910256215107
08-01-2026 10:30||NIFTY27JAN2625400CE,0.11768105802916236
08-01-2026 10:30||NIFTY27JAN2625600CE,0.10799574686080612
08-01-2026 10:30||NIFTY27JAN2626000CE,0.09481544508145755
08-01-2026 10:30||NIFTY27JAN2626100CE,0.09287840495050584
08-01-2026 10:30||NIFTY27JAN2626400CE,0.08710605462374253
08-01-2026 10:30||NIFTY27JAN2626500CE,0.08513150851386209
08-01-2026 10:35||NIFTY27JAN2623800PE,0.18629482439394005
08-01-2026 10:35||NIFTY27JAN2623900PE,0.17893594183991607
08-01-2026 10:35||NIFTY27JAN2624000PE,0.1718848557934392
08-01-2026 10:35||NIFTY27JAN2624200PE,0.15834555063522518
08-01-2026 10:35||NIFTY27JAN2625100PE,0.10964846832393521
08-01-2026 10:35||NIFTY27JAN2625200CE,0.1288632869170605
08-01-2026 10:35||NIFTY27JAN2625700CE,0.09705589482851776
08-01-2026 10:35||NIFTY27JAN2625800CE,0.09446822254876533
08-01-2026 10:35||NIFTY27JAN2626000CE,0.0905866353583829
08-01-2026 10:35||NIFTY27JAN2626300CE,0.08678456910019888
08-01-2026 10:35||NIFTY27JAN2626500CE,0.08431712536892605
08-01-2026 10:40||NIFTY27JAN2624000PE,0.16754372896849612
08-01-2026 10:40||NIFTY27JAN2624300PE,0.15082214285177528
08-01-2026 10:40||NIFTY27JAN2625000PE,0.11257348381947949
08-01-2026 10:40||NIFTY27JAN2625500CE,0.11407727895480477
08-01-2026 10:40||NIFTY27JAN2625600CE,0.10887417309997818
08-01-2026 10:40||NIFTY27JAN2625700CE,0.10421479884782353
08-01-2026 10:40||NIFTY27JAN2625900CE,0.09698868011156797
08-01-2026 10:40||NIFTY27JAN2626100CE,0.092220904253662
08-01-2026 10:40||NIFTY27JAN2626300CE,0.08886303642684382
08-01-2026 10:40||NIFTY27JAN2626400CE,0.08742663063953363
08-01-2026 10:45||NIFTY27JAN2623900PE,0.1735239596610173
08-01-2026 10:45||NIFTY27JAN2624200PE,0.1573320562336497
08-01-2026 10:45||NIFTY27JAN2625200CE,0.1279695629053944
08-01-2026 10:45||NIFTY27JAN2625300CE,0.12084896377000945
08-01-2026 10:45||NIFTY27JAN2625600CE,0.10474903092558893
08-01-2026 10:45||NIFTY27JAN2626200CE,0.08890675046052737
08-01-2026 10:45||NIFTY27JAN2626400CE,0.08709914332746076
08-01-2026 10:45||NIFTY27JAN2626500CE,0.0867932212606067
08-01-2026 10:50||NIFTY27JAN2623900PE,0.17320813836152968
08-01-2026 10:50||NIFTY27JAN2624200PE,0.15701776859677918
08-01-2026 10:50||NIFTY27JAN2624700PE,0.1290843055916752
08-01-2026 10:50||NIFTY27JAN2624800PE,0.12373728859550859
08-01-2026 10:50||NIFTY27JAN2625100PE,0.10964138041683281
08-01-2026 10:50||NIFTY27JAN2625400CE,0.11610019133676142
08-01-2026 10:50||NIFTY27JAN2625500CE,0.1072073742563964
08-01-2026 10:50||NIFTY27JAN2625800CE,0.0975267923060741
08-01-2026 10:50||NIFTY27JAN2626100CE,0.09089134775785607
08-01-2026 10:50||NIFTY27JAN2626500CE,0.08445844122679119
08-01-2026 10:55||NIFTY27JAN2624000PE,0.16728439331404055
08-01-2026 10:55||NIFTY27JAN2624700PE,0.12916751040728258
08-01-2026 10:55||NIFTY27JAN2624800PE,0.12400307494563396
08-01-2026 10:55||NIFTY27JAN2624900PE,0.11887574544841648
08-01-2026 10:55||NIFTY27JAN2625100PE,0.1088225338096809
08-01-2026 10:55||NIFTY27JAN2625400CE,0.1201149545113801
08-01-2026 10:55||NIFTY27JAN2625600CE,0.10617077004806491
08-01-2026 10:55||NIFTY27JAN2626000CE,0.09297061844578092
08-01-2026 10:55||NIFTY27JAN2626100CE,0.09138137660324692
08-01-2026 11:00||NIFTY27JAN2623800PE,0.1791927118458315
08-01-2026 11:00||NIFTY27JAN2623900PE,0.17336739177151111
08-01-2026 11:00||NIFTY27JAN2624000PE,0.16761485431402953
08-01-2026 11:00||NIFTY27JAN2624100PE,0.1618587968241955
08-01-2026 11:00||NIFTY27JAN2624300PE,0.1502764599705008
08-01-2026 11:00||NIFTY27JAN2624600PE,0.1345112365741742
08-01-2026 11:00||NIFTY27JAN2625000PE,0.11403679349307377
08-01-2026 11:00||NIFTY27JAN2625100PE,0.10899153812023843
08-01-2026 11:00||NIFTY27JAN2626200CE,0.09019260788590262
08-01-2026 11:00||NIFTY27JAN2626500CE,0.08668631470828304
08-01-2026 11:05||NIFTY27JAN2623800PE,0.18405936544783424
08-01-2026 11:05||NIFTY27JAN2624200PE,0.15587115006266405
08-01-2026 11:05||NIFTY27JAN2624400PE,0.14487846929110146
08-01-2026 11:05||NIFTY27JAN2624800PE,0.12401836017117396
08-01-2026 11:05||NIFTY27JAN2625300CE,0.12480420023854447
08-01-2026 11:05||NIFTY27JAN2625400CE,0.11826317601308182
08-01-2026 11:05||NIFTY27JAN2625800CE,0.09927097859005293
08-01-2026 11:05||NIFTY27JAN2626000CE,0.09460657441949424
08-01-2026 11:05||NIFTY27JAN2626200CE,0.09106704697160858
08-01-2026 11:05||NIFTY27JAN2626300CE,0.08959814639178851
08-01-2026 11:10||NIFTY27JAN2624000PE,0.167326995539554
08-01-2026 11:10||NIFTY27JAN2624200PE,0.1554746448501771
08-01-2026 11:10||NIFTY27JAN2624400PE,0.144939577907999
08-01-2026 11:10||NIFTY27JAN2624500PE,0.14006731275915485
08-01-2026 11:10||NIFTY27JAN2624600PE,0.1352173907461815
08-01-2026 11:10||NIFTY27JAN2624700PE,0.1303604181359034
08-01-2026 11:10||NIFTY27JAN2625200CE,0.1475796516187101
08-01-2026 11:10||NIFTY27JAN2625600CE,0.10569534148350018
08-01-2026 11:10||NIFTY27JAN2625700CE,0.10219941868722668
08-01-2026 11:10||NIFTY27JAN2625900CE,0.09625969345736232
08-01-2026 11:10||NIFTY27JAN2626000CE,0.09371874291535165
08-01-2026 11:15||NIFTY27JAN2624100PE,0.1648287622209308
08-01-2026 11:15||NIFTY27JAN2624200PE,0.15866929962593795
08-01-2026 11:15||NIFTY27JAN2624900PE,0.12105807036901581
08-01-2026 11:15||NIFTY27JAN2625100PE,0.11089455436888954
08-01-2026 11:15||NIFTY27JAN2625200CE,0.13042950706321874
08-01-2026 11:15||NIFTY27JAN2626200CE,0.0900955478888403
08-01-2026 11:15||NIFTY27JAN2626400CE,0.0879923697647644
08-01-2026 11:20||NIFTY27JAN2624300PE,0.15430490122295137
08-01-2026 11:20||NIFTY27JAN2624700PE,0.13267501317877234
08-01-2026 11:20||NIFTY27JAN2625300CE,0.12602069744369204
08-01-2026 11:20||NIFTY27JAN2625700CE,0.09790384633890808
08-01-2026 11:20||NIFTY27JAN2626100CE,0.0916114319824354
08-01-2026 11:20||NIFTY27JAN2626400CE,0.08833356641698274
08-01-2026 11:20||NIFTY27JAN2626500CE,0.08697300072611701
08-01-2026 11:25||NIFTY27JAN2623800PE,0.1775140118433905
08-01-2026 11:25||NIFTY27JAN2624000PE,0.16891079703783513
08-01-2026 11:25||NIFTY27JAN2624300PE,0.15419264263546173
08-01-2026 11:25||NIFTY27JAN2624400PE,0.14836537371329894
08-01-2026 11:25||NIFTY27JAN2624500PE,0.14245025599265088
08-01-2026 11:25||NIFTY27JAN2624700PE,0.1310275065332792
08-01-2026 11:25||NIFTY27JAN2625400CE,0.12956587101804912
08-01-2026 11:25||NIFTY27JAN2626200CE,0.0940179113388783
08-01-2026 11:25||NIFTY27JAN2626500CE,0.08864499479258992
08-01-2026 11:30||NIFTY27JAN2623800PE,0.18252131035129585
08-01-2026 11:30||NIFTY27JAN2623900PE,0.17663458145571945
08-01-2026 11:30||NIFTY27JAN2624100PE,0.1649561499257326
08-01-2026 11:30||NIFTY27JAN2624200PE,0.15907486176246327
08-01-2026 11:30||NIFTY27JAN2624700PE,0.130601819709242
08-01-2026 11:30||NIFTY27JAN2625200CE,0.1620612900825215
08-01-2026 11:30||NIFTY27JAN2625400CE,0.13138821799882372
08-01-2026 11:30||NIFTY27JAN2625500CE,0.12030319395932373
08-01-2026 11:30||NIFTY27JAN2625800CE,0.10325646457531118
08-01-2026 11:30||NIFTY27JAN2625900CE,0.10084274826537218
08-01-2026 11:30||NIFTY27JAN2626000CE,0.09842165741056477
08-01-2026 11:30||NIFTY27JAN2626100CE,0.09607493939168489
08-01-2026 11:35||NIFTY27JAN2623800PE,0.17876909160157306
08-01-2026 11:35||NIFTY27JAN2624100PE,0.1642563221641106
08-01-2026 11:35||NIFTY27JAN2624400PE,0.14654100786472357
08-01-2026 11:35||NIFTY27JAN2624500PE,0.14095881887438283
08-01-2026 11:35||NIFTY27JAN2624700PE,0.13008047237090886
08-01-2026 11:35||NIFTY27JAN2624800PE,0.12478242144920158
08-01-2026 11:35||NIFTY27JAN2624900PE,0.11951317556652992
08-01-2026 11:35||NIFTY27JAN2625200CE,0.12869474014214985
08-01-2026 11:35||NIFTY27JAN2625300CE,0.12508380798294189
08-01-2026 11:35||NIFTY27JAN2626200CE,0.09469668391674879
08-01-2026 11:35||NIFTY27JAN2626500CE,0.08948914562816954
08-01-2026 11:40||NIFTY27JAN2624100PE,0.16496783603014367
08-01-2026 11:40||NIFTY27JAN2624200PE,0.15899158666429222
08-01-2026 11:40||NIFTY27JAN2624400PE,0.1471799390614223
08-01-2026 11:40||NIFTY27JAN2624900PE,0.12043841591409182
08-01-2026 11:40||NIFTY27JAN2625600CE,0.10663673652340472
08-01-2026 11:40||NIFTY27JAN2625800CE,0.10068333239925413
08-01-2026 11:40||NIFTY27JAN2625900CE,0.09840135591494714
08-01-2026 11:40||NIFTY27JAN2626100CE,0.0943308738482809
08-01-2026 11:40||NIFTY27JAN2626200CE,0.0925122818162174
08-01-2026 11:45||NIFTY27JAN2624200PE,0.15795785824981964
08-01-2026 11:45||NIFTY27JAN2625500CE,0.1092674163584599
08-01-2026 11:45||NIFTY27JAN2625900CE,0.09620702226248004
08-01-2026 11:45||NIFTY27JAN2626100CE,0.09298875585676743
08-01-2026 11:45||NIFTY27JAN2626400CE,0.0894939605041917
08-01-2026 11:50||NIFTY27JAN2623800PE,0.17926754783771862
08-01-2026 11:50||NIFTY27JAN2624500PE,0.1404128874257139
08-01-2026 11:50||NIFTY27JAN2625700CE,0.10676751334083229
08-01-2026 11:50||NIFTY27JAN2625800CE,0.10331120072308733
08-01-2026 11:50||NIFTY27JAN2626500CE,0.09043237533968637
08-01-2026 11:55||NIFTY27JAN2624200PE,0.15870660847906448
08-01-2026 11:55||NIFTY27JAN2624700PE,0.13149475245829875
08-01-2026 11:55||NIFTY27JAN2624900PE,0.12174886646813142
08-01-2026 11:55||NIFTY27JAN2625100PE,0.11235365246312935
08-01-2026 11:55||NIFTY27JAN2625400CE,0.10802373441339305
08-01-2026 11:55||NIFTY27JAN2625600CE,0.10105538231058409
08-01-2026 11:55||NIFTY27JAN2625800CE,0.09547397364089524
08-01-2026 12:00||NIFTY27JAN2624000PE,0.1700522292610473
08-01-2026 12:00||NIFTY27JAN2624500PE,0.14191970343127752
08-01-2026 12:00||NIFTY27JAN2624700PE,0.13242889671489955
08-01-2026 12:00||NIFTY27JAN2624900PE,0.12257749757286132
08-01-2026 12:00||NIFTY27JAN2625000PE,0.11767984851610555
08-01-2026 12:00||NIFTY27JAN2625500CE,0.10611302933158198
08-01-2026 12:00||NIFTY27JAN2625600CE,0.10336398341349337
08-01-2026 12:00||NIFTY27JAN2625800CE,0.09814957565511931
08-01-2026 12:00||NIFTY27JAN2626300CE,0.09174711034344399
08-01-2026 12:05||NIFTY27JAN2624000PE,0.16982512104558797
08-01-2026 12:05||NIFTY27JAN2624200PE,0.1564020950736727
08-01-2026 12:05||NIFTY27JAN2624500PE,0.13872406540534238
08-01-2026 12:05||NIFTY27JAN2624900PE,0.11981766182851916
08-01-2026 12:05||NIFTY27JAN2625100PE,0.10971062501969546
08-01-2026 12:05||NIFTY27JAN2625300CE,0.1370679124285682
08-01-2026 12:05||NIFTY27JAN2625800CE,0.11074123297150235
08-01-2026 12:05||NIFTY27JAN2625900CE,0.10791346136260305
08-01-2026 12:05||NIFTY27JAN2626000CE,0.10523751727111588
08-01-2026 12:05||NIFTY27JAN2626400CE,0.09780050175725574
08-01-2026 12:10||NIFTY27JAN2624000PE,0.17009036205483988
08-01-2026 12:10||NIFTY27JAN2624400PE,0.1455895261009254
08-01-2026 12:10||NIFTY27JAN2624500PE,0.14060991630250774
08-01-2026 12:10||NIFTY27JAN2625200CE,0.13126815755602197
08-01-2026 12:15||NIFTY27JAN2624100PE,0.16662599428537267
08-01-2026 12:15||NIFTY27JAN2624300PE,0.15493073724080078
08-01-2026 12:15||NIFTY27JAN2624400PE,0.14945136739673892
08-01-2026 12:15||NIFTY27JAN2625000PE,0.11789031395161052
08-01-2026 12:15||NIFTY27JAN2625100PE,0.11307056041620664
08-01-2026 12:15||NIFTY27JAN2625200CE,0.12842456224794663
08-01-2026 12:15||NIFTY27JAN2625400CE,0.11778093038681248
08-01-2026 12:15||NIFTY27JAN2625500CE,0.11320498039608062
08-01-2026 12:15||NIFTY27JAN2625600CE,0.10899545042560686
08-01-2026 12:15||NIFTY27JAN2625700CE,0.10495137000779972
08-01-2026 12:15||NIFTY27JAN2626300CE,0.09396217734020852
08-01-2026 12:20||NIFTY27JAN2624800PE,0.1284537209564508
08-01-2026 12:20||NIFTY27JAN2625400CE,0.12326589197316883
08-01-2026 12:20||NIFTY27JAN2625800CE,0.10505573403694163
08-01-2026 12:20||NIFTY27JAN2626300CE,0.09548393704664698
08-01-2026 12:25||NIFTY27JAN2624100PE,0.16831777832154313
08-01-2026 12:25||NIFTY27JAN2624300PE,0.1565038360141388
08-01-2026 12:25||NIFTY27JAN2624400PE,0.15071931356459906
08-01-2026 12:25||NIFTY27JAN2624700PE,0.13351887268813067
08-01-2026 12:25||NIFTY27JAN2624900PE,0.12341209074802353
08-01-2026 12:25||NIFTY27JAN2625000PE,0.11837076434279506
08-01-2026 12:25||NIFTY27JAN2625200CE,0.12697860185187268
08-01-2026 12:25||NIFTY27JAN2625700CE,0.10734450370811101
08-01-2026 12:25||NIFTY27JAN2626000CE,0.09987543218995062
08-01-2026 12:30||NIFTY27JAN2624000PE,0.17514077296289646
08-01-2026 12:30||NIFTY27JAN2624200PE,0.163998356353687
08-01-2026 12:30||NIFTY27JAN2624300PE,0.15744292483464517
08-01-2026 12:30||NIFTY27JAN2625100PE,0.1147439360067802
08-01-2026 12:30||NIFTY27JAN2625600CE,0.1059765934878058
08-01-2026 12:30||NIFTY27JAN2625700CE,0.10230497927387772
08-01-2026 12:30||NIFTY27JAN2626000CE,0.09625754554263813
08-01-2026 12:35||NIFTY27JAN2623800PE,0.1876903053581449
08-01-2026 12:35||NIFTY27JAN2624800PE,0.12694726534965628
08-01-2026 12:35||NIFTY27JAN2625000PE,0.11697376219688757
08-01-2026 12:35||NIFTY27JAN2625400CE,0.12855147299509703
08-01-2026 12:35||NIFTY27JAN2625500CE,0.12247309139709034
08-01-2026 12:35||NIFTY27JAN2625800CE,0.10765218951893563
08-01-2026 12:35||NIFTY27JAN2626100CE,0.10036605388235591
08-01-2026 12:35||NIFTY27JAN2626200CE,0.09844061266554874
08-01-2026 12:35||NIFTY27JAN2626400CE,0.09574617863336034
08-01-2026 12:40||NIFTY27JAN2624100PE,0.16723035761625954
08-01-2026 12:40||NIFTY27JAN2624400PE,0.1511936306698844
08-01-2026 12:40||NIFTY27JAN2624500PE,0.14459251953615523
08-01-2026 12:40||NIFTY27JAN2624800PE,0.1265313240647154
08-01-2026 12:40||NIFTY27JAN2624900PE,0.12124318139935579
08-01-2026 12:40||NIFTY27JAN2625000PE,0.11627993076482694
08-01-2026 12:40||NIFTY27JAN2625200CE,0.1388618925052468
08-01-2026 12:40||NIFTY27JAN2625500CE,0.11961645890078625
08-01-2026 12:40||NIFTY27JAN2626000CE,0.10166864518984968
08-01-2026 12:45||NIFTY27JAN2624100PE,0.1679897123258126
08-01-2026 12:45||NIFTY27JAN2624400PE,0.15150051306073414
08-01-2026 12:45||NIFTY27JAN2624600PE,0.13883366426014826
08-01-2026 12:45||NIFTY27JAN2625000PE,0.11795902776880693
08-01-2026 12:45||NIFTY27JAN2625200CE,0.12456516762739489
08-01-2026 12:45||NIFTY27JAN2625300CE,0.12039717210271944
08-01-2026 12:45||NIFTY27JAN2625800CE,0.10408496522833183
08-01-2026 12:45||NIFTY27JAN2626000CE,0.09996944549820072
08-01-2026 12:45||NIFTY27JAN2626200CE,0.09661578609446875
08-01-2026 12:45||NIFTY27JAN2626300CE,0.09512206359131879
08-01-2026 12:50||NIFTY27JAN2623800PE,0.18280773753132074
08-01-2026 12:50||NIFTY27JAN2624000PE,0.17219492993156266
08-01-2026 12:50||NIFTY27JAN2624300PE,0.15652439845206298
08-01-2026 12:50||NIFTY27JAN2624900PE,0.12213630121690622
08-01-2026 12:50||NIFTY27JAN2625600CE,0.11625544645070368
08-01-2026 12:50||NIFTY27JAN2626300CE,0.0971009241882859
08-01-2026 12:50||NIFTY27JAN2626400CE,0.09587862050511967
08-01-2026 12:55||NIFTY27JAN2624000PE,0.17362782256033
08-01-2026 12:55||NIFTY27JAN2624200PE,0.16235918275798308
08-01-2026 12:55||NIFTY27JAN2624300PE,0.156257801783511
08-01-2026 12:55||NIFTY27JAN2624400PE,0.15003239460434067
08-01-2026 12:55||NIFTY27JAN2624800PE,0.1266210952958696
08-01-2026 12:55||NIFTY27JAN2625400CE,0.12698274232073264
08-01-2026 12:55||NIFTY27JAN2626100CE,0.09950569526983546
08-01-2026 13:00||NIFTY27JAN2624000PE,0.17325591647064031
08-01-2026 13:00||NIFTY27JAN2624200PE,0.16221557130293268
08-01-2026 13:00||NIFTY27JAN2624500PE,0.14395206652118958
08-01-2026 13:00||NIFTY27JAN2624600PE,0.13806805869704508
08-01-2026 13:00||NIFTY27JAN2624700PE,0.13231900155296072
08-01-2026 13:00||NIFTY27JAN2625000PE,0.11550558416003376
08-01-2026 13:00||NIFTY27JAN2625100PE,0.10979532166858381
08-01-2026 13:00||NIFTY27JAN2625400CE,0.13126749602570376
08-01-2026 13:00||NIFTY27JAN2625800CE,0.11144264350878899
08-01-2026 13:00||NIFTY27JAN2625900CE,0.10834730382119753
08-01-2026 13:05||NIFTY27JAN2623800PE,0.18509462790702963
08-01-2026 13:05||NIFTY27JAN2624200PE,0.1631225196830257
08-01-2026 13:05||NIFTY27JAN2624600PE,0.13878489667786864
08-01-2026 13:05||NIFTY27JAN2625700CE,0.10686203195115407
08-01-2026 13:05||NIFTY27JAN2625800CE,0.1043374817322934
08-01-2026 13:05||NIFTY27JAN2626000CE,0.10047667011242696
08-01-2026 13:05||NIFTY27JAN2626100CE,0.09901890950603677
08-01-2026 13:05||NIFTY27JAN2626200CE,0.09748233193732025
08-01-2026 13:05||NIFTY27JAN2626300CE,0.09597233260326857
08-01-2026 13:05||NIFTY27JAN2626400CE,0.09454584769261473
08-01-2026 13:10||NIFTY27JAN2624100PE,0.1682217825828093
08-01-2026 13:10||NIFTY27JAN2624300PE,0.1560442344292488
08-01-2026 13:10||NIFTY27JAN2624900PE,0.12155096818760461
08-01-2026 13:10||NIFTY27JAN2625400CE,0.12310565726925332
08-01-2026 13:10||NIFTY27JAN2625700CE,0.1083582823867241
08-01-2026 13:10||NIFTY27JAN2625800CE,0.10614982701148669
08-01-2026 13:10||NIFTY27JAN2626000CE,0.10198603887087929
08-01-2026 13:10||NIFTY27JAN2626100CE,0.09983331599219489
08-01-2026 13:10||NIFTY27JAN2626200CE,0.09777506814487996
08-01-2026 13:15||NIFTY27JAN2623800PE,0.18324055342292564
08-01-2026 13:15||NIFTY27JAN2624300PE,0.15771955639536628
08-01-2026 13:15||NIFTY27JAN2625000PE,0.11680682871922601
08-01-2026 13:15||NIFTY27JAN2625900CE,0.10108837418395689
08-01-2026 13:15||NIFTY27JAN2626300CE,0.09436969121596087
08-01-2026 13:20||NIFTY27JAN2623800PE,0.18372294119510374
08-01-2026 13:20||NIFTY27JAN2624000PE,0.17390865173339104
08-01-2026 13:20||NIFTY27JAN2624300PE,0.15672977484284903
08-01-2026 13:20||NIFTY27JAN2624400PE,0.1506571394737607
08-01-2026 13:20||NIFTY27JAN2624800PE,0.1265592128450291
08-01-2026 13:20||NIFTY27JAN2624900PE,0.12115455728482921
08-01-2026 13:20||NIFTY27JAN2625000PE,0.11604363934920736
08-01-2026 13:20||NIFTY27JAN2625300CE,0.13257357464360636
08-01-2026 13:20||NIFTY27JAN2625400CE,0.12448731406872628
08-01-2026 13:20||NIFTY27JAN2626200CE,0.09622101822483012
08-01-2026 13:20||NIFTY27JAN2626300CE,0.0947135654042677
08-01-2026 13:25||NIFTY27JAN2623900PE,0.1813355913754105
08-01-2026 13:25||NIFTY27JAN2624600PE,0.13925612860620068
08-01-2026 13:25||NIFTY27JAN2624900PE,0.1238667642856257
08-01-2026 13:25||NIFTY27JAN2625400CE,0.11428227653135414
08-01-2026 13:25||NIFTY27JAN2625500CE,0.10926178002966123
08-01-2026 13:25||NIFTY27JAN2625800CE,0.10014954340154009
08-01-2026 13:25||NIFTY27JAN2625900CE,0.09871896689524964
08-01-2026 13:25||NIFTY27JAN2626000CE,0.0972744744131582
08-01-2026 13:25||NIFTY27JAN2626100CE,0.0958253170294261
08-01-2026 13:30||NIFTY27JAN2624300PE,0.1549937694823681
08-01-2026 13:30||NIFTY27JAN2624400PE,0.1486541006711617
08-01-2026 13:30||NIFTY27JAN2625600CE,0.11822361458101943
08-01-2026 13:30||NIFTY27JAN2625700CE,0.1137418372776046
08-01-2026 13:30||NIFTY27JAN2626100CE,0.10134196932647459
08-01-2026 13:30||NIFTY27JAN2626500CE,0.09298820308456476
08-01-2026 13:35||NIFTY27JAN2624400PE,0.1503034580474492
08-01-2026 13:35||NIFTY27JAN2624600PE,0.1376910555676584
08-01-2026 13:35||NIFTY27JAN2624700PE,0.1320523345524281
08-01-2026 13:35||NIFTY27JAN2624800PE,0.12657436654285353
08-01-2026 13:35||NIFTY27JAN2624900PE,0.12114917781749614
08-01-2026 13:35||NIFTY27JAN2626300CE,0.09532314795491047
08-01-2026 13:40||NIFTY27JAN2624100PE,0.16770058257036335
08-01-2026 13:40||NIFTY27JAN2624800PE,0.12531314779728758
08-01-2026 13:40||NIFTY27JAN2624900PE,0.12014857052111495
08-01-2026 13:40||NIFTY27JAN2625300CE,0.1265301477193861
08-01-2026 13:40||NIFTY27JAN2625500CE,0.11715376486218164
08-01-2026 13:40||NIFTY27JAN2625600CE,0.11283887785728677
08-01-2026 13:40||NIFTY27JAN2625700CE,0.10885358814422436
08-01-2026 13:40||NIFTY27JAN2626000CE,0.10123281697814421
08-01-2026 13:40||NIFTY27JAN2626200CE,0.09753624667984057
08-01-2026 13:40||NIFTY27JAN2626300CE,0.0959026019715967
08-01-2026 13:45||NIFTY27JAN2624500PE,0.14269169164898665
08-01-2026 13:45||NIFTY27JAN2624600PE,0.13682235236197762
08-01-2026 13:45||NIFTY27JAN2624700PE,0.13109802784650515
08-01-2026 13:45||NIFTY27JAN2624900PE,0.11985755447813629
08-01-2026 13:45||NIFTY27JAN2625100PE,0.1085542252056966
08-01-2026 13:45||NIFTY27JAN2625600CE,0.11257326121030933
08-01-2026 13:45||NIFTY27JAN2625700CE,0.10921218184557549
08-01-2026 13:45||NIFTY27JAN2626200CE,0.09741740583957459
08-01-2026 13:50||NIFTY27JAN2624600PE,0.13577198774665677
08-01-2026 13:50||NIFTY27JAN2625500CE,0.11727054687584662
08-01-2026 13:50||NIFTY27JAN2625900CE,0.10405817973791445
08-01-2026 13:50||NIFTY27JAN2626200CE,0.09741306788508217
08-01-2026 13:55||NIFTY27JAN2624200PE,0.16142146944939806
08-01-2026 13:55||NIFTY27JAN2624600PE,0.13580458485573021
08-01-2026 13:55||NIFTY27JAN2624800PE,0.1243970858332337
08-01-2026 13:55||NIFTY27JAN2625000PE,0.11420225563497621
08-01-2026 13:55||NIFTY27JAN2625200CE,0.13170733288964465
08-01-2026 13:55||NIFTY27JAN2625700CE,0.10714952715325773
08-01-2026 14:00||NIFTY27JAN2623800PE,0.18528878737503549
08-01-2026 14:00||NIFTY27JAN2623900PE,0.17946652613824154
08-01-2026 14:00||NIFTY27JAN2624100PE,0.16744691763864772
08-01-2026 14:00||NIFTY27JAN2625000PE,0.11513807478003021
08-01-2026 14:00||NIFTY27JAN2625200CE,0.12216281798319735
08-01-2026 14:00||NIFTY27JAN2625300CE,0.1175706288517672
08-01-2026 14:00||NIFTY27JAN2625400CE,0.11353436267652436
08-01-2026 14:00||NIFTY27JAN2625900CE,0.09922202368978417
08-01-2026 14:00||NIFTY27JAN2626000CE,0.0973676658166672
08-01-2026 14:00||NIFTY27JAN2626100CE,0.09565492433418754
08-01-2026 14:00||NIFTY27JAN2626200CE,0.09409145023853169
08-01-2026 14:00||NIFTY27JAN2626300CE,0.09269247458778539
08-01-2026 14:05||NIFTY27JAN2623900PE,0.17859044819063258
08-01-2026 14:05||NIFTY27JAN2624500PE,0.14242900738553071
08-01-2026 14:05||NIFTY27JAN2625300CE,0.11295571813457175
08-01-2026 14:05||NIFTY27JAN2626000CE,0.09607320704542599
08-01-2026 14:05||NIFTY27JAN2626200CE,0.09198410116752641
08-01-2026 14:05||NIFTY27JAN2626300CE,0.0901004160742659
08-01-2026 14:05||NIFTY27JAN2626400CE,0.08826816382075116
08-01-2026 14:05||NIFTY27JAN2626500CE,0.0864821336389289
08-01-2026 14:10||NIFTY27JAN2624800PE,0.12436676665782143
08-01-2026 14:10||NIFTY27JAN2625000PE,0.11411750695354267
08-01-2026 14:10||NIFTY27JAN2625200CE,0.12451557326125769
08-01-2026 14:10||NIFTY27JAN2625300CE,0.12282126720447478
08-01-2026 14:10||NIFTY27JAN2625700CE,0.11001021869929824
08-01-2026 14:10||NIFTY27JAN2626300CE,0.0946380513142796
08-01-2026 14:15||NIFTY27JAN2623800PE,0.18410308688116134
08-01-2026 14:15||NIFTY27JAN2624200PE,0.16012871188552824
08-01-2026 14:15||NIFTY27JAN2624300PE,0.15377087307574605
08-01-2026 14:15||NIFTY27JAN2624900PE,0.11747536818784346
08-01-2026 14:15||NIFTY27JAN2625000PE,0.11164195839902058
08-01-2026 14:15||NIFTY27JAN2625100PE,0.10581999479732533
08-01-2026 14:15||NIFTY27JAN2625200CE,0.12361772460463556
08-01-2026 14:15||NIFTY27JAN2625600CE,0.11434712696750322
08-01-2026 14:15||NIFTY27JAN2625800CE,0.10568687362166161
08-01-2026 14:15||NIFTY27JAN2626100CE,0.09733204504489193
08-01-2026 14:15||NIFTY27JAN2626400CE,0.09049035447781494
08-01-2026 14:15||NIFTY27JAN2626500CE,0.08834818532939404
08-01-2026 14:20||NIFTY27JAN2624500PE,0.14100680010125038
08-01-2026 14:20||NIFTY27JAN2625000PE,0.11328495836020253
08-01-2026 14:20||NIFTY27JAN2625400CE,0.11485852994884847
08-01-2026 14:20||NIFTY27JAN2625700CE,0.10405335881464414
08-01-2026 14:20||NIFTY27JAN2626400CE,0.08957910565514815
08-01-2026 14:25||NIFTY27JAN2624000PE,0.17051381418515088
08-01-2026 14:25||NIFTY27JAN2624100PE,0.1653427379836348
08-01-2026 14:25||NIFTY27JAN2624600PE,0.13648756596893102
08-01-2026 14:25||NIFTY27JAN2624800PE,0.1250793058179159
08-01-2026 14:25||NIFTY27JAN2624900PE,0.11993684371299293
08-01-2026 14:25||NIFTY27JAN2625200CE,0.1332470983735134
08-01-2026 14:25||NIFTY27JAN2625600CE,0.10704229157537387
08-01-2026 14:25||NIFTY27JAN2625900CE,0.09893966911827481
08-01-2026 14:25||NIFTY27JAN2626000CE,0.09664856095030042
08-01-2026 14:30||NIFTY27JAN2624200PE,0.15816633386247436
08-01-2026 14:30||NIFTY27JAN2624500PE,0.140388999121714
08-01-2026 14:30||NIFTY27JAN2624600PE,0.134493250308976
08-01-2026 14:30||NIFTY27JAN2624700PE,0.12862604236313904
08-01-2026 14:30||NIFTY27JAN2625900CE,0.10767512740759491
08-01-2026 14:30||NIFTY27JAN2626200CE,0.09828770075807927
08-01-2026 14:30||NIFTY27JAN2626400CE,0.0940147609210684
08-01-2026 14:30||NIFTY27JAN2626500CE,0.09236196224884785
08-01-2026 14:35||NIFTY27JAN2624200PE,0.16001902022268566
08-01-2026 14:35||NIFTY27JAN2624800PE,0.12370854046969026
08-01-2026 14:35||NIFTY27JAN2625100PE,0.10922898779561574
08-01-2026 14:35||NIFTY27JAN2626000CE,0.09751435603187156
08-01-2026 14:35||NIFTY27JAN2626100CE,0.0953966678029992
08-01-2026 14:35||NIFTY27JAN2626400CE,0.09030656870885102
08-01-2026 14:35||NIFTY27JAN2626500CE,0.08900452442806044
08-01-2026 14:40||NIFTY27JAN2623900PE,0.17625454732909873
08-01-2026 14:40||NIFTY27JAN2624100PE,0.16527184066046052
08-01-2026 14:40||NIFTY27JAN2624200PE,0.1593854069372464
08-01-2026 14:40||NIFTY27JAN2624600PE,0.13493577087631956
08-01-2026 14:40||NIFTY27JAN2625000PE,0.11287377143253738
08-01-2026 14:40||NIFTY27JAN2625300CE,0.12020564471327427
08-01-2026 14:40||NIFTY27JAN2625400CE,0.11622667252534086
08-01-2026 14:40||NIFTY27JAN2625500CE,0.11242329125415007
08-01-2026 14:40||NIFTY27JAN2626200CE,0.09320412426669206
08-01-2026 14:40||NIFTY27JAN2626300CE,0.09154447561914625
08-01-2026 14:45||NIFTY27JAN2623900PE,0.17589458734529595
08-01-2026 14:45||NIFTY27JAN2624000PE,0.16965142063425143
08-01-2026 14:45||NIFTY27JAN2624700PE,0.12870605878878413
08-01-2026 14:45||NIFTY27JAN2625000PE,0.11217051329120101
08-01-2026 14:45||NIFTY27JAN2625300CE,0.12249553694985058
08-01-2026 14:45||NIFTY27JAN2625700CE,0.10627530828498225
08-01-2026 14:45||NIFTY27JAN2626200CE,0.09323265684128436
08-01-2026 14:50||NIFTY27JAN2624100PE,0.16555954632800912
08-01-2026 14:50||NIFTY27JAN2624200PE,0.15952259357734874
08-01-2026 14:50||NIFTY27JAN2624300PE,0.15324682540657947
08-01-2026 14:50||NIFTY27JAN2625100PE,0.10886969600731489
08-01-2026 14:50||NIFTY27JAN2625200CE,0.1255847940776368
08-01-2026 14:50||NIFTY27JAN2625400CE,0.11355275451642376
08-01-2026 14:50||NIFTY27JAN2625500CE,0.10840058633251581
08-01-2026 14:50||NIFTY27JAN2625900CE,0.094923851730446
08-01-2026 14:50||NIFTY27JAN2626000CE,0.09338228834434163
08-01-2026 14:50||NIFTY27JAN2626200CE,0.09054165661102406
08-01-2026 14:55||NIFTY27JAN2624200PE,0.15896077629527827
08-01-2026 14:55||NIFTY27JAN2624900PE,0.11815027812067552
08-01-2026 14:55||NIFTY27JAN2625500CE,0.11199361414267606
08-01-2026 14:55||NIFTY27JAN2625800CE,0.10061927661178072
08-01-2026 14:55||NIFTY27JAN2626200CE,0.09220982247570286
08-01-2026 14:55||NIFTY27JAN2626300CE,0.09079758184662833
08-01-2026 15:00||NIFTY27JAN2623900PE,0.17465690624368074
08-01-2026 15:00||NIFTY27JAN2624000PE,0.16851477013469457
08-01-2026 15:00||NIFTY27JAN2624200PE,0.15649608293567524
08-01-2026 15:00||NIFTY27JAN2624600PE,0.1329159401096673
08-01-2026 15:00||NIFTY27JAN2624900PE,0.11797414064454564
08-01-2026 15:00||NIFTY27JAN2625100PE,0.10886755392827474
08-01-2026 15:00||NIFTY27JAN2625200CE,0.13703586774170784
08-01-2026 15:00||NIFTY27JAN2625500CE,0.10270292777925749
08-01-2026 15:00||NIFTY27JAN2625600CE,0.09954904735777305
08-01-2026 15:00||NIFTY27JAN2625700CE,0.09689468412510005
08-01-2026 15:00||NIFTY27JAN2625900CE,0.09257625063563542
08-01-2026 15:00||NIFTY27JAN2626300CE,0.08863686174280111
08-01-2026 15:00||NIFTY27JAN2626400CE,0.08813280851465963
08-01-2026 15:05||NIFTY27JAN2624100PE,0.16031765445221294
08-01-2026 15:05||NIFTY27JAN2624300PE,0.1481646574217779
08-01-2026 15:05||NIFTY27JAN2624400PE,0.14240428608343508
08-01-2026 15:05||NIFTY27JAN2624800PE,0.11996522433325926
08-01-2026 15:05||NIFTY27JAN2624900PE,0.11501981035427988
08-01-2026 15:05||NIFTY27JAN2625500CE,0.11695327473126921
08-01-2026 15:05||NIFTY27JAN2626000CE,0.09869216490192896
08-01-2026 15:05||NIFTY27JAN2626100CE,0.09690310753498296
08-01-2026 15:05||NIFTY27JAN2626200CE,0.0951921102948036
08-01-2026 15:10||NIFTY27JAN2624000PE,0.16669569596694842
08-01-2026 15:10||NIFTY27JAN2624200PE,0.15521681756767558
08-01-2026 15:10||NIFTY27JAN2624600PE,0.1313533840348261
08-01-2026 15:10||NIFTY27JAN2625100PE,0.10570858504642161
08-01-2026 15:10||NIFTY27JAN2625700CE,0.10448024702320594
08-01-2026 15:10||NIFTY27JAN2626100CE,0.0948934890788675
08-01-2026 15:10||NIFTY27JAN2626300CE,0.09242299319165252
08-01-2026 15:10||NIFTY27JAN2626400CE,0.09168303972440078
08-01-2026 15:10||NIFTY27JAN2626500CE,0.0912745301341467
08-01-2026 15:15||NIFTY27JAN2624200PE,0.15409504545954822
08-01-2026 15:15||NIFTY27JAN2624800PE,0.11994131000457178
08-01-2026 15:15||NIFTY27JAN2624900PE,0.11492686779707992
08-01-2026 15:15||NIFTY27JAN2625100PE,0.10505319051790209
08-01-2026 15:15||NIFTY27JAN2625500CE,0.11098114814050586
08-01-2026 15:15||NIFTY27JAN2625600CE,0.10697262306341648
08-01-2026 15:15||NIFTY27JAN2626100CE,0.09435764730321808
08-01-2026 15:15||NIFTY27JAN2626400CE,0.09077908459035774
08-01-2026 15:20||NIFTY27JAN2623800PE,0.1772853539873705
08-01-2026 15:20||NIFTY27JAN2624000PE,0.1671957282939266
08-01-2026 15:20||NIFTY27JAN2624500PE,0.1372153675376202
08-01-2026 15:20||NIFTY27JAN2624800PE,0.1207141451510554
08-01-2026 15:20||NIFTY27JAN2625000PE,0.11102400545451384
08-01-2026 15:20||NIFTY27JAN2625300CE,0.12138291498711029
08-01-2026 15:20||NIFTY27JAN2625600CE,0.10487083822524551
08-01-2026 15:20||NIFTY27JAN2626100CE,0.09289967724936651
08-01-2026 15:20||NIFTY27JAN2626400CE,0.08957852868605269
08-01-2026 15:20||NIFTY27JAN2626500CE,0.0893679822226809
08-01-2026 15:25||NIFTY27JAN2623800PE,0.1816676620250637
08-01-2026 15:25||NIFTY27JAN2624100PE,0.1599436543166216
08-01-2026 15:25||NIFTY27JAN2624300PE,0.1477674829381621
08-01-2026 15:25||NIFTY27JAN2624400PE,0.14293287448659686
08-01-2026 15:25||NIFTY27JAN2624600PE,0.13293266864054962
08-01-2026 15:25||NIFTY27JAN2624700PE,0.12769073550590915
08-01-2026 15:25||NIFTY27JAN2624900PE,0.11748806828763234
08-01-2026 15:25||NIFTY27JAN2625100PE,0.10755865993989291
08-01-2026 15:25||NIFTY27JAN2625600CE,0.10210399992855482
08-01-2026 15:25||NIFTY27JAN2625800CE,0.09718559594317261
08-01-2026 15:25||NIFTY27JAN2625900CE,0.09530151214080881
08-01-2026 15:25||NIFTY27JAN2626100CE,0.09218075288885025
09-01-2026 09:15||NIFTY27JAN2624400PE,0.1451272067641216
09-01-2026 09:15||NIFTY27JAN2624600PE,0.13310362821250202
09-01-2026 09:15||NIFTY27JAN2624800PE,0.12017197218665618
09-01-2026 09:15||NIFTY27JAN2624900PE,0.11329211048387008
09-01-2026 09:15||NIFTY27JAN2625000PE,0.1061840461771758
09-01-2026 09:15||NIFTY27JAN2625100PE,0.09885229424801405
09-01-2026 09:15||NIFTY27JAN2625300CE,0.1356551646139369
09-01-2026 09:15||NIFTY27JAN2625400CE,0.1288240356198589
09-01-2026 09:15||NIFTY27JAN2625500CE,0.12238182112231807
09-01-2026 09:15||NIFTY27JAN2625800CE,0.10751227626782275
09-01-2026 09:15||NIFTY27JAN2626300CE,0.09436922630030056
09-01-2026 09:20||NIFTY27JAN2624100PE,0.16371303390236663
09-01-2026 09:20||NIFTY27JAN2624200PE,0.15773929364168343
09-01-2026 09:20||NIFTY27JAN2624600PE,0.13493271091396725
09-01-2026 09:20||NIFTY27JAN2624800PE,0.12461206030006951
09-01-2026 09:20||NIFTY27JAN2624900PE,0.11994308049835156
09-01-2026 09:20||NIFTY27JAN2625000PE,0.11547004672280214
09-01-2026 09:20||NIFTY27JAN2625300CE,0.11168989091236424
09-01-2026 09:20||NIFTY27JAN2626300CE,0.08452545677331284
09-01-2026 09:25||NIFTY27JAN2624100PE,0.16051969431571617
09-01-2026 09:25||NIFTY27JAN2624200PE,0.15450391737533808
09-01-2026 09:25||NIFTY27JAN2625000PE,0.11182044009892261
09-01-2026 09:25||NIFTY27JAN2625400CE,0.11972838969402903
09-01-2026 09:25||NIFTY27JAN2625700CE,0.1044948924765026
09-01-2026 09:25||NIFTY27JAN2626100CE,0.09452760302556791
09-01-2026 09:30||NIFTY27JAN2623800PE,0.1786247836821841
09-01-2026 09:30||NIFTY27JAN2623900PE,0.17231045720070548
09-01-2026 09:30||NIFTY27JAN2624300PE,0.14912807697783534
09-01-2026 09:30||NIFTY27JAN2624500PE,0.13745858235818365
09-01-2026 09:30||NIFTY27JAN2624600PE,0.13178674872384094
09-01-2026 09:30||NIFTY27JAN2625300CE,0.11353760075961981
09-01-2026 09:30||NIFTY27JAN2625400CE,0.1107049310364763
09-01-2026 09:30||NIFTY27JAN2625500CE,0.10781774151391824
09-01-2026 09:30||NIFTY27JAN2626100CE,0.09356614324411265
09-01-2026 09:30||NIFTY27JAN2626400CE,0.09061371018242102
09-01-2026 09:35||NIFTY27JAN2624800PE,0.11981552176545471
09-01-2026 09:35||NIFTY27JAN2626000CE,0.09839485196504735
09-01-2026 09:35||NIFTY27JAN2626200CE,0.09488622749688155
09-01-2026 09:40||NIFTY27JAN2624400PE,0.139681415198738
09-01-2026 09:40||NIFTY27JAN2624600PE,0.12702296050013354
09-01-2026 09:40||NIFTY27JAN2625500CE,0.13473009075488218
09-01-2026 09:40||NIFTY27JAN2625600CE,0.12974244473039798
09-01-2026 09:40||NIFTY27JAN2625700CE,0.1251739623526449
09-01-2026 09:40||NIFTY27JAN2625900CE,0.11542504546881575
09-01-2026 09:40||NIFTY27JAN2626200CE,0.10390901292485567
09-01-2026 09:40||NIFTY27JAN2626300CE,0.10088282886006547
09-01-2026 09:40||NIFTY27JAN2626500CE,0.09489448624509518
09-01-2026 09:45||NIFTY27JAN2624000PE,0.16473672118453714
09-01-2026 09:45||NIFTY27JAN2624300PE,0.1472656439268188
09-01-2026 09:45||NIFTY27JAN2624400PE,0.14117077155089813
09-01-2026 09:45||NIFTY27JAN2624700PE,0.12399019658935728
09-01-2026 09:45||NIFTY27JAN2624900PE,0.11362567769684524
09-01-2026 09:45||NIFTY27JAN2625300CE,0.13453160391140212
09-01-2026 09:45||NIFTY27JAN2625600CE,0.12274411970223847
09-01-2026 09:45||NIFTY27JAN2625900CE,0.10930127781939611
09-01-2026 09:45||NIFTY27JAN2626000CE,0.10570864127317384
09-01-2026 09:50||NIFTY27JAN2624100PE,0.1600187413658064
09-01-2026 09:50||NIFTY27JAN2624200PE,0.1541512507137527
09-01-2026 09:50||NIFTY27JAN2624300PE,0.14812559055106572
09-01-2026 09:50||NIFTY27JAN2624400PE,0.142148636556997
09-01-2026 09:50||NIFTY27JAN2624600PE,0.13094760219992463
09-01-2026 09:50||NIFTY27JAN2624700PE,0.12557537190233212
09-01-2026 09:50||NIFTY27JAN2624800PE,0.12030795883081996
09-01-2026 09:50||NIFTY27JAN2624900PE,0.11514540563190614
09-01-2026 09:50||NIFTY27JAN2625300CE,0.13767730102274656
09-01-2026 09:50||NIFTY27JAN2625600CE,0.12030099737199342
09-01-2026 09:50||NIFTY27JAN2626000CE,0.10347992307175846
09-01-2026 09:50||NIFTY27JAN2626100CE,0.10065385886740433
09-01-2026 09:50||NIFTY27JAN2626400CE,0.09431507566729133
09-01-2026 09:50||NIFTY27JAN2626500CE,0.09320408341144627
09-01-2026 09:55||NIFTY27JAN2623800PE,0.17819722434753935
09-01-2026 09:55||NIFTY27JAN2624400PE,0.14396990317604985
09-01-2026 09:55||NIFTY27JAN2624800PE,0.11966154562167104
09-01-2026 09:55||NIFTY27JAN2624900PE,0.11364708604000036
09-01-2026 09:55||NIFTY27JAN2625000PE,0.10761500654583825
09-01-2026 09:55||NIFTY27JAN2625100PE,0.10156005916023321
09-01-2026 09:55||NIFTY27JAN2625200CE,0.13828233139795082
09-01-2026 09:55||NIFTY27JAN2625500CE,0.12194539825223519
09-01-2026 10:00||NIFTY27JAN2624100PE,0.16246846241335508
09-01-2026 10:00||NIFTY27JAN2624300PE,0.14989843448967471
09-01-2026 10:00||NIFTY27JAN2625100PE,0.10790578192523494
09-01-2026 10:00||NIFTY27JAN2625500CE,0.10661247611925233
09-01-2026 10:00||NIFTY27JAN2626100CE,0.09305096312980406
09-01-2026 10:00||NIFTY27JAN2626200CE,0.09175458899598285
09-01-2026 10:05||NIFTY27JAN2624500PE,0.1363583015963779
09-01-2026 10:05||NIFTY27JAN2624800PE,0.11962736249821315
09-01-2026 10:05||NIFTY27JAN2625600CE,0.12103061819492618
09-01-2026 10:05||NIFTY27JAN2626100CE,0.10010620043482552
09-01-2026 10:10||NIFTY27JAN2624400PE,0.14348449997642937
09-01-2026 10:10||NIFTY27JAN2624800PE,0.12098214924086975
09-01-2026 10:10||NIFTY27JAN2625300CE,0.13011975765586603
09-01-2026 10:10||NIFTY27JAN2626300CE,0.09125060359654996
09-01-2026 10:10||NIFTY27JAN2626400CE,0.09054617050859953
09-01-2026 10:15||NIFTY27JAN2623900PE,0.17257958380183575
09-01-2026 10:15||NIFTY27JAN2625100PE,0.10669308950032699
09-01-2026 10:15||NIFTY27JAN2625600CE,0.1090028237845513
09-01-2026 10:15||NIFTY27JAN2626200CE,0.09267205793564978
09-01-2026 10:15||NIFTY27JAN2626300CE,0.09137783827283782
09-01-2026 10:20||NIFTY27JAN2623900PE,0.1733305674178655
09-01-2026 10:20||NIFTY27JAN2624000PE,0.1672872150948862
09-01-2026 10:20||NIFTY27JAN2625200CE,0.1442467178856889
09-01-2026 10:20||NIFTY27JAN2625700CE,0.1134507509559465
09-01-2026 10:20||NIFTY27JAN2626400CE,0.09233366669818366
09-01-2026 10:20||NIFTY27JAN2626500CE,0.09103646661556883
09-01-2026 10:25||NIFTY27JAN2624200PE,0.15525926304848023
09-01-2026 10:25||NIFTY27JAN2624400PE,0.14274436420065012
09-01-2026 10:25||NIFTY27JAN2624500PE,0.1365054011254317
09-01-2026 10:25||NIFTY27JAN2625000PE,0.10950856431069662
09-01-2026 10:25||NIFTY27JAN2625200CE,0.1481768646728807
09-01-2026 10:25||NIFTY27JAN2625600CE,0.12125641264007986
09-01-2026 10:25||NIFTY27JAN2625900CE,0.1061460465929209
09-01-2026 10:25||NIFTY27JAN2626200CE,0.09729667842516079
09-01-2026 10:25||NIFTY27JAN2626500CE,0.09176458662383626
09-01-2026 10:30||NIFTY27JAN2624300PE,0.15006100772720543
09-01-2026 10:30||NIFTY27JAN2624600PE,0.13225746948844475
09-01-2026 10:30||NIFTY27JAN2624900PE,0.1172467327308154
09-01-2026 10:30||NIFTY27JAN2625700CE,0.09974017265024944
09-01-2026 10:35||NIFTY27JAN2624300PE,0.14914382264163412
09-01-2026 10:35||NIFTY27JAN2624800PE,0.12019028145930966
09-01-2026 10:35||NIFTY27JAN2626300CE,0.09169568326127747
09-01-2026 10:35||NIFTY27JAN2626500CE,0.08888809996741882
09-01-2026 10:40||NIFTY27JAN2624000PE,0.16606884811957434
09-01-2026 10:40||NIFTY27JAN2624700PE,0.12505586813388417
09-01-2026 10:40||NIFTY27JAN2625000PE,0.10950095632830625
09-01-2026 10:40||NIFTY27JAN2625500CE,0.11715344835298333
09-01-2026 10:40||NIFTY27JAN2626000CE,0.0979064179592623
09-01-2026 10:40||NIFTY27JAN2626100CE,0.09601280770721869
09-01-2026 10:40||NIFTY27JAN2626400CE,0.09199174689920513
09-01-2026 10:40||NIFTY27JAN2626500CE,0.09146384570231818
09-01-2026 10:45||NIFTY27JAN2623800PE,0.17636362679519185
09-01-2026 10:45||NIFTY27JAN2624200PE,0.15467478286967445
09-01-2026 10:45||NIFTY27JAN2624400PE,0.14252987061003353
09-01-2026 10:45||NIFTY27JAN2625000PE,0.10963171071375219
09-01-2026 10:45||NIFTY27JAN2625200CE,0.1338884058200124
09-01-2026 10:45||NIFTY27JAN2625400CE,0.12059585634309697
09-01-2026 10:45||NIFTY27JAN2625500CE,0.11481240389902023
09-01-2026 10:45||NIFTY27JAN2625600CE,0.10948981392607088
09-01-2026 10:45||NIFTY27JAN2625900CE,0.09843967511639115
09-01-2026 10:45||NIFTY27JAN2626000CE,0.09580611144368723
09-01-2026 10:45||NIFTY27JAN2626300CE,0.09095342034158357
09-01-2026 10:50||NIFTY27JAN2624100PE,0.16115683455485208
09-01-2026 10:50||NIFTY27JAN2625000PE,0.11086565799230327
09-01-2026 10:50||NIFTY27JAN2625400CE,0.11186997091240272
09-01-2026 10:50||NIFTY27JAN2625800CE,0.09569952172998294
09-01-2026 10:50||NIFTY27JAN2625900CE,0.09368642257962242
09-01-2026 10:50||NIFTY27JAN2626000CE,0.09186018305967282
09-01-2026 10:50||NIFTY27JAN2626400CE,0.08786865627109719
09-01-2026 10:50||NIFTY27JAN2626500CE,0.08724361818401506
09-01-2026 10:55||NIFTY27JAN2623800PE,0.17923389864965572
09-01-2026 10:55||NIFTY27JAN2623900PE,0.17234078057075453
09-01-2026 10:55||NIFTY27JAN2624700PE,0.12438190331444657
09-01-2026 10:55||NIFTY27JAN2624900PE,0.1146068604511774
09-01-2026 10:55||NIFTY27JAN2625600CE,0.10855685814534716
09-01-2026 10:55||NIFTY27JAN2626300CE,0.09141952093652322
09-01-2026 11:00||NIFTY27JAN2624300PE,0.14507092607058025
09-01-2026 11:00||NIFTY27JAN2624500PE,0.13383381364697772
09-01-2026 11:00||NIFTY27JAN2624900PE,0.11322401976122494
09-01-2026 11:00||NIFTY27JAN2625000PE,0.10853336252477083
09-01-2026 11:00||NIFTY27JAN2625200CE,0.13428635355306473
09-01-2026 11:00||NIFTY27JAN2625300CE,0.12505296068520536
09-01-2026 11:00||NIFTY27JAN2625700CE,0.10336886847863623
09-01-2026 11:00||NIFTY27JAN2625800CE,0.10008802058913094
09-01-2026 11:00||NIFTY27JAN2626500CE,0.09024932174471542
09-01-2026 11:05||NIFTY27JAN2624000PE,0.16250255693913265
09-01-2026 11:05||NIFTY27JAN2624100PE,0.15623657354120568
09-01-2026 11:05||NIFTY27JAN2624200PE,0.14991989911621517
09-01-2026 11:05||NIFTY27JAN2624400PE,0.1386554039364677
09-01-2026 11:05||NIFTY27JAN2625100PE,0.10293410110145891
09-01-2026 11:05||NIFTY27JAN2625300CE,0.12628117747175965
09-01-2026 11:05||NIFTY27JAN2625400CE,0.12029994233312277
09-01-2026 11:05||NIFTY27JAN2625500CE,0.11473705778666254
09-01-2026 11:05||NIFTY27JAN2625700CE,0.10571857603315143
09-01-2026 11:05||NIFTY27JAN2626500CE,0.09100375531939012
09-01-2026 11:10||NIFTY27JAN2623900PE,0.1704416347219439
09-01-2026 11:10||NIFTY27JAN2624700PE,0.12394505982391252
09-01-2026 11:10||NIFTY27JAN2625100PE,0.10613945030344774
09-01-2026 11:10||NIFTY27JAN2625200CE,0.12080474337156037
09-01-2026 11:10||NIFTY27JAN2625500CE,0.10650287696299598
09-01-2026 11:10||NIFTY27JAN2625800CE,0.09541299831343228
09-01-2026 11:15||NIFTY27JAN2624200PE,0.15204881060261924
09-01-2026 11:15||NIFTY27JAN2624600PE,0.12835139402285045
09-01-2026 11:15||NIFTY27JAN2625700CE,0.10244838242151813
09-01-2026 11:15||NIFTY27JAN2626400CE,0.09178544449398289
09-01-2026 11:20||NIFTY27JAN2624700PE,0.12242757104732332
09-01-2026 11:20||NIFTY27JAN2625000PE,0.10711362688517863
09-01-2026 11:20||NIFTY27JAN2625200CE,0.13233712193933872
09-01-2026 11:20||NIFTY27JAN2625500CE,0.11088702230687375
09-01-2026 11:20||NIFTY27JAN2625700CE,0.10297880568640509
09-01-2026 11:20||NIFTY27JAN2626400CE,0.09230312971394225
09-01-2026 11:25||NIFTY27JAN2624600PE,0.12778965856328134
09-01-2026 11:25||NIFTY27JAN2625100PE,0.10261171610780795
09-01-2026 11:25||NIFTY27JAN2625600CE,0.11007358940173154
09-01-2026 11:25||NIFTY27JAN2626100CE,0.0960120700195804
09-01-2026 11:30||NIFTY27JAN2624000PE,0.16279891798252188
09-01-2026 11:30||NIFTY27JAN2624100PE,0.157304240285929
09-01-2026 11:30||NIFTY27JAN2624500PE,0.1343157954299975
09-01-2026 11:30||NIFTY27JAN2624600PE,0.12862431917490658
09-01-2026 11:30||NIFTY27JAN2624900PE,0.11335658772119378
09-01-2026 11:30||NIFTY27JAN2625000PE,0.10876459063149654
09-01-2026 11:30||NIFTY27JAN2625300CE,0.1220361842460919
09-01-2026 11:30||NIFTY27JAN2625500CE,0.11103676726705282
09-01-2026 11:30||NIFTY27JAN2626200CE,0.09037780781169445
09-01-2026 11:30||NIFTY27JAN2626500CE,0.09023319178815029
09-01-2026 11:35||NIFTY27JAN2624100PE,0.15738375007757635
09-01-2026 11:35||NIFTY27JAN2624300PE,0.14518842112634475
09-01-2026 11:35||NIFTY27JAN2624600PE,0.12793521251716083
09-01-2026 11:35||NIFTY27JAN2624800PE,0.11779742248283029
09-01-2026 11:35||NIFTY27JAN2625200CE,0.12223576153056137
09-01-2026 11:35||NIFTY27JAN2625300CE,0.11715593630103044
09-01-2026 11:35||NIFTY27JAN2625700CE,0.10157181312470222
09-01-2026 11:35||NIFTY27JAN2625800CE,0.09873482402575666
09-01-2026 11:35||NIFTY27JAN2626100CE,0.09362580125346584
09-01-2026 11:40||NIFTY27JAN2623800PE,0.17396580827816288
09-01-2026 11:40||NIFTY27JAN2624600PE,0.12779134593495056
09-01-2026 11:40||NIFTY27JAN2624700PE,0.12273804834660398
09-01-2026 11:40||NIFTY27JAN2625000PE,0.10851677764939138
09-01-2026 11:40||NIFTY27JAN2625300CE,0.11819228089416645
09-01-2026 11:40||NIFTY27JAN2625600CE,0.10433767023083992
09-01-2026 11:40||NIFTY27JAN2625800CE,0.09870392897422
09-01-2026 11:40||NIFTY27JAN2625900CE,0.09682501832272901
09-01-2026 11:45||NIFTY27JAN2624000PE,0.16241151605584608
09-01-2026 11:45||NIFTY27JAN2624900PE,0.11357997963067995
09-01-2026 11:45||NIFTY27JAN2625900CE,0.09740731117953846
09-01-2026 11:45||NIFTY27JAN2626000CE,0.09564828919827066
09-01-2026 11:45||NIFTY27JAN2626200CE,0.09347955670474681
09-01-2026 11:45||NIFTY27JAN2626500CE,0.09269754066791053
09-01-2026 11:50||NIFTY27JAN2623800PE,0.17297744054426278
09-01-2026 11:50||NIFTY27JAN2624900PE,0.11331872888486341
09-01-2026 11:50||NIFTY27JAN2625000PE,0.10892364704024156
09-01-2026 11:50||NIFTY27JAN2625200CE,0.1186610720005621
09-01-2026 11:50||NIFTY27JAN2625400CE,0.11254297664556459
09-01-2026 11:50||NIFTY27JAN2625500CE,0.10948151423324973
09-01-2026 11:50||NIFTY27JAN2626000CE,0.09687227717302896
09-01-2026 11:50||NIFTY27JAN2626500CE,0.09275718819460148
09-01-2026 11:55||NIFTY27JAN2624200PE,0.1515360194490166
09-01-2026 11:55||NIFTY27JAN2624300PE,0.14466298677262424
09-01-2026 11:55||NIFTY27JAN2624500PE,0.1327645986476561
09-01-2026 11:55||NIFTY27JAN2624900PE,0.11370394300154965
09-01-2026 11:55||NIFTY27JAN2625400CE,0.11486135700662892
09-01-2026 11:55||NIFTY27JAN2625600CE,0.10663207115694469
09-01-2026 11:55||NIFTY27JAN2625800CE,0.10054704694557987
09-01-2026 11:55||NIFTY27JAN2626300CE,0.09403564096988401
09-01-2026 12:00||NIFTY27JAN2623800PE,0.1715384851490346
09-01-2026 12:00||NIFTY27JAN2624400PE,0.13808170715585977
09-01-2026 12:00||NIFTY27JAN2624600PE,0.1262456315566478
09-01-2026 12:00||NIFTY27JAN2624800PE,0.1155287659512329
09-01-2026 12:00||NIFTY27JAN2625600CE,0.11199986933558709
09-01-2026 12:00||NIFTY27JAN2625800CE,0.10419579390672115
09-01-2026 12:00||NIFTY27JAN2626300CE,0.09613807294643947
09-01-2026 12:00||NIFTY27JAN2626400CE,0.09617952021010154
09-01-2026 12:05||NIFTY27JAN2624600PE,0.1278650050710119
09-01-2026 12:05||NIFTY27JAN2625500CE,0.1089548030627441
09-01-2026 12:05||NIFTY27JAN2626000CE,0.0959837721218569
09-01-2026 12:05||NIFTY27JAN2626100CE,0.09476726158695487
09-01-2026 12:05||NIFTY27JAN2626500CE,0.09283188471942826
09-01-2026 12:10||NIFTY27JAN2624200PE,0.15202875243260283
09-01-2026 12:10||NIFTY27JAN2624300PE,0.14545453186343704
09-01-2026 12:10||NIFTY27JAN2625500CE,0.10607553323824645
09-01-2026 12:10||NIFTY27JAN2625900CE,0.09660781094486898
09-01-2026 12:10||NIFTY27JAN2626000CE,0.09515112393436609
09-01-2026 12:10||NIFTY27JAN2626300CE,0.09358886517345984
09-01-2026 12:15||NIFTY27JAN2623800PE,0.17531245914932747
09-01-2026 12:15||NIFTY27JAN2624100PE,0.1570122116607619
09-01-2026 12:15||NIFTY27JAN2624200PE,0.15040986002154355
09-01-2026 12:15||NIFTY27JAN2624300PE,0.14389518641033475
09-01-2026 12:15||NIFTY27JAN2624700PE,0.12194935985875718
09-01-2026 12:15||NIFTY27JAN2625400CE,0.11198760771035302
09-01-2026 12:15||NIFTY27JAN2625500CE,0.10793983658732088
09-01-2026 12:15||NIFTY27JAN2625800CE,0.09961960938926823
09-01-2026 12:15||NIFTY27JAN2625900CE,0.09761811599691483
09-01-2026 12:15||NIFTY27JAN2626200CE,0.09370052170513173
09-01-2026 12:15||NIFTY27JAN2626300CE,0.0932825555491175
09-01-2026 12:15||NIFTY27JAN2626400CE,0.09324720404553798
09-01-2026 12:15||NIFTY27JAN2626500CE,0.09359899154318048
09-01-2026 12:20||NIFTY27JAN2624000PE,0.16271963619526433
09-01-2026 12:20||NIFTY27JAN2624700PE,0.12118716855347647
09-01-2026 12:20||NIFTY27JAN2624800PE,0.11642511959729404
09-01-2026 12:20||NIFTY27JAN2625000PE,0.10755277901022817
09-01-2026 12:20||NIFTY27JAN2625300CE,0.11351870943428591
09-01-2026 12:20||NIFTY27JAN2625500CE,0.10566168376646981
09-01-2026 12:25||NIFTY27JAN2624200PE,0.15029390020993585
09-01-2026 12:25||NIFTY27JAN2624400PE,0.13867061783799475
09-01-2026 12:25||NIFTY27JAN2624600PE,0.12799849137523134
09-01-2026 12:25||NIFTY27JAN2624700PE,0.12279869063195756
09-01-2026 12:25||NIFTY27JAN2625000PE,0.10868570073430217
09-01-2026 12:25||NIFTY27JAN2626100CE,0.09191679931204347
09-01-2026 12:30||NIFTY27JAN2623800PE,0.17131058606864305
09-01-2026 12:30||NIFTY27JAN2624300PE,0.1445177963580787
09-01-2026 12:30||NIFTY27JAN2624400PE,0.13857739759306742
09-01-2026 12:30||NIFTY27JAN2624900PE,0.11258240225025971
09-01-2026 12:30||NIFTY27JAN2625300CE,0.11095477200719392
09-01-2026 12:30||NIFTY27JAN2625700CE,0.09877989159500591
09-01-2026 12:30||NIFTY27JAN2625800CE,0.09675317123523591
09-01-2026 12:30||NIFTY27JAN2626400CE,0.09483253831699727
09-01-2026 12:35||NIFTY27JAN2624100PE,0.15886120919426877
09-01-2026 12:35||NIFTY27JAN2624200PE,0.15242412132531294
09-01-2026 12:35||NIFTY27JAN2624300PE,0.14592589311995174
09-01-2026 12:35||NIFTY27JAN2624700PE,0.12434771134580382
09-01-2026 12:35||NIFTY27JAN2624900PE,0.11585442483061834
09-01-2026 12:35||NIFTY27JAN2625700CE,0.09811613110805381
09-01-2026 12:35||NIFTY27JAN2626200CE,0.09432424180466326
09-01-2026 12:35||NIFTY27JAN2626400CE,0.09612935797306596
09-01-2026 12:40||NIFTY27JAN2624100PE,0.1584861984522528
09-01-2026 12:40||NIFTY27JAN2625100PE,0.10599705273465516
09-01-2026 12:40||NIFTY27JAN2625800CE,0.09948115143922151
09-01-2026 12:40||NIFTY27JAN2626100CE,0.09654793595360497
09-01-2026 12:40||NIFTY27JAN2626300CE,0.09701963540630448
09-01-2026 12:45||NIFTY27JAN2623900PE,0.17028037563407347
09-01-2026 12:45||NIFTY27JAN2624100PE,0.15841896510548012
09-01-2026 12:45||NIFTY27JAN2624200PE,0.15184946552494344
09-01-2026 12:45||NIFTY27JAN2624500PE,0.1334703590452369
09-01-2026 12:45||NIFTY27JAN2625000PE,0.10992226664455645
09-01-2026 12:45||NIFTY27JAN2625100PE,0.10556593927999926
09-01-2026 12:45||NIFTY27JAN2625300CE,0.10522197933078065
09-01-2026 12:45||NIFTY27JAN2625800CE,0.097423446386776
09-01-2026 12:45||NIFTY27JAN2625900CE,0.09649673998900063
09-01-2026 12:45||NIFTY27JAN2626000CE,0.09574567952802213
09-01-2026 12:45||NIFTY27JAN2626300CE,0.09719942106632184
09-01-2026 12:45||NIFTY27JAN2626400CE,0.09867296956435821
09-01-2026 12:50||NIFTY27JAN2623800PE,0.17799927698109175
09-01-2026 12:50||NIFTY27JAN2624100PE,0.15590402374513054
09-01-2026 12:50||NIFTY27JAN2625300CE,0.12174945462185395
09-01-2026 12:50||NIFTY27JAN2625500CE,0.11167719370194006
09-01-2026 12:50||NIFTY27JAN2626200CE,0.09841041566050278
09-01-2026 12:55||NIFTY27JAN2624100PE,0.15776076964543684
09-01-2026 12:55||NIFTY27JAN2624200PE,0.15143289693681689
09-01-2026 12:55||NIFTY27JAN2624500PE,0.1329470856014207
09-01-2026 12:55||NIFTY27JAN2624800PE,0.11758827254438367
09-01-2026 12:55||NIFTY27JAN2625600CE,0.104975389509568
09-01-2026 12:55||NIFTY27JAN2625700CE,0.10245616143574293
09-01-2026 12:55||NIFTY27JAN2626500CE,0.0989746167376656
09-01-2026 13:00||NIFTY27JAN2624200PE,0.15105358596107157
09-01-2026 13:00||NIFTY27JAN2624700PE,0.12290902300034964
09-01-2026 13:00||NIFTY27JAN2624900PE,0.11396046361471933
09-01-2026 13:00||NIFTY27JAN2625200CE,0.11636059138458643
09-01-2026 13:00||NIFTY27JAN2625600CE,0.10419977725797729
09-01-2026 13:00||NIFTY27JAN2625800CE,0.09986544495642471
09-01-2026 13:00||NIFTY27JAN2626400CE,0.09828150803523478
09-01-2026 13:05||NIFTY27JAN2623900PE,0.17009867791160854
09-01-2026 13:05||NIFTY27JAN2624100PE,0.15826083942248217
09-01-2026 13:05||NIFTY27JAN2624300PE,0.1455205728770055
09-01-2026 13:05||NIFTY27JAN2624400PE,0.1392845617293515
09-01-2026 13:05||NIFTY27JAN2624700PE,0.12207242226190634
09-01-2026 13:05||NIFTY27JAN2624800PE,0.11740044474741618
09-01-2026 13:05||NIFTY27JAN2624900PE,0.1128623813803904
09-01-2026 13:05||NIFTY27JAN2625000PE,0.10859691038048203
09-01-2026 13:05||NIFTY27JAN2626000CE,0.09839538857919326
09-01-2026 13:05||NIFTY27JAN2626400CE,0.09938537072803796
09-01-2026 13:05||NIFTY27JAN2626500CE,0.10126259007588372
09-01-2026 13:10||NIFTY27JAN2624000PE,0.16363656804798754
09-01-2026 13:10||NIFTY27JAN2624100PE,0.15778278682933772
09-01-2026 13:10||NIFTY27JAN2624300PE,0.14564514849719057
09-01-2026 13:10||NIFTY27JAN2625200CE,0.1228358746263021
09-01-2026 13:10||NIFTY27JAN2625500CE,0.11078741449245509
09-01-2026 13:10||NIFTY27JAN2625900CE,0.0996231040152528
09-01-2026 13:10||NIFTY27JAN2626100CE,0.09804949843092026
09-01-2026 13:10||NIFTY27JAN2626200CE,0.09765974841312247
09-01-2026 13:10||NIFTY27JAN2626400CE,0.09815845522187437
09-01-2026 13:10||NIFTY27JAN2626500CE,0.09924940172944158
09-01-2026 13:15||NIFTY27JAN2624100PE,0.15820624121359084
09-01-2026 13:15||NIFTY27JAN2624400PE,0.1390478514772932
09-01-2026 13:15||NIFTY27JAN2625000PE,0.1085632058678491
09-01-2026 13:15||NIFTY27JAN2625300CE,0.11630190412188197
09-01-2026 13:15||NIFTY27JAN2625600CE,0.10672089124070835
09-01-2026 13:15||NIFTY27JAN2625700CE,0.10448463398161192
09-01-2026 13:15||NIFTY27JAN2625800CE,0.10229904416683362
09-01-2026 13:15||NIFTY27JAN2625900CE,0.10031631509689788
09-01-2026 13:15||NIFTY27JAN2626100CE,0.09831349384696539
09-01-2026 13:15||NIFTY27JAN2626200CE,0.09803331130529849
09-01-2026 13:20||NIFTY27JAN2624000PE,0.16257659087457316
09-01-2026 13:20||NIFTY27JAN2624100PE,0.1573961907768443
09-01-2026 13:20||NIFTY27JAN2624900PE,0.11340978026125736
09-01-2026 13:20||NIFTY27JAN2625000PE,0.10904005554844834
09-01-2026 13:20||NIFTY27JAN2625200CE,0.12152825743283419
09-01-2026 13:20||NIFTY27JAN2625600CE,0.10423432590327368
09-01-2026 13:20||NIFTY27JAN2626400CE,0.09798221411681968
09-01-2026 13:25||NIFTY27JAN2624500PE,0.13360155977743188
09-01-2026 13:25||NIFTY27JAN2625100PE,0.10553099422965687
09-01-2026 13:25||NIFTY27JAN2625300CE,0.11733248050755926
09-01-2026 13:25||NIFTY27JAN2626200CE,0.09745455859582283
09-01-2026 13:25||NIFTY27JAN2626400CE,0.09858635147003394
09-01-2026 13:30||NIFTY27JAN2623900PE,0.17078042256439274
09-01-2026 13:30||NIFTY27JAN2624300PE,0.14666631695152615
09-01-2026 13:30||NIFTY27JAN2624500PE,0.13466078503654427
09-01-2026 13:30||NIFTY27JAN2624900PE,0.11504641161822607
09-01-2026 13:30||NIFTY27JAN2625000PE,0.11076258394123135
09-01-2026 13:30||NIFTY27JAN2625600CE,0.10115733422917794
09-01-2026 13:30||NIFTY27JAN2625900CE,0.09653732274475799
09-01-2026 13:30||NIFTY27JAN2626400CE,0.09737642682574962
09-01-2026 13:35||NIFTY27JAN2623900PE,0.16907197346611957
09-01-2026 13:35||NIFTY27JAN2624100PE,0.1573592098087695
09-01-2026 13:35||NIFTY27JAN2624400PE,0.13935491713914455
09-01-2026 13:35||NIFTY27JAN2624600PE,0.12708617795632535
09-01-2026 13:35||NIFTY27JAN2625100PE,0.1053738041173517
09-01-2026 13:35||NIFTY27JAN2625300CE,0.12192737383075196
09-01-2026 13:35||NIFTY27JAN2625400CE,0.11683631313914578
09-01-2026 13:35||NIFTY27JAN2625900CE,0.10115700032901608
09-01-2026 13:35||NIFTY27JAN2626100CE,0.0988652120738375
09-01-2026 13:35||NIFTY27JAN2626500CE,0.1004153981019408
09-01-2026 13:40||NIFTY27JAN2623800PE,0.17513975449229818
09-01-2026 13:40||NIFTY27JAN2624500PE,0.1342247273977168
09-01-2026 13:40||NIFTY27JAN2624800PE,0.11950245997559378
09-01-2026 13:40||NIFTY27JAN2624900PE,0.1153427208765739
09-01-2026 13:40||NIFTY27JAN2625100PE,0.10802710909376916
09-01-2026 13:40||NIFTY27JAN2625300CE,0.10669511449131788
09-01-2026 13:40||NIFTY27JAN2625500CE,0.10105149990649148
09-01-2026 13:40||NIFTY27JAN2625800CE,0.0955375541404985
09-01-2026 13:40||NIFTY27JAN2626500CE,0.09815336441619281
09-01-2026 13:45||NIFTY27JAN2623900PE,0.16819282928519314
09-01-2026 13:45||NIFTY27JAN2624000PE,0.16237859546444855
09-01-2026 13:45||NIFTY27JAN2624100PE,0.1565378558416563
09-01-2026 13:45||NIFTY27JAN2624300PE,0.14474060602086708
09-01-2026 13:45||NIFTY27JAN2624400PE,0.13877380492726835
09-01-2026 13:45||NIFTY27JAN2625200CE,0.11493716381072382
09-01-2026 13:45||NIFTY27JAN2626000CE,0.09708902467051253
09-01-2026 13:50||NIFTY27JAN2623800PE,0.17223076847448096
09-01-2026 13:50||NIFTY27JAN2624300PE,0.1446695359738996
09-01-2026 13:50||NIFTY27JAN2624500PE,0.1333758515347552
09-01-2026 13:50||NIFTY27JAN2624600PE,0.12814721947431057
09-01-2026 13:50||NIFTY27JAN2624700PE,0.12305871437886681
09-01-2026 13:50||NIFTY27JAN2625000PE,0.10908931909640132
09-01-2026 13:50||NIFTY27JAN2625400CE,0.10973001649040566
09-01-2026 13:50||NIFTY27JAN2625800CE,0.09908427748104025
09-01-2026 13:50||NIFTY27JAN2625900CE,0.09790057122309694
09-01-2026 13:50||NIFTY27JAN2626100CE,0.09663406021507687
09-01-2026 13:55||NIFTY27JAN2624000PE,0.15999886741602204
09-01-2026 13:55||NIFTY27JAN2624600PE,0.12570550770820849
09-01-2026 13:55||NIFTY27JAN2624800PE,0.1157243936920212
09-01-2026 13:55||NIFTY27JAN2624900PE,0.1113657994359834
09-01-2026 13:55||NIFTY27JAN2625400CE,0.11650837340606045
09-01-2026 13:55||NIFTY27JAN2625500CE,0.1132479672660229
09-01-2026 13:55||NIFTY27JAN2626100CE,0.10039664035852822
09-01-2026 13:55||NIFTY27JAN2626400CE,0.1006014722301128
09-01-2026 13:55||NIFTY27JAN2626500CE,0.10177795046057957
09-01-2026 14:00||NIFTY27JAN2624200PE,0.1512779208128105
09-01-2026 14:00||NIFTY27JAN2624300PE,0.14553319585881275
09-01-2026 14:00||NIFTY27JAN2624400PE,0.13980700720076855
09-01-2026 14:00||NIFTY27JAN2624900PE,0.1142585377369153
09-01-2026 14:00||NIFTY27JAN2625200CE,0.1173327929591096
09-01-2026 14:00||NIFTY27JAN2625500CE,0.10571545355322555
09-01-2026 14:00||NIFTY27JAN2625800CE,0.09881982714814949
09-01-2026 14:00||NIFTY27JAN2626000CE,0.0964251888136391
09-01-2026 14:00||NIFTY27JAN2626500CE,0.10066322159077251
09-01-2026 14:05||NIFTY27JAN2624000PE,0.162816841320746
09-01-2026 14:05||NIFTY27JAN2624100PE,0.15671594557431323
09-01-2026 14:05||NIFTY27JAN2624300PE,0.1446621156377974
09-01-2026 14:05||NIFTY27JAN2624400PE,0.13874033519214723
09-01-2026 14:05||NIFTY27JAN2624600PE,0.12713763482758253
09-01-2026 14:05||NIFTY27JAN2625000PE,0.10854393805704794
09-01-2026 14:05||NIFTY27JAN2625100PE,0.10470726004086411
09-01-2026 14:05||NIFTY27JAN2625200CE,0.1261501151043274
09-01-2026 14:05||NIFTY27JAN2625400CE,0.11490681276770066
09-01-2026 14:05||NIFTY27JAN2625600CE,0.10676413869240857
09-01-2026 14:05||NIFTY27JAN2626100CE,0.09829892166365696
09-01-2026 14:10||NIFTY27JAN2624300PE,0.14465988348112527
09-01-2026 14:10||NIFTY27JAN2624500PE,0.13284933316871633
09-01-2026 14:10||NIFTY27JAN2624700PE,0.12275705976276623
09-01-2026 14:10||NIFTY27JAN2625100PE,0.1064229808027449
09-01-2026 14:10||NIFTY27JAN2625200CE,0.10930165462131121
09-01-2026 14:10||NIFTY27JAN2625300CE,0.10812996758864968
09-01-2026 14:10||NIFTY27JAN2625900CE,0.09748430587952465
09-01-2026 14:10||NIFTY27JAN2626300CE,0.09663042611741698
09-01-2026 14:10||NIFTY27JAN2626400CE,0.09821712091246283
09-01-2026 14:10||NIFTY27JAN2626500CE,0.10127762119751432
09-01-2026 14:15||NIFTY27JAN2623800PE,0.17762057713729365
09-01-2026 14:15||NIFTY27JAN2625500CE,0.10568999582411089
09-01-2026 14:15||NIFTY27JAN2625600CE,0.10350122347727762
09-01-2026 14:15||NIFTY27JAN2625800CE,0.09928283949907668
09-01-2026 14:15||NIFTY27JAN2626300CE,0.09764147363781678
09-01-2026 14:20||NIFTY27JAN2624100PE,0.15647940132522659
09-01-2026 14:20||NIFTY27JAN2624300PE,0.14473016363822297
09-01-2026 14:20||NIFTY27JAN2624400PE,0.13899775366804357
09-01-2026 14:20||NIFTY27JAN2624900PE,0.11155867678560019
09-01-2026 14:20||NIFTY27JAN2625000PE,0.10648452155952604
09-01-2026 14:20||NIFTY27JAN2625100PE,0.10154384435330224
09-01-2026 14:20||NIFTY27JAN2625200CE,0.11510355399794221
09-01-2026 14:20||NIFTY27JAN2625400CE,0.10877730066615031
09-01-2026 14:20||NIFTY27JAN2625500CE,0.10596532683668196
09-01-2026 14:20||NIFTY27JAN2625900CE,0.09801688690910362
09-01-2026 14:25||NIFTY27JAN2623800PE,0.17683534663314857
09-01-2026 14:25||NIFTY27JAN2624100PE,0.15720081485500226
09-01-2026 14:25||NIFTY27JAN2624200PE,0.15093667438364983
09-01-2026 14:25||NIFTY27JAN2624300PE,0.14479269112756166
09-01-2026 14:25||NIFTY27JAN2625100PE,0.10684065034914908
09-01-2026 14:25||NIFTY27JAN2625200CE,0.11421772712553394
09-01-2026 14:25||NIFTY27JAN2625300CE,0.10995501393256173
09-01-2026 14:25||NIFTY27JAN2625600CE,0.10065656740724702
09-01-2026 14:25||NIFTY27JAN2626400CE,0.0979380938087347
09-01-2026 14:30||NIFTY27JAN2624000PE,0.16176906616083211
09-01-2026 14:30||NIFTY27JAN2624200PE,0.14890519892200907
09-01-2026 14:30||NIFTY27JAN2624300PE,0.14285651611559488
09-01-2026 14:30||NIFTY27JAN2625700CE,0.10533478143147396
09-01-2026 14:30||NIFTY27JAN2625900CE,0.10117277999305624
09-01-2026 14:30||NIFTY27JAN2626000CE,0.09957663613570268
09-01-2026 14:30||NIFTY27JAN2626300CE,0.0994102896445472
09-01-2026 14:35||NIFTY27JAN2624200PE,0.14961305461953886
09-01-2026 14:35||NIFTY27JAN2624300PE,0.14362848788041152
09-01-2026 14:35||NIFTY27JAN2624600PE,0.1269354992458936
09-01-2026 14:35||NIFTY27JAN2625100PE,0.10547541560418863
09-01-2026 14:35||NIFTY27JAN2625200CE,0.12214159798244484
09-01-2026 14:35||NIFTY27JAN2625800CE,0.10070478076799444
09-01-2026 14:40||NIFTY27JAN2623800PE,0.1730839628066132
09-01-2026 14:40||NIFTY27JAN2625200CE,0.12391754590997527
09-01-2026 14:40||NIFTY27JAN2625600CE,0.10729296140148026
09-01-2026 14:40||NIFTY27JAN2625900CE,0.10030224197609555
09-01-2026 14:40||NIFTY27JAN2626100CE,0.09863138966005434
09-01-2026 14:40||NIFTY27JAN2626400CE,0.1002427394586497
09-01-2026 14:45||NIFTY27JAN2624500PE,0.13252958678058008
09-01-2026 14:45||NIFTY27JAN2624600PE,0.12710988745558244
09-01-2026 14:45||NIFTY27JAN2624900PE,0.1132847696489998
09-01-2026 14:45||NIFTY27JAN2625300CE,0.11450396030921048
09-01-2026 14:45||NIFTY27JAN2625600CE,0.10515297714473845
09-01-2026 14:45||NIFTY27JAN2625700CE,0.10259171537728297
09-01-2026 14:45||NIFTY27JAN2626300CE,0.09810316339029285
09-01-2026 14:50||NIFTY27JAN2623900PE,0.16894805078073596
09-01-2026 14:50||NIFTY27JAN2624100PE,0.15720040484757247
09-01-2026 14:50||NIFTY27JAN2625400CE,0.112126538683582
09-01-2026 14:50||NIFTY27JAN2626000CE,0.09777802343413927
09-01-2026 14:50||NIFTY27JAN2626300CE,0.09823813450326221
09-01-2026 14:55||NIFTY27JAN2623900PE,0.16806956215222268
09-01-2026 14:55||NIFTY27JAN2624000PE,0.16237825615445267
09-01-2026 14:55||NIFTY27JAN2624800PE,0.11753033912914287
09-01-2026 14:55||NIFTY27JAN2625600CE,0.10310366675407709
09-01-2026 14:55||NIFTY27JAN2625700CE,0.10067323132219128
09-01-2026 14:55||NIFTY27JAN2625900CE,0.09774423068529656
09-01-2026 14:55||NIFTY27JAN2626200CE,0.09638115121266441
09-01-2026 15:00||NIFTY27JAN2623900PE,0.16823982797311873
09-01-2026 15:00||NIFTY27JAN2624000PE,0.1624570031973937
09-01-2026 15:00||NIFTY27JAN2624300PE,0.1439675060145847
09-01-2026 15:00||NIFTY27JAN2625100PE,0.10479617417783024
09-01-2026 15:00||NIFTY27JAN2625400CE,0.11299545795106203
09-01-2026 15:00||NIFTY27JAN2625600CE,0.1064341620707957
09-01-2026 15:00||NIFTY27JAN2625700CE,0.103613617224817
09-01-2026 15:00||NIFTY27JAN2625800CE,0.10103984507490738
09-01-2026 15:00||NIFTY27JAN2626000CE,0.09762528184970125
09-01-2026 15:00||NIFTY27JAN2626500CE,0.10127815160230347
09-01-2026 15:05||NIFTY27JAN2624200PE,0.15014995291405353
09-01-2026 15:05||NIFTY27JAN2624300PE,0.14387764806420428
09-01-2026 15:05||NIFTY27JAN2624700PE,0.12129223845594034
09-01-2026 15:05||NIFTY27JAN2624900PE,0.11197667873643621
09-01-2026 15:05||NIFTY27JAN2625000PE,0.1078222215631432
09-01-2026 15:05||NIFTY27JAN2625100PE,0.10419807263799269
09-01-2026 15:05||NIFTY27JAN2625600CE,0.1063017564108669
09-01-2026 15:05||NIFTY27JAN2625700CE,0.10336149177652204
09-01-2026 15:05||NIFTY27JAN2626500CE,0.10079893476395786
09-01-2026 15:10||NIFTY27JAN2623800PE,0.17335690358701772
09-01-2026 15:10||NIFTY27JAN2624000PE,0.16194997506686154
09-01-2026 15:10||NIFTY27JAN2624200PE,0.15017324665076692
09-01-2026 15:10||NIFTY27JAN2624600PE,0.12714426472558976
09-01-2026 15:10||NIFTY27JAN2624800PE,0.11681186882453903
09-01-2026 15:10||NIFTY27JAN2625000PE,0.10739170590645886
09-01-2026 15:10||NIFTY27JAN2625100PE,0.10272278928783266
09-01-2026 15:10||NIFTY27JAN2625200CE,0.1184552294294085
09-01-2026 15:10||NIFTY27JAN2625700CE,0.1036411456014221
09-01-2026 15:10||NIFTY27JAN2626200CE,0.09738244065298228
09-01-2026 15:15||NIFTY27JAN2624200PE,0.15152839179504662
09-01-2026 15:15||NIFTY27JAN2624300PE,0.14521136756919883
09-01-2026 15:15||NIFTY27JAN2624500PE,0.13326669668766153
09-01-2026 15:15||NIFTY27JAN2624700PE,0.1233324556018113
09-01-2026 15:15||NIFTY27JAN2624800PE,0.11892671271074834
09-01-2026 15:15||NIFTY27JAN2624900PE,0.11460171463619612
09-01-2026 15:15||NIFTY27JAN2625000PE,0.11044844704069609
09-01-2026 15:15||NIFTY27JAN2625200CE,0.11477975146878858
09-01-2026 15:15||NIFTY27JAN2625900CE,0.09715341610726747
09-01-2026 15:15||NIFTY27JAN2626000CE,0.09634584296772139
09-01-2026 15:20||NIFTY27JAN2623800PE,0.17099930292282486
09-01-2026 15:20||NIFTY27JAN2624100PE,0.15880185263796137
09-01-2026 15:20||NIFTY27JAN2624400PE,0.14020097054955258
09-01-2026 15:20||NIFTY27JAN2624500PE,0.13449752938295906
09-01-2026 15:20||NIFTY27JAN2624700PE,0.12391453475447592
09-01-2026 15:20||NIFTY27JAN2625100PE,0.10707032867560011
09-01-2026 15:20||NIFTY27JAN2625200CE,0.12290161196428775
09-01-2026 15:20||NIFTY27JAN2625300CE,0.11738961020556321
09-01-2026 15:20||NIFTY27JAN2625600CE,0.10528159936719428
09-01-2026 15:20||NIFTY27JAN2625800CE,0.10086925296286425
09-01-2026 15:20||NIFTY27JAN2626100CE,0.09777436494703626
09-01-2026 15:25||NIFTY27JAN2623800PE,0.1720864224286204
09-01-2026 15:25||NIFTY27JAN2624100PE,0.15925026034023593
09-01-2026 15:25||NIFTY27JAN2624200PE,0.15339621634055361
09-01-2026 15:25||NIFTY27JAN2624300PE,0.14715977850166304
09-01-2026 15:25||NIFTY27JAN2624400PE,0.14081178461014376
09-01-2026 15:25||NIFTY27JAN2625500CE,0.11671662904590524
09-01-2026 15:25||NIFTY27JAN2626000CE,0.10275727415883215
09-01-2026 15:25||NIFTY27JAN2626100CE,0.10178741025309543
09-01-2026 15:25||NIFTY27JAN2626200CE,0.1010201627881637
09-01-2026 15:25||NIFTY27JAN2626400CE,0.10136997146857032
12-01-2026 09:15||NIFTY27JAN2624000PE,0.17665743217357516
12-01-2026 09:15||NIFTY27JAN2624200PE,0.16316457188300743
12-01-2026 09:15||NIFTY27JAN2624900PE,0.12507094933271984
12-01-2026 09:15||NIFTY27JAN2625200CE,0.11489461508244501
12-01-2026 09:15||NIFTY27JAN2626000CE,0.10308217467530092
12-01-2026 09:15||NIFTY27JAN2626100CE,0.1032341729971685
12-01-2026 09:20||NIFTY27JAN2624200PE,0.16313280809244785
12-01-2026 09:20||NIFTY27JAN2624600PE,0.1387087670019582
12-01-2026 09:20||NIFTY27JAN2624800PE,0.1283507073710033
12-01-2026 09:20||NIFTY27JAN2625000PE,0.11937059399408759
12-01-2026 09:20||NIFTY27JAN2625100PE,0.11534480976145078
12-01-2026 09:20||NIFTY27JAN2625200CE,0.12528562853819217
12-01-2026 09:20||NIFTY27JAN2625600CE,0.1147470411725166
12-01-2026 09:20||NIFTY27JAN2625700CE,0.11274869922929454
12-01-2026 09:20||NIFTY27JAN2625800CE,0.1107183356689318
12-01-2026 09:20||NIFTY27JAN2626200CE,0.10952341071668757
12-01-2026 09:25||NIFTY27JAN2624700PE,0.13266380227351146
12-01-2026 09:25||NIFTY27JAN2625800CE,0.11493876443918771
12-01-2026 09:25||NIFTY27JAN2626200CE,0.11353615042545508
12-01-2026 09:30||NIFTY27JAN2623900PE,0.1809978728130386
12-01-2026 09:30||NIFTY27JAN2624000PE,0.17483243819583832
12-01-2026 09:30||NIFTY27JAN2624300PE,0.15512625863165463
12-01-2026 09:30||NIFTY27JAN2624400PE,0.14890829118615295
12-01-2026 09:30||NIFTY27JAN2624500PE,0.14285818233568925
12-01-2026 09:30||NIFTY27JAN2625200CE,0.13943805007422314
12-01-2026 09:30||NIFTY27JAN2625600CE,0.12390725464790842
12-01-2026 09:30||NIFTY27JAN2625800CE,0.1179595097975519
12-01-2026 09:30||NIFTY27JAN2626000CE,0.1148840396044713
12-01-2026 09:35||NIFTY27JAN2623900PE,0.17949680174620514
12-01-2026 09:35||NIFTY27JAN2624500PE,0.1427441094548882
12-01-2026 09:35||NIFTY27JAN2624600PE,0.13728920196855923
12-01-2026 09:35||NIFTY27JAN2624700PE,0.13189431610099966
12-01-2026 09:35||NIFTY27JAN2625000PE,0.11700281595397849
12-01-2026 09:35||NIFTY27JAN2625700CE,0.11856571279554767
12-01-2026 09:35||NIFTY27JAN2625800CE,0.11637712731038202
12-01-2026 09:35||NIFTY27JAN2625900CE,0.11446187224088099
12-01-2026 09:35||NIFTY27JAN2626200CE,0.1133283539705277
12-01-2026 09:35||NIFTY27JAN2626500CE,0.11954940913949366
12-01-2026 09:40||NIFTY27JAN2623900PE,0.18047442964390784
12-01-2026 09:40||NIFTY27JAN2624600PE,0.13939110723076178
12-01-2026 09:40||NIFTY27JAN2624700PE,0.1339112795031479
12-01-2026 09:40||NIFTY27JAN2625200CE,0.13258772993490792
12-01-2026 09:40||NIFTY27JAN2625400CE,0.12415724317877672
12-01-2026 09:40||NIFTY27JAN2626300CE,0.1138529133852414
12-01-2026 09:45||NIFTY27JAN2623900PE,0.18083714858932873
12-01-2026 09:45||NIFTY27JAN2624100PE,0.16843975777286166
12-01-2026 09:45||NIFTY27JAN2624800PE,0.12593787437715215
12-01-2026 09:45||NIFTY27JAN2625000PE,0.11555179870554662
12-01-2026 09:45||NIFTY27JAN2625700CE,0.12389371617952985
12-01-2026 09:45||NIFTY27JAN2626400CE,0.11830819493736208
12-01-2026 09:45||NIFTY27JAN2626500CE,0.12106471340209896
12-01-2026 09:50||NIFTY27JAN2624000PE,0.17675972729010653
12-01-2026 09:50||NIFTY27JAN2624300PE,0.15763774625114846
12-01-2026 09:50||NIFTY27JAN2624400PE,0.1518282356414333
12-01-2026 09:50||NIFTY27JAN2625000PE,0.11925468379125448
12-01-2026 09:50||NIFTY27JAN2625400CE,0.1269724860888381
12-01-2026 09:50||NIFTY27JAN2625900CE,0.11248923008667575
12-01-2026 09:50||NIFTY27JAN2626000CE,0.11132955794803472
12-01-2026 09:55||NIFTY27JAN2623800PE,0.1887268756545929
12-01-2026 09:55||NIFTY27JAN2624900PE,0.12450547139569054
12-01-2026 09:55||NIFTY27JAN2625000PE,0.11910282596420207
12-01-2026 09:55||NIFTY27JAN2625100PE,0.11376416165533791
12-01-2026 09:55||NIFTY27JAN2625400CE,0.11680790326489036
12-01-2026 09:55||NIFTY27JAN2625700CE,0.10958359680136354
12-01-2026 09:55||NIFTY27JAN2625900CE,0.10736456671288905
12-01-2026 09:55||NIFTY27JAN2626200CE,0.10862169007542474
12-01-2026 09:55||NIFTY27JAN2626400CE,0.11313619295450503
12-01-2026 10:00||NIFTY27JAN2624200PE,0.16085795749878273
12-01-2026 10:00||NIFTY27JAN2624300PE,0.15447541424034023
12-01-2026 10:00||NIFTY27JAN2624800PE,0.12504194616715245
12-01-2026 10:00||NIFTY27JAN2624900PE,0.1198262186255953
12-01-2026 10:00||NIFTY27JAN2625200CE,0.14361230903409294
12-01-2026 10:00||NIFTY27JAN2625600CE,0.12477252439590314
12-01-2026 10:00||NIFTY27JAN2625700CE,0.12112750099422394
12-01-2026 10:00||NIFTY27JAN2626100CE,0.11447142949457711
12-01-2026 10:00||NIFTY27JAN2626200CE,0.11480191302163933
12-01-2026 10:05||NIFTY27JAN2623900PE,0.1827005640246553
12-01-2026 10:05||NIFTY27JAN2624300PE,0.15772203857982925
12-01-2026 10:05||NIFTY27JAN2624600PE,0.1401966393977642
12-01-2026 10:05||NIFTY27JAN2624700PE,0.1343862937543748
12-01-2026 10:05||NIFTY27JAN2624800PE,0.1286835143320279
12-01-2026 10:05||NIFTY27JAN2625100PE,0.11255429543524365
12-01-2026 10:05||NIFTY27JAN2625500CE,0.11947921114519722
12-01-2026 10:05||NIFTY27JAN2626100CE,0.10960166955139608
12-01-2026 10:10||NIFTY27JAN2624000PE,0.17491699975138478
12-01-2026 10:10||NIFTY27JAN2624100PE,0.1688569993571848
12-01-2026 10:10||NIFTY27JAN2624300PE,0.1566764459788528
12-01-2026 10:10||NIFTY27JAN2624900PE,0.12279064867565487
12-01-2026 10:10||NIFTY27JAN2625400CE,0.1235674643083379
12-01-2026 10:10||NIFTY27JAN2625600CE,0.1172183101611259
12-01-2026 10:10||NIFTY27JAN2625700CE,0.11441284982499367
12-01-2026 10:10||NIFTY27JAN2626300CE,0.11329718999230598
12-01-2026 10:10||NIFTY27JAN2626400CE,0.11568079256170405
12-01-2026 10:15||NIFTY27JAN2623800PE,0.18589358118599894
12-01-2026 10:15||NIFTY27JAN2624200PE,0.1610353955821663
12-01-2026 10:15||NIFTY27JAN2624500PE,0.14197799150490206
12-01-2026 10:15||NIFTY27JAN2624800PE,0.12447887643963967
12-01-2026 10:15||NIFTY27JAN2625000PE,0.1144419643505981
12-01-2026 10:15||NIFTY27JAN2625100PE,0.10991383624640208
12-01-2026 10:15||NIFTY27JAN2625500CE,0.1280202969300065
12-01-2026 10:15||NIFTY27JAN2626200CE,0.11286340381343968
12-01-2026 10:15||NIFTY27JAN2626400CE,0.1159217960076448
12-01-2026 10:15||NIFTY27JAN2626500CE,0.11866971420426851
12-01-2026 10:20||NIFTY27JAN2623800PE,0.1866567532459609
12-01-2026 10:20||NIFTY27JAN2624200PE,0.16357522687442072
12-01-2026 10:20||NIFTY27JAN2624800PE,0.1277050825765331
12-01-2026 10:20||NIFTY27JAN2624900PE,0.12260111208397745
12-01-2026 10:20||NIFTY27JAN2625200CE,0.1316364699112669
12-01-2026 10:20||NIFTY27JAN2626500CE,0.11642747039336482
12-01-2026 10:25||NIFTY27JAN2623800PE,0.1880467643292111
12-01-2026 10:25||NIFTY27JAN2624300PE,0.15651719476736847
12-01-2026 10:25||NIFTY27JAN2624400PE,0.15035492766222663
12-01-2026 10:25||NIFTY27JAN2624800PE,0.12662330424198823
12-01-2026 10:25||NIFTY27JAN2624900PE,0.12158188210234172
12-01-2026 10:25||NIFTY27JAN2625200CE,0.14353758163026847
12-01-2026 10:25||NIFTY27JAN2625800CE,0.11488936423356357
12-01-2026 10:25||NIFTY27JAN2625900CE,0.11395306410874155
12-01-2026 10:25||NIFTY27JAN2626000CE,0.11286462726112455
12-01-2026 10:25||NIFTY27JAN2626100CE,0.11173457739466865
12-01-2026 10:30||NIFTY27JAN2624200PE,0.16377395364995284
12-01-2026 10:30||NIFTY27JAN2624500PE,0.1451597463424275
12-01-2026 10:30||NIFTY27JAN2625200CE,0.12939725243211064
12-01-2026 10:30||NIFTY27JAN2625400CE,0.12078009866542405
12-01-2026 10:30||NIFTY27JAN2625800CE,0.10962627956730689
12-01-2026 10:30||NIFTY27JAN2626200CE,0.108393212164073
12-01-2026 10:35||NIFTY27JAN2624600PE,0.13786572605648778
12-01-2026 10:35||NIFTY27JAN2625400CE,0.12414335507755384
12-01-2026 10:35||NIFTY27JAN2625500CE,0.1204392674177681
12-01-2026 10:35||NIFTY27JAN2625700CE,0.11389877006666865
12-01-2026 10:35||NIFTY27JAN2626100CE,0.10921699638903432
12-01-2026 10:35||NIFTY27JAN2626400CE,0.11359734328512022
12-01-2026 10:40||NIFTY27JAN2623900PE,0.182711340637277
12-01-2026 10:40||NIFTY27JAN2624100PE,0.1699830701587891
12-01-2026 10:40||NIFTY27JAN2624500PE,0.1446407510165734
12-01-2026 10:40||NIFTY27JAN2625000PE,0.11614617439745215
12-01-2026 10:40||NIFTY27JAN2625100PE,0.11065571830358227
12-01-2026 10:40||NIFTY27JAN2625300CE,0.12980998482427553
12-01-2026 10:40||NIFTY27JAN2625400CE,0.12426368295037782
12-01-2026 10:40||NIFTY27JAN2625500CE,0.11923936151362123
12-01-2026 10:40||NIFTY27JAN2626400CE,0.1128695515729762
12-01-2026 10:45||NIFTY27JAN2624400PE,0.1491420709418753
12-01-2026 10:45||NIFTY27JAN2624600PE,0.1369081410621438
12-01-2026 10:45||NIFTY27JAN2625000PE,0.11550086750487756
12-01-2026 10:45||NIFTY27JAN2625900CE,0.11193468735731171
12-01-2026 10:45||NIFTY27JAN2626000CE,0.11073371639523887
12-01-2026 10:45||NIFTY27JAN2626200CE,0.11134416992334858
12-01-2026 10:45||NIFTY27JAN2626300CE,0.11318038700766396
12-01-2026 10:45||NIFTY27JAN2626400CE,0.11562160332862853
12-01-2026 10:50||NIFTY27JAN2623900PE,0.1827490512327306
12-01-2026 10:50||NIFTY27JAN2624000PE,0.17674948564030907
12-01-2026 10:50||NIFTY27JAN2624500PE,0.1453175610650113
12-01-2026 10:50||NIFTY27JAN2624900PE,0.12358589024014768
12-01-2026 10:50||NIFTY27JAN2625100PE,0.11370168603421472
12-01-2026 10:50||NIFTY27JAN2625500CE,0.1123158605914478
12-01-2026 10:50||NIFTY27JAN2625600CE,0.11052414349236961
12-01-2026 10:50||NIFTY27JAN2625800CE,0.10675345900095382
12-01-2026 10:50||NIFTY27JAN2626200CE,0.10639473104084113
12-01-2026 10:50||NIFTY27JAN2626400CE,0.11115109960250716
12-01-2026 10:55||NIFTY27JAN2624000PE,0.17519104761231358
12-01-2026 10:55||NIFTY27JAN2624300PE,0.15631978985588418
12-01-2026 10:55||NIFTY27JAN2624400PE,0.15012753725076244
12-01-2026 10:55||NIFTY27JAN2624900PE,0.12209943064632561
12-01-2026 10:55||NIFTY27JAN2625100PE,0.1130133114565062
12-01-2026 10:55||NIFTY27JAN2625500CE,0.11727014570617254
12-01-2026 10:55||NIFTY27JAN2626200CE,0.10886532762533707
12-01-2026 10:55||NIFTY27JAN2626300CE,0.11105559005679852
12-01-2026 10:55||NIFTY27JAN2626400CE,0.11373324052589659
12-01-2026 11:00||NIFTY27JAN2623800PE,0.18696855475594015
12-01-2026 11:00||NIFTY27JAN2624000PE,0.17436365731719122
12-01-2026 11:00||NIFTY27JAN2624500PE,0.1424657728567636
12-01-2026 11:00||NIFTY27JAN2624800PE,0.12622478478791882
12-01-2026 11:00||NIFTY27JAN2624900PE,0.12215632106695147
12-01-2026 11:00||NIFTY27JAN2625000PE,0.11872546035198767
12-01-2026 11:00||NIFTY27JAN2625100PE,0.11592738950722035
12-01-2026 11:00||NIFTY27JAN2625200CE,0.1324152525175702
12-01-2026 11:00||NIFTY27JAN2625300CE,0.1276410076147903
12-01-2026 11:00||NIFTY27JAN2625400CE,0.12326298787977173
12-01-2026 11:00||NIFTY27JAN2625600CE,0.11611892461925354
12-01-2026 11:00||NIFTY27JAN2626000CE,0.10914069188361791
12-01-2026 11:00||NIFTY27JAN2626300CE,0.11211509156794115
12-01-2026 11:05||NIFTY27JAN2624100PE,0.16718902167743135
12-01-2026 11:05||NIFTY27JAN2624700PE,0.13035826612501233
12-01-2026 11:05||NIFTY27JAN2625200CE,0.1322507287255229
12-01-2026 11:05||NIFTY27JAN2625500CE,0.12062287359720497
12-01-2026 11:05||NIFTY27JAN2625600CE,0.1175952630626383
12-01-2026 11:05||NIFTY27JAN2625700CE,0.11472328267531243
12-01-2026 11:05||NIFTY27JAN2626300CE,0.11287813085023707
12-01-2026 11:10||NIFTY27JAN2623800PE,0.18600693751514719
12-01-2026 11:10||NIFTY27JAN2624400PE,0.14901384830310246
12-01-2026 11:10||NIFTY27JAN2624500PE,0.14288880683853694
12-01-2026 11:10||NIFTY27JAN2625200CE,0.12711166027097817
12-01-2026 11:10||NIFTY27JAN2625400CE,0.1198727141602898
12-01-2026 11:10||NIFTY27JAN2625800CE,0.10938224575606799
12-01-2026 11:10||NIFTY27JAN2626000CE,0.10773334732165185
12-01-2026 11:15||NIFTY27JAN2624600PE,0.1361064992047464
12-01-2026 11:15||NIFTY27JAN2625100PE,0.11209586090033052
12-01-2026 11:15||NIFTY27JAN2625400CE,0.11891996403865747
12-01-2026 11:15||NIFTY27JAN2625700CE,0.11169474179086669
12-01-2026 11:15||NIFTY27JAN2625800CE,0.10997409028189123
12-01-2026 11:15||NIFTY27JAN2626100CE,0.10897055386744733
12-01-2026 11:15||NIFTY27JAN2626500CE,0.11845054578886084
12-01-2026 11:20||NIFTY27JAN2624800PE,0.1240363726304923
12-01-2026 11:20||NIFTY27JAN2626000CE,0.11029855165159283
12-01-2026 11:20||NIFTY27JAN2626400CE,0.11666206185433628
12-01-2026 11:25||NIFTY27JAN2623800PE,0.181432344802364
12-01-2026 11:25||NIFTY27JAN2624100PE,0.1644482123599947
12-01-2026 11:25||NIFTY27JAN2624200PE,0.15816134995885311
12-01-2026 11:25||NIFTY27JAN2624300PE,0.15182838067512922
12-01-2026 11:25||NIFTY27JAN2624700PE,0.1286814107550301
12-01-2026 11:25||NIFTY27JAN2625400CE,0.12107132098378143
12-01-2026 11:25||NIFTY27JAN2626100CE,0.11085145847554975
12-01-2026 11:30||NIFTY27JAN2623900PE,0.1761735989313229
12-01-2026 11:30||NIFTY27JAN2624000PE,0.17038360754328652
12-01-2026 11:30||NIFTY27JAN2624800PE,0.12581389912967206
12-01-2026 11:30||NIFTY27JAN2625100PE,0.1133694734007449
12-01-2026 11:35||NIFTY27JAN2624200PE,0.15713227154303938
12-01-2026 11:35||NIFTY27JAN2624400PE,0.1452790317859571
12-01-2026 11:35||NIFTY27JAN2624700PE,0.12848866346253526
12-01-2026 11:35||NIFTY27JAN2624900PE,0.11938211674738772
12-01-2026 11:35||NIFTY27JAN2625300CE,0.12409021255729914
12-01-2026 11:35||NIFTY27JAN2625600CE,0.11576605451718966
12-01-2026 11:35||NIFTY27JAN2625800CE,0.11206888973165517
12-01-2026 11:35||NIFTY27JAN2626000CE,0.11123899679752876
12-01-2026 11:40||NIFTY27JAN2624300PE,0.15193912963399941
12-01-2026 11:40||NIFTY27JAN2624400PE,0.14608582952451207
12-01-2026 11:40||NIFTY27JAN2625000PE,0.11581768127642145
12-01-2026 11:40||NIFTY27JAN2625200CE,0.12471127453530106
12-01-2026 11:40||NIFTY27JAN2625300CE,0.12250925327305806
12-01-2026 11:40||NIFTY27JAN2625500CE,0.11809419650313813
12-01-2026 11:45||NIFTY27JAN2624400PE,0.1437187845428337
12-01-2026 11:45||NIFTY27JAN2624800PE,0.12162537707032452
12-01-2026 11:45||NIFTY27JAN2625100PE,0.10922512282067401
12-01-2026 11:45||NIFTY27JAN2625600CE,0.1203981468787063
12-01-2026 11:50||NIFTY27JAN2624700PE,0.12839390300757975
12-01-2026 11:50||NIFTY27JAN2625200CE,0.1288177908842385
12-01-2026 11:50||NIFTY27JAN2625600CE,0.11602967939047412
12-01-2026 11:50||NIFTY27JAN2625800CE,0.11272899720775631
12-01-2026 11:50||NIFTY27JAN2625900CE,0.11178547867700964
12-01-2026 11:50||NIFTY27JAN2626100CE,0.11189719895425146
12-01-2026 11:55||NIFTY27JAN2623800PE,0.18138546284002652
12-01-2026 11:55||NIFTY27JAN2624000PE,0.16962767617477947
12-01-2026 11:55||NIFTY27JAN2624300PE,0.15107697010425292
12-01-2026 11:55||NIFTY27JAN2624900PE,0.11873330530224181
12-01-2026 11:55||NIFTY27JAN2625100PE,0.11119066879241524
12-01-2026 11:55||NIFTY27JAN2625500CE,0.11890754622233449
12-01-2026 11:55||NIFTY27JAN2625700CE,0.11511259153997325
12-01-2026 11:55||NIFTY27JAN2625800CE,0.11406618975309107
12-01-2026 11:55||NIFTY27JAN2625900CE,0.11298084169820405
12-01-2026 11:55||NIFTY27JAN2626000CE,0.11185025658791609
12-01-2026 11:55||NIFTY27JAN2626500CE,0.12152535279030331
12-01-2026 12:00||NIFTY27JAN2624100PE,0.16341785670112097
12-01-2026 12:00||NIFTY27JAN2624900PE,0.11881301489183363
12-01-2026 12:00||NIFTY27JAN2625100PE,0.1118134208006958
12-01-2026 12:00||NIFTY27JAN2625200CE,0.1248064843348976
12-01-2026 12:00||NIFTY27JAN2625300CE,0.12263355523997976
12-01-2026 12:00||NIFTY27JAN2625900CE,0.11070933062506513
12-01-2026 12:05||NIFTY27JAN2623900PE,0.17580372661855348
12-01-2026 12:05||NIFTY27JAN2624000PE,0.16953596682155408
12-01-2026 12:05||NIFTY27JAN2624300PE,0.1502464281592889
12-01-2026 12:05||NIFTY27JAN2624600PE,0.13242803686086668
12-01-2026 12:05||NIFTY27JAN2624900PE,0.11769317420313972
12-01-2026 12:05||NIFTY27JAN2625500CE,0.11977460641070985
12-01-2026 12:05||NIFTY27JAN2625600CE,0.11699754500947818
12-01-2026 12:05||NIFTY27JAN2625800CE,0.11246699639026761
12-01-2026 12:05||NIFTY27JAN2626000CE,0.11109869961262858
12-01-2026 12:10||NIFTY27JAN2623800PE,0.18537224656930343
12-01-2026 12:10||NIFTY27JAN2623900PE,0.1779565936787363
12-01-2026 12:10||NIFTY27JAN2624200PE,0.15652333170887833
12-01-2026 12:10||NIFTY27JAN2624500PE,0.13657827069612077
12-01-2026 12:10||NIFTY27JAN2624700PE,0.12464401840113987
12-01-2026 12:10||NIFTY27JAN2624800PE,0.11902354915824967
12-01-2026 12:10||NIFTY27JAN2625000PE,0.10885823286482671
12-01-2026 12:10||NIFTY27JAN2625800CE,0.12059436853424436
12-01-2026 12:10||NIFTY27JAN2626300CE,0.11716847960261156
12-01-2026 12:15||NIFTY27JAN2624100PE,0.16561535133400218
12-01-2026 12:15||NIFTY27JAN2624600PE,0.13362021386705983
12-01-2026 12:15||NIFTY27JAN2625100PE,0.10904784605878129
12-01-2026 12:15||NIFTY27JAN2625900CE,0.11469669588103801
12-01-2026 12:15||NIFTY27JAN2626200CE,0.11326350659804063
12-01-2026 12:20||NIFTY27JAN2624400PE,0.14900223899751308
12-01-2026 12:20||NIFTY27JAN2624500PE,0.14263472848193487
12-01-2026 12:20||NIFTY27JAN2624700PE,0.13065071282380308
12-01-2026 12:20||NIFTY27JAN2625100PE,0.11004969402507432
12-01-2026 12:20||NIFTY27JAN2625300CE,0.14465432138249298
12-01-2026 12:20||NIFTY27JAN2625500CE,0.13333515235383075
12-01-2026 12:20||NIFTY27JAN2625800CE,0.1211265635557678
12-01-2026 12:20||NIFTY27JAN2626400CE,0.11734874558417728
12-01-2026 12:25||NIFTY27JAN2623800PE,0.19031972700499294
12-01-2026 12:25||NIFTY27JAN2624800PE,0.12952491795102045
12-01-2026 12:25||NIFTY27JAN2625200CE,0.13513415591019348
12-01-2026 12:25||NIFTY27JAN2625300CE,0.1317613070433404
12-01-2026 12:25||NIFTY27JAN2626300CE,0.11237686382587478
12-01-2026 12:30||NIFTY27JAN2623800PE,0.18651579511541153
12-01-2026 12:30||NIFTY27JAN2624500PE,0.14709621995291006
12-01-2026 12:30||NIFTY27JAN2624800PE,0.13013812639535224
12-01-2026 12:30||NIFTY27JAN2624900PE,0.12524972844235632
12-01-2026 12:30||NIFTY27JAN2625200CE,0.14857017538800124
12-01-2026 12:30||NIFTY27JAN2625500CE,0.13416555131764646
12-01-2026 12:30||NIFTY27JAN2625700CE,0.12547677395827084
12-01-2026 12:30||NIFTY27JAN2626000CE,0.11781185543193806
12-01-2026 12:30||NIFTY27JAN2626500CE,0.11866364291426071
12-01-2026 12:35||NIFTY27JAN2623800PE,0.19089710780507468
12-01-2026 12:35||NIFTY27JAN2624300PE,0.16232333828146445
12-01-2026 12:35||NIFTY27JAN2624600PE,0.14467798585468422
12-01-2026 12:35||NIFTY27JAN2624900PE,0.12930149638366242
12-01-2026 12:35||NIFTY27JAN2625100PE,0.11927777794495166
12-01-2026 12:35||NIFTY27JAN2625400CE,0.12276122723818886
12-01-2026 12:35||NIFTY27JAN2626000CE,0.11064414292398478
12-01-2026 12:35||NIFTY27JAN2626300CE,0.11115468371605844
12-01-2026 12:35||NIFTY27JAN2626500CE,0.11410749435224532
12-01-2026 12:40||NIFTY27JAN2623900PE,0.18319778043751572
12-01-2026 12:40||NIFTY27JAN2624300PE,0.15905954760985075
12-01-2026 12:40||NIFTY27JAN2624400PE,0.15269540396479875
12-01-2026 12:40||NIFTY27JAN2624500PE,0.14642727968477393
12-01-2026 12:40||NIFTY27JAN2624700PE,0.134886649729687
12-01-2026 12:40||NIFTY27JAN2625000PE,0.11893205748654315
12-01-2026 12:40||NIFTY27JAN2625300CE,0.14924771046311625
12-01-2026 12:40||NIFTY27JAN2625500CE,0.13823352181379572
12-01-2026 12:40||NIFTY27JAN2626000CE,0.12017931914699924
12-01-2026 12:40||NIFTY27JAN2626200CE,0.11814824268765563
12-01-2026 12:45||NIFTY27JAN2624300PE,0.1647303734853674
12-01-2026 12:45||NIFTY27JAN2624500PE,0.15217349755942527
12-01-2026 12:45||NIFTY27JAN2624800PE,0.13518478021326502
12-01-2026 12:45||NIFTY27JAN2625000PE,0.12571308491010114
12-01-2026 12:45||NIFTY27JAN2625300CE,0.12900233837017916
12-01-2026 12:45||NIFTY27JAN2625700CE,0.11436143037939114
12-01-2026 12:45||NIFTY27JAN2625800CE,0.11208488929305127
12-01-2026 12:45||NIFTY27JAN2626000CE,0.10969247855784195
12-01-2026 12:45||NIFTY27JAN2626200CE,0.10941197812891851
12-01-2026 12:45||NIFTY27JAN2626400CE,0.11103311291230153
12-01-2026 12:45||NIFTY27JAN2626500CE,0.11263806868799231
12-01-2026 12:50||NIFTY27JAN2624500PE,0.1510698461604736
12-01-2026 12:50||NIFTY27JAN2624800PE,0.13425710245048988
12-01-2026 12:50||NIFTY27JAN2625300CE,0.13743328708070732
12-01-2026 12:50||NIFTY27JAN2625500CE,0.12909876023211397
12-01-2026 12:50||NIFTY27JAN2625800CE,0.11927844754713025
12-01-2026 12:55||NIFTY27JAN2624500PE,0.1510676754275992
12-01-2026 12:55||NIFTY27JAN2624600PE,0.14540504418754074
12-01-2026 12:55||NIFTY27JAN2624700PE,0.1397669761709608
12-01-2026 12:55||NIFTY27JAN2625000PE,0.12400600317407287
12-01-2026 12:55||NIFTY27JAN2625300CE,0.13589953532912435
12-01-2026 12:55||NIFTY27JAN2625400CE,0.12968364558779932
12-01-2026 12:55||NIFTY27JAN2625900CE,0.11329868072901919
12-01-2026 12:55||NIFTY27JAN2626100CE,0.1120554519285983
12-01-2026 12:55||NIFTY27JAN2626200CE,0.11188357880628204
12-01-2026 13:00||NIFTY27JAN2624200PE,0.16759774984500453
12-01-2026 13:00||NIFTY27JAN2624500PE,0.14971313229320382
12-01-2026 13:00||NIFTY27JAN2624600PE,0.143651027767687
12-01-2026 13:00||NIFTY27JAN2625500CE,0.1277340136772752
12-01-2026 13:00||NIFTY27JAN2625700CE,0.12149131978180779
12-01-2026 13:00||NIFTY27JAN2626000CE,0.11541507510822185
12-01-2026 13:00||NIFTY27JAN2626100CE,0.11506712332500085
12-01-2026 13:00||NIFTY27JAN2626200CE,0.11463465861002697
12-01-2026 13:00||NIFTY27JAN2626300CE,0.11426413308920941
12-01-2026 13:00||NIFTY27JAN2626500CE,0.11518937248297464
12-01-2026 13:05||NIFTY27JAN2623900PE,0.1860846477885265
12-01-2026 13:05||NIFTY27JAN2624200PE,0.16823205368996552
12-01-2026 13:05||NIFTY27JAN2624500PE,0.14956796138445216
12-01-2026 13:05||NIFTY27JAN2624700PE,0.13808604000097469
12-01-2026 13:05||NIFTY27JAN2624900PE,0.12803517339310777
12-01-2026 13:05||NIFTY27JAN2625300CE,0.14078208459346825
12-01-2026 13:05||NIFTY27JAN2625500CE,0.13097856818990095
12-01-2026 13:05||NIFTY27JAN2626000CE,0.11600102128027073
12-01-2026 13:05||NIFTY27JAN2626200CE,0.11444008801568334
12-01-2026 13:05||NIFTY27JAN2626400CE,0.11497034477743864
12-01-2026 13:10||NIFTY27JAN2624300PE,0.16204309896521157
12-01-2026 13:10||NIFTY27JAN2624700PE,0.13835597740586308
12-01-2026 13:10||NIFTY27JAN2624800PE,0.13318277861155364
12-01-2026 13:10||NIFTY27JAN2626200CE,0.11182082337250271
12-01-2026 13:10||NIFTY27JAN2626400CE,0.11285709406537932
12-01-2026 13:15||NIFTY27JAN2623800PE,0.18854751523873062
12-01-2026 13:15||NIFTY27JAN2624500PE,0.15145057525313826
12-01-2026 13:15||NIFTY27JAN2624700PE,0.14025568904208147
12-01-2026 13:15||NIFTY27JAN2624800PE,0.1350689176086739
12-01-2026 13:15||NIFTY27JAN2625100PE,0.12314477997342699
12-01-2026 13:15||NIFTY27JAN2625300CE,0.12399845397403603
12-01-2026 13:15||NIFTY27JAN2625500CE,0.11683065733853187
12-01-2026 13:15||NIFTY27JAN2625800CE,0.11007264373795644
12-01-2026 13:15||NIFTY27JAN2625900CE,0.10851235297897571
12-01-2026 13:15||NIFTY27JAN2626100CE,0.10732684500440272
12-01-2026 13:15||NIFTY27JAN2626300CE,0.10820541892468101
12-01-2026 13:15||NIFTY27JAN2626400CE,0.10944085157564828
12-01-2026 13:20||NIFTY27JAN2623900PE,0.18410474811490263
12-01-2026 13:20||NIFTY27JAN2624200PE,0.16723315627524077
12-01-2026 13:20||NIFTY27JAN2624300PE,0.16155214654843986
12-01-2026 13:20||NIFTY27JAN2624400PE,0.1558075737801037
12-01-2026 13:20||NIFTY27JAN2625000PE,0.12232753111420601
12-01-2026 13:20||NIFTY27JAN2625200CE,0.14066527327474687
12-01-2026 13:20||NIFTY27JAN2625500CE,0.12645477830144874
12-01-2026 13:20||NIFTY27JAN2625700CE,0.11994652698860842
12-01-2026 13:20||NIFTY27JAN2625800CE,0.11721925271371933
12-01-2026 13:20||NIFTY27JAN2626200CE,0.11153889495037586
12-01-2026 13:20||NIFTY27JAN2626500CE,0.1159823113848217
12-01-2026 13:25||NIFTY27JAN2624300PE,0.16228226589133657
12-01-2026 13:25||NIFTY27JAN2624500PE,0.1508454891422515
12-01-2026 13:25||NIFTY27JAN2624600PE,0.14520268748683623
12-01-2026 13:25||NIFTY27JAN2624800PE,0.13474552044540897
12-01-2026 13:25||NIFTY27JAN2625500CE,0.11680608452489896
12-01-2026 13:25||NIFTY27JAN2625800CE,0.11012954323733785
12-01-2026 13:25||NIFTY27JAN2626000CE,0.10794801782727395
12-01-2026 13:25||NIFTY27JAN2626400CE,0.1094086526679054
12-01-2026 13:25||NIFTY27JAN2626500CE,0.11107441556838185
12-01-2026 13:30||NIFTY27JAN2623900PE,0.1836306706037211
12-01-2026 13:30||NIFTY27JAN2624400PE,0.1544777532707292
12-01-2026 13:30||NIFTY27JAN2624600PE,0.14287735546278124
12-01-2026 13:30||NIFTY27JAN2624700PE,0.13730690125228046
12-01-2026 13:30||NIFTY27JAN2624800PE,0.1317561000576969
12-01-2026 13:30||NIFTY27JAN2624900PE,0.12626823422260325
12-01-2026 13:30||NIFTY27JAN2625100PE,0.11564352792823726
12-01-2026 13:30||NIFTY27JAN2625300CE,0.1534023707123549
12-01-2026 13:30||NIFTY27JAN2625400CE,0.14683239388348715
12-01-2026 13:30||NIFTY27JAN2625500CE,0.14059170313761926
12-01-2026 13:30||NIFTY27JAN2625600CE,0.1343926056946499
12-01-2026 13:30||NIFTY27JAN2625700CE,0.12783044071421668
12-01-2026 13:30||NIFTY27JAN2626200CE,0.1153312321079008
12-01-2026 13:30||NIFTY27JAN2626400CE,0.11544992367666598
12-01-2026 13:30||NIFTY27JAN2626500CE,0.11655467237445757
12-01-2026 13:35||NIFTY27JAN2623800PE,0.1940103382725399
12-01-2026 13:35||NIFTY27JAN2623900PE,0.18777674290607396
12-01-2026 13:35||NIFTY27JAN2624000PE,0.18161785317937362
12-01-2026 13:35||NIFTY27JAN2624700PE,0.14041306101558101
12-01-2026 13:35||NIFTY27JAN2624900PE,0.12982133001522722
12-01-2026 13:35||NIFTY27JAN2625500CE,0.12043304649190853
12-01-2026 13:35||NIFTY27JAN2625600CE,0.11815144689046767
12-01-2026 13:35||NIFTY27JAN2625800CE,0.11386571820916941
12-01-2026 13:35||NIFTY27JAN2625900CE,0.11183933917172763
12-01-2026 13:40||NIFTY27JAN2623900PE,0.18633065955563405
12-01-2026 13:40||NIFTY27JAN2624000PE,0.18073529768661473
12-01-2026 13:40||NIFTY27JAN2624100PE,0.1750650537027451
12-01-2026 13:40||NIFTY27JAN2624400PE,0.157783473484163
12-01-2026 13:40||NIFTY27JAN2624800PE,0.1347132151027156
12-01-2026 13:40||NIFTY27JAN2624900PE,0.12967812893807468
12-01-2026 13:40||NIFTY27JAN2625100PE,0.11977051787588329
12-01-2026 13:40||NIFTY27JAN2625200CE,0.14241812446395807
12-01-2026 13:40||NIFTY27JAN2625400CE,0.12592806685432623
12-01-2026 13:40||NIFTY27JAN2626000CE,0.10900268569810553
12-01-2026 13:40||NIFTY27JAN2626100CE,0.1087144886355517
12-01-2026 13:40||NIFTY27JAN2626200CE,0.10846820341430743
12-01-2026 13:45||NIFTY27JAN2623800PE,0.1933073967349721
12-01-2026 13:45||NIFTY27JAN2623900PE,0.18728447448208355
12-01-2026 13:45||NIFTY27JAN2624600PE,0.14550882273685065
12-01-2026 13:45||NIFTY27JAN2624700PE,0.13986447555475107
12-01-2026 13:45||NIFTY27JAN2624800PE,0.13425489058089282
12-01-2026 13:45||NIFTY27JAN2625000PE,0.12307186683793246
12-01-2026 13:45||NIFTY27JAN2625100PE,0.11744902904940152
12-01-2026 13:45||NIFTY27JAN2625200CE,0.1375370268039322
12-01-2026 13:45||NIFTY27JAN2625600CE,0.11961608829052664
12-01-2026 13:45||NIFTY27JAN2626100CE,0.10859023440507257
12-01-2026 13:50||NIFTY27JAN2624200PE,0.16960622601566588
12-01-2026 13:50||NIFTY27JAN2624900PE,0.12878568323856904
12-01-2026 13:50||NIFTY27JAN2625200CE,0.1417532847765405
12-01-2026 13:50||NIFTY27JAN2625300CE,0.1359959121716623
12-01-2026 13:50||NIFTY27JAN2625400CE,0.1306724157597874
12-01-2026 13:50||NIFTY27JAN2625900CE,0.11264554826501733
12-01-2026 13:50||NIFTY27JAN2626000CE,0.11111086528073881
12-01-2026 13:50||NIFTY27JAN2626200CE,0.1096388722513705
12-01-2026 13:55||NIFTY27JAN2623800PE,0.19492756393683827
12-01-2026 13:55||NIFTY27JAN2624000PE,0.18272375422994747
12-01-2026 13:55||NIFTY27JAN2624100PE,0.1766311237548037
12-01-2026 13:55||NIFTY27JAN2624200PE,0.1705657432020446
12-01-2026 13:55||NIFTY27JAN2624700PE,0.14040550732184223
12-01-2026 13:55||NIFTY27JAN2624900PE,0.12999998137593088
12-01-2026 13:55||NIFTY27JAN2626100CE,0.10843386148456488
12-01-2026 13:55||NIFTY27JAN2626400CE,0.10903164370365839
12-01-2026 14:00||NIFTY27JAN2624000PE,0.18199194657677759
12-01-2026 14:00||NIFTY27JAN2624400PE,0.1581535710595633
12-01-2026 14:00||NIFTY27JAN2624500PE,0.15226931907929397
12-01-2026 14:00||NIFTY27JAN2624600PE,0.14644367101492334
12-01-2026 14:00||NIFTY27JAN2624700PE,0.14065163758344185
12-01-2026 14:00||NIFTY27JAN2625000PE,0.12441424286609959
12-01-2026 14:00||NIFTY27JAN2625400CE,0.12268660774592957
12-01-2026 14:00||NIFTY27JAN2625600CE,0.1171629760015266
12-01-2026 14:00||NIFTY27JAN2625700CE,0.11386957759337253
12-01-2026 14:00||NIFTY27JAN2626200CE,0.10794012137421327
12-01-2026 14:00||NIFTY27JAN2626300CE,0.10855156535485849
12-01-2026 14:00||NIFTY27JAN2626400CE,0.10943259620768608
12-01-2026 14:05||NIFTY27JAN2624100PE,0.1757924814822637
12-01-2026 14:05||NIFTY27JAN2624400PE,0.15715186860847186
12-01-2026 14:05||NIFTY27JAN2624600PE,0.1453507389154376
12-01-2026 14:05||NIFTY27JAN2624700PE,0.13946151808378798
12-01-2026 14:05||NIFTY27JAN2624800PE,0.13365242606077765
12-01-2026 14:05||NIFTY27JAN2625800CE,0.11605598086845645
12-01-2026 14:05||NIFTY27JAN2626000CE,0.11199490062034556
12-01-2026 14:05||NIFTY27JAN2626100CE,0.11061601291548535
12-01-2026 14:05||NIFTY27JAN2626200CE,0.10947991454950902
12-01-2026 14:05||NIFTY27JAN2626400CE,0.1100559753207018
12-01-2026 14:05||NIFTY27JAN2626500CE,0.11176075653262035
12-01-2026 14:10||NIFTY27JAN2624100PE,0.17687137361533312
12-01-2026 14:10||NIFTY27JAN2624600PE,0.14629030239382818
12-01-2026 14:10||NIFTY27JAN2624800PE,0.13485050699864584
12-01-2026 14:10||NIFTY27JAN2625000PE,0.12439109666418813
12-01-2026 14:10||NIFTY27JAN2625200CE,0.136210161000339
12-01-2026 14:10||NIFTY27JAN2625500CE,0.1174018571506211
12-01-2026 14:10||NIFTY27JAN2626300CE,0.1064589610059368
12-01-2026 14:10||NIFTY27JAN2626400CE,0.10779614480694288
12-01-2026 14:15||NIFTY27JAN2623800PE,0.19217701232680542
12-01-2026 14:15||NIFTY27JAN2624100PE,0.17548005572015857
12-01-2026 14:15||NIFTY27JAN2624200PE,0.1692804037800012
12-01-2026 14:15||NIFTY27JAN2624400PE,0.15702471472426877
12-01-2026 14:15||NIFTY27JAN2624900PE,0.12858098243126093
12-01-2026 14:15||NIFTY27JAN2625800CE,0.11289523945539862
12-01-2026 14:20||NIFTY27JAN2624100PE,0.17538285819101318
12-01-2026 14:20||NIFTY27JAN2624400PE,0.15610941264085587
12-01-2026 14:20||NIFTY27JAN2624500PE,0.14972790598418972
12-01-2026 14:20||NIFTY27JAN2624600PE,0.14353980298007926
12-01-2026 14:20||NIFTY27JAN2625000PE,0.12117374476025614
12-01-2026 14:20||NIFTY27JAN2625200CE,0.1507790369770772
12-01-2026 14:20||NIFTY27JAN2625700CE,0.12367977264319896
12-01-2026 14:20||NIFTY27JAN2626200CE,0.11196758374017227
12-01-2026 14:20||NIFTY27JAN2626500CE,0.11283564007783126
12-01-2026 14:25||NIFTY27JAN2623800PE,0.1939982690207206
12-01-2026 14:25||NIFTY27JAN2623900PE,0.18841295024967744
12-01-2026 14:25||NIFTY27JAN2624200PE,0.17095542365784744
12-01-2026 14:25||NIFTY27JAN2624400PE,0.15863829606687962
12-01-2026 14:25||NIFTY27JAN2624500PE,0.15249243663357592
12-01-2026 14:25||NIFTY27JAN2624600PE,0.1464137751563428
12-01-2026 14:25||NIFTY27JAN2625200CE,0.13733217171057982
12-01-2026 14:25||NIFTY27JAN2626300CE,0.1065900327631383
12-01-2026 14:25||NIFTY27JAN2626500CE,0.10892797628177286
12-01-2026 14:30||NIFTY27JAN2623900PE,0.18805681945225405
12-01-2026 14:30||NIFTY27JAN2624200PE,0.1709668557890862
12-01-2026 14:30||NIFTY27JAN2624600PE,0.14666638040434404
12-01-2026 14:30||NIFTY27JAN2625200CE,0.12314838713284054
12-01-2026 14:30||NIFTY27JAN2625700CE,0.10923442637891372
12-01-2026 14:30||NIFTY27JAN2626200CE,0.10506697582887997
12-01-2026 14:35||NIFTY27JAN2623900PE,0.18548079085401148
12-01-2026 14:35||NIFTY27JAN2624000PE,0.17986897521551676
12-01-2026 14:35||NIFTY27JAN2624500PE,0.14905912362230345
12-01-2026 14:35||NIFTY27JAN2625100PE,0.1162246396682162
12-01-2026 14:35||NIFTY27JAN2625900CE,0.11734462521474817
12-01-2026 14:35||NIFTY27JAN2626000CE,0.11501068732905068
12-01-2026 14:35||NIFTY27JAN2626100CE,0.11301832960750158
12-01-2026 14:35||NIFTY27JAN2626400CE,0.11166343914186835
12-01-2026 14:35||NIFTY27JAN2626500CE,0.11279035585175762
12-01-2026 14:40||NIFTY27JAN2623800PE,0.1930234605237907
12-01-2026 14:40||NIFTY27JAN2624100PE,0.1763200356761922
12-01-2026 14:40||NIFTY27JAN2624300PE,0.16401503463170414
12-01-2026 14:40||NIFTY27JAN2624500PE,0.15204937017283898
12-01-2026 14:40||NIFTY27JAN2624600PE,0.14622573523316673
12-01-2026 14:40||NIFTY27JAN2624700PE,0.1404278010701274
12-01-2026 14:40||NIFTY27JAN2625100PE,0.11932202107270226
12-01-2026 14:40||NIFTY27JAN2625300CE,0.13392896925526193
12-01-2026 14:40||NIFTY27JAN2625600CE,0.11996929386660529
12-01-2026 14:40||NIFTY27JAN2625700CE,0.1165297718567827
12-01-2026 14:40||NIFTY27JAN2626400CE,0.10922673947540927
12-01-2026 14:45||NIFTY27JAN2624000PE,0.18249902757443165
12-01-2026 14:45||NIFTY27JAN2624600PE,0.14676799402269725
12-01-2026 14:45||NIFTY27JAN2625000PE,0.12476565441035325
12-01-2026 14:45||NIFTY27JAN2625300CE,0.12687102698941494
12-01-2026 14:45||NIFTY27JAN2625500CE,0.11875138098922247
12-01-2026 14:45||NIFTY27JAN2626000CE,0.10778976166340029
12-01-2026 14:45||NIFTY27JAN2626100CE,0.10774031117866037
12-01-2026 14:45||NIFTY27JAN2626200CE,0.10753525372912068
12-01-2026 14:45||NIFTY27JAN2626300CE,0.10732973923853542
12-01-2026 14:45||NIFTY27JAN2626500CE,0.10874167338810148
12-01-2026 14:50||NIFTY27JAN2623900PE,0.18859525316624362
12-01-2026 14:50||NIFTY27JAN2624000PE,0.18282088244438197
12-01-2026 14:50||NIFTY27JAN2624400PE,0.15790882378250543
12-01-2026 14:50||NIFTY27JAN2624500PE,0.15170939780659276
12-01-2026 14:50||NIFTY27JAN2624800PE,0.13389498977227748
12-01-2026 14:50||NIFTY27JAN2625000PE,0.12230911584648181
12-01-2026 14:50||NIFTY27JAN2625100PE,0.11660119150475581
12-01-2026 14:50||NIFTY27JAN2625600CE,0.12244938215050387
12-01-2026 14:50||NIFTY27JAN2626000CE,0.10986610596248568
12-01-2026 14:50||NIFTY27JAN2626300CE,0.10754722256176402
12-01-2026 14:50||NIFTY27JAN2626400CE,0.10808693636261094
12-01-2026 14:55||NIFTY27JAN2624300PE,0.16449898646643057
12-01-2026 14:55||NIFTY27JAN2624500PE,0.15204063382110067
12-01-2026 14:55||NIFTY27JAN2624700PE,0.13997885780668687
12-01-2026 14:55||NIFTY27JAN2624900PE,0.1291274556317599
12-01-2026 14:55||NIFTY27JAN2625100PE,0.11953490622345828
12-01-2026 14:55||NIFTY27JAN2626200CE,0.10776554304210063
12-01-2026 15:00||NIFTY27JAN2623800PE,0.19497577610962702
12-01-2026 15:00||NIFTY27JAN2623900PE,0.18906751782780454
12-01-2026 15:00||NIFTY27JAN2624300PE,0.16441010641492365
12-01-2026 15:00||NIFTY27JAN2624700PE,0.13987926740255263
12-01-2026 15:00||NIFTY27JAN2624800PE,0.13442053065144144
12-01-2026 15:00||NIFTY27JAN2625100PE,0.11987828824661405
12-01-2026 15:00||NIFTY27JAN2626000CE,0.10907707440510045
12-01-2026 15:00||NIFTY27JAN2626100CE,0.10843863380866837
12-01-2026 15:00||NIFTY27JAN2626200CE,0.10771700151669132
12-01-2026 15:00||NIFTY27JAN2626300CE,0.1070907445167771
12-01-2026 15:05||NIFTY27JAN2623800PE,0.19312709915419302
12-01-2026 15:05||NIFTY27JAN2624200PE,0.17174850316426127
12-01-2026 15:05||NIFTY27JAN2624300PE,0.16536187685231335
12-01-2026 15:05||NIFTY27JAN2624800PE,0.13520895438116723
12-01-2026 15:05||NIFTY27JAN2624900PE,0.1300976327208304
12-01-2026 15:05||NIFTY27JAN2625700CE,0.11164637544100331
12-01-2026 15:05||NIFTY27JAN2625900CE,0.10780988546688317
12-01-2026 15:05||NIFTY27JAN2626200CE,0.10509581470536772
12-01-2026 15:05||NIFTY27JAN2626400CE,0.1056640007863943
12-01-2026 15:10||NIFTY27JAN2624000PE,0.18320080846991538
12-01-2026 15:10||NIFTY27JAN2624500PE,0.15276509479128747
12-01-2026 15:10||NIFTY27JAN2624600PE,0.14639576593624604
12-01-2026 15:10||NIFTY27JAN2625200CE,0.1340871709189498
12-01-2026 15:10||NIFTY27JAN2625600CE,0.11379138880658522
12-01-2026 15:10||NIFTY27JAN2625800CE,0.1087905560769738
12-01-2026 15:10||NIFTY27JAN2625900CE,0.10685456227994874
12-01-2026 15:10||NIFTY27JAN2626200CE,0.10387947733413033
12-01-2026 15:10||NIFTY27JAN2626300CE,0.10428370354571183
12-01-2026 15:10||NIFTY27JAN2626400CE,0.10494171868148268
12-01-2026 15:15||NIFTY27JAN2623900PE,0.1910813851349839
12-01-2026 15:15||NIFTY27JAN2624000PE,0.1851398512102262
12-01-2026 15:15||NIFTY27JAN2624500PE,0.15371196825859101
12-01-2026 15:15||NIFTY27JAN2624900PE,0.12987314320356394
12-01-2026 15:15||NIFTY27JAN2625200CE,0.1416803878123189
12-01-2026 15:15||NIFTY27JAN2625400CE,0.12856399879660324
12-01-2026 15:15||NIFTY27JAN2625500CE,0.12299224584964963
12-01-2026 15:20||NIFTY27JAN2624100PE,0.1812462875819122
12-01-2026 15:20||NIFTY27JAN2624200PE,0.1744850559937151
12-01-2026 15:20||NIFTY27JAN2624400PE,0.16134412382993346
12-01-2026 15:20||NIFTY27JAN2624500PE,0.1549736717036016
12-01-2026 15:20||NIFTY27JAN2625000PE,0.12429730855063609
12-01-2026 15:20||NIFTY27JAN2625200CE,0.14234359143306316
12-01-2026 15:20||NIFTY27JAN2625300CE,0.13499684939255202
12-01-2026 15:20||NIFTY27JAN2625700CE,0.11484071765785285
12-01-2026 15:20||NIFTY27JAN2626000CE,0.10713657683534236
12-01-2026 15:20||NIFTY27JAN2626200CE,0.10569161116200063
12-01-2026 15:20||NIFTY27JAN2626300CE,0.10555485144154506
12-01-2026 15:25||NIFTY27JAN2623800PE,0.1998329828555156
12-01-2026 15:25||NIFTY27JAN2623900PE,0.19340373851283824
12-01-2026 15:25||NIFTY27JAN2624200PE,0.1740079037777311
12-01-2026 15:25||NIFTY27JAN2624500PE,0.15566270143108074
12-01-2026 15:25||NIFTY27JAN2624600PE,0.14898387124765142
12-01-2026 15:25||NIFTY27JAN2625400CE,0.11847957021908762
12-01-2026 15:25||NIFTY27JAN2625500CE,0.11500438628953383
12-01-2026 15:25||NIFTY27JAN2625700CE,0.10884692634839144
12-01-2026 15:25||NIFTY27JAN2626200CE,0.10197584655422065
13-01-2026 09:15||NIFTY27JAN2624000PE,0.19064234311497963
13-01-2026 09:15||NIFTY27JAN2624100PE,0.18304836802167385
13-01-2026 09:15||NIFTY27JAN2624600PE,0.1516204218568971
13-01-2026 09:15||NIFTY27JAN2624700PE,0.14563010912448326
13-01-2026 09:15||NIFTY27JAN2625500CE,0.10064819586706997
13-01-2026 09:15||NIFTY27JAN2625600CE,0.09979153683917782
13-01-2026 09:15||NIFTY27JAN2625800CE,0.09841253146767909
13-01-2026 09:15||NIFTY27JAN2625900CE,0.09789373964519135
13-01-2026 09:15||NIFTY27JAN2626100CE,0.09745207768930647
13-01-2026 09:20||NIFTY27JAN2623800PE,0.2016786459901706
13-01-2026 09:20||NIFTY27JAN2624500PE,0.1559265760229176
13-01-2026 09:20||NIFTY27JAN2624600PE,0.14936262920527504
13-01-2026 09:20||NIFTY27JAN2624800PE,0.13712141278205525
13-01-2026 09:20||NIFTY27JAN2625300CE,0.12282296810068255
13-01-2026 09:20||NIFTY27JAN2625900CE,0.10499099330622283
13-01-2026 09:25||NIFTY27JAN2623800PE,0.2017136659687511
13-01-2026 09:25||NIFTY27JAN2624200PE,0.17643486972962585
13-01-2026 09:25||NIFTY27JAN2624400PE,0.1655363641669001
13-01-2026 09:25||NIFTY27JAN2624600PE,0.15478558575244297
13-01-2026 09:25||NIFTY27JAN2624700PE,0.14912371440086825
13-01-2026 09:25||NIFTY27JAN2624800PE,0.14361578908316522
13-01-2026 09:25||NIFTY27JAN2625200CE,0.06672496516872435
13-01-2026 09:25||NIFTY27JAN2625300CE,0.07289146647378189
13-01-2026 09:25||NIFTY27JAN2625500CE,0.08301325514258148
13-01-2026 09:25||NIFTY27JAN2625800CE,0.09177834813448271
13-01-2026 09:30||NIFTY27JAN2624300PE,0.16785714291897547
13-01-2026 09:30||NIFTY27JAN2624500PE,0.15555082498733824
13-01-2026 09:30||NIFTY27JAN2625300CE,0.09570542770990956
13-01-2026 09:30||NIFTY27JAN2625500CE,0.09778910660313973
13-01-2026 09:30||NIFTY27JAN2625700CE,0.09889595319992206
13-01-2026 09:30||NIFTY27JAN2626000CE,0.09998553585929641
13-01-2026 09:30||NIFTY27JAN2626200CE,0.10134196154874993
13-01-2026 09:35||NIFTY27JAN2624000PE,0.18609803071898823
13-01-2026 09:35||NIFTY27JAN2625000PE,0.125387163526427
13-01-2026 09:35||NIFTY27JAN2625300CE,0.11348704798358102
13-01-2026 09:35||NIFTY27JAN2625700CE,0.10814731009824352
13-01-2026 09:35||NIFTY27JAN2625800CE,0.1071523871509307
13-01-2026 09:35||NIFTY27JAN2626300CE,0.10690844158522647
13-01-2026 09:35||NIFTY27JAN2626500CE,0.1093566491454595
13-01-2026 09:40||NIFTY27JAN2624800PE,0.13511702409710097
13-01-2026 09:40||NIFTY27JAN2625200CE,0.11808509649391868
13-01-2026 09:40||NIFTY27JAN2625400CE,0.11465141036689393
13-01-2026 09:40||NIFTY27JAN2625500CE,0.11293011204345438
13-01-2026 09:40||NIFTY27JAN2625600CE,0.1111690571269785
13-01-2026 09:40||NIFTY27JAN2626100CE,0.10694376673817349
13-01-2026 09:40||NIFTY27JAN2626300CE,0.1078029391349633
13-01-2026 09:45||NIFTY27JAN2623800PE,0.19624407887789208
13-01-2026 09:45||NIFTY27JAN2624100PE,0.1792244109936977
13-01-2026 09:45||NIFTY27JAN2624500PE,0.15355204320101523
13-01-2026 09:45||NIFTY27JAN2624600PE,0.1473932033594389
13-01-2026 09:45||NIFTY27JAN2625400CE,0.10029856102862447
13-01-2026 09:45||NIFTY27JAN2625700CE,0.0990899267534924
13-01-2026 09:45||NIFTY27JAN2625800CE,0.09933447557276585
13-01-2026 09:45||NIFTY27JAN2625900CE,0.09952413292794832
13-01-2026 09:50||NIFTY27JAN2623900PE,0.19146950184601752
13-01-2026 09:50||NIFTY27JAN2624500PE,0.15345335999145132
13-01-2026 09:50||NIFTY27JAN2624600PE,0.147137085530484
13-01-2026 09:50||NIFTY27JAN2625000PE,0.12393803091319995
13-01-2026 09:50||NIFTY27JAN2625100PE,0.11821955458487818
13-01-2026 09:50||NIFTY27JAN2625200CE,0.11290669148839225
13-01-2026 09:50||NIFTY27JAN2625500CE,0.11143489305679524
13-01-2026 09:50||NIFTY27JAN2625600CE,0.10894332353920655
13-01-2026 09:50||NIFTY27JAN2625700CE,0.10641925314902494
13-01-2026 09:50||NIFTY27JAN2626300CE,0.10553961751048442
13-01-2026 09:50||NIFTY27JAN2626500CE,0.10799156275135029
13-01-2026 09:55||NIFTY27JAN2624100PE,0.1782884131627177
13-01-2026 09:55||NIFTY27JAN2624200PE,0.1716559744053282
13-01-2026 09:55||NIFTY27JAN2624300PE,0.16503882490923572
13-01-2026 09:55||NIFTY27JAN2624700PE,0.14146723000453326
13-01-2026 09:55||NIFTY27JAN2625600CE,0.10433201719535767
13-01-2026 09:55||NIFTY27JAN2626100CE,0.10510211136956818
13-01-2026 10:00||NIFTY27JAN2624100PE,0.17541941727697669
13-01-2026 10:00||NIFTY27JAN2624200PE,0.1686676178724252
13-01-2026 10:00||NIFTY27JAN2624900PE,0.1264206509707503
13-01-2026 10:00||NIFTY27JAN2625200CE,0.14123266723017386
13-01-2026 10:00||NIFTY27JAN2625300CE,0.13561102857393584
13-01-2026 10:00||NIFTY27JAN2626300CE,0.11190779942076387
13-01-2026 10:00||NIFTY27JAN2626500CE,0.11416652203941663
13-01-2026 10:05||NIFTY27JAN2624000PE,0.1818266755223103
13-01-2026 10:05||NIFTY27JAN2624100PE,0.17617850968254845
13-01-2026 10:05||NIFTY27JAN2624800PE,0.13428749313459853
13-01-2026 10:05||NIFTY27JAN2625100PE,0.12037820341739314
13-01-2026 10:05||NIFTY27JAN2626100CE,0.10832252513786145
13-01-2026 10:05||NIFTY27JAN2626200CE,0.1082216416123072
13-01-2026 10:05||NIFTY27JAN2626400CE,0.10895934594463275
13-01-2026 10:05||NIFTY27JAN2626500CE,0.11006694484798255
13-01-2026 10:10||NIFTY27JAN2624100PE,0.17937882306982803
13-01-2026 10:10||NIFTY27JAN2624200PE,0.17277199085267736
13-01-2026 10:10||NIFTY27JAN2624500PE,0.15392068234849954
13-01-2026 10:10||NIFTY27JAN2624700PE,0.14237848869291164
13-01-2026 10:10||NIFTY27JAN2625100PE,0.12377116926035671
13-01-2026 10:10||NIFTY27JAN2625400CE,0.10294026541090404
13-01-2026 10:10||NIFTY27JAN2625800CE,0.1014602982665132
13-01-2026 10:10||NIFTY27JAN2626100CE,0.10201605532277253
13-01-2026 10:15||NIFTY27JAN2624000PE,0.1852477593339311
13-01-2026 10:15||NIFTY27JAN2624500PE,0.15294386776907973
13-01-2026 10:15||NIFTY27JAN2624800PE,0.13625833831905487
13-01-2026 10:15||NIFTY27JAN2624900PE,0.1313418254806098
13-01-2026 10:15||NIFTY27JAN2625100PE,0.12234284324221578
13-01-2026 10:15||NIFTY27JAN2625500CE,0.10421026769982897
13-01-2026 10:15||NIFTY27JAN2625600CE,0.10369717444798221
13-01-2026 10:15||NIFTY27JAN2625800CE,0.10263806980185419
13-01-2026 10:15||NIFTY27JAN2626400CE,0.10630073956482358
13-01-2026 10:20||NIFTY27JAN2623900PE,0.19042370100967182
13-01-2026 10:20||NIFTY27JAN2624000PE,0.1841820552322832
13-01-2026 10:20||NIFTY27JAN2624100PE,0.17794166646960896
13-01-2026 10:20||NIFTY27JAN2625000PE,0.12501992027160289
13-01-2026 10:20||NIFTY27JAN2625200CE,0.12156720475091655
13-01-2026 10:20||NIFTY27JAN2625300CE,0.11702136322798413
13-01-2026 10:20||NIFTY27JAN2625600CE,0.1079216359270889
13-01-2026 10:20||NIFTY27JAN2625700CE,0.10659253641613342
13-01-2026 10:20||NIFTY27JAN2626500CE,0.10794747085361239
13-01-2026 10:25||NIFTY27JAN2623900PE,0.1913053405980306
13-01-2026 10:25||NIFTY27JAN2624200PE,0.17245773805373885
13-01-2026 10:25||NIFTY27JAN2624500PE,0.15197565686589998
13-01-2026 10:25||NIFTY27JAN2624700PE,0.1394127418204233
13-01-2026 10:25||NIFTY27JAN2625100PE,0.11779853513981708
13-01-2026 10:25||NIFTY27JAN2625500CE,0.12293042480999669
13-01-2026 10:25||NIFTY27JAN2625700CE,0.11564395174699088
13-01-2026 10:25||NIFTY27JAN2626500CE,0.11018347420497347
13-01-2026 10:30||NIFTY27JAN2623800PE,0.20308363698744683
13-01-2026 10:30||NIFTY27JAN2623900PE,0.19588188493020395
13-01-2026 10:30||NIFTY27JAN2624400PE,0.16190701387932
13-01-2026 10:30||NIFTY27JAN2624600PE,0.1495190716997205
13-01-2026 10:30||NIFTY27JAN2624700PE,0.14336790739930247
13-01-2026 10:30||NIFTY27JAN2624900PE,0.13193504556281535
13-01-2026 10:30||NIFTY27JAN2625300CE,0.11614559559520843
13-01-2026 10:30||NIFTY27JAN2625900CE,0.10335348073929972
13-01-2026 10:30||NIFTY27JAN2626000CE,0.1027170200772278
13-01-2026 10:30||NIFTY27JAN2626100CE,0.10228864575366554
13-01-2026 10:30||NIFTY27JAN2626400CE,0.10312981082882383
13-01-2026 10:35||NIFTY27JAN2623800PE,0.19987285442524516
13-01-2026 10:35||NIFTY27JAN2623900PE,0.1931616667874625
13-01-2026 10:35||NIFTY27JAN2624000PE,0.18661191351374384
13-01-2026 10:35||NIFTY27JAN2624300PE,0.1676622121789297
13-01-2026 10:35||NIFTY27JAN2624600PE,0.14887543361908157
13-01-2026 10:35||NIFTY27JAN2625000PE,0.12647207204759858
13-01-2026 10:35||NIFTY27JAN2625700CE,0.10374742849225757
13-01-2026 10:35||NIFTY27JAN2626000CE,0.10233383676759275
13-01-2026 10:35||NIFTY27JAN2626100CE,0.10231887825839861
13-01-2026 10:35||NIFTY27JAN2626500CE,0.10565442561859316
13-01-2026 10:40||NIFTY27JAN2623900PE,0.19242051911923574
13-01-2026 10:40||NIFTY27JAN2624000PE,0.18639409774388688
13-01-2026 10:40||NIFTY27JAN2624400PE,0.1606700085711667
13-01-2026 10:40||NIFTY27JAN2624500PE,0.15455935986161196
13-01-2026 10:40||NIFTY27JAN2624800PE,0.1365829725272003
13-01-2026 10:40||NIFTY27JAN2625000PE,0.12594694283615623
13-01-2026 10:40||NIFTY27JAN2626300CE,0.10390377748277191
13-01-2026 10:45||NIFTY27JAN2623900PE,0.1902348983008042
13-01-2026 10:45||NIFTY27JAN2624800PE,0.13388882256779722
13-01-2026 10:45||NIFTY27JAN2624900PE,0.12854231974826036
13-01-2026 10:45||NIFTY27JAN2625200CE,0.11518337350104232
13-01-2026 10:45||NIFTY27JAN2625500CE,0.10784430952829903
13-01-2026 10:45||NIFTY27JAN2625600CE,0.10799438011968224
13-01-2026 10:50||NIFTY27JAN2623800PE,0.1961016984771728
13-01-2026 10:50||NIFTY27JAN2624700PE,0.14177836283717635
13-01-2026 10:50||NIFTY27JAN2624900PE,0.13131069579565757
13-01-2026 10:50||NIFTY27JAN2625000PE,0.1262795367828477
13-01-2026 10:50||NIFTY27JAN2625500CE,0.10792462570442087
13-01-2026 10:50||NIFTY27JAN2625600CE,0.10431167678334641
13-01-2026 10:50||NIFTY27JAN2625700CE,0.10112363762618867
13-01-2026 10:50||NIFTY27JAN2625900CE,0.09836141267551163
13-01-2026 10:55||NIFTY27JAN2624300PE,0.1635048892824144
13-01-2026 10:55||NIFTY27JAN2624400PE,0.15728477259765894
13-01-2026 10:55||NIFTY27JAN2625200CE,0.13286313572937342
13-01-2026 10:55||NIFTY27JAN2625700CE,0.11059775344176713
13-01-2026 10:55||NIFTY27JAN2626100CE,0.10522097142493887
13-01-2026 10:55||NIFTY27JAN2626400CE,0.10655047931049164
13-01-2026 11:00||NIFTY27JAN2623900PE,0.19015051006611883
13-01-2026 11:00||NIFTY27JAN2624200PE,0.1711605935390091
13-01-2026 11:00||NIFTY27JAN2625000PE,0.1243033484426338
13-01-2026 11:00||NIFTY27JAN2625700CE,0.10349375764189456
13-01-2026 11:00||NIFTY27JAN2625800CE,0.10250020548307409
13-01-2026 11:00||NIFTY27JAN2626400CE,0.1034214014897808
13-01-2026 11:05||NIFTY27JAN2624100PE,0.17628635075221566
13-01-2026 11:05||NIFTY27JAN2624800PE,0.13283383328721693
13-01-2026 11:05||NIFTY27JAN2625100PE,0.11798587160435253
13-01-2026 11:05||NIFTY27JAN2625300CE,0.1258664014678461
13-01-2026 11:05||NIFTY27JAN2625800CE,0.10971671008502452
13-01-2026 11:05||NIFTY27JAN2626400CE,0.10657062572607828
13-01-2026 11:10||NIFTY27JAN2623900PE,0.18938971813441777
13-01-2026 11:10||NIFTY27JAN2624300PE,0.16450474263460158
13-01-2026 11:10||NIFTY27JAN2624800PE,0.13328123692283905
13-01-2026 11:10||NIFTY27JAN2624900PE,0.12784203256355522
13-01-2026 11:10||NIFTY27JAN2625000PE,0.12332071493243074
13-01-2026 11:10||NIFTY27JAN2625100PE,0.12010361907702712
13-01-2026 11:10||NIFTY27JAN2625700CE,0.10578017496604689
13-01-2026 11:10||NIFTY27JAN2625900CE,0.10385004742659099
13-01-2026 11:10||NIFTY27JAN2626200CE,0.10233386024022997
13-01-2026 11:10||NIFTY27JAN2626400CE,0.10356176318210687
13-01-2026 11:15||NIFTY27JAN2624500PE,0.15102574438112154
13-01-2026 11:15||NIFTY27JAN2624800PE,0.13352687734844082
13-01-2026 11:15||NIFTY27JAN2625100PE,0.1195782360131683
13-01-2026 11:15||NIFTY27JAN2625200CE,0.11477982696884756
13-01-2026 11:15||NIFTY27JAN2625300CE,0.1131842491846706
13-01-2026 11:20||NIFTY27JAN2623800PE,0.19443749313921874
13-01-2026 11:20||NIFTY27JAN2624900PE,0.12905904085246994
13-01-2026 11:20||NIFTY27JAN2625000PE,0.1255224330565089
13-01-2026 11:20||NIFTY27JAN2625100PE,0.1228350634060186
13-01-2026 11:20||NIFTY27JAN2625700CE,0.10473928826916418
13-01-2026 11:20||NIFTY27JAN2626100CE,0.10146330766409169
13-01-2026 11:25||NIFTY27JAN2624000PE,0.1824596828299814
13-01-2026 11:25||NIFTY27JAN2624500PE,0.1499692264523962
13-01-2026 11:25||NIFTY27JAN2624800PE,0.13251398890720295
13-01-2026 11:25||NIFTY27JAN2625200CE,0.13236858891747932
13-01-2026 11:25||NIFTY27JAN2625500CE,0.11254526274859966
13-01-2026 11:25||NIFTY27JAN2625600CE,0.11066450902671415
13-01-2026 11:25||NIFTY27JAN2626000CE,0.10361923127262923
13-01-2026 11:25||NIFTY27JAN2626100CE,0.10313914744415967
13-01-2026 11:25||NIFTY27JAN2626200CE,0.10278672455731996
13-01-2026 11:25||NIFTY27JAN2626400CE,0.10350156870407862
13-01-2026 11:30||NIFTY27JAN2623800PE,0.19622380973005546
13-01-2026 11:30||NIFTY27JAN2625100PE,0.11744243060182535
13-01-2026 11:30||NIFTY27JAN2625500CE,0.11526198987288222
13-01-2026 11:30||NIFTY27JAN2625700CE,0.1100490625179387
13-01-2026 11:30||NIFTY27JAN2625800CE,0.10795751538927657
13-01-2026 11:30||NIFTY27JAN2625900CE,0.10602030529311654
13-01-2026 11:30||NIFTY27JAN2626500CE,0.1048967761743142
13-01-2026 11:35||NIFTY27JAN2623800PE,0.19806719157653005
13-01-2026 11:35||NIFTY27JAN2623900PE,0.19111793258464504
13-01-2026 11:35||NIFTY27JAN2624100PE,0.177642846037701
13-01-2026 11:35||NIFTY27JAN2624700PE,0.13990979571457995
13-01-2026 11:35||NIFTY27JAN2624900PE,0.12950233853456494
13-01-2026 11:35||NIFTY27JAN2625300CE,0.11019033081936969
13-01-2026 11:35||NIFTY27JAN2625900CE,0.10065474768332335
13-01-2026 11:35||NIFTY27JAN2626000CE,0.09988208342135421
13-01-2026 11:35||NIFTY27JAN2626300CE,0.10013944225611851
13-01-2026 11:35||NIFTY27JAN2626500CE,0.10236042871158578
13-01-2026 11:40||NIFTY27JAN2623800PE,0.19425957920046574
13-01-2026 11:40||NIFTY27JAN2624500PE,0.1516708483803187
13-01-2026 11:40||NIFTY27JAN2624900PE,0.1301733050781852
13-01-2026 11:40||NIFTY27JAN2625300CE,0.09802466498472663
13-01-2026 11:40||NIFTY27JAN2625400CE,0.09779298076760648
13-01-2026 11:40||NIFTY27JAN2625600CE,0.09757081048944972
13-01-2026 11:40||NIFTY27JAN2626500CE,0.10055005650476616
13-01-2026 11:45||NIFTY27JAN2623800PE,0.19275859833435766
13-01-2026 11:45||NIFTY27JAN2624700PE,0.13754046787006785
13-01-2026 11:45||NIFTY27JAN2625000PE,0.12214956833860291
13-01-2026 11:45||NIFTY27JAN2625400CE,0.11298790197568523
13-01-2026 11:45||NIFTY27JAN2625800CE,0.1046502339316081
13-01-2026 11:45||NIFTY27JAN2626200CE,0.10187061521661553
13-01-2026 11:45||NIFTY27JAN2626300CE,0.10271161173753013
13-01-2026 11:45||NIFTY27JAN2626400CE,0.1038525799784949
13-01-2026 11:50||NIFTY27JAN2624000PE,0.18079168532955425
13-01-2026 11:50||NIFTY27JAN2624300PE,0.1625505645463026
13-01-2026 11:50||NIFTY27JAN2624500PE,0.1501538558463918
13-01-2026 11:50||NIFTY27JAN2624800PE,0.1332967636332762
13-01-2026 11:50||NIFTY27JAN2625100PE,0.12008934478965733
13-01-2026 11:50||NIFTY27JAN2625400CE,0.09578878379458544
13-01-2026 11:50||NIFTY27JAN2625700CE,0.09770451897283976
13-01-2026 11:50||NIFTY27JAN2626200CE,0.09868065801562662
13-01-2026 11:50||NIFTY27JAN2626300CE,0.09961154187406501
13-01-2026 11:55||NIFTY27JAN2624000PE,0.1788026521047862
13-01-2026 11:55||NIFTY27JAN2624300PE,0.16070038781101498
13-01-2026 11:55||NIFTY27JAN2624700PE,0.13693345392150147
13-01-2026 11:55||NIFTY27JAN2624800PE,0.13179925140548943
13-01-2026 11:55||NIFTY27JAN2625000PE,0.12200857077564885
13-01-2026 11:55||NIFTY27JAN2625400CE,0.11231423935075963
13-01-2026 11:55||NIFTY27JAN2625500CE,0.10877057973956293
13-01-2026 11:55||NIFTY27JAN2626300CE,0.10226785574314859
13-01-2026 12:00||NIFTY27JAN2624200PE,0.1659502753902388
13-01-2026 12:00||NIFTY27JAN2624500PE,0.14771831512185257
13-01-2026 12:00||NIFTY27JAN2625000PE,0.12108425136186698
13-01-2026 12:00||NIFTY27JAN2625900CE,0.10259376697644726
13-01-2026 12:05||NIFTY27JAN2623800PE,0.1921083867191559
13-01-2026 12:05||NIFTY27JAN2624200PE,0.16491086664912952
13-01-2026 12:05||NIFTY27JAN2624400PE,0.15288025910035088
13-01-2026 12:05||NIFTY27JAN2624500PE,0.146941577505316
13-01-2026 12:05||NIFTY27JAN2624600PE,0.1410115566164571
13-01-2026 12:05||NIFTY27JAN2624700PE,0.13513834127778562
13-01-2026 12:05||NIFTY27JAN2625000PE,0.11974010458198714
13-01-2026 12:05||NIFTY27JAN2625200CE,0.10618740345064955
13-01-2026 12:05||NIFTY27JAN2625300CE,0.10869062203231811
13-01-2026 12:05||NIFTY27JAN2625800CE,0.10507226412876805
13-01-2026 12:05||NIFTY27JAN2626100CE,0.10377152616522761
13-01-2026 12:10||NIFTY27JAN2624200PE,0.16534211955492423
13-01-2026 12:10||NIFTY27JAN2624500PE,0.14814578731164352
13-01-2026 12:10||NIFTY27JAN2625000PE,0.12256640903446792
13-01-2026 12:10||NIFTY27JAN2625200CE,0.11610641300055966
13-01-2026 12:10||NIFTY27JAN2625500CE,0.10094558704621784
13-01-2026 12:10||NIFTY27JAN2625600CE,0.1004162143368929
13-01-2026 12:15||NIFTY27JAN2624200PE,0.16530380264891295
13-01-2026 12:15||NIFTY27JAN2624300PE,0.15899741899087777
13-01-2026 12:15||NIFTY27JAN2625200CE,0.12054937340637736
13-01-2026 12:15||NIFTY27JAN2625300CE,0.1176862601041044
13-01-2026 12:15||NIFTY27JAN2625800CE,0.10715338018043546
13-01-2026 12:15||NIFTY27JAN2625900CE,0.10599810230927788
13-01-2026 12:15||NIFTY27JAN2626100CE,0.10453730572158793
13-01-2026 12:15||NIFTY27JAN2626500CE,0.10775653591830701
13-01-2026 12:20||NIFTY27JAN2624100PE,0.17152908227265634
13-01-2026 12:20||NIFTY27JAN2624700PE,0.13652670921167126
13-01-2026 12:20||NIFTY27JAN2625100PE,0.11732544175144587
13-01-2026 12:20||NIFTY27JAN2625700CE,0.10207746626407374
13-01-2026 12:20||NIFTY27JAN2626400CE,0.10333668732484466
13-01-2026 12:20||NIFTY27JAN2626500CE,0.10454099209160865
13-01-2026 12:25||NIFTY27JAN2623800PE,0.18645846374537772
13-01-2026 12:25||NIFTY27JAN2624200PE,0.1642413396804257
13-01-2026 12:25||NIFTY27JAN2624300PE,0.15784488655341178
13-01-2026 12:25||NIFTY27JAN2624500PE,0.14502115123432874
13-01-2026 12:25||NIFTY27JAN2625700CE,0.11101401285403045
13-01-2026 12:25||NIFTY27JAN2626400CE,0.10790703908313248
13-01-2026 12:30||NIFTY27JAN2623900PE,0.1830764649437209
13-01-2026 12:30||NIFTY27JAN2624000PE,0.17689698416540148
13-01-2026 12:30||NIFTY27JAN2624100PE,0.17076962459271866
13-01-2026 12:30||NIFTY27JAN2624400PE,0.15304714674107675
13-01-2026 12:30||NIFTY27JAN2624500PE,0.14732352009722055
13-01-2026 12:30||NIFTY27JAN2624600PE,0.14165442037311937
13-01-2026 12:30||NIFTY27JAN2624700PE,0.13604543843809425
13-01-2026 12:30||NIFTY27JAN2624900PE,0.12594562165498682
13-01-2026 12:30||NIFTY27JAN2625800CE,0.10145258498289197
13-01-2026 12:30||NIFTY27JAN2625900CE,0.10124758323586715
13-01-2026 12:30||NIFTY27JAN2626000CE,0.10107019365605749
13-01-2026 12:30||NIFTY27JAN2626400CE,0.10474670110175889
13-01-2026 12:35||NIFTY27JAN2624000PE,0.17570545473967375
13-01-2026 12:35||NIFTY27JAN2624200PE,0.16344688443850613
13-01-2026 12:35||NIFTY27JAN2624300PE,0.15771369675870056
13-01-2026 12:35||NIFTY27JAN2624600PE,0.14067385781612474
13-01-2026 12:35||NIFTY27JAN2624800PE,0.12946165597037024
13-01-2026 12:35||NIFTY27JAN2625100PE,0.11530543990917165
13-01-2026 12:35||NIFTY27JAN2625900CE,0.10324945386762498
13-01-2026 12:35||NIFTY27JAN2626100CE,0.1031335331901097
13-01-2026 12:35||NIFTY27JAN2626400CE,0.1060306733745649
13-01-2026 12:40||NIFTY27JAN2624100PE,0.1696969868483508
13-01-2026 12:40||NIFTY27JAN2624300PE,0.15753364274649975
13-01-2026 12:40||NIFTY27JAN2624600PE,0.1407994742479708
13-01-2026 12:40||NIFTY27JAN2624700PE,0.1352393603719912
13-01-2026 12:40||NIFTY27JAN2625100PE,0.11676924869088538
13-01-2026 12:40||NIFTY27JAN2626300CE,0.10351121686665002
13-01-2026 12:40||NIFTY27JAN2626500CE,0.10686253541311402
13-01-2026 12:45||NIFTY27JAN2624400PE,0.15334912290347016
13-01-2026 12:45||NIFTY27JAN2625300CE,0.09911848143028865
13-01-2026 12:45||NIFTY27JAN2626100CE,0.10105085920530973
13-01-2026 12:45||NIFTY27JAN2626200CE,0.10216198385650639
13-01-2026 12:50||NIFTY27JAN2623900PE,0.18125797798709398
13-01-2026 12:50||NIFTY27JAN2624100PE,0.16930689767087315
13-01-2026 12:50||NIFTY27JAN2624600PE,0.14040361071317067
13-01-2026 12:50||NIFTY27JAN2625000PE,0.12084534281426768
13-01-2026 12:50||NIFTY27JAN2625400CE,0.10680419115723777
13-01-2026 12:50||NIFTY27JAN2625500CE,0.10557049139848027
13-01-2026 12:50||NIFTY27JAN2626500CE,0.11069186160135727
13-01-2026 12:55||NIFTY27JAN2624000PE,0.1741575501274936
13-01-2026 12:55||NIFTY27JAN2624300PE,0.15726945829842148
13-01-2026 12:55||NIFTY27JAN2624500PE,0.14561263876198655
13-01-2026 12:55||NIFTY27JAN2624700PE,0.13492139964831895
13-01-2026 12:55||NIFTY27JAN2625000PE,0.12059016174398271
13-01-2026 12:55||NIFTY27JAN2625100PE,0.11623795171652507
13-01-2026 12:55||NIFTY27JAN2625300CE,0.11233797814508373
13-01-2026 12:55||NIFTY27JAN2625500CE,0.10685641053746318
13-01-2026 12:55||NIFTY27JAN2625600CE,0.10550889684111717
13-01-2026 12:55||NIFTY27JAN2625800CE,0.10350914825762546
13-01-2026 12:55||NIFTY27JAN2626200CE,0.10444081834079327
13-01-2026 12:55||NIFTY27JAN2626400CE,0.10798095610243152
13-01-2026 12:55||NIFTY27JAN2626500CE,0.11032925062728449
13-01-2026 13:00||NIFTY27JAN2623900PE,0.18107256574448455
13-01-2026 13:00||NIFTY27JAN2624000PE,0.17495636321078206
13-01-2026 13:00||NIFTY27JAN2624600PE,0.13988404712074137
13-01-2026 13:00||NIFTY27JAN2624700PE,0.13430133899552354
13-01-2026 13:00||NIFTY27JAN2626400CE,0.10922909013104473
13-01-2026 13:05||NIFTY27JAN2623800PE,0.18544801817302708
13-01-2026 13:05||NIFTY27JAN2623900PE,0.18003788898042833
13-01-2026 13:05||NIFTY27JAN2624000PE,0.17432074526466404
13-01-2026 13:05||NIFTY27JAN2624600PE,0.13891108792275553
13-01-2026 13:05||NIFTY27JAN2625100PE,0.11491741603493548
13-01-2026 13:05||NIFTY27JAN2625200CE,0.11942545222026606
13-01-2026 13:05||NIFTY27JAN2625600CE,0.11062712104658617
13-01-2026 13:05||NIFTY27JAN2625700CE,0.10879562495917833
13-01-2026 13:05||NIFTY27JAN2626500CE,0.11391982330169656
13-01-2026 13:10||NIFTY27JAN2623900PE,0.18344430886988672
13-01-2026 13:10||NIFTY27JAN2624400PE,0.15250796991437823
13-01-2026 13:10||NIFTY27JAN2624500PE,0.1464663084136929
13-01-2026 13:10||NIFTY27JAN2624700PE,0.1351214607302337
13-01-2026 13:10||NIFTY27JAN2624900PE,0.12394492202045501
13-01-2026 13:10||NIFTY27JAN2625000PE,0.11836775239469537
13-01-2026 13:10||NIFTY27JAN2625100PE,0.11286249467731102
13-01-2026 13:10||NIFTY27JAN2625600CE,0.10430490886045862
13-01-2026 13:10||NIFTY27JAN2625800CE,0.10250007899671387
13-01-2026 13:10||NIFTY27JAN2626000CE,0.10230256995814985
13-01-2026 13:10||NIFTY27JAN2626400CE,0.10782954016431968
13-01-2026 13:10||NIFTY27JAN2626500CE,0.11042334815149718
13-01-2026 13:15||NIFTY27JAN2623800PE,0.18818644903293638
13-01-2026 13:15||NIFTY27JAN2624000PE,0.17615620519319952
13-01-2026 13:15||NIFTY27JAN2624100PE,0.17012163254730628
13-01-2026 13:15||NIFTY27JAN2624300PE,0.15787517570967996
13-01-2026 13:15||NIFTY27JAN2624700PE,0.13451051755305193
13-01-2026 13:15||NIFTY27JAN2625000PE,0.11904741848907806
13-01-2026 13:15||NIFTY27JAN2625100PE,0.11396973818166825
13-01-2026 13:15||NIFTY27JAN2625200CE,0.10814939949727954
13-01-2026 13:15||NIFTY27JAN2625800CE,0.10691951290025753
13-01-2026 13:15||NIFTY27JAN2626100CE,0.10637301097392061
13-01-2026 13:15||NIFTY27JAN2626200CE,0.10752547433607378
13-01-2026 13:15||NIFTY27JAN2626300CE,0.10900518142153315
13-01-2026 13:15||NIFTY27JAN2626500CE,0.11376073546782167
13-01-2026 13:20||NIFTY27JAN2624100PE,0.17040065606092014
13-01-2026 13:20||NIFTY27JAN2624300PE,0.15781171865676424
13-01-2026 13:20||NIFTY27JAN2624400PE,0.15200051394366976
13-01-2026 13:20||NIFTY27JAN2624800PE,0.12892904692443358
13-01-2026 13:20||NIFTY27JAN2625000PE,0.1196258001028852
13-01-2026 13:20||NIFTY27JAN2625300CE,0.1172026828558966
13-01-2026 13:20||NIFTY27JAN2625400CE,0.11419485724993621
13-01-2026 13:20||NIFTY27JAN2625500CE,0.11141424304963568
13-01-2026 13:20||NIFTY27JAN2625900CE,0.10535851407690226
13-01-2026 13:20||NIFTY27JAN2626500CE,0.11274202970037381
13-01-2026 13:25||NIFTY27JAN2624000PE,0.17717918605853988
13-01-2026 13:25||NIFTY27JAN2624200PE,0.16478496539338472
13-01-2026 13:25||NIFTY27JAN2624300PE,0.15822574725051264
13-01-2026 13:25||NIFTY27JAN2624600PE,0.14038545676529518
13-01-2026 13:25||NIFTY27JAN2624800PE,0.129406830601495
13-01-2026 13:25||NIFTY27JAN2625600CE,0.10528366165845982
13-01-2026 13:25||NIFTY27JAN2626100CE,0.10333580139056522
13-01-2026 13:25||NIFTY27JAN2626400CE,0.10900007481879281
13-01-2026 13:30||NIFTY27JAN2623800PE,0.1892146949870101
13-01-2026 13:30||NIFTY27JAN2624000PE,0.17623540428734166
13-01-2026 13:30||NIFTY27JAN2624100PE,0.1699146147271862
13-01-2026 13:30||NIFTY27JAN2624300PE,0.15781071791447507
13-01-2026 13:30||NIFTY27JAN2624600PE,0.13958921349422154
13-01-2026 13:30||NIFTY27JAN2624800PE,0.128496110261395
13-01-2026 13:30||NIFTY27JAN2625300CE,0.11335872901939603
13-01-2026 13:30||NIFTY27JAN2625500CE,0.10998603653206379
13-01-2026 13:35||NIFTY27JAN2624300PE,0.15896210277450992
13-01-2026 13:35||NIFTY27JAN2624600PE,0.14122043266865328
13-01-2026 13:35||NIFTY27JAN2624800PE,0.13003159798673405
13-01-2026 13:35||NIFTY27JAN2625100PE,0.11685584991601486
13-01-2026 13:35||NIFTY27JAN2625300CE,0.10882398467779653
13-01-2026 13:35||NIFTY27JAN2625700CE,0.10231312660864395
13-01-2026 13:40||NIFTY27JAN2623800PE,0.18976802588064384
13-01-2026 13:40||NIFTY27JAN2624200PE,0.16313711124146282
13-01-2026 13:40||NIFTY27JAN2624400PE,0.1498642617165868
13-01-2026 13:40||NIFTY27JAN2624500PE,0.14376805661889144
13-01-2026 13:40||NIFTY27JAN2624900PE,0.12279939082039082
13-01-2026 13:40||NIFTY27JAN2625500CE,0.11172305822614037
13-01-2026 13:40||NIFTY27JAN2625700CE,0.10779490196318228
13-01-2026 13:40||NIFTY27JAN2625900CE,0.10534185662103103
13-01-2026 13:40||NIFTY27JAN2626100CE,0.1051251472997056
13-01-2026 13:40||NIFTY27JAN2626300CE,0.1071288112902638
13-01-2026 13:45||NIFTY27JAN2624000PE,0.1765978253082503
13-01-2026 13:45||NIFTY27JAN2624100PE,0.16950601323474063
13-01-2026 13:45||NIFTY27JAN2625100PE,0.11556603916475165
13-01-2026 13:45||NIFTY27JAN2625300CE,0.11231377339509141
13-01-2026 13:45||NIFTY27JAN2625400CE,0.1090903245711757
13-01-2026 13:45||NIFTY27JAN2625800CE,0.10195259271693138
13-01-2026 13:45||NIFTY27JAN2626000CE,0.10157908000038982
13-01-2026 13:50||NIFTY27JAN2624200PE,0.16259956043534954
13-01-2026 13:50||NIFTY27JAN2624400PE,0.15037894032033422
13-01-2026 13:50||NIFTY27JAN2624500PE,0.14425944579805766
13-01-2026 13:50||NIFTY27JAN2625600CE,0.10584383923110052
13-01-2026 13:50||NIFTY27JAN2626000CE,0.10244337765265149
13-01-2026 13:50||NIFTY27JAN2626200CE,0.10407435351570767
13-01-2026 13:50||NIFTY27JAN2626400CE,0.10839577079948587
13-01-2026 13:55||NIFTY27JAN2623800PE,0.19017719189842236
13-01-2026 13:55||NIFTY27JAN2624200PE,0.16220053626709485
13-01-2026 13:55||NIFTY27JAN2624300PE,0.15572640983906755
13-01-2026 13:55||NIFTY27JAN2624800PE,0.12804852539048822
13-01-2026 13:55||NIFTY27JAN2625000PE,0.11885164390130376
13-01-2026 13:55||NIFTY27JAN2625500CE,0.10911282405443622
13-01-2026 13:55||NIFTY27JAN2625900CE,0.10411362694782465
13-01-2026 13:55||NIFTY27JAN2626000CE,0.10400193258506989
13-01-2026 14:00||NIFTY27JAN2623900PE,0.18058394674296102
13-01-2026 14:00||NIFTY27JAN2624000PE,0.17430031103359694
13-01-2026 14:00||NIFTY27JAN2624100PE,0.16810071272041327
13-01-2026 14:00||NIFTY27JAN2624300PE,0.156142646239044
13-01-2026 14:00||NIFTY27JAN2624400PE,0.1504251349717013
13-01-2026 14:00||NIFTY27JAN2624600PE,0.13909384788966841
13-01-2026 14:00||NIFTY27JAN2625300CE,0.10377293812206578
13-01-2026 14:00||NIFTY27JAN2625600CE,0.10274707064443162
13-01-2026 14:00||NIFTY27JAN2625700CE,0.10212381498246743
13-01-2026 14:00||NIFTY27JAN2625800CE,0.10152824800030802
13-01-2026 14:00||NIFTY27JAN2626500CE,0.11052963030100191
13-01-2026 14:05||NIFTY27JAN2623900PE,0.18029136498757
13-01-2026 14:05||NIFTY27JAN2624200PE,0.16135868666736292
13-01-2026 14:05||NIFTY27JAN2624300PE,0.1553709015359647
13-01-2026 14:05||NIFTY27JAN2624500PE,0.1436348134505555
13-01-2026 14:05||NIFTY27JAN2624900PE,0.12362611699852712
13-01-2026 14:05||NIFTY27JAN2625700CE,0.10469043497649985
13-01-2026 14:05||NIFTY27JAN2626000CE,0.10296746221597156
13-01-2026 14:05||NIFTY27JAN2626300CE,0.10658662347616225
13-01-2026 14:05||NIFTY27JAN2626500CE,0.11191353527153282
13-01-2026 14:10||NIFTY27JAN2623800PE,0.18649784276557974
13-01-2026 14:10||NIFTY27JAN2624300PE,0.1548169198239778
13-01-2026 14:10||NIFTY27JAN2624700PE,0.13244765310147477
13-01-2026 14:10||NIFTY27JAN2625200CE,0.10254355278124187
13-01-2026 14:10||NIFTY27JAN2625400CE,0.10312140246344394
13-01-2026 14:10||NIFTY27JAN2626100CE,0.10168661152479229
13-01-2026 14:10||NIFTY27JAN2626400CE,0.1080248889860091
13-01-2026 14:15||NIFTY27JAN2623800PE,0.18387350957789572
13-01-2026 14:15||NIFTY27JAN2624000PE,0.17193294239777063
13-01-2026 14:15||NIFTY27JAN2624800PE,0.12549660056782241
13-01-2026 14:15||NIFTY27JAN2625600CE,0.10615210293629465
13-01-2026 14:15||NIFTY27JAN2626200CE,0.10438724522145097
13-01-2026 14:20||NIFTY27JAN2624000PE,0.1715845072282982
13-01-2026 14:20||NIFTY27JAN2624400PE,0.14798086781227227
13-01-2026 14:20||NIFTY27JAN2624800PE,0.12686540020446072
13-01-2026 14:20||NIFTY27JAN2624900PE,0.12249797714828548
13-01-2026 14:20||NIFTY27JAN2625000PE,0.11827248294074594
13-01-2026 14:20||NIFTY27JAN2625200CE,0.1089165389463666
13-01-2026 14:20||NIFTY27JAN2625400CE,0.10351453550405398
13-01-2026 14:20||NIFTY27JAN2625800CE,0.0996593024758571
13-01-2026 14:20||NIFTY27JAN2626400CE,0.10853554387014122
13-01-2026 14:25||NIFTY27JAN2624000PE,0.17111088960280016
13-01-2026 14:25||NIFTY27JAN2624100PE,0.16482572546144741
13-01-2026 14:25||NIFTY27JAN2624200PE,0.15856696926970937
13-01-2026 14:25||NIFTY27JAN2624400PE,0.14672122178634905
13-01-2026 14:25||NIFTY27JAN2624500PE,0.14106847286254007
13-01-2026 14:25||NIFTY27JAN2624600PE,0.1355391117565427
13-01-2026 14:25||NIFTY27JAN2625600CE,0.1035446694654399
13-01-2026 14:25||NIFTY27JAN2626000CE,0.10208771371128444
13-01-2026 14:25||NIFTY27JAN2626200CE,0.10448436572155222
13-01-2026 14:30||NIFTY27JAN2624500PE,0.14028580196363602
13-01-2026 14:30||NIFTY27JAN2624600PE,0.13475433901966
13-01-2026 14:30||NIFTY27JAN2624700PE,0.1292686073218069
13-01-2026 14:30||NIFTY27JAN2624900PE,0.11919033708336638
13-01-2026 14:30||NIFTY27JAN2625100PE,0.11063219911969455
13-01-2026 14:30||NIFTY27JAN2625600CE,0.11169859575205213
13-01-2026 14:35||NIFTY27JAN2623800PE,0.18234668015033506
13-01-2026 14:35||NIFTY27JAN2624000PE,0.17076610078872728
13-01-2026 14:35||NIFTY27JAN2624200PE,0.1583746310521294
13-01-2026 14:35||NIFTY27JAN2625100PE,0.1101125947575175
13-01-2026 14:35||NIFTY27JAN2625300CE,0.12162700415749308
13-01-2026 14:35||NIFTY27JAN2625400CE,0.11752627626660912
13-01-2026 14:35||NIFTY27JAN2625800CE,0.10671363109330921
13-01-2026 14:35||NIFTY27JAN2626100CE,0.10532655733909532
13-01-2026 14:35||NIFTY27JAN2626300CE,0.10771105584034471
13-01-2026 14:35||NIFTY27JAN2626500CE,0.11290494074281777
13-01-2026 14:40||NIFTY27JAN2624500PE,0.14195593238919169
13-01-2026 14:40||NIFTY27JAN2624600PE,0.1361036038556543
13-01-2026 14:40||NIFTY27JAN2624800PE,0.12523935342293482
13-01-2026 14:40||NIFTY27JAN2624900PE,0.12018747655183591
13-01-2026 14:40||NIFTY27JAN2625300CE,0.1212085700406344
13-01-2026 14:40||NIFTY27JAN2625600CE,0.11175871181118285
13-01-2026 14:40||NIFTY27JAN2625800CE,0.10708662450675904
13-01-2026 14:40||NIFTY27JAN2626400CE,0.10918465418813962
13-01-2026 14:45||NIFTY27JAN2624200PE,0.1616187967442873
13-01-2026 14:45||NIFTY27JAN2625100PE,0.11274811544709411
13-01-2026 14:45||NIFTY27JAN2626000CE,0.1009819070899521
13-01-2026 14:45||NIFTY27JAN2626100CE,0.10130267050659798
13-01-2026 14:45||NIFTY27JAN2626500CE,0.10918989850566313
13-01-2026 14:50||NIFTY27JAN2624400PE,0.14854043762358135
13-01-2026 14:50||NIFTY27JAN2624500PE,0.14219320536251767
13-01-2026 14:50||NIFTY27JAN2625200CE,0.12568213137435405
13-01-2026 14:50||NIFTY27JAN2626300CE,0.10414923730108122
13-01-2026 14:55||NIFTY27JAN2623800PE,0.1897529904664328
13-01-2026 14:55||NIFTY27JAN2623900PE,0.1828580273761651
13-01-2026 14:55||NIFTY27JAN2624100PE,0.16947657410317746
13-01-2026 14:55||NIFTY27JAN2624400PE,0.15069670752828732
13-01-2026 14:55||NIFTY27JAN2624500PE,0.14448450960384324
13-01-2026 14:55||NIFTY27JAN2624800PE,0.12791885433635175
13-01-2026 14:55||NIFTY27JAN2624900PE,0.12303107467163821
13-01-2026 14:55||NIFTY27JAN2625100PE,0.11401680886856332
13-01-2026 14:55||NIFTY27JAN2625700CE,0.1004981968100096
13-01-2026 14:55||NIFTY27JAN2625900CE,0.09869270817159809
13-01-2026 14:55||NIFTY27JAN2626400CE,0.10344739438030601
13-01-2026 15:00||NIFTY27JAN2623900PE,0.18429143665842312
13-01-2026 15:00||NIFTY27JAN2624500PE,0.14752819395822417
13-01-2026 15:00||NIFTY27JAN2624600PE,0.14166747486215694
13-01-2026 15:00||NIFTY27JAN2624800PE,0.1308780433205095
13-01-2026 15:00||NIFTY27JAN2625100PE,0.11763540437376158
13-01-2026 15:00||NIFTY27JAN2625400CE,0.08383941083518355
13-01-2026 15:00||NIFTY27JAN2625700CE,0.08775782593765255
13-01-2026 15:00||NIFTY27JAN2626200CE,0.09380745121184261
13-01-2026 15:05||NIFTY27JAN2624000PE,0.17453881025037832
13-01-2026 15:05||NIFTY27JAN2624500PE,0.14250539736305107
13-01-2026 15:05||NIFTY27JAN2624900PE,0.12032818146475108
13-01-2026 15:05||NIFTY27JAN2625400CE,0.11562905016685823
13-01-2026 15:05||NIFTY27JAN2625700CE,0.10647625843070052
13-01-2026 15:05||NIFTY27JAN2625800CE,0.10420776872002399
13-01-2026 15:05||NIFTY27JAN2626000CE,0.10203417403426523
13-01-2026 15:05||NIFTY27JAN2626100CE,0.1016280606658147
13-01-2026 15:05||NIFTY27JAN2626400CE,0.10446580132981212
13-01-2026 15:05||NIFTY27JAN2626500CE,0.10712604301203327
13-01-2026 15:10||NIFTY27JAN2624000PE,0.17670166937271187
13-01-2026 15:10||NIFTY27JAN2624200PE,0.1642501977910409
13-01-2026 15:10||NIFTY27JAN2624400PE,0.1517746656178396
13-01-2026 15:10||NIFTY27JAN2624900PE,0.12400256745418042
13-01-2026 15:10||NIFTY27JAN2625300CE,0.09504505337802104
13-01-2026 15:10||NIFTY27JAN2625600CE,0.09419243276560627
13-01-2026 15:10||NIFTY27JAN2626200CE,0.0953389330795216
13-01-2026 15:10||NIFTY27JAN2626500CE,0.10222700737383554
13-01-2026 15:15||NIFTY27JAN2623800PE,0.1847073478205412
13-01-2026 15:15||NIFTY27JAN2624200PE,0.1650051021999916
13-01-2026 15:15||NIFTY27JAN2624600PE,0.14110057056438907
13-01-2026 15:15||NIFTY27JAN2624700PE,0.1355016136459481
13-01-2026 15:15||NIFTY27JAN2625200CE,0.09524583843369916
13-01-2026 15:15||NIFTY27JAN2625400CE,0.09342225862193827
13-01-2026 15:15||NIFTY27JAN2625700CE,0.09268584610699093
13-01-2026 15:15||NIFTY27JAN2626000CE,0.09246497184358024
13-01-2026 15:15||NIFTY27JAN2626300CE,0.09668688274770448
13-01-2026 15:15||NIFTY27JAN2626500CE,0.10226369626407478
13-01-2026 15:20||NIFTY27JAN2623900PE,0.1826373066635434
13-01-2026 15:20||NIFTY27JAN2624300PE,0.15860890301505354
13-01-2026 15:20||NIFTY27JAN2624400PE,0.15251945911307127
13-01-2026 15:20||NIFTY27JAN2624800PE,0.1282297967288436
13-01-2026 15:20||NIFTY27JAN2625300CE,0.10369707418397486
13-01-2026 15:20||NIFTY27JAN2625500CE,0.10037660036582596
13-01-2026 15:20||NIFTY27JAN2625600CE,0.09906418510530332
13-01-2026 15:20||NIFTY27JAN2625700CE,0.09782815272850098
13-01-2026 15:20||NIFTY27JAN2626100CE,0.0969223343070699
13-01-2026 15:20||NIFTY27JAN2626200CE,0.09782947427887381
13-01-2026 15:25||NIFTY27JAN2624000PE,0.17669294226713417
13-01-2026 15:25||NIFTY27JAN2624500PE,0.14661765601540522
13-01-2026 15:25||NIFTY27JAN2624700PE,0.13538667985132333
13-01-2026 15:25||NIFTY27JAN2624900PE,0.12465324107464537
13-01-2026 15:25||NIFTY27JAN2625500CE,0.09750280397053741
13-01-2026 15:25||NIFTY27JAN2625900CE,0.09403075179443024
13-01-2026 15:25||NIFTY27JAN2626000CE,0.09395956815161804
14-01-2026 09:15||NIFTY27JAN2623800PE,0.19381265283237958
14-01-2026 09:15||NIFTY27JAN2624100PE,0.1752848752765836
14-01-2026 09:15||NIFTY27JAN2624300PE,0.16226124340790354
14-01-2026 09:15||NIFTY27JAN2624400PE,0.15585754229787435
14-01-2026 09:15||NIFTY27JAN2625300CE,0.12850214375467875
14-01-2026 09:15||NIFTY27JAN2626100CE,0.10227300248055388
14-01-2026 09:15||NIFTY27JAN2626500CE,0.11004428714078168
14-01-2026 09:20||NIFTY27JAN2623800PE,0.19383642306840748
14-01-2026 09:20||NIFTY27JAN2624100PE,0.17665823034438327
14-01-2026 09:20||NIFTY27JAN2624500PE,0.14977574080318806
14-01-2026 09:20||NIFTY27JAN2626100CE,0.10124831821328778
14-01-2026 09:20||NIFTY27JAN2626200CE,0.10210420937827311
14-01-2026 09:25||NIFTY27JAN2624000PE,0.18284153968378353
14-01-2026 09:25||NIFTY27JAN2624200PE,0.16973843236918942
14-01-2026 09:25||NIFTY27JAN2624700PE,0.1368940399347055
14-01-2026 09:25||NIFTY27JAN2625000PE,0.11925853234055599
14-01-2026 09:25||NIFTY27JAN2625200CE,0.13410691396414942
14-01-2026 09:25||NIFTY27JAN2625300CE,0.12662835742246037
14-01-2026 09:25||NIFTY27JAN2625600CE,0.11077126940902739
14-01-2026 09:25||NIFTY27JAN2626200CE,0.10303966164937933
14-01-2026 09:25||NIFTY27JAN2626300CE,0.10423906592633239
14-01-2026 09:25||NIFTY27JAN2626500CE,0.10853483872349251
14-01-2026 09:30||NIFTY27JAN2623800PE,0.19786453142999422
14-01-2026 09:30||NIFTY27JAN2624000PE,0.1856406217386034
14-01-2026 09:30||NIFTY27JAN2624500PE,0.15282954218047265
14-01-2026 09:30||NIFTY27JAN2624600PE,0.14649448387812283
14-01-2026 09:30||NIFTY27JAN2624700PE,0.14020341049593935
14-01-2026 09:30||NIFTY27JAN2625000PE,0.12250583081401055
14-01-2026 09:30||NIFTY27JAN2626200CE,0.0977224610244574
14-01-2026 09:30||NIFTY27JAN2626500CE,0.1051999665068269
14-01-2026 09:35||NIFTY27JAN2624000PE,0.18420948968700443
14-01-2026 09:35||NIFTY27JAN2624700PE,0.1393109692553497
14-01-2026 09:35||NIFTY27JAN2624800PE,0.13334512366630108
14-01-2026 09:35||NIFTY27JAN2625500CE,0.10188002294773876
14-01-2026 09:35||NIFTY27JAN2626000CE,0.09812747546479003
14-01-2026 09:35||NIFTY27JAN2626400CE,0.10223840493704409
14-01-2026 09:40||NIFTY27JAN2623800PE,0.19401003236493347
14-01-2026 09:40||NIFTY27JAN2624000PE,0.18235640032614975
14-01-2026 09:40||NIFTY27JAN2624200PE,0.16966997827579966
14-01-2026 09:40||NIFTY27JAN2624700PE,0.1376449935692927
14-01-2026 09:40||NIFTY27JAN2624800PE,0.1318440372294368
14-01-2026 09:40||NIFTY27JAN2625000PE,0.12060303157061485
14-01-2026 09:40||NIFTY27JAN2625500CE,0.10125687661275082
14-01-2026 09:40||NIFTY27JAN2625800CE,0.09739043202510879
14-01-2026 09:40||NIFTY27JAN2626100CE,0.09758852273536797
14-01-2026 09:45||NIFTY27JAN2624300PE,0.1624066183773904
14-01-2026 09:45||NIFTY27JAN2624400PE,0.155824989074953
14-01-2026 09:45||NIFTY27JAN2624500PE,0.14927151365939204
14-01-2026 09:45||NIFTY27JAN2624600PE,0.14271483915851502
14-01-2026 09:45||NIFTY27JAN2625400CE,0.10578652354878684
14-01-2026 09:50||NIFTY27JAN2623800PE,0.19443862496631517
14-01-2026 09:50||NIFTY27JAN2623900PE,0.18764999553710465
14-01-2026 09:50||NIFTY27JAN2624600PE,0.1413379846320708
14-01-2026 09:50||NIFTY27JAN2625200CE,0.14342843823263968
14-01-2026 09:50||NIFTY27JAN2625300CE,0.136180285954975
14-01-2026 09:50||NIFTY27JAN2626200CE,0.10615201609542367
14-01-2026 09:50||NIFTY27JAN2626400CE,0.10861016852797264
14-01-2026 09:55||NIFTY27JAN2623800PE,0.19813748414055277
14-01-2026 09:55||NIFTY27JAN2624000PE,0.18518994156047558
14-01-2026 09:55||NIFTY27JAN2624100PE,0.17869525256721877
14-01-2026 09:55||NIFTY27JAN2624300PE,0.16573252055444285
14-01-2026 09:55||NIFTY27JAN2624400PE,0.15926015195232307
14-01-2026 09:55||NIFTY27JAN2625100PE,0.11829767795072499
14-01-2026 09:55||NIFTY27JAN2626000CE,0.09487956323581412
14-01-2026 10:00||NIFTY27JAN2624000PE,0.18213220946880074
14-01-2026 10:00||NIFTY27JAN2624400PE,0.15574989668854167
14-01-2026 10:00||NIFTY27JAN2625100PE,0.11553300831572542
14-01-2026 10:00||NIFTY27JAN2625200CE,0.1349807976747495
14-01-2026 10:00||NIFTY27JAN2625500CE,0.1044356118263523
14-01-2026 10:00||NIFTY27JAN2626000CE,0.09746412697811754
14-01-2026 10:00||NIFTY27JAN2626100CE,0.0977931833621038
14-01-2026 10:00||NIFTY27JAN2626500CE,0.10516547954324007
14-01-2026 10:05||NIFTY27JAN2624000PE,0.18106218581172748
14-01-2026 10:05||NIFTY27JAN2624600PE,0.14221578084531816
14-01-2026 10:05||NIFTY27JAN2624800PE,0.13017492353796137
14-01-2026 10:05||NIFTY27JAN2625000PE,0.11897569460505794
14-01-2026 10:05||NIFTY27JAN2625300CE,0.1141534920067235
14-01-2026 10:05||NIFTY27JAN2625400CE,0.10948937366493808
14-01-2026 10:05||NIFTY27JAN2626100CE,0.09878661660374354
14-01-2026 10:05||NIFTY27JAN2626200CE,0.10050338305131278
14-01-2026 10:05||NIFTY27JAN2626300CE,0.10226372830312266
14-01-2026 10:05||NIFTY27JAN2626400CE,0.1042639660000478
14-01-2026 10:10||NIFTY27JAN2623900PE,0.18587246556082576
14-01-2026 10:10||NIFTY27JAN2624000PE,0.17979174825045965
14-01-2026 10:10||NIFTY27JAN2624200PE,0.16717940295051556
14-01-2026 10:10||NIFTY27JAN2624500PE,0.147839821244666
14-01-2026 10:10||NIFTY27JAN2624600PE,0.14157158072552598
14-01-2026 10:10||NIFTY27JAN2624800PE,0.129673447408035
14-01-2026 10:10||NIFTY27JAN2624900PE,0.1240223078653071
14-01-2026 10:10||NIFTY27JAN2625300CE,0.11533459031194312
14-01-2026 10:10||NIFTY27JAN2625400CE,0.11107097426321949
14-01-2026 10:10||NIFTY27JAN2625600CE,0.10416590757966515
14-01-2026 10:10||NIFTY27JAN2626400CE,0.10466720121740579
14-01-2026 10:15||NIFTY27JAN2624100PE,0.17470062695796573
14-01-2026 10:15||NIFTY27JAN2624400PE,0.15458910821855926
14-01-2026 10:15||NIFTY27JAN2624600PE,0.14230443803884524
14-01-2026 10:15||NIFTY27JAN2624900PE,0.12482681404148924
14-01-2026 10:15||NIFTY27JAN2625000PE,0.11954949298001699
14-01-2026 10:15||NIFTY27JAN2625200CE,0.0971409378621807
14-01-2026 10:15||NIFTY27JAN2625600CE,0.09732185852284167
14-01-2026 10:15||NIFTY27JAN2625900CE,0.09595885142229515
14-01-2026 10:15||NIFTY27JAN2626400CE,0.10328833535009783
14-01-2026 10:20||NIFTY27JAN2624200PE,0.16646148594200808
14-01-2026 10:20||NIFTY27JAN2624700PE,0.13415143529895485
14-01-2026 10:20||NIFTY27JAN2625000PE,0.11744109838011733
14-01-2026 10:20||NIFTY27JAN2625500CE,0.10226060316190869
14-01-2026 10:20||NIFTY27JAN2625600CE,0.10134874884740083
14-01-2026 10:20||NIFTY27JAN2625700CE,0.10056556179134041
14-01-2026 10:20||NIFTY27JAN2625800CE,0.09984505495195475
14-01-2026 10:20||NIFTY27JAN2625900CE,0.0989849627334459
14-01-2026 10:20||NIFTY27JAN2626000CE,0.09789583126502363
14-01-2026 10:20||NIFTY27JAN2626500CE,0.10729004979671372
14-01-2026 10:25||NIFTY27JAN2623800PE,0.19229657710504727
14-01-2026 10:25||NIFTY27JAN2624000PE,0.17954258549871263
14-01-2026 10:25||NIFTY27JAN2624300PE,0.15981760052364466
14-01-2026 10:25||NIFTY27JAN2625000PE,0.11743175854085375
14-01-2026 10:25||NIFTY27JAN2626100CE,0.09991326179831916
14-01-2026 10:25||NIFTY27JAN2626200CE,0.10116226552016044
14-01-2026 10:25||NIFTY27JAN2626400CE,0.1049689691531165
14-01-2026 10:30||NIFTY27JAN2623800PE,0.19414791870876463
14-01-2026 10:30||NIFTY27JAN2623900PE,0.1870721912494484
14-01-2026 10:30||NIFTY27JAN2624000PE,0.18007817660420175
14-01-2026 10:30||NIFTY27JAN2624600PE,0.1406235683996356
14-01-2026 10:30||NIFTY27JAN2624700PE,0.13437355959355096
14-01-2026 10:30||NIFTY27JAN2624800PE,0.12824354040546196
14-01-2026 10:30||NIFTY27JAN2625100PE,0.1118990589229566
14-01-2026 10:30||NIFTY27JAN2625200CE,0.12113499088602614
14-01-2026 10:30||NIFTY27JAN2626300CE,0.1026024982738771
14-01-2026 10:30||NIFTY27JAN2626500CE,0.10842809395302462
14-01-2026 10:35||NIFTY27JAN2623900PE,0.18704080061705347
14-01-2026 10:35||NIFTY27JAN2624400PE,0.1544913418063779
14-01-2026 10:35||NIFTY27JAN2625600CE,0.09942262096406297
14-01-2026 10:35||NIFTY27JAN2625700CE,0.09815172009531903
14-01-2026 10:35||NIFTY27JAN2626300CE,0.100829167170219
14-01-2026 10:40||NIFTY27JAN2623800PE,0.18670702796828892
14-01-2026 10:40||NIFTY27JAN2624100PE,0.17377996589745834
14-01-2026 10:40||NIFTY27JAN2624800PE,0.12945039603879405
14-01-2026 10:40||NIFTY27JAN2625300CE,0.10505579113956041
14-01-2026 10:40||NIFTY27JAN2625600CE,0.09914308224890545
14-01-2026 10:40||NIFTY27JAN2626300CE,0.10051286295347717
14-01-2026 10:40||NIFTY27JAN2626500CE,0.10658599827451201
14-01-2026 10:45||NIFTY27JAN2624000PE,0.17655989211121076
14-01-2026 10:45||NIFTY27JAN2624200PE,0.16433293038236957
14-01-2026 10:45||NIFTY27JAN2624600PE,0.13832587030884969
14-01-2026 10:45||NIFTY27JAN2624800PE,0.12568660484167987
14-01-2026 10:45||NIFTY27JAN2625100PE,0.10815164473299539
14-01-2026 10:45||NIFTY27JAN2625400CE,0.12057484033100906
14-01-2026 10:50||NIFTY27JAN2624000PE,0.17956634586687137
14-01-2026 10:50||NIFTY27JAN2624300PE,0.16058683843922156
14-01-2026 10:50||NIFTY27JAN2624800PE,0.1286657494458766
14-01-2026 10:50||NIFTY27JAN2625200CE,0.11491073397616941
14-01-2026 10:50||NIFTY27JAN2625400CE,0.10964836792609073
14-01-2026 10:50||NIFTY27JAN2625500CE,0.10700899223175608
14-01-2026 10:50||NIFTY27JAN2625800CE,0.10033386606093675
14-01-2026 10:50||NIFTY27JAN2626300CE,0.1020640994818049
14-01-2026 10:55||NIFTY27JAN2623800PE,0.19546757669521916
14-01-2026 10:55||NIFTY27JAN2624600PE,0.14080696558958217
14-01-2026 10:55||NIFTY27JAN2624700PE,0.1342821630694941
14-01-2026 10:55||NIFTY27JAN2624900PE,0.12124375040416002
14-01-2026 10:55||NIFTY27JAN2625000PE,0.11467651267536808
14-01-2026 10:55||NIFTY27JAN2625100PE,0.10812742467376414
14-01-2026 10:55||NIFTY27JAN2625200CE,0.12571719550675986
14-01-2026 10:55||NIFTY27JAN2626200CE,0.10137795532315176
14-01-2026 10:55||NIFTY27JAN2626300CE,0.10210460885304234
14-01-2026 10:55||NIFTY27JAN2626400CE,0.10329151313216027
14-01-2026 10:55||NIFTY27JAN2626500CE,0.10489904883178922
14-01-2026 11:00||NIFTY27JAN2624100PE,0.17509746806454962
14-01-2026 11:00||NIFTY27JAN2624300PE,0.161833618242532
14-01-2026 11:00||NIFTY27JAN2624900PE,0.12437874294964094
14-01-2026 11:00||NIFTY27JAN2625400CE,0.11282692131671096
14-01-2026 11:00||NIFTY27JAN2625700CE,0.10413665508240758
14-01-2026 11:00||NIFTY27JAN2626000CE,0.10042615332960789
14-01-2026 11:00||NIFTY27JAN2626100CE,0.10034681642410137
14-01-2026 11:00||NIFTY27JAN2626300CE,0.1015956653327095
14-01-2026 11:05||NIFTY27JAN2624000PE,0.18192009671057432
14-01-2026 11:05||NIFTY27JAN2624800PE,0.13109661248701204
14-01-2026 11:05||NIFTY27JAN2625300CE,0.10675477620092103
14-01-2026 11:05||NIFTY27JAN2625400CE,0.10493654692626142
14-01-2026 11:05||NIFTY27JAN2626000CE,0.09706399233003937
14-01-2026 11:05||NIFTY27JAN2626100CE,0.09743882028982173
14-01-2026 11:05||NIFTY27JAN2626300CE,0.09941057412450008
14-01-2026 11:10||NIFTY27JAN2624000PE,0.18152259599792903
14-01-2026 11:10||NIFTY27JAN2624300PE,0.16208841388706902
14-01-2026 11:10||NIFTY27JAN2624500PE,0.14893729087071403
14-01-2026 11:10||NIFTY27JAN2625200CE,0.11864493852780841
14-01-2026 11:10||NIFTY27JAN2626200CE,0.09854810223907626
14-01-2026 11:15||NIFTY27JAN2624100PE,0.17626416101338274
14-01-2026 11:15||NIFTY27JAN2624200PE,0.1697481848799996
14-01-2026 11:15||NIFTY27JAN2624300PE,0.16307235749428792
14-01-2026 11:15||NIFTY27JAN2624400PE,0.15631493104267913
14-01-2026 11:15||NIFTY27JAN2624500PE,0.14952497826659045
14-01-2026 11:15||NIFTY27JAN2624600PE,0.1427641755485042
14-01-2026 11:15||NIFTY27JAN2625200CE,0.12139741346284956
14-01-2026 11:15||NIFTY27JAN2625300CE,0.11708700294986124
14-01-2026 11:15||NIFTY27JAN2625500CE,0.10957455042692868
14-01-2026 11:15||NIFTY27JAN2625800CE,0.10177138759312905
14-01-2026 11:15||NIFTY27JAN2626000CE,0.09904855632078478
14-01-2026 11:20||NIFTY27JAN2623800PE,0.1981749064403879
14-01-2026 11:20||NIFTY27JAN2623900PE,0.19097836266963839
14-01-2026 11:20||NIFTY27JAN2624600PE,0.14400679837042663
14-01-2026 11:20||NIFTY27JAN2624800PE,0.131556843193406
14-01-2026 11:20||NIFTY27JAN2625100PE,0.11666602451879426
14-01-2026 11:20||NIFTY27JAN2625200CE,0.10831649474803476
14-01-2026 11:20||NIFTY27JAN2625300CE,0.10727455547316189
14-01-2026 11:20||NIFTY27JAN2625600CE,0.10160844670785685
14-01-2026 11:20||NIFTY27JAN2625800CE,0.09824022343736864
14-01-2026 11:20||NIFTY27JAN2625900CE,0.09700408963172619
14-01-2026 11:25||NIFTY27JAN2623900PE,0.18820030816034555
14-01-2026 11:25||NIFTY27JAN2624700PE,0.13535860969963448
14-01-2026 11:25||NIFTY27JAN2624900PE,0.12348391623068444
14-01-2026 11:25||NIFTY27JAN2625400CE,0.1285537521946178
14-01-2026 11:25||NIFTY27JAN2626200CE,0.10284834946550533
14-01-2026 11:30||NIFTY27JAN2623900PE,0.1915871988043572
14-01-2026 11:30||NIFTY27JAN2624200PE,0.1714708817879812
14-01-2026 11:30||NIFTY27JAN2624300PE,0.16514558837809717
14-01-2026 11:30||NIFTY27JAN2624400PE,0.1588721709810676
14-01-2026 11:30||NIFTY27JAN2625000PE,0.12068420950902814
14-01-2026 11:30||NIFTY27JAN2625100PE,0.11452482564542124
14-01-2026 11:30||NIFTY27JAN2625300CE,0.107326950878348
14-01-2026 11:30||NIFTY27JAN2625700CE,0.09979107526473296
14-01-2026 11:30||NIFTY27JAN2625800CE,0.09849057288430466
14-01-2026 11:30||NIFTY27JAN2625900CE,0.09725978731272025
14-01-2026 11:30||NIFTY27JAN2626000CE,0.09601733241977628
14-01-2026 11:35||NIFTY27JAN2623800PE,0.19803876734208675
14-01-2026 11:35||NIFTY27JAN2623900PE,0.19109692128206707
14-01-2026 11:35||NIFTY27JAN2624100PE,0.17748852419685268
14-01-2026 11:35||NIFTY27JAN2624400PE,0.15771190183669093
14-01-2026 11:35||NIFTY27JAN2624500PE,0.15119084548419753
14-01-2026 11:35||NIFTY27JAN2624600PE,0.14467888071785648
14-01-2026 11:35||NIFTY27JAN2624700PE,0.138185737744418
14-01-2026 11:35||NIFTY27JAN2625100PE,0.11567105839329003
14-01-2026 11:35||NIFTY27JAN2625500CE,0.10422280302604194
14-01-2026 11:35||NIFTY27JAN2625700CE,0.10051403481713715
14-01-2026 11:35||NIFTY27JAN2626100CE,0.0971818513608905
14-01-2026 11:35||NIFTY27JAN2626200CE,0.09770270366052689
14-01-2026 11:35||NIFTY27JAN2626500CE,0.10215607719552718
14-01-2026 11:40||NIFTY27JAN2623900PE,0.19022378230556297
14-01-2026 11:40||NIFTY27JAN2624700PE,0.13816720331830412
14-01-2026 11:40||NIFTY27JAN2625500CE,0.10183691585183652
14-01-2026 11:40||NIFTY27JAN2625600CE,0.09983513368169056
14-01-2026 11:40||NIFTY27JAN2626500CE,0.1019957763945641
14-01-2026 11:45||NIFTY27JAN2623900PE,0.1902036718782159
14-01-2026 11:45||NIFTY27JAN2624200PE,0.17011562509849704
14-01-2026 11:45||NIFTY27JAN2624300PE,0.16342986429482484
14-01-2026 11:45||NIFTY27JAN2624500PE,0.14998929743586725
14-01-2026 11:45||NIFTY27JAN2625200CE,0.13644575423603067
14-01-2026 11:45||NIFTY27JAN2625300CE,0.12874337803296157
14-01-2026 11:45||NIFTY27JAN2626400CE,0.1027484111441634
14-01-2026 11:50||NIFTY27JAN2623900PE,0.19096462459753516
14-01-2026 11:50||NIFTY27JAN2624200PE,0.17128755513582458
14-01-2026 11:50||NIFTY27JAN2624400PE,0.15800191773419683
14-01-2026 11:50||NIFTY27JAN2625100PE,0.11575815600519503
14-01-2026 11:50||NIFTY27JAN2625200CE,0.11943179175042726
14-01-2026 11:50||NIFTY27JAN2625500CE,0.10573013367478021
14-01-2026 11:50||NIFTY27JAN2625700CE,0.10072239803994076
14-01-2026 11:50||NIFTY27JAN2625800CE,0.09872622309919536
14-01-2026 11:50||NIFTY27JAN2626100CE,0.0964546524056645
14-01-2026 11:55||NIFTY27JAN2624200PE,0.17143501093585192
14-01-2026 11:55||NIFTY27JAN2624400PE,0.1579778278110613
14-01-2026 11:55||NIFTY27JAN2624800PE,0.13192124959591653
14-01-2026 11:55||NIFTY27JAN2625200CE,0.11394594041732353
14-01-2026 11:55||NIFTY27JAN2625600CE,0.10176621540704592
14-01-2026 11:55||NIFTY27JAN2626500CE,0.10143959282930892
14-01-2026 12:00||NIFTY27JAN2623800PE,0.20082918309791556
14-01-2026 12:00||NIFTY27JAN2624400PE,0.15923541729878588
14-01-2026 12:00||NIFTY27JAN2624900PE,0.12663818931909948
14-01-2026 12:00||NIFTY27JAN2625000PE,0.12054864977989158
14-01-2026 12:00||NIFTY27JAN2625100PE,0.1146309791612051
14-01-2026 12:00||NIFTY27JAN2626400CE,0.09886129078098041
14-01-2026 12:05||NIFTY27JAN2624400PE,0.15937387191624602
14-01-2026 12:05||NIFTY27JAN2624600PE,0.14608602512777852
14-01-2026 12:05||NIFTY27JAN2624800PE,0.13357871275854694
14-01-2026 12:05||NIFTY27JAN2624900PE,0.12781216761101113
14-01-2026 12:05||NIFTY27JAN2626500CE,0.0976284318495976
14-01-2026 12:10||NIFTY27JAN2624400PE,0.15709642589317682
14-01-2026 12:10||NIFTY27JAN2624600PE,0.143772549280968
14-01-2026 12:10||NIFTY27JAN2624800PE,0.13165119984251428
14-01-2026 12:10||NIFTY27JAN2624900PE,0.1260576633354344
14-01-2026 12:10||NIFTY27JAN2625100PE,0.11590089141974283
14-01-2026 12:10||NIFTY27JAN2625400CE,0.1009816264783826
14-01-2026 12:10||NIFTY27JAN2625900CE,0.09316628387119003
14-01-2026 12:10||NIFTY27JAN2626200CE,0.09403165580623249
14-01-2026 12:10||NIFTY27JAN2626300CE,0.09557987365460668
14-01-2026 12:15||NIFTY27JAN2624000PE,0.1817278086357454
14-01-2026 12:15||NIFTY27JAN2624200PE,0.16845185684697156
14-01-2026 12:15||NIFTY27JAN2624600PE,0.1419041615894891
14-01-2026 12:15||NIFTY27JAN2624700PE,0.1352585523418513
14-01-2026 12:15||NIFTY27JAN2624800PE,0.128763770369969
14-01-2026 12:15||NIFTY27JAN2625100PE,0.11085524966355376
14-01-2026 12:15||NIFTY27JAN2625200CE,0.13356653237664684
14-01-2026 12:15||NIFTY27JAN2626500CE,0.10412470964683805
14-01-2026 12:20||NIFTY27JAN2623800PE,0.1984577229807104
14-01-2026 12:20||NIFTY27JAN2623900PE,0.19163286611008873
14-01-2026 12:20||NIFTY27JAN2624600PE,0.14459595162365557
14-01-2026 12:20||NIFTY27JAN2625100PE,0.11567402603473372
14-01-2026 12:20||NIFTY27JAN2625300CE,0.1010226427773778
14-01-2026 12:20||NIFTY27JAN2626400CE,0.09765496557067327
14-01-2026 12:25||NIFTY27JAN2624500PE,0.15101621382248775
14-01-2026 12:25||NIFTY27JAN2624700PE,0.13820892296422888
14-01-2026 12:25||NIFTY27JAN2625400CE,0.09617653008426573
14-01-2026 12:25||NIFTY27JAN2625500CE,0.09550871248313916
14-01-2026 12:25||NIFTY27JAN2625900CE,0.09220406899212809
14-01-2026 12:25||NIFTY27JAN2626200CE,0.09304377132901101
14-01-2026 12:25||NIFTY27JAN2626400CE,0.09735973737093828
14-01-2026 12:30||NIFTY27JAN2623900PE,0.19048832229786372
14-01-2026 12:30||NIFTY27JAN2624300PE,0.16398176945770976
14-01-2026 12:30||NIFTY27JAN2624400PE,0.15743696914283328
14-01-2026 12:30||NIFTY27JAN2624700PE,0.13769022784600335
14-01-2026 12:30||NIFTY27JAN2624900PE,0.1257024819796399
14-01-2026 12:30||NIFTY27JAN2625800CE,0.09684341524549847
14-01-2026 12:30||NIFTY27JAN2626200CE,0.09374933316143208
14-01-2026 12:30||NIFTY27JAN2626300CE,0.0939940910926385
14-01-2026 12:30||NIFTY27JAN2626400CE,0.09457266531307407
14-01-2026 12:30||NIFTY27JAN2626500CE,0.09550148655680632
14-01-2026 12:35||NIFTY27JAN2623900PE,0.19104040836363795
14-01-2026 12:35||NIFTY27JAN2625300CE,0.10648726646640688
14-01-2026 12:35||NIFTY27JAN2625400CE,0.10382108077238222
14-01-2026 12:35||NIFTY27JAN2625500CE,0.10129654929651775
14-01-2026 12:35||NIFTY27JAN2625700CE,0.09694023758468304
14-01-2026 12:35||NIFTY27JAN2625900CE,0.09448163674039753
14-01-2026 12:35||NIFTY27JAN2626200CE,0.09435947442743495
14-01-2026 12:35||NIFTY27JAN2626300CE,0.0958869130991537
14-01-2026 12:40||NIFTY27JAN2626000CE,0.09059394490236151
14-01-2026 12:45||NIFTY27JAN2624600PE,0.14319367492316687
14-01-2026 12:45||NIFTY27JAN2625600CE,0.09659476812539058
14-01-2026 12:45||NIFTY27JAN2625700CE,0.09490527692287193
14-01-2026 12:45||NIFTY27JAN2625900CE,0.09304541919535596
14-01-2026 12:45||NIFTY27JAN2626100CE,0.09300764208774644
14-01-2026 12:50||NIFTY27JAN2623800PE,0.19479869354903262
14-01-2026 12:50||NIFTY27JAN2624900PE,0.12470871634707176
14-01-2026 12:50||NIFTY27JAN2626300CE,0.09547289623866309
14-01-2026 12:50||NIFTY27JAN2626500CE,0.10037847013052456
14-01-2026 12:55||NIFTY27JAN2623900PE,0.18843537680525696
14-01-2026 12:55||NIFTY27JAN2624300PE,0.16207278923772278
14-01-2026 12:55||NIFTY27JAN2625000PE,0.118268895470796
14-01-2026 12:55||NIFTY27JAN2626100CE,0.09487464080791344
14-01-2026 13:00||NIFTY27JAN2624000PE,0.18192982621871434
14-01-2026 13:00||NIFTY27JAN2624300PE,0.1622091938556199
14-01-2026 13:00||NIFTY27JAN2624400PE,0.15587537606677992
14-01-2026 13:00||NIFTY27JAN2624700PE,0.13654174175401967
14-01-2026 13:00||NIFTY27JAN2625400CE,0.09899349584438719
14-01-2026 13:00||NIFTY27JAN2625500CE,0.09771292137832296
14-01-2026 13:00||NIFTY27JAN2625700CE,0.09527310950144313
14-01-2026 13:00||NIFTY27JAN2625800CE,0.0941114112726945
14-01-2026 13:00||NIFTY27JAN2625900CE,0.09307014001799535
14-01-2026 13:00||NIFTY27JAN2626200CE,0.09349372117732258
14-01-2026 13:00||NIFTY27JAN2626300CE,0.0952015705212251
14-01-2026 13:00||NIFTY27JAN2626500CE,0.1003313801875334
14-01-2026 13:05||NIFTY27JAN2623800PE,0.1962200227621362
14-01-2026 13:05||NIFTY27JAN2624000PE,0.18246342517725478
14-01-2026 13:05||NIFTY27JAN2624400PE,0.1559994974352747
14-01-2026 13:05||NIFTY27JAN2624600PE,0.14263079842014997
14-01-2026 13:05||NIFTY27JAN2624800PE,0.12975101998711183
14-01-2026 13:05||NIFTY27JAN2624900PE,0.12386067114878926
14-01-2026 13:05||NIFTY27JAN2625100PE,0.11215014754460616
14-01-2026 13:05||NIFTY27JAN2625300CE,0.10578438176259444
14-01-2026 13:05||NIFTY27JAN2625800CE,0.09632205739586308
14-01-2026 13:05||NIFTY27JAN2626200CE,0.0952924714564166
14-01-2026 13:05||NIFTY27JAN2626300CE,0.09679632675193763
14-01-2026 13:10||NIFTY27JAN2624000PE,0.18295015608148577
14-01-2026 13:10||NIFTY27JAN2624500PE,0.14986274047503056
14-01-2026 13:10||NIFTY27JAN2624600PE,0.1434255295223006
14-01-2026 13:10||NIFTY27JAN2624700PE,0.13706818141609217
14-01-2026 13:10||NIFTY27JAN2624900PE,0.12493640976328144
14-01-2026 13:10||NIFTY27JAN2625300CE,0.0984578395236587
14-01-2026 13:10||NIFTY27JAN2625800CE,0.09020742603000842
14-01-2026 13:10||NIFTY27JAN2625900CE,0.08995886124765076
14-01-2026 13:10||NIFTY27JAN2626400CE,0.09612223650639266
14-01-2026 13:15||NIFTY27JAN2623900PE,0.18822442488953414
14-01-2026 13:15||NIFTY27JAN2624000PE,0.1817108987285571
14-01-2026 13:15||NIFTY27JAN2624300PE,0.16161044738656188
14-01-2026 13:15||NIFTY27JAN2624600PE,0.14212365668487942
14-01-2026 13:15||NIFTY27JAN2624800PE,0.12975343511217052
14-01-2026 13:15||NIFTY27JAN2625200CE,0.10746484990768013
14-01-2026 13:15||NIFTY27JAN2625600CE,0.09382788479382154
14-01-2026 13:15||NIFTY27JAN2626100CE,0.0919590759493219
14-01-2026 13:15||NIFTY27JAN2626200CE,0.09307466753936508
14-01-2026 13:20||NIFTY27JAN2624400PE,0.15484102386301757
14-01-2026 13:20||NIFTY27JAN2624700PE,0.13574182691471134
14-01-2026 13:20||NIFTY27JAN2624900PE,0.1244806367159987
14-01-2026 13:20||NIFTY27JAN2625100PE,0.11428903378880054
14-01-2026 13:20||NIFTY27JAN2625200CE,0.09487388269714601
14-01-2026 13:20||NIFTY27JAN2625300CE,0.09256364951786157
14-01-2026 13:20||NIFTY27JAN2625600CE,0.08924759907092603
14-01-2026 13:20||NIFTY27JAN2625900CE,0.08893121370201615
14-01-2026 13:25||NIFTY27JAN2623900PE,0.18543281272241807
14-01-2026 13:25||NIFTY27JAN2624100PE,0.17278532752311604
14-01-2026 13:25||NIFTY27JAN2624200PE,0.1662570289149241
14-01-2026 13:25||NIFTY27JAN2624300PE,0.15970390720435648
14-01-2026 13:25||NIFTY27JAN2624700PE,0.1341059981080674
14-01-2026 13:25||NIFTY27JAN2624900PE,0.12258201918062318
14-01-2026 13:25||NIFTY27JAN2625200CE,0.10688934061346902
14-01-2026 13:25||NIFTY27JAN2625600CE,0.09595403802162705
14-01-2026 13:25||NIFTY27JAN2626400CE,0.09889911923614575
14-01-2026 13:25||NIFTY27JAN2626500CE,0.10272213034894752
14-01-2026 13:30||NIFTY27JAN2624200PE,0.16642074060401432
14-01-2026 13:30||NIFTY27JAN2624300PE,0.15973865783003557
14-01-2026 13:30||NIFTY27JAN2625200CE,0.09642998593575217
14-01-2026 13:30||NIFTY27JAN2625600CE,0.09088341575588572
14-01-2026 13:30||NIFTY27JAN2625700CE,0.09025361668669998
14-01-2026 13:30||NIFTY27JAN2626500CE,0.10099186427133361
14-01-2026 13:35||NIFTY27JAN2624000PE,0.17794142985356376
14-01-2026 13:35||NIFTY27JAN2624100PE,0.1714844806213685
14-01-2026 13:35||NIFTY27JAN2625100PE,0.11549701843728544
14-01-2026 13:35||NIFTY27JAN2625500CE,0.08092149562269368
14-01-2026 13:35||NIFTY27JAN2625700CE,0.0839971866391681
14-01-2026 13:40||NIFTY27JAN2624900PE,0.12066911320529432
14-01-2026 13:40||NIFTY27JAN2625300CE,0.09759193817461098
14-01-2026 13:40||NIFTY27JAN2626000CE,0.09344399532620608
14-01-2026 13:40||NIFTY27JAN2626200CE,0.09656038693808142
14-01-2026 13:40||NIFTY27JAN2626500CE,0.10549905223973671
14-01-2026 13:45||NIFTY27JAN2624100PE,0.16823223197799597
14-01-2026 13:45||NIFTY27JAN2624200PE,0.161726122834774
14-01-2026 13:45||NIFTY27JAN2624400PE,0.14880314447260967
14-01-2026 13:45||NIFTY27JAN2624600PE,0.1367036578764926
14-01-2026 13:45||NIFTY27JAN2624700PE,0.13093353484007567
14-01-2026 13:45||NIFTY27JAN2624800PE,0.12524018090570235
14-01-2026 13:45||NIFTY27JAN2624900PE,0.1196199844975436
14-01-2026 13:45||NIFTY27JAN2625400CE,0.10254824229043152
14-01-2026 13:45||NIFTY27JAN2626200CE,0.09861830518357378
14-01-2026 13:45||NIFTY27JAN2626300CE,0.10123077498049021
14-01-2026 13:45||NIFTY27JAN2626400CE,0.1043166540041188
14-01-2026 13:50||NIFTY27JAN2623800PE,0.18825917430908337
14-01-2026 13:50||NIFTY27JAN2624600PE,0.13850318691657446
14-01-2026 13:50||NIFTY27JAN2625400CE,0.0858607922308989
14-01-2026 13:50||NIFTY27JAN2625600CE,0.0876898933644669
14-01-2026 13:50||NIFTY27JAN2626300CE,0.09857534320382376
14-01-2026 13:55||NIFTY27JAN2623800PE,0.18681105978764623
14-01-2026 13:55||NIFTY27JAN2624100PE,0.1679117235757231
14-01-2026 13:55||NIFTY27JAN2624600PE,0.13614949987076744
14-01-2026 13:55||NIFTY27JAN2624900PE,0.11968400649247815
14-01-2026 13:55||NIFTY27JAN2625200CE,0.1025311508174104
14-01-2026 13:55||NIFTY27JAN2626100CE,0.09756779583604591
14-01-2026 13:55||NIFTY27JAN2626200CE,0.0994543383692792
14-01-2026 14:00||NIFTY27JAN2623800PE,0.19094300397842412
14-01-2026 14:00||NIFTY27JAN2623900PE,0.18354126320172953
14-01-2026 14:00||NIFTY27JAN2624400PE,0.14958802394207887
14-01-2026 14:00||NIFTY27JAN2624500PE,0.14337499681633875
14-01-2026 14:00||NIFTY27JAN2625400CE,0.09221135332342731
14-01-2026 14:05||NIFTY27JAN2624000PE,0.17510318777497086
14-01-2026 14:05||NIFTY27JAN2624300PE,0.1551952805197923
14-01-2026 14:05||NIFTY27JAN2624700PE,0.13020093841572125
14-01-2026 14:05||NIFTY27JAN2624800PE,0.12464559163082087
14-01-2026 14:05||NIFTY27JAN2625200CE,0.10935618858369266
14-01-2026 14:05||NIFTY27JAN2625700CE,0.09805491996044574
14-01-2026 14:05||NIFTY27JAN2625900CE,0.09710023593506859
14-01-2026 14:10||NIFTY27JAN2624200PE,0.16216371167816043
14-01-2026 14:10||NIFTY27JAN2624700PE,0.1298039086192806
14-01-2026 14:10||NIFTY27JAN2624800PE,0.12384043220837028
14-01-2026 14:10||NIFTY27JAN2625400CE,0.10595710157521422
14-01-2026 14:10||NIFTY27JAN2625700CE,0.09964575706473397
14-01-2026 14:10||NIFTY27JAN2626100CE,0.0989287500472732
14-01-2026 14:15||NIFTY27JAN2623800PE,0.18945340111833225
14-01-2026 14:15||NIFTY27JAN2624600PE,0.13804629188329715
14-01-2026 14:15||NIFTY27JAN2625000PE,0.11640062488247221
14-01-2026 14:15||NIFTY27JAN2625300CE,0.0920881464761925
14-01-2026 14:15||NIFTY27JAN2625600CE,0.0922919845776361
14-01-2026 14:15||NIFTY27JAN2625800CE,0.09200733007707476
14-01-2026 14:15||NIFTY27JAN2625900CE,0.09263197120992175
14-01-2026 14:15||NIFTY27JAN2626000CE,0.09346329483545353
14-01-2026 14:15||NIFTY27JAN2626200CE,0.09636897371434033
14-01-2026 14:15||NIFTY27JAN2626500CE,0.10640599324285287
14-01-2026 14:20||NIFTY27JAN2624400PE,0.14962818407226436
14-01-2026 14:20||NIFTY27JAN2624900PE,0.1207826951805755
14-01-2026 14:20||NIFTY27JAN2625100PE,0.11197585841027005
14-01-2026 14:20||NIFTY27JAN2626100CE,0.09621948559636613
14-01-2026 14:25||NIFTY27JAN2623800PE,0.18610411786274175
14-01-2026 14:25||NIFTY27JAN2624200PE,0.16071831918042423
14-01-2026 14:25||NIFTY27JAN2625100PE,0.10905032405589551
14-01-2026 14:25||NIFTY27JAN2625600CE,0.10199421128534576
14-01-2026 14:25||NIFTY27JAN2626100CE,0.10086070216668225
14-01-2026 14:25||NIFTY27JAN2626400CE,0.10832012232236485
14-01-2026 14:30||NIFTY27JAN2623800PE,0.19009227475102777
14-01-2026 14:30||NIFTY27JAN2623900PE,0.18260161368351313
14-01-2026 14:30||NIFTY27JAN2624300PE,0.15441638001976435
14-01-2026 14:30||NIFTY27JAN2624500PE,0.1415584250889468
14-01-2026 14:30||NIFTY27JAN2625000PE,0.1128189888052078
14-01-2026 14:30||NIFTY27JAN2625100PE,0.1076713017781523
14-01-2026 14:30||NIFTY27JAN2625300CE,0.10799509670136542
14-01-2026 14:30||NIFTY27JAN2625400CE,0.10587333826957616
14-01-2026 14:30||NIFTY27JAN2626000CE,0.09927734797269239
14-01-2026 14:30||NIFTY27JAN2626100CE,0.10044142861930139
14-01-2026 14:30||NIFTY27JAN2626400CE,0.10615985124393701
14-01-2026 14:30||NIFTY27JAN2626500CE,0.10888751312366893
14-01-2026 14:35||NIFTY27JAN2623800PE,0.1878481912962448
14-01-2026 14:35||NIFTY27JAN2624000PE,0.17486550130572942
14-01-2026 14:35||NIFTY27JAN2624300PE,0.15492692020796722
14-01-2026 14:35||NIFTY27JAN2624500PE,0.14176334903623106
14-01-2026 14:35||NIFTY27JAN2625500CE,0.10831205074248668
14-01-2026 14:35||NIFTY27JAN2625900CE,0.10021747673468813
14-01-2026 14:35||NIFTY27JAN2626400CE,0.10797031541863067
14-01-2026 14:40||NIFTY27JAN2624300PE,0.15694316717631024
14-01-2026 14:40||NIFTY27JAN2624400PE,0.15018742250193803
14-01-2026 14:40||NIFTY27JAN2624500PE,0.14353380873986307
14-01-2026 14:40||NIFTY27JAN2624700PE,0.13100925231933996
14-01-2026 14:40||NIFTY27JAN2624800PE,0.12521345942987155
14-01-2026 14:40||NIFTY27JAN2625000PE,0.11431002657138445
14-01-2026 14:40||NIFTY27JAN2625400CE,0.10617719332671001
14-01-2026 14:40||NIFTY27JAN2625800CE,0.09796845788200446
14-01-2026 14:40||NIFTY27JAN2626300CE,0.10224324208259834
14-01-2026 14:40||NIFTY27JAN2626500CE,0.1088746162087983
14-01-2026 14:45||NIFTY27JAN2624500PE,0.14632667720474427
14-01-2026 14:45||NIFTY27JAN2624600PE,0.13976811868872546
14-01-2026 14:45||NIFTY27JAN2624800PE,0.12752419736751436
14-01-2026 14:45||NIFTY27JAN2625100PE,0.11197733030560016
14-01-2026 14:45||NIFTY27JAN2625400CE,0.0982277599680921
14-01-2026 14:45||NIFTY27JAN2625500CE,0.09733103544226943
14-01-2026 14:45||NIFTY27JAN2625600CE,0.09652500825382511
14-01-2026 14:45||NIFTY27JAN2625800CE,0.09464050204468506
14-01-2026 14:45||NIFTY27JAN2626100CE,0.09661752843556565
14-01-2026 14:45||NIFTY27JAN2626200CE,0.0986480516628528
14-01-2026 14:45||NIFTY27JAN2626300CE,0.10091447112602484
14-01-2026 14:50||NIFTY27JAN2624400PE,0.1529867560210838
14-01-2026 14:50||NIFTY27JAN2624600PE,0.1397899976643429
14-01-2026 14:50||NIFTY27JAN2624900PE,0.12232229114116133
14-01-2026 14:50||NIFTY27JAN2625100PE,0.11189538056577725
14-01-2026 14:50||NIFTY27JAN2625200CE,0.10621295149467946
14-01-2026 14:50||NIFTY27JAN2625300CE,0.10339292074468727
14-01-2026 14:50||NIFTY27JAN2625700CE,0.09564968850786698
14-01-2026 14:50||NIFTY27JAN2625800CE,0.09474628998551532
14-01-2026 14:50||NIFTY27JAN2626300CE,0.09981309106157793
14-01-2026 14:55||NIFTY27JAN2624100PE,0.17176579064990316
14-01-2026 14:55||NIFTY27JAN2624200PE,0.16528282660101046
14-01-2026 14:55||NIFTY27JAN2624300PE,0.1590042441675897
14-01-2026 14:55||NIFTY27JAN2624400PE,0.1527588319911498
14-01-2026 14:55||NIFTY27JAN2624600PE,0.1397612040268113
14-01-2026 14:55||NIFTY27JAN2624800PE,0.12742984970730264
14-01-2026 14:55||NIFTY27JAN2625100PE,0.11091263961562392
14-01-2026 14:55||NIFTY27JAN2625300CE,0.09640575264054654
14-01-2026 14:55||NIFTY27JAN2625400CE,0.09428205392903487
14-01-2026 14:55||NIFTY27JAN2625600CE,0.09151443403874837
14-01-2026 14:55||NIFTY27JAN2626400CE,0.10096470116300586
14-01-2026 15:00||NIFTY27JAN2623800PE,0.18846459763275936
14-01-2026 15:00||NIFTY27JAN2624100PE,0.17003428122564013
14-01-2026 15:00||NIFTY27JAN2624300PE,0.1566675657837951
14-01-2026 15:00||NIFTY27JAN2624700PE,0.13145643030055526
14-01-2026 15:00||NIFTY27JAN2625600CE,0.09976310753263865
14-01-2026 15:00||NIFTY27JAN2625800CE,0.09661640431062929
14-01-2026 15:05||NIFTY27JAN2623900PE,0.1850190506800973
14-01-2026 15:05||NIFTY27JAN2624400PE,0.1527452724388949
14-01-2026 15:05||NIFTY27JAN2624800PE,0.12838299276938808
14-01-2026 15:05||NIFTY27JAN2626300CE,0.09962699489122358
14-01-2026 15:10||NIFTY27JAN2624100PE,0.16993370448892942
14-01-2026 15:10||NIFTY27JAN2624400PE,0.15111884334871428
14-01-2026 15:10||NIFTY27JAN2624500PE,0.14480963292064575
14-01-2026 15:10||NIFTY27JAN2624600PE,0.13855881353312532
14-01-2026 15:10||NIFTY27JAN2624900PE,0.12226967958079171
14-01-2026 15:10||NIFTY27JAN2625400CE,0.09722195287292054
14-01-2026 15:10||NIFTY27JAN2625500CE,0.09621799471908313
14-01-2026 15:10||NIFTY27JAN2626200CE,0.09884224076217837
14-01-2026 15:15||NIFTY27JAN2623800PE,0.18971434397518463
14-01-2026 15:15||NIFTY27JAN2623900PE,0.18272020062667746
14-01-2026 15:15||NIFTY27JAN2624200PE,0.1623777358595753
14-01-2026 15:15||NIFTY27JAN2624400PE,0.14920021942975917
14-01-2026 15:15||NIFTY27JAN2624500PE,0.14254968575636057
14-01-2026 15:15||NIFTY27JAN2624700PE,0.13052653270675352
14-01-2026 15:15||NIFTY27JAN2625100PE,0.11057725131311767
14-01-2026 15:15||NIFTY27JAN2625500CE,0.10400632711138727
14-01-2026 15:15||NIFTY27JAN2625600CE,0.10190824122229195
14-01-2026 15:15||NIFTY27JAN2625700CE,0.0999872701587893
14-01-2026 15:15||NIFTY27JAN2625900CE,0.09816883147088465
14-01-2026 15:15||NIFTY27JAN2626100CE,0.09931105427432299
14-01-2026 15:15||NIFTY27JAN2626500CE,0.10909264423319182
14-01-2026 15:20||NIFTY27JAN2624000PE,0.1761890925697157
14-01-2026 15:20||NIFTY27JAN2624500PE,0.14276640921725928
14-01-2026 15:20||NIFTY27JAN2624700PE,0.1300196070813736
14-01-2026 15:20||NIFTY27JAN2624800PE,0.12349767560238106
14-01-2026 15:20||NIFTY27JAN2624900PE,0.11698402664296396
14-01-2026 15:20||NIFTY27JAN2625000PE,0.11047834122205709
14-01-2026 15:20||NIFTY27JAN2625100PE,0.10398062892483208
14-01-2026 15:20||NIFTY27JAN2626100CE,0.1004137530326539
14-01-2026 15:20||NIFTY27JAN2626300CE,0.10446064666479522
14-01-2026 15:20||NIFTY27JAN2626400CE,0.10723506829047065
14-01-2026 15:25||NIFTY27JAN2623900PE,0.18504093588683596
14-01-2026 15:25||NIFTY27JAN2624300PE,0.15836985638098813
14-01-2026 15:25||NIFTY27JAN2624600PE,0.13942800436035668
14-01-2026 15:25||NIFTY27JAN2625100PE,0.11384103317691793
14-01-2026 15:25||NIFTY27JAN2625200CE,0.10583635380087297
14-01-2026 15:25||NIFTY27JAN2626000CE,0.09744310282936566
14-01-2026 15:25||NIFTY27JAN2626100CE,0.09862016340593678
14-01-2026 15:25||NIFTY27JAN2626400CE,0.10434926984222506
14-01-2026 15:25||NIFTY27JAN2626500CE,0.1071366288316419
16-01-2026 09:15||NIFTY27JAN2623800PE,0.19805452640236143
16-01-2026 09:15||NIFTY27JAN2624100PE,0.1791133077439621
16-01-2026 09:15||NIFTY27JAN2624200PE,0.17185189263330378
16-01-2026 09:15||NIFTY27JAN2624300PE,0.16453158288058278
16-01-2026 09:15||NIFTY27JAN2624800PE,0.13099590799315078
16-01-2026 09:15||NIFTY27JAN2625000PE,0.11915965276712703
16-01-2026 09:15||NIFTY27JAN2626000CE,0.10739233945347057
16-01-2026 09:15||NIFTY27JAN2626100CE,0.10652826155580677
16-01-2026 09:20||NIFTY27JAN2624000PE,0.18562624088383195
16-01-2026 09:20||NIFTY27JAN2624100PE,0.17810706507407525
16-01-2026 09:20||NIFTY27JAN2624400PE,0.1579559818653669
16-01-2026 09:20||NIFTY27JAN2624500PE,0.1511736711413621
16-01-2026 09:20||NIFTY27JAN2624600PE,0.1444232191800589
16-01-2026 09:20||NIFTY27JAN2625000PE,0.1207240464144072
16-01-2026 09:20||NIFTY27JAN2625200CE,0.12142473211726183
16-01-2026 09:20||NIFTY27JAN2625400CE,0.11117320892261172
16-01-2026 09:20||NIFTY27JAN2625700CE,0.10209473032129072
16-01-2026 09:20||NIFTY27JAN2625900CE,0.09912112626268726
16-01-2026 09:20||NIFTY27JAN2626000CE,0.09846434733550674
16-01-2026 09:20||NIFTY27JAN2626200CE,0.09906264412241189
16-01-2026 09:25||NIFTY27JAN2624300PE,0.160689507932971
16-01-2026 09:25||NIFTY27JAN2624500PE,0.14778579811712722
16-01-2026 09:25||NIFTY27JAN2624600PE,0.1413834658996976
16-01-2026 09:25||NIFTY27JAN2624700PE,0.13499307732101268
16-01-2026 09:25||NIFTY27JAN2625300CE,0.13033055907276347
16-01-2026 09:25||NIFTY27JAN2625600CE,0.11152176867266193
16-01-2026 09:25||NIFTY27JAN2626300CE,0.10082695177925872
16-01-2026 09:25||NIFTY27JAN2626400CE,0.10325506671646882
16-01-2026 09:25||NIFTY27JAN2626500CE,0.10688737870191299
16-01-2026 09:30||NIFTY27JAN2623800PE,0.1961546302495873
16-01-2026 09:30||NIFTY27JAN2624300PE,0.1597858682754804
16-01-2026 09:30||NIFTY27JAN2624400PE,0.15310783892351748
16-01-2026 09:30||NIFTY27JAN2624900PE,0.1223485867331984
16-01-2026 09:30||NIFTY27JAN2625100PE,0.1119579442714807
16-01-2026 09:30||NIFTY27JAN2625300CE,0.11334639439172405
16-01-2026 09:30||NIFTY27JAN2625500CE,0.10601183606753291
16-01-2026 09:30||NIFTY27JAN2625700CE,0.10131839729253173
16-01-2026 09:30||NIFTY27JAN2625900CE,0.09735986186417242
16-01-2026 09:30||NIFTY27JAN2626000CE,0.09606301144065629
16-01-2026 09:35||NIFTY27JAN2624100PE,0.1743613021399491
16-01-2026 09:35||NIFTY27JAN2624200PE,0.16719130094944046
16-01-2026 09:35||NIFTY27JAN2624700PE,0.1332285154087392
16-01-2026 09:35||NIFTY27JAN2624800PE,0.12743569642999986
16-01-2026 09:35||NIFTY27JAN2625100PE,0.11238060458431823
16-01-2026 09:35||NIFTY27JAN2625900CE,0.09745668571234295
16-01-2026 09:35||NIFTY27JAN2626300CE,0.09914017628196012
16-01-2026 09:35||NIFTY27JAN2626400CE,0.10178192281296368
16-01-2026 09:40||NIFTY27JAN2623800PE,0.19490793532513864
16-01-2026 09:40||NIFTY27JAN2624200PE,0.166434816962514
16-01-2026 09:40||NIFTY27JAN2624300PE,0.15972703919048514
16-01-2026 09:40||NIFTY27JAN2624800PE,0.12440889825093479
16-01-2026 09:40||NIFTY27JAN2625700CE,0.11233868818484255
16-01-2026 09:40||NIFTY27JAN2625900CE,0.10464279658095454
16-01-2026 09:40||NIFTY27JAN2626300CE,0.10100191913062534
16-01-2026 09:40||NIFTY27JAN2626500CE,0.10526159218317056
16-01-2026 09:45||NIFTY27JAN2623900PE,0.18993656601641837
16-01-2026 09:45||NIFTY27JAN2624500PE,0.14670508131949628
16-01-2026 09:45||NIFTY27JAN2624800PE,0.12550577048062053
16-01-2026 09:45||NIFTY27JAN2624900PE,0.119552767405597
16-01-2026 09:45||NIFTY27JAN2625400CE,0.12643139501994793
16-01-2026 09:45||NIFTY27JAN2626000CE,0.10249171811863858
16-01-2026 09:45||NIFTY27JAN2626100CE,0.10114964183420308
16-01-2026 09:50||NIFTY27JAN2623900PE,0.19244032257960672
16-01-2026 09:50||NIFTY27JAN2624000PE,0.1856746276344191
16-01-2026 09:50||NIFTY27JAN2624200PE,0.17182211831120814
16-01-2026 09:50||NIFTY27JAN2624900PE,0.1218390900804201
16-01-2026 09:50||NIFTY27JAN2625200CE,0.13074927215180954
16-01-2026 09:50||NIFTY27JAN2625300CE,0.12426048377477514
16-01-2026 09:50||NIFTY27JAN2625500CE,0.11386865868643707
16-01-2026 09:50||NIFTY27JAN2625600CE,0.10971147369491065
16-01-2026 09:50||NIFTY27JAN2625700CE,0.10588430340086978
16-01-2026 09:50||NIFTY27JAN2625800CE,0.10223290693864259
16-01-2026 09:50||NIFTY27JAN2626000CE,0.09729821593763598
16-01-2026 09:50||NIFTY27JAN2626200CE,0.09681664796943176
16-01-2026 09:55||NIFTY27JAN2623800PE,0.20049653755410768
16-01-2026 09:55||NIFTY27JAN2624000PE,0.1864328208502038
16-01-2026 09:55||NIFTY27JAN2624200PE,0.17245414416090818
16-01-2026 09:55||NIFTY27JAN2624500PE,0.1505361116487468
16-01-2026 09:55||NIFTY27JAN2624900PE,0.12133731083627815
16-01-2026 09:55||NIFTY27JAN2625000PE,0.11460868375902197
16-01-2026 09:55||NIFTY27JAN2625100PE,0.1079923173965644
16-01-2026 09:55||NIFTY27JAN2625300CE,0.11604599537140678
16-01-2026 09:55||NIFTY27JAN2625400CE,0.11128623532293827
16-01-2026 09:55||NIFTY27JAN2625500CE,0.1068696580942955
16-01-2026 09:55||NIFTY27JAN2625700CE,0.0996894781925639
16-01-2026 09:55||NIFTY27JAN2625900CE,0.09563514646200556
16-01-2026 09:55||NIFTY27JAN2626000CE,0.09414308865367767
16-01-2026 09:55||NIFTY27JAN2626400CE,0.09667924960022696
16-01-2026 09:55||NIFTY27JAN2626500CE,0.09961493914954304
16-01-2026 10:00||NIFTY27JAN2624000PE,0.1857358742429916
16-01-2026 10:00||NIFTY27JAN2624100PE,0.17877390302446533
16-01-2026 10:00||NIFTY27JAN2624900PE,0.12054377163190957
16-01-2026 10:00||NIFTY27JAN2625100PE,0.10868434203465782
16-01-2026 10:00||NIFTY27JAN2625400CE,0.13267164770436085
16-01-2026 10:00||NIFTY27JAN2625900CE,0.10511549722851789
16-01-2026 10:00||NIFTY27JAN2626000CE,0.10223792246838322
16-01-2026 10:00||NIFTY27JAN2626400CE,0.10201985334170216
16-01-2026 10:00||NIFTY27JAN2626500CE,0.10487678312461396
16-01-2026 10:05||NIFTY27JAN2624000PE,0.18653350129786073
16-01-2026 10:05||NIFTY27JAN2624100PE,0.1799073250118176
16-01-2026 10:05||NIFTY27JAN2624400PE,0.15830187301894033
16-01-2026 10:05||NIFTY27JAN2624700PE,0.13547337220600825
16-01-2026 10:05||NIFTY27JAN2625100PE,0.11052912709109458
16-01-2026 10:05||NIFTY27JAN2625700CE,0.10999851695003653
16-01-2026 10:05||NIFTY27JAN2626400CE,0.10099901210260284
16-01-2026 10:05||NIFTY27JAN2626500CE,0.10367657065432984
16-01-2026 10:10||NIFTY27JAN2623900PE,0.196036130927941
16-01-2026 10:10||NIFTY27JAN2624800PE,0.1301982728523325
16-01-2026 10:10||NIFTY27JAN2625200CE,0.14439201329343807
16-01-2026 10:10||NIFTY27JAN2625300CE,0.13683202204944886
16-01-2026 10:10||NIFTY27JAN2625400CE,0.1298957033446228
16-01-2026 10:10||NIFTY27JAN2625600CE,0.11804434597037258
16-01-2026 10:10||NIFTY27JAN2626100CE,0.10155483199465275
16-01-2026 10:10||NIFTY27JAN2626400CE,0.10341057010347815
16-01-2026 10:15||NIFTY27JAN2623800PE,0.20664125724237947
16-01-2026 10:15||NIFTY27JAN2624400PE,0.16458536343216468
16-01-2026 10:15||NIFTY27JAN2624500PE,0.1568038170569715
16-01-2026 10:15||NIFTY27JAN2625300CE,0.1592387938548604
16-01-2026 10:15||NIFTY27JAN2626000CE,0.11318720675885438
16-01-2026 10:15||NIFTY27JAN2626100CE,0.11039698391038594
16-01-2026 10:20||NIFTY27JAN2623800PE,0.21090010674302012
16-01-2026 10:20||NIFTY27JAN2624300PE,0.17612492949214836
16-01-2026 10:20||NIFTY27JAN2624500PE,0.16142138346135632
16-01-2026 10:20||NIFTY27JAN2624800PE,0.13871391383037904
16-01-2026 10:20||NIFTY27JAN2625700CE,0.1196516510775879
16-01-2026 10:20||NIFTY27JAN2625900CE,0.11145009219075531
16-01-2026 10:20||NIFTY27JAN2626400CE,0.10495596041109762
16-01-2026 10:25||NIFTY27JAN2624000PE,0.19797230898554766
16-01-2026 10:25||NIFTY27JAN2624200PE,0.18408290943587532
16-01-2026 10:25||NIFTY27JAN2624300PE,0.17708779342250391
16-01-2026 10:25||NIFTY27JAN2624600PE,0.15432499193884103
16-01-2026 10:25||NIFTY27JAN2624800PE,0.1399220925616332
16-01-2026 10:25||NIFTY27JAN2625400CE,0.13992751790493357
16-01-2026 10:25||NIFTY27JAN2625600CE,0.12397964260444694
16-01-2026 10:25||NIFTY27JAN2626000CE,0.10636067496746571
16-01-2026 10:25||NIFTY27JAN2626100CE,0.1039215797157759
16-01-2026 10:25||NIFTY27JAN2626300CE,0.1021422137442454
16-01-2026 10:30||NIFTY27JAN2624200PE,0.1839300182591233
16-01-2026 10:30||NIFTY27JAN2624300PE,0.1765488706145514
16-01-2026 10:30||NIFTY27JAN2624400PE,0.16915950040772687
16-01-2026 10:30||NIFTY27JAN2624800PE,0.14052768162997184
16-01-2026 10:30||NIFTY27JAN2625500CE,0.12535254783212613
16-01-2026 10:35||NIFTY27JAN2624000PE,0.19871082911808968
16-01-2026 10:35||NIFTY27JAN2624200PE,0.1849790561756332
16-01-2026 10:35||NIFTY27JAN2624900PE,0.134990843719482
16-01-2026 10:35||NIFTY27JAN2625100PE,0.12133312224085248
16-01-2026 10:35||NIFTY27JAN2625200CE,0.14863512426536993
16-01-2026 10:35||NIFTY27JAN2625600CE,0.120249122969916
16-01-2026 10:35||NIFTY27JAN2626100CE,0.10122384369828039
16-01-2026 10:35||NIFTY27JAN2626300CE,0.098471642536068
16-01-2026 10:35||NIFTY27JAN2626400CE,0.09811986774507019
16-01-2026 10:35||NIFTY27JAN2626500CE,0.09835799304147572
16-01-2026 10:40||NIFTY27JAN2623800PE,0.212433690717891
16-01-2026 10:40||NIFTY27JAN2624200PE,0.18581287241429706
16-01-2026 10:40||NIFTY27JAN2624700PE,0.14957838098510845
16-01-2026 10:40||NIFTY27JAN2624900PE,0.1358925800109489
16-01-2026 10:40||NIFTY27JAN2626200CE,0.09472974583426882
16-01-2026 10:45||NIFTY27JAN2623800PE,0.21214985044166348
16-01-2026 10:45||NIFTY27JAN2624000PE,0.19822362412570133
16-01-2026 10:45||NIFTY27JAN2624400PE,0.16997808513739682
16-01-2026 10:45||NIFTY27JAN2624600PE,0.1550330019595363
16-01-2026 10:45||NIFTY27JAN2624900PE,0.13444086436899647
16-01-2026 10:45||NIFTY27JAN2625200CE,0.13543732779404297
16-01-2026 10:50||NIFTY27JAN2624100PE,0.19029267646746306
16-01-2026 10:50||NIFTY27JAN2624200PE,0.18306042865720723
16-01-2026 10:50||NIFTY27JAN2624300PE,0.17573812002717443
16-01-2026 10:50||NIFTY27JAN2624400PE,0.16839528081423144
16-01-2026 10:50||NIFTY27JAN2624600PE,0.1539011685956987
16-01-2026 10:50||NIFTY27JAN2625400CE,0.13062147332963703
16-01-2026 10:50||NIFTY27JAN2626300CE,0.09846047003182341
16-01-2026 10:50||NIFTY27JAN2626400CE,0.09968715951726324
16-01-2026 10:55||NIFTY27JAN2623800PE,0.2113409724220257
16-01-2026 10:55||NIFTY27JAN2623900PE,0.20419169732990605
16-01-2026 10:55||NIFTY27JAN2624200PE,0.18300538855906368
16-01-2026 10:55||NIFTY27JAN2624700PE,0.14701453494302147
16-01-2026 10:55||NIFTY27JAN2624900PE,0.13332634985720687
16-01-2026 10:55||NIFTY27JAN2625400CE,0.12427193431481862
16-01-2026 10:55||NIFTY27JAN2625800CE,0.10408331097751711
16-01-2026 10:55||NIFTY27JAN2625900CE,0.10123890378351874
16-01-2026 10:55||NIFTY27JAN2626100CE,0.09721737381185082
16-01-2026 10:55||NIFTY27JAN2626300CE,0.09655560381068187
16-01-2026 10:55||NIFTY27JAN2626500CE,0.0997565518568028
16-01-2026 11:00||NIFTY27JAN2624400PE,0.16802176034364857
16-01-2026 11:00||NIFTY27JAN2624500PE,0.1605179606446327
16-01-2026 11:00||NIFTY27JAN2624900PE,0.13245546138372066
16-01-2026 11:00||NIFTY27JAN2625000PE,0.1256831971341025
16-01-2026 11:00||NIFTY27JAN2625300CE,0.13754565289153223
16-01-2026 11:00||NIFTY27JAN2625500CE,0.12111959105055756
16-01-2026 11:00||NIFTY27JAN2625600CE,0.11500522331046592
16-01-2026 11:00||NIFTY27JAN2625800CE,0.10542381374285151
16-01-2026 11:00||NIFTY27JAN2626000CE,0.10007994887506559
16-01-2026 11:00||NIFTY27JAN2626100CE,0.09823786517646257
16-01-2026 11:05||NIFTY27JAN2624300PE,0.1745260819940261
16-01-2026 11:05||NIFTY27JAN2624400PE,0.16724101794342544
16-01-2026 11:05||NIFTY27JAN2625100PE,0.11873321794908198
16-01-2026 11:05||NIFTY27JAN2625300CE,0.14815826097700385
16-01-2026 11:05||NIFTY27JAN2625900CE,0.1059216148877271
16-01-2026 11:05||NIFTY27JAN2626100CE,0.10178197586293647
16-01-2026 11:05||NIFTY27JAN2626200CE,0.10047723625405142
16-01-2026 11:10||NIFTY27JAN2623900PE,0.20141141995284476
16-01-2026 11:10||NIFTY27JAN2624000PE,0.1945474453731447
16-01-2026 11:10||NIFTY27JAN2624700PE,0.14626608450433615
16-01-2026 11:10||NIFTY27JAN2624900PE,0.13312608233782808
16-01-2026 11:10||NIFTY27JAN2625800CE,0.10232776887049083
16-01-2026 11:10||NIFTY27JAN2626000CE,0.09789676729147902
16-01-2026 11:15||NIFTY27JAN2623900PE,0.20075909258127972
16-01-2026 11:15||NIFTY27JAN2624600PE,0.1511593118612596
16-01-2026 11:15||NIFTY27JAN2624800PE,0.13815096976152075
16-01-2026 11:15||NIFTY27JAN2625100PE,0.1203519486727275
16-01-2026 11:15||NIFTY27JAN2625800CE,0.10211415248727657
16-01-2026 11:15||NIFTY27JAN2626100CE,0.097786634104542
16-01-2026 11:15||NIFTY27JAN2626200CE,0.09784166555145082
16-01-2026 11:15||NIFTY27JAN2626300CE,0.09802469123557486
16-01-2026 11:20||NIFTY27JAN2623800PE,0.20540467217771924
16-01-2026 11:20||NIFTY27JAN2624000PE,0.19162721553501597
16-01-2026 11:20||NIFTY27JAN2624100PE,0.18475765727964633
16-01-2026 11:20||NIFTY27JAN2624700PE,0.14342822002298256
16-01-2026 11:20||NIFTY27JAN2624900PE,0.13072013144934272
16-01-2026 11:20||NIFTY27JAN2625700CE,0.10629202493801296
16-01-2026 11:20||NIFTY27JAN2625900CE,0.10049565192925952
16-01-2026 11:20||NIFTY27JAN2626000CE,0.09823184300416421
16-01-2026 11:20||NIFTY27JAN2626200CE,0.09670607629734956
16-01-2026 11:25||NIFTY27JAN2623800PE,0.20527650980427892
16-01-2026 11:25||NIFTY27JAN2624200PE,0.17796951972939765
16-01-2026 11:25||NIFTY27JAN2624600PE,0.1494610679364924
16-01-2026 11:25||NIFTY27JAN2624800PE,0.13630525184665215
16-01-2026 11:25||NIFTY27JAN2625000PE,0.12372515164068301
16-01-2026 11:25||NIFTY27JAN2626300CE,0.09888597627160339
16-01-2026 11:30||NIFTY27JAN2624300PE,0.1716505802849823
16-01-2026 11:30||NIFTY27JAN2625000PE,0.12470601391809485
16-01-2026 11:30||NIFTY27JAN2625400CE,0.11428423208299235
16-01-2026 11:30||NIFTY27JAN2625500CE,0.10989501506975072
16-01-2026 11:30||NIFTY27JAN2625600CE,0.10614236854186346
16-01-2026 11:30||NIFTY27JAN2626500CE,0.09975287773019993
16-01-2026 11:35||NIFTY27JAN2624200PE,0.17718894453346806
16-01-2026 11:35||NIFTY27JAN2624500PE,0.15612200494999592
16-01-2026 11:35||NIFTY27JAN2624800PE,0.13606745980827578
16-01-2026 11:35||NIFTY27JAN2625300CE,0.11967560433307561
16-01-2026 11:35||NIFTY27JAN2625500CE,0.11073390872551223
16-01-2026 11:35||NIFTY27JAN2626000CE,0.09784106368777584
16-01-2026 11:35||NIFTY27JAN2626200CE,0.09683205044010519
16-01-2026 11:40||NIFTY27JAN2624400PE,0.1629421270966126
16-01-2026 11:40||NIFTY27JAN2624500PE,0.15586594117768576
16-01-2026 11:40||NIFTY27JAN2625500CE,0.11270577666505274
16-01-2026 11:40||NIFTY27JAN2625700CE,0.10385247388924118
16-01-2026 11:40||NIFTY27JAN2626000CE,0.09792363622697745
16-01-2026 11:40||NIFTY27JAN2626100CE,0.09739339573461313
16-01-2026 11:40||NIFTY27JAN2626200CE,0.09699047652981777
16-01-2026 11:40||NIFTY27JAN2626500CE,0.10006702542507075
16-01-2026 11:45||NIFTY27JAN2624200PE,0.1764828399593965
16-01-2026 11:45||NIFTY27JAN2624300PE,0.1694796732165368
16-01-2026 11:45||NIFTY27JAN2625000PE,0.1217508815121352
16-01-2026 11:45||NIFTY27JAN2625200CE,0.1393656451480913
16-01-2026 11:45||NIFTY27JAN2625400CE,0.12374873781203086
16-01-2026 11:45||NIFTY27JAN2626100CE,0.09845058482719889
16-01-2026 11:50||NIFTY27JAN2623900PE,0.19785949392536278
16-01-2026 11:50||NIFTY27JAN2624300PE,0.1692486801131452
16-01-2026 11:50||NIFTY27JAN2625500CE,0.11856733042179513
16-01-2026 11:55||NIFTY27JAN2624000PE,0.19065297896748473
16-01-2026 11:55||NIFTY27JAN2624500PE,0.15578025442997268
16-01-2026 11:55||NIFTY27JAN2624800PE,0.1352581344765804
16-01-2026 11:55||NIFTY27JAN2625000PE,0.12312570895415141
16-01-2026 11:55||NIFTY27JAN2625100PE,0.1175065566971265
16-01-2026 11:55||NIFTY27JAN2625200CE,0.1192751954236928
16-01-2026 11:55||NIFTY27JAN2626200CE,0.09496315380201381
16-01-2026 11:55||NIFTY27JAN2626400CE,0.09845357140491072
16-01-2026 12:00||NIFTY27JAN2623900PE,0.1949610000016292
16-01-2026 12:00||NIFTY27JAN2624000PE,0.1879680314569412
16-01-2026 12:00||NIFTY27JAN2624200PE,0.17393105927563007
16-01-2026 12:00||NIFTY27JAN2624400PE,0.15966039330610415
16-01-2026 12:00||NIFTY27JAN2624800PE,0.1324885903607644
16-01-2026 12:00||NIFTY27JAN2624900PE,0.1262963518043999
16-01-2026 12:00||NIFTY27JAN2625200CE,0.15413888428571162
16-01-2026 12:00||NIFTY27JAN2626200CE,0.10244406996581251
16-01-2026 12:05||NIFTY27JAN2623800PE,0.20336066643642745
16-01-2026 12:05||NIFTY27JAN2624200PE,0.17455626319230685
16-01-2026 12:05||NIFTY27JAN2624500PE,0.15327173571382813
16-01-2026 12:05||NIFTY27JAN2624800PE,0.1327217334531673
16-01-2026 12:05||NIFTY27JAN2625000PE,0.11936481172947261
16-01-2026 12:05||NIFTY27JAN2625100PE,0.11270680814862448
16-01-2026 12:05||NIFTY27JAN2625200CE,0.15559490431876327
16-01-2026 12:05||NIFTY27JAN2625900CE,0.11247384068097914
16-01-2026 12:10||NIFTY27JAN2624600PE,0.14734774284065644
16-01-2026 12:10||NIFTY27JAN2624800PE,0.13403126682980981
16-01-2026 12:10||NIFTY27JAN2625100PE,0.11610686150691159
16-01-2026 12:10||NIFTY27JAN2625300CE,0.1444357943916172
16-01-2026 12:10||NIFTY27JAN2625400CE,0.13791603696920132
16-01-2026 12:10||NIFTY27JAN2625800CE,0.11333855354158445
16-01-2026 12:10||NIFTY27JAN2626000CE,0.10666348034906967
16-01-2026 12:10||NIFTY27JAN2626100CE,0.10413910873193584
16-01-2026 12:15||NIFTY27JAN2623800PE,0.2072715696340373
16-01-2026 12:15||NIFTY27JAN2624000PE,0.19151890832279617
16-01-2026 12:15||NIFTY27JAN2624600PE,0.14776248363742306
16-01-2026 12:15||NIFTY27JAN2624800PE,0.13512325358319485
16-01-2026 12:15||NIFTY27JAN2624900PE,0.12900126490150904
16-01-2026 12:15||NIFTY27JAN2625000PE,0.12295743864073108
16-01-2026 12:15||NIFTY27JAN2625800CE,0.10527307363941757
16-01-2026 12:15||NIFTY27JAN2626000CE,0.10004654138269131
16-01-2026 12:15||NIFTY27JAN2626500CE,0.10208164695883835
16-01-2026 12:20||NIFTY27JAN2623900PE,0.19809895105985298
16-01-2026 12:20||NIFTY27JAN2624300PE,0.1688177841756957
16-01-2026 12:20||NIFTY27JAN2624500PE,0.15467664650144775
16-01-2026 12:20||NIFTY27JAN2624900PE,0.1287569841446406
16-01-2026 12:20||NIFTY27JAN2625400CE,0.12675034831428872
16-01-2026 12:20||NIFTY27JAN2625600CE,0.11531245015746838
16-01-2026 12:20||NIFTY27JAN2625700CE,0.11061281920793013
16-01-2026 12:20||NIFTY27JAN2625900CE,0.1033139198819889
16-01-2026 12:25||NIFTY27JAN2623800PE,0.20405754391094844
16-01-2026 12:25||NIFTY27JAN2624500PE,0.15553260746305692
16-01-2026 12:25||NIFTY27JAN2624700PE,0.1430986050420744
16-01-2026 12:25||NIFTY27JAN2624800PE,0.13729979626612585
16-01-2026 12:25||NIFTY27JAN2625000PE,0.12643417435761603
16-01-2026 12:25||NIFTY27JAN2625100PE,0.12138125858914817
16-01-2026 12:25||NIFTY27JAN2625500CE,0.0779943132759866
16-01-2026 12:25||NIFTY27JAN2625900CE,0.08609189441549131
16-01-2026 12:25||NIFTY27JAN2626400CE,0.09270576651805305
16-01-2026 12:25||NIFTY27JAN2626500CE,0.09484688237229302
16-01-2026 12:30||NIFTY27JAN2623800PE,0.1992255024364331
16-01-2026 12:30||NIFTY27JAN2623900PE,0.1910714036084652
16-01-2026 12:30||NIFTY27JAN2624400PE,0.15360512238902935
16-01-2026 12:30||NIFTY27JAN2624600PE,0.14002722302922957
16-01-2026 12:30||NIFTY27JAN2625000PE,0.11598265482456036
16-01-2026 12:35||NIFTY27JAN2623800PE,0.20394779732703142
16-01-2026 12:35||NIFTY27JAN2623900PE,0.19481846191462576
16-01-2026 12:35||NIFTY27JAN2624800PE,0.13054915596692024
16-01-2026 12:35||NIFTY27JAN2625000PE,0.11940899754138198
16-01-2026 12:35||NIFTY27JAN2625300CE,0.126281408941345
16-01-2026 12:35||NIFTY27JAN2625600CE,0.1105912616674653
16-01-2026 12:35||NIFTY27JAN2625700CE,0.10915004655072158
16-01-2026 12:35||NIFTY27JAN2625800CE,0.10771229468470597
16-01-2026 12:35||NIFTY27JAN2625900CE,0.10575710098554349
16-01-2026 12:35||NIFTY27JAN2626000CE,0.1037463073252358
16-01-2026 12:35||NIFTY27JAN2626100CE,0.1012663388802028
16-01-2026 12:35||NIFTY27JAN2626200CE,0.09889977789901527
16-01-2026 12:40||NIFTY27JAN2623800PE,0.20206472641962292
16-01-2026 12:40||NIFTY27JAN2624000PE,0.18546844733388781
16-01-2026 12:40||NIFTY27JAN2624400PE,0.15633739662406027
16-01-2026 12:40||NIFTY27JAN2625100PE,0.11559748506486277
16-01-2026 12:40||NIFTY27JAN2625200CE,0.12057585632615561
16-01-2026 12:40||NIFTY27JAN2625900CE,0.09947730994917062
16-01-2026 12:45||NIFTY27JAN2624000PE,0.1841488207519434
16-01-2026 12:45||NIFTY27JAN2624800PE,0.13044704086939746
16-01-2026 12:45||NIFTY27JAN2625000PE,0.11940582526360927
16-01-2026 12:45||NIFTY27JAN2625400CE,0.12030695361308805
16-01-2026 12:45||NIFTY27JAN2625700CE,0.1043700249524713
16-01-2026 12:45||NIFTY27JAN2625900CE,0.10053125219725392
16-01-2026 12:45||NIFTY27JAN2626000CE,0.09894103574409113
16-01-2026 12:45||NIFTY27JAN2626300CE,0.09886879620454893
16-01-2026 12:45||NIFTY27JAN2626400CE,0.1003103623345676
16-01-2026 12:45||NIFTY27JAN2626500CE,0.10220514564615181
16-01-2026 12:50||NIFTY27JAN2624300PE,0.16227782075726738
16-01-2026 12:50||NIFTY27JAN2624400PE,0.1550922655067624
16-01-2026 12:50||NIFTY27JAN2624900PE,0.12251125608972949
16-01-2026 12:50||NIFTY27JAN2625000PE,0.11678809365937434
16-01-2026 12:50||NIFTY27JAN2625700CE,0.11342730586439209
16-01-2026 12:50||NIFTY27JAN2626000CE,0.10434532709538981
16-01-2026 12:50||NIFTY27JAN2626200CE,0.10292167751543506
16-01-2026 12:55||NIFTY27JAN2623900PE,0.19262433791137432
16-01-2026 12:55||NIFTY27JAN2624700PE,0.13716446710258107
16-01-2026 12:55||NIFTY27JAN2624900PE,0.12564464851085
16-01-2026 12:55||NIFTY27JAN2625500CE,0.10603731480761874
16-01-2026 12:55||NIFTY27JAN2625800CE,0.09880329123063075
16-01-2026 13:00||NIFTY27JAN2623800PE,0.1984330578799876
16-01-2026 13:00||NIFTY27JAN2624100PE,0.17658181302406828
16-01-2026 13:00||NIFTY27JAN2624700PE,0.1353093552709219
16-01-2026 13:00||NIFTY27JAN2624800PE,0.12929122923861333
16-01-2026 13:00||NIFTY27JAN2625300CE,0.11269969849489753
16-01-2026 13:00||NIFTY27JAN2625400CE,0.10961187167253944
16-01-2026 13:00||NIFTY27JAN2625700CE,0.1016846974812187
16-01-2026 13:00||NIFTY27JAN2625900CE,0.09906896532664883
16-01-2026 13:00||NIFTY27JAN2626000CE,0.09819142376322523
16-01-2026 13:05||NIFTY27JAN2624100PE,0.17484800200853137
16-01-2026 13:05||NIFTY27JAN2625000PE,0.11524444628414454
16-01-2026 13:05||NIFTY27JAN2625200CE,0.13360470120037218
16-01-2026 13:05||NIFTY27JAN2625300CE,0.12685748872007335
16-01-2026 13:05||NIFTY27JAN2625500CE,0.11568906095752954
16-01-2026 13:10||NIFTY27JAN2623900PE,0.1882417513445312
16-01-2026 13:10||NIFTY27JAN2624000PE,0.18072719458785613
16-01-2026 13:10||NIFTY27JAN2624400PE,0.15207555678623663
16-01-2026 13:10||NIFTY27JAN2624900PE,0.12108753364586138
16-01-2026 13:10||NIFTY27JAN2625200CE,0.13083427952226154
16-01-2026 13:10||NIFTY27JAN2625700CE,0.10526487662252813
16-01-2026 13:15||NIFTY27JAN2623800PE,0.19644298132025417
16-01-2026 13:15||NIFTY27JAN2623900PE,0.1884908348748365
16-01-2026 13:15||NIFTY27JAN2624100PE,0.17324991238167076
16-01-2026 13:15||NIFTY27JAN2624600PE,0.1379850250061938
16-01-2026 13:15||NIFTY27JAN2624700PE,0.13175834172562761
16-01-2026 13:15||NIFTY27JAN2625200CE,0.12082559433417828
16-01-2026 13:15||NIFTY27JAN2625300CE,0.11874356471417212
16-01-2026 13:15||NIFTY27JAN2625800CE,0.10228739211071686
16-01-2026 13:15||NIFTY27JAN2626100CE,0.10013010477504333
16-01-2026 13:15||NIFTY27JAN2626200CE,0.10093322703110436
16-01-2026 13:20||NIFTY27JAN2623800PE,0.1941036580105892
16-01-2026 13:20||NIFTY27JAN2624300PE,0.1574425616872484
16-01-2026 13:20||NIFTY27JAN2624500PE,0.1439038636787623
16-01-2026 13:20||NIFTY27JAN2624700PE,0.1314814562818821
16-01-2026 13:20||NIFTY27JAN2625100PE,0.11102132563090318
16-01-2026 13:20||NIFTY27JAN2625300CE,0.1205006508729688
16-01-2026 13:20||NIFTY27JAN2625600CE,0.10572725852537881
16-01-2026 13:20||NIFTY27JAN2626100CE,0.09943609402211116
16-01-2026 13:25||NIFTY27JAN2623900PE,0.18425865167603678
16-01-2026 13:25||NIFTY27JAN2624300PE,0.15475798355385129
16-01-2026 13:25||NIFTY27JAN2624400PE,0.14815771434270603
16-01-2026 13:25||NIFTY27JAN2624500PE,0.14155113721209273
16-01-2026 13:25||NIFTY27JAN2625200CE,0.1411051782673758
16-01-2026 13:25||NIFTY27JAN2625300CE,0.13451103413460852
16-01-2026 13:25||NIFTY27JAN2625500CE,0.12332626722346121
16-01-2026 13:25||NIFTY27JAN2625600CE,0.11862918584045645
16-01-2026 13:25||NIFTY27JAN2625800CE,0.1107989511360514
16-01-2026 13:25||NIFTY27JAN2626400CE,0.10898905849098157
16-01-2026 13:25||NIFTY27JAN2626500CE,0.11308281007583589
16-01-2026 13:30||NIFTY27JAN2624000PE,0.17829775329806175
16-01-2026 13:30||NIFTY27JAN2624200PE,0.16359985676870514
16-01-2026 13:30||NIFTY27JAN2624400PE,0.15034632015662436
16-01-2026 13:30||NIFTY27JAN2624500PE,0.14379226810776918
16-01-2026 13:30||NIFTY27JAN2624900PE,0.12048431683980496
16-01-2026 13:30||NIFTY27JAN2625000PE,0.1155402882508613
16-01-2026 13:30||NIFTY27JAN2625100PE,0.11096900106194893
16-01-2026 13:30||NIFTY27JAN2625200CE,0.12873831240654357
16-01-2026 13:30||NIFTY27JAN2626400CE,0.10505622733769715
16-01-2026 13:35||NIFTY27JAN2624100PE,0.16991826159731635
16-01-2026 13:35||NIFTY27JAN2624400PE,0.14892955580887846
16-01-2026 13:35||NIFTY27JAN2624500PE,0.14215230402785833
16-01-2026 13:35||NIFTY27JAN2624900PE,0.11906055416174574
16-01-2026 13:35||NIFTY27JAN2625000PE,0.11384534182364368
16-01-2026 13:35||NIFTY27JAN2625500CE,0.11893548970408899
16-01-2026 13:35||NIFTY27JAN2626100CE,0.10384515069298889
16-01-2026 13:35||NIFTY27JAN2626200CE,0.10525631977854633
16-01-2026 13:35||NIFTY27JAN2626300CE,0.10667028562299521
16-01-2026 13:35||NIFTY27JAN2626400CE,0.10854149172475716
16-01-2026 13:40||NIFTY27JAN2623900PE,0.18656887741048067
16-01-2026 13:40||NIFTY27JAN2624500PE,0.1440780271208015
16-01-2026 13:40||NIFTY27JAN2624700PE,0.1320365433093953
16-01-2026 13:40||NIFTY27JAN2625200CE,0.12254001407164716
16-01-2026 13:40||NIFTY27JAN2625300CE,0.11745914924620199
16-01-2026 13:40||NIFTY27JAN2625900CE,0.1010081025848922
16-01-2026 13:40||NIFTY27JAN2626000CE,0.10017577795514596
16-01-2026 13:40||NIFTY27JAN2626200CE,0.10067444733709452
16-01-2026 13:40||NIFTY27JAN2626500CE,0.10826678922153221
16-01-2026 13:45||NIFTY27JAN2623900PE,0.1864200380636425
16-01-2026 13:45||NIFTY27JAN2624100PE,0.17110542044382276
16-01-2026 13:45||NIFTY27JAN2624200PE,0.1635399312013151
16-01-2026 13:45||NIFTY27JAN2624500PE,0.1431502669888972
16-01-2026 13:45||NIFTY27JAN2625400CE,0.12311245851388464
16-01-2026 13:45||NIFTY27JAN2625600CE,0.1109037666670647
16-01-2026 13:45||NIFTY27JAN2626300CE,0.10333695742591743
16-01-2026 13:50||NIFTY27JAN2624700PE,0.13425975060908366
16-01-2026 13:50||NIFTY27JAN2624900PE,0.12398850236997755
16-01-2026 13:50||NIFTY27JAN2625900CE,0.09602922297143873
16-01-2026 13:50||NIFTY27JAN2626000CE,0.09615640418777907
16-01-2026 13:50||NIFTY27JAN2626500CE,0.10706730362028796
16-01-2026 13:55||NIFTY27JAN2623800PE,0.19614829515680512
16-01-2026 13:55||NIFTY27JAN2623900PE,0.18723978098368815
16-01-2026 13:55||NIFTY27JAN2624200PE,0.16338712439340689
16-01-2026 13:55||NIFTY27JAN2624300PE,0.1567315449897726
16-01-2026 13:55||NIFTY27JAN2624900PE,0.1208452743573701
16-01-2026 13:55||NIFTY27JAN2625000PE,0.11581310957820753
16-01-2026 13:55||NIFTY27JAN2625600CE,0.10677476458610141
16-01-2026 13:55||NIFTY27JAN2625700CE,0.10416617943639156
16-01-2026 13:55||NIFTY27JAN2626100CE,0.10060517849017372
16-01-2026 13:55||NIFTY27JAN2626400CE,0.10645418335416837
16-01-2026 14:00||NIFTY27JAN2624500PE,0.14300718166373091
16-01-2026 14:00||NIFTY27JAN2624900PE,0.1196914308923611
16-01-2026 14:00||NIFTY27JAN2625000PE,0.11474929558831988
16-01-2026 14:00||NIFTY27JAN2625100PE,0.11020012098125366
16-01-2026 14:00||NIFTY27JAN2625500CE,0.10902936804177159
16-01-2026 14:00||NIFTY27JAN2625900CE,0.10028982601707431
16-01-2026 14:00||NIFTY27JAN2626000CE,0.09983097863244858
16-01-2026 14:05||NIFTY27JAN2623800PE,0.19650847054918869
16-01-2026 14:05||NIFTY27JAN2623900PE,0.18793663748150477
16-01-2026 14:05||NIFTY27JAN2624100PE,0.17166054851295526
16-01-2026 14:05||NIFTY27JAN2624800PE,0.12615486074765886
16-01-2026 14:05||NIFTY27JAN2625500CE,0.10353708177844764
16-01-2026 14:05||NIFTY27JAN2625800CE,0.09808415270418847
16-01-2026 14:05||NIFTY27JAN2626100CE,0.09899930991567055
16-01-2026 14:05||NIFTY27JAN2626200CE,0.10063780794987179
16-01-2026 14:10||NIFTY27JAN2624000PE,0.17998673160891698
16-01-2026 14:10||NIFTY27JAN2624100PE,0.17244693664249944
16-01-2026 14:10||NIFTY27JAN2624500PE,0.14433151672893169
16-01-2026 14:10||NIFTY27JAN2625100PE,0.11100604886255422
16-01-2026 14:10||NIFTY27JAN2625400CE,0.11280706822961059
16-01-2026 14:10||NIFTY27JAN2625500CE,0.10943781680674622
16-01-2026 14:10||NIFTY27JAN2625700CE,0.10351889395909256
16-01-2026 14:10||NIFTY27JAN2626400CE,0.10576569329998907
16-01-2026 14:10||NIFTY27JAN2626500CE,0.10948994466877443
16-01-2026 14:15||NIFTY27JAN2624300PE,0.15705047827520674
16-01-2026 14:15||NIFTY27JAN2624600PE,0.13651534049080044
16-01-2026 14:15||NIFTY27JAN2624800PE,0.12492468056434364
16-01-2026 14:15||NIFTY27JAN2624900PE,0.11959471862898649
16-01-2026 14:15||NIFTY27JAN2625300CE,0.12340512618264052
16-01-2026 14:15||NIFTY27JAN2625500CE,0.11286252936724592
16-01-2026 14:20||NIFTY27JAN2624100PE,0.17325711545528313
16-01-2026 14:20||NIFTY27JAN2624200PE,0.16568748999868974
16-01-2026 14:20||NIFTY27JAN2624300PE,0.15811471464193413
16-01-2026 14:20||NIFTY27JAN2624800PE,0.12531017286689297
16-01-2026 14:20||NIFTY27JAN2625100PE,0.11128314030063569
16-01-2026 14:20||NIFTY27JAN2625800CE,0.10271303108842897
16-01-2026 14:20||NIFTY27JAN2626000CE,0.10033835089171048
16-01-2026 14:20||NIFTY27JAN2626300CE,0.10347522164529988
16-01-2026 14:25||NIFTY27JAN2623900PE,0.18968715503838773
16-01-2026 14:25||NIFTY27JAN2624500PE,0.14640970847099216
16-01-2026 14:25||NIFTY27JAN2624700PE,0.13402531682566177
16-01-2026 14:25||NIFTY27JAN2624900PE,0.12259734267705788
16-01-2026 14:25||NIFTY27JAN2625100PE,0.11153901016922514
16-01-2026 14:25||NIFTY27JAN2625500CE,0.10021216692063425
16-01-2026 14:25||NIFTY27JAN2626500CE,0.10791264496005085
16-01-2026 14:30||NIFTY27JAN2623800PE,0.19706300569920795
16-01-2026 14:30||NIFTY27JAN2623900PE,0.18845157326856563
16-01-2026 14:30||NIFTY27JAN2624300PE,0.1575664713869679
16-01-2026 14:30||NIFTY27JAN2625000PE,0.11433493519187862
16-01-2026 14:30||NIFTY27JAN2626200CE,0.1020202841637432
16-01-2026 14:30||NIFTY27JAN2626300CE,0.10418481180456624
16-01-2026 14:35||NIFTY27JAN2623800PE,0.19674128661936377
16-01-2026 14:35||NIFTY27JAN2624400PE,0.15188290002684973
16-01-2026 14:35||NIFTY27JAN2624700PE,0.1335135902703841
16-01-2026 14:35||NIFTY27JAN2624800PE,0.12804601162463347
16-01-2026 14:35||NIFTY27JAN2624900PE,0.12249587898605066
16-01-2026 14:35||NIFTY27JAN2625000PE,0.11694907813614874
16-01-2026 14:35||NIFTY27JAN2625300CE,0.10404386427087489
16-01-2026 14:35||NIFTY27JAN2625900CE,0.09693406146141395
16-01-2026 14:35||NIFTY27JAN2626100CE,0.0975998381159706
16-01-2026 14:35||NIFTY27JAN2626200CE,0.09892379625313164
16-01-2026 14:35||NIFTY27JAN2626300CE,0.1007138563223953
16-01-2026 14:35||NIFTY27JAN2626500CE,0.10641284624825899
16-01-2026 14:40||NIFTY27JAN2624200PE,0.1652815833549901
16-01-2026 14:40||NIFTY27JAN2624600PE,0.13797254212351404
16-01-2026 14:40||NIFTY27JAN2624900PE,0.12074978291790849
16-01-2026 14:40||NIFTY27JAN2625000PE,0.11533178320127044
16-01-2026 14:40||NIFTY27JAN2625400CE,0.1133964904042013
16-01-2026 14:40||NIFTY27JAN2625800CE,0.10062158691949066
16-01-2026 14:40||NIFTY27JAN2626000CE,0.09850561006210996
16-01-2026 14:40||NIFTY27JAN2626500CE,0.1081193864525378
16-01-2026 14:45||NIFTY27JAN2623900PE,0.18747897481711587
16-01-2026 14:45||NIFTY27JAN2624000PE,0.17963564941251375
16-01-2026 14:45||NIFTY27JAN2624100PE,0.17206107771342338
16-01-2026 14:45||NIFTY27JAN2624900PE,0.12146772073184736
16-01-2026 14:45||NIFTY27JAN2625000PE,0.11619941814281529
16-01-2026 14:45||NIFTY27JAN2625300CE,0.11059053531709341
16-01-2026 14:45||NIFTY27JAN2625600CE,0.10175634440881129
16-01-2026 14:45||NIFTY27JAN2626300CE,0.1007440783137666
16-01-2026 14:45||NIFTY27JAN2626400CE,0.10390758837366479
16-01-2026 14:50||NIFTY27JAN2623900PE,0.18735458423484824
16-01-2026 14:50||NIFTY27JAN2624100PE,0.17259022316443465
16-01-2026 14:50||NIFTY27JAN2624200PE,0.1652857028598534
16-01-2026 14:50||NIFTY27JAN2624300PE,0.158010459762557
16-01-2026 14:50||NIFTY27JAN2624400PE,0.15074657149184661
16-01-2026 14:50||NIFTY27JAN2624700PE,0.13145960582067417
16-01-2026 14:50||NIFTY27JAN2624800PE,0.12586734514349257
16-01-2026 14:50||NIFTY27JAN2625100PE,0.11164249083827778
16-01-2026 14:55||NIFTY27JAN2624200PE,0.1638397644583023
16-01-2026 14:55||NIFTY27JAN2624600PE,0.13734845756749298
16-01-2026 14:55||NIFTY27JAN2624900PE,0.12093517736507792
16-01-2026 14:55||NIFTY27JAN2625000PE,0.11572994508931601
16-01-2026 14:55||NIFTY27JAN2625200CE,0.12534046199697593
16-01-2026 14:55||NIFTY27JAN2625300CE,0.1193391421529039
16-01-2026 14:55||NIFTY27JAN2625500CE,0.11025905009854997
16-01-2026 14:55||NIFTY27JAN2625600CE,0.10686568190970308
16-01-2026 14:55||NIFTY27JAN2625700CE,0.10378183249565066
16-01-2026 14:55||NIFTY27JAN2625800CE,0.10072734806533434
16-01-2026 14:55||NIFTY27JAN2626500CE,0.10713004751228863
16-01-2026 15:00||NIFTY27JAN2623800PE,0.19720117852755326
16-01-2026 15:00||NIFTY27JAN2624000PE,0.17966970516540837
16-01-2026 15:00||NIFTY27JAN2624200PE,0.16459231549795628
16-01-2026 15:00||NIFTY27JAN2624800PE,0.12755131931518293
16-01-2026 15:00||NIFTY27JAN2624900PE,0.1224878406582175
16-01-2026 15:00||NIFTY27JAN2625500CE,0.10193745068068903
16-01-2026 15:00||NIFTY27JAN2625900CE,0.09645882888831196
16-01-2026 15:05||NIFTY27JAN2623900PE,0.18698105061707926
16-01-2026 15:05||NIFTY27JAN2624100PE,0.17189501271411795
16-01-2026 15:05||NIFTY27JAN2624200PE,0.16411289130626538
16-01-2026 15:05||NIFTY27JAN2624500PE,0.14418612749742113
16-01-2026 15:05||NIFTY27JAN2624600PE,0.13788867937394078
16-01-2026 15:05||NIFTY27JAN2624900PE,0.1216518764705361
16-01-2026 15:05||NIFTY27JAN2626200CE,0.09874224855273443
16-01-2026 15:10||NIFTY27JAN2623900PE,0.18629949512308078
16-01-2026 15:10||NIFTY27JAN2624700PE,0.13180728650376333
16-01-2026 15:10||NIFTY27JAN2624800PE,0.12645299366569518
16-01-2026 15:10||NIFTY27JAN2625100PE,0.11126087513429672
16-01-2026 15:10||NIFTY27JAN2625600CE,0.1011701910591439
16-01-2026 15:15||NIFTY27JAN2623800PE,0.195006875842414
16-01-2026 15:15||NIFTY27JAN2624200PE,0.1628867685051172
16-01-2026 15:15||NIFTY27JAN2624400PE,0.14940090851517535
16-01-2026 15:15||NIFTY27JAN2624500PE,0.14303222197838178
16-01-2026 15:15||NIFTY27JAN2624700PE,0.1313024857471844
16-01-2026 15:15||NIFTY27JAN2624800PE,0.12584262534469604
16-01-2026 15:15||NIFTY27JAN2624900PE,0.12044516600221096
16-01-2026 15:15||NIFTY27JAN2625000PE,0.11515950819708909
16-01-2026 15:15||NIFTY27JAN2625300CE,0.11981531442699588
16-01-2026 15:15||NIFTY27JAN2625500CE,0.11053826802522639
16-01-2026 15:15||NIFTY27JAN2626000CE,0.10011974591770267
16-01-2026 15:15||NIFTY27JAN2626100CE,0.10033489811323507
16-01-2026 15:15||NIFTY27JAN2626300CE,0.10231976794864094
16-01-2026 15:20||NIFTY27JAN2623900PE,0.1867464315407052
16-01-2026 15:20||NIFTY27JAN2624000PE,0.17886482579209523
16-01-2026 15:20||NIFTY27JAN2624200PE,0.1639627329172633
16-01-2026 15:20||NIFTY27JAN2624400PE,0.15025839687114
16-01-2026 15:20||NIFTY27JAN2624600PE,0.13776908229995793
16-01-2026 15:20||NIFTY27JAN2624700PE,0.13181059637168313
16-01-2026 15:20||NIFTY27JAN2624800PE,0.12600279801859787
16-01-2026 15:20||NIFTY27JAN2625100PE,0.11040512495591487
16-01-2026 15:20||NIFTY27JAN2625500CE,0.10930636134563579
16-01-2026 15:20||NIFTY27JAN2625900CE,0.09957437184761753
16-01-2026 15:20||NIFTY27JAN2626100CE,0.09907452062498878
16-01-2026 15:20||NIFTY27JAN2626400CE,0.10536499091099807
16-01-2026 15:20||NIFTY27JAN2626500CE,0.10982601766327595
16-01-2026 15:25||NIFTY27JAN2623800PE,0.20006457094200808
16-01-2026 15:25||NIFTY27JAN2624200PE,0.16347667764290832
16-01-2026 15:25||NIFTY27JAN2626000CE,0.09594017482726
16-01-2026 15:25||NIFTY27JAN2626300CE,0.09838659841979124
16-01-2026 15:25||NIFTY27JAN2626400CE,0.1005979433448549
16-01-2026 15:25||NIFTY27JAN2626500CE,0.10355357283267604
19-01-2026 09:15||NIFTY27JAN2624600PE,0.14357471414754736
19-01-2026 09:15||NIFTY27JAN2624700PE,0.13722765768501538
19-01-2026 09:15||NIFTY27JAN2624800PE,0.13096742785935273
19-01-2026 09:15||NIFTY27JAN2624900PE,0.12484573361139066
19-01-2026 09:15||NIFTY27JAN2625400CE,0.13069563361359687
19-01-2026 09:15||NIFTY27JAN2625500CE,0.12615470817405844
19-01-2026 09:15||NIFTY27JAN2625900CE,0.11871199611527294
19-01-2026 09:15||NIFTY27JAN2626300CE,0.12716928380702167
19-01-2026 09:15||NIFTY27JAN2626400CE,0.13163008273814136
19-01-2026 09:20||NIFTY27JAN2624400PE,0.1632198595830855
19-01-2026 09:20||NIFTY27JAN2624500PE,0.15560138441242213
19-01-2026 09:20||NIFTY27JAN2624600PE,0.1480921514718757
19-01-2026 09:20||NIFTY27JAN2625200CE,0.08502748011836869
19-01-2026 09:20||NIFTY27JAN2625700CE,0.09924616190652627
19-01-2026 09:20||NIFTY27JAN2626100CE,0.10954504372130383
19-01-2026 09:20||NIFTY27JAN2626400CE,0.122763143816249
19-01-2026 09:25||NIFTY27JAN2624100PE,0.18497722140575437
19-01-2026 09:25||NIFTY27JAN2624500PE,0.15274062292756352
19-01-2026 09:25||NIFTY27JAN2625400CE,0.10196105424948396
19-01-2026 09:25||NIFTY27JAN2625500CE,0.10245996511356116
19-01-2026 09:25||NIFTY27JAN2625600CE,0.10303144992681121
19-01-2026 09:25||NIFTY27JAN2625700CE,0.10357478482460794
19-01-2026 09:25||NIFTY27JAN2626100CE,0.11239292627524339
19-01-2026 09:25||NIFTY27JAN2626200CE,0.11638032581958854
19-01-2026 09:25||NIFTY27JAN2626400CE,0.12598654207552712
19-01-2026 09:30||NIFTY27JAN2623800PE,0.20673718861656984
19-01-2026 09:30||NIFTY27JAN2624000PE,0.1910548983913716
19-01-2026 09:30||NIFTY27JAN2624200PE,0.17496970706493092
19-01-2026 09:30||NIFTY27JAN2624300PE,0.16685418704128596
19-01-2026 09:30||NIFTY27JAN2624400PE,0.15864415199887433
19-01-2026 09:30||NIFTY27JAN2624800PE,0.12812511363286105
19-01-2026 09:30||NIFTY27JAN2625000PE,0.1162035000114017
19-01-2026 09:30||NIFTY27JAN2625400CE,0.1296188265874222
19-01-2026 09:30||NIFTY27JAN2625800CE,0.11676597590024995
19-01-2026 09:30||NIFTY27JAN2626000CE,0.11756841482561123
19-01-2026 09:30||NIFTY27JAN2626500CE,0.1383955000066676
19-01-2026 09:35||NIFTY27JAN2624500PE,0.15573565790102067
19-01-2026 09:35||NIFTY27JAN2624800PE,0.13436892165050962
19-01-2026 09:35||NIFTY27JAN2625500CE,0.09994294440941082
19-01-2026 09:35||NIFTY27JAN2625600CE,0.1006321432704521
19-01-2026 09:35||NIFTY27JAN2626200CE,0.11434680862926946
19-01-2026 09:35||NIFTY27JAN2626400CE,0.12465917520288304
19-01-2026 09:40||NIFTY27JAN2624100PE,0.1842003907005672
19-01-2026 09:40||NIFTY27JAN2624200PE,0.17570251189972436
19-01-2026 09:40||NIFTY27JAN2624400PE,0.159031354736328
19-01-2026 09:40||NIFTY27JAN2624500PE,0.15076582268065467
19-01-2026 09:40||NIFTY27JAN2624600PE,0.1426982338561506
19-01-2026 09:40||NIFTY27JAN2624900PE,0.12377110006022249
19-01-2026 09:40||NIFTY27JAN2625700CE,0.11028094963555761
19-01-2026 09:40||NIFTY27JAN2626100CE,0.1157012160463029
19-01-2026 09:40||NIFTY27JAN2626200CE,0.11953538613471448
19-01-2026 09:40||NIFTY27JAN2626300CE,0.12360743694734348
19-01-2026 09:40||NIFTY27JAN2626500CE,0.13412392595848993
19-01-2026 09:45||NIFTY27JAN2623900PE,0.20066989015593367
19-01-2026 09:45||NIFTY27JAN2624000PE,0.19245291526582373
19-01-2026 09:45||NIFTY27JAN2624200PE,0.17634785741513923
19-01-2026 09:45||NIFTY27JAN2624500PE,0.15196466918470158
19-01-2026 09:45||NIFTY27JAN2624700PE,0.13734364331951138
19-01-2026 09:45||NIFTY27JAN2626200CE,0.11720799459526912
19-01-2026 09:45||NIFTY27JAN2626400CE,0.12681942539855418
19-01-2026 09:50||NIFTY27JAN2623800PE,0.21119598371082582
19-01-2026 09:50||NIFTY27JAN2623900PE,0.20243365053021306
19-01-2026 09:50||NIFTY27JAN2624700PE,0.1382072507058893
19-01-2026 09:50||NIFTY27JAN2624800PE,0.13200147352828007
19-01-2026 09:50||NIFTY27JAN2625300CE,0.10030436916071839
19-01-2026 09:50||NIFTY27JAN2625900CE,0.1058024992480083
19-01-2026 09:50||NIFTY27JAN2626200CE,0.11571640616208409
19-01-2026 09:55||NIFTY27JAN2624300PE,0.1690696642317004
19-01-2026 09:55||NIFTY27JAN2624700PE,0.13831584926131668
19-01-2026 09:55||NIFTY27JAN2625100PE,0.11834006038194422
19-01-2026 09:55||NIFTY27JAN2625400CE,0.10141541988036933
19-01-2026 09:55||NIFTY27JAN2625700CE,0.10312096778486744
19-01-2026 09:55||NIFTY27JAN2625800CE,0.10422366044188636
19-01-2026 09:55||NIFTY27JAN2626000CE,0.10819229857780596
19-01-2026 09:55||NIFTY27JAN2626400CE,0.12693548113330472
19-01-2026 10:00||NIFTY27JAN2624300PE,0.16677209202506604
19-01-2026 10:00||NIFTY27JAN2624400PE,0.15826632409910976
19-01-2026 10:00||NIFTY27JAN2624600PE,0.14245061364943723
19-01-2026 10:00||NIFTY27JAN2625000PE,0.11947804998889429
19-01-2026 10:00||NIFTY27JAN2625700CE,0.10660945831883259
19-01-2026 10:00||NIFTY27JAN2625900CE,0.10901829413688952
19-01-2026 10:05||NIFTY27JAN2624500PE,0.14865575526135488
19-01-2026 10:05||NIFTY27JAN2624600PE,0.14096296633295938
19-01-2026 10:05||NIFTY27JAN2624800PE,0.12726455937593212
19-01-2026 10:05||NIFTY27JAN2625200CE,0.12619592343407104
19-01-2026 10:05||NIFTY27JAN2625500CE,0.11509908493449847
19-01-2026 10:05||NIFTY27JAN2626100CE,0.11907602099396736
19-01-2026 10:05||NIFTY27JAN2626200CE,0.12331614573640391
19-01-2026 10:05||NIFTY27JAN2626300CE,0.1277662405903116
19-01-2026 10:10||NIFTY27JAN2623800PE,0.20905857301583808
19-01-2026 10:10||NIFTY27JAN2624200PE,0.17455840299912248
19-01-2026 10:10||NIFTY27JAN2624400PE,0.1581631979612642
19-01-2026 10:10||NIFTY27JAN2625100PE,0.11634733989251902
19-01-2026 10:10||NIFTY27JAN2625900CE,0.109618976568598
19-01-2026 10:15||NIFTY27JAN2623800PE,0.20702350634206104
19-01-2026 10:15||NIFTY27JAN2624200PE,0.17444720776686096
19-01-2026 10:15||NIFTY27JAN2624400PE,0.15768878700486771
19-01-2026 10:15||NIFTY27JAN2624700PE,0.1354962810839758
19-01-2026 10:15||NIFTY27JAN2624800PE,0.1295264079008102
19-01-2026 10:15||NIFTY27JAN2625100PE,0.1162268467374625
19-01-2026 10:15||NIFTY27JAN2625500CE,0.11021972336677326
19-01-2026 10:15||NIFTY27JAN2625700CE,0.10848616341332842
19-01-2026 10:15||NIFTY27JAN2626200CE,0.12009253605978853
19-01-2026 10:15||NIFTY27JAN2626500CE,0.13670336656880255
19-01-2026 10:20||NIFTY27JAN2623900PE,0.20101999560071865
19-01-2026 10:20||NIFTY27JAN2624100PE,0.1848656610546295
19-01-2026 10:20||NIFTY27JAN2625500CE,0.10739397947873475
19-01-2026 10:20||NIFTY27JAN2626300CE,0.12373170438457719
19-01-2026 10:20||NIFTY27JAN2626400CE,0.12926902256343553
19-01-2026 10:25||NIFTY27JAN2623800PE,0.2099260996122133
19-01-2026 10:25||NIFTY27JAN2624200PE,0.1753192087571124
19-01-2026 10:25||NIFTY27JAN2625400CE,0.10187964215577744
19-01-2026 10:25||NIFTY27JAN2625700CE,0.10361139997908893
19-01-2026 10:25||NIFTY27JAN2626100CE,0.11460335514325275
19-01-2026 10:25||NIFTY27JAN2626400CE,0.12897089947102972
19-01-2026 10:25||NIFTY27JAN2626500CE,0.13511463620035247
19-01-2026 10:30||NIFTY27JAN2623800PE,0.20768591043148854
19-01-2026 10:30||NIFTY27JAN2623900PE,0.19937996090136229
19-01-2026 10:30||NIFTY27JAN2624000PE,0.1910407362873247
19-01-2026 10:30||NIFTY27JAN2624600PE,0.14349102815691125
19-01-2026 10:30||NIFTY27JAN2624700PE,0.137952344488355
19-01-2026 10:30||NIFTY27JAN2624800PE,0.13242382418732634
19-01-2026 10:30||NIFTY27JAN2624900PE,0.12697426834783965
19-01-2026 10:30||NIFTY27JAN2626200CE,0.12072499952142207
19-01-2026 10:30||NIFTY27JAN2626400CE,0.1311544327398083
19-01-2026 10:35||NIFTY27JAN2623800PE,0.20594278749392006
19-01-2026 10:35||NIFTY27JAN2624300PE,0.1660885688452555
19-01-2026 10:35||NIFTY27JAN2624700PE,0.13711275010402696
19-01-2026 10:35||NIFTY27JAN2624800PE,0.13178668335173183
19-01-2026 10:35||NIFTY27JAN2625000PE,0.12212675955239027
19-01-2026 10:35||NIFTY27JAN2625200CE,0.10941061245133375
19-01-2026 10:35||NIFTY27JAN2626200CE,0.1209360764380501
19-01-2026 10:35||NIFTY27JAN2626300CE,0.1258004299175845
19-01-2026 10:40||NIFTY27JAN2623800PE,0.2038688952752174
19-01-2026 10:40||NIFTY27JAN2623900PE,0.19685705077883014
19-01-2026 10:40||NIFTY27JAN2624000PE,0.18924298156540745
19-01-2026 10:40||NIFTY27JAN2624700PE,0.13518002859632613
19-01-2026 10:40||NIFTY27JAN2625400CE,0.11811077556839283
19-01-2026 10:40||NIFTY27JAN2625600CE,0.1142605889437554
19-01-2026 10:40||NIFTY27JAN2625700CE,0.11324222739313075
19-01-2026 10:40||NIFTY27JAN2625900CE,0.11397239662226874
19-01-2026 10:45||NIFTY27JAN2624000PE,0.19187413895976935
19-01-2026 10:45||NIFTY27JAN2624700PE,0.13830043106259501
19-01-2026 10:45||NIFTY27JAN2625600CE,0.10728809008138913
19-01-2026 10:45||NIFTY27JAN2626000CE,0.11198752843791367
19-01-2026 10:45||NIFTY27JAN2626200CE,0.11953118088746831
19-01-2026 10:45||NIFTY27JAN2626500CE,0.13484865339786656
19-01-2026 10:50||NIFTY27JAN2624700PE,0.13597064444329504
19-01-2026 10:50||NIFTY27JAN2625100PE,0.11586551846661927
19-01-2026 10:50||NIFTY27JAN2625200CE,0.12274207029013734
19-01-2026 10:50||NIFTY27JAN2626200CE,0.12125436681590986
19-01-2026 10:55||NIFTY27JAN2624100PE,0.18350650055448078
19-01-2026 10:55||NIFTY27JAN2624200PE,0.17477996564423157
19-01-2026 10:55||NIFTY27JAN2624500PE,0.14944434506456933
19-01-2026 10:55||NIFTY27JAN2625000PE,0.11773848022494762
19-01-2026 10:55||NIFTY27JAN2625400CE,0.12245672509788558
19-01-2026 10:55||NIFTY27JAN2625500CE,0.11851536208918675
19-01-2026 10:55||NIFTY27JAN2625900CE,0.11297982471583945
19-01-2026 10:55||NIFTY27JAN2626000CE,0.11495369241428426
19-01-2026 10:55||NIFTY27JAN2626300CE,0.12537517756665317
19-01-2026 11:00||NIFTY27JAN2623900PE,0.20292748389755233
19-01-2026 11:00||NIFTY27JAN2624400PE,0.1601861518177898
19-01-2026 11:00||NIFTY27JAN2625200CE,0.12343356602844044
19-01-2026 11:00||NIFTY27JAN2625400CE,0.11631912345739626
19-01-2026 11:00||NIFTY27JAN2625600CE,0.11274170230763476
19-01-2026 11:00||NIFTY27JAN2625700CE,0.11156443955951317
19-01-2026 11:00||NIFTY27JAN2625800CE,0.11060256211906441
19-01-2026 11:00||NIFTY27JAN2626100CE,0.11555936221243386
19-01-2026 11:00||NIFTY27JAN2626300CE,0.12318240236064346
19-01-2026 11:00||NIFTY27JAN2626500CE,0.13416475500196845
19-01-2026 11:05||NIFTY27JAN2623800PE,0.21391562325131092
19-01-2026 11:05||NIFTY27JAN2623900PE,0.20419925775342765
19-01-2026 11:05||NIFTY27JAN2624200PE,0.1785826051435604
19-01-2026 11:05||NIFTY27JAN2624500PE,0.1551866852824304
19-01-2026 11:05||NIFTY27JAN2625000PE,0.1252828219133696
19-01-2026 11:05||NIFTY27JAN2625400CE,0.10270102571055015
19-01-2026 11:05||NIFTY27JAN2625600CE,0.10230545407270322
19-01-2026 11:05||NIFTY27JAN2626100CE,0.11097836912543424
19-01-2026 11:10||NIFTY27JAN2624000PE,0.19216682476312705
19-01-2026 11:10||NIFTY27JAN2624300PE,0.16841987477884018
19-01-2026 11:10||NIFTY27JAN2625800CE,0.10639225525870355
19-01-2026 11:15||NIFTY27JAN2624100PE,0.18435517770699922
19-01-2026 11:15||NIFTY27JAN2624400PE,0.16060575052520193
19-01-2026 11:15||NIFTY27JAN2624500PE,0.15358211216857592
19-01-2026 11:15||NIFTY27JAN2624600PE,0.14665969234511078
19-01-2026 11:15||NIFTY27JAN2624700PE,0.13990582809872024
19-01-2026 11:15||NIFTY27JAN2624900PE,0.1281398020383635
19-01-2026 11:15||NIFTY27JAN2625100PE,0.11873704417520896
19-01-2026 11:15||NIFTY27JAN2626000CE,0.10944901744493546
19-01-2026 11:20||NIFTY27JAN2623800PE,0.20602416769890958
19-01-2026 11:20||NIFTY27JAN2624000PE,0.19011503740300545
19-01-2026 11:20||NIFTY27JAN2624200PE,0.17411432590291193
19-01-2026 11:20||NIFTY27JAN2624300PE,0.16610895708298062
19-01-2026 11:20||NIFTY27JAN2624500PE,0.15018286724218244
19-01-2026 11:20||NIFTY27JAN2624900PE,0.1254053700446623
19-01-2026 11:20||NIFTY27JAN2625400CE,0.11668427498488504
19-01-2026 11:20||NIFTY27JAN2625500CE,0.11447112227084623
19-01-2026 11:20||NIFTY27JAN2625600CE,0.1124880793820911
19-01-2026 11:20||NIFTY27JAN2625700CE,0.11056100007964598
19-01-2026 11:20||NIFTY27JAN2626200CE,0.12068326705132024
19-01-2026 11:20||NIFTY27JAN2626300CE,0.12545155152023615
19-01-2026 11:20||NIFTY27JAN2626500CE,0.13715008012923363
19-01-2026 11:25||NIFTY27JAN2624200PE,0.1748783758975125
19-01-2026 11:25||NIFTY27JAN2624700PE,0.1369351234419775
19-01-2026 11:25||NIFTY27JAN2624900PE,0.12577287460427136
19-01-2026 11:25||NIFTY27JAN2625300CE,0.11852306698210978
19-01-2026 11:25||NIFTY27JAN2625400CE,0.11564266123690002
19-01-2026 11:30||NIFTY27JAN2624100PE,0.18378497416421719
19-01-2026 11:30||NIFTY27JAN2624600PE,0.14375264955400568
19-01-2026 11:30||NIFTY27JAN2624900PE,0.12576664017022474
19-01-2026 11:30||NIFTY27JAN2625000PE,0.12049790342814745
19-01-2026 11:30||NIFTY27JAN2625500CE,0.11313003056312826
19-01-2026 11:30||NIFTY27JAN2625600CE,0.11163428883832738
19-01-2026 11:30||NIFTY27JAN2625700CE,0.11046608901589516
19-01-2026 11:30||NIFTY27JAN2626500CE,0.13448334862446643
19-01-2026 11:35||NIFTY27JAN2623900PE,0.19941010503997683
19-01-2026 11:35||NIFTY27JAN2624600PE,0.14307593218375325
19-01-2026 11:35||NIFTY27JAN2625800CE,0.11130671816440624
19-01-2026 11:35||NIFTY27JAN2626000CE,0.1128082336384673
19-01-2026 11:35||NIFTY27JAN2626200CE,0.1207018838890752
19-01-2026 11:35||NIFTY27JAN2626300CE,0.1270149059513081
19-01-2026 11:35||NIFTY27JAN2626400CE,0.1348131926951775
19-01-2026 11:35||NIFTY27JAN2626500CE,0.14409202406235302
19-01-2026 11:40||NIFTY27JAN2623800PE,0.2094460759178773
19-01-2026 11:40||NIFTY27JAN2624100PE,0.1854048182594396
19-01-2026 11:40||NIFTY27JAN2624200PE,0.1767657216681539
19-01-2026 11:40||NIFTY27JAN2624400PE,0.1606094287731732
19-01-2026 11:40||NIFTY27JAN2624500PE,0.15300615270171855
19-01-2026 11:40||NIFTY27JAN2624600PE,0.14549588937106786
19-01-2026 11:40||NIFTY27JAN2624700PE,0.13808172956619486
19-01-2026 11:40||NIFTY27JAN2625100PE,0.11596393822866254
19-01-2026 11:40||NIFTY27JAN2626200CE,0.11869209155545604
19-01-2026 11:45||NIFTY27JAN2623900PE,0.2013175482187309
19-01-2026 11:45||NIFTY27JAN2624300PE,0.16882276917920075
19-01-2026 11:45||NIFTY27JAN2624900PE,0.12638431032619
19-01-2026 11:45||NIFTY27JAN2625400CE,0.11425206924238229
19-01-2026 11:45||NIFTY27JAN2625600CE,0.10960762934782736
19-01-2026 11:45||NIFTY27JAN2626400CE,0.12877081096995016
19-01-2026 11:50||NIFTY27JAN2623800PE,0.2084870636483269
19-01-2026 11:50||NIFTY27JAN2624200PE,0.17684556358872575
19-01-2026 11:50||NIFTY27JAN2624600PE,0.1454586040026955
19-01-2026 11:50||NIFTY27JAN2625100PE,0.11677976180181421
19-01-2026 11:50||NIFTY27JAN2625200CE,0.11427522570996844
19-01-2026 11:50||NIFTY27JAN2626300CE,0.12293103600745917
19-01-2026 11:55||NIFTY27JAN2623800PE,0.20830563270395652
19-01-2026 11:55||NIFTY27JAN2624200PE,0.17674420814251057
19-01-2026 11:55||NIFTY27JAN2624300PE,0.16874826172178578
19-01-2026 11:55||NIFTY27JAN2624500PE,0.15388211357560494
19-01-2026 11:55||NIFTY27JAN2624600PE,0.14683980939095231
19-01-2026 11:55||NIFTY27JAN2624700PE,0.139973686601908
19-01-2026 11:55||NIFTY27JAN2625900CE,0.10594908746882546
19-01-2026 11:55||NIFTY27JAN2626200CE,0.11696686146530519
19-01-2026 11:55||NIFTY27JAN2626300CE,0.12195635069009526
19-01-2026 12:00||NIFTY27JAN2624100PE,0.18447900998933597
19-01-2026 12:00||NIFTY27JAN2624200PE,0.17626929605225689
19-01-2026 12:00||NIFTY27JAN2624300PE,0.1681336242345785
19-01-2026 12:00||NIFTY27JAN2624400PE,0.16004495680970274
19-01-2026 12:00||NIFTY27JAN2624500PE,0.15181695358805153
19-01-2026 12:00||NIFTY27JAN2624700PE,0.13829680510935927
19-01-2026 12:00||NIFTY27JAN2625000PE,0.12192231063890249
19-01-2026 12:00||NIFTY27JAN2626100CE,0.11454871013972179
19-01-2026 12:00||NIFTY27JAN2626500CE,0.13490171805950665
19-01-2026 12:05||NIFTY27JAN2623900PE,0.20028534701677275
19-01-2026 12:05||NIFTY27JAN2624100PE,0.18476051024025325
19-01-2026 12:05||NIFTY27JAN2624200PE,0.17683183461517277
19-01-2026 12:05||NIFTY27JAN2624400PE,0.16090767293714348
19-01-2026 12:05||NIFTY27JAN2624500PE,0.15293745129101377
19-01-2026 12:05||NIFTY27JAN2625200CE,0.11425123571213197
19-01-2026 12:05||NIFTY27JAN2625400CE,0.10843293369128763
19-01-2026 12:05||NIFTY27JAN2625500CE,0.10672043809098564
19-01-2026 12:05||NIFTY27JAN2625700CE,0.10569369352710371
19-01-2026 12:05||NIFTY27JAN2626100CE,0.11542183189809466
19-01-2026 12:05||NIFTY27JAN2626200CE,0.119748885573226
19-01-2026 12:05||NIFTY27JAN2626400CE,0.1304286406621751
19-01-2026 12:05||NIFTY27JAN2626500CE,0.13720203028374586
19-01-2026 12:10||NIFTY27JAN2623900PE,0.20068915362686146
19-01-2026 12:10||NIFTY27JAN2625600CE,0.11067236507312758
19-01-2026 12:10||NIFTY27JAN2626100CE,0.11648922621719308
19-01-2026 12:10||NIFTY27JAN2626400CE,0.13056944953414523
19-01-2026 12:15||NIFTY27JAN2623900PE,0.20020968976770798
19-01-2026 12:15||NIFTY27JAN2624100PE,0.18474999949106646
19-01-2026 12:15||NIFTY27JAN2624300PE,0.1682993664625786
19-01-2026 12:15||NIFTY27JAN2624400PE,0.15986662490025144
19-01-2026 12:15||NIFTY27JAN2624700PE,0.13720093666898495
19-01-2026 12:15||NIFTY27JAN2625500CE,0.11548385968819573
19-01-2026 12:15||NIFTY27JAN2625800CE,0.11005595520787002
19-01-2026 12:20||NIFTY27JAN2623800PE,0.209715928748488
19-01-2026 12:20||NIFTY27JAN2624200PE,0.17827268021505102
19-01-2026 12:20||NIFTY27JAN2624400PE,0.16213554920842965
19-01-2026 12:20||NIFTY27JAN2625100PE,0.11812533181789085
19-01-2026 12:20||NIFTY27JAN2625300CE,0.10767085485729869
19-01-2026 12:20||NIFTY27JAN2626200CE,0.11615068668031528
19-01-2026 12:25||NIFTY27JAN2623800PE,0.2078100530781369
19-01-2026 12:25||NIFTY27JAN2624100PE,0.18540655990123844
19-01-2026 12:25||NIFTY27JAN2624400PE,0.1607984992240068
19-01-2026 12:25||NIFTY27JAN2625400CE,0.11080368942806765
19-01-2026 12:25||NIFTY27JAN2625700CE,0.10613189625736201
19-01-2026 12:25||NIFTY27JAN2626500CE,0.13461563579377217
19-01-2026 12:30||NIFTY27JAN2623900PE,0.2010171424584417
19-01-2026 12:30||NIFTY27JAN2624300PE,0.168899629238373
19-01-2026 12:30||NIFTY27JAN2624500PE,0.1526516551439588
19-01-2026 12:30||NIFTY27JAN2625000PE,0.12061986815568412
19-01-2026 12:30||NIFTY27JAN2625400CE,0.1094712372438855
19-01-2026 12:30||NIFTY27JAN2625600CE,0.10572588508246368
19-01-2026 12:30||NIFTY27JAN2626500CE,0.1350486352205192
19-01-2026 12:35||NIFTY27JAN2624100PE,0.18504553827318482
19-01-2026 12:35||NIFTY27JAN2624200PE,0.17695470821081
19-01-2026 12:35||NIFTY27JAN2624400PE,0.16044044152059128
19-01-2026 12:35||NIFTY27JAN2624600PE,0.14547062286566542
19-01-2026 12:35||NIFTY27JAN2624700PE,0.13885474421579747
19-01-2026 12:35||NIFTY27JAN2625000PE,0.12138034261096925
19-01-2026 12:35||NIFTY27JAN2625300CE,0.11050696324363925
19-01-2026 12:40||NIFTY27JAN2623800PE,0.20750621931772015
19-01-2026 12:40||NIFTY27JAN2624300PE,0.16723336929665827
19-01-2026 12:40||NIFTY27JAN2624400PE,0.15851531667613364
19-01-2026 12:40||NIFTY27JAN2624900PE,0.12431080995728196
19-01-2026 12:40||NIFTY27JAN2625500CE,0.11278964879599081
19-01-2026 12:40||NIFTY27JAN2625700CE,0.11063205967704759
19-01-2026 12:40||NIFTY27JAN2625800CE,0.11046027716699344
19-01-2026 12:40||NIFTY27JAN2626400CE,0.13151814405630707
19-01-2026 12:45||NIFTY27JAN2624100PE,0.18510094739416988
19-01-2026 12:45||NIFTY27JAN2624400PE,0.15994125745764046
19-01-2026 12:45||NIFTY27JAN2624800PE,0.13163670202809022
19-01-2026 12:45||NIFTY27JAN2626000CE,0.11057356665424917
19-01-2026 12:45||NIFTY27JAN2626100CE,0.11451254495416992
19-01-2026 12:45||NIFTY27JAN2626400CE,0.12927079760466226
19-01-2026 12:50||NIFTY27JAN2623800PE,0.2072642221520741
19-01-2026 12:50||NIFTY27JAN2624200PE,0.17508640534301462
19-01-2026 12:50||NIFTY27JAN2625900CE,0.11142254682215683
19-01-2026 12:50||NIFTY27JAN2626400CE,0.13110387936042509
19-01-2026 12:50||NIFTY27JAN2626500CE,0.13790895923094368
19-01-2026 12:55||NIFTY27JAN2623900PE,0.20284363195058464
19-01-2026 12:55||NIFTY27JAN2624100PE,0.18738363551172196
19-01-2026 12:55||NIFTY27JAN2624200PE,0.1788084108809464
19-01-2026 12:55||NIFTY27JAN2624300PE,0.1702754724966693
19-01-2026 12:55||NIFTY27JAN2624400PE,0.1617073805393942
19-01-2026 12:55||NIFTY27JAN2624500PE,0.152974736209461
19-01-2026 12:55||NIFTY27JAN2624700PE,0.138630922873328
19-01-2026 12:55||NIFTY27JAN2625100PE,0.11635204047988656
19-01-2026 12:55||NIFTY27JAN2625700CE,0.10694091257560373
19-01-2026 12:55||NIFTY27JAN2625800CE,0.10719484014985739
19-01-2026 12:55||NIFTY27JAN2626000CE,0.10955452393140688
19-01-2026 13:00||NIFTY27JAN2623900PE,0.20437771575356817
19-01-2026 13:00||NIFTY27JAN2624000PE,0.1964575751697749
19-01-2026 13:00||NIFTY27JAN2624300PE,0.17196603569371277
19-01-2026 13:00||NIFTY27JAN2624400PE,0.163127575042643
19-01-2026 13:00||NIFTY27JAN2624700PE,0.14038904539973443
19-01-2026 13:00||NIFTY27JAN2624900PE,0.12826516703684115
19-01-2026 13:00||NIFTY27JAN2625400CE,0.1093740399976387
19-01-2026 13:00||NIFTY27JAN2625600CE,0.10598890410552975
19-01-2026 13:00||NIFTY27JAN2625800CE,0.10612163717204093
19-01-2026 13:00||NIFTY27JAN2625900CE,0.10759684703035818
19-01-2026 13:00||NIFTY27JAN2626200CE,0.11690107152326742
19-01-2026 13:00||NIFTY27JAN2626500CE,0.13270152085863418
19-01-2026 13:05||NIFTY27JAN2624600PE,0.14757034850467665
19-01-2026 13:05||NIFTY27JAN2625100PE,0.11857614155881244
19-01-2026 13:05||NIFTY27JAN2625700CE,0.10435102363721438
19-01-2026 13:05||NIFTY27JAN2625900CE,0.10638439841742037
19-01-2026 13:10||NIFTY27JAN2623800PE,0.21348502797254673
19-01-2026 13:10||NIFTY27JAN2623900PE,0.20535611428757045
19-01-2026 13:10||NIFTY27JAN2624400PE,0.16422508288668725
19-01-2026 13:10||NIFTY27JAN2624500PE,0.15586805558612754
19-01-2026 13:10||NIFTY27JAN2624600PE,0.14774693413536663
19-01-2026 13:10||NIFTY27JAN2626200CE,0.1160599218790982
19-01-2026 13:10||NIFTY27JAN2626300CE,0.12116361954259151
19-01-2026 13:15||NIFTY27JAN2625400CE,0.1155393835787736
19-01-2026 13:15||NIFTY27JAN2625800CE,0.1082854572957277
19-01-2026 13:15||NIFTY27JAN2626000CE,0.11139057738525429
19-01-2026 13:20||NIFTY27JAN2624400PE,0.16296224637608375
19-01-2026 13:20||NIFTY27JAN2624800PE,0.1335393044632881
19-01-2026 13:20||NIFTY27JAN2624900PE,0.12779266025958191
19-01-2026 13:20||NIFTY27JAN2625000PE,0.122211755679518
19-01-2026 13:20||NIFTY27JAN2625200CE,0.11218721979692194
19-01-2026 13:20||NIFTY27JAN2625400CE,0.10654801212537948
19-01-2026 13:20||NIFTY27JAN2625800CE,0.10399542394601682
19-01-2026 13:25||NIFTY27JAN2623900PE,0.20453118137112192
19-01-2026 13:25||NIFTY27JAN2624300PE,0.17068315434068204
19-01-2026 13:25||NIFTY27JAN2625000PE,0.12004142666645037
19-01-2026 13:25||NIFTY27JAN2625300CE,0.11206249977020924
19-01-2026 13:25||NIFTY27JAN2625400CE,0.10973839740463932
19-01-2026 13:25||NIFTY27JAN2625500CE,0.10799762345494948
19-01-2026 13:25||NIFTY27JAN2625600CE,0.10643009852976995
19-01-2026 13:25||NIFTY27JAN2625700CE,0.10445018994635813
19-01-2026 13:25||NIFTY27JAN2625900CE,0.106502596557602
19-01-2026 13:25||NIFTY27JAN2626200CE,0.1178742562458423
19-01-2026 13:25||NIFTY27JAN2626500CE,0.13458213729416257
19-01-2026 13:30||NIFTY27JAN2624300PE,0.17039540552451465
19-01-2026 13:30||NIFTY27JAN2624900PE,0.1253392275838672
19-01-2026 13:30||NIFTY27JAN2625000PE,0.12054339878388243
19-01-2026 13:30||NIFTY27JAN2625100PE,0.11667153689760534
19-01-2026 13:30||NIFTY27JAN2625500CE,0.11211463464096463
19-01-2026 13:30||NIFTY27JAN2625800CE,0.10773906228256112
19-01-2026 13:30||NIFTY27JAN2626100CE,0.11400255884797386
19-01-2026 13:30||NIFTY27JAN2626300CE,0.12340615875925222
19-01-2026 13:30||NIFTY27JAN2626400CE,0.12981410672374244
19-01-2026 13:30||NIFTY27JAN2626500CE,0.137148861986132
19-01-2026 13:35||NIFTY27JAN2624200PE,0.18066030536615252
19-01-2026 13:35||NIFTY27JAN2624300PE,0.17213940037771136
19-01-2026 13:35||NIFTY27JAN2624400PE,0.1635949932261933
19-01-2026 13:35||NIFTY27JAN2624900PE,0.12756591672495804
19-01-2026 13:35||NIFTY27JAN2625000PE,0.12319152288645654
19-01-2026 13:35||NIFTY27JAN2625100PE,0.12008319516925721
19-01-2026 13:35||NIFTY27JAN2626200CE,0.11638549299463072
19-01-2026 13:35||NIFTY27JAN2626400CE,0.12671979753653945
19-01-2026 13:40||NIFTY27JAN2624000PE,0.19822943861333087
19-01-2026 13:40||NIFTY27JAN2624200PE,0.1819578401135567
19-01-2026 13:40||NIFTY27JAN2624700PE,0.1417147742340348
19-01-2026 13:40||NIFTY27JAN2624800PE,0.13516806316125707
19-01-2026 13:40||NIFTY27JAN2625000PE,0.12334234356859791
19-01-2026 13:40||NIFTY27JAN2625300CE,0.10070838542585023
19-01-2026 13:40||NIFTY27JAN2625400CE,0.10062998462097823
19-01-2026 13:40||NIFTY27JAN2625500CE,0.10059100855454932
19-01-2026 13:40||NIFTY27JAN2625600CE,0.10047086174617342
19-01-2026 13:40||NIFTY27JAN2625800CE,0.10193498981963013
19-01-2026 13:40||NIFTY27JAN2625900CE,0.10407575809242253
19-01-2026 13:45||NIFTY27JAN2623900PE,0.2012888117020177
19-01-2026 13:45||NIFTY27JAN2624300PE,0.16902498147013628
19-01-2026 13:45||NIFTY27JAN2624700PE,0.13599780060474576
19-01-2026 13:45||NIFTY27JAN2625100PE,0.11009200633350097
19-01-2026 13:45||NIFTY27JAN2625500CE,0.12245973553939396
19-01-2026 13:45||NIFTY27JAN2625900CE,0.11223250122479769
19-01-2026 13:45||NIFTY27JAN2626200CE,0.1194326601661524
19-01-2026 13:45||NIFTY27JAN2626500CE,0.13459077619555423
19-01-2026 13:50||NIFTY27JAN2623900PE,0.20574375072545037
19-01-2026 13:50||NIFTY27JAN2624200PE,0.18124996719433298
19-01-2026 13:50||NIFTY27JAN2625100PE,0.11645529788990111
19-01-2026 13:50||NIFTY27JAN2625400CE,0.11698083276874337
19-01-2026 13:50||NIFTY27JAN2625700CE,0.10773864318703194
19-01-2026 13:50||NIFTY27JAN2626200CE,0.11466859779812105
19-01-2026 13:50||NIFTY27JAN2626400CE,0.12410260519078392
19-01-2026 13:55||NIFTY27JAN2624500PE,0.15929908613563334
19-01-2026 13:55||NIFTY27JAN2624600PE,0.15104559266029335
19-01-2026 13:55||NIFTY27JAN2625600CE,0.10439896674279042
19-01-2026 13:55||NIFTY27JAN2625700CE,0.10459217637114673
19-01-2026 13:55||NIFTY27JAN2625800CE,0.1046165200585369
19-01-2026 13:55||NIFTY27JAN2625900CE,0.10439655546019025
19-01-2026 13:55||NIFTY27JAN2626200CE,0.11113135274984358
19-01-2026 14:00||NIFTY27JAN2624100PE,0.19344052826158464
19-01-2026 14:00||NIFTY27JAN2624400PE,0.16774618325252816
19-01-2026 14:00||NIFTY27JAN2624600PE,0.15006044456010104
19-01-2026 14:00||NIFTY27JAN2625300CE,0.1218295055071918
19-01-2026 14:00||NIFTY27JAN2625800CE,0.10931904211037685
19-01-2026 14:00||NIFTY27JAN2625900CE,0.10914004095639461
19-01-2026 14:00||NIFTY27JAN2626100CE,0.11062621046175655
19-01-2026 14:00||NIFTY27JAN2626500CE,0.1270099697093947
19-01-2026 14:05||NIFTY27JAN2623800PE,0.21796068213926695
19-01-2026 14:05||NIFTY27JAN2624200PE,0.1872263809142774
19-01-2026 14:05||NIFTY27JAN2624500PE,0.1612756580196481
19-01-2026 14:05||NIFTY27JAN2625000PE,0.12461605174352498
19-01-2026 14:05||NIFTY27JAN2625400CE,0.10813988283839057
19-01-2026 14:05||NIFTY27JAN2625800CE,0.10092243639753405
19-01-2026 14:05||NIFTY27JAN2626500CE,0.12334816220368706
19-01-2026 14:10||NIFTY27JAN2623900PE,0.21182748116692696
19-01-2026 14:10||NIFTY27JAN2624400PE,0.16991639448337217
19-01-2026 14:10||NIFTY27JAN2624500PE,0.1610512341299754
19-01-2026 14:10||NIFTY27JAN2625100PE,0.12065503392692717
19-01-2026 14:10||NIFTY27JAN2625200CE,0.10045964160001407
19-01-2026 14:10||NIFTY27JAN2625800CE,0.09782443059681661
19-01-2026 14:10||NIFTY27JAN2626000CE,0.10093726033464258
19-01-2026 14:10||NIFTY27JAN2626100CE,0.10417890148265507
19-01-2026 14:10||NIFTY27JAN2626400CE,0.11835116943194796
19-01-2026 14:15||NIFTY27JAN2623800PE,0.2141190779334595
19-01-2026 14:15||NIFTY27JAN2624100PE,0.19308475231759276
19-01-2026 14:15||NIFTY27JAN2624200PE,0.18462248303467302
19-01-2026 14:15||NIFTY27JAN2624500PE,0.15785580101242425
19-01-2026 14:15||NIFTY27JAN2624700PE,0.14149387767553753
19-01-2026 14:15||NIFTY27JAN2624800PE,0.1339693452204767
19-01-2026 14:15||NIFTY27JAN2625100PE,0.11517691337782017
19-01-2026 14:15||NIFTY27JAN2626200CE,0.11373037439103775
19-01-2026 14:15||NIFTY27JAN2626400CE,0.12264567483865123
19-01-2026 14:20||NIFTY27JAN2624200PE,0.18536187714315083
19-01-2026 14:20||NIFTY27JAN2624500PE,0.16013720895951084
19-01-2026 14:20||NIFTY27JAN2624900PE,0.1306540752544441
19-01-2026 14:20||NIFTY27JAN2625200CE,0.11721719895252494
19-01-2026 14:20||NIFTY27JAN2625800CE,0.10277465130577165
19-01-2026 14:20||NIFTY27JAN2626000CE,0.1038536832533651
19-01-2026 14:20||NIFTY27JAN2626300CE,0.11362931620892305
19-01-2026 14:20||NIFTY27JAN2626500CE,0.12463773017057245
19-01-2026 14:25||NIFTY27JAN2623800PE,0.21854108269919217
19-01-2026 14:25||NIFTY27JAN2624000PE,0.20174341075210833
19-01-2026 14:25||NIFTY27JAN2625100PE,0.11984874883091384
19-01-2026 14:25||NIFTY27JAN2625700CE,0.09903863181608945
19-01-2026 14:25||NIFTY27JAN2625900CE,0.10014317854789861
19-01-2026 14:25||NIFTY27JAN2626000CE,0.10177584038661344
19-01-2026 14:25||NIFTY27JAN2626500CE,0.1238697750401646
19-01-2026 14:30||NIFTY27JAN2624100PE,0.19347374607843335
19-01-2026 14:30||NIFTY27JAN2624300PE,0.17641067785802808
19-01-2026 14:30||NIFTY27JAN2624700PE,0.14350161048909024
19-01-2026 14:30||NIFTY27JAN2624800PE,0.13626027451808115
19-01-2026 14:30||NIFTY27JAN2625000PE,0.12335889355993351
19-01-2026 14:30||NIFTY27JAN2625400CE,0.1089025201549988
19-01-2026 14:35||NIFTY27JAN2623800PE,0.2153774823704948
19-01-2026 14:35||NIFTY27JAN2624100PE,0.19283303927693546
19-01-2026 14:35||NIFTY27JAN2624300PE,0.17563526854184092
19-01-2026 14:35||NIFTY27JAN2625000PE,0.12254418669292327
19-01-2026 14:35||NIFTY27JAN2625800CE,0.1049888362722606
19-01-2026 14:35||NIFTY27JAN2626100CE,0.1079168050303697
19-01-2026 14:35||NIFTY27JAN2626300CE,0.1155093842333812
19-01-2026 14:35||NIFTY27JAN2626400CE,0.12064458682372362
19-01-2026 14:40||NIFTY27JAN2624000PE,0.20134757118387292
19-01-2026 14:40||NIFTY27JAN2624300PE,0.17744739160400158
19-01-2026 14:40||NIFTY27JAN2624700PE,0.1449021372865773
19-01-2026 14:40||NIFTY27JAN2625200CE,0.11219920622816461
19-01-2026 14:40||NIFTY27JAN2625800CE,0.10099269446963549
19-01-2026 14:40||NIFTY27JAN2626400CE,0.1183256052323006
19-01-2026 14:45||NIFTY27JAN2623900PE,0.21119147410559846
19-01-2026 14:45||NIFTY27JAN2624100PE,0.19491758859495167
19-01-2026 14:45||NIFTY27JAN2624400PE,0.16924352519854907
19-01-2026 14:45||NIFTY27JAN2624600PE,0.15247886935962246
19-01-2026 14:45||NIFTY27JAN2624800PE,0.13809285476673955
19-01-2026 14:45||NIFTY27JAN2624900PE,0.1318155575701343
19-01-2026 14:45||NIFTY27JAN2625800CE,0.10092794890607616
19-01-2026 14:45||NIFTY27JAN2626000CE,0.10249849973009373
19-01-2026 14:45||NIFTY27JAN2626200CE,0.10843352957190719
19-01-2026 14:50||NIFTY27JAN2624000PE,0.20317728201689367
19-01-2026 14:50||NIFTY27JAN2624100PE,0.19512470257238798
19-01-2026 14:50||NIFTY27JAN2624200PE,0.18707003941782463
19-01-2026 14:50||NIFTY27JAN2624500PE,0.16154216880481953
19-01-2026 14:50||NIFTY27JAN2625100PE,0.11951353914605076
19-01-2026 14:50||NIFTY27JAN2625700CE,0.10344272113444661
19-01-2026 14:50||NIFTY27JAN2625800CE,0.1031050691446313
19-01-2026 14:50||NIFTY27JAN2625900CE,0.10280036564175743
19-01-2026 14:55||NIFTY27JAN2623800PE,0.22137151332580635
19-01-2026 14:55||NIFTY27JAN2624400PE,0.171061348122602
19-01-2026 14:55||NIFTY27JAN2624800PE,0.13869036003645624
19-01-2026 14:55||NIFTY27JAN2625000PE,0.1252892524341907
19-01-2026 14:55||NIFTY27JAN2625100PE,0.11930602802886343
19-01-2026 14:55||NIFTY27JAN2625300CE,0.10518224952388183
19-01-2026 14:55||NIFTY27JAN2625400CE,0.10323573637843475
19-01-2026 14:55||NIFTY27JAN2625600CE,0.10004517856763973
19-01-2026 14:55||NIFTY27JAN2625900CE,0.09979883229938172
19-01-2026 14:55||NIFTY27JAN2626000CE,0.10170281858330218
19-01-2026 14:55||NIFTY27JAN2626100CE,0.10397906625183631
19-01-2026 15:00||NIFTY27JAN2624100PE,0.19850156763294513
19-01-2026 15:00||NIFTY27JAN2624300PE,0.18138787332477235
19-01-2026 15:00||NIFTY27JAN2625000PE,0.12852782941866514
19-01-2026 15:00||NIFTY27JAN2625600CE,0.09087298611379223
19-01-2026 15:00||NIFTY27JAN2625700CE,0.09157050888002007
19-01-2026 15:00||NIFTY27JAN2626000CE,0.09599126899709415
19-01-2026 15:00||NIFTY27JAN2626300CE,0.10861519100725486
19-01-2026 15:05||NIFTY27JAN2623900PE,0.2102952640932611
19-01-2026 15:05||NIFTY27JAN2625700CE,0.09547034558818955
19-01-2026 15:05||NIFTY27JAN2626000CE,0.09840231608122493
19-01-2026 15:05||NIFTY27JAN2626400CE,0.11733171705041018
19-01-2026 15:05||NIFTY27JAN2626500CE,0.12547577489490502
19-01-2026 15:10||NIFTY27JAN2624100PE,0.1935247998600566
19-01-2026 15:10||NIFTY27JAN2624300PE,0.17637154206079336
19-01-2026 15:10||NIFTY27JAN2624400PE,0.1682371581781297
19-01-2026 15:10||NIFTY27JAN2624800PE,0.13852691598273997
19-01-2026 15:10||NIFTY27JAN2625200CE,0.10666969082856029
19-01-2026 15:10||NIFTY27JAN2625300CE,0.10351696909510717
19-01-2026 15:10||NIFTY27JAN2625800CE,0.09788776183572558
19-01-2026 15:10||NIFTY27JAN2625900CE,0.09912444578267786
19-01-2026 15:10||NIFTY27JAN2626100CE,0.10332135141457421
19-01-2026 15:15||NIFTY27JAN2624200PE,0.185164425521857
19-01-2026 15:15||NIFTY27JAN2624400PE,0.1694273851294338
19-01-2026 15:15||NIFTY27JAN2624500PE,0.16184167276189912
19-01-2026 15:15||NIFTY27JAN2624600PE,0.15426676585920213
19-01-2026 15:15||NIFTY27JAN2624700PE,0.14669810718060908
19-01-2026 15:15||NIFTY27JAN2625300CE,0.08353828337512824
19-01-2026 15:15||NIFTY27JAN2625400CE,0.08751095266295927
19-01-2026 15:15||NIFTY27JAN2626200CE,0.10606748457315357
19-01-2026 15:20||NIFTY27JAN2624200PE,0.18150478182402507
19-01-2026 15:20||NIFTY27JAN2624500PE,0.15742760031735303
19-01-2026 15:20||NIFTY27JAN2625200CE,0.09788360592143885
19-01-2026 15:20||NIFTY27JAN2625800CE,0.09712468899243934
19-01-2026 15:20||NIFTY27JAN2626400CE,0.12174105247325442
19-01-2026 15:20||NIFTY27JAN2626500CE,0.13019895236762088
19-01-2026 15:25||NIFTY27JAN2623900PE,0.206176146284571
19-01-2026 15:25||NIFTY27JAN2624300PE,0.17396253763123626
19-01-2026 15:25||NIFTY27JAN2624400PE,0.16600301233223588
19-01-2026 15:25||NIFTY27JAN2624700PE,0.1437740902451246
19-01-2026 15:25||NIFTY27JAN2625400CE,0.09717285074120362
19-01-2026 15:25||NIFTY27JAN2625800CE,0.09622881795909306
19-01-2026 15:25||NIFTY27JAN2625900CE,0.09783231251164412
19-01-2026 15:25||NIFTY27JAN2626300CE,0.11464884757839658
19-01-2026 15:25||NIFTY27JAN2626400CE,0.12147624591803982
20-01-2026 09:15||NIFTY27JAN2623900PE,0.20822286802464696
20-01-2026 09:15||NIFTY27JAN2624000PE,0.19965540028529608
20-01-2026 09:15||NIFTY27JAN2624100PE,0.19125020796638992
20-01-2026 09:15||NIFTY27JAN2624400PE,0.16709368380760975
20-01-2026 09:15||NIFTY27JAN2624600PE,0.1519229498649884
20-01-2026 09:15||NIFTY27JAN2625200CE,0.11357247857845142
20-01-2026 09:15||NIFTY27JAN2625300CE,0.10982623329049543
20-01-2026 09:15||NIFTY27JAN2625500CE,0.104736717909125
20-01-2026 09:15||NIFTY27JAN2626100CE,0.11082488351781944
20-01-2026 09:15||NIFTY27JAN2626200CE,0.11628191781281222
20-01-2026 09:15||NIFTY27JAN2626300CE,0.1216701283970461
20-01-2026 09:15||NIFTY27JAN2626400CE,0.12735323239438698
20-01-2026 09:20||NIFTY27JAN2623800PE,0.21477884088344235
20-01-2026 09:20||NIFTY27JAN2624000PE,0.19791915707031554
20-01-2026 09:20||NIFTY27JAN2624700PE,0.1462997726325651
20-01-2026 09:20||NIFTY27JAN2625200CE,0.08483440220072064
20-01-2026 09:20||NIFTY27JAN2625400CE,0.08916592028381123
20-01-2026 09:20||NIFTY27JAN2625500CE,0.0912355424404824
20-01-2026 09:20||NIFTY27JAN2625800CE,0.09687537564885212
20-01-2026 09:20||NIFTY27JAN2626200CE,0.11050483929325805
20-01-2026 09:20||NIFTY27JAN2626300CE,0.1146292382911259
20-01-2026 09:20||NIFTY27JAN2626400CE,0.11885870499764814
20-01-2026 09:20||NIFTY27JAN2626500CE,0.12313932791107356
20-01-2026 09:25||NIFTY27JAN2623900PE,0.20332671698872645
20-01-2026 09:25||NIFTY27JAN2624800PE,0.1356143685417412
20-01-2026 09:25||NIFTY27JAN2625000PE,0.12532044949538682
20-01-2026 09:25||NIFTY27JAN2625400CE,0.10504917627392164
20-01-2026 09:30||NIFTY27JAN2623900PE,0.2025050914933706
20-01-2026 09:30||NIFTY27JAN2624400PE,0.1605513903601798
20-01-2026 09:30||NIFTY27JAN2624800PE,0.13234458659250237
20-01-2026 09:30||NIFTY27JAN2625300CE,0.1163163706595447
20-01-2026 09:30||NIFTY27JAN2625700CE,0.10851992044547598
20-01-2026 09:30||NIFTY27JAN2626100CE,0.11804586092623595
20-01-2026 09:30||NIFTY27JAN2626300CE,0.12884548773614915
20-01-2026 09:30||NIFTY27JAN2626500CE,0.14344915326566282
20-01-2026 09:35||NIFTY27JAN2624500PE,0.15395562319495737
20-01-2026 09:35||NIFTY27JAN2625200CE,0.10626458303191288
20-01-2026 09:35||NIFTY27JAN2625700CE,0.10671892910443886
20-01-2026 09:35||NIFTY27JAN2625800CE,0.108599322563104
20-01-2026 09:35||NIFTY27JAN2625900CE,0.11082453516745143
20-01-2026 09:35||NIFTY27JAN2626200CE,0.12327109779461262
20-01-2026 09:40||NIFTY27JAN2623800PE,0.21409839232090583
20-01-2026 09:40||NIFTY27JAN2624100PE,0.18682327966880702
20-01-2026 09:40||NIFTY27JAN2624700PE,0.1386482699832656
20-01-2026 09:40||NIFTY27JAN2625000PE,0.1216945884465355
20-01-2026 09:40||NIFTY27JAN2625700CE,0.11256756736980703
20-01-2026 09:40||NIFTY27JAN2625900CE,0.11434942581127645
20-01-2026 09:40||NIFTY27JAN2626100CE,0.12244283490750338
20-01-2026 09:40||NIFTY27JAN2626200CE,0.12764380620439622
20-01-2026 09:40||NIFTY27JAN2626400CE,0.1399901461669694
20-01-2026 09:45||NIFTY27JAN2624100PE,0.1887495299080733
20-01-2026 09:45||NIFTY27JAN2624600PE,0.1466231379501342
20-01-2026 09:45||NIFTY27JAN2624800PE,0.13375058158802183
20-01-2026 09:45||NIFTY27JAN2625500CE,0.11295805301456147
20-01-2026 09:45||NIFTY27JAN2625800CE,0.11185772128020738
20-01-2026 09:45||NIFTY27JAN2626200CE,0.1272385750335802
20-01-2026 09:45||NIFTY27JAN2626300CE,0.13349701131659752
20-01-2026 09:50||NIFTY27JAN2624100PE,0.18889556270340085
20-01-2026 09:50||NIFTY27JAN2624800PE,0.13640867251949812
20-01-2026 09:50||NIFTY27JAN2625100PE,0.12414641893752931
20-01-2026 09:50||NIFTY27JAN2625200CE,0.10287396287961163
20-01-2026 09:55||NIFTY27JAN2623900PE,0.20418021389861063
20-01-2026 09:55||NIFTY27JAN2624100PE,0.18595841035563182
20-01-2026 09:55||NIFTY27JAN2624200PE,0.1769778632066119
20-01-2026 09:55||NIFTY27JAN2624300PE,0.16806897759352302
20-01-2026 09:55||NIFTY27JAN2625000PE,0.12257650137730257
20-01-2026 09:55||NIFTY27JAN2625300CE,0.11757524618523021
20-01-2026 09:55||NIFTY27JAN2625800CE,0.11327911214177791
20-01-2026 09:55||NIFTY27JAN2625900CE,0.11556120765989028
20-01-2026 10:00||NIFTY27JAN2623900PE,0.2063427492267572
20-01-2026 10:00||NIFTY27JAN2624000PE,0.19734058841144692
20-01-2026 10:00||NIFTY27JAN2624100PE,0.1883210439838792
20-01-2026 10:00||NIFTY27JAN2624600PE,0.14629281882401596
20-01-2026 10:00||NIFTY27JAN2624700PE,0.13951098643034776
20-01-2026 10:00||NIFTY27JAN2625200CE,0.12167992946745809
20-01-2026 10:00||NIFTY27JAN2625400CE,0.11541831060820555
20-01-2026 10:00||NIFTY27JAN2625700CE,0.11158021596404459
20-01-2026 10:00||NIFTY27JAN2626000CE,0.11700780097828092
20-01-2026 10:00||NIFTY27JAN2626200CE,0.1268246616141518
20-01-2026 10:05||NIFTY27JAN2624000PE,0.1945913156351856
20-01-2026 10:05||NIFTY27JAN2624600PE,0.14344687698763053
20-01-2026 10:05||NIFTY27JAN2625800CE,0.11355708914259093
20-01-2026 10:05||NIFTY27JAN2625900CE,0.11542158189145182
20-01-2026 10:05||NIFTY27JAN2626100CE,0.12155018845801097
20-01-2026 10:05||NIFTY27JAN2626200CE,0.12636481505279268
20-01-2026 10:05||NIFTY27JAN2626500CE,0.14520636391712513
20-01-2026 10:10||NIFTY27JAN2624700PE,0.14155893878525783
20-01-2026 10:10||NIFTY27JAN2624900PE,0.13060164353173725
20-01-2026 10:10||NIFTY27JAN2625100PE,0.12236025496402136
20-01-2026 10:10||NIFTY27JAN2625700CE,0.10653774496489676
20-01-2026 10:10||NIFTY27JAN2626500CE,0.1433129567663537
20-01-2026 10:15||NIFTY27JAN2624000PE,0.1946981507155977
20-01-2026 10:15||NIFTY27JAN2625000PE,0.12052583602820632
20-01-2026 10:15||NIFTY27JAN2625800CE,0.11312558507108134
20-01-2026 10:15||NIFTY27JAN2626100CE,0.12123143884536008
20-01-2026 10:15||NIFTY27JAN2626300CE,0.13177309705745027
20-01-2026 10:20||NIFTY27JAN2624000PE,0.19649015735877978
20-01-2026 10:20||NIFTY27JAN2624100PE,0.1879143890905225
20-01-2026 10:20||NIFTY27JAN2624300PE,0.17065783308901267
20-01-2026 10:20||NIFTY27JAN2624600PE,0.14620533861478155
20-01-2026 10:20||NIFTY27JAN2625000PE,0.12333327910837436
20-01-2026 10:20||NIFTY27JAN2625700CE,0.10635023792062454
20-01-2026 10:20||NIFTY27JAN2626000CE,0.11253467134826689
20-01-2026 10:25||NIFTY27JAN2623800PE,0.21419993499793671
20-01-2026 10:25||NIFTY27JAN2624300PE,0.1710992626998396
20-01-2026 10:25||NIFTY27JAN2624700PE,0.13998392636052975
20-01-2026 10:25||NIFTY27JAN2625000PE,0.12369980857673554
20-01-2026 10:25||NIFTY27JAN2625500CE,0.1061865565286628
20-01-2026 10:25||NIFTY27JAN2625800CE,0.1061444779865371
20-01-2026 10:25||NIFTY27JAN2626200CE,0.1209273907072431
20-01-2026 10:25||NIFTY27JAN2626400CE,0.133482226886056
20-01-2026 10:30||NIFTY27JAN2623900PE,0.2056953212163882
20-01-2026 10:30||NIFTY27JAN2624000PE,0.1967395045679553
20-01-2026 10:30||NIFTY27JAN2624300PE,0.1708109102655454
20-01-2026 10:30||NIFTY27JAN2624600PE,0.1463907297065798
20-01-2026 10:30||NIFTY27JAN2625500CE,0.10802997003429197
20-01-2026 10:30||NIFTY27JAN2625700CE,0.10779630166442333
20-01-2026 10:30||NIFTY27JAN2625800CE,0.10867609950618992
20-01-2026 10:30||NIFTY27JAN2626000CE,0.11294410546010591
20-01-2026 10:30||NIFTY27JAN2626200CE,0.12241640596183981
20-01-2026 10:35||NIFTY27JAN2624000PE,0.1956982326839352
20-01-2026 10:35||NIFTY27JAN2624300PE,0.16929439592513618
20-01-2026 10:35||NIFTY27JAN2624700PE,0.13692580948355598
20-01-2026 10:35||NIFTY27JAN2624900PE,0.12491414198853694
20-01-2026 10:35||NIFTY27JAN2625000PE,0.11961208105732613
20-01-2026 10:35||NIFTY27JAN2625200CE,0.13218560225663234
20-01-2026 10:35||NIFTY27JAN2625400CE,0.12117897085831897
20-01-2026 10:35||NIFTY27JAN2625900CE,0.11347044866467978
20-01-2026 10:35||NIFTY27JAN2626200CE,0.12348486453708027
20-01-2026 10:40||NIFTY27JAN2624000PE,0.1978366271416031
20-01-2026 10:40||NIFTY27JAN2624300PE,0.17170738562130938
20-01-2026 10:40||NIFTY27JAN2625300CE,0.1065300452065712
20-01-2026 10:40||NIFTY27JAN2625800CE,0.10528190739471897
20-01-2026 10:40||NIFTY27JAN2625900CE,0.10937838265299646
20-01-2026 10:40||NIFTY27JAN2626000CE,0.11325980182207046
20-01-2026 10:40||NIFTY27JAN2626100CE,0.1171874209133636
20-01-2026 10:40||NIFTY27JAN2626200CE,0.1208976229427019
20-01-2026 10:45||NIFTY27JAN2624900PE,0.12699573060884417
20-01-2026 10:45||NIFTY27JAN2625200CE,0.11574711999065249
20-01-2026 10:45||NIFTY27JAN2625700CE,0.10739459160825487
20-01-2026 10:45||NIFTY27JAN2625900CE,0.1096541790195038
20-01-2026 10:45||NIFTY27JAN2626200CE,0.12126347384000478
20-01-2026 10:45||NIFTY27JAN2626400CE,0.13326827295231375
20-01-2026 10:50||NIFTY27JAN2623800PE,0.21503549361753305
20-01-2026 10:50||NIFTY27JAN2624100PE,0.18942545412822248
20-01-2026 10:50||NIFTY27JAN2624900PE,0.12842125644179375
20-01-2026 10:50||NIFTY27JAN2625300CE,0.10491129164017032
20-01-2026 10:50||NIFTY27JAN2626200CE,0.12110942199751547
20-01-2026 10:55||NIFTY27JAN2624100PE,0.18874318669086487
20-01-2026 10:55||NIFTY27JAN2624200PE,0.17945890150037683
20-01-2026 10:55||NIFTY27JAN2624500PE,0.1537394669397306
20-01-2026 10:55||NIFTY27JAN2624600PE,0.14731618918904782
20-01-2026 10:55||NIFTY27JAN2624700PE,0.14076204091356276
20-01-2026 10:55||NIFTY27JAN2624800PE,0.13435327760326218
20-01-2026 10:55||NIFTY27JAN2624900PE,0.12805760034517188
20-01-2026 10:55||NIFTY27JAN2625300CE,0.10908441903088054
20-01-2026 10:55||NIFTY27JAN2625400CE,0.10814426792494397
20-01-2026 10:55||NIFTY27JAN2625900CE,0.11026151270323689
20-01-2026 10:55||NIFTY27JAN2626200CE,0.12235859297264806
20-01-2026 10:55||NIFTY27JAN2626400CE,0.13476233959071962
20-01-2026 11:00||NIFTY27JAN2623800PE,0.213555788611741
20-01-2026 11:00||NIFTY27JAN2623900PE,0.2051073999126529
20-01-2026 11:00||NIFTY27JAN2624000PE,0.1963345454538569
20-01-2026 11:00||NIFTY27JAN2624400PE,0.16109433910593735
20-01-2026 11:00||NIFTY27JAN2625200CE,0.11083574390947742
20-01-2026 11:00||NIFTY27JAN2625300CE,0.10868461233376417
20-01-2026 11:00||NIFTY27JAN2625400CE,0.10689034286160988
20-01-2026 11:05||NIFTY27JAN2623800PE,0.21454208508473877
20-01-2026 11:05||NIFTY27JAN2624400PE,0.1605161696816681
20-01-2026 11:05||NIFTY27JAN2624500PE,0.15199613758652147
20-01-2026 11:05||NIFTY27JAN2624700PE,0.1373247250083793
20-01-2026 11:05||NIFTY27JAN2625300CE,0.10886383270111451
20-01-2026 11:05||NIFTY27JAN2625400CE,0.10733537725437478
20-01-2026 11:05||NIFTY27JAN2625500CE,0.10623740900986124
20-01-2026 11:05||NIFTY27JAN2625700CE,0.1062816916733585
20-01-2026 11:05||NIFTY27JAN2625800CE,0.10765048614693998
20-01-2026 11:05||NIFTY27JAN2626300CE,0.12958120567934522
20-01-2026 11:10||NIFTY27JAN2624500PE,0.15081876078196416
20-01-2026 11:10||NIFTY27JAN2624900PE,0.12571965810950808
20-01-2026 11:10||NIFTY27JAN2625200CE,0.11342292885326667
20-01-2026 11:10||NIFTY27JAN2625600CE,0.10690531344538631
20-01-2026 11:15||NIFTY27JAN2623800PE,0.21109019844972504
20-01-2026 11:15||NIFTY27JAN2624300PE,0.16655702410612372
20-01-2026 11:15||NIFTY27JAN2624700PE,0.1352866923814529
20-01-2026 11:15||NIFTY27JAN2625000PE,0.11919904014193011
20-01-2026 11:15||NIFTY27JAN2625300CE,0.11501508936599966
20-01-2026 11:15||NIFTY27JAN2625600CE,0.10829173129409278
20-01-2026 11:20||NIFTY27JAN2624500PE,0.14962997336177222
20-01-2026 11:20||NIFTY27JAN2624700PE,0.13519081498174768
20-01-2026 11:20||NIFTY27JAN2625700CE,0.10869829506857022
20-01-2026 11:20||NIFTY27JAN2626200CE,0.12441032104697483
20-01-2026 11:20||NIFTY27JAN2626300CE,0.13059423399661713
20-01-2026 11:25||NIFTY27JAN2623900PE,0.20193568547280538
20-01-2026 11:25||NIFTY27JAN2624000PE,0.19280362945801166
20-01-2026 11:25||NIFTY27JAN2624300PE,0.1655370587935742
20-01-2026 11:25||NIFTY27JAN2624900PE,0.1220250608994036
20-01-2026 11:25||NIFTY27JAN2625200CE,0.12691475440108624
20-01-2026 11:25||NIFTY27JAN2625300CE,0.12162773467569517
20-01-2026 11:25||NIFTY27JAN2625700CE,0.11177572050547152
20-01-2026 11:25||NIFTY27JAN2625800CE,0.11203433671960736
20-01-2026 11:25||NIFTY27JAN2626100CE,0.11997576509853451
20-01-2026 11:30||NIFTY27JAN2623900PE,0.20382166116477407
20-01-2026 11:30||NIFTY27JAN2624000PE,0.1947944116118689
20-01-2026 11:30||NIFTY27JAN2624100PE,0.1857693676470119
20-01-2026 11:30||NIFTY27JAN2624200PE,0.17668675321962843
20-01-2026 11:30||NIFTY27JAN2624500PE,0.15070013387616235
20-01-2026 11:30||NIFTY27JAN2624900PE,0.12467660745652982
20-01-2026 11:30||NIFTY27JAN2625200CE,0.11466778568605537
20-01-2026 11:30||NIFTY27JAN2625500CE,0.10798151091595154
20-01-2026 11:30||NIFTY27JAN2625700CE,0.10767620102951767
20-01-2026 11:30||NIFTY27JAN2625800CE,0.10865180182494735
20-01-2026 11:30||NIFTY27JAN2626000CE,0.11316037115560375
20-01-2026 11:30||NIFTY27JAN2626400CE,0.13644739790680838
20-01-2026 11:35||NIFTY27JAN2623800PE,0.2125851282653829
20-01-2026 11:35||NIFTY27JAN2624500PE,0.15107379788122263
20-01-2026 11:35||NIFTY27JAN2625300CE,0.11119989812410595
20-01-2026 11:35||NIFTY27JAN2625900CE,0.10912451787143274
20-01-2026 11:35||NIFTY27JAN2626100CE,0.1169231549092496
20-01-2026 11:35||NIFTY27JAN2626300CE,0.12803305696679765
20-01-2026 11:35||NIFTY27JAN2626400CE,0.13478612668017953
20-01-2026 11:35||NIFTY27JAN2626500CE,0.14224741694166276
20-01-2026 11:40||NIFTY27JAN2623800PE,0.2116914346519701
20-01-2026 11:40||NIFTY27JAN2624000PE,0.19403477829853255
20-01-2026 11:40||NIFTY27JAN2624100PE,0.18517233914494052
20-01-2026 11:40||NIFTY27JAN2624200PE,0.17621902333334022
20-01-2026 11:40||NIFTY27JAN2624700PE,0.13478774653670195
20-01-2026 11:40||NIFTY27JAN2624800PE,0.12832041493913382
20-01-2026 11:40||NIFTY27JAN2625100PE,0.11136186659864356
20-01-2026 11:40||NIFTY27JAN2625300CE,0.1163752951483175
20-01-2026 11:40||NIFTY27JAN2625800CE,0.10784956455293482
20-01-2026 11:45||NIFTY27JAN2623900PE,0.2037597423780188
20-01-2026 11:45||NIFTY27JAN2624100PE,0.18573877546713968
20-01-2026 11:45||NIFTY27JAN2624500PE,0.1499835810445303
20-01-2026 11:45||NIFTY27JAN2625600CE,0.10762999946731008
20-01-2026 11:45||NIFTY27JAN2625800CE,0.10883056627546195
20-01-2026 11:45||NIFTY27JAN2625900CE,0.11125085311654839
20-01-2026 11:45||NIFTY27JAN2626000CE,0.11415292074653442
20-01-2026 11:50||NIFTY27JAN2624000PE,0.19499727315788035
20-01-2026 11:50||NIFTY27JAN2624200PE,0.17707639256019667
20-01-2026 11:50||NIFTY27JAN2624600PE,0.1428177072991396
20-01-2026 11:50||NIFTY27JAN2624700PE,0.13536146396846394
20-01-2026 11:50||NIFTY27JAN2624900PE,0.12251904993864653
20-01-2026 11:50||NIFTY27JAN2625300CE,0.11405448309913493
20-01-2026 11:50||NIFTY27JAN2625400CE,0.11083728516015126
20-01-2026 11:50||NIFTY27JAN2625700CE,0.10605266528506282
20-01-2026 11:50||NIFTY27JAN2626100CE,0.11692220077844365
20-01-2026 11:50||NIFTY27JAN2626300CE,0.1286188774043685
20-01-2026 11:55||NIFTY27JAN2623800PE,0.22237131496063797
20-01-2026 11:55||NIFTY27JAN2623900PE,0.2106414561402398
20-01-2026 11:55||NIFTY27JAN2624000PE,0.19954761162966272
20-01-2026 11:55||NIFTY27JAN2624100PE,0.18901530966059135
20-01-2026 11:55||NIFTY27JAN2624800PE,0.13138646821924074
20-01-2026 11:55||NIFTY27JAN2624900PE,0.1257889231857654
20-01-2026 11:55||NIFTY27JAN2625600CE,0.10130936777647692
20-01-2026 11:55||NIFTY27JAN2625800CE,0.10358980342170748
20-01-2026 11:55||NIFTY27JAN2625900CE,0.10658234427164245
20-01-2026 12:00||NIFTY27JAN2623800PE,0.21352590590956058
20-01-2026 12:00||NIFTY27JAN2624400PE,0.1603335181633639
20-01-2026 12:00||NIFTY27JAN2624600PE,0.14472890512316006
20-01-2026 12:00||NIFTY27JAN2624700PE,0.13750270051171753
20-01-2026 12:00||NIFTY27JAN2625500CE,0.09955951832611842
20-01-2026 12:00||NIFTY27JAN2625800CE,0.10334206428991502
20-01-2026 12:00||NIFTY27JAN2625900CE,0.1067061561028544
20-01-2026 12:00||NIFTY27JAN2626500CE,0.14431466124088116
20-01-2026 12:05||NIFTY27JAN2624200PE,0.17690436996150766
20-01-2026 12:05||NIFTY27JAN2624700PE,0.1364457566252241
20-01-2026 12:05||NIFTY27JAN2624900PE,0.12553695748303917
20-01-2026 12:05||NIFTY27JAN2625000PE,0.12095485016691815
20-01-2026 12:05||NIFTY27JAN2625800CE,0.10332770433896565
20-01-2026 12:05||NIFTY27JAN2626000CE,0.11156839112562691
20-01-2026 12:10||NIFTY27JAN2624100PE,0.18448564939534606
20-01-2026 12:10||NIFTY27JAN2624200PE,0.17531900778453763
20-01-2026 12:10||NIFTY27JAN2624500PE,0.14954688574766417
20-01-2026 12:10||NIFTY27JAN2624600PE,0.14288268919619834
20-01-2026 12:10||NIFTY27JAN2624700PE,0.13610231482819135
20-01-2026 12:10||NIFTY27JAN2624800PE,0.12949838987405188
20-01-2026 12:10||NIFTY27JAN2624900PE,0.1230479994914416
20-01-2026 12:10||NIFTY27JAN2626500CE,0.14864227522527232
20-01-2026 12:15||NIFTY27JAN2624300PE,0.1671248089734641
20-01-2026 12:15||NIFTY27JAN2624500PE,0.15033581097838533
20-01-2026 12:15||NIFTY27JAN2624600PE,0.14264492309046017
20-01-2026 12:15||NIFTY27JAN2625000PE,0.11814681939018683
20-01-2026 12:15||NIFTY27JAN2625100PE,0.11375100286764368
20-01-2026 12:15||NIFTY27JAN2625400CE,0.10454258109776979
20-01-2026 12:15||NIFTY27JAN2625800CE,0.1065514575051563
20-01-2026 12:15||NIFTY27JAN2626400CE,0.13922616790865483
20-01-2026 12:20||NIFTY27JAN2623900PE,0.20388357156216808
20-01-2026 12:20||NIFTY27JAN2624000PE,0.19436805366614876
20-01-2026 12:20||NIFTY27JAN2624100PE,0.18487437911725302
20-01-2026 12:20||NIFTY27JAN2624600PE,0.14184902898619092
20-01-2026 12:20||NIFTY27JAN2625200CE,0.1084005644320926
20-01-2026 12:20||NIFTY27JAN2625300CE,0.10591267739242935
20-01-2026 12:20||NIFTY27JAN2625700CE,0.10512988492708562
20-01-2026 12:20||NIFTY27JAN2625800CE,0.10764785819917902
20-01-2026 12:20||NIFTY27JAN2625900CE,0.11058783935003252
20-01-2026 12:20||NIFTY27JAN2626400CE,0.13967789153173293
20-01-2026 12:25||NIFTY27JAN2623800PE,0.2101489517625312
20-01-2026 12:25||NIFTY27JAN2624400PE,0.15633792502384586
20-01-2026 12:25||NIFTY27JAN2625000PE,0.11441721621172944
20-01-2026 12:25||NIFTY27JAN2625100PE,0.10954346961994171
20-01-2026 12:25||NIFTY27JAN2625300CE,0.11662512484842322
20-01-2026 12:25||NIFTY27JAN2625700CE,0.10892646179058718
20-01-2026 12:25||NIFTY27JAN2626000CE,0.11613154349443384
20-01-2026 12:30||NIFTY27JAN2623800PE,0.21400822339823805
20-01-2026 12:30||NIFTY27JAN2623900PE,0.2039462328577028
20-01-2026 12:30||NIFTY27JAN2624500PE,0.1490977101006022
20-01-2026 12:30||NIFTY27JAN2624900PE,0.1223073369869947
20-01-2026 12:30||NIFTY27JAN2625000PE,0.1171844121323892
20-01-2026 12:30||NIFTY27JAN2625100PE,0.1125411737588955
20-01-2026 12:30||NIFTY27JAN2625300CE,0.10740467871370082
20-01-2026 12:30||NIFTY27JAN2625400CE,0.10571616185246377
20-01-2026 12:30||NIFTY27JAN2625800CE,0.10673097771041663
20-01-2026 12:30||NIFTY27JAN2626000CE,0.11448943306649019
20-01-2026 12:30||NIFTY27JAN2626200CE,0.1266969900482891
20-01-2026 12:35||NIFTY27JAN2623800PE,0.20964265856379233
20-01-2026 12:35||NIFTY27JAN2624200PE,0.1745582265071639
20-01-2026 12:35||NIFTY27JAN2624300PE,0.16543806707033853
20-01-2026 12:35||NIFTY27JAN2625000PE,0.11697633548636152
20-01-2026 12:35||NIFTY27JAN2625200CE,0.11648188935274925
20-01-2026 12:35||NIFTY27JAN2625300CE,0.1123822480078548
20-01-2026 12:35||NIFTY27JAN2625500CE,0.1076169650024931
20-01-2026 12:35||NIFTY27JAN2625700CE,0.10802112773154174
20-01-2026 12:35||NIFTY27JAN2625800CE,0.1094925342695238
20-01-2026 12:35||NIFTY27JAN2626200CE,0.12803155939274458
20-01-2026 12:35||NIFTY27JAN2626300CE,0.13531085145753408
20-01-2026 12:40||NIFTY27JAN2623800PE,0.20956569180304152
20-01-2026 12:40||NIFTY27JAN2624000PE,0.19252611284848287
20-01-2026 12:40||NIFTY27JAN2624300PE,0.16563476604986158
20-01-2026 12:40||NIFTY27JAN2624600PE,0.14186315204196207
20-01-2026 12:40||NIFTY27JAN2624700PE,0.1350661626909282
20-01-2026 12:40||NIFTY27JAN2625400CE,0.10542761875807011
20-01-2026 12:40||NIFTY27JAN2625700CE,0.10598954774537811
20-01-2026 12:40||NIFTY27JAN2626100CE,0.12177644282026069
20-01-2026 12:45||NIFTY27JAN2623800PE,0.20805216633783236
20-01-2026 12:45||NIFTY27JAN2624100PE,0.18247806080976747
20-01-2026 12:45||NIFTY27JAN2624300PE,0.16457498792263078
20-01-2026 12:45||NIFTY27JAN2624400PE,0.15583863200812975
20-01-2026 12:45||NIFTY27JAN2624700PE,0.13318265111400657
20-01-2026 12:45||NIFTY27JAN2625100PE,0.11282888386589279
20-01-2026 12:45||NIFTY27JAN2626200CE,0.12875006949042966
20-01-2026 12:50||NIFTY27JAN2623800PE,0.2112868717653878
20-01-2026 12:50||NIFTY27JAN2624100PE,0.18370514912850683
20-01-2026 12:50||NIFTY27JAN2624200PE,0.1745739780067856
20-01-2026 12:50||NIFTY27JAN2624300PE,0.16552318786420134
20-01-2026 12:50||NIFTY27JAN2625400CE,0.10907893310894555
20-01-2026 12:50||NIFTY27JAN2625600CE,0.10683769165858217
20-01-2026 12:50||NIFTY27JAN2625800CE,0.10824980481298915
20-01-2026 12:50||NIFTY27JAN2626000CE,0.11617445263623294
20-01-2026 12:50||NIFTY27JAN2626100CE,0.12163875075452896
20-01-2026 12:50||NIFTY27JAN2626200CE,0.12757716492794585
20-01-2026 12:55||NIFTY27JAN2624100PE,0.18393909322111146
20-01-2026 12:55||NIFTY27JAN2624700PE,0.13378704154836163
20-01-2026 12:55||NIFTY27JAN2624900PE,0.12192052190222763
20-01-2026 12:55||NIFTY27JAN2625400CE,0.10954952411385374
20-01-2026 12:55||NIFTY27JAN2625600CE,0.10791615950435468
20-01-2026 12:55||NIFTY27JAN2625700CE,0.10804554943852465
20-01-2026 12:55||NIFTY27JAN2626500CE,0.148333488890708
20-01-2026 13:00||NIFTY27JAN2623900PE,0.20319148768127343
20-01-2026 13:00||NIFTY27JAN2624200PE,0.17597981869417637
20-01-2026 13:00||NIFTY27JAN2624900PE,0.12259059464353184
20-01-2026 13:00||NIFTY27JAN2625100PE,0.11303628450550873
20-01-2026 13:00||NIFTY27JAN2625800CE,0.1086687197738791
20-01-2026 13:00||NIFTY27JAN2625900CE,0.11188885478145069
20-01-2026 13:00||NIFTY27JAN2626400CE,0.14125084948897265
20-01-2026 13:05||NIFTY27JAN2624200PE,0.17570209622651178
20-01-2026 13:05||NIFTY27JAN2624600PE,0.142028395961361
20-01-2026 13:05||NIFTY27JAN2624700PE,0.13486091569050263
20-01-2026 13:05||NIFTY27JAN2624900PE,0.12290050701302199
20-01-2026 13:05||NIFTY27JAN2625000PE,0.11796668424710736
20-01-2026 13:05||NIFTY27JAN2625300CE,0.10897161726060192
20-01-2026 13:05||NIFTY27JAN2625400CE,0.10716795001441924
20-01-2026 13:05||NIFTY27JAN2625600CE,0.10548858258958085
20-01-2026 13:05||NIFTY27JAN2626100CE,0.12055593902053593
20-01-2026 13:05||NIFTY27JAN2626300CE,0.1335313232361129
20-01-2026 13:05||NIFTY27JAN2626500CE,0.14993441985285363
20-01-2026 13:10||NIFTY27JAN2624000PE,0.19368051299526987
20-01-2026 13:10||NIFTY27JAN2624200PE,0.17561725086048796
20-01-2026 13:10||NIFTY27JAN2624400PE,0.15802691734185312
20-01-2026 13:10||NIFTY27JAN2624700PE,0.13488991017243745
20-01-2026 13:10||NIFTY27JAN2625000PE,0.11688678477392833
20-01-2026 13:10||NIFTY27JAN2625100PE,0.11210895339436672
20-01-2026 13:10||NIFTY27JAN2625500CE,0.10505212457431956
20-01-2026 13:10||NIFTY27JAN2626000CE,0.11490445226111355
20-01-2026 13:10||NIFTY27JAN2626400CE,0.14136508408804177
20-01-2026 13:15||NIFTY27JAN2623800PE,0.21439787725135562
20-01-2026 13:15||NIFTY27JAN2623900PE,0.2038571407248073
20-01-2026 13:15||NIFTY27JAN2624100PE,0.1838985262980897
20-01-2026 13:15||NIFTY27JAN2624600PE,0.14076564303954708
20-01-2026 13:15||NIFTY27JAN2624900PE,0.1214848919493495
20-01-2026 13:15||NIFTY27JAN2625000PE,0.11639445623605667
20-01-2026 13:15||NIFTY27JAN2625200CE,0.11915510049495966
20-01-2026 13:15||NIFTY27JAN2625300CE,0.11471528423156713
20-01-2026 13:15||NIFTY27JAN2626000CE,0.11719550334627257
20-01-2026 13:15||NIFTY27JAN2626200CE,0.1286305176769012
20-01-2026 13:20||NIFTY27JAN2624200PE,0.17662085650591378
20-01-2026 13:20||NIFTY27JAN2624600PE,0.14355601855833483
20-01-2026 13:20||NIFTY27JAN2624800PE,0.1302378480003578
20-01-2026 13:20||NIFTY27JAN2625000PE,0.11966874725453336
20-01-2026 13:20||NIFTY27JAN2625700CE,0.10491456184185521
20-01-2026 13:20||NIFTY27JAN2626100CE,0.11987824775532752
20-01-2026 13:20||NIFTY27JAN2626200CE,0.1258808579073512
20-01-2026 13:25||NIFTY27JAN2623800PE,0.2106203029146771
20-01-2026 13:25||NIFTY27JAN2624100PE,0.18462900640229526
20-01-2026 13:25||NIFTY27JAN2624700PE,0.13450216814783378
20-01-2026 13:25||NIFTY27JAN2625000PE,0.11786920880478188
20-01-2026 13:25||NIFTY27JAN2625800CE,0.10879856029369603
20-01-2026 13:30||NIFTY27JAN2624100PE,0.18475768680838
20-01-2026 13:30||NIFTY27JAN2624700PE,0.1352010761237547
20-01-2026 13:30||NIFTY27JAN2624900PE,0.12414341902566114
20-01-2026 13:30||NIFTY27JAN2626000CE,0.11514616414823975
20-01-2026 13:30||NIFTY27JAN2626200CE,0.12672680701640027
20-01-2026 13:30||NIFTY27JAN2626500CE,0.14719574545151226
20-01-2026 13:35||NIFTY27JAN2625000PE,0.12021255467517822
20-01-2026 13:35||NIFTY27JAN2625100PE,0.11574001340428593
20-01-2026 13:35||NIFTY27JAN2625800CE,0.10954278435090703
20-01-2026 13:35||NIFTY27JAN2626200CE,0.1299304331086627
20-01-2026 13:40||NIFTY27JAN2623800PE,0.20851767855072578
20-01-2026 13:40||NIFTY27JAN2624100PE,0.18371935472956807
20-01-2026 13:40||NIFTY27JAN2624400PE,0.15561174428992464
20-01-2026 13:40||NIFTY27JAN2624600PE,0.1401298877658368
20-01-2026 13:40||NIFTY27JAN2625000PE,0.11639970320130522
20-01-2026 13:40||NIFTY27JAN2625500CE,0.11196969942111785
20-01-2026 13:45||NIFTY27JAN2624000PE,0.19368445326322287
20-01-2026 13:45||NIFTY27JAN2624100PE,0.1847040440753162
20-01-2026 13:45||NIFTY27JAN2624400PE,0.15777640569759
20-01-2026 13:45||NIFTY27JAN2624600PE,0.1426789801832305
20-01-2026 13:45||NIFTY27JAN2625700CE,0.10925927304495611
20-01-2026 13:45||NIFTY27JAN2625900CE,0.11546631355347094
20-01-2026 13:45||NIFTY27JAN2626400CE,0.14690133708572514
20-01-2026 13:50||NIFTY27JAN2623800PE,0.21122057299182057
20-01-2026 13:50||NIFTY27JAN2624000PE,0.1929952843028323
20-01-2026 13:50||NIFTY27JAN2624100PE,0.1839082994792956
20-01-2026 13:50||NIFTY27JAN2624200PE,0.17490420042168436
20-01-2026 13:50||NIFTY27JAN2624300PE,0.16586956989491755
20-01-2026 13:50||NIFTY27JAN2624500PE,0.1485206051170968
20-01-2026 13:50||NIFTY27JAN2625200CE,0.11997814636209943
20-01-2026 13:50||NIFTY27JAN2625400CE,0.11275276124661071
20-01-2026 13:50||NIFTY27JAN2625500CE,0.11083521872037529
20-01-2026 13:50||NIFTY27JAN2626000CE,0.12171317593870606
20-01-2026 13:50||NIFTY27JAN2626100CE,0.12746203304315457
20-01-2026 13:55||NIFTY27JAN2624100PE,0.18522090224282595
20-01-2026 13:55||NIFTY27JAN2624400PE,0.1574683676033758
20-01-2026 13:55||NIFTY27JAN2625200CE,0.12060519814221296
20-01-2026 13:55||NIFTY27JAN2625400CE,0.11265823922651275
20-01-2026 13:55||NIFTY27JAN2625600CE,0.11128990832298251
20-01-2026 13:55||NIFTY27JAN2625700CE,0.1119962823745618
20-01-2026 13:55||NIFTY27JAN2625900CE,0.11626260789922016
20-01-2026 13:55||NIFTY27JAN2626500CE,0.1550206753673141
20-01-2026 14:00||NIFTY27JAN2623800PE,0.21260296064890036
20-01-2026 14:00||NIFTY27JAN2624100PE,0.18624946866095915
20-01-2026 14:00||NIFTY27JAN2624200PE,0.17655218477090312
20-01-2026 14:00||NIFTY27JAN2624800PE,0.12750084213657137
20-01-2026 14:00||NIFTY27JAN2624900PE,0.12130086900704867
20-01-2026 14:00||NIFTY27JAN2625000PE,0.11562946805047421
20-01-2026 14:00||NIFTY27JAN2625100PE,0.11042899841513637
20-01-2026 14:00||NIFTY27JAN2625200CE,0.11605811633693372
20-01-2026 14:00||NIFTY27JAN2625900CE,0.11605287319540397
20-01-2026 14:00||NIFTY27JAN2626100CE,0.12657302022974554
20-01-2026 14:05||NIFTY27JAN2623800PE,0.21270984359567227
20-01-2026 14:05||NIFTY27JAN2625100PE,0.11569686314933457
20-01-2026 14:05||NIFTY27JAN2625200CE,0.11510331526110784
20-01-2026 14:05||NIFTY27JAN2625400CE,0.1095948406038453
20-01-2026 14:05||NIFTY27JAN2626100CE,0.12831442190842163
20-01-2026 14:05||NIFTY27JAN2626200CE,0.13489140024991794
20-01-2026 14:05||NIFTY27JAN2626400CE,0.14956487803553428
20-01-2026 14:10||NIFTY27JAN2624000PE,0.1941743524830338
20-01-2026 14:10||NIFTY27JAN2624200PE,0.1762393690712695
20-01-2026 14:10||NIFTY27JAN2624500PE,0.15058970259538437
20-01-2026 14:10||NIFTY27JAN2624900PE,0.12420673237528593
20-01-2026 14:10||NIFTY27JAN2625000PE,0.11904719222288256
20-01-2026 14:10||NIFTY27JAN2625500CE,0.11185109487592976
20-01-2026 14:10||NIFTY27JAN2625700CE,0.11249750380619204
20-01-2026 14:10||NIFTY27JAN2626100CE,0.13004301909342203
20-01-2026 14:10||NIFTY27JAN2626200CE,0.13676085489544643
20-01-2026 14:10||NIFTY27JAN2626300CE,0.14366687792190508
20-01-2026 14:15||NIFTY27JAN2623800PE,0.21122989807419265
20-01-2026 14:15||NIFTY27JAN2624100PE,0.18424466192231329
20-01-2026 14:15||NIFTY27JAN2624400PE,0.1592091869881806
20-01-2026 14:15||NIFTY27JAN2624500PE,0.15164748743846534
20-01-2026 14:15||NIFTY27JAN2624600PE,0.14426068856664143
20-01-2026 14:15||NIFTY27JAN2624900PE,0.12548923522944486
20-01-2026 14:15||NIFTY27JAN2625200CE,0.11316944091103505
20-01-2026 14:15||NIFTY27JAN2625400CE,0.10869044594754337
20-01-2026 14:15||NIFTY27JAN2626000CE,0.12113343920388656
20-01-2026 14:15||NIFTY27JAN2626300CE,0.14044516402466245
20-01-2026 14:15||NIFTY27JAN2626500CE,0.15671208301417944
20-01-2026 14:20||NIFTY27JAN2625000PE,0.11712411077947159
20-01-2026 14:20||NIFTY27JAN2625100PE,0.11195289241867343
20-01-2026 14:20||NIFTY27JAN2625200CE,0.12231992605228757
20-01-2026 14:20||NIFTY27JAN2625400CE,0.11531317749155659
20-01-2026 14:20||NIFTY27JAN2625700CE,0.11384287708204688
20-01-2026 14:20||NIFTY27JAN2625900CE,0.11923202285769682
20-01-2026 14:20||NIFTY27JAN2626500CE,0.15813138282594358
20-01-2026 14:25||NIFTY27JAN2624100PE,0.18607316946209015
20-01-2026 14:25||NIFTY27JAN2624600PE,0.14292601485124118
20-01-2026 14:25||NIFTY27JAN2625100PE,0.11347788840903801
20-01-2026 14:25||NIFTY27JAN2625400CE,0.1142087166833522
20-01-2026 14:25||NIFTY27JAN2625800CE,0.11427884394201902
20-01-2026 14:25||NIFTY27JAN2625900CE,0.11793134743594341
20-01-2026 14:25||NIFTY27JAN2626100CE,0.12695758204445548
20-01-2026 14:30||NIFTY27JAN2624000PE,0.19547028540735095
20-01-2026 14:30||NIFTY27JAN2624600PE,0.14571262333027873
20-01-2026 14:30||NIFTY27JAN2625400CE,0.10778951723818928
20-01-2026 14:30||NIFTY27JAN2625500CE,0.10685694403587104
20-01-2026 14:30||NIFTY27JAN2625800CE,0.1106471245792518
20-01-2026 14:30||NIFTY27JAN2626000CE,0.1188564183048301
20-01-2026 14:30||NIFTY27JAN2626400CE,0.14479957030118926
20-01-2026 14:30||NIFTY27JAN2626500CE,0.15319475945264638
20-01-2026 14:35||NIFTY27JAN2624600PE,0.147377457439062
20-01-2026 14:35||NIFTY27JAN2624800PE,0.13429146012429088
20-01-2026 14:35||NIFTY27JAN2625000PE,0.12351028171560255
20-01-2026 14:35||NIFTY27JAN2625600CE,0.10639802041461568
20-01-2026 14:35||NIFTY27JAN2625800CE,0.11014582988281202
20-01-2026 14:35||NIFTY27JAN2626000CE,0.11837287655024262
20-01-2026 14:35||NIFTY27JAN2626300CE,0.13682984116448554
20-01-2026 14:40||NIFTY27JAN2623800PE,0.2161803456024547
20-01-2026 14:40||NIFTY27JAN2624400PE,0.16369603704419589
20-01-2026 14:40||NIFTY27JAN2624700PE,0.1412489605938176
20-01-2026 14:40||NIFTY27JAN2625200CE,0.11166902900663625
20-01-2026 14:40||NIFTY27JAN2625500CE,0.10714107452975216
20-01-2026 14:40||NIFTY27JAN2625700CE,0.10912676561270618
20-01-2026 14:40||NIFTY27JAN2626000CE,0.12059828276709678
20-01-2026 14:40||NIFTY27JAN2626400CE,0.14706805763178432
20-01-2026 14:40||NIFTY27JAN2626500CE,0.15511094394610075
20-01-2026 14:45||NIFTY27JAN2624600PE,0.14598123905874238
20-01-2026 14:45||NIFTY27JAN2624700PE,0.1390828250535676
20-01-2026 14:45||NIFTY27JAN2625500CE,0.11008239165023284
20-01-2026 14:45||NIFTY27JAN2626000CE,0.1222759893059345
20-01-2026 14:45||NIFTY27JAN2626100CE,0.12810061027609987
20-01-2026 14:50||NIFTY27JAN2624000PE,0.19919231534710852
20-01-2026 14:50||NIFTY27JAN2624200PE,0.18031337747452836
20-01-2026 14:50||NIFTY27JAN2624800PE,0.13362557455685953
20-01-2026 14:50||NIFTY27JAN2624900PE,0.12806105040179375
20-01-2026 14:50||NIFTY27JAN2625100PE,0.11859035720942689
20-01-2026 14:50||NIFTY27JAN2625200CE,0.10565568931462851
20-01-2026 14:50||NIFTY27JAN2625500CE,0.10399600649157076
20-01-2026 14:50||NIFTY27JAN2625600CE,0.10496176461777579
20-01-2026 14:50||NIFTY27JAN2625900CE,0.1141153340145869
20-01-2026 14:50||NIFTY27JAN2626200CE,0.13148335766878533
20-01-2026 14:55||NIFTY27JAN2623900PE,0.20911074365067775
20-01-2026 14:55||NIFTY27JAN2624000PE,0.199569580050998
20-01-2026 14:55||NIFTY27JAN2624100PE,0.18987923901068915
20-01-2026 14:55||NIFTY27JAN2626000CE,0.11925039358645745
20-01-2026 15:00||NIFTY27JAN2624100PE,0.1835458610701568
20-01-2026 15:00||NIFTY27JAN2624800PE,0.12970744519145935
20-01-2026 15:00||NIFTY27JAN2625000PE,0.12116782032411721
20-01-2026 15:00||NIFTY27JAN2625600CE,0.10776779709421036
20-01-2026 15:00||NIFTY27JAN2626100CE,0.1325115153139888
20-01-2026 15:00||NIFTY27JAN2626200CE,0.13944461885786247
20-01-2026 15:00||NIFTY27JAN2626400CE,0.15519510855959867
20-01-2026 15:00||NIFTY27JAN2626500CE,0.16430249021116944
20-01-2026 15:05||NIFTY27JAN2623900PE,0.2065461243483361
20-01-2026 15:05||NIFTY27JAN2624300PE,0.1683686011657866
20-01-2026 15:05||NIFTY27JAN2624400PE,0.15969644814481684
20-01-2026 15:05||NIFTY27JAN2625000PE,0.12572159769512753
20-01-2026 15:05||NIFTY27JAN2625200CE,0.09811128870678425
20-01-2026 15:05||NIFTY27JAN2626100CE,0.13111037508224468
20-01-2026 15:05||NIFTY27JAN2626200CE,0.13804819624766398
20-01-2026 15:10||NIFTY27JAN2624100PE,0.18462915355551626
20-01-2026 15:10||NIFTY27JAN2624300PE,0.16733726273147942
20-01-2026 15:10||NIFTY27JAN2624400PE,0.1596030399819089
20-01-2026 15:10||NIFTY27JAN2624500PE,0.15223489019398712
20-01-2026 15:10||NIFTY27JAN2625100PE,0.12940934797850684
20-01-2026 15:10||NIFTY27JAN2625300CE,0.10101515860530957
20-01-2026 15:10||NIFTY27JAN2625400CE,0.10314696274178886
20-01-2026 15:10||NIFTY27JAN2625600CE,0.10945664031939706
20-01-2026 15:10||NIFTY27JAN2625700CE,0.11400174513610964
20-01-2026 15:10||NIFTY27JAN2625900CE,0.1246707188061199
20-01-2026 15:10||NIFTY27JAN2626100CE,0.13753262959561985
20-01-2026 15:15||NIFTY27JAN2623900PE,0.2156766195438484
20-01-2026 15:15||NIFTY27JAN2624000PE,0.20426602984571962
20-01-2026 15:15||NIFTY27JAN2624200PE,0.18239617254416962
20-01-2026 15:15||NIFTY27JAN2624500PE,0.15595751211552467
20-01-2026 15:15||NIFTY27JAN2624800PE,0.13783160833217098
20-01-2026 15:15||NIFTY27JAN2625000PE,0.12974123668445595
20-01-2026 15:15||NIFTY27JAN2625100PE,0.12701849129934484
20-01-2026 15:15||NIFTY27JAN2625200CE,0.10585871735511793
20-01-2026 15:15||NIFTY27JAN2625700CE,0.11673071465686388
20-01-2026 15:15||NIFTY27JAN2625900CE,0.1271491753389804
20-01-2026 15:15||NIFTY27JAN2626000CE,0.13322347367946133
20-01-2026 15:15||NIFTY27JAN2626200CE,0.14652806714648123
20-01-2026 15:20||NIFTY27JAN2623800PE,0.21926642600688243
20-01-2026 15:20||NIFTY27JAN2624000PE,0.19910540617084094
20-01-2026 15:20||NIFTY27JAN2624200PE,0.17885064079652224
20-01-2026 15:20||NIFTY27JAN2624500PE,0.15130883513994425
20-01-2026 15:20||NIFTY27JAN2625500CE,0.11925441257779555
20-01-2026 15:20||NIFTY27JAN2625700CE,0.12380799286954658
20-01-2026 15:20||NIFTY27JAN2626200CE,0.15070578252342287
20-01-2026 15:20||NIFTY27JAN2626400CE,0.16447236406630128
20-01-2026 15:25||NIFTY27JAN2623800PE,0.2208539577174789
20-01-2026 15:25||NIFTY27JAN2625000PE,0.11414604994704496
20-01-2026 15:25||NIFTY27JAN2625100PE,0.1080594027988174
20-01-2026 15:25||NIFTY27JAN2625200CE,0.1391102971412977
20-01-2026 15:25||NIFTY27JAN2625300CE,0.13336542322688866
20-01-2026 15:25||NIFTY27JAN2625800CE,0.1319820856005759
20-01-2026 15:25||NIFTY27JAN2625900CE,0.13575672119040844
20-01-2026 15:25||NIFTY27JAN2626200CE,0.15082011389955044
20-01-2026 15:25||NIFTY27JAN2626400CE,0.16468263041842052
21-01-2026 09:15||NIFTY27JAN2625200CE,0.16140356855530316
21-01-2026 09:15||NIFTY27JAN2625400CE,0.14668903757982082
21-01-2026 09:15||NIFTY27JAN2625900CE,0.1438871308833859
21-01-2026 09:15||NIFTY27JAN2626200CE,0.15944356561960393
21-01-2026 09:20||NIFTY27JAN2623900PE,0.21931508087199186
21-01-2026 09:20||NIFTY27JAN2624100PE,0.19879374314570394
21-01-2026 09:20||NIFTY27JAN2624300PE,0.17879516021470498
21-01-2026 09:20||NIFTY27JAN2624400PE,0.168895066622944
21-01-2026 09:20||NIFTY27JAN2624800PE,0.1332739163232975
21-01-2026 09:20||NIFTY27JAN2626500CE,0.1760172822113282
21-01-2026 09:25||NIFTY27JAN2624000PE,0.21860187295884265
21-01-2026 09:25||NIFTY27JAN2624300PE,0.18865318278439974
21-01-2026 09:25||NIFTY27JAN2624400PE,0.17884110238193573
21-01-2026 09:25||NIFTY27JAN2625100PE,0.12755835083088746
21-01-2026 09:25||NIFTY27JAN2625300CE,0.11006212653843864
21-01-2026 09:25||NIFTY27JAN2625600CE,0.11195344558234416
21-01-2026 09:25||NIFTY27JAN2625800CE,0.11924818352248487
21-01-2026 09:25||NIFTY27JAN2626200CE,0.14598498483215816
21-01-2026 09:30||NIFTY27JAN2623800PE,0.23738824831397906
21-01-2026 09:30||NIFTY27JAN2623900PE,0.22636078688266126
21-01-2026 09:30||NIFTY27JAN2624000PE,0.21536290345008546
21-01-2026 09:30||NIFTY27JAN2624400PE,0.17320709521113803
21-01-2026 09:30||NIFTY27JAN2624700PE,0.14373462376588836
21-01-2026 09:30||NIFTY27JAN2624800PE,0.13478800812672476
21-01-2026 09:30||NIFTY27JAN2625300CE,0.13004793754302507
21-01-2026 09:30||NIFTY27JAN2625700CE,0.1232930595501043
21-01-2026 09:30||NIFTY27JAN2626100CE,0.1432726934574517
21-01-2026 09:30||NIFTY27JAN2626500CE,0.17317823093989346
21-01-2026 09:35||NIFTY27JAN2623900PE,0.22828434838145517
21-01-2026 09:35||NIFTY27JAN2624200PE,0.19677721099733636
21-01-2026 09:35||NIFTY27JAN2624700PE,0.1482487496760016
21-01-2026 09:35||NIFTY27JAN2625200CE,0.11169961597039633
21-01-2026 09:35||NIFTY27JAN2625300CE,0.10939356362900804
21-01-2026 09:35||NIFTY27JAN2625600CE,0.1113221898401279
21-01-2026 09:35||NIFTY27JAN2626200CE,0.1471744130045105
21-01-2026 09:40||NIFTY27JAN2624400PE,0.16840267519446223
21-01-2026 09:40||NIFTY27JAN2625100PE,0.10815145460230849
21-01-2026 09:40||NIFTY27JAN2625200CE,0.12869652798396872
21-01-2026 09:40||NIFTY27JAN2625900CE,0.1321924095431003
21-01-2026 09:40||NIFTY27JAN2626000CE,0.1383229836674221
21-01-2026 09:40||NIFTY27JAN2626300CE,0.16007810347639018
21-01-2026 09:40||NIFTY27JAN2626400CE,0.1681029959482918
21-01-2026 09:45||NIFTY27JAN2623800PE,0.23031124419988555
21-01-2026 09:45||NIFTY27JAN2624100PE,0.19856230146436746
21-01-2026 09:45||NIFTY27JAN2624300PE,0.1781916315407412
21-01-2026 09:45||NIFTY27JAN2624400PE,0.1681018185929184
21-01-2026 09:45||NIFTY27JAN2625200CE,0.12735048622672
21-01-2026 09:45||NIFTY27JAN2625600CE,0.11986516654040073
21-01-2026 09:45||NIFTY27JAN2625900CE,0.13145821001361513
21-01-2026 09:45||NIFTY27JAN2626000CE,0.13762128420009195
21-01-2026 09:45||NIFTY27JAN2626300CE,0.15975531170679147
21-01-2026 09:50||NIFTY27JAN2624500PE,0.15625101641461525
21-01-2026 09:50||NIFTY27JAN2624700PE,0.13884543473721614
21-01-2026 09:50||NIFTY27JAN2624900PE,0.12347289580794943
21-01-2026 09:50||NIFTY27JAN2625400CE,0.1171438944969202
21-01-2026 09:50||NIFTY27JAN2625600CE,0.11825870817400908
21-01-2026 09:50||NIFTY27JAN2625800CE,0.1254584066635932
21-01-2026 09:55||NIFTY27JAN2624100PE,0.19523219571886707
21-01-2026 09:55||NIFTY27JAN2624200PE,0.18578796016210009
21-01-2026 09:55||NIFTY27JAN2624400PE,0.16695702205485258
21-01-2026 09:55||NIFTY27JAN2624800PE,0.13399210644248935
21-01-2026 09:55||NIFTY27JAN2625400CE,0.11209618449247447
21-01-2026 09:55||NIFTY27JAN2626000CE,0.13649912130668762
21-01-2026 09:55||NIFTY27JAN2626100CE,0.14445998241605124
21-01-2026 09:55||NIFTY27JAN2626200CE,0.15258285445489705
21-01-2026 09:55||NIFTY27JAN2626500CE,0.17838650928626212
21-01-2026 10:00||NIFTY27JAN2623900PE,0.2118652505856264
21-01-2026 10:00||NIFTY27JAN2624000PE,0.20177715373251884
21-01-2026 10:00||NIFTY27JAN2625000PE,0.11506862187988309
21-01-2026 10:00||NIFTY27JAN2625200CE,0.12592459145403834
21-01-2026 10:00||NIFTY27JAN2625300CE,0.12170166278008734
21-01-2026 10:00||NIFTY27JAN2625400CE,0.11932493619838558
21-01-2026 10:00||NIFTY27JAN2625700CE,0.12367359674741586
21-01-2026 10:00||NIFTY27JAN2626100CE,0.14748265118867596
21-01-2026 10:00||NIFTY27JAN2626500CE,0.18119709668134087
21-01-2026 10:05||NIFTY27JAN2625200CE,0.11757820140723588
21-01-2026 10:05||NIFTY27JAN2625500CE,0.11693116044741703
21-01-2026 10:05||NIFTY27JAN2625600CE,0.11997614312587837
21-01-2026 10:05||NIFTY27JAN2625700CE,0.12351384115319233
21-01-2026 10:05||NIFTY27JAN2625800CE,0.12702065280401428
21-01-2026 10:10||NIFTY27JAN2624000PE,0.19772250796650004
21-01-2026 10:10||NIFTY27JAN2624400PE,0.15932448526622306
21-01-2026 10:10||NIFTY27JAN2625300CE,0.12331497590740505
21-01-2026 10:10||NIFTY27JAN2625800CE,0.13067918647599608
21-01-2026 10:10||NIFTY27JAN2626100CE,0.14997978014651497
21-01-2026 10:15||NIFTY27JAN2624000PE,0.1999898726532277
21-01-2026 10:15||NIFTY27JAN2624200PE,0.18005447395245816
21-01-2026 10:15||NIFTY27JAN2624500PE,0.15212410453572855
21-01-2026 10:15||NIFTY27JAN2624600PE,0.14362420849244345
21-01-2026 10:15||NIFTY27JAN2624700PE,0.13534338133583917
21-01-2026 10:15||NIFTY27JAN2625500CE,0.11932166719147894
21-01-2026 10:15||NIFTY27JAN2626100CE,0.14888413669780576
21-01-2026 10:20||NIFTY27JAN2625700CE,0.12035864526585596
21-01-2026 10:20||NIFTY27JAN2625900CE,0.1331730888227008
21-01-2026 10:20||NIFTY27JAN2626500CE,0.1794351842425221
21-01-2026 10:25||NIFTY27JAN2623800PE,0.2191042270484278
21-01-2026 10:25||NIFTY27JAN2624300PE,0.17017261169454778
21-01-2026 10:25||NIFTY27JAN2624600PE,0.14424144399782163
21-01-2026 10:25||NIFTY27JAN2625000PE,0.11763924936169506
21-01-2026 10:25||NIFTY27JAN2625100PE,0.11265450462388325
21-01-2026 10:25||NIFTY27JAN2625700CE,0.12815783812816134
21-01-2026 10:25||NIFTY27JAN2626200CE,0.16206773585710213
21-01-2026 10:25||NIFTY27JAN2626300CE,0.17018758267754164
21-01-2026 10:30||NIFTY27JAN2623900PE,0.20702928160166392
21-01-2026 10:30||NIFTY27JAN2624200PE,0.1774881341149253
21-01-2026 10:30||NIFTY27JAN2624500PE,0.15008242010495532
21-01-2026 10:30||NIFTY27JAN2624700PE,0.13470297175818724
21-01-2026 10:30||NIFTY27JAN2624800PE,0.12763439654559383
21-01-2026 10:30||NIFTY27JAN2625200CE,0.12245680180680941
21-01-2026 10:30||NIFTY27JAN2625900CE,0.14060352189770287
21-01-2026 10:30||NIFTY27JAN2626300CE,0.17103794446102505
21-01-2026 10:30||NIFTY27JAN2626400CE,0.17882654426249409
21-01-2026 10:35||NIFTY27JAN2624400PE,0.15911645317004847
21-01-2026 10:35||NIFTY27JAN2625100PE,0.1147270740487596
21-01-2026 10:35||NIFTY27JAN2625200CE,0.11798359652422709
21-01-2026 10:35||NIFTY27JAN2625500CE,0.12028477780903751
21-01-2026 10:35||NIFTY27JAN2625600CE,0.12395961079442011
21-01-2026 10:35||NIFTY27JAN2625800CE,0.13380848472108403
21-01-2026 10:35||NIFTY27JAN2625900CE,0.14031745108442673
21-01-2026 10:35||NIFTY27JAN2626200CE,0.16305388229496542
21-01-2026 10:40||NIFTY27JAN2623900PE,0.21020171889084632
21-01-2026 10:40||NIFTY27JAN2624200PE,0.1837785925490929
21-01-2026 10:40||NIFTY27JAN2624500PE,0.16012802080010524
21-01-2026 10:40||NIFTY27JAN2624800PE,0.14292383635267614
21-01-2026 10:40||NIFTY27JAN2625200CE,0.11041641317788065
21-01-2026 10:40||NIFTY27JAN2625400CE,0.11579279254403191
21-01-2026 10:40||NIFTY27JAN2625900CE,0.14328858576796838
21-01-2026 10:40||NIFTY27JAN2626000CE,0.15059947080461455
21-01-2026 10:40||NIFTY27JAN2626300CE,0.1749717714572523
21-01-2026 10:45||NIFTY27JAN2624700PE,0.1365915471157638
21-01-2026 10:45||NIFTY27JAN2624800PE,0.13049058536781027
21-01-2026 10:45||NIFTY27JAN2625700CE,0.14255680676477617
21-01-2026 10:45||NIFTY27JAN2626400CE,0.19235692823518313
21-01-2026 10:45||NIFTY27JAN2626500CE,0.1994522285211904
21-01-2026 10:50||NIFTY27JAN2624000PE,0.20404893650068395
21-01-2026 10:50||NIFTY27JAN2624100PE,0.19498035341801412
21-01-2026 10:50||NIFTY27JAN2624300PE,0.17851502299411992
21-01-2026 10:50||NIFTY27JAN2624400PE,0.17084551704641182
21-01-2026 10:50||NIFTY27JAN2624500PE,0.1634697793345014
21-01-2026 10:50||NIFTY27JAN2624900PE,0.144740613752608
21-01-2026 10:50||NIFTY27JAN2625400CE,0.12598965248753557
21-01-2026 10:50||NIFTY27JAN2625700CE,0.14165885769907066
21-01-2026 10:50||NIFTY27JAN2625800CE,0.14848052716319876
21-01-2026 10:50||NIFTY27JAN2625900CE,0.1554734709467118
21-01-2026 10:50||NIFTY27JAN2626400CE,0.19404850812465224
21-01-2026 10:55||NIFTY27JAN2623900PE,0.21070750041457
21-01-2026 10:55||NIFTY27JAN2624300PE,0.1723427234037478
21-01-2026 10:55||NIFTY27JAN2624800PE,0.1309513735959164
21-01-2026 10:55||NIFTY27JAN2625000PE,0.11654371932408983
21-01-2026 10:55||NIFTY27JAN2625100PE,0.10986060784496512
21-01-2026 10:55||NIFTY27JAN2625300CE,0.14236445293912792
21-01-2026 10:55||NIFTY27JAN2625900CE,0.16358280892137644
21-01-2026 10:55||NIFTY27JAN2626200CE,0.18452000331343663
21-01-2026 11:00||NIFTY27JAN2624000PE,0.20411545826243693
21-01-2026 11:00||NIFTY27JAN2624300PE,0.17543796145155727
21-01-2026 11:00||NIFTY27JAN2624600PE,0.1511274677448029
21-01-2026 11:00||NIFTY27JAN2624800PE,0.13780622034635695
21-01-2026 11:00||NIFTY27JAN2625000PE,0.12697952159163647
21-01-2026 11:00||NIFTY27JAN2625100PE,0.12256410570042982
21-01-2026 11:00||NIFTY27JAN2625300CE,0.13563922608595017
21-01-2026 11:00||NIFTY27JAN2625400CE,0.13708945586022342
21-01-2026 11:05||NIFTY27JAN2624000PE,0.19878206368103396
21-01-2026 11:05||NIFTY27JAN2624100PE,0.18844219952446106
21-01-2026 11:05||NIFTY27JAN2624400PE,0.16014121524553288
21-01-2026 11:05||NIFTY27JAN2625000PE,0.11774051191745089
21-01-2026 11:05||NIFTY27JAN2625200CE,0.13727682338782662
21-01-2026 11:05||NIFTY27JAN2626000CE,0.1697560419093452
21-01-2026 11:05||NIFTY27JAN2626300CE,0.19069983311047972
21-01-2026 11:10||NIFTY27JAN2623800PE,0.22102588339265203
21-01-2026 11:10||NIFTY27JAN2624800PE,0.12570725957223758
21-01-2026 11:10||NIFTY27JAN2625200CE,0.14038579353822872
21-01-2026 11:10||NIFTY27JAN2625300CE,0.13986898374549459
21-01-2026 11:10||NIFTY27JAN2625500CE,0.14215587505645585
21-01-2026 11:10||NIFTY27JAN2625600CE,0.1446643212949535
21-01-2026 11:10||NIFTY27JAN2625900CE,0.15771756872166864
21-01-2026 11:10||NIFTY27JAN2626100CE,0.17081281163043366
21-01-2026 11:15||NIFTY27JAN2624300PE,0.17166426581144706
21-01-2026 11:15||NIFTY27JAN2624800PE,0.12797870420474455
21-01-2026 11:15||NIFTY27JAN2625100PE,0.10588310242553958
21-01-2026 11:15||NIFTY27JAN2625400CE,0.14029404989521926
21-01-2026 11:20||NIFTY27JAN2623900PE,0.2154441155177327
21-01-2026 11:20||NIFTY27JAN2624300PE,0.1765620691910546
21-01-2026 11:20||NIFTY27JAN2625600CE,0.13493149860266795
21-01-2026 11:20||NIFTY27JAN2625800CE,0.1440257246843104
21-01-2026 11:20||NIFTY27JAN2626000CE,0.1566432941892639
21-01-2026 11:20||NIFTY27JAN2626100CE,0.1636263454503743
21-01-2026 11:20||NIFTY27JAN2626400CE,0.1846755043961306
21-01-2026 11:20||NIFTY27JAN2626500CE,0.19163151770519218
21-01-2026 11:25||NIFTY27JAN2624500PE,0.16276289473784944
21-01-2026 11:25||NIFTY27JAN2624600PE,0.1549213852598434
21-01-2026 11:25||NIFTY27JAN2624800PE,0.1401343041805021
21-01-2026 11:25||NIFTY27JAN2625600CE,0.1344212545914527
21-01-2026 11:25||NIFTY27JAN2625800CE,0.14437006990876597
21-01-2026 11:25||NIFTY27JAN2626100CE,0.16444025709353188
21-01-2026 11:30||NIFTY27JAN2623900PE,0.2163608985004059
21-01-2026 11:30||NIFTY27JAN2624000PE,0.20668795188936995
21-01-2026 11:30||NIFTY27JAN2624100PE,0.19706893225976568
21-01-2026 11:30||NIFTY27JAN2624400PE,0.1693767568952799
21-01-2026 11:30||NIFTY27JAN2624500PE,0.16062245347520965
21-01-2026 11:30||NIFTY27JAN2625000PE,0.12377081786999297
21-01-2026 11:30||NIFTY27JAN2625400CE,0.1322879982986022
21-01-2026 11:30||NIFTY27JAN2625500CE,0.13386923778649762
21-01-2026 11:30||NIFTY27JAN2625800CE,0.14524920158516874
21-01-2026 11:30||NIFTY27JAN2626000CE,0.15825791419847032
21-01-2026 11:30||NIFTY27JAN2626100CE,0.16549568180897284
21-01-2026 11:30||NIFTY27JAN2626400CE,0.18704521974188598
21-01-2026 11:30||NIFTY27JAN2626500CE,0.19403408668535288
21-01-2026 11:35||NIFTY27JAN2623900PE,0.21736188083752964
21-01-2026 11:35||NIFTY27JAN2624200PE,0.1882137517552092
21-01-2026 11:35||NIFTY27JAN2624600PE,0.15390220686408473
21-01-2026 11:35||NIFTY27JAN2624700PE,0.14633178787296866
21-01-2026 11:35||NIFTY27JAN2625300CE,0.13019285727552649
21-01-2026 11:35||NIFTY27JAN2626100CE,0.1643339018593178
21-01-2026 11:35||NIFTY27JAN2626300CE,0.17913883441999734
21-01-2026 11:40||NIFTY27JAN2624800PE,0.13666284620249242
21-01-2026 11:40||NIFTY27JAN2625100PE,0.1179982599550314
21-01-2026 11:40||NIFTY27JAN2625200CE,0.13320152472272478
21-01-2026 11:40||NIFTY27JAN2625500CE,0.1337552399508098
21-01-2026 11:40||NIFTY27JAN2625700CE,0.14053291395790823
21-01-2026 11:45||NIFTY27JAN2623800PE,0.22675195569005605
21-01-2026 11:45||NIFTY27JAN2624600PE,0.1512701639308559
21-01-2026 11:45||NIFTY27JAN2624800PE,0.13602943335896722
21-01-2026 11:45||NIFTY27JAN2625100PE,0.11612205323862584
21-01-2026 11:45||NIFTY27JAN2625200CE,0.13377846366977506
21-01-2026 11:45||NIFTY27JAN2625400CE,0.132315696916654
21-01-2026 11:45||NIFTY27JAN2626200CE,0.171039294226448
21-01-2026 11:45||NIFTY27JAN2626400CE,0.1860709416203058
21-01-2026 11:50||NIFTY27JAN2624000PE,0.20702207697497255
21-01-2026 11:50||NIFTY27JAN2624100PE,0.1970712596267566
21-01-2026 11:50||NIFTY27JAN2624300PE,0.1776516452118559
21-01-2026 11:50||NIFTY27JAN2624600PE,0.1514564279351572
21-01-2026 11:50||NIFTY27JAN2625100PE,0.11707317726934023
21-01-2026 11:55||NIFTY27JAN2624000PE,0.2073047695668502
21-01-2026 11:55||NIFTY27JAN2624600PE,0.15200470236107538
21-01-2026 11:55||NIFTY27JAN2624700PE,0.1442822847510566
21-01-2026 11:55||NIFTY27JAN2624900PE,0.13016758030579426
21-01-2026 12:00||NIFTY27JAN2624100PE,0.19461034218316797
21-01-2026 12:00||NIFTY27JAN2624200PE,0.1844115722262566
21-01-2026 12:00||NIFTY27JAN2624700PE,0.13731299684353096
21-01-2026 12:00||NIFTY27JAN2624800PE,0.12896358292814097
21-01-2026 12:00||NIFTY27JAN2625600CE,0.136823213214274
21-01-2026 12:00||NIFTY27JAN2625800CE,0.14380739313685414
21-01-2026 12:00||NIFTY27JAN2625900CE,0.14861736674656492
21-01-2026 12:05||NIFTY27JAN2623800PE,0.2282535349398202
21-01-2026 12:05||NIFTY27JAN2624100PE,0.19902545076850103
21-01-2026 12:05||NIFTY27JAN2624600PE,0.15331620015723216
21-01-2026 12:05||NIFTY27JAN2625000PE,0.12406054006749856
21-01-2026 12:05||NIFTY27JAN2625500CE,0.12634380037883086
21-01-2026 12:05||NIFTY27JAN2626200CE,0.16093917941241168
21-01-2026 12:05||NIFTY27JAN2626400CE,0.17587124319688135
21-01-2026 12:10||NIFTY27JAN2624000PE,0.2038199236806584
21-01-2026 12:10||NIFTY27JAN2624100PE,0.19385944147133807
21-01-2026 12:10||NIFTY27JAN2624200PE,0.1839577782341576
21-01-2026 12:10||NIFTY27JAN2625000PE,0.11515457969158822
21-01-2026 12:10||NIFTY27JAN2625400CE,0.13281493917226572
21-01-2026 12:10||NIFTY27JAN2625900CE,0.14397070630894482
21-01-2026 12:10||NIFTY27JAN2626500CE,0.18416687626434108
21-01-2026 12:15||NIFTY27JAN2623800PE,0.22549041772445186
21-01-2026 12:15||NIFTY27JAN2624200PE,0.1856668052311606
21-01-2026 12:15||NIFTY27JAN2625400CE,0.13427605774639662
21-01-2026 12:15||NIFTY27JAN2625700CE,0.13558470661474886
21-01-2026 12:15||NIFTY27JAN2626400CE,0.17372402218464292
21-01-2026 12:20||NIFTY27JAN2623800PE,0.23144911366662377
21-01-2026 12:20||NIFTY27JAN2623900PE,0.22095544930345107
21-01-2026 12:20||NIFTY27JAN2624100PE,0.20072614572532788
21-01-2026 12:20||NIFTY27JAN2624200PE,0.1908762428291835
21-01-2026 12:20||NIFTY27JAN2624500PE,0.16204612795627676
21-01-2026 12:20||NIFTY27JAN2625000PE,0.12059296351187378
21-01-2026 12:20||NIFTY27JAN2625400CE,0.12967856824594434
21-01-2026 12:20||NIFTY27JAN2625600CE,0.1298526036276131
21-01-2026 12:20||NIFTY27JAN2625700CE,0.13184111325229964
21-01-2026 12:20||NIFTY27JAN2626300CE,0.16315415735210262
21-01-2026 12:25||NIFTY27JAN2624000PE,0.21923034192055008
21-01-2026 12:25||NIFTY27JAN2624500PE,0.17349572455971185
21-01-2026 12:25||NIFTY27JAN2624600PE,0.16541331443320245
21-01-2026 12:25||NIFTY27JAN2624700PE,0.15748721803450155
21-01-2026 12:25||NIFTY27JAN2625100PE,0.1312735302000435
21-01-2026 12:25||NIFTY27JAN2625700CE,0.12331235191777554
21-01-2026 12:25||NIFTY27JAN2626500CE,0.17609377118151545
21-01-2026 12:30||NIFTY27JAN2624100PE,0.20458140872275538
21-01-2026 12:30||NIFTY27JAN2624200PE,0.19468875751330236
21-01-2026 12:30||NIFTY27JAN2624600PE,0.15602422713994896
21-01-2026 12:30||NIFTY27JAN2625300CE,0.1378553068930431
21-01-2026 12:30||NIFTY27JAN2625500CE,0.13353575141740803
21-01-2026 12:30||NIFTY27JAN2625600CE,0.13324714371794621
21-01-2026 12:30||NIFTY27JAN2625800CE,0.1357215050825083
21-01-2026 12:35||NIFTY27JAN2624000PE,0.2142971751059723
21-01-2026 12:35||NIFTY27JAN2624100PE,0.204495245203417
21-01-2026 12:35||NIFTY27JAN2625600CE,0.13359435226380773
21-01-2026 12:35||NIFTY27JAN2626400CE,0.1674011030715846
21-01-2026 12:40||NIFTY27JAN2624400PE,0.18431458177163557
21-01-2026 12:40||NIFTY27JAN2624500PE,0.17532546611230151
21-01-2026 12:40||NIFTY27JAN2624700PE,0.15810335919191826
21-01-2026 12:40||NIFTY27JAN2624800PE,0.14986955089864323
21-01-2026 12:40||NIFTY27JAN2625200CE,0.1356685869822779
21-01-2026 12:40||NIFTY27JAN2625400CE,0.1284874000635511
21-01-2026 12:40||NIFTY27JAN2625500CE,0.12679190304833549
21-01-2026 12:40||NIFTY27JAN2625900CE,0.13330131089606703
21-01-2026 12:45||NIFTY27JAN2623800PE,0.2443142883274601
21-01-2026 12:45||NIFTY27JAN2623900PE,0.23450931045072937
21-01-2026 12:45||NIFTY27JAN2624100PE,0.2150626284536413
21-01-2026 12:45||NIFTY27JAN2624400PE,0.18708520643633056
21-01-2026 12:45||NIFTY27JAN2625300CE,0.14151844268644326
21-01-2026 12:45||NIFTY27JAN2625800CE,0.13166598539460958
21-01-2026 12:45||NIFTY27JAN2626200CE,0.14796538488442246
21-01-2026 12:50||NIFTY27JAN2623800PE,0.24772906559967325
21-01-2026 12:50||NIFTY27JAN2624100PE,0.219383496499107
21-01-2026 12:50||NIFTY27JAN2625000PE,0.13794135824081946
21-01-2026 12:50||NIFTY27JAN2625200CE,0.15043494446083888
21-01-2026 12:50||NIFTY27JAN2625500CE,0.13468069750786496
21-01-2026 12:50||NIFTY27JAN2625600CE,0.13250288347330275
21-01-2026 12:55||NIFTY27JAN2624200PE,0.21275802431908886
21-01-2026 12:55||NIFTY27JAN2624500PE,0.18465704918563206
21-01-2026 12:55||NIFTY27JAN2625300CE,0.13376635188286973
21-01-2026 12:55||NIFTY27JAN2625400CE,0.1291751444667132
21-01-2026 12:55||NIFTY27JAN2625600CE,0.12728417192826616
21-01-2026 12:55||NIFTY27JAN2625700CE,0.12877484275382545
21-01-2026 12:55||NIFTY27JAN2625800CE,0.13041455719795159
21-01-2026 12:55||NIFTY27JAN2625900CE,0.1319764433356275
21-01-2026 12:55||NIFTY27JAN2626500CE,0.16465469728584992
21-01-2026 13:00||NIFTY27JAN2624300PE,0.20307992796387087
21-01-2026 13:00||NIFTY27JAN2624600PE,0.1755256322665274
21-01-2026 13:00||NIFTY27JAN2624700PE,0.1666229933045039
21-01-2026 13:00||NIFTY27JAN2625900CE,0.1307178544333062
21-01-2026 13:00||NIFTY27JAN2626100CE,0.1400843833154459
21-01-2026 13:00||NIFTY27JAN2626300CE,0.15208655517011638
21-01-2026 13:05||NIFTY27JAN2623800PE,0.2511271760800657
21-01-2026 13:05||NIFTY27JAN2623900PE,0.24223094002239834
21-01-2026 13:05||NIFTY27JAN2624100PE,0.2239276376764058
21-01-2026 13:05||NIFTY27JAN2625500CE,0.11780429667164785
21-01-2026 13:05||NIFTY27JAN2625600CE,0.11833198457063002
21-01-2026 13:05||NIFTY27JAN2626200CE,0.14327426398825313
21-01-2026 13:05||NIFTY27JAN2626300CE,0.15008579521309684
21-01-2026 13:05||NIFTY27JAN2626400CE,0.15706516372413576
21-01-2026 13:10||NIFTY27JAN2625100PE,0.12427615735263295
21-01-2026 13:10||NIFTY27JAN2625400CE,0.13255319952228695
21-01-2026 13:10||NIFTY27JAN2625800CE,0.13120862613545112
21-01-2026 13:10||NIFTY27JAN2626200CE,0.14945112683451123
21-01-2026 13:15||NIFTY27JAN2624400PE,0.18920728068591347
21-01-2026 13:15||NIFTY27JAN2624600PE,0.17153957295062092
21-01-2026 13:15||NIFTY27JAN2625400CE,0.12705247442976525
21-01-2026 13:15||NIFTY27JAN2625500CE,0.12507550506347823
21-01-2026 13:15||NIFTY27JAN2625800CE,0.12767988995542712
21-01-2026 13:20||NIFTY27JAN2623800PE,0.24594824805783244
21-01-2026 13:20||NIFTY27JAN2623900PE,0.2371291039928245
21-01-2026 13:20||NIFTY27JAN2624600PE,0.17295224849778212
21-01-2026 13:20||NIFTY27JAN2624800PE,0.15649281506260276
21-01-2026 13:20||NIFTY27JAN2625300CE,0.1254746269907976
21-01-2026 13:20||NIFTY27JAN2625400CE,0.12302793787608213
21-01-2026 13:20||NIFTY27JAN2626200CE,0.14773413273994052
21-01-2026 13:20||NIFTY27JAN2626300CE,0.15451762879007522
21-01-2026 13:25||NIFTY27JAN2624200PE,0.20480972562228855
21-01-2026 13:25||NIFTY27JAN2624300PE,0.1951485733552851
21-01-2026 13:25||NIFTY27JAN2624900PE,0.1442088630852514
21-01-2026 13:25||NIFTY27JAN2625000PE,0.13715544904212829
21-01-2026 13:25||NIFTY27JAN2625200CE,0.13414898744959042
21-01-2026 13:25||NIFTY27JAN2625500CE,0.12632048607716984
21-01-2026 13:25||NIFTY27JAN2625700CE,0.12750432681870327
21-01-2026 13:25||NIFTY27JAN2626000CE,0.13889318699038466
21-01-2026 13:25||NIFTY27JAN2626300CE,0.15749137421186343
21-01-2026 13:30||NIFTY27JAN2623900PE,0.2378094072039369
21-01-2026 13:30||NIFTY27JAN2624000PE,0.22846418344241848
21-01-2026 13:30||NIFTY27JAN2624400PE,0.19147254039968137
21-01-2026 13:30||NIFTY27JAN2625000PE,0.14671648847268076
21-01-2026 13:30||NIFTY27JAN2625200CE,0.11547150399233119
21-01-2026 13:30||NIFTY27JAN2625300CE,0.1141370887579462
21-01-2026 13:30||NIFTY27JAN2625800CE,0.12386064397112118
21-01-2026 13:30||NIFTY27JAN2626200CE,0.14789759186350415
21-01-2026 13:30||NIFTY27JAN2626300CE,0.15526551696689447
21-01-2026 13:35||NIFTY27JAN2623800PE,0.2371772980098569
21-01-2026 13:35||NIFTY27JAN2624000PE,0.2182078009636345
21-01-2026 13:35||NIFTY27JAN2624700PE,0.15389877161377108
21-01-2026 13:35||NIFTY27JAN2624800PE,0.14517525691728989
21-01-2026 13:35||NIFTY27JAN2625800CE,0.13568962277448568
21-01-2026 13:35||NIFTY27JAN2626300CE,0.16058589566968395
21-01-2026 13:40||NIFTY27JAN2624600PE,0.16769131921199415
21-01-2026 13:40||NIFTY27JAN2624800PE,0.15167153885861517
21-01-2026 13:40||NIFTY27JAN2625300CE,0.1291117891614298
21-01-2026 13:40||NIFTY27JAN2625800CE,0.1308759599801896
21-01-2026 13:40||NIFTY27JAN2626200CE,0.15166389380260253
21-01-2026 13:45||NIFTY27JAN2623900PE,0.23224970162833602
21-01-2026 13:45||NIFTY27JAN2624700PE,0.1590950871723945
21-01-2026 13:45||NIFTY27JAN2624800PE,0.15127890907641658
21-01-2026 13:45||NIFTY27JAN2625400CE,0.12648669578580052
21-01-2026 13:45||NIFTY27JAN2625900CE,0.13439430375131073
21-01-2026 13:45||NIFTY27JAN2626300CE,0.15820801016214542
21-01-2026 13:50||NIFTY27JAN2625100PE,0.1350266490224818
21-01-2026 13:50||NIFTY27JAN2626100CE,0.14588663893265902
21-01-2026 13:55||NIFTY27JAN2624200PE,0.20261715276911374
21-01-2026 13:55||NIFTY27JAN2624300PE,0.19333376441807354
21-01-2026 13:55||NIFTY27JAN2624400PE,0.18415262875705266
21-01-2026 13:55||NIFTY27JAN2625500CE,0.12314487390540889
21-01-2026 13:55||NIFTY27JAN2625700CE,0.12728262509794114
21-01-2026 14:00||NIFTY27JAN2623800PE,0.23315611044301848
21-01-2026 14:00||NIFTY27JAN2624200PE,0.19610666702461305
21-01-2026 14:00||NIFTY27JAN2624600PE,0.16083829060113092
21-01-2026 14:00||NIFTY27JAN2625000PE,0.13293969514354065
21-01-2026 14:00||NIFTY27JAN2625200CE,0.13244323443227335
21-01-2026 14:00||NIFTY27JAN2625600CE,0.12936177802964782
21-01-2026 14:00||NIFTY27JAN2626200CE,0.157827599806028
21-01-2026 14:05||NIFTY27JAN2624500PE,0.17017368415932727
21-01-2026 14:05||NIFTY27JAN2624700PE,0.1546303434140987
21-01-2026 14:05||NIFTY27JAN2625000PE,0.13608130298504856
21-01-2026 14:05||NIFTY27JAN2625400CE,0.12174431648164238
21-01-2026 14:05||NIFTY27JAN2625500CE,0.12185193840118819
21-01-2026 14:05||NIFTY27JAN2626000CE,0.13968162755562896
21-01-2026 14:05||NIFTY27JAN2626100CE,0.14625249361079767
21-01-2026 14:05||NIFTY27JAN2626500CE,0.17784719979782224
21-01-2026 14:10||NIFTY27JAN2624000PE,0.21171412513127516
21-01-2026 14:10||NIFTY27JAN2624100PE,0.20233980530579992
21-01-2026 14:10||NIFTY27JAN2624400PE,0.17524315740735613
21-01-2026 14:10||NIFTY27JAN2624500PE,0.1667795114694577
21-01-2026 14:10||NIFTY27JAN2624700PE,0.15112735416994902
21-01-2026 14:10||NIFTY27JAN2625000PE,0.13185621647581477
21-01-2026 14:10||NIFTY27JAN2625100PE,0.12656306372946724
21-01-2026 14:10||NIFTY27JAN2625200CE,0.12286046640950202
21-01-2026 14:10||NIFTY27JAN2625500CE,0.12167810054262651
21-01-2026 14:10||NIFTY27JAN2626000CE,0.14130433232378875
21-01-2026 14:10||NIFTY27JAN2626200CE,0.1550801903185794
21-01-2026 14:10||NIFTY27JAN2626400CE,0.171727990379466
21-01-2026 14:10||NIFTY27JAN2626500CE,0.18110213996567032
21-01-2026 14:15||NIFTY27JAN2623900PE,0.21596265716402888
21-01-2026 14:15||NIFTY27JAN2624700PE,0.14245385514471615
21-01-2026 14:15||NIFTY27JAN2624800PE,0.13441277037655663
21-01-2026 14:15||NIFTY27JAN2625400CE,0.13207923912305602
21-01-2026 14:15||NIFTY27JAN2625600CE,0.13131492250891447
21-01-2026 14:15||NIFTY27JAN2625700CE,0.13396776200820948
21-01-2026 14:15||NIFTY27JAN2625800CE,0.1367141353639657
21-01-2026 14:15||NIFTY27JAN2625900CE,0.13957983374196814
21-01-2026 14:15||NIFTY27JAN2626100CE,0.1487453812266663
21-01-2026 14:15||NIFTY27JAN2626200CE,0.15549831168931103
21-01-2026 14:20||NIFTY27JAN2624000PE,0.2152532030865011
21-01-2026 14:20||NIFTY27JAN2624300PE,0.18760242736501767
21-01-2026 14:20||NIFTY27JAN2624700PE,0.15626343084478334
21-01-2026 14:20||NIFTY27JAN2625200CE,0.1122502496178477
21-01-2026 14:20||NIFTY27JAN2625600CE,0.11671218299806874
21-01-2026 14:20||NIFTY27JAN2626100CE,0.14264132871178986
21-01-2026 14:20||NIFTY27JAN2626500CE,0.17360460925974566
21-01-2026 14:25||NIFTY27JAN2623900PE,0.22089347850464075
21-01-2026 14:25||NIFTY27JAN2624600PE,0.1613796373094507
21-01-2026 14:25||NIFTY27JAN2624800PE,0.1487593229301467
21-01-2026 14:25||NIFTY27JAN2624900PE,0.1433303807873036
21-01-2026 14:25||NIFTY27JAN2625100PE,0.13453289358849976
21-01-2026 14:25||NIFTY27JAN2625700CE,0.1224630315068217
21-01-2026 14:25||NIFTY27JAN2626500CE,0.17847145795837474
21-01-2026 14:30||NIFTY27JAN2624300PE,0.1774439376632541
21-01-2026 14:30||NIFTY27JAN2624500PE,0.15929750278114208
21-01-2026 14:30||NIFTY27JAN2624600PE,0.15060483073078254
21-01-2026 14:30||NIFTY27JAN2624800PE,0.13435076755567316
21-01-2026 14:30||NIFTY27JAN2625200CE,0.1357956556802775
21-01-2026 14:30||NIFTY27JAN2625300CE,0.13216213504448068
21-01-2026 14:30||NIFTY27JAN2626300CE,0.16387716283713277
21-01-2026 14:35||NIFTY27JAN2624200PE,0.1882081434841084
21-01-2026 14:35||NIFTY27JAN2624600PE,0.1533442433901408
21-01-2026 14:35||NIFTY27JAN2624700PE,0.14575862416111338
21-01-2026 14:35||NIFTY27JAN2624800PE,0.13836363179823197
21-01-2026 14:35||NIFTY27JAN2625000PE,0.12476586195820824
21-01-2026 14:35||NIFTY27JAN2625100PE,0.11868757575486048
21-01-2026 14:35||NIFTY27JAN2625200CE,0.12901359232367304
21-01-2026 14:35||NIFTY27JAN2625600CE,0.12633377659907763
21-01-2026 14:35||NIFTY27JAN2625800CE,0.13236820081521505
21-01-2026 14:35||NIFTY27JAN2626100CE,0.14848642091064962
21-01-2026 14:35||NIFTY27JAN2626400CE,0.16950938250651154
21-01-2026 14:40||NIFTY27JAN2624000PE,0.2084997697169807
21-01-2026 14:40||NIFTY27JAN2624200PE,0.19010392784483215
21-01-2026 14:40||NIFTY27JAN2624500PE,0.16473323458601424
21-01-2026 14:40||NIFTY27JAN2624600PE,0.15733581644342745
21-01-2026 14:40||NIFTY27JAN2624700PE,0.1501981860463574
21-01-2026 14:40||NIFTY27JAN2624900PE,0.13742684614604225
21-01-2026 14:40||NIFTY27JAN2625100PE,0.12716148605848632
21-01-2026 14:40||NIFTY27JAN2625200CE,0.1204576571911485
21-01-2026 14:40||NIFTY27JAN2625400CE,0.11901029652736299
21-01-2026 14:40||NIFTY27JAN2625600CE,0.12164114931973775
21-01-2026 14:40||NIFTY27JAN2625800CE,0.12887798510615833
21-01-2026 14:40||NIFTY27JAN2626200CE,0.15304439451283475
21-01-2026 14:45||NIFTY27JAN2623800PE,0.22345248868502846
21-01-2026 14:45||NIFTY27JAN2624500PE,0.16222344455968085
21-01-2026 14:45||NIFTY27JAN2624600PE,0.15469611362462612
21-01-2026 14:45||NIFTY27JAN2625400CE,0.12287746421430468
21-01-2026 14:45||NIFTY27JAN2625900CE,0.13540140577376034
21-01-2026 14:45||NIFTY27JAN2626100CE,0.1475621298304085
21-01-2026 14:45||NIFTY27JAN2626200CE,0.15439773975337243
21-01-2026 14:50||NIFTY27JAN2623900PE,0.21422513978599422
21-01-2026 14:50||NIFTY27JAN2624300PE,0.17755899201051162
21-01-2026 14:50||NIFTY27JAN2624900PE,0.1351808018515519
21-01-2026 14:50||NIFTY27JAN2625200CE,0.11925869677561356
21-01-2026 14:50||NIFTY27JAN2625300CE,0.11817680799147284
21-01-2026 14:50||NIFTY27JAN2625500CE,0.11923044049619443
21-01-2026 14:50||NIFTY27JAN2625700CE,0.12427582205292496
21-01-2026 14:50||NIFTY27JAN2625800CE,0.12824110376218456
21-01-2026 14:50||NIFTY27JAN2626100CE,0.14506351943238072
21-01-2026 14:50||NIFTY27JAN2626300CE,0.1594584043701073
21-01-2026 14:55||NIFTY27JAN2624200PE,0.1874142759375067
21-01-2026 14:55||NIFTY27JAN2625300CE,0.12011775939042563
21-01-2026 14:55||NIFTY27JAN2625700CE,0.12464219117441006
21-01-2026 14:55||NIFTY27JAN2626100CE,0.1457645714917051
21-01-2026 15:00||NIFTY27JAN2623800PE,0.2264759866448843
21-01-2026 15:00||NIFTY27JAN2623900PE,0.21547280645181782
21-01-2026 15:00||NIFTY27JAN2624100PE,0.1945791462027716
21-01-2026 15:00||NIFTY27JAN2624500PE,0.1570975270681147
21-01-2026 15:00||NIFTY27JAN2624800PE,0.1339632239339345
21-01-2026 15:00||NIFTY27JAN2625000PE,0.12087973469576593
21-01-2026 15:00||NIFTY27JAN2625200CE,0.1331563494385846
21-01-2026 15:00||NIFTY27JAN2625300CE,0.12870256125111063
21-01-2026 15:00||NIFTY27JAN2625600CE,0.12565073828910478
21-01-2026 15:00||NIFTY27JAN2626400CE,0.16712415170053496
21-01-2026 15:05||NIFTY27JAN2624300PE,0.17937716592197792
21-01-2026 15:05||NIFTY27JAN2625000PE,0.13165515193568023
21-01-2026 15:05||NIFTY27JAN2625100PE,0.1273491107762017
21-01-2026 15:05||NIFTY27JAN2625600CE,0.11868316867914686
21-01-2026 15:05||NIFTY27JAN2625700CE,0.12163804221427724
21-01-2026 15:05||NIFTY27JAN2626200CE,0.150163152094619
21-01-2026 15:10||NIFTY27JAN2624000PE,0.20852306370049634
21-01-2026 15:10||NIFTY27JAN2624100PE,0.19888217947701575
21-01-2026 15:10||NIFTY27JAN2624200PE,0.18935688369274367
21-01-2026 15:10||NIFTY27JAN2624300PE,0.17996787018373933
21-01-2026 15:10||NIFTY27JAN2624500PE,0.16326247946812045
21-01-2026 15:10||NIFTY27JAN2624600PE,0.15593080609813326
21-01-2026 15:10||NIFTY27JAN2625700CE,0.1216483451377293
21-01-2026 15:10||NIFTY27JAN2625800CE,0.12649013320667946
21-01-2026 15:10||NIFTY27JAN2625900CE,0.13155920785013817
21-01-2026 15:10||NIFTY27JAN2626500CE,0.17535217501557548
21-01-2026 15:15||NIFTY27JAN2624200PE,0.18669653603099312
21-01-2026 15:15||NIFTY27JAN2624300PE,0.1776156289554828
21-01-2026 15:15||NIFTY27JAN2624500PE,0.16075812738800183
21-01-2026 15:15||NIFTY27JAN2624600PE,0.1530519208345229
21-01-2026 15:15||NIFTY27JAN2624800PE,0.13996008174425473
21-01-2026 15:15||NIFTY27JAN2624900PE,0.1343774777296203
21-01-2026 15:15||NIFTY27JAN2625200CE,0.11899875545269041
21-01-2026 15:15||NIFTY27JAN2625300CE,0.11719137899210755
21-01-2026 15:15||NIFTY27JAN2625600CE,0.11975303924353772
21-01-2026 15:15||NIFTY27JAN2625700CE,0.1230551482337324
21-01-2026 15:15||NIFTY27JAN2625900CE,0.13160844958197923
21-01-2026 15:15||NIFTY27JAN2626200CE,0.15203570356210416
21-01-2026 15:15||NIFTY27JAN2626300CE,0.16059948538513047
21-01-2026 15:20||NIFTY27JAN2623800PE,0.2236556000100592
21-01-2026 15:20||NIFTY27JAN2624500PE,0.16178972600522695
21-01-2026 15:20||NIFTY27JAN2624800PE,0.14082115010809648
21-01-2026 15:20||NIFTY27JAN2625100PE,0.12701804074634232
21-01-2026 15:20||NIFTY27JAN2625400CE,0.111979126784449
21-01-2026 15:20||NIFTY27JAN2625600CE,0.11569457990263424
21-01-2026 15:20||NIFTY27JAN2626200CE,0.1508855283701071
21-01-2026 15:25||NIFTY27JAN2623800PE,0.2211191967947039
21-01-2026 15:25||NIFTY27JAN2624200PE,0.181326963092811
21-01-2026 15:25||NIFTY27JAN2624500PE,0.15372071077339794
21-01-2026 15:25||NIFTY27JAN2624800PE,0.13032934412808095
21-01-2026 15:25||NIFTY27JAN2625000PE,0.11834106498665953
21-01-2026 15:25||NIFTY27JAN2625100PE,0.11353152742868697
21-01-2026 15:25||NIFTY27JAN2626000CE,0.13599580472464773
21-01-2026 15:25||NIFTY27JAN2626200CE,0.15059046375787477
21-01-2026 15:25||NIFTY27JAN2626500CE,0.17411031803515756
22-01-2026 09:15||NIFTY27JAN2623800PE,0.24680707390602408
22-01-2026 09:15||NIFTY27JAN2624000PE,0.22461850367743863
22-01-2026 09:15||NIFTY27JAN2624200PE,0.20314924499662484
22-01-2026 09:15||NIFTY27JAN2624400PE,0.1819684772434056
22-01-2026 09:15||NIFTY27JAN2625100PE,0.12584807774078677
22-01-2026 09:15||NIFTY27JAN2625300CE,0.10468638117302433
22-01-2026 09:15||NIFTY27JAN2625500CE,0.1062457382031872
22-01-2026 09:15||NIFTY27JAN2625600CE,0.10804473378348003
22-01-2026 09:15||NIFTY27JAN2626300CE,0.14977140010506756
22-01-2026 09:20||NIFTY27JAN2623900PE,0.23368184564031114
22-01-2026 09:20||NIFTY27JAN2624000PE,0.22226419063977956
22-01-2026 09:20||NIFTY27JAN2624300PE,0.18860525301666595
22-01-2026 09:20||NIFTY27JAN2624500PE,0.16737587501306017
22-01-2026 09:20||NIFTY27JAN2624800PE,0.1400655487801601
22-01-2026 09:20||NIFTY27JAN2624900PE,0.1323017180931314
22-01-2026 09:20||NIFTY27JAN2625200CE,0.11552444234285777
22-01-2026 09:20||NIFTY27JAN2625700CE,0.11360441149020781
22-01-2026 09:20||NIFTY27JAN2626100CE,0.134689525203937
22-01-2026 09:20||NIFTY27JAN2626300CE,0.150669268997084
22-01-2026 09:20||NIFTY27JAN2626500CE,0.16902153357364938
22-01-2026 09:25||NIFTY27JAN2624600PE,0.15533214093338404
22-01-2026 09:25||NIFTY27JAN2624700PE,0.14507217472534442
22-01-2026 09:25||NIFTY27JAN2625000PE,0.11779854821348583
22-01-2026 09:25||NIFTY27JAN2625200CE,0.1462376787013526
22-01-2026 09:25||NIFTY27JAN2625500CE,0.12867614737858624
22-01-2026 09:25||NIFTY27JAN2625600CE,0.12575605024859035
22-01-2026 09:25||NIFTY27JAN2626200CE,0.14490534344739103
22-01-2026 09:30||NIFTY27JAN2624600PE,0.20234335310551596
22-01-2026 09:30||NIFTY27JAN2624800PE,0.17341298368512373
22-01-2026 09:30||NIFTY27JAN2624900PE,0.159462266068985
22-01-2026 09:30||NIFTY27JAN2625100PE,0.13190305109413442
22-01-2026 09:30||NIFTY27JAN2625200CE,0.1336405218454539
22-01-2026 09:30||NIFTY27JAN2625500CE,0.11746751732576527
22-01-2026 09:30||NIFTY27JAN2625800CE,0.12013198515922746
22-01-2026 09:30||NIFTY27JAN2626000CE,0.13005833073083278
22-01-2026 09:30||NIFTY27JAN2626300CE,0.15127788321615354
22-01-2026 09:35||NIFTY27JAN2624100PE,0.2769069323676424
22-01-2026 09:35||NIFTY27JAN2624200PE,0.26747650897446545
22-01-2026 09:35||NIFTY27JAN2624900PE,0.1789120672068913
22-01-2026 09:35||NIFTY27JAN2626500CE,0.17167004835708763
22-01-2026 09:40||NIFTY27JAN2624100PE,0.2664096196490793
22-01-2026 09:40||NIFTY27JAN2624500PE,0.21755063111531708
22-01-2026 09:40||NIFTY27JAN2626000CE,0.1322590516830292
22-01-2026 09:40||NIFTY27JAN2626200CE,0.14620210839037567
22-01-2026 09:45||NIFTY27JAN2623900PE,0.2794005226653341
22-01-2026 09:45||NIFTY27JAN2624000PE,0.26853902472969104
22-01-2026 09:45||NIFTY27JAN2624200PE,0.24595189945828122
22-01-2026 09:45||NIFTY27JAN2625500CE,0.12975496920018764
22-01-2026 09:45||NIFTY27JAN2625800CE,0.12742873060418441
22-01-2026 09:45||NIFTY27JAN2626200CE,0.14839767336139395
22-01-2026 09:50||NIFTY27JAN2623900PE,0.27366877177091464
22-01-2026 09:50||NIFTY27JAN2624100PE,0.25271827549090775
22-01-2026 09:50||NIFTY27JAN2624300PE,0.23140027810229058
22-01-2026 09:50||NIFTY27JAN2624600PE,0.19723334014574434
22-01-2026 09:50||NIFTY27JAN2624800PE,0.17533198204194247
22-01-2026 09:50||NIFTY27JAN2624900PE,0.16458752061548698
22-01-2026 09:50||NIFTY27JAN2625000PE,0.15399097365949174
22-01-2026 09:50||NIFTY27JAN2625600CE,0.10840831696247517
22-01-2026 09:50||NIFTY27JAN2625800CE,0.1156063429086353
22-01-2026 09:50||NIFTY27JAN2625900CE,0.12083251507750237
22-01-2026 09:50||NIFTY27JAN2626300CE,0.14735007302091857
22-01-2026 09:50||NIFTY27JAN2626500CE,0.16296881791594006
22-01-2026 09:55||NIFTY27JAN2624400PE,0.19953548166762133
22-01-2026 09:55||NIFTY27JAN2624500PE,0.18805891038764355
22-01-2026 09:55||NIFTY27JAN2624700PE,0.1661132747090976
22-01-2026 09:55||NIFTY27JAN2624800PE,0.15551936910421776
22-01-2026 09:55||NIFTY27JAN2624900PE,0.14513326797850695
22-01-2026 09:55||NIFTY27JAN2625000PE,0.13497367151323986
22-01-2026 09:55||NIFTY27JAN2625200CE,0.13736657509113262
22-01-2026 09:55||NIFTY27JAN2625500CE,0.12180099728813845
22-01-2026 09:55||NIFTY27JAN2626200CE,0.14431233119472864
22-01-2026 10:00||NIFTY27JAN2624000PE,0.23958554989223274
22-01-2026 10:00||NIFTY27JAN2624200PE,0.21897777989574524
22-01-2026 10:00||NIFTY27JAN2624500PE,0.1853780674804285
22-01-2026 10:00||NIFTY27JAN2624700PE,0.16421508788950803
22-01-2026 10:00||NIFTY27JAN2625100PE,0.1299358489418205
22-01-2026 10:00||NIFTY27JAN2625400CE,0.10678002962904584
22-01-2026 10:00||NIFTY27JAN2625500CE,0.10762038432972522
22-01-2026 10:00||NIFTY27JAN2625600CE,0.1085851724308513
22-01-2026 10:00||NIFTY27JAN2625700CE,0.10947093643280432
22-01-2026 10:00||NIFTY27JAN2626100CE,0.12831125083428524
22-01-2026 10:00||NIFTY27JAN2626200CE,0.13544440348045897
22-01-2026 10:00||NIFTY27JAN2626400CE,0.15211383703800357
22-01-2026 10:00||NIFTY27JAN2626500CE,0.16195036886755002
22-01-2026 10:05||NIFTY27JAN2624500PE,0.18542291474103478
22-01-2026 10:05||NIFTY27JAN2624800PE,0.15327275879282645
22-01-2026 10:05||NIFTY27JAN2625000PE,0.13503728584324576
22-01-2026 10:05||NIFTY27JAN2625400CE,0.11059589509344478
22-01-2026 10:05||NIFTY27JAN2625600CE,0.11074134853691718
22-01-2026 10:05||NIFTY27JAN2625700CE,0.11269678914844941
22-01-2026 10:05||NIFTY27JAN2625800CE,0.11512467842446003
22-01-2026 10:05||NIFTY27JAN2626100CE,0.13036697727417906
22-01-2026 10:05||NIFTY27JAN2626400CE,0.15289260306566427
22-01-2026 10:05||NIFTY27JAN2626500CE,0.1609661019519426
22-01-2026 10:10||NIFTY27JAN2623800PE,0.258461873902522
22-01-2026 10:10||NIFTY27JAN2624200PE,0.21441112020402597
22-01-2026 10:10||NIFTY27JAN2624300PE,0.20349592321285648
22-01-2026 10:10||NIFTY27JAN2624500PE,0.18116782118363461
22-01-2026 10:10||NIFTY27JAN2624800PE,0.14860678845369166
22-01-2026 10:10||NIFTY27JAN2625300CE,0.12815821847280273
22-01-2026 10:10||NIFTY27JAN2625500CE,0.11907661357974261
22-01-2026 10:10||NIFTY27JAN2626200CE,0.14231958155124505
22-01-2026 10:10||NIFTY27JAN2626300CE,0.14959095973119563
22-01-2026 10:15||NIFTY27JAN2623900PE,0.24793994837900024
22-01-2026 10:15||NIFTY27JAN2624200PE,0.2185134141490383
22-01-2026 10:15||NIFTY27JAN2624400PE,0.19780660751196183
22-01-2026 10:15||NIFTY27JAN2625000PE,0.13981729224787742
22-01-2026 10:15||NIFTY27JAN2625200CE,0.09398335321633594
22-01-2026 10:15||NIFTY27JAN2625300CE,0.0955035634903599
22-01-2026 10:15||NIFTY27JAN2625400CE,0.09713884306246545
22-01-2026 10:15||NIFTY27JAN2626400CE,0.15355130987690685
22-01-2026 10:20||NIFTY27JAN2624000PE,0.22558662931489232
22-01-2026 10:20||NIFTY27JAN2624900PE,0.1310168395788923
22-01-2026 10:20||NIFTY27JAN2625000PE,0.12063272551319157
22-01-2026 10:20||NIFTY27JAN2625100PE,0.11029463384741839
22-01-2026 10:20||NIFTY27JAN2625400CE,0.12511357002778067
22-01-2026 10:20||NIFTY27JAN2625500CE,0.12238998604114794
22-01-2026 10:20||NIFTY27JAN2625600CE,0.12019498071905522
22-01-2026 10:20||NIFTY27JAN2625900CE,0.12624985540368455
22-01-2026 10:25||NIFTY27JAN2623900PE,0.2297316055234393
22-01-2026 10:25||NIFTY27JAN2624000PE,0.219503830233168
22-01-2026 10:25||NIFTY27JAN2624200PE,0.19918576640458374
22-01-2026 10:25||NIFTY27JAN2625100PE,0.12874002699464426
22-01-2026 10:25||NIFTY27JAN2625900CE,0.1191379357649018
22-01-2026 10:25||NIFTY27JAN2626300CE,0.15048354727815835
22-01-2026 10:25||NIFTY27JAN2626400CE,0.1604123412751927
22-01-2026 10:25||NIFTY27JAN2626500CE,0.1715805783196525
22-01-2026 10:30||NIFTY27JAN2624200PE,0.19363013884501928
22-01-2026 10:30||NIFTY27JAN2624300PE,0.1832545654611362
22-01-2026 10:30||NIFTY27JAN2625600CE,0.1236750091301058
22-01-2026 10:30||NIFTY27JAN2625800CE,0.12684450829781221
22-01-2026 10:30||NIFTY27JAN2626100CE,0.14460042018872588
22-01-2026 10:35||NIFTY27JAN2623900PE,0.22856256706066788
22-01-2026 10:35||NIFTY27JAN2624200PE,0.19714853156027462
22-01-2026 10:35||NIFTY27JAN2624600PE,0.15924005642095596
22-01-2026 10:35||NIFTY27JAN2624700PE,0.15080756411441035
22-01-2026 10:35||NIFTY27JAN2625100PE,0.12458466899426987
22-01-2026 10:35||NIFTY27JAN2625200CE,0.1015125116504888
22-01-2026 10:35||NIFTY27JAN2625300CE,0.10146560633238141
22-01-2026 10:35||NIFTY27JAN2625400CE,0.10240101451449833
22-01-2026 10:35||NIFTY27JAN2625800CE,0.11731382378047908
22-01-2026 10:40||NIFTY27JAN2624300PE,0.18290821928501177
22-01-2026 10:40||NIFTY27JAN2624600PE,0.1541875748862288
22-01-2026 10:40||NIFTY27JAN2625000PE,0.1234903644404723
22-01-2026 10:40||NIFTY27JAN2625800CE,0.1230408424063501
22-01-2026 10:40||NIFTY27JAN2625900CE,0.12881428122425828
22-01-2026 10:40||NIFTY27JAN2626000CE,0.13497191231279915
22-01-2026 10:45||NIFTY27JAN2623900PE,0.22685426774347112
22-01-2026 10:45||NIFTY27JAN2624300PE,0.18467521748901838
22-01-2026 10:45||NIFTY27JAN2624600PE,0.15620781744048665
22-01-2026 10:45||NIFTY27JAN2625000PE,0.1264245821776158
22-01-2026 10:45||NIFTY27JAN2625400CE,0.11264455079546112
22-01-2026 10:45||NIFTY27JAN2625500CE,0.11310984384235197
22-01-2026 10:45||NIFTY27JAN2625700CE,0.11682455630989
22-01-2026 10:45||NIFTY27JAN2625900CE,0.1277592472627852
22-01-2026 10:45||NIFTY27JAN2626000CE,0.13441402054699478
22-01-2026 10:45||NIFTY27JAN2626400CE,0.16717079686226047
22-01-2026 10:45||NIFTY27JAN2626500CE,0.17667985797085492
22-01-2026 10:50||NIFTY27JAN2623900PE,0.22577899926012623
22-01-2026 10:50||NIFTY27JAN2624300PE,0.1839795077280706
22-01-2026 10:50||NIFTY27JAN2624400PE,0.17429142601110714
22-01-2026 10:50||NIFTY27JAN2624500PE,0.16468423194906678
22-01-2026 10:50||NIFTY27JAN2624600PE,0.15520105755375752
22-01-2026 10:50||NIFTY27JAN2624900PE,0.1314080435552918
22-01-2026 10:50||NIFTY27JAN2625000PE,0.1247994085654876
22-01-2026 10:50||NIFTY27JAN2625300CE,0.11684318521093523
22-01-2026 10:50||NIFTY27JAN2625600CE,0.11729898840586644
22-01-2026 10:50||NIFTY27JAN2625700CE,0.12092047845858392
22-01-2026 10:50||NIFTY27JAN2625900CE,0.1307673621033002
22-01-2026 10:50||NIFTY27JAN2626000CE,0.13733383388752657
22-01-2026 10:50||NIFTY27JAN2626300CE,0.16056189910171637
22-01-2026 10:55||NIFTY27JAN2624000PE,0.21924100064296229
22-01-2026 10:55||NIFTY27JAN2624200PE,0.19982546588371292
22-01-2026 10:55||NIFTY27JAN2624600PE,0.164799414768952
22-01-2026 10:55||NIFTY27JAN2624700PE,0.1572717705654476
22-01-2026 10:55||NIFTY27JAN2624800PE,0.15026554352031973
22-01-2026 10:55||NIFTY27JAN2625000PE,0.1398721655774256
22-01-2026 10:55||NIFTY27JAN2625300CE,0.09751739381110097
22-01-2026 10:55||NIFTY27JAN2625900CE,0.12818233944259502
22-01-2026 11:00||NIFTY27JAN2624400PE,0.17439489892500087
22-01-2026 11:00||NIFTY27JAN2624800PE,0.1417164844372718
22-01-2026 11:00||NIFTY27JAN2624900PE,0.13520314430565078
22-01-2026 11:00||NIFTY27JAN2626300CE,0.16401353613226544
22-01-2026 11:05||NIFTY27JAN2623800PE,0.2327220479779811
22-01-2026 11:05||NIFTY27JAN2624500PE,0.16352501914855766
22-01-2026 11:05||NIFTY27JAN2624800PE,0.13929737815713789
22-01-2026 11:05||NIFTY27JAN2625500CE,0.12212858871102775
22-01-2026 11:05||NIFTY27JAN2625600CE,0.1241802798558703
22-01-2026 11:05||NIFTY27JAN2625900CE,0.13711773152073303
22-01-2026 11:05||NIFTY27JAN2626200CE,0.1582768564658319
22-01-2026 11:10||NIFTY27JAN2623800PE,0.2345399150146831
22-01-2026 11:10||NIFTY27JAN2624300PE,0.18401134310912876
22-01-2026 11:10||NIFTY27JAN2624400PE,0.17527890601796947
22-01-2026 11:10||NIFTY27JAN2624600PE,0.1589120253949815
22-01-2026 11:10||NIFTY27JAN2624700PE,0.15124895048698883
22-01-2026 11:10||NIFTY27JAN2625000PE,0.13052898756733955
22-01-2026 11:10||NIFTY27JAN2625100PE,0.12444911256307781
22-01-2026 11:10||NIFTY27JAN2625400CE,0.11698086542798235
22-01-2026 11:10||NIFTY27JAN2625800CE,0.12926949011431044
22-01-2026 11:10||NIFTY27JAN2626100CE,0.14916615180339188
22-01-2026 11:10||NIFTY27JAN2626400CE,0.1726001703121449
22-01-2026 11:15||NIFTY27JAN2623800PE,0.23465496001916966
22-01-2026 11:15||NIFTY27JAN2623900PE,0.22343947672429126
22-01-2026 11:15||NIFTY27JAN2624000PE,0.21258070779279148
22-01-2026 11:15||NIFTY27JAN2624300PE,0.18271799411337897
22-01-2026 11:15||NIFTY27JAN2624800PE,0.14238713814057835
22-01-2026 11:15||NIFTY27JAN2625600CE,0.12135442972162302
22-01-2026 11:15||NIFTY27JAN2625700CE,0.12560293363932276
22-01-2026 11:15||NIFTY27JAN2625800CE,0.13038944528357066
22-01-2026 11:15||NIFTY27JAN2626100CE,0.15048223295741636
22-01-2026 11:15||NIFTY27JAN2626200CE,0.15811461272357008
22-01-2026 11:15||NIFTY27JAN2626400CE,0.17328419935024839
22-01-2026 11:15||NIFTY27JAN2626500CE,0.18090831046915476
22-01-2026 11:20||NIFTY27JAN2623900PE,0.2190288063637295
22-01-2026 11:20||NIFTY27JAN2624000PE,0.20844398854192775
22-01-2026 11:20||NIFTY27JAN2624200PE,0.18764972761265497
22-01-2026 11:20||NIFTY27JAN2624700PE,0.14153941959553312
22-01-2026 11:20||NIFTY27JAN2624800PE,0.1337017417268296
22-01-2026 11:20||NIFTY27JAN2625100PE,0.11404236997530581
22-01-2026 11:20||NIFTY27JAN2625600CE,0.12887155398625946
22-01-2026 11:20||NIFTY27JAN2625900CE,0.13986823852859076
22-01-2026 11:25||NIFTY27JAN2623800PE,0.24189763978831594
22-01-2026 11:25||NIFTY27JAN2623900PE,0.2290480704338931
22-01-2026 11:25||NIFTY27JAN2624000PE,0.21708229393409062
22-01-2026 11:25||NIFTY27JAN2624500PE,0.16839170049875574
22-01-2026 11:25||NIFTY27JAN2624600PE,0.15982959794718848
22-01-2026 11:25||NIFTY27JAN2625800CE,0.12525586977310482
22-01-2026 11:25||NIFTY27JAN2625900CE,0.1313453970669289
22-01-2026 11:25||NIFTY27JAN2626500CE,0.17552974320475948
22-01-2026 11:30||NIFTY27JAN2624300PE,0.18011025175853085
22-01-2026 11:30||NIFTY27JAN2625000PE,0.12539594562413936
22-01-2026 11:30||NIFTY27JAN2625800CE,0.13192447198392696
22-01-2026 11:30||NIFTY27JAN2626000CE,0.14344006235798257
22-01-2026 11:35||NIFTY27JAN2624200PE,0.19280052905827133
22-01-2026 11:35||NIFTY27JAN2625500CE,0.1169067176412438
22-01-2026 11:35||NIFTY27JAN2625800CE,0.1283091178838403
22-01-2026 11:35||NIFTY27JAN2625900CE,0.13435305757236732
22-01-2026 11:40||NIFTY27JAN2624200PE,0.1929692002631928
22-01-2026 11:40||NIFTY27JAN2624700PE,0.15152681511176616
22-01-2026 11:40||NIFTY27JAN2624800PE,0.14554457582732985
22-01-2026 11:40||NIFTY27JAN2625200CE,0.10988094711773864
22-01-2026 11:40||NIFTY27JAN2626300CE,0.16725614491926838
22-01-2026 11:45||NIFTY27JAN2623800PE,0.2307228358804569
22-01-2026 11:45||NIFTY27JAN2623900PE,0.21904307337962642
22-01-2026 11:45||NIFTY27JAN2624400PE,0.16798699986442328
22-01-2026 11:45||NIFTY27JAN2625000PE,0.12366079337284476
22-01-2026 11:45||NIFTY27JAN2626500CE,0.1869455368177584
22-01-2026 11:50||NIFTY27JAN2624500PE,0.16398764912526703
22-01-2026 11:50||NIFTY27JAN2624800PE,0.14263686822784766
22-01-2026 11:50||NIFTY27JAN2624900PE,0.13733983396078386
22-01-2026 11:50||NIFTY27JAN2625000PE,0.13238602870026556
22-01-2026 11:50||NIFTY27JAN2625200CE,0.11848950396729788
22-01-2026 11:50||NIFTY27JAN2625500CE,0.1208287145400892
22-01-2026 11:50||NIFTY27JAN2625700CE,0.12769651704659438
22-01-2026 11:50||NIFTY27JAN2626100CE,0.1530896780894565
22-01-2026 11:50||NIFTY27JAN2626200CE,0.16083481819290563
22-01-2026 11:50||NIFTY27JAN2626300CE,0.1686507940506567
22-01-2026 11:55||NIFTY27JAN2624000PE,0.20962808549474748
22-01-2026 11:55||NIFTY27JAN2625000PE,0.1322477199363992
22-01-2026 11:55||NIFTY27JAN2626200CE,0.16354847919259374
22-01-2026 12:00||NIFTY27JAN2623800PE,0.22837987653046524
22-01-2026 12:00||NIFTY27JAN2624300PE,0.1760809879030943
22-01-2026 12:00||NIFTY27JAN2625600CE,0.13361549663371824
22-01-2026 12:00||NIFTY27JAN2625700CE,0.136532827545755
22-01-2026 12:00||NIFTY27JAN2626100CE,0.1599064303126645
22-01-2026 12:00||NIFTY27JAN2626400CE,0.18373641065190016
22-01-2026 12:05||NIFTY27JAN2624300PE,0.1794248932513088
22-01-2026 12:05||NIFTY27JAN2624400PE,0.1700850082344918
22-01-2026 12:05||NIFTY27JAN2624900PE,0.12990188877882825
22-01-2026 12:05||NIFTY27JAN2625600CE,0.12810168366975275
22-01-2026 12:05||NIFTY27JAN2625700CE,0.13131841841079547
22-01-2026 12:05||NIFTY27JAN2626000CE,0.1469334015177102
22-01-2026 12:05||NIFTY27JAN2626300CE,0.17009344105967647
22-01-2026 12:10||NIFTY27JAN2623800PE,0.23003828747406277
22-01-2026 12:10||NIFTY27JAN2624000PE,0.2083596170045924
22-01-2026 12:10||NIFTY27JAN2624100PE,0.1979455431000656
22-01-2026 12:10||NIFTY27JAN2624500PE,0.15944694930304731
22-01-2026 12:10||NIFTY27JAN2624700PE,0.1430100074753551
22-01-2026 12:10||NIFTY27JAN2625200CE,0.12491640752775957
22-01-2026 12:10||NIFTY27JAN2625300CE,0.1233873466651624
22-01-2026 12:10||NIFTY27JAN2625500CE,0.12416092674385446
22-01-2026 12:10||NIFTY27JAN2625800CE,0.13452074517662252
22-01-2026 12:10||NIFTY27JAN2625900CE,0.14024614172539915
22-01-2026 12:10||NIFTY27JAN2626100CE,0.1534266398619026
22-01-2026 12:15||NIFTY27JAN2623800PE,0.22889039728619587
22-01-2026 12:15||NIFTY27JAN2624000PE,0.20743829016284743
22-01-2026 12:15||NIFTY27JAN2624500PE,0.15787568868257928
22-01-2026 12:15||NIFTY27JAN2624900PE,0.12683523089133847
22-01-2026 12:15||NIFTY27JAN2625400CE,0.12623708865866878
22-01-2026 12:15||NIFTY27JAN2626100CE,0.15388351516788243
22-01-2026 12:15||NIFTY27JAN2626400CE,0.17734660472045233
22-01-2026 12:15||NIFTY27JAN2626500CE,0.18542764258916647
22-01-2026 12:20||NIFTY27JAN2624800PE,0.14579961302605066
22-01-2026 12:20||NIFTY27JAN2624900PE,0.1401752144499524
22-01-2026 12:20||NIFTY27JAN2625200CE,0.10881746081162537
22-01-2026 12:20||NIFTY27JAN2625700CE,0.12059438829182131
22-01-2026 12:20||NIFTY27JAN2625900CE,0.13210601541561623
22-01-2026 12:20||NIFTY27JAN2626000CE,0.13900356662990077
22-01-2026 12:20||NIFTY27JAN2626500CE,0.17932330884892583
22-01-2026 12:25||NIFTY27JAN2623900PE,0.220729302915591
22-01-2026 12:25||NIFTY27JAN2624200PE,0.1889027475487131
22-01-2026 12:25||NIFTY27JAN2624300PE,0.1787803742312969
22-01-2026 12:25||NIFTY27JAN2624700PE,0.1430964997877153
22-01-2026 12:25||NIFTY27JAN2624800PE,0.13578848370169602
22-01-2026 12:25||NIFTY27JAN2625300CE,0.1263124293042111
22-01-2026 12:30||NIFTY27JAN2624200PE,0.1895161584523607
22-01-2026 12:30||NIFTY27JAN2624400PE,0.1698556581828252
22-01-2026 12:30||NIFTY27JAN2624500PE,0.16034805634161348
22-01-2026 12:30||NIFTY27JAN2625100PE,0.1155093988419492
22-01-2026 12:30||NIFTY27JAN2625700CE,0.12688237073431535
22-01-2026 12:30||NIFTY27JAN2625800CE,0.1314621913355854
22-01-2026 12:30||NIFTY27JAN2625900CE,0.13655659260607994
22-01-2026 12:30||NIFTY27JAN2626100CE,0.14870681192269325
22-01-2026 12:30||NIFTY27JAN2626400CE,0.17271963023084339
22-01-2026 12:35||NIFTY27JAN2623800PE,0.23349681896230656
22-01-2026 12:35||NIFTY27JAN2624400PE,0.17252035307434682
22-01-2026 12:35||NIFTY27JAN2626100CE,0.1469328046838561
22-01-2026 12:35||NIFTY27JAN2626300CE,0.1634973998423034
22-01-2026 12:40||NIFTY27JAN2624100PE,0.198219439063895
22-01-2026 12:40||NIFTY27JAN2625700CE,0.1257063631784721
22-01-2026 12:40||NIFTY27JAN2625800CE,0.13044122751102877
22-01-2026 12:40||NIFTY27JAN2626200CE,0.1578471247885976
22-01-2026 12:45||NIFTY27JAN2624700PE,0.14416065391677457
22-01-2026 12:45||NIFTY27JAN2624900PE,0.13066396819161258
22-01-2026 12:45||NIFTY27JAN2625200CE,0.11531138409589015
22-01-2026 12:45||NIFTY27JAN2625700CE,0.12140808078672238
22-01-2026 12:45||NIFTY27JAN2625800CE,0.12614921429316323
22-01-2026 12:45||NIFTY27JAN2626000CE,0.1379996284528437
22-01-2026 12:45||NIFTY27JAN2626100CE,0.14640562571384108
22-01-2026 12:45||NIFTY27JAN2626200CE,0.1546055932631115
22-01-2026 12:45||NIFTY27JAN2626300CE,0.163076939926953
22-01-2026 12:45||NIFTY27JAN2626400CE,0.17194209734986282
22-01-2026 12:50||NIFTY27JAN2624100PE,0.20022804126486393
22-01-2026 12:50||NIFTY27JAN2624200PE,0.18993272966840627
22-01-2026 12:50||NIFTY27JAN2624300PE,0.1797595769314329
22-01-2026 12:50||NIFTY27JAN2624900PE,0.1327535331675958
22-01-2026 12:50||NIFTY27JAN2625100PE,0.12386047010707987
22-01-2026 12:50||NIFTY27JAN2625800CE,0.1251301503417726
22-01-2026 12:50||NIFTY27JAN2625900CE,0.13189410293446127
22-01-2026 12:50||NIFTY27JAN2626200CE,0.1549563461710871
22-01-2026 12:50||NIFTY27JAN2626300CE,0.16367666919032953
22-01-2026 12:55||NIFTY27JAN2624400PE,0.1651096579489828
22-01-2026 12:55||NIFTY27JAN2625100PE,0.11993785779476826
22-01-2026 12:55||NIFTY27JAN2625200CE,0.11611465266746271
22-01-2026 12:55||NIFTY27JAN2625400CE,0.11650008506793835
22-01-2026 12:55||NIFTY27JAN2626100CE,0.1531130669893477
22-01-2026 12:55||NIFTY27JAN2626400CE,0.17900716049836576
22-01-2026 13:00||NIFTY27JAN2624000PE,0.20447883489117896
22-01-2026 13:00||NIFTY27JAN2624400PE,0.1634452688080858
22-01-2026 13:00||NIFTY27JAN2624900PE,0.12603857499434606
22-01-2026 13:00||NIFTY27JAN2625700CE,0.1263961772419474
22-01-2026 13:00||NIFTY27JAN2626200CE,0.16154242489236087
22-01-2026 13:05||NIFTY27JAN2623800PE,0.22847863906481544
22-01-2026 13:05||NIFTY27JAN2623900PE,0.21629862592267513
22-01-2026 13:05||NIFTY27JAN2624100PE,0.1934930809539288
22-01-2026 13:05||NIFTY27JAN2624400PE,0.1637449821358795
22-01-2026 13:05||NIFTY27JAN2625000PE,0.1231979829319801
22-01-2026 13:05||NIFTY27JAN2625300CE,0.11705101918347369
22-01-2026 13:05||NIFTY27JAN2625400CE,0.11816007045738518
22-01-2026 13:05||NIFTY27JAN2625500CE,0.11949481610745738
22-01-2026 13:05||NIFTY27JAN2625700CE,0.1251074260794588
22-01-2026 13:05||NIFTY27JAN2626200CE,0.1620903274340172
22-01-2026 13:10||NIFTY27JAN2623800PE,0.22705814538988234
22-01-2026 13:10||NIFTY27JAN2624200PE,0.1845769599885795
22-01-2026 13:10||NIFTY27JAN2625300CE,0.11186188604350597
22-01-2026 13:10||NIFTY27JAN2625500CE,0.1157058877637819
22-01-2026 13:10||NIFTY27JAN2625600CE,0.11935550995170716
22-01-2026 13:10||NIFTY27JAN2626000CE,0.14473319382642963
22-01-2026 13:10||NIFTY27JAN2626500CE,0.18973111334691115
22-01-2026 13:15||NIFTY27JAN2624000PE,0.2024644182237948
22-01-2026 13:15||NIFTY27JAN2624200PE,0.18121851478997408
22-01-2026 13:15||NIFTY27JAN2624600PE,0.14335211433265338
22-01-2026 13:15||NIFTY27JAN2624700PE,0.13526056183329407
22-01-2026 13:15||NIFTY27JAN2625200CE,0.1280509666402662
22-01-2026 13:15||NIFTY27JAN2625600CE,0.12527453069561367
22-01-2026 13:15||NIFTY27JAN2625800CE,0.13361891488326222
22-01-2026 13:15||NIFTY27JAN2626300CE,0.17277721901476278
22-01-2026 13:20||NIFTY27JAN2623900PE,0.21460499170983935
22-01-2026 13:20||NIFTY27JAN2624200PE,0.1824683284699155
22-01-2026 13:20||NIFTY27JAN2624700PE,0.13766323107184658
22-01-2026 13:20||NIFTY27JAN2624900PE,0.1251833535308552
22-01-2026 13:20||NIFTY27JAN2625000PE,0.11975213815658539
22-01-2026 13:20||NIFTY27JAN2625200CE,0.11955047205497105
22-01-2026 13:20||NIFTY27JAN2625500CE,0.11930426535032271
22-01-2026 13:20||NIFTY27JAN2625700CE,0.12604540670690023
22-01-2026 13:20||NIFTY27JAN2626100CE,0.15400851674394544
22-01-2026 13:20||NIFTY27JAN2626500CE,0.18945599181699285
22-01-2026 13:25||NIFTY27JAN2624100PE,0.19432571244894503
22-01-2026 13:25||NIFTY27JAN2624400PE,0.1652236855388725
22-01-2026 13:25||NIFTY27JAN2624500PE,0.1564511117933824
22-01-2026 13:25||NIFTY27JAN2624800PE,0.13474589856582325
22-01-2026 13:25||NIFTY27JAN2624900PE,0.12946713098100737
22-01-2026 13:25||NIFTY27JAN2625100PE,0.12195594454585754
22-01-2026 13:25||NIFTY27JAN2625800CE,0.13075458124825207
22-01-2026 13:25||NIFTY27JAN2626100CE,0.15470456413178954
22-01-2026 13:25||NIFTY27JAN2626300CE,0.1725989736224683
22-01-2026 13:30||NIFTY27JAN2623800PE,0.22218781986186678
22-01-2026 13:30||NIFTY27JAN2624000PE,0.19958128989559593
22-01-2026 13:30||NIFTY27JAN2624100PE,0.1887273458537818
22-01-2026 13:30||NIFTY27JAN2624600PE,0.13894846108387343
22-01-2026 13:30||NIFTY27JAN2625100PE,0.0995599337927407
22-01-2026 13:30||NIFTY27JAN2625800CE,0.1384463797520678
22-01-2026 13:30||NIFTY27JAN2625900CE,0.14436774451336493
22-01-2026 13:30||NIFTY27JAN2626400CE,0.18393917884972677
22-01-2026 13:35||NIFTY27JAN2623800PE,0.2264848226577398
22-01-2026 13:35||NIFTY27JAN2623900PE,0.2162269637664282
22-01-2026 13:35||NIFTY27JAN2624400PE,0.16725319185395177
22-01-2026 13:35||NIFTY27JAN2624600PE,0.15122550761564726
22-01-2026 13:35||NIFTY27JAN2624700PE,0.144184190158793
22-01-2026 13:35||NIFTY27JAN2624900PE,0.13248509856348312
22-01-2026 13:35||NIFTY27JAN2625200CE,0.10468998020502661
22-01-2026 13:35||NIFTY27JAN2625300CE,0.10556812883861263
22-01-2026 13:35||NIFTY27JAN2625500CE,0.11068335224275822
22-01-2026 13:35||NIFTY27JAN2625700CE,0.11979800507115726
22-01-2026 13:35||NIFTY27JAN2626000CE,0.14124887704520384
22-01-2026 13:35||NIFTY27JAN2626100CE,0.14991735953393903
22-01-2026 13:35||NIFTY27JAN2626400CE,0.176255429794357
22-01-2026 13:40||NIFTY27JAN2624000PE,0.20240715689055314
22-01-2026 13:40||NIFTY27JAN2624200PE,0.18164858449798277
22-01-2026 13:40||NIFTY27JAN2624300PE,0.17166856020869395
22-01-2026 13:40||NIFTY27JAN2624400PE,0.16180239589006618
22-01-2026 13:40||NIFTY27JAN2624900PE,0.12192677906596094
22-01-2026 13:40||NIFTY27JAN2625100PE,0.11036259114915972
22-01-2026 13:40||NIFTY27JAN2625300CE,0.1218397165911252
22-01-2026 13:40||NIFTY27JAN2625400CE,0.12113398214141693
22-01-2026 13:40||NIFTY27JAN2625600CE,0.12314706697664062
22-01-2026 13:40||NIFTY27JAN2626000CE,0.14633878489316043
22-01-2026 13:40||NIFTY27JAN2626300CE,0.17188338018789634
22-01-2026 13:45||NIFTY27JAN2624400PE,0.1596537250018441
22-01-2026 13:45||NIFTY27JAN2625200CE,0.1287946042200767
22-01-2026 13:45||NIFTY27JAN2625400CE,0.12404206149637731
22-01-2026 13:45||NIFTY27JAN2625700CE,0.13044756327547402
22-01-2026 13:45||NIFTY27JAN2625800CE,0.13604747776990722
22-01-2026 13:45||NIFTY27JAN2625900CE,0.142167623280946
22-01-2026 13:45||NIFTY27JAN2626100CE,0.15598546603615354
22-01-2026 13:45||NIFTY27JAN2626300CE,0.17266549625251956
22-01-2026 13:50||NIFTY27JAN2623800PE,0.22545168857508113
22-01-2026 13:50||NIFTY27JAN2625200CE,0.13013929739573807
22-01-2026 13:50||NIFTY27JAN2626300CE,0.17132866580008055
22-01-2026 13:50||NIFTY27JAN2626400CE,0.1802092239767253
22-01-2026 13:55||NIFTY27JAN2624500PE,0.1552409489524862
22-01-2026 13:55||NIFTY27JAN2624600PE,0.14667644471481428
22-01-2026 13:55||NIFTY27JAN2624700PE,0.13817072473050987
22-01-2026 13:55||NIFTY27JAN2624800PE,0.12986874839080642
22-01-2026 13:55||NIFTY27JAN2625300CE,0.11659823246763318
22-01-2026 13:55||NIFTY27JAN2625400CE,0.1167367722918603
22-01-2026 13:55||NIFTY27JAN2625500CE,0.11685653513266654
22-01-2026 13:55||NIFTY27JAN2625900CE,0.1335222276731024
22-01-2026 13:55||NIFTY27JAN2626000CE,0.14128365166334594
22-01-2026 13:55||NIFTY27JAN2626200CE,0.15789115612358418
22-01-2026 13:55||NIFTY27JAN2626400CE,0.17638763325159595
22-01-2026 14:00||NIFTY27JAN2623800PE,0.22936455266226652
22-01-2026 14:00||NIFTY27JAN2623900PE,0.21654222432677497
22-01-2026 14:00||NIFTY27JAN2624300PE,0.1711931080284178
22-01-2026 14:00||NIFTY27JAN2624900PE,0.12275071417999578
22-01-2026 14:00||NIFTY27JAN2625000PE,0.11749724024860236
22-01-2026 14:00||NIFTY27JAN2625300CE,0.11145318782692096
22-01-2026 14:00||NIFTY27JAN2625500CE,0.11341259664528094
22-01-2026 14:00||NIFTY27JAN2625600CE,0.1163304933528212
22-01-2026 14:00||NIFTY27JAN2626300CE,0.16726289742554917
22-01-2026 14:00||NIFTY27JAN2626500CE,0.18552399620758284
22-01-2026 14:05||NIFTY27JAN2623800PE,0.22568708367791945
22-01-2026 14:05||NIFTY27JAN2624000PE,0.20269495947794508
22-01-2026 14:05||NIFTY27JAN2624200PE,0.18136447575104253
22-01-2026 14:05||NIFTY27JAN2624300PE,0.17113839010180842
22-01-2026 14:05||NIFTY27JAN2624400PE,0.16113670435115476
22-01-2026 14:05||NIFTY27JAN2624600PE,0.14285686047073032
22-01-2026 14:05||NIFTY27JAN2625200CE,0.10776135950764185
22-01-2026 14:05||NIFTY27JAN2625500CE,0.11037570616290662
22-01-2026 14:05||NIFTY27JAN2626200CE,0.15834122427631453
22-01-2026 14:05||NIFTY27JAN2626400CE,0.17741918534352924
22-01-2026 14:10||NIFTY27JAN2623900PE,0.21253904584087152
22-01-2026 14:10||NIFTY27JAN2624100PE,0.19199984789809757
22-01-2026 14:10||NIFTY27JAN2624200PE,0.18191774828462418
22-01-2026 14:10||NIFTY27JAN2625100PE,0.12069422946937358
22-01-2026 14:10||NIFTY27JAN2625900CE,0.13401489832931873
22-01-2026 14:10||NIFTY27JAN2626300CE,0.16968884398422088
22-01-2026 14:15||NIFTY27JAN2623800PE,0.2218789548578108
22-01-2026 14:15||NIFTY27JAN2624500PE,0.14750892344552363
22-01-2026 14:15||NIFTY27JAN2624600PE,0.13871609751242106
22-01-2026 14:15||NIFTY27JAN2625000PE,0.11274650338964665
22-01-2026 14:15||NIFTY27JAN2625100PE,0.10854637989782752
22-01-2026 14:15||NIFTY27JAN2625800CE,0.13197098898691517
22-01-2026 14:15||NIFTY27JAN2626400CE,0.18333764752005996
22-01-2026 14:15||NIFTY27JAN2626500CE,0.19247472482371847
22-01-2026 14:20||NIFTY27JAN2623800PE,0.2132871805072247
22-01-2026 14:20||NIFTY27JAN2623900PE,0.2041810889985895
22-01-2026 14:20||NIFTY27JAN2624000PE,0.19485705321246713
22-01-2026 14:20||NIFTY27JAN2624100PE,0.18529887992408411
22-01-2026 14:20||NIFTY27JAN2624400PE,0.15568361414124493
22-01-2026 14:20||NIFTY27JAN2624900PE,0.11679411759199412
22-01-2026 14:20||NIFTY27JAN2625400CE,0.1156708358134769
22-01-2026 14:20||NIFTY27JAN2625700CE,0.124540029394139
22-01-2026 14:20||NIFTY27JAN2625800CE,0.13134084599580834
22-01-2026 14:20||NIFTY27JAN2625900CE,0.13865389907303444
22-01-2026 14:20||NIFTY27JAN2626100CE,0.15450617160165228
22-01-2026 14:20||NIFTY27JAN2626200CE,0.16347338245491955
22-01-2026 14:25||NIFTY27JAN2624200PE,0.1762748519514256
22-01-2026 14:25||NIFTY27JAN2624300PE,0.16491637936115305
22-01-2026 14:25||NIFTY27JAN2624500PE,0.14437981961729018
22-01-2026 14:25||NIFTY27JAN2624600PE,0.13489574558719944
22-01-2026 14:25||NIFTY27JAN2624700PE,0.1257188107826864
22-01-2026 14:25||NIFTY27JAN2625600CE,0.12326027006366766
22-01-2026 14:25||NIFTY27JAN2626500CE,0.18743385437049231
22-01-2026 14:30||NIFTY27JAN2623800PE,0.22554131444253828
22-01-2026 14:30||NIFTY27JAN2624200PE,0.18008768585713647
22-01-2026 14:30||NIFTY27JAN2624300PE,0.16901281169597804
22-01-2026 14:30||NIFTY27JAN2625400CE,0.12684872354218113
22-01-2026 14:30||NIFTY27JAN2625600CE,0.12561488056591658
22-01-2026 14:30||NIFTY27JAN2625700CE,0.1291318051351279
22-01-2026 14:30||NIFTY27JAN2625800CE,0.13273960167320703
22-01-2026 14:30||NIFTY27JAN2625900CE,0.1365995487416259
22-01-2026 14:30||NIFTY27JAN2626300CE,0.16613994523059258
22-01-2026 14:30||NIFTY27JAN2626400CE,0.1774508361010895
22-01-2026 14:30||NIFTY27JAN2626500CE,0.19049212673495347
22-01-2026 14:35||NIFTY27JAN2624000PE,0.2059722084183711
22-01-2026 14:35||NIFTY27JAN2624400PE,0.16182111225691767
22-01-2026 14:35||NIFTY27JAN2624600PE,0.14155255257291782
22-01-2026 14:35||NIFTY27JAN2624800PE,0.12382715916333274
22-01-2026 14:35||NIFTY27JAN2625500CE,0.11895015312232692
22-01-2026 14:35||NIFTY27JAN2625900CE,0.12990396117129538
22-01-2026 14:40||NIFTY27JAN2623800PE,0.2320897160979445
22-01-2026 14:40||NIFTY27JAN2624900PE,0.1208375864576932
22-01-2026 14:40||NIFTY27JAN2625200CE,0.12077975094743229
22-01-2026 14:40||NIFTY27JAN2625300CE,0.11507281007475842
22-01-2026 14:40||NIFTY27JAN2625400CE,0.1115879189580524
22-01-2026 14:40||NIFTY27JAN2626100CE,0.14076856591814796
22-01-2026 14:40||NIFTY27JAN2626500CE,0.17204649747242243
22-01-2026 14:45||NIFTY27JAN2624000PE,0.20501020668090764
22-01-2026 14:45||NIFTY27JAN2624400PE,0.16045262858264875
22-01-2026 14:45||NIFTY27JAN2625400CE,0.11688363656409993
22-01-2026 14:45||NIFTY27JAN2625500CE,0.11445608893948298
22-01-2026 14:45||NIFTY27JAN2625800CE,0.11987845882173852
22-01-2026 14:45||NIFTY27JAN2625900CE,0.1258529603950875
22-01-2026 14:45||NIFTY27JAN2626100CE,0.13938973065863547
22-01-2026 14:50||NIFTY27JAN2624400PE,0.16144226814932972
22-01-2026 14:50||NIFTY27JAN2624500PE,0.15126644325305166
22-01-2026 14:50||NIFTY27JAN2625400CE,0.11015051349153084
22-01-2026 14:50||NIFTY27JAN2625500CE,0.11116702243450335
22-01-2026 14:50||NIFTY27JAN2625600CE,0.11229214566668448
22-01-2026 14:50||NIFTY27JAN2625700CE,0.11311167033893715
22-01-2026 14:50||NIFTY27JAN2626200CE,0.1448524002339313
22-01-2026 14:55||NIFTY27JAN2624200PE,0.17966091311306176
22-01-2026 14:55||NIFTY27JAN2624300PE,0.1687070253702041
22-01-2026 14:55||NIFTY27JAN2625000PE,0.10912764275466369
22-01-2026 14:55||NIFTY27JAN2626100CE,0.13638424604166716
22-01-2026 14:55||NIFTY27JAN2626500CE,0.16990606034487524
22-01-2026 15:00||NIFTY27JAN2623800PE,0.22524903080499958
22-01-2026 15:00||NIFTY27JAN2624300PE,0.1677429747759382
22-01-2026 15:00||NIFTY27JAN2624600PE,0.13852660926410754
22-01-2026 15:00||NIFTY27JAN2624900PE,0.11780438604685492
22-01-2026 15:00||NIFTY27JAN2625600CE,0.10699804921342221
22-01-2026 15:00||NIFTY27JAN2626000CE,0.12788512033604904
22-01-2026 15:00||NIFTY27JAN2626300CE,0.15418123196112882
22-01-2026 15:00||NIFTY27JAN2626400CE,0.16302510051990127
22-01-2026 15:05||NIFTY27JAN2625300CE,0.1330920179254072
22-01-2026 15:05||NIFTY27JAN2625400CE,0.12777877739953195
22-01-2026 15:05||NIFTY27JAN2625500CE,0.12341282942061035
22-01-2026 15:05||NIFTY27JAN2625600CE,0.11904991122301006
22-01-2026 15:05||NIFTY27JAN2626400CE,0.16242690521799286
22-01-2026 15:10||NIFTY27JAN2623800PE,0.2275275695727607
22-01-2026 15:10||NIFTY27JAN2624000PE,0.20383329566414365
22-01-2026 15:10||NIFTY27JAN2624200PE,0.1810888206999971
22-01-2026 15:10||NIFTY27JAN2625100PE,0.10389548652782395
22-01-2026 15:10||NIFTY27JAN2625600CE,0.10975302138853076
22-01-2026 15:10||NIFTY27JAN2626100CE,0.13213865691622984
22-01-2026 15:15||NIFTY27JAN2623800PE,0.22525578226861603
22-01-2026 15:15||NIFTY27JAN2624200PE,0.17801435318940162
22-01-2026 15:15||NIFTY27JAN2624600PE,0.1343692863170875
22-01-2026 15:15||NIFTY27JAN2625400CE,0.11841083823154377
22-01-2026 15:15||NIFTY27JAN2625800CE,0.11410562101470277
22-01-2026 15:15||NIFTY27JAN2625900CE,0.11912792335921016
22-01-2026 15:15||NIFTY27JAN2626100CE,0.13202614061100182
22-01-2026 15:15||NIFTY27JAN2626200CE,0.13970458584000628
22-01-2026 15:15||NIFTY27JAN2626300CE,0.14793862622544518
22-01-2026 15:20||NIFTY27JAN2624800PE,0.11828159288300558
22-01-2026 15:20||NIFTY27JAN2625200CE,0.13646094439990455
22-01-2026 15:20||NIFTY27JAN2626400CE,0.15567274237119275
22-01-2026 15:25||NIFTY27JAN2623800PE,0.2277629467269459
22-01-2026 15:25||NIFTY27JAN2623900PE,0.2154922170831787
22-01-2026 15:25||NIFTY27JAN2624300PE,0.1673146924902113
22-01-2026 15:25||NIFTY27JAN2624700PE,0.12457375762693473
22-01-2026 15:25||NIFTY27JAN2625100PE,0.09786298434445959
22-01-2026 15:25||NIFTY27JAN2625200CE,0.12657816095079952
22-01-2026 15:25||NIFTY27JAN2625300CE,0.11925608874764755
22-01-2026 15:25||NIFTY27JAN2625600CE,0.109410884062183
22-01-2026 15:25||NIFTY27JAN2625900CE,0.11625340573971069
22-01-2026 15:25||NIFTY27JAN2626000CE,0.12257337653983988
22-01-2026 15:25||NIFTY27JAN2626400CE,0.15700061311592897
23-01-2026 09:15||NIFTY27JAN2624100PE,0.21066743817931427
23-01-2026 09:15||NIFTY27JAN2624200PE,0.19841938415250912
23-01-2026 09:15||NIFTY27JAN2624300PE,0.1860892080576121
23-01-2026 09:15||NIFTY27JAN2624900PE,0.13089307217578142
23-01-2026 09:15||NIFTY27JAN2625500CE,0.11523818567435351
23-01-2026 09:15||NIFTY27JAN2626000CE,0.13437920449442087
23-01-2026 09:15||NIFTY27JAN2626100CE,0.14399291476609327
23-01-2026 09:15||NIFTY27JAN2626200CE,0.15361857771730816
23-01-2026 09:15||NIFTY27JAN2626300CE,0.1637557865706902
23-01-2026 09:15||NIFTY27JAN2626500CE,0.18826699699804755
23-01-2026 09:20||NIFTY27JAN2623900PE,0.2325231351930523
23-01-2026 09:20||NIFTY27JAN2624400PE,0.17017065415199314
23-01-2026 09:20||NIFTY27JAN2624600PE,0.14623768014648347
23-01-2026 09:20||NIFTY27JAN2625000PE,0.10917253308155021
23-01-2026 09:20||NIFTY27JAN2625100PE,0.10245087418710411
23-01-2026 09:20||NIFTY27JAN2625200CE,0.1555381025946131
23-01-2026 09:20||NIFTY27JAN2625500CE,0.12961544831612756
23-01-2026 09:20||NIFTY27JAN2625600CE,0.12573028107286197
23-01-2026 09:20||NIFTY27JAN2626200CE,0.15487220724403217
23-01-2026 09:20||NIFTY27JAN2626400CE,0.1747668563641735
23-01-2026 09:25||NIFTY27JAN2623800PE,0.25450215916267266
23-01-2026 09:25||NIFTY27JAN2623900PE,0.2425926056911864
23-01-2026 09:25||NIFTY27JAN2624000PE,0.23039146674848582
23-01-2026 09:25||NIFTY27JAN2624100PE,0.2179163444476302
23-01-2026 09:25||NIFTY27JAN2625100PE,0.11301678360364575
23-01-2026 09:25||NIFTY27JAN2625200CE,0.12523599350244635
23-01-2026 09:25||NIFTY27JAN2625400CE,0.11610870438325747
23-01-2026 09:25||NIFTY27JAN2625600CE,0.11147024274040637
23-01-2026 09:25||NIFTY27JAN2626100CE,0.13531316090178058
23-01-2026 09:25||NIFTY27JAN2626200CE,0.14570789059428885
23-01-2026 09:25||NIFTY27JAN2626300CE,0.15592931025918458
23-01-2026 09:25||NIFTY27JAN2626400CE,0.16638439772512176
23-01-2026 09:30||NIFTY27JAN2623900PE,0.2417183239263953
23-01-2026 09:30||NIFTY27JAN2624000PE,0.22961825695927218
23-01-2026 09:30||NIFTY27JAN2624400PE,0.18240201233422834
23-01-2026 09:30||NIFTY27JAN2624500PE,0.17111097689645122
23-01-2026 09:30||NIFTY27JAN2624600PE,0.15992285712820106
23-01-2026 09:30||NIFTY27JAN2624700PE,0.1488571018892787
23-01-2026 09:30||NIFTY27JAN2625200CE,0.10701476512716908
23-01-2026 09:30||NIFTY27JAN2626100CE,0.13573006524242193
23-01-2026 09:30||NIFTY27JAN2626300CE,0.15671494398389874
23-01-2026 09:35||NIFTY27JAN2623900PE,0.2382647581101613
23-01-2026 09:35||NIFTY27JAN2624000PE,0.2261485579163669
23-01-2026 09:35||NIFTY27JAN2624400PE,0.17715301807486933
23-01-2026 09:35||NIFTY27JAN2625000PE,0.11838349887780043
23-01-2026 09:35||NIFTY27JAN2625500CE,0.11039218189089192
23-01-2026 09:35||NIFTY27JAN2626100CE,0.139320984578362
23-01-2026 09:40||NIFTY27JAN2624100PE,0.21636845884396938
23-01-2026 09:40||NIFTY27JAN2624300PE,0.19148300284138173
23-01-2026 09:40||NIFTY27JAN2624900PE,0.13047183998125833
23-01-2026 09:40||NIFTY27JAN2625000PE,0.12390791188991057
23-01-2026 09:40||NIFTY27JAN2625400CE,0.10697748793214927
23-01-2026 09:40||NIFTY27JAN2625500CE,0.10615302730879893
23-01-2026 09:40||NIFTY27JAN2625700CE,0.10752335966332122
23-01-2026 09:40||NIFTY27JAN2626000CE,0.1278908599066373
23-01-2026 09:45||NIFTY27JAN2623800PE,0.24651711703997373
23-01-2026 09:45||NIFTY27JAN2623900PE,0.23413403807438038
23-01-2026 09:45||NIFTY27JAN2624000PE,0.2217490253467426
23-01-2026 09:45||NIFTY27JAN2624100PE,0.20936204742750822
23-01-2026 09:45||NIFTY27JAN2624300PE,0.1846306911623693
23-01-2026 09:45||NIFTY27JAN2624500PE,0.15993678113938645
23-01-2026 09:45||NIFTY27JAN2624800PE,0.12865113782611726
23-01-2026 09:45||NIFTY27JAN2624900PE,0.12032470175542447
23-01-2026 09:45||NIFTY27JAN2625300CE,0.12640621231571353
23-01-2026 09:45||NIFTY27JAN2626000CE,0.1335577947340283
23-01-2026 09:45||NIFTY27JAN2626100CE,0.14381755279463662
23-01-2026 09:45||NIFTY27JAN2626400CE,0.1756911108171825
23-01-2026 09:50||NIFTY27JAN2623900PE,0.23824988061997754
23-01-2026 09:50||NIFTY27JAN2624100PE,0.21429175316773624
23-01-2026 09:50||NIFTY27JAN2624200PE,0.20218547582124913
23-01-2026 09:50||NIFTY27JAN2624400PE,0.17774756724008023
23-01-2026 09:50||NIFTY27JAN2624700PE,0.14536981350559136
23-01-2026 09:50||NIFTY27JAN2625200CE,0.10909702582854612
23-01-2026 09:50||NIFTY27JAN2625300CE,0.10413306973336392
23-01-2026 09:50||NIFTY27JAN2625700CE,0.10568855999065838
23-01-2026 09:50||NIFTY27JAN2625800CE,0.11104368431828787
23-01-2026 09:50||NIFTY27JAN2626200CE,0.14890216357366298
23-01-2026 09:55||NIFTY27JAN2623800PE,0.24937887142321127
23-01-2026 09:55||NIFTY27JAN2624200PE,0.1985310360071691
23-01-2026 09:55||NIFTY27JAN2624800PE,0.1304580119895894
23-01-2026 09:55||NIFTY27JAN2625000PE,0.11541078968721477
23-01-2026 09:55||NIFTY27JAN2625200CE,0.12104197522066289
23-01-2026 09:55||NIFTY27JAN2625700CE,0.10982382661720269
23-01-2026 09:55||NIFTY27JAN2626300CE,0.16196348582467784
23-01-2026 10:00||NIFTY27JAN2623800PE,0.25136886144797027
23-01-2026 10:00||NIFTY27JAN2624700PE,0.1417189853116979
23-01-2026 10:00||NIFTY27JAN2625100PE,0.11028151463184625
23-01-2026 10:00||NIFTY27JAN2625600CE,0.10376916602908548
23-01-2026 10:00||NIFTY27JAN2625900CE,0.11751755350814656
23-01-2026 10:00||NIFTY27JAN2626000CE,0.12752790201089104
23-01-2026 10:00||NIFTY27JAN2626100CE,0.13807681037009653
23-01-2026 10:00||NIFTY27JAN2626300CE,0.1592219356207668
23-01-2026 10:05||NIFTY27JAN2623800PE,0.25027184007904396
23-01-2026 10:05||NIFTY27JAN2624100PE,0.21201413933629365
23-01-2026 10:05||NIFTY27JAN2624600PE,0.1518514793037597
23-01-2026 10:05||NIFTY27JAN2624800PE,0.13263701353958285
23-01-2026 10:05||NIFTY27JAN2625300CE,0.10218798500858653
23-01-2026 10:05||NIFTY27JAN2625400CE,0.10020226362098031
23-01-2026 10:05||NIFTY27JAN2625900CE,0.11769375022985135
23-01-2026 10:05||NIFTY27JAN2626200CE,0.1504084091855487
23-01-2026 10:10||NIFTY27JAN2623800PE,0.24971314795159394
23-01-2026 10:10||NIFTY27JAN2624000PE,0.22292938038045967
23-01-2026 10:10||NIFTY27JAN2624100PE,0.21007398112440412
23-01-2026 10:10||NIFTY27JAN2624400PE,0.17371182773785435
23-01-2026 10:10||NIFTY27JAN2624600PE,0.14999809791387125
23-01-2026 10:10||NIFTY27JAN2624800PE,0.13064859412796154
23-01-2026 10:10||NIFTY27JAN2625300CE,0.10615096355844243
23-01-2026 10:10||NIFTY27JAN2626400CE,0.17354130548803356
23-01-2026 10:15||NIFTY27JAN2624700PE,0.14343031163583106
23-01-2026 10:15||NIFTY27JAN2624800PE,0.13499653361592
23-01-2026 10:15||NIFTY27JAN2625700CE,0.10346520298784821
23-01-2026 10:15||NIFTY27JAN2625900CE,0.11897209618776626
23-01-2026 10:15||NIFTY27JAN2626000CE,0.12976604118928495
23-01-2026 10:15||NIFTY27JAN2626400CE,0.17414898262070208
23-01-2026 10:20||NIFTY27JAN2624300PE,0.18246921963423685
23-01-2026 10:20||NIFTY27JAN2625000PE,0.1127162249944191
23-01-2026 10:20||NIFTY27JAN2625700CE,0.10835658348240305
23-01-2026 10:20||NIFTY27JAN2625800CE,0.11455377695260682
23-01-2026 10:20||NIFTY27JAN2626100CE,0.14352635429593874
23-01-2026 10:20||NIFTY27JAN2626500CE,0.1861052885046799
23-01-2026 10:25||NIFTY27JAN2623800PE,0.2480603419884707
23-01-2026 10:25||NIFTY27JAN2624400PE,0.1703433277709539
23-01-2026 10:25||NIFTY27JAN2624500PE,0.15775234585502185
23-01-2026 10:25||NIFTY27JAN2624600PE,0.14532836634888677
23-01-2026 10:25||NIFTY27JAN2625100PE,0.09999669846271769
23-01-2026 10:25||NIFTY27JAN2625400CE,0.11515911874406833
23-01-2026 10:25||NIFTY27JAN2625700CE,0.11181358142109105
23-01-2026 10:25||NIFTY27JAN2625800CE,0.11684040584046668
23-01-2026 10:25||NIFTY27JAN2626000CE,0.1317381055967045
23-01-2026 10:30||NIFTY27JAN2624100PE,0.21302816263087318
23-01-2026 10:30||NIFTY27JAN2624400PE,0.17523530034497609
23-01-2026 10:30||NIFTY27JAN2624600PE,0.15029248475383264
23-01-2026 10:30||NIFTY27JAN2625000PE,0.11273398814742004
23-01-2026 10:30||NIFTY27JAN2625100PE,0.10654806357940823
23-01-2026 10:30||NIFTY27JAN2625900CE,0.11696913643822089
23-01-2026 10:30||NIFTY27JAN2626000CE,0.1271140722479318
23-01-2026 10:30||NIFTY27JAN2626300CE,0.15908248240845885
23-01-2026 10:35||NIFTY27JAN2624000PE,0.22764084471860493
23-01-2026 10:35||NIFTY27JAN2624100PE,0.21503159249712261
23-01-2026 10:35||NIFTY27JAN2624200PE,0.20234994270563278
23-01-2026 10:35||NIFTY27JAN2624500PE,0.1646010669223772
23-01-2026 10:35||NIFTY27JAN2624900PE,0.12426892948322336
23-01-2026 10:35||NIFTY27JAN2625100PE,0.11022361050428385
23-01-2026 10:35||NIFTY27JAN2625600CE,0.09960963533671427
23-01-2026 10:35||NIFTY27JAN2626000CE,0.1245181584704573
23-01-2026 10:35||NIFTY27JAN2626200CE,0.14737751638870059
23-01-2026 10:35||NIFTY27JAN2626500CE,0.17903428035638094
23-01-2026 10:40||NIFTY27JAN2624000PE,0.22554570137778943
23-01-2026 10:40||NIFTY27JAN2624600PE,0.15111153755057743
23-01-2026 10:40||NIFTY27JAN2624800PE,0.13069594107661692
23-01-2026 10:40||NIFTY27JAN2625300CE,0.1069477524326187
23-01-2026 10:40||NIFTY27JAN2625400CE,0.1036082832029611
23-01-2026 10:40||NIFTY27JAN2625500CE,0.10099866083653082
23-01-2026 10:40||NIFTY27JAN2625800CE,0.10754824578872973
23-01-2026 10:45||NIFTY27JAN2624100PE,0.21340341515046435
23-01-2026 10:45||NIFTY27JAN2624200PE,0.20097866368873385
23-01-2026 10:45||NIFTY27JAN2625100PE,0.11154824361519967
23-01-2026 10:45||NIFTY27JAN2625200CE,0.10321828720998893
23-01-2026 10:45||NIFTY27JAN2625300CE,0.09851844253056194
23-01-2026 10:45||NIFTY27JAN2625400CE,0.09530342643963423
23-01-2026 10:45||NIFTY27JAN2625900CE,0.11457943420484869
23-01-2026 10:45||NIFTY27JAN2626200CE,0.14752456219530308
23-01-2026 10:45||NIFTY27JAN2626300CE,0.1587185021856291
23-01-2026 10:45||NIFTY27JAN2626500CE,0.18097745270721036
23-01-2026 10:50||NIFTY27JAN2623900PE,0.23713030886243786
23-01-2026 10:50||NIFTY27JAN2624300PE,0.18686266658325407
23-01-2026 10:50||NIFTY27JAN2624400PE,0.17417747909864742
23-01-2026 10:50||NIFTY27JAN2624500PE,0.16154607106145435
23-01-2026 10:50||NIFTY27JAN2625400CE,0.10085961972765198
23-01-2026 10:50||NIFTY27JAN2625700CE,0.10267772116031251
23-01-2026 10:50||NIFTY27JAN2626200CE,0.14880042722799347
23-01-2026 10:50||NIFTY27JAN2626300CE,0.1597427527047649
23-01-2026 10:50||NIFTY27JAN2626400CE,0.17058101539350293
23-01-2026 10:55||NIFTY27JAN2623800PE,0.24983938854259552
23-01-2026 10:55||NIFTY27JAN2624600PE,0.14782417187338423
23-01-2026 10:55||NIFTY27JAN2624900PE,0.11842337063162076
23-01-2026 10:55||NIFTY27JAN2625700CE,0.10297212735147732
23-01-2026 10:55||NIFTY27JAN2625900CE,0.11737769505927363
23-01-2026 10:55||NIFTY27JAN2626000CE,0.12806086895435853
23-01-2026 10:55||NIFTY27JAN2626200CE,0.15057319249423268
23-01-2026 10:55||NIFTY27JAN2626500CE,0.18124793537956513
23-01-2026 11:00||NIFTY27JAN2623900PE,0.23574951887543455
23-01-2026 11:00||NIFTY27JAN2624100PE,0.2112350745265668
23-01-2026 11:00||NIFTY27JAN2625100PE,0.10795073804430268
23-01-2026 11:00||NIFTY27JAN2625400CE,0.09679165589004436
23-01-2026 11:00||NIFTY27JAN2625500CE,0.09672554724524993
23-01-2026 11:00||NIFTY27JAN2625800CE,0.10757512130835836
23-01-2026 11:00||NIFTY27JAN2626100CE,0.13957205848302714
23-01-2026 11:05||NIFTY27JAN2623800PE,0.24761665624810392
23-01-2026 11:05||NIFTY27JAN2624200PE,0.19665678947129617
23-01-2026 11:05||NIFTY27JAN2625600CE,0.10316349695774829
23-01-2026 11:05||NIFTY27JAN2625700CE,0.10630616884532551
23-01-2026 11:05||NIFTY27JAN2626200CE,0.15232083239924105
23-01-2026 11:05||NIFTY27JAN2626500CE,0.18635607664702863
23-01-2026 11:10||NIFTY27JAN2624000PE,0.22301512681099994
23-01-2026 11:10||NIFTY27JAN2624100PE,0.2101503007169106
23-01-2026 11:10||NIFTY27JAN2624600PE,0.14716404362987462
23-01-2026 11:10||NIFTY27JAN2625300CE,0.10191964883455243
23-01-2026 11:10||NIFTY27JAN2625800CE,0.10894137212825508
23-01-2026 11:10||NIFTY27JAN2626300CE,0.16210901484854534
23-01-2026 11:15||NIFTY27JAN2623900PE,0.23332959350038363
23-01-2026 11:15||NIFTY27JAN2624200PE,0.19645192413431456
23-01-2026 11:15||NIFTY27JAN2624800PE,0.12528736342394906
23-01-2026 11:15||NIFTY27JAN2624900PE,0.11461287884965288
23-01-2026 11:15||NIFTY27JAN2625000PE,0.10442163579069282
23-01-2026 11:15||NIFTY27JAN2625100PE,0.09479853634816546
23-01-2026 11:15||NIFTY27JAN2625300CE,0.0948596800337147
23-01-2026 11:15||NIFTY27JAN2625400CE,0.09475584833773007
23-01-2026 11:15||NIFTY27JAN2625500CE,0.09479255833634545
23-01-2026 11:15||NIFTY27JAN2625700CE,0.09918905410787104
23-01-2026 11:15||NIFTY27JAN2626300CE,0.16235535446367136
23-01-2026 11:20||NIFTY27JAN2624100PE,0.20732467075136427
23-01-2026 11:20||NIFTY27JAN2624400PE,0.16942006410321506
23-01-2026 11:20||NIFTY27JAN2624500PE,0.156799731451831
23-01-2026 11:20||NIFTY27JAN2624800PE,0.12380355606788053
23-01-2026 11:20||NIFTY27JAN2625100PE,0.10043225272905251
23-01-2026 11:20||NIFTY27JAN2626000CE,0.13020907844264157
23-01-2026 11:20||NIFTY27JAN2626200CE,0.15305337807448327
23-01-2026 11:20||NIFTY27JAN2626300CE,0.16429624693910524
23-01-2026 11:20||NIFTY27JAN2626500CE,0.18668152651918285
23-01-2026 11:25||NIFTY27JAN2623800PE,0.25065627874880453
23-01-2026 11:25||NIFTY27JAN2623900PE,0.23615586672901537
23-01-2026 11:25||NIFTY27JAN2624000PE,0.22223404751838086
23-01-2026 11:25||NIFTY27JAN2624500PE,0.15759116138822404
23-01-2026 11:25||NIFTY27JAN2624900PE,0.11495499454321322
23-01-2026 11:25||NIFTY27JAN2625200CE,0.10763374347956686
23-01-2026 11:25||NIFTY27JAN2625800CE,0.10957444793846619
23-01-2026 11:25||NIFTY27JAN2626200CE,0.15219347809887485
23-01-2026 11:25||NIFTY27JAN2626400CE,0.174430320223406
23-01-2026 11:30||NIFTY27JAN2624100PE,0.20905922487302947
23-01-2026 11:30||NIFTY27JAN2624700PE,0.13778223040285367
23-01-2026 11:30||NIFTY27JAN2624900PE,0.12097057406557893
23-01-2026 11:30||NIFTY27JAN2625000PE,0.11380832304522404
23-01-2026 11:30||NIFTY27JAN2625200CE,0.09072140466608104
23-01-2026 11:30||NIFTY27JAN2625500CE,0.09137867863664118
23-01-2026 11:30||NIFTY27JAN2625800CE,0.10701277464510466
23-01-2026 11:30||NIFTY27JAN2626000CE,0.12783383513706498
23-01-2026 11:30||NIFTY27JAN2626200CE,0.1512815102454732
23-01-2026 11:30||NIFTY27JAN2626400CE,0.1740377071031959
23-01-2026 11:35||NIFTY27JAN2624900PE,0.12139775648677728
23-01-2026 11:35||NIFTY27JAN2625100PE,0.11018282133259856
23-01-2026 11:35||NIFTY27JAN2625300CE,0.09303137538330346
23-01-2026 11:35||NIFTY27JAN2625400CE,0.09300513107937185
23-01-2026 11:35||NIFTY27JAN2626000CE,0.13201758999077795
23-01-2026 11:40||NIFTY27JAN2623900PE,0.22678483342417974
23-01-2026 11:40||NIFTY27JAN2624300PE,0.17655339636067946
23-01-2026 11:40||NIFTY27JAN2624400PE,0.16427135380882846
23-01-2026 11:40||NIFTY27JAN2624900PE,0.11638484736855015
23-01-2026 11:40||NIFTY27JAN2625500CE,0.09975422772341656
23-01-2026 11:40||NIFTY27JAN2626300CE,0.17355614981628137
23-01-2026 11:40||NIFTY27JAN2626500CE,0.19338026540726508
23-01-2026 11:45||NIFTY27JAN2625300CE,0.09673134969037162
23-01-2026 11:45||NIFTY27JAN2626100CE,0.15380331054915297
23-01-2026 11:45||NIFTY27JAN2626400CE,0.1863560766530563
23-01-2026 11:50||NIFTY27JAN2624100PE,0.1950159765898405
23-01-2026 11:50||NIFTY27JAN2624500PE,0.1474500939189706
23-01-2026 11:50||NIFTY27JAN2625000PE,0.10693705272526327
23-01-2026 11:50||NIFTY27JAN2625400CE,0.11009483814557916
23-01-2026 11:50||NIFTY27JAN2625500CE,0.11284210233881266
23-01-2026 11:50||NIFTY27JAN2625600CE,0.1160030347898731
23-01-2026 11:50||NIFTY27JAN2625700CE,0.11887365022043653
23-01-2026 11:55||NIFTY27JAN2624500PE,0.1492438058907409
23-01-2026 11:55||NIFTY27JAN2624800PE,0.12067138900899921
23-01-2026 11:55||NIFTY27JAN2625100PE,0.10239249034075577
23-01-2026 11:55||NIFTY27JAN2625300CE,0.10448162446504591
23-01-2026 11:55||NIFTY27JAN2625600CE,0.10856495005467653
23-01-2026 11:55||NIFTY27JAN2625700CE,0.11441785116255061
23-01-2026 11:55||NIFTY27JAN2626000CE,0.14198548717615317
23-01-2026 11:55||NIFTY27JAN2626200CE,0.16434138668025178
23-01-2026 11:55||NIFTY27JAN2626500CE,0.19507463047346835
23-01-2026 12:00||NIFTY27JAN2624000PE,0.21076178868483741
23-01-2026 12:00||NIFTY27JAN2624300PE,0.17254835606456181
23-01-2026 12:00||NIFTY27JAN2624800PE,0.1192846373416194
23-01-2026 12:00||NIFTY27JAN2625200CE,0.1083100607204538
23-01-2026 12:00||NIFTY27JAN2625800CE,0.1220274341122073
23-01-2026 12:00||NIFTY27JAN2625900CE,0.13244098771037244
23-01-2026 12:00||NIFTY27JAN2626400CE,0.1861641810525147
23-01-2026 12:05||NIFTY27JAN2624600PE,0.14001726243780208
23-01-2026 12:05||NIFTY27JAN2625200CE,0.11072099641419922
23-01-2026 12:05||NIFTY27JAN2625300CE,0.10303953869852273
23-01-2026 12:05||NIFTY27JAN2625400CE,0.09943220523973882
23-01-2026 12:05||NIFTY27JAN2625500CE,0.09968765022212377
23-01-2026 12:05||NIFTY27JAN2626400CE,0.18554198558674492
23-01-2026 12:05||NIFTY27JAN2626500CE,0.19520763485081977
23-01-2026 12:10||NIFTY27JAN2623900PE,0.21970378275017632
23-01-2026 12:10||NIFTY27JAN2624000PE,0.20699038662475855
23-01-2026 12:10||NIFTY27JAN2624700PE,0.12779132619389838
23-01-2026 12:10||NIFTY27JAN2624800PE,0.12008076723214048
23-01-2026 12:10||NIFTY27JAN2625000PE,0.10705745759390153
23-01-2026 12:10||NIFTY27JAN2625700CE,0.11607839940237508
23-01-2026 12:10||NIFTY27JAN2626100CE,0.15688039586962876
23-01-2026 12:10||NIFTY27JAN2626200CE,0.16780237132752757
23-01-2026 12:10||NIFTY27JAN2626500CE,0.19857374775855755
23-01-2026 12:15||NIFTY27JAN2624800PE,0.11389313190717476
23-01-2026 12:15||NIFTY27JAN2625500CE,0.11141969250884338
23-01-2026 12:15||NIFTY27JAN2625700CE,0.11726113375464858
23-01-2026 12:15||NIFTY27JAN2626100CE,0.15602832751180587
23-01-2026 12:15||NIFTY27JAN2626300CE,0.17735333121206792
23-01-2026 12:20||NIFTY27JAN2623800PE,0.2384320063942556
23-01-2026 12:20||NIFTY27JAN2624100PE,0.19882657123231393
23-01-2026 12:20||NIFTY27JAN2624200PE,0.1861669376136708
23-01-2026 12:20||NIFTY27JAN2625200CE,0.10077375430990097
23-01-2026 12:20||NIFTY27JAN2625300CE,0.09898763881588085
23-01-2026 12:20||NIFTY27JAN2625400CE,0.0985718828391594
23-01-2026 12:20||NIFTY27JAN2625800CE,0.11946423891219136
23-01-2026 12:20||NIFTY27JAN2626100CE,0.15275921893522218
23-01-2026 12:25||NIFTY27JAN2624300PE,0.1709656909390604
23-01-2026 12:25||NIFTY27JAN2624500PE,0.1467924640211229
23-01-2026 12:25||NIFTY27JAN2624600PE,0.1354172998156239
23-01-2026 12:25||NIFTY27JAN2624800PE,0.1165218336725839
23-01-2026 12:25||NIFTY27JAN2624900PE,0.1087542340276662
23-01-2026 12:25||NIFTY27JAN2625100PE,0.0965418347027432
23-01-2026 12:25||NIFTY27JAN2625400CE,0.10529039773304827
23-01-2026 12:25||NIFTY27JAN2625600CE,0.10849481743221773
23-01-2026 12:25||NIFTY27JAN2626400CE,0.18779822279509312
23-01-2026 12:25||NIFTY27JAN2626500CE,0.1993985849323854
23-01-2026 12:30||NIFTY27JAN2623800PE,0.23561478305551445
23-01-2026 12:30||NIFTY27JAN2624100PE,0.19627247905161915
23-01-2026 12:30||NIFTY27JAN2624200PE,0.18368072021571527
23-01-2026 12:30||NIFTY27JAN2624500PE,0.14589896466535537
23-01-2026 12:30||NIFTY27JAN2625100PE,0.09399808822461743
23-01-2026 12:30||NIFTY27JAN2625900CE,0.13196775690200283
23-01-2026 12:30||NIFTY27JAN2626100CE,0.15429483881178524
23-01-2026 12:30||NIFTY27JAN2626200CE,0.16529261090014086
23-01-2026 12:30||NIFTY27JAN2626500CE,0.19899197836042373
23-01-2026 12:35||NIFTY27JAN2624100PE,0.19665871295549803
23-01-2026 12:35||NIFTY27JAN2624400PE,0.15800580513165102
23-01-2026 12:35||NIFTY27JAN2625100PE,0.09092062382492759
23-01-2026 12:35||NIFTY27JAN2625300CE,0.1085711788007613
23-01-2026 12:35||NIFTY27JAN2625700CE,0.11433661809510542
23-01-2026 12:35||NIFTY27JAN2625900CE,0.1320780147142812
23-01-2026 12:35||NIFTY27JAN2626100CE,0.1539221503592554
23-01-2026 12:40||NIFTY27JAN2624500PE,0.14478519651083543
23-01-2026 12:40||NIFTY27JAN2624600PE,0.13272943115906224
23-01-2026 12:40||NIFTY27JAN2624900PE,0.10390799638878126
23-01-2026 12:40||NIFTY27JAN2625000PE,0.09637847726740344
23-01-2026 12:40||NIFTY27JAN2625300CE,0.10941304715395356
23-01-2026 12:40||NIFTY27JAN2626400CE,0.1858511952635064
23-01-2026 12:45||NIFTY27JAN2623800PE,0.23565027489506163
23-01-2026 12:45||NIFTY27JAN2623900PE,0.22358713686462578
23-01-2026 12:45||NIFTY27JAN2624600PE,0.13884083237861844
23-01-2026 12:45||NIFTY27JAN2625500CE,0.09662523817289367
23-01-2026 12:45||NIFTY27JAN2625600CE,0.10065102641098869
23-01-2026 12:45||NIFTY27JAN2625900CE,0.1247272442999092
23-01-2026 12:50||NIFTY27JAN2623800PE,0.23403868481709852
23-01-2026 12:50||NIFTY27JAN2624400PE,0.15695894048670248
23-01-2026 12:50||NIFTY27JAN2624600PE,0.13175493619342615
23-01-2026 12:50||NIFTY27JAN2624800PE,0.11075396793419787
23-01-2026 12:50||NIFTY27JAN2625000PE,0.09331568838943655
23-01-2026 12:50||NIFTY27JAN2625300CE,0.11124706628392145
23-01-2026 12:50||NIFTY27JAN2625600CE,0.10984736532697426
23-01-2026 12:50||NIFTY27JAN2625700CE,0.1147074345101822
23-01-2026 12:50||NIFTY27JAN2626000CE,0.14059518992246586
23-01-2026 12:50||NIFTY27JAN2626400CE,0.18605562908301349
23-01-2026 12:55||NIFTY27JAN2623800PE,0.23488660412858436
23-01-2026 12:55||NIFTY27JAN2624200PE,0.1872057456129313
23-01-2026 12:55||NIFTY27JAN2625400CE,0.09383774780314538
23-01-2026 12:55||NIFTY27JAN2625500CE,0.09734501754048679
23-01-2026 12:55||NIFTY27JAN2625600CE,0.10171573655622115
23-01-2026 12:55||NIFTY27JAN2625800CE,0.11561905024058813
23-01-2026 12:55||NIFTY27JAN2626000CE,0.13862416038737507
23-01-2026 12:55||NIFTY27JAN2626200CE,0.1618634794043047
23-01-2026 12:55||NIFTY27JAN2626400CE,0.18432958456357076
23-01-2026 13:00||NIFTY27JAN2624900PE,0.1044905167075662
23-01-2026 13:00||NIFTY27JAN2625700CE,0.11435095909452393
23-01-2026 13:00||NIFTY27JAN2626000CE,0.14469639639879261
23-01-2026 13:05||NIFTY27JAN2623800PE,0.23105382133533495
23-01-2026 13:05||NIFTY27JAN2625200CE,0.1035579099136611
23-01-2026 13:05||NIFTY27JAN2625400CE,0.10114417206691836
23-01-2026 13:05||NIFTY27JAN2625900CE,0.1335042344749573
23-01-2026 13:05||NIFTY27JAN2626300CE,0.178830797468874
23-01-2026 13:10||NIFTY27JAN2623900PE,0.22074790047593068
23-01-2026 13:10||NIFTY27JAN2624000PE,0.20828481602921023
23-01-2026 13:10||NIFTY27JAN2624100PE,0.19567304532073992
23-01-2026 13:10||NIFTY27JAN2624300PE,0.16969830918684198
23-01-2026 13:10||NIFTY27JAN2624700PE,0.12158562906502987
23-01-2026 13:10||NIFTY27JAN2625000PE,0.09762867786061427
23-01-2026 13:10||NIFTY27JAN2625100PE,0.09264313897175878
23-01-2026 13:10||NIFTY27JAN2625400CE,0.09976886877648795
23-01-2026 13:10||NIFTY27JAN2625800CE,0.12190474181254532
23-01-2026 13:10||NIFTY27JAN2626000CE,0.14422159769916967
23-01-2026 13:15||NIFTY27JAN2623800PE,0.22741829501058816
23-01-2026 13:15||NIFTY27JAN2624200PE,0.17959124549695688
23-01-2026 13:15||NIFTY27JAN2624300PE,0.16682323166952015
23-01-2026 13:15||NIFTY27JAN2624600PE,0.1328380383990394
23-01-2026 13:15||NIFTY27JAN2625300CE,0.09513496815588682
23-01-2026 13:15||NIFTY27JAN2625600CE,0.10868783719239808
23-01-2026 13:15||NIFTY27JAN2625900CE,0.13815088570187462
23-01-2026 13:15||NIFTY27JAN2626000CE,0.14959739591262733
23-01-2026 13:15||NIFTY27JAN2626400CE,0.19577988117034745
23-01-2026 13:15||NIFTY27JAN2626500CE,0.20754487001433058
23-01-2026 13:20||NIFTY27JAN2624700PE,0.12253403893696058
23-01-2026 13:20||NIFTY27JAN2624800PE,0.11515172655850056
23-01-2026 13:20||NIFTY27JAN2625000PE,0.10387985351084489
23-01-2026 13:20||NIFTY27JAN2625100PE,0.10034149085194191
23-01-2026 13:20||NIFTY27JAN2625700CE,0.12303751431626471
23-01-2026 13:20||NIFTY27JAN2626000CE,0.15479407389951005
23-01-2026 13:20||NIFTY27JAN2626200CE,0.17712857280085367
23-01-2026 13:20||NIFTY27JAN2626500CE,0.210201944935091
23-01-2026 13:25||NIFTY27JAN2624100PE,0.18749060782299687
23-01-2026 13:25||NIFTY27JAN2624500PE,0.13931666760356543
23-01-2026 13:25||NIFTY27JAN2624700PE,0.1206720534983644
23-01-2026 13:25||NIFTY27JAN2625000PE,0.10271204249542903
23-01-2026 13:25||NIFTY27JAN2625400CE,0.1039401590451855
23-01-2026 13:25||NIFTY27JAN2626500CE,0.21048185050411802
23-01-2026 13:30||NIFTY27JAN2623800PE,0.22418880836762511
23-01-2026 13:30||NIFTY27JAN2624200PE,0.17691539571759413
23-01-2026 13:30||NIFTY27JAN2624700PE,0.1295815460484075
23-01-2026 13:30||NIFTY27JAN2624800PE,0.1239213848057302
23-01-2026 13:30||NIFTY27JAN2625000PE,0.11623396602859748
23-01-2026 13:30||NIFTY27JAN2625200CE,0.103066837056476
23-01-2026 13:30||NIFTY27JAN2625400CE,0.11007584772002899
23-01-2026 13:30||NIFTY27JAN2625700CE,0.13279684512742818
23-01-2026 13:30||NIFTY27JAN2626000CE,0.1659412343230302
23-01-2026 13:35||NIFTY27JAN2623900PE,0.20875066932373518
23-01-2026 13:35||NIFTY27JAN2624000PE,0.19627411216437388
23-01-2026 13:35||NIFTY27JAN2624100PE,0.18392142806685707
23-01-2026 13:35||NIFTY27JAN2624200PE,0.17150111699176374
23-01-2026 13:35||NIFTY27JAN2624600PE,0.12993646555662003
23-01-2026 13:35||NIFTY27JAN2624900PE,0.11145532674122763
23-01-2026 13:35||NIFTY27JAN2625600CE,0.12519461356396522
23-01-2026 13:35||NIFTY27JAN2625900CE,0.15537363131545892
23-01-2026 13:35||NIFTY27JAN2626000CE,0.16679767872086618
23-01-2026 13:35||NIFTY27JAN2626200CE,0.18973901483598155
23-01-2026 13:35||NIFTY27JAN2626500CE,0.22152380995336496
23-01-2026 13:40||NIFTY27JAN2623900PE,0.21306384956137395
23-01-2026 13:40||NIFTY27JAN2624100PE,0.18887405776628408
23-01-2026 13:40||NIFTY27JAN2624200PE,0.17675090389363557
23-01-2026 13:40||NIFTY27JAN2624500PE,0.1460792834281613
23-01-2026 13:40||NIFTY27JAN2624600PE,0.1380782255403769
23-01-2026 13:40||NIFTY27JAN2624900PE,0.12233443897275047
23-01-2026 13:40||NIFTY27JAN2625300CE,0.10487999482529231
23-01-2026 13:40||NIFTY27JAN2625700CE,0.1349661980540361
23-01-2026 13:40||NIFTY27JAN2625800CE,0.14566007204121129
23-01-2026 13:40||NIFTY27JAN2626000CE,0.16742826584119708
23-01-2026 13:40||NIFTY27JAN2626300CE,0.20081181728350472
23-01-2026 13:45||NIFTY27JAN2623900PE,0.20656707583598394
23-01-2026 13:45||NIFTY27JAN2624000PE,0.19415748478669453
23-01-2026 13:45||NIFTY27JAN2624200PE,0.1687936455027253
23-01-2026 13:45||NIFTY27JAN2624500PE,0.13615421343660863
23-01-2026 13:45||NIFTY27JAN2624600PE,0.12711078240500456
23-01-2026 13:45||NIFTY27JAN2625000PE,0.10173151928502577
23-01-2026 13:45||NIFTY27JAN2625300CE,0.11402867289378765
23-01-2026 13:45||NIFTY27JAN2625600CE,0.13073836696848926
23-01-2026 13:45||NIFTY27JAN2626100CE,0.1830741436808126
23-01-2026 13:45||NIFTY27JAN2626300CE,0.20520427060703023
23-01-2026 13:50||NIFTY27JAN2624000PE,0.19464016100494008
23-01-2026 13:50||NIFTY27JAN2624500PE,0.13564285998793058
23-01-2026 13:50||NIFTY27JAN2625100PE,0.09752693683240246
23-01-2026 13:50||NIFTY27JAN2626400CE,0.2176491412813858
23-01-2026 13:55||NIFTY27JAN2623900PE,0.20760614991339438
23-01-2026 13:55||NIFTY27JAN2624000PE,0.19542873966339774
23-01-2026 13:55||NIFTY27JAN2624200PE,0.170998968067306
23-01-2026 13:55||NIFTY27JAN2625000PE,0.10547396366560453
23-01-2026 13:55||NIFTY27JAN2625500CE,0.1235413215742628
23-01-2026 13:55||NIFTY27JAN2625700CE,0.13937204743416343
23-01-2026 13:55||NIFTY27JAN2625800CE,0.1494135893161473
23-01-2026 13:55||NIFTY27JAN2626400CE,0.21587794574502067
23-01-2026 13:55||NIFTY27JAN2626500CE,0.22663778157176548
23-01-2026 14:00||NIFTY27JAN2624200PE,0.1692025773101879
23-01-2026 14:00||NIFTY27JAN2624300PE,0.1570519186800609
23-01-2026 14:00||NIFTY27JAN2624400PE,0.14538050249968062
23-01-2026 14:00||NIFTY27JAN2624600PE,0.12505349736938712
23-01-2026 14:00||NIFTY27JAN2624800PE,0.11049724666982375
23-01-2026 14:00||NIFTY27JAN2625300CE,0.11746110041604185
23-01-2026 14:00||NIFTY27JAN2625400CE,0.12164396640886399
23-01-2026 14:00||NIFTY27JAN2625500CE,0.1266051989710799
23-01-2026 14:00||NIFTY27JAN2625600CE,0.131580660748162
23-01-2026 14:00||NIFTY27JAN2625800CE,0.14731042726942978
23-01-2026 14:05||NIFTY27JAN2624200PE,0.17100325387660537
23-01-2026 14:05||NIFTY27JAN2624800PE,0.1122879572114667
23-01-2026 14:05||NIFTY27JAN2625700CE,0.13629872794756945
23-01-2026 14:05||NIFTY27JAN2626300CE,0.20052886509151263
23-01-2026 14:10||NIFTY27JAN2623900PE,0.20872024996719263
23-01-2026 14:10||NIFTY27JAN2624400PE,0.14571787518897034
23-01-2026 14:10||NIFTY27JAN2624800PE,0.10957081831936802
23-01-2026 14:10||NIFTY27JAN2625400CE,0.11805525380217669
23-01-2026 14:10||NIFTY27JAN2625800CE,0.14754469812766358
23-01-2026 14:10||NIFTY27JAN2626400CE,0.21301462627824594
23-01-2026 14:15||NIFTY27JAN2625000PE,0.11374633921237097
23-01-2026 14:15||NIFTY27JAN2625400CE,0.10863123085319261
23-01-2026 14:15||NIFTY27JAN2626000CE,0.16232497804006255
23-01-2026 14:15||NIFTY27JAN2626400CE,0.20643766851201684
23-01-2026 14:20||NIFTY27JAN2624000PE,0.19759645478325777
23-01-2026 14:20||NIFTY27JAN2624100PE,0.18479766774493028
23-01-2026 14:20||NIFTY27JAN2624800PE,0.11644686267487032
23-01-2026 14:20||NIFTY27JAN2625400CE,0.11313520787877483
23-01-2026 14:20||NIFTY27JAN2625600CE,0.12613432796116808
23-01-2026 14:20||NIFTY27JAN2625800CE,0.14514653078930773
23-01-2026 14:20||NIFTY27JAN2625900CE,0.15610695357373486
23-01-2026 14:20||NIFTY27JAN2626400CE,0.21038475535895365
23-01-2026 14:20||NIFTY27JAN2626500CE,0.2220823353444208
23-01-2026 14:25||NIFTY27JAN2623900PE,0.20699332721938957
23-01-2026 14:25||NIFTY27JAN2624200PE,0.16693131572713896
23-01-2026 14:25||NIFTY27JAN2624400PE,0.14221641964431742
23-01-2026 14:25||NIFTY27JAN2624500PE,0.130680229687392
23-01-2026 14:25||NIFTY27JAN2624900PE,0.09594635330201248
23-01-2026 14:25||NIFTY27JAN2625000PE,0.08888877952614502
23-01-2026 14:25||NIFTY27JAN2625200CE,0.11425989645714506
23-01-2026 14:25||NIFTY27JAN2626200CE,0.18695411017281227
23-01-2026 14:25||NIFTY27JAN2626300CE,0.19786933142259894
23-01-2026 14:25||NIFTY27JAN2626400CE,0.20904655518502147
23-01-2026 14:30||NIFTY27JAN2624600PE,0.1234663204803467
23-01-2026 14:30||NIFTY27JAN2625100PE,0.08980380022186925
23-01-2026 14:30||NIFTY27JAN2625300CE,0.11202137099022866
23-01-2026 14:30||NIFTY27JAN2625400CE,0.11491962163145727
23-01-2026 14:30||NIFTY27JAN2625700CE,0.13419426482492464
23-01-2026 14:35||NIFTY27JAN2623900PE,0.2110489439989902
23-01-2026 14:35||NIFTY27JAN2624500PE,0.13634935539996448
23-01-2026 14:35||NIFTY27JAN2624600PE,0.1275721996126301
23-01-2026 14:35||NIFTY27JAN2624700PE,0.11877865368147789
23-01-2026 14:35||NIFTY27JAN2624800PE,0.11032853791296786
23-01-2026 14:35||NIFTY27JAN2625400CE,0.11100154829548486
23-01-2026 14:35||NIFTY27JAN2625600CE,0.12156009654687597
23-01-2026 14:35||NIFTY27JAN2625800CE,0.139449118859077
23-01-2026 14:35||NIFTY27JAN2625900CE,0.1497499640822123
23-01-2026 14:35||NIFTY27JAN2626000CE,0.16043096696711662
23-01-2026 14:35||NIFTY27JAN2626300CE,0.19430872052833548
23-01-2026 14:40||NIFTY27JAN2623900PE,0.2130141799058879
23-01-2026 14:40||NIFTY27JAN2624300PE,0.16172109459537565
23-01-2026 14:40||NIFTY27JAN2624400PE,0.1495598681468496
23-01-2026 14:40||NIFTY27JAN2625000PE,0.10157137561805499
23-01-2026 14:40||NIFTY27JAN2625100PE,0.0988215751832896
23-01-2026 14:40||NIFTY27JAN2625200CE,0.0968170523059548
23-01-2026 14:40||NIFTY27JAN2625300CE,0.10271681490479204
23-01-2026 14:40||NIFTY27JAN2625700CE,0.13260872793567585
23-01-2026 14:40||NIFTY27JAN2625800CE,0.1424929383029628
23-01-2026 14:40||NIFTY27JAN2626000CE,0.16217167340508232
23-01-2026 14:40||NIFTY27JAN2626300CE,0.19498062127773347
23-01-2026 14:40||NIFTY27JAN2626400CE,0.2060613917429619
23-01-2026 14:45||NIFTY27JAN2623900PE,0.21175840464674345
23-01-2026 14:45||NIFTY27JAN2624400PE,0.14972183762477284
23-01-2026 14:45||NIFTY27JAN2624700PE,0.12196139010508532
23-01-2026 14:45||NIFTY27JAN2625100PE,0.10493552521650276
23-01-2026 14:45||NIFTY27JAN2625200CE,0.10105093351734235
23-01-2026 14:45||NIFTY27JAN2625400CE,0.10889024509708845
23-01-2026 14:45||NIFTY27JAN2625600CE,0.12344278803632341
23-01-2026 14:45||NIFTY27JAN2626000CE,0.16316927115729146
23-01-2026 14:45||NIFTY27JAN2626200CE,0.1849193409355207
23-01-2026 14:50||NIFTY27JAN2623800PE,0.21771442718233847
23-01-2026 14:50||NIFTY27JAN2624500PE,0.13087037899943557
23-01-2026 14:50||NIFTY27JAN2624800PE,0.10370871584293223
23-01-2026 14:50||NIFTY27JAN2625200CE,0.11254174262499225
23-01-2026 14:50||NIFTY27JAN2625300CE,0.11390341232690145
23-01-2026 14:50||NIFTY27JAN2625500CE,0.1222585612195258
23-01-2026 14:55||NIFTY27JAN2623900PE,0.21095897478110048
23-01-2026 14:55||NIFTY27JAN2624100PE,0.1850172999697991
23-01-2026 14:55||NIFTY27JAN2624400PE,0.14740174492698188
23-01-2026 14:55||NIFTY27JAN2625200CE,0.10291186790102691
23-01-2026 14:55||NIFTY27JAN2625600CE,0.12142467519399266
23-01-2026 14:55||NIFTY27JAN2625900CE,0.15029442764569456
23-01-2026 14:55||NIFTY27JAN2626200CE,0.18277863710222622
23-01-2026 15:00||NIFTY27JAN2623900PE,0.2101310918519883
23-01-2026 15:00||NIFTY27JAN2624100PE,0.18510867188873892
23-01-2026 15:00||NIFTY27JAN2624200PE,0.17227168001360488
23-01-2026 15:00||NIFTY27JAN2624300PE,0.15941956469896168
23-01-2026 15:00||NIFTY27JAN2624600PE,0.125994467141351
23-01-2026 15:00||NIFTY27JAN2625400CE,0.11305301856236837
23-01-2026 15:00||NIFTY27JAN2626100CE,0.17977827089766613
23-01-2026 15:00||NIFTY27JAN2626500CE,0.22501540405483733
23-01-2026 15:05||NIFTY27JAN2623900PE,0.20752031631344753
23-01-2026 15:05||NIFTY27JAN2624800PE,0.1207268842976759
23-01-2026 15:05||NIFTY27JAN2626200CE,0.19304481236445115
23-01-2026 15:10||NIFTY27JAN2623800PE,0.22416311127967273
23-01-2026 15:10||NIFTY27JAN2623900PE,0.20885945185166033
23-01-2026 15:10||NIFTY27JAN2624000PE,0.19424157580941165
23-01-2026 15:10||NIFTY27JAN2624200PE,0.16714851765429295
23-01-2026 15:10||NIFTY27JAN2624600PE,0.12298920711819927
23-01-2026 15:10||NIFTY27JAN2624900PE,0.103830798450276
23-01-2026 15:10||NIFTY27JAN2625000PE,0.0997441330848105
23-01-2026 15:10||NIFTY27JAN2625300CE,0.11357682554615797
23-01-2026 15:10||NIFTY27JAN2625700CE,0.14101146089427494
23-01-2026 15:10||NIFTY27JAN2626100CE,0.1837195096534099
23-01-2026 15:10||NIFTY27JAN2626200CE,0.1950023403534733
23-01-2026 15:10||NIFTY27JAN2626300CE,0.20611646608038448
23-01-2026 15:15||NIFTY27JAN2624100PE,0.18213006969981696
23-01-2026 15:15||NIFTY27JAN2624200PE,0.1685472995139372
23-01-2026 15:15||NIFTY27JAN2624500PE,0.1347105565206173
23-01-2026 15:15||NIFTY27JAN2624600PE,0.1258036528386689
23-01-2026 15:15||NIFTY27JAN2624700PE,0.11762814668178385
23-01-2026 15:15||NIFTY27JAN2625000PE,0.10408949233597231
23-01-2026 15:15||NIFTY27JAN2625300CE,0.10798416944469083
23-01-2026 15:15||NIFTY27JAN2625900CE,0.15833491538920064
23-01-2026 15:15||NIFTY27JAN2626000CE,0.16933134028423483
23-01-2026 15:20||NIFTY27JAN2623800PE,0.22065623257565284
23-01-2026 15:20||NIFTY27JAN2623900PE,0.2068667618641212
23-01-2026 15:20||NIFTY27JAN2624800PE,0.10402001328009977
23-01-2026 15:20||NIFTY27JAN2625400CE,0.12157713435420202
23-01-2026 15:20||NIFTY27JAN2625500CE,0.12762990493702417
23-01-2026 15:20||NIFTY27JAN2625700CE,0.14325552479679105
23-01-2026 15:20||NIFTY27JAN2625900CE,0.16401241052841092
23-01-2026 15:20||NIFTY27JAN2626200CE,0.1965729902065724
23-01-2026 15:20||NIFTY27JAN2626500CE,0.22830401694904187
23-01-2026 15:25||NIFTY27JAN2624500PE,0.13039545336265615
23-01-2026 15:25||NIFTY27JAN2624600PE,0.12021486443424978
23-01-2026 15:25||NIFTY27JAN2624700PE,0.11082357116919785
23-01-2026 15:25||NIFTY27JAN2625400CE,0.11698928110668239
23-01-2026 15:25||NIFTY27JAN2625700CE,0.14158463090224827
23-01-2026 15:25||NIFTY27JAN2626000CE,0.1732463807315957
27-01-2026 09:15||NIFTY27JAN2624500PE,0.5054267513256457
27-01-2026 09:15||NIFTY27JAN2624600PE,0.4954503106116863
27-01-2026 09:15||NIFTY27JAN2624700PE,0.48723627029921535
27-01-2026 09:15||NIFTY27JAN2624900PE,0.4926267663887799
27-01-2026 09:15||NIFTY27JAN2625300CE,0.2985893409098055
27-01-2026 09:15||NIFTY27JAN2625700CE,0.43122391372265084
27-01-2026 09:15||NIFTY27JAN2625800CE,0.47774876222656065
27-01-2026 09:15||NIFTY27JAN2626000CE,0.5709867270002895
27-01-2026 09:15||NIFTY27JAN2626100CE,0.6173444959377716
27-01-2026 09:15||NIFTY27JAN2626200CE,0.6636776182059353
27-01-2026 09:15||NIFTY27JAN2626400CE,0.7563452114831345
27-01-2026 09:15||NIFTY27JAN2626500CE,0.8027101602932135
27-01-2026 09:20||NIFTY27JAN2624000PE,0.6234269577650364
27-01-2026 09:20||NIFTY27JAN2624100PE,0.5767571322015979
27-01-2026 09:20||NIFTY27JAN2624300PE,0.4847595112904022
27-01-2026 09:20||NIFTY27JAN2624400PE,0.4397004110983167
27-01-2026 09:20||NIFTY27JAN2624800PE,0.39068293604250115
27-01-2026 09:20||NIFTY27JAN2624900PE,0.4204779971021157
27-01-2026 09:20||NIFTY27JAN2625000PE,0.467255428648254
27-01-2026 09:20||NIFTY27JAN2625100PE,0.5303591092774431
27-01-2026 09:20||NIFTY27JAN2625400CE,0.4117708014336656
27-01-2026 09:20||NIFTY27JAN2625500CE,0.4456738405448124
27-01-2026 09:20||NIFTY27JAN2625600CE,0.4829598162737835
27-01-2026 09:20||NIFTY27JAN2625700CE,0.521398712013694
27-01-2026 09:20||NIFTY27JAN2626100CE,0.7086607395531409
27-01-2026 09:20||NIFTY27JAN2626200CE,0.7565857304695207
27-01-2026 09:20||NIFTY27JAN2626300CE,0.8034591252490587
27-01-2026 09:20||NIFTY27JAN2626500CE,0.8962403808867301
27-01-2026 09:25||NIFTY27JAN2623800PE,0.7096623744413264
27-01-2026 09:25||NIFTY27JAN2623900PE,0.6583739373193503
27-01-2026 09:25||NIFTY27JAN2624100PE,0.5552473831323443
27-01-2026 09:25||NIFTY27JAN2624200PE,0.5041460032025961
27-01-2026 09:25||NIFTY27JAN2624600PE,0.3481864984169561
27-01-2026 09:25||NIFTY27JAN2624800PE,0.31974069638987934
27-01-2026 09:25||NIFTY27JAN2625100PE,0.27448567112083305
27-01-2026 09:25||NIFTY27JAN2625500CE,0.46231430879335217
27-01-2026 09:25||NIFTY27JAN2625800CE,0.5879658849859272
27-01-2026 09:25||NIFTY27JAN2625900CE,0.6371424326761429
27-01-2026 09:25||NIFTY27JAN2626100CE,0.7362935132034141
27-01-2026 09:25||NIFTY27JAN2626400CE,0.8773324355295897
27-01-2026 09:25||NIFTY27JAN2626500CE,0.9197647432722058
27-01-2026 09:30||NIFTY27JAN2624300PE,0.4587282924150434
27-01-2026 09:30||NIFTY27JAN2624400PE,0.4072460142551526
27-01-2026 09:30||NIFTY27JAN2624800PE,0.29116653377689145
27-01-2026 09:30||NIFTY27JAN2624900PE,0.29895467240472456
27-01-2026 09:30||NIFTY27JAN2625000PE,0.3259573381434677
27-01-2026 09:30||NIFTY27JAN2625100PE,0.3696543082884909
27-01-2026 09:30||NIFTY27JAN2625400CE,0.45260090741407794
27-01-2026 09:30||NIFTY27JAN2625500CE,0.47886111425067085
27-01-2026 09:30||NIFTY27JAN2625600CE,0.5102900738337464
27-01-2026 09:30||NIFTY27JAN2625800CE,0.586425119745958
27-01-2026 09:30||NIFTY27JAN2625900CE,0.6360521527261067
27-01-2026 09:30||NIFTY27JAN2626100CE,0.736350336592607
27-01-2026 09:30||NIFTY27JAN2626200CE,0.7862026198293754
27-01-2026 09:30||NIFTY27JAN2626400CE,0.8805882141640777
27-01-2026 09:35||NIFTY27JAN2623800PE,0.743458378108329
27-01-2026 09:35||NIFTY27JAN2623900PE,0.6960368060790846
27-01-2026 09:35||NIFTY27JAN2624100PE,0.5962920398405691
27-01-2026 09:35||NIFTY27JAN2624500PE,0.4065708983192404
27-01-2026 09:35||NIFTY27JAN2624600PE,0.36346068103365115
27-01-2026 09:35||NIFTY27JAN2624900PE,0.25181647049733147
27-01-2026 09:35||NIFTY27JAN2625200CE,0.44888672201279833
27-01-2026 09:35||NIFTY27JAN2625500CE,0.43314647641856063
27-01-2026 09:35||NIFTY27JAN2625700CE,0.49440021155912905
27-01-2026 09:35||NIFTY27JAN2625800CE,0.534706557318531
27-01-2026 09:35||NIFTY27JAN2626100CE,0.6717110060520102
27-01-2026 09:35||NIFTY27JAN2626200CE,0.7211006749932719
27-01-2026 09:35||NIFTY27JAN2626500CE,0.8541480540884148
27-01-2026 09:40||NIFTY27JAN2623800PE,0.8499952729636835
27-01-2026 09:40||NIFTY27JAN2623900PE,0.7821158536607918
27-01-2026 09:40||NIFTY27JAN2624000PE,0.7188638742713142
27-01-2026 09:40||NIFTY27JAN2624100PE,0.6596620952363356
27-01-2026 09:40||NIFTY27JAN2624200PE,0.603733446845076
27-01-2026 09:40||NIFTY27JAN2625200CE,0.4130836553163342
27-01-2026 09:40||NIFTY27JAN2625300CE,0.3946022107166283
27-01-2026 09:40||NIFTY27JAN2625500CE,0.39998897730236543
27-01-2026 09:40||NIFTY27JAN2625700CE,0.45121258164006905
27-01-2026 09:40||NIFTY27JAN2626400CE,0.7760274161081822
27-01-2026 09:45||NIFTY27JAN2623800PE,0.8208069417038782
27-01-2026 09:45||NIFTY27JAN2624000PE,0.7235235907678526
27-01-2026 09:45||NIFTY27JAN2624100PE,0.674954113391598
27-01-2026 09:45||NIFTY27JAN2624200PE,0.626562858629812
27-01-2026 09:45||NIFTY27JAN2624300PE,0.5778246937635244
27-01-2026 09:45||NIFTY27JAN2624500PE,0.4826823416791177
27-01-2026 09:45||NIFTY27JAN2625000PE,0.3223799564005111
27-01-2026 09:45||NIFTY27JAN2625400CE,0.3636883518472148
27-01-2026 09:45||NIFTY27JAN2625500CE,0.37600891448616813
27-01-2026 09:45||NIFTY27JAN2625600CE,0.39126179946349704
27-01-2026 09:45||NIFTY27JAN2626000CE,0.5438881082559807
27-01-2026 09:45||NIFTY27JAN2626100CE,0.5936993902591766
27-01-2026 09:45||NIFTY27JAN2626200CE,0.6435122437293317
27-01-2026 09:45||NIFTY27JAN2626300CE,0.6930457738719846
27-01-2026 09:50||NIFTY27JAN2623800PE,0.8206794911951201
27-01-2026 09:50||NIFTY27JAN2624200PE,0.6285721923346392
27-01-2026 09:50||NIFTY27JAN2624400PE,0.5303429927500936
27-01-2026 09:50||NIFTY27JAN2624600PE,0.4525543284551382
27-01-2026 09:50||NIFTY27JAN2624700PE,0.42429843977830195
27-01-2026 09:50||NIFTY27JAN2624800PE,0.39644925874086046
27-01-2026 09:50||NIFTY27JAN2624900PE,0.36894917488365825
27-01-2026 09:50||NIFTY27JAN2625300CE,0.3314436577869413
27-01-2026 09:50||NIFTY27JAN2625500CE,0.3418680965678408
27-01-2026 09:50||NIFTY27JAN2625700CE,0.40628550399953023
27-01-2026 09:50||NIFTY27JAN2625800CE,0.4530443146773719
27-01-2026 09:50||NIFTY27JAN2626200CE,0.6433604102933768
27-01-2026 09:50||NIFTY27JAN2626300CE,0.6924128759122404
27-01-2026 09:50||NIFTY27JAN2626500CE,0.793284876012105
27-01-2026 09:55||NIFTY27JAN2624000PE,0.715434463610561
27-01-2026 09:55||NIFTY27JAN2624100PE,0.6707397839153387
27-01-2026 09:55||NIFTY27JAN2624400PE,0.5167017436687156
27-01-2026 09:55||NIFTY27JAN2624600PE,0.4362419398284937
27-01-2026 09:55||NIFTY27JAN2624700PE,0.41579511131107044
27-01-2026 09:55||NIFTY27JAN2624800PE,0.39246355155791784
27-01-2026 09:55||NIFTY27JAN2624900PE,0.37016480893965126
27-01-2026 09:55||NIFTY27JAN2625000PE,0.35168220356194435
27-01-2026 09:55||NIFTY27JAN2625200CE,0.3228890359527797
27-01-2026 09:55||NIFTY27JAN2625400CE,0.31917829400819864
27-01-2026 09:55||NIFTY27JAN2625700CE,0.40889675258106284
27-01-2026 09:55||NIFTY27JAN2625900CE,0.5075795701828056
27-01-2026 09:55||NIFTY27JAN2626000CE,0.559779063736803
27-01-2026 09:55||NIFTY27JAN2626100CE,0.6114785562998595
27-01-2026 09:55||NIFTY27JAN2626200CE,0.6626659525368697
27-01-2026 09:55||NIFTY27JAN2626400CE,0.7536481044604042
27-01-2026 10:00||NIFTY27JAN2623800PE,0.8415590095076122
27-01-2026 10:00||NIFTY27JAN2623900PE,0.787504183273192
27-01-2026 10:00||NIFTY27JAN2624000PE,0.7359043692871788
27-01-2026 10:00||NIFTY27JAN2624500PE,0.4817919730655746
27-01-2026 10:00||NIFTY27JAN2624800PE,0.37907647681735723
27-01-2026 10:00||NIFTY27JAN2625300CE,0.32572956622923765
27-01-2026 10:00||NIFTY27JAN2625400CE,0.32935047187326505
27-01-2026 10:00||NIFTY27JAN2625600CE,0.3636342068390148
27-01-2026 10:00||NIFTY27JAN2625800CE,0.45759428405585034
27-01-2026 10:00||NIFTY27JAN2626100CE,0.6097384596583635
27-01-2026 10:00||NIFTY27JAN2626200CE,0.6588870777407387
27-01-2026 10:00||NIFTY27JAN2626400CE,0.7550204428567441
27-01-2026 10:00||NIFTY27JAN2626500CE,0.8018598456941828
27-01-2026 10:05||NIFTY27JAN2623800PE,0.8342959870835802
27-01-2026 10:05||NIFTY27JAN2623900PE,0.7838768585128151
27-01-2026 10:05||NIFTY27JAN2624100PE,0.6835726057416013
27-01-2026 10:05||NIFTY27JAN2624400PE,0.5272896265623483
27-01-2026 10:05||NIFTY27JAN2625000PE,0.35473632604331007
27-01-2026 10:05||NIFTY27JAN2625200CE,0.27271557044600353
27-01-2026 10:05||NIFTY27JAN2625300CE,0.28201343888612856
27-01-2026 10:05||NIFTY27JAN2625500CE,0.3305000509104757
27-01-2026 10:05||NIFTY27JAN2626100CE,0.6238622126734927
27-01-2026 10:05||NIFTY27JAN2626400CE,0.7615331325891608
27-01-2026 10:10||NIFTY27JAN2623800PE,0.8234456952393674
27-01-2026 10:10||NIFTY27JAN2624100PE,0.6598586736723396
27-01-2026 10:10||NIFTY27JAN2624200PE,0.6071117518261067
27-01-2026 10:10||NIFTY27JAN2624800PE,0.3268318314868771
27-01-2026 10:10||NIFTY27JAN2624900PE,0.29111739902935063
27-01-2026 10:10||NIFTY27JAN2625000PE,0.2548524205920252
27-01-2026 10:10||NIFTY27JAN2625200CE,0.2624591994905562
27-01-2026 10:10||NIFTY27JAN2625300CE,0.29253563823673756
27-01-2026 10:10||NIFTY27JAN2625400CE,0.3253957195082919
27-01-2026 10:10||NIFTY27JAN2625600CE,0.40098017292873644
27-01-2026 10:10||NIFTY27JAN2625700CE,0.4428466065858514
27-01-2026 10:10||NIFTY27JAN2626200CE,0.682082890673084
27-01-2026 10:15||NIFTY27JAN2624100PE,0.6898233344358462
27-01-2026 10:15||NIFTY27JAN2624400PE,0.5314255963886155
27-01-2026 10:15||NIFTY27JAN2624600PE,0.4369534903512755
27-01-2026 10:15||NIFTY27JAN2624700PE,0.39373225386200517
27-01-2026 10:15||NIFTY27JAN2625100PE,0.24406333752615872
27-01-2026 10:15||NIFTY27JAN2625500CE,0.3774110634714335
27-01-2026 10:15||NIFTY27JAN2625700CE,0.427757691439755
27-01-2026 10:15||NIFTY27JAN2625800CE,0.47221681048917696
27-01-2026 10:15||NIFTY27JAN2625900CE,0.5210522890315632
27-01-2026 10:15||NIFTY27JAN2626300CE,0.7089668776050513
27-01-2026 10:20||NIFTY27JAN2623900PE,0.8261664531030346
27-01-2026 10:20||NIFTY27JAN2624400PE,0.5721707398481781
27-01-2026 10:20||NIFTY27JAN2624500PE,0.5276555749900709
27-01-2026 10:20||NIFTY27JAN2624600PE,0.493802848954768
27-01-2026 10:20||NIFTY27JAN2624700PE,0.4540591322357338
27-01-2026 10:20||NIFTY27JAN2624800PE,0.41392152175268593
27-01-2026 10:20||NIFTY27JAN2624900PE,0.375191298820232
27-01-2026 10:20||NIFTY27JAN2625000PE,0.3381239090826878
27-01-2026 10:20||NIFTY27JAN2625300CE,0.32973225741549017
27-01-2026 10:20||NIFTY27JAN2625400CE,0.3350698292518849
27-01-2026 10:20||NIFTY27JAN2625500CE,0.3409224725867076
27-01-2026 10:20||NIFTY27JAN2625800CE,0.4418332101621966
27-01-2026 10:20||NIFTY27JAN2626300CE,0.7008272109595238
27-01-2026 10:25||NIFTY27JAN2623900PE,0.8236713613307525
27-01-2026 10:25||NIFTY27JAN2624300PE,0.6175741832287229
27-01-2026 10:25||NIFTY27JAN2624500PE,0.5163879949408596
27-01-2026 10:25||NIFTY27JAN2624600PE,0.4715097422823984
27-01-2026 10:25||NIFTY27JAN2624800PE,0.41366342041948767
27-01-2026 10:25||NIFTY27JAN2624900PE,0.39614259225862647
27-01-2026 10:25||NIFTY27JAN2625200CE,0.2368998128425941
27-01-2026 10:25||NIFTY27JAN2625600CE,0.3492638364542645
27-01-2026 10:25||NIFTY27JAN2625900CE,0.5019572272979105
27-01-2026 10:25||NIFTY27JAN2626000CE,0.5544347754724566
27-01-2026 10:25||NIFTY27JAN2626200CE,0.6583456422800771
27-01-2026 10:25||NIFTY27JAN2626300CE,0.7106877937757011
27-01-2026 10:25||NIFTY27JAN2626400CE,0.7630226204029524
27-01-2026 10:25||NIFTY27JAN2626500CE,0.8153025725230023
27-01-2026 10:30||NIFTY27JAN2624000PE,0.7480925880317713
27-01-2026 10:30||NIFTY27JAN2624100PE,0.6970224907710985
27-01-2026 10:30||NIFTY27JAN2624300PE,0.5935240685434733
27-01-2026 10:30||NIFTY27JAN2624500PE,0.4905868653955636
27-01-2026 10:30||NIFTY27JAN2624800PE,0.36822537310881853
27-01-2026 10:30||NIFTY27JAN2625000PE,0.30895864825140773
27-01-2026 10:30||NIFTY27JAN2625300CE,0.33085706907741264
27-01-2026 10:30||NIFTY27JAN2625400CE,0.3376571101448731
27-01-2026 10:30||NIFTY27JAN2625600CE,0.3799198985557115
27-01-2026 10:30||NIFTY27JAN2625800CE,0.4790739379331409
27-01-2026 10:30||NIFTY27JAN2625900CE,0.5326116554552625
27-01-2026 10:30||NIFTY27JAN2626200CE,0.6915951070076651
27-01-2026 10:30||NIFTY27JAN2626300CE,0.7436199328676556
27-01-2026 10:35||NIFTY27JAN2623800PE,0.8512209148532703
27-01-2026 10:35||NIFTY27JAN2624000PE,0.7584145833661338
27-01-2026 10:35||NIFTY27JAN2624300PE,0.5977159058353383
27-01-2026 10:35||NIFTY27JAN2624400PE,0.5449825363134804
27-01-2026 10:35||NIFTY27JAN2624700PE,0.4128339397698845
27-01-2026 10:35||NIFTY27JAN2624800PE,0.38187650546217633
27-01-2026 10:35||NIFTY27JAN2625000PE,0.3395449063782411
27-01-2026 10:35||NIFTY27JAN2625100PE,0.33231376693390585
27-01-2026 10:35||NIFTY27JAN2625200CE,0.2615311541352706
27-01-2026 10:35||NIFTY27JAN2625300CE,0.2804088242292843
27-01-2026 10:35||NIFTY27JAN2625500CE,0.34247935296192444
27-01-2026 10:35||NIFTY27JAN2625700CE,0.43354078803040275
27-01-2026 10:35||NIFTY27JAN2626000CE,0.5928127602379503
27-01-2026 10:40||NIFTY27JAN2623900PE,0.7752037560006975
27-01-2026 10:40||NIFTY27JAN2624000PE,0.7243351782287477
27-01-2026 10:40||NIFTY27JAN2624100PE,0.6734378859275489
27-01-2026 10:40||NIFTY27JAN2624300PE,0.5712783116198159
27-01-2026 10:40||NIFTY27JAN2624400PE,0.5205236731594491
27-01-2026 10:40||NIFTY27JAN2624700PE,0.4286101236074382
27-01-2026 10:40||NIFTY27JAN2625200CE,0.25078494060490086
27-01-2026 10:40||NIFTY27JAN2625600CE,0.4015117989964724
27-01-2026 10:40||NIFTY27JAN2625700CE,0.45774338597081876
27-01-2026 10:40||NIFTY27JAN2625800CE,0.5154214264814316
27-01-2026 10:40||NIFTY27JAN2626100CE,0.675609638766739
27-01-2026 10:40||NIFTY27JAN2626200CE,0.7256503011970898
27-01-2026 10:40||NIFTY27JAN2626300CE,0.7752585788893389
27-01-2026 10:45||NIFTY27JAN2623900PE,0.7584706547188533
27-01-2026 10:45||NIFTY27JAN2624000PE,0.7040853885150505
27-01-2026 10:45||NIFTY27JAN2624400PE,0.4803567164254899
27-01-2026 10:45||NIFTY27JAN2624700PE,0.3567914680248797
27-01-2026 10:45||NIFTY27JAN2624900PE,0.314300186131255
27-01-2026 10:45||NIFTY27JAN2625300CE,0.3438457919556476
27-01-2026 10:45||NIFTY27JAN2625500CE,0.3991333559122227
27-01-2026 10:45||NIFTY27JAN2625700CE,0.5001211723669079
27-01-2026 10:45||NIFTY27JAN2625800CE,0.5564988357549453
27-01-2026 10:45||NIFTY27JAN2626200CE,0.7747194541992752
27-01-2026 10:45||NIFTY27JAN2626400CE,0.8675450485558068
27-01-2026 10:50||NIFTY27JAN2623900PE,0.7700513120653532
27-01-2026 10:50||NIFTY27JAN2624000PE,0.7108398970130698
27-01-2026 10:50||NIFTY27JAN2624300PE,0.5376358504823965
27-01-2026 10:50||NIFTY27JAN2624400PE,0.4840919399805102
27-01-2026 10:50||NIFTY27JAN2624600PE,0.39713560139291704
27-01-2026 10:50||NIFTY27JAN2624800PE,0.3779795350332258
27-01-2026 10:50||NIFTY27JAN2624900PE,0.38331788553857465
27-01-2026 10:50||NIFTY27JAN2625000PE,0.39279949923055224
27-01-2026 10:50||NIFTY27JAN2625200CE,0.2978193526979355
27-01-2026 10:50||NIFTY27JAN2625400CE,0.37135722342469524
27-01-2026 10:50||NIFTY27JAN2625700CE,0.5259740010723573
27-01-2026 10:50||NIFTY27JAN2625900CE,0.6380360630583359
27-01-2026 10:50||NIFTY27JAN2626000CE,0.6928094363543643
27-01-2026 10:50||NIFTY27JAN2626400CE,0.8984439627243783
27-01-2026 10:55||NIFTY27JAN2623900PE,0.7553133327632422
27-01-2026 10:55||NIFTY27JAN2624400PE,0.474938495316908
27-01-2026 10:55||NIFTY27JAN2624500PE,0.42441927440770966
27-01-2026 10:55||NIFTY27JAN2624900PE,0.3671747995952162
27-01-2026 10:55||NIFTY27JAN2625000PE,0.39488412659470645
27-01-2026 10:55||NIFTY27JAN2625100PE,0.43830502761275786
27-01-2026 10:55||NIFTY27JAN2625300CE,0.36675092277174415
27-01-2026 10:55||NIFTY27JAN2625400CE,0.40831042112955596
27-01-2026 10:55||NIFTY27JAN2625500CE,0.4514256158450417
27-01-2026 10:55||NIFTY27JAN2625600CE,0.4949277936515703
27-01-2026 10:55||NIFTY27JAN2625800CE,0.59328570051217
27-01-2026 10:55||NIFTY27JAN2626100CE,0.7600492195957568
27-01-2026 10:55||NIFTY27JAN2626300CE,0.8685764872061683
27-01-2026 10:55||NIFTY27JAN2626400CE,0.9222088354204643
27-01-2026 11:00||NIFTY27JAN2623800PE,0.8386361108158129
27-01-2026 11:00||NIFTY27JAN2623900PE,0.7709987553592887
27-01-2026 11:00||NIFTY27JAN2624300PE,0.5188631797475005
27-01-2026 11:00||NIFTY27JAN2624400PE,0.46159348642964915
27-01-2026 11:00||NIFTY27JAN2624800PE,0.3086302890990388
27-01-2026 11:00||NIFTY27JAN2625100PE,0.24588697003626397
27-01-2026 11:00||NIFTY27JAN2625200CE,0.25257823666527435
27-01-2026 11:00||NIFTY27JAN2625300CE,0.31320647830190484
27-01-2026 11:00||NIFTY27JAN2625400CE,0.3735476440356876
27-01-2026 11:00||NIFTY27JAN2625500CE,0.4335831475333316
27-01-2026 11:00||NIFTY27JAN2626000CE,0.7264054069955581
27-01-2026 11:00||NIFTY27JAN2626300CE,0.8879210070613142
27-01-2026 11:00||NIFTY27JAN2626500CE,0.9912985074982477
27-01-2026 11:05||NIFTY27JAN2623800PE,0.8644695059972097
27-01-2026 11:05||NIFTY27JAN2623900PE,0.794944901008266
27-01-2026 11:05||NIFTY27JAN2624100PE,0.6632195072763438
27-01-2026 11:05||NIFTY27JAN2624200PE,0.6004091921281242
27-01-2026 11:05||NIFTY27JAN2624900PE,0.3186082804256852
27-01-2026 11:05||NIFTY27JAN2625300CE,0.38056151619736955
27-01-2026 11:05||NIFTY27JAN2625400CE,0.40920452887724457
27-01-2026 11:05||NIFTY27JAN2625700CE,0.5472010850337341
27-01-2026 11:05||NIFTY27JAN2626100CE,0.7759317812936275
27-01-2026 11:05||NIFTY27JAN2626400CE,0.941581813997253
27-01-2026 11:05||NIFTY27JAN2626500CE,0.9937700479054264
27-01-2026 11:10||NIFTY27JAN2624100PE,0.6776381720154045
27-01-2026 11:10||NIFTY27JAN2624200PE,0.6151241817314348
27-01-2026 11:10||NIFTY27JAN2624400PE,0.4909605015703734
27-01-2026 11:10||NIFTY27JAN2624900PE,0.3112251902614423
27-01-2026 11:10||NIFTY27JAN2625200CE,0.280547860690856
27-01-2026 11:10||NIFTY27JAN2625300CE,0.33320698817910355
27-01-2026 11:10||NIFTY27JAN2625500CE,0.4385332757399983
27-01-2026 11:10||NIFTY27JAN2625700CE,0.5461758524901601
27-01-2026 11:10||NIFTY27JAN2625800CE,0.6039453707060217
27-01-2026 11:10||NIFTY27JAN2626200CE,0.8374716066020426
27-01-2026 11:10||NIFTY27JAN2626300CE,0.893102368665077
27-01-2026 11:10||NIFTY27JAN2626500CE,1.0019931479968414
27-01-2026 11:15||NIFTY27JAN2623800PE,0.8816642521167721
27-01-2026 11:15||NIFTY27JAN2623900PE,0.8137056912895677
27-01-2026 11:15||NIFTY27JAN2624300PE,0.5497738711034277
27-01-2026 11:15||NIFTY27JAN2624600PE,0.3887221638317284
27-01-2026 11:15||NIFTY27JAN2624700PE,0.34850706538029463
27-01-2026 11:15||NIFTY27JAN2624900PE,0.28962634105917745
27-01-2026 11:15||NIFTY27JAN2625000PE,0.2743407486082771
27-01-2026 11:15||NIFTY27JAN2625100PE,0.2675431046326767
27-01-2026 11:15||NIFTY27JAN2625300CE,0.37322836330820597
27-01-2026 11:15||NIFTY27JAN2625600CE,0.48387145653767427
27-01-2026 11:15||NIFTY27JAN2625800CE,0.5945266320105549
27-01-2026 11:15||NIFTY27JAN2626400CE,0.9337296024238866
27-01-2026 11:20||NIFTY27JAN2623900PE,0.8069704513319031
27-01-2026 11:20||NIFTY27JAN2624100PE,0.6903890148109308
27-01-2026 11:20||NIFTY27JAN2624200PE,0.6275003415034304
27-01-2026 11:20||NIFTY27JAN2624500PE,0.4619775154560616
27-01-2026 11:20||NIFTY27JAN2624600PE,0.4133599815406591
27-01-2026 11:20||NIFTY27JAN2624800PE,0.3514605834562069
27-01-2026 11:20||NIFTY27JAN2625300CE,0.3509145080883057
27-01-2026 11:20||NIFTY27JAN2625400CE,0.386254636841048
27-01-2026 11:20||NIFTY27JAN2625500CE,0.42512670529766927
27-01-2026 11:20||NIFTY27JAN2625900CE,0.6421523524641591
27-01-2026 11:20||NIFTY27JAN2626000CE,0.6991684645963485
27-01-2026 11:20||NIFTY27JAN2626100CE,0.755661406289004
27-01-2026 11:20||NIFTY27JAN2626300CE,0.8702276526147936
27-01-2026 11:25||NIFTY27JAN2623800PE,0.8722369308010148
27-01-2026 11:25||NIFTY27JAN2623900PE,0.8134061027769952
27-01-2026 11:25||NIFTY27JAN2624000PE,0.7545274945789932
27-01-2026 11:25||NIFTY27JAN2624200PE,0.6369901187019026
27-01-2026 11:25||NIFTY27JAN2624400PE,0.5162242860554405
27-01-2026 11:25||NIFTY27JAN2624500PE,0.45456087564603687
27-01-2026 11:25||NIFTY27JAN2624800PE,0.3179297485236843
27-01-2026 11:25||NIFTY27JAN2624900PE,0.2897217100860374
27-01-2026 11:25||NIFTY27JAN2625300CE,0.3765952350586377
27-01-2026 11:25||NIFTY27JAN2625600CE,0.4799916939355542
27-01-2026 11:25||NIFTY27JAN2626100CE,0.7562766318520988
27-01-2026 11:25||NIFTY27JAN2626300CE,0.8782676006832065
27-01-2026 11:25||NIFTY27JAN2626500CE,0.9895954349509112
27-01-2026 11:30||NIFTY27JAN2623800PE,0.8947204316611441
27-01-2026 11:30||NIFTY27JAN2624000PE,0.7857524355096273
27-01-2026 11:30||NIFTY27JAN2624200PE,0.6706747836830049
27-01-2026 11:30||NIFTY27JAN2624800PE,0.34806728759998784
27-01-2026 11:30||NIFTY27JAN2624900PE,0.32350798384547563
27-01-2026 11:30||NIFTY27JAN2625000PE,0.31310863452596244
27-01-2026 11:30||NIFTY27JAN2625100PE,0.31913999914311925
27-01-2026 11:30||NIFTY27JAN2625300CE,0.322140553658135
27-01-2026 11:30||NIFTY27JAN2625600CE,0.44541156706754614
27-01-2026 11:30||NIFTY27JAN2625700CE,0.5013900168197402
27-01-2026 11:30||NIFTY27JAN2625800CE,0.5573549833152613
27-01-2026 11:30||NIFTY27JAN2625900CE,0.6141300576253534
27-01-2026 11:30||NIFTY27JAN2626200CE,0.7897755711633326
27-01-2026 11:30||NIFTY27JAN2626300CE,0.8459321672717646
27-01-2026 11:30||NIFTY27JAN2626400CE,0.9007169326323301
27-01-2026 11:35||NIFTY27JAN2624000PE,0.7871057596512981
27-01-2026 11:35||NIFTY27JAN2624300PE,0.613037635566759
27-01-2026 11:35||NIFTY27JAN2624400PE,0.5495734116991984
27-01-2026 11:35||NIFTY27JAN2624600PE,0.4354687382579573
27-01-2026 11:35||NIFTY27JAN2624700PE,0.3850643728962542
27-01-2026 11:35||NIFTY27JAN2624900PE,0.3099318592869107
27-01-2026 11:35||NIFTY27JAN2625200CE,0.28530165069593033
27-01-2026 11:35||NIFTY27JAN2625300CE,0.31480431586916685
27-01-2026 11:35||NIFTY27JAN2625400CE,0.350961093363705
27-01-2026 11:35||NIFTY27JAN2625800CE,0.5515409593414632
27-01-2026 11:40||NIFTY27JAN2623800PE,0.9275812611389525
27-01-2026 11:40||NIFTY27JAN2624000PE,0.8085041095434172
27-01-2026 11:40||NIFTY27JAN2624200PE,0.68675540216783
27-01-2026 11:40||NIFTY27JAN2625400CE,0.46142089507933604
27-01-2026 11:40||NIFTY27JAN2625500CE,0.46240105603302606
27-01-2026 11:40||NIFTY27JAN2625900CE,0.601736428495974
27-01-2026 11:40||NIFTY27JAN2626000CE,0.6550098017490785
27-01-2026 11:40||NIFTY27JAN2626300CE,0.814060977864569
27-01-2026 11:45||NIFTY27JAN2623800PE,0.9701681673665323
27-01-2026 11:45||NIFTY27JAN2623900PE,0.9129918849065571
27-01-2026 11:45||NIFTY27JAN2624300PE,0.6713589767802033
27-01-2026 11:45||NIFTY27JAN2624400PE,0.6106399209307003
27-01-2026 11:45||NIFTY27JAN2624500PE,0.5510056385337805
27-01-2026 11:45||NIFTY27JAN2625400CE,0.3117956025429491
27-01-2026 11:45||NIFTY27JAN2625500CE,0.3448873224421356
27-01-2026 11:45||NIFTY27JAN2626100CE,0.6663754396356074
27-01-2026 11:45||NIFTY27JAN2626200CE,0.7249860632466092
27-01-2026 11:45||NIFTY27JAN2626400CE,0.8253421655219941
27-01-2026 11:50||NIFTY27JAN2623900PE,0.8796136175885672
27-01-2026 11:50||NIFTY27JAN2624100PE,0.7552320249705302
27-01-2026 11:50||NIFTY27JAN2624200PE,0.6932697988718153
27-01-2026 11:50||NIFTY27JAN2624500PE,0.518535565141464
27-01-2026 11:50||NIFTY27JAN2624600PE,0.4709142375016575
27-01-2026 11:50||NIFTY27JAN2624700PE,0.4285898305018498
27-01-2026 11:50||NIFTY27JAN2624900PE,0.37493310312022887
27-01-2026 11:50||NIFTY27JAN2625100PE,0.36573426965715766
27-01-2026 11:50||NIFTY27JAN2625400CE,0.3537783486632759
27-01-2026 11:50||NIFTY27JAN2625500CE,0.39758900261330593
27-01-2026 11:50||NIFTY27JAN2625600CE,0.44508375246902177
27-01-2026 11:50||NIFTY27JAN2625700CE,0.49497801958918974
27-01-2026 11:50||NIFTY27JAN2625800CE,0.5431439476071879
27-01-2026 11:50||NIFTY27JAN2626000CE,0.6450851354336922
27-01-2026 11:55||NIFTY27JAN2623900PE,0.8896752593979977
27-01-2026 11:55||NIFTY27JAN2624000PE,0.8254792511619335
27-01-2026 11:55||NIFTY27JAN2624300PE,0.6257921060247498
27-01-2026 11:55||NIFTY27JAN2624400PE,0.5605718289278352
27-01-2026 11:55||NIFTY27JAN2624500PE,0.497563575881515
27-01-2026 11:55||NIFTY27JAN2624800PE,0.3594586754408394
27-01-2026 11:55||NIFTY27JAN2625000PE,0.3140493008280203
27-01-2026 11:55||NIFTY27JAN2625100PE,0.3055740432826143
27-01-2026 11:55||NIFTY27JAN2625200CE,0.3767643507422425
27-01-2026 11:55||NIFTY27JAN2625400CE,0.38867593451909815
27-01-2026 11:55||NIFTY27JAN2625700CE,0.5000492998683627
27-01-2026 11:55||NIFTY27JAN2626000CE,0.6622286859233562
27-01-2026 11:55||NIFTY27JAN2626200CE,0.7814238695934703
27-01-2026 11:55||NIFTY27JAN2626300CE,0.8454570850620328
27-01-2026 11:55||NIFTY27JAN2626500CE,0.9835400283864053
27-01-2026 12:00||NIFTY27JAN2623800PE,0.9316929170866186
27-01-2026 12:00||NIFTY27JAN2624200PE,0.704731263747485
27-01-2026 12:00||NIFTY27JAN2624300PE,0.6363465164655678
27-01-2026 12:00||NIFTY27JAN2624500PE,0.5222838764473718
27-01-2026 12:00||NIFTY27JAN2624600PE,0.4747885357275996
27-01-2026 12:00||NIFTY27JAN2624700PE,0.4287316455503335
27-01-2026 12:00||NIFTY27JAN2624800PE,0.38522791442345616
27-01-2026 12:00||NIFTY27JAN2625100PE,0.2948464271570168
27-01-2026 12:00||NIFTY27JAN2625200CE,0.3780524328971424
27-01-2026 12:00||NIFTY27JAN2625400CE,0.39390348720284224
27-01-2026 12:00||NIFTY27JAN2625500CE,0.4193538260857719
27-01-2026 12:00||NIFTY27JAN2626000CE,0.6611680382779324
27-01-2026 12:00||NIFTY27JAN2626100CE,0.7195261082426845
27-01-2026 12:00||NIFTY27JAN2626400CE,0.8755151341799736
27-01-2026 12:00||NIFTY27JAN2626500CE,0.9195525774012788
27-01-2026 12:05||NIFTY27JAN2623800PE,0.9631010854377979
27-01-2026 12:05||NIFTY27JAN2624200PE,0.723746827119077
27-01-2026 12:05||NIFTY27JAN2624300PE,0.6592908753925217
27-01-2026 12:05||NIFTY27JAN2624500PE,0.535778549931301
27-01-2026 12:05||NIFTY27JAN2624700PE,0.4370648017335968
27-01-2026 12:05||NIFTY27JAN2625100PE,0.3408657510120022
27-01-2026 12:05||NIFTY27JAN2625600CE,0.43347624880273744
27-01-2026 12:05||NIFTY27JAN2625700CE,0.4866511414592944
27-01-2026 12:05||NIFTY27JAN2625900CE,0.5962324555640537
27-01-2026 12:05||NIFTY27JAN2626100CE,0.7100472252415972
27-01-2026 12:05||NIFTY27JAN2626200CE,0.7671678330297373
27-01-2026 12:05||NIFTY27JAN2626300CE,0.8242006094230303
27-01-2026 12:05||NIFTY27JAN2626400CE,0.8811849286956728
27-01-2026 12:05||NIFTY27JAN2626500CE,0.9381343694182791
27-01-2026 12:10||NIFTY27JAN2624100PE,0.7928497189688252
27-01-2026 12:10||NIFTY27JAN2624300PE,0.6743900669466094
27-01-2026 12:10||NIFTY27JAN2624400PE,0.6091994803603556
27-01-2026 12:10||NIFTY27JAN2624500PE,0.5440331543072606
27-01-2026 12:10||NIFTY27JAN2624800PE,0.39808907970702456
27-01-2026 12:10||NIFTY27JAN2624900PE,0.3660373869085426
27-01-2026 12:10||NIFTY27JAN2625200CE,0.34309448779434876
27-01-2026 12:10||NIFTY27JAN2625300CE,0.3467507003304438
27-01-2026 12:10||NIFTY27JAN2625700CE,0.4936405013986935
27-01-2026 12:10||NIFTY27JAN2626100CE,0.7250502280361624
27-01-2026 12:10||NIFTY27JAN2626300CE,0.8433454415651371
27-01-2026 12:10||NIFTY27JAN2626400CE,0.9018038454692231
27-01-2026 12:15||NIFTY27JAN2623900PE,0.9449631992829082
27-01-2026 12:15||NIFTY27JAN2624000PE,0.8794606226437024
27-01-2026 12:15||NIFTY27JAN2624400PE,0.617012723931841
27-01-2026 12:15||NIFTY27JAN2624500PE,0.5580797194429198
27-01-2026 12:15||NIFTY27JAN2624600PE,0.5030053872150053
27-01-2026 12:15||NIFTY27JAN2624900PE,0.40278189815707227
27-01-2026 12:15||NIFTY27JAN2625600CE,0.44216700306919154
27-01-2026 12:15||NIFTY27JAN2625900CE,0.6181180825097223
27-01-2026 12:15||NIFTY27JAN2626000CE,0.6740359303172616
27-01-2026 12:15||NIFTY27JAN2626200CE,0.7900155754412633
27-01-2026 12:15||NIFTY27JAN2626300CE,0.8500026950651258
27-01-2026 12:15||NIFTY27JAN2626400CE,0.9107030559972948
27-01-2026 12:20||NIFTY27JAN2624000PE,0.8703176532119272
27-01-2026 12:20||NIFTY27JAN2624100PE,0.8074530784487179
27-01-2026 12:20||NIFTY27JAN2624200PE,0.7454443784549487
27-01-2026 12:20||NIFTY27JAN2625000PE,0.29412527232817115
27-01-2026 12:20||NIFTY27JAN2625300CE,0.38514065868565045
27-01-2026 12:20||NIFTY27JAN2625500CE,0.42184749599433047
27-01-2026 12:20||NIFTY27JAN2625600CE,0.46796353269169444
27-01-2026 12:20||NIFTY27JAN2625800CE,0.5717016959741583
27-01-2026 12:20||NIFTY27JAN2626000CE,0.682080248282579
27-01-2026 12:20||NIFTY27JAN2626300CE,0.8727881397877851
27-01-2026 12:20||NIFTY27JAN2626400CE,0.9339836674066821
27-01-2026 12:25||NIFTY27JAN2624100PE,0.8373294648419475
27-01-2026 12:25||NIFTY27JAN2624700PE,0.4818231741017606
27-01-2026 12:25||NIFTY27JAN2624800PE,0.44651444124724904
27-01-2026 12:25||NIFTY27JAN2624900PE,0.4153964230229953
27-01-2026 12:25||NIFTY27JAN2625200CE,0.2676384571172031
27-01-2026 12:25||NIFTY27JAN2625400CE,0.333401746392997
27-01-2026 12:25||NIFTY27JAN2625900CE,0.6219773513680411
27-01-2026 12:25||NIFTY27JAN2626300CE,0.8815037545213015
27-01-2026 12:30||NIFTY27JAN2623900PE,0.9626578327775299
27-01-2026 12:30||NIFTY27JAN2624100PE,0.82735685698576
27-01-2026 12:30||NIFTY27JAN2624700PE,0.4491863520020466
27-01-2026 12:30||NIFTY27JAN2624900PE,0.36793889745224795
27-01-2026 12:30||NIFTY27JAN2625300CE,0.35330240445342087
27-01-2026 12:30||NIFTY27JAN2625600CE,0.46507947654514314
27-01-2026 12:30||NIFTY27JAN2625700CE,0.5301684372461537
27-01-2026 12:30||NIFTY27JAN2625800CE,0.5958950973598305
27-01-2026 12:30||NIFTY27JAN2626000CE,0.7119573619943955
27-01-2026 12:35||NIFTY27JAN2624100PE,0.8401066866674464
27-01-2026 12:35||NIFTY27JAN2624400PE,0.6450928530814468
27-01-2026 12:35||NIFTY27JAN2624800PE,0.42388299534544815
27-01-2026 12:35||NIFTY27JAN2624900PE,0.3916838909705903
27-01-2026 12:35||NIFTY27JAN2625100PE,0.3588911963540716
27-01-2026 12:35||NIFTY27JAN2625300CE,0.34413966103787874
27-01-2026 12:35||NIFTY27JAN2625600CE,0.4766095556755222
27-01-2026 12:35||NIFTY27JAN2625800CE,0.6030546883997348
27-01-2026 12:35||NIFTY27JAN2626100CE,0.7942084841961345
27-01-2026 12:40||NIFTY27JAN2623900PE,0.9748730216197523
27-01-2026 12:40||NIFTY27JAN2624100PE,0.839722513801052
27-01-2026 12:40||NIFTY27JAN2624200PE,0.7740331315930059
27-01-2026 12:40||NIFTY27JAN2624700PE,0.4221915919716806
27-01-2026 12:40||NIFTY27JAN2624800PE,0.35249315029349315
27-01-2026 12:40||NIFTY27JAN2624900PE,0.2830125979191909
27-01-2026 12:40||NIFTY27JAN2625000PE,0.21388110010460462
27-01-2026 12:40||NIFTY27JAN2625100PE,0.14521058399905673
27-01-2026 12:40||NIFTY27JAN2625200CE,0.2989296987323256
27-01-2026 12:40||NIFTY27JAN2625300CE,0.3393829782718424
27-01-2026 12:40||NIFTY27JAN2625500CE,0.43649719626648353
27-01-2026 12:40||NIFTY27JAN2625900CE,0.6826114972123418
27-01-2026 12:40||NIFTY27JAN2626000CE,0.7495573533321764
27-01-2026 12:40||NIFTY27JAN2626300CE,0.9362752992308012
27-01-2026 12:45||NIFTY27JAN2624000PE,0.9175846515454833
27-01-2026 12:45||NIFTY27JAN2624100PE,0.8520706307099081
27-01-2026 12:45||NIFTY27JAN2624300PE,0.7121852875466566
27-01-2026 12:45||NIFTY27JAN2624700PE,0.4664900292389964
27-01-2026 12:45||NIFTY27JAN2625200CE,0.293534636363681
27-01-2026 12:45||NIFTY27JAN2625700CE,0.5651907787278742
27-01-2026 12:45||NIFTY27JAN2625900CE,0.69811661617875
27-01-2026 12:45||NIFTY27JAN2626000CE,0.7638485834962163
27-01-2026 12:45||NIFTY27JAN2626200CE,0.8873544325681988
27-01-2026 12:45||NIFTY27JAN2626400CE,1.0040278182146207
27-01-2026 12:50||NIFTY27JAN2624200PE,0.7667746937715005
27-01-2026 12:50||NIFTY27JAN2624500PE,0.5548808319191498
27-01-2026 12:50||NIFTY27JAN2624600PE,0.4840152760184897
27-01-2026 12:50||NIFTY27JAN2625000PE,0.2794478435637592
27-01-2026 12:50||NIFTY27JAN2625100PE,0.2442411822497244
27-01-2026 12:50||NIFTY27JAN2625900CE,0.7264962518282693
27-01-2026 12:50||NIFTY27JAN2626200CE,0.9221741986567105
27-01-2026 12:50||NIFTY27JAN2626500CE,1.093922674278928
27-01-2026 12:55||NIFTY27JAN2623900PE,1.030974718409532
27-01-2026 12:55||NIFTY27JAN2624000PE,0.9577782659546266
27-01-2026 12:55||NIFTY27JAN2624300PE,0.7303569719852975
27-01-2026 12:55||NIFTY27JAN2624500PE,0.5850633251248933
27-01-2026 12:55||NIFTY27JAN2624900PE,0.3265959495733036
27-01-2026 12:55||NIFTY27JAN2625000PE,0.26695991791390394
27-01-2026 12:55||NIFTY27JAN2625100PE,0.20970680178193185
27-01-2026 12:55||NIFTY27JAN2625500CE,0.45110356196615214
27-01-2026 12:55||NIFTY27JAN2625600CE,0.5166486498972702
27-01-2026 12:55||NIFTY27JAN2625700CE,0.5832282433828666
27-01-2026 12:55||NIFTY27JAN2625800CE,0.6497097801683103
27-01-2026 12:55||NIFTY27JAN2626200CE,0.9146178770088496
27-01-2026 13:00||NIFTY27JAN2624000PE,0.9607791083067712
27-01-2026 13:00||NIFTY27JAN2624100PE,0.8884547333186078
27-01-2026 13:00||NIFTY27JAN2624200PE,0.8162430649682415
27-01-2026 13:00||NIFTY27JAN2624500PE,0.5894896213728174
27-01-2026 13:00||NIFTY27JAN2624900PE,0.3704793794864947
27-01-2026 13:00||NIFTY27JAN2625000PE,0.3427419994432362
27-01-2026 13:00||NIFTY27JAN2625100PE,0.3238811300666197
27-01-2026 13:00||NIFTY27JAN2625400CE,0.40135044746702747
27-01-2026 13:00||NIFTY27JAN2625600CE,0.521913758909553
27-01-2026 13:00||NIFTY27JAN2625800CE,0.6594960029301311
27-01-2026 13:00||NIFTY27JAN2625900CE,0.7284792662182129
27-01-2026 13:00||NIFTY27JAN2626000CE,0.7980223354384435
27-01-2026 13:00||NIFTY27JAN2626300CE,1.0087724330216072
27-01-2026 13:05||NIFTY27JAN2623800PE,1.1099611485222438
27-01-2026 13:05||NIFTY27JAN2623900PE,1.0390078845730697
27-01-2026 13:05||NIFTY27JAN2624500PE,0.5860243144567417
27-01-2026 13:05||NIFTY27JAN2624800PE,0.3964163222846865
27-01-2026 13:05||NIFTY27JAN2625000PE,0.3002221130258095
27-01-2026 13:05||NIFTY27JAN2625200CE,0.3145322158025919
27-01-2026 13:05||NIFTY27JAN2625500CE,0.48836631755323734
27-01-2026 13:05||NIFTY27JAN2625600CE,0.5522976262511974
27-01-2026 13:05||NIFTY27JAN2625700CE,0.6200057685965996
27-01-2026 13:05||NIFTY27JAN2625800CE,0.6889719285259891
27-01-2026 13:05||NIFTY27JAN2625900CE,0.7566895888098573
27-01-2026 13:05||NIFTY27JAN2626300CE,1.0063243049649662
27-01-2026 13:05||NIFTY27JAN2626400CE,1.0715320445707361
27-01-2026 13:10||NIFTY27JAN2624100PE,0.8974386416303735
27-01-2026 13:10||NIFTY27JAN2624200PE,0.8298957153229753
27-01-2026 13:10||NIFTY27JAN2624400PE,0.6906655259377263
27-01-2026 13:10||NIFTY27JAN2624500PE,0.6173909259001809
27-01-2026 13:10||NIFTY27JAN2624600PE,0.5444867469165988
27-01-2026 13:10||NIFTY27JAN2624700PE,0.47292143469888814
27-01-2026 13:10||NIFTY27JAN2624900PE,0.3534450003638518
27-01-2026 13:10||NIFTY27JAN2625000PE,0.3034410156691226
27-01-2026 13:10||NIFTY27JAN2625500CE,0.4894233616792706
27-01-2026 13:10||NIFTY27JAN2625800CE,0.6889961501598962
27-01-2026 13:10||NIFTY27JAN2625900CE,0.7580817555289032
27-01-2026 13:10||NIFTY27JAN2626500CE,1.1890551579590167
27-01-2026 13:15||NIFTY27JAN2624000PE,0.9934808776091912
27-01-2026 13:15||NIFTY27JAN2624100PE,0.912873547830298
27-01-2026 13:15||NIFTY27JAN2624300PE,0.7598435519064578
27-01-2026 13:15||NIFTY27JAN2624400PE,0.6895500409950992
27-01-2026 13:15||NIFTY27JAN2624500PE,0.6185686533801504
27-01-2026 13:15||NIFTY27JAN2624600PE,0.54794382353946
27-01-2026 13:15||NIFTY27JAN2624700PE,0.47618852296076947
27-01-2026 13:15||NIFTY27JAN2625000PE,0.31373625377944064
27-01-2026 13:15||NIFTY27JAN2625200CE,0.2800377807788324
27-01-2026 13:15||NIFTY27JAN2625300CE,0.349361622425603
27-01-2026 13:15||NIFTY27JAN2625400CE,0.4186662281903617
27-01-2026 13:15||NIFTY27JAN2625600CE,0.5607520577233099
27-01-2026 13:15||NIFTY27JAN2625700CE,0.6309409315758693
27-01-2026 13:15||NIFTY27JAN2626300CE,1.059623558842868
27-01-2026 13:20||NIFTY27JAN2624000PE,1.0001804878569784
27-01-2026 13:20||NIFTY27JAN2624100PE,0.925969430035757
27-01-2026 13:20||NIFTY27JAN2624200PE,0.852572109979908
27-01-2026 13:20||NIFTY27JAN2624600PE,0.5502729485485092
27-01-2026 13:20||NIFTY27JAN2624700PE,0.4809795579183702
27-01-2026 13:20||NIFTY27JAN2624800PE,0.41577621416607363
27-01-2026 13:20||NIFTY27JAN2624900PE,0.3556089738863708
27-01-2026 13:20||NIFTY27JAN2625100PE,0.236102764824665
27-01-2026 13:20||NIFTY27JAN2625700CE,0.6347101340025343
27-01-2026 13:20||NIFTY27JAN2625900CE,0.7860928934242167
27-01-2026 13:25||NIFTY27JAN2623800PE,1.1924389808351545
27-01-2026 13:25||NIFTY27JAN2624400PE,0.7310346015565027
27-01-2026 13:25||NIFTY27JAN2624800PE,0.4075923714760369
27-01-2026 13:25||NIFTY27JAN2625000PE,0.26368901347945684
27-01-2026 13:25||NIFTY27JAN2625100PE,0.19183273916239257
27-01-2026 13:25||NIFTY27JAN2625300CE,0.46557690627641724
27-01-2026 13:25||NIFTY27JAN2625500CE,0.514981962111075
27-01-2026 13:25||NIFTY27JAN2625700CE,0.6390071036923488
27-01-2026 13:25||NIFTY27JAN2625900CE,0.7897514130047287
27-01-2026 13:25||NIFTY27JAN2626000CE,0.8656449441208584
27-01-2026 13:25||NIFTY27JAN2626400CE,1.1517814931692567
27-01-2026 13:30||NIFTY27JAN2623900PE,1.1577279599817643
27-01-2026 13:30||NIFTY27JAN2624100PE,1.0072749696270735
27-01-2026 13:30||NIFTY27JAN2624300PE,0.8439209845197526
27-01-2026 13:30||NIFTY27JAN2624500PE,0.6744111406306745
27-01-2026 13:30||NIFTY27JAN2625100PE,0.3262916536125011
27-01-2026 13:30||NIFTY27JAN2625200CE,0.30603201448651135
27-01-2026 13:30||NIFTY27JAN2625300CE,0.3560833136466003
27-01-2026 13:30||NIFTY27JAN2625400CE,0.41653475782135024
27-01-2026 13:30||NIFTY27JAN2625800CE,0.7156538862102353
27-01-2026 13:30||NIFTY27JAN2626000CE,0.8714839339237697
27-01-2026 13:30||NIFTY27JAN2626300CE,1.0969538823457317
27-01-2026 13:35||NIFTY27JAN2623900PE,1.1575972528330412
27-01-2026 13:35||NIFTY27JAN2624200PE,0.9202703068123312
27-01-2026 13:35||NIFTY27JAN2624300PE,0.8370931614198525
27-01-2026 13:35||NIFTY27JAN2624400PE,0.7591609083428594
27-01-2026 13:35||NIFTY27JAN2624600PE,0.6413860571913718
27-01-2026 13:35||NIFTY27JAN2624700PE,0.5960235356985446
27-01-2026 13:35||NIFTY27JAN2624800PE,0.5578468634703545
27-01-2026 13:35||NIFTY27JAN2625300CE,0.3508551513133724
27-01-2026 13:35||NIFTY27JAN2625600CE,0.5824159126877462
27-01-2026 13:35||NIFTY27JAN2625700CE,0.667700931799371
27-01-2026 13:35||NIFTY27JAN2626000CE,0.8952426681998873
27-01-2026 13:35||NIFTY27JAN2626100CE,0.9702931150430532
27-01-2026 13:35||NIFTY27JAN2626200CE,1.046557854422474
27-01-2026 13:35||NIFTY27JAN2626300CE,1.124303962474968
27-01-2026 13:35||NIFTY27JAN2626400CE,1.2037120117370674
27-01-2026 13:40||NIFTY27JAN2623800PE,1.1687739160968285
27-01-2026 13:40||NIFTY27JAN2623900PE,1.1208829004234706
27-01-2026 13:40||NIFTY27JAN2624200PE,0.9123549767755701
27-01-2026 13:40||NIFTY27JAN2624700PE,0.4997606399728287
27-01-2026 13:40||NIFTY27JAN2624800PE,0.44101592527008426
27-01-2026 13:40||NIFTY27JAN2625000PE,0.3581938079936472
27-01-2026 13:40||NIFTY27JAN2625100PE,0.337949082196381
27-01-2026 13:40||NIFTY27JAN2625500CE,0.577540146608571
27-01-2026 13:40||NIFTY27JAN2626000CE,0.9811555607814685
27-01-2026 13:40||NIFTY27JAN2626200CE,1.1419093530006281
27-01-2026 13:40||NIFTY27JAN2626300CE,1.223916633754064
27-01-2026 13:40||NIFTY27JAN2626400CE,1.3073658747159045
27-01-2026 13:40||NIFTY27JAN2626500CE,1.3922938014019064
27-01-2026 13:45||NIFTY27JAN2623800PE,1.2558504290360903
27-01-2026 13:45||NIFTY27JAN2623900PE,1.1700091291267598
27-01-2026 13:45||NIFTY27JAN2624100PE,0.999079847215816
27-01-2026 13:45||NIFTY27JAN2624300PE,0.8256433780126717
27-01-2026 13:45||NIFTY27JAN2624400PE,0.7364275458513148
27-01-2026 13:45||NIFTY27JAN2624600PE,0.5663100627642471
27-01-2026 13:45||NIFTY27JAN2624700PE,0.48547098475388917
27-01-2026 13:45||NIFTY27JAN2625300CE,0.4657414364828397
27-01-2026 13:45||NIFTY27JAN2625600CE,0.674141984890684
27-01-2026 13:45||NIFTY27JAN2625700CE,0.7502517694466044
27-01-2026 13:45||NIFTY27JAN2625800CE,0.8270307518693646
27-01-2026 13:45||NIFTY27JAN2625900CE,0.9045769319659613
27-01-2026 13:45||NIFTY27JAN2626000CE,0.9830419328601459
27-01-2026 13:45||NIFTY27JAN2626300CE,1.2166935136097572
27-01-2026 13:45||NIFTY27JAN2626400CE,1.2839163661655442
27-01-2026 13:50||NIFTY27JAN2623900PE,1.2326973491532909
27-01-2026 13:50||NIFTY27JAN2624100PE,1.0622364988901536
27-01-2026 13:50||NIFTY27JAN2624200PE,0.9741703685062926
27-01-2026 13:50||NIFTY27JAN2624500PE,0.6816886761089621
27-01-2026 13:50||NIFTY27JAN2624700PE,0.5326192485142778
27-01-2026 13:50||NIFTY27JAN2624800PE,0.4795307409704964
27-01-2026 13:50||NIFTY27JAN2624900PE,0.42743593125281304
27-01-2026 13:50||NIFTY27JAN2625000PE,0.38135992482297026
27-01-2026 13:50||NIFTY27JAN2625200CE,0.3388072672798294
27-01-2026 13:50||NIFTY27JAN2625400CE,0.5048324744430426
27-01-2026 13:50||NIFTY27JAN2625500CE,0.5882801900416788
27-01-2026 13:50||NIFTY27JAN2625600CE,0.673330778220697
27-01-2026 13:50||NIFTY27JAN2626100CE,1.0857666784372793
27-01-2026 13:50||NIFTY27JAN2626200CE,1.1697344706451374
27-01-2026 13:50||NIFTY27JAN2626400CE,1.3421264865076574
27-01-2026 13:50||NIFTY27JAN2626500CE,1.4249282113041648
27-01-2026 13:55||NIFTY27JAN2623800PE,1.3294132042991464
27-01-2026 13:55||NIFTY27JAN2624000PE,1.1577162534537608
27-01-2026 13:55||NIFTY27JAN2624100PE,1.0720789017694559
27-01-2026 13:55||NIFTY27JAN2624300PE,0.8872881237549175
27-01-2026 13:55||NIFTY27JAN2624400PE,0.7878639823305066
27-01-2026 13:55||NIFTY27JAN2624600PE,0.5955727517688745
27-01-2026 13:55||NIFTY27JAN2624800PE,0.4331945406468826
27-01-2026 13:55||NIFTY27JAN2624900PE,0.3649399900570689
27-01-2026 13:55||NIFTY27JAN2625400CE,0.5233470359118553
27-01-2026 13:55||NIFTY27JAN2625600CE,0.705094706439886
27-01-2026 13:55||NIFTY27JAN2625700CE,0.8007581363968067
27-01-2026 13:55||NIFTY27JAN2625900CE,0.9794323147858467
27-01-2026 13:55||NIFTY27JAN2626000CE,1.0625638277387341
27-01-2026 13:55||NIFTY27JAN2626100CE,1.144718469261679
27-01-2026 13:55||NIFTY27JAN2626200CE,1.2261563846321648
27-01-2026 14:00||NIFTY27JAN2623800PE,1.3875991950746938
27-01-2026 14:00||NIFTY27JAN2624200PE,0.9977000801203151
27-01-2026 14:00||NIFTY27JAN2624300PE,0.8998447067953904
27-01-2026 14:00||NIFTY27JAN2624400PE,0.8016163216433743
27-01-2026 14:00||NIFTY27JAN2624500PE,0.7036598278285506
27-01-2026 14:00||NIFTY27JAN2624900PE,0.37401650915684526
27-01-2026 14:00||NIFTY27JAN2625000PE,0.3052018079267893
27-01-2026 14:00||NIFTY27JAN2625100PE,0.24109770319674137
27-01-2026 14:00||NIFTY27JAN2625300CE,0.41944677150513865
27-01-2026 14:00||NIFTY27JAN2625400CE,0.5141391561004729
27-01-2026 14:05||NIFTY27JAN2623800PE,1.37366739150719
27-01-2026 14:05||NIFTY27JAN2624000PE,1.1835693832700662
27-01-2026 14:05||NIFTY27JAN2624100PE,1.0881090064389385
27-01-2026 14:05||NIFTY27JAN2624600PE,0.5932377094153929
27-01-2026 14:05||NIFTY27JAN2624700PE,0.5030983817413257
27-01-2026 14:05||NIFTY27JAN2624800PE,0.41365558328559804
27-01-2026 14:05||NIFTY27JAN2625000PE,0.22466058866298091
27-01-2026 14:05||NIFTY27JAN2625200CE,0.3799626874864044
27-01-2026 14:05||NIFTY27JAN2625400CE,0.577328347021837
27-01-2026 14:05||NIFTY27JAN2625700CE,0.8758208123291863
27-01-2026 14:05||NIFTY27JAN2625800CE,0.9715186239726588
27-01-2026 14:05||NIFTY27JAN2626100CE,1.2444468153505812
27-01-2026 14:05||NIFTY27JAN2626200CE,1.3290632700391205
27-01-2026 14:05||NIFTY27JAN2626400CE,1.491017805379456
27-01-2026 14:05||NIFTY27JAN2626500CE,1.568926963882525
27-01-2026 14:10||NIFTY27JAN2623900PE,1.3189089493031922
27-01-2026 14:10||NIFTY27JAN2624000PE,1.2322873059568056
27-01-2026 14:10||NIFTY27JAN2624200PE,1.042011789873217
27-01-2026 14:10||NIFTY27JAN2624300PE,0.9387763923082748
27-01-2026 14:10||NIFTY27JAN2624400PE,0.8336243734288772
27-01-2026 14:10||NIFTY27JAN2624600PE,0.6220901935010006
27-01-2026 14:10||NIFTY27JAN2625000PE,0.30388268967794124
27-01-2026 14:10||NIFTY27JAN2625100PE,0.2857933446247514
27-01-2026 14:10||NIFTY27JAN2625200CE,0.36158284960728154
27-01-2026 14:10||NIFTY27JAN2625400CE,0.5671897416462557
27-01-2026 14:10||NIFTY27JAN2625500CE,0.6690177206347292
27-01-2026 14:10||NIFTY27JAN2626000CE,1.1406912020657758
27-01-2026 14:10||NIFTY27JAN2626100CE,1.2281865932557285
27-01-2026 14:10||NIFTY27JAN2626200CE,1.3148457940361458
27-01-2026 14:10||NIFTY27JAN2626500CE,1.5868793705442057
27-01-2026 14:15||NIFTY27JAN2624000PE,1.2712359693838815
27-01-2026 14:15||NIFTY27JAN2624400PE,0.8400576217641428
27-01-2026 14:15||NIFTY27JAN2624600PE,0.6301592038938487
27-01-2026 14:15||NIFTY27JAN2624900PE,0.362468308990604
27-01-2026 14:15||NIFTY27JAN2625100PE,0.2967107788529344
27-01-2026 14:15||NIFTY27JAN2625300CE,0.4687304915105135
27-01-2026 14:15||NIFTY27JAN2625500CE,0.6753935235455462
27-01-2026 14:15||NIFTY27JAN2625600CE,0.781271302204786
27-01-2026 14:15||NIFTY27JAN2625800CE,0.9884354316144689
27-01-2026 14:15||NIFTY27JAN2625900CE,1.0896464784404376
27-01-2026 14:15||NIFTY27JAN2626100CE,1.2805711145133611
27-01-2026 14:15||NIFTY27JAN2626400CE,1.568185504050628
27-01-2026 14:20||NIFTY27JAN2623800PE,1.5538250846118453
27-01-2026 14:20||NIFTY27JAN2623900PE,1.4289468846922628
27-01-2026 14:20||NIFTY27JAN2624100PE,1.1888060101733782
27-01-2026 14:20||NIFTY27JAN2624300PE,0.9659962459751255
27-01-2026 14:20||NIFTY27JAN2624500PE,0.7542367554242154
27-01-2026 14:20||NIFTY27JAN2624600PE,0.6488666818081092
27-01-2026 14:20||NIFTY27JAN2625400CE,0.5893814218414557
27-01-2026 14:20||NIFTY27JAN2625500CE,0.6942608867326456
27-01-2026 14:20||NIFTY27JAN2625700CE,0.9008983754873053
27-01-2026 14:20||NIFTY27JAN2625900CE,1.098085630172183
27-01-2026 14:20||NIFTY27JAN2626000CE,1.1926003789975597
27-01-2026 14:20||NIFTY27JAN2626100CE,1.2889352014725644
27-01-2026 14:20||NIFTY27JAN2626500CE,1.7335462578653755
27-01-2026 14:25||NIFTY27JAN2623800PE,1.573963199779679
27-01-2026 14:25||NIFTY27JAN2623900PE,1.458564649897682
27-01-2026 14:25||NIFTY27JAN2624000PE,1.3430302077356342
27-01-2026 14:25||NIFTY27JAN2624200PE,1.113064418309113
27-01-2026 14:25||NIFTY27JAN2624300PE,0.9978172718737197
27-01-2026 14:25||NIFTY27JAN2624800PE,0.4254712663047541
27-01-2026 14:25||NIFTY27JAN2624900PE,0.31839478473099386
27-01-2026 14:25||NIFTY27JAN2625000PE,0.21480738536390412
27-01-2026 14:25||NIFTY27JAN2625500CE,0.7308140315299235
27-01-2026 14:25||NIFTY27JAN2625600CE,0.8360483967746871
27-01-2026 14:25||NIFTY27JAN2625700CE,0.9418485417202744
27-01-2026 14:25||NIFTY27JAN2626100CE,1.3647323852505928
27-01-2026 14:30||NIFTY27JAN2623800PE,1.610080109222414
27-01-2026 14:30||NIFTY27JAN2624000PE,1.3993658853447157
27-01-2026 14:30||NIFTY27JAN2624100PE,1.2929632189124467
27-01-2026 14:30||NIFTY27JAN2624200PE,1.181279083486428
27-01-2026 14:30||NIFTY27JAN2624600PE,0.7022879795448467
27-01-2026 14:30||NIFTY27JAN2624900PE,0.3706050452294747
27-01-2026 14:30||NIFTY27JAN2625100PE,0.1797476366107545
27-01-2026 14:30||NIFTY27JAN2625200CE,0.3674169698990893
27-01-2026 14:30||NIFTY27JAN2625600CE,0.8770566521765975
27-01-2026 14:30||NIFTY27JAN2625900CE,1.2328560405332922
27-01-2026 14:30||NIFTY27JAN2626400CE,1.7673372222374413
27-01-2026 14:35||NIFTY27JAN2623800PE,1.7695312163840213
27-01-2026 14:35||NIFTY27JAN2623900PE,1.640414905950833
27-01-2026 14:35||NIFTY27JAN2624000PE,1.5112127214825235
27-01-2026 14:35||NIFTY27JAN2624200PE,1.2553981451752874
27-01-2026 14:35||NIFTY27JAN2624600PE,0.7394189758667359
27-01-2026 14:35||NIFTY27JAN2624800PE,0.4807350794350086
27-01-2026 14:35||NIFTY27JAN2624900PE,0.35395283940337097
27-01-2026 14:35||NIFTY27JAN2625000PE,0.22840165413438146
27-01-2026 14:35||NIFTY27JAN2625300CE,0.6064059986918875
27-01-2026 14:35||NIFTY27JAN2625400CE,0.6900080713955671
27-01-2026 14:35||NIFTY27JAN2625700CE,1.0139198192317802
27-01-2026 14:35||NIFTY27JAN2625800CE,1.1206472462240136
27-01-2026 14:35||NIFTY27JAN2626200CE,1.5889661856713464
27-01-2026 14:35||NIFTY27JAN2626400CE,1.7734490122857878
27-01-2026 14:40||NIFTY27JAN2623900PE,1.6760209891021216
27-01-2026 14:40||NIFTY27JAN2624000PE,1.5530539539859474
27-01-2026 14:40||NIFTY27JAN2624100PE,1.4302721471865116
27-01-2026 14:40||NIFTY27JAN2624200PE,1.3076543248244885
27-01-2026 14:40||NIFTY27JAN2624300PE,1.1852452782562448
27-01-2026 14:40||NIFTY27JAN2624800PE,0.5808559854760065
27-01-2026 14:40||NIFTY27JAN2624900PE,0.46560893039558426
27-01-2026 14:40||NIFTY27JAN2625000PE,0.3580407178701276
27-01-2026 14:40||NIFTY27JAN2625700CE,0.9131821828357586
27-01-2026 14:40||NIFTY27JAN2626000CE,1.2852728921119105
27-01-2026 14:40||NIFTY27JAN2626100CE,1.4053951752785643
27-01-2026 14:40||NIFTY27JAN2626200CE,1.5231768943417776
27-01-2026 14:40||NIFTY27JAN2626400CE,1.7578288414687973
27-01-2026 14:40||NIFTY27JAN2626500CE,1.8767630456234372
27-01-2026 14:45||NIFTY27JAN2623800PE,1.8309835894480555
27-01-2026 14:45||NIFTY27JAN2624000PE,1.6130113036740688
27-01-2026 14:45||NIFTY27JAN2624100PE,1.5036125011092152
27-01-2026 14:45||NIFTY27JAN2624200PE,1.3880306805561746
27-01-2026 14:45||NIFTY27JAN2624300PE,1.2670687867705648
27-01-2026 14:45||NIFTY27JAN2624700PE,0.7377451623711909
27-01-2026 14:45||NIFTY27JAN2624800PE,0.5926585294960667
27-01-2026 14:45||NIFTY27JAN2624900PE,0.44912275826819714
27-01-2026 14:45||NIFTY27JAN2625300CE,0.47057583320753665
27-01-2026 14:45||NIFTY27JAN2625400CE,0.5831826006060441
27-01-2026 14:45||NIFTY27JAN2625800CE,1.101093306213261
27-01-2026 14:45||NIFTY27JAN2626000CE,1.3557626335132775
27-01-2026 14:45||NIFTY27JAN2626400CE,1.8360030714309614
27-01-2026 14:45||NIFTY27JAN2626500CE,1.9572126506751235
27-01-2026 14:50||NIFTY27JAN2623800PE,2.020537605344656
27-01-2026 14:50||NIFTY27JAN2624000PE,1.7752231386695354
27-01-2026 14:50||NIFTY27JAN2624200PE,1.5124653831077342
27-01-2026 14:50||NIFTY27JAN2624500PE,1.0934080405992015
27-01-2026 14:50||NIFTY27JAN2624800PE,0.6256922488561454
27-01-2026 14:50||NIFTY27JAN2625000PE,0.31820596752297714
27-01-2026 14:50||NIFTY27JAN2625200CE,0.29975309168818054
27-01-2026 14:50||NIFTY27JAN2625800CE,1.0851744719505734
27-01-2026 14:50||NIFTY27JAN2625900CE,1.2173007511442098
27-01-2026 14:50||NIFTY27JAN2626400CE,1.880221291406007
27-01-2026 14:55||NIFTY27JAN2623800PE,2.1300177931105297
27-01-2026 14:55||NIFTY27JAN2624000PE,1.9673395015261324
27-01-2026 14:55||NIFTY27JAN2624600PE,1.0593365969637998
27-01-2026 14:55||NIFTY27JAN2624700PE,0.9010944955586064
27-01-2026 14:55||NIFTY27JAN2624800PE,0.7425164298541436
27-01-2026 14:55||NIFTY27JAN2625000PE,0.4138044212565827
27-01-2026 14:55||NIFTY27JAN2625500CE,0.6786557491744449
27-01-2026 14:55||NIFTY27JAN2625600CE,0.825340897556792
27-01-2026 14:55||NIFTY27JAN2625700CE,0.9705340349218041
27-01-2026 14:55||NIFTY27JAN2625800CE,1.1150265690300118
27-01-2026 14:55||NIFTY27JAN2625900CE,1.2599398334357392
27-01-2026 14:55||NIFTY27JAN2626000CE,1.4058499017224082
27-01-2026 14:55||NIFTY27JAN2626400CE,1.8964459936442628
27-01-2026 14:55||NIFTY27JAN2626500CE,2.001609450536006
27-01-2026 15:00||NIFTY27JAN2624000PE,1.9719761471849055
27-01-2026 15:00||NIFTY27JAN2624100PE,1.8310022926764473
27-01-2026 15:00||NIFTY27JAN2624200PE,1.68969784704119
27-01-2026 15:00||NIFTY27JAN2624700PE,0.8537419754858967
27-01-2026 15:00||NIFTY27JAN2625100PE,0.14792444521095155
27-01-2026 15:00||NIFTY27JAN2625400CE,0.5921458678508189
27-01-2026 15:00||NIFTY27JAN2625800CE,1.2355729054923157
27-01-2026 15:00||NIFTY27JAN2626000CE,1.5276398589228597
27-01-2026 15:00||NIFTY27JAN2626300CE,1.749705629540721
27-01-2026 15:00||NIFTY27JAN2626400CE,1.7317925892079198
27-01-2026 15:00||NIFTY27JAN2626500CE,1.6699960654732515
27-01-2026 15:05||NIFTY27JAN2623800PE,2.521200750710356
27-01-2026 15:05||NIFTY27JAN2624000PE,2.1976786298705986
27-01-2026 15:05||NIFTY27JAN2624100PE,2.0318997626312587
27-01-2026 15:05||NIFTY27JAN2624200PE,1.853326877823761
27-01-2026 15:05||NIFTY27JAN2624500PE,1.2804711031175149
27-01-2026 15:05||NIFTY27JAN2624800PE,0.7479278004431347
27-01-2026 15:05||NIFTY27JAN2625000PE,0.3437756297069755
27-01-2026 15:05||NIFTY27JAN2625400CE,0.5810975184709372
27-01-2026 15:05||NIFTY27JAN2625700CE,1.0858146464552645
27-01-2026 15:05||NIFTY27JAN2626000CE,1.6102453520856217
27-01-2026 15:05||NIFTY27JAN2626300CE,2.0061228725529467
27-01-2026 15:10||NIFTY27JAN2623800PE,2.3587079177262167
27-01-2026 15:10||NIFTY27JAN2623900PE,2.319344807347962
27-01-2026 15:10||NIFTY27JAN2624000PE,2.2445995011850046
27-01-2026 15:10||NIFTY27JAN2624200PE,2.0011042846672202
27-01-2026 15:10||NIFTY27JAN2624700PE,1.033491276539583
27-01-2026 15:10||NIFTY27JAN2624900PE,0.6165443120243447
27-01-2026 15:10||NIFTY27JAN2625400CE,0.6143810425689049
27-01-2026 15:10||NIFTY27JAN2625600CE,0.9769858502990156
27-01-2026 15:10||NIFTY27JAN2625800CE,1.3563998615609583
27-01-2026 15:10||NIFTY27JAN2626000CE,1.7676298908254529
27-01-2026 15:10||NIFTY27JAN2626200CE,2.1438430870617355
27-01-2026 15:15||NIFTY27JAN2624200PE,2.2916515224052647
27-01-2026 15:15||NIFTY27JAN2624500PE,1.6225829668792224
27-01-2026 15:15||NIFTY27JAN2625000PE,0.4971725793592273
27-01-2026 15:15||NIFTY27JAN2625200CE,0.2331240322614964
27-01-2026 15:15||NIFTY27JAN2625500CE,0.8575055457339705
27-01-2026 15:15||NIFTY27JAN2625700CE,1.263402895070566
27-01-2026 15:15||NIFTY27JAN2625900CE,1.718841239493706
27-01-2026 15:15||NIFTY27JAN2626000CE,1.9594492085620894
27-01-2026 15:15||NIFTY27JAN2626200CE,2.3496273859348964
27-01-2026 15:15||NIFTY27JAN2626400CE,2.7057022731922595
27-01-2026 15:20||NIFTY27JAN2623800PE,3.9487875577403275
27-01-2026 15:20||NIFTY27JAN2623900PE,3.677496270914075
27-01-2026 15:20||NIFTY27JAN2624200PE,2.8629127514384884
27-01-2026 15:20||NIFTY27JAN2624900PE,0.9500186678824999
27-01-2026 15:20||NIFTY27JAN2625100PE,0.4117256779008411
27-01-2026 15:20||NIFTY27JAN2625500CE,0.9468693652123251
27-01-2026 15:20||NIFTY27JAN2625900CE,2.122602896561573
27-01-2026 15:20||NIFTY27JAN2626000CE,2.4035339379498333
27-01-2026 15:20||NIFTY27JAN2626200CE,2.9483026926700417
27-01-2026 15:20||NIFTY27JAN2626300CE,3.2330215230716774
27-01-2026 15:20||NIFTY27JAN2626400CE,3.517996906349183
27-01-2026 15:20||NIFTY27JAN2626500CE,3.8023582684994324
27-01-2026 15:25||NIFTY27JAN2623800PE,5.797197127569683
27-01-2026 15:25||NIFTY27JAN2624300PE,3.8285212907506008
27-01-2026 15:25||NIFTY27JAN2624800PE,1.8865386582401733
27-01-2026 15:25||NIFTY27JAN2624900PE,1.4889646916057298
27-01-2026 15:25||NIFTY27JAN2625100PE,0.6832905554637523
27-01-2026 15:25||NIFTY27JAN2625300CE,0.3790795403094715
27-01-2026 15:25||NIFTY27JAN2625800CE,2.285738619120921
27-01-2026 15:25||NIFTY27JAN2625900CE,2.65979873064009
27-01-2026 15:25||NIFTY27JAN2626100CE,3.382557382420084
27-01-2026 15:25||NIFTY27JAN2626200CE,3.731171540038929
27-01-2026 15:25||NIFTY27JAN2626300CE,4.073061394651149
27-01-2026 15:25||NIFTY27JAN2626400CE,4.408264817113515
27-01-2026 15:25||NIFTY27JAN2626500CE,4.736750762853885
