datetime,underlying_price,NIFTY27JAN2625200CE,NIFTY27JAN2625300CE,NIFTY27JAN2625400CE,NIFTY27JAN2625500CE,NIFTY27JAN2625600CE,NIFTY27JAN2625700CE,NIFTY27JAN2625800CE,NIFTY27JAN2625900CE,NIFTY27JAN2626000CE,NIFTY27JAN2626100CE,NIFTY27JAN2626200CE,NIFTY27JAN2626300CE,NIFTY27JAN2626400CE,NIFTY27JAN2626500CE,NIFTY27JAN2623800PE,NIFTY27JAN2623900PE,NIFTY27JAN2624000PE,NIFTY27JAN2624100PE,NIFTY27JAN2624200PE,NIFTY27JAN2624300PE,NIFTY27JAN2624400PE,NIFTY27JAN2624500PE,NIFTY27JAN2624600PE,NIFTY27JAN2624700PE,NIFTY27JAN2624800PE,NIFTY27JAN2624900PE,NIFTY27JAN2625000PE,NIFTY27JAN2625100PE
07-01-2026 09:15,26111.65,0.12808772911072389,0.1233,0.11741,0.11381274433332986,0.11005,0.10576,0.10160710127980628,0.09724,0.0957,0.09392314488641552,0.09187,0.09053401991048671,0.08908,0.08795,0.1784,0.17237,0.16928,0.16335913032985958,0.1576,0.1524,0.14697,0.14105,0.13613,0.13085,0.1264,0.12142,0.11631,0.1115
07-01-2026 09:20,26141.4,0.08632,0.10216079704252654,0.10906855583982415,0.11779,0.11197,0.11028,0.10546682971755245,0.10216326955282629,0.09837,0.09619,0.09413,0.09244906498811026,0.09057,0.08925,0.1790256333750111,0.17477,0.17005593110177578,0.16534,0.15961695065381576,0.1542,0.14753,0.14274,0.13849,0.1335698586337397,0.12855715106454377,0.12363,0.11855335601916919,0.11353
07-01-2026 09:25,26139.35,0.09147,0.09318918837471547,0.09514,0.09933,0.09599,0.09204,0.09216,0.08954,0.08996,0.08861,0.08697,0.08627,0.08541,0.08455570694613071,0.18162489045479896,0.17574,0.17154,0.16567,0.15927,0.15431692490870705,0.14919,0.14245,0.13806,0.13242,0.12798505801140386,0.12349,0.11817,0.11327938459083164
07-01-2026 09:30,26128.95,0.1086,0.10842,0.1115,0.12248,0.10715,0.11098,0.10692713900562092,0.10284901267911103,0.09864,0.09511,0.09304,0.09123,0.08873462505714969,0.08670936742247097,0.18174,0.17691899510398643,0.17206,0.1649107291644678,0.15755,0.1528025928180501,0.1475416201681526,0.14209,0.13721,0.13184,0.1268238270108898,0.12177104965455901,0.11680982695745828,0.112
07-01-2026 09:35,26131.9,0.10462,0.10538,0.11180343880439302,0.12051,0.11225,0.11294,0.10544,0.10244653248089652,0.09896,0.09664125347695908,0.09397625827120139,0.09136,0.09014,0.08885,0.18193,0.1763099674215946,0.17064141251724876,0.16493075574224497,0.15924,0.15334,0.14784,0.1423,0.13740171116396593,0.13219,0.12733,0.12295,0.11707,0.11226333063462249
07-01-2026 09:40,26145.15,0.07079,0.07639,0.08313,0.08523,0.08587127188149568,0.08734,0.08610578667441843,0.08535453685797326,0.0845,0.08386,0.08346618534724223,0.08301,0.08262,0.08249,0.18277,0.1782,0.17265,0.16631,0.16074703833084747,0.15520325042293182,0.14961,0.14337,0.1382,0.13313,0.12846547411958806,0.12374,0.11872,0.11390696786570459
07-01-2026 09:45,26113.1,0.11820307352201839,0.11837,0.10826,0.1091241205969629,0.1083,0.1055,0.10226,0.09994294111328667,0.09741,0.09438,0.09237,0.09075,0.08918049753706223,0.08809,0.18107,0.17468,0.1704,0.16380993826953996,0.157,0.15220358293795833,0.14697,0.14089,0.13571,0.13075,0.12599,0.12096,0.11583236210345246,0.11071
07-01-2026 09:50,26110.0,0.12429354921060493,0.12087,0.10978,0.10900658900572946,0.10687546956945024,0.10476,0.09939,0.0968,0.09542,0.09316,0.09122,0.08945,0.08797853394954092,0.08699,0.18069537140661893,0.1745,0.17045,0.16386,0.15681,0.15155,0.14694,0.14146328658658147,0.13566,0.13068,0.12590878347311915,0.12096304359473602,0.11607,0.11095
07-01-2026 09:55,26108.9,0.13029,0.12175,0.12178067844791066,0.1202095880343938,0.12009,0.11328,0.11018293964578829,0.10734817532135413,0.10426,0.10032,0.09739,0.09512847664604732,0.09256,0.09083,0.18084,0.17444,0.16945,0.16358,0.15675,0.15165986957573502,0.14636,0.14063,0.1353,0.13053193931743262,0.12571,0.12047,0.1151610199588337,0.10983
07-01-2026 10:00,26140.3,0.09239,0.0877,0.10072357928355427,0.11531,0.11123,0.10752,0.10161,0.09998536748940687,0.09747,0.09520877847746806,0.09255,0.09062,0.08911,0.08704050883680535,0.1828,0.17745,0.1717,0.16515,0.16067,0.15356,0.1482057903469544,0.14259,0.13748921877624265,0.13216,0.12774,0.12248,0.11732485821418473,0.1122
07-01-2026 10:05,26142.95,0.06670116649807031,0.08237,0.11304,0.1084006070817993,0.11037,0.11308,0.11004,0.10336,0.10275,0.09909,0.09616,0.09408812184193187,0.09181,0.09023,0.18298,0.1772125904309168,0.1714,0.16534,0.15961,0.15374,0.14828,0.14278,0.13764278658419773,0.13236,0.12794,0.12247,0.11713286446356638,0.11183
07-01-2026 10:10,26159.15,0.10591,0.11189,0.09886,0.10210582972491557,0.10282374482360568,0.10350719691278462,0.10588,0.10205937807413792,0.0996244503742857,0.09746,0.09524,0.09264,0.09102648880595575,0.08945,0.18562392744619235,0.17920798832845908,0.17292,0.16683,0.16097327292431124,0.15501,0.14967850092902563,0.14421,0.13893,0.13415373077588644,0.12934552924640044,0.12462,0.11843,0.11309
07-01-2026 10:15,26183.8,0.12049,0.09722,0.11136,0.09406,0.09202,0.09361996286723762,0.09326,0.08786,0.08838,0.08746965230350648,0.0863010190429607,0.08527,0.0834918675892449,0.08250408807853583,0.18267,0.17869113849292553,0.17425,0.16842,0.16269,0.15663,0.15173,0.14572,0.14048,0.13536,0.13028,0.12548,0.12019,0.115
07-01-2026 10:20,26169.15,0.13492,0.11376,0.12267,0.11520424171892749,0.10785,0.10314217964293096,0.09695,0.09399,0.09285,0.09128888906840199,0.08918,0.08785063706116955,0.08647489272695927,0.08546,0.18381,0.17694,0.17223474140691375,0.1675,0.16175363366293416,0.15607470410874355,0.15024,0.1452431471879013,0.13994,0.13449,0.12949,0.12431,0.11901,0.11379
07-01-2026 10:25,26152.25,0.14819,0.11685,0.1055,0.10144,0.09960498425578657,0.0963135656738244,0.09325,0.09388,0.0911,0.089603110110627,0.08801,0.08672,0.0857,0.08459,0.18279,0.1759,0.17074513937653613,0.16553147314838967,0.16026,0.15459,0.14949,0.14378,0.13834,0.13291,0.12889,0.1234,0.11784,0.11272870070600187
07-01-2026 10:30,26130.45,0.14538932732621504,0.13392,0.12199,0.11708965861070839,0.11179617408777745,0.10631,0.10164,0.09839,0.09630254236174336,0.09422421724207476,0.09216753630618058,0.09022179737369077,0.0883,0.08712,0.18145,0.17613777314331835,0.17064292906460404,0.16528,0.1591987890567445,0.15318,0.14805,0.14233,0.13686,0.1314,0.12709,0.1217,0.11602,0.11084882560149847
07-01-2026 10:35,26133.05,0.13848,0.13213,0.12460921708569453,0.11710541451217532,0.109,0.10357,0.10375,0.09754,0.09843,0.09584511041312177,0.09299,0.09121534790793775,0.08935,0.08769,0.18198828043754744,0.17607,0.17133,0.16478,0.15905486624975562,0.15317,0.1486,0.14276517562025529,0.13675,0.13159,0.12656830718253906,0.12169,0.1162153830099556,0.11111465000221764
07-01-2026 10:40,26144.05,0.13191050919665606,0.1239,0.11709455815822602,0.11069,0.1069359219314343,0.10253,0.10027058528256337,0.09761,0.09496,0.09290794138606892,0.09067,0.08909520433658388,0.08738,0.08609,0.18288,0.17749951659974472,0.17204,0.1655,0.15977,0.15409,0.14898,0.14327,0.13781,0.13264,0.12761,0.12226952793973288,0.11697,0.11166752686753337
07-01-2026 10:45,26141.15,0.12448,0.11893518271957018,0.11456,0.114,0.10828,0.10332,0.10041,0.09745,0.0949821095417509,0.09195,0.09043,0.08885,0.08725664560992902,0.08575,0.182287955135051,0.1766,0.17098396111202654,0.16533,0.15938,0.15392,0.14844,0.14292,0.13762,0.13204,0.12718,0.12241,0.11676,0.11171944875768579
07-01-2026 10:50,26146.85,0.15441,0.12166,0.12264,0.12576,0.1150875782762929,0.10062,0.1054987164131773,0.10421,0.10121,0.09825479326542201,0.09502,0.09229,0.09052,0.08866,0.18168,0.1765189971679807,0.17128,0.1657,0.15991209445878404,0.15411,0.14865,0.14331,0.13772,0.13245,0.12747,0.12241,0.11671,0.11127
07-01-2026 10:55,26168.55,0.1029252719935783,0.09908,0.10582,0.10222980378474558,0.10027,0.09883,0.09819,0.09465,0.09529,0.09256,0.0906,0.08877,0.08731028255262373,0.08584,0.18331,0.17727,0.17315,0.16687,0.16117,0.1557298313050925,0.1501,0.14478,0.13937,0.13411,0.12903,0.12359799866121392,0.11815,0.11285138142109222
07-01-2026 11:00,26160.15,0.14217,0.10926,0.12493,0.12832,0.11709,0.11632,0.11182,0.10649,0.10367,0.0996,0.09689,0.09419,0.09188,0.08798728949580455,0.18281,0.17727,0.17264,0.16635,0.16070469266623177,0.155,0.14973,0.1444,0.13896,0.1334,0.12844,0.12292294556177122,0.11743,0.11204
07-01-2026 11:05,26182.1,0.015456253143932421,0.06317,0.10803,0.11224,0.11009,0.10412,0.09991,0.09817,0.09524316040929576,0.0919,0.09035123322242941,0.08838,0.08688,0.0856,0.18446,0.17929077454643716,0.17404,0.16776,0.16186,0.15664481960002274,0.15125942686632804,0.14572,0.1405180860159836,0.13508,0.12993514384177945,0.12479,0.11928,0.11373
07-01-2026 11:10,26166.7,0.11066328244223253,0.10165,0.12041,0.11189987184119386,0.10699378326531903,0.10165507688764211,0.09653,0.09501321791631681,0.09205,0.08991,0.08867,0.08702274177074526,0.08535,0.08431,0.18353,0.1772,0.17284,0.16679,0.16173,0.15382,0.1496227344350985,0.14469,0.13988,0.1344886487322665,0.12915522207125618,0.1239,0.11804,0.11274
07-01-2026 11:15,26148.15,0.15103,0.1398618762201082,0.12862628293324066,0.11697,0.10479,0.10114,0.10383,0.10015,0.09801,0.09577920892639247,0.09349671063166486,0.09125110077742157,0.08902,0.08724,0.18212,0.17646,0.1710321666044235,0.16562,0.1597,0.15445,0.14843,0.1432669508124533,0.13802,0.13232,0.1273718548804625,0.12244,0.11685,0.11124
07-01-2026 11:20,26148.9,0.13325,0.13011554847981088,0.13221,0.10563,0.10438,0.10222827778465982,0.09484,0.09535,0.0942860921357721,0.0912,0.08892,0.08758655527163593,0.0862,0.08517,0.1816978697781995,0.17612,0.17090861111685043,0.16569,0.15992807831904357,0.15424556638136444,0.14849,0.14368,0.13808,0.1329041929583103,0.1278,0.12226462418569702,0.11682,0.11139
07-01-2026 11:25,26140.4,0.14019,0.13190679531222577,0.12393970422060889,0.11602,0.10911,0.105730736241644,0.1025402840374326,0.09948125155677412,0.09652636035422114,0.09357,0.0916022933742455,0.08967,0.08807,0.08663,0.18138116152125824,0.17534,0.17146,0.16493,0.15901,0.15337,0.1482659576024934,0.14296,0.13721,0.13166,0.12657729525984107,0.12146,0.1159,0.11031
07-01-2026 11:30,26144.45,0.13223,0.1238,0.13491,0.12795,0.10692,0.10959,0.11051,0.10497,0.10338,0.09905,0.0955,0.0933,0.09089,0.08913,0.18165,0.17587,0.17082549383360077,0.16588,0.1595,0.15405892166661836,0.1486815313870922,0.14324,0.13734,0.13195,0.12677,0.12154,0.11602,0.11071
07-01-2026 11:35,26160.05,0.1379,0.10954,0.11439812257688284,0.11342,0.1144,0.09898,0.09924036069735423,0.0955,0.09382,0.09112,0.08876,0.08749142811921379,0.08612,0.08473,0.18262,0.17686,0.17249,0.16689,0.16051,0.15488,0.14989,0.1443,0.13873,0.13333,0.12803669978141363,0.1227114846395761,0.11739,0.11192
07-01-2026 11:40,26147.1,0.13174454449301892,0.12168,0.13513,0.11628,0.12094,0.10735,0.10434,0.10182992659016175,0.09677,0.09297,0.09119,0.08937,0.08713215651221347,0.08616,0.18184,0.17681146453031832,0.17137341335123668,0.16608,0.15948,0.15385,0.14842,0.1431408013674203,0.13755,0.13244,0.12735,0.12187,0.11653,0.11076
07-01-2026 11:45,26136.15,0.15533,0.13844567357273843,0.12347,0.11898744265992828,0.11291154127911623,0.10719,0.10479,0.1013851469425383,0.09782,0.09505,0.09244,0.09021,0.0886017082513878,0.08711,0.18118,0.17600833226114898,0.17053605261636984,0.16517,0.15878,0.15314,0.14771,0.14255,0.13711,0.13168,0.12657,0.12108,0.11573107977451969,0.11045
07-01-2026 11:50,26138.65,0.15371,0.12839,0.12183,0.10693,0.11294,0.10662303581506183,0.0998227895590457,0.09332,0.09232,0.08996,0.08826,0.08661,0.08554251653659972,0.08458,0.18163,0.17566,0.1702589108519969,0.16488,0.15896,0.15312,0.1477,0.14256,0.1373934814564412,0.13218403953299107,0.127,0.12127,0.11611,0.11082601463631897
07-01-2026 11:55,26126.7,0.12159666611962301,0.11882683796586369,0.1157163725074764,0.11165,0.11006,0.10405,0.10053,0.09788480211960399,0.0958965412240651,0.09370233677551547,0.09151469478785337,0.08941424870624745,0.08749,0.08637,0.18119,0.17572479713150668,0.17019,0.16413,0.1582,0.15235,0.14692,0.14193,0.13603,0.13077,0.1257359105764955,0.12062,0.11541,0.11020011243467612
07-01-2026 12:00,26121.55,0.15243948583703976,0.14018,0.1303215708588204,0.12143704206622363,0.11331261670446968,0.10525,0.10099,0.09795,0.09557,0.09277,0.09077,0.08877,0.08726465520893645,0.08587,0.18071892019562175,0.17468,0.17036,0.16382,0.15788,0.15241966605008295,0.14659,0.14143792589550497,0.13584,0.13042,0.12547299880435037,0.12036,0.11541,0.11002
07-01-2026 12:05,26110.95,0.17059,0.14640546970034202,0.12592,0.11854,0.11393,0.10904,0.10471,0.10163686269338482,0.09835466893173327,0.09505,0.09261,0.09078535300760662,0.08895076761318843,0.08731,0.18024,0.17388,0.16946,0.16361,0.15792703592654428,0.15235448384574538,0.1468032798737198,0.14106,0.13542,0.13009,0.12564,0.12023,0.1149,0.10954
07-01-2026 12:10,26110.45,0.1581729873833838,0.14699,0.12624,0.12268,0.11667385061848379,0.10926,0.10682,0.10029,0.10023,0.09643,0.09378,0.09151,0.08936,0.08778027332006781,0.18051,0.17387,0.16862369977222819,0.16336,0.15632,0.15152,0.14588,0.14087,0.13554,0.13007,0.12538,0.11999,0.11469,0.10926
07-01-2026 12:15,26107.4,0.1726,0.1487257618473707,0.1281,0.12400821524437253,0.1172339873567946,0.11083,0.10355,0.10090046995826332,0.0978575539289894,0.09467,0.09205,0.09009,0.08853,0.08725,0.18033,0.17372,0.16902,0.16318,0.15679,0.15142010407073886,0.14568,0.14051,0.1352,0.13013,0.1254,0.11967,0.11490828185361712,0.10987794453995456
07-01-2026 12:20,26103.3,0.14749,0.15113,0.12846,0.12228,0.11176,0.1131,0.10716,0.10184,0.09835,0.09668018563810546,0.09375,0.09145,0.08962,0.0882,0.18064,0.17369,0.16834849261450313,0.16293,0.15675,0.15088,0.1458459500878061,0.14057,0.13537,0.13026886858216463,0.12512,0.1199,0.115,0.1100619412083443
07-01-2026 12:25,26106.55,0.14529,0.13601550013781905,0.12654,0.11526,0.11023,0.10932,0.10306,0.09924,0.09708937885626348,0.09433,0.09216,0.09039052450836554,0.08851,0.08719,0.18223719137104116,0.1756873571585555,0.16924,0.16338,0.15697,0.15111,0.14604023976837835,0.1408,0.13585197066227842,0.130829166402822,0.12583,0.12057,0.11544,0.11046
07-01-2026 12:30,26108.85,0.13773633658796658,0.13189,0.12764,0.12135,0.11389,0.1097,0.1052,0.10143,0.09905,0.09602,0.09375,0.09175445092384342,0.08962,0.0881,0.17939387545815796,0.17382,0.16832058222945845,0.16275621906804844,0.15713,0.15127,0.14704,0.14157034020961334,0.136060702028724,0.13053,0.12554,0.12044,0.11535,0.11008
07-01-2026 12:35,26106.25,0.13895,0.13064719204250097,0.123176495750352,0.11553,0.11035,0.10842,0.10552,0.10236244895709977,0.09925884688525155,0.09611,0.09355,0.09129650877348489,0.08912,0.08718666226537183,0.17976,0.17473,0.169,0.16316,0.15719,0.15237,0.14602,0.14097,0.13531,0.13035,0.12571,0.12036,0.11516,0.11002208818995585
07-01-2026 12:40,26103.5,0.11991,0.11696,0.11289,0.10667,0.10291,0.09945959192893394,0.09545,0.09235,0.0912410256705546,0.08965,0.08826,0.08653,0.0853,0.0839800375301337,0.1796,0.17426011258461507,0.16884,0.16299,0.15724,0.15153,0.14638,0.14079,0.13557,0.13083,0.12552,0.12089,0.11587,0.11097750371890737
07-01-2026 12:45,26084.3,0.1389786606176604,0.13107,0.12240514100166917,0.11451,0.1110569152589562,0.10675,0.10263289621346462,0.0982,0.09613,0.09317,0.09116,0.08921,0.08776161239088412,0.08642,0.17759203323168204,0.17193,0.16638068886313,0.16086,0.15558358376221992,0.15028,0.14511,0.1395,0.13425,0.12896,0.12449,0.1200856156102988,0.11625555942145274,0.11303798882215904
07-01-2026 12:50,26084.8,0.13576,0.13076,0.12267281621079112,0.11425,0.11181,0.10873,0.10386,0.09994,0.09747,0.09457,0.09258,0.09079812241025084,0.08887,0.08759,0.17985,0.17281,0.16768,0.16159,0.15605,0.15118,0.14559130496455963,0.13996168700806724,0.13415,0.12934569864386336,0.1243,0.1192,0.11391,0.10903180076989946
07-01-2026 12:55,26089.25,0.13006594805768257,0.1270217980991248,0.12235,0.1206,0.11493527467136086,0.10908,0.10466,0.10176259448832439,0.0984,0.0947,0.09279,0.09043,0.08873,0.08741,0.17962748237399404,0.17348332296192126,0.16774,0.16189,0.15657,0.15117,0.14577,0.13937,0.13418,0.1288,0.12400286139365975,0.11934,0.11496594546059911,0.11091452603645786
07-01-2026 13:00,26099.15,0.13774,0.13144485914753729,0.12549904549007612,0.11955,0.11469,0.10982,0.10529881831683216,0.10038,0.09815,0.09453,0.09202,0.09013,0.0883,0.087,0.17939,0.17435,0.16853359357673248,0.16276,0.15729,0.1513,0.14581586691122506,0.14022,0.1349195875031056,0.12951,0.12442,0.11914,0.11403146224213764,0.10896
07-01-2026 13:05,26103.3,0.12166623786676542,0.11724,0.11696847603237168,0.11697,0.11188,0.10731,0.1025,0.09934,0.09665,0.09442402947679127,0.09115,0.08926,0.0873,0.08606,0.17966,0.17418634618942958,0.16866,0.16285,0.15729,0.15201,0.14619552282155596,0.14034,0.13517,0.1299356541550169,0.12461,0.11956,0.11452,0.10938
07-01-2026 13:10,26105.85,0.13259,0.11512,0.1135257371877456,0.11026985743269602,0.10737100945216446,0.10426,0.10056,0.09784231197028445,0.09497,0.09178,0.08993,0.08809,0.08684518966549996,0.08572,0.1789,0.17454,0.16883,0.16271727584632223,0.15661,0.15176,0.1462555705658558,0.14036,0.13536,0.13036045803454255,0.12528,0.11997,0.1145990738325503,0.10925
07-01-2026 13:15,26097.2,0.13545,0.12209,0.12039560338787149,0.1172160241128043,0.11389,0.10971420489828104,0.10523904285177083,0.10025,0.09667,0.09342,0.0919,0.08937,0.08576326786588044,0.08324227767090742,0.17932,0.17401,0.16878,0.16291647580215868,0.15718,0.1512,0.14514,0.14012,0.13500606532701026,0.1298,0.1249,0.11948487222928497,0.11408,0.10916
07-01-2026 13:20,26097.45,0.12849236518746063,0.12192,0.12229,0.11051,0.10726,0.10342375334657802,0.09787,0.09553,0.0935,0.09048,0.08899,0.08756613803179156,0.08593,0.08506,0.178219214619749,0.17271,0.1676967702727193,0.16248,0.15609,0.15123,0.14535,0.14014140196804087,0.1348,0.12982,0.1247287383227565,0.11962331172937953,0.11449796960121027,0.10935
07-01-2026 13:25,26076.35,0.1464916539213049,0.13632,0.13447,0.11507,0.11124,0.10481,0.10174,0.09783,0.09578,0.09334192768317663,0.09102,0.08840466180251443,0.08606364203766763,0.08372668115485685,0.17677,0.17141,0.16651,0.16114,0.1554763664574772,0.14992,0.14396,0.13872,0.1334786022313531,0.1282073860837637,0.12294,0.11786681848567213,0.11281697876805784,0.10778992599995091
07-01-2026 13:30,26070.0,0.14088,0.13372776338259093,0.1267946217335313,0.11987,0.11361,0.10927200131632359,0.1048032844066471,0.10029,0.09795,0.09434,0.09254,0.09022,0.08892958303342517,0.08781549920530352,0.17822,0.17166,0.16625807533439974,0.16075,0.15539,0.14993,0.14421680346539145,0.13846,0.1331139372470938,0.12764,0.12272,0.11764423061681319,0.11258,0.1072
07-01-2026 13:35,26074.55,0.1737789964872344,0.15130624939723178,0.13547,0.12112,0.1144,0.11189,0.10505,0.10161540635562388,0.09766,0.09457,0.09253820473628446,0.09033035137014032,0.0882,0.08695,0.17832715687514916,0.1725886266899716,0.16691,0.16108,0.15560252354144422,0.15012826844601634,0.14467,0.13862,0.1328,0.1281,0.12275208863534809,0.11738,0.11229,0.10722429457761781
07-01-2026 13:40,26074.2,0.13798,0.13149,0.13567,0.12103,0.11553724155559511,0.10998645302899901,0.104,0.10033,0.09781,0.09507379496548968,0.09207,0.09026,0.08842,0.08693,0.17851,0.17252488906969152,0.16666,0.16104,0.15485,0.1497881779301368,0.14464,0.13892158305226612,0.13308,0.12729,0.12293,0.11799,0.1126564868303391,0.10731
07-01-2026 13:45,26072.8,0.14508768406078854,0.1375,0.13104239177739446,0.12452,0.11755,0.1126,0.10788968117667334,0.10257,0.10008,0.09637,0.09394,0.09167,0.08976,0.08827,0.17844,0.17249800053321646,0.16658,0.16074,0.15528340129035018,0.14982,0.14267,0.13852,0.1329719285705168,0.1272,0.12272,0.11748,0.11227,0.10712
07-01-2026 13:50,26083.4,0.1311,0.13079,0.13071,0.11458,0.1109,0.10573,0.09955,0.09775,0.09571,0.09322184048334176,0.09049,0.08864,0.08724,0.086,0.17843199740156823,0.1727185778818585,0.16703,0.16118227215291875,0.15547,0.15029,0.14357,0.13909,0.13359,0.12855295444139814,0.1235,0.11838,0.11309,0.10797
07-01-2026 13:55,26079.6,0.13406,0.13292942790152046,0.13283,0.12454,0.11271,0.11314,0.10907842161428957,0.10267,0.09951,0.09595,0.09371,0.09128,0.08905284481794518,0.0879,0.17644,0.17088,0.1663,0.16097,0.15524,0.14995,0.1443321582112509,0.13868,0.13319,0.1277,0.12323,0.11758,0.11250996570921323,0.10731405354905421
07-01-2026 14:00,26088.65,0.12683,0.12726,0.12138302287779121,0.11506264091611076,0.10839,0.10736,0.10616,0.10270055057950014,0.09891,0.09497,0.09313503612003726,0.09048,0.08855,0.08723,0.1780106942608987,0.17238469882821816,0.16664,0.16202,0.15453,0.15055,0.14487,0.13898,0.13368,0.12808,0.12366,0.11826,0.11304,0.10766
07-01-2026 14:05,26096.3,0.11994,0.12171,0.11491,0.11011507962199579,0.10453,0.10799,0.10284,0.0997779826261597,0.09686502701941141,0.09418696435002011,0.09098,0.08933033118800715,0.0871,0.08586,0.17797,0.17139,0.1668928122100955,0.16253,0.15638696715240008,0.15048,0.14517947266935782,0.13967,0.13406,0.1293,0.1241,0.11880546720227086,0.11363,0.10834771549840222
07-01-2026 14:10,26100.95,0.11527,0.11807,0.11166,0.11098178445769188,0.11077,0.10686,0.10024,0.09667,0.09474667831860782,0.0923389031806921,0.09012147048690404,0.08774,0.08638650107972219,0.08509,0.17738190255340372,0.17169,0.16744154151462426,0.16284,0.15557,0.15024715447856574,0.1446,0.14033,0.13485,0.12963254244927658,0.12445,0.11951,0.11389,0.10872
07-01-2026 14:15,26097.3,0.12609141688337425,0.12055,0.11582881293400571,0.11114,0.10671198686293307,0.10232199060459361,0.09785,0.09586338512336592,0.09355,0.09092,0.08929909600406266,0.08749,0.08602,0.08474,0.17776,0.17148,0.16773,0.16193,0.15535,0.15096,0.14554624817443074,0.13993,0.13446,0.12926,0.12455,0.11925,0.11381,0.10886
07-01-2026 14:20,26090.7,0.12516,0.12549,0.12007558893909524,0.11458,0.10805,0.10553504443737007,0.10217,0.09626,0.09463,0.09177,0.08988,0.08799002004241566,0.08632,0.0841037684380062,0.17731346137122245,0.17108,0.16806,0.16129,0.15707,0.15100291356868062,0.14504,0.13957656692674192,0.13371,0.12826,0.12397,0.11856,0.11323,0.10826
07-01-2026 14:25,26090.45,0.1254,0.12569,0.11942273459785001,0.11309,0.11201,0.10756613211676194,0.10202,0.10011754705338737,0.09695,0.09333,0.09125,0.08945422358074867,0.08744,0.08588,0.17707,0.1728667783798578,0.16806,0.16128,0.15769,0.15125642365169661,0.14486,0.1396409876913252,0.134,0.12826,0.12384,0.11834,0.11312,0.10767
07-01-2026 14:30,26098.65,0.11775,0.11538999869099942,0.11338,0.11283,0.108,0.10375,0.0957,0.09374,0.09245,0.08931,0.08759,0.0864321659574002,0.08508,0.08388,0.17759,0.1716,0.16859,0.16182,0.15844,0.1519731157407233,0.14578,0.14087,0.13488,0.12884,0.12405068023267869,0.11906,0.11385,0.10860485429612678
07-01-2026 14:35,26088.15,0.12742,0.12736,0.12038,0.12188,0.1129,0.10654,0.10546,0.10076,0.09843,0.09465,0.09268,0.09026,0.08771673077873374,0.08538568962550269,0.17696,0.17096,0.166327232809946,0.1616067958142005,0.15715,0.15041,0.14518155988215328,0.14,0.13416,0.12909735660136118,0.12393,0.11829,0.1130459458376591,0.10792
07-01-2026 14:40,26097.55,0.11889,0.12046,0.12004767578310685,0.12266,0.10834,0.11052,0.10554814595092282,0.10004,0.0976,0.09418,0.09227628457034132,0.09003,0.08824,0.0868,0.1764367477744625,0.17267,0.16855,0.162995250562571,0.15778,0.15104,0.14536,0.14082,0.13497,0.12892,0.12414,0.11889,0.11311,0.10742691291668786
07-01-2026 14:45,26107.25,0.12396,0.11763,0.1223,0.1067,0.10319,0.10394,0.09526,0.09287,0.09155,0.08889,0.08749,0.08584,0.08476,0.08434976157602951,0.18304310972228657,0.17649349340743578,0.17012971751248643,0.16401,0.15775355676198943,0.15169,0.14639,0.14080284747294536,0.13506,0.12989,0.12485,0.11949696237402803,0.11414,0.10918
07-01-2026 14:50,26098.4,0.14400654046526482,0.13675,0.12915,0.12292,0.11794977929689031,0.11258,0.10664,0.10341758442556928,0.0996,0.09579,0.09332,0.09112,0.08933597801494356,0.08800314345544656,0.17642,0.17250065690907382,0.16839,0.16346,0.1572252320088578,0.15112,0.14581,0.14005749423474792,0.1343,0.12903241234229934,0.12372605869771701,0.11846492326216193,0.1132,0.108
07-01-2026 14:55,26113.35,0.13149,0.12732,0.11988,0.1167,0.10902,0.10408,0.10127,0.09858060091369934,0.09552,0.09223,0.09041764056125604,0.08841363256475437,0.08666311416817057,0.08529,0.17946,0.1737,0.1686755179630665,0.1636087387880799,0.15885,0.15249114076796838,0.14645,0.14127,0.13550045724907595,0.12937,0.12507,0.11986,0.11433,0.10908
07-01-2026 15:00,26123.1,0.12276,0.11978,0.11306,0.11132,0.10302,0.10122062832799578,0.09855,0.0959580078306224,0.09310535014616601,0.09028,0.08881,0.08709,0.0857385359495769,0.08446,0.17827,0.1738643723369086,0.16948,0.1653,0.15908,0.15355,0.1473,0.14211,0.13767,0.13048,0.12578,0.12037,0.11508,0.10993637671020708
07-01-2026 15:05,26133.7,0.11118,0.11022,0.1100358523605144,0.11163,0.10334,0.10225,0.09753,0.09433,0.09238296897212242,0.08993,0.08822,0.08652,0.08531488009937191,0.08421,0.17893,0.175,0.16966,0.16599,0.158763116443705,0.15163,0.14746,0.1421426852804713,0.13677,0.13081,0.12618,0.12072,0.11529,0.10998
07-01-2026 15:10,26142.1,0.09884,0.11876,0.11059,0.10662785941735772,0.10533,0.10244,0.09801,0.09482,0.09307,0.0906,0.08896,0.08737,0.08575,0.08317409677895651,0.17804499773830715,0.17441,0.17009525160936712,0.16564,0.16034,0.15424,0.14871092796543353,0.14321541256706546,0.13766,0.13155,0.12641,0.12179,0.11633,0.11055
07-01-2026 15:15,26147.8,0.10654,0.11355,0.10582,0.09637,0.09574825272990431,0.09213,0.08989,0.086,0.08722,0.08611,0.08507,0.08366,0.08305,0.08238,0.17951,0.1759,0.17108,0.16531,0.1599904973645555,0.15482,0.14842,0.14365,0.13775,0.13182,0.12758,0.12219682014576637,0.11657,0.11146268608745546
07-01-2026 15:20,26138.3,0.11792,0.12203,0.1136,0.10598,0.0986,0.09832,0.09507,0.0936660671185469,0.09046,0.08884,0.08713,0.08609116311730744,0.08502,0.08402,0.18137,0.1767045321589522,0.17198,0.16575252817555142,0.1599,0.15239,0.14836,0.14335,0.13727,0.13102,0.12552,0.12142,0.11616,0.11054
07-01-2026 15:25,26139.7,0.11638,0.12088,0.11254,0.10630283381245473,0.09944,0.09616,0.0950415431367164,0.09147,0.09192,0.08945225993060443,0.08703,0.08549,0.08295242968014159,0.08108939333034974,0.17936,0.17731,0.17159,0.16754,0.16085,0.15228,0.14936,0.14228,0.13722,0.1318067942169835,0.12627,0.12052,0.11608,0.11012
08-01-2026 09:15,26101.75,0.11678,0.10192602108995748,0.09164,0.11444,0.09806,0.1029,0.09933,0.0938,0.09226,0.09026,0.08847,0.08772393550887811,0.08673,0.08567,0.18174,0.17806,0.17069,0.16502806623768546,0.15934,0.1536748571311834,0.148,0.14234,0.13554,0.13056,0.12504,0.11961534028457729,0.11443,0.1086715681320135
08-01-2026 09:20,26109.7,0.10711,0.09173168905030848,0.0813,0.09165,0.09017,0.09083,0.08899080839973705,0.08765065643049488,0.08615479598699571,0.08478,0.0837514382337635,0.08269,0.08166838924479017,0.08055918310600593,0.18366421536997232,0.17724,0.17249,0.16585645424207068,0.15934,0.15404,0.14616,0.14272,0.13626,0.13099,0.12581640689713264,0.12057685674906167,0.11535243963666698,0.11016
08-01-2026 09:25,26087.55,0.10989,0.10751737736562528,0.10509,0.09836154377823966,0.09178,0.0908,0.08627,0.0861,0.08568,0.08435,0.08369154117116717,0.08332,0.08238834013036689,0.08170681991733227,0.1844486373411103,0.17800673911360995,0.17156,0.1655697128378333,0.15914112093780122,0.15257,0.14449,0.14138,0.13473,0.12985,0.12510189410282185,0.12037,0.11455,0.10927
08-01-2026 09:30,26063.1,0.13321,0.11121,0.10224,0.1061,0.09787,0.09834,0.09432,0.0918,0.091,0.08905,0.0879336170166209,0.08675630099129535,0.0856,0.0849,0.18109,0.17429,0.16925,0.16302556380511724,0.15695,0.15213,0.14305,0.14003,0.13411,0.1288233502672944,0.12360510345834788,0.11846157891997221,0.11343859515138802,0.10857
08-01-2026 09:35,26053.95,0.14005,0.13547154060267613,0.12911131343189397,0.1235,0.10269,0.11067,0.10566,0.10226659170296447,0.09883,0.0965786967642954,0.09402306163137247,0.0915,0.09,0.08735268647095266,0.1806492158973743,0.1746177014982486,0.16867,0.16235928533794233,0.15635,0.15153,0.14550858018764645,0.13941,0.13378,0.12774,0.12355,0.11742,0.11243,0.10685
08-01-2026 09:40,26092.65,0.08377218325942162,0.07222,0.10736,0.10182,0.09554,0.09292861758679927,0.09167573498449616,0.09023,0.08867,0.08688,0.08625949902725946,0.08526,0.08422132675574148,0.08339,0.1822880099397319,0.17621,0.17119,0.16453,0.15926522034965784,0.15415,0.14546,0.14211,0.13591,0.13053,0.12537343070617954,0.12015669242538556,0.11498123382898157,0.10987
08-01-2026 09:45,26077.7,0.12038,0.09884,0.10417403451238556,0.1063,0.09633,0.09896,0.09438,0.09337991285499518,0.09187864680781038,0.09023,0.08876374462221087,0.08718,0.08581,0.08400980937952525,0.18062,0.17472,0.17048,0.16608,0.1592343674079153,0.15256,0.14692628027455917,0.14112182516793909,0.13547800968313722,0.12961,0.12496,0.11967,0.11477,0.10919
08-01-2026 09:50,26070.8,0.12674,0.12348,0.12264,0.11845950072430184,0.11409396020309924,0.1098,0.10385,0.09989,0.09782791447415348,0.09522,0.09286,0.09054,0.08891702382931924,0.08742,0.1792777526978838,0.17457,0.1698,0.16429,0.15807736499384173,0.15191,0.14633281834630157,0.14061,0.13485,0.13013311622992735,0.12542,0.11937,0.11424,0.10857211097637058
08-01-2026 09:55,26089.4,0.11893,0.11416964982334578,0.10995,0.10776,0.1017,0.09898,0.09518,0.09178,0.0904092348730195,0.0884,0.0873793184326592,0.08609,0.08468,0.08383,0.18197,0.17577,0.17225,0.16643,0.15998531052113812,0.15377,0.14812,0.14291,0.1370769713948439,0.13162562750452825,0.12630566492618014,0.12112829149578672,0.11607866160859373,0.11113859908806939
08-01-2026 10:00,26081.9,0.12612,0.11463,0.11541,0.09567,0.0905,0.09307,0.09216,0.0894420459929737,0.08683,0.08587169152772658,0.08465923089655081,0.08348,0.08295,0.08222,0.18132686367398526,0.17531,0.1707655818818776,0.16595,0.15977,0.15308,0.14762,0.1424,0.13656995548647627,0.13036,0.12591,0.12012,0.1156,0.1098
08-01-2026 10:05,26068.05,0.13746,0.12556,0.10291,0.10337475890500206,0.09975,0.09371,0.09220605374978849,0.09019993874646944,0.08844075682974548,0.08659,0.08564,0.08442,0.08374,0.08342566824001514,0.1829,0.17444,0.16984821470980155,0.16505,0.15844,0.15236,0.1465,0.14209,0.13589,0.13005,0.12499116092675287,0.11972,0.11452,0.10903
08-01-2026 10:10,26050.3,0.13602776692522528,0.13736,0.11243,0.11244,0.11039381170488588,0.10496,0.10130671116575464,0.09617,0.09397,0.09127,0.08964,0.08530947097669807,0.08264123979815687,0.08013649512218797,0.18178,0.1745,0.16974,0.16353219157849605,0.15727,0.15117,0.14563470352563684,0.13997256620493764,0.1342,0.12900510163327703,0.1237,0.11806,0.1129403703468144,0.10773860757622669
08-01-2026 10:15,26055.25,0.16367216077106492,0.13428,0.109,0.10141,0.0969,0.09453657021554893,0.09117674883529359,0.0878,0.08731,0.08648,0.08509,0.08406,0.08321,0.08237047860410276,0.18044,0.17472,0.17055,0.16423,0.15803,0.15249,0.14583,0.14138,0.135,0.12954,0.12443,0.11934070095444882,0.11427,0.1094127483425874
08-01-2026 10:20,26034.9,0.11987585111727803,0.11514,0.11445,0.10932,0.10163,0.10165,0.09571,0.0949746312640253,0.09295,0.091,0.08918,0.08780450208384562,0.08639078116046495,0.08519,0.17801,0.17343,0.16923,0.16312,0.15709,0.15148851964243132,0.14589164429212995,0.14027,0.13414,0.12859,0.1235,0.11824,0.11347,0.10802
08-01-2026 10:25,26034.15,0.1260072860357977,0.12074,0.11635296784330262,0.11209937626457134,0.1079347777742895,0.10373452993434727,0.09973,0.09619,0.09422,0.09234537652766765,0.09026,0.08852,0.08737,0.08647515008685987,0.17913,0.17377531058677922,0.1682615519913429,0.16263360880588304,0.15706,0.15089,0.1455798147905203,0.14023,0.13396,0.1288,0.12348003082194112,0.11819,0.11258072390623954,0.10719350583770085
08-01-2026 10:30,26034.2,0.13043,0.12296,0.11721,0.11248,0.10654,0.10325,0.0989,0.09655,0.09480874479645496,0.09269,0.09096,0.08901,0.08721608600841568,0.08527949367463089,0.17952406102677054,0.17341,0.1693846068147031,0.16481,0.15625,0.15166,0.14613004452455103,0.14032481615235598,0.1344,0.12945,0.12358,0.11841,0.11343,0.10783
08-01-2026 10:35,26040.5,0.11556,0.1184,0.10955,0.10308,0.09929,0.09834,0.0955407477889001,0.0917,0.0908,0.08920845776386914,0.08801,0.08546332304605637,0.08388447269656936,0.08244812752858563,0.1804,0.17383,0.16934563647748585,0.16525,0.15828562983706837,0.15173,0.14627,0.14086,0.13472,0.12929,0.12429,0.119,0.11438,0.10882
08-01-2026 10:40,26027.15,0.12142013609439826,0.11836949188519143,0.1151221625415946,0.11157483743500513,0.10746,0.10523,0.09862,0.09657081814715128,0.09385,0.09213018574257889,0.09018,0.08883150174695044,0.08743717455737235,0.08618,0.17956,0.17298,0.16754539067884144,0.162,0.15683,0.15081018160069093,0.14466,0.13962,0.13434,0.12845,0.12310455873016371,0.11748,0.1126675836721746,0.10803
08-01-2026 10:45,26033.1,0.12777987630950532,0.12074116439945483,0.11577,0.10722,0.10473434437376969,0.10168,0.09616,0.09456588455237364,0.09228,0.09078126175101164,0.08908,0.08753,0.08701973165874344,0.08654986054444244,0.17855,0.17351397521894468,0.16848,0.1626277769752692,0.1569978465971812,0.15125,0.14402,0.1402,0.13407,0.12838,0.12398,0.11885,0.11398,0.10838
08-01-2026 10:50,26029.85,0.11819,0.12603,0.10632,0.1040179169239951,0.09795,0.09934,0.09723006105373942,0.09317,0.09208,0.09079937632145943,0.08908295276953401,0.08758,0.08634,0.08442016371453165,0.17836,0.17322750791108738,0.16804,0.16287,0.15642,0.15103825527484524,0.14565803594232352,0.14014,0.13441,0.1293,0.12408,0.11841,0.11336547783501974,0.10857
08-01-2026 10:55,26018.95,0.12741,0.13303,0.12008218966569686,0.10692,0.10671559392377043,0.10154,0.09625,0.09631238566671546,0.09332,0.09144,0.08964,0.08828,0.08684,0.08605,0.17825,0.1725,0.1672892469344836,0.16215,0.1557,0.15049,0.14465,0.13916742121856351,0.13364788675648548,0.12819164741371053,0.12289449610757266,0.11767,0.1138,0.10955023020469673
08-01-2026 11:00,26016.4,0.12889,0.11864,0.10849,0.11085,0.1006,0.10269,0.09771,0.0946,0.09377,0.09163,0.09019260788590262,0.08867,0.08761,0.08668631470828304,0.17900357789887092,0.1732985949981225,0.16758812188180924,0.16178,0.15696,0.15070832704505777,0.14414,0.139344269878315,0.13417940568123593,0.12894,0.1245,0.11922,0.11408968600370681,0.10910865668061871
08-01-2026 11:05,26011.95,0.13223,0.12934,0.12075415473066056,0.11196,0.10841,0.1012,0.09888,0.09649,0.09455774255933035,0.09243,0.0910918701522439,0.08961089898412011,0.08817,0.08698,0.1840593655095302,0.1758,0.16808,0.16128,0.15587114218580728,0.15004,0.1448783844303946,0.13952,0.13506,0.12899,0.12401101736233355,0.11898,0.11392,0.10898587069781296
08-01-2026 11:10,26009.35,0.12411254502289187,0.11859034106985225,0.11365,0.10851424118706302,0.10439796765947368,0.10029,0.09856,0.09643246481379958,0.09394297927734455,0.09127,0.08993,0.08862,0.0876,0.08655,0.17986,0.17346,0.1673440238335418,0.16112,0.15560173347804185,0.14987,0.14510236680256952,0.14024,0.13530604447707928,0.1303710160267345,0.12544,0.11999,0.11509,0.10994
08-01-2026 11:15,26005.55,0.13042950706321874,0.12268,0.1073,0.10588,0.10003,0.09851,0.09432,0.09407,0.09316,0.09112,0.0900955478888403,0.08896,0.0879923697647644,0.08703,0.18067,0.17517,0.171,0.1648524604161591,0.15869605966806186,0.15248,0.14688294313496564,0.14114,0.13579,0.13133,0.12617,0.12129041558973286,0.11635712580149236,0.111383146551921
08-01-2026 11:20,25984.4,0.14374,0.13566,0.11071,0.10416,0.09902,0.09829265888771448,0.09553,0.09345,0.09251,0.0916,0.09065,0.08947,0.0905011051015692,0.09072053801155429,0.17931,0.17494540780972362,0.17042,0.16514,0.15975346853754724,0.15444265477274116,0.14908,0.14263,0.13824,0.13264,0.12703,0.12199,0.11699,0.11194
08-01-2026 11:25,25968.0,0.13393,0.14451,0.12957884945087716,0.11621,0.10783,0.10532,0.10246,0.09972,0.09817,0.09555,0.09417990024226894,0.09258,0.09112223917862029,0.09028,0.17720943102953735,0.17343,0.16954,0.1644,0.15998,0.1537029863542479,0.1475073396008082,0.14131,0.13656,0.13102163099610664,0.12547,0.12017,0.11503619318400493,0.10994
08-01-2026 11:30,25968.05,0.15967762750341563,0.14451,0.13139518655686222,0.12041868736261463,0.10996,0.10584,0.10260654963829523,0.09904,0.0975510179484302,0.09567777663441049,0.09381,0.0924,0.09118,0.09058,0.17984272632092546,0.17458,0.17075,0.16494328787497736,0.15905920698219572,0.15315,0.14693,0.1421,0.13492,0.13068,0.12573822803127466,0.12068,0.11575099469706607,0.11084
08-01-2026 11:35,25971.65,0.1284764073065643,0.12448955692483077,0.12047,0.11645635788535519,0.11249,0.10861,0.10423,0.10083,0.09857,0.09641,0.09465,0.09281,0.09139,0.0900695896514171,0.1809014841956857,0.17483,0.17042,0.16429698720142322,0.15823,0.1525093672672529,0.14674721987409037,0.1410698273718109,0.13508,0.13020375007031101,0.12493,0.11958511632523366,0.11426,0.10886
08-01-2026 11:40,25983.85,0.13538,0.11016,0.11307,0.10963,0.10666569709062276,0.10171,0.10009687906816533,0.09626,0.09523,0.09304,0.09174,0.0905,0.08937,0.08904,0.17934,0.17422450561352856,0.16896883820248226,0.16362394428209795,0.15820058477105775,0.15302,0.14708646303471146,0.1413,0.13551,0.13019,0.12571,0.12042195662892236,0.11521,0.10985
08-01-2026 11:45,25973.8,0.12243,0.12497,0.10904,0.10927006469484064,0.10746,0.10034,0.09668,0.09628430657135145,0.0941,0.09305147061432072,0.09124,0.09009,0.08932,0.08911,0.1819267413423045,0.17567,0.17019,0.16335,0.15799666787032085,0.15249,0.14695,0.14125,0.13574,0.1303,0.12569,0.12043,0.11571,0.11036
08-01-2026 11:50,25958.25,0.12504539380326476,0.12051,0.1206,0.11501,0.10958,0.10682026897999991,0.10355025220622573,0.09931,0.09820659649400354,0.09542,0.0938,0.09237,0.09104,0.08892900700778253,0.17935092232739702,0.17465,0.16935,0.16471,0.15803,0.1514,0.14585,0.14052,0.13471,0.12923,0.12457,0.11926,0.11463,0.1092
08-01-2026 11:55,25958.05,0.11476936033168586,0.11063,0.10748218423571551,0.10429,0.1008651950928946,0.09719,0.09545239945832545,0.09325,0.09271,0.09138,0.09045,0.08941,0.08854,0.08892,0.18039,0.17555244702659084,0.17054,0.16471,0.15876510561915325,0.15281,0.14684,0.14193,0.13633,0.13149475788812284,0.12657,0.1217488668332847,0.11693,0.11220826968846632
08-01-2026 12:00,25936.15,0.12217,0.11547,0.10832,0.10600305091289375,0.10256,0.10014320839854438,0.09708,0.09569,0.09503,0.09382,0.0926,0.0917478170606196,0.09081,0.09107,0.18166654699726625,0.17552,0.17076,0.16496,0.156,0.15065,0.14638,0.1419069240861044,0.13743,0.1323549227156285,0.12733479095237032,0.12229,0.11752547468225863,0.1128
08-01-2026 12:05,25896.7,0.1448,0.13707677886865738,0.12976,0.1243,0.11772,0.11472042512437966,0.11134445640288082,0.10819769596930864,0.10487,0.10247,0.10057,0.09884,0.09779507409779084,0.09686,0.1799,0.17523,0.17000712246845134,0.16499,0.1578560467148838,0.1509120602711258,0.14378,0.1386681965340953,0.13335,0.12858,0.1239105015071258,0.11921280820035993,0.11452,0.10966
08-01-2026 12:10,25920.3,0.1311,0.12721,0.12316,0.11817429278278073,0.11304,0.10923,0.10565,0.10319,0.10149,0.09916,0.09766,0.09594,0.0951,0.09445,0.18108,0.17569,0.17006832270263714,0.16472,0.1588,0.15031,0.14606289962322944,0.14123,0.13549,0.1291,0.12563,0.12046,0.11531,0.10996
08-01-2026 12:15,25935.5,0.12866575197013738,0.12281,0.11773824858115944,0.1130588390575934,0.10827,0.10495281713242502,0.10135,0.09952,0.09774,0.09636,0.09485,0.09395,0.09295,0.09262,0.18318,0.17791,0.17292,0.16659697432630188,0.16035,0.1549,0.14931596312468892,0.14370343876250058,0.13794,0.13165,0.12804,0.1227,0.11781,0.11288
08-01-2026 12:20,25923.15,0.13462,0.12982,0.1211,0.11657,0.11259,0.10757,0.10509285164340867,0.10183,0.09983,0.09796,0.09661,0.0954839363284426,0.09427,0.09404,0.18674,0.17896,0.17478,0.16847,0.16299,0.15402,0.15118,0.1452,0.13893,0.13283,0.12839800927286343,0.1236,0.118659050294767,0.11375
08-01-2026 12:25,25934.95,0.12705,0.12349,0.11508,0.11706,0.11002,0.10707940723611493,0.10373,0.1013,0.0995643812979237,0.09751,0.09623559158984474,0.09469,0.09344,0.09341,0.18718,0.18072020556334434,0.17429,0.1683185389910975,0.16228,0.15913,0.1519983914204662,0.1449,0.13854,0.13267,0.12842,0.12325181980337266,0.11803,0.11335
08-01-2026 12:30,25935.9,0.12309,0.12295,0.11958,0.10904,0.10503,0.10225329112412385,0.09853,0.09758,0.09630246310451218,0.09479,0.09370955170415012,0.09246,0.09168,0.09175,0.1836214259900271,0.17987,0.17521,0.17092,0.16417361557577217,0.15748380622324815,0.15083,0.14631,0.14024416970727172,0.13405,0.13004,0.12477,0.11989,0.1151363947243828
08-01-2026 12:35,25914.7,0.13927,0.13463,0.12855147470817996,0.12247310513073262,0.11617,0.11019,0.10765798711002397,0.10462,0.10226,0.10045603927718433,0.09854792669940518,0.09653,0.09498,0.09504,0.18467,0.18126,0.17428632770522962,0.16729,0.16143,0.15625,0.1514,0.14427,0.1383142926544071,0.13174,0.12718057057916793,0.12192,0.11685069240883118,0.11202
08-01-2026 12:40,25920.75,0.13825428256422245,0.13148,0.12396658641635933,0.11739,0.11421,0.11054378520713673,0.10652,0.10369,0.1016024620047786,0.09919,0.09712,0.0957,0.09428,0.09345319186375488,0.18451,0.1783,0.17334,0.16724964426832745,0.1613,0.15799,0.1510559635828714,0.1443,0.13768,0.1326229148892698,0.12707425948645212,0.12173677829722934,0.11665226655183117,0.11197
08-01-2026 12:45,25921.8,0.13509,0.12506344823614646,0.11644,0.11302,0.10968,0.10613,0.10413321850773337,0.10173,0.09984,0.09802,0.0966010094481784,0.09516295413888547,0.09385,0.09288376213953159,0.18459,0.1782,0.17427,0.16751,0.16183,0.15808,0.15148322734713265,0.14505,0.13877743578715707,0.13223,0.12851,0.12311,0.1179977191543528,0.11301
08-01-2026 12:50,25913.2,0.1312,0.12177942550222211,0.11517,0.12057,0.11561225541096132,0.11085,0.1067,0.10483489746570487,0.10171,0.09974,0.09825,0.09706974436102483,0.09576153618366094,0.09513,0.18103712988404563,0.17763,0.17466,0.16852772028303828,0.16249,0.15658602052796922,0.15086,0.14408,0.1378285546630298,0.13137,0.12726,0.12213110962759044,0.11699,0.11152
08-01-2026 12:55,25910.65,0.1328,0.13677,0.11648,0.11637336664970574,0.11238,0.10766,0.10469,0.10295,0.1008,0.09934585385352453,0.09733,0.09612,0.09476,0.0946,0.18504,0.17875,0.17514,0.16873,0.16237677756014335,0.15619072020339111,0.15000531645857415,0.14379,0.13734,0.13127,0.1265592108660944,0.12162,0.11703,0.11243791051888782
08-01-2026 13:00,25905.65,0.13583,0.13928,0.13124755259230758,0.12451,0.11087,0.11208,0.11167324152823044,0.1088113748102393,0.1057720383641321,0.10241,0.10025,0.09844,0.09673,0.09617,0.1849,0.17824,0.17416,0.16839,0.1622190298708266,0.15642,0.14973,0.14397076314742208,0.1380781958670913,0.13232235898727457,0.1265,0.12156,0.11548511946672364,0.10976736141228587
08-01-2026 13:05,25924.95,0.12353,0.12931,0.12087,0.11706,0.10851,0.10785405456292774,0.10560141777931822,0.10217,0.10137029909298759,0.09922011002066952,0.09718857794505556,0.09538907366887409,0.09364,0.09321,0.1851505575504773,0.17959,0.17537,0.16857,0.16325,0.15786,0.15166,0.14501,0.13873240289219518,0.13215,0.12785,0.12213,0.11736,0.11212
08-01-2026 13:10,25922.25,0.13656,0.12639,0.12313106820226818,0.11962,0.10956,0.10857879799551963,0.10625553378178737,0.10381,0.10093,0.09930884444837854,0.09753862609662556,0.09566,0.09417,0.0937,0.18665,0.17942,0.17404,0.16823938530273663,0.1625,0.15598,0.14979,0.14416,0.13714,0.13092,0.12699,0.1215526416877106,0.11611,0.11058
08-01-2026 13:15,25921.8,0.13383389818647545,0.12666,0.12001,0.11462,0.10975,0.10641,0.10299,0.10108693844405008,0.09863,0.09725,0.09579,0.09436969122382716,0.09295,0.09277,0.18324055342292564,0.1794,0.17502,0.17019,0.16319,0.15771955639536628,0.15262,0.1448,0.13804,0.13155,0.12777,0.1221,0.11680682871922601,0.11163
08-01-2026 13:20,25914.55,0.14112,0.13257357025980726,0.12448726572348359,0.11617,0.10916,0.10646,0.10447,0.1013,0.09915,0.09761,0.09635386125139522,0.09483,0.09341,0.09347,0.18367128143663955,0.17892,0.1738137279331854,0.16863,0.16309,0.157,0.15074584454079487,0.14458,0.138,0.13155,0.12751,0.12179,0.11657041396961716,0.11148
08-01-2026 13:25,25911.75,0.14273,0.11662,0.11445302065288572,0.1095267997298178,0.10431,0.10172,0.09957,0.0983336437733971,0.0970104935063193,0.09573219611568318,0.09439,0.09305,0.09270774265678548,0.09239,0.18654,0.178,0.17436526627733717,0.17066,0.16372,0.15681,0.15234,0.14556,0.13950069616305816,0.13278,0.12901,0.12389848264227883,0.11871,0.1133
08-01-2026 13:30,25888.65,0.15494,0.12545,0.12737,0.12153,0.11869453662820548,0.11447323631236098,0.1106066038876665,0.1054,0.10268,0.1015140673807005,0.09919,0.09714,0.0957,0.09295839835481115,0.18496,0.17858,0.17384,0.1659,0.16123,0.15498457565217097,0.1486320735894558,0.1423,0.1359,0.12941,0.12478035958569758,0.11989,0.11478,0.10939
08-01-2026 13:35,25907.5,0.13114,0.12430689332236013,0.11856,0.11656,0.10942,0.10737,0.1051211362516524,0.10234,0.09968,0.09784,0.09675,0.09513,0.09392,0.09367,0.18702,0.17624,0.17407,0.16726,0.16178,0.15753,0.1503034580474492,0.14287,0.1376910555676584,0.1320523345524281,0.12657436654285353,0.12114917781749614,0.11563,0.11024
08-01-2026 13:40,25901.95,0.132,0.12644915040760313,0.12127,0.1177,0.1141718720149369,0.11113865871612622,0.1079394571727432,0.10478049918177942,0.10158960197906905,0.09908,0.09736485968238534,0.09581849602416592,0.09445,0.0942,0.1773079669284624,0.17587,0.17385,0.16761030040913016,0.16153,0.1547,0.14847,0.14279,0.13615,0.13003,0.12515982223562133,0.1201213395068162,0.11509,0.10991
08-01-2026 13:45,25914.15,0.12419,0.11049,0.12285,0.11764,0.11258395130260057,0.10922908687192619,0.10554,0.1032,0.10095,0.09865,0.09752,0.09555,0.09387,0.09366,0.18446,0.17653,0.17324,0.16776,0.161,0.15561,0.14841,0.14238,0.1368847585957304,0.13109447932696772,0.12515,0.11953,0.11462,0.10847657055615623
08-01-2026 13:50,25911.55,0.12595,0.12756,0.12328,0.11731082692878175,0.11156,0.1097,0.10648,0.1038,0.10147,0.09965713629449946,0.09742,0.0955,0.09384,0.09225662888883489,0.1843,0.17656,0.17239,0.16713,0.16083,0.15543,0.1476,0.14185,0.13577198774665677,0.12901,0.12495,0.11895,0.11414,0.10917
08-01-2026 13:55,25926.6,0.13177872460753762,0.12702,0.11579,0.11513,0.11104,0.10727181523388502,0.10242,0.10155383296888301,0.09911,0.09696,0.09542,0.0937,0.09229,0.09191,0.18372,0.1776,0.17346,0.16678,0.1614213773236794,0.15655,0.14783,0.14195,0.13582267317042546,0.12932,0.12499,0.11922,0.1141266636786388,0.10919
08-01-2026 14:00,25936.35,0.12216281798319735,0.1175706288517672,0.11353436267652436,0.11052,0.10497,0.10471,0.10075,0.09922202368978417,0.0973676658166672,0.09565492433418754,0.09409145023853169,0.09269247458778539,0.09121,0.09073,0.18536652805429443,0.17937564900036354,0.17364,0.16748,0.16161,0.15728,0.15000604776301285,0.14293,0.13609,0.13009,0.1252923064055872,0.12019,0.11524,0.11019
08-01-2026 14:05,25930.35,0.11223,0.11294321835662685,0.11388,0.10824,0.10288,0.10302,0.09939,0.09783,0.09644516546095391,0.0946,0.0931786462447582,0.0916888914298781,0.0905,0.08864757654327354,0.18401,0.17855427501829638,0.17306,0.16720634947583451,0.16149,0.15492381080231865,0.14839,0.14239606637142416,0.13619,0.12993,0.12574,0.11978,0.11547,0.11007
08-01-2026 14:10,25918.0,0.12404683056800013,0.12239834337570986,0.11963,0.11897,0.11452,0.1106165043929664,0.10690838497953933,0.10303,0.10038,0.09775,0.09634,0.09436,0.09285,0.09241,0.18193,0.17706,0.17256,0.16621,0.16062,0.15337,0.14778370038229327,0.14216,0.13536,0.12937,0.12435864269074177,0.11915,0.11411819760393382,0.10909
08-01-2026 14:15,25928.1,0.12299784576683415,0.12166,0.11446,0.12067,0.11433701808327272,0.10934,0.10438,0.10159,0.09926,0.09745506591544652,0.09504,0.09328,0.09216674833708695,0.09133,0.1830617244363744,0.17777,0.17223,0.16661,0.1601812418709378,0.15380193529402342,0.14746,0.14187,0.13505,0.12877,0.12401,0.11844,0.11310754717815748,0.10785
08-01-2026 14:20,25935.4,0.13496,0.11721,0.12441,0.11023,0.1087,0.10515921842877671,0.09895,0.09649,0.09506,0.0934,0.09194,0.09027,0.08936682634952872,0.08901,0.18095,0.17527,0.17148,0.16355,0.15899379016218174,0.15465,0.14708,0.14097754263170614,0.13472,0.12884,0.12416,0.11900976151063869,0.11382261131896008,0.10851
08-01-2026 14:25,25922.75,0.1347385201446479,0.12481,0.11587618163124035,0.10787,0.1046639117773687,0.10105,0.0994465729507659,0.09753487384718781,0.09576327202856452,0.094,0.09245,0.09096,0.08972,0.08928,0.18314,0.17546,0.17056783286547172,0.16527,0.1604,0.15514,0.14869896963626672,0.14255,0.13644611808178492,0.12967,0.12507866869303205,0.1199328868541677,0.11485,0.10948
08-01-2026 14:30,25906.05,0.13827,0.13385,0.1379,0.12758,0.12218,0.11544,0.11051,0.10707,0.10419,0.10081,0.09828772051305816,0.09595,0.0940437470297223,0.09237187260169911,0.18033,0.17553,0.17091,0.16411,0.15937,0.15227,0.14627,0.14010033532694333,0.13373,0.12739,0.12271,0.11712,0.11207,0.10621
08-01-2026 14:35,25930.65,0.12256,0.12021,0.12677,0.11586,0.11047,0.10851,0.10262,0.09925,0.09721,0.09540439999702549,0.0933,0.09138,0.08976,0.08845954718444565,0.18112,0.17722,0.1712,0.16569,0.16001902022268566,0.15463,0.14743,0.14175,0.13484,0.12871,0.12370854046969026,0.11845,0.11364,0.10922898779561574
08-01-2026 14:40,25928.05,0.12441,0.12020438368275527,0.11622615382903963,0.1124353158217819,0.10867,0.10578,0.10106,0.09956327354500509,0.09753,0.09475,0.0932498269796467,0.09156689306075558,0.09002,0.08972,0.18119,0.17706,0.17122,0.16552,0.1594242910916652,0.15346,0.14686,0.14132,0.13493861096879556,0.12841,0.12388,0.11793,0.11287375868406135,0.10801
08-01-2026 14:45,25926.4,0.12557,0.12249553694985058,0.11923,0.11485,0.11037,0.10627530828498225,0.10178,0.09907,0.09678,0.09467,0.09323265684128436,0.09151,0.09017,0.0897,0.18282,0.17696,0.17020663076077158,0.16335,0.15887,0.15278,0.14648,0.14097,0.13398,0.12857053835057253,0.12295,0.11748,0.1122709205924976,0.10713
08-01-2026 14:50,25932.65,0.12118,0.11905,0.11395813788326993,0.10868411013907552,0.10319,0.09986530839260599,0.09626,0.09518,0.0935569377987291,0.09175,0.09056122084517364,0.08918,0.08805,0.08799,0.18086,0.17476,0.1696988427628615,0.16460355180446115,0.15964,0.15337828490042132,0.14722,0.14169,0.13516801252949925,0.12848,0.12409,0.11849,0.11391,0.1087992788772325
08-01-2026 14:55,25918.9,0.13056,0.12709,0.11884062032889516,0.11014,0.1061,0.10315,0.09977,0.09788433058493175,0.09557,0.09352,0.09229,0.09090801644682642,0.08947,0.08904,0.18171,0.17384,0.17044,0.16591,0.15867,0.15269,0.14664650598207216,0.14055,0.13422,0.12784,0.12326,0.1172,0.11302,0.10728
08-01-2026 15:00,25894.05,0.13278580208256088,0.11947,0.10472,0.10119,0.09941597085054216,0.09672859406300977,0.09391,0.09234,0.09109,0.08992,0.0891,0.08863992752595508,0.08813273591246948,0.08774,0.18089,0.17443121670785083,0.16835454781423434,0.16234,0.15753,0.15062,0.14532,0.13894,0.1332,0.12671,0.12274,0.11794801576260387,0.11307,0.10868170950372565
08-01-2026 15:05,25867.85,0.13369,0.12731,0.12359,0.11508,0.10997,0.10677940902168662,0.10299,0.10031,0.09847100046119406,0.09670572779071832,0.09495303271695617,0.09341547441482864,0.09204,0.09182,0.177,0.17062,0.16675,0.16034,0.15396,0.14916,0.14285824123586144,0.13662,0.13044,0.12476,0.11993953936341109,0.11500401676467711,0.11008,0.10543
08-01-2026 15:10,25878.85,0.12072277274597187,0.11823569626145665,0.115,0.11272,0.10881759787279398,0.10484014120485774,0.1008,0.09855,0.09645,0.09503067923024017,0.09346,0.09228024882279132,0.09113,0.08986056614054198,0.17776,0.1722,0.16669569574336407,0.1613,0.1552167281088121,0.14926,0.14305,0.13722,0.13131888688212856,0.12524,0.12102,0.11595061789256236,0.11072,0.10573595020528866
08-01-2026 15:15,25875.3,0.13029,0.11994,0.11446,0.11087129445124813,0.1063,0.10282,0.10033,0.09768,0.0959,0.09438629911648103,0.09259,0.09148,0.09008,0.09017,0.17603983677357696,0.17032,0.1655376996142114,0.1601247808096031,0.15484,0.14784,0.14306,0.13708,0.13093,0.12467,0.12034626972421515,0.11562,0.11074,0.10516987817135076
08-01-2026 15:20,25877.45,0.13005,0.12392,0.1161759511045256,0.10786,0.10519355658617095,0.10106,0.09813,0.09608,0.09453,0.09289951273528965,0.09119,0.09032,0.09003601009596349,0.08981608317329264,0.17703,0.17111,0.16676228118292624,0.16272,0.15578,0.14932,0.14283,0.13697278772725086,0.13088,0.12505,0.1205493534489784,0.11589,0.11115404077302041,0.10639
08-01-2026 15:25,25872.2,0.12803,0.11592,0.11061,0.10494,0.10007,0.09872,0.09627218324060059,0.09347,0.0934,0.09222341285501409,0.09086,0.0897,0.0883,0.08906,0.1797607854325267,0.17433,0.16633687071090264,0.1595342858438447,0.15205,0.14804320533899284,0.14311954832575707,0.13817,0.13174851276761435,0.12504,0.12242,0.11678,0.11259,0.10726025924445703
09-01-2026 09:15,25899.85,0.14298,0.12727,0.12430284372863787,0.12017020656085856,0.11599,0.11149,0.10790272994579586,0.10428897160283829,0.10051,0.09754,0.09616,0.09435124478051288,0.09254,0.09258,0.17626,0.17271976363721922,0.1685,0.16185,0.15604,0.1504268632431976,0.14488089865701506,0.13935,0.13353,0.12681,0.12252,0.11718,0.11207177420774157,0.10734
09-01-2026 09:20,25916.2,0.13305,0.11169796417067707,0.09457,0.09091,0.08856,0.08824,0.08706,0.08685,0.08601136153373785,0.08505,0.08477,0.08448,0.084,0.08518,0.18071583713545097,0.17484,0.16986,0.16384427864936774,0.15780405238533335,0.15175,0.14643,0.14073,0.13492,0.12918,0.12468340094154877,0.11994,0.11558702821660993,0.11126
09-01-2026 09:25,25858.55,0.13567,0.12722,0.11984840377962788,0.11184,0.10806,0.10555,0.10028,0.0978,0.096,0.09455148738565321,0.09284,0.09082,0.09082815621313334,0.09067,0.1768,0.17166635643584963,0.16645,0.16050308405403052,0.1546,0.14865,0.14395,0.137,0.13104,0.12573,0.12155,0.1165,0.11183941122019969,0.10728
09-01-2026 09:30,25855.3,0.11631,0.11437225771207388,0.1117595487810798,0.10938,0.10492,0.10179,0.09982,0.09624,0.09472,0.09374846934517747,0.09208,0.09097,0.09054040949825234,0.09032,0.17635,0.17114,0.16663,0.16076110384479056,0.15504,0.1490369571043551,0.14304,0.1373587667425101,0.13162061444373985,0.12588,0.12172,0.1166,0.1125,0.10776
09-01-2026 09:35,25832.05,0.13099,0.1306,0.12762,0.11887100245200431,0.11021,0.10683,0.10345,0.10058,0.09832691232194626,0.09572,0.0948054317287701,0.09351,0.09324742157455565,0.09299,0.17473319587543096,0.16911,0.1652,0.15805,0.15336,0.14717,0.14198,0.13561,0.12998,0.12431,0.11981488079076517,0.11510294278456867,0.1104,0.10589
09-01-2026 09:40,25822.35,0.14028,0.15544,0.14081,0.13477868603106868,0.12985239576424007,0.12536152132381023,0.11972,0.11579094064997879,0.10968,0.1066,0.10454821738109857,0.10112,0.09868,0.09897,0.17414,0.16845,0.16395,0.15682,0.15185,0.14647,0.14004,0.13288,0.12687,0.12193719592450006,0.11665,0.11089,0.10643,0.10141
09-01-2026 09:45,25853.6,0.12218,0.14562,0.1343112724818999,0.12956,0.12273188378120092,0.11759,0.11166,0.10913748501752563,0.10425,0.10243472940933004,0.09868,0.09701,0.09465,0.0947,0.1758,0.17066422459046096,0.1652186912635552,0.1598,0.15345,0.14729464240868959,0.14120607667104934,0.135,0.12908,0.12400613650092768,0.11879,0.11382548226221882,0.10881169310451111,0.10386
09-01-2026 09:50,25857.2,0.14752,0.13771487059613208,0.1292,0.12532,0.12018857015458351,0.11474,0.10985,0.10596,0.1034349861400724,0.10070281036379489,0.09786,0.09569,0.09486805040551552,0.0942,0.17726,0.16998,0.16583,0.16015829989442115,0.15437668527232654,0.14876,0.14232787831838198,0.13581,0.13058574599175804,0.12512969840826554,0.11946,0.11484200229998541,0.10996,0.10532
09-01-2026 09:55,25884.0,0.13679705765355565,0.13078,0.12877,0.1207,0.11479,0.11041,0.10683,0.10269,0.09982,0.09704,0.09541,0.09358,0.09172,0.08969867286394785,0.1781993788064053,0.17206,0.16751,0.16047,0.1539,0.15059,0.14326,0.13759,0.13157,0.12543,0.12086129623066277,0.11582999469075649,0.11110851251035174,0.10705
09-01-2026 10:00,25894.2,0.12583,0.11041,0.10847,0.10658367533666233,0.10376,0.10087,0.09838,0.09644720578501167,0.09421,0.093105160216943,0.09171,0.0903,0.08883,0.08974,0.17901373925561562,0.17232,0.16905,0.1624017295434136,0.15589,0.14987760028487518,0.14373,0.13851,0.13249,0.12646,0.12183555131879556,0.11687,0.11256,0.1070742312851641
09-01-2026 10:05,25862.35,0.14485,0.12893,0.13607,0.12919,0.12103061819492618,0.11323,0.1088,0.10481,0.1016,0.10010620043482552,0.09707,0.0948,0.09299,0.09339,0.17742,0.17239,0.16723,0.15954,0.15396,0.14826,0.14211,0.1363583015963779,0.1305,0.12458,0.11962736249821315,0.11443,0.11017,0.10536
09-01-2026 10:10,25871.6,0.13977,0.1223,0.1204,0.10981,0.1064,0.10257,0.09915,0.09708434812222128,0.09445,0.0929,0.09191,0.0912463053887666,0.0905462178011846,0.08995,0.17901,0.17304,0.16769,0.1604,0.1555,0.1496021682315501,0.14361420604770558,0.1376,0.13158,0.12554,0.12159,0.11609,0.11181,0.10733445712245263
09-01-2026 10:15,25866.2,0.13361,0.12299,0.11845,0.11413273508558056,0.10939874283340231,0.10452,0.10083,0.09703,0.09536,0.09384,0.09267174486056354,0.09137771955254705,0.09015,0.09082,0.17772,0.17268,0.16713,0.16003,0.15512,0.14903,0.14257,0.13707,0.13106,0.12554,0.12071,0.11517,0.11127,0.10689491999941031
09-01-2026 10:20,25855.2,0.14424671965110716,0.13817,0.13246,0.12533,0.11987,0.11345246509774155,0.10634,0.10197,0.09926,0.09696,0.09535,0.09359,0.09239,0.09265,0.17907,0.17333044979666123,0.16728714084739246,0.16128,0.15434,0.14824,0.14161,0.13586,0.12998,0.1247182880543131,0.11918,0.11401,0.10915904108726476,0.10442
09-01-2026 10:25,25858.65,0.15299,0.14164,0.13545,0.128,0.12139810699695286,0.11408,0.10968,0.10496,0.10207,0.09932,0.097301941719595,0.09509,0.09331,0.09275501700064084,0.17933,0.17361621201378172,0.1678,0.16154,0.1552199561529148,0.14896,0.1416,0.13626,0.13014,0.12433,0.11992,0.11431,0.10950248333310672,0.10487
09-01-2026 10:30,25876.25,0.13138052439628314,0.12319,0.12244,0.11272962948883036,0.10194,0.09806,0.09564,0.09339,0.09181,0.09045,0.08954,0.08862,0.0876,0.08862,0.18055,0.17554,0.16925,0.16352,0.15555,0.14981944834517522,0.14400448088810974,0.13813,0.13222,0.12616,0.12175,0.11726238281222023,0.11267,0.10792
09-01-2026 10:35,25856.25,0.13386,0.12186,0.11509,0.11409,0.11083,0.10442,0.10153,0.09794,0.09652,0.09498616528663253,0.0931,0.09173353403532658,0.09015,0.09111,0.17919,0.17291,0.16785,0.16049,0.15512,0.14913056875178604,0.14305767085681384,0.13699,0.13113,0.12489,0.12016471669781822,0.11514,0.11095,0.10594
09-01-2026 10:40,25848.5,0.13828,0.13072,0.12174,0.11715344835298333,0.11156,0.10677,0.10343,0.09947,0.0979064179592623,0.09601280770721869,0.09413,0.09245,0.09199174689920513,0.09146384570231818,0.177,0.17175,0.16606884811957434,0.1605,0.15457,0.14841,0.14173,0.13616,0.13031,0.12505586813388417,0.11965,0.11418,0.10950095632830625,0.10499
09-01-2026 10:45,25856.0,0.1338884368381327,0.12691,0.12057563819445502,0.11479823198157059,0.10894,0.10518956194258999,0.10107,0.09729,0.09535,0.09318,0.09212,0.09100029616078406,0.08965,0.09047,0.17645672030762838,0.17163,0.16709,0.16105,0.15497,0.14883769041480954,0.1427492545492336,0.13662,0.13056,0.12437,0.11984,0.11436,0.10963222420900967,0.10507
09-01-2026 10:50,25857.85,0.12575,0.12071,0.10942,0.1029,0.10115,0.09755,0.09568218136991531,0.09365211669992164,0.09179430855297649,0.08997,0.08915,0.08962716817307816,0.0900025554676531,0.09067582202367143,0.17913,0.172,0.16724,0.16115683678184606,0.15511,0.14851,0.14315,0.13715,0.1306,0.12494,0.12071,0.11531,0.11159,0.10663
09-01-2026 10:55,25829.65,0.12173,0.13509,0.1134,0.11215,0.10597,0.10186,0.09907,0.0963,0.09507,0.09307,0.0924,0.0914112987936136,0.09028,0.09146,0.17605449205533996,0.17006,0.16565,0.15919,0.15285220055888277,0.14645,0.14104886740371458,0.13537,0.12942,0.12440951057750894,0.11907,0.11462169475026598,0.11001,0.10509
09-01-2026 11:00,25812.95,0.1716930010505539,0.14272,0.11773,0.11095,0.10633,0.10370770743632751,0.10024490937456695,0.09664,0.09499,0.09329,0.09252,0.09146,0.0908,0.09218,0.17375,0.16891,0.1641,0.15801,0.15038,0.14383,0.13952,0.13385,0.12801,0.12206,0.11785,0.11322830237099601,0.10853313579633557,0.10372
09-01-2026 11:05,25810.2,0.13273,0.12537749211781166,0.11842,0.1140805637473129,0.10914,0.10589402615830817,0.10222,0.0984,0.09696,0.09543346560504196,0.09354,0.09227,0.09127,0.09265,0.1731,0.16874,0.1632598075921281,0.15782,0.1536,0.1469080656613495,0.14023395799214877,0.1334,0.12724,0.12214,0.11763,0.11213,0.10759654653329268,0.10277663647761953
09-01-2026 11:10,25819.45,0.11928705813083082,0.11504,0.11078,0.10650287644895814,0.10212,0.09707,0.09541236650246945,0.09292,0.09129,0.09002,0.08973,0.08945,0.08886,0.08852272061028023,0.17655,0.1704416347219439,0.16439,0.1585,0.15188,0.14781,0.14072,0.13474,0.12887,0.12394505982391252,0.11867,0.11354,0.10999,0.10613945030344774
09-01-2026 11:15,25805.3,0.12636,0.11857,0.11471392844359449,0.11045,0.10525,0.10244485711065446,0.09905,0.09601,0.09436,0.0927,0.0923,0.09144,0.09163926418865209,0.09211892812241401,0.17514,0.16963766203631794,0.16398,0.1575,0.15209624799262628,0.14676,0.14032856989075895,0.1339,0.12832176885344032,0.12245,0.11768694432384687,0.11268,0.10864,0.10376
09-01-2026 11:20,25797.5,0.13231736289357132,0.12365,0.1158,0.1108915818649899,0.10532,0.10169,0.09969,0.0968,0.09541,0.09379,0.09248,0.09198,0.09139,0.09279,0.17105,0.17038,0.16344,0.15695,0.15129,0.1454,0.13942625040360074,0.13307,0.12716,0.12153,0.11701,0.11238670686613164,0.10775,0.10286
09-01-2026 11:25,25799.65,0.12800280085508084,0.12292,0.11743,0.11411,0.11000088327138645,0.10561,0.10227,0.09918,0.0971,0.09498,0.09443,0.09333,0.09254,0.0939,0.17363,0.17055,0.16429322876746044,0.1578266800487037,0.15146,0.14637,0.13926,0.13349,0.12771967480408403,0.12162,0.11711,0.11184,0.10764,0.10342294780906326
09-01-2026 11:30,25809.4,0.12855,0.11854272359034791,0.11141071441637193,0.10497,0.10617,0.09831,0.09527,0.09449272673837825,0.09225,0.09053,0.09081572757871645,0.0904011466472234,0.08972,0.09155,0.17384,0.16829,0.1627990451575415,0.15730468128051764,0.15186,0.14628,0.14001,0.13442559602710114,0.12883663429673925,0.12340327435901183,0.11795,0.11330586307900634,0.10870966069865068,0.10429
09-01-2026 11:35,25776.0,0.12220548702874756,0.11714606863352385,0.1124,0.10842,0.1043,0.10161422211628124,0.0987765993661534,0.09582,0.09455,0.09282,0.09248,0.09187,0.09137,0.09174277044403406,0.17295,0.16871,0.16309401653220454,0.157463683701779,0.15163269495747908,0.14588,0.13918,0.13343,0.12793352703146726,0.12214,0.11801,0.11366878094086133,0.10927,0.10467
09-01-2026 11:40,25764.3,0.12402,0.11852793294086587,0.1134326766384926,0.10838,0.10458,0.10002,0.0986363472530559,0.09684840444960825,0.0949,0.09302,0.09277,0.09251296857865332,0.09178,0.09368,0.17327,0.1679,0.1635,0.15682,0.15015,0.14304,0.13917,0.13286,0.12777404766717057,0.1226976915776675,0.11762,0.11281,0.10811104598901297,0.10355587401771366
09-01-2026 11:45,25759.6,0.1246,0.1174,0.11296,0.10788,0.10384,0.10164976584846475,0.09909,0.09739497808932315,0.09555432223006588,0.09381,0.09331832132679407,0.09289,0.09296545497241808,0.09341946863561362,0.17404,0.16779,0.16335,0.15714,0.15348,0.1448,0.13893379688473223,0.13273,0.1273,0.12195,0.11783,0.11298,0.10925,0.10483
09-01-2026 11:50,25748.85,0.12195097729358895,0.11755925890017356,0.11349954494271064,0.10977303577756654,0.10639,0.10327,0.10085,0.09828,0.0968716739259614,0.09501,0.09427,0.09372,0.09334,0.09353904247130078,0.17309,0.16704,0.16363,0.15747745649421335,0.15184,0.14262,0.13909,0.13266,0.12732,0.12158,0.11764,0.11272,0.10848605322816329,0.10450448303566634
09-01-2026 11:55,25747.75,0.12476,0.12003,0.11486135700662892,0.10947,0.10663207115694469,0.10313,0.10054704694557987,0.09761,0.09638,0.09487,0.09399,0.09403564096988401,0.09347,0.09537,0.17387,0.16928,0.1649,0.15866,0.15149822491975434,0.1445843318049268,0.13755,0.1325131322531175,0.12728041674729917,0.12219,0.11814,0.11368068327189085,0.10922,0.10487
09-01-2026 12:00,25743.15,0.13228,0.12221,0.11891,0.11635,0.11200010750231845,0.10741,0.1041993405076985,0.10049,0.09866,0.09675,0.09587,0.09556146489480091,0.09475,0.0964,0.1719191085025209,0.16802,0.16358,0.15747713093488536,0.15158,0.14386,0.13803251580817077,0.13202,0.12579,0.12008,0.11553430019818661,0.11067,0.10671,0.10182
09-01-2026 12:05,25753.7,0.12165,0.12006,0.1133,0.10895921445101822,0.10417,0.10205,0.09949,0.09693,0.09573664515392548,0.09403,0.09353,0.09325,0.09313,0.09280305548724849,0.17411,0.16947421365549514,0.1647,0.15928,0.15238,0.14468,0.14064,0.13363,0.12786493260691797,0.12176,0.11758,0.11235,0.10889,0.10423
09-01-2026 12:10,25746.8,0.11672,0.11435,0.10901,0.10609061596921865,0.10277,0.10029,0.09794,0.09663734327644852,0.09496,0.09365,0.09328,0.0936378806347423,0.0935,0.09519,0.17406,0.1685,0.16421,0.15878,0.15202874284195883,0.14545448873431327,0.13886,0.13416,0.12796,0.12188,0.11816,0.11283,0.1091,0.10519941293926441
09-01-2026 12:15,25744.0,0.1284,0.11526,0.11198760771035302,0.10793983658732088,0.10388,0.10155,0.09961960938926823,0.09761811599691483,0.09568,0.09451,0.09370052170513173,0.0932825555491175,0.09324720404553798,0.09359899154318048,0.17629333469896788,0.16926,0.16352,0.15701221017819353,0.1504098512750197,0.14389524604524112,0.13744,0.13277,0.12678,0.12193164448638139,0.1169,0.11181,0.10814,0.10390050169977114
09-01-2026 12:20,25738.7,0.11805,0.11418,0.10967099622950374,0.10497,0.10187,0.09897,0.0973,0.09588558076332732,0.09412,0.09323,0.09295,0.09372467904543472,0.09452683984015864,0.09568,0.17311,0.16962,0.16271963619526433,0.15587,0.15058,0.14357,0.13789,0.13214,0.12587,0.12118716855347647,0.11642511959729404,0.1116,0.10755277901022817,0.10358
09-01-2026 12:25,25737.5,0.10941,0.10511,0.10629,0.09865,0.09742,0.09620291057118528,0.09433,0.09271,0.09196,0.0914,0.09129,0.09187,0.09267,0.0947,0.17366,0.16534,0.1611456907810201,0.1569,0.1502975375600282,0.14376,0.13857788791189063,0.13292,0.1272607529481557,0.12104,0.11744,0.11276,0.10714717336277733,0.10231193539384578
09-01-2026 12:30,25724.25,0.11536,0.11023,0.1069,0.10431,0.10061,0.09884,0.09649,0.09464,0.09402,0.09313,0.09304,0.09347,0.09482632291026291,0.09648,0.1711075870291857,0.16442,0.16377,0.15531,0.15051,0.14450660439760105,0.13847412170585277,0.13242484205829402,0.12577,0.12044,0.11671,0.11256304840857875,0.10843,0.10371
09-01-2026 12:35,25712.65,0.11323,0.10829,0.1045,0.10192,0.09951,0.09812991444384098,0.09626,0.09479,0.09436,0.09358,0.0939,0.09457,0.09610357341954961,0.0979,0.17473780498855815,0.16956,0.16529,0.15895612790536107,0.1524644149872474,0.145900418162614,0.13946,0.13458,0.12846,0.1242919888789421,0.11983,0.11583585346539946,0.11176,0.10717
09-01-2026 12:40,25689.45,0.11739,0.11336,0.10882,0.10546,0.10281,0.10124,0.09950591348677079,0.09745,0.0966,0.09654635968189401,0.09592,0.09656,0.0978,0.09994,0.1751,0.16944020323784875,0.1636950922247749,0.15788847142064238,0.15211,0.14599,0.13954,0.1342,0.12921800939899875,0.12410178749620326,0.11887,0.11394,0.11,0.10574
09-01-2026 12:45,25685.25,0.10932,0.10703299246663311,0.1047673558676605,0.1025,0.10025155498063323,0.09812,0.09741713383288698,0.09648626608105906,0.09572976218927176,0.09488,0.09577,0.09679,0.09771388260747176,0.09870980539692215,0.17535,0.1702798209579201,0.16505,0.1584290179300239,0.1518732407792491,0.14521,0.13911,0.13377,0.12754,0.12272,0.11887,0.11426,0.11071,0.10649775760364004
09-01-2026 12:50,25678.5,0.12829,0.12174945462185395,0.11553,0.11167719370194006,0.1072,0.10395,0.10167,0.09964,0.09878,0.09762,0.09841041566050278,0.09849,0.09949,0.10145,0.1778057652731815,0.17056,0.16330175928407054,0.15629841024188573,0.14938,0.14329,0.13477,0.13075,0.12532803772196355,0.11944,0.11544,0.11085,0.10704,0.10251
09-01-2026 12:55,25695.15,0.12027,0.1151894594992992,0.11052,0.10742,0.1050064490284931,0.10244789256662498,0.09972,0.09771,0.09703,0.09608,0.09627,0.0968,0.09761,0.09973,0.17501,0.17181,0.16517241726092702,0.15830702240579594,0.15145,0.14496,0.13844,0.13289087315541162,0.12703,0.12174,0.11751920608323059,0.11301,0.10916,0.10509
09-01-2026 13:00,25694.0,0.11608777870140374,0.11285,0.10979,0.10675,0.10418215543935783,0.10131,0.09984025748085115,0.09794,0.09704,0.09683112811916278,0.09623,0.09692,0.09828051099015016,0.09985,0.17952027047390806,0.17174,0.16532,0.15674,0.15103103519245364,0.14488,0.1389,0.1333,0.12729,0.12233,0.11798,0.11390104161772455,0.10973,0.10531
09-01-2026 13:05,25687.3,0.12321,0.11865,0.11451,0.10988,0.10627,0.10377,0.10167,0.09932,0.09839538857919326,0.09691,0.09726,0.09796,0.09938537072803796,0.10126259007588372,0.17521,0.17009867791160854,0.16483,0.15826083942248217,0.15176,0.1455205728770055,0.1392845617293515,0.13305,0.12682,0.12207242226190634,0.11740044474741618,0.1128623813803904,0.10859691038048203,0.10469
09-01-2026 13:10,25691.5,0.12314086130174526,0.11744,0.11545,0.10842,0.10596,0.10336,0.10088,0.09972369658923821,0.09821,0.09779570850981474,0.09704,0.09800096231914632,0.09896311194596569,0.10037,0.17552,0.16948,0.16363811213823343,0.15778738764744177,0.15197,0.1456629392838043,0.13936,0.13369,0.12790612330516,0.12183,0.11751,0.11275,0.1095,0.1049
09-01-2026 13:15,25696.8,0.12103,0.11631586002465441,0.11193,0.10906,0.10638,0.10433381101756442,0.10224295606069037,0.10042626935819951,0.09865,0.09840486843840729,0.09805390837839015,0.09762,0.09831,0.10017,0.17556,0.16988,0.16483,0.15820624121359084,0.15176,0.14418,0.1390478514772932,0.13366,0.12696,0.12177,0.11768,0.11275,0.1085632058678491,0.10454
09-01-2026 13:20,25704.7,0.12152825686484182,0.11566,0.11049,0.10641,0.10423441655345106,0.10143,0.09899,0.09758,0.09689,0.09572,0.096,0.09672,0.09757,0.09942,0.17485,0.16771,0.16225559857657756,0.1568468427327016,0.1514445876889681,0.14601,0.13882,0.13355,0.1271,0.12201,0.11774,0.11275,0.10861290353555546,0.10466
09-01-2026 13:25,25701.95,0.12224,0.11733248034823873,0.11251,0.10795,0.10579,0.10305,0.10117,0.09904,0.09799,0.09694,0.09751783714672738,0.09733,0.09843,0.10009,0.17541,0.16753,0.16479,0.1582342096471246,0.15179,0.14545,0.13938,0.13360261874816554,0.12732,0.12201,0.11797,0.11302,0.10946,0.1055796373838312
09-01-2026 13:30,25705.5,0.11263473298763291,0.10972,0.10335,0.10307,0.1010778826449848,0.09862,0.09718,0.09653222224845173,0.09555,0.09465,0.09496,0.09588,0.0966623756408026,0.09806134810146225,0.17569,0.17073,0.16537,0.15682,0.15272,0.14665030859359074,0.14043,0.13462021156602177,0.12859,0.12355,0.11929,0.11530561531720251,0.11129,0.10651
09-01-2026 13:35,25704.05,0.12743,0.12192737382483959,0.11683631299615432,0.11167,0.10775,0.10526,0.10226,0.10116642899415179,0.09945,0.09891313751410341,0.09781,0.09816,0.09904,0.10073,0.17428,0.16907197346611957,0.16374,0.1573592098087695,0.15106,0.14576,0.13935491713914455,0.13284,0.12708617795632535,0.12096,0.1165,0.11202,0.1086,0.1053738041173517
09-01-2026 13:40,25707.75,0.10972,0.10664061479451825,0.1037,0.10152979250183691,0.09922141329858085,0.09708558993885924,0.09503,0.0943,0.09393,0.09321,0.09384,0.095,0.09637,0.09818498341738677,0.17513,0.16888,0.16496,0.15582,0.15254,0.146374325958088,0.1401,0.13421096288712325,0.12819,0.12375170836509017,0.11913158901001628,0.11463,0.11134,0.1078268608442342
09-01-2026 13:45,25683.75,0.11387424887692835,0.11147,0.1093346078721319,0.10705,0.10388,0.10181968535592509,0.09953,0.09777,0.09695910724412773,0.0957,0.09627,0.09748880054743085,0.09848,0.10032,0.17398,0.16872025566312931,0.16334,0.1569966940622824,0.1507,0.14474978374112618,0.1387910216337742,0.13275,0.12644,0.12138,0.11727,0.11252,0.10907,0.10425
09-01-2026 13:50,25682.0,0.11444,0.11369,0.10974621000535295,0.1056,0.10294815329948362,0.10013,0.0990838722170373,0.09782611201770988,0.09655,0.09658047083403229,0.09612,0.09718,0.0986,0.10046,0.1721765355138862,0.1658,0.16322,0.15392,0.15058,0.14454,0.13837,0.13319,0.12833215136938436,0.12319716163926045,0.11776,0.11325,0.10975,0.1051
09-01-2026 13:55,25665.25,0.13117,0.11883,0.11650928246766903,0.11325000715071479,0.10983,0.10688,0.10407,0.10189,0.10099,0.09943,0.09955,0.10003,0.10125944773367804,0.10274,0.1725,0.1646,0.1594369150443693,0.1541987293525016,0.14904,0.14288,0.13651,0.13106,0.12472,0.12034610738131563,0.11552,0.11076,0.10706,0.10236
09-01-2026 14:00,25689.05,0.11733406448304205,0.1132,0.10849,0.10571545409302582,0.10267,0.10027,0.09882137984603503,0.09693,0.09643817976974278,0.09531,0.0958,0.09696,0.09858,0.10034,0.17441,0.16895,0.16408,0.15810452625952592,0.1522259344995599,0.14621998065830683,0.14008238308217313,0.13398,0.12735,0.12225,0.11836,0.1135,0.11011,0.10547
09-01-2026 14:05,25678.55,0.12802020980422724,0.12107557557967916,0.11520511171134391,0.11031462375940473,0.1064,0.10305,0.10082,0.09991033244621657,0.09859,0.09715,0.09738,0.09849940189402065,0.09963492250801895,0.10108,0.17367,0.16886,0.16361,0.15708289583536783,0.15061,0.14453107104361224,0.13841196292530916,0.13239493016355786,0.12639,0.12141,0.11703200732884655,0.11256,0.10876,0.10422
09-01-2026 14:10,25674.05,0.11993,0.11263784078579361,0.10659,0.10482,0.10293,0.1001,0.09781,0.09679,0.09658,0.0955,0.09608,0.09658292570100806,0.09755688551730668,0.09895283117930996,0.1770837172608206,0.16981069791102893,0.16343,0.155,0.15065,0.14466620204310252,0.13852,0.13304,0.12686,0.12284873421345244,0.11832,0.11424567579833846,0.11005,0.10553
09-01-2026 14:15,25669.0,0.11382,0.11203,0.10784,0.10540480300537351,0.10262,0.10091042338603229,0.09873,0.09726,0.09676,0.09572,0.09619,0.09744,0.09886,0.10039,0.17392,0.17027,0.16336,0.15681983658323165,0.1504,0.14252,0.13853,0.13283079753237642,0.12685,0.12213,0.11774,0.1135626784563501,0.10935,0.10483
09-01-2026 14:20,25668.65,0.11487139361906579,0.11177,0.10896578662275905,0.10614,0.10316,0.10092,0.09864,0.0980639208176308,0.09688,0.09562,0.09597,0.09731,0.09845,0.10029,0.17337,0.16979,0.16261,0.15645188793149858,0.15026,0.14463393185635826,0.1388805266876267,0.13298,0.12675,0.12182,0.11772,0.113,0.10895227000083892,0.10508
09-01-2026 14:25,25671.35,0.11449,0.11062628987616249,0.10674,0.1025,0.10072047373493925,0.0984,0.09697,0.09582,0.09541089725049742,0.09442,0.09527,0.09626,0.09792,0.09991549999887755,0.17321,0.17,0.16342,0.15707229465918449,0.1508866387789014,0.14482301796650227,0.13865,0.13368,0.12757,0.12228,0.11872,0.11392,0.11039,0.10688932075490479
09-01-2026 14:30,25652.65,0.1252508888887779,0.12078,0.11398,0.11234,0.10794,0.10499,0.10242,0.1012028278321069,0.09938,0.09808,0.0983,0.09948128218386793,0.10044,0.102,0.17453,0.16863,0.16178179860320596,0.15484,0.14882200033241189,0.14255,0.13683,0.13149,0.12523,0.12042,0.11625,0.11135,0.10737,0.10319
09-01-2026 14:35,25659.1,0.12071,0.11683,0.1133,0.1082,0.10504,0.10241,0.1007095629779615,0.09844,0.09796,0.09651,0.09719,0.09831,0.09967,0.10142,0.17291,0.16652,0.16282,0.15575,0.14961305461953886,0.14362848788041152,0.13757,0.13231,0.1269354992458936,0.12136,0.11741,0.11274,0.10915,0.10547541560418863
09-01-2026 14:40,25650.4,0.12392007312503797,0.11901,0.11374,0.1105178208807058,0.1072639424591228,0.10393,0.10153,0.10009467362521116,0.09863,0.09902273402984635,0.09903125882122973,0.09876,0.1001517684533536,0.10194,0.1730836478288397,0.1685,0.16305,0.15801,0.15037,0.14286,0.13719,0.13241,0.12612,0.12102,0.11672458299049981,0.11206,0.10843,0.10422
09-01-2026 14:45,25668.25,0.11893,0.11450161759462077,0.11041,0.10761,0.10501048461257378,0.1021,0.09986,0.09815,0.0978,0.09646,0.09693,0.09810466859891764,0.09897,0.10073,0.17396,0.16722,0.16383,0.15722260044001782,0.1508,0.14406,0.13782,0.13254738062675508,0.1271253778378928,0.12162,0.11754,0.11257,0.109,0.10484
09-01-2026 14:50,25663.45,0.1192209664054392,0.11512641430269241,0.11115,0.10822,0.10457,0.10245,0.10011,0.09834,0.09778044445758677,0.09664,0.09701,0.0982381411275042,0.09928,0.10092,0.17786421027948926,0.17063040711021324,0.16363,0.15667,0.15093,0.14334,0.13817,0.13298,0.12678,0.1217,0.11772,0.11271,0.10912,0.10492
09-01-2026 14:55,25674.9,0.11747700232448104,0.1133,0.10902,0.10640198898712264,0.10377556016847242,0.10099,0.09814,0.09778886749810699,0.09696,0.09556,0.0958,0.09655,0.09819,0.10004,0.17375,0.16806956215222268,0.16237825615445267,0.15674,0.15109,0.14426,0.13849,0.13284,0.12678,0.12179,0.11753033912914287,0.11291,0.10919,0.10506
09-01-2026 15:00,25668.55,0.12334,0.11824549685855569,0.11353612387842585,0.10907,0.10633714998042329,0.10336971992642238,0.10077757307014742,0.09847,0.09805,0.09666,0.09714,0.09787,0.09934,0.10117090674182144,0.17385,0.16679,0.16174256987463836,0.15668,0.15036,0.14394295958831432,0.13746,0.1327,0.12641,0.12116,0.11678,0.11209,0.10836,0.10429
09-01-2026 15:05,25679.0,0.12261,0.11496,0.11263,0.10917,0.10630150185202847,0.10336067057398682,0.1002,0.0985,0.09781,0.09643,0.09701,0.09746,0.09847987974855325,0.10002938472439185,0.17315,0.16824,0.16306,0.15652,0.15015259680874551,0.1438913374795916,0.13757,0.13236,0.12683658836972153,0.1212,0.1166,0.11165,0.10713738619227134,0.10267769745164973
09-01-2026 15:10,25688.85,0.12198719534252024,0.11750388747760093,0.11321,0.10988,0.10583,0.10386,0.10089,0.09887,0.098,0.09803437882827956,0.09778434863381676,0.09724,0.09912,0.10057599223478211,0.17326511896724744,0.16743,0.16166806837560388,0.15583473579281998,0.15002,0.14398,0.1376,0.1327,0.12708635262822088,0.12124,0.11718,0.11255,0.10794649018457902,0.10352152618102003
09-01-2026 15:15,25690.6,0.11477458742782662,0.1108,0.10787,0.10435,0.10131,0.10057,0.09761,0.09709093305076177,0.096285553335489,0.09521,0.09612,0.09752765531445896,0.09878,0.10097,0.17363,0.16809,0.16381,0.15799,0.1515345493204568,0.1452386560792911,0.13885,0.13343230247247695,0.12782,0.12335235742950917,0.11865,0.11473666915902958,0.11073,0.10651
09-01-2026 15:20,25695.2,0.12293652245991891,0.11744030899905962,0.11336,0.10723,0.10522387868392374,0.10272,0.10082909138391837,0.09868,0.09836180575207903,0.09770500011656894,0.09688,0.09766,0.09924,0.10136,0.17397153338898272,0.16844,0.16246283985659155,0.15679,0.15261,0.1464023728634502,0.14029,0.13487,0.12864,0.1240237241451602,0.11896,0.1143,0.11059,0.10644297225618891
09-01-2026 15:25,25688.2,0.13292,0.12614,0.12044,0.11669242269788886,0.11233,0.10956938102671251,0.10641,0.10353,0.10243734982960914,0.10111860160090462,0.09965,0.09992,0.10147,0.10334,0.17357777541300823,0.16795,0.16501,0.15892440747394526,0.15266627593775522,0.14643,0.14056633448097483,0.13467,0.12881,0.12288,0.11896,0.11234,0.10955,0.10414
12-01-2026 09:15,25657.45,0.11568881123947199,0.11324,0.11181,0.10920403081056004,0.10651,0.10512,0.10354,0.1025,0.10306548847909641,0.10322596400893388,0.10287,0.10466,0.10656,0.10945,0.1905,0.18496,0.17665743151750019,0.16792,0.16316453571061817,0.15764,0.15087,0.14559,0.13863,0.13422,0.12931,0.12490413483033085,0.1207,0.1167351580799165
12-01-2026 09:20,25594.15,0.12529207360695546,0.12206,0.1163,0.1162,0.11465346171525015,0.11264516064334251,0.11057985597512593,0.10867,0.10825,0.10890112082059572,0.10912,0.11053,0.11293,0.11619,0.18837,0.18215,0.17641,0.17045,0.1631321681031418,0.15582,0.14937,0.14418,0.1386552591615561,0.13308,0.127535180142018,0.12200754277729128,0.11647676559931089,0.110937686149031
12-01-2026 09:25,25548.3,0.13463,0.13255,0.12451,0.12229,0.1187,0.11659,0.11493876443918771,0.11275,0.11187,0.11185,0.11353615042545508,0.11469,0.11707,0.12066,0.18706,0.18142,0.17544,0.16842,0.16152,0.15484,0.14927058787744157,0.1434,0.13738,0.13264485881197546,0.12763,0.12272,0.11844,0.1144
12-01-2026 09:30,25559.65,0.13952533364076658,0.13513,0.13053,0.12762,0.12451018057140645,0.12129914442300327,0.11834382200030114,0.11528,0.1145993902900592,0.11364,0.11442,0.11596,0.11845,0.12193,0.18674,0.1809771516970734,0.1747740832901178,0.16872,0.16123,0.1546,0.14904627996664466,0.14294,0.13629,0.1307,0.12579,0.12049,0.11614,0.11154
12-01-2026 09:35,25575.3,0.14006,0.13464,0.12761,0.1248,0.12047,0.11856571279554767,0.11637712731038202,0.11446187224088099,0.1125,0.11211,0.1133283539705277,0.11439,0.11676,0.11954940913949366,0.18503,0.17949680601696608,0.17376,0.16686,0.16,0.15408,0.14815,0.14264817269223493,0.1372762860112985,0.13189849186092104,0.12660039003866755,0.12142,0.11659968605690096,0.11187819108165749
12-01-2026 09:40,25569.55,0.13259218249760754,0.12814,0.12415721289203585,0.12038,0.11743,0.11497,0.11236,0.11087,0.11045,0.11015,0.11133,0.11332,0.11595,0.1195,0.18927726510041346,0.18176345042841197,0.17467,0.1679,0.16147,0.15594,0.14974,0.1448,0.13939108767308164,0.13391127386914742,0.12831,0.12336,0.11915,0.11505
12-01-2026 09:45,25560.8,0.1444770693248442,0.13986,0.13543,0.13135341735349604,0.12714,0.12351,0.11999,0.11711,0.11605,0.11475,0.11528,0.11638,0.11833705822534754,0.12105529734612887,0.18657,0.18080767025011066,0.17502,0.16911,0.16194,0.15526,0.14912,0.14334,0.13702,0.13124,0.12593785462648935,0.12046,0.11555179230334373,0.1107
12-01-2026 09:50,25588.7,0.13697,0.13079,0.1269724860888381,0.12282,0.11879,0.11587,0.1133,0.11248923008667575,0.11132955794803472,0.10979,0.11073,0.11209,0.11424,0.11756,0.18834720810711228,0.18272,0.17674,0.17095,0.16343,0.1574,0.1512,0.14596,0.14005528825547292,0.13402,0.12872,0.12356,0.11925513038991346,0.11512
12-01-2026 09:55,25588.5,0.12519,0.11951,0.11680790326489036,0.11372,0.11107,0.10958359680136354,0.10768,0.10736456671288905,0.10652,0.10686,0.10862169007542474,0.11001,0.11313619295450503,0.11653,0.18878909027964058,0.18242,0.17742,0.17077076499207877,0.1641,0.15841,0.15246,0.147,0.14067,0.13527,0.13053,0.12529,0.12003580006849066,0.11493529340555507
12-01-2026 10:00,25564.15,0.14348101940089975,0.13787,0.13159,0.12798126168269436,0.12398,0.12087129240363895,0.11732,0.11475,0.11375,0.11449462103605951,0.11481146253628781,0.11464,0.11676,0.12025,0.18474,0.18026,0.17374,0.16725,0.1605,0.15419,0.14812,0.14258,0.13552,0.13031204153977588,0.12499540051892767,0.11957,0.11465,0.11054
12-01-2026 10:05,25588.7,0.13313,0.12825,0.12214,0.11971,0.11604,0.11335,0.11096,0.10916,0.10861,0.10851,0.10967,0.1111,0.11368,0.11713,0.18794,0.1827005640246553,0.17721,0.17052,0.16393,0.15772203857982925,0.15106,0.14561,0.1401966393977642,0.1343862937543748,0.1286835143320279,0.12301,0.11852,0.11255429543524365
12-01-2026 10:10,25566.95,0.1341,0.127,0.12233,0.11971,0.11693502005879197,0.11383,0.11248769289454388,0.11079293965354019,0.10919,0.10922,0.11084,0.11328530449952179,0.11568185513562651,0.11835,0.18718,0.18098,0.1748008368482578,0.1686048504497782,0.16244689320308386,0.1563,0.15058,0.14433984781022802,0.13799,0.13263,0.12756,0.12277302412566371,0.11787,0.11383
12-01-2026 10:15,25557.55,0.14588,0.13838109263123266,0.13169,0.12799,0.12408778630818368,0.11972,0.11606,0.11398,0.11253,0.11213,0.11286870608942556,0.11392,0.1157637613524485,0.11844659430608269,0.18615956654957955,0.18007,0.17385718932167038,0.1676,0.16109,0.15445,0.14828,0.14198783684373362,0.13556,0.12978,0.12447714263620518,0.11929,0.1144629856983213,0.10995685620109569
12-01-2026 10:20,25583.3,0.1316364699112669,0.12801,0.12396,0.12163,0.11793,0.11486,0.11166,0.11001,0.10913,0.10842,0.10982,0.11101,0.11345,0.11642747039336482,0.18773,0.18178,0.17694,0.17023,0.16355774402459397,0.15691,0.1507,0.14521,0.13843,0.13265,0.1276987720690881,0.12269031279972434,0.117810363143622,0.11314
12-01-2026 10:25,25574.15,0.1435468660338393,0.13623,0.12967,0.12376,0.11887,0.11599,0.11460274145241062,0.11282100587499896,0.11126954217287043,0.1095,0.11075,0.11194,0.11471649133490766,0.11789,0.18770176649798664,0.18134,0.17618,0.16883,0.1626,0.15650868478786367,0.15034789752352395,0.14418,0.13768,0.13146,0.12617,0.12149207452914017,0.11674120486290473,0.11219
12-01-2026 10:30,25584.2,0.12929969362548638,0.12478,0.1213,0.11695,0.11385,0.11154,0.10932015529157382,0.10727,0.10828696538376409,0.1086589220314583,0.10918684614591125,0.10943,0.11229,0.11575,0.1885,0.18265,0.17719,0.17009,0.16362,0.15743,0.15109,0.14517500634857788,0.13905,0.13309,0.12789,0.12261,0.1185,0.11429
12-01-2026 10:35,25564.75,0.13492,0.1278,0.12421865171972188,0.12019,0.11652,0.11400022800348804,0.11093,0.1091,0.10819,0.108,0.10963,0.11056,0.1136029784889212,0.1173,0.18742,0.18134,0.17634,0.16927,0.16235,0.15578,0.14955,0.14395,0.13821204162157263,0.13240694789692253,0.12646,0.12132,0.11691,0.11272
12-01-2026 10:40,25572.4,0.13601,0.1298027506262255,0.1242471518224475,0.1192397915347129,0.11433,0.11195,0.1096,0.10867793234497483,0.10715,0.10698,0.10851,0.10977,0.11288377163190899,0.11652,0.18839,0.1817,0.17701,0.1702,0.16316,0.15689,0.15047,0.14502,0.13819,0.13259,0.12758,0.12226,0.11727562583644385,0.11257831468901605
12-01-2026 10:45,25556.8,0.1375,0.13167,0.12703,0.12324603761257805,0.119,0.11582,0.11307,0.11089,0.11067795013213683,0.10963,0.11153011117783405,0.11314076666755546,0.11478,0.11859,0.18665,0.1813,0.17556,0.16825,0.16157,0.15509,0.14912906191760578,0.14305,0.13636,0.1309133475149038,0.12534,0.11996,0.11480112728502191,0.10970083370026565
12-01-2026 10:50,25579.85,0.1222,0.11899,0.11638881871485349,0.1137856327199849,0.11123022344503428,0.10858,0.10623,0.1048,0.10456,0.10457,0.1066864883315835,0.10880483338769675,0.11086,0.11483,0.18856,0.18325863472476117,0.17769,0.17077,0.16426020840855532,0.15771,0.1512,0.14545,0.13918,0.13364,0.12852,0.1235825507040822,0.1187,0.11367818333370101
12-01-2026 10:55,25554.9,0.12867718397737993,0.12435,0.12022,0.11719752419710903,0.11395,0.1115,0.109,0.10761,0.10696,0.10694,0.10826844596143026,0.1101,0.11271534784451108,0.11619018169558268,0.18701,0.18147,0.17519170906125303,0.16896,0.16253,0.15629842492335738,0.150080393853279,0.14384,0.13780602584029775,0.13174,0.12685856044984584,0.12193182223106243,0.11732,0.11334342719552762
12-01-2026 11:00,25550.75,0.12970074334595275,0.1261,0.12269541751284598,0.11932,0.11629255902666624,0.11307,0.11061,0.10912,0.10914161096987682,0.10824,0.10971,0.1121150920921218,0.11413,0.11807,0.18715093526259874,0.1807,0.17436282669566677,0.16802,0.16163,0.15508,0.14879866339494235,0.1425020552067825,0.13622,0.13101,0.12629566188303237,0.12158805449974236,0.1169689804377045,0.11248
12-01-2026 11:05,25538.1,0.1322507287255229,0.12782,0.1236,0.12062287359720497,0.1175952630626383,0.11472328267531243,0.11172,0.10985,0.10916,0.10888,0.1104,0.11287813085023707,0.11491,0.11861,0.18486,0.17966,0.1739,0.16718382545385527,0.16062,0.15433,0.14776,0.14166666015454726,0.13525,0.13034202525128366,0.12502,0.11987,0.11562,0.11145
12-01-2026 11:10,25544.8,0.12733235341520227,0.12331,0.11886,0.11651,0.11347,0.11144059248338692,0.10942403320394864,0.10721,0.10756235364024525,0.10691,0.10852,0.11041,0.1133,0.11741,0.18527,0.18024,0.17423,0.16813,0.16113,0.15506,0.14901369218954882,0.1428889110892893,0.13663,0.13121,0.1263,0.1209,0.11679,0.11303
12-01-2026 11:15,25528.8,0.12595,0.1217,0.11888250136020939,0.11614477921666708,0.11333,0.11169515803875857,0.10988134614218101,0.10818,0.10776,0.10781,0.10975,0.11188,0.11487,0.11907,0.18365,0.17819,0.17235,0.16598981963600892,0.15971,0.15341,0.14744,0.14150439054492298,0.1353,0.1302,0.12548,0.12065,0.11672776561086898,0.11298
12-01-2026 11:20,25512.25,0.13111,0.12465,0.11983,0.11831,0.11531,0.11282,0.11091,0.10965,0.10944,0.10972,0.11189045494846514,0.11428208646352767,0.11711880272942435,0.12045,0.18148,0.17667,0.17081,0.16375,0.15824,0.1518,0.14588,0.14013,0.13384,0.12869,0.12398646873217045,0.11902,0.11503197242329101,0.11114
12-01-2026 11:25,25509.25,0.12887,0.1246,0.12104665402565896,0.11729,0.11454,0.11288951890484972,0.11069,0.10934,0.10911,0.10999,0.11181,0.11361,0.11695,0.12117,0.1828336540545039,0.17614,0.1707,0.16363,0.15762030580046238,0.1516214482265328,0.14570434538114957,0.13962,0.13348,0.12867761981442685,0.12353,0.11925688031917106,0.11474,0.11088
12-01-2026 11:30,25496.15,0.12283,0.11979,0.11693,0.11543,0.11285,0.11124,0.11003,0.10937,0.10944,0.11119848413881728,0.11224,0.11446,0.11778,0.12226,0.18198,0.1761735968455796,0.17038358327183484,0.16462,0.15892,0.15261,0.14665,0.14131,0.13519,0.13044,0.12596,0.12101,0.11711,0.1142
12-01-2026 11:35,25487.1,0.12896,0.12511808308048222,0.12159450463791249,0.11806,0.11575635976118098,0.11321,0.11195752282814964,0.11034,0.1103,0.11119,0.1131,0.11601625882987812,0.11853,0.12292,0.18093,0.17561,0.17024,0.16314,0.157132165513619,0.15104,0.14527570836162723,0.1394,0.13317,0.1283951008436934,0.12347,0.11952964006475343,0.11549190531541018,0.11171
12-01-2026 11:40,25485.45,0.12471127400693813,0.12250925245673652,0.12019,0.11809419892383116,0.11599,0.11366,0.11195,0.11111,0.11123,0.11201,0.1137,0.11586,0.11937,0.12337702441219808,0.18081,0.17563,0.17025,0.16382,0.15778,0.1519390117972709,0.14608540004297382,0.14013,0.13359,0.12863,0.12393,0.11956,0.11564548692975249,0.1120819806702236
12-01-2026 11:45,25476.55,0.13517,0.12957,0.12533,0.12351,0.11952,0.11682,0.11562901733261044,0.11361,0.11317,0.11357,0.11488,0.11688,0.11992,0.12409,0.18025,0.17461,0.16924,0.16224,0.15605,0.14943,0.14365,0.13787,0.13125,0.12603,0.12139,0.11699,0.1129,0.10915
12-01-2026 11:50,25491.7,0.1288380340677842,0.12492,0.12093,0.11849,0.11591264607679475,0.11342,0.11317878370277298,0.11247911187215148,0.11186856327723338,0.111,0.11288,0.11482,0.11826,0.1227,0.18185,0.17591,0.17019,0.16313,0.15692,0.15086,0.14495,0.13939,0.13296,0.12839390300757975,0.12333,0.11901,0.11499,0.11149
12-01-2026 11:55,25495.85,0.13106,0.12537,0.12187,0.11924582542201914,0.11614,0.11433522250263943,0.11205,0.11089,0.1114595318699289,0.11102,0.11273,0.11467,0.11789,0.1213470022831273,0.18173,0.17556,0.16956789113787932,0.16363,0.15731,0.15068,0.14477,0.13922,0.1338117162605448,0.12839102369598943,0.12291,0.11873932407934684,0.11471,0.11096608405951104
12-01-2026 12:00,25499.2,0.12806,0.12365052468579804,0.11977,0.11788,0.11466,0.11248,0.11083,0.11071035473617141,0.10963,0.11033,0.11191,0.11395,0.11737,0.1217,0.18155,0.17572,0.1701,0.16343821899142252,0.15677,0.15075772693872927,0.14459,0.13903,0.13296,0.12752,0.12328110954929711,0.11895169242964204,0.115,0.11182883470313815
12-01-2026 12:05,25507.65,0.13197,0.12643,0.12244,0.11949774022417703,0.11613,0.11407,0.11250376369812304,0.11057,0.11114649609572735,0.11061,0.11212,0.11484003764671502,0.11724,0.12139,0.18194,0.1763,0.16974294970008938,0.16326,0.15656,0.14995,0.1441304542764461,0.1381,0.13178,0.12652,0.12189,0.11770133766281841,0.11337,0.10923
12-01-2026 12:10,25526.3,0.14473,0.1426,0.13664,0.13244,0.12752,0.12306,0.12062399394596426,0.11725,0.11547,0.11434,0.11538,0.11631,0.11832,0.12241,0.1834850405327922,0.17639,0.16948005552584128,0.1626699909505565,0.15593667490831448,0.1492,0.14285,0.13655854888815017,0.13021,0.12464062298837247,0.11902243605290869,0.1134,0.10885823326408357,0.10445
12-01-2026 12:15,25577.45,0.14302,0.13618,0.13037,0.12711,0.12239,0.11946,0.11592,0.11469669588103801,0.1127,0.11224,0.11326350659804063,0.11361,0.11532,0.11883,0.18443,0.17862,0.17238,0.16537,0.15893,0.15208,0.14584,0.13976,0.13325,0.12797951361416682,0.12234,0.11758,0.11315,0.10908940369688672
12-01-2026 12:20,25614.85,0.15144,0.1446544714227692,0.1381,0.1333807211141001,0.12816,0.12403,0.12111,0.11765,0.11650716722592841,0.11484,0.11474,0.1161078236589387,0.1176552888360025,0.11973,0.186,0.17815,0.17464,0.16816,0.16164895141846572,0.15542,0.14917931148895822,0.14266,0.13694804278359812,0.13100260535044028,0.12488,0.11985306692633965,0.11495,0.10990810724628121
12-01-2026 12:25,25653.4,0.12645538803011264,0.12728,0.12805,0.12478,0.12093,0.11774,0.11503,0.11288,0.11166,0.11169963939475809,0.11111,0.11205116634212745,0.11325,0.11504675005271668,0.18872,0.18389,0.17771,0.17116,0.16556,0.15827,0.15227,0.14636,0.14043272771195833,0.1342,0.12948250355208984,0.12448,0.12027,0.11640450653063272
12-01-2026 12:30,25668.1,0.154,0.14368,0.13897,0.13435379382348295,0.12916,0.1255882212678674,0.1213,0.11970206428876598,0.11738,0.11624,0.11566,0.1161,0.11709,0.11866562876825798,0.18811963247019542,0.18248,0.17816,0.17214,0.16583,0.15888,0.15340864626655354,0.14792,0.1408,0.13493,0.13018752928218869,0.12527757195329234,0.12038,0.11487
12-01-2026 12:35,25690.5,0.13488,0.12381,0.12445,0.12024,0.11698,0.11468,0.11213,0.11118,0.11086429655384102,0.10965,0.11016,0.11145329759983391,0.11232,0.11471,0.19113,0.18600862098574966,0.18081,0.17518,0.16841,0.16233410067888038,0.15617,0.15057,0.1446778997685293,0.13864,0.13428,0.1293014969845578,0.12421,0.11927777796570906
12-01-2026 12:40,25684.35,0.15507,0.14961673848006252,0.14432298048966102,0.13914073523849108,0.13393014647752643,0.12895,0.12453,0.12115,0.12011736209844293,0.11829,0.11813710969812281,0.11716,0.11832,0.11999,0.18826,0.18318383007679534,0.17793,0.17192431471802325,0.16542261497294572,0.15894940456395257,0.15245768221419553,0.14591284808325727,0.13995,0.13473597896358364,0.12962,0.12398,0.1189324788095921,0.114
12-01-2026 12:45,25727.5,0.13318,0.12826466354319654,0.12381164970339842,0.11945,0.11652,0.11424712368382581,0.11200775682995764,0.10981,0.10970452801423991,0.10914,0.10964708045791355,0.10977,0.11143102361827617,0.11342,0.19628283155013992,0.18998,0.18359,0.17732,0.1711,0.16479745320533865,0.15849420190827457,0.15220657687614292,0.14586,0.1398,0.13514958355491352,0.13039,0.1257141724533153,0.12103
12-01-2026 12:50,25724.55,0.14204,0.13745702717918196,0.13291,0.1285,0.12508,0.12156,0.11934119689061062,0.11654,0.11567,0.11427,0.11384,0.11403,0.11453884424364558,0.1155777778965831,0.19427024305715795,0.18835,0.18208,0.17651,0.16953,0.1634165236716802,0.15723,0.15108628982675276,0.14485270202389086,0.13859,0.13453,0.12962,0.1253,0.12029
12-01-2026 12:55,25715.5,0.14309,0.13735,0.13055662351233732,0.12356,0.12039,0.11781410197995543,0.11462,0.11341293946972673,0.11168,0.11139,0.1116974042403448,0.11148,0.11248,0.11441,0.19219,0.18729,0.18184,0.17548,0.16905,0.16237,0.15666,0.1510676754275992,0.14540504418754074,0.1397669761709608,0.1341,0.12879,0.12400600317407287,0.11933
12-01-2026 13:00,25692.65,0.13268,0.13424,0.13095,0.12771026590087028,0.12484,0.12196,0.11816,0.11689744377734201,0.11540153585593195,0.11418748888935246,0.11292,0.11335637022485491,0.11399,0.11532463289806609,0.1927568755681053,0.18652,0.18014,0.17417,0.16758788954172582,0.16101,0.1551602403530553,0.14919527097216576,0.14335048567338204,0.13751,0.1327,0.1277,0.12285,0.11824
12-01-2026 13:05,25702.65,0.14577,0.1407820674319158,0.13579,0.13097853744897736,0.12591,0.12264,0.11964,0.11692,0.11605934244347219,0.11455,0.11356,0.11369,0.11496753040987365,0.11663,0.19162,0.1860846918466596,0.1805,0.17474,0.16823249090912512,0.16178,0.15598,0.1495720184337612,0.14297,0.13744,0.13288,0.1280209449921016,0.12314,0.11809
12-01-2026 13:10,25710.85,0.14323,0.13453,0.12998,0.128,0.12374,0.1201,0.117,0.11471,0.11291,0.11137,0.11141,0.1113,0.11278374780208056,0.11484,0.19088,0.18534,0.18005,0.17456,0.1683,0.16214,0.15586,0.15028,0.14341,0.13834457539551465,0.13315934535743326,0.12799,0.12361,0.11949162506174169
12-01-2026 13:15,25725.15,0.12758,0.12543,0.1204,0.11692294786405102,0.1132,0.11176278912480564,0.10988917955180975,0.10805,0.10708,0.10731199311494946,0.10713,0.10824130697950073,0.10944982129763343,0.111,0.18854751523873062,0.18479,0.18073,0.17517,0.16885,0.16266,0.15748,0.15145057525313826,0.1453,0.14025568904208147,0.1350689176086739,0.12999,0.12639,0.12314477997342699
12-01-2026 13:20,25697.4,0.14060973244772607,0.13529,0.13031,0.12650139294104507,0.1224,0.11908117895140993,0.11536,0.11443,0.11229,0.11137,0.1115598938275231,0.11101,0.11313,0.11449061354683476,0.18904,0.18412,0.17899,0.17303,0.16710662517915653,0.1612510178194777,0.15545,0.15004,0.1433,0.13781,0.13258391466478014,0.12716,0.12240608951448989,0.11772
12-01-2026 13:25,25704.15,0.12732,0.12404,0.11901,0.11669844775722915,0.11425205419104557,0.11166,0.11007419769380447,0.10819,0.10787407288476497,0.10714,0.10751,0.10825,0.10940544447634544,0.11104842206131182,0.18916,0.18468,0.17939,0.17361,0.16806,0.16228226589133657,0.1565,0.1508454891422515,0.14520268748683623,0.13946,0.13474552044540897,0.12991,0.1254,0.12063
12-01-2026 13:30,25707.95,0.16035,0.1522815578127265,0.14463,0.13930512684609248,0.1337405508106404,0.12839919215695803,0.12301,0.11901,0.11727,0.11597,0.11518,0.1148,0.11578,0.11723,0.18938533211562794,0.18417261657698455,0.17838,0.17289,0.16635,0.16048,0.15422395840534886,0.14796372774439306,0.14168,0.13599,0.13088207996240192,0.12577941804357706,0.12086,0.11631702990060161
12-01-2026 13:35,25747.0,0.12697,0.13005,0.12265,0.12037585755855237,0.11805521575971356,0.11525,0.11380353489934072,0.11186411732325738,0.10947,0.10951945183981086,0.10825,0.10941632956528201,0.11004,0.11183,0.19147,0.18757,0.18138,0.17551,0.16951,0.16335,0.15791,0.15185,0.14597,0.14041312556306568,0.13462,0.12982133373482738,0.12485,0.12001
12-01-2026 13:40,25745.1,0.14241812446395807,0.1348,0.12592806685432623,0.11842,0.1158,0.11363,0.11035,0.10893,0.10900268569810553,0.1087144886355517,0.10846820341430743,0.10789,0.10922,0.1109,0.19178,0.18620869525958428,0.18057191533426276,0.1748981957528496,0.16918948504490075,0.16359,0.15776,0.1521,0.14563,0.13943,0.13475858341657393,0.12962097921303378,0.12476554244366705,0.12045
12-01-2026 13:45,25739.05,0.13752864931146164,0.13243,0.1274,0.12355,0.11938,0.11529,0.11248,0.11011,0.1089,0.10768,0.10761,0.10793,0.10927,0.11099,0.19328611098669413,0.18733003208902205,0.18113,0.17536,0.16902,0.16257,0.15702,0.15116,0.1447626807026469,0.13813,0.13379,0.1287,0.12433,0.12024972213892393
12-01-2026 13:50,25735.6,0.14190702212851466,0.1361047325850838,0.1307308208130909,0.12561,0.12169,0.11822,0.11384,0.1118,0.1105,0.10937,0.10969264862826697,0.10914,0.11039,0.11193,0.19298,0.18672,0.18206,0.17617,0.16960622601566588,0.16319,0.15763,0.15127,0.14468,0.13839,0.13388,0.12878568323856904,0.12364,0.11821
12-01-2026 13:55,25743.25,0.13752,0.12317,0.1274,0.12181,0.11763,0.11506689271482926,0.11133,0.10985,0.10855,0.1083788252164562,0.10716,0.1077,0.10905927443456112,0.11096,0.19490318383116056,0.18885,0.18289432208781084,0.17685440294387583,0.17081,0.16449,0.15855,0.15269,0.14678061058090391,0.1408543564189808,0.13473,0.1300161307463593,0.12508,0.11957
12-01-2026 14:00,25734.9,0.13141,0.12459,0.12268683339303477,0.12034,0.11716853026397575,0.11387818384669425,0.11059,0.10946,0.10815,0.10718,0.10723,0.10824768073366879,0.10932481318885129,0.11075,0.19338,0.18746,0.18181532483314308,0.17617185053213572,0.17053,0.16404,0.15788911405538747,0.15168952938055683,0.14563495751385752,0.13956,0.13488,0.12952,0.12441172891840413,0.11936
12-01-2026 14:05,25732.75,0.13756,0.13142,0.12339,0.12785,0.12267,0.11871,0.11560766917208144,0.11212,0.11113059570936595,0.10958,0.10933806055078515,0.10908,0.10947516995950439,0.11028283958470403,0.19324,0.18731,0.18188,0.17644,0.16982,0.16312,0.15716620596556635,0.15116,0.1453578184735631,0.13946583799332157,0.1336538767099711,0.12785,0.12289,0.11768
12-01-2026 14:10,25739.35,0.1419322264742472,0.13049,0.12053,0.11740186422948481,0.11324,0.11198,0.10906,0.10643,0.10608,0.10546,0.10522,0.10593,0.10763477754930752,0.10964,0.1942765084093483,0.18786,0.18327,0.17689211873154906,0.17067,0.16446,0.15848,0.15258,0.14655191030925158,0.13985,0.1350626463424475,0.12965,0.12533,0.11911
12-01-2026 14:15,25729.15,0.13958,0.13351,0.12656,0.1222,0.11842,0.11527,0.11289394853088486,0.10986,0.10878,0.10763,0.10776,0.1082,0.10965,0.11143472917929753,0.19299,0.1865,0.18163,0.17544573892186008,0.16924913493618307,0.16309,0.15715,0.15097,0.14479,0.13865,0.13344,0.12859901526636647,0.12363,0.11826
12-01-2026 14:20,25736.35,0.1507790369770772,0.14464,0.13888,0.13311,0.1279,0.12367977264319896,0.11872,0.11572,0.11399,0.11222,0.11196758374017227,0.11128,0.11182,0.11283564007783126,0.19212,0.1869,0.18105,0.17619,0.1699,0.16246,0.15613770723650358,0.14975145558003733,0.14355822693395232,0.13731,0.1324,0.12651,0.12117373152374468,0.11595
12-01-2026 14:25,25762.75,0.13676,0.13189,0.12698,0.12283,0.11747,0.11439708480529627,0.11065,0.10897,0.1075,0.1076627040256952,0.1076098727089074,0.10752415843290569,0.10746,0.1086184314120191,0.19377,0.18811063165891032,0.1825,0.17716,0.17108420238983732,0.16499307042281647,0.15889,0.1527120954722635,0.14653691928392,0.14034,0.13525,0.12988,0.12539,0.1197
12-01-2026 14:30,25753.1,0.12313729744543372,0.11977,0.11613,0.11389,0.11126,0.10921576444053517,0.10683,0.1061263914303978,0.10493,0.10422,0.10497642911728411,0.10536,0.10682751535816942,0.10846,0.19326,0.18813654247693795,0.18258254206733707,0.17731,0.1708052664458637,0.16471,0.15875,0.15268,0.14634,0.14043,0.13567,0.13022,0.1255,0.12037
12-01-2026 14:35,25716.7,0.15174,0.14512,0.13909,0.13336381291292967,0.12727,0.12346,0.11932,0.11731302378963628,0.11497867666677525,0.1130042044469801,0.11126,0.11126,0.11165478825369712,0.11278065393192951,0.19086,0.18502,0.17934,0.17328338025136905,0.16723550354274336,0.16121,0.15532,0.14901745333617425,0.1426,0.13724148591889984,0.13169,0.12575,0.12104,0.1160338495760403
12-01-2026 14:40,25749.0,0.13715472117454594,0.13203578465762122,0.12715,0.12317,0.11980893626921052,0.11646257842285768,0.11292,0.11058,0.10931,0.10795,0.10775,0.10821,0.10922673948401701,0.11043,0.19276,0.18761,0.18249,0.17627104949027628,0.1702,0.164006315739755,0.15785,0.15174523021231864,0.14553,0.13957,0.13458,0.12875,0.12354966195662344,0.11827846474818117
12-01-2026 14:45,25763.85,0.13183,0.12687102539799114,0.12209,0.11875135367154324,0.11506,0.11314,0.11013,0.10793,0.10768057975683193,0.10707658704428658,0.10658298343674076,0.10592,0.10718,0.10873636134260391,0.1915694117028294,0.18743,0.18261625564339168,0.17764,0.17176,0.16465,0.15882,0.15287,0.14676799466284476,0.14051,0.13534,0.12992,0.1247656544118298,0.11968
12-01-2026 14:50,25774.05,0.1436783661709392,0.13758,0.13082,0.12617,0.12239675222237914,0.11819,0.11434,0.11136,0.10986604402841464,0.10794,0.10689,0.10754722268450184,0.10808693636908626,0.10916,0.19388,0.18866,0.18285831497839913,0.17722,0.1706,0.16408,0.1581558194794644,0.15221,0.14529,0.13945,0.13408753131771364,0.12857,0.12345,0.1185798012592315
12-01-2026 14:55,25796.15,0.14247,0.13767,0.13126,0.1254,0.12008,0.11677,0.11369,0.11074,0.10988,0.10782,0.10776554304210063,0.10694,0.10774,0.10875,0.19468467070216292,0.189,0.18312,0.17722,0.17063,0.16450037249455304,0.15838,0.15204067407297234,0.14561,0.13997885526987797,0.13418,0.129127455657722,0.12416,0.11953490624906815
12-01-2026 15:00,25785.15,0.1407278539719128,0.13388,0.12688,0.1223,0.11803,0.11433,0.11181,0.10984,0.10899744363429381,0.10791193195382953,0.10697955525400664,0.10594,0.10639,0.10766,0.1953247204637398,0.18927461474345414,0.183,0.17702,0.17066,0.16440980620164897,0.1582,0.15202,0.14524,0.13986555265518325,0.13444134913975542,0.12898,0.12388853448961577,0.11883
12-01-2026 15:05,25789.75,0.1304,0.12499,0.12171,0.11791357447568324,0.11382,0.1119,0.1089,0.1078120541450679,0.10626,0.10491,0.10514318457453012,0.10472,0.10536,0.10686,0.19439594686759634,0.18854,0.18376,0.17761744727411422,0.17144732941127483,0.16517262571706687,0.15899,0.15311,0.14676236736915677,0.14017,0.13527858660946873,0.13011827716266272,0.12499,0.11971
12-01-2026 15:10,25785.05,0.1340871709189498,0.12841,0.11964,0.1167,0.11379138880658522,0.11045,0.1087905560769738,0.10685456227994874,0.10497,0.10326,0.10387947733413033,0.10428370354571183,0.10494171868148268,0.10601,0.19482,0.18819,0.18320086535819088,0.17836,0.17144,0.16481,0.15909,0.15305932096116093,0.14696742168482752,0.14088319499889648,0.13472,0.1292,0.12462,0.11945
12-01-2026 15:15,25782.95,0.1416803878123189,0.13489,0.12856399879660324,0.12299224584964963,0.11744,0.11417,0.11137,0.10853,0.10738,0.1052,0.10474,0.10481,0.10563,0.10705,0.19663,0.19109731302793387,0.18513724375679674,0.17933,0.17261,0.16587,0.16024,0.15369844081885845,0.14687,0.14062,0.13522858681329866,0.12958627234116532,0.12452,0.11833021120248358
12-01-2026 15:20,25786.05,0.140702336333228,0.1340951571135963,0.12843,0.12273806261385087,0.11761,0.11465,0.1115,0.10893,0.10713,0.10521,0.10570932789223161,0.1056069349556295,0.10526,0.1067,0.19815,0.19091,0.18787,0.1812649914187384,0.17450809821850316,0.16785,0.1613574510683327,0.15498364750381574,0.14852,0.1424143803178965,0.13614,0.13,0.12429893798595233,0.11872
12-01-2026 15:25,25801.35,0.13043,0.12514654747325035,0.12028356549215857,0.11579881012607338,0.11127,0.10869229727621293,0.10605,0.10462,0.10349,0.10165,0.10197583731810858,0.10137,0.10221,0.10465,0.19547,0.19534,0.18691,0.18088,0.17394252151968043,0.16707,0.16224,0.15508,0.14887828070733955,0.14221,0.13672060509610034,0.13075,0.1252,0.11944
13-01-2026 09:15,25853.0,0.10138,0.10057,0.10156,0.10064819456002427,0.09979151615038936,0.09894,0.0984116458445935,0.0978914638615612,0.09738,0.09744129775104948,0.09726,0.09771,0.0992,0.1003248523670636,0.20629426711105361,0.19786,0.19005315049559662,0.1824,0.17542,0.16959,0.16328,0.15746,0.15049,0.14508867641812823,0.13946,0.13333,0.12841,0.12266
13-01-2026 09:20,25825.4,0.1301,0.12282296810068255,0.11652,0.11379,0.11063,0.10853,0.10573,0.10499099330622283,0.10365,0.10229,0.10185,0.10238,0.10336,0.10516,0.2016786459901706,0.19459,0.18813,0.17948,0.17454,0.16867,0.16259,0.1559265760229176,0.14936262920527504,0.14263,0.13712141278205525,0.13143,0.12647,0.12052
13-01-2026 09:25,25818.35,0.07494,0.07684644666169112,0.07843,0.08282590825282597,0.08732,0.09071,0.09124416649786474,0.09345,0.09489,0.09538,0.09674312702879034,0.09772,0.09977730911450323,0.10186,0.20166518826586696,0.19492,0.19107,0.18192,0.17643110998215367,0.17018,0.16548328858699332,0.16014,0.15435575614551572,0.14795,0.14332530926899423,0.13807,0.13444,0.1289
13-01-2026 09:30,25766.85,0.09386,0.09570542770990956,0.09733,0.09778910660313973,0.0985,0.09889595319992206,0.09936,0.09957,0.09998553585929641,0.10013,0.10134196154874993,0.1022,0.10407,0.10676,0.19758,0.19210663388986934,0.18641503899302062,0.18077,0.17444,0.16772,0.1615,0.15531097578214867,0.14881,0.14315,0.13844,0.133,0.12898,0.12387
13-01-2026 09:35,25737.7,0.11826,0.1134920606982792,0.1101,0.11011,0.109,0.10813324562337571,0.10714443105616914,0.10605,0.10628,0.10556,0.10646633112623341,0.1067,0.1083433014131297,0.11024,0.19641,0.19402,0.18621691406167146,0.17834,0.17211414257321106,0.16583747607145927,0.15939,0.15322,0.14657,0.14058,0.13586,0.13051,0.12551126360925424,0.12088
13-01-2026 09:40,25732.1,0.1180848419450552,0.11635,0.11465181172958,0.1129308733723184,0.11116365298233377,0.1094,0.10754,0.10682,0.10672,0.10605,0.10663,0.10784681568545373,0.10873,0.11101,0.19531,0.1897,0.1851,0.17854,0.17119,0.16484,0.15903,0.15272,0.14566,0.13996,0.13511702409710097,0.12993,0.12517,0.12017
13-01-2026 09:45,25766.4,0.10985,0.10211,0.10045330653847535,0.09765,0.09883,0.09904,0.09926786803655806,0.0995320287475655,0.09968,0.09971,0.10075,0.10208,0.10395,0.10665,0.19615877356399908,0.18954,0.18651,0.17875,0.17198,0.16605,0.15962,0.15357648713558245,0.14741556992993396,0.14102,0.13691,0.1316,0.12743,0.12286
13-01-2026 09:50,25750.85,0.11754,0.11262,0.11364,0.10823,0.10723221484329151,0.10542,0.10525374523163145,0.10457,0.10446,0.10352,0.10426,0.10578032240780295,0.10695,0.10944,0.19685,0.19148192290345867,0.1858,0.17799,0.17208,0.16596488499196602,0.15952,0.15341402504923168,0.14713306670426535,0.14069,0.13566,0.13018,0.12390975287467838,0.11819631268600303
13-01-2026 09:55,25731.0,0.10094602940494135,0.10223296586899228,0.10317,0.10456,0.10423758121970406,0.10412142006491085,0.10399280623994632,0.10378,0.10438,0.10435,0.10535,0.10636,0.1071303413899735,0.10808915483833059,0.19596,0.19028,0.18489,0.1782884131627177,0.1716559744053282,0.16503882490923572,0.1585,0.15331,0.14657,0.14146723000453326,0.13604,0.13094,0.1269,0.12208
13-01-2026 10:00,25714.65,0.14097,0.13349,0.13009,0.12686,0.12114,0.11849,0.11568,0.11373,0.11286,0.11147,0.1113,0.11190779656059209,0.11276,0.11414558838834923,0.1931,0.18816,0.18229,0.17698,0.16935994457050352,0.16188,0.15581,0.14965,0.14249,0.13684,0.13165968536530231,0.12617,0.12153,0.11621
13-01-2026 10:05,25746.85,0.12843,0.12569,0.12130121514425615,0.1167,0.11418,0.11206,0.11025,0.10891,0.10827,0.10803,0.10751,0.10817,0.10975857596193665,0.11162,0.19569,0.18741,0.18179891479822263,0.1758,0.17055,0.16428,0.15821,0.15229,0.1468745745925821,0.14120156178660187,0.13559325133731265,0.13007727713507883,0.12451,0.11968
13-01-2026 10:10,25759.95,0.10494,0.10371,0.10288,0.10202,0.10091,0.10122899261478327,0.10127387218640149,0.10132212832662445,0.10126,0.10178,0.10247,0.1034,0.10505,0.10788,0.19744,0.1923,0.18608,0.17937882306982803,0.17277199085267736,0.16615,0.16016,0.15392068234849954,0.1475,0.14237848869291164,0.13695,0.1312,0.12764,0.12377116926035671
13-01-2026 10:15,25754.7,0.10612,0.10838,0.10433,0.10362,0.10244,0.10269186326069042,0.10243327778642945,0.10176,0.10236,0.10237,0.10308,0.10428,0.10568,0.10871,0.19659,0.19045,0.18549,0.18043,0.17189,0.16543,0.15933,0.15294595437916575,0.14641,0.14114,0.1362582746956658,0.13134181494905722,0.12656,0.12233810982914631
13-01-2026 10:20,25761.35,0.12196,0.11818086560756595,0.11421,0.10883,0.10804615975321578,0.1066474738792519,0.10509,0.1039,0.10396,0.10338,0.10386,0.10477,0.10632,0.10796690064326969,0.19667,0.19094596969954108,0.18512,0.1783853589032804,0.17169,0.16564558911319363,0.15956,0.15344,0.14623,0.14073,0.1351,0.12988,0.12551,0.12025
13-01-2026 10:25,25770.15,0.14012,0.13305,0.12665,0.12195,0.11838,0.11563388502321739,0.11211,0.10968,0.10903,0.10803,0.10721,0.10737,0.10855,0.11041,0.19716,0.1913053405980306,0.18548,0.17993,0.17245773805373885,0.16508,0.15866,0.15197565686589998,0.14506,0.1394127418204233,0.13348,0.12756,0.12274,0.11779853513981708
13-01-2026 10:30,25804.6,0.13282,0.11614559559520843,0.10534,0.10765,0.10653,0.10582,0.10306,0.10335348073929972,0.1027170200772278,0.10228864575366554,0.10103,0.10169,0.10312981082882383,0.10556,0.19888985438796586,0.19389,0.18871,0.18195,0.17508,0.16807,0.1619069872451171,0.15564,0.14951920736977334,0.14336797396411935,0.13714,0.1319350466286359,0.12664,0.12147
13-01-2026 10:35,25783.95,0.12325,0.1098,0.10718,0.10779,0.10526,0.10288,0.10219,0.10221,0.10236727361035769,0.1023878094912565,0.10214,0.10265,0.10405,0.10676,0.20251576225181966,0.1946780227814154,0.18761,0.18025,0.17399972920887197,0.1677491208405249,0.16149,0.1552,0.14887001977111491,0.14241,0.13709,0.13144,0.1264721909854243,0.12165
13-01-2026 10:40,25772.4,0.11286,0.10172,0.1052336180052411,0.10643,0.10474,0.10468,0.10303,0.10234,0.10255,0.10191,0.10239,0.10390006820289832,0.10494,0.10768,0.19788,0.192417286453343,0.18637752919917772,0.18052,0.17303,0.16664,0.160726634855009,0.15465273280757305,0.14816,0.14168,0.13674698061544688,0.13138906813602003,0.12613,0.12107
13-01-2026 10:45,25763.45,0.12203289205616033,0.11857,0.1155554616449614,0.11266,0.11060674486417021,0.1084327792079279,0.10651,0.10655,0.10529,0.10428,0.10453,0.10574,0.10708034406351319,0.10849,0.19601,0.1902348983008042,0.18463,0.17979,0.17084,0.16428,0.15841,0.15174,0.14493,0.13907,0.13388882256779722,0.12854231974826036,0.12323,0.1189
13-01-2026 10:50,25794.3,0.11933,0.11414,0.11058513503076808,0.1069054424419358,0.10352080419196666,0.10047088827779055,0.098,0.09819205436444894,0.09832,0.09864,0.09876,0.09983,0.10165,0.10429,0.197,0.19049,0.18559,0.17919,0.17247,0.1662,0.15938,0.15338066847236234,0.14715,0.14127,0.13627,0.1311190286662996,0.1265033699854021,0.12233399206904294
13-01-2026 10:55,25765.7,0.13285061755999503,0.1277,0.11839,0.11653,0.11209,0.11060680715874296,0.1084,0.1072787956303905,0.10569,0.10431,0.10434,0.10496,0.10656668162620697,0.10846,0.19429294331826666,0.18824,0.18328,0.17684,0.16974,0.16350417087872693,0.15727337709314976,0.15101,0.1442,0.13808,0.13298768437031355,0.12762,0.12277,0.11766
13-01-2026 11:00,25784.9,0.11114,0.11637,0.1004,0.10435372657849615,0.10417,0.10377906946635287,0.10262463492502294,0.10121,0.10136,0.10075,0.10117,0.10206,0.10345442808857308,0.10537,0.19581,0.19015051006611883,0.18426,0.17715,0.1711605935390091,0.16513,0.15832,0.15288,0.14577,0.13983,0.13496,0.12932,0.1243033484426338,0.11948
13-01-2026 11:05,25771.65,0.13216,0.11938,0.1195213012528053,0.11747,0.11378,0.11176,0.10998791326445428,0.10724,0.10691253204559914,0.10527,0.10501,0.10584538765350998,0.10616,0.10809,0.19504,0.18905556791537848,0.183,0.17630189301582783,0.16977,0.16355,0.15506,0.1495371556124755,0.14357,0.1381,0.13279021319788487,0.12739,0.12263,0.11796230194169283
13-01-2026 11:10,25787.85,0.11856,0.10777,0.11044,0.11006,0.10668,0.10586,0.10409,0.10381057232096252,0.10252,0.10135,0.1017,0.10224,0.10337866839165014,0.10541,0.19670730263336708,0.19031528858977814,0.18371,0.178,0.17081,0.1648,0.15819,0.15219,0.14495,0.13945,0.13276631200028252,0.1264135868350455,0.12007528569132735,0.11375467599967039
13-01-2026 11:15,25787.55,0.11871456065856914,0.11552740305500771,0.11256081345285095,0.10958,0.10777,0.10559,0.10327,0.1027624951535348,0.1019447478104915,0.10092,0.10121,0.10247,0.1027,0.10501,0.19481,0.18867,0.1835,0.17690175645177253,0.17046,0.16354,0.15748,0.15155266492302483,0.14558365856156807,0.13963697626712257,0.13384546282749327,0.12815,0.12386,0.11927855577904846
13-01-2026 11:20,25784.1,0.12704,0.11694,0.11314,0.10838,0.10646,0.10523,0.1041827187995785,0.10305302038220931,0.10176,0.10146600084432814,0.10077,0.10144,0.10261,0.10482,0.19456,0.18866,0.18282,0.1764,0.16948,0.16327,0.15734146959456471,0.15139,0.14396,0.13843,0.13358,0.1285051789722506,0.12338,0.11825
13-01-2026 11:25,25786.2,0.12557,0.12715,0.11235,0.11523,0.11250925764879086,0.10887,0.10572,0.10391,0.1033238572443753,0.10212,0.10210475063334785,0.10209,0.10265809704280904,0.10367251324668264,0.19449,0.18884,0.18245968286376646,0.17621,0.16914,0.1625,0.15639,0.14995201778786976,0.14336,0.13753,0.1324784844803769,0.12729,0.1222234445327324,0.11716
13-01-2026 11:30,25793.55,0.12919154198058336,0.12356,0.11864,0.11530388667327846,0.11179,0.11038,0.10842951400656216,0.10632679383811065,0.1041,0.1031,0.10283,0.10315,0.10381,0.10564,0.19482,0.18945,0.18277,0.17604,0.16887,0.1628665791415178,0.15675,0.15086,0.14333,0.13761,0.13242,0.12725735260187054,0.12213,0.11750130718416774
13-01-2026 11:35,25814.5,0.11175,0.11019015509745303,0.10854,0.10642,0.10504,0.10288,0.10123,0.09991,0.09970660018430136,0.09904,0.0994,0.10013752849666607,0.10101,0.10235638347518675,0.19757662724395875,0.19091339143368558,0.18425,0.17763866777562556,0.17099,0.1641,0.15812593122123278,0.15207,0.145,0.13937,0.13446,0.12947211240060827,0.12442,0.11932
13-01-2026 11:40,25811.5,0.09832,0.09802527571103747,0.09779727638215377,0.0976,0.09759778674694863,0.09766,0.09714078686208925,0.0965,0.09714,0.09663,0.09748,0.09813,0.09988690457295368,0.10197,0.19425957920043868,0.18823,0.18403,0.17714,0.17076,0.16403,0.15819,0.15166719518889019,0.14487,0.13994,0.13509,0.13016235172381396,0.12525,0.12033329456111977
13-01-2026 11:45,25782.05,0.11778152565840644,0.11605,0.11217782925920886,0.10915,0.10828,0.10657,0.10473509916355192,0.10265,0.10178,0.10097,0.09930960719982171,0.09826527838837293,0.09741051953073701,0.09669000522092187,0.19259782408014617,0.18644,0.18126,0.17477,0.16779,0.16176512688898448,0.15566,0.14976,0.14269,0.1372,0.13206,0.12708,0.12214890051351968,0.11725
13-01-2026 11:50,25785.0,0.0963,0.09598344717800014,0.09555,0.09782,0.09751134797845623,0.09804,0.09687,0.09688,0.09736,0.09746,0.09861261920427805,0.09962164084920438,0.10052,0.103,0.19372,0.18669,0.1807715971324994,0.17483,0.16885446066925616,0.16290496420752557,0.1568663832459608,0.15081,0.14368,0.13831,0.1333301521260426,0.12814,0.124,0.12022011779987116
13-01-2026 11:55,25762.65,0.13302,0.1138,0.11231425835492898,0.10877060686204938,0.10494,0.10345,0.10155,0.1008,0.10116,0.10053,0.10112,0.10179,0.10305,0.10553,0.18960381042712743,0.18471,0.17974,0.17282,0.1664,0.1607399408020207,0.15497660398514423,0.14909,0.142,0.13661,0.1314603565283911,0.12661,0.12230262465733455,0.11812916044406448
13-01-2026 12:00,25747.9,0.11514,0.11089,0.10672,0.10626776958355447,0.10493,0.10426,0.10283,0.10256098941708164,0.10193,0.10157,0.10203,0.10267,0.10395,0.10659,0.19166,0.18595,0.179,0.1724124198620421,0.16573,0.1599477706813597,0.15404,0.14769712657085227,0.14122,0.13581,0.13089,0.12575,0.1210848676256153,0.11652
13-01-2026 12:05,25735.35,0.11577,0.11200497424352365,0.10927,0.10984,0.1081,0.10654,0.10527777126425006,0.10347,0.10359,0.10390475810532895,0.10355,0.10403,0.10514,0.10633213753026582,0.19238660689052875,0.18509478577779456,0.17843,0.17102,0.1647,0.1588,0.15296,0.14720006863040222,0.14147953400558033,0.13576848335444758,0.13012344116741942,0.12453,0.119680017134522,0.11497
13-01-2026 12:10,25733.45,0.1161555396222785,0.10744,0.10023,0.10093322065622372,0.10039800276187553,0.09977,0.09999,0.09968,0.10009157981219599,0.1002,0.10123,0.10217,0.10426189173411707,0.10667,0.19005,0.18343,0.17914,0.17089,0.16596,0.16005043564050114,0.15405,0.14815074884191498,0.1421,0.13608,0.13199,0.12692,0.12256705226119449,0.11837
13-01-2026 12:15,25722.55,0.11631,0.11562658561343395,0.11484,0.11267,0.11004,0.10822,0.10668301832005266,0.10475,0.10464418682591962,0.10391,0.10394,0.10484,0.10608,0.10778302163351919,0.18896,0.18259,0.17786,0.17174,0.16532778582778357,0.1590243047435666,0.1527,0.1464209732715826,0.14003,0.13392,0.12907,0.12386,0.11959,0.11474
13-01-2026 12:20,25724.7,0.10816,0.10535,0.10462,0.10356,0.10227,0.10207572941740459,0.1016,0.10069,0.10113,0.10095,0.10163,0.10292386107570092,0.10438,0.10591064279054849,0.18941,0.1823,0.17826,0.17152908227265634,0.16474,0.15918,0.15358,0.14819,0.14142,0.13652670921167126,0.13122,0.12589,0.12206,0.11732544175144587
13-01-2026 12:25,25714.0,0.11595,0.12216,0.11939,0.11684,0.11406887400496778,0.11146840121285667,0.10864,0.10709,0.10658,0.10555,0.10563,0.1062,0.10724,0.10997,0.18647549809473743,0.18147,0.1761422400976329,0.17069,0.1642627762622947,0.15787021095481563,0.15143,0.1450149265853618,0.1385,0.13274,0.12767,0.12243,0.11784,0.11295
13-01-2026 12:30,25723.0,0.11512,0.11016,0.10486,0.10314,0.10241,0.10152,0.10044,0.1004,0.10072521427840057,0.10069,0.1015,0.10234,0.10353140906807334,0.10488650489697349,0.18870351466538318,0.18235960215493643,0.17625013889488905,0.17036008989514723,0.16464,0.15876,0.15326764506952367,0.14783,0.14097,0.13585802274038264,0.13052,0.12594841111192795,0.12144,0.11739436719160937
13-01-2026 12:35,25717.45,0.11999,0.11351,0.11065659524338893,0.10715,0.10522,0.10404,0.10306,0.10323772911614845,0.10301,0.10313241316911462,0.10282,0.10392,0.10603067579153869,0.10843,0.18786,0.18227,0.17647,0.16908,0.16354524800451997,0.15783075299682814,0.15204,0.14686,0.1407102978537742,0.13433,0.1292416014716248,0.12435,0.11836546112080948,0.112887600014883
13-01-2026 12:40,25710.25,0.10788709612421149,0.10683,0.10567,0.1048,0.10327,0.10239,0.10145,0.10102,0.10138,0.10109,0.1021,0.10339,0.10503,0.10707035174756323,0.18732,0.18124,0.17612,0.16969668718519437,0.16325,0.1575284001205706,0.1517,0.14634,0.1408884513783012,0.13535616044677878,0.12995487804302336,0.12462,0.12072,0.11624665890581709
13-01-2026 12:45,25702.9,0.09992,0.09912127572340307,0.09852,0.09849,0.09819,0.09857,0.09871344811682081,0.09857,0.09981,0.10014,0.1018482804098107,0.10361703168262913,0.10528,0.109,0.18883,0.18333444800054038,0.1776,0.17041,0.16469,0.15844,0.15306,0.148,0.14121,0.13628,0.13152,0.12642,0.12269,0.11824
13-01-2026 12:50,25667.1,0.10716,0.10802,0.1068041911763074,0.1055704912905632,0.10432,0.10344,0.10262,0.102,0.10292,0.10288,0.10416,0.10557,0.10796,0.11179,0.18652,0.18125797916522332,0.17586,0.16930690206845678,0.16278,0.1572,0.15163,0.14603,0.14044360483879925,0.13461,0.12997484820830912,0.12499,0.12093,0.11684
13-01-2026 12:55,25659.75,0.11791,0.11238306048126817,0.10762,0.1068429311350911,0.10512,0.10415,0.1032,0.10271,0.10309,0.10316,0.10407342614624368,0.10510090941316659,0.10639078827668405,0.10792680107092231,0.18717,0.18133,0.17418395141707205,0.16686,0.16311,0.15729852430901287,0.15135,0.14558799741492406,0.13966,0.134748847068296,0.12995,0.12491212841492465,0.12023418984398246,0.11581068624217114
13-01-2026 13:00,25645.05,0.10976,0.10878,0.1072,0.10506,0.10368,0.10315257772800815,0.10217,0.1016,0.10199,0.10237,0.10408,0.10697101296590775,0.10981688681320353,0.11306,0.18672,0.18015,0.17445630482518093,0.16881,0.16108,0.15626,0.15003,0.14537,0.13983263737130555,0.1342334633483259,0.12849,0.12396,0.12001,0.11595
13-01-2026 13:05,25639.05,0.11940227018877367,0.11676,0.11177,0.11205,0.11056284250005627,0.10869747436719433,0.10667,0.10521,0.10519,0.10545,0.10703,0.10904428155273006,0.11118,0.11400630035255435,0.18741,0.18135,0.17485689154325296,0.16832,0.16258,0.15642,0.15070066425086148,0.14493,0.13889913943521354,0.13266,0.12808,0.12301,0.11891,0.11472
13-01-2026 13:10,25669.25,0.10935,0.10859,0.10366,0.10559,0.10429768427923648,0.10302,0.10243779625263436,0.10165,0.10223376673697579,0.10236,0.10393107748883479,0.10579,0.10762779692493493,0.11018110054865847,0.18893,0.18347590628096616,0.17783,0.17107,0.16414,0.1583,0.15235046446480516,0.14636008993477062,0.14024,0.13528539671955603,0.13015,0.12503,0.12102809465861412,0.11724
13-01-2026 13:15,25650.75,0.12082,0.11121,0.11372,0.11219,0.10964,0.1085063154815405,0.10733961746948828,0.10575,0.10531,0.10703318851921176,0.10815746686995872,0.10969793958152649,0.11088,0.11512,0.1881836646582824,0.18215,0.17615620518077735,0.170121632364304,0.16408,0.1578751286761062,0.15168,0.14627,0.1395,0.13456313223919456,0.12934,0.12428,0.12007165286022038,0.11605
13-01-2026 13:20,25659.9,0.1205,0.11738455148344595,0.11436539340084126,0.11136,0.10866,0.10769357126288918,0.10654207333605736,0.10558070558169413,0.10456,0.10459,0.10609,0.10748,0.10997,0.11268175956509568,0.18846,0.18292,0.17728,0.17132,0.16353,0.1578034659493514,0.15201873478334887,0.1462,0.13927,0.13374,0.12892911755187245,0.12385,0.11962578972398022,0.11548
13-01-2026 13:25,25660.75,0.12224,0.11729,0.11171104339696336,0.10601,0.10553337961126638,0.10396252311961138,0.10242,0.10167,0.10215,0.10329904665902183,0.10404,0.1057,0.10900155484694747,0.11278,0.18901,0.18301,0.17717918375852892,0.17141,0.16478623206218868,0.15822903973865482,0.15166,0.1463,0.1403447717786745,0.13425,0.12888,0.12485500719087654,0.12064,0.11627
13-01-2026 13:30,25661.85,0.11661,0.11306,0.11056,0.10996091471034966,0.10907,0.10749895347682695,0.10578,0.10449,0.10434,0.10429,0.10545,0.10696,0.10926,0.11328,0.1868590875424163,0.18109167286204916,0.1753108766218664,0.16948272579679402,0.16358,0.15785610251115328,0.15203,0.14567,0.13956615041340975,0.13321,0.12836,0.12335,0.11943,0.11493
13-01-2026 13:35,25679.45,0.11288,0.10962,0.10556,0.1049,0.10328,0.10235517511508867,0.10105,0.1006,0.1008,0.10102,0.10265,0.10423,0.10727826578241106,0.11074,0.19079,0.18416,0.17879,0.17237,0.1648,0.1589575585546978,0.1529,0.14733,0.14052,0.13489,0.13011091613471204,0.12491,0.12084,0.11675
13-01-2026 13:40,25665.55,0.11343,0.11269,0.1141,0.1121062078500859,0.1100580313228757,0.10791976427478533,0.10591,0.10520087497242492,0.10439,0.10504706142296358,0.10518,0.10639,0.10871,0.11278,0.19019572320763578,0.18305,0.17574,0.17036,0.16171,0.15569298245043,0.14960152853962472,0.1437019134834937,0.13763,0.13215,0.12716,0.12221,0.11834,0.11372
13-01-2026 13:45,25671.3,0.11584,0.11053028308592602,0.10635,0.10582,0.10347,0.10270137328063642,0.10194285787541933,0.10104,0.1017930921080142,0.1023267145252417,0.10279,0.10425,0.10681,0.11089,0.18758,0.18354,0.1765978253082503,0.16950601323474063,0.16238,0.15706,0.15095,0.1455,0.13879,0.13343,0.12873,0.12374,0.12019,0.11556603916475165
13-01-2026 13:50,25672.15,0.11731,0.1126888094543736,0.10877,0.10733,0.10546,0.10394,0.10265,0.10185,0.10242897754337321,0.10238,0.10338,0.10536419001243759,0.10765,0.11032768326651714,0.18693,0.18363,0.17494,0.16871195891710983,0.16261448074070928,0.15629,0.15034853193776143,0.14419036128592905,0.13779,0.1324,0.12742,0.123219153994484,0.11886,0.11428
13-01-2026 13:55,25662.15,0.11435,0.11479,0.1103,0.10912702616027345,0.10766,0.10529,0.10443056841934151,0.10312,0.10369375941503874,0.10345,0.10442,0.10618,0.10874,0.11144379767322232,0.18616,0.18060832253494336,0.17494,0.1685078804526834,0.1620179995364482,0.15558493173326027,0.14926,0.14458,0.13805,0.13272,0.12796,0.12314,0.11882097055808336,0.11462
13-01-2026 14:00,25659.5,0.10596,0.10380186339990996,0.10224,0.1033,0.10247,0.10185170390098722,0.1011,0.10064,0.10092,0.10146,0.1032,0.10512,0.10781,0.11198,0.18695,0.18054933333734807,0.17427548913054577,0.16809591859413409,0.16191,0.15622,0.15019,0.14468,0.13918399116773783,0.1334,0.12894040315801053,0.12422,0.12043,0.11664376404527631
13-01-2026 14:05,25647.55,0.11484,0.1111,0.1089,0.10697,0.1057,0.10463602685670412,0.1034,0.10231,0.10319192537824222,0.10393983728298314,0.10447,0.10654329786943023,0.10889,0.11173007990584165,0.18578,0.18029649903985312,0.17455,0.16736,0.16141318551896086,0.15533,0.14912,0.14354397044435965,0.13755,0.13214,0.12782,0.12261,0.1193,0.11457192819412804
13-01-2026 14:10,25642.55,0.10218298841498655,0.10297,0.10314098385638584,0.10333,0.10235316903997292,0.10139,0.1002,0.1006491995299027,0.10039,0.10169731060399538,0.10243,0.10455,0.10748,0.11189,0.1854,0.1796,0.17396,0.16696,0.16049,0.1548188275271014,0.14894,0.14389,0.13718,0.13244765800275737,0.12731,0.12244,0.11873,0.11476
13-01-2026 14:15,25631.25,0.11749,0.11344026078043587,0.10971,0.10798578315500884,0.10585,0.10392,0.10325449039717405,0.10226,0.10228,0.10231,0.10434477633088193,0.10586,0.10873,0.113,0.183838382886843,0.17761,0.17227,0.16603,0.15857,0.1525,0.14705,0.14187,0.13524,0.12995,0.1254312597538111,0.12054,0.11695,0.1122
13-01-2026 14:20,25627.6,0.10827952001328775,0.10613,0.10161,0.10124,0.10023,0.09971,0.09968219272490145,0.09911,0.09991,0.10055,0.10272,0.10495,0.10815,0.11248,0.18352,0.17733,0.1712036912125447,0.16509129178817278,0.15892,0.15306,0.14792910682190363,0.14283,0.13634,0.13116,0.12699949644955044,0.12266734253078496,0.11835,0.11427
13-01-2026 14:25,25619.65,0.10956,0.11014,0.1057,0.10475,0.10354364527125778,0.10202,0.10187,0.10119,0.10198486178330674,0.1022,0.10462090976398247,0.10689211767429493,0.10918,0.11368,0.18315,0.17736,0.17111478589667908,0.1648184866658221,0.15857205482261053,0.15237,0.14715,0.141483040051623,0.1358515915548134,0.13005,0.12555113720883423,0.12083,0.11741,0.11306
13-01-2026 14:30,25622.55,0.12078,0.11885441071215505,0.11681,0.11413,0.11157592270252234,0.10886,0.10725,0.10601,0.10636818913478384,0.10572,0.10693,0.10864,0.11153,0.11541,0.18116,0.17762,0.17082,0.16392,0.15739,0.15062,0.14505485480766808,0.13937907736068195,0.13385858064736614,0.12828,0.1237,0.11922501418070575,0.11478,0.11045666990796013
13-01-2026 14:35,25644.0,0.12605,0.12063,0.11719343125855505,0.11338,0.11022,0.10835,0.10637,0.10569474825421286,0.10446,0.10439,0.10572,0.10775392051688394,0.10998,0.11310258977695115,0.18162677986146591,0.17643,0.17097,0.165,0.1583897865578956,0.15176,0.1460541709599217,0.14018,0.13362,0.12835,0.12352,0.11842,0.11481,0.11132795374599114
13-01-2026 14:40,25667.6,0.12795,0.12323180087084726,0.11890087389087575,0.11455,0.11168657509656363,0.10854,0.10704299157041214,0.1051,0.10422,0.1038,0.10482,0.10636,0.1087,0.11237,0.18463649371634058,0.17808264811194105,0.17186,0.16506,0.15917417580298665,0.15321,0.14765,0.14172374614833272,0.13581640168243825,0.12977,0.1245997033796396,0.11926,0.1152,0.1102
13-01-2026 14:45,25695.95,0.1173,0.11195052833899935,0.10739,0.10562,0.10358,0.10225,0.1008,0.10039,0.1009813873980332,0.10130249496990378,0.10123,0.103,0.10582,0.10851151567055417,0.18457,0.18134,0.17432205986869714,0.16742,0.16162993200207693,0.15552,0.1492,0.1438956826479037,0.13824561740443075,0.13227,0.12738,0.12243,0.1183,0.11250963788062875
13-01-2026 14:50,25698.45,0.12994,0.121,0.11698683179888239,0.11213,0.10844,0.10629,0.1044,0.10284,0.10209,0.10258293018929714,0.10196,0.10411208725618787,0.10593,0.10922,0.18423,0.18012,0.17396,0.16765,0.16024,0.15479,0.1487406008444072,0.14257333150561358,0.13641299459563325,0.13023,0.12503,0.11963,0.11547,0.10993
13-01-2026 14:55,25717.05,0.10227,0.10131,0.10561,0.103,0.10178,0.1004981968100096,0.09903,0.09869270817159809,0.09788,0.09778,0.09901,0.10052,0.10344739438030601,0.10675,0.1897529904664328,0.1828580273761651,0.17615,0.16947657410317746,0.16292,0.15689,0.15069670752828732,0.14448450960384324,0.13826,0.13281,0.12791885433635175,0.12303107467163821,0.11832,0.11401680886856332
13-01-2026 15:00,25754.0,0.08466080787506057,0.08771,0.08152,0.08567,0.08764,0.08828930898822253,0.0891,0.08982,0.09113446667213473,0.09105,0.09392034066264551,0.09549,0.09849,0.10247,0.18914,0.18378052341840428,0.17799126063030563,0.17245,0.16566,0.15874,0.15333,0.14779240271261385,0.14189812863218548,0.13566,0.13092,0.12594,0.12166,0.11573464064264541
13-01-2026 15:05,25708.75,0.12503,0.12015552632589056,0.11578320699017738,0.11152,0.10881,0.10642778552212254,0.10414132570598089,0.10203,0.10201107693276645,0.10169751865108104,0.10117,0.1027402723532523,0.1048,0.10734397534953392,0.1879691994456236,0.18125,0.17464323186217853,0.16795,0.16079,0.15474,0.14881,0.1425053663870985,0.13604,0.13057,0.12534,0.12032818146614926,0.1153,0.1098
13-01-2026 15:10,25746.05,0.09601,0.09543475100449858,0.09493384700780927,0.09443,0.09419500684531551,0.09393,0.09376,0.09323,0.09365,0.09362,0.09550334895319276,0.09684,0.09966,0.1035,0.18872896545928522,0.18273,0.17679897318857493,0.17082,0.1645517836649441,0.15830494627899083,0.15200258801850508,0.14567,0.13924,0.13403,0.12887,0.12400187047007485,0.11912,0.11362
13-01-2026 15:15,25745.9,0.09885,0.09442,0.0938687007055466,0.0927,0.09307,0.09268992932572015,0.09227,0.09256112640381714,0.0927414083911744,0.09258,0.09434,0.09669119344608461,0.09921,0.10231426467367752,0.1846049996030187,0.18117,0.17744,0.17144,0.16503853163474683,0.15878,0.15271255123448527,0.1466,0.14100746935963115,0.1354048563364748,0.12982,0.12460574621995868,0.11939132030737028,0.11427
13-01-2026 15:20,25730.9,0.10596,0.10372266275147765,0.1016,0.09989,0.0987267533698779,0.09735,0.09655,0.09557,0.0959,0.09549,0.09717342526389776,0.09835,0.101384646313294,0.1047,0.19059885688023598,0.18403895183079777,0.17737,0.17104,0.16471,0.15807976762611667,0.15139,0.14642,0.13928,0.13342,0.12820308510633574,0.1228,0.1176184675556782,0.11245
13-01-2026 15:25,25730.8,0.10125,0.09819,0.09998,0.0975239272790539,0.09512,0.09402,0.09398,0.09364,0.09387592268257203,0.09339,0.09456,0.097,0.09919,0.10305,0.19098,0.18082,0.1789,0.17223,0.16751,0.15719,0.15183,0.14700179227713162,0.1413575065322999,0.13574203153314834,0.12995,0.12472631392209985,0.11937,0.11379
14-01-2026 09:15,25671.9,0.14959,0.1285557616122471,0.11174,0.10873,0.10765,0.10551342892922018,0.10288,0.10173,0.10139,0.10223200188421944,0.10239,0.10433,0.10685,0.11004575520836683,0.19276,0.18752,0.18191,0.17457,0.16868,0.16229895104501343,0.15588074300601124,0.14939,0.1427,0.13707,0.13117,0.12558,0.12053,0.11497
14-01-2026 09:20,25705.8,0.12363,0.12422,0.11588049167982506,0.10689,0.10436,0.1032594981598682,0.10126,0.10015,0.09998,0.09974,0.10134119428959117,0.10243,0.1054494402680475,0.10877,0.19452,0.18877,0.1834,0.17659341451771743,0.17003,0.16326,0.15622,0.15001,0.14306,0.13778,0.13193306967291085,0.12589,0.12102,0.11552
14-01-2026 09:25,25717.85,0.13317,0.12729807485817646,0.12118,0.11356,0.11106,0.10716,0.10495,0.10390834670477461,0.10229,0.10186,0.10256613147909115,0.1036,0.10538458122163342,0.10776948367412105,0.19577847670130866,0.18932,0.18289356300141768,0.17644,0.1697587759601792,0.16311,0.1565,0.14991,0.14267,0.13685059052110904,0.13089,0.12521901908131516,0.11949485153903444,0.11384
14-01-2026 09:30,25746.8,0.11272,0.10267,0.10078,0.10024,0.09959,0.09806,0.09683,0.09616,0.09616,0.09601,0.09733560019140626,0.09916,0.10158878152835964,0.10493836674904243,0.19806762425084146,0.19149,0.1856333939452302,0.17952,0.1719,0.1657,0.15915,0.15275,0.14661747670360242,0.14036598842764642,0.13387,0.1279,0.12301,0.11723
14-01-2026 09:35,25737.05,0.12189787530659572,0.11807,0.10043,0.10226611431550794,0.10049,0.09946,0.09825,0.09723,0.0971,0.09792363176291516,0.09815,0.09997,0.10282070243209052,0.10598,0.19606,0.19023,0.1842094890380492,0.17832,0.17179,0.16502,0.15814,0.15237,0.14522,0.13923887980323196,0.13298,0.12733,0.12206,0.11653
14-01-2026 09:40,25712.25,0.12103,0.10667,0.10523562205621659,0.10242504826401205,0.09942,0.09791,0.0973905047202093,0.09656,0.09661,0.09664,0.09797,0.09991,0.10246999386189777,0.10574752768995908,0.19395159366380466,0.18821,0.18235632503994798,0.17641,0.16966272510612826,0.16299,0.15661,0.15004660729884997,0.14342,0.13765670637030017,0.1318264987441341,0.126,0.12059826459850019,0.11525
14-01-2026 09:45,25691.85,0.11173337054202649,0.10863,0.105730577811711,0.10313,0.10168,0.10053,0.09893,0.09828,0.09847,0.09854,0.09988,0.10168,0.10453,0.10839,0.19270616466812987,0.18703,0.18192,0.17525,0.16891,0.16239777369013442,0.1558250794641062,0.149269854278279,0.14272543436758306,0.13627,0.13052,0.12473,0.11991,0.11494763571608377
14-01-2026 09:50,25701.2,0.14342150627152692,0.13623837814447193,0.1298,0.12353,0.119,0.1145,0.11092,0.10787,0.10619,0.10517,0.10541,0.10623,0.10857299662587354,0.1114,0.19446367241745244,0.18766210941610184,0.18082,0.17434,0.16731,0.16093,0.15422,0.14807,0.14139347567265526,0.13451,0.12849751410798876,0.1222,0.11692,0.11055
14-01-2026 09:55,25759.55,0.09956,0.08438,0.08875,0.09669,0.09529,0.09431,0.09476654452802721,0.09518537648266875,0.09567339069215919,0.09623755974845197,0.09574,0.0974,0.1,0.10384,0.19687,0.19168,0.1855,0.17879271964380708,0.17221,0.16596,0.15934081385993118,0.15273,0.14534,0.13975,0.13392,0.12858124097771584,0.12319,0.11744
14-01-2026 10:00,25727.85,0.12568,0.11977,0.10681,0.10560344166163664,0.10278509350298495,0.09973,0.09769,0.09738812077774778,0.09648,0.0974462181641717,0.09783,0.09918,0.10196,0.10495209489259363,0.19351,0.1891,0.18213220946880074,0.17525,0.16857,0.16202,0.15574989668854167,0.14942,0.14235,0.13666,0.13071,0.12522,0.12026,0.11553300831572542
14-01-2026 10:05,25713.6,0.11955,0.11474846874024228,0.11038446470435292,0.10644311982359235,0.1025,0.10059548522924655,0.09863,0.09749,0.0976920641973241,0.0975,0.09928859164876358,0.10125672185459328,0.10370933417607574,0.10655,0.19239,0.18795,0.1817,0.17426,0.16809,0.16112,0.15485467854838111,0.14851,0.14221009997547154,0.13578,0.13014920953179943,0.12439,0.1189762164044187,0.1136
14-01-2026 10:10,25697.45,0.12007,0.11399,0.11053287961204995,0.10673,0.10455255440901659,0.10203517482875371,0.09953,0.09863,0.0985,0.09940348497800142,0.09982,0.10177,0.10466575872620451,0.10784,0.19167,0.18665,0.18021828242025398,0.17391,0.16724945843232975,0.16068,0.15396,0.147631366984629,0.14129863116506663,0.1349,0.12901,0.12373241110923935,0.11843,0.11254
14-01-2026 10:15,25696.35,0.0961208108920424,0.0986,0.10025,0.09882212126144108,0.09751071433265432,0.09617,0.09559,0.09591332496944482,0.09583,0.0962,0.09798,0.10004,0.10297,0.10684,0.1927,0.1873,0.18138,0.1747277691716898,0.16823,0.16159765203261017,0.15501,0.14858,0.14157,0.13597,0.13009,0.12453,0.11944745689512216,0.11447
14-01-2026 10:20,25678.3,0.10372,0.10513,0.10303,0.10170022774408406,0.10030476856305902,0.09905297037244501,0.09788232436079213,0.09691,0.09739,0.09767,0.09965858424157356,0.10116,0.1043,0.10822,0.19099,0.18559,0.17988,0.17309,0.16646148594200808,0.15996,0.15296,0.14653,0.13984,0.13415143529895485,0.12823,0.12243,0.11744109838011733,0.11263
14-01-2026 10:25,25683.35,0.0955041220706135,0.1016,0.10787,0.10482,0.10177,0.10035,0.09895,0.09843,0.0983,0.09972995937723114,0.10102905366853512,0.10186,0.10498683392108321,0.10844,0.1921986285338843,0.18579,0.1799,0.17316,0.16608,0.1596776105420777,0.15326455114870913,0.14678,0.13968,0.13383,0.12811,0.12257,0.11743461539786576,0.11239
14-01-2026 10:30,25678.05,0.12108441603196038,0.11626,0.10899,0.10656,0.10338,0.10162,0.09964,0.0987,0.09904,0.09899,0.10027,0.10246,0.10523,0.10848539957250566,0.19074,0.18491318793376954,0.1788153303041625,0.17256372204094073,0.16651,0.15966,0.15311,0.14679,0.1393,0.13349875677083417,0.1274835632875056,0.12215,0.11572495208042496,0.1096654243437007
14-01-2026 10:35,25689.95,0.09714678374549962,0.09949,0.10136,0.10009267169205435,0.09896768184480037,0.09771388018246535,0.09648,0.09581,0.09623,0.09635,0.09811,0.10090632228116053,0.10363251439969726,0.10671,0.19281,0.18703956606543526,0.18115,0.17454,0.16705,0.16122,0.15449842507937311,0.14771817829923956,0.1408,0.13481,0.12932,0.12382,0.11923,0.11379
14-01-2026 10:40,25691.8,0.11136,0.10505581674597964,0.10051,0.10065,0.09914247422171305,0.09689,0.09613,0.0955,0.09586,0.09625,0.09803,0.09961790938089501,0.10188260456840877,0.10469889375402974,0.1866740038201647,0.18382,0.18047,0.17378230242765408,0.16723,0.15981,0.15412,0.14775,0.14142501259177365,0.13492,0.12911,0.12368,0.11915,0.11372
14-01-2026 10:45,25665.9,0.12,0.12893,0.12057484033100906,0.11447,0.11121,0.10756,0.10468,0.10287,0.10243,0.10173,0.10276,0.10481,0.10705,0.11056,0.18956,0.18173,0.17662357456281172,0.17155,0.16428,0.1576252245678289,0.15107,0.14471,0.13831434763105216,0.13147,0.12574985021221544,0.11951,0.11485,0.10912
14-01-2026 10:50,25695.5,0.1149107322845501,0.11226,0.10964835126305811,0.10700887996993277,0.10433,0.10152,0.10034536391700163,0.09879,0.09854,0.0981,0.09968,0.1015,0.10402,0.10765,0.19225,0.1870132282232896,0.1809110832238678,0.17509,0.16724,0.16068025421670046,0.15422,0.14724,0.14014,0.13414,0.12873825767866842,0.12272,0.11782,0.11208
14-01-2026 10:55,25706.35,0.1257144976895227,0.12225,0.1192,0.11476,0.11089,0.10792,0.10453,0.10279,0.10175,0.10153996504341224,0.10232782636243432,0.10400102571038577,0.10645236167879799,0.10958430113982848,0.19540876530527715,0.18808,0.18094693166620435,0.17386,0.16693,0.16001,0.15406,0.14736,0.14073706754028825,0.13401,0.1278,0.12218,0.11673201993231225,0.11133
14-01-2026 11:00,25720.95,0.12452,0.11411,0.11064,0.11044,0.10585,0.10416,0.102,0.10027,0.09959,0.10016946044764782,0.09964,0.10168979958342858,0.1034,0.10674,0.19353,0.1893,0.1819,0.17508783132040456,0.1684,0.16132,0.15525,0.14887,0.14143,0.1358666399356862,0.12984,0.12359,0.11881,0.1133
14-01-2026 11:05,25733.0,0.10822,0.10538364665276523,0.10324,0.10313,0.10013,0.09901,0.09724,0.09648,0.09706487156643538,0.09743980168129562,0.0972,0.09941061066979989,0.10148,0.10476,0.19424,0.18803502761126412,0.1817986423924642,0.17554034896468612,0.16928,0.1629,0.15618430943311357,0.14948419015359699,0.14271,0.13656,0.1309996403270518,0.12527,0.1207,0.11524
14-01-2026 11:10,25729.2,0.11782065112575671,0.11287,0.1085,0.1046347066621457,0.10069,0.10064,0.09866,0.09713,0.09750242898500139,0.09677,0.09802,0.09974,0.10185,0.10552,0.19367,0.18728,0.18152259599792903,0.17587,0.1686,0.16208841388706902,0.15559,0.14893729087071403,0.14213,0.13557,0.13036,0.1245,0.11983,0.11424
14-01-2026 11:15,25736.25,0.1227,0.11967,0.11314,0.10991011198205577,0.10627,0.104,0.10258091677538442,0.10094700219326525,0.0995203328596904,0.09792,0.09883,0.10029,0.10227,0.10531,0.19426,0.18787,0.18279,0.17601886286018925,0.16923,0.16258663311816654,0.15592309426983691,0.14929230868660376,0.1426502135735906,0.13617,0.13027,0.12416,0.11944,0.11401
14-01-2026 11:20,25743.15,0.11527,0.10984304970898087,0.10532,0.10387,0.10173035990087399,0.09925,0.09792833785615718,0.09618,0.09572,0.09558,0.0966,0.09831,0.10072,0.10436,0.19470785979624328,0.18955382250194877,0.18347777302088353,0.17689,0.17059,0.16352,0.15690094326759607,0.15029289724100137,0.14379968428996037,0.13718,0.13144274924548094,0.12569,0.12109,0.11673190994211474
14-01-2026 11:25,25735.0,0.14145,0.13595,0.12854201367988996,0.12083,0.11546,0.11145,0.10785,0.10584152110260855,0.10308,0.1017,0.10276707221231926,0.1029,0.10451,0.10766,0.19335,0.18820030816034555,0.18274,0.17581,0.16879,0.16249,0.15525,0.14864,0.14139,0.13535860969963448,0.12887,0.12348391623068444,0.11791,0.11163
14-01-2026 11:30,25773.9,0.10956,0.1073275008720126,0.10518,0.10342,0.10105,0.0986,0.09756780067181264,0.09597,0.09589990440990787,0.09497,0.09599,0.09744,0.09956,0.10308,0.19735,0.19179,0.18553,0.17783,0.1714677638393936,0.16512544949679148,0.15884471600710814,0.15251,0.14577574559036313,0.13901,0.13326,0.12717,0.12173321135329876,0.11643
14-01-2026 11:35,25764.1,0.11427,0.11474,0.11090572480934897,0.10657466747610922,0.1021,0.10038933613352927,0.09823,0.09693,0.09634,0.0969792062745389,0.09686,0.09809,0.10014,0.1038,0.19601,0.19019994432082915,0.18427,0.17768,0.17075,0.16422,0.15743752876521594,0.15067427703991007,0.14378,0.13784786083762796,0.13173,0.12584,0.12078,0.1158687694189012
14-01-2026 11:40,25766.75,0.11206,0.11197,0.10283,0.1022540947161552,0.10031232336527714,0.09868412980862692,0.0972356478956867,0.0951,0.09438,0.0944,0.09522,0.09699,0.09735727460447823,0.0984195068751527,0.19566,0.19021254410136126,0.18452,0.17749,0.1708,0.16376,0.15751293350054446,0.15119,0.14392,0.13791,0.13182,0.12638,0.12158,0.11576
14-01-2026 11:45,25761.25,0.11673,0.1271,0.12184,0.11623,0.11043,0.10852,0.10583187355093042,0.10246,0.10073,0.0992,0.09968,0.10056,0.10275647956990895,0.10536,0.19642,0.19019592496989776,0.18385,0.17684,0.16996,0.16335627546907902,0.15673,0.14997450911276528,0.14317,0.1364,0.13012,0.12415,0.11887,0.11271
14-01-2026 11:50,25775.3,0.11506,0.114,0.1098819892686255,0.10564,0.10242,0.10067082851478526,0.0987444613086974,0.09677,0.09612,0.0964647054529379,0.09608,0.09743,0.09925,0.1031,0.19669,0.19148,0.18503,0.17812132493101857,0.17138,0.16455,0.15768,0.15144,0.14437,0.13821800926056108,0.13182,0.12587,0.12084,0.11599487308463592
14-01-2026 11:55,25774.6,0.11471212851981766,0.11031,0.10639,0.10400895350117902,0.1016390610226286,0.09915,0.09773383962582399,0.09612,0.09519,0.09604608796988454,0.09667089869315151,0.09697,0.099,0.10248,0.19695,0.19145,0.18547,0.17822,0.17144147258456705,0.16469,0.15792202280907758,0.15115295105993307,0.14432,0.1376,0.13186398914628183,0.12598,0.12121,0.11488
14-01-2026 12:00,25786.0,0.12037383479098905,0.11363,0.10792,0.1031,0.10041,0.09903858987704137,0.09688,0.09496,0.09519,0.09431,0.09502,0.09632,0.0981827349200408,0.10080162222012172,0.20104004512402682,0.19369,0.1862,0.1792,0.17253,0.1657,0.159203158500882,0.15274,0.14553,0.13882,0.13188783596971704,0.12489577714261785,0.1178846836579566,0.11092329470012316
14-01-2026 12:05,25782.1,0.09027,0.09366,0.0915,0.09297,0.09146,0.09081,0.09084,0.09005,0.09074,0.09135996013050346,0.09152,0.09303,0.09522,0.09756610105285501,0.19731,0.1934,0.1859,0.1789,0.17234909064368936,0.1658063610830421,0.15928243482155474,0.15254,0.1459456705520743,0.1388,0.13323,0.12721,0.12212,0.1165
14-01-2026 12:10,25757.05,0.10055,0.10634,0.09609,0.09666,0.09423,0.09342,0.09262,0.09265809671971734,0.09217,0.09183,0.093,0.09552499576139767,0.0979780830159613,0.10096,0.19533,0.18983,0.18385,0.17681,0.1701,0.16392,0.15709105044411834,0.15027,0.14371081539927977,0.13719,0.13067125778757152,0.12426766477891452,0.11797173245537414,0.11179302249402671
14-01-2026 12:15,25735.55,0.13328,0.12758,0.1184,0.11589,0.11096,0.1068,0.10404,0.1013,0.10004,0.09863,0.09886,0.09992,0.10119057034586178,0.10337647118587551,0.19479,0.1881,0.18209,0.17545,0.16846019469868845,0.16153,0.15534,0.14846,0.14112,0.13424,0.12839905229747864,0.12224,0.11707,0.11081
14-01-2026 12:20,25771.55,0.1023,0.10190270983293034,0.10112995852064599,0.101,0.09756,0.09538,0.09459695094055628,0.09268,0.09328952221913837,0.09221,0.09321,0.09496,0.09751110370080282,0.10063,0.1983693808170693,0.19160415112075546,0.18486,0.17808,0.17138,0.1647,0.15779,0.15149,0.14413,0.1375,0.13194,0.12591,0.1203324468562686,0.1150348264455118
14-01-2026 12:25,25768.3,0.1056,0.09486,0.0961766077568738,0.09550893150850702,0.09506,0.09382,0.09249,0.09227047161780566,0.09157,0.09139,0.09257,0.0943,0.09665,0.1007,0.19718,0.19055,0.18462,0.17826,0.17113,0.16479,0.15784,0.15100564931425425,0.14397,0.13743,0.13211,0.12609,0.12103,0.11485
14-01-2026 12:30,25761.1,0.11558,0.11165,0.10489,0.103,0.10078,0.09835,0.09721490682034083,0.09588172718829432,0.09442,0.09373,0.09423,0.09647624314285783,0.09883050707105151,0.10178,0.19663,0.19049817283680676,0.18428,0.17738316368030776,0.17053,0.1638786502089209,0.15721,0.15086,0.14382,0.13687,0.13141,0.12569317305862132,0.11991,0.11385
14-01-2026 12:35,25772.4,0.10931,0.10503340078664056,0.10127,0.10027016133401273,0.09876,0.09708,0.09512,0.09459757138298686,0.09361,0.09275,0.09373,0.09575076004645354,0.09732,0.10095,0.19727,0.19104013203854822,0.18476,0.17821,0.17132,0.16501,0.1584,0.15149,0.1445803473290712,0.13741,0.13187,0.12605,0.12072,0.11455
14-01-2026 12:40,25773.6,0.10821,0.10386,0.09096,0.09282,0.09216,0.09167,0.0910058811952941,0.09012,0.09045,0.09024,0.09158,0.09359,0.09584,0.09976,0.1968,0.19185,0.18489,0.1779183633450982,0.17105,0.16496,0.15756,0.15147,0.14452,0.13765,0.1325,0.12644,0.12137,0.11562
14-01-2026 12:45,25759.5,0.11368,0.11393,0.09807,0.09706,0.09680899342028028,0.0949739680395706,0.09285,0.09254,0.09219,0.09209,0.09296,0.09488,0.09709,0.10092,0.1954,0.18913,0.18278,0.17652,0.16967,0.16304,0.15649,0.15006,0.14321607833866623,0.13609,0.1306836956977919,0.1249,0.11999,0.11407
14-01-2026 12:50,25748.9,0.10486,0.10811,0.10082,0.09988,0.097,0.09505,0.09366,0.09266,0.09275,0.09235,0.09354,0.09547289623866309,0.09774,0.10037847013052456,0.1949293256422129,0.1883,0.18241,0.1754892600143248,0.16858,0.16249,0.15557,0.14939,0.14237,0.13565,0.1303164526818743,0.12482019962871033,0.11933,0.11358
14-01-2026 12:55,25745.55,0.11091,0.10232,0.10093,0.1015,0.09815,0.09708,0.09539,0.09501531175011727,0.09446716911588107,0.09361,0.09441,0.09654406857626167,0.09843,0.10213,0.19568388737089032,0.18890384427439583,0.18215,0.17539,0.16871,0.16222364154108176,0.15573440022145818,0.14925,0.14182,0.13512,0.12983,0.12381,0.11827114574492305,0.11285
14-01-2026 13:00,25748.1,0.09798,0.0975749302566862,0.09717314756288589,0.09678,0.09641,0.09492925535004637,0.0933624703469774,0.09184,0.09217,0.09207,0.09353716727824854,0.09521450812353412,0.09743,0.10021045652529838,0.19456,0.18828,0.18215,0.17563,0.16856,0.1621,0.15553,0.1495,0.14233,0.13636329487638432,0.13032982401766707,0.12426,0.1192,0.11346
14-01-2026 13:05,25745.45,0.11027,0.10808,0.10248,0.10342,0.10072719139887845,0.09776,0.09618698687117624,0.09438,0.09424507023890308,0.0935,0.09510051039701936,0.09663064566056334,0.09809,0.1023,0.19438,0.18967,0.1824908036744009,0.17543,0.1688995757498759,0.16242,0.15595248952738827,0.14955,0.1421,0.13525,0.1296690941169582,0.12380264263135624,0.11864,0.11220635208985769
14-01-2026 13:10,25759.75,0.10591,0.0984578395236587,0.09268,0.09214,0.09087,0.09034,0.09020742603000842,0.08995886124765076,0.08954,0.08952,0.09095,0.09299,0.09612223650639266,0.09952,0.19555,0.18923147295795306,0.18281997687168536,0.17643,0.16969772852394488,0.16298,0.15629,0.14989,0.14348367063087925,0.1370776532623665,0.13063,0.12488890288392489,0.11923,0.11343501084027026
14-01-2026 13:15,25750.25,0.10791258205745703,0.10412,0.09486,0.09505,0.09407301295646561,0.09245974812324637,0.09094,0.09045,0.09131999395129903,0.09215204648437676,0.09317050219027298,0.09384,0.09639,0.1006,0.19451,0.18822402227277107,0.18171947066666677,0.17521,0.168,0.16181,0.15514,0.14846,0.14233799048383278,0.13606072835038835,0.12992774538827023,0.1237,0.11871,0.11297
14-01-2026 13:20,25735.95,0.09177032282940037,0.09088,0.09116,0.08927,0.08931,0.08892,0.08832,0.08893861285292998,0.08949451808448944,0.08953,0.0916291496886569,0.09341,0.09618,0.10013,0.19369,0.18739,0.18099,0.17447,0.168,0.16147,0.15481763801022147,0.14818,0.14151,0.13593753404496695,0.13033180079925846,0.12479271491246058,0.11922,0.1135
14-01-2026 13:25,25715.5,0.10660747734620181,0.10317,0.10010418783354347,0.09726,0.0958988893462275,0.09414,0.0929,0.09245,0.09268,0.09269,0.09386,0.09613,0.0981461236078988,0.10099420865313129,0.19148,0.18548,0.17932,0.17266174334903167,0.16606,0.16005,0.15318,0.14687,0.140584942283989,0.13431051585555737,0.12802,0.12245114658266838,0.11686100811402297,0.11145
14-01-2026 13:30,25717.15,0.09619331901869559,0.09475,0.09061,0.09135,0.09055,0.09010017248957447,0.08954,0.08944,0.09037099376286295,0.09078,0.09303670862581187,0.09503,0.09794,0.10099501492288307,0.19223,0.18563,0.17948,0.17315,0.16642074060401432,0.15973865783003557,0.15304,0.14662,0.14002,0.13347,0.12811,0.12246,0.11762,0.11212
14-01-2026 13:35,25708.2,0.07590587550800013,0.07823,0.08042,0.08158947447946109,0.08287,0.08409998388184678,0.08537,0.08643,0.08774,0.08909,0.09137,0.09426,0.09810454691889846,0.1022,0.19065,0.18396659065892684,0.17754241411086844,0.17132200271869508,0.16508,0.15979,0.15256,0.14732,0.13992,0.13409,0.12937,0.12376,0.1186274364948326,0.11386294052003954
14-01-2026 13:40,25665.9,0.10071,0.09837,0.09493,0.09387,0.09312,0.09264,0.09251,0.09227,0.09331,0.09393,0.09605,0.09887,0.10199,0.10579407021670566,0.18757,0.18096,0.17549,0.16884,0.16204,0.1559,0.14974135417560455,0.14353,0.13648,0.13084,0.12553,0.12008,0.11569,0.1107
14-01-2026 13:45,25656.25,0.10367,0.10254617949932629,0.10121904839895884,0.0999,0.0979,0.09681,0.09591,0.0953,0.09579,0.09621,0.09861835062015481,0.10123077612579426,0.10431665398254303,0.10792,0.18711,0.18019,0.17471,0.16823271976748438,0.16172864442367635,0.15523,0.14884580846100098,0.14238,0.1364882985322411,0.1304337066556688,0.12454594896504473,0.1186,0.11398,0.10875
14-01-2026 13:50,25665.25,0.08603,0.08404,0.08586148342525673,0.08744,0.08769508185304817,0.08812,0.08863,0.08987887019841886,0.09086,0.0925,0.095,0.09832140336279246,0.10184,0.10580084227799703,0.18786,0.182070875463001,0.17618,0.16944566990682985,0.16278,0.15688,0.14995,0.14441,0.13772,0.13254778628913488,0.12693,0.12203,0.11809,0.11319
14-01-2026 13:55,25642.0,0.10263879429767132,0.10086,0.09857,0.09824,0.0967,0.09581715273500585,0.09469,0.09448,0.09544,0.09752010290342247,0.09942669989506678,0.10106,0.10456,0.10902,0.1866640441921087,0.18037,0.17471,0.1679319410490228,0.16115,0.15468714416689236,0.14814,0.14237,0.13606367854814783,0.12968,0.12442,0.1194769945821923,0.11450349612709336,0.10964
14-01-2026 14:00,25653.3,0.09106,0.09305,0.09194,0.09174,0.09191,0.0917,0.09176,0.09207,0.09317,0.09423,0.09729824025584743,0.0998,0.10317,0.10783,0.19215284456831738,0.18429222393435857,0.17672277136104425,0.16951,0.16215,0.15569,0.14954182796842322,0.14335589899515416,0.13705,0.1316426181871005,0.12603,0.12032,0.11666,0.11210392155131615
14-01-2026 14:05,25642.2,0.10931457726201409,0.10608,0.10346,0.1008,0.09905,0.09782180615832167,0.09658,0.0975846682110727,0.0981757741885222,0.0989156523036584,0.09943,0.10212,0.10515,0.10957,0.18748,0.18131460730654847,0.1749463208934096,0.16858,0.16157,0.15519274467000138,0.14877,0.14293,0.13565,0.13022213253233633,0.1246893874860184,0.11904,0.11421290230567166,0.10944
14-01-2026 14:10,25650.55,0.11123,0.10818,0.10589011113055033,0.10363873809318255,0.10124,0.09958726097407947,0.09766,0.09692,0.09754,0.09775,0.09953,0.1022,0.10529,0.10937,0.18791,0.18165,0.17524004421786385,0.16891,0.16215857602190428,0.15548,0.14853,0.14219,0.13568,0.129,0.12360072916670287,0.11783,0.1132,0.108
14-01-2026 14:15,25666.25,0.09477,0.09206960025986898,0.09021,0.09398,0.09103,0.0914289623709646,0.09055,0.09213816661421462,0.09307439540790471,0.09333,0.09585,0.09888,0.10243,0.10644576369777492,0.1892,0.18297,0.17661,0.17028,0.16316,0.15707,0.15028,0.14447,0.13844884497653187,0.13234888479460782,0.1261,0.12108,0.11656,0.11181
14-01-2026 14:20,25637.25,0.09594,0.09529,0.09429,0.09333,0.0932,0.09245,0.09228,0.09263,0.09413,0.09507,0.09762,0.10103635823466454,0.10407,0.10859,0.18715,0.1816,0.17531,0.16882,0.16174,0.15595,0.14962523175641862,0.14326,0.13611,0.13071,0.12553,0.12086213539454727,0.11683767241411372,0.1132062194440606
14-01-2026 14:25,25618.75,0.11219,0.10809,0.10600816256896822,0.1036,0.10198347983144948,0.09998,0.09881,0.09824,0.09913,0.10123635547483598,0.10310207572407432,0.10473,0.10795,0.11216,0.1860998134311991,0.18008,0.17398,0.16744,0.15996,0.15398,0.14712,0.14151,0.13442,0.12915475351892908,0.12349,0.11826,0.11355,0.10886
14-01-2026 14:30,25626.9,0.10999,0.11111,0.10747206861301786,0.10374,0.10118,0.09924,0.09838,0.09794,0.0992205379427805,0.1005779615290906,0.10228666096749743,0.10444,0.10767103064301534,0.1113862230786858,0.18745,0.18133758197797395,0.17513,0.16836,0.16088,0.154415608275507,0.14774,0.1415587120172215,0.13513,0.12921,0.12382,0.11804,0.11250105943334668,0.10670388274808965
14-01-2026 14:35,25635.8,0.12229,0.11516,0.11152,0.1082846197202442,0.10454,0.10167,0.10004,0.10042399053108209,0.10046845834583423,0.09981,0.10221237690359047,0.10451,0.10798198906803241,0.11165,0.1871,0.1813,0.17480171323966046,0.16836,0.1615,0.1551861418348684,0.1488859262212,0.14255,0.13502,0.12908,0.12364,0.11828,0.11329,0.10781
14-01-2026 14:40,25660.55,0.11205137230688891,0.10852,0.10566977776540173,0.10285,0.10016,0.09882,0.09789345375198641,0.09656,0.09749799304950517,0.09738,0.09986854876809918,0.10216,0.10515,0.10904045613798344,0.1923680937286422,0.18509,0.17715,0.17051,0.16369,0.15694126078445467,0.15018775753216443,0.14353380320215253,0.13687,0.13100923603362272,0.12521345825866353,0.11945,0.11431002657174297,0.10926
14-01-2026 14:45,25696.2,0.10274,0.10106751136760517,0.09951378145967417,0.09805408829745454,0.09661,0.09562,0.09468866712049512,0.09361,0.09452,0.09663240028639941,0.09865988119502636,0.10091802284177268,0.10308,0.10702,0.19234,0.18584,0.17971,0.17287301647085593,0.16607,0.16036,0.15297,0.1463258067375454,0.13976483510773136,0.13304,0.12752325938148112,0.12184,0.11678,0.11199805374624268
14-01-2026 14:50,25697.1,0.10822237287953564,0.10479,0.10023,0.09933,0.09631,0.09571027599597898,0.09477979713767386,0.0936,0.09423,0.09482,0.09688,0.0998130908760981,0.10241,0.10623,0.19216,0.18568,0.1789845889628403,0.17228603302073225,0.1656,0.15962,0.1529650340400443,0.14629,0.1397911179708227,0.13314,0.12776,0.12233937953261416,0.11689,0.11105
14-01-2026 14:55,25696.05,0.09894,0.09640575264054654,0.09428205392903487,0.09216,0.09151443403874837,0.09065,0.09068,0.09041,0.09135,0.09226,0.09483,0.09741,0.10096470116300586,0.10479,0.19065,0.184502937390556,0.17834,0.17180116726479489,0.16535100370933148,0.15886,0.15208,0.14621,0.13973601860994458,0.13274,0.1274962034871288,0.1219027465922921,0.11692,0.11078904408265526
14-01-2026 15:00,25666.15,0.10545,0.10721,0.10359,0.10214,0.09894,0.09703,0.09661987554171794,0.09541,0.09563,0.09602,0.09841,0.10077,0.10414,0.10821,0.18941,0.18161,0.17703,0.17046,0.16314,0.15674012088828898,0.15014,0.14389399662433267,0.13713,0.1314962973024928,0.12537,0.11968,0.1144,0.10874
14-01-2026 15:05,25690.25,0.07851,0.09021,0.0896244234701983,0.09128,0.09116,0.09105208172560328,0.09081,0.09139,0.09267,0.09359,0.09631,0.09962546716654119,0.10261,0.10675,0.19349144914845173,0.1862047968363001,0.17913918818691532,0.17234,0.16507,0.15907,0.15273240601501756,0.14637,0.13923,0.13364,0.1283440087039982,0.12283,0.11804851973317368,0.11334
14-01-2026 15:10,25672.65,0.09847,0.09817,0.09722,0.09622029903247056,0.09517,0.0947,0.09444,0.09493629643709714,0.09494,0.09609,0.09867127653706799,0.10099,0.10445,0.10839294496808309,0.18913,0.18298,0.17669,0.16991853753027347,0.16318,0.15736,0.15017,0.14422360665650077,0.13802,0.13231,0.12719,0.12229729585067713,0.11733,0.11239
14-01-2026 15:15,25654.0,0.11178,0.10719,0.10592,0.10332828402774852,0.10052,0.0993678045524771,0.09815,0.09898155893385976,0.09949593803355572,0.10015266545920562,0.10062,0.10284,0.10571,0.11003,0.1885,0.18147,0.17584,0.16886,0.16139,0.15588,0.14981044056074053,0.14363977352146173,0.1374036557225629,0.13122905671623109,0.12509,0.11969,0.11405765887904841,0.10877717801056362
14-01-2026 15:20,25659.6,0.1171771247900773,0.1131,0.10901,0.10658248110262872,0.10388,0.10162,0.10026,0.09987038356991217,0.09887,0.10042872573725749,0.10162,0.10441607713966478,0.10722320771515684,0.11045,0.18926,0.18298,0.17657,0.16936,0.16209,0.15706,0.14917,0.14304862986696013,0.13668,0.13113,0.12563285891694068,0.11996,0.1153,0.11002
14-01-2026 15:25,25670.6,0.10658647691335882,0.10381,0.10346,0.10035,0.09894157058892017,0.0972,0.09624,0.09617,0.09687966184510516,0.09666,0.09979,0.10179,0.10507118076645001,0.10896990313897853,0.19156,0.18505301441021973,0.17797,0.16772,0.1662,0.15985,0.15004,0.145,0.13947239252006605,0.13353,0.12719,0.12262,0.1184,0.11386361074674983
16-01-2026 09:15,25709.45,0.14811,0.13601,0.13172,0.12547979937117684,0.11844,0.11432,0.11076,0.10759,0.10736118882518093,0.1065132666297891,0.10516,0.10618,0.10852,0.11261,0.19829,0.19189,0.18500459252403179,0.17805750827585498,0.17108348516491018,0.16416717745436088,0.15732,0.15113,0.14345,0.13686,0.1309959180395387,0.12493,0.11915965334896533,0.11341
16-01-2026 09:20,25731.8,0.12143444746628054,0.11626,0.11116288029980925,0.10672,0.10463,0.10221714497583251,0.09945,0.09803,0.09820420581539159,0.09736,0.09879,0.1004,0.10317,0.10711,0.2002,0.19314,0.18643,0.1785625686775989,0.17063,0.16466,0.15813783767328282,0.15158,0.14467445683075292,0.1377,0.13216,0.126,0.11997705942137286,0.11402309050818904
16-01-2026 09:25,25713.95,0.13856,0.1303334119302779,0.12231,0.11478,0.11145487548029326,0.10721,0.10394,0.10164,0.10129493407201755,0.10069679575298353,0.09971,0.10123557072982564,0.1032,0.1060048587505149,0.19718,0.19017935789736035,0.183,0.17458,0.16717,0.16118,0.15412,0.147747644019964,0.14133711444147062,0.135040653017581,0.12856,0.12298445308411837,0.11729,0.1114
16-01-2026 09:30,25717.25,0.12074,0.11334639451926622,0.10708,0.10601181442464892,0.10414,0.10131562444258393,0.09836,0.09732853466109168,0.09601715374794659,0.09457,0.09555,0.09727,0.10049345046525354,0.10408,0.19581423797575617,0.18833,0.1813,0.17333,0.16631284482938263,0.15953217157674657,0.15276584008227972,0.1460598226415738,0.13931984517649998,0.13305,0.12774,0.12235263210056321,0.11695,0.11157211441953475
16-01-2026 09:35,25703.5,0.12154,0.12388,0.11176,0.10671,0.10359,0.10087,0.09855,0.0969,0.09574,0.09533,0.09651,0.09915512970020533,0.10178209521259372,0.10491,0.19475,0.1872,0.1815,0.17436241685285342,0.16719523989011498,0.16004,0.15277,0.14565,0.13886,0.13325,0.12755129415659747,0.12168,0.11707,0.11222260836144313
16-01-2026 09:40,25700.0,0.14571,0.13989,0.1281,0.12149,0.11634,0.11235534786016059,0.10743,0.10471674405699746,0.10102,0.09973,0.09978,0.10071,0.10264,0.10533170837475056,0.1957,0.18768,0.18089,0.17314,0.16644748003876242,0.15973305918341762,0.15311,0.14438,0.13719,0.13049,0.1244,0.11798,0.11307,0.10813037806433061
16-01-2026 09:45,25718.5,0.13848,0.13252,0.12643139501994793,0.12012,0.11514,0.11078,0.1061,0.1033,0.10249171811863858,0.10114964183420308,0.09937,0.10053,0.1021,0.10583,0.19647,0.1899313782272787,0.18317,0.17508,0.16795,0.16128547568384322,0.15485,0.14670606160433125,0.13866,0.1313,0.1255731519403114,0.1195832566405744,0.11363,0.1077
16-01-2026 09:50,25745.0,0.13175,0.12499,0.11837,0.11421450745486811,0.11013901456317504,0.10622728414548081,0.10249982404222815,0.09899,0.09730895173858678,0.09574,0.09681672013996483,0.09708,0.09913,0.10256,0.20051142139712616,0.19318202290596526,0.18614,0.17893,0.1718584718934073,0.16483,0.15817,0.14988764761838144,0.14158,0.13425,0.1278,0.12171999233336936,0.11573,0.11030687990796603
16-01-2026 09:55,25750.1,0.12116,0.11604599537140678,0.11128623532293827,0.1068696580942955,0.10247,0.0996894781925639,0.09694,0.09563514646200556,0.09414308865367767,0.09265,0.09316,0.0946,0.09667924960022696,0.09961493914954304,0.20041166188074777,0.19348,0.18643524947423062,0.1794,0.1724059481935608,0.16538889898067197,0.15846,0.15053267762818837,0.14261,0.13492,0.1286,0.12260313107072295,0.11654188001443082,0.11059
16-01-2026 10:00,25740.5,0.14949,0.14199,0.1326716487478462,0.12292,0.11662,0.11173,0.10763,0.10496172673414837,0.10198434267897995,0.09937,0.0992,0.09933324606510786,0.10028565299534647,0.10223609866112877,0.2,0.19269,0.18577167585487178,0.178857932464503,0.17196775555277133,0.16518,0.15801,0.14887,0.14153,0.13353,0.1269107096216177,0.12,0.11392752776113696,0.10793
16-01-2026 10:05,25754.15,0.14244,0.1307,0.12572065144060177,0.11996,0.11346,0.1098477881362401,0.10556,0.10204,0.10044143420645149,0.09822,0.09824,0.09963,0.10098264824466285,0.10368659211541081,0.19997,0.19314,0.18653289145362786,0.17990490243742968,0.17338,0.16645,0.1582921209421802,0.15018,0.14269,0.1349,0.12799,0.12135,0.11577,0.11052902018292393
16-01-2026 10:10,25768.1,0.15031,0.1411579836345666,0.13218,0.12358,0.11864362897094441,0.11277,0.10856,0.10474,0.10237,0.10234575471675068,0.10194526896459807,0.10087,0.10330939684377498,0.10645,0.20237,0.19600003051152987,0.18954,0.18229264257666888,0.17517,0.16822,0.16104,0.1521,0.14493,0.13691,0.13019813239336542,0.12319,0.11695,0.11015
16-01-2026 10:15,25809.45,0.17053,0.15923589636371538,0.14845,0.13976,0.13346,0.12639,0.12041,0.11533,0.11258,0.11048536428241058,0.10741,0.10869812434468018,0.10879,0.11139,0.20664125724237947,0.20007,0.19377,0.18647,0.17941,0.17247,0.16458536343216468,0.1568038170569715,0.14892,0.14084,0.13404,0.1272,0.12082,0.11367
16-01-2026 10:20,25841.8,0.15819,0.14716,0.13965013144921673,0.13187,0.12373,0.11993414210070014,0.1157198365015699,0.11180074270404894,0.10763,0.10463,0.10322,0.10351,0.10496668470735557,0.10678,0.21090010640031354,0.2039,0.19723,0.18991,0.1831,0.1761262689938463,0.16939,0.1614117496457104,0.15362,0.14545,0.13883599372665278,0.13214719680203646,0.12547,0.11796
16-01-2026 10:25,25852.75,0.16242,0.14949,0.13989730940833023,0.12939,0.12252,0.11715,0.11283,0.1087,0.1060886457738261,0.1027,0.10127,0.10210556433835864,0.10209,0.10456,0.2119,0.20486,0.1978998961929757,0.19102588798654885,0.18411496623864032,0.17703819667170287,0.17022,0.16149,0.15429170781906798,0.14685,0.14009,0.13271,0.12637,0.11887
16-01-2026 10:30,25857.6,0.15034,0.13945,0.13079,0.12526287750090592,0.11883,0.11293,0.10892,0.10622751881319582,0.10328790589841835,0.10016,0.0989,0.09971729009837815,0.09982,0.10275,0.21194,0.20515383156174638,0.19833,0.19135,0.1841843114432194,0.17715,0.16944075640341882,0.16177,0.15466,0.14751,0.1405335313510722,0.13347,0.12712,0.11996
16-01-2026 10:35,25863.75,0.14219421410212826,0.13696322934971553,0.13121,0.12583,0.12005969378397749,0.114,0.10955,0.10609,0.10326,0.10069,0.09935,0.1004427398797221,0.1013076916451966,0.10294,0.21232433098568362,0.2055,0.1987085122366261,0.19191,0.18498543884381163,0.1782,0.17108,0.16276,0.15562,0.14813,0.14179,0.13499084373802173,0.12811,0.12133312224116297
16-01-2026 10:40,25871.4,0.11897,0.11633,0.10899,0.10727,0.10349,0.10199,0.0993,0.0974007075779186,0.09528,0.09547948709828091,0.09509195251932151,0.09435,0.09576,0.09883,0.212433690717891,0.20618,0.1999,0.1929,0.18581287241429706,0.17892,0.17202,0.1635,0.15638,0.14957838098510845,0.14258,0.1358925800109489,0.12916,0.12225
16-01-2026 10:45,25855.55,0.14367913390742623,0.1366152951315698,0.12971,0.12357,0.11794863988028509,0.11201,0.1082,0.1044,0.10165,0.10101610788723585,0.09990742699847721,0.09844,0.09942,0.10234,0.212150009682948,0.20522,0.19822482401370084,0.19125,0.1844147359774186,0.17775,0.16995836715295334,0.16223,0.15506469919610955,0.14768,0.14126,0.13444173696661235,0.12765,0.12038
16-01-2026 10:50,25847.05,0.14577,0.13897,0.13104379654749082,0.12323614535629161,0.11503,0.11095605894003728,0.10605,0.10261,0.10005,0.09817,0.09713,0.0984657844087337,0.09968858106944421,0.10168,0.21008216125471044,0.20382,0.19754,0.19054,0.18315597030719233,0.17580622077645752,0.1684516499210909,0.16107,0.15389840096219698,0.14671,0.14015,0.13314,0.12674,0.11969
16-01-2026 10:55,25842.9,0.14318,0.1324,0.12427193979735326,0.11551,0.11107,0.10684,0.10414936867346035,0.10135377810134541,0.09825,0.09729009861820362,0.09575,0.09636,0.09761,0.099734782073698,0.21144022671619692,0.2042500204732091,0.19721,0.18991,0.18287,0.17618,0.16946,0.1609,0.15371,0.14662,0.14015,0.13331707779864294,0.1265,0.1194
16-01-2026 11:00,25831.1,0.14914,0.1374422398874048,0.12683,0.12151369474127725,0.11559247071711506,0.11021945081346649,0.10495,0.10159,0.09997327562249583,0.09826598883764931,0.09635,0.09695,0.09832,0.10148,0.20992,0.20348846362619463,0.19686,0.1892,0.1821,0.1756,0.16787305490288665,0.1602,0.15294,0.14593,0.13922,0.13245798527023633,0.1256817086972552,0.1189
16-01-2026 11:05,25828.0,0.15898,0.14145,0.13754,0.1275,0.11895,0.11351,0.10883,0.10513,0.10239,0.10106212382774085,0.09879,0.09902,0.09998,0.10281,0.2093,0.20287020426250535,0.1963,0.18895,0.18185,0.17452184463415016,0.16719176531986157,0.1598549792867872,0.15249,0.14534,0.13853,0.13165,0.12519,0.11870890056660582
16-01-2026 11:10,25825.7,0.13287,0.12163,0.11516,0.11241,0.10781,0.10493,0.10225385486593244,0.09914,0.09784031960926477,0.09583,0.0965557576042839,0.09622,0.09783,0.1011,0.20835,0.20140596510664815,0.1945240493234898,0.18761,0.18088,0.1747,0.16794,0.16027915062824408,0.15263,0.14559,0.13948,0.13255,0.12667,0.12009
16-01-2026 11:15,25823.0,0.1348,0.11791,0.11802,0.11388230926046436,0.10815,0.10542159216095655,0.10220128405205858,0.09876,0.09692,0.09503,0.09613609652782654,0.09583,0.09765,0.1011,0.20787070181006653,0.20060919210597652,0.19365,0.18588,0.17924485704245155,0.17256,0.16557,0.1584916708940236,0.15146078169628785,0.14429,0.13814104592076748,0.13183,0.12611,0.11987
16-01-2026 11:20,25813.0,0.1374,0.12177,0.12075,0.11476,0.10972,0.10533,0.1025,0.10047459367685316,0.0983277945957377,0.0959,0.09679117334145998,0.09673,0.0982,0.1015,0.20127982936400174,0.19603724875296852,0.19044017851554992,0.1844206852502131,0.1779,0.17119,0.16423,0.15643,0.14972,0.14286,0.13693,0.1307111864168708,0.12445,0.11825
16-01-2026 11:25,25811.55,0.14089,0.1292,0.12487,0.11889,0.11332,0.11003715211801776,0.10597,0.10248,0.1002,0.09808,0.0990904827253922,0.09942691492366773,0.09942,0.10261,0.20686,0.19845,0.19273,0.18494,0.177971751989857,0.17108,0.16435,0.15612,0.14943,0.14258,0.13626756911287324,0.12994473009784202,0.12370818476167811,0.11761
16-01-2026 11:30,25823.8,0.15411,0.113,0.11435,0.10898,0.10743727860522623,0.102,0.09995,0.0975,0.09647,0.09487,0.09483,0.09594,0.09743,0.09943458651687925,0.20831,0.19913,0.19347,0.18572,0.17835,0.17165401562523067,0.16483,0.15688,0.15027,0.14366,0.13741,0.13085,0.12501,0.11896050908145457
16-01-2026 11:35,25810.0,0.12446,0.11967500935156905,0.11493,0.11073919123877146,0.10626,0.10419,0.10133,0.09905,0.09732,0.09597,0.09682395352748766,0.0965,0.09825,0.10142,0.20388,0.19723,0.19164,0.18424,0.17716,0.17024,0.16336,0.15612374810417604,0.14879,0.14201,0.13607000360996396,0.12997,0.12389,0.11763
16-01-2026 11:40,25806.75,0.1389,0.12465,0.11794,0.11279806807790402,0.10622,0.10315,0.10062,0.09812,0.09705,0.09664075965104488,0.09532,0.09634,0.09806,0.10154,0.20536144883850183,0.19813,0.1924,0.1843,0.1769,0.16997,0.16293403149575725,0.15585231048801035,0.14868,0.14202,0.13598,0.12986886609137246,0.12373,0.11758
16-01-2026 11:45,25794.7,0.14051,0.13091,0.12421389726961322,0.11682,0.11231332473605682,0.10674,0.10367,0.10097,0.09913,0.0973,0.09807008969806424,0.09763,0.09990723494040414,0.10272,0.20353,0.1979,0.19172,0.18358,0.17648204308615478,0.16947502168692116,0.16245,0.15443,0.14754,0.1410125251567958,0.13437,0.12816744461720053,0.12192373807355228,0.11579
16-01-2026 11:50,25794.65,0.14526,0.13098,0.12389,0.11904032528725089,0.11350641033812447,0.10766,0.10416,0.10134,0.09948,0.09772,0.0971,0.09817,0.09991,0.10361,0.20397,0.1977766299550623,0.19142,0.18365105208787313,0.17616,0.16921865769220099,0.16225,0.15425,0.14738,0.14055,0.13438,0.12772,0.12185,0.11541
16-01-2026 11:55,25797.25,0.11631,0.11333,0.10804,0.10403,0.10069,0.09881,0.09713,0.09555,0.09487,0.09344,0.09503656757265595,0.09565,0.09765,0.10157,0.20337,0.1978,0.19065297896748473,0.18355,0.17697,0.17019,0.16317,0.15578025442997268,0.14836,0.1416,0.1352581344765804,0.12902,0.12312570895415141,0.1175065566971265
16-01-2026 12:00,25774.5,0.15411352739019224,0.14442,0.13569,0.12757,0.12104,0.11543,0.11063,0.10685,0.1044,0.10161,0.1027371331491003,0.10300415729166687,0.10292,0.10615,0.20194,0.1949609994148495,0.18796804239995626,0.18098,0.17393051427127543,0.16691,0.15964408586026976,0.1524,0.14513,0.13887148900997479,0.13259494212453826,0.12636995066115358,0.12011,0.11355
16-01-2026 12:05,25790.15,0.1669582393914275,0.15559135945403282,0.14572,0.13608,0.12913052110686019,0.12167,0.11576,0.11234436867844999,0.10792,0.10457,0.10314,0.10357,0.10446,0.10716,0.20436796901328702,0.1967840675223429,0.18942,0.18174,0.17467503285689326,0.1676164279605729,0.16055,0.15326375955353483,0.14594,0.13939,0.1327606269322814,0.12604,0.11988761417185004,0.1138
16-01-2026 12:10,25810.95,0.15056,0.14617826893030433,0.14114,0.13138,0.12354,0.11753,0.11338975151772272,0.1085,0.10668415153133623,0.10414556259201821,0.1017,0.10199,0.10283,0.10549,0.20484190862188456,0.19712,0.19123,0.18259,0.17569,0.16842,0.16154,0.1543774155433585,0.14702,0.1405,0.1340425354922496,0.12742,0.12188,0.11579494051285774
16-01-2026 12:15,25821.3,0.13938,0.13234,0.12675,0.11890171211067405,0.11084,0.10838,0.10515679209799014,0.1012,0.10001568538783913,0.09792,0.0971,0.0978,0.09951,0.10262,0.20592,0.19919,0.19149951413632754,0.18384,0.17610178383011788,0.16828,0.16178,0.15432,0.14776257838058454,0.1412,0.13512358234123267,0.1290007923013309,0.12295733189698524,0.11702
16-01-2026 12:20,25815.75,0.14513,0.13753500348645104,0.13050441967766813,0.12403339471839409,0.11797695284829676,0.11133379269995784,0.10514293104915405,0.10238,0.1004,0.09856,0.09786,0.09855,0.09994,0.10298,0.20884442650926055,0.19992897395862297,0.19134,0.18306,0.17577829877824924,0.1685314467128327,0.16140340757420105,0.1543505144534078,0.14733,0.14107868783112165,0.13489,0.12876197169891312,0.12264,0.11623
16-01-2026 12:25,25811.0,0.07388,0.07556,0.07403,0.08059,0.08192204467674696,0.08406,0.08529,0.08605,0.08702,0.08707,0.08859,0.09116,0.09460639358054923,0.0983,0.20310498142396405,0.19641,0.19061,0.18234,0.17548,0.1685,0.16197496015011426,0.15590985545446717,0.14976095952748936,0.14364145120552035,0.13764890763763243,0.13181,0.12636610793852485,0.12108290902317764
16-01-2026 12:30,25738.6,0.15132665130639747,0.14403,0.13703,0.12998,0.1234879571061821,0.11635,0.11184,0.10782,0.10574,0.10304,0.10396341436742966,0.10337,0.1046,0.10804,0.19935310646949572,0.19115,0.18304,0.17539339516346142,0.16765,0.16045,0.153583940921959,0.1465,0.14003358620182427,0.1333,0.12759,0.12143,0.11626,0.11068
16-01-2026 12:35,25771.0,0.13271,0.11957,0.11999,0.11437,0.11075743720846777,0.10775284854660457,0.10472078914941683,0.10183762409796668,0.09885864499577338,0.09743,0.09818022008630185,0.09898,0.10145719024256893,0.10431,0.20304374689202828,0.1943666187859054,0.18619,0.17795,0.1699,0.16309,0.15609,0.14932,0.14276,0.13619,0.13059612343231108,0.12469,0.11993,0.11418
16-01-2026 12:40,25768.5,0.1234906356338462,0.11783,0.11523,0.11026637077739028,0.10513,0.10293,0.10049,0.09938353997489752,0.09773,0.09643,0.0967,0.09827,0.10115243564127911,0.10439,0.202012839349836,0.19373,0.18546644968476508,0.17742,0.17032,0.16289,0.15638,0.14954,0.1432406328738759,0.13661,0.13136,0.12545,0.12058,0.11512
16-01-2026 12:45,25759.4,0.13574,0.12873,0.11727,0.11155,0.1062,0.10443017435022306,0.10183,0.10064063691168579,0.0990979931051941,0.09762,0.09773,0.09971522894450852,0.1015,0.10533,0.19968,0.1918,0.18449968286435875,0.17720447237089876,0.16985,0.16292,0.15605,0.14955,0.14262,0.13604,0.1304963049318172,0.1246,0.11957,0.11427
16-01-2026 12:50,25750.05,0.15113,0.1299,0.13151,0.12511911995720243,0.11706,0.1124,0.10845,0.10559,0.10434893820966741,0.10154,0.10298468531603186,0.10258,0.10427,0.10777,0.19893,0.19105,0.18448,0.17589,0.16936,0.16201027826215386,0.1545,0.14786,0.14082,0.13403,0.12818,0.12194,0.1167,0.11113
16-01-2026 12:55,25759.95,0.13098,0.11788,0.10878,0.10603731480761874,0.10147,0.10013,0.09880329123063075,0.09701,0.09661,0.09593,0.09607,0.09866,0.10065,0.10459,0.20021,0.192624729369787,0.18499,0.1771,0.17085,0.16355,0.15686,0.14965,0.14347435728049968,0.13726919746709024,0.13093,0.12562718804372208,0.1202,0.11467
16-01-2026 13:00,25740.05,0.11584,0.11270458768359748,0.10962540988772544,0.1065,0.10353,0.10136,0.09962,0.09884467587192815,0.09807807548436703,0.09708,0.098525945775607,0.10005972485793423,0.1022,0.10514325188771872,0.19883094883838348,0.19105,0.18404,0.17607,0.16898695864376267,0.16179,0.15459,0.1476,0.14118,0.13530222169049277,0.12928781971657083,0.12322,0.11839,0.11323
16-01-2026 13:05,25723.25,0.13718,0.12943856353409977,0.12245558492107954,0.11549,0.11086,0.10673,0.10476112635371548,0.10198,0.10135979169988771,0.0998,0.10027,0.10199,0.10432,0.10754440331715912,0.19679,0.18752,0.18262,0.17485152305388976,0.16707,0.15978,0.1526,0.14597297235179493,0.13886,0.13222,0.12679,0.12034,0.1146527936759328,0.1091144186470803
16-01-2026 13:10,25717.95,0.13098306208612673,0.12359,0.11648,0.11189,0.10762,0.10473,0.1028786032719031,0.10044,0.10008540787836476,0.09863,0.1004303452030285,0.10155,0.10385,0.10775,0.19595,0.18846,0.18113,0.17322,0.16633,0.15906,0.1519,0.14494,0.13801,0.13187,0.12626,0.12043,0.11581,0.11036
16-01-2026 13:15,25715.5,0.12546,0.12116,0.11565,0.1126,0.10896,0.10405,0.10229977340602134,0.09984,0.099,0.1001303891622933,0.10093327472100677,0.10146,0.10356,0.10763,0.1962318492307289,0.18828,0.18058,0.17323647019355998,0.16584,0.15805,0.15146,0.14411,0.13798538533291216,0.13175845698565966,0.12538,0.11965,0.11476,0.10943
16-01-2026 13:20,25705.4,0.12947,0.11802,0.11258,0.10834,0.10581081200027982,0.10232,0.10035,0.09896,0.09863,0.09943628895125306,0.09917,0.10128,0.10405,0.1082,0.19409,0.18625,0.17896789485638184,0.1717119439604558,0.16438,0.15740100742044555,0.15032,0.14401,0.13719,0.13149692579588917,0.12549,0.11984,0.11567,0.11134139476943314
16-01-2026 13:25,25670.15,0.14179577985006375,0.1348464441476597,0.12857499914065612,0.12298169396611314,0.11803,0.11384,0.11079429501891402,0.10745,0.10562,0.10535391248617636,0.10444,0.10609,0.10857342859505398,0.1123930327797025,0.19162,0.18425652324482555,0.17675,0.16848,0.16129,0.15459156488137388,0.14776426875625986,0.14091,0.13484,0.12774,0.12256,0.11649,0.11182,0.10669
16-01-2026 13:30,25701.15,0.1287284926248378,0.12167,0.11776,0.11068,0.10665,0.10372,0.10152,0.10011,0.09976095659414558,0.0984,0.09946,0.10177,0.10453,0.1080574785006435,0.19291,0.18635,0.17830873264626293,0.17016,0.16363530435762347,0.15684,0.15011773658173377,0.14324,0.13718,0.13102,0.12596,0.12097242944411521,0.11593083458104589,0.11092
16-01-2026 13:35,25687.3,0.14434,0.13011,0.12520246889850717,0.11985429256508562,0.11418,0.11066953614218608,0.10674,0.10463,0.10421667044811686,0.1035518684807565,0.10239,0.10459,0.10771149022139037,0.11112,0.19179,0.18521,0.17755,0.169,0.16242542009426741,0.15562,0.14894608330596226,0.14215258949354487,0.13532,0.1298,0.12427,0.11920577081129875,0.1141,0.10873
16-01-2026 13:40,25701.3,0.12527194828814744,0.1196018242705711,0.11463839922276588,0.11039155844816434,0.10685,0.10394,0.10172,0.10098059717718166,0.10014947258246024,0.09871,0.10067101849814658,0.10235,0.1049,0.10792476208372878,0.1943,0.18651965858715658,0.17877,0.17136027097889914,0.16381,0.1569,0.15027,0.1440221400270526,0.13759,0.1320210090848086,0.12628477013489575,0.12059,0.11633,0.1111
16-01-2026 13:45,25699.7,0.1373,0.13042,0.11779,0.11529,0.10943,0.1053,0.10285,0.102151533070118,0.10042,0.09952,0.10051,0.10286,0.10620832370015972,0.10982,0.1942,0.18645568178727126,0.17866,0.1706293740271817,0.16244,0.15595,0.14943,0.14316287397218555,0.13674,0.13033,0.12474,0.11878,0.11483,0.10907
16-01-2026 13:50,25712.85,0.09080486811469703,0.09541,0.09935,0.09913,0.09681,0.09661,0.09558,0.09631733589678373,0.09681466442629713,0.09739493636985704,0.09745,0.10022,0.10331,0.10789,0.19489,0.18785,0.18054,0.17280774364171508,0.16487,0.15825,0.15232,0.14546,0.13945,0.13427241027513526,0.12872,0.1229,0.1191,0.11438
16-01-2026 13:55,25689.85,0.12024,0.11693,0.11188,0.10916,0.1054,0.10374624029658619,0.1014,0.10011,0.09981,0.1007271887103418,0.10065,0.10302,0.10586,0.11021,0.19343,0.1864999305454466,0.17932,0.17,0.163548102209846,0.15688640599102366,0.14998,0.1431,0.13705,0.13101,0.12557564059017706,0.12037,0.11454691505919373,0.10904292838464982
16-01-2026 14:00,25681.95,0.1351648953114574,0.1228,0.11186,0.10728,0.10449,0.10222,0.10115587631247282,0.09939,0.09960975266199312,0.09873,0.1004,0.10286,0.10649234165106666,0.11042,0.19314849669896217,0.1849,0.17867,0.16968,0.1625,0.15605,0.14951,0.14300689390971238,0.1363,0.13023,0.12524,0.11973306968199851,0.11481907971197258,0.11029897941124416
16-01-2026 14:05,25682.85,0.11697,0.10862,0.1064,0.10353876296638617,0.10009,0.09877,0.09814776092044453,0.09708,0.0973,0.09863350462541073,0.09919,0.10199,0.10529,0.10988,0.19376,0.18657,0.17899914954747595,0.17142704566718572,0.16379,0.15719,0.15029,0.14367,0.13742,0.13134,0.12618,0.1206,0.11597392394748386,0.11155
16-01-2026 14:10,25684.7,0.12427,0.11599,0.11313,0.1097649727020182,0.10579,0.10318,0.10086,0.09999,0.09936,0.10046961028907166,0.10156470007272464,0.10323,0.1057000251966964,0.10892010708436121,0.19436,0.18782889612950238,0.18102,0.17225,0.16485,0.15764,0.15094,0.14449227291972655,0.13746,0.13112,0.12593,0.12005,0.11394272477882608,0.10824813459219013
16-01-2026 14:15,25676.95,0.1296,0.11748,0.11738,0.11313884075644406,0.10781,0.10553644867869842,0.10251,0.10111,0.10068,0.10164288575888253,0.10156,0.10398,0.10693,0.1114,0.1929,0.18651,0.18004,0.17128,0.1641641442309258,0.15712921338014801,0.15001,0.1433940806555,0.1366995429607849,0.13007,0.12489,0.11960574460883908,0.11431,0.10882
16-01-2026 14:20,25689.4,0.13376,0.12117,0.11690783912576397,0.11165,0.10693,0.10495887456560533,0.10275925354857532,0.10039,0.10018269126834227,0.09924,0.10062,0.10346761053227757,0.10594,0.11044,0.19482,0.1876,0.18081,0.17175,0.1647060100028366,0.15734,0.15051,0.14377,0.13728,0.13077,0.12531465159035457,0.11961,0.11523,0.11127432642559815
16-01-2026 14:25,25707.1,0.10504850100226559,0.10337,0.09999,0.09971789531968653,0.09907763927216401,0.09852,0.09679,0.09635,0.09596,0.09605,0.09786,0.10066,0.10379,0.1076744646533643,0.19591,0.18968160624710684,0.18305,0.17365,0.16691,0.15974,0.15263,0.14607,0.13954,0.13396672536555254,0.128,0.12259645784612228,0.11732,0.11149081014025362
16-01-2026 14:30,25688.2,0.1291,0.12584,0.11783,0.11225,0.1086,0.10543,0.10370664639106461,0.10131,0.10008,0.0997,0.10196320771517486,0.10415575726568921,0.10627,0.11062,0.19492441160082008,0.18678,0.18041,0.1717,0.16468,0.15756539860594432,0.15022,0.1435,0.13669,0.13054,0.12504803800226422,0.11931,0.11439044115510139,0.10955
16-01-2026 14:35,25708.0,0.0988,0.10427421519313423,0.10769,0.10343,0.10132,0.09913,0.09727,0.09666098222159354,0.09596,0.0944369484066696,0.09343378862768505,0.09258772152481808,0.09190282347325875,0.09137829660061293,0.19733383312392297,0.18888,0.18215,0.17312,0.16617,0.15883,0.15184,0.14567238207819064,0.13916,0.13226,0.1269787468594905,0.12142948659315485,0.11620188056234122,0.11142
16-01-2026 14:40,25706.4,0.13025,0.11776,0.11254,0.10902962462540294,0.10445,0.10217,0.10063102542604566,0.09848,0.09765,0.09744,0.09866,0.10081,0.10407,0.10814904181231579,0.19508,0.18877,0.18134,0.17234,0.1652714599254168,0.15791,0.15124,0.14424,0.13826228118109204,0.13225247144370122,0.12614,0.12084748055761757,0.11546,0.10992
16-01-2026 14:45,25707.8,0.11305,0.11059053531709341,0.1079,0.1037,0.10175634440881129,0.09932,0.09747,0.09656,0.0962,0.096,0.09755,0.1007440783137666,0.10390758837366479,0.10763,0.19566,0.18747894296788148,0.1796354462947516,0.1720597493396833,0.16439,0.15805,0.15116,0.14419,0.13795,0.13183,0.12668,0.12112,0.11596058648995064,0.11095
16-01-2026 14:50,25692.95,0.12547,0.11918,0.10981,0.1093,0.10592,0.10255,0.10015,0.09932,0.09851,0.09818,0.09941,0.10159,0.10482,0.10908,0.19487,0.1873686914971066,0.17988,0.17247970365768328,0.16504304741296694,0.157657508718224,0.15028,0.14363,0.13705,0.13159247393053702,0.12599,0.12031,0.11463035698510045,0.10899356944543273
16-01-2026 14:55,25700.95,0.12312299734302122,0.11841146668621716,0.11405,0.10999,0.10705046358860781,0.10401455832035503,0.10122848640466038,0.09834,0.09736,0.09789,0.09887,0.10149368819750242,0.10365,0.1081,0.19471,0.18681,0.18024,0.17233497798376352,0.16441326120652716,0.15639,0.15009,0.14316,0.13697,0.13133,0.12612,0.12093619949517795,0.11573165675179245,0.11054
16-01-2026 15:00,25706.3,0.10045037009732025,0.10192,0.10295,0.10124103004011936,0.09969,0.09792,0.09651,0.0962861304447846,0.09545,0.09534,0.09684,0.09922,0.1025,0.10705,0.19519,0.18809,0.17982360564464422,0.17142,0.16433,0.15744,0.15132,0.14473,0.13875,0.13248,0.12755247838190256,0.12248829294035604,0.11743,0.11238
16-01-2026 15:05,25694.05,0.11281,0.1108,0.10746,0.10416,0.1023027204735242,0.10025304417182054,0.09806,0.09725,0.09693,0.09638,0.0987151715617181,0.10026,0.10341,0.1081,0.19419,0.1869812408721638,0.1797,0.1719122799676146,0.1641366256869184,0.15637,0.15045,0.14318,0.1375250130748618,0.13156,0.12665,0.12166430365376976,0.11665,0.11126
16-01-2026 15:10,25691.6,0.11496,0.11011,0.10436,0.103,0.10112775841577469,0.09867,0.09737,0.09678,0.09691698899783717,0.09608,0.09782,0.10012,0.1032,0.10803,0.19358,0.1862725031283689,0.17879,0.16985,0.16215,0.1559,0.14978,0.14276,0.13744618180978463,0.1319117104500273,0.1265480152153764,0.12112,0.11638,0.1110718850687131
16-01-2026 15:15,25691.75,0.12581,0.1198153144331725,0.11411,0.11053826885669374,0.10641,0.10313,0.10126,0.09949,0.10002757962789342,0.10014793293347907,0.09963,0.10192009173970709,0.10484,0.10814196093773129,0.19512688202396525,0.18655,0.17919,0.17130873508712013,0.16348874084265483,0.15566,0.149375277777424,0.14307437145915664,0.13686,0.13135329341154556,0.12584178166231771,0.12036,0.11515923376396116,0.11
16-01-2026 15:20,25695.9,0.12636,0.11841,0.11262,0.10927998614538982,0.10512,0.10249,0.10053,0.10060210224717865,0.10031743873556456,0.10010054593080947,0.09946,0.10206,0.10533850570501535,0.10949256802060896,0.19487,0.18674642277561274,0.17886506392874824,0.17096,0.16397051568343018,0.15688,0.15031831786079003,0.14363,0.13747301388448674,0.13107,0.12575056703182794,0.12023,0.11537,0.10972
16-01-2026 15:25,25697.65,0.12031,0.11283124953281462,0.1066,0.10453,0.09976,0.09915,0.09722,0.09583,0.09506,0.09531,0.09719,0.10021,0.10304682264171505,0.1071846323698541,0.19461,0.1898,0.18118,0.17114,0.16431,0.1551,0.14895,0.14256,0.13677,0.13126,0.12625,0.11962,0.11517,0.10955761386628918
19-01-2026 09:15,25549.65,0.14245,0.13645987426053913,0.1310873732825515,0.126207063722662,0.1214,0.11899,0.11806,0.11870151155784948,0.11852,0.11961,0.12266,0.12716928692955487,0.13163008291231307,0.13657,0.20612,0.19843,0.1915,0.18321,0.17385,0.16623,0.1582820180621735,0.15008,0.14249,0.13638905140540158,0.12989,0.12439526843727834,0.1187,0.11346
19-01-2026 09:20,25596.45,0.08441,0.08932333855159205,0.09374,0.09633,0.09781310446068033,0.09950637702598075,0.1011,0.10234,0.1058486995282514,0.10952146381581887,0.11308,0.11716,0.12276680158048914,0.12876,0.21017,0.20166,0.19502,0.18657,0.17775,0.17067,0.16256926453010312,0.15405,0.14762360536006133,0.14047,0.13504,0.12996,0.12594,0.12153
19-01-2026 09:25,25570.45,0.1024,0.10142,0.10257,0.10302065439363337,0.10345417132504517,0.10388076064474984,0.10414,0.10522,0.10833,0.1123929188657895,0.11638045563111693,0.12016,0.1259865416111427,0.13211,0.20873,0.20057,0.19328,0.18469,0.17673,0.16852,0.16075,0.1527609577836649,0.14424,0.13812,0.13237,0.12696,0.1231,0.11855
19-01-2026 09:30,25544.4,0.1437,0.13407,0.129623573514004,0.12442,0.11993,0.11696,0.11677525194613739,0.11492,0.11679,0.1189,0.12285,0.12687,0.13188,0.13841836552304823,0.20706229786313496,0.19894,0.19113447577271908,0.18318555360711472,0.17510491096042904,0.16687881883145594,0.15849210135277786,0.1504,0.14143,0.13439,0.12829505117564777,0.12151,0.11662,0.11102
19-01-2026 09:35,25579.4,0.09938,0.09965076493391137,0.10000877040163622,0.10040795419140534,0.10071630688445632,0.10124,0.102,0.10339,0.10655,0.10958,0.1144340178760597,0.11861,0.12437,0.13093,0.21264,0.20463,0.19773,0.1890675361334343,0.18053,0.17254,0.16418,0.15572166150611477,0.14696,0.13985,0.134266309804162,0.12832,0.12423,0.12073424377710025
19-01-2026 09:40,25551.95,0.12474,0.12028,0.11453,0.11254,0.11043,0.11036941063736264,0.10928,0.1094,0.11187,0.11453,0.1181078040595114,0.12256839417501314,0.12787435876974929,0.13407026916170725,0.20806,0.20021,0.19271,0.18455365615258945,0.17610608659553706,0.1676175316610844,0.15917112913713016,0.1506577299533589,0.1420316875039851,0.13476,0.12888,0.1237667110202609,0.11862,0.11313
19-01-2026 09:45,25560.95,0.11334299648865784,0.11174,0.11006,0.10947,0.10771,0.10715,0.10706,0.10726,0.11016,0.11433591467574117,0.11825498078266883,0.12237949761091912,0.12643,0.13281,0.20898,0.20062911009325654,0.1924273040174373,0.18423,0.17651,0.16847,0.16008,0.15174,0.14344,0.13618,0.13053,0.12461,0.1196420971373312,0.1149
19-01-2026 09:50,25558.35,0.09813,0.09983407962306715,0.10114894549106399,0.10231,0.10235,0.10252,0.10428932585510708,0.10616020659167341,0.10771,0.11077,0.11563262164296698,0.12005,0.12593,0.13257,0.20877,0.20144054924376803,0.19383,0.18471,0.17721,0.1688794728600287,0.1605243924380011,0.1521,0.14406,0.13802844857246582,0.13188821675067702,0.12572,0.12158,0.11685
19-01-2026 09:55,25558.2,0.10221,0.10014,0.10142021261303028,0.10229,0.10223,0.10295690180192893,0.10338,0.10459,0.10831787953337588,0.11146,0.11594,0.1209,0.1269284056104342,0.13321,0.20929,0.20139,0.19461,0.18508,0.17753,0.16879,0.16056,0.15232,0.14407,0.13841709780773834,0.1319,0.12601,0.12211,0.11727
19-01-2026 10:00,25520.6,0.11102,0.10743,0.10734,0.10683,0.10585,0.10660945831883259,0.10601,0.10901829413688952,0.11123,0.1146,0.11929,0.12411,0.13013,0.13675,0.20707,0.1996013757177684,0.19193,0.18325,0.17535,0.16608,0.1579825549024959,0.14947,0.14123,0.13504,0.12974,0.1241,0.11947203914780721,0.11506
19-01-2026 10:05,25510.95,0.12617282906021396,0.12154,0.11737,0.11509909899835696,0.1124,0.11138,0.11069,0.11147,0.11459,0.11878398621809547,0.1226332261957578,0.12648,0.13215,0.1383976509357716,0.2057,0.19803,0.18988,0.18129,0.17407,0.16455,0.15632,0.14827554643234503,0.13978,0.13291,0.12728425572716479,0.12118,0.11689,0.11165
19-01-2026 10:10,25528.25,0.11377,0.11102,0.10945,0.10865,0.10732,0.1069,0.10676,0.10798,0.11157,0.11463,0.11918,0.12409,0.12999,0.13649,0.20878532419784912,0.20022,0.19168,0.18319289772590153,0.17472471545441048,0.1662,0.15810046928734311,0.14982,0.14134,0.13535,0.13002,0.12434,0.12024,0.11638809109980207
19-01-2026 10:15,25530.4,0.12141,0.11548,0.11391217069210555,0.11208835796581776,0.1104569725854963,0.1087968992411092,0.1075,0.1084,0.11225,0.11533,0.12008975205975345,0.12455,0.13037,0.13660453145204468,0.20674,0.19922,0.19156,0.18271,0.1744358925676786,0.1662,0.15768840682668706,0.14908,0.14128,0.13549628782843331,0.12952640874571147,0.12367,0.11966,0.1162268467174197
19-01-2026 10:20,25543.9,0.10527,0.10863,0.10749743588534337,0.10688166323308629,0.10618,0.10562,0.10593,0.10742,0.1109,0.1139,0.11814,0.12355384396372573,0.12856,0.13525,0.20859,0.20101999560071865,0.19336,0.1848656610546295,0.1765,0.16769,0.15962,0.15065,0.14289,0.13678,0.13111,0.1262,0.12128,0.11615
19-01-2026 10:25,25526.15,0.09784,0.09977620219381123,0.10124285433605484,0.10252,0.10243,0.10311,0.10435,0.10618,0.11058,0.11496596005868834,0.11923540892023213,0.12352,0.1277827643108529,0.1320890968735865,0.20783,0.20095,0.19232,0.18335,0.17583,0.16711,0.15904,0.15084,0.14335,0.13761,0.13253,0.12716,0.12338,0.1189
19-01-2026 10:30,25515.7,0.11207,0.11108,0.10904,0.10873,0.10713,0.107,0.10726,0.10887,0.1126,0.11579,0.12072499952142207,0.12525,0.1311544327398083,0.13722,0.2083432435006052,0.19975531962925014,0.19129,0.18263,0.1742123830551075,0.16575,0.15768,0.14928,0.1435106753905504,0.13792913468705115,0.13240700297028468,0.12696869954547918,0.12146,0.11627
19-01-2026 10:35,25513.9,0.10892853842093816,0.10845,0.1078092653470212,0.10735379228382516,0.10687,0.10724012270962621,0.10705,0.10863,0.11265,0.11595,0.12018,0.12558714041070784,0.13066,0.137,0.2108258899158712,0.20111009664817162,0.19151,0.18248,0.1742255495586309,0.16600820346783113,0.15774,0.15004286364141137,0.14227,0.13706301621996714,0.1317033710991582,0.12639,0.12211705188478,0.11797
19-01-2026 10:40,25500.4,0.12671,0.12105,0.11822064201189898,0.11492,0.11304,0.11277882019416113,0.11166,0.11259,0.11588036481995842,0.1186,0.12238,0.12702,0.13214696238295592,0.13794076910219114,0.21209873217355302,0.20188324927646348,0.19200693915455153,0.18246566866505481,0.17319,0.16441,0.15620101137999315,0.14777,0.14052,0.13504025207362227,0.12906,0.12437469632729743,0.11946,0.11466
19-01-2026 10:45,25525.55,0.11111,0.10929507469391675,0.10772,0.10745488167455788,0.10697369572633604,0.10635,0.10664,0.1084,0.11199,0.1149,0.11949173336017818,0.12381,0.12913,0.13489852346536071,0.20887,0.20024,0.19187413895976935,0.18344,0.17591,0.16744,0.15888,0.15089,0.14323,0.13830043106259501,0.13255,0.12684,0.12298,0.11823
19-01-2026 10:50,25515.9,0.12191840521355414,0.11797274836362559,0.1148,0.11244804059148336,0.11051,0.10984,0.10947,0.11058,0.11388,0.11648,0.12125321440239532,0.12544,0.13063,0.13669,0.20749,0.19889,0.19183,0.1828,0.17422011748006233,0.16565,0.15761,0.14864,0.14145,0.13566,0.1298,0.12429,0.11994,0.11583895936412682
19-01-2026 10:55,25526.35,0.13233,0.12637,0.12235024455476387,0.11840021019546965,0.1144,0.112859431395622,0.11078,0.11301698002840732,0.11488730512759944,0.11657,0.12053,0.12501,0.12999,0.13624,0.20857,0.19956,0.19221,0.1835040767836349,0.17477122766844827,0.16603,0.15766,0.14947478737959374,0.14085,0.1350658990229201,0.12854,0.12257,0.11808,0.11313
19-01-2026 11:00,25550.1,0.12151,0.11932,0.11752976040728721,0.11576237211366483,0.1140364230473374,0.11220838746971887,0.10982376846696362,0.10928,0.11236,0.11481,0.1185,0.12320546398183693,0.12812,0.13250125886333516,0.21143,0.20292754060908694,0.1943,0.18508,0.17745,0.16863,0.16013758048345164,0.15139,0.14332,0.1376165727584816,0.13131,0.12541,0.12046,0.1154
19-01-2026 11:05,25561.85,0.10899,0.10138,0.10069,0.10252,0.10215440845079843,0.10169,0.10215,0.10318,0.10665,0.11126813525967971,0.11552660557972519,0.11959,0.12517,0.13184,0.21391562325131092,0.20419925775342765,0.19516,0.18634,0.1785826051435604,0.17074,0.16283,0.1551866852824304,0.14716,0.14106,0.13515,0.12992,0.1252828219133696,0.12077
19-01-2026 11:10,25540.3,0.11046,0.11083,0.10827,0.10789,0.10588,0.10491,0.10635964311583822,0.10638,0.10954,0.11268,0.11737,0.12268171626566722,0.12767,0.13403,0.20769,0.20022,0.19262,0.18414,0.17678,0.16843336780463508,0.16,0.15135,0.14463,0.138,0.13236,0.12694,0.12227,0.11743
19-01-2026 11:15,25533.8,0.10798,0.10731,0.1053,0.10503,0.1045387268530194,0.10349,0.10402,0.10558,0.10894,0.11351650301845538,0.11782248777433937,0.12214,0.12774,0.13374724843841676,0.2066,0.19961,0.19276,0.18385,0.17612,0.16861921746142577,0.16143267230963432,0.15418734115676191,0.1469800799611598,0.13975316133048282,0.13327,0.12812549778463372,0.12329,0.11870698565149773
19-01-2026 11:20,25513.75,0.12529,0.11862,0.11668427498488504,0.11447112227084623,0.1124880793820911,0.11056100007964598,0.109,0.10982,0.11303,0.11594,0.12068326705132024,0.12545155152023615,0.13082,0.13715008012923363,0.20604435037661278,0.19808,0.19148,0.18214,0.174082782230097,0.16612381749145816,0.15801,0.15022149265629656,0.14218,0.13622,0.13042,0.12540537151340664,0.12023,0.11555
19-01-2026 11:25,25514.95,0.12155,0.11852306698794052,0.11564266139169471,0.11269,0.11016,0.10919,0.10884,0.10989,0.11307,0.11606,0.12056,0.12524,0.13056,0.13720051120904736,0.20677,0.19908,0.19201,0.18296,0.17563,0.16681,0.15861,0.1503,0.14252,0.13653,0.13071,0.12573562339000557,0.12058,0.11544
19-01-2026 11:30,25517.75,0.1164,0.11895,0.11447,0.11250113682725954,0.11014,0.10986839054099734,0.10842,0.10934,0.11251,0.11579,0.12019,0.1249,0.13011,0.13475622882678726,0.20709,0.1994,0.19234,0.18378402873917432,0.1754,0.16715,0.15874,0.15046,0.14400300837083943,0.13751076835873172,0.131,0.12572865688292933,0.12039515245452564,0.11537
19-01-2026 11:35,25523.55,0.13105,0.12514,0.11925,0.11609,0.11285,0.11088,0.11130671816440624,0.1104,0.1128082336384673,0.11588,0.1207018838890752,0.1270149059513081,0.1348131926951775,0.14409202406235302,0.20675,0.19941759080722865,0.19187,0.18327,0.1751244907344432,0.16705,0.15852,0.14979,0.14298458651977486,0.13564,0.12973,0.12443803332079482,0.119,0.11349
19-01-2026 11:40,25536.55,0.12496,0.12074,0.11594,0.11329,0.11037,0.10856,0.10951399317472998,0.10846,0.11115,0.11382,0.11815,0.12287,0.12793,0.13466,0.20751651620034653,0.20095,0.19398,0.18544721206057913,0.1768548903464939,0.16824,0.15992914862081092,0.15167710039942967,0.14335,0.1372182712919494,0.1309,0.12512,0.11963651771147653,0.11432237382408493
19-01-2026 11:45,25537.25,0.11701,0.11709,0.11421874420783075,0.11106,0.10883,0.10754,0.10676,0.10777,0.11073,0.11478551006429236,0.11808,0.1229,0.12826,0.13418365106109195,0.20866,0.20064,0.19270263686373634,0.18477,0.177,0.16877146956928404,0.16057,0.15202,0.14431,0.13825208967251557,0.13158,0.1257,0.12097,0.11573
19-01-2026 11:50,25541.5,0.11358880583560603,0.11365,0.11364,0.11100132355774642,0.10792,0.10771006625450057,0.10637,0.1072,0.11035,0.11317,0.11783,0.12292874567188408,0.12762,0.13443,0.20815,0.20067,0.19268,0.18491,0.17719,0.16884,0.16039,0.15234,0.14546574899240305,0.13809,0.13205,0.12674255075432095,0.12127,0.11592
19-01-2026 11:55,25540.75,0.10867,0.10743,0.10536,0.10369,0.10266,0.10272,0.10312,0.10594908746882546,0.10829,0.11183,0.11696686146530519,0.12195635069009526,0.12697,0.13378,0.2075746106253683,0.2002,0.19379,0.18487,0.17745,0.16912975212970643,0.1608,0.15393964860591414,0.14688672035466946,0.14002049804582362,0.1331,0.12732,0.12284,0.11847857864515896
19-01-2026 12:00,25527.0,0.10974,0.1081967692373833,0.10674,0.10549,0.10385,0.10401,0.10449,0.10618,0.11004,0.11442461849818095,0.11844,0.12351,0.12897569471512657,0.13489360632601555,0.2073,0.20016,0.19242,0.18348,0.17551577131814763,0.16755923092034788,0.159747844390851,0.15207150151947416,0.14449,0.13830282174697353,0.13228,0.1272092863430465,0.122105763993687,0.11728
19-01-2026 12:05,25522.1,0.11425123571213197,0.11073,0.10843293369128763,0.10672043809098564,0.10508,0.10569369352710371,0.10558,0.10727,0.11101,0.11542183189809466,0.119748885573226,0.1243,0.1304286406621751,0.13720203028374586,0.20782,0.20033246238817087,0.1927,0.18434,0.17697,0.16887,0.16094698431261117,0.1530509013819167,0.14489,0.13817,0.13251,0.12657,0.12221,0.11694
19-01-2026 12:10,25521.0,0.12433,0.11889,0.11494,0.11236,0.11070762830317837,0.10817,0.10804,0.10903,0.1125,0.11537,0.11986,0.1248,0.13057219668161865,0.13657,0.20775,0.20068915376518723,0.19335,0.18459,0.17717,0.16903,0.16024,0.15184,0.14431,0.13714,0.131,0.12559614624100246,0.11998,0.11443
19-01-2026 12:15,25533.2,0.13678,0.12256,0.11838,0.11453,0.11132,0.10931,0.10839,0.10893,0.11202,0.1148,0.11916,0.12362,0.12856,0.13528,0.20755,0.20002528525875937,0.19234561139081519,0.18454563182005243,0.17679,0.16833435808226568,0.15986,0.15134,0.14366,0.13692,0.13042,0.12428,0.11911,0.11353
19-01-2026 12:20,25542.4,0.11411,0.10767134459926286,0.10266,0.10198,0.10102,0.10115,0.10161,0.10353,0.10747,0.11224581785272389,0.11667394562469988,0.12093,0.12651,0.13326,0.20901903827928564,0.20187,0.19436353322298866,0.18666606890871146,0.17898,0.1707,0.16217295678105262,0.15342,0.14596,0.13906,0.13334,0.12723,0.12264,0.11827585562353578
19-01-2026 12:25,25526.05,0.11773,0.11381112752118919,0.11022,0.10788,0.1059,0.10617378040303328,0.10506,0.10649,0.10989,0.11301,0.11802,0.12303,0.12859,0.1346156453263215,0.21049659237008933,0.20203952061512218,0.19363,0.18491,0.17726,0.16944,0.16091,0.15195,0.14501075943674518,0.13732,0.13175,0.12558,0.12117,0.11557
19-01-2026 12:30,25524.6,0.1156,0.11206,0.10944876476731755,0.10649,0.10471,0.10398,0.10478,0.10605,0.10988,0.11311,0.11825,0.12325,0.12909466942576406,0.13517205415791783,0.20828,0.2010171424584417,0.19352,0.18479,0.17714,0.168899629238373,0.16056,0.1526516551439588,0.14437,0.13743,0.13158,0.12566,0.12061986815568412,0.11576
19-01-2026 12:35,25520.4,0.11317,0.1105087891848747,0.10806,0.10634,0.10473,0.10458,0.10512,0.10677,0.11082857600386598,0.11385,0.11905,0.12427,0.12963,0.13536866932631078,0.2079,0.20021,0.19313,0.18504195438194676,0.1769557413602989,0.16889,0.16044844006154418,0.15193,0.1447,0.13862282343084958,0.13223,0.12613,0.12137720254133191,0.1169
19-01-2026 12:40,25513.2,0.12541,0.12022356799392486,0.11543,0.11233,0.10978,0.11056223557871336,0.11057228557351909,0.10951,0.1127,0.11583,0.12062,0.12569,0.13151809950071267,0.13754,0.20747608114788504,0.19952,0.19169,0.18334,0.17599,0.16763,0.15912,0.14958,0.14208,0.13552,0.12947,0.12357,0.11899,0.11338
19-01-2026 12:45,25525.45,0.11245,0.11086,0.10752,0.10625,0.1046,0.10419,0.1049,0.10643,0.11057356665424917,0.11451254495416992,0.1183,0.12333,0.12927079760466226,0.13545,0.20849,0.20163,0.19299,0.18466,0.17734,0.16901,0.15942,0.15063,0.14358,0.13708,0.1316833173085422,0.12577,0.12132,0.11637
19-01-2026 12:50,25519.95,0.13225,0.12577,0.11927,0.11491,0.11157,0.10981,0.10898,0.11145650049588247,0.11256,0.11547,0.12006,0.12495,0.13004,0.13565490651324003,0.2072642221520741,0.19944,0.19209,0.18312,0.17508640534301462,0.16716,0.15768,0.14943,0.14178,0.13477,0.12875,0.12287,0.11815,0.11251
19-01-2026 12:55,25545.2,0.11676,0.11437,0.11059,0.10847,0.10618,0.10627259351221265,0.10519,0.10619,0.10976667036546166,0.11253,0.11723,0.12192,0.12727,0.13299221520367832,0.21005,0.20281130148170254,0.19547,0.18734665700806977,0.17924,0.1712600389991317,0.16325465766876318,0.15526077588228587,0.14726198263461343,0.13913988394100357,0.13208,0.12633,0.12177,0.11751749341235239
19-01-2026 13:00,25548.85,0.10962,0.10895444998534998,0.10811192131706629,0.10731,0.10576025241896178,0.10433,0.10439,0.10701461972692183,0.11031876233929873,0.11399108825336919,0.11792430499076421,0.12166,0.12697,0.13215307646875737,0.21235,0.20437589573672832,0.1964528072802354,0.18855,0.18082,0.17245,0.16342090567410655,0.15421,0.14696,0.14049848203553722,0.1335,0.1276,0.12278,0.11719
19-01-2026 13:05,25553.0,0.11105,0.10840849421510194,0.10615,0.10522,0.10357,0.10419740703960662,0.10356,0.10459,0.10837,0.11157,0.11633,0.12155218166139971,0.12647,0.13272,0.21323043616718043,0.20541,0.19782,0.18902,0.18215,0.17319,0.16354,0.15452,0.14757031395362397,0.1398,0.13362,0.12765,0.12291,0.11857614157841036
19-01-2026 13:10,25544.5,0.10337,0.10265,0.10201042680668591,0.1013,0.10012,0.10054,0.10159,0.1032,0.10731,0.11215895266801032,0.11678323393229664,0.12153644335490933,0.12627,0.13267,0.21348502797254673,0.20535611428757045,0.19734,0.18881,0.18155,0.17253,0.16422508288668725,0.15586805558612754,0.14774693413536663,0.13947,0.13366,0.12777,0.12327,0.11802
19-01-2026 13:15,25530.5,0.12054,0.11933,0.11433,0.11157,0.1088,0.10705,0.10840410699811298,0.10769,0.11106,0.11411,0.11878,0.12347,0.12873,0.13503,0.21156,0.20319463860240936,0.19485,0.18673,0.17924,0.17003,0.16063,0.15256762551739078,0.14386,0.13678,0.1306,0.12447,0.11935,0.11371
19-01-2026 13:20,25540.05,0.11214951137557086,0.10854,0.10616827185847144,0.10436735491210246,0.10267,0.10319731392688174,0.10289,0.10447,0.1084,0.11177,0.1165,0.12158,0.12702,0.13326,0.21433,0.20503,0.1966,0.18842,0.18086,0.17187,0.16296224637608375,0.15391,0.14603,0.13924,0.1335393044632881,0.12779266025958191,0.122211755679518,0.11691
19-01-2026 13:25,25531.0,0.11509,0.11225730396951594,0.10959868235519496,0.10686,0.10463,0.10398,0.10429,0.10718536186484146,0.10936,0.11284,0.11790331282523583,0.12271,0.12805,0.13485429558437012,0.21303,0.20452996865748999,0.19606,0.18774805420806662,0.17944102842635806,0.17115,0.16142,0.15289,0.14481,0.13759,0.13151,0.12532,0.12004025681327074,0.11497
19-01-2026 13:30,25535.2,0.12707,0.12045,0.11491,0.11121,0.10838,0.10884857864943645,0.10854579477161388,0.10745,0.11038,0.11426546344346966,0.11785,0.12281166689502755,0.12795,0.13373583621855417,0.21217,0.20341,0.19546,0.18734,0.17957,0.17039612754572175,0.16126,0.15263,0.14467,0.1373,0.13107,0.1253519389703862,0.11976,0.11492191582430585
19-01-2026 13:35,25552.1,0.11146,0.11216,0.10796,0.10693,0.10432,0.10337,0.10342,0.1046,0.1082,0.11146,0.11638549299463072,0.1209,0.12671979753653945,0.13269,0.21298,0.20558,0.19688,0.18916,0.18172,0.17305,0.1640821894685398,0.15501,0.14706,0.13943,0.13343,0.12794064987704878,0.12225,0.11648
19-01-2026 13:40,25558.15,0.10084,0.1014685807866687,0.1017704683853751,0.10217,0.10145242571529958,0.10044,0.1024174413981387,0.10431983479215098,0.10605,0.10954,0.11444,0.11958108536501837,0.12445,0.1312,0.21511560076352415,0.20664,0.19828,0.18984,0.18241,0.17425,0.16413,0.15593,0.14815,0.1405,0.13482936361050823,0.12854,0.12393,0.11829
19-01-2026 13:45,25544.95,0.14487,0.13666,0.12756,0.12256031879710558,0.11614,0.11251,0.11062,0.11052,0.11243,0.11496,0.11903,0.12361562724562952,0.12837,0.13417665134227214,0.20948,0.201287048032094,0.19316,0.18546,0.1781,0.16906689877579534,0.16012,0.15170345762014154,0.14295,0.13598468713429587,0.12862,0.12181,0.11596,0.11010400863910758
19-01-2026 13:50,25583.5,0.12838,0.12116,0.11698083354938374,0.11228,0.10902,0.10773993214269903,0.10557,0.10556,0.10766,0.11011,0.1147556091214686,0.11876,0.12347,0.12958,0.21282,0.20574375072545037,0.19832,0.18915,0.18124996719433298,0.17343,0.16467,0.15624,0.14823,0.14042,0.13434,0.12716,0.12208,0.11645529788990111
19-01-2026 13:55,25602.3,0.1106,0.1098,0.10677,0.104,0.10439896674279042,0.10459217637114673,0.1046165200585369,0.10439655546019025,0.10419,0.10667,0.11113135274984358,0.11533,0.12046,0.12655,0.2172,0.20913,0.20067,0.19324,0.18519,0.17687,0.16751,0.15914890855968106,0.15092840140680197,0.14258,0.13645351008776238,0.1301028699114011,0.12389,0.11756
19-01-2026 14:00,25605.6,0.12322,0.12182953073597158,0.12019,0.11659,0.11217,0.10884,0.10908964533432339,0.10894085943762147,0.10793,0.11091780023273898,0.11396413693471161,0.11712,0.12165,0.12738,0.21757,0.20907,0.20144,0.19291321130641328,0.18438869317966486,0.17577278943463615,0.16718,0.15838,0.15060583899257982,0.1428375223061541,0.13488,0.1275,0.12188,0.11534
19-01-2026 14:05,25625.95,0.12169,0.11189,0.10811053519012176,0.10345,0.10222,0.10145721813091181,0.09994,0.09999,0.10203,0.10432,0.10822,0.11282,0.11773,0.12337037900865805,0.2183503457971861,0.21071,0.20395,0.19544,0.18722616979912504,0.17924,0.16971,0.16124532176603246,0.15254,0.14421,0.13787,0.13160641674458598,0.1252661416602706,0.11896
19-01-2026 14:10,25615.15,0.10093618870436293,0.09995,0.09914344557110255,0.09834,0.09748,0.09743038705991698,0.09703,0.0976,0.10096646556573877,0.10430986945867288,0.10738,0.11256,0.11777,0.12431,0.22004,0.21226,0.2039739143292285,0.19573,0.1873181274109954,0.17891,0.170113754899892,0.16122266410879366,0.15250822930045188,0.1439,0.13771,0.13168956715559155,0.12572,0.12059491284099308
19-01-2026 14:15,25589.9,0.13766,0.13118,0.12342,0.11812,0.11379,0.11051,0.10828,0.10703,0.10803,0.10946,0.11277,0.11743,0.12294349677447054,0.12974443639542305,0.2141190779334595,0.20806,0.20148,0.19308475231759276,0.18462248303467302,0.1762,0.16675,0.15785580101242425,0.14877,0.14149387767553753,0.1339693452204767,0.12657,0.12068,0.11517691337782017
19-01-2026 14:20,25610.85,0.11583679687639827,0.11257390958950818,0.10957,0.10694,0.10476,0.10277,0.10282326260321373,0.10149,0.10402271474850082,0.10535,0.10893,0.1136,0.11863,0.12504,0.21923,0.21064,0.2018500326024191,0.19293,0.18534819368984093,0.17771,0.16863,0.16010062543369202,0.15143,0.14296,0.13639449262624864,0.1295,0.1243,0.11973768965354162
19-01-2026 14:25,25607.6,0.10579,0.10267,0.10032,0.10001,0.09933,0.09985488408861716,0.10153644656632685,0.10299393598608919,0.10438295409993358,0.10543631301755077,0.10743,0.11224,0.11779,0.12390912599605594,0.21751,0.21036,0.2018075950076773,0.19334,0.18599,0.17685,0.16782,0.15877,0.15127,0.14339,0.13723,0.13016,0.12514,0.11998358081431909
19-01-2026 14:30,25603.8,0.12084,0.11134,0.10881,0.10532,0.10358,0.10238086316042813,0.1003,0.10042,0.1026,0.10453,0.10834,0.1135,0.11882,0.12533,0.21718,0.20826,0.20189,0.19340636982363546,0.18496977929088618,0.17628501101721328,0.16768,0.15837,0.15067,0.14359038505647065,0.13635598493175255,0.12894,0.12338221947955705,0.11796
19-01-2026 14:35,25599.55,0.1278813380680396,0.12152,0.11616583572785236,0.11125,0.10814,0.10541,0.10475209965523469,0.10339,0.10545715910295342,0.10745129357722884,0.11035,0.11453988062219034,0.11987110741423172,0.12626268323630094,0.2164075852133896,0.20833,0.2015,0.19188,0.18429,0.1756556070318856,0.167,0.15792,0.15039,0.142,0.13561,0.1285,0.1225441679084951,0.11684
19-01-2026 14:40,25614.95,0.11197295130515801,0.10885,0.10565,0.10395,0.10221,0.10078,0.09969,0.09987,0.10244666546073741,0.10379,0.10764,0.11244,0.11784,0.1245,0.21837,0.20968052318962324,0.20139085665946554,0.19316,0.18627,0.1774936665787055,0.16876525378846785,0.1597,0.15185,0.14505540591010516,0.13747,0.13037,0.12507,0.1193
19-01-2026 14:45,25620.55,0.11037,0.10845073638592417,0.10642,0.10373,0.10236,0.10072,0.10104586438990346,0.10005,0.10249358010055079,0.10383,0.10731,0.11241,0.1174,0.124,0.21897,0.21103769974707237,0.20295810492372848,0.19476752741201425,0.18659,0.17784,0.16926308927688566,0.16058,0.1525865739280178,0.14412,0.13764781662650116,0.1307,0.12563,0.11969
19-01-2026 14:50,25623.15,0.1085,0.11035,0.10789,0.10536,0.10345,0.10248035817642301,0.1008,0.10025,0.10186,0.10386,0.10726,0.11261133353428199,0.11791645765122555,0.12387,0.22025,0.21127,0.20307934213793666,0.19481,0.18688954551231968,0.17899,0.17030728530900474,0.1616795386327377,0.15287,0.14462,0.1383,0.13097,0.12523,0.1195329844976799
19-01-2026 14:55,25624.2,0.10733,0.10525306467530826,0.10327203227285764,0.10127,0.09954,0.09879000146235704,0.09781,0.09807,0.10077913789891593,0.1034586152561105,0.10572,0.11066,0.1161,0.123,0.220603919547211,0.21279831289751505,0.20483441178931025,0.19636,0.1889,0.17969,0.1710785940161887,0.16236,0.15414,0.14574,0.13925,0.1319,0.12646,0.11994
19-01-2026 15:00,25629.95,0.07571,0.08335,0.08974,0.09084,0.09089436988822458,0.09157,0.092,0.09417921542666682,0.09644407403727731,0.09833,0.10272,0.10855156729730511,0.1141,0.12154,0.22197,0.21378,0.20540539212276365,0.197,0.19015,0.1813802372813485,0.17272,0.16368,0.15576,0.14772,0.14142,0.1343,0.1285278113716105,0.12304
19-01-2026 15:05,25604.15,0.09258,0.09489173319511283,0.09658,0.09568,0.09561,0.09546514925381447,0.09489,0.09552,0.09843605887998969,0.10054,0.10469,0.11057,0.11706247912133691,0.12372,0.21802,0.21016999388041468,0.20222,0.1934233426977136,0.18469,0.17621,0.16796,0.1595,0.15167,0.14518194408575608,0.13815,0.13117,0.12627,0.1205
19-01-2026 15:10,25595.95,0.09948,0.10101,0.10084,0.10015216633562402,0.0993396551590209,0.09854001636528076,0.097583171762874,0.09673,0.09952,0.1032026384745939,0.10649,0.11201,0.11776,0.12449380037819885,0.21773,0.20871,0.20256,0.19352161136892126,0.18448,0.17665664494911276,0.16875,0.16006,0.15216,0.14468,0.13857177554807482,0.13201,0.12721,0.12057
19-01-2026 15:15,25590.9,0.07844,0.08353818712902499,0.08751054819189098,0.09114,0.09153,0.09184,0.09221,0.09384,0.09699,0.10198737459825011,0.10662353174027385,0.11103,0.11673,0.12435,0.21822,0.20996,0.20319,0.19338,0.185164425521857,0.17701,0.1694273851294338,0.16184167276189912,0.15426676585920213,0.14669810718060908,0.1394,0.1332,0.12822,0.12252
19-01-2026 15:20,25561.25,0.09788360592143885,0.09787,0.09795,0.09701,0.09614,0.09589,0.09712468899243934,0.097,0.10062,0.10386,0.10847,0.11473,0.12174105247325442,0.13019895236762088,0.21484,0.20616,0.19979,0.18962,0.18234,0.17327,0.16539,0.1574866092271719,0.14912,0.1416,0.13589,0.12968,0.12511,0.11944
19-01-2026 15:25,25558.3,0.09554,0.09861,0.09696,0.09634,0.09561,0.09594801741543857,0.09609869356809511,0.09501,0.09899,0.10247,0.10776,0.11426370007622005,0.12024,0.12882,0.21267,0.20797,0.19916,0.18901,0.18177,0.17390872616086406,0.16594060414776196,0.15802093450910276,0.14997,0.14335256985039213,0.13666,0.13105,0.12566,0.12062
20-01-2026 09:15,25559.3,0.11113614949585748,0.10782,0.10653,0.10489603090083338,0.10309,0.1019,0.1017,0.10278,0.10608,0.11082358658999367,0.11628186918243706,0.12167013190955253,0.12735323283989552,0.13346,0.21699,0.20822286802464696,0.19965540028529608,0.19125020796638992,0.18281,0.17515,0.16709368380760975,0.15866,0.1519229498649884,0.14448,0.13891,0.13211,0.12705,0.12128
20-01-2026 09:20,25552.55,0.09781929887853902,0.0954493820180728,0.09389203419774445,0.09318039348762425,0.09326,0.09455,0.09684114687480738,0.0986,0.10298,0.10721,0.11258,0.11906441259868775,0.1258,0.13345468406617908,0.21438348293621518,0.20639,0.19837757590848087,0.190423286499584,0.18249,0.17475,0.16647,0.15859,0.15205,0.14629650244192816,0.14001,0.13427,0.12977,0.12469
20-01-2026 09:25,25506.85,0.10561,0.10672,0.10504168661429593,0.10338,0.10249,0.1032610393421951,0.10265,0.10513,0.10934,0.11327,0.11882,0.1255,0.13235,0.14021,0.2123,0.20332671698872645,0.19446,0.18606,0.17821,0.17054,0.16225,0.1547,0.14799,0.1406,0.1356143685417412,0.13023,0.12532044949538682,0.12043
20-01-2026 09:30,25488.8,0.11948,0.11639,0.11324,0.11045,0.10868,0.1085858469303382,0.10704,0.1092,0.11322,0.1179566917527966,0.1223,0.12918189662366975,0.13598342548261605,0.14346,0.21217,0.2025050914933706,0.19305,0.18456,0.17625,0.16882,0.1605513903601798,0.15211,0.14485,0.13766,0.13234458659250237,0.12653,0.12177,0.1169
20-01-2026 09:35,25481.8,0.10643507636045063,0.10612,0.10606,0.10502,0.10486,0.106261003212472,0.10753743155985024,0.10807,0.11262,0.11688,0.1233753934874666,0.12934,0.13647,0.14437,0.21414,0.20424,0.195,0.18618,0.17789,0.16979,0.16114,0.15382919165231498,0.14609,0.13917,0.1342636816164951,0.12895,0.12488755048299005,0.12093
20-01-2026 09:40,25461.45,0.1239,0.12095,0.1183,0.115,0.11282,0.1114,0.11103,0.11431308498836518,0.11716,0.1225542951612579,0.12770534355863905,0.1328,0.13999067500883955,0.14751,0.21409980205928825,0.20484,0.19571,0.18681830590886345,0.17786,0.1694,0.16066,0.15299762183279622,0.14484,0.1386562948935786,0.13193,0.12643,0.12170261304562739,0.11715
20-01-2026 09:45,25463.25,0.12113684711927487,0.11763,0.1151199974045009,0.11301777130560181,0.11093,0.11004,0.10994,0.11251,0.11668,0.12084,0.1269262268707281,0.1330295222515887,0.13976,0.14760378281927844,0.21617,0.2068291236854793,0.19749,0.18816,0.17992,0.17097,0.16206,0.15357,0.14623,0.13888,0.13373127866047993,0.12791,0.12344,0.11877
20-01-2026 09:50,25462.3,0.10287366807482336,0.10359,0.10437,0.1047,0.10478,0.10524,0.10628,0.10976,0.11486,0.11966,0.12639260720102066,0.13248,0.13991,0.14806,0.21566,0.20717,0.19781,0.18889342322594557,0.17986,0.17141,0.16329297747920063,0.15482,0.14771,0.14109,0.13637827788281465,0.13128,0.12741,0.12414117556430784
20-01-2026 09:55,25459.95,0.12017,0.11734,0.11533544907988946,0.11309,0.11168,0.11066,0.11082,0.11301,0.11729,0.12141,0.12645,0.13352,0.13992,0.1482,0.21354,0.20417802323808576,0.19488,0.18606816572980028,0.17719,0.16798,0.15917,0.15126,0.14375,0.13703,0.1318,0.12653,0.12257458741755399,0.1189
20-01-2026 10:00,25467.2,0.12167992946745809,0.11817,0.11541831060820555,0.11298,0.11161,0.11158021596404459,0.11064,0.11255,0.11700780097828092,0.12051,0.1268246616141518,0.13244,0.13902,0.14695,0.21533,0.20586535274892215,0.19651,0.1877,0.1793,0.17022,0.1615,0.15279,0.14621840537522396,0.13940626393972205,0.13245,0.12718,0.12309250518499151,0.11927
20-01-2026 10:05,25465.6,0.12575,0.12217,0.11847,0.1155,0.11323,0.112944861438633,0.11138,0.11299,0.11669,0.12181186795063131,0.12695483525759702,0.1323328391444495,0.13808,0.14599862323052204,0.21274,0.20373,0.19436,0.1854,0.17664,0.16787,0.15934547766759277,0.15038,0.14302,0.13565,0.1304,0.1248,0.1205,0.11660678533339087
20-01-2026 10:10,25484.8,0.1074,0.10682,0.10632,0.10583,0.10569,0.10526,0.10616,0.10868,0.11282,0.11673,0.12245,0.12917,0.13582,0.1433204744286141,0.21376476203050482,0.20536,0.19732,0.1883,0.18013,0.17126,0.16273,0.15463,0.14738,0.14062,0.13526,0.13058905867412252,0.12609,0.12250586415236867
20-01-2026 10:15,25468.6,0.12772,0.12327,0.11949,0.11605,0.11314,0.11173,0.1132938307844967,0.11295,0.11646,0.11995,0.12512,0.13177421295852274,0.13793,0.1461,0.21212,0.20321,0.19469814805506414,0.18619,0.17738,0.16858,0.16035,0.15144,0.14432,0.13723,0.1315573396386004,0.12532,0.12078,0.11595
20-01-2026 10:20,25485.6,0.11154,0.10959938785795686,0.10774,0.10619,0.10572,0.10618375858044193,0.10573,0.10814,0.11282071580630039,0.1172065022927962,0.12138,0.12801,0.13389,0.1418,0.21347527569955174,0.20507,0.19666,0.18798769334522242,0.17934,0.1703,0.16192,0.15405300715384346,0.14566,0.1396977718325313,0.13311,0.1275,0.12333011438066568,0.11945
20-01-2026 10:25,25487.25,0.10661,0.10795,0.10761,0.10587,0.10469,0.10423,0.10625917482643844,0.10713,0.11101,0.1149,0.12092753259684351,0.12653,0.1334822018422735,0.14058,0.21414966127162888,0.20576,0.19731,0.1885831653894772,0.17989,0.1711,0.16216,0.15401,0.14735528040325452,0.1404969514022426,0.13349,0.12787,0.12370162521170716,0.11984
20-01-2026 10:30,25478.75,0.11189,0.11147,0.10921,0.10811164152436029,0.10666,0.10801071820037125,0.10879191991300707,0.10901,0.11309,0.11659,0.12183,0.12783,0.13375,0.14165,0.21488,0.206070471408717,0.19725601037136326,0.1884356998864532,0.17961,0.1707552855857045,0.16191,0.15362,0.14687800502968623,0.14000541894165486,0.13287,0.12723,0.12353,0.1192
20-01-2026 10:35,25473.7,0.13171539534095725,0.12579,0.12105781745533625,0.1168,0.1151524964140918,0.11334131326423057,0.11109,0.11330043275308274,0.11489,0.11793,0.12257,0.12839,0.13405,0.14165,0.21389,0.20464363043217323,0.19551,0.18693,0.17812,0.16928357302621905,0.16038,0.152,0.14354,0.13723904687828414,0.1306830230109522,0.12406,0.11976,0.11477
20-01-2026 10:40,25492.55,0.10672,0.1075,0.10624099881739515,0.10503,0.10373,0.10483807093806362,0.10604676167324764,0.10662,0.11075223626030387,0.1148984951394523,0.11913,0.12533,0.13116,0.13874,0.21694,0.20754997407240733,0.1982568919674631,0.18906,0.18035309895804177,0.17163914180506346,0.16299990266932696,0.15442516434902606,0.14615,0.13932,0.1333,0.12868393802500552,0.1239685581067233,0.11969
20-01-2026 10:45,25480.45,0.11358,0.11198,0.11056,0.10867204060476973,0.10654,0.10603,0.10659,0.10963727328847149,0.11211,0.1154,0.12081641706813534,0.12682,0.1336260889413427,0.1414760264002757,0.21571,0.2057,0.19716,0.18808974603943113,0.17897,0.16961,0.161,0.15226,0.14411,0.13716,0.13185,0.12699572250787353,0.12186,0.11749
20-01-2026 10:50,25478.05,0.10456,0.10491129164017032,0.1052,0.10423,0.10371,0.10367,0.1047,0.10718,0.11123,0.11475,0.12110942199751547,0.12687,0.13248,0.14035,0.21499863453509258,0.20685,0.19856,0.18942248558031893,0.18033,0.17134,0.16222,0.15390977523163446,0.14507,0.13858,0.13333001780432846,0.1275,0.12352,0.11934
20-01-2026 10:55,25465.4,0.11001,0.10908439823769162,0.10814405244618808,0.10717,0.10613,0.10588,0.10683,0.1103808270223938,0.11304,0.11638,0.12194,0.12796,0.1347302662506336,0.14169,0.21569,0.20598,0.19799,0.18832,0.17945553514179854,0.1710420179071129,0.1636048305637008,0.15570338505502318,0.14766342371710303,0.13841230342224764,0.13124841672121362,0.12627,0.12217,0.11789
20-01-2026 11:00,25459.55,0.10868,0.1078209362793578,0.10691,0.10551,0.10506,0.10499,0.10609,0.10852,0.11267,0.1165,0.12271476280690878,0.1283,0.13487,0.14197,0.21431871487794735,0.2054,0.1964988499879323,0.18756009833115597,0.17861,0.16953,0.16105210615556553,0.15227,0.14379,0.13738,0.1317,0.12624,0.12208,0.1183742672161681
20-01-2026 11:05,25453.55,0.11082,0.10903,0.10773628793080962,0.10649048008947545,0.10513,0.10492,0.1071026678286068,0.10871,0.11321,0.11702,0.12340961892006083,0.12971850216826059,0.13604,0.14342,0.21446355494692354,0.20524,0.19601,0.18708,0.17858,0.16914,0.16102789424456915,0.15277024951270646,0.1447766585071158,0.1366,0.13097,0.12559,0.12122,0.11696
20-01-2026 11:10,25452.35,0.11342292885326667,0.11093,0.1091,0.10713,0.10690531344538631,0.10565,0.10673,0.10914,0.11382,0.11773,0.12347,0.13009,0.1366,0.14428,0.21249,0.20293,0.19392,0.18522,0.17663,0.1674,0.15857,0.15081876078196416,0.14242,0.13592,0.13029,0.12571965810950808,0.1209,0.1166
20-01-2026 11:15,25445.65,0.12009,0.11501508936599966,0.11068,0.10879,0.10829173129409278,0.10679,0.10767,0.11018,0.11439,0.11865,0.12418,0.13069,0.13729,0.1449,0.2110823988101891,0.20226,0.19364,0.18416,0.17559,0.1665220217496453,0.15732,0.14903,0.14246519886494732,0.1357280757599301,0.12892,0.12356,0.11920188428753964,0.11507
20-01-2026 11:20,25449.95,0.11744817230984811,0.11418,0.11154,0.10934,0.10777,0.10868395964706898,0.10791,0.11005,0.11411,0.11805,0.12449885285304486,0.13031,0.13678,0.14464,0.21234,0.20231,0.19334,0.18431,0.17548,0.1665945898280381,0.15739,0.14958987117797778,0.14115,0.13428,0.12837,0.12298,0.11879,0.11461
20-01-2026 11:25,25447.1,0.1269083176470856,0.12157890224258329,0.11703,0.1135,0.11081,0.11091674809345956,0.10955,0.11289177282948937,0.11507,0.12006413248864926,0.12429,0.13025,0.13698,0.14503,0.21107,0.20205,0.19286346647423275,0.18367,0.17454,0.16556263389192621,0.15634,0.14866,0.14012,0.13309,0.12699,0.12202506076846606,0.11676,0.11183
20-01-2026 11:30,25458.7,0.11473520089496295,0.11182,0.10942,0.1076,0.10639,0.10747304445454167,0.10859687049929578,0.10885,0.11348304253250976,0.11815258073836646,0.12297,0.12923,0.13594,0.14388,0.21375267505824178,0.2043733549450613,0.1950243888877747,0.18574,0.1767294878534142,0.16773,0.15875,0.15054,0.14234,0.13621989693508418,0.12935,0.12475662304728745,0.11971,0.11532
20-01-2026 11:35,25466.4,0.11355,0.11138,0.10887,0.10647,0.1051,0.10710757016651869,0.1087559211977438,0.1106780634436684,0.11214,0.11609,0.12192,0.12849779411360407,0.1352,0.14298707974734284,0.21253271112843158,0.20421,0.19568,0.18664,0.17681,0.1678,0.15947556788974665,0.15068,0.1423,0.13516,0.12912,0.12373,0.11943,0.11498
20-01-2026 11:40,25461.5,0.12097,0.11635821162451389,0.112,0.10852,0.10679,0.10562,0.1063,0.1084,0.11251,0.11636,0.12252,0.12877,0.13566,0.14361,0.21180924774263574,0.20279,0.19386197884894546,0.1849171452753665,0.17596,0.16695044920417051,0.1579,0.14947,0.14098,0.13480482071413435,0.12848541959760035,0.12255397343218397,0.11721,0.11290241605156091
20-01-2026 11:45,25463.2,0.12048,0.11557,0.1124556849818167,0.10909,0.10761711467021687,0.10589,0.10865750111384405,0.11112067192603545,0.11409595415495488,0.11682,0.12256,0.12889,0.13567,0.14366,0.21245,0.20379200830650593,0.19501,0.18563,0.17645309487666183,0.16721,0.15814,0.14994865231891552,0.14123,0.13391,0.12791,0.12175,0.11723,0.11238
20-01-2026 11:50,25474.5,0.11774,0.11405589356841195,0.11083190824170028,0.10766,0.10586,0.1061918028911529,0.10512,0.10870469654881601,0.11143,0.11565,0.12162,0.12857246917195236,0.1352,0.14297,0.21369,0.20379,0.19501,0.18616,0.17707453050944366,0.16797,0.1591606218086602,0.15025,0.142648464251729,0.1350762883587862,0.12763,0.122327516788377,0.11698697043618375,0.11218
20-01-2026 11:55,25481.0,0.10771,0.103,0.10276,0.10132,0.10130936777647692,0.10028,0.10358980342170748,0.10658234427164245,0.10935,0.11412,0.12074,0.1275,0.13459,0.14305,0.22279360185496366,0.2107877772656765,0.1995344881343563,0.18894574352170435,0.17896,0.16935,0.16058,0.15217,0.14355,0.13664,0.13013,0.12523895613935349,0.12023982901394573,0.11575
20-01-2026 12:00,25467.5,0.09879821755604641,0.09916,0.09962,0.09945,0.09935,0.09996,0.10348256071614792,0.10683902600975254,0.10965,0.11489,0.12143,0.12857,0.13616,0.14475,0.21352590590956058,0.20503,0.19685,0.18735,0.1778,0.1687,0.1603335181633639,0.15162,0.14472890512316006,0.13750270051171753,0.13011,0.1244,0.12066,0.11678
20-01-2026 12:05,25450.2,0.09507,0.09679756491171507,0.09809,0.09795,0.09876,0.09977,0.10321100018034252,0.1057,0.1111,0.11745112209229921,0.12323,0.13027,0.13801,0.1450817296990592,0.21282,0.20368,0.1954,0.18582,0.17652,0.16785,0.1592,0.15096,0.14268,0.1367027896888068,0.12987,0.12574962542907756,0.1211,0.11695
20-01-2026 12:10,25433.1,0.1132,0.11044,0.10853,0.10653,0.10577,0.10538,0.1068,0.10975,0.1145,0.11952,0.12627,0.13302,0.14059,0.14884,0.213,0.20233,0.1933744926071159,0.1843,0.17524723082883653,0.16616,0.15694,0.149478508478218,0.14288129231233576,0.1361178794895359,0.12950590381041915,0.12305080557369688,0.11718,0.11337
20-01-2026 12:15,25439.15,0.10619,0.10565,0.10487000707379791,0.10412087635385722,0.10326,0.10351,0.10637313697424354,0.10852,0.11391649586223955,0.11845,0.12495,0.13179,0.1392336225530884,0.14682,0.2137,0.20348,0.19506,0.18538,0.17628,0.16716455400821567,0.1577,0.1498398802865442,0.14148,0.13493,0.12903486675081027,0.1233,0.11838394425475576,0.11407264338803935
20-01-2026 12:20,25436.4,0.10840057141106801,0.10591268481107576,0.10402,0.10292,0.10264,0.10513512947113124,0.10766211363591223,0.11059699669230383,0.11297,0.11805,0.12472,0.13187,0.13929,0.14763,0.21345,0.2038170030346631,0.19429861611072027,0.1848529309392912,0.1753601765142735,0.16608,0.15717,0.14894,0.14065,0.13405,0.12774,0.12213,0.1182,0.11411
20-01-2026 12:25,25423.6,0.1208,0.11588,0.11273,0.1099,0.10793,0.10881390195197715,0.10829,0.11071,0.11636553166000341,0.12173549338049232,0.12691,0.13422,0.14152,0.14968,0.2102085770041337,0.20144,0.19343,0.18337,0.17426,0.16501562855161556,0.15543,0.14757,0.13902,0.13232,0.12569,0.11981,0.11440484149912028,0.10952121054802569
20-01-2026 12:30,25431.55,0.10947,0.10742757187770478,0.10553,0.10408,0.10356,0.10387,0.10576,0.1087,0.11452652197538797,0.11914,0.1268046622631137,0.13368,0.14167,0.15026,0.213716223214116,0.20377340386983153,0.19397,0.1843,0.17522,0.16558,0.1569,0.1486,0.14075,0.13438,0.12794,0.12231819820217901,0.11710143548787581,0.1122043612248342
20-01-2026 12:35,25423.05,0.1143838208211778,0.11162,0.10934,0.10801076341025401,0.10628,0.1082003314715125,0.10958313908933813,0.11054,0.11542,0.12063,0.1280315658746968,0.1353108529213003,0.1426,0.15113,0.21455168152898607,0.20390022272794298,0.19346,0.18374,0.1744306103898256,0.1649,0.15614,0.14836,0.14033,0.13389,0.12714,0.12228693972902688,0.117334329416569,0.11297
20-01-2026 12:40,25423.5,0.10643,0.10618,0.10562034252347022,0.10505521699418444,0.10418,0.1047,0.10697,0.11016,0.11521,0.1217338673464322,0.12754,0.13497,0.14305489256532772,0.15133,0.20956569180304152,0.20113,0.19252611284848287,0.18383,0.17468,0.16563476604986158,0.15647,0.14846,0.14186315204196207,0.1350661626909282,0.12806,0.12269,0.11854,0.11481
20-01-2026 12:45,25416.4,0.11852,0.11428,0.11149,0.10896,0.10773,0.10729,0.10892,0.11188,0.1167,0.12145,0.12829,0.13531,0.14295,0.15120041902651074,0.2084868251484696,0.19996,0.19164,0.18237,0.17329,0.1648372224645083,0.1562641102922572,0.14787492795024343,0.13937,0.13277,0.12663,0.12156087520357102,0.11667,0.11250690354915681
20-01-2026 12:50,25426.5,0.11311,0.11122,0.10914454967531817,0.10681,0.1069263997109534,0.10587,0.10744,0.11062,0.11566266789391422,0.11979,0.12680656671473167,0.13337,0.14056,0.1482696684006298,0.21124,0.202,0.1928,0.18391,0.1748133217901508,0.16570100760024736,0.15643,0.14851,0.14039,0.13381,0.12721,0.12141,0.1171,0.11314
20-01-2026 12:55,25428.95,0.1147,0.11174399141236241,0.10927985186350588,0.10689,0.10592,0.10720585927582468,0.10751,0.11028,0.11486,0.11946,0.1261,0.1333947099052521,0.14029,0.14881,0.21106,0.20141,0.19312,0.18387,0.17481,0.1652,0.15670690194793765,0.14784,0.13991,0.1337217953887049,0.12696,0.12189869634783101,0.11649,0.11241
20-01-2026 13:00,25428.55,0.11009,0.10856,0.1069,0.10542,0.1045,0.10516,0.1086687197738791,0.11188885478145069,0.11462,0.11955,0.12619,0.13349,0.14125084948897265,0.14912,0.21205,0.20319148698924155,0.1943,0.18527,0.1759801578998124,0.16656,0.15769,0.14962,0.14138,0.13494,0.12799,0.12204,0.11751,0.11344838782398253
20-01-2026 13:05,25423.7,0.11124,0.10897158009331957,0.10716808013729406,0.10539,0.10548588233271886,0.1048,0.10666,0.1096,0.11432,0.11944,0.12623,0.13368,0.14102,0.1503092304735088,0.21158,0.20228,0.19419,0.18511,0.17573255918688824,0.16629,0.15714,0.14924,0.14094,0.13456,0.12772,0.12269189315239408,0.11728,0.11361
20-01-2026 13:10,25424.7,0.1078,0.1064668563799967,0.10538448156393036,0.10431,0.10396,0.1043,0.10644,0.10939,0.11492646068275601,0.11943,0.12599,0.13342,0.14136504312309217,0.14945,0.21222,0.20243,0.19368122096373863,0.18492,0.17599,0.16618,0.15804715145047415,0.14959,0.14143,0.13487979897796348,0.12811,0.12340866893684933,0.11850960149548381,0.11415
20-01-2026 13:15,25413.05,0.11765822655443198,0.11396,0.11111,0.10903,0.1073,0.10742,0.10895,0.1133507903604821,0.11769104312170084,0.12138,0.12849821386924942,0.13515,0.14205,0.15068,0.2115,0.2025301746572003,0.19348,0.18399,0.17438,0.16511,0.15615,0.14777,0.1407740990417527,0.13339,0.12652,0.12148478063948709,0.11639444033433818,0.11188
20-01-2026 13:20,25432.95,0.10549,0.10521,0.10463,0.10332,0.10306,0.10484478200417023,0.10583,0.11001090714788811,0.11362,0.11975355544058174,0.12569681586513076,0.13176,0.13839,0.1452221575294088,0.21272,0.20298,0.19458,0.18595,0.1768447106714654,0.16779857547065513,0.15861,0.15051,0.1435077334823227,0.13619,0.12938,0.12385,0.11965689968490553,0.11571
20-01-2026 13:25,25422.0,0.11166,0.11031,0.10826,0.10659,0.10591,0.10591,0.10916579132343615,0.11234575592468465,0.11505,0.11937,0.12564,0.13239,0.13918,0.14686,0.21055692241042717,0.20228,0.1938,0.1846291961131728,0.17549,0.16598,0.1574439750733837,0.14858,0.14068,0.13433111172144724,0.12769,0.12213,0.11704795681311062,0.11251984810885929
20-01-2026 13:30,25415.05,0.10348,0.10326,0.10286,0.10234,0.10244,0.10378,0.10643,0.10968,0.11510397612055745,0.11975,0.12607,0.1331869768152953,0.14008,0.14774,0.21187,0.20201,0.19422,0.1847687303263167,0.17533,0.16625161382739617,0.15696,0.1492401276704276,0.14108,0.13509623780767235,0.12852,0.12406453485308494,0.11927,0.11595
20-01-2026 13:35,25392.3,0.10629,0.10578,0.10436,0.10439,0.10435,0.10572,0.10962182181224955,0.11231,0.11748,0.12272,0.12934,0.13666,0.14399,0.15221,0.21263,0.20288,0.19494,0.18565,0.17633241917285422,0.1668,0.15868,0.15101,0.14296,0.13658,0.1310258146911577,0.12511,0.12114,0.11726694695705268
20-01-2026 13:40,25365.4,0.1195,0.11614,0.11303,0.11111,0.10982,0.11059,0.11295,0.11636,0.12197877935332593,0.1265,0.13288,0.14036,0.14718,0.15527,0.2111558812109124,0.20149,0.19393,0.18288,0.17352,0.16381,0.15514,0.14686,0.14014801876379107,0.13282,0.1262,0.12081,0.11639372925511166,0.11217
20-01-2026 13:45,25372.15,0.11362,0.11193,0.10892,0.10830322201707315,0.10657,0.10757,0.11044,0.11415,0.11937,0.12594477872091991,0.13185,0.13917,0.14658,0.15453273464258432,0.21139,0.20267,0.19360748210351994,0.18461,0.17568,0.16583,0.1582571784216869,0.15056362831100467,0.14309977022388826,0.13548,0.12896,0.12390579510712571,0.1187,0.11453
20-01-2026 13:50,25364.1,0.11985037850859123,0.11542,0.1125928154752219,0.11015,0.10898,0.10929,0.11172,0.1156,0.12175107910198829,0.12747827195328112,0.13298,0.14043,0.14763,0.15575,0.21097,0.20219,0.19327009635940484,0.18423193438160274,0.175195675161599,0.16622344813637524,0.15712297521157054,0.1479174469521799,0.14016,0.13366972206073985,0.12738,0.12171,0.11726,0.11303
20-01-2026 13:55,25368.4,0.12058270906732815,0.11596,0.1127737944042626,0.11014,0.11054246924110986,0.10947,0.11184,0.11536,0.12047,0.12582,0.13258,0.13973,0.14713,0.15527,0.21065,0.20234,0.19506,0.18455,0.17557,0.16568,0.15752130956793614,0.14869,0.14079,0.13478,0.12791,0.1224,0.11736,0.11303
20-01-2026 14:00,25369.7,0.1160715095100163,0.11201,0.10893,0.10744,0.10861661588447565,0.10818,0.11191990403960375,0.11473,0.12021,0.12645438018201272,0.13214,0.1396,0.1468,0.15515,0.21334,0.20365,0.1959,0.18624295193683438,0.1765740902802002,0.16678,0.1581329222607944,0.14922,0.14073,0.13489,0.12783783346540661,0.12232234153212733,0.11782536323384449,0.11460785523230707
20-01-2026 14:05,25359.55,0.11480244301627592,0.11154,0.10917,0.10798,0.10734,0.10897,0.11175,0.11592,0.12161,0.12802380316355993,0.13384,0.1413,0.1495776995343962,0.15808,0.21270630840458538,0.20364,0.19509,0.18532,0.17684,0.16732,0.1586,0.14999,0.14228,0.13639,0.13037972887654475,0.12411,0.11977,0.11563702530310714
20-01-2026 14:10,25355.15,0.1183,0.11485,0.11245,0.11339097337405592,0.1137187958956006,0.11412475008956238,0.11373,0.11751,0.12316,0.13003687348169451,0.1367492396973324,0.14366327841693166,0.15054,0.15889,0.21223,0.20319,0.1941743524830338,0.18513,0.1762393690712695,0.16724,0.15862,0.15058970259538437,0.14221,0.13597,0.12932,0.12420673237528593,0.11904719222288256,0.11436
20-01-2026 14:15,25366.45,0.11274953743191762,0.11021,0.10867095876875144,0.10745,0.10849905467902873,0.10866,0.11137,0.11521,0.12102970753381885,0.12738496512304553,0.1338584982961084,0.14074036974104986,0.14814,0.15708129211156055,0.21123091742783748,0.20194,0.19271,0.1842516328103493,0.17576,0.16672,0.15844,0.1513395738836969,0.14411221251877032,0.13675,0.13014,0.12522443578783649,0.12065,0.11642089042209361
20-01-2026 14:20,25356.3,0.12201,0.11807,0.11570874678157828,0.11293,0.11176,0.1138045130177101,0.1147,0.11805,0.12277,0.12885012299622928,0.13424,0.14166,0.14925,0.15762222567584305,0.21,0.20085,0.1926,0.18335,0.17458,0.16573,0.15718,0.14903,0.14153,0.13538,0.12847,0.12274,0.11845,0.11392
20-01-2026 14:25,25378.65,0.12105,0.117,0.11426613719053494,0.11102,0.10963,0.11063,0.11258,0.11732414728278878,0.121,0.12604,0.13239,0.13931,0.14648,0.15474,0.21293,0.2034,0.19521,0.18607316979992083,0.17705,0.1674,0.15813,0.14975,0.1429454538139247,0.13547,0.12861,0.12265,0.11805,0.11323
20-01-2026 14:30,25385.8,0.11073,0.10874,0.10778951723818928,0.10685694403587104,0.10555,0.10716,0.1106471245792518,0.11346,0.1188564183048301,0.12355,0.13016,0.13685,0.14479957030118926,0.15319475945264638,0.21419,0.20425,0.19547125218199524,0.18659,0.17846,0.169,0.1608467735409436,0.15221,0.14566913587836508,0.13853,0.1319,0.12654,0.12210513222560536,0.11784
20-01-2026 14:35,25374.45,0.10976302144605074,0.10747,0.10589,0.10523,0.10636543263518322,0.10647,0.10924,0.11288,0.1183799527214511,0.1233,0.12981,0.13667565696062747,0.14366,0.15121116413046182,0.21543,0.20562,0.19772,0.18902,0.17987,0.1709,0.16238,0.15404,0.14743451172538552,0.14024,0.13425240456557877,0.12795,0.12368,0.11907521193538861
20-01-2026 14:40,25356.7,0.11168355302267657,0.10881,0.10683,0.107112459873492,0.10637,0.1082,0.11121,0.11492,0.12054,0.12572,0.13238,0.13961181259467806,0.14656,0.15455,0.21851409657892273,0.20871444894704572,0.19928,0.18959,0.18121,0.17255896557928957,0.1638460023538543,0.1549,0.1474,0.14077,0.13453,0.12876,0.12406,0.11977
20-01-2026 14:45,25345.55,0.11529,0.11294,0.11041,0.11008239165023284,0.10864,0.10987,0.11265,0.11615,0.1222759893059345,0.12810061027609987,0.13376,0.14068,0.14752,0.15514,0.21677,0.20742407577044195,0.19801,0.1883,0.17987,0.16997,0.16096,0.15256,0.14592098032121423,0.13852,0.13195,0.12642,0.12178,0.11732
20-01-2026 14:50,25348.5,0.10425,0.10358248457083721,0.10305,0.1036080007341908,0.10348,0.10534,0.10893,0.11432268794635261,0.11893,0.12412,0.1315,0.13842,0.14581,0.1543,0.21856,0.20883,0.19918759326942792,0.18946,0.1803117876625317,0.17097,0.16189,0.15395380445612084,0.14558,0.1391,0.13254,0.1275301916518178,0.12282,0.11888031135079943
20-01-2026 14:55,25335.5,0.09571,0.09742,0.09848,0.09992,0.101,0.10445,0.10817,0.1129,0.11920360240407346,0.12474,0.1323503745375993,0.13951,0.14673,0.15479,0.21849,0.20911074365067775,0.199569580050998,0.18987923901068915,0.18023,0.16993,0.16071,0.15238,0.14526,0.13876,0.13306,0.12801,0.12455,0.12171
20-01-2026 15:00,25288.25,0.1044,0.10420844528972431,0.10406,0.10487,0.10763905178319416,0.10966,0.11459784417155529,0.11894,0.1255,0.13248479550052938,0.1394339636820172,0.14653,0.15509410912898194,0.16413174734059494,0.2131,0.20251,0.19246495495351232,0.18224,0.17393,0.1639,0.15496,0.14722,0.14049,0.13464,0.13035924335677262,0.12602679713993883,0.1219056971585952,0.11819
20-01-2026 15:05,25289.95,0.09811128870678425,0.09853,0.09973,0.10149,0.10418,0.1078,0.11255,0.11733,0.12391,0.13111037508224468,0.13804819624766398,0.14491,0.15284,0.16084,0.21652,0.20654015397449677,0.19639,0.18535,0.17685,0.16794136125460413,0.15847,0.15071,0.14413,0.13867,0.1338402940709845,0.12859,0.12579313086744212,0.12319
20-01-2026 15:10,25245.35,0.09945,0.10105030406939541,0.10319184777014757,0.10516,0.1089,0.11311,0.11855,0.12482443149223402,0.13062,0.13761039802678982,0.1442,0.15119,0.15931,0.16759,0.21653,0.2042,0.19461,0.18490746625279936,0.17462,0.1665496353930898,0.1576,0.15086,0.14497,0.14046,0.13613,0.13301,0.13092,0.12943169473979013
20-01-2026 15:15,25238.75,0.10515,0.10601197169312784,0.10699,0.10871,0.11216,0.11671144061321287,0.12091,0.1271333832135728,0.13320455444893198,0.13918,0.14650760170879623,0.15373,0.16161,0.16987632078530054,0.22738,0.21506,0.20404832472713552,0.19277,0.18254640025555813,0.17182,0.16316,0.15596579815744918,0.14824,0.14265,0.137831578403232,0.13321,0.12972563068613294,0.1269556465890198
20-01-2026 15:20,25191.85,0.12125,0.11886,0.11737,0.11984635505220521,0.12206355080364913,0.12468534027558462,0.12685,0.13185,0.13761,0.14417423173935912,0.15051,0.15709,0.1644422239110533,0.17198,0.21851396873664047,0.20918,0.20017,0.18901,0.17890909955132284,0.16855,0.15906,0.15134482057733503,0.14289,0.13612,0.13026,0.12498,0.12099,0.11734
20-01-2026 15:25,25185.2,0.14070271553459768,0.13416590019657237,0.1297,0.12673,0.12581,0.12786,0.12951,0.13477450764451554,0.13935,0.14396,0.1509303814631647,0.15751,0.16495,0.17189,0.2205228603734296,0.2088,0.19656,0.18717,0.17528,0.16647,0.15823,0.1505051744338124,0.14239,0.13537600534140198,0.12805,0.12057,0.11524,0.1092430157228265
21-01-2026 09:15,25171.75,0.16140356855530316,0.15294,0.14668903757982082,0.14119,0.13853,0.13825,0.1395,0.1438871308833859,0.14727,0.15271,0.15944356561960393,0.16575,0.17272,0.18004,0.22163,0.21205,0.20214,0.19239,0.1825964313527231,0.17277,0.16299,0.15324,0.14406,0.13532,0.12661,0.11838,0.11024,0.10135
21-01-2026 09:20,25204.0,0.14489,0.13684,0.13149,0.12897,0.12792,0.12825,0.13111,0.13522,0.14083,0.14681,0.15371,0.16135,0.16841,0.17651,0.22981,0.2193032708900538,0.20887,0.19878,0.18883203404525073,0.1788468948296304,0.1689183852013748,0.15893,0.14964,0.14123,0.13343118570842688,0.12553787257926718,0.11766,0.11031
21-01-2026 09:25,25249.5,0.11239,0.11006249914020211,0.10841,0.1092,0.11191785378423318,0.11359,0.11920314997277653,0.124,0.13056,0.13831684706275169,0.14569,0.15395,0.16214,0.16992,0.23932,0.22872,0.21858324703382462,0.20844,0.19854404104274936,0.1885870052723308,0.17869689857020288,0.16883,0.15985,0.152024078944815,0.14385,0.13775,0.1322,0.12752774256462218
21-01-2026 09:30,25231.8,0.13669,0.13001077656851884,0.12412,0.12087,0.12303244241786997,0.12432503516330898,0.12475,0.12956,0.13608,0.14246,0.15005,0.15783,0.16532,0.17285,0.2352368138270115,0.22503109674860283,0.21466621251586152,0.20422,0.19388,0.18338,0.17323506948937625,0.16297,0.15255,0.1436267037697091,0.13429,0.12583,0.11875,0.11209472182135619
21-01-2026 09:35,25229.95,0.11141123495855963,0.10949412610722475,0.10846,0.10857,0.11192867909735582,0.11573406318906132,0.12016084282936726,0.12409,0.1309,0.13852,0.14711709582814758,0.1555,0.16438,0.17241,0.2393,0.22828428714583354,0.21739,0.20703,0.1967828207481943,0.18647,0.1758,0.16575,0.15633,0.14788,0.13944,0.13261,0.12591,0.12057
21-01-2026 09:40,25195.85,0.1286909119252872,0.12386,0.12034,0.11914,0.11944,0.12178,0.12572,0.13205650049775086,0.13744,0.14442,0.15206,0.16009675725772746,0.16810999566161566,0.17625,0.23126,0.22039,0.20921,0.19894,0.1888586044025434,0.17868,0.16836012710610443,0.15788,0.14814,0.13936,0.13104970391237886,0.12255,0.11511,0.10792647837152795
21-01-2026 09:45,25195.8,0.12684185571868006,0.12241,0.11905,0.12024223647464544,0.12116443002074848,0.12115,0.1260765437231064,0.13066,0.13738310190323488,0.14369,0.15164,0.15977402479437625,0.16779,0.17631,0.23030955220192542,0.21955,0.20885,0.19856243141630486,0.18822,0.17803,0.16810506443847123,0.15791,0.14843,0.1399,0.1314,0.12326,0.11657,0.10994
21-01-2026 09:50,25185.15,0.12236,0.11795,0.1171438944969202,0.11528,0.11825870817400908,0.11966,0.1254584066635932,0.1304,0.13697,0.14439,0.15238,0.16083,0.16916,0.17729,0.22539,0.21541,0.20434,0.19499,0.18528,0.17565,0.16525,0.15601,0.1469,0.13875889465337987,0.13028,0.12327141147391552,0.11641,0.11014223653831016
21-01-2026 09:55,25177.9,0.11379,0.11152,0.11207886454902416,0.11141,0.11346,0.11718,0.12215,0.12938189848001772,0.13714196364171605,0.1449050290012073,0.15281408769590116,0.16066,0.16945,0.1785535779613181,0.22504,0.21521,0.20467,0.19523219571886707,0.18578796016210009,0.17627,0.16695702205485258,0.1575,0.14867,0.14081,0.13399210644248935,0.12667,0.12103,0.1157
21-01-2026 10:00,25151.55,0.12546,0.12270449785729126,0.12081446297943688,0.11892,0.11961,0.12284,0.12739,0.13308,0.13961,0.14673,0.15487,0.16346,0.17209,0.18164516668139558,0.222042807775849,0.21176,0.20172663541072267,0.19167,0.18148,0.1718,0.16211,0.15239,0.1442715820071049,0.13558,0.12784,0.12142,0.11507477767913207,0.10876
21-01-2026 10:05,25168.3,0.11765441720358898,0.11538,0.11423,0.11445,0.1182750306346642,0.12223379270325019,0.12676128097195666,0.13075,0.13746,0.14494,0.15349,0.16138,0.16925359536871704,0.17714,0.22286,0.21264,0.20243,0.19279,0.18268,0.17313,0.16324,0.1546,0.1458,0.13816,0.13112,0.12476,0.11912,0.11439
21-01-2026 10:10,25142.55,0.12749,0.12315,0.12023,0.12039,0.12189,0.12482,0.13054594280571782,0.13563,0.14321546310621747,0.15038410288886425,0.15767,0.16529,0.17225,0.18029,0.21797,0.20761,0.19778617714863844,0.18797540423621217,0.17825410635920044,0.16848,0.159208545539603,0.14989,0.14153694632845693,0.13289,0.12515,0.11804,0.11153,0.10527
21-01-2026 10:15,25145.8,0.12333,0.12006476709437602,0.1175,0.11915869901175415,0.11928,0.12282,0.12764,0.13377,0.1409,0.14888397156553929,0.15653,0.16493,0.1719,0.17995,0.22013056024473324,0.21,0.19995808855080494,0.18993,0.18005183606995312,0.17012,0.16051,0.15194036598966523,0.14329251689939537,0.13445,0.12696,0.1204,0.11402,0.1085
21-01-2026 10:20,25143.35,0.10760316296459803,0.10745,0.1083,0.11044,0.11423,0.12035589205655678,0.1254,0.13227,0.14021,0.14801,0.15664,0.16499,0.17225,0.18071,0.22032,0.21089,0.20145,0.19248,0.18309,0.17442,0.16525,0.15763,0.14974,0.14271,0.13565,0.13077,0.12584,0.12255
21-01-2026 10:25,25100.4,0.12159,0.11908,0.11899,0.1201,0.12283,0.1281650643148756,0.13228,0.13878,0.14571,0.15384,0.1622008750332738,0.17048,0.17831,0.18593,0.21872,0.2089,0.19884,0.18907,0.17966037135951776,0.1701890428192438,0.16056,0.15206,0.1438,0.13602,0.12931,0.12317,0.11805361640755457,0.11316
21-01-2026 10:30,25093.35,0.12209242720334684,0.12031,0.12063777236335932,0.12075,0.12372,0.1282,0.13354,0.14057543729001087,0.14693,0.15483,0.16325,0.17228207098114218,0.18180166855121452,0.1917300565212412,0.21712,0.2065,0.1967816212816435,0.18695,0.17749392731702157,0.1679,0.1584,0.14965,0.14077288898709772,0.13220805589612353,0.12389001909994488,0.11583839767247582,0.10807695367362197,0.10063427535908784
21-01-2026 10:35,25094.5,0.11848,0.1171,0.11731,0.1201221585771142,0.1253900020474374,0.13060334415017327,0.13589464817200975,0.1407792162338861,0.147,0.15472,0.16342,0.17133,0.17914,0.18757,0.2166,0.20606,0.19642,0.18667,0.17674,0.16751,0.15911645317004847,0.15015,0.14241,0.13525,0.12902,0.12337,0.11888,0.1147270740487596
21-01-2026 10:40,25076.8,0.1104088866571091,0.1126,0.11578167406368405,0.11919,0.12378,0.12957,0.13582,0.14283,0.15091775115475475,0.15889181302916688,0.16683,0.1750066348019883,0.18316,0.19098,0.21921,0.21009,0.20117,0.19196,0.1838398331104288,0.1754,0.16699,0.16,0.15276,0.14816054243450777,0.1431935378357107,0.13814,0.13602,0.13435
21-01-2026 10:45,25011.65,0.1281432684391327,0.12886,0.12996,0.13350503077955914,0.13656,0.14240504391762443,0.1476,0.15431,0.16165621453198512,0.16871,0.17751,0.18442,0.19267235691016818,0.20034636612501175,0.2134,0.20348,0.19441,0.18465,0.17497,0.1664,0.15781,0.14998,0.14243,0.1365915471157638,0.13049058536781027,0.1243,0.11945,0.11484
21-01-2026 10:50,25009.05,0.1201,0.12206,0.1260478967087641,0.1298,0.13479,0.1411776365688901,0.14727,0.1548378290258005,0.16219277365725443,0.16956,0.17816,0.18631,0.19404817894263182,0.20172,0.22256,0.21319,0.20412,0.19570282699593466,0.18765563060526094,0.17954499788520306,0.17137983287258965,0.1627308284880448,0.15621,0.1511,0.1474,0.14463,0.14192,0.14013232052171043
21-01-2026 10:55,24957.3,0.1396970061131352,0.14010467765100276,0.14171,0.14384,0.14796052089121875,0.1518,0.157,0.1635289563396807,0.16965,0.17684,0.18451605048993136,0.19209,0.19924,0.20689,0.22052,0.21070904718203948,0.20088,0.19093,0.18127,0.17229257074978388,0.16314,0.15463773887972931,0.14602,0.13844889671768495,0.1308388626929165,0.1235,0.11655589640327817,0.10995044084613802
21-01-2026 11:00,24996.3,0.13237160605579057,0.13323705213489628,0.13532,0.13812,0.14231,0.14755,0.15363,0.16007,0.16697,0.17401,0.18197,0.18865,0.19583,0.20379,0.22455,0.21423,0.20411545847372586,0.19389,0.18403,0.17543891896683916,0.16654,0.15824,0.15121446844875985,0.14372,0.1380512620290592,0.13204,0.12724,0.12289471418132993
21-01-2026 11:05,24985.75,0.1372340345384187,0.13763,0.13894,0.14137,0.1458,0.15085,0.1568,0.16288,0.16942,0.17636,0.18417,0.19065,0.19721,0.20514,0.2196,0.20915,0.19878195661565634,0.1884416311652306,0.17801,0.16867,0.1601157854522045,0.15128,0.14394,0.13636,0.12984001861000816,0.12302,0.11781716669023772,0.11277
21-01-2026 11:10,25017.2,0.14038579353822872,0.13986898374549459,0.14029,0.14215587505645585,0.1446643212949535,0.14704,0.15151,0.15771756872166864,0.16355,0.17081281163043366,0.1778,0.18489,0.1916,0.19977,0.2210257016559975,0.21052,0.20085,0.19069,0.18073,0.17053,0.1613,0.15234342257371553,0.1432,0.13358,0.1256709158137817,0.11749,0.11042,0.10185
21-01-2026 11:15,25046.1,0.1422564730784898,0.14016,0.14049460528315078,0.14105811595801668,0.14103,0.14436,0.14881,0.15391,0.15965,0.16606,0.17377,0.18004,0.18735,0.1947,0.22158,0.21124,0.20104,0.19101,0.18117,0.1716726840413116,0.16191,0.15273,0.14403,0.13539,0.12731,0.12038,0.11276,0.10601159986469345
21-01-2026 11:20,25060.3,0.13169,0.12981,0.1297,0.13102,0.13391,0.13809,0.14401693777918903,0.14952,0.15670470154173025,0.16365363206264189,0.17068,0.17767,0.18468506178440636,0.19164178686933697,0.22501,0.2154449379311899,0.20584,0.19596,0.18562,0.17611,0.16717,0.1585,0.14967,0.14173,0.13515,0.12908,0.12283,0.11697
21-01-2026 11:25,25041.3,0.12924,0.12753,0.12769,0.12964,0.13366,0.13824,0.14359,0.14983,0.15679,0.16395,0.17192,0.1789,0.18698,0.19456,0.22775,0.21815,0.20868,0.19892,0.18899,0.17966,0.17111396461542297,0.1622,0.15476522285468575,0.14682,0.14016759077386232,0.13311,0.12778,0.123
21-01-2026 11:30,25041.05,0.13283,0.13058,0.13229011795920492,0.1338783883688069,0.13501,0.13941,0.1453692522903871,0.15084,0.1581017305970086,0.16494,0.1728,0.17992,0.18742,0.1948152074542011,0.22611,0.216362482416054,0.20669253144442298,0.1970713120551107,0.18746,0.17814,0.16926327082698384,0.16022,0.15174,0.1437,0.13617,0.12995,0.12374,0.1176
21-01-2026 11:35,25049.35,0.13118,0.12936,0.12957,0.13118,0.13391,0.13844,0.14389,0.14995,0.15668,0.16433392574955086,0.17176,0.17913883492949273,0.18645,0.19453,0.22696,0.21735753119763424,0.20769,0.19761,0.18773,0.17863,0.16983,0.16134,0.15354610388266782,0.14528,0.13856,0.13231,0.12687828377522617,0.12162
21-01-2026 11:40,25042.9,0.1334487054149807,0.13186,0.13145,0.13247,0.13537,0.1405440067518059,0.14483,0.1505,0.15708,0.1646018354785077,0.17186,0.17917,0.18658,0.19412,0.22612,0.21626,0.20649,0.19653,0.18629,0.177,0.16772,0.15908,0.1514248316220989,0.14328,0.13668430427158895,0.12979,0.12372,0.11800162901288151
21-01-2026 11:45,25045.15,0.13377829969691357,0.13206,0.13231539832351866,0.13236,0.13523,0.13924,0.14427,0.1499,0.15644,0.16362,0.17162,0.1783,0.18635,0.1939,0.22687,0.21664,0.20673,0.19673750680056332,0.18659,0.17713,0.16783,0.15919,0.1512629873530843,0.14292,0.13602882521470944,0.12887,0.12235,0.11620299203114481
21-01-2026 11:50,25057.75,0.13374,0.13061,0.12978,0.13259594532462451,0.13417,0.13801,0.1433,0.14884,0.15563,0.16264,0.17054,0.17769,0.18521,0.1926704817913727,0.22699,0.217,0.2070257903230322,0.19708288157486537,0.18704,0.1776744599174887,0.16813,0.15925,0.15112,0.14337,0.13606198061998973,0.12839,0.12245,0.11627
21-01-2026 11:55,25064.55,0.13047,0.12927303502317092,0.12848,0.12994,0.13295,0.13718,0.14238,0.14817,0.15551199125669235,0.16262602623885167,0.1697,0.17657,0.18406,0.19166,0.22742,0.21717,0.20729796429752795,0.19738,0.18712,0.17786,0.16867172700569205,0.15966,0.1522380609001598,0.14494596502776513,0.13771021549526144,0.13068027487193754,0.12378,0.11829
21-01-2026 12:00,25081.9,0.14194,0.13712,0.13497,0.13424,0.13724049313515124,0.14024212120239726,0.14254,0.1482084215601091,0.15337,0.15944,0.16694,0.17378,0.18123,0.18878,0.225,0.2149086796690191,0.2048,0.19459468424362825,0.1843931473407244,0.17414,0.16427,0.15487,0.14552,0.13726621757336477,0.1289502481554447,0.1206,0.11269166452211725,0.10483
21-01-2026 12:05,25117.2,0.12873,0.12563,0.12408,0.12634380962273775,0.12718,0.13056,0.1351,0.14051,0.14695,0.15358,0.1609867078903877,0.16809,0.17581,0.18372,0.22809566553084268,0.21847,0.2089008281285242,0.19929342461922156,0.18963149632343004,0.17998,0.17017,0.16139,0.15266,0.14483,0.13702,0.13023,0.12375,0.11802
21-01-2026 12:10,25113.35,0.13919,0.13376,0.13116,0.13082,0.13145,0.13404,0.13797,0.14400461870801873,0.14912,0.15502,0.16263,0.16926,0.17671,0.18416688512890708,0.22408,0.21377,0.20384,0.19406646125182547,0.1842592358275713,0.17447985300114877,0.16463,0.15525,0.14665,0.13796,0.12963,0.12258,0.11515519957920099,0.10767
21-01-2026 12:15,25129.25,0.14212,0.13645,0.13427605774639662,0.13138,0.13217,0.13558470661474886,0.13796,0.14234,0.1479,0.15374,0.16084,0.16697,0.17372402218464292,0.18063,0.22549041772445186,0.2158,0.20614,0.19586,0.1856668052311606,0.17534,0.1656,0.15635,0.14722,0.13817,0.13001,0.12186,0.11408,0.10638
21-01-2026 12:20,25163.0,0.13704,0.13153,0.12967856824594434,0.12705,0.1298526036276131,0.13184111325229964,0.13361,0.13822,0.14354,0.14955,0.15667,0.16315415735210262,0.16958,0.17664,0.23038,0.22027,0.21058,0.20048,0.19080164742333444,0.18101,0.17114,0.162,0.15272,0.14432,0.13626,0.1286422401032008,0.12099514730682046,0.11349
21-01-2026 12:25,25166.9,0.11646,0.11532054723407834,0.11454,0.11565,0.11826,0.1232149059096496,0.12722,0.13303,0.13967,0.14655,0.15443,0.16135,0.16873564175826503,0.1755706424385277,0.23888,0.2290176185396366,0.2192428680280485,0.20945,0.19993,0.19064,0.18145,0.17349600307870497,0.165412508204718,0.15748698702510575,0.14943,0.14255,0.13679,0.13127358419573015
21-01-2026 12:30,25153.65,0.14411,0.13813068499874537,0.13294,0.13066,0.13051,0.13202,0.1362443992813466,0.13924,0.14482,0.1501,0.15725,0.16402,0.17046,0.17743,0.23409,0.22385,0.21446,0.20458346508080227,0.1946935801959652,0.18477,0.17467,0.16519,0.15566,0.14664,0.13804,0.12914,0.12071,0.11267
21-01-2026 12:35,25191.3,0.1472,0.14047,0.13539,0.13496946591147874,0.13418794369470788,0.13255,0.1361033825762038,0.1396429151055165,0.14335,0.14828,0.15471,0.16102,0.16741039248506423,0.17383,0.2341,0.2241017256302554,0.21423202138269382,0.20445895641701117,0.19469,0.18542,0.17552,0.16609,0.15689,0.14758,0.13896,0.13075,0.12259,0.11461
21-01-2026 12:40,25225.6,0.1357170239248428,0.1311,0.12806060479314213,0.12561,0.12506,0.1262,0.12875,0.13339320927437479,0.13711,0.14219,0.14804,0.15492,0.16058,0.16672262939622498,0.24091,0.23056,0.22149,0.21174,0.20256138013361297,0.19333,0.18365,0.17502987539198128,0.16626,0.1581531186698335,0.1499213893494019,0.14166,0.13429,0.1274
21-01-2026 12:45,25260.15,0.14866,0.14154365688835802,0.13502,0.13106,0.12889,0.13104634585988317,0.13248327419584144,0.13345,0.13754,0.14228,0.14796919511871132,0.1535599798863745,0.15916,0.16562,0.24399116802581025,0.23445,0.22483,0.21557,0.20544,0.19649,0.18711228248138023,0.17763,0.16816,0.15944,0.15062,0.14206,0.13387,0.12606
21-01-2026 12:50,25266.0,0.15087782795918492,0.14299,0.13659,0.13681509836878467,0.1375333716181404,0.1378180873589734,0.13771691730125057,0.13666870437607806,0.1377,0.1423,0.14736,0.15339,0.15914,0.16617,0.24758855768688737,0.23813,0.22897,0.21938349641805283,0.2098,0.20057,0.19091,0.182,0.17238,0.16351,0.15473,0.14632,0.13756,0.12958
21-01-2026 12:55,25281.8,0.13917,0.13376633222688322,0.12917400655469594,0.12593,0.12722574278138762,0.12869970322684582,0.13034103774039157,0.13197307876870254,0.13403,0.13891,0.14492121488310172,0.15084,0.15753,0.1646030874291884,0.25027,0.24056,0.23144,0.22236,0.2125,0.20318,0.19394,0.18479,0.17522,0.16673,0.15789,0.14926,0.14108,0.13375
21-01-2026 13:00,25281.3,0.13807,0.13319,0.12776,0.12551,0.12366,0.12413,0.12643,0.12955,0.13415,0.14013362575943947,0.14535,0.15225,0.1586,0.16594,0.25099,0.2412,0.23143,0.22218,0.21278,0.20316,0.19335,0.18437,0.17552276772548717,0.16663025503143508,0.15764,0.14933470269528798,0.14094,0.13318
21-01-2026 13:05,25288.85,0.12164,0.11893866177805047,0.11667,0.11569,0.11739866061485815,0.11798,0.1212,0.12532,0.13069,0.13647,0.14268,0.1494266298084566,0.15649148928927803,0.16389434261150307,0.25439842476470964,0.24451978955297465,0.2345439432729385,0.22457613234074802,0.21469,0.20515,0.19551,0.18666,0.17799,0.1693,0.16109,0.15329,0.14627483452202683,0.13943
21-01-2026 13:10,25221.5,0.14555,0.13388,0.13292,0.12941,0.12723,0.12818,0.13130554870047775,0.13326,0.13677,0.14244,0.14938578835768523,0.15601,0.16305200778004808,0.17012,0.24334,0.23292,0.22424,0.21525,0.20559870865763882,0.19612,0.18546,0.17645,0.16852,0.15804,0.14967,0.14177,0.13249,0.12413
21-01-2026 13:15,25225.05,0.1338,0.12896,0.12617930578070508,0.12326,0.1228,0.1258348202137642,0.12893221484597756,0.13252312561165258,0.13568,0.14121,0.14793,0.15501,0.16172,0.16931,0.24435,0.23512,0.22589,0.21678,0.20749,0.19819,0.1892025877559464,0.18004,0.1711,0.1628,0.15452,0.14636,0.13888,0.13236
21-01-2026 13:20,25225.7,0.12872,0.12486,0.12309181199761243,0.12081,0.12085,0.12246,0.12556,0.12964,0.13486,0.14077,0.14790850647469947,0.15468,0.16132,0.16885,0.24576288913644967,0.23705520434229788,0.22782,0.21895,0.20902,0.19977998488890142,0.19047,0.18180037646723402,0.1730771205969857,0.16424,0.15638932031001038,0.14833,0.14156,0.13545
21-01-2026 13:25,25205.25,0.13434809405489948,0.1299,0.12663,0.12487,0.12494,0.1278267496881212,0.13084463156024262,0.13326,0.13883626171371383,0.14405,0.15016,0.1572779878124132,0.16463,0.17262839166517138,0.24316,0.2337,0.22373,0.21445,0.20480972562228855,0.1951485733552851,0.18538,0.17635,0.16764,0.15913,0.1512,0.1442088630852514,0.13715544904212829,0.1304
21-01-2026 13:30,25215.7,0.11547150399233119,0.1141370887579462,0.11384,0.11439,0.11611,0.11898,0.12386064397112118,0.12793,0.13384,0.14041,0.14789759186350415,0.15526551696689447,0.16265,0.17059,0.24707,0.23815,0.22861715979345443,0.21911,0.20948,0.20028,0.1914809890226255,0.18238,0.17411,0.16604,0.15871,0.15219,0.14671648840295995,0.14146
21-01-2026 13:35,25182.35,0.14272426405750913,0.13934,0.13698,0.1338,0.13289,0.13224,0.13567783770453745,0.1378,0.1423,0.14773,0.15379,0.16058589568119636,0.16719,0.17421,0.23745201047713954,0.22763,0.21820706483046476,0.20869,0.1986,0.18997,0.18082610656232684,0.17157,0.16251,0.15390677594586943,0.1451690887735281,0.13646,0.12972,0.12058
21-01-2026 13:40,25193.1,0.13324,0.1291117891614298,0.1257,0.12472,0.12518,0.12695,0.1308759599801896,0.13381,0.13901,0.14486,0.15166389380260253,0.1581,0.16516,0.17297,0.24104,0.23161,0.22252,0.21314,0.20345,0.19387,0.18456,0.17598,0.16763638300330314,0.15902,0.1516165033642739,0.14393,0.13728093646125364,0.13075
21-01-2026 13:45,25192.95,0.13211,0.12832,0.12648669564595982,0.12411,0.12448,0.12634,0.12935,0.13445298172002917,0.13859,0.14451,0.15095,0.15785,0.16523,0.17348,0.24175,0.23225,0.22274,0.21318,0.2035383343335341,0.19378,0.18417,0.17565,0.16677,0.15838,0.15107893902394773,0.14335,0.13649,0.13029
21-01-2026 13:50,25179.95,0.12507,0.1225,0.12106,0.12096,0.12254,0.12493,0.12858,0.13335,0.13902,0.14588663893265902,0.15218,0.15955,0.16688,0.1742,0.2418,0.23224,0.22298,0.21312,0.20354,0.19431,0.18498,0.1767,0.16826,0.16079378321938192,0.15311,0.14644,0.14014149984961197,0.1343835359131307
21-01-2026 13:55,25164.25,0.12508,0.1227,0.12142,0.123640451052922,0.12562077074206862,0.12798095768610104,0.12986,0.13471,0.14081,0.14773640589833098,0.15452598198901696,0.16127,0.16886,0.17614,0.24014,0.23066,0.2216,0.21187,0.20207,0.19328757226377666,0.18442029354221137,0.17566802099690126,0.16677,0.15894,0.15212,0.14506,0.13935,0.13429
21-01-2026 14:00,25141.15,0.13245523118312214,0.12917,0.12692,0.12689,0.12849,0.1309,0.13466,0.13925,0.14488,0.15069,0.15765,0.16457,0.1719350145773337,0.17942,0.23318914165151966,0.2242,0.21511,0.2058,0.19621166189712264,0.18673120039340757,0.17715,0.1690804830692121,0.1608842499881448,0.15275,0.14567,0.139,0.13294889560980444,0.12701
21-01-2026 14:05,25151.55,0.12298,0.12147,0.12086375697805929,0.11955,0.12101,0.12406,0.12791,0.13284,0.13906,0.14615766144457182,0.15267,0.1606,0.16894,0.17785115035485116,0.23437,0.22453,0.21563,0.20617880891310275,0.19667,0.18764478081258615,0.17836,0.17010772886256414,0.16148,0.15407,0.14726,0.14125,0.1360912955400757,0.1311
21-01-2026 14:10,25141.05,0.12259746507664537,0.12069707620973819,0.12018,0.12055,0.12248,0.12586,0.12964,0.13475,0.1414178648621876,0.14735,0.15495,0.16301,0.17171602379967751,0.1808763329001242,0.23095,0.2211,0.2117146247806319,0.20234244025413356,0.19295,0.18376,0.1752907212501817,0.16680634691662877,0.15815,0.15046,0.14392,0.1377,0.13263263075980303,0.12778
21-01-2026 14:15,25139.05,0.14051,0.13525,0.13261495737030535,0.12945,0.12981,0.13115,0.13485018791942832,0.13773,0.14279,0.14906244912741623,0.15467,0.16227,0.16974,0.17697,0.22544,0.21577,0.20617382287136413,0.19658068037423043,0.18699700896117874,0.17739,0.16786,0.15921048497366097,0.15036,0.14243676405044162,0.13421,0.12632,0.11937,0.11216
21-01-2026 14:20,25178.3,0.1121134245687402,0.11156,0.11175,0.11306,0.1167058163595196,0.11962,0.12476160068552812,0.12924,0.13577,0.14254244335195299,0.14905,0.15693602279309327,0.165,0.17361299893916232,0.23348,0.22449,0.21525320307890583,0.20603,0.1965,0.18760234674827447,0.17844,0.17048,0.16261,0.15619890449434787,0.14925,0.14362,0.13928,0.1355088989976772
21-01-2026 14:25,25144.75,0.11203,0.11192,0.1129,0.11453,0.11751,0.12133,0.12644,0.13282820460461214,0.13842,0.14552,0.15314,0.16094,0.16956,0.17846458385913874,0.22976,0.22089323277486905,0.21204,0.20324,0.19409,0.18498,0.17631,0.16855,0.16094,0.154,0.14871954302970125,0.1433309459882054,0.13846,0.13462289444263567
21-01-2026 14:30,25130.1,0.13447487682789258,0.13177112550294173,0.13004,0.12981783977004885,0.12961,0.13109,0.1350395348082797,0.13863,0.14401,0.15072692921787245,0.15736795248566446,0.1641870260057341,0.17098,0.17869,0.22543,0.21582,0.20649,0.19662,0.18686,0.17739,0.16792,0.15929599469757622,0.15065714759788018,0.1418,0.13438760108514292,0.12673,0.11991,0.11289
21-01-2026 14:35,25146.5,0.12678644485692808,0.124749217697942,0.1239,0.12393,0.12532,0.12787,0.13236301089938785,0.13605,0.1419,0.14851103328149212,0.15477,0.16188,0.16950921815871484,0.17727,0.2274169944120061,0.21725,0.20771,0.19788,0.18823169281792712,0.17837,0.16974916672371954,0.1609,0.1526,0.14561037705652,0.13859683753763058,0.13181836701880303,0.12538,0.11956073700555606
21-01-2026 14:40,25152.35,0.12057006047126875,0.11893,0.1189718189959551,0.11882,0.12084,0.12401,0.12893730886511784,0.13315,0.13905,0.14561,0.15299331431261148,0.16013,0.16809472252082663,0.17615,0.22728,0.21766,0.20849977582105494,0.1993,0.19010471198297446,0.18086,0.17211,0.16479117074092664,0.15736357393956063,0.15017640539339672,0.14301,0.13732,0.13195258829218404,0.12714827578994028
21-01-2026 14:45,25149.7,0.12554,0.12304,0.12287748570598506,0.12183,0.1233,0.126,0.12989,0.13556103966018918,0.14041,0.14731515607780393,0.15357,0.16122,0.16874,0.17748,0.22466,0.21461,0.20589,0.1965054323065396,0.187,0.17806,0.16955,0.16204186553431227,0.15405,0.14697,0.14065,0.1347,0.12959,0.12474
21-01-2026 14:50,25153.5,0.11959738107196308,0.11838487435957577,0.1182,0.11917844405220802,0.12042,0.12336,0.1280434034231046,0.13215,0.13819,0.14432,0.1519043747461378,0.15950369108702786,0.16737402989845895,0.17562,0.2244864994872203,0.21455183597952254,0.20483,0.19536,0.18640491915032759,0.17725,0.16877,0.16103,0.15363,0.14652,0.1403,0.13518198432013984,0.12976,0.12525
21-01-2026 14:55,25147.1,0.12119,0.12010088645280229,0.1192,0.11878,0.12157034466160545,0.12455025956009624,0.12738,0.13253,0.13926640796461776,0.14593109188694825,0.1525,0.16021,0.16788,0.17644,0.2251792520289664,0.21577,0.20664,0.19663,0.18739442329030798,0.17788,0.16911,0.16108,0.1528,0.146,0.13932,0.1337,0.12836,0.12385
21-01-2026 15:00,25160.2,0.1331563494385846,0.12870256125111063,0.12599,0.12423,0.12565073828910478,0.12612,0.1293,0.13273,0.13886,0.14424,0.15146,0.15934,0.16712415170053496,0.17493,0.22462,0.21473902973554315,0.20482,0.19466837321706762,0.18445,0.17483,0.16566,0.15709785528533465,0.1482,0.1406,0.1339632239431957,0.1271,0.12087973469445862,0.11472
21-01-2026 15:05,25171.7,0.11706,0.11573516517487237,0.1148,0.11552,0.11721,0.12111943242822537,0.1241,0.12894,0.13536,0.14201,0.15011101383535969,0.15794,0.16624218499325885,0.17458,0.22647,0.21712,0.20732,0.19776,0.18797,0.17937754368694836,0.17025,0.1629155201744636,0.15494,0.14792,0.14197,0.13652,0.13194,0.1278913418474909
21-01-2026 15:10,25159.7,0.11404,0.11283,0.11361256224856266,0.11384,0.11659,0.12152745729330204,0.1263640948877604,0.13147261660365928,0.1363,0.14291,0.15131,0.1595,0.16735,0.17535215790420805,0.22813,0.21813,0.20858,0.19826,0.18875,0.1799775451992674,0.17086,0.16368513180675132,0.15616982548072833,0.14858,0.14238,0.13678,0.1328,0.12917
21-01-2026 15:15,25148.5,0.11595040087711164,0.11540774450994007,0.11575993317555386,0.11701,0.11959013810214847,0.12287019149825255,0.12587,0.13156893477725867,0.13709,0.14341,0.15231158824567925,0.16095,0.16919,0.17746,0.22618,0.21597,0.20606,0.19582,0.18680554196274152,0.17770671305329533,0.16852,0.16038,0.15303014019555683,0.14546,0.14011990028994292,0.1344770041234116,0.12898,0.12484
21-01-2026 15:20,25154.25,0.11111,0.11098,0.11197931304330622,0.1123,0.11569832890976209,0.1183,0.12263,0.12762,0.13529,0.14189,0.15119,0.15955,0.16812,0.17689174416754605,0.22348175881119808,0.21398,0.20528,0.19525,0.18665,0.17793,0.16939,0.16151,0.15378,0.14632,0.140871684588754,0.13498,0.1309,0.12733538536238648
21-01-2026 15:25,25150.7,0.12114878511460338,0.11857,0.11712,0.11677,0.1183,0.12103,0.12473,0.12919,0.13625,0.14187,0.15058486059125853,0.15893,0.16642,0.17481,0.2211191971885125,0.21134,0.20163,0.19141,0.18132708918451323,0.17105,0.16232,0.1537468610501125,0.14483,0.13698,0.13060998663247603,0.12394,0.11898,0.11464387917204043
22-01-2026 09:15,25332.45,0.10595456979174336,0.1048261011437313,0.10454,0.10521,0.10684,0.10947,0.11372,0.11836,0.12544,0.13242,0.14138508930109966,0.14997,0.15931716685150832,0.16873,0.24671622807864957,0.23565,0.22513,0.21365,0.20268,0.19258,0.1816,0.17114,0.16105,0.15211,0.14424,0.13698,0.13113,0.12581853341439647
22-01-2026 09:20,25329.3,0.11554923305125793,0.11259,0.11074,0.10979,0.11167710253468957,0.11218,0.11591,0.12018,0.12695,0.13378,0.14197,0.1508681413689218,0.15969734788854179,0.16876,0.24508,0.23368184510641707,0.22226418459318736,0.21083,0.19932,0.18860936195947964,0.17772,0.16741080527295704,0.15679,0.14767,0.13962651993038294,0.13125,0.12453299250020776,0.11798
22-01-2026 09:25,25334.05,0.14623767870948368,0.13823,0.13143,0.1286761458391685,0.12575605091211017,0.12234,0.12374,0.12643,0.13155,0.13711,0.144761324955839,0.15203,0.1597,0.16788991131460662,0.24449,0.23292,0.22276,0.21093,0.19921,0.18794,0.17635,0.1656407012931147,0.15452,0.1448419533578082,0.13472,0.12604,0.11780355241093829,0.10968
22-01-2026 09:30,25400.35,0.1313,0.12552,0.11846,0.11817028096310736,0.11716723407970814,0.11588,0.12022174865856797,0.1248566227227948,0.13049312352563563,0.13597,0.14327,0.151120022435404,0.1591,0.16798730339716758,0.29877,0.28957,0.2786725649724301,0.26802,0.25667,0.24469,0.23081047986675512,0.21741,0.202300244692691,0.18732,0.17339970740328514,0.15945837512161662,0.14582,0.13191116967795677
22-01-2026 09:35,25415.7,0.12572,0.11992076296924131,0.11492,0.11249,0.11221,0.11558,0.12023,0.12671,0.13404,0.1414492784776317,0.14855,0.15675,0.16402,0.17148,0.30317,0.29661,0.28651,0.2778451575742803,0.26983,0.25848,0.24745,0.23456,0.22034899387202728,0.20666,0.19281,0.17783,0.16423497234643053,0.1509
22-01-2026 09:40,25405.7,0.12722,0.12223,0.11794,0.11543,0.11462,0.1168,0.12063,0.12524,0.13237690728148926,0.13937133163236726,0.14653461488538122,0.15358,0.16068,0.16828,0.29928,0.2891,0.27712,0.26642519626900274,0.25601,0.24365,0.23047,0.21738314675323894,0.20437276820291145,0.19126,0.17858387113910215,0.16576,0.15406,0.14212
22-01-2026 09:45,25400.1,0.15452,0.14307,0.13348,0.12744,0.12418,0.12365,0.12604,0.12986,0.13537,0.14087,0.14796,0.15554,0.16296433103500563,0.1704,0.29,0.2786635846468197,0.26748,0.25775,0.245539182441831,0.2335211165651886,0.22128647389427597,0.20936,0.19737,0.18456,0.17194,0.15918,0.14702,0.13419
22-01-2026 09:50,25430.85,0.10962,0.10808,0.10618,0.10596,0.10913194546696994,0.11309706705216646,0.11736126201511446,0.12180614876558973,0.12606,0.13221,0.13989,0.14794313466957354,0.15695169462454453,0.1670568268974938,0.2845,0.27357397946631956,0.26278,0.2528656875352654,0.24304,0.23201,0.22049,0.20827,0.19722,0.1857,0.17472,0.16433976433007136,0.15391881886170475,0.14369
22-01-2026 09:55,25385.65,0.13737551979779397,0.12983,0.12362,0.12177832316072067,0.11901,0.11909,0.12178,0.12571,0.13161593873382144,0.13658,0.14401,0.15158,0.16010070413515598,0.16893890145993956,0.2655,0.25452,0.24299,0.23352,0.22257,0.21122,0.19957,0.18796,0.17596,0.16567911494400567,0.15529146441072617,0.14506512445810774,0.1348,0.12521
22-01-2026 10:00,25404.05,0.10776,0.10582,0.10515886403421527,0.10378,0.10581031980596747,0.10659,0.11024,0.11494,0.12111,0.1283947086168007,0.13519,0.14291,0.15032,0.15808888874880006,0.26132,0.24963,0.23888,0.22953,0.21856847026159765,0.20761641205139866,0.19673,0.18526,0.17367,0.1641831220732503,0.15416,0.14472,0.13716,0.12990796231359078
22-01-2026 10:05,25387.2,0.11719,0.11299,0.11070918971083417,0.10822,0.10842,0.11149709287662998,0.11459999698490622,0.11733,0.12315,0.1304434897790776,0.13748,0.14503,0.15270062689776853,0.16041,0.26225,0.25061,0.23979,0.22998,0.21877,0.20853,0.19724,0.18542291474103478,0.17356,0.16269,0.15327275879282645,0.14351,0.13503728584324576,0.12669
22-01-2026 10:10,25366.75,0.13658,0.1279275945157115,0.12072,0.12049785528133569,0.1189556492837204,0.11694,0.11915,0.12345,0.12918,0.13488,0.1423162366428988,0.14958975356968826,0.15688,0.16445,0.258461873902522,0.24688,0.23518,0.22525,0.21441112020402597,0.20349592321285648,0.19267,0.18116782118363461,0.16968,0.15848,0.14860678845369166,0.13837,0.12908,0.12057
22-01-2026 10:15,25384.2,0.09766,0.09808737646233953,0.09877562173142043,0.09906,0.10208,0.10502,0.10997,0.11552,0.12304,0.12969,0.13786850904598932,0.14584,0.1535,0.16136,0.25894,0.24795407911040296,0.23735,0.22862,0.21919,0.20845426578060333,0.19785617848152653,0.18719,0.17595,0.16644504570527835,0.15665,0.14742,0.13981396264940282,0.13255
22-01-2026 10:20,25330.55,0.13469,0.12937074253344077,0.12524419172806797,0.12210171876782572,0.11932256768394589,0.11744,0.12115138501952065,0.1262640562190569,0.13132,0.13681,0.14468,0.15186,0.15964,0.16747,0.24705,0.23563,0.22556785507187907,0.21547,0.20534,0.19424,0.18383,0.17305,0.16197,0.15146,0.14198,0.13311,0.12478267875976246,0.11714006566920288
22-01-2026 10:25,25335.0,0.09628,0.09735,0.09889,0.10032,0.10334,0.10665,0.11183,0.11915883297638566,0.12565,0.1329,0.14153,0.1493914933951638,0.15712,0.16523061799526628,0.24194665854534142,0.23074072879548124,0.2198564263333433,0.20926,0.19905470763369765,0.189085753858022,0.17911,0.16988,0.1606,0.15157,0.1443,0.13825,0.13302,0.128759598848072
22-01-2026 10:30,25273.25,0.13945,0.13166,0.12574,0.12204,0.12132,0.12241,0.12693628255822742,0.12998,0.137,0.14465049530228863,0.15175,0.15956,0.16779,0.17688,0.23624,0.22619,0.21609,0.20399,0.19332,0.1831933180017884,0.17284,0.16271,0.1521,0.14205,0.13349,0.12467,0.1169,0.10937
22-01-2026 10:35,25312.45,0.10126195986968761,0.1013048185600141,0.10234836855152209,0.10439,0.10721,0.11117,0.11767087243466064,0.12419589181267603,0.13107257578422044,0.13765,0.1460738371596971,0.15453,0.16222,0.17017832912754396,0.23916,0.22825,0.21796,0.20717245709332102,0.1962,0.18687,0.17646,0.16749,0.15827,0.14937,0.14221,0.13534,0.12967,0.12451754696664025
22-01-2026 10:40,25290.35,0.12122,0.11683,0.11428,0.11369,0.11429,0.117,0.1230408424063501,0.12881428122425828,0.13497191231279915,0.1408,0.14941,0.15731,0.16522,0.17431,0.23637,0.22582,0.21577,0.20437645848008312,0.19285,0.18288421328974316,0.17255,0.16337,0.15416859775494152,0.1446,0.13703,0.1298,0.12349038927401416,0.11738
22-01-2026 10:45,25288.95,0.1135,0.11212,0.11266914304612327,0.1131963123327729,0.11267,0.11700294514431457,0.12097,0.12779294601317398,0.13415,0.14106,0.14966,0.1585740867741549,0.16824173786630253,0.1787293682174794,0.23673,0.22685345587637662,0.21672,0.20513,0.1944,0.18474,0.17462,0.16521,0.15611,0.14677,0.1396,0.13244,0.12641430605330195,0.12065
22-01-2026 10:50,25270.45,0.11997,0.11687319118251002,0.11448,0.11425,0.11599,0.12007757154386735,0.12413,0.1311530549560768,0.13814421206271413,0.1454451857745288,0.15263,0.16051567018357665,0.16839,0.17794,0.23618,0.22577899926012623,0.21531,0.20447,0.1937,0.1839795077280706,0.17429142601110714,0.16468423194906678,0.15520105755375752,0.14588,0.13804,0.1314080435552918,0.1247994085654876,0.11856
22-01-2026 10:55,25267.3,0.0946,0.09808,0.10061,0.10451,0.10876,0.11542907445472561,0.12194408910335477,0.12870665048506563,0.13522,0.14329,0.15206,0.16066,0.16887,0.17887,0.23925,0.22912,0.2192414875205524,0.20926,0.19983527130369574,0.19022,0.18099,0.17219,0.16442384952195913,0.15599,0.14955,0.1433,0.13964,0.13687
22-01-2026 11:00,25234.85,0.1185,0.11694,0.11547,0.11648,0.11914,0.12416069412027164,0.12787,0.13398,0.14143,0.14793,0.15618,0.16401247781961828,0.1716,0.1813,0.23335,0.22333,0.21319,0.20304,0.19266,0.18352,0.17425385307215296,0.16501,0.15708274750827533,0.14903182041031032,0.141309847493374,0.13366,0.12826992928930092,0.12323
22-01-2026 11:05,25223.35,0.12387,0.12094,0.11987,0.12190728169167797,0.12411678616159616,0.12569,0.1315332498352692,0.13739304739520036,0.14347,0.15015,0.15823515965737717,0.16614,0.17361,0.18285,0.23148,0.22185,0.21166,0.20118,0.19055,0.18182,0.17225,0.16349928979180417,0.15447,0.14595,0.13921615409217694,0.1321,0.12659099420154438,0.12123
22-01-2026 11:10,25234.6,0.11783,0.11612,0.11698086546512088,0.11679,0.11961,0.12341,0.1292761262392609,0.1344,0.14175,0.1491859246674238,0.15632,0.16431,0.17175,0.18097,0.23452091869162478,0.22345,0.21361,0.20313,0.19275,0.18409433799718264,0.1751,0.16645,0.15892133228757718,0.1512944214953339,0.14371,0.13697,0.13048918647804944,0.12438927849088596
22-01-2026 11:15,25230.3,0.11734,0.11619,0.11596,0.11705,0.12085186143133529,0.12398,0.12945499531389687,0.13488,0.14227384066340393,0.1496701094600339,0.1574468176338566,0.16565,0.17493248206125728,0.18484679268971774,0.23256,0.22272652975835894,0.21276,0.20203,0.19194,0.18280447287494955,0.1733,0.16454,0.15615,0.14946196262360562,0.14203,0.13552,0.13174,0.1269
22-01-2026 11:20,25224.65,0.137,0.13169847581712826,0.12749,0.12654,0.12868440468104644,0.12968,0.13375,0.1398511458375455,0.1452,0.15148,0.1587,0.16648,0.17362,0.18287,0.22973,0.21914813996531682,0.2085116158594134,0.19782,0.18693,0.17738,0.16773,0.1586010858929765,0.14919,0.14162783856980984,0.13375684882031924,0.12592,0.11974,0.11326
22-01-2026 11:25,25274.25,0.11029,0.1095,0.1111095401595624,0.1123,0.11503,0.11882,0.1251772318578827,0.13130067934908354,0.1372,0.14366,0.15165,0.1597,0.16749,0.1755297300371387,0.24189763978831594,0.2290480704338931,0.21708229393409062,0.20607,0.19547,0.18598,0.17682,0.16839170049875574,0.15982959794718848,0.15095,0.1442,0.13826,0.13343,0.13062
22-01-2026 11:30,25237.65,0.12721,0.12374,0.12201,0.12194,0.12356,0.12649,0.13192447198392696,0.13617,0.14344006235798257,0.14986,0.15778,0.16548,0.17365,0.18226,0.2316,0.22112,0.21067,0.20037196888835937,0.18997,0.18009366654661724,0.16987,0.16111203779952424,0.15191,0.1438,0.13708,0.13128503199235508,0.1252,0.12044
22-01-2026 11:35,25252.75,0.11588,0.11479,0.11479,0.1170568146133869,0.11857,0.12203,0.12717,0.13408015460865905,0.1402,0.14765,0.15566,0.16411,0.17208,0.18127,0.23498,0.22425056736864118,0.2135,0.20258,0.19284347789181644,0.1831318410947399,0.17321,0.16445379685198835,0.15533,0.14776,0.14132,0.13517,0.13073,0.12644
22-01-2026 11:40,25230.6,0.10979907280562225,0.11095,0.11305716710473769,0.11542,0.11893,0.12421881980193213,0.12878,0.13507,0.14286,0.15035,0.1589,0.1672551185230962,0.17552,0.18424,0.23328419630497738,0.22297,0.21283,0.20268,0.19294913376769043,0.18294,0.1738,0.16513,0.15713,0.15111506237862968,0.14431,0.13938,0.1355,0.1323853080300001
22-01-2026 11:45,25200.8,0.13034,0.12779266676194523,0.12579,0.12746608014431562,0.12794,0.13121,0.13519,0.14066,0.14796,0.15439,0.16295,0.17075,0.17877,0.18694538136256014,0.22867,0.2181999439940525,0.207665886219618,0.19708,0.18627,0.17701,0.1679492751137338,0.1585,0.14969,0.14189,0.13525,0.12864,0.12366079514900702,0.119
22-01-2026 11:50,25218.4,0.11856620642347378,0.11799,0.11825,0.12004,0.12293,0.12780900672785195,0.13162,0.13778,0.14525,0.15228,0.16038864633944205,0.16842501982589342,0.17647,0.18503,0.23193,0.22174243466399357,0.2115513668895363,0.20134,0.1911,0.1819109501249938,0.17246,0.16408461305130678,0.15526,0.14788,0.14213734619646334,0.1358,0.13142,0.12799
22-01-2026 11:55,25201.6,0.12001,0.11932,0.11974,0.12163,0.12481,0.12881,0.13424,0.14034,0.1483,0.15507,0.16354847919259374,0.17177,0.1796,0.1887,0.23017,0.2196,0.2096328898180418,0.19954,0.1900156104317713,0.18024,0.17079,0.16267,0.15540313414699441,0.14755,0.14166,0.1361,0.1322568161394388,0.12873
22-01-2026 12:00,25184.35,0.13758,0.13244,0.12988,0.13034,0.13361549663371824,0.136532827545755,0.13886,0.14457,0.15216,0.1599064303126645,0.16743,0.17523,0.18373641065190016,0.19241,0.2283787893055091,0.21731,0.20632,0.19602,0.18569,0.17608027791583925,0.16609,0.1571,0.14822,0.14008,0.13273,0.12559,0.12029667784250107,0.11536
22-01-2026 12:05,25218.75,0.13087,0.12668,0.12499,0.12484,0.12810168366975275,0.13131841841079547,0.1341,0.13956,0.1469334015177102,0.15396,0.16225,0.17009344105967647,0.17781,0.18703,0.2305,0.21984,0.20922,0.19904,0.18865,0.17916373557213025,0.16943,0.16058,0.15255621401180228,0.14440167020213845,0.13606,0.12929,0.12342,0.11846
22-01-2026 12:10,25226.35,0.12834,0.12438,0.12308,0.12484065972505012,0.1255,0.13009521395793944,0.1343912555828637,0.1386,0.14562,0.15337425263027926,0.16094,0.16851,0.17645,0.18564,0.23027,0.21899,0.20860722076721583,0.1981,0.18752,0.17778,0.16817,0.15947752896629241,0.15021,0.14225,0.13511,0.12849,0.12273,0.11839
22-01-2026 12:15,25221.55,0.13087,0.12662,0.12485,0.12467,0.12612,0.12894,0.13336,0.13905,0.14608,0.15388380567726215,0.16142,0.16924,0.1773468191500559,0.185427780281899,0.228890788269206,0.21801,0.20743827523212957,0.19688,0.18636,0.17645,0.16673,0.15792065477290929,0.14855,0.1402,0.13314,0.12629,0.12024,0.11566
22-01-2026 12:20,25272.95,0.10777,0.10918,0.11013,0.11252,0.11574,0.11971,0.12478,0.13204646257715325,0.13902845250080675,0.14593,0.15429,0.16248928090445797,0.17068,0.17899655760504835,0.23702,0.22579,0.21552,0.20511,0.1952886278207541,0.18511,0.17556,0.16716,0.15828,0.15104,0.14579695720175184,0.1401741569703311,0.13467,0.13125
22-01-2026 12:25,25240.05,0.13081,0.1263124293042111,0.12305,0.12343,0.12401,0.12723,0.13101,0.13657,0.14324,0.15053,0.15886,0.16678,0.17518,0.18403,0.2314,0.2206906919315892,0.21001,0.19959627073032427,0.18916314224416958,0.17866,0.16859,0.15934,0.15022,0.14314552225955518,0.1358147771446938,0.12828,0.12165,0.11719
22-01-2026 12:30,25251.1,0.13184,0.12588,0.12274,0.12328069097760949,0.12266,0.1269640369201364,0.13123661511039797,0.13626138661141313,0.14101,0.14825,0.1565,0.16431,0.1724285868737686,0.18031822110702808,0.23153,0.22096,0.20977,0.19965,0.1895161584523607,0.1792,0.1698556581828252,0.16034805634161348,0.15072,0.14231,0.1349,0.12783,0.12144,0.1155093988419492
22-01-2026 12:35,25259.05,0.11362004372046201,0.11285,0.11296,0.11425,0.11663,0.12023,0.12509,0.1311,0.13856,0.14693280336433717,0.15486,0.16349739980209435,0.17196,0.1812,0.2334966938072572,0.22293,0.21239,0.2021,0.19122,0.18161,0.1724690043981534,0.16285,0.15423,0.14655,0.14066096038034645,0.13408,0.12891,0.12525
22-01-2026 12:40,25236.55,0.12143,0.11888,0.11785,0.11858,0.12061,0.12433,0.13007915019682287,0.1348,0.14199,0.14964,0.1580510113275223,0.16647635508157985,0.17502384681093397,0.18377,0.23071,0.21957,0.20866,0.19819970571577972,0.18749,0.17785,0.16802,0.15934066690594173,0.15014,0.14232,0.1357,0.13005233153223206,0.12412,0.11937
22-01-2026 12:45,25253.05,0.11531138409589015,0.1137,0.11324,0.11404,0.11663,0.12140808078672238,0.12614921429316323,0.13136,0.1379996284528437,0.14640562571384108,0.1546055932631115,0.163076939926953,0.17194209734986282,0.18119,0.23296,0.22186,0.21098,0.1998,0.18979466786117677,0.17943,0.16946,0.16021,0.15147,0.14415013276475858,0.1361,0.1306629286823039,0.12471,0.12011
22-01-2026 12:50,25254.0,0.10616,0.10634,0.10745,0.11055,0.11341,0.11806,0.12397,0.13153142946586124,0.13861,0.14621,0.15499657543184053,0.16369365836746969,0.17242,0.18251,0.23222,0.22122,0.21044,0.20021660661127139,0.18990591141560145,0.17973136154867808,0.16946,0.16058,0.15221,0.14546890606091534,0.13801,0.1331742442294016,0.1278,0.12496
22-01-2026 12:55,25215.15,0.11693,0.11559,0.11562,0.11762,0.12057,0.12475,0.13009,0.13645,0.14476,0.15305900045904144,0.16112,0.16993,0.17897286154273426,0.18834359912777876,0.22672,0.21609,0.20483,0.1943,0.1832,0.17413,0.1651159066099172,0.15541,0.14825138942987948,0.14025,0.13412,0.12866,0.12398,0.1199085076982741
22-01-2026 13:00,25215.7,0.12028,0.11817,0.11746,0.11863,0.1227434528282901,0.12687122550258087,0.13016,0.13772217318553293,0.14473,0.15251,0.16138,0.17026,0.1796061290801101,0.18906,0.2264,0.2154,0.20447341574473477,0.19346,0.1825,0.17286,0.16389904982616366,0.15478037904170372,0.14544,0.1378,0.13144,0.12600776268101305,0.1203,0.11621
22-01-2026 13:05,25210.35,0.11631,0.11657573544207465,0.1170466520979391,0.11698,0.12032,0.12554242392386683,0.13022,0.13689,0.14528837226543576,0.15312,0.16221,0.17072,0.1797,0.19028,0.22732347425636312,0.21559,0.20467,0.1937317461693662,0.18263,0.17306,0.1637712096069634,0.15394,0.1462,0.13844,0.13297,0.12712,0.12319798281786373,0.11964
22-01-2026 13:10,25206.6,0.11138,0.11186082493555746,0.11223,0.11532427722141247,0.11804,0.12370675786243354,0.12887,0.1369975734207508,0.14487645428216478,0.15277,0.16252,0.17164,0.18067,0.18955432433441374,0.22767,0.21638,0.20602,0.1953958751097047,0.18473631543270344,0.17393,0.16423,0.15523,0.14790294658055458,0.13983,0.13354,0.12783,0.12334,0.12059
22-01-2026 13:15,25186.75,0.12798078714679273,0.12416,0.12157,0.12197,0.12523841239919964,0.12712,0.13228,0.13881,0.14705,0.15477,0.16365,0.17236,0.1815085456187519,0.19077,0.22374,0.2132412919817831,0.20264,0.19149,0.18120879687681246,0.17076,0.16041,0.15123,0.143356080236283,0.13526191497221088,0.12696,0.1203,0.11439,0.10863
22-01-2026 13:20,25195.0,0.1186027196491701,0.11710490476349023,0.117,0.11894837163136926,0.12186970075021183,0.12443,0.13025,0.13702,0.14521,0.15405700075745016,0.16253,0.17128,0.18032,0.19023,0.22537,0.21460103619879933,0.20384,0.19303,0.18168,0.17161,0.16251520876674797,0.1531,0.14463,0.13824923918741838,0.13168814266334922,0.12543820214037904,0.11923,0.11484
22-01-2026 13:25,25194.95,0.11545,0.11404,0.11425,0.11633,0.12064777531321766,0.12361,0.13075059728396385,0.13692,0.14568,0.15468152137654018,0.16349,0.17259809902418974,0.18163,0.19123,0.22589,0.21543,0.20496,0.19431,0.18359,0.17389,0.16516110855339894,0.15583,0.14821525941109143,0.14,0.13434,0.12952901107499015,0.12492,0.12145021374170806
22-01-2026 13:30,25171.75,0.1432,0.13615,0.1311,0.12962,0.13031,0.13214,0.13846004478962737,0.1443925253171762,0.14993,0.15715,0.16596,0.17461,0.184,0.19342,0.22218781986186678,0.21074,0.19958128989559593,0.1887273458537818,0.17787,0.16798,0.15783,0.14782,0.13894846108387343,0.12957,0.1217,0.11384,0.10646,0.0995599337927407
22-01-2026 13:35,25225.85,0.10471,0.10598663507388394,0.10754,0.11167617130210851,0.11588570552213501,0.12059766604386968,0.12522,0.13245,0.14115370852555337,0.1498816573596346,0.15859,0.1672,0.17625554420078612,0.18541,0.2264899060557456,0.21623170233317202,0.20571,0.19599,0.18523,0.17619,0.16731681150737374,0.15805,0.15131913506008215,0.14417621861706284,0.137,0.13167,0.12773,0.12438176667674605
22-01-2026 13:40,25195.9,0.11888080744463407,0.11792042751710789,0.11819579017046442,0.11976,0.12278926743501811,0.12616,0.13153,0.1382,0.14633860839720855,0.15395,0.16323,0.1718833801708464,0.18046,0.1899,0.22344,0.21331,0.20240715689055314,0.19152,0.18164858449798277,0.17166856020869395,0.16180239589006618,0.15191,0.14299,0.13503,0.12823,0.12192677906596094,0.11572,0.11036259114915972
22-01-2026 13:45,25188.3,0.12708209484082456,0.12431405348043266,0.12318,0.12313,0.12513,0.12814,0.1344017481868704,0.13966,0.14793,0.1561575728598352,0.16408,0.1726884855799803,0.18112,0.19097,0.22203,0.21151,0.19995,0.18986,0.17852,0.16927,0.15981600743054292,0.1501913434495616,0.14032,0.13213,0.12488,0.11745,0.11126,0.10524
22-01-2026 13:50,25206.65,0.1301096642838246,0.12637,0.12402,0.12326,0.12433,0.12728,0.13213,0.13825,0.14571,0.15345,0.16210571894663026,0.17061232647138697,0.17913,0.18909,0.22545168857508113,0.21404,0.20291,0.19184,0.18065,0.17112,0.16077,0.1507,0.14105,0.13153,0.12403,0.11657,0.10964,0.10354
22-01-2026 13:55,25236.1,0.11522449473171269,0.11359,0.11435414550436404,0.11554389814634171,0.11625,0.12045,0.12573,0.13362949242468386,0.14131640489410863,0.14887,0.15822,0.16671,0.17632418802033417,0.18618,0.22795,0.21717,0.20582,0.19499,0.18373,0.17406,0.16392,0.15463329223393357,0.1453982002358467,0.13574,0.1290670648827678,0.12181,0.11645,0.11189
22-01-2026 14:00,25232.35,0.11278,0.11145318782692096,0.11044,0.11341259664528094,0.1163304933528212,0.11889,0.12442,0.13177,0.14082,0.14875,0.15824,0.16726289742554917,0.1762,0.18552399620758284,0.2293404797061417,0.21652473480308781,0.20418,0.19241,0.18109,0.17147216689380979,0.16168690466662133,0.15211214847816673,0.1423,0.13419,0.12787,0.12171,0.11703589794071159,0.11263
22-01-2026 14:05,25228.35,0.10746469987757434,0.10708,0.10712,0.10975,0.11323,0.11804,0.12407,0.13184,0.1409,0.14891,0.15827768391592423,0.16768047824671692,0.1773340127163227,0.18734,0.22784923373622595,0.21530281947925436,0.20322196984399188,0.19156,0.18099430140250122,0.1707796614454378,0.16046,0.15150273178783996,0.14225,0.13464,0.12825,0.12236,0.1183,0.1145
22-01-2026 14:10,25212.7,0.10325,0.10382,0.10654337386526296,0.10885,0.11289,0.11798,0.12494,0.1340259064790898,0.14238,0.15053,0.16028,0.16979,0.17899,0.18902,0.22308,0.21258395388642815,0.20205,0.19124,0.18163077750210907,0.17176,0.16192,0.15288,0.14506,0.13776,0.13253,0.12725,0.12316721546818786,0.1198281576219703
22-01-2026 14:15,25178.75,0.12182,0.1185,0.11731,0.11826,0.12078,0.12452,0.13197715922111297,0.13801,0.14683,0.15506,0.16487,0.17383,0.18321,0.19258814777280253,0.22164093564970125,0.20979,0.19827,0.18726409968863306,0.17605,0.16626,0.15609,0.14672,0.1384961479102918,0.12978,0.12361114157705883,0.11768,0.11300506643554435,0.10937080037054764
22-01-2026 14:20,25194.65,0.11846,0.11485,0.11567083415260995,0.11535,0.11816,0.12453162500936521,0.13131497780074325,0.1385968204557756,0.14569,0.15434387632873253,0.1632018132565723,0.17242,0.18116187026979508,0.1900021719504359,0.21430645499707635,0.20494231597140916,0.1953502520318133,0.1855216458071209,0.17536,0.16566,0.1556439716738161,0.14546,0.13666,0.12849,0.12270869802021275,0.11679870439234397,0.11126426595874024,0.10634
22-01-2026 14:25,25206.4,0.13345,0.12568,0.1217,0.11997,0.12155,0.12397,0.12961,0.13628,0.14473,0.15238,0.16165,0.17013,0.17877,0.18743559829774295,0.22143,0.21092,0.19894,0.18769,0.17638991693367947,0.16507373987932814,0.15369,0.14311,0.13437222192897413,0.12555131043112386,0.11657,0.10903,0.10235,0.09526
22-01-2026 14:30,25236.6,0.14193,0.13211,0.12578,0.1224,0.1250193487531539,0.12681097704765756,0.12701,0.13412256104978976,0.14065,0.1477,0.15648,0.16456,0.1726,0.1806644084120629,0.2258947465023837,0.21403,0.20264,0.19115,0.1791,0.16859169684979902,0.15779,0.14667,0.1368,0.1279866496791906,0.11873,0.11061,0.1026,0.09520387959853267
22-01-2026 14:35,25267.55,0.13245,0.12446,0.11907,0.11912568351265437,0.11656,0.12049923846477134,0.12255,0.12866,0.13621,0.1442833750116846,0.15211,0.15998,0.16808,0.1762006786423948,0.2298806123920224,0.21767745331853833,0.20578162945376996,0.19426,0.18242,0.17251,0.16169,0.15169010325524962,0.14137,0.13163,0.1238447788050986,0.11555,0.10842,0.10158
22-01-2026 14:40,25289.0,0.12068309421437767,0.11554,0.1125470153030266,0.11038,0.11062,0.11348,0.11844,0.12494,0.13302996407702683,0.14077177782957287,0.14849,0.1556,0.16394,0.17213288278576214,0.23161390679112054,0.21954,0.20792400804910677,0.19642,0.18545,0.17533,0.1644,0.15399,0.14452,0.13534,0.12744,0.12046,0.11392,0.10707
22-01-2026 14:45,25289.65,0.1265,0.11898,0.11442,0.11143,0.11179,0.11412,0.11793,0.12328,0.1315,0.13940603247889072,0.14695,0.15481,0.16299,0.171240819060273,0.22661,0.2165,0.2050114780677891,0.19358,0.18106,0.17133,0.15961,0.14912,0.13972,0.13190271264370973,0.12392296081709109,0.11586,0.10917299227640033,0.10263
22-01-2026 14:50,25294.65,0.11257,0.11281503386908814,0.11316592456947261,0.11358553612877109,0.11353428379975616,0.11232683391022603,0.11406,0.12007,0.12843,0.13603,0.14485238611893986,0.15341,0.16192,0.17181,0.2289464181123938,0.21666,0.20698,0.19387,0.18275208662489945,0.17141,0.16140033294948136,0.15112592436673822,0.14075,0.13205,0.12467,0.11860217528293779,0.11225,0.1065
22-01-2026 14:55,25290.85,0.12505,0.1183,0.11366,0.11078,0.11049,0.11193,0.11479,0.12027,0.12826,0.13638424604166716,0.144,0.15238,0.16102,0.16990606034487524,0.22431,0.21334,0.20302,0.19065,0.17886,0.16844856110996959,0.15749,0.1469,0.13782,0.12883,0.12193,0.1152,0.10912739387942327,0.10323
22-01-2026 15:00,25269.5,0.11006,0.10676,0.1059578119122762,0.10401,0.10709912611392947,0.10865,0.11289,0.11928,0.12814,0.13594,0.14504406355283167,0.15404,0.16289658286688258,0.17172,0.22366,0.21357,0.20164943494340554,0.18974,0.1781,0.16766731067819002,0.15686,0.14672,0.13851927018307852,0.12967,0.12325,0.11780437784457787,0.11208,0.10714
22-01-2026 15:05,25256.3,0.13972,0.13125612834562655,0.1245109889673088,0.11811,0.11813959364588111,0.11644,0.11855,0.12337,0.13109,0.13759,0.14609,0.1536,0.1624268685515698,0.17157,0.22269,0.21263941202052214,0.20212,0.18893,0.17636,0.16553,0.15355,0.14238,0.13331,0.12411,0.11703615470714179,0.1094,0.10242,0.09535
22-01-2026 15:10,25297.3,0.12411,0.11729,0.11174,0.10823,0.1095092078819156,0.10824,0.11119,0.11823755825136054,0.12445,0.13215503565507844,0.13938,0.14775,0.1567076302404649,0.16581,0.2275275695727607,0.21557,0.20383329566414365,0.19217,0.1810888206999971,0.1699,0.15856,0.14748,0.13834,0.12938,0.12225,0.11514,0.10924,0.10389548652782395
22-01-2026 15:15,25297.45,0.13466,0.12452,0.11841224065746964,0.11152,0.10988,0.10975,0.11452177765811983,0.11942813032979104,0.12425,0.13058,0.13883574625573503,0.1471944954014038,0.15617,0.16638562723650072,0.22501278807847966,0.21324,0.20198,0.18929,0.17801360801839322,0.16658,0.1554,0.14371,0.1342789914516882,0.12415,0.11671,0.10961433977804706,0.10236,0.09474
22-01-2026 15:20,25308.25,0.13483477122473964,0.1254996206468929,0.11843,0.11297,0.11042,0.10944,0.11139,0.11523,0.12287,0.12878,0.13797,0.1464,0.15567274259858277,0.16518,0.22618,0.21531,0.20509,0.19178,0.1804048725094493,0.16889,0.1573,0.14589,0.13596,0.12591,0.11827743291955611,0.10996,0.10303,0.09568
22-01-2026 15:25,25314.1,0.12657816095079952,0.11925608874764755,0.11396,0.10975,0.109410884062183,0.10811,0.1098,0.11625340573971069,0.12257337653983988,0.12859,0.13684,0.14746,0.15700061311592897,0.16634,0.22527843384754703,0.21422,0.20312,0.19107,0.17871,0.1673111114970467,0.15573,0.14379,0.13299,0.12444710139954333,0.11524,0.10883381276010505,0.10267,0.0978556153551797
23-01-2026 09:15,25292.15,0.11931,0.11649,0.11509,0.11523818567435351,0.11418,0.11547,0.11955,0.12571,0.13437920449442087,0.14399291476609327,0.15361857771730816,0.1637557865706902,0.17459,0.18826699699804755,0.24477,0.23396,0.22297,0.2108352573573485,0.1985275718422294,0.18621467096680275,0.17379972690027676,0.16193,0.15213,0.14322,0.13578,0.13011,0.12536,0.12142
23-01-2026 09:20,25265.75,0.15580366708586985,0.14353,0.13315,0.12865423131322618,0.1228,0.12116,0.12231,0.12772,0.13584,0.14465,0.15456710556875825,0.16482,0.17616413170420156,0.18811565654301718,0.24396,0.23211929618349753,0.22000897310073056,0.2079,0.19492,0.18248,0.17012427387809154,0.15744,0.14538,0.13438,0.12516,0.11665,0.10902,0.10073
23-01-2026 09:25,25330.85,0.12813,0.12132,0.11486,0.11163,0.10964,0.10946,0.11453544249247435,0.1203234433532363,0.12565,0.13570301519291078,0.1457275771037099,0.15603,0.16658814586636222,0.17721,0.253753227579347,0.24198,0.23026,0.21748,0.2051,0.19247,0.1795,0.16666,0.15517586743430978,0.1427,0.13305,0.12516,0.11848,0.113014947634415
23-01-2026 09:30,25330.3,0.10669025887144688,0.10461,0.10332,0.10357839217592588,0.10288,0.10443,0.10828,0.11533,0.12474,0.1352,0.14612,0.15669277126976028,0.16717,0.17867,0.25374,0.24150270936474044,0.22936370881423346,0.21732569416359193,0.2053823792130947,0.19356,0.18225273197771497,0.17089585013467307,0.15966843790869414,0.14852879918710352,0.13837,0.13156,0.12593,0.12058
23-01-2026 09:35,25299.45,0.12238501528455675,0.11639,0.11166,0.11014408196577197,0.10737,0.11054824029492316,0.11121,0.11806,0.12835,0.1391972000399421,0.14951,0.16119,0.17159,0.1824501804950337,0.25024,0.23826475807703323,0.2261485572136687,0.21401,0.20141,0.18963,0.17715788140571925,0.16441,0.15234,0.14161,0.13315,0.12488,0.1189,0.113586096204295
23-01-2026 09:40,25299.95,0.11211,0.10773,0.1069976380609034,0.1059993925131493,0.10436,0.1056,0.10957,0.11735,0.1280987245043875,0.13748,0.14949,0.16018,0.171,0.1817,0.25295,0.24189,0.22915,0.21597,0.20356,0.19183,0.17915,0.16708,0.15541,0.14557,0.13806465650965927,0.12948,0.12378,0.11808
23-01-2026 09:45,25269.0,0.13505,0.12568,0.11863,0.11398,0.11201,0.11176,0.11522,0.12257,0.13271,0.14370894809989182,0.15413,0.16573,0.17569264540506005,0.18534,0.24748,0.2354401019629345,0.22327,0.21013976937243106,0.19701,0.1846924783782442,0.17224,0.15981,0.14748,0.13673,0.1287797261769561,0.12040130353389483,0.11206,0.10445
23-01-2026 09:50,25300.7,0.10897553676116262,0.10412217589626677,0.10102,0.09972,0.10033,0.1057665285056574,0.11117912056441812,0.11544,0.12655,0.13711,0.14907,0.16072,0.16983,0.18175,0.25005,0.23824410113057964,0.22641,0.21445,0.2021966378452257,0.19005,0.17898540707428,0.16788125162708545,0.15685262217672802,0.1458441478737837,0.13561,0.12812,0.12267,0.11716
23-01-2026 09:55,25284.3,0.1209729238164335,0.11467,0.10997,0.10683,0.10583,0.10983468710754542,0.11068,0.1209409832784748,0.1295,0.14041,0.15111,0.1619635937007533,0.17282,0.18339,0.24937887142321127,0.23659,0.22362,0.21121,0.1985310360071691,0.18583,0.17265,0.16037,0.14893,0.13825,0.1304580119895894,0.12193,0.11541078968721477,0.10906
23-01-2026 10:00,25294.9,0.11551,0.10871,0.10571271734305832,0.10219,0.10211,0.10504323765067797,0.10796,0.1174688030784361,0.12728334125991503,0.13789891032799784,0.14825,0.15920666584747117,0.17017,0.18201,0.24879,0.23819,0.22575,0.2125692762420704,0.19948,0.18824,0.17501,0.16269,0.15249614371655545,0.14193142952034804,0.13134,0.12581,0.11644,0.11059
23-01-2026 10:05,25293.15,0.10517,0.10167,0.09968,0.0982,0.09925,0.10135,0.1097695333544976,0.11611,0.12728,0.13881,0.15036618781836064,0.16201,0.17172,0.18302,0.24999753361578284,0.23745,0.22507,0.21201413024120958,0.19887,0.18769,0.17481,0.16247,0.1514678683887955,0.14012,0.13269005680930385,0.12487710286230533,0.11809,0.11322560548278934
23-01-2026 10:10,25285.05,0.11052,0.10613664535120379,0.1024,0.10061,0.10304852723238137,0.10313,0.10837,0.11749,0.12893,0.13934,0.1512,0.16325,0.17293,0.18352,0.2494757206290708,0.2364,0.22384717735061224,0.2111,0.19732,0.18511853813827028,0.17297575882612318,0.16068,0.14967151189991013,0.13838,0.13003485579778962,0.12203,0.11489924613982073,0.10913917706936326
23-01-2026 10:15,25283.3,0.09813,0.0969,0.09643,0.09725273225907186,0.09796,0.1048129345798853,0.1131120556261992,0.12208097619303827,0.13147582821629367,0.1408,0.15197,0.16357,0.17414804613818324,0.18454,0.24748,0.23625,0.22383,0.2114,0.19799,0.18633127491337484,0.17432,0.16229,0.15133,0.14284065825032144,0.13319,0.12637,0.12096,0.1163
23-01-2026 10:20,25261.25,0.11266,0.10693,0.10368,0.10196,0.10651907705663999,0.11077326034809268,0.11586748489830052,0.11993,0.13215,0.1434572072754034,0.15483,0.16683,0.17642,0.1861000907606102,0.24452,0.23205491602500328,0.21969,0.20778,0.19476,0.18301,0.16998,0.15745,0.14593,0.13537,0.12714,0.11906,0.11292,0.10675
23-01-2026 10:25,25266.4,0.12923,0.12084,0.11544493091063082,0.10906,0.1068,0.10733,0.11143,0.12046,0.13206419929456747,0.14234,0.15368,0.1651,0.17515,0.18488,0.24781915746082936,0.23405,0.21999,0.20768,0.19478,0.1828,0.16977591623381477,0.15649,0.1449027840373853,0.13273,0.12314,0.11486552986065622,0.10689,0.10021062678977447
23-01-2026 10:30,25303.15,0.11532,0.10978,0.10509,0.10165,0.10087,0.10216,0.10624,0.11495,0.12659,0.13783344782276988,0.14878,0.15988,0.16944,0.17992,0.24986,0.23875,0.22534,0.21302817106824162,0.20076,0.1885,0.17524535238078895,0.16166,0.15036588853197955,0.13819,0.12852,0.12019,0.11289,0.1065481005367937
23-01-2026 10:35,25313.0,0.10599,0.10186,0.09907,0.09747,0.09982378406643634,0.0994,0.10381,0.11312,0.12386,0.13501,0.14694,0.15955,0.16936,0.18005,0.252,0.24023,0.22764070449507226,0.2150308769598409,0.2023495240447526,0.1897,0.17706,0.16449434887461029,0.15175,0.14111,0.13276128435050122,0.12431937019690172,0.11661,0.11047434332869537
23-01-2026 10:40,25297.7,0.11135,0.10625718551072816,0.10164,0.09885,0.09857,0.10014,0.10789592385806292,0.11392,0.12587399115345552,0.1366,0.14873059121026924,0.16081,0.17098,0.18154,0.24998,0.23817,0.22554408242091695,0.21299,0.20036712752590502,0.18782,0.17474,0.16203,0.1508733189891855,0.13919,0.1311450566613549,0.12253538556881736,0.11415,0.10767
23-01-2026 10:45,25297.35,0.09821,0.0961,0.09516418457850198,0.09374,0.09458,0.0999573734765917,0.10329,0.11466571782987511,0.12481,0.13631,0.14807430875227595,0.15986,0.16983,0.1794593295420749,0.25058373660368344,0.23822,0.22587,0.21324025007134229,0.20057,0.18850729478227746,0.17634,0.16313,0.15174,0.14097,0.13188,0.12401,0.11728,0.11155001255071066
23-01-2026 10:50,25284.35,0.10889,0.10440619759592128,0.10097573381658122,0.09792,0.09777,0.10237821702519467,0.10539,0.11485,0.12655,0.13792,0.14880050631008376,0.15974275406436983,0.17058101535632292,0.1813,0.24965,0.23713231003092342,0.22462,0.21215,0.19953,0.18702,0.17404,0.16081,0.14871,0.13728,0.12794,0.11977,0.11228,0.10575
23-01-2026 10:55,25278.2,0.11094,0.105,0.10087,0.09864,0.09843,0.10062,0.1063,0.11618,0.12824,0.1389,0.15049788154664678,0.16219,0.172,0.18298,0.24984475764610037,0.23687,0.22382,0.21133,0.1986699317537411,0.18614,0.17283,0.15906,0.14767481768115787,0.1357,0.12756942127393694,0.11882474077779286,0.1103,0.10344
23-01-2026 11:00,25279.7,0.09949,0.09668,0.09594904146952281,0.09447,0.09556,0.09858,0.1079166535133674,0.11571,0.12772,0.13958900217498854,0.15124,0.16314,0.1738,0.1836,0.25021711669172625,0.23718,0.2236,0.21164,0.19899,0.18645,0.17314,0.16109738277470792,0.14826,0.13761,0.12834,0.12056,0.11372,0.10798157859316199
23-01-2026 11:05,25270.35,0.11142,0.10533,0.10125,0.09914,0.10316349695774829,0.10630616884532551,0.10775,0.11755,0.12923,0.14062,0.15232083239924105,0.16401,0.17519,0.18635607664702863,0.24615376045302556,0.23407577753045303,0.22181,0.2094,0.19665910728175096,0.184,0.17078,0.15764,0.14516,0.13386,0.12443,0.1159,0.10893,0.10227
23-01-2026 11:10,25281.6,0.10635,0.1018868048348369,0.09802,0.09604,0.09709,0.09969,0.10605,0.11605,0.12821,0.13898,0.15055040358708371,0.1621345659867992,0.17368,0.1835,0.24835,0.23587,0.22302808035921726,0.21017704886653646,0.19733,0.18449791812102062,0.17165,0.1587,0.1462,0.13463,0.126080006084774,0.11648,0.10931,0.10249
23-01-2026 11:15,25277.8,0.09535,0.09485212891092734,0.09472598296819375,0.09477862653100842,0.0938,0.09907956018880881,0.10508,0.1156,0.12759546466282023,0.13934884871500247,0.15124,0.16239709477411945,0.17365,0.18335,0.24587,0.23482,0.22177319479901791,0.20872,0.19649400938969913,0.18418,0.17177,0.15952,0.14744,0.138887943975404,0.1299514768190917,0.12146361197269995,0.11301,0.10725
23-01-2026 11:20,25261.05,0.11031,0.10344,0.09958,0.09768,0.09885,0.10159,0.11090787229970638,0.11835,0.13048942535531993,0.14178,0.15327,0.16437745803711046,0.17548982571432775,0.18648,0.24568,0.23374,0.2202,0.2073298288401957,0.19441,0.18205,0.16936148702646553,0.15658,0.14398,0.1342365688894253,0.12427135974258705,0.11444,0.10707,0.10058048810736533
23-01-2026 11:25,25270.95,0.1076335836636562,0.10164,0.09754,0.09611,0.09717,0.10005,0.10938359899068338,0.11709,0.12867,0.14054459011182074,0.15238,0.16313272971292825,0.17394189718235553,0.18445,0.24563471700244893,0.23371601112698254,0.22117,0.20887,0.19554,0.1829,0.17018,0.15771,0.14458,0.13327,0.12294,0.11500195672334938,0.10649,0.09934
23-01-2026 11:30,25274.7,0.09177,0.08955,0.08944,0.09163420448031076,0.0926,0.09732,0.10702464735254923,0.11568,0.12783419508693,0.13943,0.15128151188300443,0.16318,0.17403770710022787,0.18476,0.24712,0.23528,0.2218,0.20902,0.19618,0.18467,0.17181,0.15975,0.14731,0.13778063122337758,0.1278,0.12097054778591582,0.11380831669613788,0.10746
23-01-2026 11:35,25252.0,0.0935,0.09162,0.09263517017333242,0.09228,0.09519,0.10037,0.10855,0.11968,0.13202005596455554,0.14375,0.15529,0.16707,0.17758,0.18871,0.24268,0.23094,0.21751,0.20479,0.19155,0.18014,0.16828,0.15635,0.14542,0.13578,0.12799,0.12139775648677728,0.11509,0.11018282133259856
23-01-2026 11:40,25221.8,0.10092,0.09778,0.09666,0.09959075739843957,0.10061,0.10582,0.11556,0.12801357377954523,0.13961,0.15203,0.16314,0.17354901742037426,0.18383,0.19339622744784443,0.23925,0.22690915352849073,0.21440237880114682,0.20188,0.18882,0.17645232122477353,0.16385,0.15167,0.14043,0.13085,0.12271,0.1164000349081857,0.10956,0.10438
23-01-2026 11:45,25210.75,0.09618,0.09674594577736327,0.09747,0.09935,0.10373,0.11222784796644969,0.11906,0.13073,0.1424,0.15379626041789435,0.16531,0.17591,0.18635586717727914,0.19675,0.23574,0.22526,0.21174,0.1984,0.18638,0.17499,0.16442091818284932,0.15306,0.14354,0.13564,0.12815,0.12376114150102283,0.11882,0.11379
23-01-2026 11:50,25193.45,0.11117,0.1073,0.10854513610936825,0.10948862499230212,0.1085,0.11551524580602009,0.12208,0.13307,0.14463652125914317,0.1561,0.1666659129985092,0.17741,0.18736,0.19852,0.23272,0.22105,0.20822,0.1950024968998882,0.18169,0.16945,0.15821,0.1478936825585444,0.1375948851939573,0.12681,0.11993577819883883,0.11236,0.10684,0.10173
23-01-2026 11:55,25208.4,0.10773,0.10451064461262088,0.1022,0.10292,0.10575,0.11372529554065344,0.11979,0.1304,0.14257,0.15349,0.16560026569091651,0.17651448089661273,0.18631640735396673,0.1950719099689118,0.23561,0.22389,0.21046,0.19772,0.18489,0.17183,0.16035,0.14834,0.13744,0.12787,0.12074057652325357,0.11298,0.10728,0.10241596570171095
23-01-2026 12:00,25209.75,0.1083100607204538,0.10481,0.10303,0.10346,0.10637,0.11101,0.1220274341122073,0.13244098771037244,0.14275,0.15335,0.16428,0.1752,0.1861641810525147,0.19714,0.23589,0.22355,0.21077199747245834,0.198,0.18526915070237301,0.17253999140242907,0.15967,0.1473,0.13627,0.1266,0.11927772413985815,0.11104,0.10492,0.09911
23-01-2026 12:05,25207.8,0.09717,0.097870230610552,0.09899519844946836,0.09955,0.10375,0.10947,0.11933,0.13061,0.14312,0.1545,0.16511,0.17556,0.18680676230976323,0.1982,0.23501,0.22209,0.20998,0.19729,0.18451,0.17281495548300924,0.1607,0.14862,0.1398795135491909,0.12999,0.12296,0.11696,0.11247,0.10886
23-01-2026 12:10,25190.3,0.10602,0.10311,0.10434986094820828,0.10405,0.10765,0.11598621091005196,0.12261,0.13353,0.14595,0.15725,0.16788030631484596,0.17872,0.18877,0.19853137562857615,0.23266,0.21970404536786353,0.20699054126334654,0.1943,0.18239,0.16962,0.15765,0.1469054029654738,0.13523,0.12612,0.11846,0.11226,0.1070732909861358,0.1021
23-01-2026 12:15,25193.1,0.12044,0.11324,0.1091,0.1112796012468037,0.11003,0.1141,0.12241,0.13313,0.14523,0.1560644273344961,0.16696,0.1776334549383028,0.18834599866817864,0.199,0.23385,0.22083,0.20803,0.19529,0.18201,0.16936,0.15689,0.14393,0.1335174398894492,0.12203,0.11306,0.10491,0.09748,0.09034
23-01-2026 12:20,25216.55,0.10077697434263233,0.09899062878494018,0.09857567311909657,0.09993,0.10351,0.10881,0.11943841502228132,0.12907,0.14159,0.15274971138978852,0.16402,0.17454417259735922,0.18521,0.19582,0.23652,0.22488,0.2115,0.19831,0.1859712507264486,0.17343,0.16068,0.14839,0.13724,0.12774,0.11932,0.11244,0.10652,0.10192
23-01-2026 12:25,25202.7,0.10902,0.10505,0.10529039780458152,0.10354,0.10849481896332971,0.11111,0.1202,0.13111,0.14351,0.15435,0.1652,0.1766,0.1872883033117803,0.19783,0.23468,0.22237,0.20902,0.19636,0.1836,0.17102225752801475,0.15822,0.14706354684042333,0.13568520350992247,0.12424,0.11559,0.10884338137235533,0.10184,0.09596
23-01-2026 12:30,25205.2,0.10924,0.10449,0.10241,0.10351,0.1062,0.11118,0.12027,0.13197974114566766,0.14318,0.1542967669567923,0.16528324477032072,0.17632,0.18762,0.19829,0.23561477448525578,0.22218,0.20888,0.1962717673560978,0.18367746493906553,0.17105,0.15802,0.14579926744924526,0.13319,0.12291,0.11502437342623427,0.10656,0.10025837067055506,0.09415
23-01-2026 12:35,25205.5,0.11402,0.1085223813050114,0.10454,0.10462,0.10685,0.1115,0.12027,0.13105,0.14285,0.15388517518924658,0.16493,0.17635,0.18638,0.19688,0.23527,0.22243566412612895,0.20959,0.19665136395999416,0.18372,0.17078,0.15799439700520995,0.14482,0.13307,0.12233,0.11291,0.10468,0.09735,0.09092062407308155
23-01-2026 12:40,25211.7,0.11514,0.10955559952517874,0.10518,0.10722604719458649,0.10666,0.11088,0.11947,0.12981,0.14194,0.15277,0.16456,0.17497,0.18622,0.19683,0.23403,0.22129,0.20819,0.19528,0.18287,0.17019,0.15677,0.14485120044095506,0.1328811652180869,0.12064,0.11144,0.1038718147765487,0.09605,0.08937
23-01-2026 12:45,25238.75,0.09531,0.09296,0.09274,0.09478,0.1001987543788398,0.10362,0.11331,0.12492822786791677,0.13567,0.14706,0.15868,0.17112,0.18118,0.19242,0.23521548259082328,0.22325148595893657,0.21133913207008986,0.19929,0.18696,0.1748,0.16178,0.14858,0.13883638314666075,0.12777,0.11935,0.1118,0.10566,0.10053
23-01-2026 12:50,25208.05,0.11818,0.11107229564143105,0.10589,0.10959316142527106,0.11232681010522466,0.11581056925833122,0.11886,0.12907,0.1405059197721962,0.15177,0.16278,0.17508,0.18605565343235655,0.19678,0.2339821536932605,0.22163,0.20784,0.19651,0.18341,0.17058,0.15692029244833322,0.14308,0.13085,0.11971,0.11124654298336054,0.1024567864071458,0.0937,0.0855
23-01-2026 12:55,25226.8,0.09191,0.09362232982179158,0.0960370758609845,0.09894632603978216,0.10160212330064324,0.10493,0.11523940212175089,0.12694,0.13837,0.15025,0.16205,0.17416502112609428,0.18632196161287173,0.1984906509295633,0.23641,0.22369,0.21182,0.20039,0.1871854938974965,0.17433,0.16074,0.14707,0.13576,0.12571,0.11833704216828161,0.10981,0.10391,0.09895
23-01-2026 13:00,25191.8,0.10732,0.10216,0.10054,0.10197,0.10559,0.11435095909452393,0.12128,0.13301,0.14469639639879261,0.15608,0.16683,0.17872,0.18873,0.19995,0.23239,0.22018,0.20746,0.19582,0.18204,0.16979,0.15628,0.14286,0.13142,0.1209,0.11199,0.1044905167075662,0.09654,0.08989
23-01-2026 13:05,25191.25,0.10384246056092773,0.10077,0.09948,0.10124,0.10514,0.11102,0.12143,0.1335114544120657,0.14478,0.15664,0.16800307501494444,0.17944,0.1905138169900381,0.20155,0.23154460217083933,0.21953,0.20747,0.19471511716257173,0.18203,0.17015,0.15659,0.14283,0.13138,0.12085,0.1118,0.10375,0.0965,0.09012705617389968
23-01-2026 13:10,25194.95,0.10157,0.09802,0.09981118688838614,0.09991,0.10595632460902574,0.1104,0.12178026544388718,0.13232,0.1441170155268489,0.15573,0.167,0.17805807397295098,0.18909,0.20112,0.23302,0.220550785646545,0.20793759195295122,0.1952187361781741,0.18244379644803582,0.16964,0.15624,0.14236,0.13117,0.1220721688923473,0.1127524257858486,0.1041,0.09722615068082673,0.09131153990937921
23-01-2026 13:15,25171.1,0.09416,0.09514700448787823,0.0962,0.101,0.10937361314734445,0.11801925433162627,0.12639,0.1380144792865183,0.14945265613076503,0.1611,0.17255,0.18417,0.19448,0.20596,0.2275518256358819,0.21619,0.20439698899378372,0.19249,0.17961807121079398,0.16678,0.15381,0.14203,0.13153,0.12279,0.1152,0.10933,0.10496,0.10098
23-01-2026 13:20,25141.7,0.09918,0.10042,0.10271,0.10734,0.11295,0.1231358520333182,0.13196,0.14377,0.1549,0.16610714408761476,0.17733583194353897,0.18856,0.19941,0.21017649164534344,0.22429,0.21339,0.2011,0.18918,0.1763339561795213,0.16335,0.1516830458156495,0.1396,0.12972,0.1229036366882569,0.11571491397922275,0.10861,0.10422,0.09779
23-01-2026 13:25,25138.55,0.09959,0.09975,0.10391351570671069,0.10753,0.1139,0.12191,0.13279,0.14460490771316498,0.15602099591590254,0.16747,0.179,0.19071,0.20056,0.21212,0.22394,0.21174,0.1992810969303596,0.18682235598090086,0.17434,0.1622,0.14993,0.13930767389563714,0.12773,0.11936,0.11245,0.10677,0.10272640496929125,0.09899
23-01-2026 13:30,25095.3,0.10352,0.10563,0.11059268172123735,0.11503,0.12248,0.13268253579389416,0.1424,0.1542468953840886,0.16577820699556345,0.1774,0.18879,0.20028,0.21161,0.2223,0.22468,0.21272,0.20148,0.18886,0.17617,0.16462,0.15373,0.1436,0.13495,0.12986896483348565,0.12557694008702297,0.12113325891702144,0.11728423899560383,0.11441
23-01-2026 13:35,25072.05,0.10490025804152066,0.10742,0.11133,0.11663,0.12532035654603577,0.13282,0.14377,0.15568,0.1669766549411052,0.17828,0.18972397888350678,0.20123,0.21156,0.22168348683824163,0.22141,0.20877810060436108,0.19618,0.1839148560915071,0.1715,0.15941,0.14792,0.13777,0.12862,0.12121,0.11527,0.11150992258568809,0.10719,0.10371
23-01-2026 13:40,25076.35,0.1005,0.10382,0.10953,0.11588,0.12411,0.13514715038323605,0.14570151039935214,0.15623,0.16833,0.17852,0.19002,0.2008274790170564,0.21165,0.2226,0.2251,0.2130244362190964,0.20101,0.18915,0.17594,0.16462,0.15405,0.14446,0.1379924694150499,0.13132612874159277,0.12428,0.12245708474937345,0.11991,0.1204
23-01-2026 13:45,25053.0,0.11187,0.11416015950760772,0.11669,0.12345305050414819,0.12927,0.13836,0.14889,0.16014,0.17213,0.18307648089544085,0.1941,0.205204369508641,0.21633,0.22737,0.21884,0.20667752545750318,0.19421393210580964,0.18173,0.16826,0.15582,0.14497,0.13628024170314407,0.12718218381575852,0.11786,0.11116,0.10602,0.09988519824948945,0.09438102231979882
23-01-2026 13:50,25055.05,0.11105,0.11255,0.11691,0.1241535658774596,0.12998,0.13922,0.14982,0.16105,0.17257,0.1836989164891204,0.1948,0.20664,0.217648509393351,0.22849,0.22043,0.20712,0.19462845008648527,0.18212,0.16866,0.15651,0.14632153487025623,0.13585393534599383,0.12498,0.11719,0.11063,0.10486,0.10082,0.09746168120717544
23-01-2026 13:55,25054.0,0.11215,0.11334,0.11812012417492158,0.12373030171204241,0.12874,0.13897626465408888,0.14912155972636099,0.15952,0.17036,0.18221,0.19365,0.20479,0.21587771150161233,0.22663763186701266,0.21977,0.2081,0.19563,0.18322,0.1706,0.15865,0.14751,0.13711,0.1281,0.12067,0.11411,0.10903,0.1056,0.10223
23-01-2026 14:00,25054.2,0.11441,0.11696551667398594,0.12058568209411633,0.12479248601726625,0.12875,0.13712,0.14786173782684747,0.15833,0.1693,0.18057,0.19126,0.20207,0.21334,0.22331,0.21929,0.20717,0.19529,0.18134,0.16910595780886678,0.15700693635211022,0.14443,0.13467453753527087,0.12424,0.1165,0.10991,0.10398,0.09906834451994362,0.09436
23-01-2026 14:05,25065.1,0.11171,0.11208,0.11495,0.11976,0.1261,0.13483,0.14508,0.15631,0.16766,0.17854,0.18963970490379345,0.20076680190701113,0.21187,0.22187,0.22034,0.20887,0.19703,0.18391,0.17104690524707125,0.15778,0.14684051524158248,0.13499,0.12562,0.11815,0.11221004050971578,0.10558,0.10159,0.09656
23-01-2026 14:10,25058.25,0.11238444226954086,0.11404,0.11716,0.1215,0.12778,0.13652,0.14754675065142137,0.15781,0.16918,0.17977954054411327,0.19032,0.20165,0.21300727363045294,0.22438,0.22067,0.2087202345670123,0.19652,0.18292,0.16945,0.15701,0.14580782794482797,0.13361,0.12347,0.11525,0.10969,0.10308,0.09787812797361867,0.09298
23-01-2026 14:15,25090.65,0.09978,0.10291,0.10896478051188624,0.1152212450685791,0.12098,0.12996,0.1401,0.15103,0.16229067181295148,0.17347,0.1843639542996316,0.19525,0.2064616185897376,0.21772,0.22608,0.2139,0.20119176276234785,0.18844,0.1758988299286536,0.16301,0.15186,0.14089,0.13175,0.12436,0.11926,0.11535,0.1137467887447032,0.11247
23-01-2026 14:20,25059.65,0.10638,0.10812,0.11320351126872118,0.11766,0.12640966913069573,0.13389,0.14513637422978887,0.15581,0.16723,0.17783,0.18819,0.19926,0.2101809682138976,0.22160263554939957,0.22341,0.21041,0.19825,0.18515478682169262,0.17186,0.15965,0.14814,0.13705,0.12795,0.12066,0.11644700851669326,0.11106,0.10765,0.10473
23-01-2026 14:25,25049.75,0.11421490181057004,0.11518,0.11749,0.12119,0.12738,0.13699527909675946,0.146106901375047,0.15513,0.16647,0.17606,0.1869570410770039,0.1978667753585705,0.20904530264259805,0.22056,0.2197,0.20694,0.19409,0.18047702716597822,0.16702652528285006,0.15341,0.1420886666827122,0.1305660301498014,0.11907,0.11017,0.10294,0.09634,0.08917561084688355,0.08191
23-01-2026 14:30,25077.85,0.11012,0.11027,0.11321,0.11741,0.12437,0.13455274458793648,0.14348,0.15363,0.16489,0.1743,0.18512,0.19678,0.20853,0.2183,0.22389,0.21011,0.19796,0.1842,0.17068,0.15744,0.14487,0.13241,0.12344185591068621,0.11309,0.10696276007257885,0.09974,0.0941,0.08855
23-01-2026 14:35,25087.05,0.1078,0.10743,0.11100154820465108,0.11406,0.12156003138865704,0.129,0.1394474097605486,0.14974777897776592,0.1604311635847378,0.17109,0.18275,0.19435300777462322,0.20595,0.2175422576728524,0.22344,0.21101950588079094,0.19846,0.18473861610399528,0.17106,0.15737,0.14542,0.1347629751169061,0.12292,0.11620932339936646,0.10799,0.10227,0.09782,0.0929
23-01-2026 14:40,25094.55,0.10208154225177356,0.1053,0.1097018410224685,0.11466,0.12255,0.1325930289984241,0.1424001731533862,0.15227,0.16277,0.17191,0.18327258735384863,0.19511,0.206916025172465,0.21971948060461896,0.2269462484483863,0.2136620736421739,0.20016,0.18735,0.17383,0.1617130039920301,0.14955482952457694,0.13695,0.12586,0.11704,0.11101,0.10538,0.10157155308837307,0.09882168802166989
23-01-2026 14:45,25081.45,0.10176,0.10398,0.1094033640964491,0.11413,0.12353937035245671,0.13217,0.14267956983943242,0.15294,0.16313651949664906,0.17305,0.18487738028409284,0.19652,0.20829,0.21885,0.2247,0.20978,0.19875,0.18541,0.17329,0.1604,0.14973079835899084,0.13823,0.12811,0.12196161502354838,0.11468,0.11013,0.10692,0.10494786165896755
23-01-2026 14:50,25059.3,0.11254174262499225,0.11390341232690145,0.11717,0.1222585612195258,0.12789,0.13662,0.14639,0.15629,0.16695,0.17648,0.18874,0.19922,0.21018,0.22051,0.21774907445375707,0.20545,0.19303,0.18035,0.16728,0.15482153388078315,0.14196,0.1308207472962839,0.11889,0.10969,0.10366088710354213,0.09703,0.0915,0.08374
23-01-2026 14:55,25096.0,0.1020471722376783,0.10472,0.1084,0.11454278165891407,0.11992,0.12927,0.13943,0.15026208536290103,0.16087,0.17099,0.18276937992748876,0.19457,0.20509331077955945,0.21545,0.22446,0.21091948856929993,0.19757,0.18516,0.17236,0.15908,0.14750105586315648,0.13503,0.12398,0.11532,0.10926,0.10437,0.10001,0.09741
23-01-2026 15:00,25071.15,0.10632,0.109252298574341,0.11251,0.11727,0.12556,0.13521,0.14652,0.15761,0.16883459571164472,0.1800030002273102,0.1912,0.20287,0.21389,0.22422,0.22224,0.21014667206036133,0.19792,0.18472879787365953,0.17151,0.1592375200777957,0.14663,0.13499,0.12607435145625343,0.11609,0.11005,0.10618,0.10300188533100463,0.1
23-01-2026 15:05,25059.0,0.1009,0.10433,0.10951,0.11488,0.12411,0.13455,0.14715,0.15877,0.17062,0.1813,0.19304481236445115,0.20477,0.21637,0.22744,0.2193,0.20751942562934844,0.19568,0.18348,0.17210089922231417,0.16041,0.15012,0.13935,0.13024,0.12326,0.12071759854122155,0.11648,0.11517,0.11593
23-01-2026 15:10,25045.6,0.11068,0.11358913045799529,0.11676,0.1215,0.13029,0.14091591249179758,0.15104,0.1617679247185113,0.17246,0.18367467499608647,0.19494317995755434,0.20611193953630458,0.21719,0.22664,0.21926239944650325,0.20548,0.19287737874450486,0.18023,0.16745090908015642,0.15451,0.14377,0.13176,0.12323890653790412,0.11352,0.10779,0.10344,0.0997471160698131,0.09623
23-01-2026 15:15,25061.1,0.10403,0.10756,0.11216,0.11735,0.12658,0.1366,0.14719,0.15763,0.16971,0.18027,0.19149,0.20328309934628055,0.21502,0.22596,0.22229,0.20842,0.19569,0.18221551107594358,0.16871588478649718,0.15498,0.14334,0.13215,0.12057,0.11286,0.10961,0.1063,0.10405337050488205,0.1021
23-01-2026 15:20,25040.65,0.1146,0.11616,0.12157713444346716,0.12762990620564663,0.13309,0.14325554898271115,0.15303,0.16401283068288697,0.17486,0.18481,0.19654975751216436,0.20832,0.2181,0.22899,0.22060223883632107,0.20683683588402813,0.19313,0.17961,0.1662,0.15292,0.14013,0.12873079058248546,0.11618,0.10749,0.10384021094134951,0.0991,0.09488,0.08909
23-01-2026 15:25,25049.65,0.10854514377730438,0.11147,0.11604,0.12176,0.13109,0.14171973949228034,0.15154,0.16182,0.17314,0.18434,0.19727,0.2087794151617779,0.2205,0.22986,0.21958,0.20465386371718552,0.19008,0.17715,0.16433,0.15096,0.13995,0.12945254401101747,0.1186300248574794,0.10726,0.10175,0.09947,0.09448,0.09321106679525969
27-01-2026 09:15,25113.05,0.28555027514513714,0.2984611341209116,0.3198577127537181,0.35058,0.38461,0.42786,0.47824,0.5260025590012543,0.57367,0.62043,0.665410689797802,0.70998,0.7534741893206467,0.7957623086910388,0.802297786372136,0.75263,0.70349,0.6541000944125734,0.6048715205809074,0.55382,0.51257,0.48379,0.46589,0.4760471266200096,0.4834921406368835,0.4946197937004338,0.51278,0.5493076493843531
27-01-2026 09:20,24981.3,0.37173,0.38093,0.4107617769999134,0.4444612671017394,0.48149818961888746,0.5202365907464209,0.55918,0.6076072064731965,0.6586022874831087,0.7102175275531593,0.76109,0.80431,0.84893,0.8904577058232575,0.722,0.67469513792686,0.6266851433746361,0.5779189763437915,0.52942,0.47801,0.4393435991819026,0.39554,0.37825,0.3773,0.38901,0.40121431929295875,0.41378,0.4249320608640212
27-01-2026 09:25,24940.7,0.41215,0.4192737953997115,0.42548,0.4611406605751155,0.4958,0.53823,0.5881397270236249,0.6379954564533425,0.6882707485605923,0.73837,0.78617,0.8318106489074569,0.877,0.9205757673566654,0.70051,0.6546704786090227,0.60735,0.55241,0.503085690779931,0.4528,0.40457,0.3805210335480553,0.35358130988291,0.32686,0.31923,0.31138,0.2881,0.262425901073298
27-01-2026 09:30,24944.4,0.43418,0.43019,0.45172556808365427,0.48470063435806565,0.5202506671980214,0.5579686630307734,0.5942252760084126,0.63551,0.68635,0.7393409125737873,0.79262,0.8369975319608378,0.8818520587461878,0.92433,0.69697,0.65541,0.61709,0.56144,0.5164955414418544,0.47151394303925853,0.42768875108480364,0.38470217161928044,0.3422482704519868,0.30027,0.2630407757472354,0.2264017829757171,0.19059300810442792,0.15552
27-01-2026 09:35,25018.3,0.4514193177071863,0.42747,0.41019,0.42032,0.45786772433813316,0.4953828039173665,0.5363896407798228,0.57595,0.62223,0.6714768904001982,0.7206730384005325,0.77034,0.81264,0.85271,0.7400508088375244,0.69537,0.6485125157161467,0.60076,0.54814,0.4962,0.44574,0.40450255217814995,0.36210612494629746,0.32039,0.29276,0.2685743806885446,0.2511457275525932,0.2397347638798331
27-01-2026 09:40,25090.85,0.45344745675570997,0.4137,0.39014,0.38476,0.40993,0.44455,0.48925,0.53745,0.58193,0.63655,0.6854974714223894,0.73576,0.775715868313925,0.81462,0.7929443111956692,0.74443,0.69617,0.6475726915395787,0.5989970928158098,0.55029,0.49947,0.452513531090073,0.40468,0.36501,0.33072036565185803,0.29620802022284554,0.26344,0.23563076737605115
27-01-2026 09:45,25142.05,0.3709680145213956,0.34955,0.3373,0.3586388854259943,0.38138193681981314,0.40126,0.44811,0.49751320795701537,0.54701,0.5959029057949157,0.6449213798897673,0.6936167720558011,0.74219,0.78754,0.8194924899488746,0.77235,0.7232202127921996,0.6754,0.63383,0.5817015875998502,0.52995,0.4915453259659044,0.45153191518963215,0.4137589302280845,0.3768,0.35236,0.3297712891463158,0.31284519557349233
27-01-2026 09:50,25142.45,0.34662,0.32683,0.31992,0.32756,0.36899858019391407,0.40918192624490024,0.44871,0.50094,0.5475686549846905,0.59426,0.643671036496378,0.6931106555874817,0.74216,0.78114,0.8206209764758224,0.77273,0.72082,0.67648,0.6286196748360269,0.58085,0.53176,0.48237,0.4405,0.40779,0.38678948241701533,0.36361147938001115,0.34076,0.30921
27-01-2026 09:55,25130.4,0.2976220727017695,0.31184,0.31403,0.32672,0.36179,0.41148048372150425,0.45679,0.51181,0.562010541931879,0.6127703147146772,0.6626339228752698,0.711638727509281,0.75959,0.8093452742320073,0.80994,0.769719079942379,0.72919,0.675679390505104,0.6264,0.56905,0.516,0.48923753632596234,0.4534519180378879,0.4209579290865062,0.3925082947302633,0.37073,0.36123429501652865,0.3586344012845724
27-01-2026 10:00,25139.8,0.32443,0.3256853794282749,0.3290172014780252,0.32502,0.3622957732362666,0.40375,0.45613532202833523,0.508095673358709,0.56064,0.6118561304282081,0.66324,0.70756,0.7495021639668813,0.7866149519365297,0.8309158344269412,0.78289,0.734323574112783,0.68513,0.633,0.58504,0.5326518584788823,0.47811,0.431,0.4062219931420735,0.37604,0.35656,0.33606,0.31990108302320636
27-01-2026 10:05,25125.85,0.30282352689427766,0.29677,0.30128,0.32297,0.36228,0.40899,0.46656,0.51932,0.571844738132812,0.6240907730435585,0.67629,0.7186328649522477,0.7611841710516034,0.80129,1.000886764069537,0.89908023660315,0.8057471231925823,0.7210886083026665,0.6452621800548092,0.57812,0.52108,0.47756732520539463,0.43083,0.40016,0.3871582513501511,0.37058,0.35888,0.3613943787770096
27-01-2026 10:10,25088.75,0.4075,0.37874343449820747,0.35823,0.36103,0.3963450472916834,0.42782,0.48428,0.5360109136639317,0.5880710168201393,0.6389059363766885,0.68859,0.7399554522894269,0.7912333106357599,0.8424641741433602,0.8189759290971309,0.76659,0.71267,0.66199,0.607041141051735,0.5521413811577994,0.49687,0.44858,0.39699,0.3643555515153543,0.33467,0.30807592397819655,0.29119453073700585,0.2850332147190898
27-01-2026 10:15,25129.65,0.43897,0.39066,0.36472,0.379661913044599,0.38258,0.41304,0.4624153977424512,0.510784213073894,0.5612005250156091,0.61118,0.66561,0.71362,0.75313,0.79688,0.84848,0.7956,0.7452922876518705,0.69533,0.63808,0.5863367503632085,0.53429,0.48243555909734176,0.43107,0.39314079079803843,0.3548593073049814,0.3167463322950893,0.27834,0.22729
27-01-2026 10:20,25170.2,0.32589,0.30563,0.3145420932500386,0.31025,0.35273704541410267,0.38807,0.4431611937411656,0.49493,0.553,0.59737,0.65279,0.7019912258363643,0.74989,0.7979959247820917,0.87099,0.8264306556155501,0.78094,0.7279261156408204,0.675209789368622,0.62221,0.56933,0.5194521779928003,0.4703170953873107,0.42046,0.3915980478236727,0.36053,0.33162083927861297,0.30288
27-01-2026 10:25,25164.05,0.25371,0.26391928320884567,0.27617,0.30173,0.34283,0.39758636675730297,0.4492,0.50273,0.55444568881924,0.60586,0.6569344956574171,0.7065625661559487,0.7546032122877633,0.8013724427558094,0.87468,0.82807,0.77342,0.7227784498289331,0.67296,0.61698,0.5619,0.51093,0.4712727120496146,0.42822,0.41572384908611054,0.39737941369491736,0.38081,0.37269
27-01-2026 10:30,25123.35,0.3273,0.31534,0.33999089677967537,0.36606556892622844,0.3972568788933598,0.42491,0.48153,0.5340226504401316,0.58658,0.63961,0.6923784752576145,0.7464,0.79521,0.83545,0.85189,0.79916,0.7481201742172603,0.6971197161795553,0.64601,0.59014,0.5408685671394315,0.49048,0.43891,0.39674,0.36908917814074127,0.33773,0.31402,0.28019
27-01-2026 10:35,25122.35,0.2209675321319565,0.256041523029664,0.2942121279179646,0.33586,0.37908,0.4305833425573262,0.48243397327606696,0.5354040502252033,0.58795,0.6450889644408769,0.7025,0.74763,0.79619,0.82755,0.8499721726485191,0.80533,0.75652,0.70959,0.65084,0.5991076455319009,0.5466320035713885,0.495679828443414,0.4477640059312083,0.40453,0.37891976562159935,0.35474890139410487,0.3331779739802373,0.31486
27-01-2026 10:40,25095.65,0.25083980885923457,0.27705,0.30858,0.35433606180042465,0.39676,0.45655891023184847,0.5135,0.57223,0.62559,0.6750423987277945,0.7252011646465492,0.7755,0.82494,0.87277,0.8259794114661443,0.77517,0.7214106030306611,0.669233811144232,0.6183839792911052,0.5666016575840838,0.5097436408241515,0.46905,0.42666,0.41728,0.41798,0.4338462124263199,0.44604,0.47381
27-01-2026 10:45,25027.6,0.33335,0.33817,0.3777589287873515,0.41779781354176776,0.4642484417264832,0.51375035546889,0.5557,0.61343,0.66951,0.7176711441130632,0.7680499523785553,0.8175000848115423,0.86570477060417,0.91224,0.8012523508317172,0.75038,0.7006448081584693,0.64989,0.5914541010035139,0.5332880394741628,0.47477,0.42695,0.37786,0.35942669638750463,0.3384861180066383,0.31825338143715337,0.2975,0.26889
27-01-2026 10:50,25020.95,0.29713788743749264,0.3311,0.3713157077957526,0.41388,0.46816,0.5261293331277835,0.58347,0.63393,0.6905005945497492,0.74791,0.8027,0.8509,0.89024,0.94593,1.0413236957985446,0.914822478179564,0.801059724736417,0.7002651161195439,0.6126568137973453,0.5382,0.4826293097628336,0.4304,0.4021971666488139,0.36854,0.36669,0.37527,0.39097278433991667,0.40869
27-01-2026 10:55,24997.0,0.2621199515834843,0.3175477000161354,0.3730049538634399,0.4288,0.48410726687685957,0.53983,0.59563,0.64794,0.70518,0.76982,0.81506,0.8733,0.9285607862557816,0.9834674835891174,0.80799,0.7553661770220257,0.70166,0.64264,0.5839984901604409,0.52396,0.4718487658599895,0.41534,0.37268,0.35504,0.3624301861856566,0.3670765750102719,0.37386292264473847,0.3853
27-01-2026 11:00,24984.95,0.27717267369514587,0.3323299440533262,0.38754890079327164,0.44337,0.4980079647275357,0.55304,0.60914,0.6645300826734155,0.7194,0.7769569637287992,0.83519,0.8883469690876882,0.94099,0.9975530695501929,0.8118888039892358,0.7531013278659876,0.6944852518410778,0.63595,0.5767611441775995,0.5181232132356405,0.45921,0.40189,0.34996,0.32186,0.31013,0.29312,0.25036200227482514,0.201
27-01-2026 11:05,25008.55,0.35938,0.3870027283084436,0.41868186009906594,0.45370959814838496,0.48808,0.5417834449788845,0.5985992092544776,0.65624,0.71909,0.7753438059734801,0.83301,0.88779,0.93527,0.98664,0.8218006858773229,0.76668,0.72755,0.6672727848250465,0.6057364674813119,0.5422650344127726,0.47948,0.42233,0.36786,0.33818,0.32588,0.31743483600728734,0.31009,0.3176064487512538
27-01-2026 11:10,25017.35,0.3061014513528849,0.3468380056308114,0.3917,0.43810190128089066,0.48639,0.54371,0.6025914859816885,0.66031,0.71616,0.78283,0.83535,0.90092,0.94465,0.9966838871597206,0.84323,0.78659,0.74005,0.6794012304090558,0.6171614441960462,0.5539455566717897,0.4898406997258708,0.42763,0.37099,0.33704,0.324878126807547,0.30970961397838714,0.29971,0.3080497867596891
27-01-2026 11:15,25024.0,0.36044,0.36747,0.40015730818448136,0.42815,0.48191,0.53609,0.59681,0.6497786895449944,0.70102,0.77263,0.82914,0.8946497027865719,0.9567774684489542,1.0134362364055942,0.84713,0.79103,0.74571,0.6814771425871476,0.6168090387038891,0.5510082032495963,0.48546,0.42832,0.37381,0.33669,0.2985394355418872,0.27381502108944356,0.26464861199934103,0.27304371056153254
27-01-2026 11:20,25044.9,0.32104,0.34092459849905754,0.36439,0.41123,0.46217,0.52086,0.58499,0.6443755307761263,0.7041990145698144,0.7632141463637746,0.8218145161704419,0.87951,0.92713,0.96345,0.85907,0.8038,0.75361,0.6925056450283258,0.63226,0.5728026482746011,0.51188,0.45504996946168796,0.39312,0.36313,0.34214,0.33306,0.32606,0.31835
27-01-2026 11:25,25036.65,0.36696,0.36749,0.38782,0.42691,0.4810626750323641,0.52892,0.58582,0.63827,0.6913,0.76463,0.8207,0.88782,0.93488,0.9829961049332948,0.8615046678188407,0.80684,0.7514256710025833,0.69546,0.635185070881607,0.5751478034449531,0.5149,0.45444,0.39294,0.34485,0.31554,0.2887700492045719,0.26278,0.24853127244270717
27-01-2026 11:30,25078.55,0.30177,0.31892,0.35722056271095093,0.39147,0.44655490457604086,0.50143,0.5597693295292359,0.6198503696649098,0.6793674965738244,0.7389771697125215,0.7987042338857133,0.85717,0.91064,0.95374,0.89745,0.84137,0.782749986018453,0.7242018143910973,0.6654802300039129,0.6059114754788292,0.5435926972704392,0.4866,0.42664,0.38602,0.36245,0.34457,0.33544,0.3340442700777901
27-01-2026 11:35,25074.65,0.32468325676980964,0.34012,0.36653921200074313,0.39528,0.436,0.49221,0.55529,0.60544,0.66896,0.73161,0.79348,0.84687,0.91508,0.9804981855300258,0.893194980465912,0.83873,0.7864340566008927,0.7319591753789157,0.67733,0.6138322191449741,0.550416250871315,0.48589,0.4297923214872019,0.37293,0.33543,0.30683164159341303,0.277687589993878,0.25141
27-01-2026 11:40,25088.45,0.51292,0.44935,0.42746,0.45613159747857485,0.4839582514354902,0.5168746213632794,0.54722,0.5987966130357996,0.6532518054450283,0.70847,0.7617134233020563,0.8149367046129161,0.86804,0.9209145353046715,0.9277204482868044,0.86574,0.8090723101363704,0.75212,0.68852,0.62328,0.56051,0.5037382317499697,0.43625,0.3926833057590733,0.3401,0.29593388162640477,0.25544,0.17427
27-01-2026 11:45,25159.6,0.26014,0.2794,0.30133,0.33437,0.37354,0.4356234018275186,0.49435,0.5512935554638062,0.60709,0.6692663956151544,0.73216,0.78416,0.8254570731169752,0.86457,0.97798,0.9111,0.8523934757289006,0.79336,0.7316,0.6755313812428603,0.6219679329990604,0.5678978762723494,0.5141589168179779,0.45754242804040535,0.42422,0.41054,0.40549,0.41203
27-01-2026 11:50,25103.25,0.3271,0.32609,0.3512288829043745,0.37589,0.41313,0.47301849535204654,0.5333535510405962,0.59395,0.6554533393647226,0.7167355225522667,0.77721,0.81837,0.87825,0.92405,0.94209,0.87488,0.81721,0.7560270497291496,0.69521,0.6306167697010487,0.56521,0.509226967684778,0.44941,0.4219876182323382,0.38774,0.37811642687246705,0.36494,0.34715
27-01-2026 11:55,25084.4,0.28785560645999553,0.31957706240505496,0.35749179209442355,0.4052,0.43891,0.49008,0.55875,0.60674,0.66333,0.71693,0.7811194553609562,0.8439706770666718,0.91214,0.9793352647253034,0.95193,0.8896121573938758,0.8252612189555708,0.76111,0.69042,0.61931,0.5638122991845591,0.517675800534338,0.4701586855013144,0.42270445878840013,0.37496263148684184,0.33146,0.2948961562352352,0.26015
27-01-2026 12:00,25100.25,0.3932,0.3856405682861547,0.37919,0.4160401017280554,0.45475344200581835,0.49354,0.5541,0.60307,0.6579928397091096,0.7130722671247102,0.769391414425027,0.82725,0.8857557618422889,0.9451912374654357,0.9623,0.88186,0.8277333788642651,0.77303,0.7058777878716535,0.6391018749034806,0.571,0.5139549369404953,0.45472,0.40448,0.37113,0.3440586079618765,0.31813,0.30083090278221775
27-01-2026 12:05,25122.5,0.35913,0.347,0.36190254614677486,0.37884,0.41360966345842753,0.47136318795205523,0.5273258004245557,0.5835523369992588,0.6391163882417159,0.69809,0.7599341584719624,0.82285,0.89728,0.9733323666143836,0.9887002718554455,0.9179171124181951,0.84928,0.7832822518813134,0.7186520285837201,0.6541,0.59385,0.5362279021501691,0.47451,0.43794022723682735,0.39439,0.37132,0.3522,0.34088340765323377
27-01-2026 12:10,25117.85,0.36933745971758947,0.3605,0.36361,0.38941,0.42902,0.49404861549328194,0.55495,0.6101854090247494,0.66477,0.72079,0.78509,0.84864,0.915483133643658,0.983122881362585,0.98491,0.90182,0.84542,0.79545,0.73937,0.6659,0.6045817826947102,0.54119,0.47988,0.437454734507185,0.39059,0.36109,0.3310443006961157,0.3012
27-01-2026 12:15,25117.6,0.30765,0.31365,0.33785,0.38075,0.438,0.49899,0.56222,0.62062,0.6755456356361081,0.73016,0.7950986889393115,0.8593916765691112,0.9233,0.97212,1.01025,0.9470706862285119,0.8818854889335617,0.8151370237751707,0.7486,0.67419,0.61091,0.5574746095493126,0.5041270217108856,0.44767,0.4270922891329729,0.39999,0.38464,0.37378
27-01-2026 12:20,25109.2,0.2340047023458029,0.2892896187376467,0.3451687244824556,0.40138,0.45596033889259524,0.51201,0.57587,0.62761,0.68817,0.73425,0.81144,0.8637,0.94107,1.0091818856370556,1.00465,0.93314,0.875490355154501,0.819,0.7525324357698022,0.687840746812703,0.62307,0.55271,0.48838,0.42912,0.37872,0.31203574319920024,0.2532301698631895,0.1952112022222287
27-01-2026 12:25,25134.2,0.27995,0.30740178687886865,0.34187606759580236,0.37419,0.42935,0.4948,0.56462,0.6217973741833667,0.67951,0.73799,0.81575,0.85823,0.9202157153681496,0.98686,1.03517,0.94871,0.90214,0.8379582337482268,0.77268,0.72383,0.6528209799882501,0.5826774104718506,0.51233,0.47607857592029285,0.4366693752560158,0.40127,0.38577,0.371919709311176
27-01-2026 12:30,25098.2,0.34532,0.3542055573400277,0.36118,0.4102942678596536,0.45691,0.52494,0.588741715322345,0.6518159531652776,0.71503,0.775041942516098,0.8351085694325704,0.89501,0.9518016196781572,1.00813,1.0379,0.95103,0.8930300645232581,0.83341,0.76474,0.70024,0.6354614122783808,0.5695755762554691,0.5055003318547917,0.4407,0.39862,0.36573,0.3299913067176561,0.29361
27-01-2026 12:35,25099.65,0.32818,0.3444385000250375,0.36352,0.41336,0.47017,0.53637,0.5993694128148167,0.6619730694930317,0.72412,0.7940582962242606,0.86377,0.92022,0.9725057252460045,1.0151608954911056,0.9595432980319727,0.9253483478577761,0.8838760580387923,0.8350902419816177,0.77667,0.71739,0.6453499267521386,0.57224,0.51253,0.46610509097498276,0.41578,0.3909998575939851,0.3681,0.3569548206687202
27-01-2026 12:40,25084.95,0.33754297385661175,0.35756,0.3851,0.43265,0.49215263205037635,0.55081,0.6177839913016174,0.6842360448174705,0.7507274189299866,0.81686,0.87549,0.9328796075702044,0.9871021498369813,1.0386339674671303,1.04478,0.96906,0.90513,0.84759,0.7771418844643077,0.71012,0.62832,0.5397202466484933,0.4415133189326547,0.33469841039963244,0.2194097283034169,0.09568161744652123,1e-06,1e-06
27-01-2026 12:45,25083.9,0.2742325036437566,0.33588,0.3871193167370489,0.4441617697568213,0.49765,0.5675640079304602,0.63201,0.6994632107682629,0.76706,0.8261104896923633,0.8862454372719659,0.94517,1.0283,1.0881085185843489,1.05972,0.98286,0.91795,0.852446202186286,0.78761,0.7134,0.6394875108553911,0.56286,0.50176,0.45209,0.43081412225546944,0.40056,0.38685,0.38058
27-01-2026 12:50,25065.25,0.3993,0.39715,0.4370300938364572,0.48310930791965023,0.52555,0.59988,0.66958,0.7264968376192904,0.78377,0.85703,0.9221740573240317,0.98798,1.04271,1.0939207445716943,1.07631,0.9902947830992679,0.90591,0.8332453033287224,0.75874,0.6924075904138044,0.62552,0.5539993063985952,0.48305816951447816,0.41217,0.3634592336788202,0.31743,0.2690595397416684,0.22970320309746814
27-01-2026 12:55,25094.45,0.33154,0.3585831021719621,0.3889,0.4530963604837761,0.5183952534907499,0.58448,0.6498480762742709,0.71484,0.77353,0.84815,0.9168600645613935,0.98513343718301,1.05306,1.10751,1.10123,1.0246459883647536,0.9498540080129427,0.8765924252267701,0.80352,0.7374,0.65314,0.57953,0.5151757128851832,0.44418,0.40057,0.37337865818873095,0.34277,0.3115
27-01-2026 13:00,25087.35,0.32893,0.3713041543991744,0.42186205582288683,0.4764489488877645,0.52299,0.6000672432648031,0.66662,0.72416,0.7970271426143785,0.86777,0.94264,1.00345,1.07589,1.13114,1.1135685233308925,1.03344,0.95265,0.883002468154182,0.8133919438451944,0.74373,0.66463,0.6029239766645134,0.5423004615162081,0.4834722772595832,0.42676924284191425,0.37208,0.3348080359908845,0.30072
27-01-2026 13:05,25077.3,0.33581306036167097,0.37625235816717184,0.42388,0.47872,0.5369,0.61433,0.69302,0.74483,0.8113748473883666,0.87877,0.9457826233345905,1.01338,1.0765699160328666,1.13901,1.10891,1.0444247582521884,0.9729375963537961,0.90142,0.80672,0.74013,0.66738,0.5853564890029133,0.50256,0.44235,0.39648811525527233,0.34986037307169443,0.30785,0.2614464461680949
27-01-2026 13:10,25078.6,0.36628803304234453,0.39523,0.43631377678584826,0.48027,0.54075,0.6185,0.6834,0.75694,0.8313724760946477,0.90538,0.98283,1.0507715899039767,1.12058,1.15819,1.0578725296146752,1.0159086468545333,0.96446,0.90732,0.8339377845605609,0.76234,0.68031,0.6128182408436567,0.5420350594686507,0.4742927268245979,0.40577,0.35911,0.31624712511302083,0.28183902478424294
27-01-2026 13:15,25088.55,0.3119163671869147,0.37655313738605506,0.44149,0.5073484582205737,0.5724965948405403,0.6369697258444018,0.70165,0.76234,0.83383,0.88793,0.9712169683418977,1.05454244502463,1.13316,1.14869,1.082461459135625,1.043417764886108,0.99013,0.9322,0.853703802469465,0.77672,0.6963193958219134,0.61558,0.53137,0.46989,0.41386,0.36185,0.3136347369716221,0.26639
27-01-2026 13:20,25085.9,0.43553,0.43431,0.45449,0.49675,0.55424,0.6238505850879472,0.7005156115545041,0.7751037463363168,0.8487535175818776,0.92093,0.9841592242596389,1.0453,1.15693,1.2363918942172776,1.15829,1.07399,1.010459266034133,0.94771,0.8664993557249654,0.7864111497917357,0.70546,0.61252,0.5388217239512119,0.4614,0.39462,0.3494658754101725,0.3026,0.23747
27-01-2026 13:25,25098.05,0.46141,0.45251,0.46505,0.50455,0.56244,0.6392047726975928,0.71329,0.7899473290091656,0.8655980027914971,0.94142,1.0158979837142659,1.09028,1.1697,1.2506866736878768,1.1543415830649109,1.10515,1.05253,0.97691,0.89784,0.81566,0.73052,0.64864,0.5621823442747373,0.47273,0.40676,0.3530278043985918,0.30219,0.26267777454399
27-01-2026 13:30,25112.65,0.34011862286551797,0.38375,0.4330009852427825,0.48536,0.55493,0.6316974965619606,0.7116634237303251,0.7910228019537213,0.8701210656654874,0.94799,1.0210168643462452,1.0929737284511845,1.16419,1.22291,1.22766,1.1580465277289664,1.08677,1.0049897783787949,0.9232013805705799,0.8407579892607121,0.75914,0.68207,0.58743,0.5117,0.44197,0.39028,0.35284,0.32468930242643657
27-01-2026 13:35,25095.5,0.28249,0.3516271257280661,0.42153,0.49482,0.5772371245347832,0.65956,0.7410237304438416,0.8225371443442383,0.9034836445449604,0.98382,1.0600236440998807,1.1357771984107772,1.2107499189552713,1.28497,1.2386598002891178,1.1597938362275333,1.0810365822362111,1.00257,0.9192279030514663,0.8393928019298188,0.7625431233465636,0.68561,0.6242983241890214,0.56349,0.549620254645828,0.52212,0.53098,0.59249
27-01-2026 13:40,25049.05,0.33826633424910274,0.42277,0.49073,0.5759526283798081,0.66038,0.74594,0.8196285424128125,0.8948035981705608,0.97221,1.06132,1.129789844793807,1.202292992588693,1.2706719351306925,1.33216,1.20272,1.13539,1.0639130402905872,0.9921045424786643,0.92155,0.83142,0.737654200520647,0.64204,0.5695522991958333,0.49407239544701287,0.42132,0.39112,0.3612694094821289,0.33202
27-01-2026 13:45,25044.1,0.42625,0.4657414364828397,0.51533,0.59021,0.674141984890684,0.7502517694466044,0.8270307518693646,0.9045769319659613,0.9830419328601459,1.06364,1.15186,1.2166935136097572,1.2839163661655442,1.34114,1.2556460978388415,1.1708601572662611,1.0821,0.9989775556725919,0.91634,0.83709,0.73498,0.63898,0.5591229884125553,0.4759930118475197,0.39944,0.3117161313011856,0.22802736318904596,0.14455718991541627
27-01-2026 13:50,25054.3,0.37171,0.42344,0.5085004307170382,0.5940955414573684,0.67696,0.75746,0.85059,0.94007,1.0022,1.08021,1.1695136340995478,1.26015,1.34868,1.39246,1.3351618089797719,1.2458779400589644,1.15066,1.06292,0.9819,0.88599,0.7829109260524622,0.67892,0.5930733141842279,0.50801,0.40987487085667285,0.31776224475622744,0.22550145385856923,0.133857589648149
27-01-2026 13:55,25040.65,0.3078440260326629,0.41006143823565144,0.5100378370185157,0.6083,0.70442,0.7958839474232654,0.8871561923237474,0.97861,1.05464,1.13454984732045,1.21434,1.2954328878251449,1.37665,1.4587307122289028,1.327163274947198,1.23488,1.143855390628383,1.0522964913114716,0.9601835930509801,0.8674450437448391,0.7740842348527875,0.68166,0.5873362688778184,0.48888,0.40466,0.3538869681291029,0.29989,0.20917
27-01-2026 14:00,25042.35,0.32664,0.4114,0.510719122815896,0.60881,0.70982,0.80406,0.89113,0.96993,1.0818,1.153236581376242,1.22752,1.3206,1.41273,1.4970286482633282,1.3815032751059027,1.28946,1.18482,1.0946,1.01173,0.9093683283933689,0.8088,0.7132398998192575,0.6176599620934392,0.52322,0.42726167653145875,0.33126023292165,0.2352802685635937,0.13933918268477907
27-01-2026 14:05,25010.6,0.39868,0.48123,0.5786223216458835,0.67489,0.78007,0.8766205919273116,0.9729312203484367,1.0674,1.1572463993681033,1.2421133903545907,1.3278499020536962,1.4128650844248394,1.4966685894834386,1.57916,1.35802,1.27511,1.1799521865633475,1.0846634458572528,0.99522,0.8878979797753344,0.78825,0.67908,0.56582,0.47476,0.4029508395076497,0.32586,0.27633,0.12281
27-01-2026 14:10,25041.35,0.37357,0.4658491774041662,0.55878,0.6653553247215908,0.77277,0.8644089344072952,0.9584597577999054,1.05464,1.1502973592030779,1.25296,1.3349407798985404,1.4208978233087572,1.49949,1.5909059398226568,1.6249152720286986,1.4373822969510939,1.276678637732706,1.14421,1.0163,0.91977,0.8388,0.72874,0.6236453845609141,0.51409,0.41328,0.3543,0.31415,0.29285973395470116
27-01-2026 14:15,25034.25,0.3695,0.45459,0.562055235789433,0.6710946202536743,0.7814304051006481,0.89058,0.9916031466303749,1.0920948049700483,1.19427,1.31635,1.37374,1.49623,1.55624,1.62888,1.6148091274390388,1.465741043979872,1.323842217265376,1.18998,1.05823,0.9419,0.8355181820986601,0.7293501645666698,0.62576,0.547027216805399,0.4657245373820494,0.3900226085503295,0.31669,0.27147
27-01-2026 14:20,25028.4,0.40083,0.48493,0.5897663155095494,0.69421566727356,0.79921,0.89922,0.9961354427310378,1.093150040854726,1.1903966352487014,1.2894307261841114,1.38358,1.499648014751915,1.61732,1.7164508971591874,1.48547,1.3979314616300986,1.3076,1.1942233629066537,1.0815243804534818,0.96811,0.8591,0.7542288687253009,0.649550165894601,0.5403,0.44549,0.3874,0.34854,0.28994
27-01-2026 14:25,25022.0,0.42522,0.5302815408102699,0.6355897394866712,0.7410823671960376,0.84639,0.9531244849542155,1.0595861086617702,1.1661,1.26484,1.37808,1.475340899487023,1.5751512873236422,1.6717516703504662,1.76347,1.573963199779679,1.458564649897682,1.3430302077356342,1.22728,1.113064418309113,0.9978172718737197,0.88354,0.76492,0.64858,0.5281,0.4254712663047541,0.31839478473099386,0.21480738536390412,0.11719
27-01-2026 14:30,25040.85,0.3764946433563803,0.50066,0.62518,0.7487127987474934,0.8720720777369025,0.99624,1.1264,1.2342441447196344,1.34177,1.448121214689385,1.5537882508747527,1.659674792726002,1.7653007320917584,1.87057,1.57868,1.4981498666071038,1.4084419634615255,1.32053,1.1979257312920564,1.07647,0.9488480117259355,0.8212,0.6983369519400826,0.57136,0.45098,0.36207,0.30341,0.2622000222571269
27-01-2026 14:35,25042.95,0.54896,0.6066231552530046,0.6902520693829641,0.76466,0.89905,1.00651,1.1159953264508733,1.22306,1.3384545012157973,1.4544877849068962,1.5685807399445908,1.68869,1.77649,1.8546,1.65134,1.52633,1.4477335019008968,1.38194,1.241860791123738,1.1124758561853914,0.98879,0.8575761157397677,0.7323915108192582,0.60591,0.46679,0.3448273791580061,0.22169286841817626,0.10484
27-01-2026 14:40,25097.55,0.33389,0.42508,0.55551,0.67826,0.78645,0.9128387433185248,1.03769,1.1415965125057446,1.23569,1.42219,1.533704691330703,1.63715,1.761438830468133,1.8850968897966502,1.7940112855168333,1.6687,1.57665414398294,1.47385,1.33685,1.2036863533831552,1.076948801128694,0.9506800679277365,0.823762304172762,0.69108,0.5584428699989737,0.40992,0.3315366757385777,0.26193
27-01-2026 14:45,25108.1,0.37525,0.42842,0.5605054413936771,0.6954912685004702,0.8273,0.97349,1.1033776367672528,1.23827,1.32278,1.48454,1.58344,1.71158,1.8296160095485816,1.9547825485053583,1.91042,1.71363,1.6286062577818337,1.53578,1.4003647672144497,1.27885,1.15422,1.00505,0.8636609502553196,0.7281071696474267,0.58912,0.43418,0.30565,0.20319
27-01-2026 14:50,25122.3,0.30155740099479916,0.4328,0.55658,0.6982306356494579,0.84021,0.9529,1.0891671884256153,1.2332715059432553,1.37857392750922,1.5242897324292535,1.6732425245969993,1.79522,1.88216,1.94677,2.023439542856613,1.9027136158768272,1.7781411281558173,1.64927,1.5129921610848274,1.37749,1.24586,1.08792,0.94426,0.78047,0.6250441601655716,0.47030547726153804,0.31555,0.16639
27-01-2026 14:55,25143.55,0.35345,0.38729,0.5326515207925834,0.6838053319307194,0.8475270606964309,1.0072,1.1462579288226733,1.2937,1.40702,1.5501879884543555,1.69702,1.7779,1.92400317900037,2.0481596898377346,2.129415602964727,2.06243,1.9672073289924104,1.86546,1.7262,1.55776,1.3873949432982906,1.2177,1.08865,0.90835,0.7452558132006297,0.58392,0.41342158640339205,0.24166
27-01-2026 15:00,25118.0,0.22867,0.4098568264307792,0.5857298714365838,0.76229,0.9191313992328131,1.07719,1.24115,1.40258,1.56178,1.7143666772406778,1.868634464221169,2.02809,2.10815,2.13811,2.2448233315999353,2.11407,1.9501,1.8341596858817315,1.72376,1.54954,1.37437,1.2031370084469564,1.0250188444583936,0.8495303369519555,0.674728363555209,0.4999809245573212,0.32525,0.1503963022947013
27-01-2026 15:05,25134.65,0.20763,0.38773688084965097,0.567690998670084,0.74767,0.9269489856511268,1.10655,1.2791954584335592,1.4507043176225292,1.62229,1.7364553301393875,1.85084,2.008022191652726,2.16189,2.31529,2.60916,2.34411,2.1815825713088897,2.014878382367099,1.8497237930615036,1.68275,1.44213,1.2820082828319,1.11695,0.95237,0.7533916842493351,0.56259,0.35433,0.17617949388298546
27-01-2026 15:10,25154.95,0.16803,0.39981754628412625,0.609407555862868,0.82645,0.9751546299005456,1.12661,1.3522489441882741,1.58429,1.752028384491481,1.96159,2.0869637943093062,2.2357972892757694,2.38021,2.55189,2.71129,2.483204369520986,2.29712021777046,2.13747,2.13017,1.85502,1.65228,1.44843,1.2148231243800254,0.97402,0.7769933543149191,0.5683779033525029,0.36576566885230766,0.17324
27-01-2026 15:15,25174.85,0.14225,0.42629,0.6271514302994372,0.8310584429562706,1.03772,1.24543242338545,1.4568738442775204,1.6688453827317313,1.880536976115605,2.091076033316825,2.30421,2.50644,2.7071311213456304,2.90515,2.9656920744072917,2.95157,2.88296,2.6383222263496315,2.4194,2.06703,1.8568697076571907,1.62086,1.39592,1.1963066660240265,1.00123,0.75534,0.49974403172624393,0.23712
27-01-2026 15:20,25198.1,0.0168,0.39816,0.6877004785775164,0.9935434387153428,1.2863328983516902,1.5598376895683845,1.84647,2.00071,2.326174371907649,2.6557,2.76165,3.072970104588791,3.3108158661298237,3.5452420292876172,3.948610762830044,3.67766602408957,3.40433,3.1347413460457396,2.86358,2.59234,2.32024,2.0443833857377447,1.77218,1.4953,1.2227706416352762,0.9538779571042677,0.68798,0.3404
27-01-2026 15:25,25242.4,1e-06,0.35816,0.73157,1.13908,1.53259,1.91634,2.29252,2.66246,3.02705,3.3967069075611693,3.761060880828291,4.123760251018909,4.485102529690933,4.845315586123294,5.762996335584391,5.38476,4.97453,4.5949309273854855,4.21172,3.82927,3.44575,3.0577479088321384,2.6710505686333965,2.28444,1.89151,1.5069846514833611,1.1192294793419877,0.7311965557596128
