datetime_parsed,datetime,underlying_price,iv,is_dataset_timestamp,is_missing_iv_at_dataset_timestamp
2026-01-07 09:15:00,07-01-2026 09:15,26111.65,0.09724,True,False
2026-01-07 09:20:00,07-01-2026 09:20,26141.4,,True,True
2026-01-07 09:25:00,07-01-2026 09:25,26139.35,0.08954,True,False
2026-01-07 09:30:00,07-01-2026 09:30,26128.95,,True,True
2026-01-07 09:35:00,07-01-2026 09:35,26131.9,,True,True
2026-01-07 09:40:00,07-01-2026 09:40,26145.15,,True,True
2026-01-07 09:45:00,07-01-2026 09:45,26113.1,,True,True
2026-01-07 09:50:00,07-01-2026 09:50,26110.0,0.0968,True,False
2026-01-07 09:55:00,07-01-2026 09:55,26108.9,,True,True
2026-01-07 10:00:00,07-01-2026 10:00,26140.3,,True,True
2026-01-07 10:05:00,07-01-2026 10:05,26142.95,0.10336,True,False
2026-01-07 10:10:00,07-01-2026 10:10,26159.15,,True,True
2026-01-07 10:15:00,07-01-2026 10:15,26183.8,0.08786,True,False
2026-01-07 10:20:00,07-01-2026 10:20,26169.15,0.09399,True,False
2026-01-07 10:25:00,07-01-2026 10:25,26152.25,0.09388,True,False
2026-01-07 10:30:00,07-01-2026 10:30,26130.45,0.09839,True,False
2026-01-07 10:35:00,07-01-2026 10:35,26133.05,0.09754,True,False
2026-01-07 10:40:00,07-01-2026 10:40,26144.05,0.09761,True,False
2026-01-07 10:45:00,07-01-2026 10:45,26141.15,0.09745,True,False
2026-01-07 10:50:00,07-01-2026 10:50,26146.85,0.10421,True,False
2026-01-07 10:55:00,07-01-2026 10:55,26168.55,0.09465,True,False
2026-01-07 11:00:00,07-01-2026 11:00,26160.15,0.10649,True,False
2026-01-07 11:05:00,07-01-2026 11:05,26182.1,0.09817,True,False
2026-01-07 11:10:00,07-01-2026 11:10,26166.7,,True,True
2026-01-07 11:15:00,07-01-2026 11:15,26148.15,0.10015,True,False
2026-01-07 11:20:00,07-01-2026 11:20,26148.9,0.09535,True,False
2026-01-07 11:25:00,07-01-2026 11:25,26140.4,,True,True
2026-01-07 11:30:00,07-01-2026 11:30,26144.45,0.10497,True,False
2026-01-07 11:35:00,07-01-2026 11:35,26160.05,0.0955,True,False
2026-01-07 11:40:00,07-01-2026 11:40,26147.1,,True,True
2026-01-07 11:45:00,07-01-2026 11:45,26136.15,0.09917,True,False
2026-01-07 11:50:00,07-01-2026 11:50,26138.65,0.09332,True,False
2026-01-07 11:55:00,07-01-2026 11:55,26126.7,0.0968,True,False
2026-01-07 12:00:00,07-01-2026 12:00,26121.55,0.09795,True,False
2026-01-07 12:05:00,07-01-2026 12:05,26110.95,,True,True
2026-01-07 12:10:00,07-01-2026 12:10,26110.45,0.10029,True,False
2026-01-07 12:15:00,07-01-2026 12:15,26107.4,0.10125,True,False
2026-01-07 12:20:00,07-01-2026 12:20,26103.3,0.10184,True,False
2026-01-07 12:25:00,07-01-2026 12:25,26106.55,0.09924,True,False
2026-01-07 12:30:00,07-01-2026 12:30,26108.85,0.10143,True,False
2026-01-07 12:35:00,07-01-2026 12:35,26106.25,0.10146,True,False
2026-01-07 12:40:00,07-01-2026 12:40,26103.5,0.09235,True,False
2026-01-07 12:45:00,07-01-2026 12:45,26084.3,0.0982,True,False
2026-01-07 12:50:00,07-01-2026 12:50,26084.8,0.09994,True,False
2026-01-07 12:55:00,07-01-2026 12:55,26089.25,0.10084,True,False
2026-01-07 13:00:00,07-01-2026 13:00,26099.15,0.10038,True,False
2026-01-07 13:05:00,07-01-2026 13:05,26103.3,0.09934,True,False
2026-01-07 13:10:00,07-01-2026 13:10,26105.85,,True,True
2026-01-07 13:15:00,07-01-2026 13:15,26097.2,0.10025,True,False
2026-01-07 13:20:00,07-01-2026 13:20,26097.45,0.09553,True,False
2026-01-07 13:25:00,07-01-2026 13:25,26076.35,0.09783,True,False
2026-01-07 13:30:00,07-01-2026 13:30,26070.0,0.10029,True,False
2026-01-07 13:35:00,07-01-2026 13:35,26074.55,0.10046,True,False
2026-01-07 13:40:00,07-01-2026 13:40,26074.2,0.10033,True,False
2026-01-07 13:45:00,07-01-2026 13:45,26072.8,0.10257,True,False
2026-01-07 13:50:00,07-01-2026 13:50,26083.4,0.09775,True,False
2026-01-07 13:55:00,07-01-2026 13:55,26079.6,0.10267,True,False
2026-01-07 14:00:00,07-01-2026 14:00,26088.65,,True,True
2026-01-07 14:05:00,07-01-2026 14:05,26096.3,,True,True
2026-01-07 14:10:00,07-01-2026 14:10,26100.95,0.09667,True,False
2026-01-07 14:15:00,07-01-2026 14:15,26097.3,,True,True
2026-01-07 14:20:00,07-01-2026 14:20,26090.7,0.09626,True,False
2026-01-07 14:25:00,07-01-2026 14:25,26090.45,,True,True
2026-01-07 14:30:00,07-01-2026 14:30,26098.65,0.09374,True,False
2026-01-07 14:35:00,07-01-2026 14:35,26088.15,0.10076,True,False
2026-01-07 14:40:00,07-01-2026 14:40,26097.55,0.10004,True,False
2026-01-07 14:45:00,07-01-2026 14:45,26107.25,0.09287,True,False
2026-01-07 14:50:00,07-01-2026 14:50,26098.4,0.1023,True,False
2026-01-07 14:55:00,07-01-2026 14:55,26113.35,,True,True
2026-01-07 15:00:00,07-01-2026 15:00,26123.1,0.0946,True,False
2026-01-07 15:05:00,07-01-2026 15:05,26133.7,0.09433,True,False
2026-01-07 15:10:00,07-01-2026 15:10,26142.1,0.09482,True,False
2026-01-07 15:15:00,07-01-2026 15:15,26147.8,0.086,True,False
2026-01-07 15:20:00,07-01-2026 15:20,26138.3,,True,True
2026-01-07 15:25:00,07-01-2026 15:25,26139.7,0.09147,True,False
2026-01-07 15:30:00,,,,False,False
2026-01-07 15:35:00,,,,False,False
2026-01-07 15:40:00,,,,False,False
2026-01-07 15:45:00,,,,False,False
2026-01-07 15:50:00,,,,False,False
2026-01-07 15:55:00,,,,False,False
2026-01-07 16:00:00,,,,False,False
2026-01-07 16:05:00,,,,False,False
2026-01-07 16:10:00,,,,False,False
2026-01-07 16:15:00,,,,False,False
2026-01-07 16:20:00,,,,False,False
2026-01-07 16:25:00,,,,False,False
2026-01-07 16:30:00,,,,False,False
2026-01-07 16:35:00,,,,False,False
2026-01-07 16:40:00,,,,False,False
2026-01-07 16:45:00,,,,False,False
2026-01-07 16:50:00,,,,False,False
2026-01-07 16:55:00,,,,False,False
2026-01-07 17:00:00,,,,False,False
2026-01-07 17:05:00,,,,False,False
2026-01-07 17:10:00,,,,False,False
2026-01-07 17:15:00,,,,False,False
2026-01-07 17:20:00,,,,False,False
2026-01-07 17:25:00,,,,False,False
2026-01-07 17:30:00,,,,False,False
2026-01-07 17:35:00,,,,False,False
2026-01-07 17:40:00,,,,False,False
2026-01-07 17:45:00,,,,False,False
2026-01-07 17:50:00,,,,False,False
2026-01-07 17:55:00,,,,False,False
2026-01-07 18:00:00,,,,False,False
2026-01-07 18:05:00,,,,False,False
2026-01-07 18:10:00,,,,False,False
2026-01-07 18:15:00,,,,False,False
2026-01-07 18:20:00,,,,False,False
2026-01-07 18:25:00,,,,False,False
2026-01-07 18:30:00,,,,False,False
2026-01-07 18:35:00,,,,False,False
2026-01-07 18:40:00,,,,False,False
2026-01-07 18:45:00,,,,False,False
2026-01-07 18:50:00,,,,False,False
2026-01-07 18:55:00,,,,False,False
2026-01-07 19:00:00,,,,False,False
2026-01-07 19:05:00,,,,False,False
2026-01-07 19:10:00,,,,False,False
2026-01-07 19:15:00,,,,False,False
2026-01-07 19:20:00,,,,False,False
2026-01-07 19:25:00,,,,False,False
2026-01-07 19:30:00,,,,False,False
2026-01-07 19:35:00,,,,False,False
2026-01-07 19:40:00,,,,False,False
2026-01-07 19:45:00,,,,False,False
2026-01-07 19:50:00,,,,False,False
2026-01-07 19:55:00,,,,False,False
2026-01-07 20:00:00,,,,False,False
2026-01-07 20:05:00,,,,False,False
2026-01-07 20:10:00,,,,False,False
2026-01-07 20:15:00,,,,False,False
2026-01-07 20:20:00,,,,False,False
2026-01-07 20:25:00,,,,False,False
2026-01-07 20:30:00,,,,False,False
2026-01-07 20:35:00,,,,False,False
2026-01-07 20:40:00,,,,False,False
2026-01-07 20:45:00,,,,False,False
2026-01-07 20:50:00,,,,False,False
2026-01-07 20:55:00,,,,False,False
2026-01-07 21:00:00,,,,False,False
2026-01-07 21:05:00,,,,False,False
2026-01-07 21:10:00,,,,False,False
2026-01-07 21:15:00,,,,False,False
2026-01-07 21:20:00,,,,False,False
2026-01-07 21:25:00,,,,False,False
2026-01-07 21:30:00,,,,False,False
2026-01-07 21:35:00,,,,False,False
2026-01-07 21:40:00,,,,False,False
2026-01-07 21:45:00,,,,False,False
2026-01-07 21:50:00,,,,False,False
2026-01-07 21:55:00,,,,False,False
2026-01-07 22:00:00,,,,False,False
2026-01-07 22:05:00,,,,False,False
2026-01-07 22:10:00,,,,False,False
2026-01-07 22:15:00,,,,False,False
2026-01-07 22:20:00,,,,False,False
2026-01-07 22:25:00,,,,False,False
2026-01-07 22:30:00,,,,False,False
2026-01-07 22:35:00,,,,False,False
2026-01-07 22:40:00,,,,False,False
2026-01-07 22:45:00,,,,False,False
2026-01-07 22:50:00,,,,False,False
2026-01-07 22:55:00,,,,False,False
2026-01-07 23:00:00,,,,False,False
2026-01-07 23:05:00,,,,False,False
2026-01-07 23:10:00,,,,False,False
2026-01-07 23:15:00,,,,False,False
2026-01-07 23:20:00,,,,False,False
2026-01-07 23:25:00,,,,False,False
2026-01-07 23:30:00,,,,False,False
2026-01-07 23:35:00,,,,False,False
2026-01-07 23:40:00,,,,False,False
2026-01-07 23:45:00,,,,False,False
2026-01-07 23:50:00,,,,False,False
2026-01-07 23:55:00,,,,False,False
2026-01-08 00:00:00,,,,False,False
2026-01-08 00:05:00,,,,False,False
2026-01-08 00:10:00,,,,False,False
2026-01-08 00:15:00,,,,False,False
2026-01-08 00:20:00,,,,False,False
2026-01-08 00:25:00,,,,False,False
2026-01-08 00:30:00,,,,False,False
2026-01-08 00:35:00,,,,False,False
2026-01-08 00:40:00,,,,False,False
2026-01-08 00:45:00,,,,False,False
2026-01-08 00:50:00,,,,False,False
2026-01-08 00:55:00,,,,False,False
2026-01-08 01:00:00,,,,False,False
2026-01-08 01:05:00,,,,False,False
2026-01-08 01:10:00,,,,False,False
2026-01-08 01:15:00,,,,False,False
2026-01-08 01:20:00,,,,False,False
2026-01-08 01:25:00,,,,False,False
2026-01-08 01:30:00,,,,False,False
2026-01-08 01:35:00,,,,False,False
2026-01-08 01:40:00,,,,False,False
2026-01-08 01:45:00,,,,False,False
2026-01-08 01:50:00,,,,False,False
2026-01-08 01:55:00,,,,False,False
2026-01-08 02:00:00,,,,False,False
2026-01-08 02:05:00,,,,False,False
2026-01-08 02:10:00,,,,False,False
2026-01-08 02:15:00,,,,False,False
2026-01-08 02:20:00,,,,False,False
2026-01-08 02:25:00,,,,False,False
2026-01-08 02:30:00,,,,False,False
2026-01-08 02:35:00,,,,False,False
2026-01-08 02:40:00,,,,False,False
2026-01-08 02:45:00,,,,False,False
2026-01-08 02:50:00,,,,False,False
2026-01-08 02:55:00,,,,False,False
2026-01-08 03:00:00,,,,False,False
2026-01-08 03:05:00,,,,False,False
2026-01-08 03:10:00,,,,False,False
2026-01-08 03:15:00,,,,False,False
2026-01-08 03:20:00,,,,False,False
2026-01-08 03:25:00,,,,False,False
2026-01-08 03:30:00,,,,False,False
2026-01-08 03:35:00,,,,False,False
2026-01-08 03:40:00,,,,False,False
2026-01-08 03:45:00,,,,False,False
2026-01-08 03:50:00,,,,False,False
2026-01-08 03:55:00,,,,False,False
2026-01-08 04:00:00,,,,False,False
2026-01-08 04:05:00,,,,False,False
2026-01-08 04:10:00,,,,False,False
2026-01-08 04:15:00,,,,False,False
2026-01-08 04:20:00,,,,False,False
2026-01-08 04:25:00,,,,False,False
2026-01-08 04:30:00,,,,False,False
2026-01-08 04:35:00,,,,False,False
2026-01-08 04:40:00,,,,False,False
2026-01-08 04:45:00,,,,False,False
2026-01-08 04:50:00,,,,False,False
2026-01-08 04:55:00,,,,False,False
2026-01-08 05:00:00,,,,False,False
2026-01-08 05:05:00,,,,False,False
2026-01-08 05:10:00,,,,False,False
2026-01-08 05:15:00,,,,False,False
2026-01-08 05:20:00,,,,False,False
2026-01-08 05:25:00,,,,False,False
2026-01-08 05:30:00,,,,False,False
2026-01-08 05:35:00,,,,False,False
2026-01-08 05:40:00,,,,False,False
2026-01-08 05:45:00,,,,False,False
2026-01-08 05:50:00,,,,False,False
2026-01-08 05:55:00,,,,False,False
2026-01-08 06:00:00,,,,False,False
2026-01-08 06:05:00,,,,False,False
2026-01-08 06:10:00,,,,False,False
2026-01-08 06:15:00,,,,False,False
2026-01-08 06:20:00,,,,False,False
2026-01-08 06:25:00,,,,False,False
2026-01-08 06:30:00,,,,False,False
2026-01-08 06:35:00,,,,False,False
2026-01-08 06:40:00,,,,False,False
2026-01-08 06:45:00,,,,False,False
2026-01-08 06:50:00,,,,False,False
2026-01-08 06:55:00,,,,False,False
2026-01-08 07:00:00,,,,False,False
2026-01-08 07:05:00,,,,False,False
2026-01-08 07:10:00,,,,False,False
2026-01-08 07:15:00,,,,False,False
2026-01-08 07:20:00,,,,False,False
2026-01-08 07:25:00,,,,False,False
2026-01-08 07:30:00,,,,False,False
2026-01-08 07:35:00,,,,False,False
2026-01-08 07:40:00,,,,False,False
2026-01-08 07:45:00,,,,False,False
2026-01-08 07:50:00,,,,False,False
2026-01-08 07:55:00,,,,False,False
2026-01-08 08:00:00,,,,False,False
2026-01-08 08:05:00,,,,False,False
2026-01-08 08:10:00,,,,False,False
2026-01-08 08:15:00,,,,False,False
2026-01-08 08:20:00,,,,False,False
2026-01-08 08:25:00,,,,False,False
2026-01-08 08:30:00,,,,False,False
2026-01-08 08:35:00,,,,False,False
2026-01-08 08:40:00,,,,False,False
2026-01-08 08:45:00,,,,False,False
2026-01-08 08:50:00,,,,False,False
2026-01-08 08:55:00,,,,False,False
2026-01-08 09:00:00,,,,False,False
2026-01-08 09:05:00,,,,False,False
2026-01-08 09:10:00,,,,False,False
2026-01-08 09:15:00,08-01-2026 09:15,26101.75,0.0938,True,False
2026-01-08 09:20:00,08-01-2026 09:20,26109.7,,True,True
2026-01-08 09:25:00,08-01-2026 09:25,26087.55,0.0861,True,False
2026-01-08 09:30:00,08-01-2026 09:30,26063.1,0.0918,True,False
2026-01-08 09:35:00,08-01-2026 09:35,26053.95,0.10007,True,False
2026-01-08 09:40:00,08-01-2026 09:40,26092.65,0.09023,True,False
2026-01-08 09:45:00,08-01-2026 09:45,26077.7,,True,True
2026-01-08 09:50:00,08-01-2026 09:50,26070.8,0.09989,True,False
2026-01-08 09:55:00,08-01-2026 09:55,26089.4,0.09178,True,False
2026-01-08 10:00:00,08-01-2026 10:00,26081.9,,True,True
2026-01-08 10:05:00,08-01-2026 10:05,26068.05,0.08884,True,False
2026-01-08 10:10:00,08-01-2026 10:10,26050.3,0.09617,True,False
2026-01-08 10:15:00,08-01-2026 10:15,26055.25,0.0878,True,False
2026-01-08 10:20:00,08-01-2026 10:20,26034.9,0.09396,True,False
2026-01-08 10:25:00,08-01-2026 10:25,26034.15,0.09619,True,False
2026-01-08 10:30:00,08-01-2026 10:30,26034.2,0.09655,True,False
2026-01-08 10:35:00,08-01-2026 10:35,26040.5,0.0917,True,False
2026-01-08 10:40:00,08-01-2026 10:40,26027.15,,True,True
2026-01-08 10:45:00,08-01-2026 10:45,26033.1,0.09329,True,False
2026-01-08 10:50:00,08-01-2026 10:50,26029.85,0.09317,True,False
2026-01-08 10:55:00,08-01-2026 10:55,26018.95,0.09308,True,False
2026-01-08 11:00:00,08-01-2026 11:00,26016.4,0.0946,True,False
2026-01-08 11:05:00,08-01-2026 11:05,26011.95,0.09649,True,False
2026-01-08 11:10:00,08-01-2026 11:10,26009.35,,True,True
2026-01-08 11:15:00,08-01-2026 11:15,26005.55,0.09407,True,False
2026-01-08 11:20:00,08-01-2026 11:20,25984.4,0.09345,True,False
2026-01-08 11:25:00,08-01-2026 11:25,25968.0,0.09972,True,False
2026-01-08 11:30:00,08-01-2026 11:30,25968.05,0.09904,True,False
2026-01-08 11:35:00,08-01-2026 11:35,25971.65,0.10083,True,False
2026-01-08 11:40:00,08-01-2026 11:40,25983.85,0.09626,True,False
2026-01-08 11:45:00,08-01-2026 11:45,25973.8,,True,True
2026-01-08 11:50:00,08-01-2026 11:50,25958.25,0.09931,True,False
2026-01-08 11:55:00,08-01-2026 11:55,25958.05,0.09325,True,False
2026-01-08 12:00:00,08-01-2026 12:00,25936.15,0.09569,True,False
2026-01-08 12:05:00,08-01-2026 12:05,25896.7,,True,True
2026-01-08 12:10:00,08-01-2026 12:10,25920.3,0.10319,True,False
2026-01-08 12:15:00,08-01-2026 12:15,25935.5,0.09952,True,False
2026-01-08 12:20:00,08-01-2026 12:20,25923.15,0.10183,True,False
2026-01-08 12:25:00,08-01-2026 12:25,25934.95,0.1013,True,False
2026-01-08 12:30:00,08-01-2026 12:30,25935.9,0.09758,True,False
2026-01-08 12:35:00,08-01-2026 12:35,25914.7,0.10462,True,False
2026-01-08 12:40:00,08-01-2026 12:40,25920.75,0.10369,True,False
2026-01-08 12:45:00,08-01-2026 12:45,25921.8,0.10173,True,False
2026-01-08 12:50:00,08-01-2026 12:50,25913.2,0.10438,True,False
2026-01-08 12:55:00,08-01-2026 12:55,25910.65,0.10295,True,False
2026-01-08 13:00:00,08-01-2026 13:00,25905.65,0.10712,True,False
2026-01-08 13:05:00,08-01-2026 13:05,25924.95,0.10217,True,False
2026-01-08 13:10:00,08-01-2026 13:10,25922.25,0.10381,True,False
2026-01-08 13:15:00,08-01-2026 13:15,25921.8,,True,True
2026-01-08 13:20:00,08-01-2026 13:20,25914.55,0.1013,True,False
2026-01-08 13:25:00,08-01-2026 13:25,25911.75,,True,True
2026-01-08 13:30:00,08-01-2026 13:30,25888.65,0.1054,True,False
2026-01-08 13:35:00,08-01-2026 13:35,25907.5,0.10234,True,False
2026-01-08 13:40:00,08-01-2026 13:40,25901.95,0.10332,True,False
2026-01-08 13:45:00,08-01-2026 13:45,25914.15,0.1032,True,False
2026-01-08 13:50:00,08-01-2026 13:50,25911.55,0.1038,True,False
2026-01-08 13:55:00,08-01-2026 13:55,25926.6,0.10115,True,False
2026-01-08 14:00:00,08-01-2026 14:00,25936.35,,True,True
2026-01-08 14:05:00,08-01-2026 14:05,25930.35,0.09783,True,False
2026-01-08 14:10:00,08-01-2026 14:10,25918.0,0.10303,True,False
2026-01-08 14:15:00,08-01-2026 14:15,25928.1,0.10159,True,False
2026-01-08 14:20:00,08-01-2026 14:20,25935.4,0.09649,True,False
2026-01-08 14:25:00,08-01-2026 14:25,25922.75,,True,True
2026-01-08 14:30:00,08-01-2026 14:30,25906.05,0.10707,True,False
2026-01-08 14:35:00,08-01-2026 14:35,25930.65,0.09925,True,False
2026-01-08 14:40:00,08-01-2026 14:40,25928.05,0.09931,True,False
2026-01-08 14:45:00,08-01-2026 14:45,25926.4,0.09907,True,False
2026-01-08 14:50:00,08-01-2026 14:50,25932.65,0.09518,True,False
2026-01-08 14:55:00,08-01-2026 14:55,25918.9,0.09765,True,False
2026-01-08 15:00:00,08-01-2026 15:00,25894.05,0.09234,True,False
2026-01-08 15:05:00,08-01-2026 15:05,25867.85,0.10031,True,False
2026-01-08 15:10:00,08-01-2026 15:10,25878.85,0.09855,True,False
2026-01-08 15:15:00,08-01-2026 15:15,25875.3,0.09768,True,False
2026-01-08 15:20:00,08-01-2026 15:20,25877.45,0.09608,True,False
2026-01-08 15:25:00,08-01-2026 15:25,25872.2,0.09347,True,False
2026-01-08 15:30:00,,,,False,False
2026-01-08 15:35:00,,,,False,False
2026-01-08 15:40:00,,,,False,False
2026-01-08 15:45:00,,,,False,False
2026-01-08 15:50:00,,,,False,False
2026-01-08 15:55:00,,,,False,False
2026-01-08 16:00:00,,,,False,False
2026-01-08 16:05:00,,,,False,False
2026-01-08 16:10:00,,,,False,False
2026-01-08 16:15:00,,,,False,False
2026-01-08 16:20:00,,,,False,False
2026-01-08 16:25:00,,,,False,False
2026-01-08 16:30:00,,,,False,False
2026-01-08 16:35:00,,,,False,False
2026-01-08 16:40:00,,,,False,False
2026-01-08 16:45:00,,,,False,False
2026-01-08 16:50:00,,,,False,False
2026-01-08 16:55:00,,,,False,False
2026-01-08 17:00:00,,,,False,False
2026-01-08 17:05:00,,,,False,False
2026-01-08 17:10:00,,,,False,False
2026-01-08 17:15:00,,,,False,False
2026-01-08 17:20:00,,,,False,False
2026-01-08 17:25:00,,,,False,False
2026-01-08 17:30:00,,,,False,False
2026-01-08 17:35:00,,,,False,False
2026-01-08 17:40:00,,,,False,False
2026-01-08 17:45:00,,,,False,False
2026-01-08 17:50:00,,,,False,False
2026-01-08 17:55:00,,,,False,False
2026-01-08 18:00:00,,,,False,False
2026-01-08 18:05:00,,,,False,False
2026-01-08 18:10:00,,,,False,False
2026-01-08 18:15:00,,,,False,False
2026-01-08 18:20:00,,,,False,False
2026-01-08 18:25:00,,,,False,False
2026-01-08 18:30:00,,,,False,False
2026-01-08 18:35:00,,,,False,False
2026-01-08 18:40:00,,,,False,False
2026-01-08 18:45:00,,,,False,False
2026-01-08 18:50:00,,,,False,False
2026-01-08 18:55:00,,,,False,False
2026-01-08 19:00:00,,,,False,False
2026-01-08 19:05:00,,,,False,False
2026-01-08 19:10:00,,,,False,False
2026-01-08 19:15:00,,,,False,False
2026-01-08 19:20:00,,,,False,False
2026-01-08 19:25:00,,,,False,False
2026-01-08 19:30:00,,,,False,False
2026-01-08 19:35:00,,,,False,False
2026-01-08 19:40:00,,,,False,False
2026-01-08 19:45:00,,,,False,False
2026-01-08 19:50:00,,,,False,False
2026-01-08 19:55:00,,,,False,False
2026-01-08 20:00:00,,,,False,False
2026-01-08 20:05:00,,,,False,False
2026-01-08 20:10:00,,,,False,False
2026-01-08 20:15:00,,,,False,False
2026-01-08 20:20:00,,,,False,False
2026-01-08 20:25:00,,,,False,False
2026-01-08 20:30:00,,,,False,False
2026-01-08 20:35:00,,,,False,False
2026-01-08 20:40:00,,,,False,False
2026-01-08 20:45:00,,,,False,False
2026-01-08 20:50:00,,,,False,False
2026-01-08 20:55:00,,,,False,False
2026-01-08 21:00:00,,,,False,False
2026-01-08 21:05:00,,,,False,False
2026-01-08 21:10:00,,,,False,False
2026-01-08 21:15:00,,,,False,False
2026-01-08 21:20:00,,,,False,False
2026-01-08 21:25:00,,,,False,False
2026-01-08 21:30:00,,,,False,False
2026-01-08 21:35:00,,,,False,False
2026-01-08 21:40:00,,,,False,False
2026-01-08 21:45:00,,,,False,False
2026-01-08 21:50:00,,,,False,False
2026-01-08 21:55:00,,,,False,False
2026-01-08 22:00:00,,,,False,False
2026-01-08 22:05:00,,,,False,False
2026-01-08 22:10:00,,,,False,False
2026-01-08 22:15:00,,,,False,False
2026-01-08 22:20:00,,,,False,False
2026-01-08 22:25:00,,,,False,False
2026-01-08 22:30:00,,,,False,False
2026-01-08 22:35:00,,,,False,False
2026-01-08 22:40:00,,,,False,False
2026-01-08 22:45:00,,,,False,False
2026-01-08 22:50:00,,,,False,False
2026-01-08 22:55:00,,,,False,False
2026-01-08 23:00:00,,,,False,False
2026-01-08 23:05:00,,,,False,False
2026-01-08 23:10:00,,,,False,False
2026-01-08 23:15:00,,,,False,False
2026-01-08 23:20:00,,,,False,False
2026-01-08 23:25:00,,,,False,False
2026-01-08 23:30:00,,,,False,False
2026-01-08 23:35:00,,,,False,False
2026-01-08 23:40:00,,,,False,False
2026-01-08 23:45:00,,,,False,False
2026-01-08 23:50:00,,,,False,False
2026-01-08 23:55:00,,,,False,False
2026-01-09 00:00:00,,,,False,False
2026-01-09 00:05:00,,,,False,False
2026-01-09 00:10:00,,,,False,False
2026-01-09 00:15:00,,,,False,False
2026-01-09 00:20:00,,,,False,False
2026-01-09 00:25:00,,,,False,False
2026-01-09 00:30:00,,,,False,False
2026-01-09 00:35:00,,,,False,False
2026-01-09 00:40:00,,,,False,False
2026-01-09 00:45:00,,,,False,False
2026-01-09 00:50:00,,,,False,False
2026-01-09 00:55:00,,,,False,False
2026-01-09 01:00:00,,,,False,False
2026-01-09 01:05:00,,,,False,False
2026-01-09 01:10:00,,,,False,False
2026-01-09 01:15:00,,,,False,False
2026-01-09 01:20:00,,,,False,False
2026-01-09 01:25:00,,,,False,False
2026-01-09 01:30:00,,,,False,False
2026-01-09 01:35:00,,,,False,False
2026-01-09 01:40:00,,,,False,False
2026-01-09 01:45:00,,,,False,False
2026-01-09 01:50:00,,,,False,False
2026-01-09 01:55:00,,,,False,False
2026-01-09 02:00:00,,,,False,False
2026-01-09 02:05:00,,,,False,False
2026-01-09 02:10:00,,,,False,False
2026-01-09 02:15:00,,,,False,False
2026-01-09 02:20:00,,,,False,False
2026-01-09 02:25:00,,,,False,False
2026-01-09 02:30:00,,,,False,False
2026-01-09 02:35:00,,,,False,False
2026-01-09 02:40:00,,,,False,False
2026-01-09 02:45:00,,,,False,False
2026-01-09 02:50:00,,,,False,False
2026-01-09 02:55:00,,,,False,False
2026-01-09 03:00:00,,,,False,False
2026-01-09 03:05:00,,,,False,False
2026-01-09 03:10:00,,,,False,False
2026-01-09 03:15:00,,,,False,False
2026-01-09 03:20:00,,,,False,False
2026-01-09 03:25:00,,,,False,False
2026-01-09 03:30:00,,,,False,False
2026-01-09 03:35:00,,,,False,False
2026-01-09 03:40:00,,,,False,False
2026-01-09 03:45:00,,,,False,False
2026-01-09 03:50:00,,,,False,False
2026-01-09 03:55:00,,,,False,False
2026-01-09 04:00:00,,,,False,False
2026-01-09 04:05:00,,,,False,False
2026-01-09 04:10:00,,,,False,False
2026-01-09 04:15:00,,,,False,False
2026-01-09 04:20:00,,,,False,False
2026-01-09 04:25:00,,,,False,False
2026-01-09 04:30:00,,,,False,False
2026-01-09 04:35:00,,,,False,False
2026-01-09 04:40:00,,,,False,False
2026-01-09 04:45:00,,,,False,False
2026-01-09 04:50:00,,,,False,False
2026-01-09 04:55:00,,,,False,False
2026-01-09 05:00:00,,,,False,False
2026-01-09 05:05:00,,,,False,False
2026-01-09 05:10:00,,,,False,False
2026-01-09 05:15:00,,,,False,False
2026-01-09 05:20:00,,,,False,False
2026-01-09 05:25:00,,,,False,False
2026-01-09 05:30:00,,,,False,False
2026-01-09 05:35:00,,,,False,False
2026-01-09 05:40:00,,,,False,False
2026-01-09 05:45:00,,,,False,False
2026-01-09 05:50:00,,,,False,False
2026-01-09 05:55:00,,,,False,False
2026-01-09 06:00:00,,,,False,False
2026-01-09 06:05:00,,,,False,False
2026-01-09 06:10:00,,,,False,False
2026-01-09 06:15:00,,,,False,False
2026-01-09 06:20:00,,,,False,False
2026-01-09 06:25:00,,,,False,False
2026-01-09 06:30:00,,,,False,False
2026-01-09 06:35:00,,,,False,False
2026-01-09 06:40:00,,,,False,False
2026-01-09 06:45:00,,,,False,False
2026-01-09 06:50:00,,,,False,False
2026-01-09 06:55:00,,,,False,False
2026-01-09 07:00:00,,,,False,False
2026-01-09 07:05:00,,,,False,False
2026-01-09 07:10:00,,,,False,False
2026-01-09 07:15:00,,,,False,False
2026-01-09 07:20:00,,,,False,False
2026-01-09 07:25:00,,,,False,False
2026-01-09 07:30:00,,,,False,False
2026-01-09 07:35:00,,,,False,False
2026-01-09 07:40:00,,,,False,False
2026-01-09 07:45:00,,,,False,False
2026-01-09 07:50:00,,,,False,False
2026-01-09 07:55:00,,,,False,False
2026-01-09 08:00:00,,,,False,False
2026-01-09 08:05:00,,,,False,False
2026-01-09 08:10:00,,,,False,False
2026-01-09 08:15:00,,,,False,False
2026-01-09 08:20:00,,,,False,False
2026-01-09 08:25:00,,,,False,False
2026-01-09 08:30:00,,,,False,False
2026-01-09 08:35:00,,,,False,False
2026-01-09 08:40:00,,,,False,False
2026-01-09 08:45:00,,,,False,False
2026-01-09 08:50:00,,,,False,False
2026-01-09 08:55:00,,,,False,False
2026-01-09 09:00:00,,,,False,False
2026-01-09 09:05:00,,,,False,False
2026-01-09 09:10:00,,,,False,False
2026-01-09 09:15:00,09-01-2026 09:15,25899.85,0.10327,True,False
2026-01-09 09:20:00,09-01-2026 09:20,25916.2,0.08685,True,False
2026-01-09 09:25:00,09-01-2026 09:25,25858.55,0.0978,True,False
2026-01-09 09:30:00,09-01-2026 09:30,25855.3,0.09624,True,False
2026-01-09 09:35:00,09-01-2026 09:35,25832.05,0.10058,True,False
2026-01-09 09:40:00,09-01-2026 09:40,25822.35,,True,True
2026-01-09 09:45:00,09-01-2026 09:45,25853.6,,True,True
2026-01-09 09:50:00,09-01-2026 09:50,25857.2,0.10596,True,False
2026-01-09 09:55:00,09-01-2026 09:55,25884.0,0.10269,True,False
2026-01-09 10:00:00,09-01-2026 10:00,25894.2,0.09637,True,False
2026-01-09 10:05:00,09-01-2026 10:05,25862.35,0.10481,True,False
2026-01-09 10:10:00,09-01-2026 10:10,25871.6,0.09632,True,False
2026-01-09 10:15:00,09-01-2026 10:15,25866.2,0.09703,True,False
2026-01-09 10:20:00,09-01-2026 10:20,25855.2,0.10197,True,False
2026-01-09 10:25:00,09-01-2026 10:25,25858.65,0.10496,True,False
2026-01-09 10:30:00,09-01-2026 10:30,25876.25,0.09339,True,False
2026-01-09 10:35:00,09-01-2026 10:35,25856.25,0.09794,True,False
2026-01-09 10:40:00,09-01-2026 10:40,25848.5,0.09947,True,False
2026-01-09 10:45:00,09-01-2026 10:45,25856.0,0.09729,True,False
2026-01-09 10:50:00,09-01-2026 10:50,25857.85,,True,True
2026-01-09 10:55:00,09-01-2026 10:55,25829.65,0.0963,True,False
2026-01-09 11:00:00,09-01-2026 11:00,25812.95,0.09664,True,False
2026-01-09 11:05:00,09-01-2026 11:05,25810.2,0.0984,True,False
2026-01-09 11:10:00,09-01-2026 11:10,25819.45,0.09292,True,False
2026-01-09 11:15:00,09-01-2026 11:15,25805.3,0.09601,True,False
2026-01-09 11:20:00,09-01-2026 11:20,25797.5,0.0968,True,False
2026-01-09 11:25:00,09-01-2026 11:25,25799.65,0.09918,True,False
2026-01-09 11:30:00,09-01-2026 11:30,25809.4,0.09358,True,False
2026-01-09 11:35:00,09-01-2026 11:35,25776.0,0.09582,True,False
2026-01-09 11:40:00,09-01-2026 11:40,25764.3,,True,True
2026-01-09 11:45:00,09-01-2026 11:45,25759.6,,True,True
2026-01-09 11:50:00,09-01-2026 11:50,25748.85,0.09828,True,False
2026-01-09 11:55:00,09-01-2026 11:55,25747.75,0.09761,True,False
2026-01-09 12:00:00,09-01-2026 12:00,25743.15,0.10049,True,False
2026-01-09 12:05:00,09-01-2026 12:05,25753.7,0.09693,True,False
2026-01-09 12:10:00,09-01-2026 12:10,25746.8,,True,True
2026-01-09 12:15:00,09-01-2026 12:15,25744.0,,True,True
2026-01-09 12:20:00,09-01-2026 12:20,25738.7,0.09516,True,False
2026-01-09 12:25:00,09-01-2026 12:25,25737.5,0.09271,True,False
2026-01-09 12:30:00,09-01-2026 12:30,25724.25,0.09464,True,False
2026-01-09 12:35:00,09-01-2026 12:35,25712.65,0.09479,True,False
2026-01-09 12:40:00,09-01-2026 12:40,25689.45,0.09745,True,False
2026-01-09 12:45:00,09-01-2026 12:45,25685.25,,True,True
2026-01-09 12:50:00,09-01-2026 12:50,25678.5,0.09964,True,False
2026-01-09 12:55:00,09-01-2026 12:55,25695.15,0.09771,True,False
2026-01-09 13:00:00,09-01-2026 13:00,25694.0,0.09794,True,False
2026-01-09 13:05:00,09-01-2026 13:05,25687.3,0.09932,True,False
2026-01-09 13:10:00,09-01-2026 13:10,25691.5,,True,True
2026-01-09 13:15:00,09-01-2026 13:15,25696.8,,True,True
2026-01-09 13:20:00,09-01-2026 13:20,25704.7,0.09758,True,False
2026-01-09 13:25:00,09-01-2026 13:25,25701.95,0.09904,True,False
2026-01-09 13:30:00,09-01-2026 13:30,25705.5,,True,True
2026-01-09 13:35:00,09-01-2026 13:35,25704.05,,True,True
2026-01-09 13:40:00,09-01-2026 13:40,25707.75,0.0943,True,False
2026-01-09 13:45:00,09-01-2026 13:45,25683.75,0.09777,True,False
2026-01-09 13:50:00,09-01-2026 13:50,25682.0,0.09695,True,False
2026-01-09 13:55:00,09-01-2026 13:55,25665.25,0.10189,True,False
2026-01-09 14:00:00,09-01-2026 14:00,25689.05,0.09693,True,False
2026-01-09 14:05:00,09-01-2026 14:05,25678.55,0.09954,True,False
2026-01-09 14:10:00,09-01-2026 14:10,25674.05,0.09679,True,False
2026-01-09 14:15:00,09-01-2026 14:15,25669.0,0.09726,True,False
2026-01-09 14:20:00,09-01-2026 14:20,25668.65,,True,True
2026-01-09 14:25:00,09-01-2026 14:25,25671.35,0.09582,True,False
2026-01-09 14:30:00,09-01-2026 14:30,25652.65,,True,True
2026-01-09 14:35:00,09-01-2026 14:35,25659.1,0.09844,True,False
2026-01-09 14:40:00,09-01-2026 14:40,25650.4,,True,True
2026-01-09 14:45:00,09-01-2026 14:45,25668.25,0.09815,True,False
2026-01-09 14:50:00,09-01-2026 14:50,25663.45,0.09834,True,False
2026-01-09 14:55:00,09-01-2026 14:55,25674.9,,True,True
2026-01-09 15:00:00,09-01-2026 15:00,25668.55,0.09847,True,False
2026-01-09 15:05:00,09-01-2026 15:05,25679.0,0.0985,True,False
2026-01-09 15:10:00,09-01-2026 15:10,25688.85,0.09887,True,False
2026-01-09 15:15:00,09-01-2026 15:15,25690.6,,True,True
2026-01-09 15:20:00,09-01-2026 15:20,25695.2,0.09868,True,False
2026-01-09 15:25:00,09-01-2026 15:25,25688.2,0.10353,True,False
2026-01-09 15:30:00,,,,False,False
2026-01-09 15:35:00,,,,False,False
2026-01-09 15:40:00,,,,False,False
2026-01-09 15:45:00,,,,False,False
2026-01-09 15:50:00,,,,False,False
2026-01-09 15:55:00,,,,False,False
2026-01-09 16:00:00,,,,False,False
2026-01-09 16:05:00,,,,False,False
2026-01-09 16:10:00,,,,False,False
2026-01-09 16:15:00,,,,False,False
2026-01-09 16:20:00,,,,False,False
2026-01-09 16:25:00,,,,False,False
2026-01-09 16:30:00,,,,False,False
2026-01-09 16:35:00,,,,False,False
2026-01-09 16:40:00,,,,False,False
2026-01-09 16:45:00,,,,False,False
2026-01-09 16:50:00,,,,False,False
2026-01-09 16:55:00,,,,False,False
2026-01-09 17:00:00,,,,False,False
2026-01-09 17:05:00,,,,False,False
2026-01-09 17:10:00,,,,False,False
2026-01-09 17:15:00,,,,False,False
2026-01-09 17:20:00,,,,False,False
2026-01-09 17:25:00,,,,False,False
2026-01-09 17:30:00,,,,False,False
2026-01-09 17:35:00,,,,False,False
2026-01-09 17:40:00,,,,False,False
2026-01-09 17:45:00,,,,False,False
2026-01-09 17:50:00,,,,False,False
2026-01-09 17:55:00,,,,False,False
2026-01-09 18:00:00,,,,False,False
2026-01-09 18:05:00,,,,False,False
2026-01-09 18:10:00,,,,False,False
2026-01-09 18:15:00,,,,False,False
2026-01-09 18:20:00,,,,False,False
2026-01-09 18:25:00,,,,False,False
2026-01-09 18:30:00,,,,False,False
2026-01-09 18:35:00,,,,False,False
2026-01-09 18:40:00,,,,False,False
2026-01-09 18:45:00,,,,False,False
2026-01-09 18:50:00,,,,False,False
2026-01-09 18:55:00,,,,False,False
2026-01-09 19:00:00,,,,False,False
2026-01-09 19:05:00,,,,False,False
2026-01-09 19:10:00,,,,False,False
2026-01-09 19:15:00,,,,False,False
2026-01-09 19:20:00,,,,False,False
2026-01-09 19:25:00,,,,False,False
2026-01-09 19:30:00,,,,False,False
2026-01-09 19:35:00,,,,False,False
2026-01-09 19:40:00,,,,False,False
2026-01-09 19:45:00,,,,False,False
2026-01-09 19:50:00,,,,False,False
2026-01-09 19:55:00,,,,False,False
2026-01-09 20:00:00,,,,False,False
2026-01-09 20:05:00,,,,False,False
2026-01-09 20:10:00,,,,False,False
2026-01-09 20:15:00,,,,False,False
2026-01-09 20:20:00,,,,False,False
2026-01-09 20:25:00,,,,False,False
2026-01-09 20:30:00,,,,False,False
2026-01-09 20:35:00,,,,False,False
2026-01-09 20:40:00,,,,False,False
2026-01-09 20:45:00,,,,False,False
2026-01-09 20:50:00,,,,False,False
2026-01-09 20:55:00,,,,False,False
2026-01-09 21:00:00,,,,False,False
2026-01-09 21:05:00,,,,False,False
2026-01-09 21:10:00,,,,False,False
2026-01-09 21:15:00,,,,False,False
2026-01-09 21:20:00,,,,False,False
2026-01-09 21:25:00,,,,False,False
2026-01-09 21:30:00,,,,False,False
2026-01-09 21:35:00,,,,False,False
2026-01-09 21:40:00,,,,False,False
2026-01-09 21:45:00,,,,False,False
2026-01-09 21:50:00,,,,False,False
2026-01-09 21:55:00,,,,False,False
2026-01-09 22:00:00,,,,False,False
2026-01-09 22:05:00,,,,False,False
2026-01-09 22:10:00,,,,False,False
2026-01-09 22:15:00,,,,False,False
2026-01-09 22:20:00,,,,False,False
2026-01-09 22:25:00,,,,False,False
2026-01-09 22:30:00,,,,False,False
2026-01-09 22:35:00,,,,False,False
2026-01-09 22:40:00,,,,False,False
2026-01-09 22:45:00,,,,False,False
2026-01-09 22:50:00,,,,False,False
2026-01-09 22:55:00,,,,False,False
2026-01-09 23:00:00,,,,False,False
2026-01-09 23:05:00,,,,False,False
2026-01-09 23:10:00,,,,False,False
2026-01-09 23:15:00,,,,False,False
2026-01-09 23:20:00,,,,False,False
2026-01-09 23:25:00,,,,False,False
2026-01-09 23:30:00,,,,False,False
2026-01-09 23:35:00,,,,False,False
2026-01-09 23:40:00,,,,False,False
2026-01-09 23:45:00,,,,False,False
2026-01-09 23:50:00,,,,False,False
2026-01-09 23:55:00,,,,False,False
2026-01-10 00:00:00,,,,False,False
2026-01-10 00:05:00,,,,False,False
2026-01-10 00:10:00,,,,False,False
2026-01-10 00:15:00,,,,False,False
2026-01-10 00:20:00,,,,False,False
2026-01-10 00:25:00,,,,False,False
2026-01-10 00:30:00,,,,False,False
2026-01-10 00:35:00,,,,False,False
2026-01-10 00:40:00,,,,False,False
2026-01-10 00:45:00,,,,False,False
2026-01-10 00:50:00,,,,False,False
2026-01-10 00:55:00,,,,False,False
2026-01-10 01:00:00,,,,False,False
2026-01-10 01:05:00,,,,False,False
2026-01-10 01:10:00,,,,False,False
2026-01-10 01:15:00,,,,False,False
2026-01-10 01:20:00,,,,False,False
2026-01-10 01:25:00,,,,False,False
2026-01-10 01:30:00,,,,False,False
2026-01-10 01:35:00,,,,False,False
2026-01-10 01:40:00,,,,False,False
2026-01-10 01:45:00,,,,False,False
2026-01-10 01:50:00,,,,False,False
2026-01-10 01:55:00,,,,False,False
2026-01-10 02:00:00,,,,False,False
2026-01-10 02:05:00,,,,False,False
2026-01-10 02:10:00,,,,False,False
2026-01-10 02:15:00,,,,False,False
2026-01-10 02:20:00,,,,False,False
2026-01-10 02:25:00,,,,False,False
2026-01-10 02:30:00,,,,False,False
2026-01-10 02:35:00,,,,False,False
2026-01-10 02:40:00,,,,False,False
2026-01-10 02:45:00,,,,False,False
2026-01-10 02:50:00,,,,False,False
2026-01-10 02:55:00,,,,False,False
2026-01-10 03:00:00,,,,False,False
2026-01-10 03:05:00,,,,False,False
2026-01-10 03:10:00,,,,False,False
2026-01-10 03:15:00,,,,False,False
2026-01-10 03:20:00,,,,False,False
2026-01-10 03:25:00,,,,False,False
2026-01-10 03:30:00,,,,False,False
2026-01-10 03:35:00,,,,False,False
2026-01-10 03:40:00,,,,False,False
2026-01-10 03:45:00,,,,False,False
2026-01-10 03:50:00,,,,False,False
2026-01-10 03:55:00,,,,False,False
2026-01-10 04:00:00,,,,False,False
2026-01-10 04:05:00,,,,False,False
2026-01-10 04:10:00,,,,False,False
2026-01-10 04:15:00,,,,False,False
2026-01-10 04:20:00,,,,False,False
2026-01-10 04:25:00,,,,False,False
2026-01-10 04:30:00,,,,False,False
2026-01-10 04:35:00,,,,False,False
2026-01-10 04:40:00,,,,False,False
2026-01-10 04:45:00,,,,False,False
2026-01-10 04:50:00,,,,False,False
2026-01-10 04:55:00,,,,False,False
2026-01-10 05:00:00,,,,False,False
2026-01-10 05:05:00,,,,False,False
2026-01-10 05:10:00,,,,False,False
2026-01-10 05:15:00,,,,False,False
2026-01-10 05:20:00,,,,False,False
2026-01-10 05:25:00,,,,False,False
2026-01-10 05:30:00,,,,False,False
2026-01-10 05:35:00,,,,False,False
2026-01-10 05:40:00,,,,False,False
2026-01-10 05:45:00,,,,False,False
2026-01-10 05:50:00,,,,False,False
2026-01-10 05:55:00,,,,False,False
2026-01-10 06:00:00,,,,False,False
2026-01-10 06:05:00,,,,False,False
2026-01-10 06:10:00,,,,False,False
2026-01-10 06:15:00,,,,False,False
2026-01-10 06:20:00,,,,False,False
2026-01-10 06:25:00,,,,False,False
2026-01-10 06:30:00,,,,False,False
2026-01-10 06:35:00,,,,False,False
2026-01-10 06:40:00,,,,False,False
2026-01-10 06:45:00,,,,False,False
2026-01-10 06:50:00,,,,False,False
2026-01-10 06:55:00,,,,False,False
2026-01-10 07:00:00,,,,False,False
2026-01-10 07:05:00,,,,False,False
2026-01-10 07:10:00,,,,False,False
2026-01-10 07:15:00,,,,False,False
2026-01-10 07:20:00,,,,False,False
2026-01-10 07:25:00,,,,False,False
2026-01-10 07:30:00,,,,False,False
2026-01-10 07:35:00,,,,False,False
2026-01-10 07:40:00,,,,False,False
2026-01-10 07:45:00,,,,False,False
2026-01-10 07:50:00,,,,False,False
2026-01-10 07:55:00,,,,False,False
2026-01-10 08:00:00,,,,False,False
2026-01-10 08:05:00,,,,False,False
2026-01-10 08:10:00,,,,False,False
2026-01-10 08:15:00,,,,False,False
2026-01-10 08:20:00,,,,False,False
2026-01-10 08:25:00,,,,False,False
2026-01-10 08:30:00,,,,False,False
2026-01-10 08:35:00,,,,False,False
2026-01-10 08:40:00,,,,False,False
2026-01-10 08:45:00,,,,False,False
2026-01-10 08:50:00,,,,False,False
2026-01-10 08:55:00,,,,False,False
2026-01-10 09:00:00,,,,False,False
2026-01-10 09:05:00,,,,False,False
2026-01-10 09:10:00,,,,False,False
2026-01-10 09:15:00,,,,False,False
2026-01-10 09:20:00,,,,False,False
2026-01-10 09:25:00,,,,False,False
2026-01-10 09:30:00,,,,False,False
2026-01-10 09:35:00,,,,False,False
2026-01-10 09:40:00,,,,False,False
2026-01-10 09:45:00,,,,False,False
2026-01-10 09:50:00,,,,False,False
2026-01-10 09:55:00,,,,False,False
2026-01-10 10:00:00,,,,False,False
2026-01-10 10:05:00,,,,False,False
2026-01-10 10:10:00,,,,False,False
2026-01-10 10:15:00,,,,False,False
2026-01-10 10:20:00,,,,False,False
2026-01-10 10:25:00,,,,False,False
2026-01-10 10:30:00,,,,False,False
2026-01-10 10:35:00,,,,False,False
2026-01-10 10:40:00,,,,False,False
2026-01-10 10:45:00,,,,False,False
2026-01-10 10:50:00,,,,False,False
2026-01-10 10:55:00,,,,False,False
2026-01-10 11:00:00,,,,False,False
2026-01-10 11:05:00,,,,False,False
2026-01-10 11:10:00,,,,False,False
2026-01-10 11:15:00,,,,False,False
2026-01-10 11:20:00,,,,False,False
2026-01-10 11:25:00,,,,False,False
2026-01-10 11:30:00,,,,False,False
2026-01-10 11:35:00,,,,False,False
2026-01-10 11:40:00,,,,False,False
2026-01-10 11:45:00,,,,False,False
2026-01-10 11:50:00,,,,False,False
2026-01-10 11:55:00,,,,False,False
2026-01-10 12:00:00,,,,False,False
2026-01-10 12:05:00,,,,False,False
2026-01-10 12:10:00,,,,False,False
2026-01-10 12:15:00,,,,False,False
2026-01-10 12:20:00,,,,False,False
2026-01-10 12:25:00,,,,False,False
2026-01-10 12:30:00,,,,False,False
2026-01-10 12:35:00,,,,False,False
2026-01-10 12:40:00,,,,False,False
2026-01-10 12:45:00,,,,False,False
2026-01-10 12:50:00,,,,False,False
2026-01-10 12:55:00,,,,False,False
2026-01-10 13:00:00,,,,False,False
2026-01-10 13:05:00,,,,False,False
2026-01-10 13:10:00,,,,False,False
2026-01-10 13:15:00,,,,False,False
2026-01-10 13:20:00,,,,False,False
2026-01-10 13:25:00,,,,False,False
2026-01-10 13:30:00,,,,False,False
2026-01-10 13:35:00,,,,False,False
2026-01-10 13:40:00,,,,False,False
2026-01-10 13:45:00,,,,False,False
2026-01-10 13:50:00,,,,False,False
2026-01-10 13:55:00,,,,False,False
2026-01-10 14:00:00,,,,False,False
2026-01-10 14:05:00,,,,False,False
2026-01-10 14:10:00,,,,False,False
2026-01-10 14:15:00,,,,False,False
2026-01-10 14:20:00,,,,False,False
2026-01-10 14:25:00,,,,False,False
2026-01-10 14:30:00,,,,False,False
2026-01-10 14:35:00,,,,False,False
2026-01-10 14:40:00,,,,False,False
2026-01-10 14:45:00,,,,False,False
2026-01-10 14:50:00,,,,False,False
2026-01-10 14:55:00,,,,False,False
2026-01-10 15:00:00,,,,False,False
2026-01-10 15:05:00,,,,False,False
2026-01-10 15:10:00,,,,False,False
2026-01-10 15:15:00,,,,False,False
2026-01-10 15:20:00,,,,False,False
2026-01-10 15:25:00,,,,False,False
2026-01-10 15:30:00,,,,False,False
2026-01-10 15:35:00,,,,False,False
2026-01-10 15:40:00,,,,False,False
2026-01-10 15:45:00,,,,False,False
2026-01-10 15:50:00,,,,False,False
2026-01-10 15:55:00,,,,False,False
2026-01-10 16:00:00,,,,False,False
2026-01-10 16:05:00,,,,False,False
2026-01-10 16:10:00,,,,False,False
2026-01-10 16:15:00,,,,False,False
2026-01-10 16:20:00,,,,False,False
2026-01-10 16:25:00,,,,False,False
2026-01-10 16:30:00,,,,False,False
2026-01-10 16:35:00,,,,False,False
2026-01-10 16:40:00,,,,False,False
2026-01-10 16:45:00,,,,False,False
2026-01-10 16:50:00,,,,False,False
2026-01-10 16:55:00,,,,False,False
2026-01-10 17:00:00,,,,False,False
2026-01-10 17:05:00,,,,False,False
2026-01-10 17:10:00,,,,False,False
2026-01-10 17:15:00,,,,False,False
2026-01-10 17:20:00,,,,False,False
2026-01-10 17:25:00,,,,False,False
2026-01-10 17:30:00,,,,False,False
2026-01-10 17:35:00,,,,False,False
2026-01-10 17:40:00,,,,False,False
2026-01-10 17:45:00,,,,False,False
2026-01-10 17:50:00,,,,False,False
2026-01-10 17:55:00,,,,False,False
2026-01-10 18:00:00,,,,False,False
2026-01-10 18:05:00,,,,False,False
2026-01-10 18:10:00,,,,False,False
2026-01-10 18:15:00,,,,False,False
2026-01-10 18:20:00,,,,False,False
2026-01-10 18:25:00,,,,False,False
2026-01-10 18:30:00,,,,False,False
2026-01-10 18:35:00,,,,False,False
2026-01-10 18:40:00,,,,False,False
2026-01-10 18:45:00,,,,False,False
2026-01-10 18:50:00,,,,False,False
2026-01-10 18:55:00,,,,False,False
2026-01-10 19:00:00,,,,False,False
2026-01-10 19:05:00,,,,False,False
2026-01-10 19:10:00,,,,False,False
2026-01-10 19:15:00,,,,False,False
2026-01-10 19:20:00,,,,False,False
2026-01-10 19:25:00,,,,False,False
2026-01-10 19:30:00,,,,False,False
2026-01-10 19:35:00,,,,False,False
2026-01-10 19:40:00,,,,False,False
2026-01-10 19:45:00,,,,False,False
2026-01-10 19:50:00,,,,False,False
2026-01-10 19:55:00,,,,False,False
2026-01-10 20:00:00,,,,False,False
2026-01-10 20:05:00,,,,False,False
2026-01-10 20:10:00,,,,False,False
2026-01-10 20:15:00,,,,False,False
2026-01-10 20:20:00,,,,False,False
2026-01-10 20:25:00,,,,False,False
2026-01-10 20:30:00,,,,False,False
2026-01-10 20:35:00,,,,False,False
2026-01-10 20:40:00,,,,False,False
2026-01-10 20:45:00,,,,False,False
2026-01-10 20:50:00,,,,False,False
2026-01-10 20:55:00,,,,False,False
2026-01-10 21:00:00,,,,False,False
2026-01-10 21:05:00,,,,False,False
2026-01-10 21:10:00,,,,False,False
2026-01-10 21:15:00,,,,False,False
2026-01-10 21:20:00,,,,False,False
2026-01-10 21:25:00,,,,False,False
2026-01-10 21:30:00,,,,False,False
2026-01-10 21:35:00,,,,False,False
2026-01-10 21:40:00,,,,False,False
2026-01-10 21:45:00,,,,False,False
2026-01-10 21:50:00,,,,False,False
2026-01-10 21:55:00,,,,False,False
2026-01-10 22:00:00,,,,False,False
2026-01-10 22:05:00,,,,False,False
2026-01-10 22:10:00,,,,False,False
2026-01-10 22:15:00,,,,False,False
2026-01-10 22:20:00,,,,False,False
2026-01-10 22:25:00,,,,False,False
2026-01-10 22:30:00,,,,False,False
2026-01-10 22:35:00,,,,False,False
2026-01-10 22:40:00,,,,False,False
2026-01-10 22:45:00,,,,False,False
2026-01-10 22:50:00,,,,False,False
2026-01-10 22:55:00,,,,False,False
2026-01-10 23:00:00,,,,False,False
2026-01-10 23:05:00,,,,False,False
2026-01-10 23:10:00,,,,False,False
2026-01-10 23:15:00,,,,False,False
2026-01-10 23:20:00,,,,False,False
2026-01-10 23:25:00,,,,False,False
2026-01-10 23:30:00,,,,False,False
2026-01-10 23:35:00,,,,False,False
2026-01-10 23:40:00,,,,False,False
2026-01-10 23:45:00,,,,False,False
2026-01-10 23:50:00,,,,False,False
2026-01-10 23:55:00,,,,False,False
2026-01-11 00:00:00,,,,False,False
2026-01-11 00:05:00,,,,False,False
2026-01-11 00:10:00,,,,False,False
2026-01-11 00:15:00,,,,False,False
2026-01-11 00:20:00,,,,False,False
2026-01-11 00:25:00,,,,False,False
2026-01-11 00:30:00,,,,False,False
2026-01-11 00:35:00,,,,False,False
2026-01-11 00:40:00,,,,False,False
2026-01-11 00:45:00,,,,False,False
2026-01-11 00:50:00,,,,False,False
2026-01-11 00:55:00,,,,False,False
2026-01-11 01:00:00,,,,False,False
2026-01-11 01:05:00,,,,False,False
2026-01-11 01:10:00,,,,False,False
2026-01-11 01:15:00,,,,False,False
2026-01-11 01:20:00,,,,False,False
2026-01-11 01:25:00,,,,False,False
2026-01-11 01:30:00,,,,False,False
2026-01-11 01:35:00,,,,False,False
2026-01-11 01:40:00,,,,False,False
2026-01-11 01:45:00,,,,False,False
2026-01-11 01:50:00,,,,False,False
2026-01-11 01:55:00,,,,False,False
2026-01-11 02:00:00,,,,False,False
2026-01-11 02:05:00,,,,False,False
2026-01-11 02:10:00,,,,False,False
2026-01-11 02:15:00,,,,False,False
2026-01-11 02:20:00,,,,False,False
2026-01-11 02:25:00,,,,False,False
2026-01-11 02:30:00,,,,False,False
2026-01-11 02:35:00,,,,False,False
2026-01-11 02:40:00,,,,False,False
2026-01-11 02:45:00,,,,False,False
2026-01-11 02:50:00,,,,False,False
2026-01-11 02:55:00,,,,False,False
2026-01-11 03:00:00,,,,False,False
2026-01-11 03:05:00,,,,False,False
2026-01-11 03:10:00,,,,False,False
2026-01-11 03:15:00,,,,False,False
2026-01-11 03:20:00,,,,False,False
2026-01-11 03:25:00,,,,False,False
2026-01-11 03:30:00,,,,False,False
2026-01-11 03:35:00,,,,False,False
2026-01-11 03:40:00,,,,False,False
2026-01-11 03:45:00,,,,False,False
2026-01-11 03:50:00,,,,False,False
2026-01-11 03:55:00,,,,False,False
2026-01-11 04:00:00,,,,False,False
2026-01-11 04:05:00,,,,False,False
2026-01-11 04:10:00,,,,False,False
2026-01-11 04:15:00,,,,False,False
2026-01-11 04:20:00,,,,False,False
2026-01-11 04:25:00,,,,False,False
2026-01-11 04:30:00,,,,False,False
2026-01-11 04:35:00,,,,False,False
2026-01-11 04:40:00,,,,False,False
2026-01-11 04:45:00,,,,False,False
2026-01-11 04:50:00,,,,False,False
2026-01-11 04:55:00,,,,False,False
2026-01-11 05:00:00,,,,False,False
2026-01-11 05:05:00,,,,False,False
2026-01-11 05:10:00,,,,False,False
2026-01-11 05:15:00,,,,False,False
2026-01-11 05:20:00,,,,False,False
2026-01-11 05:25:00,,,,False,False
2026-01-11 05:30:00,,,,False,False
2026-01-11 05:35:00,,,,False,False
2026-01-11 05:40:00,,,,False,False
2026-01-11 05:45:00,,,,False,False
2026-01-11 05:50:00,,,,False,False
2026-01-11 05:55:00,,,,False,False
2026-01-11 06:00:00,,,,False,False
2026-01-11 06:05:00,,,,False,False
2026-01-11 06:10:00,,,,False,False
2026-01-11 06:15:00,,,,False,False
2026-01-11 06:20:00,,,,False,False
2026-01-11 06:25:00,,,,False,False
2026-01-11 06:30:00,,,,False,False
2026-01-11 06:35:00,,,,False,False
2026-01-11 06:40:00,,,,False,False
2026-01-11 06:45:00,,,,False,False
2026-01-11 06:50:00,,,,False,False
2026-01-11 06:55:00,,,,False,False
2026-01-11 07:00:00,,,,False,False
2026-01-11 07:05:00,,,,False,False
2026-01-11 07:10:00,,,,False,False
2026-01-11 07:15:00,,,,False,False
2026-01-11 07:20:00,,,,False,False
2026-01-11 07:25:00,,,,False,False
2026-01-11 07:30:00,,,,False,False
2026-01-11 07:35:00,,,,False,False
2026-01-11 07:40:00,,,,False,False
2026-01-11 07:45:00,,,,False,False
2026-01-11 07:50:00,,,,False,False
2026-01-11 07:55:00,,,,False,False
2026-01-11 08:00:00,,,,False,False
2026-01-11 08:05:00,,,,False,False
2026-01-11 08:10:00,,,,False,False
2026-01-11 08:15:00,,,,False,False
2026-01-11 08:20:00,,,,False,False
2026-01-11 08:25:00,,,,False,False
2026-01-11 08:30:00,,,,False,False
2026-01-11 08:35:00,,,,False,False
2026-01-11 08:40:00,,,,False,False
2026-01-11 08:45:00,,,,False,False
2026-01-11 08:50:00,,,,False,False
2026-01-11 08:55:00,,,,False,False
2026-01-11 09:00:00,,,,False,False
2026-01-11 09:05:00,,,,False,False
2026-01-11 09:10:00,,,,False,False
2026-01-11 09:15:00,,,,False,False
2026-01-11 09:20:00,,,,False,False
2026-01-11 09:25:00,,,,False,False
2026-01-11 09:30:00,,,,False,False
2026-01-11 09:35:00,,,,False,False
2026-01-11 09:40:00,,,,False,False
2026-01-11 09:45:00,,,,False,False
2026-01-11 09:50:00,,,,False,False
2026-01-11 09:55:00,,,,False,False
2026-01-11 10:00:00,,,,False,False
2026-01-11 10:05:00,,,,False,False
2026-01-11 10:10:00,,,,False,False
2026-01-11 10:15:00,,,,False,False
2026-01-11 10:20:00,,,,False,False
2026-01-11 10:25:00,,,,False,False
2026-01-11 10:30:00,,,,False,False
2026-01-11 10:35:00,,,,False,False
2026-01-11 10:40:00,,,,False,False
2026-01-11 10:45:00,,,,False,False
2026-01-11 10:50:00,,,,False,False
2026-01-11 10:55:00,,,,False,False
2026-01-11 11:00:00,,,,False,False
2026-01-11 11:05:00,,,,False,False
2026-01-11 11:10:00,,,,False,False
2026-01-11 11:15:00,,,,False,False
2026-01-11 11:20:00,,,,False,False
2026-01-11 11:25:00,,,,False,False
2026-01-11 11:30:00,,,,False,False
2026-01-11 11:35:00,,,,False,False
2026-01-11 11:40:00,,,,False,False
2026-01-11 11:45:00,,,,False,False
2026-01-11 11:50:00,,,,False,False
2026-01-11 11:55:00,,,,False,False
2026-01-11 12:00:00,,,,False,False
2026-01-11 12:05:00,,,,False,False
2026-01-11 12:10:00,,,,False,False
2026-01-11 12:15:00,,,,False,False
2026-01-11 12:20:00,,,,False,False
2026-01-11 12:25:00,,,,False,False
2026-01-11 12:30:00,,,,False,False
2026-01-11 12:35:00,,,,False,False
2026-01-11 12:40:00,,,,False,False
2026-01-11 12:45:00,,,,False,False
2026-01-11 12:50:00,,,,False,False
2026-01-11 12:55:00,,,,False,False
2026-01-11 13:00:00,,,,False,False
2026-01-11 13:05:00,,,,False,False
2026-01-11 13:10:00,,,,False,False
2026-01-11 13:15:00,,,,False,False
2026-01-11 13:20:00,,,,False,False
2026-01-11 13:25:00,,,,False,False
2026-01-11 13:30:00,,,,False,False
2026-01-11 13:35:00,,,,False,False
2026-01-11 13:40:00,,,,False,False
2026-01-11 13:45:00,,,,False,False
2026-01-11 13:50:00,,,,False,False
2026-01-11 13:55:00,,,,False,False
2026-01-11 14:00:00,,,,False,False
2026-01-11 14:05:00,,,,False,False
2026-01-11 14:10:00,,,,False,False
2026-01-11 14:15:00,,,,False,False
2026-01-11 14:20:00,,,,False,False
2026-01-11 14:25:00,,,,False,False
2026-01-11 14:30:00,,,,False,False
2026-01-11 14:35:00,,,,False,False
2026-01-11 14:40:00,,,,False,False
2026-01-11 14:45:00,,,,False,False
2026-01-11 14:50:00,,,,False,False
2026-01-11 14:55:00,,,,False,False
2026-01-11 15:00:00,,,,False,False
2026-01-11 15:05:00,,,,False,False
2026-01-11 15:10:00,,,,False,False
2026-01-11 15:15:00,,,,False,False
2026-01-11 15:20:00,,,,False,False
2026-01-11 15:25:00,,,,False,False
2026-01-11 15:30:00,,,,False,False
2026-01-11 15:35:00,,,,False,False
2026-01-11 15:40:00,,,,False,False
2026-01-11 15:45:00,,,,False,False
2026-01-11 15:50:00,,,,False,False
2026-01-11 15:55:00,,,,False,False
2026-01-11 16:00:00,,,,False,False
2026-01-11 16:05:00,,,,False,False
2026-01-11 16:10:00,,,,False,False
2026-01-11 16:15:00,,,,False,False
2026-01-11 16:20:00,,,,False,False
2026-01-11 16:25:00,,,,False,False
2026-01-11 16:30:00,,,,False,False
2026-01-11 16:35:00,,,,False,False
2026-01-11 16:40:00,,,,False,False
2026-01-11 16:45:00,,,,False,False
2026-01-11 16:50:00,,,,False,False
2026-01-11 16:55:00,,,,False,False
2026-01-11 17:00:00,,,,False,False
2026-01-11 17:05:00,,,,False,False
2026-01-11 17:10:00,,,,False,False
2026-01-11 17:15:00,,,,False,False
2026-01-11 17:20:00,,,,False,False
2026-01-11 17:25:00,,,,False,False
2026-01-11 17:30:00,,,,False,False
2026-01-11 17:35:00,,,,False,False
2026-01-11 17:40:00,,,,False,False
2026-01-11 17:45:00,,,,False,False
2026-01-11 17:50:00,,,,False,False
2026-01-11 17:55:00,,,,False,False
2026-01-11 18:00:00,,,,False,False
2026-01-11 18:05:00,,,,False,False
2026-01-11 18:10:00,,,,False,False
2026-01-11 18:15:00,,,,False,False
2026-01-11 18:20:00,,,,False,False
2026-01-11 18:25:00,,,,False,False
2026-01-11 18:30:00,,,,False,False
2026-01-11 18:35:00,,,,False,False
2026-01-11 18:40:00,,,,False,False
2026-01-11 18:45:00,,,,False,False
2026-01-11 18:50:00,,,,False,False
2026-01-11 18:55:00,,,,False,False
2026-01-11 19:00:00,,,,False,False
2026-01-11 19:05:00,,,,False,False
2026-01-11 19:10:00,,,,False,False
2026-01-11 19:15:00,,,,False,False
2026-01-11 19:20:00,,,,False,False
2026-01-11 19:25:00,,,,False,False
2026-01-11 19:30:00,,,,False,False
2026-01-11 19:35:00,,,,False,False
2026-01-11 19:40:00,,,,False,False
2026-01-11 19:45:00,,,,False,False
2026-01-11 19:50:00,,,,False,False
2026-01-11 19:55:00,,,,False,False
2026-01-11 20:00:00,,,,False,False
2026-01-11 20:05:00,,,,False,False
2026-01-11 20:10:00,,,,False,False
2026-01-11 20:15:00,,,,False,False
2026-01-11 20:20:00,,,,False,False
2026-01-11 20:25:00,,,,False,False
2026-01-11 20:30:00,,,,False,False
2026-01-11 20:35:00,,,,False,False
2026-01-11 20:40:00,,,,False,False
2026-01-11 20:45:00,,,,False,False
2026-01-11 20:50:00,,,,False,False
2026-01-11 20:55:00,,,,False,False
2026-01-11 21:00:00,,,,False,False
2026-01-11 21:05:00,,,,False,False
2026-01-11 21:10:00,,,,False,False
2026-01-11 21:15:00,,,,False,False
2026-01-11 21:20:00,,,,False,False
2026-01-11 21:25:00,,,,False,False
2026-01-11 21:30:00,,,,False,False
2026-01-11 21:35:00,,,,False,False
2026-01-11 21:40:00,,,,False,False
2026-01-11 21:45:00,,,,False,False
2026-01-11 21:50:00,,,,False,False
2026-01-11 21:55:00,,,,False,False
2026-01-11 22:00:00,,,,False,False
2026-01-11 22:05:00,,,,False,False
2026-01-11 22:10:00,,,,False,False
2026-01-11 22:15:00,,,,False,False
2026-01-11 22:20:00,,,,False,False
2026-01-11 22:25:00,,,,False,False
2026-01-11 22:30:00,,,,False,False
2026-01-11 22:35:00,,,,False,False
2026-01-11 22:40:00,,,,False,False
2026-01-11 22:45:00,,,,False,False
2026-01-11 22:50:00,,,,False,False
2026-01-11 22:55:00,,,,False,False
2026-01-11 23:00:00,,,,False,False
2026-01-11 23:05:00,,,,False,False
2026-01-11 23:10:00,,,,False,False
2026-01-11 23:15:00,,,,False,False
2026-01-11 23:20:00,,,,False,False
2026-01-11 23:25:00,,,,False,False
2026-01-11 23:30:00,,,,False,False
2026-01-11 23:35:00,,,,False,False
2026-01-11 23:40:00,,,,False,False
2026-01-11 23:45:00,,,,False,False
2026-01-11 23:50:00,,,,False,False
2026-01-11 23:55:00,,,,False,False
2026-01-12 00:00:00,,,,False,False
2026-01-12 00:05:00,,,,False,False
2026-01-12 00:10:00,,,,False,False
2026-01-12 00:15:00,,,,False,False
2026-01-12 00:20:00,,,,False,False
2026-01-12 00:25:00,,,,False,False
2026-01-12 00:30:00,,,,False,False
2026-01-12 00:35:00,,,,False,False
2026-01-12 00:40:00,,,,False,False
2026-01-12 00:45:00,,,,False,False
2026-01-12 00:50:00,,,,False,False
2026-01-12 00:55:00,,,,False,False
2026-01-12 01:00:00,,,,False,False
2026-01-12 01:05:00,,,,False,False
2026-01-12 01:10:00,,,,False,False
2026-01-12 01:15:00,,,,False,False
2026-01-12 01:20:00,,,,False,False
2026-01-12 01:25:00,,,,False,False
2026-01-12 01:30:00,,,,False,False
2026-01-12 01:35:00,,,,False,False
2026-01-12 01:40:00,,,,False,False
2026-01-12 01:45:00,,,,False,False
2026-01-12 01:50:00,,,,False,False
2026-01-12 01:55:00,,,,False,False
2026-01-12 02:00:00,,,,False,False
2026-01-12 02:05:00,,,,False,False
2026-01-12 02:10:00,,,,False,False
2026-01-12 02:15:00,,,,False,False
2026-01-12 02:20:00,,,,False,False
2026-01-12 02:25:00,,,,False,False
2026-01-12 02:30:00,,,,False,False
2026-01-12 02:35:00,,,,False,False
2026-01-12 02:40:00,,,,False,False
2026-01-12 02:45:00,,,,False,False
2026-01-12 02:50:00,,,,False,False
2026-01-12 02:55:00,,,,False,False
2026-01-12 03:00:00,,,,False,False
2026-01-12 03:05:00,,,,False,False
2026-01-12 03:10:00,,,,False,False
2026-01-12 03:15:00,,,,False,False
2026-01-12 03:20:00,,,,False,False
2026-01-12 03:25:00,,,,False,False
2026-01-12 03:30:00,,,,False,False
2026-01-12 03:35:00,,,,False,False
2026-01-12 03:40:00,,,,False,False
2026-01-12 03:45:00,,,,False,False
2026-01-12 03:50:00,,,,False,False
2026-01-12 03:55:00,,,,False,False
2026-01-12 04:00:00,,,,False,False
2026-01-12 04:05:00,,,,False,False
2026-01-12 04:10:00,,,,False,False
2026-01-12 04:15:00,,,,False,False
2026-01-12 04:20:00,,,,False,False
2026-01-12 04:25:00,,,,False,False
2026-01-12 04:30:00,,,,False,False
2026-01-12 04:35:00,,,,False,False
2026-01-12 04:40:00,,,,False,False
2026-01-12 04:45:00,,,,False,False
2026-01-12 04:50:00,,,,False,False
2026-01-12 04:55:00,,,,False,False
2026-01-12 05:00:00,,,,False,False
2026-01-12 05:05:00,,,,False,False
2026-01-12 05:10:00,,,,False,False
2026-01-12 05:15:00,,,,False,False
2026-01-12 05:20:00,,,,False,False
2026-01-12 05:25:00,,,,False,False
2026-01-12 05:30:00,,,,False,False
2026-01-12 05:35:00,,,,False,False
2026-01-12 05:40:00,,,,False,False
2026-01-12 05:45:00,,,,False,False
2026-01-12 05:50:00,,,,False,False
2026-01-12 05:55:00,,,,False,False
2026-01-12 06:00:00,,,,False,False
2026-01-12 06:05:00,,,,False,False
2026-01-12 06:10:00,,,,False,False
2026-01-12 06:15:00,,,,False,False
2026-01-12 06:20:00,,,,False,False
2026-01-12 06:25:00,,,,False,False
2026-01-12 06:30:00,,,,False,False
2026-01-12 06:35:00,,,,False,False
2026-01-12 06:40:00,,,,False,False
2026-01-12 06:45:00,,,,False,False
2026-01-12 06:50:00,,,,False,False
2026-01-12 06:55:00,,,,False,False
2026-01-12 07:00:00,,,,False,False
2026-01-12 07:05:00,,,,False,False
2026-01-12 07:10:00,,,,False,False
2026-01-12 07:15:00,,,,False,False
2026-01-12 07:20:00,,,,False,False
2026-01-12 07:25:00,,,,False,False
2026-01-12 07:30:00,,,,False,False
2026-01-12 07:35:00,,,,False,False
2026-01-12 07:40:00,,,,False,False
2026-01-12 07:45:00,,,,False,False
2026-01-12 07:50:00,,,,False,False
2026-01-12 07:55:00,,,,False,False
2026-01-12 08:00:00,,,,False,False
2026-01-12 08:05:00,,,,False,False
2026-01-12 08:10:00,,,,False,False
2026-01-12 08:15:00,,,,False,False
2026-01-12 08:20:00,,,,False,False
2026-01-12 08:25:00,,,,False,False
2026-01-12 08:30:00,,,,False,False
2026-01-12 08:35:00,,,,False,False
2026-01-12 08:40:00,,,,False,False
2026-01-12 08:45:00,,,,False,False
2026-01-12 08:50:00,,,,False,False
2026-01-12 08:55:00,,,,False,False
2026-01-12 09:00:00,,,,False,False
2026-01-12 09:05:00,,,,False,False
2026-01-12 09:10:00,,,,False,False
2026-01-12 09:15:00,12-01-2026 09:15,25657.45,0.1025,True,False
2026-01-12 09:20:00,12-01-2026 09:20,25594.15,0.10867,True,False
2026-01-12 09:25:00,12-01-2026 09:25,25548.3,0.11275,True,False
2026-01-12 09:30:00,12-01-2026 09:30,25559.65,0.11528,True,False
2026-01-12 09:35:00,12-01-2026 09:35,25575.3,,True,True
2026-01-12 09:40:00,12-01-2026 09:40,25569.55,0.11087,True,False
2026-01-12 09:45:00,12-01-2026 09:45,25560.8,0.11711,True,False
2026-01-12 09:50:00,12-01-2026 09:50,25588.7,,True,True
2026-01-12 09:55:00,12-01-2026 09:55,25588.5,,True,True
2026-01-12 10:00:00,12-01-2026 10:00,25564.15,0.11475,True,False
2026-01-12 10:05:00,12-01-2026 10:05,25588.7,0.10916,True,False
2026-01-12 10:10:00,12-01-2026 10:10,25566.95,0.10984,True,False
2026-01-12 10:15:00,12-01-2026 10:15,25557.55,0.11398,True,False
2026-01-12 10:20:00,12-01-2026 10:20,25583.3,0.11001,True,False
2026-01-12 10:25:00,12-01-2026 10:25,25574.15,,True,True
2026-01-12 10:30:00,12-01-2026 10:30,25584.2,0.10727,True,False
2026-01-12 10:35:00,12-01-2026 10:35,25564.75,0.1091,True,False
2026-01-12 10:40:00,12-01-2026 10:40,25572.4,0.1079,True,False
2026-01-12 10:45:00,12-01-2026 10:45,25556.8,0.11089,True,False
2026-01-12 10:50:00,12-01-2026 10:50,25579.85,0.1048,True,False
2026-01-12 10:55:00,12-01-2026 10:55,25554.9,0.10761,True,False
2026-01-12 11:00:00,12-01-2026 11:00,25550.75,0.10912,True,False
2026-01-12 11:05:00,12-01-2026 11:05,25538.1,0.10985,True,False
2026-01-12 11:10:00,12-01-2026 11:10,25544.8,0.10721,True,False
2026-01-12 11:15:00,12-01-2026 11:15,25528.8,0.10818,True,False
2026-01-12 11:20:00,12-01-2026 11:20,25512.25,0.10965,True,False
2026-01-12 11:25:00,12-01-2026 11:25,25509.25,0.10934,True,False
2026-01-12 11:30:00,12-01-2026 11:30,25496.15,0.10937,True,False
2026-01-12 11:35:00,12-01-2026 11:35,25487.1,0.11034,True,False
2026-01-12 11:40:00,12-01-2026 11:40,25485.45,0.11111,True,False
2026-01-12 11:45:00,12-01-2026 11:45,25476.55,0.11361,True,False
2026-01-12 11:50:00,12-01-2026 11:50,25491.7,,True,True
2026-01-12 11:55:00,12-01-2026 11:55,25495.85,0.11089,True,False
2026-01-12 12:00:00,12-01-2026 12:00,25499.2,,True,True
2026-01-12 12:05:00,12-01-2026 12:05,25507.65,0.11057,True,False
2026-01-12 12:10:00,12-01-2026 12:10,25526.3,0.11725,True,False
2026-01-12 12:15:00,12-01-2026 12:15,25577.45,,True,True
2026-01-12 12:20:00,12-01-2026 12:20,25614.85,0.11765,True,False
2026-01-12 12:25:00,12-01-2026 12:25,25653.4,0.11288,True,False
2026-01-12 12:30:00,12-01-2026 12:30,25668.1,0.11878,True,False
2026-01-12 12:35:00,12-01-2026 12:35,25690.5,0.11118,True,False
2026-01-12 12:40:00,12-01-2026 12:40,25684.35,0.12115,True,False
2026-01-12 12:45:00,12-01-2026 12:45,25727.5,0.10981,True,False
2026-01-12 12:50:00,12-01-2026 12:50,25724.55,0.11654,True,False
2026-01-12 12:55:00,12-01-2026 12:55,25715.5,,True,True
2026-01-12 13:00:00,12-01-2026 13:00,25692.65,0.11592,True,False
2026-01-12 13:05:00,12-01-2026 13:05,25702.65,0.11692,True,False
2026-01-12 13:10:00,12-01-2026 13:10,25710.85,0.11471,True,False
2026-01-12 13:15:00,12-01-2026 13:15,25725.15,0.10805,True,False
2026-01-12 13:20:00,12-01-2026 13:20,25697.4,0.11443,True,False
2026-01-12 13:25:00,12-01-2026 13:25,25704.15,0.10819,True,False
2026-01-12 13:30:00,12-01-2026 13:30,25707.95,0.11901,True,False
2026-01-12 13:35:00,12-01-2026 13:35,25747.0,,True,True
2026-01-12 13:40:00,12-01-2026 13:40,25745.1,0.10893,True,False
2026-01-12 13:45:00,12-01-2026 13:45,25739.05,0.11011,True,False
2026-01-12 13:50:00,12-01-2026 13:50,25735.6,0.1118,True,False
2026-01-12 13:55:00,12-01-2026 13:55,25743.25,0.10985,True,False
2026-01-12 14:00:00,12-01-2026 14:00,25734.9,0.10946,True,False
2026-01-12 14:05:00,12-01-2026 14:05,25732.75,0.11212,True,False
2026-01-12 14:10:00,12-01-2026 14:10,25739.35,0.10643,True,False
2026-01-12 14:15:00,12-01-2026 14:15,25729.15,0.10986,True,False
2026-01-12 14:20:00,12-01-2026 14:20,25736.35,0.11572,True,False
2026-01-12 14:25:00,12-01-2026 14:25,25762.75,0.10897,True,False
2026-01-12 14:30:00,12-01-2026 14:30,25753.1,0.10553,True,False
2026-01-12 14:35:00,12-01-2026 14:35,25716.7,,True,True
2026-01-12 14:40:00,12-01-2026 14:40,25749.0,0.11058,True,False
2026-01-12 14:45:00,12-01-2026 14:45,25763.85,0.10793,True,False
2026-01-12 14:50:00,12-01-2026 14:50,25774.05,0.11136,True,False
2026-01-12 14:55:00,12-01-2026 14:55,25796.15,0.11074,True,False
2026-01-12 15:00:00,12-01-2026 15:00,25785.15,0.10984,True,False
2026-01-12 15:05:00,12-01-2026 15:05,25789.75,,True,True
2026-01-12 15:10:00,12-01-2026 15:10,25785.05,,True,True
2026-01-12 15:15:00,12-01-2026 15:15,25782.95,0.10853,True,False
2026-01-12 15:20:00,12-01-2026 15:20,25786.05,0.10893,True,False
2026-01-12 15:25:00,12-01-2026 15:25,25801.35,0.10462,True,False
2026-01-12 15:30:00,,,,False,False
2026-01-12 15:35:00,,,,False,False
2026-01-12 15:40:00,,,,False,False
2026-01-12 15:45:00,,,,False,False
2026-01-12 15:50:00,,,,False,False
2026-01-12 15:55:00,,,,False,False
2026-01-12 16:00:00,,,,False,False
2026-01-12 16:05:00,,,,False,False
2026-01-12 16:10:00,,,,False,False
2026-01-12 16:15:00,,,,False,False
2026-01-12 16:20:00,,,,False,False
2026-01-12 16:25:00,,,,False,False
2026-01-12 16:30:00,,,,False,False
2026-01-12 16:35:00,,,,False,False
2026-01-12 16:40:00,,,,False,False
2026-01-12 16:45:00,,,,False,False
2026-01-12 16:50:00,,,,False,False
2026-01-12 16:55:00,,,,False,False
2026-01-12 17:00:00,,,,False,False
2026-01-12 17:05:00,,,,False,False
2026-01-12 17:10:00,,,,False,False
2026-01-12 17:15:00,,,,False,False
2026-01-12 17:20:00,,,,False,False
2026-01-12 17:25:00,,,,False,False
2026-01-12 17:30:00,,,,False,False
2026-01-12 17:35:00,,,,False,False
2026-01-12 17:40:00,,,,False,False
2026-01-12 17:45:00,,,,False,False
2026-01-12 17:50:00,,,,False,False
2026-01-12 17:55:00,,,,False,False
2026-01-12 18:00:00,,,,False,False
2026-01-12 18:05:00,,,,False,False
2026-01-12 18:10:00,,,,False,False
2026-01-12 18:15:00,,,,False,False
2026-01-12 18:20:00,,,,False,False
2026-01-12 18:25:00,,,,False,False
2026-01-12 18:30:00,,,,False,False
2026-01-12 18:35:00,,,,False,False
2026-01-12 18:40:00,,,,False,False
2026-01-12 18:45:00,,,,False,False
2026-01-12 18:50:00,,,,False,False
2026-01-12 18:55:00,,,,False,False
2026-01-12 19:00:00,,,,False,False
2026-01-12 19:05:00,,,,False,False
2026-01-12 19:10:00,,,,False,False
2026-01-12 19:15:00,,,,False,False
2026-01-12 19:20:00,,,,False,False
2026-01-12 19:25:00,,,,False,False
2026-01-12 19:30:00,,,,False,False
2026-01-12 19:35:00,,,,False,False
2026-01-12 19:40:00,,,,False,False
2026-01-12 19:45:00,,,,False,False
2026-01-12 19:50:00,,,,False,False
2026-01-12 19:55:00,,,,False,False
2026-01-12 20:00:00,,,,False,False
2026-01-12 20:05:00,,,,False,False
2026-01-12 20:10:00,,,,False,False
2026-01-12 20:15:00,,,,False,False
2026-01-12 20:20:00,,,,False,False
2026-01-12 20:25:00,,,,False,False
2026-01-12 20:30:00,,,,False,False
2026-01-12 20:35:00,,,,False,False
2026-01-12 20:40:00,,,,False,False
2026-01-12 20:45:00,,,,False,False
2026-01-12 20:50:00,,,,False,False
2026-01-12 20:55:00,,,,False,False
2026-01-12 21:00:00,,,,False,False
2026-01-12 21:05:00,,,,False,False
2026-01-12 21:10:00,,,,False,False
2026-01-12 21:15:00,,,,False,False
2026-01-12 21:20:00,,,,False,False
2026-01-12 21:25:00,,,,False,False
2026-01-12 21:30:00,,,,False,False
2026-01-12 21:35:00,,,,False,False
2026-01-12 21:40:00,,,,False,False
2026-01-12 21:45:00,,,,False,False
2026-01-12 21:50:00,,,,False,False
2026-01-12 21:55:00,,,,False,False
2026-01-12 22:00:00,,,,False,False
2026-01-12 22:05:00,,,,False,False
2026-01-12 22:10:00,,,,False,False
2026-01-12 22:15:00,,,,False,False
2026-01-12 22:20:00,,,,False,False
2026-01-12 22:25:00,,,,False,False
2026-01-12 22:30:00,,,,False,False
2026-01-12 22:35:00,,,,False,False
2026-01-12 22:40:00,,,,False,False
2026-01-12 22:45:00,,,,False,False
2026-01-12 22:50:00,,,,False,False
2026-01-12 22:55:00,,,,False,False
2026-01-12 23:00:00,,,,False,False
2026-01-12 23:05:00,,,,False,False
2026-01-12 23:10:00,,,,False,False
2026-01-12 23:15:00,,,,False,False
2026-01-12 23:20:00,,,,False,False
2026-01-12 23:25:00,,,,False,False
2026-01-12 23:30:00,,,,False,False
2026-01-12 23:35:00,,,,False,False
2026-01-12 23:40:00,,,,False,False
2026-01-12 23:45:00,,,,False,False
2026-01-12 23:50:00,,,,False,False
2026-01-12 23:55:00,,,,False,False
2026-01-13 00:00:00,,,,False,False
2026-01-13 00:05:00,,,,False,False
2026-01-13 00:10:00,,,,False,False
2026-01-13 00:15:00,,,,False,False
2026-01-13 00:20:00,,,,False,False
2026-01-13 00:25:00,,,,False,False
2026-01-13 00:30:00,,,,False,False
2026-01-13 00:35:00,,,,False,False
2026-01-13 00:40:00,,,,False,False
2026-01-13 00:45:00,,,,False,False
2026-01-13 00:50:00,,,,False,False
2026-01-13 00:55:00,,,,False,False
2026-01-13 01:00:00,,,,False,False
2026-01-13 01:05:00,,,,False,False
2026-01-13 01:10:00,,,,False,False
2026-01-13 01:15:00,,,,False,False
2026-01-13 01:20:00,,,,False,False
2026-01-13 01:25:00,,,,False,False
2026-01-13 01:30:00,,,,False,False
2026-01-13 01:35:00,,,,False,False
2026-01-13 01:40:00,,,,False,False
2026-01-13 01:45:00,,,,False,False
2026-01-13 01:50:00,,,,False,False
2026-01-13 01:55:00,,,,False,False
2026-01-13 02:00:00,,,,False,False
2026-01-13 02:05:00,,,,False,False
2026-01-13 02:10:00,,,,False,False
2026-01-13 02:15:00,,,,False,False
2026-01-13 02:20:00,,,,False,False
2026-01-13 02:25:00,,,,False,False
2026-01-13 02:30:00,,,,False,False
2026-01-13 02:35:00,,,,False,False
2026-01-13 02:40:00,,,,False,False
2026-01-13 02:45:00,,,,False,False
2026-01-13 02:50:00,,,,False,False
2026-01-13 02:55:00,,,,False,False
2026-01-13 03:00:00,,,,False,False
2026-01-13 03:05:00,,,,False,False
2026-01-13 03:10:00,,,,False,False
2026-01-13 03:15:00,,,,False,False
2026-01-13 03:20:00,,,,False,False
2026-01-13 03:25:00,,,,False,False
2026-01-13 03:30:00,,,,False,False
2026-01-13 03:35:00,,,,False,False
2026-01-13 03:40:00,,,,False,False
2026-01-13 03:45:00,,,,False,False
2026-01-13 03:50:00,,,,False,False
2026-01-13 03:55:00,,,,False,False
2026-01-13 04:00:00,,,,False,False
2026-01-13 04:05:00,,,,False,False
2026-01-13 04:10:00,,,,False,False
2026-01-13 04:15:00,,,,False,False
2026-01-13 04:20:00,,,,False,False
2026-01-13 04:25:00,,,,False,False
2026-01-13 04:30:00,,,,False,False
2026-01-13 04:35:00,,,,False,False
2026-01-13 04:40:00,,,,False,False
2026-01-13 04:45:00,,,,False,False
2026-01-13 04:50:00,,,,False,False
2026-01-13 04:55:00,,,,False,False
2026-01-13 05:00:00,,,,False,False
2026-01-13 05:05:00,,,,False,False
2026-01-13 05:10:00,,,,False,False
2026-01-13 05:15:00,,,,False,False
2026-01-13 05:20:00,,,,False,False
2026-01-13 05:25:00,,,,False,False
2026-01-13 05:30:00,,,,False,False
2026-01-13 05:35:00,,,,False,False
2026-01-13 05:40:00,,,,False,False
2026-01-13 05:45:00,,,,False,False
2026-01-13 05:50:00,,,,False,False
2026-01-13 05:55:00,,,,False,False
2026-01-13 06:00:00,,,,False,False
2026-01-13 06:05:00,,,,False,False
2026-01-13 06:10:00,,,,False,False
2026-01-13 06:15:00,,,,False,False
2026-01-13 06:20:00,,,,False,False
2026-01-13 06:25:00,,,,False,False
2026-01-13 06:30:00,,,,False,False
2026-01-13 06:35:00,,,,False,False
2026-01-13 06:40:00,,,,False,False
2026-01-13 06:45:00,,,,False,False
2026-01-13 06:50:00,,,,False,False
2026-01-13 06:55:00,,,,False,False
2026-01-13 07:00:00,,,,False,False
2026-01-13 07:05:00,,,,False,False
2026-01-13 07:10:00,,,,False,False
2026-01-13 07:15:00,,,,False,False
2026-01-13 07:20:00,,,,False,False
2026-01-13 07:25:00,,,,False,False
2026-01-13 07:30:00,,,,False,False
2026-01-13 07:35:00,,,,False,False
2026-01-13 07:40:00,,,,False,False
2026-01-13 07:45:00,,,,False,False
2026-01-13 07:50:00,,,,False,False
2026-01-13 07:55:00,,,,False,False
2026-01-13 08:00:00,,,,False,False
2026-01-13 08:05:00,,,,False,False
2026-01-13 08:10:00,,,,False,False
2026-01-13 08:15:00,,,,False,False
2026-01-13 08:20:00,,,,False,False
2026-01-13 08:25:00,,,,False,False
2026-01-13 08:30:00,,,,False,False
2026-01-13 08:35:00,,,,False,False
2026-01-13 08:40:00,,,,False,False
2026-01-13 08:45:00,,,,False,False
2026-01-13 08:50:00,,,,False,False
2026-01-13 08:55:00,,,,False,False
2026-01-13 09:00:00,,,,False,False
2026-01-13 09:05:00,,,,False,False
2026-01-13 09:10:00,,,,False,False
2026-01-13 09:15:00,13-01-2026 09:15,25853.0,,True,True
2026-01-13 09:20:00,13-01-2026 09:20,25825.4,0.105,True,False
2026-01-13 09:25:00,13-01-2026 09:25,25818.35,0.09345,True,False
2026-01-13 09:30:00,13-01-2026 09:30,25766.85,0.09957,True,False
2026-01-13 09:35:00,13-01-2026 09:35,25737.7,0.10605,True,False
2026-01-13 09:40:00,13-01-2026 09:40,25732.1,0.10682,True,False
2026-01-13 09:45:00,13-01-2026 09:45,25766.4,,True,True
2026-01-13 09:50:00,13-01-2026 09:50,25750.85,0.10457,True,False
2026-01-13 09:55:00,13-01-2026 09:55,25731.0,0.10378,True,False
2026-01-13 10:00:00,13-01-2026 10:00,25714.65,0.11373,True,False
2026-01-13 10:05:00,13-01-2026 10:05,25746.85,0.10891,True,False
2026-01-13 10:10:00,13-01-2026 10:10,25759.95,0.10084,True,False
2026-01-13 10:15:00,13-01-2026 10:15,25754.7,0.10176,True,False
2026-01-13 10:20:00,13-01-2026 10:20,25761.35,0.1039,True,False
2026-01-13 10:25:00,13-01-2026 10:25,25770.15,0.10968,True,False
2026-01-13 10:30:00,13-01-2026 10:30,25804.6,,True,True
2026-01-13 10:35:00,13-01-2026 10:35,25783.95,0.10221,True,False
2026-01-13 10:40:00,13-01-2026 10:40,25772.4,0.10234,True,False
2026-01-13 10:45:00,13-01-2026 10:45,25763.45,0.10655,True,False
2026-01-13 10:50:00,13-01-2026 10:50,25794.3,,True,True
2026-01-13 10:55:00,13-01-2026 10:55,25765.7,0.10623,True,False
2026-01-13 11:00:00,13-01-2026 11:00,25784.9,0.10121,True,False
2026-01-13 11:05:00,13-01-2026 11:05,25771.65,0.10724,True,False
2026-01-13 11:10:00,13-01-2026 11:10,25787.85,,True,True
2026-01-13 11:15:00,13-01-2026 11:15,25787.55,0.10223,True,False
2026-01-13 11:20:00,13-01-2026 11:20,25784.1,0.10227,True,False
2026-01-13 11:25:00,13-01-2026 11:25,25786.2,0.10391,True,False
2026-01-13 11:30:00,13-01-2026 11:30,25793.55,,True,True
2026-01-13 11:35:00,13-01-2026 11:35,25814.5,0.09991,True,False
2026-01-13 11:40:00,13-01-2026 11:40,25811.5,0.0965,True,False
2026-01-13 11:45:00,13-01-2026 11:45,25782.05,0.10265,True,False
2026-01-13 11:50:00,13-01-2026 11:50,25785.0,0.09688,True,False
2026-01-13 11:55:00,13-01-2026 11:55,25762.65,0.1008,True,False
2026-01-13 12:00:00,13-01-2026 12:00,25747.9,,True,True
2026-01-13 12:05:00,13-01-2026 12:05,25735.35,0.10347,True,False
2026-01-13 12:10:00,13-01-2026 12:10,25733.45,0.09968,True,False
2026-01-13 12:15:00,13-01-2026 12:15,25722.55,0.10475,True,False
2026-01-13 12:20:00,13-01-2026 12:20,25724.7,0.10069,True,False
2026-01-13 12:25:00,13-01-2026 12:25,25714.0,0.10709,True,False
2026-01-13 12:30:00,13-01-2026 12:30,25723.0,0.1004,True,False
2026-01-13 12:35:00,13-01-2026 12:35,25717.45,,True,True
2026-01-13 12:40:00,13-01-2026 12:40,25710.25,0.10102,True,False
2026-01-13 12:45:00,13-01-2026 12:45,25702.9,0.09857,True,False
2026-01-13 12:50:00,13-01-2026 12:50,25667.1,0.102,True,False
2026-01-13 12:55:00,13-01-2026 12:55,25659.75,0.10271,True,False
2026-01-13 13:00:00,13-01-2026 13:00,25645.05,0.1016,True,False
2026-01-13 13:05:00,13-01-2026 13:05,25639.05,0.10521,True,False
2026-01-13 13:10:00,13-01-2026 13:10,25669.25,0.10165,True,False
2026-01-13 13:15:00,13-01-2026 13:15,25650.75,0.10575,True,False
2026-01-13 13:20:00,13-01-2026 13:20,25659.9,,True,True
2026-01-13 13:25:00,13-01-2026 13:25,25660.75,0.10167,True,False
2026-01-13 13:30:00,13-01-2026 13:30,25661.85,0.10449,True,False
2026-01-13 13:35:00,13-01-2026 13:35,25679.45,0.1006,True,False
2026-01-13 13:40:00,13-01-2026 13:40,25665.55,,True,True
2026-01-13 13:45:00,13-01-2026 13:45,25671.3,0.10104,True,False
2026-01-13 13:50:00,13-01-2026 13:50,25672.15,0.10185,True,False
2026-01-13 13:55:00,13-01-2026 13:55,25662.15,0.10312,True,False
2026-01-13 14:00:00,13-01-2026 14:00,25659.5,0.10064,True,False
2026-01-13 14:05:00,13-01-2026 14:05,25647.55,0.10231,True,False
2026-01-13 14:10:00,13-01-2026 14:10,25642.55,0.09978,True,False
2026-01-13 14:15:00,13-01-2026 14:15,25631.25,0.10226,True,False
2026-01-13 14:20:00,13-01-2026 14:20,25627.6,0.09911,True,False
2026-01-13 14:25:00,13-01-2026 14:25,25619.65,0.10119,True,False
2026-01-13 14:30:00,13-01-2026 14:30,25622.55,0.10601,True,False
2026-01-13 14:35:00,13-01-2026 14:35,25644.0,0.10478,True,False
2026-01-13 14:40:00,13-01-2026 14:40,25667.6,0.1051,True,False
2026-01-13 14:45:00,13-01-2026 14:45,25695.95,0.10039,True,False
2026-01-13 14:50:00,13-01-2026 14:50,25698.45,0.10284,True,False
2026-01-13 14:55:00,13-01-2026 14:55,25717.05,,True,True
2026-01-13 15:00:00,13-01-2026 15:00,25754.0,0.08982,True,False
2026-01-13 15:05:00,13-01-2026 15:05,25708.75,0.10203,True,False
2026-01-13 15:10:00,13-01-2026 15:10,25746.05,0.09323,True,False
2026-01-13 15:15:00,13-01-2026 15:15,25745.9,0.09186,True,False
2026-01-13 15:20:00,13-01-2026 15:20,25730.9,0.09557,True,False
2026-01-13 15:25:00,13-01-2026 15:25,25730.8,0.09364,True,False
2026-01-13 15:30:00,,,,False,False
2026-01-13 15:35:00,,,,False,False
2026-01-13 15:40:00,,,,False,False
2026-01-13 15:45:00,,,,False,False
2026-01-13 15:50:00,,,,False,False
2026-01-13 15:55:00,,,,False,False
2026-01-13 16:00:00,,,,False,False
2026-01-13 16:05:00,,,,False,False
2026-01-13 16:10:00,,,,False,False
2026-01-13 16:15:00,,,,False,False
2026-01-13 16:20:00,,,,False,False
2026-01-13 16:25:00,,,,False,False
2026-01-13 16:30:00,,,,False,False
2026-01-13 16:35:00,,,,False,False
2026-01-13 16:40:00,,,,False,False
2026-01-13 16:45:00,,,,False,False
2026-01-13 16:50:00,,,,False,False
2026-01-13 16:55:00,,,,False,False
2026-01-13 17:00:00,,,,False,False
2026-01-13 17:05:00,,,,False,False
2026-01-13 17:10:00,,,,False,False
2026-01-13 17:15:00,,,,False,False
2026-01-13 17:20:00,,,,False,False
2026-01-13 17:25:00,,,,False,False
2026-01-13 17:30:00,,,,False,False
2026-01-13 17:35:00,,,,False,False
2026-01-13 17:40:00,,,,False,False
2026-01-13 17:45:00,,,,False,False
2026-01-13 17:50:00,,,,False,False
2026-01-13 17:55:00,,,,False,False
2026-01-13 18:00:00,,,,False,False
2026-01-13 18:05:00,,,,False,False
2026-01-13 18:10:00,,,,False,False
2026-01-13 18:15:00,,,,False,False
2026-01-13 18:20:00,,,,False,False
2026-01-13 18:25:00,,,,False,False
2026-01-13 18:30:00,,,,False,False
2026-01-13 18:35:00,,,,False,False
2026-01-13 18:40:00,,,,False,False
2026-01-13 18:45:00,,,,False,False
2026-01-13 18:50:00,,,,False,False
2026-01-13 18:55:00,,,,False,False
2026-01-13 19:00:00,,,,False,False
2026-01-13 19:05:00,,,,False,False
2026-01-13 19:10:00,,,,False,False
2026-01-13 19:15:00,,,,False,False
2026-01-13 19:20:00,,,,False,False
2026-01-13 19:25:00,,,,False,False
2026-01-13 19:30:00,,,,False,False
2026-01-13 19:35:00,,,,False,False
2026-01-13 19:40:00,,,,False,False
2026-01-13 19:45:00,,,,False,False
2026-01-13 19:50:00,,,,False,False
2026-01-13 19:55:00,,,,False,False
2026-01-13 20:00:00,,,,False,False
2026-01-13 20:05:00,,,,False,False
2026-01-13 20:10:00,,,,False,False
2026-01-13 20:15:00,,,,False,False
2026-01-13 20:20:00,,,,False,False
2026-01-13 20:25:00,,,,False,False
2026-01-13 20:30:00,,,,False,False
2026-01-13 20:35:00,,,,False,False
2026-01-13 20:40:00,,,,False,False
2026-01-13 20:45:00,,,,False,False
2026-01-13 20:50:00,,,,False,False
2026-01-13 20:55:00,,,,False,False
2026-01-13 21:00:00,,,,False,False
2026-01-13 21:05:00,,,,False,False
2026-01-13 21:10:00,,,,False,False
2026-01-13 21:15:00,,,,False,False
2026-01-13 21:20:00,,,,False,False
2026-01-13 21:25:00,,,,False,False
2026-01-13 21:30:00,,,,False,False
2026-01-13 21:35:00,,,,False,False
2026-01-13 21:40:00,,,,False,False
2026-01-13 21:45:00,,,,False,False
2026-01-13 21:50:00,,,,False,False
2026-01-13 21:55:00,,,,False,False
2026-01-13 22:00:00,,,,False,False
2026-01-13 22:05:00,,,,False,False
2026-01-13 22:10:00,,,,False,False
2026-01-13 22:15:00,,,,False,False
2026-01-13 22:20:00,,,,False,False
2026-01-13 22:25:00,,,,False,False
2026-01-13 22:30:00,,,,False,False
2026-01-13 22:35:00,,,,False,False
2026-01-13 22:40:00,,,,False,False
2026-01-13 22:45:00,,,,False,False
2026-01-13 22:50:00,,,,False,False
2026-01-13 22:55:00,,,,False,False
2026-01-13 23:00:00,,,,False,False
2026-01-13 23:05:00,,,,False,False
2026-01-13 23:10:00,,,,False,False
2026-01-13 23:15:00,,,,False,False
2026-01-13 23:20:00,,,,False,False
2026-01-13 23:25:00,,,,False,False
2026-01-13 23:30:00,,,,False,False
2026-01-13 23:35:00,,,,False,False
2026-01-13 23:40:00,,,,False,False
2026-01-13 23:45:00,,,,False,False
2026-01-13 23:50:00,,,,False,False
2026-01-13 23:55:00,,,,False,False
2026-01-14 00:00:00,,,,False,False
2026-01-14 00:05:00,,,,False,False
2026-01-14 00:10:00,,,,False,False
2026-01-14 00:15:00,,,,False,False
2026-01-14 00:20:00,,,,False,False
2026-01-14 00:25:00,,,,False,False
2026-01-14 00:30:00,,,,False,False
2026-01-14 00:35:00,,,,False,False
2026-01-14 00:40:00,,,,False,False
2026-01-14 00:45:00,,,,False,False
2026-01-14 00:50:00,,,,False,False
2026-01-14 00:55:00,,,,False,False
2026-01-14 01:00:00,,,,False,False
2026-01-14 01:05:00,,,,False,False
2026-01-14 01:10:00,,,,False,False
2026-01-14 01:15:00,,,,False,False
2026-01-14 01:20:00,,,,False,False
2026-01-14 01:25:00,,,,False,False
2026-01-14 01:30:00,,,,False,False
2026-01-14 01:35:00,,,,False,False
2026-01-14 01:40:00,,,,False,False
2026-01-14 01:45:00,,,,False,False
2026-01-14 01:50:00,,,,False,False
2026-01-14 01:55:00,,,,False,False
2026-01-14 02:00:00,,,,False,False
2026-01-14 02:05:00,,,,False,False
2026-01-14 02:10:00,,,,False,False
2026-01-14 02:15:00,,,,False,False
2026-01-14 02:20:00,,,,False,False
2026-01-14 02:25:00,,,,False,False
2026-01-14 02:30:00,,,,False,False
2026-01-14 02:35:00,,,,False,False
2026-01-14 02:40:00,,,,False,False
2026-01-14 02:45:00,,,,False,False
2026-01-14 02:50:00,,,,False,False
2026-01-14 02:55:00,,,,False,False
2026-01-14 03:00:00,,,,False,False
2026-01-14 03:05:00,,,,False,False
2026-01-14 03:10:00,,,,False,False
2026-01-14 03:15:00,,,,False,False
2026-01-14 03:20:00,,,,False,False
2026-01-14 03:25:00,,,,False,False
2026-01-14 03:30:00,,,,False,False
2026-01-14 03:35:00,,,,False,False
2026-01-14 03:40:00,,,,False,False
2026-01-14 03:45:00,,,,False,False
2026-01-14 03:50:00,,,,False,False
2026-01-14 03:55:00,,,,False,False
2026-01-14 04:00:00,,,,False,False
2026-01-14 04:05:00,,,,False,False
2026-01-14 04:10:00,,,,False,False
2026-01-14 04:15:00,,,,False,False
2026-01-14 04:20:00,,,,False,False
2026-01-14 04:25:00,,,,False,False
2026-01-14 04:30:00,,,,False,False
2026-01-14 04:35:00,,,,False,False
2026-01-14 04:40:00,,,,False,False
2026-01-14 04:45:00,,,,False,False
2026-01-14 04:50:00,,,,False,False
2026-01-14 04:55:00,,,,False,False
2026-01-14 05:00:00,,,,False,False
2026-01-14 05:05:00,,,,False,False
2026-01-14 05:10:00,,,,False,False
2026-01-14 05:15:00,,,,False,False
2026-01-14 05:20:00,,,,False,False
2026-01-14 05:25:00,,,,False,False
2026-01-14 05:30:00,,,,False,False
2026-01-14 05:35:00,,,,False,False
2026-01-14 05:40:00,,,,False,False
2026-01-14 05:45:00,,,,False,False
2026-01-14 05:50:00,,,,False,False
2026-01-14 05:55:00,,,,False,False
2026-01-14 06:00:00,,,,False,False
2026-01-14 06:05:00,,,,False,False
2026-01-14 06:10:00,,,,False,False
2026-01-14 06:15:00,,,,False,False
2026-01-14 06:20:00,,,,False,False
2026-01-14 06:25:00,,,,False,False
2026-01-14 06:30:00,,,,False,False
2026-01-14 06:35:00,,,,False,False
2026-01-14 06:40:00,,,,False,False
2026-01-14 06:45:00,,,,False,False
2026-01-14 06:50:00,,,,False,False
2026-01-14 06:55:00,,,,False,False
2026-01-14 07:00:00,,,,False,False
2026-01-14 07:05:00,,,,False,False
2026-01-14 07:10:00,,,,False,False
2026-01-14 07:15:00,,,,False,False
2026-01-14 07:20:00,,,,False,False
2026-01-14 07:25:00,,,,False,False
2026-01-14 07:30:00,,,,False,False
2026-01-14 07:35:00,,,,False,False
2026-01-14 07:40:00,,,,False,False
2026-01-14 07:45:00,,,,False,False
2026-01-14 07:50:00,,,,False,False
2026-01-14 07:55:00,,,,False,False
2026-01-14 08:00:00,,,,False,False
2026-01-14 08:05:00,,,,False,False
2026-01-14 08:10:00,,,,False,False
2026-01-14 08:15:00,,,,False,False
2026-01-14 08:20:00,,,,False,False
2026-01-14 08:25:00,,,,False,False
2026-01-14 08:30:00,,,,False,False
2026-01-14 08:35:00,,,,False,False
2026-01-14 08:40:00,,,,False,False
2026-01-14 08:45:00,,,,False,False
2026-01-14 08:50:00,,,,False,False
2026-01-14 08:55:00,,,,False,False
2026-01-14 09:00:00,,,,False,False
2026-01-14 09:05:00,,,,False,False
2026-01-14 09:10:00,,,,False,False
2026-01-14 09:15:00,14-01-2026 09:15,25671.9,0.10173,True,False
2026-01-14 09:20:00,14-01-2026 09:20,25705.8,0.10015,True,False
2026-01-14 09:25:00,14-01-2026 09:25,25717.85,0.10343,True,False
2026-01-14 09:30:00,14-01-2026 09:30,25746.8,0.09616,True,False
2026-01-14 09:35:00,14-01-2026 09:35,25737.05,0.09723,True,False
2026-01-14 09:40:00,14-01-2026 09:40,25712.25,0.09656,True,False
2026-01-14 09:45:00,14-01-2026 09:45,25691.85,0.09828,True,False
2026-01-14 09:50:00,14-01-2026 09:50,25701.2,0.10787,True,False
2026-01-14 09:55:00,14-01-2026 09:55,25759.55,0.094,True,False
2026-01-14 10:00:00,14-01-2026 10:00,25727.85,0.09675,True,False
2026-01-14 10:05:00,14-01-2026 10:05,25713.6,0.09749,True,False
2026-01-14 10:10:00,14-01-2026 10:10,25697.45,0.09863,True,False
2026-01-14 10:15:00,14-01-2026 10:15,25696.35,,True,True
2026-01-14 10:20:00,14-01-2026 10:20,25678.3,0.09691,True,False
2026-01-14 10:25:00,14-01-2026 10:25,25683.35,0.09843,True,False
2026-01-14 10:30:00,14-01-2026 10:30,25678.05,0.0987,True,False
2026-01-14 10:35:00,14-01-2026 10:35,25689.95,0.09581,True,False
2026-01-14 10:40:00,14-01-2026 10:40,25691.8,0.0955,True,False
2026-01-14 10:45:00,14-01-2026 10:45,25665.9,0.10287,True,False
2026-01-14 10:50:00,14-01-2026 10:50,25695.5,0.09879,True,False
2026-01-14 10:55:00,14-01-2026 10:55,25706.35,0.10279,True,False
2026-01-14 11:00:00,14-01-2026 11:00,25720.95,0.10027,True,False
2026-01-14 11:05:00,14-01-2026 11:05,25733.0,0.09648,True,False
2026-01-14 11:10:00,14-01-2026 11:10,25729.2,0.09713,True,False
2026-01-14 11:15:00,14-01-2026 11:15,25736.25,0.09912,True,False
2026-01-14 11:20:00,14-01-2026 11:20,25743.15,0.09618,True,False
2026-01-14 11:25:00,14-01-2026 11:25,25735.0,0.10508,True,False
2026-01-14 11:30:00,14-01-2026 11:30,25773.9,0.09597,True,False
2026-01-14 11:35:00,14-01-2026 11:35,25764.1,0.09693,True,False
2026-01-14 11:40:00,14-01-2026 11:40,25766.75,0.0951,True,False
2026-01-14 11:45:00,14-01-2026 11:45,25761.25,0.10246,True,False
2026-01-14 11:50:00,14-01-2026 11:50,25775.3,0.09677,True,False
2026-01-14 11:55:00,14-01-2026 11:55,25774.6,0.09612,True,False
2026-01-14 12:00:00,14-01-2026 12:00,25786.0,0.09496,True,False
2026-01-14 12:05:00,14-01-2026 12:05,25782.1,0.09005,True,False
2026-01-14 12:10:00,14-01-2026 12:10,25757.05,,True,True
2026-01-14 12:15:00,14-01-2026 12:15,25735.55,0.1013,True,False
2026-01-14 12:20:00,14-01-2026 12:20,25771.55,0.09268,True,False
2026-01-14 12:25:00,14-01-2026 12:25,25768.3,,True,True
2026-01-14 12:30:00,14-01-2026 12:30,25761.1,0.095,True,False
2026-01-14 12:35:00,14-01-2026 12:35,25772.4,,True,True
2026-01-14 12:40:00,14-01-2026 12:40,25773.6,0.09012,True,False
2026-01-14 12:45:00,14-01-2026 12:45,25759.5,0.09254,True,False
2026-01-14 12:50:00,14-01-2026 12:50,25748.9,0.09266,True,False
2026-01-14 12:55:00,14-01-2026 12:55,25745.55,0.09436,True,False
2026-01-14 13:00:00,14-01-2026 13:00,25748.1,0.09184,True,False
2026-01-14 13:05:00,14-01-2026 13:05,25745.45,0.09438,True,False
2026-01-14 13:10:00,14-01-2026 13:10,25759.75,,True,True
2026-01-14 13:15:00,14-01-2026 13:15,25750.25,0.09045,True,False
2026-01-14 13:20:00,14-01-2026 13:20,25735.95,,True,True
2026-01-14 13:25:00,14-01-2026 13:25,25715.5,0.09245,True,False
2026-01-14 13:30:00,14-01-2026 13:30,25717.15,0.08944,True,False
2026-01-14 13:35:00,14-01-2026 13:35,25708.2,0.08643,True,False
2026-01-14 13:40:00,14-01-2026 13:40,25665.9,0.09227,True,False
2026-01-14 13:45:00,14-01-2026 13:45,25656.25,0.0953,True,False
2026-01-14 13:50:00,14-01-2026 13:50,25665.25,0.08953,True,False
2026-01-14 13:55:00,14-01-2026 13:55,25642.0,0.09448,True,False
2026-01-14 14:00:00,14-01-2026 14:00,25653.3,0.09207,True,False
2026-01-14 14:05:00,14-01-2026 14:05,25642.2,,True,True
2026-01-14 14:10:00,14-01-2026 14:10,25650.55,0.09692,True,False
2026-01-14 14:15:00,14-01-2026 14:15,25666.25,,True,True
2026-01-14 14:20:00,14-01-2026 14:20,25637.25,0.09263,True,False
2026-01-14 14:25:00,14-01-2026 14:25,25618.75,0.09824,True,False
2026-01-14 14:30:00,14-01-2026 14:30,25626.9,0.09794,True,False
2026-01-14 14:35:00,14-01-2026 14:35,25635.8,,True,True
2026-01-14 14:40:00,14-01-2026 14:40,25660.55,0.09656,True,False
2026-01-14 14:45:00,14-01-2026 14:45,25696.2,0.09361,True,False
2026-01-14 14:50:00,14-01-2026 14:50,25697.1,0.0936,True,False
2026-01-14 14:55:00,14-01-2026 14:55,25696.05,0.09041,True,False
2026-01-14 15:00:00,14-01-2026 15:00,25666.15,0.09541,True,False
2026-01-14 15:05:00,14-01-2026 15:05,25690.25,0.09139,True,False
2026-01-14 15:10:00,14-01-2026 15:10,25672.65,0.09436,True,False
2026-01-14 15:15:00,14-01-2026 15:15,25654.0,,True,True
2026-01-14 15:20:00,14-01-2026 15:20,25659.6,0.09934,True,False
2026-01-14 15:25:00,14-01-2026 15:25,25670.6,0.09617,True,False
2026-01-14 15:30:00,,,,False,False
2026-01-14 15:35:00,,,,False,False
2026-01-14 15:40:00,,,,False,False
2026-01-14 15:45:00,,,,False,False
2026-01-14 15:50:00,,,,False,False
2026-01-14 15:55:00,,,,False,False
2026-01-14 16:00:00,,,,False,False
2026-01-14 16:05:00,,,,False,False
2026-01-14 16:10:00,,,,False,False
2026-01-14 16:15:00,,,,False,False
2026-01-14 16:20:00,,,,False,False
2026-01-14 16:25:00,,,,False,False
2026-01-14 16:30:00,,,,False,False
2026-01-14 16:35:00,,,,False,False
2026-01-14 16:40:00,,,,False,False
2026-01-14 16:45:00,,,,False,False
2026-01-14 16:50:00,,,,False,False
2026-01-14 16:55:00,,,,False,False
2026-01-14 17:00:00,,,,False,False
2026-01-14 17:05:00,,,,False,False
2026-01-14 17:10:00,,,,False,False
2026-01-14 17:15:00,,,,False,False
2026-01-14 17:20:00,,,,False,False
2026-01-14 17:25:00,,,,False,False
2026-01-14 17:30:00,,,,False,False
2026-01-14 17:35:00,,,,False,False
2026-01-14 17:40:00,,,,False,False
2026-01-14 17:45:00,,,,False,False
2026-01-14 17:50:00,,,,False,False
2026-01-14 17:55:00,,,,False,False
2026-01-14 18:00:00,,,,False,False
2026-01-14 18:05:00,,,,False,False
2026-01-14 18:10:00,,,,False,False
2026-01-14 18:15:00,,,,False,False
2026-01-14 18:20:00,,,,False,False
2026-01-14 18:25:00,,,,False,False
2026-01-14 18:30:00,,,,False,False
2026-01-14 18:35:00,,,,False,False
2026-01-14 18:40:00,,,,False,False
2026-01-14 18:45:00,,,,False,False
2026-01-14 18:50:00,,,,False,False
2026-01-14 18:55:00,,,,False,False
2026-01-14 19:00:00,,,,False,False
2026-01-14 19:05:00,,,,False,False
2026-01-14 19:10:00,,,,False,False
2026-01-14 19:15:00,,,,False,False
2026-01-14 19:20:00,,,,False,False
2026-01-14 19:25:00,,,,False,False
2026-01-14 19:30:00,,,,False,False
2026-01-14 19:35:00,,,,False,False
2026-01-14 19:40:00,,,,False,False
2026-01-14 19:45:00,,,,False,False
2026-01-14 19:50:00,,,,False,False
2026-01-14 19:55:00,,,,False,False
2026-01-14 20:00:00,,,,False,False
2026-01-14 20:05:00,,,,False,False
2026-01-14 20:10:00,,,,False,False
2026-01-14 20:15:00,,,,False,False
2026-01-14 20:20:00,,,,False,False
2026-01-14 20:25:00,,,,False,False
2026-01-14 20:30:00,,,,False,False
2026-01-14 20:35:00,,,,False,False
2026-01-14 20:40:00,,,,False,False
2026-01-14 20:45:00,,,,False,False
2026-01-14 20:50:00,,,,False,False
2026-01-14 20:55:00,,,,False,False
2026-01-14 21:00:00,,,,False,False
2026-01-14 21:05:00,,,,False,False
2026-01-14 21:10:00,,,,False,False
2026-01-14 21:15:00,,,,False,False
2026-01-14 21:20:00,,,,False,False
2026-01-14 21:25:00,,,,False,False
2026-01-14 21:30:00,,,,False,False
2026-01-14 21:35:00,,,,False,False
2026-01-14 21:40:00,,,,False,False
2026-01-14 21:45:00,,,,False,False
2026-01-14 21:50:00,,,,False,False
2026-01-14 21:55:00,,,,False,False
2026-01-14 22:00:00,,,,False,False
2026-01-14 22:05:00,,,,False,False
2026-01-14 22:10:00,,,,False,False
2026-01-14 22:15:00,,,,False,False
2026-01-14 22:20:00,,,,False,False
2026-01-14 22:25:00,,,,False,False
2026-01-14 22:30:00,,,,False,False
2026-01-14 22:35:00,,,,False,False
2026-01-14 22:40:00,,,,False,False
2026-01-14 22:45:00,,,,False,False
2026-01-14 22:50:00,,,,False,False
2026-01-14 22:55:00,,,,False,False
2026-01-14 23:00:00,,,,False,False
2026-01-14 23:05:00,,,,False,False
2026-01-14 23:10:00,,,,False,False
2026-01-14 23:15:00,,,,False,False
2026-01-14 23:20:00,,,,False,False
2026-01-14 23:25:00,,,,False,False
2026-01-14 23:30:00,,,,False,False
2026-01-14 23:35:00,,,,False,False
2026-01-14 23:40:00,,,,False,False
2026-01-14 23:45:00,,,,False,False
2026-01-14 23:50:00,,,,False,False
2026-01-14 23:55:00,,,,False,False
2026-01-15 00:00:00,,,,False,False
2026-01-15 00:05:00,,,,False,False
2026-01-15 00:10:00,,,,False,False
2026-01-15 00:15:00,,,,False,False
2026-01-15 00:20:00,,,,False,False
2026-01-15 00:25:00,,,,False,False
2026-01-15 00:30:00,,,,False,False
2026-01-15 00:35:00,,,,False,False
2026-01-15 00:40:00,,,,False,False
2026-01-15 00:45:00,,,,False,False
2026-01-15 00:50:00,,,,False,False
2026-01-15 00:55:00,,,,False,False
2026-01-15 01:00:00,,,,False,False
2026-01-15 01:05:00,,,,False,False
2026-01-15 01:10:00,,,,False,False
2026-01-15 01:15:00,,,,False,False
2026-01-15 01:20:00,,,,False,False
2026-01-15 01:25:00,,,,False,False
2026-01-15 01:30:00,,,,False,False
2026-01-15 01:35:00,,,,False,False
2026-01-15 01:40:00,,,,False,False
2026-01-15 01:45:00,,,,False,False
2026-01-15 01:50:00,,,,False,False
2026-01-15 01:55:00,,,,False,False
2026-01-15 02:00:00,,,,False,False
2026-01-15 02:05:00,,,,False,False
2026-01-15 02:10:00,,,,False,False
2026-01-15 02:15:00,,,,False,False
2026-01-15 02:20:00,,,,False,False
2026-01-15 02:25:00,,,,False,False
2026-01-15 02:30:00,,,,False,False
2026-01-15 02:35:00,,,,False,False
2026-01-15 02:40:00,,,,False,False
2026-01-15 02:45:00,,,,False,False
2026-01-15 02:50:00,,,,False,False
2026-01-15 02:55:00,,,,False,False
2026-01-15 03:00:00,,,,False,False
2026-01-15 03:05:00,,,,False,False
2026-01-15 03:10:00,,,,False,False
2026-01-15 03:15:00,,,,False,False
2026-01-15 03:20:00,,,,False,False
2026-01-15 03:25:00,,,,False,False
2026-01-15 03:30:00,,,,False,False
2026-01-15 03:35:00,,,,False,False
2026-01-15 03:40:00,,,,False,False
2026-01-15 03:45:00,,,,False,False
2026-01-15 03:50:00,,,,False,False
2026-01-15 03:55:00,,,,False,False
2026-01-15 04:00:00,,,,False,False
2026-01-15 04:05:00,,,,False,False
2026-01-15 04:10:00,,,,False,False
2026-01-15 04:15:00,,,,False,False
2026-01-15 04:20:00,,,,False,False
2026-01-15 04:25:00,,,,False,False
2026-01-15 04:30:00,,,,False,False
2026-01-15 04:35:00,,,,False,False
2026-01-15 04:40:00,,,,False,False
2026-01-15 04:45:00,,,,False,False
2026-01-15 04:50:00,,,,False,False
2026-01-15 04:55:00,,,,False,False
2026-01-15 05:00:00,,,,False,False
2026-01-15 05:05:00,,,,False,False
2026-01-15 05:10:00,,,,False,False
2026-01-15 05:15:00,,,,False,False
2026-01-15 05:20:00,,,,False,False
2026-01-15 05:25:00,,,,False,False
2026-01-15 05:30:00,,,,False,False
2026-01-15 05:35:00,,,,False,False
2026-01-15 05:40:00,,,,False,False
2026-01-15 05:45:00,,,,False,False
2026-01-15 05:50:00,,,,False,False
2026-01-15 05:55:00,,,,False,False
2026-01-15 06:00:00,,,,False,False
2026-01-15 06:05:00,,,,False,False
2026-01-15 06:10:00,,,,False,False
2026-01-15 06:15:00,,,,False,False
2026-01-15 06:20:00,,,,False,False
2026-01-15 06:25:00,,,,False,False
2026-01-15 06:30:00,,,,False,False
2026-01-15 06:35:00,,,,False,False
2026-01-15 06:40:00,,,,False,False
2026-01-15 06:45:00,,,,False,False
2026-01-15 06:50:00,,,,False,False
2026-01-15 06:55:00,,,,False,False
2026-01-15 07:00:00,,,,False,False
2026-01-15 07:05:00,,,,False,False
2026-01-15 07:10:00,,,,False,False
2026-01-15 07:15:00,,,,False,False
2026-01-15 07:20:00,,,,False,False
2026-01-15 07:25:00,,,,False,False
2026-01-15 07:30:00,,,,False,False
2026-01-15 07:35:00,,,,False,False
2026-01-15 07:40:00,,,,False,False
2026-01-15 07:45:00,,,,False,False
2026-01-15 07:50:00,,,,False,False
2026-01-15 07:55:00,,,,False,False
2026-01-15 08:00:00,,,,False,False
2026-01-15 08:05:00,,,,False,False
2026-01-15 08:10:00,,,,False,False
2026-01-15 08:15:00,,,,False,False
2026-01-15 08:20:00,,,,False,False
2026-01-15 08:25:00,,,,False,False
2026-01-15 08:30:00,,,,False,False
2026-01-15 08:35:00,,,,False,False
2026-01-15 08:40:00,,,,False,False
2026-01-15 08:45:00,,,,False,False
2026-01-15 08:50:00,,,,False,False
2026-01-15 08:55:00,,,,False,False
2026-01-15 09:00:00,,,,False,False
2026-01-15 09:05:00,,,,False,False
2026-01-15 09:10:00,,,,False,False
2026-01-15 09:15:00,,,,False,False
2026-01-15 09:20:00,,,,False,False
2026-01-15 09:25:00,,,,False,False
2026-01-15 09:30:00,,,,False,False
2026-01-15 09:35:00,,,,False,False
2026-01-15 09:40:00,,,,False,False
2026-01-15 09:45:00,,,,False,False
2026-01-15 09:50:00,,,,False,False
2026-01-15 09:55:00,,,,False,False
2026-01-15 10:00:00,,,,False,False
2026-01-15 10:05:00,,,,False,False
2026-01-15 10:10:00,,,,False,False
2026-01-15 10:15:00,,,,False,False
2026-01-15 10:20:00,,,,False,False
2026-01-15 10:25:00,,,,False,False
2026-01-15 10:30:00,,,,False,False
2026-01-15 10:35:00,,,,False,False
2026-01-15 10:40:00,,,,False,False
2026-01-15 10:45:00,,,,False,False
2026-01-15 10:50:00,,,,False,False
2026-01-15 10:55:00,,,,False,False
2026-01-15 11:00:00,,,,False,False
2026-01-15 11:05:00,,,,False,False
2026-01-15 11:10:00,,,,False,False
2026-01-15 11:15:00,,,,False,False
2026-01-15 11:20:00,,,,False,False
2026-01-15 11:25:00,,,,False,False
2026-01-15 11:30:00,,,,False,False
2026-01-15 11:35:00,,,,False,False
2026-01-15 11:40:00,,,,False,False
2026-01-15 11:45:00,,,,False,False
2026-01-15 11:50:00,,,,False,False
2026-01-15 11:55:00,,,,False,False
2026-01-15 12:00:00,,,,False,False
2026-01-15 12:05:00,,,,False,False
2026-01-15 12:10:00,,,,False,False
2026-01-15 12:15:00,,,,False,False
2026-01-15 12:20:00,,,,False,False
2026-01-15 12:25:00,,,,False,False
2026-01-15 12:30:00,,,,False,False
2026-01-15 12:35:00,,,,False,False
2026-01-15 12:40:00,,,,False,False
2026-01-15 12:45:00,,,,False,False
2026-01-15 12:50:00,,,,False,False
2026-01-15 12:55:00,,,,False,False
2026-01-15 13:00:00,,,,False,False
2026-01-15 13:05:00,,,,False,False
2026-01-15 13:10:00,,,,False,False
2026-01-15 13:15:00,,,,False,False
2026-01-15 13:20:00,,,,False,False
2026-01-15 13:25:00,,,,False,False
2026-01-15 13:30:00,,,,False,False
2026-01-15 13:35:00,,,,False,False
2026-01-15 13:40:00,,,,False,False
2026-01-15 13:45:00,,,,False,False
2026-01-15 13:50:00,,,,False,False
2026-01-15 13:55:00,,,,False,False
2026-01-15 14:00:00,,,,False,False
2026-01-15 14:05:00,,,,False,False
2026-01-15 14:10:00,,,,False,False
2026-01-15 14:15:00,,,,False,False
2026-01-15 14:20:00,,,,False,False
2026-01-15 14:25:00,,,,False,False
2026-01-15 14:30:00,,,,False,False
2026-01-15 14:35:00,,,,False,False
2026-01-15 14:40:00,,,,False,False
2026-01-15 14:45:00,,,,False,False
2026-01-15 14:50:00,,,,False,False
2026-01-15 14:55:00,,,,False,False
2026-01-15 15:00:00,,,,False,False
2026-01-15 15:05:00,,,,False,False
2026-01-15 15:10:00,,,,False,False
2026-01-15 15:15:00,,,,False,False
2026-01-15 15:20:00,,,,False,False
2026-01-15 15:25:00,,,,False,False
2026-01-15 15:30:00,,,,False,False
2026-01-15 15:35:00,,,,False,False
2026-01-15 15:40:00,,,,False,False
2026-01-15 15:45:00,,,,False,False
2026-01-15 15:50:00,,,,False,False
2026-01-15 15:55:00,,,,False,False
2026-01-15 16:00:00,,,,False,False
2026-01-15 16:05:00,,,,False,False
2026-01-15 16:10:00,,,,False,False
2026-01-15 16:15:00,,,,False,False
2026-01-15 16:20:00,,,,False,False
2026-01-15 16:25:00,,,,False,False
2026-01-15 16:30:00,,,,False,False
2026-01-15 16:35:00,,,,False,False
2026-01-15 16:40:00,,,,False,False
2026-01-15 16:45:00,,,,False,False
2026-01-15 16:50:00,,,,False,False
2026-01-15 16:55:00,,,,False,False
2026-01-15 17:00:00,,,,False,False
2026-01-15 17:05:00,,,,False,False
2026-01-15 17:10:00,,,,False,False
2026-01-15 17:15:00,,,,False,False
2026-01-15 17:20:00,,,,False,False
2026-01-15 17:25:00,,,,False,False
2026-01-15 17:30:00,,,,False,False
2026-01-15 17:35:00,,,,False,False
2026-01-15 17:40:00,,,,False,False
2026-01-15 17:45:00,,,,False,False
2026-01-15 17:50:00,,,,False,False
2026-01-15 17:55:00,,,,False,False
2026-01-15 18:00:00,,,,False,False
2026-01-15 18:05:00,,,,False,False
2026-01-15 18:10:00,,,,False,False
2026-01-15 18:15:00,,,,False,False
2026-01-15 18:20:00,,,,False,False
2026-01-15 18:25:00,,,,False,False
2026-01-15 18:30:00,,,,False,False
2026-01-15 18:35:00,,,,False,False
2026-01-15 18:40:00,,,,False,False
2026-01-15 18:45:00,,,,False,False
2026-01-15 18:50:00,,,,False,False
2026-01-15 18:55:00,,,,False,False
2026-01-15 19:00:00,,,,False,False
2026-01-15 19:05:00,,,,False,False
2026-01-15 19:10:00,,,,False,False
2026-01-15 19:15:00,,,,False,False
2026-01-15 19:20:00,,,,False,False
2026-01-15 19:25:00,,,,False,False
2026-01-15 19:30:00,,,,False,False
2026-01-15 19:35:00,,,,False,False
2026-01-15 19:40:00,,,,False,False
2026-01-15 19:45:00,,,,False,False
2026-01-15 19:50:00,,,,False,False
2026-01-15 19:55:00,,,,False,False
2026-01-15 20:00:00,,,,False,False
2026-01-15 20:05:00,,,,False,False
2026-01-15 20:10:00,,,,False,False
2026-01-15 20:15:00,,,,False,False
2026-01-15 20:20:00,,,,False,False
2026-01-15 20:25:00,,,,False,False
2026-01-15 20:30:00,,,,False,False
2026-01-15 20:35:00,,,,False,False
2026-01-15 20:40:00,,,,False,False
2026-01-15 20:45:00,,,,False,False
2026-01-15 20:50:00,,,,False,False
2026-01-15 20:55:00,,,,False,False
2026-01-15 21:00:00,,,,False,False
2026-01-15 21:05:00,,,,False,False
2026-01-15 21:10:00,,,,False,False
2026-01-15 21:15:00,,,,False,False
2026-01-15 21:20:00,,,,False,False
2026-01-15 21:25:00,,,,False,False
2026-01-15 21:30:00,,,,False,False
2026-01-15 21:35:00,,,,False,False
2026-01-15 21:40:00,,,,False,False
2026-01-15 21:45:00,,,,False,False
2026-01-15 21:50:00,,,,False,False
2026-01-15 21:55:00,,,,False,False
2026-01-15 22:00:00,,,,False,False
2026-01-15 22:05:00,,,,False,False
2026-01-15 22:10:00,,,,False,False
2026-01-15 22:15:00,,,,False,False
2026-01-15 22:20:00,,,,False,False
2026-01-15 22:25:00,,,,False,False
2026-01-15 22:30:00,,,,False,False
2026-01-15 22:35:00,,,,False,False
2026-01-15 22:40:00,,,,False,False
2026-01-15 22:45:00,,,,False,False
2026-01-15 22:50:00,,,,False,False
2026-01-15 22:55:00,,,,False,False
2026-01-15 23:00:00,,,,False,False
2026-01-15 23:05:00,,,,False,False
2026-01-15 23:10:00,,,,False,False
2026-01-15 23:15:00,,,,False,False
2026-01-15 23:20:00,,,,False,False
2026-01-15 23:25:00,,,,False,False
2026-01-15 23:30:00,,,,False,False
2026-01-15 23:35:00,,,,False,False
2026-01-15 23:40:00,,,,False,False
2026-01-15 23:45:00,,,,False,False
2026-01-15 23:50:00,,,,False,False
2026-01-15 23:55:00,,,,False,False
2026-01-16 00:00:00,,,,False,False
2026-01-16 00:05:00,,,,False,False
2026-01-16 00:10:00,,,,False,False
2026-01-16 00:15:00,,,,False,False
2026-01-16 00:20:00,,,,False,False
2026-01-16 00:25:00,,,,False,False
2026-01-16 00:30:00,,,,False,False
2026-01-16 00:35:00,,,,False,False
2026-01-16 00:40:00,,,,False,False
2026-01-16 00:45:00,,,,False,False
2026-01-16 00:50:00,,,,False,False
2026-01-16 00:55:00,,,,False,False
2026-01-16 01:00:00,,,,False,False
2026-01-16 01:05:00,,,,False,False
2026-01-16 01:10:00,,,,False,False
2026-01-16 01:15:00,,,,False,False
2026-01-16 01:20:00,,,,False,False
2026-01-16 01:25:00,,,,False,False
2026-01-16 01:30:00,,,,False,False
2026-01-16 01:35:00,,,,False,False
2026-01-16 01:40:00,,,,False,False
2026-01-16 01:45:00,,,,False,False
2026-01-16 01:50:00,,,,False,False
2026-01-16 01:55:00,,,,False,False
2026-01-16 02:00:00,,,,False,False
2026-01-16 02:05:00,,,,False,False
2026-01-16 02:10:00,,,,False,False
2026-01-16 02:15:00,,,,False,False
2026-01-16 02:20:00,,,,False,False
2026-01-16 02:25:00,,,,False,False
2026-01-16 02:30:00,,,,False,False
2026-01-16 02:35:00,,,,False,False
2026-01-16 02:40:00,,,,False,False
2026-01-16 02:45:00,,,,False,False
2026-01-16 02:50:00,,,,False,False
2026-01-16 02:55:00,,,,False,False
2026-01-16 03:00:00,,,,False,False
2026-01-16 03:05:00,,,,False,False
2026-01-16 03:10:00,,,,False,False
2026-01-16 03:15:00,,,,False,False
2026-01-16 03:20:00,,,,False,False
2026-01-16 03:25:00,,,,False,False
2026-01-16 03:30:00,,,,False,False
2026-01-16 03:35:00,,,,False,False
2026-01-16 03:40:00,,,,False,False
2026-01-16 03:45:00,,,,False,False
2026-01-16 03:50:00,,,,False,False
2026-01-16 03:55:00,,,,False,False
2026-01-16 04:00:00,,,,False,False
2026-01-16 04:05:00,,,,False,False
2026-01-16 04:10:00,,,,False,False
2026-01-16 04:15:00,,,,False,False
2026-01-16 04:20:00,,,,False,False
2026-01-16 04:25:00,,,,False,False
2026-01-16 04:30:00,,,,False,False
2026-01-16 04:35:00,,,,False,False
2026-01-16 04:40:00,,,,False,False
2026-01-16 04:45:00,,,,False,False
2026-01-16 04:50:00,,,,False,False
2026-01-16 04:55:00,,,,False,False
2026-01-16 05:00:00,,,,False,False
2026-01-16 05:05:00,,,,False,False
2026-01-16 05:10:00,,,,False,False
2026-01-16 05:15:00,,,,False,False
2026-01-16 05:20:00,,,,False,False
2026-01-16 05:25:00,,,,False,False
2026-01-16 05:30:00,,,,False,False
2026-01-16 05:35:00,,,,False,False
2026-01-16 05:40:00,,,,False,False
2026-01-16 05:45:00,,,,False,False
2026-01-16 05:50:00,,,,False,False
2026-01-16 05:55:00,,,,False,False
2026-01-16 06:00:00,,,,False,False
2026-01-16 06:05:00,,,,False,False
2026-01-16 06:10:00,,,,False,False
2026-01-16 06:15:00,,,,False,False
2026-01-16 06:20:00,,,,False,False
2026-01-16 06:25:00,,,,False,False
2026-01-16 06:30:00,,,,False,False
2026-01-16 06:35:00,,,,False,False
2026-01-16 06:40:00,,,,False,False
2026-01-16 06:45:00,,,,False,False
2026-01-16 06:50:00,,,,False,False
2026-01-16 06:55:00,,,,False,False
2026-01-16 07:00:00,,,,False,False
2026-01-16 07:05:00,,,,False,False
2026-01-16 07:10:00,,,,False,False
2026-01-16 07:15:00,,,,False,False
2026-01-16 07:20:00,,,,False,False
2026-01-16 07:25:00,,,,False,False
2026-01-16 07:30:00,,,,False,False
2026-01-16 07:35:00,,,,False,False
2026-01-16 07:40:00,,,,False,False
2026-01-16 07:45:00,,,,False,False
2026-01-16 07:50:00,,,,False,False
2026-01-16 07:55:00,,,,False,False
2026-01-16 08:00:00,,,,False,False
2026-01-16 08:05:00,,,,False,False
2026-01-16 08:10:00,,,,False,False
2026-01-16 08:15:00,,,,False,False
2026-01-16 08:20:00,,,,False,False
2026-01-16 08:25:00,,,,False,False
2026-01-16 08:30:00,,,,False,False
2026-01-16 08:35:00,,,,False,False
2026-01-16 08:40:00,,,,False,False
2026-01-16 08:45:00,,,,False,False
2026-01-16 08:50:00,,,,False,False
2026-01-16 08:55:00,,,,False,False
2026-01-16 09:00:00,,,,False,False
2026-01-16 09:05:00,,,,False,False
2026-01-16 09:10:00,,,,False,False
2026-01-16 09:15:00,16-01-2026 09:15,25709.45,0.10759,True,False
2026-01-16 09:20:00,16-01-2026 09:20,25731.8,0.09803,True,False
2026-01-16 09:25:00,16-01-2026 09:25,25713.95,0.10164,True,False
2026-01-16 09:30:00,16-01-2026 09:30,25717.25,,True,True
2026-01-16 09:35:00,16-01-2026 09:35,25703.5,0.0969,True,False
2026-01-16 09:40:00,16-01-2026 09:40,25700.0,,True,True
2026-01-16 09:45:00,16-01-2026 09:45,25718.5,0.1033,True,False
2026-01-16 09:50:00,16-01-2026 09:50,25745.0,0.09899,True,False
2026-01-16 09:55:00,16-01-2026 09:55,25750.1,,True,True
2026-01-16 10:00:00,16-01-2026 10:00,25740.5,,True,True
2026-01-16 10:05:00,16-01-2026 10:05,25754.15,0.10204,True,False
2026-01-16 10:10:00,16-01-2026 10:10,25768.1,0.10474,True,False
2026-01-16 10:15:00,16-01-2026 10:15,25809.45,0.11533,True,False
2026-01-16 10:20:00,16-01-2026 10:20,25841.8,,True,True
2026-01-16 10:25:00,16-01-2026 10:25,25852.75,0.1087,True,False
2026-01-16 10:30:00,16-01-2026 10:30,25857.6,0.1052,True,False
2026-01-16 10:35:00,16-01-2026 10:35,25863.75,0.10609,True,False
2026-01-16 10:40:00,16-01-2026 10:40,25871.4,0.09705,True,False
2026-01-16 10:45:00,16-01-2026 10:45,25855.55,0.1044,True,False
2026-01-16 10:50:00,16-01-2026 10:50,25847.05,0.10261,True,False
2026-01-16 10:55:00,16-01-2026 10:55,25842.9,,True,True
2026-01-16 11:00:00,16-01-2026 11:00,25831.1,0.10159,True,False
2026-01-16 11:05:00,16-01-2026 11:05,25828.0,0.10513,True,False
2026-01-16 11:10:00,16-01-2026 11:10,25825.7,0.09914,True,False
2026-01-16 11:15:00,16-01-2026 11:15,25823.0,0.09876,True,False
2026-01-16 11:20:00,16-01-2026 11:20,25813.0,,True,True
2026-01-16 11:25:00,16-01-2026 11:25,25811.55,0.10248,True,False
2026-01-16 11:30:00,16-01-2026 11:30,25823.8,0.0975,True,False
2026-01-16 11:35:00,16-01-2026 11:35,25810.0,0.09905,True,False
2026-01-16 11:40:00,16-01-2026 11:40,25806.75,0.09812,True,False
2026-01-16 11:45:00,16-01-2026 11:45,25794.7,0.10097,True,False
2026-01-16 11:50:00,16-01-2026 11:50,25794.65,0.10134,True,False
2026-01-16 11:55:00,16-01-2026 11:55,25797.25,0.09555,True,False
2026-01-16 12:00:00,16-01-2026 12:00,25774.5,0.10685,True,False
2026-01-16 12:05:00,16-01-2026 12:05,25790.15,,True,True
2026-01-16 12:10:00,16-01-2026 12:10,25810.95,0.1085,True,False
2026-01-16 12:15:00,16-01-2026 12:15,25821.3,0.1012,True,False
2026-01-16 12:20:00,16-01-2026 12:20,25815.75,0.10238,True,False
2026-01-16 12:25:00,16-01-2026 12:25,25811.0,0.08605,True,False
2026-01-16 12:30:00,16-01-2026 12:30,25738.6,0.10782,True,False
2026-01-16 12:35:00,16-01-2026 12:35,25771.0,,True,True
2026-01-16 12:40:00,16-01-2026 12:40,25768.5,,True,True
2026-01-16 12:45:00,16-01-2026 12:45,25759.4,,True,True
2026-01-16 12:50:00,16-01-2026 12:50,25750.05,0.10559,True,False
2026-01-16 12:55:00,16-01-2026 12:55,25759.95,0.09701,True,False
2026-01-16 13:00:00,16-01-2026 13:00,25740.05,,True,True
2026-01-16 13:05:00,16-01-2026 13:05,25723.25,0.10198,True,False
2026-01-16 13:10:00,16-01-2026 13:10,25717.95,0.10044,True,False
2026-01-16 13:15:00,16-01-2026 13:15,25715.5,0.09984,True,False
2026-01-16 13:20:00,16-01-2026 13:20,25705.4,0.09896,True,False
2026-01-16 13:25:00,16-01-2026 13:25,25670.15,0.10745,True,False
2026-01-16 13:30:00,16-01-2026 13:30,25701.15,0.10011,True,False
2026-01-16 13:35:00,16-01-2026 13:35,25687.3,0.10463,True,False
2026-01-16 13:40:00,16-01-2026 13:40,25701.3,,True,True
2026-01-16 13:45:00,16-01-2026 13:45,25699.7,0.10143,True,False
2026-01-16 13:50:00,16-01-2026 13:50,25712.85,,True,True
2026-01-16 13:55:00,16-01-2026 13:55,25689.85,0.10011,True,False
2026-01-16 14:00:00,16-01-2026 14:00,25681.95,0.09939,True,False
2026-01-16 14:05:00,16-01-2026 14:05,25682.85,0.09708,True,False
2026-01-16 14:10:00,16-01-2026 14:10,25684.7,0.09999,True,False
2026-01-16 14:15:00,16-01-2026 14:15,25676.95,0.10111,True,False
2026-01-16 14:20:00,16-01-2026 14:20,25689.4,0.10039,True,False
2026-01-16 14:25:00,16-01-2026 14:25,25707.1,0.09635,True,False
2026-01-16 14:30:00,16-01-2026 14:30,25688.2,0.10131,True,False
2026-01-16 14:35:00,16-01-2026 14:35,25708.0,,True,True
2026-01-16 14:40:00,16-01-2026 14:40,25706.4,0.09848,True,False
2026-01-16 14:45:00,16-01-2026 14:45,25707.8,0.09656,True,False
2026-01-16 14:50:00,16-01-2026 14:50,25692.95,0.09932,True,False
2026-01-16 14:55:00,16-01-2026 14:55,25700.95,0.09834,True,False
2026-01-16 15:00:00,16-01-2026 15:00,25706.3,0.09594,True,False
2026-01-16 15:05:00,16-01-2026 15:05,25694.05,0.09725,True,False
2026-01-16 15:10:00,16-01-2026 15:10,25691.6,0.09678,True,False
2026-01-16 15:15:00,16-01-2026 15:15,25691.75,0.09949,True,False
2026-01-16 15:20:00,16-01-2026 15:20,25695.9,,True,True
2026-01-16 15:25:00,16-01-2026 15:25,25697.65,0.09583,True,False
2026-01-16 15:30:00,,,,False,False
2026-01-16 15:35:00,,,,False,False
2026-01-16 15:40:00,,,,False,False
2026-01-16 15:45:00,,,,False,False
2026-01-16 15:50:00,,,,False,False
2026-01-16 15:55:00,,,,False,False
2026-01-16 16:00:00,,,,False,False
2026-01-16 16:05:00,,,,False,False
2026-01-16 16:10:00,,,,False,False
2026-01-16 16:15:00,,,,False,False
2026-01-16 16:20:00,,,,False,False
2026-01-16 16:25:00,,,,False,False
2026-01-16 16:30:00,,,,False,False
2026-01-16 16:35:00,,,,False,False
2026-01-16 16:40:00,,,,False,False
2026-01-16 16:45:00,,,,False,False
2026-01-16 16:50:00,,,,False,False
2026-01-16 16:55:00,,,,False,False
2026-01-16 17:00:00,,,,False,False
2026-01-16 17:05:00,,,,False,False
2026-01-16 17:10:00,,,,False,False
2026-01-16 17:15:00,,,,False,False
2026-01-16 17:20:00,,,,False,False
2026-01-16 17:25:00,,,,False,False
2026-01-16 17:30:00,,,,False,False
2026-01-16 17:35:00,,,,False,False
2026-01-16 17:40:00,,,,False,False
2026-01-16 17:45:00,,,,False,False
2026-01-16 17:50:00,,,,False,False
2026-01-16 17:55:00,,,,False,False
2026-01-16 18:00:00,,,,False,False
2026-01-16 18:05:00,,,,False,False
2026-01-16 18:10:00,,,,False,False
2026-01-16 18:15:00,,,,False,False
2026-01-16 18:20:00,,,,False,False
2026-01-16 18:25:00,,,,False,False
2026-01-16 18:30:00,,,,False,False
2026-01-16 18:35:00,,,,False,False
2026-01-16 18:40:00,,,,False,False
2026-01-16 18:45:00,,,,False,False
2026-01-16 18:50:00,,,,False,False
2026-01-16 18:55:00,,,,False,False
2026-01-16 19:00:00,,,,False,False
2026-01-16 19:05:00,,,,False,False
2026-01-16 19:10:00,,,,False,False
2026-01-16 19:15:00,,,,False,False
2026-01-16 19:20:00,,,,False,False
2026-01-16 19:25:00,,,,False,False
2026-01-16 19:30:00,,,,False,False
2026-01-16 19:35:00,,,,False,False
2026-01-16 19:40:00,,,,False,False
2026-01-16 19:45:00,,,,False,False
2026-01-16 19:50:00,,,,False,False
2026-01-16 19:55:00,,,,False,False
2026-01-16 20:00:00,,,,False,False
2026-01-16 20:05:00,,,,False,False
2026-01-16 20:10:00,,,,False,False
2026-01-16 20:15:00,,,,False,False
2026-01-16 20:20:00,,,,False,False
2026-01-16 20:25:00,,,,False,False
2026-01-16 20:30:00,,,,False,False
2026-01-16 20:35:00,,,,False,False
2026-01-16 20:40:00,,,,False,False
2026-01-16 20:45:00,,,,False,False
2026-01-16 20:50:00,,,,False,False
2026-01-16 20:55:00,,,,False,False
2026-01-16 21:00:00,,,,False,False
2026-01-16 21:05:00,,,,False,False
2026-01-16 21:10:00,,,,False,False
2026-01-16 21:15:00,,,,False,False
2026-01-16 21:20:00,,,,False,False
2026-01-16 21:25:00,,,,False,False
2026-01-16 21:30:00,,,,False,False
2026-01-16 21:35:00,,,,False,False
2026-01-16 21:40:00,,,,False,False
2026-01-16 21:45:00,,,,False,False
2026-01-16 21:50:00,,,,False,False
2026-01-16 21:55:00,,,,False,False
2026-01-16 22:00:00,,,,False,False
2026-01-16 22:05:00,,,,False,False
2026-01-16 22:10:00,,,,False,False
2026-01-16 22:15:00,,,,False,False
2026-01-16 22:20:00,,,,False,False
2026-01-16 22:25:00,,,,False,False
2026-01-16 22:30:00,,,,False,False
2026-01-16 22:35:00,,,,False,False
2026-01-16 22:40:00,,,,False,False
2026-01-16 22:45:00,,,,False,False
2026-01-16 22:50:00,,,,False,False
2026-01-16 22:55:00,,,,False,False
2026-01-16 23:00:00,,,,False,False
2026-01-16 23:05:00,,,,False,False
2026-01-16 23:10:00,,,,False,False
2026-01-16 23:15:00,,,,False,False
2026-01-16 23:20:00,,,,False,False
2026-01-16 23:25:00,,,,False,False
2026-01-16 23:30:00,,,,False,False
2026-01-16 23:35:00,,,,False,False
2026-01-16 23:40:00,,,,False,False
2026-01-16 23:45:00,,,,False,False
2026-01-16 23:50:00,,,,False,False
2026-01-16 23:55:00,,,,False,False
2026-01-17 00:00:00,,,,False,False
2026-01-17 00:05:00,,,,False,False
2026-01-17 00:10:00,,,,False,False
2026-01-17 00:15:00,,,,False,False
2026-01-17 00:20:00,,,,False,False
2026-01-17 00:25:00,,,,False,False
2026-01-17 00:30:00,,,,False,False
2026-01-17 00:35:00,,,,False,False
2026-01-17 00:40:00,,,,False,False
2026-01-17 00:45:00,,,,False,False
2026-01-17 00:50:00,,,,False,False
2026-01-17 00:55:00,,,,False,False
2026-01-17 01:00:00,,,,False,False
2026-01-17 01:05:00,,,,False,False
2026-01-17 01:10:00,,,,False,False
2026-01-17 01:15:00,,,,False,False
2026-01-17 01:20:00,,,,False,False
2026-01-17 01:25:00,,,,False,False
2026-01-17 01:30:00,,,,False,False
2026-01-17 01:35:00,,,,False,False
2026-01-17 01:40:00,,,,False,False
2026-01-17 01:45:00,,,,False,False
2026-01-17 01:50:00,,,,False,False
2026-01-17 01:55:00,,,,False,False
2026-01-17 02:00:00,,,,False,False
2026-01-17 02:05:00,,,,False,False
2026-01-17 02:10:00,,,,False,False
2026-01-17 02:15:00,,,,False,False
2026-01-17 02:20:00,,,,False,False
2026-01-17 02:25:00,,,,False,False
2026-01-17 02:30:00,,,,False,False
2026-01-17 02:35:00,,,,False,False
2026-01-17 02:40:00,,,,False,False
2026-01-17 02:45:00,,,,False,False
2026-01-17 02:50:00,,,,False,False
2026-01-17 02:55:00,,,,False,False
2026-01-17 03:00:00,,,,False,False
2026-01-17 03:05:00,,,,False,False
2026-01-17 03:10:00,,,,False,False
2026-01-17 03:15:00,,,,False,False
2026-01-17 03:20:00,,,,False,False
2026-01-17 03:25:00,,,,False,False
2026-01-17 03:30:00,,,,False,False
2026-01-17 03:35:00,,,,False,False
2026-01-17 03:40:00,,,,False,False
2026-01-17 03:45:00,,,,False,False
2026-01-17 03:50:00,,,,False,False
2026-01-17 03:55:00,,,,False,False
2026-01-17 04:00:00,,,,False,False
2026-01-17 04:05:00,,,,False,False
2026-01-17 04:10:00,,,,False,False
2026-01-17 04:15:00,,,,False,False
2026-01-17 04:20:00,,,,False,False
2026-01-17 04:25:00,,,,False,False
2026-01-17 04:30:00,,,,False,False
2026-01-17 04:35:00,,,,False,False
2026-01-17 04:40:00,,,,False,False
2026-01-17 04:45:00,,,,False,False
2026-01-17 04:50:00,,,,False,False
2026-01-17 04:55:00,,,,False,False
2026-01-17 05:00:00,,,,False,False
2026-01-17 05:05:00,,,,False,False
2026-01-17 05:10:00,,,,False,False
2026-01-17 05:15:00,,,,False,False
2026-01-17 05:20:00,,,,False,False
2026-01-17 05:25:00,,,,False,False
2026-01-17 05:30:00,,,,False,False
2026-01-17 05:35:00,,,,False,False
2026-01-17 05:40:00,,,,False,False
2026-01-17 05:45:00,,,,False,False
2026-01-17 05:50:00,,,,False,False
2026-01-17 05:55:00,,,,False,False
2026-01-17 06:00:00,,,,False,False
2026-01-17 06:05:00,,,,False,False
2026-01-17 06:10:00,,,,False,False
2026-01-17 06:15:00,,,,False,False
2026-01-17 06:20:00,,,,False,False
2026-01-17 06:25:00,,,,False,False
2026-01-17 06:30:00,,,,False,False
2026-01-17 06:35:00,,,,False,False
2026-01-17 06:40:00,,,,False,False
2026-01-17 06:45:00,,,,False,False
2026-01-17 06:50:00,,,,False,False
2026-01-17 06:55:00,,,,False,False
2026-01-17 07:00:00,,,,False,False
2026-01-17 07:05:00,,,,False,False
2026-01-17 07:10:00,,,,False,False
2026-01-17 07:15:00,,,,False,False
2026-01-17 07:20:00,,,,False,False
2026-01-17 07:25:00,,,,False,False
2026-01-17 07:30:00,,,,False,False
2026-01-17 07:35:00,,,,False,False
2026-01-17 07:40:00,,,,False,False
2026-01-17 07:45:00,,,,False,False
2026-01-17 07:50:00,,,,False,False
2026-01-17 07:55:00,,,,False,False
2026-01-17 08:00:00,,,,False,False
2026-01-17 08:05:00,,,,False,False
2026-01-17 08:10:00,,,,False,False
2026-01-17 08:15:00,,,,False,False
2026-01-17 08:20:00,,,,False,False
2026-01-17 08:25:00,,,,False,False
2026-01-17 08:30:00,,,,False,False
2026-01-17 08:35:00,,,,False,False
2026-01-17 08:40:00,,,,False,False
2026-01-17 08:45:00,,,,False,False
2026-01-17 08:50:00,,,,False,False
2026-01-17 08:55:00,,,,False,False
2026-01-17 09:00:00,,,,False,False
2026-01-17 09:05:00,,,,False,False
2026-01-17 09:10:00,,,,False,False
2026-01-17 09:15:00,,,,False,False
2026-01-17 09:20:00,,,,False,False
2026-01-17 09:25:00,,,,False,False
2026-01-17 09:30:00,,,,False,False
2026-01-17 09:35:00,,,,False,False
2026-01-17 09:40:00,,,,False,False
2026-01-17 09:45:00,,,,False,False
2026-01-17 09:50:00,,,,False,False
2026-01-17 09:55:00,,,,False,False
2026-01-17 10:00:00,,,,False,False
2026-01-17 10:05:00,,,,False,False
2026-01-17 10:10:00,,,,False,False
2026-01-17 10:15:00,,,,False,False
2026-01-17 10:20:00,,,,False,False
2026-01-17 10:25:00,,,,False,False
2026-01-17 10:30:00,,,,False,False
2026-01-17 10:35:00,,,,False,False
2026-01-17 10:40:00,,,,False,False
2026-01-17 10:45:00,,,,False,False
2026-01-17 10:50:00,,,,False,False
2026-01-17 10:55:00,,,,False,False
2026-01-17 11:00:00,,,,False,False
2026-01-17 11:05:00,,,,False,False
2026-01-17 11:10:00,,,,False,False
2026-01-17 11:15:00,,,,False,False
2026-01-17 11:20:00,,,,False,False
2026-01-17 11:25:00,,,,False,False
2026-01-17 11:30:00,,,,False,False
2026-01-17 11:35:00,,,,False,False
2026-01-17 11:40:00,,,,False,False
2026-01-17 11:45:00,,,,False,False
2026-01-17 11:50:00,,,,False,False
2026-01-17 11:55:00,,,,False,False
2026-01-17 12:00:00,,,,False,False
2026-01-17 12:05:00,,,,False,False
2026-01-17 12:10:00,,,,False,False
2026-01-17 12:15:00,,,,False,False
2026-01-17 12:20:00,,,,False,False
2026-01-17 12:25:00,,,,False,False
2026-01-17 12:30:00,,,,False,False
2026-01-17 12:35:00,,,,False,False
2026-01-17 12:40:00,,,,False,False
2026-01-17 12:45:00,,,,False,False
2026-01-17 12:50:00,,,,False,False
2026-01-17 12:55:00,,,,False,False
2026-01-17 13:00:00,,,,False,False
2026-01-17 13:05:00,,,,False,False
2026-01-17 13:10:00,,,,False,False
2026-01-17 13:15:00,,,,False,False
2026-01-17 13:20:00,,,,False,False
2026-01-17 13:25:00,,,,False,False
2026-01-17 13:30:00,,,,False,False
2026-01-17 13:35:00,,,,False,False
2026-01-17 13:40:00,,,,False,False
2026-01-17 13:45:00,,,,False,False
2026-01-17 13:50:00,,,,False,False
2026-01-17 13:55:00,,,,False,False
2026-01-17 14:00:00,,,,False,False
2026-01-17 14:05:00,,,,False,False
2026-01-17 14:10:00,,,,False,False
2026-01-17 14:15:00,,,,False,False
2026-01-17 14:20:00,,,,False,False
2026-01-17 14:25:00,,,,False,False
2026-01-17 14:30:00,,,,False,False
2026-01-17 14:35:00,,,,False,False
2026-01-17 14:40:00,,,,False,False
2026-01-17 14:45:00,,,,False,False
2026-01-17 14:50:00,,,,False,False
2026-01-17 14:55:00,,,,False,False
2026-01-17 15:00:00,,,,False,False
2026-01-17 15:05:00,,,,False,False
2026-01-17 15:10:00,,,,False,False
2026-01-17 15:15:00,,,,False,False
2026-01-17 15:20:00,,,,False,False
2026-01-17 15:25:00,,,,False,False
2026-01-17 15:30:00,,,,False,False
2026-01-17 15:35:00,,,,False,False
2026-01-17 15:40:00,,,,False,False
2026-01-17 15:45:00,,,,False,False
2026-01-17 15:50:00,,,,False,False
2026-01-17 15:55:00,,,,False,False
2026-01-17 16:00:00,,,,False,False
2026-01-17 16:05:00,,,,False,False
2026-01-17 16:10:00,,,,False,False
2026-01-17 16:15:00,,,,False,False
2026-01-17 16:20:00,,,,False,False
2026-01-17 16:25:00,,,,False,False
2026-01-17 16:30:00,,,,False,False
2026-01-17 16:35:00,,,,False,False
2026-01-17 16:40:00,,,,False,False
2026-01-17 16:45:00,,,,False,False
2026-01-17 16:50:00,,,,False,False
2026-01-17 16:55:00,,,,False,False
2026-01-17 17:00:00,,,,False,False
2026-01-17 17:05:00,,,,False,False
2026-01-17 17:10:00,,,,False,False
2026-01-17 17:15:00,,,,False,False
2026-01-17 17:20:00,,,,False,False
2026-01-17 17:25:00,,,,False,False
2026-01-17 17:30:00,,,,False,False
2026-01-17 17:35:00,,,,False,False
2026-01-17 17:40:00,,,,False,False
2026-01-17 17:45:00,,,,False,False
2026-01-17 17:50:00,,,,False,False
2026-01-17 17:55:00,,,,False,False
2026-01-17 18:00:00,,,,False,False
2026-01-17 18:05:00,,,,False,False
2026-01-17 18:10:00,,,,False,False
2026-01-17 18:15:00,,,,False,False
2026-01-17 18:20:00,,,,False,False
2026-01-17 18:25:00,,,,False,False
2026-01-17 18:30:00,,,,False,False
2026-01-17 18:35:00,,,,False,False
2026-01-17 18:40:00,,,,False,False
2026-01-17 18:45:00,,,,False,False
2026-01-17 18:50:00,,,,False,False
2026-01-17 18:55:00,,,,False,False
2026-01-17 19:00:00,,,,False,False
2026-01-17 19:05:00,,,,False,False
2026-01-17 19:10:00,,,,False,False
2026-01-17 19:15:00,,,,False,False
2026-01-17 19:20:00,,,,False,False
2026-01-17 19:25:00,,,,False,False
2026-01-17 19:30:00,,,,False,False
2026-01-17 19:35:00,,,,False,False
2026-01-17 19:40:00,,,,False,False
2026-01-17 19:45:00,,,,False,False
2026-01-17 19:50:00,,,,False,False
2026-01-17 19:55:00,,,,False,False
2026-01-17 20:00:00,,,,False,False
2026-01-17 20:05:00,,,,False,False
2026-01-17 20:10:00,,,,False,False
2026-01-17 20:15:00,,,,False,False
2026-01-17 20:20:00,,,,False,False
2026-01-17 20:25:00,,,,False,False
2026-01-17 20:30:00,,,,False,False
2026-01-17 20:35:00,,,,False,False
2026-01-17 20:40:00,,,,False,False
2026-01-17 20:45:00,,,,False,False
2026-01-17 20:50:00,,,,False,False
2026-01-17 20:55:00,,,,False,False
2026-01-17 21:00:00,,,,False,False
2026-01-17 21:05:00,,,,False,False
2026-01-17 21:10:00,,,,False,False
2026-01-17 21:15:00,,,,False,False
2026-01-17 21:20:00,,,,False,False
2026-01-17 21:25:00,,,,False,False
2026-01-17 21:30:00,,,,False,False
2026-01-17 21:35:00,,,,False,False
2026-01-17 21:40:00,,,,False,False
2026-01-17 21:45:00,,,,False,False
2026-01-17 21:50:00,,,,False,False
2026-01-17 21:55:00,,,,False,False
2026-01-17 22:00:00,,,,False,False
2026-01-17 22:05:00,,,,False,False
2026-01-17 22:10:00,,,,False,False
2026-01-17 22:15:00,,,,False,False
2026-01-17 22:20:00,,,,False,False
2026-01-17 22:25:00,,,,False,False
2026-01-17 22:30:00,,,,False,False
2026-01-17 22:35:00,,,,False,False
2026-01-17 22:40:00,,,,False,False
2026-01-17 22:45:00,,,,False,False
2026-01-17 22:50:00,,,,False,False
2026-01-17 22:55:00,,,,False,False
2026-01-17 23:00:00,,,,False,False
2026-01-17 23:05:00,,,,False,False
2026-01-17 23:10:00,,,,False,False
2026-01-17 23:15:00,,,,False,False
2026-01-17 23:20:00,,,,False,False
2026-01-17 23:25:00,,,,False,False
2026-01-17 23:30:00,,,,False,False
2026-01-17 23:35:00,,,,False,False
2026-01-17 23:40:00,,,,False,False
2026-01-17 23:45:00,,,,False,False
2026-01-17 23:50:00,,,,False,False
2026-01-17 23:55:00,,,,False,False
2026-01-18 00:00:00,,,,False,False
2026-01-18 00:05:00,,,,False,False
2026-01-18 00:10:00,,,,False,False
2026-01-18 00:15:00,,,,False,False
2026-01-18 00:20:00,,,,False,False
2026-01-18 00:25:00,,,,False,False
2026-01-18 00:30:00,,,,False,False
2026-01-18 00:35:00,,,,False,False
2026-01-18 00:40:00,,,,False,False
2026-01-18 00:45:00,,,,False,False
2026-01-18 00:50:00,,,,False,False
2026-01-18 00:55:00,,,,False,False
2026-01-18 01:00:00,,,,False,False
2026-01-18 01:05:00,,,,False,False
2026-01-18 01:10:00,,,,False,False
2026-01-18 01:15:00,,,,False,False
2026-01-18 01:20:00,,,,False,False
2026-01-18 01:25:00,,,,False,False
2026-01-18 01:30:00,,,,False,False
2026-01-18 01:35:00,,,,False,False
2026-01-18 01:40:00,,,,False,False
2026-01-18 01:45:00,,,,False,False
2026-01-18 01:50:00,,,,False,False
2026-01-18 01:55:00,,,,False,False
2026-01-18 02:00:00,,,,False,False
2026-01-18 02:05:00,,,,False,False
2026-01-18 02:10:00,,,,False,False
2026-01-18 02:15:00,,,,False,False
2026-01-18 02:20:00,,,,False,False
2026-01-18 02:25:00,,,,False,False
2026-01-18 02:30:00,,,,False,False
2026-01-18 02:35:00,,,,False,False
2026-01-18 02:40:00,,,,False,False
2026-01-18 02:45:00,,,,False,False
2026-01-18 02:50:00,,,,False,False
2026-01-18 02:55:00,,,,False,False
2026-01-18 03:00:00,,,,False,False
2026-01-18 03:05:00,,,,False,False
2026-01-18 03:10:00,,,,False,False
2026-01-18 03:15:00,,,,False,False
2026-01-18 03:20:00,,,,False,False
2026-01-18 03:25:00,,,,False,False
2026-01-18 03:30:00,,,,False,False
2026-01-18 03:35:00,,,,False,False
2026-01-18 03:40:00,,,,False,False
2026-01-18 03:45:00,,,,False,False
2026-01-18 03:50:00,,,,False,False
2026-01-18 03:55:00,,,,False,False
2026-01-18 04:00:00,,,,False,False
2026-01-18 04:05:00,,,,False,False
2026-01-18 04:10:00,,,,False,False
2026-01-18 04:15:00,,,,False,False
2026-01-18 04:20:00,,,,False,False
2026-01-18 04:25:00,,,,False,False
2026-01-18 04:30:00,,,,False,False
2026-01-18 04:35:00,,,,False,False
2026-01-18 04:40:00,,,,False,False
2026-01-18 04:45:00,,,,False,False
2026-01-18 04:50:00,,,,False,False
2026-01-18 04:55:00,,,,False,False
2026-01-18 05:00:00,,,,False,False
2026-01-18 05:05:00,,,,False,False
2026-01-18 05:10:00,,,,False,False
2026-01-18 05:15:00,,,,False,False
2026-01-18 05:20:00,,,,False,False
2026-01-18 05:25:00,,,,False,False
2026-01-18 05:30:00,,,,False,False
2026-01-18 05:35:00,,,,False,False
2026-01-18 05:40:00,,,,False,False
2026-01-18 05:45:00,,,,False,False
2026-01-18 05:50:00,,,,False,False
2026-01-18 05:55:00,,,,False,False
2026-01-18 06:00:00,,,,False,False
2026-01-18 06:05:00,,,,False,False
2026-01-18 06:10:00,,,,False,False
2026-01-18 06:15:00,,,,False,False
2026-01-18 06:20:00,,,,False,False
2026-01-18 06:25:00,,,,False,False
2026-01-18 06:30:00,,,,False,False
2026-01-18 06:35:00,,,,False,False
2026-01-18 06:40:00,,,,False,False
2026-01-18 06:45:00,,,,False,False
2026-01-18 06:50:00,,,,False,False
2026-01-18 06:55:00,,,,False,False
2026-01-18 07:00:00,,,,False,False
2026-01-18 07:05:00,,,,False,False
2026-01-18 07:10:00,,,,False,False
2026-01-18 07:15:00,,,,False,False
2026-01-18 07:20:00,,,,False,False
2026-01-18 07:25:00,,,,False,False
2026-01-18 07:30:00,,,,False,False
2026-01-18 07:35:00,,,,False,False
2026-01-18 07:40:00,,,,False,False
2026-01-18 07:45:00,,,,False,False
2026-01-18 07:50:00,,,,False,False
2026-01-18 07:55:00,,,,False,False
2026-01-18 08:00:00,,,,False,False
2026-01-18 08:05:00,,,,False,False
2026-01-18 08:10:00,,,,False,False
2026-01-18 08:15:00,,,,False,False
2026-01-18 08:20:00,,,,False,False
2026-01-18 08:25:00,,,,False,False
2026-01-18 08:30:00,,,,False,False
2026-01-18 08:35:00,,,,False,False
2026-01-18 08:40:00,,,,False,False
2026-01-18 08:45:00,,,,False,False
2026-01-18 08:50:00,,,,False,False
2026-01-18 08:55:00,,,,False,False
2026-01-18 09:00:00,,,,False,False
2026-01-18 09:05:00,,,,False,False
2026-01-18 09:10:00,,,,False,False
2026-01-18 09:15:00,,,,False,False
2026-01-18 09:20:00,,,,False,False
2026-01-18 09:25:00,,,,False,False
2026-01-18 09:30:00,,,,False,False
2026-01-18 09:35:00,,,,False,False
2026-01-18 09:40:00,,,,False,False
2026-01-18 09:45:00,,,,False,False
2026-01-18 09:50:00,,,,False,False
2026-01-18 09:55:00,,,,False,False
2026-01-18 10:00:00,,,,False,False
2026-01-18 10:05:00,,,,False,False
2026-01-18 10:10:00,,,,False,False
2026-01-18 10:15:00,,,,False,False
2026-01-18 10:20:00,,,,False,False
2026-01-18 10:25:00,,,,False,False
2026-01-18 10:30:00,,,,False,False
2026-01-18 10:35:00,,,,False,False
2026-01-18 10:40:00,,,,False,False
2026-01-18 10:45:00,,,,False,False
2026-01-18 10:50:00,,,,False,False
2026-01-18 10:55:00,,,,False,False
2026-01-18 11:00:00,,,,False,False
2026-01-18 11:05:00,,,,False,False
2026-01-18 11:10:00,,,,False,False
2026-01-18 11:15:00,,,,False,False
2026-01-18 11:20:00,,,,False,False
2026-01-18 11:25:00,,,,False,False
2026-01-18 11:30:00,,,,False,False
2026-01-18 11:35:00,,,,False,False
2026-01-18 11:40:00,,,,False,False
2026-01-18 11:45:00,,,,False,False
2026-01-18 11:50:00,,,,False,False
2026-01-18 11:55:00,,,,False,False
2026-01-18 12:00:00,,,,False,False
2026-01-18 12:05:00,,,,False,False
2026-01-18 12:10:00,,,,False,False
2026-01-18 12:15:00,,,,False,False
2026-01-18 12:20:00,,,,False,False
2026-01-18 12:25:00,,,,False,False
2026-01-18 12:30:00,,,,False,False
2026-01-18 12:35:00,,,,False,False
2026-01-18 12:40:00,,,,False,False
2026-01-18 12:45:00,,,,False,False
2026-01-18 12:50:00,,,,False,False
2026-01-18 12:55:00,,,,False,False
2026-01-18 13:00:00,,,,False,False
2026-01-18 13:05:00,,,,False,False
2026-01-18 13:10:00,,,,False,False
2026-01-18 13:15:00,,,,False,False
2026-01-18 13:20:00,,,,False,False
2026-01-18 13:25:00,,,,False,False
2026-01-18 13:30:00,,,,False,False
2026-01-18 13:35:00,,,,False,False
2026-01-18 13:40:00,,,,False,False
2026-01-18 13:45:00,,,,False,False
2026-01-18 13:50:00,,,,False,False
2026-01-18 13:55:00,,,,False,False
2026-01-18 14:00:00,,,,False,False
2026-01-18 14:05:00,,,,False,False
2026-01-18 14:10:00,,,,False,False
2026-01-18 14:15:00,,,,False,False
2026-01-18 14:20:00,,,,False,False
2026-01-18 14:25:00,,,,False,False
2026-01-18 14:30:00,,,,False,False
2026-01-18 14:35:00,,,,False,False
2026-01-18 14:40:00,,,,False,False
2026-01-18 14:45:00,,,,False,False
2026-01-18 14:50:00,,,,False,False
2026-01-18 14:55:00,,,,False,False
2026-01-18 15:00:00,,,,False,False
2026-01-18 15:05:00,,,,False,False
2026-01-18 15:10:00,,,,False,False
2026-01-18 15:15:00,,,,False,False
2026-01-18 15:20:00,,,,False,False
2026-01-18 15:25:00,,,,False,False
2026-01-18 15:30:00,,,,False,False
2026-01-18 15:35:00,,,,False,False
2026-01-18 15:40:00,,,,False,False
2026-01-18 15:45:00,,,,False,False
2026-01-18 15:50:00,,,,False,False
2026-01-18 15:55:00,,,,False,False
2026-01-18 16:00:00,,,,False,False
2026-01-18 16:05:00,,,,False,False
2026-01-18 16:10:00,,,,False,False
2026-01-18 16:15:00,,,,False,False
2026-01-18 16:20:00,,,,False,False
2026-01-18 16:25:00,,,,False,False
2026-01-18 16:30:00,,,,False,False
2026-01-18 16:35:00,,,,False,False
2026-01-18 16:40:00,,,,False,False
2026-01-18 16:45:00,,,,False,False
2026-01-18 16:50:00,,,,False,False
2026-01-18 16:55:00,,,,False,False
2026-01-18 17:00:00,,,,False,False
2026-01-18 17:05:00,,,,False,False
2026-01-18 17:10:00,,,,False,False
2026-01-18 17:15:00,,,,False,False
2026-01-18 17:20:00,,,,False,False
2026-01-18 17:25:00,,,,False,False
2026-01-18 17:30:00,,,,False,False
2026-01-18 17:35:00,,,,False,False
2026-01-18 17:40:00,,,,False,False
2026-01-18 17:45:00,,,,False,False
2026-01-18 17:50:00,,,,False,False
2026-01-18 17:55:00,,,,False,False
2026-01-18 18:00:00,,,,False,False
2026-01-18 18:05:00,,,,False,False
2026-01-18 18:10:00,,,,False,False
2026-01-18 18:15:00,,,,False,False
2026-01-18 18:20:00,,,,False,False
2026-01-18 18:25:00,,,,False,False
2026-01-18 18:30:00,,,,False,False
2026-01-18 18:35:00,,,,False,False
2026-01-18 18:40:00,,,,False,False
2026-01-18 18:45:00,,,,False,False
2026-01-18 18:50:00,,,,False,False
2026-01-18 18:55:00,,,,False,False
2026-01-18 19:00:00,,,,False,False
2026-01-18 19:05:00,,,,False,False
2026-01-18 19:10:00,,,,False,False
2026-01-18 19:15:00,,,,False,False
2026-01-18 19:20:00,,,,False,False
2026-01-18 19:25:00,,,,False,False
2026-01-18 19:30:00,,,,False,False
2026-01-18 19:35:00,,,,False,False
2026-01-18 19:40:00,,,,False,False
2026-01-18 19:45:00,,,,False,False
2026-01-18 19:50:00,,,,False,False
2026-01-18 19:55:00,,,,False,False
2026-01-18 20:00:00,,,,False,False
2026-01-18 20:05:00,,,,False,False
2026-01-18 20:10:00,,,,False,False
2026-01-18 20:15:00,,,,False,False
2026-01-18 20:20:00,,,,False,False
2026-01-18 20:25:00,,,,False,False
2026-01-18 20:30:00,,,,False,False
2026-01-18 20:35:00,,,,False,False
2026-01-18 20:40:00,,,,False,False
2026-01-18 20:45:00,,,,False,False
2026-01-18 20:50:00,,,,False,False
2026-01-18 20:55:00,,,,False,False
2026-01-18 21:00:00,,,,False,False
2026-01-18 21:05:00,,,,False,False
2026-01-18 21:10:00,,,,False,False
2026-01-18 21:15:00,,,,False,False
2026-01-18 21:20:00,,,,False,False
2026-01-18 21:25:00,,,,False,False
2026-01-18 21:30:00,,,,False,False
2026-01-18 21:35:00,,,,False,False
2026-01-18 21:40:00,,,,False,False
2026-01-18 21:45:00,,,,False,False
2026-01-18 21:50:00,,,,False,False
2026-01-18 21:55:00,,,,False,False
2026-01-18 22:00:00,,,,False,False
2026-01-18 22:05:00,,,,False,False
2026-01-18 22:10:00,,,,False,False
2026-01-18 22:15:00,,,,False,False
2026-01-18 22:20:00,,,,False,False
2026-01-18 22:25:00,,,,False,False
2026-01-18 22:30:00,,,,False,False
2026-01-18 22:35:00,,,,False,False
2026-01-18 22:40:00,,,,False,False
2026-01-18 22:45:00,,,,False,False
2026-01-18 22:50:00,,,,False,False
2026-01-18 22:55:00,,,,False,False
2026-01-18 23:00:00,,,,False,False
2026-01-18 23:05:00,,,,False,False
2026-01-18 23:10:00,,,,False,False
2026-01-18 23:15:00,,,,False,False
2026-01-18 23:20:00,,,,False,False
2026-01-18 23:25:00,,,,False,False
2026-01-18 23:30:00,,,,False,False
2026-01-18 23:35:00,,,,False,False
2026-01-18 23:40:00,,,,False,False
2026-01-18 23:45:00,,,,False,False
2026-01-18 23:50:00,,,,False,False
2026-01-18 23:55:00,,,,False,False
2026-01-19 00:00:00,,,,False,False
2026-01-19 00:05:00,,,,False,False
2026-01-19 00:10:00,,,,False,False
2026-01-19 00:15:00,,,,False,False
2026-01-19 00:20:00,,,,False,False
2026-01-19 00:25:00,,,,False,False
2026-01-19 00:30:00,,,,False,False
2026-01-19 00:35:00,,,,False,False
2026-01-19 00:40:00,,,,False,False
2026-01-19 00:45:00,,,,False,False
2026-01-19 00:50:00,,,,False,False
2026-01-19 00:55:00,,,,False,False
2026-01-19 01:00:00,,,,False,False
2026-01-19 01:05:00,,,,False,False
2026-01-19 01:10:00,,,,False,False
2026-01-19 01:15:00,,,,False,False
2026-01-19 01:20:00,,,,False,False
2026-01-19 01:25:00,,,,False,False
2026-01-19 01:30:00,,,,False,False
2026-01-19 01:35:00,,,,False,False
2026-01-19 01:40:00,,,,False,False
2026-01-19 01:45:00,,,,False,False
2026-01-19 01:50:00,,,,False,False
2026-01-19 01:55:00,,,,False,False
2026-01-19 02:00:00,,,,False,False
2026-01-19 02:05:00,,,,False,False
2026-01-19 02:10:00,,,,False,False
2026-01-19 02:15:00,,,,False,False
2026-01-19 02:20:00,,,,False,False
2026-01-19 02:25:00,,,,False,False
2026-01-19 02:30:00,,,,False,False
2026-01-19 02:35:00,,,,False,False
2026-01-19 02:40:00,,,,False,False
2026-01-19 02:45:00,,,,False,False
2026-01-19 02:50:00,,,,False,False
2026-01-19 02:55:00,,,,False,False
2026-01-19 03:00:00,,,,False,False
2026-01-19 03:05:00,,,,False,False
2026-01-19 03:10:00,,,,False,False
2026-01-19 03:15:00,,,,False,False
2026-01-19 03:20:00,,,,False,False
2026-01-19 03:25:00,,,,False,False
2026-01-19 03:30:00,,,,False,False
2026-01-19 03:35:00,,,,False,False
2026-01-19 03:40:00,,,,False,False
2026-01-19 03:45:00,,,,False,False
2026-01-19 03:50:00,,,,False,False
2026-01-19 03:55:00,,,,False,False
2026-01-19 04:00:00,,,,False,False
2026-01-19 04:05:00,,,,False,False
2026-01-19 04:10:00,,,,False,False
2026-01-19 04:15:00,,,,False,False
2026-01-19 04:20:00,,,,False,False
2026-01-19 04:25:00,,,,False,False
2026-01-19 04:30:00,,,,False,False
2026-01-19 04:35:00,,,,False,False
2026-01-19 04:40:00,,,,False,False
2026-01-19 04:45:00,,,,False,False
2026-01-19 04:50:00,,,,False,False
2026-01-19 04:55:00,,,,False,False
2026-01-19 05:00:00,,,,False,False
2026-01-19 05:05:00,,,,False,False
2026-01-19 05:10:00,,,,False,False
2026-01-19 05:15:00,,,,False,False
2026-01-19 05:20:00,,,,False,False
2026-01-19 05:25:00,,,,False,False
2026-01-19 05:30:00,,,,False,False
2026-01-19 05:35:00,,,,False,False
2026-01-19 05:40:00,,,,False,False
2026-01-19 05:45:00,,,,False,False
2026-01-19 05:50:00,,,,False,False
2026-01-19 05:55:00,,,,False,False
2026-01-19 06:00:00,,,,False,False
2026-01-19 06:05:00,,,,False,False
2026-01-19 06:10:00,,,,False,False
2026-01-19 06:15:00,,,,False,False
2026-01-19 06:20:00,,,,False,False
2026-01-19 06:25:00,,,,False,False
2026-01-19 06:30:00,,,,False,False
2026-01-19 06:35:00,,,,False,False
2026-01-19 06:40:00,,,,False,False
2026-01-19 06:45:00,,,,False,False
2026-01-19 06:50:00,,,,False,False
2026-01-19 06:55:00,,,,False,False
2026-01-19 07:00:00,,,,False,False
2026-01-19 07:05:00,,,,False,False
2026-01-19 07:10:00,,,,False,False
2026-01-19 07:15:00,,,,False,False
2026-01-19 07:20:00,,,,False,False
2026-01-19 07:25:00,,,,False,False
2026-01-19 07:30:00,,,,False,False
2026-01-19 07:35:00,,,,False,False
2026-01-19 07:40:00,,,,False,False
2026-01-19 07:45:00,,,,False,False
2026-01-19 07:50:00,,,,False,False
2026-01-19 07:55:00,,,,False,False
2026-01-19 08:00:00,,,,False,False
2026-01-19 08:05:00,,,,False,False
2026-01-19 08:10:00,,,,False,False
2026-01-19 08:15:00,,,,False,False
2026-01-19 08:20:00,,,,False,False
2026-01-19 08:25:00,,,,False,False
2026-01-19 08:30:00,,,,False,False
2026-01-19 08:35:00,,,,False,False
2026-01-19 08:40:00,,,,False,False
2026-01-19 08:45:00,,,,False,False
2026-01-19 08:50:00,,,,False,False
2026-01-19 08:55:00,,,,False,False
2026-01-19 09:00:00,,,,False,False
2026-01-19 09:05:00,,,,False,False
2026-01-19 09:10:00,,,,False,False
2026-01-19 09:15:00,19-01-2026 09:15,25549.65,,True,True
2026-01-19 09:20:00,19-01-2026 09:20,25596.45,0.10234,True,False
2026-01-19 09:25:00,19-01-2026 09:25,25570.45,0.10522,True,False
2026-01-19 09:30:00,19-01-2026 09:30,25544.4,0.11492,True,False
2026-01-19 09:35:00,19-01-2026 09:35,25579.4,0.10339,True,False
2026-01-19 09:40:00,19-01-2026 09:40,25551.95,0.1094,True,False
2026-01-19 09:45:00,19-01-2026 09:45,25560.95,0.10726,True,False
2026-01-19 09:50:00,19-01-2026 09:50,25558.35,,True,True
2026-01-19 09:55:00,19-01-2026 09:55,25558.2,0.10459,True,False
2026-01-19 10:00:00,19-01-2026 10:00,25520.6,,True,True
2026-01-19 10:05:00,19-01-2026 10:05,25510.95,0.11147,True,False
2026-01-19 10:10:00,19-01-2026 10:10,25528.25,0.10798,True,False
2026-01-19 10:15:00,19-01-2026 10:15,25530.4,0.1084,True,False
2026-01-19 10:20:00,19-01-2026 10:20,25543.9,0.10742,True,False
2026-01-19 10:25:00,19-01-2026 10:25,25526.15,0.10618,True,False
2026-01-19 10:30:00,19-01-2026 10:30,25515.7,0.10887,True,False
2026-01-19 10:35:00,19-01-2026 10:35,25513.9,0.10863,True,False
2026-01-19 10:40:00,19-01-2026 10:40,25500.4,0.11259,True,False
2026-01-19 10:45:00,19-01-2026 10:45,25525.55,0.1084,True,False
2026-01-19 10:50:00,19-01-2026 10:50,25515.9,0.11058,True,False
2026-01-19 10:55:00,19-01-2026 10:55,25526.35,,True,True
2026-01-19 11:00:00,19-01-2026 11:00,25550.1,0.10928,True,False
2026-01-19 11:05:00,19-01-2026 11:05,25561.85,0.10318,True,False
2026-01-19 11:10:00,19-01-2026 11:10,25540.3,0.10638,True,False
2026-01-19 11:15:00,19-01-2026 11:15,25533.8,0.10558,True,False
2026-01-19 11:20:00,19-01-2026 11:20,25513.75,0.10982,True,False
2026-01-19 11:25:00,19-01-2026 11:25,25514.95,0.10989,True,False
2026-01-19 11:30:00,19-01-2026 11:30,25517.75,0.10934,True,False
2026-01-19 11:35:00,19-01-2026 11:35,25523.55,0.1104,True,False
2026-01-19 11:40:00,19-01-2026 11:40,25536.55,0.10846,True,False
2026-01-19 11:45:00,19-01-2026 11:45,25537.25,0.10777,True,False
2026-01-19 11:50:00,19-01-2026 11:50,25541.5,0.1072,True,False
2026-01-19 11:55:00,19-01-2026 11:55,25540.75,,True,True
2026-01-19 12:00:00,19-01-2026 12:00,25527.0,0.10618,True,False
2026-01-19 12:05:00,19-01-2026 12:05,25522.1,0.10727,True,False
2026-01-19 12:10:00,19-01-2026 12:10,25521.0,0.10903,True,False
2026-01-19 12:15:00,19-01-2026 12:15,25533.2,0.10893,True,False
2026-01-19 12:20:00,19-01-2026 12:20,25542.4,0.10353,True,False
2026-01-19 12:25:00,19-01-2026 12:25,25526.05,0.10649,True,False
2026-01-19 12:30:00,19-01-2026 12:30,25524.6,0.10605,True,False
2026-01-19 12:35:00,19-01-2026 12:35,25520.4,0.10677,True,False
2026-01-19 12:40:00,19-01-2026 12:40,25513.2,0.10951,True,False
2026-01-19 12:45:00,19-01-2026 12:45,25525.45,0.10643,True,False
2026-01-19 12:50:00,19-01-2026 12:50,25519.95,,True,True
2026-01-19 12:55:00,19-01-2026 12:55,25545.2,0.10619,True,False
2026-01-19 13:00:00,19-01-2026 13:00,25548.85,,True,True
2026-01-19 13:05:00,19-01-2026 13:05,25553.0,0.10459,True,False
2026-01-19 13:10:00,19-01-2026 13:10,25544.5,0.1032,True,False
2026-01-19 13:15:00,19-01-2026 13:15,25530.5,0.10769,True,False
2026-01-19 13:20:00,19-01-2026 13:20,25540.05,0.10447,True,False
2026-01-19 13:25:00,19-01-2026 13:25,25531.0,,True,True
2026-01-19 13:30:00,19-01-2026 13:30,25535.2,0.10745,True,False
2026-01-19 13:35:00,19-01-2026 13:35,25552.1,0.1046,True,False
2026-01-19 13:40:00,19-01-2026 13:40,25558.15,,True,True
2026-01-19 13:45:00,19-01-2026 13:45,25544.95,0.11052,True,False
2026-01-19 13:50:00,19-01-2026 13:50,25583.5,0.10556,True,False
2026-01-19 13:55:00,19-01-2026 13:55,25602.3,,True,True
2026-01-19 14:00:00,19-01-2026 14:00,25605.6,,True,True
2026-01-19 14:05:00,19-01-2026 14:05,25625.95,0.09999,True,False
2026-01-19 14:10:00,19-01-2026 14:10,25615.15,0.0976,True,False
2026-01-19 14:15:00,19-01-2026 14:15,25589.9,0.10703,True,False
2026-01-19 14:20:00,19-01-2026 14:20,25610.85,0.10149,True,False
2026-01-19 14:25:00,19-01-2026 14:25,25607.6,,True,True
2026-01-19 14:30:00,19-01-2026 14:30,25603.8,0.10042,True,False
2026-01-19 14:35:00,19-01-2026 14:35,25599.55,0.10339,True,False
2026-01-19 14:40:00,19-01-2026 14:40,25614.95,0.09987,True,False
2026-01-19 14:45:00,19-01-2026 14:45,25620.55,0.10005,True,False
2026-01-19 14:50:00,19-01-2026 14:50,25623.15,0.10025,True,False
2026-01-19 14:55:00,19-01-2026 14:55,25624.2,0.09807,True,False
2026-01-19 15:00:00,19-01-2026 15:00,25629.95,0.09314,True,False
2026-01-19 15:05:00,19-01-2026 15:05,25604.15,0.09552,True,False
2026-01-19 15:10:00,19-01-2026 15:10,25595.95,0.09673,True,False
2026-01-19 15:15:00,19-01-2026 15:15,25590.9,0.09384,True,False
2026-01-19 15:20:00,19-01-2026 15:20,25561.25,0.097,True,False
2026-01-19 15:25:00,19-01-2026 15:25,25558.3,0.09501,True,False
2026-01-19 15:30:00,,,,False,False
2026-01-19 15:35:00,,,,False,False
2026-01-19 15:40:00,,,,False,False
2026-01-19 15:45:00,,,,False,False
2026-01-19 15:50:00,,,,False,False
2026-01-19 15:55:00,,,,False,False
2026-01-19 16:00:00,,,,False,False
2026-01-19 16:05:00,,,,False,False
2026-01-19 16:10:00,,,,False,False
2026-01-19 16:15:00,,,,False,False
2026-01-19 16:20:00,,,,False,False
2026-01-19 16:25:00,,,,False,False
2026-01-19 16:30:00,,,,False,False
2026-01-19 16:35:00,,,,False,False
2026-01-19 16:40:00,,,,False,False
2026-01-19 16:45:00,,,,False,False
2026-01-19 16:50:00,,,,False,False
2026-01-19 16:55:00,,,,False,False
2026-01-19 17:00:00,,,,False,False
2026-01-19 17:05:00,,,,False,False
2026-01-19 17:10:00,,,,False,False
2026-01-19 17:15:00,,,,False,False
2026-01-19 17:20:00,,,,False,False
2026-01-19 17:25:00,,,,False,False
2026-01-19 17:30:00,,,,False,False
2026-01-19 17:35:00,,,,False,False
2026-01-19 17:40:00,,,,False,False
2026-01-19 17:45:00,,,,False,False
2026-01-19 17:50:00,,,,False,False
2026-01-19 17:55:00,,,,False,False
2026-01-19 18:00:00,,,,False,False
2026-01-19 18:05:00,,,,False,False
2026-01-19 18:10:00,,,,False,False
2026-01-19 18:15:00,,,,False,False
2026-01-19 18:20:00,,,,False,False
2026-01-19 18:25:00,,,,False,False
2026-01-19 18:30:00,,,,False,False
2026-01-19 18:35:00,,,,False,False
2026-01-19 18:40:00,,,,False,False
2026-01-19 18:45:00,,,,False,False
2026-01-19 18:50:00,,,,False,False
2026-01-19 18:55:00,,,,False,False
2026-01-19 19:00:00,,,,False,False
2026-01-19 19:05:00,,,,False,False
2026-01-19 19:10:00,,,,False,False
2026-01-19 19:15:00,,,,False,False
2026-01-19 19:20:00,,,,False,False
2026-01-19 19:25:00,,,,False,False
2026-01-19 19:30:00,,,,False,False
2026-01-19 19:35:00,,,,False,False
2026-01-19 19:40:00,,,,False,False
2026-01-19 19:45:00,,,,False,False
2026-01-19 19:50:00,,,,False,False
2026-01-19 19:55:00,,,,False,False
2026-01-19 20:00:00,,,,False,False
2026-01-19 20:05:00,,,,False,False
2026-01-19 20:10:00,,,,False,False
2026-01-19 20:15:00,,,,False,False
2026-01-19 20:20:00,,,,False,False
2026-01-19 20:25:00,,,,False,False
2026-01-19 20:30:00,,,,False,False
2026-01-19 20:35:00,,,,False,False
2026-01-19 20:40:00,,,,False,False
2026-01-19 20:45:00,,,,False,False
2026-01-19 20:50:00,,,,False,False
2026-01-19 20:55:00,,,,False,False
2026-01-19 21:00:00,,,,False,False
2026-01-19 21:05:00,,,,False,False
2026-01-19 21:10:00,,,,False,False
2026-01-19 21:15:00,,,,False,False
2026-01-19 21:20:00,,,,False,False
2026-01-19 21:25:00,,,,False,False
2026-01-19 21:30:00,,,,False,False
2026-01-19 21:35:00,,,,False,False
2026-01-19 21:40:00,,,,False,False
2026-01-19 21:45:00,,,,False,False
2026-01-19 21:50:00,,,,False,False
2026-01-19 21:55:00,,,,False,False
2026-01-19 22:00:00,,,,False,False
2026-01-19 22:05:00,,,,False,False
2026-01-19 22:10:00,,,,False,False
2026-01-19 22:15:00,,,,False,False
2026-01-19 22:20:00,,,,False,False
2026-01-19 22:25:00,,,,False,False
2026-01-19 22:30:00,,,,False,False
2026-01-19 22:35:00,,,,False,False
2026-01-19 22:40:00,,,,False,False
2026-01-19 22:45:00,,,,False,False
2026-01-19 22:50:00,,,,False,False
2026-01-19 22:55:00,,,,False,False
2026-01-19 23:00:00,,,,False,False
2026-01-19 23:05:00,,,,False,False
2026-01-19 23:10:00,,,,False,False
2026-01-19 23:15:00,,,,False,False
2026-01-19 23:20:00,,,,False,False
2026-01-19 23:25:00,,,,False,False
2026-01-19 23:30:00,,,,False,False
2026-01-19 23:35:00,,,,False,False
2026-01-19 23:40:00,,,,False,False
2026-01-19 23:45:00,,,,False,False
2026-01-19 23:50:00,,,,False,False
2026-01-19 23:55:00,,,,False,False
2026-01-20 00:00:00,,,,False,False
2026-01-20 00:05:00,,,,False,False
2026-01-20 00:10:00,,,,False,False
2026-01-20 00:15:00,,,,False,False
2026-01-20 00:20:00,,,,False,False
2026-01-20 00:25:00,,,,False,False
2026-01-20 00:30:00,,,,False,False
2026-01-20 00:35:00,,,,False,False
2026-01-20 00:40:00,,,,False,False
2026-01-20 00:45:00,,,,False,False
2026-01-20 00:50:00,,,,False,False
2026-01-20 00:55:00,,,,False,False
2026-01-20 01:00:00,,,,False,False
2026-01-20 01:05:00,,,,False,False
2026-01-20 01:10:00,,,,False,False
2026-01-20 01:15:00,,,,False,False
2026-01-20 01:20:00,,,,False,False
2026-01-20 01:25:00,,,,False,False
2026-01-20 01:30:00,,,,False,False
2026-01-20 01:35:00,,,,False,False
2026-01-20 01:40:00,,,,False,False
2026-01-20 01:45:00,,,,False,False
2026-01-20 01:50:00,,,,False,False
2026-01-20 01:55:00,,,,False,False
2026-01-20 02:00:00,,,,False,False
2026-01-20 02:05:00,,,,False,False
2026-01-20 02:10:00,,,,False,False
2026-01-20 02:15:00,,,,False,False
2026-01-20 02:20:00,,,,False,False
2026-01-20 02:25:00,,,,False,False
2026-01-20 02:30:00,,,,False,False
2026-01-20 02:35:00,,,,False,False
2026-01-20 02:40:00,,,,False,False
2026-01-20 02:45:00,,,,False,False
2026-01-20 02:50:00,,,,False,False
2026-01-20 02:55:00,,,,False,False
2026-01-20 03:00:00,,,,False,False
2026-01-20 03:05:00,,,,False,False
2026-01-20 03:10:00,,,,False,False
2026-01-20 03:15:00,,,,False,False
2026-01-20 03:20:00,,,,False,False
2026-01-20 03:25:00,,,,False,False
2026-01-20 03:30:00,,,,False,False
2026-01-20 03:35:00,,,,False,False
2026-01-20 03:40:00,,,,False,False
2026-01-20 03:45:00,,,,False,False
2026-01-20 03:50:00,,,,False,False
2026-01-20 03:55:00,,,,False,False
2026-01-20 04:00:00,,,,False,False
2026-01-20 04:05:00,,,,False,False
2026-01-20 04:10:00,,,,False,False
2026-01-20 04:15:00,,,,False,False
2026-01-20 04:20:00,,,,False,False
2026-01-20 04:25:00,,,,False,False
2026-01-20 04:30:00,,,,False,False
2026-01-20 04:35:00,,,,False,False
2026-01-20 04:40:00,,,,False,False
2026-01-20 04:45:00,,,,False,False
2026-01-20 04:50:00,,,,False,False
2026-01-20 04:55:00,,,,False,False
2026-01-20 05:00:00,,,,False,False
2026-01-20 05:05:00,,,,False,False
2026-01-20 05:10:00,,,,False,False
2026-01-20 05:15:00,,,,False,False
2026-01-20 05:20:00,,,,False,False
2026-01-20 05:25:00,,,,False,False
2026-01-20 05:30:00,,,,False,False
2026-01-20 05:35:00,,,,False,False
2026-01-20 05:40:00,,,,False,False
2026-01-20 05:45:00,,,,False,False
2026-01-20 05:50:00,,,,False,False
2026-01-20 05:55:00,,,,False,False
2026-01-20 06:00:00,,,,False,False
2026-01-20 06:05:00,,,,False,False
2026-01-20 06:10:00,,,,False,False
2026-01-20 06:15:00,,,,False,False
2026-01-20 06:20:00,,,,False,False
2026-01-20 06:25:00,,,,False,False
2026-01-20 06:30:00,,,,False,False
2026-01-20 06:35:00,,,,False,False
2026-01-20 06:40:00,,,,False,False
2026-01-20 06:45:00,,,,False,False
2026-01-20 06:50:00,,,,False,False
2026-01-20 06:55:00,,,,False,False
2026-01-20 07:00:00,,,,False,False
2026-01-20 07:05:00,,,,False,False
2026-01-20 07:10:00,,,,False,False
2026-01-20 07:15:00,,,,False,False
2026-01-20 07:20:00,,,,False,False
2026-01-20 07:25:00,,,,False,False
2026-01-20 07:30:00,,,,False,False
2026-01-20 07:35:00,,,,False,False
2026-01-20 07:40:00,,,,False,False
2026-01-20 07:45:00,,,,False,False
2026-01-20 07:50:00,,,,False,False
2026-01-20 07:55:00,,,,False,False
2026-01-20 08:00:00,,,,False,False
2026-01-20 08:05:00,,,,False,False
2026-01-20 08:10:00,,,,False,False
2026-01-20 08:15:00,,,,False,False
2026-01-20 08:20:00,,,,False,False
2026-01-20 08:25:00,,,,False,False
2026-01-20 08:30:00,,,,False,False
2026-01-20 08:35:00,,,,False,False
2026-01-20 08:40:00,,,,False,False
2026-01-20 08:45:00,,,,False,False
2026-01-20 08:50:00,,,,False,False
2026-01-20 08:55:00,,,,False,False
2026-01-20 09:00:00,,,,False,False
2026-01-20 09:05:00,,,,False,False
2026-01-20 09:10:00,,,,False,False
2026-01-20 09:15:00,20-01-2026 09:15,25559.3,0.10278,True,False
2026-01-20 09:20:00,20-01-2026 09:20,25552.55,0.0986,True,False
2026-01-20 09:25:00,20-01-2026 09:25,25506.85,0.10513,True,False
2026-01-20 09:30:00,20-01-2026 09:30,25488.8,0.1092,True,False
2026-01-20 09:35:00,20-01-2026 09:35,25481.8,0.10807,True,False
2026-01-20 09:40:00,20-01-2026 09:40,25461.45,,True,True
2026-01-20 09:45:00,20-01-2026 09:45,25463.25,0.11251,True,False
2026-01-20 09:50:00,20-01-2026 09:50,25462.3,0.10976,True,False
2026-01-20 09:55:00,20-01-2026 09:55,25459.95,0.11301,True,False
2026-01-20 10:00:00,20-01-2026 10:00,25467.2,0.11255,True,False
2026-01-20 10:05:00,20-01-2026 10:05,25465.6,0.11299,True,False
2026-01-20 10:10:00,20-01-2026 10:10,25484.8,0.10868,True,False
2026-01-20 10:15:00,20-01-2026 10:15,25468.6,0.11295,True,False
2026-01-20 10:20:00,20-01-2026 10:20,25485.6,0.10814,True,False
2026-01-20 10:25:00,20-01-2026 10:25,25487.25,0.10713,True,False
2026-01-20 10:30:00,20-01-2026 10:30,25478.75,0.10901,True,False
2026-01-20 10:35:00,20-01-2026 10:35,25473.7,,True,True
2026-01-20 10:40:00,20-01-2026 10:40,25492.55,0.10662,True,False
2026-01-20 10:45:00,20-01-2026 10:45,25480.45,,True,True
2026-01-20 10:50:00,20-01-2026 10:50,25478.05,0.10718,True,False
2026-01-20 10:55:00,20-01-2026 10:55,25465.4,,True,True
2026-01-20 11:00:00,20-01-2026 11:00,25459.55,0.10852,True,False
2026-01-20 11:05:00,20-01-2026 11:05,25453.55,0.10871,True,False
2026-01-20 11:10:00,20-01-2026 11:10,25452.35,0.10914,True,False
2026-01-20 11:15:00,20-01-2026 11:15,25445.65,0.11018,True,False
2026-01-20 11:20:00,20-01-2026 11:20,25449.95,0.11005,True,False
2026-01-20 11:25:00,20-01-2026 11:25,25447.1,0.11127,True,False
2026-01-20 11:30:00,20-01-2026 11:30,25458.7,0.10885,True,False
2026-01-20 11:35:00,20-01-2026 11:35,25466.4,,True,True
2026-01-20 11:40:00,20-01-2026 11:40,25461.5,0.1084,True,False
2026-01-20 11:45:00,20-01-2026 11:45,25463.2,,True,True
2026-01-20 11:50:00,20-01-2026 11:50,25474.5,0.10724,True,False
2026-01-20 11:55:00,20-01-2026 11:55,25481.0,,True,True
2026-01-20 12:00:00,20-01-2026 12:00,25467.5,,True,True
2026-01-20 12:05:00,20-01-2026 12:05,25450.2,0.1057,True,False
2026-01-20 12:10:00,20-01-2026 12:10,25433.1,0.10975,True,False
2026-01-20 12:15:00,20-01-2026 12:15,25439.15,0.10852,True,False
2026-01-20 12:20:00,20-01-2026 12:20,25436.4,,True,True
2026-01-20 12:25:00,20-01-2026 12:25,25423.6,0.11071,True,False
2026-01-20 12:30:00,20-01-2026 12:30,25431.55,0.1087,True,False
2026-01-20 12:35:00,20-01-2026 12:35,25423.05,0.11054,True,False
2026-01-20 12:40:00,20-01-2026 12:40,25423.5,0.11016,True,False
2026-01-20 12:45:00,20-01-2026 12:45,25416.4,0.11188,True,False
2026-01-20 12:50:00,20-01-2026 12:50,25426.5,0.11062,True,False
2026-01-20 12:55:00,20-01-2026 12:55,25428.95,0.11028,True,False
2026-01-20 13:00:00,20-01-2026 13:00,25428.55,,True,True
2026-01-20 13:05:00,20-01-2026 13:05,25423.7,0.1096,True,False
2026-01-20 13:10:00,20-01-2026 13:10,25424.7,0.10939,True,False
2026-01-20 13:15:00,20-01-2026 13:15,25413.05,0.11184,True,False
2026-01-20 13:20:00,20-01-2026 13:20,25432.95,0.10895,True,False
2026-01-20 13:25:00,20-01-2026 13:25,25422.0,0.11048,True,False
2026-01-20 13:30:00,20-01-2026 13:30,25415.05,0.10968,True,False
2026-01-20 13:35:00,20-01-2026 13:35,25392.3,0.11231,True,False
2026-01-20 13:40:00,20-01-2026 13:40,25365.4,0.11636,True,False
2026-01-20 13:45:00,20-01-2026 13:45,25372.15,0.11415,True,False
2026-01-20 13:50:00,20-01-2026 13:50,25364.1,0.1156,True,False
2026-01-20 13:55:00,20-01-2026 13:55,25368.4,0.11536,True,False
2026-01-20 14:00:00,20-01-2026 14:00,25369.7,0.11473,True,False
2026-01-20 14:05:00,20-01-2026 14:05,25359.55,0.11592,True,False
2026-01-20 14:10:00,20-01-2026 14:10,25355.15,0.11751,True,False
2026-01-20 14:15:00,20-01-2026 14:15,25366.45,0.11521,True,False
2026-01-20 14:20:00,20-01-2026 14:20,25356.3,0.11805,True,False
2026-01-20 14:25:00,20-01-2026 14:25,25378.65,,True,True
2026-01-20 14:30:00,20-01-2026 14:30,25385.8,0.11346,True,False
2026-01-20 14:35:00,20-01-2026 14:35,25374.45,0.11288,True,False
2026-01-20 14:40:00,20-01-2026 14:40,25356.7,0.11492,True,False
2026-01-20 14:45:00,20-01-2026 14:45,25345.55,0.11615,True,False
2026-01-20 14:50:00,20-01-2026 14:50,25348.5,,True,True
2026-01-20 14:55:00,20-01-2026 14:55,25335.5,0.1129,True,False
2026-01-20 15:00:00,20-01-2026 15:00,25288.25,0.11894,True,False
2026-01-20 15:05:00,20-01-2026 15:05,25289.95,0.11733,True,False
2026-01-20 15:10:00,20-01-2026 15:10,25245.35,,True,True
2026-01-20 15:15:00,20-01-2026 15:15,25238.75,,True,True
2026-01-20 15:20:00,20-01-2026 15:20,25191.85,0.13185,True,False
2026-01-20 15:25:00,20-01-2026 15:25,25185.2,,True,True
2026-01-20 15:30:00,,,,False,False
2026-01-20 15:35:00,,,,False,False
2026-01-20 15:40:00,,,,False,False
2026-01-20 15:45:00,,,,False,False
2026-01-20 15:50:00,,,,False,False
2026-01-20 15:55:00,,,,False,False
2026-01-20 16:00:00,,,,False,False
2026-01-20 16:05:00,,,,False,False
2026-01-20 16:10:00,,,,False,False
2026-01-20 16:15:00,,,,False,False
2026-01-20 16:20:00,,,,False,False
2026-01-20 16:25:00,,,,False,False
2026-01-20 16:30:00,,,,False,False
2026-01-20 16:35:00,,,,False,False
2026-01-20 16:40:00,,,,False,False
2026-01-20 16:45:00,,,,False,False
2026-01-20 16:50:00,,,,False,False
2026-01-20 16:55:00,,,,False,False
2026-01-20 17:00:00,,,,False,False
2026-01-20 17:05:00,,,,False,False
2026-01-20 17:10:00,,,,False,False
2026-01-20 17:15:00,,,,False,False
2026-01-20 17:20:00,,,,False,False
2026-01-20 17:25:00,,,,False,False
2026-01-20 17:30:00,,,,False,False
2026-01-20 17:35:00,,,,False,False
2026-01-20 17:40:00,,,,False,False
2026-01-20 17:45:00,,,,False,False
2026-01-20 17:50:00,,,,False,False
2026-01-20 17:55:00,,,,False,False
2026-01-20 18:00:00,,,,False,False
2026-01-20 18:05:00,,,,False,False
2026-01-20 18:10:00,,,,False,False
2026-01-20 18:15:00,,,,False,False
2026-01-20 18:20:00,,,,False,False
2026-01-20 18:25:00,,,,False,False
2026-01-20 18:30:00,,,,False,False
2026-01-20 18:35:00,,,,False,False
2026-01-20 18:40:00,,,,False,False
2026-01-20 18:45:00,,,,False,False
2026-01-20 18:50:00,,,,False,False
2026-01-20 18:55:00,,,,False,False
2026-01-20 19:00:00,,,,False,False
2026-01-20 19:05:00,,,,False,False
2026-01-20 19:10:00,,,,False,False
2026-01-20 19:15:00,,,,False,False
2026-01-20 19:20:00,,,,False,False
2026-01-20 19:25:00,,,,False,False
2026-01-20 19:30:00,,,,False,False
2026-01-20 19:35:00,,,,False,False
2026-01-20 19:40:00,,,,False,False
2026-01-20 19:45:00,,,,False,False
2026-01-20 19:50:00,,,,False,False
2026-01-20 19:55:00,,,,False,False
2026-01-20 20:00:00,,,,False,False
2026-01-20 20:05:00,,,,False,False
2026-01-20 20:10:00,,,,False,False
2026-01-20 20:15:00,,,,False,False
2026-01-20 20:20:00,,,,False,False
2026-01-20 20:25:00,,,,False,False
2026-01-20 20:30:00,,,,False,False
2026-01-20 20:35:00,,,,False,False
2026-01-20 20:40:00,,,,False,False
2026-01-20 20:45:00,,,,False,False
2026-01-20 20:50:00,,,,False,False
2026-01-20 20:55:00,,,,False,False
2026-01-20 21:00:00,,,,False,False
2026-01-20 21:05:00,,,,False,False
2026-01-20 21:10:00,,,,False,False
2026-01-20 21:15:00,,,,False,False
2026-01-20 21:20:00,,,,False,False
2026-01-20 21:25:00,,,,False,False
2026-01-20 21:30:00,,,,False,False
2026-01-20 21:35:00,,,,False,False
2026-01-20 21:40:00,,,,False,False
2026-01-20 21:45:00,,,,False,False
2026-01-20 21:50:00,,,,False,False
2026-01-20 21:55:00,,,,False,False
2026-01-20 22:00:00,,,,False,False
2026-01-20 22:05:00,,,,False,False
2026-01-20 22:10:00,,,,False,False
2026-01-20 22:15:00,,,,False,False
2026-01-20 22:20:00,,,,False,False
2026-01-20 22:25:00,,,,False,False
2026-01-20 22:30:00,,,,False,False
2026-01-20 22:35:00,,,,False,False
2026-01-20 22:40:00,,,,False,False
2026-01-20 22:45:00,,,,False,False
2026-01-20 22:50:00,,,,False,False
2026-01-20 22:55:00,,,,False,False
2026-01-20 23:00:00,,,,False,False
2026-01-20 23:05:00,,,,False,False
2026-01-20 23:10:00,,,,False,False
2026-01-20 23:15:00,,,,False,False
2026-01-20 23:20:00,,,,False,False
2026-01-20 23:25:00,,,,False,False
2026-01-20 23:30:00,,,,False,False
2026-01-20 23:35:00,,,,False,False
2026-01-20 23:40:00,,,,False,False
2026-01-20 23:45:00,,,,False,False
2026-01-20 23:50:00,,,,False,False
2026-01-20 23:55:00,,,,False,False
2026-01-21 00:00:00,,,,False,False
2026-01-21 00:05:00,,,,False,False
2026-01-21 00:10:00,,,,False,False
2026-01-21 00:15:00,,,,False,False
2026-01-21 00:20:00,,,,False,False
2026-01-21 00:25:00,,,,False,False
2026-01-21 00:30:00,,,,False,False
2026-01-21 00:35:00,,,,False,False
2026-01-21 00:40:00,,,,False,False
2026-01-21 00:45:00,,,,False,False
2026-01-21 00:50:00,,,,False,False
2026-01-21 00:55:00,,,,False,False
2026-01-21 01:00:00,,,,False,False
2026-01-21 01:05:00,,,,False,False
2026-01-21 01:10:00,,,,False,False
2026-01-21 01:15:00,,,,False,False
2026-01-21 01:20:00,,,,False,False
2026-01-21 01:25:00,,,,False,False
2026-01-21 01:30:00,,,,False,False
2026-01-21 01:35:00,,,,False,False
2026-01-21 01:40:00,,,,False,False
2026-01-21 01:45:00,,,,False,False
2026-01-21 01:50:00,,,,False,False
2026-01-21 01:55:00,,,,False,False
2026-01-21 02:00:00,,,,False,False
2026-01-21 02:05:00,,,,False,False
2026-01-21 02:10:00,,,,False,False
2026-01-21 02:15:00,,,,False,False
2026-01-21 02:20:00,,,,False,False
2026-01-21 02:25:00,,,,False,False
2026-01-21 02:30:00,,,,False,False
2026-01-21 02:35:00,,,,False,False
2026-01-21 02:40:00,,,,False,False
2026-01-21 02:45:00,,,,False,False
2026-01-21 02:50:00,,,,False,False
2026-01-21 02:55:00,,,,False,False
2026-01-21 03:00:00,,,,False,False
2026-01-21 03:05:00,,,,False,False
2026-01-21 03:10:00,,,,False,False
2026-01-21 03:15:00,,,,False,False
2026-01-21 03:20:00,,,,False,False
2026-01-21 03:25:00,,,,False,False
2026-01-21 03:30:00,,,,False,False
2026-01-21 03:35:00,,,,False,False
2026-01-21 03:40:00,,,,False,False
2026-01-21 03:45:00,,,,False,False
2026-01-21 03:50:00,,,,False,False
2026-01-21 03:55:00,,,,False,False
2026-01-21 04:00:00,,,,False,False
2026-01-21 04:05:00,,,,False,False
2026-01-21 04:10:00,,,,False,False
2026-01-21 04:15:00,,,,False,False
2026-01-21 04:20:00,,,,False,False
2026-01-21 04:25:00,,,,False,False
2026-01-21 04:30:00,,,,False,False
2026-01-21 04:35:00,,,,False,False
2026-01-21 04:40:00,,,,False,False
2026-01-21 04:45:00,,,,False,False
2026-01-21 04:50:00,,,,False,False
2026-01-21 04:55:00,,,,False,False
2026-01-21 05:00:00,,,,False,False
2026-01-21 05:05:00,,,,False,False
2026-01-21 05:10:00,,,,False,False
2026-01-21 05:15:00,,,,False,False
2026-01-21 05:20:00,,,,False,False
2026-01-21 05:25:00,,,,False,False
2026-01-21 05:30:00,,,,False,False
2026-01-21 05:35:00,,,,False,False
2026-01-21 05:40:00,,,,False,False
2026-01-21 05:45:00,,,,False,False
2026-01-21 05:50:00,,,,False,False
2026-01-21 05:55:00,,,,False,False
2026-01-21 06:00:00,,,,False,False
2026-01-21 06:05:00,,,,False,False
2026-01-21 06:10:00,,,,False,False
2026-01-21 06:15:00,,,,False,False
2026-01-21 06:20:00,,,,False,False
2026-01-21 06:25:00,,,,False,False
2026-01-21 06:30:00,,,,False,False
2026-01-21 06:35:00,,,,False,False
2026-01-21 06:40:00,,,,False,False
2026-01-21 06:45:00,,,,False,False
2026-01-21 06:50:00,,,,False,False
2026-01-21 06:55:00,,,,False,False
2026-01-21 07:00:00,,,,False,False
2026-01-21 07:05:00,,,,False,False
2026-01-21 07:10:00,,,,False,False
2026-01-21 07:15:00,,,,False,False
2026-01-21 07:20:00,,,,False,False
2026-01-21 07:25:00,,,,False,False
2026-01-21 07:30:00,,,,False,False
2026-01-21 07:35:00,,,,False,False
2026-01-21 07:40:00,,,,False,False
2026-01-21 07:45:00,,,,False,False
2026-01-21 07:50:00,,,,False,False
2026-01-21 07:55:00,,,,False,False
2026-01-21 08:00:00,,,,False,False
2026-01-21 08:05:00,,,,False,False
2026-01-21 08:10:00,,,,False,False
2026-01-21 08:15:00,,,,False,False
2026-01-21 08:20:00,,,,False,False
2026-01-21 08:25:00,,,,False,False
2026-01-21 08:30:00,,,,False,False
2026-01-21 08:35:00,,,,False,False
2026-01-21 08:40:00,,,,False,False
2026-01-21 08:45:00,,,,False,False
2026-01-21 08:50:00,,,,False,False
2026-01-21 08:55:00,,,,False,False
2026-01-21 09:00:00,,,,False,False
2026-01-21 09:05:00,,,,False,False
2026-01-21 09:10:00,,,,False,False
2026-01-21 09:15:00,21-01-2026 09:15,25171.75,,True,True
2026-01-21 09:20:00,21-01-2026 09:20,25204.0,0.13522,True,False
2026-01-21 09:25:00,21-01-2026 09:25,25249.5,0.124,True,False
2026-01-21 09:30:00,21-01-2026 09:30,25231.8,0.12956,True,False
2026-01-21 09:35:00,21-01-2026 09:35,25229.95,0.12409,True,False
2026-01-21 09:40:00,21-01-2026 09:40,25195.85,,True,True
2026-01-21 09:45:00,21-01-2026 09:45,25195.8,0.13066,True,False
2026-01-21 09:50:00,21-01-2026 09:50,25185.15,0.1304,True,False
2026-01-21 09:55:00,21-01-2026 09:55,25177.9,0.1284,True,False
2026-01-21 10:00:00,21-01-2026 10:00,25151.55,0.13308,True,False
2026-01-21 10:05:00,21-01-2026 10:05,25168.3,0.13075,True,False
2026-01-21 10:10:00,21-01-2026 10:10,25142.55,0.13563,True,False
2026-01-21 10:15:00,21-01-2026 10:15,25145.8,0.13377,True,False
2026-01-21 10:20:00,21-01-2026 10:20,25143.35,0.13227,True,False
2026-01-21 10:25:00,21-01-2026 10:25,25100.4,0.13878,True,False
2026-01-21 10:30:00,21-01-2026 10:30,25093.35,,True,True
2026-01-21 10:35:00,21-01-2026 10:35,25094.5,,True,True
2026-01-21 10:40:00,21-01-2026 10:40,25076.8,0.14283,True,False
2026-01-21 10:45:00,21-01-2026 10:45,25011.65,0.15431,True,False
2026-01-21 10:50:00,21-01-2026 10:50,25009.05,,True,True
2026-01-21 10:55:00,21-01-2026 10:55,24957.3,,True,True
2026-01-21 11:00:00,21-01-2026 11:00,24996.3,0.16007,True,False
2026-01-21 11:05:00,21-01-2026 11:05,24985.75,0.16288,True,False
2026-01-21 11:10:00,21-01-2026 11:10,25017.2,,True,True
2026-01-21 11:15:00,21-01-2026 11:15,25046.1,0.15391,True,False
2026-01-21 11:20:00,21-01-2026 11:20,25060.3,0.14952,True,False
2026-01-21 11:25:00,21-01-2026 11:25,25041.3,0.14983,True,False
2026-01-21 11:30:00,21-01-2026 11:30,25041.05,0.15084,True,False
2026-01-21 11:35:00,21-01-2026 11:35,25049.35,0.14995,True,False
2026-01-21 11:40:00,21-01-2026 11:40,25042.9,0.1505,True,False
2026-01-21 11:45:00,21-01-2026 11:45,25045.15,0.1499,True,False
2026-01-21 11:50:00,21-01-2026 11:50,25057.75,0.14884,True,False
2026-01-21 11:55:00,21-01-2026 11:55,25064.55,0.14817,True,False
2026-01-21 12:00:00,21-01-2026 12:00,25081.9,,True,True
2026-01-21 12:05:00,21-01-2026 12:05,25117.2,0.14051,True,False
2026-01-21 12:10:00,21-01-2026 12:10,25113.35,,True,True
2026-01-21 12:15:00,21-01-2026 12:15,25129.25,0.14234,True,False
2026-01-21 12:20:00,21-01-2026 12:20,25163.0,0.13822,True,False
2026-01-21 12:25:00,21-01-2026 12:25,25166.9,0.13303,True,False
2026-01-21 12:30:00,21-01-2026 12:30,25153.65,0.13924,True,False
2026-01-21 12:35:00,21-01-2026 12:35,25191.3,0.13883,True,False
2026-01-21 12:40:00,21-01-2026 12:40,25225.6,,True,True
2026-01-21 12:45:00,21-01-2026 12:45,25260.15,0.13345,True,False
2026-01-21 12:50:00,21-01-2026 12:50,25266.0,0.13379,True,False
2026-01-21 12:55:00,21-01-2026 12:55,25281.8,,True,True
2026-01-21 13:00:00,21-01-2026 13:00,25281.3,0.12955,True,False
2026-01-21 13:05:00,21-01-2026 13:05,25288.85,0.12532,True,False
2026-01-21 13:10:00,21-01-2026 13:10,25221.5,0.13326,True,False
2026-01-21 13:15:00,21-01-2026 13:15,25225.05,0.13065,True,False
2026-01-21 13:20:00,21-01-2026 13:20,25225.7,0.12964,True,False
2026-01-21 13:25:00,21-01-2026 13:25,25205.25,0.13326,True,False
2026-01-21 13:30:00,21-01-2026 13:30,25215.7,0.12793,True,False
2026-01-21 13:35:00,21-01-2026 13:35,25182.35,0.1378,True,False
2026-01-21 13:40:00,21-01-2026 13:40,25193.1,0.13381,True,False
2026-01-21 13:45:00,21-01-2026 13:45,25192.95,,True,True
2026-01-21 13:50:00,21-01-2026 13:50,25179.95,0.13335,True,False
2026-01-21 13:55:00,21-01-2026 13:55,25164.25,0.13471,True,False
2026-01-21 14:00:00,21-01-2026 14:00,25141.15,0.13925,True,False
2026-01-21 14:05:00,21-01-2026 14:05,25151.55,0.13284,True,False
2026-01-21 14:10:00,21-01-2026 14:10,25141.05,0.13475,True,False
2026-01-21 14:15:00,21-01-2026 14:15,25139.05,0.13773,True,False
2026-01-21 14:20:00,21-01-2026 14:20,25178.3,0.12924,True,False
2026-01-21 14:25:00,21-01-2026 14:25,25144.75,0.13201,True,False
2026-01-21 14:30:00,21-01-2026 14:30,25130.1,0.13863,True,False
2026-01-21 14:35:00,21-01-2026 14:35,25146.5,0.13605,True,False
2026-01-21 14:40:00,21-01-2026 14:40,25152.35,0.13315,True,False
2026-01-21 14:45:00,21-01-2026 14:45,25149.7,,True,True
2026-01-21 14:50:00,21-01-2026 14:50,25153.5,0.13215,True,False
2026-01-21 14:55:00,21-01-2026 14:55,25147.1,0.13253,True,False
2026-01-21 15:00:00,21-01-2026 15:00,25160.2,0.13273,True,False
2026-01-21 15:05:00,21-01-2026 15:05,25171.7,0.12894,True,False
2026-01-21 15:10:00,21-01-2026 15:10,25159.7,,True,True
2026-01-21 15:15:00,21-01-2026 15:15,25148.5,,True,True
2026-01-21 15:20:00,21-01-2026 15:20,25154.25,0.12762,True,False
2026-01-21 15:25:00,21-01-2026 15:25,25150.7,0.12919,True,False
2026-01-21 15:30:00,,,,False,False
2026-01-21 15:35:00,,,,False,False
2026-01-21 15:40:00,,,,False,False
2026-01-21 15:45:00,,,,False,False
2026-01-21 15:50:00,,,,False,False
2026-01-21 15:55:00,,,,False,False
2026-01-21 16:00:00,,,,False,False
2026-01-21 16:05:00,,,,False,False
2026-01-21 16:10:00,,,,False,False
2026-01-21 16:15:00,,,,False,False
2026-01-21 16:20:00,,,,False,False
2026-01-21 16:25:00,,,,False,False
2026-01-21 16:30:00,,,,False,False
2026-01-21 16:35:00,,,,False,False
2026-01-21 16:40:00,,,,False,False
2026-01-21 16:45:00,,,,False,False
2026-01-21 16:50:00,,,,False,False
2026-01-21 16:55:00,,,,False,False
2026-01-21 17:00:00,,,,False,False
2026-01-21 17:05:00,,,,False,False
2026-01-21 17:10:00,,,,False,False
2026-01-21 17:15:00,,,,False,False
2026-01-21 17:20:00,,,,False,False
2026-01-21 17:25:00,,,,False,False
2026-01-21 17:30:00,,,,False,False
2026-01-21 17:35:00,,,,False,False
2026-01-21 17:40:00,,,,False,False
2026-01-21 17:45:00,,,,False,False
2026-01-21 17:50:00,,,,False,False
2026-01-21 17:55:00,,,,False,False
2026-01-21 18:00:00,,,,False,False
2026-01-21 18:05:00,,,,False,False
2026-01-21 18:10:00,,,,False,False
2026-01-21 18:15:00,,,,False,False
2026-01-21 18:20:00,,,,False,False
2026-01-21 18:25:00,,,,False,False
2026-01-21 18:30:00,,,,False,False
2026-01-21 18:35:00,,,,False,False
2026-01-21 18:40:00,,,,False,False
2026-01-21 18:45:00,,,,False,False
2026-01-21 18:50:00,,,,False,False
2026-01-21 18:55:00,,,,False,False
2026-01-21 19:00:00,,,,False,False
2026-01-21 19:05:00,,,,False,False
2026-01-21 19:10:00,,,,False,False
2026-01-21 19:15:00,,,,False,False
2026-01-21 19:20:00,,,,False,False
2026-01-21 19:25:00,,,,False,False
2026-01-21 19:30:00,,,,False,False
2026-01-21 19:35:00,,,,False,False
2026-01-21 19:40:00,,,,False,False
2026-01-21 19:45:00,,,,False,False
2026-01-21 19:50:00,,,,False,False
2026-01-21 19:55:00,,,,False,False
2026-01-21 20:00:00,,,,False,False
2026-01-21 20:05:00,,,,False,False
2026-01-21 20:10:00,,,,False,False
2026-01-21 20:15:00,,,,False,False
2026-01-21 20:20:00,,,,False,False
2026-01-21 20:25:00,,,,False,False
2026-01-21 20:30:00,,,,False,False
2026-01-21 20:35:00,,,,False,False
2026-01-21 20:40:00,,,,False,False
2026-01-21 20:45:00,,,,False,False
2026-01-21 20:50:00,,,,False,False
2026-01-21 20:55:00,,,,False,False
2026-01-21 21:00:00,,,,False,False
2026-01-21 21:05:00,,,,False,False
2026-01-21 21:10:00,,,,False,False
2026-01-21 21:15:00,,,,False,False
2026-01-21 21:20:00,,,,False,False
2026-01-21 21:25:00,,,,False,False
2026-01-21 21:30:00,,,,False,False
2026-01-21 21:35:00,,,,False,False
2026-01-21 21:40:00,,,,False,False
2026-01-21 21:45:00,,,,False,False
2026-01-21 21:50:00,,,,False,False
2026-01-21 21:55:00,,,,False,False
2026-01-21 22:00:00,,,,False,False
2026-01-21 22:05:00,,,,False,False
2026-01-21 22:10:00,,,,False,False
2026-01-21 22:15:00,,,,False,False
2026-01-21 22:20:00,,,,False,False
2026-01-21 22:25:00,,,,False,False
2026-01-21 22:30:00,,,,False,False
2026-01-21 22:35:00,,,,False,False
2026-01-21 22:40:00,,,,False,False
2026-01-21 22:45:00,,,,False,False
2026-01-21 22:50:00,,,,False,False
2026-01-21 22:55:00,,,,False,False
2026-01-21 23:00:00,,,,False,False
2026-01-21 23:05:00,,,,False,False
2026-01-21 23:10:00,,,,False,False
2026-01-21 23:15:00,,,,False,False
2026-01-21 23:20:00,,,,False,False
2026-01-21 23:25:00,,,,False,False
2026-01-21 23:30:00,,,,False,False
2026-01-21 23:35:00,,,,False,False
2026-01-21 23:40:00,,,,False,False
2026-01-21 23:45:00,,,,False,False
2026-01-21 23:50:00,,,,False,False
2026-01-21 23:55:00,,,,False,False
2026-01-22 00:00:00,,,,False,False
2026-01-22 00:05:00,,,,False,False
2026-01-22 00:10:00,,,,False,False
2026-01-22 00:15:00,,,,False,False
2026-01-22 00:20:00,,,,False,False
2026-01-22 00:25:00,,,,False,False
2026-01-22 00:30:00,,,,False,False
2026-01-22 00:35:00,,,,False,False
2026-01-22 00:40:00,,,,False,False
2026-01-22 00:45:00,,,,False,False
2026-01-22 00:50:00,,,,False,False
2026-01-22 00:55:00,,,,False,False
2026-01-22 01:00:00,,,,False,False
2026-01-22 01:05:00,,,,False,False
2026-01-22 01:10:00,,,,False,False
2026-01-22 01:15:00,,,,False,False
2026-01-22 01:20:00,,,,False,False
2026-01-22 01:25:00,,,,False,False
2026-01-22 01:30:00,,,,False,False
2026-01-22 01:35:00,,,,False,False
2026-01-22 01:40:00,,,,False,False
2026-01-22 01:45:00,,,,False,False
2026-01-22 01:50:00,,,,False,False
2026-01-22 01:55:00,,,,False,False
2026-01-22 02:00:00,,,,False,False
2026-01-22 02:05:00,,,,False,False
2026-01-22 02:10:00,,,,False,False
2026-01-22 02:15:00,,,,False,False
2026-01-22 02:20:00,,,,False,False
2026-01-22 02:25:00,,,,False,False
2026-01-22 02:30:00,,,,False,False
2026-01-22 02:35:00,,,,False,False
2026-01-22 02:40:00,,,,False,False
2026-01-22 02:45:00,,,,False,False
2026-01-22 02:50:00,,,,False,False
2026-01-22 02:55:00,,,,False,False
2026-01-22 03:00:00,,,,False,False
2026-01-22 03:05:00,,,,False,False
2026-01-22 03:10:00,,,,False,False
2026-01-22 03:15:00,,,,False,False
2026-01-22 03:20:00,,,,False,False
2026-01-22 03:25:00,,,,False,False
2026-01-22 03:30:00,,,,False,False
2026-01-22 03:35:00,,,,False,False
2026-01-22 03:40:00,,,,False,False
2026-01-22 03:45:00,,,,False,False
2026-01-22 03:50:00,,,,False,False
2026-01-22 03:55:00,,,,False,False
2026-01-22 04:00:00,,,,False,False
2026-01-22 04:05:00,,,,False,False
2026-01-22 04:10:00,,,,False,False
2026-01-22 04:15:00,,,,False,False
2026-01-22 04:20:00,,,,False,False
2026-01-22 04:25:00,,,,False,False
2026-01-22 04:30:00,,,,False,False
2026-01-22 04:35:00,,,,False,False
2026-01-22 04:40:00,,,,False,False
2026-01-22 04:45:00,,,,False,False
2026-01-22 04:50:00,,,,False,False
2026-01-22 04:55:00,,,,False,False
2026-01-22 05:00:00,,,,False,False
2026-01-22 05:05:00,,,,False,False
2026-01-22 05:10:00,,,,False,False
2026-01-22 05:15:00,,,,False,False
2026-01-22 05:20:00,,,,False,False
2026-01-22 05:25:00,,,,False,False
2026-01-22 05:30:00,,,,False,False
2026-01-22 05:35:00,,,,False,False
2026-01-22 05:40:00,,,,False,False
2026-01-22 05:45:00,,,,False,False
2026-01-22 05:50:00,,,,False,False
2026-01-22 05:55:00,,,,False,False
2026-01-22 06:00:00,,,,False,False
2026-01-22 06:05:00,,,,False,False
2026-01-22 06:10:00,,,,False,False
2026-01-22 06:15:00,,,,False,False
2026-01-22 06:20:00,,,,False,False
2026-01-22 06:25:00,,,,False,False
2026-01-22 06:30:00,,,,False,False
2026-01-22 06:35:00,,,,False,False
2026-01-22 06:40:00,,,,False,False
2026-01-22 06:45:00,,,,False,False
2026-01-22 06:50:00,,,,False,False
2026-01-22 06:55:00,,,,False,False
2026-01-22 07:00:00,,,,False,False
2026-01-22 07:05:00,,,,False,False
2026-01-22 07:10:00,,,,False,False
2026-01-22 07:15:00,,,,False,False
2026-01-22 07:20:00,,,,False,False
2026-01-22 07:25:00,,,,False,False
2026-01-22 07:30:00,,,,False,False
2026-01-22 07:35:00,,,,False,False
2026-01-22 07:40:00,,,,False,False
2026-01-22 07:45:00,,,,False,False
2026-01-22 07:50:00,,,,False,False
2026-01-22 07:55:00,,,,False,False
2026-01-22 08:00:00,,,,False,False
2026-01-22 08:05:00,,,,False,False
2026-01-22 08:10:00,,,,False,False
2026-01-22 08:15:00,,,,False,False
2026-01-22 08:20:00,,,,False,False
2026-01-22 08:25:00,,,,False,False
2026-01-22 08:30:00,,,,False,False
2026-01-22 08:35:00,,,,False,False
2026-01-22 08:40:00,,,,False,False
2026-01-22 08:45:00,,,,False,False
2026-01-22 08:50:00,,,,False,False
2026-01-22 08:55:00,,,,False,False
2026-01-22 09:00:00,,,,False,False
2026-01-22 09:05:00,,,,False,False
2026-01-22 09:10:00,,,,False,False
2026-01-22 09:15:00,22-01-2026 09:15,25332.45,0.11836,True,False
2026-01-22 09:20:00,22-01-2026 09:20,25329.3,0.12018,True,False
2026-01-22 09:25:00,22-01-2026 09:25,25334.05,0.12643,True,False
2026-01-22 09:30:00,22-01-2026 09:30,25400.35,0.12335,True,False
2026-01-22 09:35:00,22-01-2026 09:35,25415.7,0.12671,True,False
2026-01-22 09:40:00,22-01-2026 09:40,25405.7,0.12524,True,False
2026-01-22 09:45:00,22-01-2026 09:45,25400.1,0.12986,True,False
2026-01-22 09:50:00,22-01-2026 09:50,25430.85,,True,True
2026-01-22 09:55:00,22-01-2026 09:55,25385.65,0.12571,True,False
2026-01-22 10:00:00,22-01-2026 10:00,25404.05,0.11494,True,False
2026-01-22 10:05:00,22-01-2026 10:05,25387.2,0.11733,True,False
2026-01-22 10:10:00,22-01-2026 10:10,25366.75,0.12345,True,False
2026-01-22 10:15:00,22-01-2026 10:15,25384.2,0.11552,True,False
2026-01-22 10:20:00,22-01-2026 10:20,25330.55,,True,True
2026-01-22 10:25:00,22-01-2026 10:25,25335.0,,True,True
2026-01-22 10:30:00,22-01-2026 10:30,25273.25,0.12998,True,False
2026-01-22 10:35:00,22-01-2026 10:35,25312.45,0.12258,True,False
2026-01-22 10:40:00,22-01-2026 10:40,25290.35,,True,True
2026-01-22 10:45:00,22-01-2026 10:45,25288.95,,True,True
2026-01-22 10:50:00,22-01-2026 10:50,25270.45,,True,True
2026-01-22 10:55:00,22-01-2026 10:55,25267.3,,True,True
2026-01-22 11:00:00,22-01-2026 11:00,25234.85,0.13398,True,False
2026-01-22 11:05:00,22-01-2026 11:05,25223.35,,True,True
2026-01-22 11:10:00,22-01-2026 11:10,25234.6,0.1344,True,False
2026-01-22 11:15:00,22-01-2026 11:15,25230.3,0.13488,True,False
2026-01-22 11:20:00,22-01-2026 11:20,25224.65,,True,True
2026-01-22 11:25:00,22-01-2026 11:25,25274.25,,True,True
2026-01-22 11:30:00,22-01-2026 11:30,25237.65,0.13617,True,False
2026-01-22 11:35:00,22-01-2026 11:35,25252.75,,True,True
2026-01-22 11:40:00,22-01-2026 11:40,25230.6,0.13507,True,False
2026-01-22 11:45:00,22-01-2026 11:45,25200.8,0.14066,True,False
2026-01-22 11:50:00,22-01-2026 11:50,25218.4,0.13778,True,False
2026-01-22 11:55:00,22-01-2026 11:55,25201.6,0.14034,True,False
2026-01-22 12:00:00,22-01-2026 12:00,25184.35,0.14457,True,False
2026-01-22 12:05:00,22-01-2026 12:05,25218.75,0.13956,True,False
2026-01-22 12:10:00,22-01-2026 12:10,25226.35,0.1386,True,False
2026-01-22 12:15:00,22-01-2026 12:15,25221.55,0.13905,True,False
2026-01-22 12:20:00,22-01-2026 12:20,25272.95,,True,True
2026-01-22 12:25:00,22-01-2026 12:25,25240.05,0.13657,True,False
2026-01-22 12:30:00,22-01-2026 12:30,25251.1,,True,True
2026-01-22 12:35:00,22-01-2026 12:35,25259.05,0.1311,True,False
2026-01-22 12:40:00,22-01-2026 12:40,25236.55,0.1348,True,False
2026-01-22 12:45:00,22-01-2026 12:45,25253.05,0.13136,True,False
2026-01-22 12:50:00,22-01-2026 12:50,25254.0,,True,True
2026-01-22 12:55:00,22-01-2026 12:55,25215.15,0.13645,True,False
2026-01-22 13:00:00,22-01-2026 13:00,25215.7,0.13671,True,False
2026-01-22 13:05:00,22-01-2026 13:05,25210.35,0.13689,True,False
2026-01-22 13:10:00,22-01-2026 13:10,25206.6,0.13615,True,False
2026-01-22 13:15:00,22-01-2026 13:15,25186.75,0.13881,True,False
2026-01-22 13:20:00,22-01-2026 13:20,25195.0,0.13702,True,False
2026-01-22 13:25:00,22-01-2026 13:25,25194.95,0.13692,True,False
2026-01-22 13:30:00,22-01-2026 13:30,25171.75,,True,True
2026-01-22 13:35:00,22-01-2026 13:35,25225.85,0.13245,True,False
2026-01-22 13:40:00,22-01-2026 13:40,25195.9,0.1382,True,False
2026-01-22 13:45:00,22-01-2026 13:45,25188.3,0.13966,True,False
2026-01-22 13:50:00,22-01-2026 13:50,25206.65,0.13825,True,False
2026-01-22 13:55:00,22-01-2026 13:55,25236.1,,True,True
2026-01-22 14:00:00,22-01-2026 14:00,25232.35,0.13177,True,False
2026-01-22 14:05:00,22-01-2026 14:05,25228.35,0.13184,True,False
2026-01-22 14:10:00,22-01-2026 14:10,25212.7,,True,True
2026-01-22 14:15:00,22-01-2026 14:15,25178.75,0.13801,True,False
2026-01-22 14:20:00,22-01-2026 14:20,25194.65,,True,True
2026-01-22 14:25:00,22-01-2026 14:25,25206.4,0.13628,True,False
2026-01-22 14:30:00,22-01-2026 14:30,25236.6,,True,True
2026-01-22 14:35:00,22-01-2026 14:35,25267.55,0.12866,True,False
2026-01-22 14:40:00,22-01-2026 14:40,25289.0,0.12494,True,False
2026-01-22 14:45:00,22-01-2026 14:45,25289.65,0.12328,True,False
2026-01-22 14:50:00,22-01-2026 14:50,25294.65,0.12007,True,False
2026-01-22 14:55:00,22-01-2026 14:55,25290.85,0.12027,True,False
2026-01-22 15:00:00,22-01-2026 15:00,25269.5,0.11928,True,False
2026-01-22 15:05:00,22-01-2026 15:05,25256.3,0.12337,True,False
2026-01-22 15:10:00,22-01-2026 15:10,25297.3,0.11643,True,False
2026-01-22 15:15:00,22-01-2026 15:15,25297.45,,True,True
2026-01-22 15:20:00,22-01-2026 15:20,25308.25,0.11523,True,False
2026-01-22 15:25:00,22-01-2026 15:25,25314.1,,True,True
2026-01-22 15:30:00,,,,False,False
2026-01-22 15:35:00,,,,False,False
2026-01-22 15:40:00,,,,False,False
2026-01-22 15:45:00,,,,False,False
2026-01-22 15:50:00,,,,False,False
2026-01-22 15:55:00,,,,False,False
2026-01-22 16:00:00,,,,False,False
2026-01-22 16:05:00,,,,False,False
2026-01-22 16:10:00,,,,False,False
2026-01-22 16:15:00,,,,False,False
2026-01-22 16:20:00,,,,False,False
2026-01-22 16:25:00,,,,False,False
2026-01-22 16:30:00,,,,False,False
2026-01-22 16:35:00,,,,False,False
2026-01-22 16:40:00,,,,False,False
2026-01-22 16:45:00,,,,False,False
2026-01-22 16:50:00,,,,False,False
2026-01-22 16:55:00,,,,False,False
2026-01-22 17:00:00,,,,False,False
2026-01-22 17:05:00,,,,False,False
2026-01-22 17:10:00,,,,False,False
2026-01-22 17:15:00,,,,False,False
2026-01-22 17:20:00,,,,False,False
2026-01-22 17:25:00,,,,False,False
2026-01-22 17:30:00,,,,False,False
2026-01-22 17:35:00,,,,False,False
2026-01-22 17:40:00,,,,False,False
2026-01-22 17:45:00,,,,False,False
2026-01-22 17:50:00,,,,False,False
2026-01-22 17:55:00,,,,False,False
2026-01-22 18:00:00,,,,False,False
2026-01-22 18:05:00,,,,False,False
2026-01-22 18:10:00,,,,False,False
2026-01-22 18:15:00,,,,False,False
2026-01-22 18:20:00,,,,False,False
2026-01-22 18:25:00,,,,False,False
2026-01-22 18:30:00,,,,False,False
2026-01-22 18:35:00,,,,False,False
2026-01-22 18:40:00,,,,False,False
2026-01-22 18:45:00,,,,False,False
2026-01-22 18:50:00,,,,False,False
2026-01-22 18:55:00,,,,False,False
2026-01-22 19:00:00,,,,False,False
2026-01-22 19:05:00,,,,False,False
2026-01-22 19:10:00,,,,False,False
2026-01-22 19:15:00,,,,False,False
2026-01-22 19:20:00,,,,False,False
2026-01-22 19:25:00,,,,False,False
2026-01-22 19:30:00,,,,False,False
2026-01-22 19:35:00,,,,False,False
2026-01-22 19:40:00,,,,False,False
2026-01-22 19:45:00,,,,False,False
2026-01-22 19:50:00,,,,False,False
2026-01-22 19:55:00,,,,False,False
2026-01-22 20:00:00,,,,False,False
2026-01-22 20:05:00,,,,False,False
2026-01-22 20:10:00,,,,False,False
2026-01-22 20:15:00,,,,False,False
2026-01-22 20:20:00,,,,False,False
2026-01-22 20:25:00,,,,False,False
2026-01-22 20:30:00,,,,False,False
2026-01-22 20:35:00,,,,False,False
2026-01-22 20:40:00,,,,False,False
2026-01-22 20:45:00,,,,False,False
2026-01-22 20:50:00,,,,False,False
2026-01-22 20:55:00,,,,False,False
2026-01-22 21:00:00,,,,False,False
2026-01-22 21:05:00,,,,False,False
2026-01-22 21:10:00,,,,False,False
2026-01-22 21:15:00,,,,False,False
2026-01-22 21:20:00,,,,False,False
2026-01-22 21:25:00,,,,False,False
2026-01-22 21:30:00,,,,False,False
2026-01-22 21:35:00,,,,False,False
2026-01-22 21:40:00,,,,False,False
2026-01-22 21:45:00,,,,False,False
2026-01-22 21:50:00,,,,False,False
2026-01-22 21:55:00,,,,False,False
2026-01-22 22:00:00,,,,False,False
2026-01-22 22:05:00,,,,False,False
2026-01-22 22:10:00,,,,False,False
2026-01-22 22:15:00,,,,False,False
2026-01-22 22:20:00,,,,False,False
2026-01-22 22:25:00,,,,False,False
2026-01-22 22:30:00,,,,False,False
2026-01-22 22:35:00,,,,False,False
2026-01-22 22:40:00,,,,False,False
2026-01-22 22:45:00,,,,False,False
2026-01-22 22:50:00,,,,False,False
2026-01-22 22:55:00,,,,False,False
2026-01-22 23:00:00,,,,False,False
2026-01-22 23:05:00,,,,False,False
2026-01-22 23:10:00,,,,False,False
2026-01-22 23:15:00,,,,False,False
2026-01-22 23:20:00,,,,False,False
2026-01-22 23:25:00,,,,False,False
2026-01-22 23:30:00,,,,False,False
2026-01-22 23:35:00,,,,False,False
2026-01-22 23:40:00,,,,False,False
2026-01-22 23:45:00,,,,False,False
2026-01-22 23:50:00,,,,False,False
2026-01-22 23:55:00,,,,False,False
2026-01-23 00:00:00,,,,False,False
2026-01-23 00:05:00,,,,False,False
2026-01-23 00:10:00,,,,False,False
2026-01-23 00:15:00,,,,False,False
2026-01-23 00:20:00,,,,False,False
2026-01-23 00:25:00,,,,False,False
2026-01-23 00:30:00,,,,False,False
2026-01-23 00:35:00,,,,False,False
2026-01-23 00:40:00,,,,False,False
2026-01-23 00:45:00,,,,False,False
2026-01-23 00:50:00,,,,False,False
2026-01-23 00:55:00,,,,False,False
2026-01-23 01:00:00,,,,False,False
2026-01-23 01:05:00,,,,False,False
2026-01-23 01:10:00,,,,False,False
2026-01-23 01:15:00,,,,False,False
2026-01-23 01:20:00,,,,False,False
2026-01-23 01:25:00,,,,False,False
2026-01-23 01:30:00,,,,False,False
2026-01-23 01:35:00,,,,False,False
2026-01-23 01:40:00,,,,False,False
2026-01-23 01:45:00,,,,False,False
2026-01-23 01:50:00,,,,False,False
2026-01-23 01:55:00,,,,False,False
2026-01-23 02:00:00,,,,False,False
2026-01-23 02:05:00,,,,False,False
2026-01-23 02:10:00,,,,False,False
2026-01-23 02:15:00,,,,False,False
2026-01-23 02:20:00,,,,False,False
2026-01-23 02:25:00,,,,False,False
2026-01-23 02:30:00,,,,False,False
2026-01-23 02:35:00,,,,False,False
2026-01-23 02:40:00,,,,False,False
2026-01-23 02:45:00,,,,False,False
2026-01-23 02:50:00,,,,False,False
2026-01-23 02:55:00,,,,False,False
2026-01-23 03:00:00,,,,False,False
2026-01-23 03:05:00,,,,False,False
2026-01-23 03:10:00,,,,False,False
2026-01-23 03:15:00,,,,False,False
2026-01-23 03:20:00,,,,False,False
2026-01-23 03:25:00,,,,False,False
2026-01-23 03:30:00,,,,False,False
2026-01-23 03:35:00,,,,False,False
2026-01-23 03:40:00,,,,False,False
2026-01-23 03:45:00,,,,False,False
2026-01-23 03:50:00,,,,False,False
2026-01-23 03:55:00,,,,False,False
2026-01-23 04:00:00,,,,False,False
2026-01-23 04:05:00,,,,False,False
2026-01-23 04:10:00,,,,False,False
2026-01-23 04:15:00,,,,False,False
2026-01-23 04:20:00,,,,False,False
2026-01-23 04:25:00,,,,False,False
2026-01-23 04:30:00,,,,False,False
2026-01-23 04:35:00,,,,False,False
2026-01-23 04:40:00,,,,False,False
2026-01-23 04:45:00,,,,False,False
2026-01-23 04:50:00,,,,False,False
2026-01-23 04:55:00,,,,False,False
2026-01-23 05:00:00,,,,False,False
2026-01-23 05:05:00,,,,False,False
2026-01-23 05:10:00,,,,False,False
2026-01-23 05:15:00,,,,False,False
2026-01-23 05:20:00,,,,False,False
2026-01-23 05:25:00,,,,False,False
2026-01-23 05:30:00,,,,False,False
2026-01-23 05:35:00,,,,False,False
2026-01-23 05:40:00,,,,False,False
2026-01-23 05:45:00,,,,False,False
2026-01-23 05:50:00,,,,False,False
2026-01-23 05:55:00,,,,False,False
2026-01-23 06:00:00,,,,False,False
2026-01-23 06:05:00,,,,False,False
2026-01-23 06:10:00,,,,False,False
2026-01-23 06:15:00,,,,False,False
2026-01-23 06:20:00,,,,False,False
2026-01-23 06:25:00,,,,False,False
2026-01-23 06:30:00,,,,False,False
2026-01-23 06:35:00,,,,False,False
2026-01-23 06:40:00,,,,False,False
2026-01-23 06:45:00,,,,False,False
2026-01-23 06:50:00,,,,False,False
2026-01-23 06:55:00,,,,False,False
2026-01-23 07:00:00,,,,False,False
2026-01-23 07:05:00,,,,False,False
2026-01-23 07:10:00,,,,False,False
2026-01-23 07:15:00,,,,False,False
2026-01-23 07:20:00,,,,False,False
2026-01-23 07:25:00,,,,False,False
2026-01-23 07:30:00,,,,False,False
2026-01-23 07:35:00,,,,False,False
2026-01-23 07:40:00,,,,False,False
2026-01-23 07:45:00,,,,False,False
2026-01-23 07:50:00,,,,False,False
2026-01-23 07:55:00,,,,False,False
2026-01-23 08:00:00,,,,False,False
2026-01-23 08:05:00,,,,False,False
2026-01-23 08:10:00,,,,False,False
2026-01-23 08:15:00,,,,False,False
2026-01-23 08:20:00,,,,False,False
2026-01-23 08:25:00,,,,False,False
2026-01-23 08:30:00,,,,False,False
2026-01-23 08:35:00,,,,False,False
2026-01-23 08:40:00,,,,False,False
2026-01-23 08:45:00,,,,False,False
2026-01-23 08:50:00,,,,False,False
2026-01-23 08:55:00,,,,False,False
2026-01-23 09:00:00,,,,False,False
2026-01-23 09:05:00,,,,False,False
2026-01-23 09:10:00,,,,False,False
2026-01-23 09:15:00,23-01-2026 09:15,25292.15,0.12571,True,False
2026-01-23 09:20:00,23-01-2026 09:20,25265.75,0.12772,True,False
2026-01-23 09:25:00,23-01-2026 09:25,25330.85,0.11716,True,False
2026-01-23 09:30:00,23-01-2026 09:30,25330.3,0.11533,True,False
2026-01-23 09:35:00,23-01-2026 09:35,25299.45,0.11806,True,False
2026-01-23 09:40:00,23-01-2026 09:40,25299.95,0.11735,True,False
2026-01-23 09:45:00,23-01-2026 09:45,25269.0,0.12257,True,False
2026-01-23 09:50:00,23-01-2026 09:50,25300.7,0.11544,True,False
2026-01-23 09:55:00,23-01-2026 09:55,25284.3,0.11894,True,False
2026-01-23 10:00:00,23-01-2026 10:00,25294.9,,True,True
2026-01-23 10:05:00,23-01-2026 10:05,25293.15,0.11611,True,False
2026-01-23 10:10:00,23-01-2026 10:10,25285.05,0.11749,True,False
2026-01-23 10:15:00,23-01-2026 10:15,25283.3,,True,True
2026-01-23 10:20:00,23-01-2026 10:20,25261.25,0.11993,True,False
2026-01-23 10:25:00,23-01-2026 10:25,25266.4,0.12046,True,False
2026-01-23 10:30:00,23-01-2026 10:30,25303.15,0.11495,True,False
2026-01-23 10:35:00,23-01-2026 10:35,25313.0,0.11312,True,False
2026-01-23 10:40:00,23-01-2026 10:40,25297.7,0.11392,True,False
2026-01-23 10:45:00,23-01-2026 10:45,25297.35,,True,True
2026-01-23 10:50:00,23-01-2026 10:50,25284.35,0.11485,True,False
2026-01-23 10:55:00,23-01-2026 10:55,25278.2,0.11618,True,False
2026-01-23 11:00:00,23-01-2026 11:00,25279.7,0.11571,True,False
2026-01-23 11:05:00,23-01-2026 11:05,25270.35,0.11755,True,False
2026-01-23 11:10:00,23-01-2026 11:10,25281.6,0.11605,True,False
2026-01-23 11:15:00,23-01-2026 11:15,25277.8,0.1156,True,False
2026-01-23 11:20:00,23-01-2026 11:20,25261.05,0.11835,True,False
2026-01-23 11:25:00,23-01-2026 11:25,25270.95,0.11709,True,False
2026-01-23 11:30:00,23-01-2026 11:30,25274.7,0.11568,True,False
2026-01-23 11:35:00,23-01-2026 11:35,25252.0,0.11968,True,False
2026-01-23 11:40:00,23-01-2026 11:40,25221.8,0.12721,True,False
2026-01-23 11:45:00,23-01-2026 11:45,25210.75,0.13073,True,False
2026-01-23 11:50:00,23-01-2026 11:50,25193.45,0.13307,True,False
2026-01-23 11:55:00,23-01-2026 11:55,25208.4,0.1304,True,False
2026-01-23 12:00:00,23-01-2026 12:00,25209.75,,True,True
2026-01-23 12:05:00,23-01-2026 12:05,25207.8,0.13061,True,False
2026-01-23 12:10:00,23-01-2026 12:10,25190.3,0.13353,True,False
2026-01-23 12:15:00,23-01-2026 12:15,25193.1,0.13313,True,False
2026-01-23 12:20:00,23-01-2026 12:20,25216.55,0.12907,True,False
2026-01-23 12:25:00,23-01-2026 12:25,25202.7,0.13111,True,False
2026-01-23 12:30:00,23-01-2026 12:30,25205.2,,True,True
2026-01-23 12:35:00,23-01-2026 12:35,25205.5,0.13105,True,False
2026-01-23 12:40:00,23-01-2026 12:40,25211.7,0.12981,True,False
2026-01-23 12:45:00,23-01-2026 12:45,25238.75,,True,True
2026-01-23 12:50:00,23-01-2026 12:50,25208.05,0.12907,True,False
2026-01-23 12:55:00,23-01-2026 12:55,25226.8,0.12694,True,False
2026-01-23 13:00:00,23-01-2026 13:00,25191.8,0.13301,True,False
2026-01-23 13:05:00,23-01-2026 13:05,25191.25,,True,True
2026-01-23 13:10:00,23-01-2026 13:10,25194.95,0.13232,True,False
2026-01-23 13:15:00,23-01-2026 13:15,25171.1,,True,True
2026-01-23 13:20:00,23-01-2026 13:20,25141.7,0.14377,True,False
2026-01-23 13:25:00,23-01-2026 13:25,25138.55,0.14464,True,False
2026-01-23 13:30:00,23-01-2026 13:30,25095.3,0.15439,True,False
2026-01-23 13:35:00,23-01-2026 13:35,25072.05,0.15568,True,False
2026-01-23 13:40:00,23-01-2026 13:40,25076.35,0.15623,True,False
2026-01-23 13:45:00,23-01-2026 13:45,25053.0,0.16014,True,False
2026-01-23 13:50:00,23-01-2026 13:50,25055.05,0.16105,True,False
2026-01-23 13:55:00,23-01-2026 13:55,25054.0,0.15952,True,False
2026-01-23 14:00:00,23-01-2026 14:00,25054.2,0.15833,True,False
2026-01-23 14:05:00,23-01-2026 14:05,25065.1,0.15631,True,False
2026-01-23 14:10:00,23-01-2026 14:10,25058.25,0.15781,True,False
2026-01-23 14:15:00,23-01-2026 14:15,25090.65,0.15103,True,False
2026-01-23 14:20:00,23-01-2026 14:20,25059.65,0.15581,True,False
2026-01-23 14:25:00,23-01-2026 14:25,25049.75,0.15513,True,False
2026-01-23 14:30:00,23-01-2026 14:30,25077.85,0.15363,True,False
2026-01-23 14:35:00,23-01-2026 14:35,25087.05,,True,True
2026-01-23 14:40:00,23-01-2026 14:40,25094.55,0.15227,True,False
2026-01-23 14:45:00,23-01-2026 14:45,25081.45,0.15294,True,False
2026-01-23 14:50:00,23-01-2026 14:50,25059.3,0.15629,True,False
2026-01-23 14:55:00,23-01-2026 14:55,25096.0,,True,True
2026-01-23 15:00:00,23-01-2026 15:00,25071.15,0.15761,True,False
2026-01-23 15:05:00,23-01-2026 15:05,25059.0,0.15877,True,False
2026-01-23 15:10:00,23-01-2026 15:10,25045.6,0.16104,True,False
2026-01-23 15:15:00,23-01-2026 15:15,25061.1,0.15763,True,False
2026-01-23 15:20:00,23-01-2026 15:20,25040.65,,True,True
2026-01-23 15:25:00,23-01-2026 15:25,25049.65,0.16182,True,False
2026-01-23 15:30:00,,,,False,False
2026-01-23 15:35:00,,,,False,False
2026-01-23 15:40:00,,,,False,False
2026-01-23 15:45:00,,,,False,False
2026-01-23 15:50:00,,,,False,False
2026-01-23 15:55:00,,,,False,False
2026-01-23 16:00:00,,,,False,False
2026-01-23 16:05:00,,,,False,False
2026-01-23 16:10:00,,,,False,False
2026-01-23 16:15:00,,,,False,False
2026-01-23 16:20:00,,,,False,False
2026-01-23 16:25:00,,,,False,False
2026-01-23 16:30:00,,,,False,False
2026-01-23 16:35:00,,,,False,False
2026-01-23 16:40:00,,,,False,False
2026-01-23 16:45:00,,,,False,False
2026-01-23 16:50:00,,,,False,False
2026-01-23 16:55:00,,,,False,False
2026-01-23 17:00:00,,,,False,False
2026-01-23 17:05:00,,,,False,False
2026-01-23 17:10:00,,,,False,False
2026-01-23 17:15:00,,,,False,False
2026-01-23 17:20:00,,,,False,False
2026-01-23 17:25:00,,,,False,False
2026-01-23 17:30:00,,,,False,False
2026-01-23 17:35:00,,,,False,False
2026-01-23 17:40:00,,,,False,False
2026-01-23 17:45:00,,,,False,False
2026-01-23 17:50:00,,,,False,False
2026-01-23 17:55:00,,,,False,False
2026-01-23 18:00:00,,,,False,False
2026-01-23 18:05:00,,,,False,False
2026-01-23 18:10:00,,,,False,False
2026-01-23 18:15:00,,,,False,False
2026-01-23 18:20:00,,,,False,False
2026-01-23 18:25:00,,,,False,False
2026-01-23 18:30:00,,,,False,False
2026-01-23 18:35:00,,,,False,False
2026-01-23 18:40:00,,,,False,False
2026-01-23 18:45:00,,,,False,False
2026-01-23 18:50:00,,,,False,False
2026-01-23 18:55:00,,,,False,False
2026-01-23 19:00:00,,,,False,False
2026-01-23 19:05:00,,,,False,False
2026-01-23 19:10:00,,,,False,False
2026-01-23 19:15:00,,,,False,False
2026-01-23 19:20:00,,,,False,False
2026-01-23 19:25:00,,,,False,False
2026-01-23 19:30:00,,,,False,False
2026-01-23 19:35:00,,,,False,False
2026-01-23 19:40:00,,,,False,False
2026-01-23 19:45:00,,,,False,False
2026-01-23 19:50:00,,,,False,False
2026-01-23 19:55:00,,,,False,False
2026-01-23 20:00:00,,,,False,False
2026-01-23 20:05:00,,,,False,False
2026-01-23 20:10:00,,,,False,False
2026-01-23 20:15:00,,,,False,False
2026-01-23 20:20:00,,,,False,False
2026-01-23 20:25:00,,,,False,False
2026-01-23 20:30:00,,,,False,False
2026-01-23 20:35:00,,,,False,False
2026-01-23 20:40:00,,,,False,False
2026-01-23 20:45:00,,,,False,False
2026-01-23 20:50:00,,,,False,False
2026-01-23 20:55:00,,,,False,False
2026-01-23 21:00:00,,,,False,False
2026-01-23 21:05:00,,,,False,False
2026-01-23 21:10:00,,,,False,False
2026-01-23 21:15:00,,,,False,False
2026-01-23 21:20:00,,,,False,False
2026-01-23 21:25:00,,,,False,False
2026-01-23 21:30:00,,,,False,False
2026-01-23 21:35:00,,,,False,False
2026-01-23 21:40:00,,,,False,False
2026-01-23 21:45:00,,,,False,False
2026-01-23 21:50:00,,,,False,False
2026-01-23 21:55:00,,,,False,False
2026-01-23 22:00:00,,,,False,False
2026-01-23 22:05:00,,,,False,False
2026-01-23 22:10:00,,,,False,False
2026-01-23 22:15:00,,,,False,False
2026-01-23 22:20:00,,,,False,False
2026-01-23 22:25:00,,,,False,False
2026-01-23 22:30:00,,,,False,False
2026-01-23 22:35:00,,,,False,False
2026-01-23 22:40:00,,,,False,False
2026-01-23 22:45:00,,,,False,False
2026-01-23 22:50:00,,,,False,False
2026-01-23 22:55:00,,,,False,False
2026-01-23 23:00:00,,,,False,False
2026-01-23 23:05:00,,,,False,False
2026-01-23 23:10:00,,,,False,False
2026-01-23 23:15:00,,,,False,False
2026-01-23 23:20:00,,,,False,False
2026-01-23 23:25:00,,,,False,False
2026-01-23 23:30:00,,,,False,False
2026-01-23 23:35:00,,,,False,False
2026-01-23 23:40:00,,,,False,False
2026-01-23 23:45:00,,,,False,False
2026-01-23 23:50:00,,,,False,False
2026-01-23 23:55:00,,,,False,False
2026-01-24 00:00:00,,,,False,False
2026-01-24 00:05:00,,,,False,False
2026-01-24 00:10:00,,,,False,False
2026-01-24 00:15:00,,,,False,False
2026-01-24 00:20:00,,,,False,False
2026-01-24 00:25:00,,,,False,False
2026-01-24 00:30:00,,,,False,False
2026-01-24 00:35:00,,,,False,False
2026-01-24 00:40:00,,,,False,False
2026-01-24 00:45:00,,,,False,False
2026-01-24 00:50:00,,,,False,False
2026-01-24 00:55:00,,,,False,False
2026-01-24 01:00:00,,,,False,False
2026-01-24 01:05:00,,,,False,False
2026-01-24 01:10:00,,,,False,False
2026-01-24 01:15:00,,,,False,False
2026-01-24 01:20:00,,,,False,False
2026-01-24 01:25:00,,,,False,False
2026-01-24 01:30:00,,,,False,False
2026-01-24 01:35:00,,,,False,False
2026-01-24 01:40:00,,,,False,False
2026-01-24 01:45:00,,,,False,False
2026-01-24 01:50:00,,,,False,False
2026-01-24 01:55:00,,,,False,False
2026-01-24 02:00:00,,,,False,False
2026-01-24 02:05:00,,,,False,False
2026-01-24 02:10:00,,,,False,False
2026-01-24 02:15:00,,,,False,False
2026-01-24 02:20:00,,,,False,False
2026-01-24 02:25:00,,,,False,False
2026-01-24 02:30:00,,,,False,False
2026-01-24 02:35:00,,,,False,False
2026-01-24 02:40:00,,,,False,False
2026-01-24 02:45:00,,,,False,False
2026-01-24 02:50:00,,,,False,False
2026-01-24 02:55:00,,,,False,False
2026-01-24 03:00:00,,,,False,False
2026-01-24 03:05:00,,,,False,False
2026-01-24 03:10:00,,,,False,False
2026-01-24 03:15:00,,,,False,False
2026-01-24 03:20:00,,,,False,False
2026-01-24 03:25:00,,,,False,False
2026-01-24 03:30:00,,,,False,False
2026-01-24 03:35:00,,,,False,False
2026-01-24 03:40:00,,,,False,False
2026-01-24 03:45:00,,,,False,False
2026-01-24 03:50:00,,,,False,False
2026-01-24 03:55:00,,,,False,False
2026-01-24 04:00:00,,,,False,False
2026-01-24 04:05:00,,,,False,False
2026-01-24 04:10:00,,,,False,False
2026-01-24 04:15:00,,,,False,False
2026-01-24 04:20:00,,,,False,False
2026-01-24 04:25:00,,,,False,False
2026-01-24 04:30:00,,,,False,False
2026-01-24 04:35:00,,,,False,False
2026-01-24 04:40:00,,,,False,False
2026-01-24 04:45:00,,,,False,False
2026-01-24 04:50:00,,,,False,False
2026-01-24 04:55:00,,,,False,False
2026-01-24 05:00:00,,,,False,False
2026-01-24 05:05:00,,,,False,False
2026-01-24 05:10:00,,,,False,False
2026-01-24 05:15:00,,,,False,False
2026-01-24 05:20:00,,,,False,False
2026-01-24 05:25:00,,,,False,False
2026-01-24 05:30:00,,,,False,False
2026-01-24 05:35:00,,,,False,False
2026-01-24 05:40:00,,,,False,False
2026-01-24 05:45:00,,,,False,False
2026-01-24 05:50:00,,,,False,False
2026-01-24 05:55:00,,,,False,False
2026-01-24 06:00:00,,,,False,False
2026-01-24 06:05:00,,,,False,False
2026-01-24 06:10:00,,,,False,False
2026-01-24 06:15:00,,,,False,False
2026-01-24 06:20:00,,,,False,False
2026-01-24 06:25:00,,,,False,False
2026-01-24 06:30:00,,,,False,False
2026-01-24 06:35:00,,,,False,False
2026-01-24 06:40:00,,,,False,False
2026-01-24 06:45:00,,,,False,False
2026-01-24 06:50:00,,,,False,False
2026-01-24 06:55:00,,,,False,False
2026-01-24 07:00:00,,,,False,False
2026-01-24 07:05:00,,,,False,False
2026-01-24 07:10:00,,,,False,False
2026-01-24 07:15:00,,,,False,False
2026-01-24 07:20:00,,,,False,False
2026-01-24 07:25:00,,,,False,False
2026-01-24 07:30:00,,,,False,False
2026-01-24 07:35:00,,,,False,False
2026-01-24 07:40:00,,,,False,False
2026-01-24 07:45:00,,,,False,False
2026-01-24 07:50:00,,,,False,False
2026-01-24 07:55:00,,,,False,False
2026-01-24 08:00:00,,,,False,False
2026-01-24 08:05:00,,,,False,False
2026-01-24 08:10:00,,,,False,False
2026-01-24 08:15:00,,,,False,False
2026-01-24 08:20:00,,,,False,False
2026-01-24 08:25:00,,,,False,False
2026-01-24 08:30:00,,,,False,False
2026-01-24 08:35:00,,,,False,False
2026-01-24 08:40:00,,,,False,False
2026-01-24 08:45:00,,,,False,False
2026-01-24 08:50:00,,,,False,False
2026-01-24 08:55:00,,,,False,False
2026-01-24 09:00:00,,,,False,False
2026-01-24 09:05:00,,,,False,False
2026-01-24 09:10:00,,,,False,False
2026-01-24 09:15:00,,,,False,False
2026-01-24 09:20:00,,,,False,False
2026-01-24 09:25:00,,,,False,False
2026-01-24 09:30:00,,,,False,False
2026-01-24 09:35:00,,,,False,False
2026-01-24 09:40:00,,,,False,False
2026-01-24 09:45:00,,,,False,False
2026-01-24 09:50:00,,,,False,False
2026-01-24 09:55:00,,,,False,False
2026-01-24 10:00:00,,,,False,False
2026-01-24 10:05:00,,,,False,False
2026-01-24 10:10:00,,,,False,False
2026-01-24 10:15:00,,,,False,False
2026-01-24 10:20:00,,,,False,False
2026-01-24 10:25:00,,,,False,False
2026-01-24 10:30:00,,,,False,False
2026-01-24 10:35:00,,,,False,False
2026-01-24 10:40:00,,,,False,False
2026-01-24 10:45:00,,,,False,False
2026-01-24 10:50:00,,,,False,False
2026-01-24 10:55:00,,,,False,False
2026-01-24 11:00:00,,,,False,False
2026-01-24 11:05:00,,,,False,False
2026-01-24 11:10:00,,,,False,False
2026-01-24 11:15:00,,,,False,False
2026-01-24 11:20:00,,,,False,False
2026-01-24 11:25:00,,,,False,False
2026-01-24 11:30:00,,,,False,False
2026-01-24 11:35:00,,,,False,False
2026-01-24 11:40:00,,,,False,False
2026-01-24 11:45:00,,,,False,False
2026-01-24 11:50:00,,,,False,False
2026-01-24 11:55:00,,,,False,False
2026-01-24 12:00:00,,,,False,False
2026-01-24 12:05:00,,,,False,False
2026-01-24 12:10:00,,,,False,False
2026-01-24 12:15:00,,,,False,False
2026-01-24 12:20:00,,,,False,False
2026-01-24 12:25:00,,,,False,False
2026-01-24 12:30:00,,,,False,False
2026-01-24 12:35:00,,,,False,False
2026-01-24 12:40:00,,,,False,False
2026-01-24 12:45:00,,,,False,False
2026-01-24 12:50:00,,,,False,False
2026-01-24 12:55:00,,,,False,False
2026-01-24 13:00:00,,,,False,False
2026-01-24 13:05:00,,,,False,False
2026-01-24 13:10:00,,,,False,False
2026-01-24 13:15:00,,,,False,False
2026-01-24 13:20:00,,,,False,False
2026-01-24 13:25:00,,,,False,False
2026-01-24 13:30:00,,,,False,False
2026-01-24 13:35:00,,,,False,False
2026-01-24 13:40:00,,,,False,False
2026-01-24 13:45:00,,,,False,False
2026-01-24 13:50:00,,,,False,False
2026-01-24 13:55:00,,,,False,False
2026-01-24 14:00:00,,,,False,False
2026-01-24 14:05:00,,,,False,False
2026-01-24 14:10:00,,,,False,False
2026-01-24 14:15:00,,,,False,False
2026-01-24 14:20:00,,,,False,False
2026-01-24 14:25:00,,,,False,False
2026-01-24 14:30:00,,,,False,False
2026-01-24 14:35:00,,,,False,False
2026-01-24 14:40:00,,,,False,False
2026-01-24 14:45:00,,,,False,False
2026-01-24 14:50:00,,,,False,False
2026-01-24 14:55:00,,,,False,False
2026-01-24 15:00:00,,,,False,False
2026-01-24 15:05:00,,,,False,False
2026-01-24 15:10:00,,,,False,False
2026-01-24 15:15:00,,,,False,False
2026-01-24 15:20:00,,,,False,False
2026-01-24 15:25:00,,,,False,False
2026-01-24 15:30:00,,,,False,False
2026-01-24 15:35:00,,,,False,False
2026-01-24 15:40:00,,,,False,False
2026-01-24 15:45:00,,,,False,False
2026-01-24 15:50:00,,,,False,False
2026-01-24 15:55:00,,,,False,False
2026-01-24 16:00:00,,,,False,False
2026-01-24 16:05:00,,,,False,False
2026-01-24 16:10:00,,,,False,False
2026-01-24 16:15:00,,,,False,False
2026-01-24 16:20:00,,,,False,False
2026-01-24 16:25:00,,,,False,False
2026-01-24 16:30:00,,,,False,False
2026-01-24 16:35:00,,,,False,False
2026-01-24 16:40:00,,,,False,False
2026-01-24 16:45:00,,,,False,False
2026-01-24 16:50:00,,,,False,False
2026-01-24 16:55:00,,,,False,False
2026-01-24 17:00:00,,,,False,False
2026-01-24 17:05:00,,,,False,False
2026-01-24 17:10:00,,,,False,False
2026-01-24 17:15:00,,,,False,False
2026-01-24 17:20:00,,,,False,False
2026-01-24 17:25:00,,,,False,False
2026-01-24 17:30:00,,,,False,False
2026-01-24 17:35:00,,,,False,False
2026-01-24 17:40:00,,,,False,False
2026-01-24 17:45:00,,,,False,False
2026-01-24 17:50:00,,,,False,False
2026-01-24 17:55:00,,,,False,False
2026-01-24 18:00:00,,,,False,False
2026-01-24 18:05:00,,,,False,False
2026-01-24 18:10:00,,,,False,False
2026-01-24 18:15:00,,,,False,False
2026-01-24 18:20:00,,,,False,False
2026-01-24 18:25:00,,,,False,False
2026-01-24 18:30:00,,,,False,False
2026-01-24 18:35:00,,,,False,False
2026-01-24 18:40:00,,,,False,False
2026-01-24 18:45:00,,,,False,False
2026-01-24 18:50:00,,,,False,False
2026-01-24 18:55:00,,,,False,False
2026-01-24 19:00:00,,,,False,False
2026-01-24 19:05:00,,,,False,False
2026-01-24 19:10:00,,,,False,False
2026-01-24 19:15:00,,,,False,False
2026-01-24 19:20:00,,,,False,False
2026-01-24 19:25:00,,,,False,False
2026-01-24 19:30:00,,,,False,False
2026-01-24 19:35:00,,,,False,False
2026-01-24 19:40:00,,,,False,False
2026-01-24 19:45:00,,,,False,False
2026-01-24 19:50:00,,,,False,False
2026-01-24 19:55:00,,,,False,False
2026-01-24 20:00:00,,,,False,False
2026-01-24 20:05:00,,,,False,False
2026-01-24 20:10:00,,,,False,False
2026-01-24 20:15:00,,,,False,False
2026-01-24 20:20:00,,,,False,False
2026-01-24 20:25:00,,,,False,False
2026-01-24 20:30:00,,,,False,False
2026-01-24 20:35:00,,,,False,False
2026-01-24 20:40:00,,,,False,False
2026-01-24 20:45:00,,,,False,False
2026-01-24 20:50:00,,,,False,False
2026-01-24 20:55:00,,,,False,False
2026-01-24 21:00:00,,,,False,False
2026-01-24 21:05:00,,,,False,False
2026-01-24 21:10:00,,,,False,False
2026-01-24 21:15:00,,,,False,False
2026-01-24 21:20:00,,,,False,False
2026-01-24 21:25:00,,,,False,False
2026-01-24 21:30:00,,,,False,False
2026-01-24 21:35:00,,,,False,False
2026-01-24 21:40:00,,,,False,False
2026-01-24 21:45:00,,,,False,False
2026-01-24 21:50:00,,,,False,False
2026-01-24 21:55:00,,,,False,False
2026-01-24 22:00:00,,,,False,False
2026-01-24 22:05:00,,,,False,False
2026-01-24 22:10:00,,,,False,False
2026-01-24 22:15:00,,,,False,False
2026-01-24 22:20:00,,,,False,False
2026-01-24 22:25:00,,,,False,False
2026-01-24 22:30:00,,,,False,False
2026-01-24 22:35:00,,,,False,False
2026-01-24 22:40:00,,,,False,False
2026-01-24 22:45:00,,,,False,False
2026-01-24 22:50:00,,,,False,False
2026-01-24 22:55:00,,,,False,False
2026-01-24 23:00:00,,,,False,False
2026-01-24 23:05:00,,,,False,False
2026-01-24 23:10:00,,,,False,False
2026-01-24 23:15:00,,,,False,False
2026-01-24 23:20:00,,,,False,False
2026-01-24 23:25:00,,,,False,False
2026-01-24 23:30:00,,,,False,False
2026-01-24 23:35:00,,,,False,False
2026-01-24 23:40:00,,,,False,False
2026-01-24 23:45:00,,,,False,False
2026-01-24 23:50:00,,,,False,False
2026-01-24 23:55:00,,,,False,False
2026-01-25 00:00:00,,,,False,False
2026-01-25 00:05:00,,,,False,False
2026-01-25 00:10:00,,,,False,False
2026-01-25 00:15:00,,,,False,False
2026-01-25 00:20:00,,,,False,False
2026-01-25 00:25:00,,,,False,False
2026-01-25 00:30:00,,,,False,False
2026-01-25 00:35:00,,,,False,False
2026-01-25 00:40:00,,,,False,False
2026-01-25 00:45:00,,,,False,False
2026-01-25 00:50:00,,,,False,False
2026-01-25 00:55:00,,,,False,False
2026-01-25 01:00:00,,,,False,False
2026-01-25 01:05:00,,,,False,False
2026-01-25 01:10:00,,,,False,False
2026-01-25 01:15:00,,,,False,False
2026-01-25 01:20:00,,,,False,False
2026-01-25 01:25:00,,,,False,False
2026-01-25 01:30:00,,,,False,False
2026-01-25 01:35:00,,,,False,False
2026-01-25 01:40:00,,,,False,False
2026-01-25 01:45:00,,,,False,False
2026-01-25 01:50:00,,,,False,False
2026-01-25 01:55:00,,,,False,False
2026-01-25 02:00:00,,,,False,False
2026-01-25 02:05:00,,,,False,False
2026-01-25 02:10:00,,,,False,False
2026-01-25 02:15:00,,,,False,False
2026-01-25 02:20:00,,,,False,False
2026-01-25 02:25:00,,,,False,False
2026-01-25 02:30:00,,,,False,False
2026-01-25 02:35:00,,,,False,False
2026-01-25 02:40:00,,,,False,False
2026-01-25 02:45:00,,,,False,False
2026-01-25 02:50:00,,,,False,False
2026-01-25 02:55:00,,,,False,False
2026-01-25 03:00:00,,,,False,False
2026-01-25 03:05:00,,,,False,False
2026-01-25 03:10:00,,,,False,False
2026-01-25 03:15:00,,,,False,False
2026-01-25 03:20:00,,,,False,False
2026-01-25 03:25:00,,,,False,False
2026-01-25 03:30:00,,,,False,False
2026-01-25 03:35:00,,,,False,False
2026-01-25 03:40:00,,,,False,False
2026-01-25 03:45:00,,,,False,False
2026-01-25 03:50:00,,,,False,False
2026-01-25 03:55:00,,,,False,False
2026-01-25 04:00:00,,,,False,False
2026-01-25 04:05:00,,,,False,False
2026-01-25 04:10:00,,,,False,False
2026-01-25 04:15:00,,,,False,False
2026-01-25 04:20:00,,,,False,False
2026-01-25 04:25:00,,,,False,False
2026-01-25 04:30:00,,,,False,False
2026-01-25 04:35:00,,,,False,False
2026-01-25 04:40:00,,,,False,False
2026-01-25 04:45:00,,,,False,False
2026-01-25 04:50:00,,,,False,False
2026-01-25 04:55:00,,,,False,False
2026-01-25 05:00:00,,,,False,False
2026-01-25 05:05:00,,,,False,False
2026-01-25 05:10:00,,,,False,False
2026-01-25 05:15:00,,,,False,False
2026-01-25 05:20:00,,,,False,False
2026-01-25 05:25:00,,,,False,False
2026-01-25 05:30:00,,,,False,False
2026-01-25 05:35:00,,,,False,False
2026-01-25 05:40:00,,,,False,False
2026-01-25 05:45:00,,,,False,False
2026-01-25 05:50:00,,,,False,False
2026-01-25 05:55:00,,,,False,False
2026-01-25 06:00:00,,,,False,False
2026-01-25 06:05:00,,,,False,False
2026-01-25 06:10:00,,,,False,False
2026-01-25 06:15:00,,,,False,False
2026-01-25 06:20:00,,,,False,False
2026-01-25 06:25:00,,,,False,False
2026-01-25 06:30:00,,,,False,False
2026-01-25 06:35:00,,,,False,False
2026-01-25 06:40:00,,,,False,False
2026-01-25 06:45:00,,,,False,False
2026-01-25 06:50:00,,,,False,False
2026-01-25 06:55:00,,,,False,False
2026-01-25 07:00:00,,,,False,False
2026-01-25 07:05:00,,,,False,False
2026-01-25 07:10:00,,,,False,False
2026-01-25 07:15:00,,,,False,False
2026-01-25 07:20:00,,,,False,False
2026-01-25 07:25:00,,,,False,False
2026-01-25 07:30:00,,,,False,False
2026-01-25 07:35:00,,,,False,False
2026-01-25 07:40:00,,,,False,False
2026-01-25 07:45:00,,,,False,False
2026-01-25 07:50:00,,,,False,False
2026-01-25 07:55:00,,,,False,False
2026-01-25 08:00:00,,,,False,False
2026-01-25 08:05:00,,,,False,False
2026-01-25 08:10:00,,,,False,False
2026-01-25 08:15:00,,,,False,False
2026-01-25 08:20:00,,,,False,False
2026-01-25 08:25:00,,,,False,False
2026-01-25 08:30:00,,,,False,False
2026-01-25 08:35:00,,,,False,False
2026-01-25 08:40:00,,,,False,False
2026-01-25 08:45:00,,,,False,False
2026-01-25 08:50:00,,,,False,False
2026-01-25 08:55:00,,,,False,False
2026-01-25 09:00:00,,,,False,False
2026-01-25 09:05:00,,,,False,False
2026-01-25 09:10:00,,,,False,False
2026-01-25 09:15:00,,,,False,False
2026-01-25 09:20:00,,,,False,False
2026-01-25 09:25:00,,,,False,False
2026-01-25 09:30:00,,,,False,False
2026-01-25 09:35:00,,,,False,False
2026-01-25 09:40:00,,,,False,False
2026-01-25 09:45:00,,,,False,False
2026-01-25 09:50:00,,,,False,False
2026-01-25 09:55:00,,,,False,False
2026-01-25 10:00:00,,,,False,False
2026-01-25 10:05:00,,,,False,False
2026-01-25 10:10:00,,,,False,False
2026-01-25 10:15:00,,,,False,False
2026-01-25 10:20:00,,,,False,False
2026-01-25 10:25:00,,,,False,False
2026-01-25 10:30:00,,,,False,False
2026-01-25 10:35:00,,,,False,False
2026-01-25 10:40:00,,,,False,False
2026-01-25 10:45:00,,,,False,False
2026-01-25 10:50:00,,,,False,False
2026-01-25 10:55:00,,,,False,False
2026-01-25 11:00:00,,,,False,False
2026-01-25 11:05:00,,,,False,False
2026-01-25 11:10:00,,,,False,False
2026-01-25 11:15:00,,,,False,False
2026-01-25 11:20:00,,,,False,False
2026-01-25 11:25:00,,,,False,False
2026-01-25 11:30:00,,,,False,False
2026-01-25 11:35:00,,,,False,False
2026-01-25 11:40:00,,,,False,False
2026-01-25 11:45:00,,,,False,False
2026-01-25 11:50:00,,,,False,False
2026-01-25 11:55:00,,,,False,False
2026-01-25 12:00:00,,,,False,False
2026-01-25 12:05:00,,,,False,False
2026-01-25 12:10:00,,,,False,False
2026-01-25 12:15:00,,,,False,False
2026-01-25 12:20:00,,,,False,False
2026-01-25 12:25:00,,,,False,False
2026-01-25 12:30:00,,,,False,False
2026-01-25 12:35:00,,,,False,False
2026-01-25 12:40:00,,,,False,False
2026-01-25 12:45:00,,,,False,False
2026-01-25 12:50:00,,,,False,False
2026-01-25 12:55:00,,,,False,False
2026-01-25 13:00:00,,,,False,False
2026-01-25 13:05:00,,,,False,False
2026-01-25 13:10:00,,,,False,False
2026-01-25 13:15:00,,,,False,False
2026-01-25 13:20:00,,,,False,False
2026-01-25 13:25:00,,,,False,False
2026-01-25 13:30:00,,,,False,False
2026-01-25 13:35:00,,,,False,False
2026-01-25 13:40:00,,,,False,False
2026-01-25 13:45:00,,,,False,False
2026-01-25 13:50:00,,,,False,False
2026-01-25 13:55:00,,,,False,False
2026-01-25 14:00:00,,,,False,False
2026-01-25 14:05:00,,,,False,False
2026-01-25 14:10:00,,,,False,False
2026-01-25 14:15:00,,,,False,False
2026-01-25 14:20:00,,,,False,False
2026-01-25 14:25:00,,,,False,False
2026-01-25 14:30:00,,,,False,False
2026-01-25 14:35:00,,,,False,False
2026-01-25 14:40:00,,,,False,False
2026-01-25 14:45:00,,,,False,False
2026-01-25 14:50:00,,,,False,False
2026-01-25 14:55:00,,,,False,False
2026-01-25 15:00:00,,,,False,False
2026-01-25 15:05:00,,,,False,False
2026-01-25 15:10:00,,,,False,False
2026-01-25 15:15:00,,,,False,False
2026-01-25 15:20:00,,,,False,False
2026-01-25 15:25:00,,,,False,False
2026-01-25 15:30:00,,,,False,False
2026-01-25 15:35:00,,,,False,False
2026-01-25 15:40:00,,,,False,False
2026-01-25 15:45:00,,,,False,False
2026-01-25 15:50:00,,,,False,False
2026-01-25 15:55:00,,,,False,False
2026-01-25 16:00:00,,,,False,False
2026-01-25 16:05:00,,,,False,False
2026-01-25 16:10:00,,,,False,False
2026-01-25 16:15:00,,,,False,False
2026-01-25 16:20:00,,,,False,False
2026-01-25 16:25:00,,,,False,False
2026-01-25 16:30:00,,,,False,False
2026-01-25 16:35:00,,,,False,False
2026-01-25 16:40:00,,,,False,False
2026-01-25 16:45:00,,,,False,False
2026-01-25 16:50:00,,,,False,False
2026-01-25 16:55:00,,,,False,False
2026-01-25 17:00:00,,,,False,False
2026-01-25 17:05:00,,,,False,False
2026-01-25 17:10:00,,,,False,False
2026-01-25 17:15:00,,,,False,False
2026-01-25 17:20:00,,,,False,False
2026-01-25 17:25:00,,,,False,False
2026-01-25 17:30:00,,,,False,False
2026-01-25 17:35:00,,,,False,False
2026-01-25 17:40:00,,,,False,False
2026-01-25 17:45:00,,,,False,False
2026-01-25 17:50:00,,,,False,False
2026-01-25 17:55:00,,,,False,False
2026-01-25 18:00:00,,,,False,False
2026-01-25 18:05:00,,,,False,False
2026-01-25 18:10:00,,,,False,False
2026-01-25 18:15:00,,,,False,False
2026-01-25 18:20:00,,,,False,False
2026-01-25 18:25:00,,,,False,False
2026-01-25 18:30:00,,,,False,False
2026-01-25 18:35:00,,,,False,False
2026-01-25 18:40:00,,,,False,False
2026-01-25 18:45:00,,,,False,False
2026-01-25 18:50:00,,,,False,False
2026-01-25 18:55:00,,,,False,False
2026-01-25 19:00:00,,,,False,False
2026-01-25 19:05:00,,,,False,False
2026-01-25 19:10:00,,,,False,False
2026-01-25 19:15:00,,,,False,False
2026-01-25 19:20:00,,,,False,False
2026-01-25 19:25:00,,,,False,False
2026-01-25 19:30:00,,,,False,False
2026-01-25 19:35:00,,,,False,False
2026-01-25 19:40:00,,,,False,False
2026-01-25 19:45:00,,,,False,False
2026-01-25 19:50:00,,,,False,False
2026-01-25 19:55:00,,,,False,False
2026-01-25 20:00:00,,,,False,False
2026-01-25 20:05:00,,,,False,False
2026-01-25 20:10:00,,,,False,False
2026-01-25 20:15:00,,,,False,False
2026-01-25 20:20:00,,,,False,False
2026-01-25 20:25:00,,,,False,False
2026-01-25 20:30:00,,,,False,False
2026-01-25 20:35:00,,,,False,False
2026-01-25 20:40:00,,,,False,False
2026-01-25 20:45:00,,,,False,False
2026-01-25 20:50:00,,,,False,False
2026-01-25 20:55:00,,,,False,False
2026-01-25 21:00:00,,,,False,False
2026-01-25 21:05:00,,,,False,False
2026-01-25 21:10:00,,,,False,False
2026-01-25 21:15:00,,,,False,False
2026-01-25 21:20:00,,,,False,False
2026-01-25 21:25:00,,,,False,False
2026-01-25 21:30:00,,,,False,False
2026-01-25 21:35:00,,,,False,False
2026-01-25 21:40:00,,,,False,False
2026-01-25 21:45:00,,,,False,False
2026-01-25 21:50:00,,,,False,False
2026-01-25 21:55:00,,,,False,False
2026-01-25 22:00:00,,,,False,False
2026-01-25 22:05:00,,,,False,False
2026-01-25 22:10:00,,,,False,False
2026-01-25 22:15:00,,,,False,False
2026-01-25 22:20:00,,,,False,False
2026-01-25 22:25:00,,,,False,False
2026-01-25 22:30:00,,,,False,False
2026-01-25 22:35:00,,,,False,False
2026-01-25 22:40:00,,,,False,False
2026-01-25 22:45:00,,,,False,False
2026-01-25 22:50:00,,,,False,False
2026-01-25 22:55:00,,,,False,False
2026-01-25 23:00:00,,,,False,False
2026-01-25 23:05:00,,,,False,False
2026-01-25 23:10:00,,,,False,False
2026-01-25 23:15:00,,,,False,False
2026-01-25 23:20:00,,,,False,False
2026-01-25 23:25:00,,,,False,False
2026-01-25 23:30:00,,,,False,False
2026-01-25 23:35:00,,,,False,False
2026-01-25 23:40:00,,,,False,False
2026-01-25 23:45:00,,,,False,False
2026-01-25 23:50:00,,,,False,False
2026-01-25 23:55:00,,,,False,False
2026-01-26 00:00:00,,,,False,False
2026-01-26 00:05:00,,,,False,False
2026-01-26 00:10:00,,,,False,False
2026-01-26 00:15:00,,,,False,False
2026-01-26 00:20:00,,,,False,False
2026-01-26 00:25:00,,,,False,False
2026-01-26 00:30:00,,,,False,False
2026-01-26 00:35:00,,,,False,False
2026-01-26 00:40:00,,,,False,False
2026-01-26 00:45:00,,,,False,False
2026-01-26 00:50:00,,,,False,False
2026-01-26 00:55:00,,,,False,False
2026-01-26 01:00:00,,,,False,False
2026-01-26 01:05:00,,,,False,False
2026-01-26 01:10:00,,,,False,False
2026-01-26 01:15:00,,,,False,False
2026-01-26 01:20:00,,,,False,False
2026-01-26 01:25:00,,,,False,False
2026-01-26 01:30:00,,,,False,False
2026-01-26 01:35:00,,,,False,False
2026-01-26 01:40:00,,,,False,False
2026-01-26 01:45:00,,,,False,False
2026-01-26 01:50:00,,,,False,False
2026-01-26 01:55:00,,,,False,False
2026-01-26 02:00:00,,,,False,False
2026-01-26 02:05:00,,,,False,False
2026-01-26 02:10:00,,,,False,False
2026-01-26 02:15:00,,,,False,False
2026-01-26 02:20:00,,,,False,False
2026-01-26 02:25:00,,,,False,False
2026-01-26 02:30:00,,,,False,False
2026-01-26 02:35:00,,,,False,False
2026-01-26 02:40:00,,,,False,False
2026-01-26 02:45:00,,,,False,False
2026-01-26 02:50:00,,,,False,False
2026-01-26 02:55:00,,,,False,False
2026-01-26 03:00:00,,,,False,False
2026-01-26 03:05:00,,,,False,False
2026-01-26 03:10:00,,,,False,False
2026-01-26 03:15:00,,,,False,False
2026-01-26 03:20:00,,,,False,False
2026-01-26 03:25:00,,,,False,False
2026-01-26 03:30:00,,,,False,False
2026-01-26 03:35:00,,,,False,False
2026-01-26 03:40:00,,,,False,False
2026-01-26 03:45:00,,,,False,False
2026-01-26 03:50:00,,,,False,False
2026-01-26 03:55:00,,,,False,False
2026-01-26 04:00:00,,,,False,False
2026-01-26 04:05:00,,,,False,False
2026-01-26 04:10:00,,,,False,False
2026-01-26 04:15:00,,,,False,False
2026-01-26 04:20:00,,,,False,False
2026-01-26 04:25:00,,,,False,False
2026-01-26 04:30:00,,,,False,False
2026-01-26 04:35:00,,,,False,False
2026-01-26 04:40:00,,,,False,False
2026-01-26 04:45:00,,,,False,False
2026-01-26 04:50:00,,,,False,False
2026-01-26 04:55:00,,,,False,False
2026-01-26 05:00:00,,,,False,False
2026-01-26 05:05:00,,,,False,False
2026-01-26 05:10:00,,,,False,False
2026-01-26 05:15:00,,,,False,False
2026-01-26 05:20:00,,,,False,False
2026-01-26 05:25:00,,,,False,False
2026-01-26 05:30:00,,,,False,False
2026-01-26 05:35:00,,,,False,False
2026-01-26 05:40:00,,,,False,False
2026-01-26 05:45:00,,,,False,False
2026-01-26 05:50:00,,,,False,False
2026-01-26 05:55:00,,,,False,False
2026-01-26 06:00:00,,,,False,False
2026-01-26 06:05:00,,,,False,False
2026-01-26 06:10:00,,,,False,False
2026-01-26 06:15:00,,,,False,False
2026-01-26 06:20:00,,,,False,False
2026-01-26 06:25:00,,,,False,False
2026-01-26 06:30:00,,,,False,False
2026-01-26 06:35:00,,,,False,False
2026-01-26 06:40:00,,,,False,False
2026-01-26 06:45:00,,,,False,False
2026-01-26 06:50:00,,,,False,False
2026-01-26 06:55:00,,,,False,False
2026-01-26 07:00:00,,,,False,False
2026-01-26 07:05:00,,,,False,False
2026-01-26 07:10:00,,,,False,False
2026-01-26 07:15:00,,,,False,False
2026-01-26 07:20:00,,,,False,False
2026-01-26 07:25:00,,,,False,False
2026-01-26 07:30:00,,,,False,False
2026-01-26 07:35:00,,,,False,False
2026-01-26 07:40:00,,,,False,False
2026-01-26 07:45:00,,,,False,False
2026-01-26 07:50:00,,,,False,False
2026-01-26 07:55:00,,,,False,False
2026-01-26 08:00:00,,,,False,False
2026-01-26 08:05:00,,,,False,False
2026-01-26 08:10:00,,,,False,False
2026-01-26 08:15:00,,,,False,False
2026-01-26 08:20:00,,,,False,False
2026-01-26 08:25:00,,,,False,False
2026-01-26 08:30:00,,,,False,False
2026-01-26 08:35:00,,,,False,False
2026-01-26 08:40:00,,,,False,False
2026-01-26 08:45:00,,,,False,False
2026-01-26 08:50:00,,,,False,False
2026-01-26 08:55:00,,,,False,False
2026-01-26 09:00:00,,,,False,False
2026-01-26 09:05:00,,,,False,False
2026-01-26 09:10:00,,,,False,False
2026-01-26 09:15:00,,,,False,False
2026-01-26 09:20:00,,,,False,False
2026-01-26 09:25:00,,,,False,False
2026-01-26 09:30:00,,,,False,False
2026-01-26 09:35:00,,,,False,False
2026-01-26 09:40:00,,,,False,False
2026-01-26 09:45:00,,,,False,False
2026-01-26 09:50:00,,,,False,False
2026-01-26 09:55:00,,,,False,False
2026-01-26 10:00:00,,,,False,False
2026-01-26 10:05:00,,,,False,False
2026-01-26 10:10:00,,,,False,False
2026-01-26 10:15:00,,,,False,False
2026-01-26 10:20:00,,,,False,False
2026-01-26 10:25:00,,,,False,False
2026-01-26 10:30:00,,,,False,False
2026-01-26 10:35:00,,,,False,False
2026-01-26 10:40:00,,,,False,False
2026-01-26 10:45:00,,,,False,False
2026-01-26 10:50:00,,,,False,False
2026-01-26 10:55:00,,,,False,False
2026-01-26 11:00:00,,,,False,False
2026-01-26 11:05:00,,,,False,False
2026-01-26 11:10:00,,,,False,False
2026-01-26 11:15:00,,,,False,False
2026-01-26 11:20:00,,,,False,False
2026-01-26 11:25:00,,,,False,False
2026-01-26 11:30:00,,,,False,False
2026-01-26 11:35:00,,,,False,False
2026-01-26 11:40:00,,,,False,False
2026-01-26 11:45:00,,,,False,False
2026-01-26 11:50:00,,,,False,False
2026-01-26 11:55:00,,,,False,False
2026-01-26 12:00:00,,,,False,False
2026-01-26 12:05:00,,,,False,False
2026-01-26 12:10:00,,,,False,False
2026-01-26 12:15:00,,,,False,False
2026-01-26 12:20:00,,,,False,False
2026-01-26 12:25:00,,,,False,False
2026-01-26 12:30:00,,,,False,False
2026-01-26 12:35:00,,,,False,False
2026-01-26 12:40:00,,,,False,False
2026-01-26 12:45:00,,,,False,False
2026-01-26 12:50:00,,,,False,False
2026-01-26 12:55:00,,,,False,False
2026-01-26 13:00:00,,,,False,False
2026-01-26 13:05:00,,,,False,False
2026-01-26 13:10:00,,,,False,False
2026-01-26 13:15:00,,,,False,False
2026-01-26 13:20:00,,,,False,False
2026-01-26 13:25:00,,,,False,False
2026-01-26 13:30:00,,,,False,False
2026-01-26 13:35:00,,,,False,False
2026-01-26 13:40:00,,,,False,False
2026-01-26 13:45:00,,,,False,False
2026-01-26 13:50:00,,,,False,False
2026-01-26 13:55:00,,,,False,False
2026-01-26 14:00:00,,,,False,False
2026-01-26 14:05:00,,,,False,False
2026-01-26 14:10:00,,,,False,False
2026-01-26 14:15:00,,,,False,False
2026-01-26 14:20:00,,,,False,False
2026-01-26 14:25:00,,,,False,False
2026-01-26 14:30:00,,,,False,False
2026-01-26 14:35:00,,,,False,False
2026-01-26 14:40:00,,,,False,False
2026-01-26 14:45:00,,,,False,False
2026-01-26 14:50:00,,,,False,False
2026-01-26 14:55:00,,,,False,False
2026-01-26 15:00:00,,,,False,False
2026-01-26 15:05:00,,,,False,False
2026-01-26 15:10:00,,,,False,False
2026-01-26 15:15:00,,,,False,False
2026-01-26 15:20:00,,,,False,False
2026-01-26 15:25:00,,,,False,False
2026-01-26 15:30:00,,,,False,False
2026-01-26 15:35:00,,,,False,False
2026-01-26 15:40:00,,,,False,False
2026-01-26 15:45:00,,,,False,False
2026-01-26 15:50:00,,,,False,False
2026-01-26 15:55:00,,,,False,False
2026-01-26 16:00:00,,,,False,False
2026-01-26 16:05:00,,,,False,False
2026-01-26 16:10:00,,,,False,False
2026-01-26 16:15:00,,,,False,False
2026-01-26 16:20:00,,,,False,False
2026-01-26 16:25:00,,,,False,False
2026-01-26 16:30:00,,,,False,False
2026-01-26 16:35:00,,,,False,False
2026-01-26 16:40:00,,,,False,False
2026-01-26 16:45:00,,,,False,False
2026-01-26 16:50:00,,,,False,False
2026-01-26 16:55:00,,,,False,False
2026-01-26 17:00:00,,,,False,False
2026-01-26 17:05:00,,,,False,False
2026-01-26 17:10:00,,,,False,False
2026-01-26 17:15:00,,,,False,False
2026-01-26 17:20:00,,,,False,False
2026-01-26 17:25:00,,,,False,False
2026-01-26 17:30:00,,,,False,False
2026-01-26 17:35:00,,,,False,False
2026-01-26 17:40:00,,,,False,False
2026-01-26 17:45:00,,,,False,False
2026-01-26 17:50:00,,,,False,False
2026-01-26 17:55:00,,,,False,False
2026-01-26 18:00:00,,,,False,False
2026-01-26 18:05:00,,,,False,False
2026-01-26 18:10:00,,,,False,False
2026-01-26 18:15:00,,,,False,False
2026-01-26 18:20:00,,,,False,False
2026-01-26 18:25:00,,,,False,False
2026-01-26 18:30:00,,,,False,False
2026-01-26 18:35:00,,,,False,False
2026-01-26 18:40:00,,,,False,False
2026-01-26 18:45:00,,,,False,False
2026-01-26 18:50:00,,,,False,False
2026-01-26 18:55:00,,,,False,False
2026-01-26 19:00:00,,,,False,False
2026-01-26 19:05:00,,,,False,False
2026-01-26 19:10:00,,,,False,False
2026-01-26 19:15:00,,,,False,False
2026-01-26 19:20:00,,,,False,False
2026-01-26 19:25:00,,,,False,False
2026-01-26 19:30:00,,,,False,False
2026-01-26 19:35:00,,,,False,False
2026-01-26 19:40:00,,,,False,False
2026-01-26 19:45:00,,,,False,False
2026-01-26 19:50:00,,,,False,False
2026-01-26 19:55:00,,,,False,False
2026-01-26 20:00:00,,,,False,False
2026-01-26 20:05:00,,,,False,False
2026-01-26 20:10:00,,,,False,False
2026-01-26 20:15:00,,,,False,False
2026-01-26 20:20:00,,,,False,False
2026-01-26 20:25:00,,,,False,False
2026-01-26 20:30:00,,,,False,False
2026-01-26 20:35:00,,,,False,False
2026-01-26 20:40:00,,,,False,False
2026-01-26 20:45:00,,,,False,False
2026-01-26 20:50:00,,,,False,False
2026-01-26 20:55:00,,,,False,False
2026-01-26 21:00:00,,,,False,False
2026-01-26 21:05:00,,,,False,False
2026-01-26 21:10:00,,,,False,False
2026-01-26 21:15:00,,,,False,False
2026-01-26 21:20:00,,,,False,False
2026-01-26 21:25:00,,,,False,False
2026-01-26 21:30:00,,,,False,False
2026-01-26 21:35:00,,,,False,False
2026-01-26 21:40:00,,,,False,False
2026-01-26 21:45:00,,,,False,False
2026-01-26 21:50:00,,,,False,False
2026-01-26 21:55:00,,,,False,False
2026-01-26 22:00:00,,,,False,False
2026-01-26 22:05:00,,,,False,False
2026-01-26 22:10:00,,,,False,False
2026-01-26 22:15:00,,,,False,False
2026-01-26 22:20:00,,,,False,False
2026-01-26 22:25:00,,,,False,False
2026-01-26 22:30:00,,,,False,False
2026-01-26 22:35:00,,,,False,False
2026-01-26 22:40:00,,,,False,False
2026-01-26 22:45:00,,,,False,False
2026-01-26 22:50:00,,,,False,False
2026-01-26 22:55:00,,,,False,False
2026-01-26 23:00:00,,,,False,False
2026-01-26 23:05:00,,,,False,False
2026-01-26 23:10:00,,,,False,False
2026-01-26 23:15:00,,,,False,False
2026-01-26 23:20:00,,,,False,False
2026-01-26 23:25:00,,,,False,False
2026-01-26 23:30:00,,,,False,False
2026-01-26 23:35:00,,,,False,False
2026-01-26 23:40:00,,,,False,False
2026-01-26 23:45:00,,,,False,False
2026-01-26 23:50:00,,,,False,False
2026-01-26 23:55:00,,,,False,False
2026-01-27 00:00:00,,,,False,False
2026-01-27 00:05:00,,,,False,False
2026-01-27 00:10:00,,,,False,False
2026-01-27 00:15:00,,,,False,False
2026-01-27 00:20:00,,,,False,False
2026-01-27 00:25:00,,,,False,False
2026-01-27 00:30:00,,,,False,False
2026-01-27 00:35:00,,,,False,False
2026-01-27 00:40:00,,,,False,False
2026-01-27 00:45:00,,,,False,False
2026-01-27 00:50:00,,,,False,False
2026-01-27 00:55:00,,,,False,False
2026-01-27 01:00:00,,,,False,False
2026-01-27 01:05:00,,,,False,False
2026-01-27 01:10:00,,,,False,False
2026-01-27 01:15:00,,,,False,False
2026-01-27 01:20:00,,,,False,False
2026-01-27 01:25:00,,,,False,False
2026-01-27 01:30:00,,,,False,False
2026-01-27 01:35:00,,,,False,False
2026-01-27 01:40:00,,,,False,False
2026-01-27 01:45:00,,,,False,False
2026-01-27 01:50:00,,,,False,False
2026-01-27 01:55:00,,,,False,False
2026-01-27 02:00:00,,,,False,False
2026-01-27 02:05:00,,,,False,False
2026-01-27 02:10:00,,,,False,False
2026-01-27 02:15:00,,,,False,False
2026-01-27 02:20:00,,,,False,False
2026-01-27 02:25:00,,,,False,False
2026-01-27 02:30:00,,,,False,False
2026-01-27 02:35:00,,,,False,False
2026-01-27 02:40:00,,,,False,False
2026-01-27 02:45:00,,,,False,False
2026-01-27 02:50:00,,,,False,False
2026-01-27 02:55:00,,,,False,False
2026-01-27 03:00:00,,,,False,False
2026-01-27 03:05:00,,,,False,False
2026-01-27 03:10:00,,,,False,False
2026-01-27 03:15:00,,,,False,False
2026-01-27 03:20:00,,,,False,False
2026-01-27 03:25:00,,,,False,False
2026-01-27 03:30:00,,,,False,False
2026-01-27 03:35:00,,,,False,False
2026-01-27 03:40:00,,,,False,False
2026-01-27 03:45:00,,,,False,False
2026-01-27 03:50:00,,,,False,False
2026-01-27 03:55:00,,,,False,False
2026-01-27 04:00:00,,,,False,False
2026-01-27 04:05:00,,,,False,False
2026-01-27 04:10:00,,,,False,False
2026-01-27 04:15:00,,,,False,False
2026-01-27 04:20:00,,,,False,False
2026-01-27 04:25:00,,,,False,False
2026-01-27 04:30:00,,,,False,False
2026-01-27 04:35:00,,,,False,False
2026-01-27 04:40:00,,,,False,False
2026-01-27 04:45:00,,,,False,False
2026-01-27 04:50:00,,,,False,False
2026-01-27 04:55:00,,,,False,False
2026-01-27 05:00:00,,,,False,False
2026-01-27 05:05:00,,,,False,False
2026-01-27 05:10:00,,,,False,False
2026-01-27 05:15:00,,,,False,False
2026-01-27 05:20:00,,,,False,False
2026-01-27 05:25:00,,,,False,False
2026-01-27 05:30:00,,,,False,False
2026-01-27 05:35:00,,,,False,False
2026-01-27 05:40:00,,,,False,False
2026-01-27 05:45:00,,,,False,False
2026-01-27 05:50:00,,,,False,False
2026-01-27 05:55:00,,,,False,False
2026-01-27 06:00:00,,,,False,False
2026-01-27 06:05:00,,,,False,False
2026-01-27 06:10:00,,,,False,False
2026-01-27 06:15:00,,,,False,False
2026-01-27 06:20:00,,,,False,False
2026-01-27 06:25:00,,,,False,False
2026-01-27 06:30:00,,,,False,False
2026-01-27 06:35:00,,,,False,False
2026-01-27 06:40:00,,,,False,False
2026-01-27 06:45:00,,,,False,False
2026-01-27 06:50:00,,,,False,False
2026-01-27 06:55:00,,,,False,False
2026-01-27 07:00:00,,,,False,False
2026-01-27 07:05:00,,,,False,False
2026-01-27 07:10:00,,,,False,False
2026-01-27 07:15:00,,,,False,False
2026-01-27 07:20:00,,,,False,False
2026-01-27 07:25:00,,,,False,False
2026-01-27 07:30:00,,,,False,False
2026-01-27 07:35:00,,,,False,False
2026-01-27 07:40:00,,,,False,False
2026-01-27 07:45:00,,,,False,False
2026-01-27 07:50:00,,,,False,False
2026-01-27 07:55:00,,,,False,False
2026-01-27 08:00:00,,,,False,False
2026-01-27 08:05:00,,,,False,False
2026-01-27 08:10:00,,,,False,False
2026-01-27 08:15:00,,,,False,False
2026-01-27 08:20:00,,,,False,False
2026-01-27 08:25:00,,,,False,False
2026-01-27 08:30:00,,,,False,False
2026-01-27 08:35:00,,,,False,False
2026-01-27 08:40:00,,,,False,False
2026-01-27 08:45:00,,,,False,False
2026-01-27 08:50:00,,,,False,False
2026-01-27 08:55:00,,,,False,False
2026-01-27 09:00:00,,,,False,False
2026-01-27 09:05:00,,,,False,False
2026-01-27 09:10:00,,,,False,False
2026-01-27 09:15:00,27-01-2026 09:15,25113.05,0.52453,True,False
2026-01-27 09:20:00,27-01-2026 09:20,24981.3,0.60764,True,False
2026-01-27 09:25:00,27-01-2026 09:25,24940.7,,True,True
2026-01-27 09:30:00,27-01-2026 09:30,24944.4,0.63551,True,False
2026-01-27 09:35:00,27-01-2026 09:35,25018.3,0.57595,True,False
2026-01-27 09:40:00,27-01-2026 09:40,25090.85,0.53745,True,False
2026-01-27 09:45:00,27-01-2026 09:45,25142.05,0.49461,True,False
2026-01-27 09:50:00,27-01-2026 09:50,25142.45,0.50094,True,False
2026-01-27 09:55:00,27-01-2026 09:55,25130.4,0.51181,True,False
2026-01-27 10:00:00,27-01-2026 10:00,25139.8,0.51008,True,False
2026-01-27 10:05:00,27-01-2026 10:05,25125.85,0.51932,True,False
2026-01-27 10:10:00,27-01-2026 10:10,25088.75,0.53178,True,False
2026-01-27 10:15:00,27-01-2026 10:15,25129.65,0.51171,True,False
2026-01-27 10:20:00,27-01-2026 10:20,25170.2,0.49493,True,False
2026-01-27 10:25:00,27-01-2026 10:25,25164.05,0.50273,True,False
2026-01-27 10:30:00,27-01-2026 10:30,25123.35,,True,True
2026-01-27 10:35:00,27-01-2026 10:35,25122.35,0.54057,True,False
2026-01-27 10:40:00,27-01-2026 10:40,25095.65,0.57223,True,False
2026-01-27 10:45:00,27-01-2026 10:45,25027.6,0.61343,True,False
2026-01-27 10:50:00,27-01-2026 10:50,25020.95,0.63393,True,False
2026-01-27 10:55:00,27-01-2026 10:55,24997.0,0.64794,True,False
2026-01-27 11:00:00,27-01-2026 11:00,24984.95,0.66918,True,False
2026-01-27 11:05:00,27-01-2026 11:05,25008.55,0.65624,True,False
2026-01-27 11:10:00,27-01-2026 11:10,25017.35,0.66031,True,False
2026-01-27 11:15:00,27-01-2026 11:15,25024.0,0.65096,True,False
2026-01-27 11:20:00,27-01-2026 11:20,25044.9,0.63522,True,False
2026-01-27 11:25:00,27-01-2026 11:25,25036.65,0.63827,True,False
2026-01-27 11:30:00,27-01-2026 11:30,25078.55,,True,True
2026-01-27 11:35:00,27-01-2026 11:35,25074.65,0.60544,True,False
2026-01-27 11:40:00,27-01-2026 11:40,25088.45,0.59689,True,False
2026-01-27 11:45:00,27-01-2026 11:45,25159.6,0.54956,True,False
2026-01-27 11:50:00,27-01-2026 11:50,25103.25,0.59395,True,False
2026-01-27 11:55:00,27-01-2026 11:55,25084.4,0.60674,True,False
2026-01-27 12:00:00,27-01-2026 12:00,25100.25,0.60307,True,False
2026-01-27 12:05:00,27-01-2026 12:05,25122.5,,True,True
2026-01-27 12:10:00,27-01-2026 12:10,25117.85,0.59802,True,False
2026-01-27 12:15:00,27-01-2026 12:15,25117.6,0.62062,True,False
2026-01-27 12:20:00,27-01-2026 12:20,25109.2,0.62761,True,False
2026-01-27 12:25:00,27-01-2026 12:25,25134.2,,True,True
2026-01-27 12:30:00,27-01-2026 12:30,25098.2,0.66049,True,False
2026-01-27 12:35:00,27-01-2026 12:35,25099.65,0.66877,True,False
2026-01-27 12:40:00,27-01-2026 12:40,25084.95,,True,True
2026-01-27 12:45:00,27-01-2026 12:45,25083.9,,True,True
2026-01-27 12:50:00,27-01-2026 12:50,25065.25,,True,True
2026-01-27 12:55:00,27-01-2026 12:55,25094.45,0.71484,True,False
2026-01-27 13:00:00,27-01-2026 13:00,25087.35,0.72416,True,False
2026-01-27 13:05:00,27-01-2026 13:05,25077.3,0.74483,True,False
2026-01-27 13:10:00,27-01-2026 13:10,25078.6,0.75694,True,False
2026-01-27 13:15:00,27-01-2026 13:15,25088.55,0.76234,True,False
2026-01-27 13:20:00,27-01-2026 13:20,25085.9,,True,True
2026-01-27 13:25:00,27-01-2026 13:25,25098.05,0.78384,True,False
2026-01-27 13:30:00,27-01-2026 13:30,25112.65,0.79586,True,False
2026-01-27 13:35:00,27-01-2026 13:35,25095.5,0.8196,True,False
2026-01-27 13:40:00,27-01-2026 13:40,25049.05,0.90134,True,False
2026-01-27 13:45:00,27-01-2026 13:45,25044.1,,True,True
2026-01-27 13:50:00,27-01-2026 13:50,25054.3,0.94007,True,False
2026-01-27 13:55:00,27-01-2026 13:55,25040.65,0.97861,True,False
2026-01-27 14:00:00,27-01-2026 14:00,25042.35,0.96993,True,False
2026-01-27 14:05:00,27-01-2026 14:05,25010.6,1.0674,True,False
2026-01-27 14:10:00,27-01-2026 14:10,25041.35,1.05464,True,False
2026-01-27 14:15:00,27-01-2026 14:15,25034.25,1.08509,True,False
2026-01-27 14:20:00,27-01-2026 14:20,25028.4,1.10091,True,False
2026-01-27 14:25:00,27-01-2026 14:25,25022.0,1.1661,True,False
2026-01-27 14:30:00,27-01-2026 14:30,25040.85,1.2432,True,False
2026-01-27 14:35:00,27-01-2026 14:35,25042.95,1.22306,True,False
2026-01-27 14:40:00,27-01-2026 14:40,25097.55,1.16763,True,False
2026-01-27 14:45:00,27-01-2026 14:45,25108.1,1.23827,True,False
2026-01-27 14:50:00,27-01-2026 14:50,25122.3,,True,True
2026-01-27 14:55:00,27-01-2026 14:55,25143.55,1.2937,True,False
2026-01-27 15:00:00,27-01-2026 15:00,25118.0,1.40258,True,False
2026-01-27 15:05:00,27-01-2026 15:05,25134.65,1.45281,True,False
2026-01-27 15:10:00,27-01-2026 15:10,25154.95,1.58429,True,False
2026-01-27 15:15:00,27-01-2026 15:15,25174.85,,True,True
2026-01-27 15:20:00,27-01-2026 15:20,25198.1,2.00071,True,False
2026-01-27 15:25:00,27-01-2026 15:25,25242.4,2.66246,True,False
