id,value
07-01-2026 09:15||NIFTY27JAN2624100PE,0.16305705647370733
07-01-2026 09:15||NIFTY27JAN2625500CE,0.11347932828766556
07-01-2026 09:15||NIFTY27JAN2625800CE,0.10154067429539189
07-01-2026 09:20||NIFTY27JAN2624000PE,0.17000191754755228
07-01-2026 09:20||NIFTY27JAN2624200PE,0.15943565592632458
07-01-2026 09:20||NIFTY27JAN2624800PE,0.12815698268241188
07-01-2026 09:20||NIFTY27JAN2625000PE,0.11855352991157375
07-01-2026 09:20||NIFTY27JAN2625300CE,0.09965751798318878
07-01-2026 09:20||NIFTY27JAN2625400CE,0.10781499037285762
07-01-2026 09:20||NIFTY27JAN2625800CE,0.10788971758821725
07-01-2026 09:20||NIFTY27JAN2625900CE,0.10374120034326043
07-01-2026 09:25||NIFTY27JAN2624300PE,0.15419321391907637
07-01-2026 09:25||NIFTY27JAN2625100PE,0.11261440290262566
07-01-2026 09:25||NIFTY27JAN2625300CE,0.09388295878498232
07-01-2026 09:25||NIFTY27JAN2626500CE,0.08455460329967468
07-01-2026 09:30||NIFTY27JAN2623900PE,0.1767167464639547
07-01-2026 09:30||NIFTY27JAN2624300PE,0.15269105437608885
07-01-2026 09:30||NIFTY27JAN2625900CE,0.10228380416452452
07-01-2026 09:30||NIFTY27JAN2626400CE,0.08963944561819157
07-01-2026 09:35||NIFTY27JAN2623900PE,0.176984373964891
07-01-2026 09:35||NIFTY27JAN2624600PE,0.13724419805727833
07-01-2026 09:35||NIFTY27JAN2625100PE,0.11207974254484107
07-01-2026 09:35||NIFTY27JAN2625900CE,0.10395521823221635
07-01-2026 09:35||NIFTY27JAN2626100CE,0.0971514088896229
07-01-2026 09:40||NIFTY27JAN2625100PE,0.11370700315859669
07-01-2026 09:40||NIFTY27JAN2625600CE,0.08666592016551421
07-01-2026 09:40||NIFTY27JAN2625800CE,0.0867351535405221
07-01-2026 09:40||NIFTY27JAN2625900CE,0.0857800475113285
07-01-2026 09:40||NIFTY27JAN2626200CE,0.08354431226664441
07-01-2026 09:45||NIFTY27JAN2625000PE,0.11577898163499713
07-01-2026 09:45||NIFTY27JAN2625200CE,0.11896527903269481
07-01-2026 09:45||NIFTY27JAN2625900CE,0.09986985738592094
07-01-2026 09:45||NIFTY27JAN2626400CE,0.08927874169842466
07-01-2026 09:50||NIFTY27JAN2623800PE,0.18067493985798294
07-01-2026 09:50||NIFTY27JAN2624500PE,0.1411491811095252
07-01-2026 09:50||NIFTY27JAN2624900PE,0.12085169582122905
07-01-2026 09:50||NIFTY27JAN2625200CE,0.12429150991308018
07-01-2026 09:50||NIFTY27JAN2625500CE,0.10916126527435378
07-01-2026 09:50||NIFTY27JAN2625600CE,0.10625819071978838
07-01-2026 09:50||NIFTY27JAN2626400CE,0.08811862771626724
07-01-2026 09:55||NIFTY27JAN2624300PE,0.15158738413892725
07-01-2026 09:55||NIFTY27JAN2624700PE,0.13045868074868758
07-01-2026 09:55||NIFTY27JAN2625000PE,0.11519036714115985
07-01-2026 09:55||NIFTY27JAN2625500CE,0.12445550422011913
07-01-2026 09:55||NIFTY27JAN2625800CE,0.11114634001548836
07-01-2026 09:55||NIFTY27JAN2625900CE,0.10761632422131887
07-01-2026 10:00||NIFTY27JAN2624600PE,0.1373672838374759
07-01-2026 10:00||NIFTY27JAN2625000PE,0.11733829769086397
07-01-2026 10:00||NIFTY27JAN2625900CE,0.10263786944632942
07-01-2026 10:00||NIFTY27JAN2626100CE,0.09648890237165048
07-01-2026 10:00||NIFTY27JAN2626500CE,0.08703685885637119
07-01-2026 10:05||NIFTY27JAN2625200CE,0.06653652383988684
07-01-2026 10:05||NIFTY27JAN2625500CE,0.1090454447219491
07-01-2026 10:05||NIFTY27JAN2626300CE,0.09407831809274213
07-01-2026 10:10||NIFTY27JAN2623800PE,0.1856348225861704
07-01-2026 10:10||NIFTY27JAN2623900PE,0.17922030392624191
07-01-2026 10:10||NIFTY27JAN2624200PE,0.16083590908328746
07-01-2026 10:10||NIFTY27JAN2625500CE,0.10387335987555207
07-01-2026 10:10||NIFTY27JAN2625600CE,0.10426583542980469
07-01-2026 10:10||NIFTY27JAN2625700CE,0.10446844602234438
07-01-2026 10:10||NIFTY27JAN2625900CE,0.10258577928008175
07-01-2026 10:10||NIFTY27JAN2626000CE,0.10036596915954538
07-01-2026 10:15||NIFTY27JAN2623900PE,0.1786602277503339
07-01-2026 10:15||NIFTY27JAN2625700CE,0.09234743013500267
07-01-2026 10:15||NIFTY27JAN2626100CE,0.08667068572016212
07-01-2026 10:15||NIFTY27JAN2626200CE,0.08577114753862529
07-01-2026 10:15||NIFTY27JAN2626500CE,0.08277645124118944
07-01-2026 10:20||NIFTY27JAN2624000PE,0.1722619224615446
07-01-2026 10:20||NIFTY27JAN2624200PE,0.16152263762172947
07-01-2026 10:20||NIFTY27JAN2624300PE,0.1559525695140051
07-01-2026 10:20||NIFTY27JAN2624500PE,0.14515175286072707
07-01-2026 10:20||NIFTY27JAN2625500CE,0.11304386598646282
07-01-2026 10:20||NIFTY27JAN2625700CE,0.10211839612286365
07-01-2026 10:20||NIFTY27JAN2626100CE,0.09029124839976384
07-01-2026 10:25||NIFTY27JAN2624000PE,0.1708598685273878
07-01-2026 10:25||NIFTY27JAN2624100PE,0.16547816443623486
07-01-2026 10:25||NIFTY27JAN2625600CE,0.0956973630315511
07-01-2026 10:25||NIFTY27JAN2625700CE,0.09483172794375112
07-01-2026 10:25||NIFTY27JAN2626100CE,0.08959409468775856
07-01-2026 10:30||NIFTY27JAN2624200PE,0.15928172745121055
07-01-2026 10:30||NIFTY27JAN2625100PE,0.11019962090194196
07-01-2026 10:30||NIFTY27JAN2625500CE,0.11701206369858001
07-01-2026 10:30||NIFTY27JAN2625600CE,0.11140771538494984
07-01-2026 10:30||NIFTY27JAN2626000CE,0.09543701451997313
07-01-2026 10:30||NIFTY27JAN2626200CE,0.0910590500334806
07-01-2026 10:30||NIFTY27JAN2626300CE,0.08943928801777823
07-01-2026 10:35||NIFTY27JAN2623800PE,0.18191818923601832
07-01-2026 10:35||NIFTY27JAN2624200PE,0.15908862187820427
07-01-2026 10:35||NIFTY27JAN2624500PE,0.14260700514752472
07-01-2026 10:35||NIFTY27JAN2625000PE,0.11622597558010833
07-01-2026 10:35||NIFTY27JAN2625400CE,0.12340637674703007
07-01-2026 10:35||NIFTY27JAN2625500CE,0.11638549520668047
07-01-2026 10:35||NIFTY27JAN2626100CE,0.0944561782577133
07-01-2026 10:35||NIFTY27JAN2626300CE,0.09073362224362999
07-01-2026 10:40||NIFTY27JAN2623900PE,0.1773736687911811
07-01-2026 10:40||NIFTY27JAN2624900PE,0.12224037723746206
07-01-2026 10:40||NIFTY27JAN2625100PE,0.11166653454981962
07-01-2026 10:40||NIFTY27JAN2625200CE,0.13193709316804259
07-01-2026 10:40||NIFTY27JAN2625400CE,0.1167345340829213
07-01-2026 10:40||NIFTY27JAN2625600CE,0.10622985059981747
07-01-2026 10:40||NIFTY27JAN2625800CE,0.09986870373821079
07-01-2026 10:40||NIFTY27JAN2626100CE,0.092727556914826
07-01-2026 10:40||NIFTY27JAN2626300CE,0.0889057394410918
07-01-2026 10:45||NIFTY27JAN2624000PE,0.17073462723196714
07-01-2026 10:45||NIFTY27JAN2625100PE,0.11162129306534838
07-01-2026 10:45||NIFTY27JAN2625300CE,0.1194889494322704
07-01-2026 10:45||NIFTY27JAN2626000CE,0.09467997771342593
07-01-2026 10:45||NIFTY27JAN2626400CE,0.0871119296444334
07-01-2026 10:50||NIFTY27JAN2623900PE,0.1765511427386319
07-01-2026 10:50||NIFTY27JAN2624200PE,0.1599075543956276
07-01-2026 10:50||NIFTY27JAN2625600CE,0.1128209953527803
07-01-2026 10:50||NIFTY27JAN2625800CE,0.10411378361705377
07-01-2026 10:55||NIFTY27JAN2624300PE,0.15571262305892397
07-01-2026 10:55||NIFTY27JAN2624900PE,0.12349241456794059
07-01-2026 10:55||NIFTY27JAN2625500CE,0.1026966912758894
07-01-2026 11:00||NIFTY27JAN2624200PE,0.16073993788465074
07-01-2026 11:00||NIFTY27JAN2626500CE,0.08797145535724492
07-01-2026 11:05||NIFTY27JAN2624300PE,0.156511961121979
07-01-2026 11:05||NIFTY27JAN2624600PE,0.14036310312981456
07-01-2026 11:05||NIFTY27JAN2624800PE,0.1298760156867315
07-01-2026 11:05||NIFTY27JAN2625200CE,0.015125156919368908
07-01-2026 11:05||NIFTY27JAN2626000CE,0.0948536503165154
07-01-2026 11:05||NIFTY27JAN2626200CE,0.08999619913980109
07-01-2026 11:10||NIFTY27JAN2624400PE,0.1497359020466767
07-01-2026 11:10||NIFTY27JAN2624800PE,0.128827326109887
07-01-2026 11:10||NIFTY27JAN2625200CE,0.11166770969470355
07-01-2026 11:10||NIFTY27JAN2625500CE,0.10877431266529773
07-01-2026 11:10||NIFTY27JAN2625700CE,0.10080290171410133
07-01-2026 11:10||NIFTY27JAN2625900CE,0.09479292354766594
07-01-2026 11:10||NIFTY27JAN2626300CE,0.08673551251592809
07-01-2026 11:15||NIFTY27JAN2624000PE,0.17100906128469506
07-01-2026 11:15||NIFTY27JAN2624800PE,0.1273638234773227
07-01-2026 11:15||NIFTY27JAN2625400CE,0.12129812021713855
07-01-2026 11:15||NIFTY27JAN2626100CE,0.09444571313151412
07-01-2026 11:15||NIFTY27JAN2626300CE,0.09077783960149814
07-01-2026 11:20||NIFTY27JAN2623800PE,0.1822024521266423
07-01-2026 11:20||NIFTY27JAN2624200PE,0.15991825511527474
07-01-2026 11:20||NIFTY27JAN2624900PE,0.12215520586176974
07-01-2026 11:20||NIFTY27JAN2625300CE,0.12935351467259293
07-01-2026 11:20||NIFTY27JAN2625700CE,0.10065676291048423
07-01-2026 11:20||NIFTY27JAN2626000CE,0.09188927109716245
07-01-2026 11:25||NIFTY27JAN2623800PE,0.18138858492418578
07-01-2026 11:25||NIFTY27JAN2624400PE,0.14816359922121275
07-01-2026 11:25||NIFTY27JAN2624800PE,0.12651280444833377
07-01-2026 11:25||NIFTY27JAN2625300CE,0.1361953680139625
07-01-2026 11:25||NIFTY27JAN2625700CE,0.10615064459047756
07-01-2026 11:25||NIFTY27JAN2625800CE,0.10156360157325084
07-01-2026 11:25||NIFTY27JAN2625900CE,0.09796429428172955
07-01-2026 11:25||NIFTY27JAN2626000CE,0.09515403863481649
07-01-2026 11:25||NIFTY27JAN2626200CE,0.09093414876734157
07-01-2026 11:30||NIFTY27JAN2624300PE,0.15413692046963165
07-01-2026 11:30||NIFTY27JAN2624400PE,0.1486423296832418
07-01-2026 11:35||NIFTY27JAN2624900PE,0.12257058351828908
07-01-2026 11:35||NIFTY27JAN2626300CE,0.08705532120271697
07-01-2026 11:40||NIFTY27JAN2624000PE,0.17088770781637153
07-01-2026 11:40||NIFTY27JAN2624500PE,0.14307051534348472
07-01-2026 11:40||NIFTY27JAN2625200CE,0.1317806285588669
07-01-2026 11:40||NIFTY27JAN2625900CE,0.10084839325181182
07-01-2026 11:45||NIFTY27JAN2624000PE,0.17026264208732572
07-01-2026 11:45||NIFTY27JAN2625000PE,0.11576387233928992
07-01-2026 11:45||NIFTY27JAN2625500CE,0.11654190068930244
07-01-2026 11:45||NIFTY27JAN2625600CE,0.11171357705419245
07-01-2026 11:45||NIFTY27JAN2626400CE,0.08853132537969614
07-01-2026 11:50||NIFTY27JAN2624000PE,0.17018119294606204
07-01-2026 11:50||NIFTY27JAN2624600PE,0.13711810197958932
07-01-2026 11:50||NIFTY27JAN2625700CE,0.10278852080464956
07-01-2026 11:50||NIFTY27JAN2626400CE,0.08547441718255337
07-01-2026 11:55||NIFTY27JAN2623900PE,0.17563404830297535
07-01-2026 11:55||NIFTY27JAN2625200CE,0.14745825537219642
07-01-2026 11:55||NIFTY27JAN2625400CE,0.12364417657696693
07-01-2026 11:55||NIFTY27JAN2626100CE,0.09226414065816935
07-01-2026 11:55||NIFTY27JAN2626300CE,0.08871111524029661
07-01-2026 12:00||NIFTY27JAN2624300PE,0.1522956530679085
07-01-2026 12:00||NIFTY27JAN2624500PE,0.1412364047554614
07-01-2026 12:00||NIFTY27JAN2625500CE,0.11315566895790569
07-01-2026 12:00||NIFTY27JAN2625600CE,0.10909848083501127
07-01-2026 12:00||NIFTY27JAN2626400CE,0.08718030079799896
07-01-2026 12:05||NIFTY27JAN2624200PE,0.1575815373646356
07-01-2026 12:05||NIFTY27JAN2624300PE,0.15188585669024354
07-01-2026 12:05||NIFTY27JAN2625300CE,0.14531281101428672
07-01-2026 12:05||NIFTY27JAN2625900CE,0.10095982911523946
07-01-2026 12:05||NIFTY27JAN2626000CE,0.09784730009860614
07-01-2026 12:05||NIFTY27JAN2626300CE,0.09049226250736239
07-01-2026 12:05||NIFTY27JAN2626400CE,0.08873053325057209
07-01-2026 12:10||NIFTY27JAN2624000PE,0.1684927120890987
07-01-2026 12:10||NIFTY27JAN2625200CE,0.15818318619129806
07-01-2026 12:10||NIFTY27JAN2625600CE,0.11599467945108496
07-01-2026 12:10||NIFTY27JAN2626500CE,0.08778774354291224
07-01-2026 12:15||NIFTY27JAN2624300PE,0.15133930757746233
07-01-2026 12:15||NIFTY27JAN2625000PE,0.11491253267874842
07-01-2026 12:15||NIFTY27JAN2625100PE,0.1098840280098723
07-01-2026 12:15||NIFTY27JAN2625300CE,0.14945306729129626
07-01-2026 12:15||NIFTY27JAN2625500CE,0.12440676952137486
07-01-2026 12:15||NIFTY27JAN2625600CE,0.11690245919270305
07-01-2026 12:20||NIFTY27JAN2624000PE,0.16829077659160158
07-01-2026 12:20||NIFTY27JAN2624400PE,0.14573899529196307
07-01-2026 12:20||NIFTY27JAN2625100PE,0.11015152250241694
07-01-2026 12:20||NIFTY27JAN2626100CE,0.09537611271590174
07-01-2026 12:25||NIFTY27JAN2624400PE,0.14604579720050961
07-01-2026 12:25||NIFTY27JAN2624600PE,0.135643448740691
07-01-2026 12:25||NIFTY27JAN2624700PE,0.13058709517229528
07-01-2026 12:25||NIFTY27JAN2625300CE,0.13514378845435698
07-01-2026 12:25||NIFTY27JAN2626300CE,0.09000876886754237
07-01-2026 12:30||NIFTY27JAN2623800PE,0.17939324287939887
07-01-2026 12:30||NIFTY27JAN2624000PE,0.1682039886338098
07-01-2026 12:30||NIFTY27JAN2624100PE,0.16265167417612098
07-01-2026 12:30||NIFTY27JAN2624500PE,0.14136962611102388
07-01-2026 12:30||NIFTY27JAN2624600PE,0.1359875168944304
07-01-2026 12:30||NIFTY27JAN2625200CE,0.13774054977830075
07-01-2026 12:30||NIFTY27JAN2626300CE,0.09132579521432309
07-01-2026 12:35||NIFTY27JAN2625100PE,0.11002383721107303
07-01-2026 12:35||NIFTY27JAN2625300CE,0.12971993488125563
07-01-2026 12:35||NIFTY27JAN2625400CE,0.12205205824073576
07-01-2026 12:35||NIFTY27JAN2626300CE,0.09123410807347637
07-01-2026 12:35||NIFTY27JAN2626500CE,0.0871316641288743
07-01-2026 12:40||NIFTY27JAN2625100PE,0.11103389354504803
07-01-2026 12:40||NIFTY27JAN2625700CE,0.09890238500770675
07-01-2026 12:45||NIFTY27JAN2623800PE,0.17727251845414177
07-01-2026 12:45||NIFTY27JAN2624000PE,0.16640575822715853
07-01-2026 12:45||NIFTY27JAN2624900PE,0.11931156227552445
07-01-2026 12:45||NIFTY27JAN2625000PE,0.11436579258136051
07-01-2026 12:45||NIFTY27JAN2625800CE,0.10238076371193189
07-01-2026 12:45||NIFTY27JAN2626400CE,0.08761088820712173
07-01-2026 12:50||NIFTY27JAN2624400PE,0.14520023227630788
07-01-2026 12:50||NIFTY27JAN2624700PE,0.1292011693532152
07-01-2026 12:50||NIFTY27JAN2625100PE,0.10908706392068279
07-01-2026 12:50||NIFTY27JAN2626300CE,0.0904136798644494
07-01-2026 12:55||NIFTY27JAN2623800PE,0.17880006553183947
07-01-2026 12:55||NIFTY27JAN2623900PE,0.17320076157857514
07-01-2026 12:55||NIFTY27JAN2625100PE,0.10882383859962343
07-01-2026 12:55||NIFTY27JAN2625200CE,0.1302606302620706
07-01-2026 12:55||NIFTY27JAN2625300CE,0.12700321375061394
07-01-2026 13:00||NIFTY27JAN2624000PE,0.16852219909782692
07-01-2026 13:00||NIFTY27JAN2624400PE,0.14577421132582197
07-01-2026 13:00||NIFTY27JAN2624600PE,0.13484320011564946
07-01-2026 13:00||NIFTY27JAN2625300CE,0.12934173097478513
07-01-2026 13:00||NIFTY27JAN2625800CE,0.10492176253660178
07-01-2026 13:05||NIFTY27JAN2623900PE,0.17414360513278926
07-01-2026 13:05||NIFTY27JAN2624700PE,0.1299036865067982
07-01-2026 13:05||NIFTY27JAN2625200CE,0.12170554622870793
07-01-2026 13:05||NIFTY27JAN2625400CE,0.1173446665465744
07-01-2026 13:05||NIFTY27JAN2626100CE,0.0936764895992638
07-01-2026 13:10||NIFTY27JAN2624400PE,0.14597372499305403
07-01-2026 13:10||NIFTY27JAN2624700PE,0.13026503854479055
07-01-2026 13:10||NIFTY27JAN2625400CE,0.11772447627171788
07-01-2026 13:10||NIFTY27JAN2625900CE,0.09773101263722674
07-01-2026 13:10||NIFTY27JAN2626400CE,0.08671005246729856
07-01-2026 13:15||NIFTY27JAN2624600PE,0.13490418514260083
07-01-2026 13:15||NIFTY27JAN2625400CE,0.12058729016999595
07-01-2026 13:15||NIFTY27JAN2625500CE,0.11652040807468378
07-01-2026 13:15||NIFTY27JAN2625700CE,0.10836630588796016
07-01-2026 13:15||NIFTY27JAN2625800CE,0.10416313018780636
07-01-2026 13:15||NIFTY27JAN2626400CE,0.08784626619052069
07-01-2026 13:20||NIFTY27JAN2624000PE,0.16740337390600799
07-01-2026 13:20||NIFTY27JAN2624500PE,0.14017825541060958
07-01-2026 13:20||NIFTY27JAN2624800PE,0.12459584670072736
07-01-2026 13:20||NIFTY27JAN2624900PE,0.11948649704671085
07-01-2026 13:20||NIFTY27JAN2625000PE,0.1144085127324142
07-01-2026 13:20||NIFTY27JAN2626300CE,0.08707480846424373
07-01-2026 13:25||NIFTY27JAN2624200PE,0.15535859387511472
07-01-2026 13:25||NIFTY27JAN2624600PE,0.13345285704759272
07-01-2026 13:25||NIFTY27JAN2624700PE,0.1281569659411134
07-01-2026 13:25||NIFTY27JAN2625100PE,0.10792516784717805
07-01-2026 13:25||NIFTY27JAN2626300CE,0.08916900800552932
07-01-2026 13:25||NIFTY27JAN2626400CE,0.08756581597884813
07-01-2026 13:25||NIFTY27JAN2626500CE,0.08633120920843552
07-01-2026 13:30||NIFTY27JAN2624000PE,0.1662209493415679
07-01-2026 13:30||NIFTY27JAN2624400PE,0.14417869874656675
07-01-2026 13:30||NIFTY27JAN2624600PE,0.13303120944092892
07-01-2026 13:30||NIFTY27JAN2624900PE,0.11758364517284539
07-01-2026 13:30||NIFTY27JAN2625300CE,0.1373783844051426
07-01-2026 13:30||NIFTY27JAN2625700CE,0.10977364625086028
07-01-2026 13:30||NIFTY27JAN2625800CE,0.10477656249281733
07-01-2026 13:30||NIFTY27JAN2626500CE,0.0848039492875863
07-01-2026 13:35||NIFTY27JAN2623900PE,0.17268747784601537
07-01-2026 13:35||NIFTY27JAN2624200PE,0.1555027812663821
07-01-2026 13:35||NIFTY27JAN2624300PE,0.1499347810794806
07-01-2026 13:35||NIFTY27JAN2625100PE,0.10724579781101459
07-01-2026 13:35||NIFTY27JAN2625200CE,0.17261206838795085
07-01-2026 13:35||NIFTY27JAN2625300CE,0.15067963787813637
07-01-2026 13:40||NIFTY27JAN2624300PE,0.14965076514058712
07-01-2026 13:40||NIFTY27JAN2625000PE,0.1125614774127084
07-01-2026 13:40||NIFTY27JAN2625700CE,0.10939162828895087
07-01-2026 13:40||NIFTY27JAN2626100CE,0.0944046787940496
07-01-2026 13:45||NIFTY27JAN2623900PE,0.17247889181370984
07-01-2026 13:45||NIFTY27JAN2624200PE,0.15503439850092757
07-01-2026 13:45||NIFTY27JAN2624600PE,0.132820265045187
07-01-2026 13:45||NIFTY27JAN2625200CE,0.14515682493030063
07-01-2026 13:45||NIFTY27JAN2625400CE,0.13068739528833073
07-01-2026 13:50||NIFTY27JAN2623800PE,0.17843357385347527
07-01-2026 13:50||NIFTY27JAN2623900PE,0.1727188635661959
07-01-2026 13:50||NIFTY27JAN2624100PE,0.1612025597077811
07-01-2026 13:55||NIFTY27JAN2624400PE,0.14430051169396446
07-01-2026 13:55||NIFTY27JAN2625100PE,0.1075973568694586
07-01-2026 13:55||NIFTY27JAN2625300CE,0.13249404766956382
07-01-2026 13:55||NIFTY27JAN2625800CE,0.10780667919717345
07-01-2026 13:55||NIFTY27JAN2626400CE,0.0893670390791842
07-01-2026 14:00||NIFTY27JAN2623800PE,0.17799996837962812
07-01-2026 14:00||NIFTY27JAN2623900PE,0.17237743958923576
07-01-2026 14:00||NIFTY27JAN2625400CE,0.12028634866358623
07-01-2026 14:00||NIFTY27JAN2625500CE,0.11489430017455803
07-01-2026 14:00||NIFTY27JAN2625900CE,0.1016351336608843
07-01-2026 14:00||NIFTY27JAN2626200CE,0.09293150062711163
07-01-2026 14:05||NIFTY27JAN2624000PE,0.16691539771977865
07-01-2026 14:05||NIFTY27JAN2624200PE,0.15622606659524835
07-01-2026 14:05||NIFTY27JAN2624400PE,0.14515491489164842
07-01-2026 14:05||NIFTY27JAN2625900CE,0.09951523525725564
07-01-2026 14:05||NIFTY27JAN2626000CE,0.09635409029694357
07-01-2026 14:05||NIFTY27JAN2626300CE,0.08896748688725784
07-01-2026 14:10||NIFTY27JAN2623800PE,0.17738773072214914
07-01-2026 14:10||NIFTY27JAN2624000PE,0.16713877845098216
07-01-2026 14:10||NIFTY27JAN2624700PE,0.12957528820230152
07-01-2026 14:10||NIFTY27JAN2626100CE,0.09201768912531152
07-01-2026 14:10||NIFTY27JAN2626200CE,0.08960184631216529
07-01-2026 14:10||NIFTY27JAN2626400CE,0.08621592451696153
07-01-2026 14:15||NIFTY27JAN2625200CE,0.12534901239478105
07-01-2026 14:15||NIFTY27JAN2625600CE,0.10679324926158099
07-01-2026 14:15||NIFTY27JAN2625900CE,0.09588998960375067
07-01-2026 14:15||NIFTY27JAN2626200CE,0.08896071458523588
07-01-2026 14:20||NIFTY27JAN2623800PE,0.17732245905680993
07-01-2026 14:20||NIFTY27JAN2624500PE,0.13948751292342254
07-01-2026 14:20||NIFTY27JAN2625400CE,0.1197039044654656
07-01-2026 14:20||NIFTY27JAN2625700CE,0.10492895099648278
07-01-2026 14:20||NIFTY27JAN2626300CE,0.08792271175340577
07-01-2026 14:25||NIFTY27JAN2623900PE,0.1725809646060099
07-01-2026 14:25||NIFTY27JAN2625400CE,0.11898315047539083
07-01-2026 14:25||NIFTY27JAN2625700CE,0.10677876900569683
07-01-2026 14:25||NIFTY27JAN2625900CE,0.09950869216999333
07-01-2026 14:25||NIFTY27JAN2626300CE,0.08919753631641375
07-01-2026 14:30||NIFTY27JAN2624800PE,0.12412837025704646
07-01-2026 14:30||NIFTY27JAN2625100PE,0.1085916805890394
07-01-2026 14:30||NIFTY27JAN2625300CE,0.11591697618959987
07-01-2026 14:30||NIFTY27JAN2626300CE,0.08603504501951778
07-01-2026 14:35||NIFTY27JAN2624000PE,0.16646968033378
07-01-2026 14:35||NIFTY27JAN2624100PE,0.16154597703142767
07-01-2026 14:35||NIFTY27JAN2624400PE,0.14533513660074687
07-01-2026 14:35||NIFTY27JAN2624700PE,0.12912442155367274
07-01-2026 14:35||NIFTY27JAN2625000PE,0.11309916816872848
07-01-2026 14:35||NIFTY27JAN2626400CE,0.08771222549230402
07-01-2026 14:35||NIFTY27JAN2626500CE,0.08538159731932625
07-01-2026 14:40||NIFTY27JAN2623800PE,0.17641995255837162
07-01-2026 14:40||NIFTY27JAN2624100PE,0.16305822613259172
07-01-2026 14:40||NIFTY27JAN2625100PE,0.10742469221358349
07-01-2026 14:40||NIFTY27JAN2625400CE,0.11974819693339717
07-01-2026 14:40||NIFTY27JAN2626200CE,0.09194583620394244
07-01-2026 14:45||NIFTY27JAN2623800PE,0.17913765932381667
07-01-2026 14:45||NIFTY27JAN2624000PE,0.16855555037927944
07-01-2026 14:45||NIFTY27JAN2624200PE,0.15758718671698116
07-01-2026 14:45||NIFTY27JAN2624500PE,0.14078738219654563
07-01-2026 14:45||NIFTY27JAN2624900PE,0.11942182302716359
07-01-2026 14:50||NIFTY27JAN2623900PE,0.1726798573024988
07-01-2026 14:50||NIFTY27JAN2624900PE,0.11850902139939572
07-01-2026 14:50||NIFTY27JAN2625600CE,0.11755801790479964
07-01-2026 14:50||NIFTY27JAN2626400CE,0.08659709668780752
07-01-2026 14:50||NIFTY27JAN2626500CE,0.08366956304675599
07-01-2026 14:55||NIFTY27JAN2624100PE,0.16371522705682118
07-01-2026 14:55||NIFTY27JAN2624300PE,0.152454659502668
07-01-2026 14:55||NIFTY27JAN2624600PE,0.1355470099780695
07-01-2026 14:55||NIFTY27JAN2625900CE,0.09795215956793149
07-01-2026 14:55||NIFTY27JAN2626300CE,0.0881676912765472
07-01-2026 15:00||NIFTY27JAN2623900PE,0.1740661872054601
07-01-2026 15:00||NIFTY27JAN2625100PE,0.1099389138089328
07-01-2026 15:00||NIFTY27JAN2625700CE,0.10112603433153544
07-01-2026 15:00||NIFTY27JAN2626000CE,0.09237694700935999
07-01-2026 15:00||NIFTY27JAN2626400CE,0.08562228955394743
07-01-2026 15:05||NIFTY27JAN2624200PE,0.1587630338028159
07-01-2026 15:05||NIFTY27JAN2624500PE,0.14190897436711483
07-01-2026 15:05||NIFTY27JAN2625400CE,0.10973440535178854
07-01-2026 15:05||NIFTY27JAN2626000CE,0.09247867366401817
07-01-2026 15:05||NIFTY27JAN2626400CE,0.08520701054857494
07-01-2026 15:10||NIFTY27JAN2623800PE,0.1780326357535056
07-01-2026 15:10||NIFTY27JAN2624000PE,0.17024662421613057
07-01-2026 15:10||NIFTY27JAN2624400PE,0.14878154532427038
07-01-2026 15:10||NIFTY27JAN2624500PE,0.1430774457347978
07-01-2026 15:10||NIFTY27JAN2626500CE,0.08299413996788536
07-01-2026 15:15||NIFTY27JAN2624200PE,0.15998651737826713
07-01-2026 15:15||NIFTY27JAN2624900PE,0.12200627077078288
07-01-2026 15:15||NIFTY27JAN2625100PE,0.11146308164646937
07-01-2026 15:15||NIFTY27JAN2625600CE,0.09520369463402784
07-01-2026 15:20||NIFTY27JAN2624100PE,0.16531834887012323
07-01-2026 15:20||NIFTY27JAN2625900CE,0.09226328326832929
07-01-2026 15:20||NIFTY27JAN2626300CE,0.0857655644707911
07-01-2026 15:25||NIFTY27JAN2624700PE,0.13165716025860955
07-01-2026 15:25||NIFTY27JAN2625500CE,0.10556776199192734
07-01-2026 15:25||NIFTY27JAN2626100CE,0.0885403796369876
07-01-2026 15:25||NIFTY27JAN2626400CE,0.08303924043924706
07-01-2026 15:25||NIFTY27JAN2626500CE,0.08122953250953921
08-01-2026 09:15||NIFTY27JAN2624100PE,0.16511533111505003
08-01-2026 09:15||NIFTY27JAN2624300PE,0.15357268076188968
08-01-2026 09:15||NIFTY27JAN2625100PE,0.10865491484515497
08-01-2026 09:15||NIFTY27JAN2625300CE,0.10560110440144908
08-01-2026 09:15||NIFTY27JAN2626300CE,0.08761087635533465
08-01-2026 09:20||NIFTY27JAN2623800PE,0.18366637299500915
08-01-2026 09:20||NIFTY27JAN2624100PE,0.16561057797229217
08-01-2026 09:20||NIFTY27JAN2624800PE,0.125679088596974
08-01-2026 09:20||NIFTY27JAN2624900PE,0.12051320605763188
08-01-2026 09:20||NIFTY27JAN2625300CE,0.09461506653007838
08-01-2026 09:20||NIFTY27JAN2625900CE,0.08656640641313827
08-01-2026 09:20||NIFTY27JAN2626000CE,0.085800813128828
08-01-2026 09:20||NIFTY27JAN2626400CE,0.08164172163786508
08-01-2026 09:20||NIFTY27JAN2626500CE,0.08055358993829884
08-01-2026 09:25||NIFTY27JAN2623900PE,0.17724664808780227
08-01-2026 09:25||NIFTY27JAN2624100PE,0.1652085304172433
08-01-2026 09:25||NIFTY27JAN2624200PE,0.1585889660217519
08-01-2026 09:25||NIFTY27JAN2625300CE,0.10647756724275263
08-01-2026 09:25||NIFTY27JAN2626200CE,0.08326301765058852
08-01-2026 09:25||NIFTY27JAN2626400CE,0.08267003279111791
08-01-2026 09:30||NIFTY27JAN2624100PE,0.16283562878492303
08-01-2026 09:30||NIFTY27JAN2624700PE,0.1286179828747829
08-01-2026 09:30||NIFTY27JAN2624800PE,0.12336921409474458
08-01-2026 09:30||NIFTY27JAN2624900PE,0.11827543778144006
08-01-2026 09:30||NIFTY27JAN2625000PE,0.11334413466154526
08-01-2026 09:30||NIFTY27JAN2626200CE,0.08771285010340008
08-01-2026 09:30||NIFTY27JAN2626300CE,0.08656688624682185
08-01-2026 09:35||NIFTY27JAN2623900PE,0.17322871842304705
08-01-2026 09:35||NIFTY27JAN2624100PE,0.16231482937366168
08-01-2026 09:35||NIFTY27JAN2624400PE,0.14534361589223926
08-01-2026 09:35||NIFTY27JAN2625300CE,0.1336028067779829
08-01-2026 09:35||NIFTY27JAN2625400CE,0.1266263051050521
08-01-2026 09:35||NIFTY27JAN2626100CE,0.0956012480063875
08-01-2026 09:35||NIFTY27JAN2626200CE,0.09339350624153855
08-01-2026 09:35||NIFTY27JAN2626500CE,0.08744934462680448
08-01-2026 09:40||NIFTY27JAN2623800PE,0.1822555934244651
08-01-2026 09:40||NIFTY27JAN2624800PE,0.1252032189095012
08-01-2026 09:40||NIFTY27JAN2624900PE,0.11998976046325
08-01-2026 09:40||NIFTY27JAN2625000PE,0.1148796684418193
08-01-2026 09:40||NIFTY27JAN2625200CE,0.08444971890544688
08-01-2026 09:40||NIFTY27JAN2625700CE,0.09486407285740453
08-01-2026 09:40||NIFTY27JAN2626200CE,0.08634053969426847
08-01-2026 09:40||NIFTY27JAN2626400CE,0.08420856646543251
08-01-2026 09:45||NIFTY27JAN2624200PE,0.15875591440711867
08-01-2026 09:45||NIFTY27JAN2624600PE,0.13545242873807609
08-01-2026 09:45||NIFTY27JAN2625400CE,0.1045761940716383
08-01-2026 09:45||NIFTY27JAN2625900CE,0.09328615463546616
08-01-2026 09:45||NIFTY27JAN2626500CE,0.08393539839572269
08-01-2026 09:50||NIFTY27JAN2624400PE,0.14629631771353008
08-01-2026 09:50||NIFTY27JAN2625100PE,0.1088875264161254
08-01-2026 09:50||NIFTY27JAN2625500CE,0.11740773377061173
08-01-2026 09:50||NIFTY27JAN2625600CE,0.11310261511153713
08-01-2026 09:50||NIFTY27JAN2626400CE,0.08883947749650074
08-01-2026 09:55||NIFTY27JAN2624200PE,0.1599540415122413
08-01-2026 09:55||NIFTY27JAN2624600PE,0.13716139885699952
08-01-2026 09:55||NIFTY27JAN2625000PE,0.11597170471284034
08-01-2026 09:55||NIFTY27JAN2625100PE,0.11099717308199168
08-01-2026 09:55||NIFTY27JAN2625300CE,0.11434765674337369
08-01-2026 09:55||NIFTY27JAN2626000CE,0.090060092020187
08-01-2026 09:55||NIFTY27JAN2626200CE,0.08682163822134947
08-01-2026 10:00||NIFTY27JAN2624600PE,0.13651071535113393
08-01-2026 10:00||NIFTY27JAN2625900CE,0.08739658110794499
08-01-2026 10:00||NIFTY27JAN2626100CE,0.08442815441448218
08-01-2026 10:00||NIFTY27JAN2626200CE,0.08366743772884092
08-01-2026 10:05||NIFTY27JAN2624800PE,0.12493477948750845
08-01-2026 10:05||NIFTY27JAN2625500CE,0.10287423526296928
08-01-2026 10:05||NIFTY27JAN2625800CE,0.09069364760239304
08-01-2026 10:05||NIFTY27JAN2626000CE,0.08721256882418175
08-01-2026 10:05||NIFTY27JAN2626500CE,0.08315645818514919
08-01-2026 10:10||NIFTY27JAN2624100PE,0.1632913098678863
08-01-2026 10:10||NIFTY27JAN2625000PE,0.11281298396855438
08-01-2026 10:10||NIFTY27JAN2625100PE,0.1075117024737163
08-01-2026 10:10||NIFTY27JAN2625200CE,0.14534042776760275
08-01-2026 10:10||NIFTY27JAN2625600CE,0.10850403777211756
08-01-2026 10:10||NIFTY27JAN2625800CE,0.09981815890044088
08-01-2026 10:10||NIFTY27JAN2626400CE,0.08613256779465234
08-01-2026 10:15||NIFTY27JAN2625100PE,0.10943006966410875
08-01-2026 10:15||NIFTY27JAN2625700CE,0.09359358700542696
08-01-2026 10:15||NIFTY27JAN2625800CE,0.0901335610674582
08-01-2026 10:15||NIFTY27JAN2626500CE,0.08173582167274825
08-01-2026 10:20||NIFTY27JAN2625200CE,0.11985992309549148
08-01-2026 10:20||NIFTY27JAN2626400CE,0.08629131770019416
08-01-2026 10:25||NIFTY27JAN2623900PE,0.1739246884680695
08-01-2026 10:25||NIFTY27JAN2624000PE,0.16844882991068716
08-01-2026 10:25||NIFTY27JAN2624400PE,0.14561002218594554
08-01-2026 10:25||NIFTY27JAN2624800PE,0.12346047959108221
08-01-2026 10:25||NIFTY27JAN2625000PE,0.11250583777610293
08-01-2026 10:25||NIFTY27JAN2625100PE,0.10710870747222422
08-01-2026 10:25||NIFTY27JAN2625200CE,0.1258873421965731
08-01-2026 10:25||NIFTY27JAN2625500CE,0.11072458160102612
08-01-2026 10:25||NIFTY27JAN2625600CE,0.10666081736508025
08-01-2026 10:25||NIFTY27JAN2625700CE,0.10297744302304844
08-01-2026 10:25||NIFTY27JAN2626100CE,0.09192885087652489
08-01-2026 10:25||NIFTY27JAN2626500CE,0.08650429773165717
08-01-2026 10:30||NIFTY27JAN2623800PE,0.17952782675331377
08-01-2026 10:30||NIFTY27JAN2624000PE,0.1689352561668267
08-01-2026 10:30||NIFTY27JAN2624400PE,0.14594847516108234
08-01-2026 10:30||NIFTY27JAN2624500PE,0.1402014514070326
08-01-2026 10:30||NIFTY27JAN2626000CE,0.09430998129403774
08-01-2026 10:30||NIFTY27JAN2626400CE,0.08721642968802752
08-01-2026 10:30||NIFTY27JAN2626500CE,0.08527557717575346
08-01-2026 10:35||NIFTY27JAN2624000PE,0.16928076666973468
08-01-2026 10:35||NIFTY27JAN2624200PE,0.15802412859790838
08-01-2026 10:35||NIFTY27JAN2625800CE,0.09467902597563829
08-01-2026 10:35||NIFTY27JAN2626300CE,0.08661182721140948
08-01-2026 10:35||NIFTY27JAN2626500CE,0.08383479357615314
08-01-2026 10:40||NIFTY27JAN2624000PE,0.1676115624271208
08-01-2026 10:40||NIFTY27JAN2624300PE,0.15070307021478285
08-01-2026 10:40||NIFTY27JAN2625000PE,0.11275319196518487
08-01-2026 10:40||NIFTY27JAN2625500CE,0.11322088155786614
08-01-2026 10:40||NIFTY27JAN2625900CE,0.09642055711254341
08-01-2026 10:40||NIFTY27JAN2626100CE,0.09150369870515095
08-01-2026 10:40||NIFTY27JAN2626300CE,0.08821658081045472
08-01-2026 10:40||NIFTY27JAN2626400CE,0.08709128021076416
08-01-2026 10:45||NIFTY27JAN2623900PE,0.17366743388153824
08-01-2026 10:45||NIFTY27JAN2624200PE,0.15715462609489886
08-01-2026 10:45||NIFTY27JAN2625200CE,0.12789046608554155
08-01-2026 10:45||NIFTY27JAN2625300CE,0.12082668999878135
08-01-2026 10:45||NIFTY27JAN2625600CE,0.1043722051987309
08-01-2026 10:45||NIFTY27JAN2626400CE,0.08728315955509086
08-01-2026 10:45||NIFTY27JAN2626500CE,0.08696446542517072
08-01-2026 10:50||NIFTY27JAN2623900PE,0.1732588271672187
08-01-2026 10:50||NIFTY27JAN2625500CE,0.10428342795017077
08-01-2026 10:50||NIFTY27JAN2625800CE,0.09544737639481561
08-01-2026 10:50||NIFTY27JAN2626100CE,0.0899256882509737
08-01-2026 10:50||NIFTY27JAN2626500CE,0.08440044005064916
08-01-2026 10:55||NIFTY27JAN2624000PE,0.16717429819405466
08-01-2026 10:55||NIFTY27JAN2624700PE,0.12876091573165221
08-01-2026 10:55||NIFTY27JAN2624800PE,0.12335315355494963
08-01-2026 10:55||NIFTY27JAN2625100PE,0.10805519610798946
08-01-2026 10:55||NIFTY27JAN2625400CE,0.11844226321183288
08-01-2026 10:55||NIFTY27JAN2625600CE,0.10525638483265164
08-01-2026 11:00||NIFTY27JAN2623800PE,0.17895165808166041
08-01-2026 11:00||NIFTY27JAN2623900PE,0.17336200100890758
08-01-2026 11:00||NIFTY27JAN2624000PE,0.1677049559550024
08-01-2026 11:00||NIFTY27JAN2624300PE,0.15045842138249568
08-01-2026 11:00||NIFTY27JAN2624600PE,0.1342256330963483
08-01-2026 11:00||NIFTY27JAN2625000PE,0.114190704072478
08-01-2026 11:00||NIFTY27JAN2625100PE,0.10920463156616506
08-01-2026 11:00||NIFTY27JAN2626200CE,0.09003706500361479
08-01-2026 11:00||NIFTY27JAN2626500CE,0.08669251803556663
08-01-2026 11:05||NIFTY27JAN2623800PE,0.184072438204474
08-01-2026 11:05||NIFTY27JAN2624200PE,0.1554858913213118
08-01-2026 11:05||NIFTY27JAN2624400PE,0.14474833576397744
08-01-2026 11:05||NIFTY27JAN2624800PE,0.12403388813402252
08-01-2026 11:05||NIFTY27JAN2625400CE,0.11979322775481249
08-01-2026 11:05||NIFTY27JAN2626000CE,0.09346515454025112
08-01-2026 11:05||NIFTY27JAN2626200CE,0.08997750013333009
08-01-2026 11:05||NIFTY27JAN2626300CE,0.08882072277963296
08-01-2026 11:10||NIFTY27JAN2624000PE,0.16714599734409616
08-01-2026 11:10||NIFTY27JAN2624200PE,0.15536611163202063
08-01-2026 11:10||NIFTY27JAN2624400PE,0.14499197573293543
08-01-2026 11:10||NIFTY27JAN2624600PE,0.13529988098571996
08-01-2026 11:10||NIFTY27JAN2624700PE,0.13039305245882704
08-01-2026 11:10||NIFTY27JAN2625200CE,0.14929006470007314
08-01-2026 11:10||NIFTY27JAN2625600CE,0.1037512389808029
08-01-2026 11:10||NIFTY27JAN2625900CE,0.09555311949450439
08-01-2026 11:10||NIFTY27JAN2626000CE,0.09334465881005918
08-01-2026 11:15||NIFTY27JAN2624100PE,0.16453813072852586
08-01-2026 11:15||NIFTY27JAN2624200PE,0.15844439434412397
08-01-2026 11:15||NIFTY27JAN2624900PE,0.1209882947058756
08-01-2026 11:15||NIFTY27JAN2625200CE,0.13043934426442014
08-01-2026 11:15||NIFTY27JAN2626200CE,0.08967968866291307
08-01-2026 11:15||NIFTY27JAN2626400CE,0.08789393047114948
08-01-2026 11:20||NIFTY27JAN2624300PE,0.1543024100449874
08-01-2026 11:20||NIFTY27JAN2625700CE,0.09656468822940838
08-01-2026 11:20||NIFTY27JAN2626400CE,0.09052547726630585
08-01-2026 11:20||NIFTY27JAN2626500CE,0.09075310666104262
08-01-2026 11:25||NIFTY27JAN2623800PE,0.17728669087596594
08-01-2026 11:25||NIFTY27JAN2624300PE,0.1537890921101288
08-01-2026 11:25||NIFTY27JAN2624400PE,0.14757941448522766
08-01-2026 11:25||NIFTY27JAN2624700PE,0.13089020433295134
08-01-2026 11:25||NIFTY27JAN2625400CE,0.12700601432413022
08-01-2026 11:25||NIFTY27JAN2626200CE,0.09331502832478514
08-01-2026 11:30||NIFTY27JAN2623800PE,0.17800941349380772
08-01-2026 11:30||NIFTY27JAN2624100PE,0.16503586718090368
08-01-2026 11:30||NIFTY27JAN2624200PE,0.15901708101011766
08-01-2026 11:30||NIFTY27JAN2625200CE,0.15973937605711166
08-01-2026 11:30||NIFTY27JAN2625400CE,0.13072473435913434
08-01-2026 11:30||NIFTY27JAN2625500CE,0.11989569187588978
08-01-2026 11:30||NIFTY27JAN2625800CE,0.10139049597417486
08-01-2026 11:30||NIFTY27JAN2626000CE,0.09638373562278865
08-01-2026 11:30||NIFTY27JAN2626100CE,0.09489364553090844
08-01-2026 11:35||NIFTY27JAN2623800PE,0.1809665164419088
08-01-2026 11:35||NIFTY27JAN2624100PE,0.16428810566512103
08-01-2026 11:35||NIFTY27JAN2624400PE,0.14627297495899166
08-01-2026 11:35||NIFTY27JAN2624500PE,0.14059376081548508
08-01-2026 11:35||NIFTY27JAN2624700PE,0.12995903423355715
08-01-2026 11:35||NIFTY27JAN2624900PE,0.11960932438873448
08-01-2026 11:35||NIFTY27JAN2625200CE,0.12811462637897966
08-01-2026 11:35||NIFTY27JAN2625300CE,0.12486634773503782
08-01-2026 11:35||NIFTY27JAN2626500CE,0.08963089420606513
08-01-2026 11:40||NIFTY27JAN2624100PE,0.16531278852557757
08-01-2026 11:40||NIFTY27JAN2624200PE,0.15912759583019562
08-01-2026 11:40||NIFTY27JAN2624400PE,0.1470843206004411
08-01-2026 11:40||NIFTY27JAN2624900PE,0.1203906171327186
08-01-2026 11:40||NIFTY27JAN2625600CE,0.10495181129467993
08-01-2026 11:40||NIFTY27JAN2625800CE,0.09875350383382292
08-01-2026 11:45||NIFTY27JAN2624200PE,0.15805224862415818
08-01-2026 11:45||NIFTY27JAN2625500CE,0.10885848443507821
08-01-2026 11:45||NIFTY27JAN2625900CE,0.09540539222158456
08-01-2026 11:45||NIFTY27JAN2626100CE,0.09203349831816739
08-01-2026 11:50||NIFTY27JAN2623800PE,0.17934804898854323
08-01-2026 11:50||NIFTY27JAN2625700CE,0.10592923250990956
08-01-2026 11:50||NIFTY27JAN2625800CE,0.10252385404297465
08-01-2026 11:50||NIFTY27JAN2626500CE,0.09044150639336189
08-01-2026 11:55||NIFTY27JAN2624200PE,0.15850394236112492
08-01-2026 11:55||NIFTY27JAN2624700PE,0.13140935214349136
08-01-2026 11:55||NIFTY27JAN2625100PE,0.1122075902018768
08-01-2026 11:55||NIFTY27JAN2625400CE,0.1081216566738242
08-01-2026 11:55||NIFTY27JAN2625600CE,0.10069540163469251
08-01-2026 11:55||NIFTY27JAN2625800CE,0.09532539099928714
08-01-2026 12:00||NIFTY27JAN2624500PE,0.14162220062889028
08-01-2026 12:00||NIFTY27JAN2624700PE,0.13243098739598674
08-01-2026 12:00||NIFTY27JAN2625000PE,0.11751959248082708
08-01-2026 12:00||NIFTY27JAN2625500CE,0.10547351247157008
08-01-2026 12:00||NIFTY27JAN2626300CE,0.09169655262893633
08-01-2026 12:05||NIFTY27JAN2624000PE,0.1699485827508061
08-01-2026 12:05||NIFTY27JAN2624200PE,0.1562265237366127
08-01-2026 12:05||NIFTY27JAN2624500PE,0.13833183947820438
08-01-2026 12:05||NIFTY27JAN2624900PE,0.11957146309290524
08-01-2026 12:05||NIFTY27JAN2625300CE,0.1369055456919991
08-01-2026 12:05||NIFTY27JAN2625800CE,0.10991297455972664
08-01-2026 12:05||NIFTY27JAN2625900CE,0.10708769070852725
08-01-2026 12:05||NIFTY27JAN2626400CE,0.09768219950217527
08-01-2026 12:10||NIFTY27JAN2624000PE,0.1699706147223679
08-01-2026 12:10||NIFTY27JAN2624400PE,0.1460353450707303
08-01-2026 12:15||NIFTY27JAN2624100PE,0.1665608875208246
08-01-2026 12:15||NIFTY27JAN2624400PE,0.14927386101174053
08-01-2026 12:15||NIFTY27JAN2625200CE,0.12868138580265379
08-01-2026 12:15||NIFTY27JAN2625400CE,0.11735930376043975
08-01-2026 12:15||NIFTY27JAN2625500CE,0.11252898999335946
08-01-2026 12:15||NIFTY27JAN2625700CE,0.10471490135553249
08-01-2026 12:20||NIFTY27JAN2624800PE,0.1283614851802374
08-01-2026 12:20||NIFTY27JAN2625800CE,0.10466331664576119
08-01-2026 12:20||NIFTY27JAN2626300CE,0.09510847135066139
08-01-2026 12:25||NIFTY27JAN2624100PE,0.16858680594307102
08-01-2026 12:25||NIFTY27JAN2624400PE,0.15170383551548972
08-01-2026 12:25||NIFTY27JAN2624900PE,0.12296476034143923
08-01-2026 12:25||NIFTY27JAN2625700CE,0.10695371630997161
08-01-2026 12:25||NIFTY27JAN2626000CE,0.09926958264114069
08-01-2026 12:30||NIFTY27JAN2624200PE,0.1636981466329363
08-01-2026 12:30||NIFTY27JAN2624300PE,0.1574114591031856
08-01-2026 12:30||NIFTY27JAN2625100PE,0.11485036597486543
08-01-2026 12:30||NIFTY27JAN2625700CE,0.10151306738678226
08-01-2026 12:30||NIFTY27JAN2626000CE,0.09587163637394508
08-01-2026 12:35||NIFTY27JAN2624800PE,0.1270394556509995
08-01-2026 12:35||NIFTY27JAN2625000PE,0.11682489470956493
08-01-2026 12:35||NIFTY27JAN2625400CE,0.1281202700634697
08-01-2026 12:35||NIFTY27JAN2625500CE,0.12158150540582242
08-01-2026 12:35||NIFTY27JAN2625800CE,0.10726558710979656
08-01-2026 12:35||NIFTY27JAN2626100CE,0.09998956675444604
08-01-2026 12:35||NIFTY27JAN2626200CE,0.09805315495159558
08-01-2026 12:40||NIFTY27JAN2624100PE,0.16750177786753975
08-01-2026 12:40||NIFTY27JAN2624400PE,0.1505251911489293
08-01-2026 12:40||NIFTY27JAN2624800PE,0.1269382302005461
08-01-2026 12:40||NIFTY27JAN2625000PE,0.11685191546157883
08-01-2026 12:40||NIFTY27JAN2625200CE,0.1397188570656575
08-01-2026 12:40||NIFTY27JAN2626000CE,0.10119575739192074
08-01-2026 12:45||NIFTY27JAN2624400PE,0.15117356666782228
08-01-2026 12:45||NIFTY27JAN2624600PE,0.13904657287407549
08-01-2026 12:45||NIFTY27JAN2625000PE,0.11791519316485752
08-01-2026 12:45||NIFTY27JAN2625300CE,0.12532345635841954
08-01-2026 12:45||NIFTY27JAN2625800CE,0.10357977683452482
08-01-2026 12:45||NIFTY27JAN2626200CE,0.09630738139239024
08-01-2026 12:45||NIFTY27JAN2626300CE,0.09502123816742364
08-01-2026 12:50||NIFTY27JAN2623800PE,0.1835581888212833
08-01-2026 12:50||NIFTY27JAN2624900PE,0.1218190263065285
08-01-2026 12:50||NIFTY27JAN2625600CE,0.1147573935013974
08-01-2026 12:50||NIFTY27JAN2626300CE,0.09678531936270834
08-01-2026 12:50||NIFTY27JAN2626400CE,0.09581016209652544
08-01-2026 12:55||NIFTY27JAN2624200PE,0.1620506298476392
08-01-2026 12:55||NIFTY27JAN2624300PE,0.15582708061117417
08-01-2026 12:55||NIFTY27JAN2624400PE,0.14965864249108002
08-01-2026 12:55||NIFTY27JAN2626100CE,0.09840868550354162
08-01-2026 13:00||NIFTY27JAN2624200PE,0.1621943944651493
08-01-2026 13:00||NIFTY27JAN2624500PE,0.1441937704897902
08-01-2026 13:00||NIFTY27JAN2624600PE,0.13828016259169232
08-01-2026 13:00||NIFTY27JAN2624700PE,0.13246624291852305
08-01-2026 13:00||NIFTY27JAN2625000PE,0.11547837938580459
08-01-2026 13:00||NIFTY27JAN2625100PE,0.10976066718922388
08-01-2026 13:00||NIFTY27JAN2625400CE,0.13070246943004302
08-01-2026 13:00||NIFTY27JAN2625800CE,0.10894668270952992
08-01-2026 13:05||NIFTY27JAN2623800PE,0.18514793129681978
08-01-2026 13:05||NIFTY27JAN2624600PE,0.13893866278567296
08-01-2026 13:05||NIFTY27JAN2625700CE,0.10733329147214667
08-01-2026 13:05||NIFTY27JAN2625800CE,0.10437627591850784
08-01-2026 13:05||NIFTY27JAN2626000CE,0.09946898925165912
08-01-2026 13:05||NIFTY27JAN2626100CE,0.09746297455146738
08-01-2026 13:05||NIFTY27JAN2626200CE,0.09580788417737078
08-01-2026 13:05||NIFTY27JAN2626300CE,0.09453214477867464
08-01-2026 13:10||NIFTY27JAN2624100PE,0.16806896978793617
08-01-2026 13:10||NIFTY27JAN2624900PE,0.12124077130861241
08-01-2026 13:10||NIFTY27JAN2625400CE,0.12258703925390943
08-01-2026 13:10||NIFTY27JAN2625700CE,0.10843007443196728
08-01-2026 13:10||NIFTY27JAN2625800CE,0.10562408901251188
08-01-2026 13:10||NIFTY27JAN2626100CE,0.09861250414198224
08-01-2026 13:10||NIFTY27JAN2626200CE,0.09694219768196216
08-01-2026 13:15||NIFTY27JAN2624300PE,0.1574300354254728
08-01-2026 13:15||NIFTY27JAN2625000PE,0.11668892691482978
08-01-2026 13:15||NIFTY27JAN2625900CE,0.10060309199407302
08-01-2026 13:15||NIFTY27JAN2626300CE,0.09426104628031984
08-01-2026 13:20||NIFTY27JAN2623800PE,0.18366576909042065
08-01-2026 13:20||NIFTY27JAN2624000PE,0.17391789421683224
08-01-2026 13:20||NIFTY27JAN2624400PE,0.1507299938818186
08-01-2026 13:20||NIFTY27JAN2625000PE,0.11659214403697896
08-01-2026 13:20||NIFTY27JAN2625300CE,0.13157588687153954
08-01-2026 13:20||NIFTY27JAN2625400CE,0.12330866512637731
08-01-2026 13:20||NIFTY27JAN2626200CE,0.09594567546778761
08-01-2026 13:25||NIFTY27JAN2624600PE,0.13961911600864835
08-01-2026 13:25||NIFTY27JAN2624900PE,0.12360059388239343
08-01-2026 13:25||NIFTY27JAN2625400CE,0.10956310989041404
08-01-2026 13:25||NIFTY27JAN2625500CE,0.10654964456013225
08-01-2026 13:25||NIFTY27JAN2625900CE,0.09771530354845595
08-01-2026 13:25||NIFTY27JAN2626000CE,0.09656443586442183
08-01-2026 13:25||NIFTY27JAN2626100CE,0.09541904927785752
08-01-2026 13:30||NIFTY27JAN2624300PE,0.15450712642861353
08-01-2026 13:30||NIFTY27JAN2624400PE,0.14825682404988594
08-01-2026 13:30||NIFTY27JAN2625600CE,0.11594180252221653
08-01-2026 13:30||NIFTY27JAN2625700CE,0.11158490268174052
08-01-2026 13:30||NIFTY27JAN2626100CE,0.1003253036903473
08-01-2026 13:30||NIFTY27JAN2626500CE,0.0929773721600566
08-01-2026 13:35||NIFTY27JAN2624600PE,0.13780488442539188
08-01-2026 13:35||NIFTY27JAN2624700PE,0.1320866044442186
08-01-2026 13:35||NIFTY27JAN2624800PE,0.1264685923292996
08-01-2026 13:35||NIFTY27JAN2624900PE,0.12095778921982206
08-01-2026 13:40||NIFTY27JAN2624100PE,0.1671930278497919
08-01-2026 13:40||NIFTY27JAN2624800PE,0.12519219198520454
08-01-2026 13:40||NIFTY27JAN2624900PE,0.11996865974183317
08-01-2026 13:40||NIFTY27JAN2625300CE,0.12646553077044503
08-01-2026 13:40||NIFTY27JAN2625600CE,0.11297545355895094
08-01-2026 13:40||NIFTY27JAN2625700CE,0.10899783673580654
08-01-2026 13:40||NIFTY27JAN2626000CE,0.10074400571430506
08-01-2026 13:40||NIFTY27JAN2626200CE,0.09697340405851784
08-01-2026 13:40||NIFTY27JAN2626300CE,0.09557380994344085
08-01-2026 13:45||NIFTY27JAN2624600PE,0.13690150441758403
08-01-2026 13:45||NIFTY27JAN2624700PE,0.13104891801380508
08-01-2026 13:45||NIFTY27JAN2625100PE,0.10846654687393152
08-01-2026 13:45||NIFTY27JAN2625600CE,0.11237466901000778
08-01-2026 13:45||NIFTY27JAN2625700CE,0.10913572471445535
08-01-2026 13:50||NIFTY27JAN2624600PE,0.1358743508581885
08-01-2026 13:50||NIFTY27JAN2625500CE,0.1173539553444434
08-01-2026 13:55||NIFTY27JAN2624200PE,0.1610814148862118
08-01-2026 13:55||NIFTY27JAN2624600PE,0.1361120363585798
08-01-2026 13:55||NIFTY27JAN2625000PE,0.11406445162367587
08-01-2026 13:55||NIFTY27JAN2625200CE,0.1317057340732481
08-01-2026 13:55||NIFTY27JAN2625700CE,0.10662608431485646
08-01-2026 14:00||NIFTY27JAN2623800PE,0.18544101875468189
08-01-2026 14:00||NIFTY27JAN2623900PE,0.17948718560820393
08-01-2026 14:00||NIFTY27JAN2625300CE,0.1084782414452613
08-01-2026 14:00||NIFTY27JAN2625400CE,0.10849615524878525
08-01-2026 14:00||NIFTY27JAN2625900CE,0.1001073625706636
08-01-2026 14:00||NIFTY27JAN2626000CE,0.09805801981151394
08-01-2026 14:00||NIFTY27JAN2626100CE,0.09606139575284317
08-01-2026 14:00||NIFTY27JAN2626200CE,0.09420806449493813
08-01-2026 14:00||NIFTY27JAN2626300CE,0.09261023617562128
08-01-2026 14:05||NIFTY27JAN2623900PE,0.17864556742471366
08-01-2026 14:05||NIFTY27JAN2624500PE,0.14218036345783658
08-01-2026 14:05||NIFTY27JAN2625300CE,0.11248489080608119
08-01-2026 14:05||NIFTY27JAN2626000CE,0.09605170137023636
08-01-2026 14:05||NIFTY27JAN2626200CE,0.09293757542436862
08-01-2026 14:05||NIFTY27JAN2626300CE,0.09166058845525175
08-01-2026 14:05||NIFTY27JAN2626500CE,0.08864224453803154
08-01-2026 14:10||NIFTY27JAN2624800PE,0.12426166406976678
08-01-2026 14:10||NIFTY27JAN2625000PE,0.1139877983620275
08-01-2026 14:10||NIFTY27JAN2625200CE,0.11848551691956852
08-01-2026 14:10||NIFTY27JAN2625300CE,0.12041971994568396
08-01-2026 14:10||NIFTY27JAN2625700CE,0.10988574099955063
08-01-2026 14:15||NIFTY27JAN2623800PE,0.18305826146605617
08-01-2026 14:15||NIFTY27JAN2624200PE,0.16030956954873923
08-01-2026 14:15||NIFTY27JAN2624300PE,0.15387304887360986
08-01-2026 14:15||NIFTY27JAN2625000PE,0.11307978600660333
08-01-2026 14:15||NIFTY27JAN2625200CE,0.12300561230874385
08-01-2026 14:15||NIFTY27JAN2625600CE,0.11305548137615808
08-01-2026 14:15||NIFTY27JAN2626100CE,0.09710090148673207
08-01-2026 14:15||NIFTY27JAN2626400CE,0.0921353482976142
08-01-2026 14:20||NIFTY27JAN2624500PE,0.14119795090757217
08-01-2026 14:20||NIFTY27JAN2625000PE,0.11328528858914863
08-01-2026 14:20||NIFTY27JAN2625700CE,0.10369758701951048
08-01-2026 14:20||NIFTY27JAN2626400CE,0.08951103668833287
08-01-2026 14:25||NIFTY27JAN2624600PE,0.1365044507273005
08-01-2026 14:25||NIFTY27JAN2624800PE,0.12497144503024073
08-01-2026 14:25||NIFTY27JAN2625200CE,0.13325125851374367
08-01-2026 14:25||NIFTY27JAN2625600CE,0.10664938802867178
08-01-2026 14:25||NIFTY27JAN2625900CE,0.09656639008411555
08-01-2026 14:25||NIFTY27JAN2626000CE,0.09454260336724224
08-01-2026 14:30||NIFTY27JAN2624500PE,0.13991912485199104
08-01-2026 14:30||NIFTY27JAN2626200CE,0.09812932571810251
08-01-2026 14:30||NIFTY27JAN2626400CE,0.09405382052903999
08-01-2026 14:30||NIFTY27JAN2626500CE,0.09239200015678005
08-01-2026 14:35||NIFTY27JAN2624200PE,0.16004621031002683
08-01-2026 14:35||NIFTY27JAN2624800PE,0.12362134548143972
08-01-2026 14:35||NIFTY27JAN2625100PE,0.10923607167021268
08-01-2026 14:35||NIFTY27JAN2626100CE,0.09484227507257989
08-01-2026 14:40||NIFTY27JAN2624200PE,0.15941841558712136
08-01-2026 14:40||NIFTY27JAN2624600PE,0.13494854283627256
08-01-2026 14:40||NIFTY27JAN2625000PE,0.11286507062051696
08-01-2026 14:40||NIFTY27JAN2625300CE,0.12012071551837972
08-01-2026 14:40||NIFTY27JAN2625400CE,0.11605768845141852
08-01-2026 14:40||NIFTY27JAN2625500CE,0.11221514845341911
08-01-2026 14:40||NIFTY27JAN2626200CE,0.09298088028923995
08-01-2026 14:40||NIFTY27JAN2626300CE,0.09135212114799104
08-01-2026 14:45||NIFTY27JAN2624000PE,0.17032961019279738
08-01-2026 14:45||NIFTY27JAN2624700PE,0.12866947668763912
08-01-2026 14:45||NIFTY27JAN2625000PE,0.11222350836737241
08-01-2026 14:45||NIFTY27JAN2625300CE,0.122545453483917
08-01-2026 14:45||NIFTY27JAN2625700CE,0.10593300090124463
08-01-2026 14:50||NIFTY27JAN2624100PE,0.16524778708434523
08-01-2026 14:50||NIFTY27JAN2624300PE,0.15327100611168903
08-01-2026 14:50||NIFTY27JAN2625100PE,0.10917888263491646
08-01-2026 14:50||NIFTY27JAN2625400CE,0.11355191797908236
08-01-2026 14:50||NIFTY27JAN2625500CE,0.10788706591816716
08-01-2026 14:50||NIFTY27JAN2626000CE,0.09322963419732713
08-01-2026 14:50||NIFTY27JAN2626200CE,0.09034539373353824
08-01-2026 14:55||NIFTY27JAN2626300CE,0.09055085230083282
08-01-2026 15:00||NIFTY27JAN2623900PE,0.17460681702119993
08-01-2026 15:00||NIFTY27JAN2624000PE,0.16853974853184533
08-01-2026 15:00||NIFTY27JAN2624900PE,0.11774260049109843
08-01-2026 15:00||NIFTY27JAN2625100PE,0.10868452631471172
08-01-2026 15:00||NIFTY27JAN2625200CE,0.1328449246801435
08-01-2026 15:00||NIFTY27JAN2625600CE,0.09767224248197194
08-01-2026 15:00||NIFTY27JAN2625700CE,0.09561617434919797
08-01-2026 15:00||NIFTY27JAN2626300CE,0.08843598771114358
08-01-2026 15:00||NIFTY27JAN2626400CE,0.08798783002398466
08-01-2026 15:05||NIFTY27JAN2624400PE,0.14262988909320443
08-01-2026 15:05||NIFTY27JAN2624800PE,0.11986882328784326
08-01-2026 15:05||NIFTY27JAN2624900PE,0.11483583845620549
08-01-2026 15:05||NIFTY27JAN2626000CE,0.09779131903164412
08-01-2026 15:05||NIFTY27JAN2626100CE,0.09599383981040122
08-01-2026 15:05||NIFTY27JAN2626200CE,0.09453320426338939
08-01-2026 15:10||NIFTY27JAN2624000PE,0.16683757409900177
08-01-2026 15:10||NIFTY27JAN2624200PE,0.15527535546035132
08-01-2026 15:10||NIFTY27JAN2624600PE,0.13118595723257914
08-01-2026 15:10||NIFTY27JAN2625100PE,0.10571038022555351
08-01-2026 15:10||NIFTY27JAN2625700CE,0.10407895550249555
08-01-2026 15:10||NIFTY27JAN2626100CE,0.09476028703199721
08-01-2026 15:10||NIFTY27JAN2626300CE,0.09218295365567786
08-01-2026 15:10||NIFTY27JAN2626500CE,0.09020270485078466
08-01-2026 15:15||NIFTY27JAN2624800PE,0.12034905364017924
08-01-2026 15:15||NIFTY27JAN2625100PE,0.10622885398296242
08-01-2026 15:15||NIFTY27JAN2625500CE,0.10995278637709605
08-01-2026 15:15||NIFTY27JAN2626100CE,0.09407260873289619
08-01-2026 15:20||NIFTY27JAN2624000PE,0.16667812370082075
08-01-2026 15:20||NIFTY27JAN2624500PE,0.13717110835270305
08-01-2026 15:20||NIFTY27JAN2624800PE,0.12050656829888698
08-01-2026 15:20||NIFTY27JAN2625000PE,0.11094942462555807
08-01-2026 15:20||NIFTY27JAN2625600CE,0.10467148550304523
08-01-2026 15:20||NIFTY27JAN2626100CE,0.09228007469710953
08-01-2026 15:20||NIFTY27JAN2626400CE,0.09003543082066427
08-01-2026 15:20||NIFTY27JAN2626500CE,0.08984543961859329
08-01-2026 15:25||NIFTY27JAN2623800PE,0.18119944576859473
08-01-2026 15:25||NIFTY27JAN2624100PE,0.16043858017649476
08-01-2026 15:25||NIFTY27JAN2624300PE,0.1491614007456706
08-01-2026 15:25||NIFTY27JAN2624600PE,0.13200188949261074
08-01-2026 15:25||NIFTY27JAN2625100PE,0.10775817390642321
08-01-2026 15:25||NIFTY27JAN2625800CE,0.09563765635635389
08-01-2026 15:25||NIFTY27JAN2626100CE,0.09164479229150496
09-01-2026 09:15||NIFTY27JAN2624400PE,0.145098648434101
09-01-2026 09:15||NIFTY27JAN2625000PE,0.11217051480397086
09-01-2026 09:15||NIFTY27JAN2625400CE,0.12495304515542913
09-01-2026 09:15||NIFTY27JAN2625500CE,0.12005549261354403
09-01-2026 09:15||NIFTY27JAN2625800CE,0.10704739655494974
09-01-2026 09:15||NIFTY27JAN2626300CE,0.09407669609124068
09-01-2026 09:20||NIFTY27JAN2624100PE,0.16406801694959394
09-01-2026 09:20||NIFTY27JAN2624200PE,0.15785694574443643
09-01-2026 09:20||NIFTY27JAN2624800PE,0.12443526337754662
09-01-2026 09:20||NIFTY27JAN2625000PE,0.11546128517086812
09-01-2026 09:20||NIFTY27JAN2625300CE,0.11095415228888697
09-01-2026 09:25||NIFTY27JAN2624100PE,0.16021360462185602
09-01-2026 09:25||NIFTY27JAN2625000PE,0.11174727726425528
09-01-2026 09:25||NIFTY27JAN2625400CE,0.11937973908141616
09-01-2026 09:25||NIFTY27JAN2626100CE,0.09391018385599295
09-01-2026 09:30||NIFTY27JAN2624300PE,0.14879022304911535
09-01-2026 09:30||NIFTY27JAN2624500PE,0.1372815411415975
09-01-2026 09:30||NIFTY27JAN2624600PE,0.13170785793088333
09-01-2026 09:30||NIFTY27JAN2625300CE,0.11401766420395341
09-01-2026 09:30||NIFTY27JAN2625400CE,0.11118085845710855
09-01-2026 09:30||NIFTY27JAN2626100CE,0.09329322379265687
09-01-2026 09:30||NIFTY27JAN2626400CE,0.09049489366569545
09-01-2026 09:35||NIFTY27JAN2624800PE,0.11975582331185128
09-01-2026 09:35||NIFTY27JAN2626000CE,0.09786264913810583
09-01-2026 09:35||NIFTY27JAN2626200CE,0.09433121788397104
09-01-2026 09:40||NIFTY27JAN2625500CE,0.13550540917337983
09-01-2026 09:40||NIFTY27JAN2625600CE,0.12989574965874795
09-01-2026 09:40||NIFTY27JAN2625700CE,0.12457730139887063
09-01-2026 09:40||NIFTY27JAN2625900CE,0.11457749062714648
09-01-2026 09:45||NIFTY27JAN2624000PE,0.16476480293518386
09-01-2026 09:45||NIFTY27JAN2624300PE,0.1471693473754754
09-01-2026 09:45||NIFTY27JAN2624400PE,0.14111663311986347
09-01-2026 09:45||NIFTY27JAN2624700PE,0.1239220381699921
09-01-2026 09:45||NIFTY27JAN2624900PE,0.11348977680875633
09-01-2026 09:45||NIFTY27JAN2625600CE,0.12456297713008414
09-01-2026 09:45||NIFTY27JAN2625900CE,0.10767090252562063
09-01-2026 09:50||NIFTY27JAN2624100PE,0.15967504441103458
09-01-2026 09:50||NIFTY27JAN2624400PE,0.14224870518387947
09-01-2026 09:50||NIFTY27JAN2624600PE,0.13061728806774892
09-01-2026 09:50||NIFTY27JAN2624700PE,0.12510336896396984
09-01-2026 09:50||NIFTY27JAN2624900PE,0.11472439628887325
09-01-2026 09:50||NIFTY27JAN2625300CE,0.13806413990231287
09-01-2026 09:50||NIFTY27JAN2625600CE,0.11951316119659317
09-01-2026 09:50||NIFTY27JAN2626000CE,0.10272377857521828
09-01-2026 09:50||NIFTY27JAN2626100CE,0.09997756580134248
09-01-2026 09:50||NIFTY27JAN2626400CE,0.0947326049713097
09-01-2026 09:55||NIFTY27JAN2623800PE,0.17820032724258905
09-01-2026 09:55||NIFTY27JAN2624800PE,0.1206430241574099
09-01-2026 09:55||NIFTY27JAN2624900PE,0.11566520834326538
09-01-2026 09:55||NIFTY27JAN2625000PE,0.11110072811617559
09-01-2026 09:55||NIFTY27JAN2625200CE,0.1381636769633733
09-01-2026 10:00||NIFTY27JAN2624100PE,0.16201511264989465
09-01-2026 10:00||NIFTY27JAN2624300PE,0.1497215494102892
09-01-2026 10:00||NIFTY27JAN2625100PE,0.10791019807934096
09-01-2026 10:00||NIFTY27JAN2625500CE,0.1065222877484967
09-01-2026 10:00||NIFTY27JAN2626100CE,0.09271827356261196
09-01-2026 10:05||NIFTY27JAN2624500PE,0.1362167247329625
09-01-2026 10:05||NIFTY27JAN2624800PE,0.11943801502868884
09-01-2026 10:05||NIFTY27JAN2625600CE,0.11997367217760538
09-01-2026 10:05||NIFTY27JAN2626100CE,0.09890196095513668
09-01-2026 10:10||NIFTY27JAN2624400PE,0.14326981140640768
09-01-2026 10:10||NIFTY27JAN2626300CE,0.09068032232370077
09-01-2026 10:10||NIFTY27JAN2626400CE,0.09019978729552794
09-01-2026 10:15||NIFTY27JAN2625100PE,0.10689968655036652
09-01-2026 10:15||NIFTY27JAN2625600CE,0.108385733257849
09-01-2026 10:15||NIFTY27JAN2626200CE,0.09192576596805821
09-01-2026 10:15||NIFTY27JAN2626300CE,0.09088017563903156
09-01-2026 10:20||NIFTY27JAN2623900PE,0.17318515048154565
09-01-2026 10:20||NIFTY27JAN2624000PE,0.16703301340877605
09-01-2026 10:20||NIFTY27JAN2625200CE,0.1442429253400864
09-01-2026 10:20||NIFTY27JAN2625700CE,0.1126658839559053
09-01-2026 10:25||NIFTY27JAN2624200PE,0.15501594162322427
09-01-2026 10:25||NIFTY27JAN2625000PE,0.10948707105865509
09-01-2026 10:25||NIFTY27JAN2625600CE,0.12068191755223996
09-01-2026 10:25||NIFTY27JAN2626200CE,0.09658867677925745
09-01-2026 10:25||NIFTY27JAN2626500CE,0.09277309407005097
09-01-2026 10:30||NIFTY27JAN2624300PE,0.15002413050733082
09-01-2026 10:30||NIFTY27JAN2624900PE,0.11695913447342812
09-01-2026 10:35||NIFTY27JAN2624300PE,0.14884732514179905
09-01-2026 10:35||NIFTY27JAN2624800PE,0.12025456252509895
09-01-2026 10:35||NIFTY27JAN2626300CE,0.09145824813885949
09-01-2026 10:40||NIFTY27JAN2624000PE,0.16610276257903858
09-01-2026 10:40||NIFTY27JAN2624700PE,0.12488184281932743
09-01-2026 10:40||NIFTY27JAN2625000PE,0.10949114467210244
09-01-2026 10:40||NIFTY27JAN2625500CE,0.1167019770147123
09-01-2026 10:40||NIFTY27JAN2626000CE,0.09708794705983932
09-01-2026 10:40||NIFTY27JAN2626100CE,0.09519654568259191
09-01-2026 10:40||NIFTY27JAN2626400CE,0.09200733657631369
09-01-2026 10:40||NIFTY27JAN2626500CE,0.09148984234208292
09-01-2026 10:45||NIFTY27JAN2624400PE,0.14242643499550794
09-01-2026 10:45||NIFTY27JAN2625000PE,0.10959654353103879
09-01-2026 10:45||NIFTY27JAN2625200CE,0.1341298076431334
09-01-2026 10:45||NIFTY27JAN2625400CE,0.12022430223331057
09-01-2026 10:45||NIFTY27JAN2625500CE,0.11427136791585893
09-01-2026 10:45||NIFTY27JAN2626300CE,0.09067297315907911
09-01-2026 10:50||NIFTY27JAN2624100PE,0.16082334700819678
09-01-2026 10:50||NIFTY27JAN2625800CE,0.09389420795822709
09-01-2026 10:50||NIFTY27JAN2625900CE,0.09179121865778758
09-01-2026 10:50||NIFTY27JAN2626000CE,0.09034423539288454
09-01-2026 10:50||NIFTY27JAN2626400CE,0.08895020037914934
09-01-2026 10:50||NIFTY27JAN2626500CE,0.08928856520540987
09-01-2026 10:55||NIFTY27JAN2623800PE,0.17622052758767465
09-01-2026 10:55||NIFTY27JAN2624700PE,0.12433122714096212
09-01-2026 10:55||NIFTY27JAN2624900PE,0.11443459806732517
09-01-2026 10:55||NIFTY27JAN2626300CE,0.09107364406578765
09-01-2026 11:00||NIFTY27JAN2624900PE,0.11293031332178366
09-01-2026 11:00||NIFTY27JAN2625000PE,0.10827590938643733
09-01-2026 11:00||NIFTY27JAN2625200CE,0.17186959952804776
09-01-2026 11:00||NIFTY27JAN2625700CE,0.1012166337294489
09-01-2026 11:00||NIFTY27JAN2625800CE,0.09895147125018608
09-01-2026 11:05||NIFTY27JAN2624000PE,0.16322510559313627
09-01-2026 11:05||NIFTY27JAN2624400PE,0.1388532110337607
09-01-2026 11:05||NIFTY27JAN2625100PE,0.10396527604037267
09-01-2026 11:05||NIFTY27JAN2625300CE,0.1253060312198082
09-01-2026 11:05||NIFTY27JAN2625500CE,0.11384562433016271
09-01-2026 11:05||NIFTY27JAN2625700CE,0.10537460266629504
09-01-2026 11:10||NIFTY27JAN2623900PE,0.1704251033622622
09-01-2026 11:10||NIFTY27JAN2624700PE,0.12377801258621804
09-01-2026 11:10||NIFTY27JAN2625100PE,0.10614492757415211
09-01-2026 11:10||NIFTY27JAN2625200CE,0.12082192681990987
09-01-2026 11:10||NIFTY27JAN2625500CE,0.10585396682543302
09-01-2026 11:10||NIFTY27JAN2625800CE,0.09507146456786286
09-01-2026 11:15||NIFTY27JAN2624200PE,0.15179517537304796
09-01-2026 11:15||NIFTY27JAN2624600PE,0.12846602354842945
09-01-2026 11:15||NIFTY27JAN2625700CE,0.10182868361037335
09-01-2026 11:15||NIFTY27JAN2626400CE,0.09165579291537021
09-01-2026 11:20||NIFTY27JAN2625200CE,0.13235552276053325
09-01-2026 11:20||NIFTY27JAN2625500CE,0.11017156105251551
09-01-2026 11:25||NIFTY27JAN2624600PE,0.1277577416056767
09-01-2026 11:25||NIFTY27JAN2625100PE,0.10260959416163579
09-01-2026 11:25||NIFTY27JAN2625600CE,0.10937363072494077
09-01-2026 11:30||NIFTY27JAN2624000PE,0.16288430936750325
09-01-2026 11:30||NIFTY27JAN2624100PE,0.15735161667960645
09-01-2026 11:30||NIFTY27JAN2624500PE,0.13434557971629765
09-01-2026 11:30||NIFTY27JAN2624600PE,0.12855331451452348
09-01-2026 11:30||NIFTY27JAN2624900PE,0.11313329384252332
09-01-2026 11:30||NIFTY27JAN2625000PE,0.10858313211571818
09-01-2026 11:30||NIFTY27JAN2625300CE,0.12162258876518937
09-01-2026 11:30||NIFTY27JAN2626200CE,0.08974488493272564
09-01-2026 11:35||NIFTY27JAN2624100PE,0.15757210097524657
09-01-2026 11:35||NIFTY27JAN2624600PE,0.12769399787690752
09-01-2026 11:35||NIFTY27JAN2625200CE,0.12225140231568034
09-01-2026 11:35||NIFTY27JAN2625300CE,0.11716493124300967
09-01-2026 11:35||NIFTY27JAN2625700CE,0.10107597491969297
09-01-2026 11:35||NIFTY27JAN2625800CE,0.09825100174015461
09-01-2026 11:40||NIFTY27JAN2624600PE,0.12760850222552184
09-01-2026 11:40||NIFTY27JAN2624700PE,0.12251549983764849
09-01-2026 11:40||NIFTY27JAN2625000PE,0.1084608205436745
09-01-2026 11:40||NIFTY27JAN2625300CE,0.11805950511325825
09-01-2026 11:40||NIFTY27JAN2625800CE,0.09808626254842225
09-01-2026 11:40||NIFTY27JAN2625900CE,0.09608317024916832
09-01-2026 11:45||NIFTY27JAN2625900CE,0.0966351104258085
09-01-2026 11:45||NIFTY27JAN2626000CE,0.09498883091093739
09-01-2026 11:45||NIFTY27JAN2626200CE,0.09312673492304158
09-01-2026 11:45||NIFTY27JAN2626500CE,0.09270519639225328
09-01-2026 11:50||NIFTY27JAN2625000PE,0.1084280034868977
09-01-2026 11:50||NIFTY27JAN2625200CE,0.11866085397525024
09-01-2026 11:50||NIFTY27JAN2625400CE,0.11234109500902939
09-01-2026 11:50||NIFTY27JAN2625500CE,0.10916845202915212
09-01-2026 11:50||NIFTY27JAN2626000CE,0.09656293986512696
09-01-2026 11:50||NIFTY27JAN2626500CE,0.0927558732785203
09-01-2026 11:55||NIFTY27JAN2624200PE,0.15176488716792252
09-01-2026 11:55||NIFTY27JAN2624300PE,0.14438442545694793
09-01-2026 11:55||NIFTY27JAN2624500PE,0.13238594186334682
09-01-2026 11:55||NIFTY27JAN2624900PE,0.11356084087294338
09-01-2026 11:55||NIFTY27JAN2625400CE,0.11449652938878514
09-01-2026 11:55||NIFTY27JAN2625600CE,0.10617554396977573
09-01-2026 11:55||NIFTY27JAN2625800CE,0.10009274311467681
09-01-2026 11:55||NIFTY27JAN2626300CE,0.09374666494661672
09-01-2026 12:00||NIFTY27JAN2623800PE,0.17155031686349165
09-01-2026 12:00||NIFTY27JAN2624400PE,0.13796005861516278
09-01-2026 12:00||NIFTY27JAN2624800PE,0.11524282265813689
09-01-2026 12:00||NIFTY27JAN2625600CE,0.11104932412118969
09-01-2026 12:00||NIFTY27JAN2625800CE,0.10365822054264065
09-01-2026 12:00||NIFTY27JAN2626300CE,0.09522970947484291
09-01-2026 12:05||NIFTY27JAN2624600PE,0.12793831970418457
09-01-2026 12:05||NIFTY27JAN2625500CE,0.10873258721353042
09-01-2026 12:05||NIFTY27JAN2626000CE,0.09524052444448242
09-01-2026 12:05||NIFTY27JAN2626500CE,0.09280170269703981
09-01-2026 12:10||NIFTY27JAN2624200PE,0.1517055391699677
09-01-2026 12:10||NIFTY27JAN2624300PE,0.14531592184273415
09-01-2026 12:10||NIFTY27JAN2625500CE,0.10581696377366802
09-01-2026 12:10||NIFTY27JAN2625900CE,0.09619124922348657
09-01-2026 12:10||NIFTY27JAN2626300CE,0.0933680014436877
09-01-2026 12:15||NIFTY27JAN2623800PE,0.17530579264002885
09-01-2026 12:15||NIFTY27JAN2624100PE,0.15650778074811986
09-01-2026 12:15||NIFTY27JAN2624200PE,0.14996889676909936
09-01-2026 12:15||NIFTY27JAN2624300PE,0.14364980971275992
09-01-2026 12:15||NIFTY27JAN2625400CE,0.10985238836817086
09-01-2026 12:15||NIFTY27JAN2625500CE,0.10697161617502561
09-01-2026 12:15||NIFTY27JAN2625800CE,0.09904817410829203
09-01-2026 12:15||NIFTY27JAN2625900CE,0.09723777232779099
09-01-2026 12:15||NIFTY27JAN2626200CE,0.0937011882841105
09-01-2026 12:15||NIFTY27JAN2626300CE,0.09328434177586625
09-01-2026 12:15||NIFTY27JAN2626400CE,0.09321729821474169
09-01-2026 12:15||NIFTY27JAN2626500CE,0.09072470591679371
09-01-2026 12:20||NIFTY27JAN2624000PE,0.1624373674240862
09-01-2026 12:20||NIFTY27JAN2624700PE,0.12111298067554924
09-01-2026 12:20||NIFTY27JAN2624800PE,0.1162151966571121
09-01-2026 12:20||NIFTY27JAN2625000PE,0.10742723108629332
09-01-2026 12:25||NIFTY27JAN2624200PE,0.15013401399264953
09-01-2026 12:25||NIFTY27JAN2624400PE,0.13834407437212182
09-01-2026 12:25||NIFTY27JAN2624600PE,0.12709025511880667
09-01-2026 12:25||NIFTY27JAN2625000PE,0.10861517908191239
09-01-2026 12:30||NIFTY27JAN2623800PE,0.17142328410697918
09-01-2026 12:30||NIFTY27JAN2624400PE,0.1378822055253088
09-01-2026 12:30||NIFTY27JAN2624900PE,0.11216659749316375
09-01-2026 12:30||NIFTY27JAN2626400CE,0.09470253203960137
09-01-2026 12:35||NIFTY27JAN2624100PE,0.15884166491388474
09-01-2026 12:35||NIFTY27JAN2624300PE,0.14605533173238472
09-01-2026 12:35||NIFTY27JAN2624700PE,0.12405507150608515
09-01-2026 12:35||NIFTY27JAN2624900PE,0.11550608799564474
09-01-2026 12:35||NIFTY27JAN2625700CE,0.09764696854964315
09-01-2026 12:35||NIFTY27JAN2626400CE,0.09593425505540609
09-01-2026 12:40||NIFTY27JAN2624100PE,0.1585599599580471
09-01-2026 12:40||NIFTY27JAN2625800CE,0.09893756108023077
09-01-2026 12:40||NIFTY27JAN2626100CE,0.09609222432909653
09-01-2026 12:45||NIFTY27JAN2623900PE,0.17043467933208348
09-01-2026 12:45||NIFTY27JAN2624100PE,0.15852236854194626
09-01-2026 12:45||NIFTY27JAN2624200PE,0.15170627627207756
09-01-2026 12:45||NIFTY27JAN2625100PE,0.10649599002015095
09-01-2026 12:45||NIFTY27JAN2625300CE,0.10565019091088115
09-01-2026 12:45||NIFTY27JAN2625800CE,0.09700047630009806
09-01-2026 12:45||NIFTY27JAN2625900CE,0.09601015231585096
09-01-2026 12:45||NIFTY27JAN2626000CE,0.09538859992885453
09-01-2026 12:45||NIFTY27JAN2626400CE,0.09828860076783896
09-01-2026 12:50||NIFTY27JAN2623800PE,0.178005606930916
09-01-2026 12:50||NIFTY27JAN2624100PE,0.15567336698531242
09-01-2026 12:50||NIFTY27JAN2625300CE,0.12145821165190362
09-01-2026 12:50||NIFTY27JAN2625500CE,0.1110650554035913
09-01-2026 12:50||NIFTY27JAN2626200CE,0.09782620438542593
09-01-2026 12:55||NIFTY27JAN2624100PE,0.15776135394629423
09-01-2026 12:55||NIFTY27JAN2624500PE,0.13269661415189749
09-01-2026 12:55||NIFTY27JAN2624800PE,0.11721614363165339
09-01-2026 12:55||NIFTY27JAN2625600CE,0.10412602037152151
09-01-2026 12:55||NIFTY27JAN2625700CE,0.10161604651781955
09-01-2026 13:00||NIFTY27JAN2624200PE,0.1509155594912053
09-01-2026 13:00||NIFTY27JAN2624900PE,0.11363199245848458
09-01-2026 13:00||NIFTY27JAN2625200CE,0.11636601834132665
09-01-2026 13:00||NIFTY27JAN2625600CE,0.10379625187392338
09-01-2026 13:00||NIFTY27JAN2625800CE,0.09938451163031123
09-01-2026 13:00||NIFTY27JAN2626400CE,0.0980787754231308
09-01-2026 13:05||NIFTY27JAN2623900PE,0.17008438212089974
09-01-2026 13:05||NIFTY27JAN2624100PE,0.1583139146562679
09-01-2026 13:05||NIFTY27JAN2624300PE,0.14550009470547265
09-01-2026 13:05||NIFTY27JAN2624400PE,0.13906005793633883
09-01-2026 13:05||NIFTY27JAN2624700PE,0.12182810398244624
09-01-2026 13:05||NIFTY27JAN2624800PE,0.1168799214776585
09-01-2026 13:05||NIFTY27JAN2624900PE,0.11232029745247628
09-01-2026 13:05||NIFTY27JAN2625000PE,0.10822405185717403
09-01-2026 13:05||NIFTY27JAN2626000CE,0.09790964927893983
09-01-2026 13:05||NIFTY27JAN2626400CE,0.09939645907158184
09-01-2026 13:05||NIFTY27JAN2626500CE,0.10128704168562659
09-01-2026 13:10||NIFTY27JAN2624000PE,0.16371134660699965
09-01-2026 13:10||NIFTY27JAN2624100PE,0.15780630600837225
09-01-2026 13:10||NIFTY27JAN2624300PE,0.14552757170431932
09-01-2026 13:10||NIFTY27JAN2625200CE,0.12315344485249011
09-01-2026 13:10||NIFTY27JAN2625900CE,0.09917464876221085
09-01-2026 13:10||NIFTY27JAN2626100CE,0.09730563026541368
09-01-2026 13:10||NIFTY27JAN2626400CE,0.09861867420857093
09-01-2026 13:15||NIFTY27JAN2624100PE,0.1578822434566949
09-01-2026 13:15||NIFTY27JAN2624400PE,0.1388617730734108
09-01-2026 13:15||NIFTY27JAN2625000PE,0.1084891636697096
09-01-2026 13:15||NIFTY27JAN2625300CE,0.11628584713363126
09-01-2026 13:15||NIFTY27JAN2625700CE,0.1036540298568688
09-01-2026 13:15||NIFTY27JAN2625800CE,0.1015094892720328
09-01-2026 13:15||NIFTY27JAN2625900CE,0.0997975584745695
09-01-2026 13:15||NIFTY27JAN2626100CE,0.09791889411092916
09-01-2026 13:15||NIFTY27JAN2626200CE,0.09761918592148329
09-01-2026 13:20||NIFTY27JAN2624100PE,0.15770141247471284
09-01-2026 13:20||NIFTY27JAN2625000PE,0.1085332441345574
09-01-2026 13:20||NIFTY27JAN2625200CE,0.1215426691251726
09-01-2026 13:20||NIFTY27JAN2625600CE,0.10365186780428584
09-01-2026 13:25||NIFTY27JAN2624500PE,0.13347879738358445
09-01-2026 13:25||NIFTY27JAN2625100PE,0.10553604552986548
09-01-2026 13:25||NIFTY27JAN2625300CE,0.117029451317781
09-01-2026 13:25||NIFTY27JAN2626200CE,0.09697444787489755
09-01-2026 13:30||NIFTY27JAN2624300PE,0.1462027342992081
09-01-2026 13:30||NIFTY27JAN2624900PE,0.11501020943896309
09-01-2026 13:30||NIFTY27JAN2625900CE,0.0961374292166112
09-01-2026 13:30||NIFTY27JAN2626400CE,0.09716966043913736
09-01-2026 13:35||NIFTY27JAN2623900PE,0.16904169084820586
09-01-2026 13:35||NIFTY27JAN2624100PE,0.15735459065831836
09-01-2026 13:35||NIFTY27JAN2624400PE,0.13913974962338085
09-01-2026 13:35||NIFTY27JAN2624600PE,0.12688889783509663
09-01-2026 13:35||NIFTY27JAN2625100PE,0.10538382161532467
09-01-2026 13:35||NIFTY27JAN2625300CE,0.12146324920318873
09-01-2026 13:35||NIFTY27JAN2625400CE,0.11624366225190555
09-01-2026 13:35||NIFTY27JAN2625900CE,0.10060095625991468
09-01-2026 13:35||NIFTY27JAN2626100CE,0.09832699247895467
09-01-2026 13:40||NIFTY27JAN2624500PE,0.13431040646927506
09-01-2026 13:40||NIFTY27JAN2624800PE,0.11910610813755687
09-01-2026 13:40||NIFTY27JAN2625100PE,0.10781090129460337
09-01-2026 13:40||NIFTY27JAN2625300CE,0.1064544582442102
09-01-2026 13:40||NIFTY27JAN2625500CE,0.10065373592962365
09-01-2026 13:40||NIFTY27JAN2626500CE,0.09816045873276254
09-01-2026 13:45||NIFTY27JAN2623900PE,0.16873960216787082
09-01-2026 13:45||NIFTY27JAN2624100PE,0.15699927890729537
09-01-2026 13:45||NIFTY27JAN2624300PE,0.14455055609779946
09-01-2026 13:45||NIFTY27JAN2624400PE,0.13838472225709542
09-01-2026 13:45||NIFTY27JAN2625200CE,0.1149506567861194
09-01-2026 13:45||NIFTY27JAN2626000CE,0.09666267202359838
09-01-2026 13:50||NIFTY27JAN2623800PE,0.1721758033750564
09-01-2026 13:50||NIFTY27JAN2624600PE,0.12801962014377724
09-01-2026 13:50||NIFTY27JAN2624700PE,0.12291997890957859
09-01-2026 13:50||NIFTY27JAN2625400CE,0.10941493335660532
09-01-2026 13:50||NIFTY27JAN2625800CE,0.09829553724792303
09-01-2026 13:50||NIFTY27JAN2626100CE,0.09610666119949254
09-01-2026 13:55||NIFTY27JAN2624000PE,0.16003622114032454
09-01-2026 13:55||NIFTY27JAN2625400CE,0.11676148056245336
09-01-2026 13:55||NIFTY27JAN2625500CE,0.11292925331770681
09-01-2026 13:55||NIFTY27JAN2626400CE,0.10105537927759226
09-01-2026 14:00||NIFTY27JAN2624200PE,0.151063482883739
09-01-2026 14:00||NIFTY27JAN2624300PE,0.14505052323974257
09-01-2026 14:00||NIFTY27JAN2624400PE,0.13918610252046743
09-01-2026 14:00||NIFTY27JAN2625500CE,0.1053117409914705
09-01-2026 14:00||NIFTY27JAN2625800CE,0.09831257974251706
09-01-2026 14:00||NIFTY27JAN2626000CE,0.09598868235464555
09-01-2026 14:05||NIFTY27JAN2624100PE,0.15710012482361294
09-01-2026 14:05||NIFTY27JAN2624300PE,0.14451752351224034
09-01-2026 14:05||NIFTY27JAN2624400PE,0.1383706650586054
09-01-2026 14:05||NIFTY27JAN2625200CE,0.1260995812631778
09-01-2026 14:05||NIFTY27JAN2625400CE,0.11464325794948405
09-01-2026 14:10||NIFTY27JAN2624300PE,0.1442500359462821
09-01-2026 14:10||NIFTY27JAN2624700PE,0.12269415444174207
09-01-2026 14:10||NIFTY27JAN2625300CE,0.11298828568041855
09-01-2026 14:10||NIFTY27JAN2626300CE,0.09659323203530237
09-01-2026 14:10||NIFTY27JAN2626400CE,0.09758045541186589
09-01-2026 14:10||NIFTY27JAN2626500CE,0.09899425297714846
09-01-2026 14:15||NIFTY27JAN2625500CE,0.10503321611990657
09-01-2026 14:20||NIFTY27JAN2624100PE,0.15626875245372326
09-01-2026 14:20||NIFTY27JAN2624300PE,0.1441825963963721
09-01-2026 14:20||NIFTY27JAN2624400PE,0.13837383118161645
09-01-2026 14:20||NIFTY27JAN2625000PE,0.10888788350499858
09-01-2026 14:20||NIFTY27JAN2625200CE,0.11487440106130764
09-01-2026 14:20||NIFTY27JAN2625400CE,0.1088044210947505
09-01-2026 14:20||NIFTY27JAN2625900CE,0.0974734279589172
09-01-2026 14:25||NIFTY27JAN2624100PE,0.15717632372175766
09-01-2026 14:25||NIFTY27JAN2624200PE,0.1507297038659823
09-01-2026 14:25||NIFTY27JAN2624300PE,0.1445245595857786
09-01-2026 14:25||NIFTY27JAN2625100PE,0.10689893428723192
09-01-2026 14:25||NIFTY27JAN2625300CE,0.11030141859171051
09-01-2026 14:25||NIFTY27JAN2625600CE,0.10043278495921446
09-01-2026 14:30||NIFTY27JAN2624000PE,0.1614857045645164
09-01-2026 14:30||NIFTY27JAN2624200PE,0.14858129370790096
09-01-2026 14:30||NIFTY27JAN2625900CE,0.10058265002505462
09-01-2026 14:30||NIFTY27JAN2626300CE,0.09899529827403454
09-01-2026 14:35||NIFTY27JAN2624200PE,0.14945491285513013
09-01-2026 14:35||NIFTY27JAN2624300PE,0.14346594356251385
09-01-2026 14:35||NIFTY27JAN2624600PE,0.12684179461494596
09-01-2026 14:35||NIFTY27JAN2625800CE,0.10013078950753788
09-01-2026 14:40||NIFTY27JAN2623800PE,0.17307654281207216
09-01-2026 14:40||NIFTY27JAN2625200CE,0.12392563950355141
09-01-2026 14:40||NIFTY27JAN2625600CE,0.10676394100012875
09-01-2026 14:40||NIFTY27JAN2625900CE,0.09978159253688289
09-01-2026 14:40||NIFTY27JAN2626100CE,0.09810962883099111
09-01-2026 14:40||NIFTY27JAN2626400CE,0.10004063541568599
09-01-2026 14:45||NIFTY27JAN2624500PE,0.13248665225699752
09-01-2026 14:45||NIFTY27JAN2624600PE,0.12701684905041774
09-01-2026 14:45||NIFTY27JAN2625300CE,0.11446214859261486
09-01-2026 14:45||NIFTY27JAN2625600CE,0.10444413721041085
09-01-2026 14:50||NIFTY27JAN2623900PE,0.16896243309883358
09-01-2026 14:50||NIFTY27JAN2626000CE,0.09739232675685154
09-01-2026 14:50||NIFTY27JAN2626300CE,0.09783123094801147
09-01-2026 14:55||NIFTY27JAN2623900PE,0.16818246412905383
09-01-2026 14:55||NIFTY27JAN2624000PE,0.16248124349059231
09-01-2026 14:55||NIFTY27JAN2624800PE,0.11719119676978802
09-01-2026 14:55||NIFTY27JAN2625600CE,0.10290492943083834
09-01-2026 14:55||NIFTY27JAN2625900CE,0.09726132206375851
09-01-2026 15:00||NIFTY27JAN2624000PE,0.16165300205540228
09-01-2026 15:00||NIFTY27JAN2624300PE,0.14371124170158345
09-01-2026 15:00||NIFTY27JAN2625400CE,0.11279072778454563
09-01-2026 15:00||NIFTY27JAN2625600CE,0.10549093080989447
09-01-2026 15:00||NIFTY27JAN2625700CE,0.10254869331689298
09-01-2026 15:00||NIFTY27JAN2625800CE,0.10020437222583402
09-01-2026 15:00||NIFTY27JAN2626500CE,0.10114672029037322
09-01-2026 15:05||NIFTY27JAN2624200PE,0.15022939533474244
09-01-2026 15:05||NIFTY27JAN2624300PE,0.1438096071828083
09-01-2026 15:05||NIFTY27JAN2625000PE,0.10719514319770113
09-01-2026 15:05||NIFTY27JAN2625100PE,0.10268715523056146
09-01-2026 15:05||NIFTY27JAN2625600CE,0.10531939443896796
09-01-2026 15:05||NIFTY27JAN2626500CE,0.10080606618125403
09-01-2026 15:10||NIFTY27JAN2623800PE,0.17317689037707149
09-01-2026 15:10||NIFTY27JAN2624000PE,0.16194760415101708
09-01-2026 15:10||NIFTY27JAN2624600PE,0.12685765160416798
09-01-2026 15:10||NIFTY27JAN2625000PE,0.10794237888855464
09-01-2026 15:10||NIFTY27JAN2625100PE,0.1035188150217907
09-01-2026 15:10||NIFTY27JAN2625200CE,0.11936033173836537
09-01-2026 15:10||NIFTY27JAN2626200CE,0.0968683583038716
09-01-2026 15:15||NIFTY27JAN2624200PE,0.15149087692323146
09-01-2026 15:15||NIFTY27JAN2624300PE,0.1451226899309199
09-01-2026 15:15||NIFTY27JAN2624500PE,0.13329455332922427
09-01-2026 15:15||NIFTY27JAN2624700PE,0.12312713666182214
09-01-2026 15:15||NIFTY27JAN2624900PE,0.11446728406448652
09-01-2026 15:15||NIFTY27JAN2625200CE,0.11478838821793928
09-01-2026 15:15||NIFTY27JAN2625900CE,0.09652247431854814
09-01-2026 15:15||NIFTY27JAN2626000CE,0.09574022441381476
09-01-2026 15:20||NIFTY27JAN2623800PE,0.1748882654284712
09-01-2026 15:20||NIFTY27JAN2624700PE,0.12398709818985543
09-01-2026 15:20||NIFTY27JAN2625100PE,0.1064356179873292
09-01-2026 15:20||NIFTY27JAN2625200CE,0.12293263576219678
09-01-2026 15:20||NIFTY27JAN2625300CE,0.11739344084189793
09-01-2026 15:20||NIFTY27JAN2625600CE,0.10504043005051449
09-01-2026 15:20||NIFTY27JAN2625800CE,0.10032978321164196
09-01-2026 15:20||NIFTY27JAN2626100CE,0.09723489774501821
09-01-2026 15:25||NIFTY27JAN2624100PE,0.15827479726505217
09-01-2026 15:25||NIFTY27JAN2624200PE,0.15219532122128177
09-01-2026 15:25||NIFTY27JAN2624400PE,0.14030684443442745
09-01-2026 15:25||NIFTY27JAN2625500CE,0.11611897545345945
09-01-2026 15:25||NIFTY27JAN2626000CE,0.10167830508915587
09-01-2026 15:25||NIFTY27JAN2626100CE,0.1001996130745609
12-01-2026 09:15||NIFTY27JAN2624000PE,0.1764819386497999
12-01-2026 09:15||NIFTY27JAN2624900PE,0.12477854771316614
12-01-2026 09:15||NIFTY27JAN2625200CE,0.11489002445510665
12-01-2026 09:15||NIFTY27JAN2626000CE,0.10223314213873039
12-01-2026 09:15||NIFTY27JAN2626100CE,0.10231006819173524
12-01-2026 09:20||NIFTY27JAN2624200PE,0.16290607682583627
12-01-2026 09:20||NIFTY27JAN2624600PE,0.13841624778136472
12-01-2026 09:20||NIFTY27JAN2624800PE,0.12824372144896304
12-01-2026 09:20||NIFTY27JAN2625000PE,0.11937916469826601
12-01-2026 09:20||NIFTY27JAN2625100PE,0.11536559203680405
12-01-2026 09:20||NIFTY27JAN2625200CE,0.12502906287122212
12-01-2026 09:20||NIFTY27JAN2625600CE,0.11324015316185396
12-01-2026 09:20||NIFTY27JAN2625800CE,0.10959554027224261
12-01-2026 09:25||NIFTY27JAN2624700PE,0.1323874857725493
12-01-2026 09:25||NIFTY27JAN2625800CE,0.11413945408422031
12-01-2026 09:25||NIFTY27JAN2626200CE,0.11302351552545428
12-01-2026 09:30||NIFTY27JAN2623900PE,0.18074349909259418
12-01-2026 09:30||NIFTY27JAN2624000PE,0.17439989314257945
12-01-2026 09:30||NIFTY27JAN2624400PE,0.14865680349521898
12-01-2026 09:30||NIFTY27JAN2625200CE,0.1394460146700026
12-01-2026 09:30||NIFTY27JAN2625600CE,0.12325359485173046
12-01-2026 09:30||NIFTY27JAN2625800CE,0.11722761689442857
12-01-2026 09:30||NIFTY27JAN2626000CE,0.11414663032465079
12-01-2026 09:35||NIFTY27JAN2623900PE,0.17929052696156456
12-01-2026 09:35||NIFTY27JAN2624500PE,0.14250452328457447
12-01-2026 09:35||NIFTY27JAN2624600PE,0.13694629282671214
12-01-2026 09:35||NIFTY27JAN2624700PE,0.1315867379162067
12-01-2026 09:35||NIFTY27JAN2625000PE,0.11695779423654776
12-01-2026 09:35||NIFTY27JAN2625700CE,0.11739535549532616
12-01-2026 09:35||NIFTY27JAN2625800CE,0.11502757218866431
12-01-2026 09:35||NIFTY27JAN2625900CE,0.11335900751283948
12-01-2026 09:35||NIFTY27JAN2626200CE,0.1129523758143553
12-01-2026 09:35||NIFTY27JAN2626500CE,0.11956333676145353
12-01-2026 09:40||NIFTY27JAN2623900PE,0.18028552315591567
12-01-2026 09:40||NIFTY27JAN2624600PE,0.13905274866245937
12-01-2026 09:40||NIFTY27JAN2624700PE,0.13366454674328088
12-01-2026 09:40||NIFTY27JAN2625200CE,0.13260272295208195
12-01-2026 09:40||NIFTY27JAN2625400CE,0.1240054281969065
12-01-2026 09:45||NIFTY27JAN2623900PE,0.1809328327221159
12-01-2026 09:45||NIFTY27JAN2624800PE,0.1257465005283146
12-01-2026 09:45||NIFTY27JAN2625000PE,0.11545008443271945
12-01-2026 09:45||NIFTY27JAN2626400CE,0.11835050195245363
12-01-2026 09:45||NIFTY27JAN2626500CE,0.12109021841343902
12-01-2026 09:50||NIFTY27JAN2625000PE,0.11914943801047512
12-01-2026 09:50||NIFTY27JAN2625400CE,0.12651685411447305
12-01-2026 09:50||NIFTY27JAN2625900CE,0.1116169999876981
12-01-2026 09:50||NIFTY27JAN2626000CE,0.11050929278266766
12-01-2026 09:55||NIFTY27JAN2623800PE,0.18865828699348475
12-01-2026 09:55||NIFTY27JAN2625000PE,0.12003043204404627
12-01-2026 09:55||NIFTY27JAN2625100PE,0.11494506625056672
12-01-2026 09:55||NIFTY27JAN2625400CE,0.11652022356286063
12-01-2026 09:55||NIFTY27JAN2625700CE,0.10895204012980414
12-01-2026 09:55||NIFTY27JAN2625900CE,0.10677279404135508
12-01-2026 09:55||NIFTY27JAN2626200CE,0.1082605569560546
12-01-2026 09:55||NIFTY27JAN2626400CE,0.11291805363900806
12-01-2026 10:00||NIFTY27JAN2624800PE,0.1246663575460141
12-01-2026 10:00||NIFTY27JAN2625200CE,0.14347849667313953
12-01-2026 10:00||NIFTY27JAN2625700CE,0.12005711849062464
12-01-2026 10:00||NIFTY27JAN2626100CE,0.11350317185541367
12-01-2026 10:00||NIFTY27JAN2626200CE,0.11383038146875421
12-01-2026 10:05||NIFTY27JAN2623900PE,0.18267264647966885
12-01-2026 10:05||NIFTY27JAN2624300PE,0.15756023163915583
12-01-2026 10:05||NIFTY27JAN2624600PE,0.13966361313459438
12-01-2026 10:05||NIFTY27JAN2624700PE,0.1339465799617774
12-01-2026 10:05||NIFTY27JAN2624800PE,0.1283346283651815
12-01-2026 10:05||NIFTY27JAN2625100PE,0.11254540988556794
12-01-2026 10:10||NIFTY27JAN2624000PE,0.17488343099069673
12-01-2026 10:10||NIFTY27JAN2624100PE,0.1687859564115541
12-01-2026 10:10||NIFTY27JAN2624900PE,0.12254254179158618
12-01-2026 10:10||NIFTY27JAN2625600CE,0.11609086472683208
12-01-2026 10:10||NIFTY27JAN2626300CE,0.11256133873304837
12-01-2026 10:10||NIFTY27JAN2626400CE,0.11510190992731599
12-01-2026 10:15||NIFTY27JAN2623800PE,0.1859459603728656
12-01-2026 10:15||NIFTY27JAN2624500PE,0.14183595098799365
12-01-2026 10:15||NIFTY27JAN2624800PE,0.12439429992327015
12-01-2026 10:15||NIFTY27JAN2625000PE,0.11443598054060337
12-01-2026 10:15||NIFTY27JAN2625100PE,0.10990763913797937
12-01-2026 10:15||NIFTY27JAN2626200CE,0.11256814375554415
12-01-2026 10:15||NIFTY27JAN2626400CE,0.11593831530993631
12-01-2026 10:15||NIFTY27JAN2626500CE,0.1187115067544072
12-01-2026 10:20||NIFTY27JAN2624200PE,0.16357504053401908
12-01-2026 10:20||NIFTY27JAN2624800PE,0.1274754776337671
12-01-2026 10:20||NIFTY27JAN2624900PE,0.12233217905061508
12-01-2026 10:20||NIFTY27JAN2625200CE,0.13164123209825576
12-01-2026 10:20||NIFTY27JAN2626500CE,0.1164429115021286
12-01-2026 10:25||NIFTY27JAN2623800PE,0.18791619790679764
12-01-2026 10:25||NIFTY27JAN2624300PE,0.15622323464700794
12-01-2026 10:25||NIFTY27JAN2624400PE,0.1499505200833141
12-01-2026 10:25||NIFTY27JAN2624900PE,0.12133098258125041
12-01-2026 10:25||NIFTY27JAN2625200CE,0.14354666583718942
12-01-2026 10:25||NIFTY27JAN2625800CE,0.11301047518213012
12-01-2026 10:25||NIFTY27JAN2625900CE,0.11105949005681955
12-01-2026 10:25||NIFTY27JAN2626000CE,0.10990809041368743
12-01-2026 10:30||NIFTY27JAN2624500PE,0.1449502092915265
12-01-2026 10:30||NIFTY27JAN2625200CE,0.12938270276760835
12-01-2026 10:30||NIFTY27JAN2625800CE,0.10895199546304961
12-01-2026 10:30||NIFTY27JAN2626200CE,0.10772609491551413
12-01-2026 10:35||NIFTY27JAN2624600PE,0.13759246965164929
12-01-2026 10:35||NIFTY27JAN2625400CE,0.12385273628491962
12-01-2026 10:35||NIFTY27JAN2625700CE,0.11316565431494072
12-01-2026 10:35||NIFTY27JAN2626400CE,0.11349125052467014
12-01-2026 10:40||NIFTY27JAN2625000PE,0.11727736994088457
12-01-2026 10:40||NIFTY27JAN2625100PE,0.11258670067638932
12-01-2026 10:40||NIFTY27JAN2625300CE,0.1292398166004401
12-01-2026 10:40||NIFTY27JAN2625400CE,0.123460876251231
12-01-2026 10:40||NIFTY27JAN2625500CE,0.1186257935114033
12-01-2026 10:40||NIFTY27JAN2626400CE,0.11270958801446937
12-01-2026 10:45||NIFTY27JAN2624400PE,0.14894379088445775
12-01-2026 10:45||NIFTY27JAN2625000PE,0.11539256162431338
12-01-2026 10:45||NIFTY27JAN2626000CE,0.11006940979428426
12-01-2026 10:45||NIFTY27JAN2626200CE,0.110519629728169
12-01-2026 10:45||NIFTY27JAN2626300CE,0.11224193599471206
12-01-2026 10:50||NIFTY27JAN2623900PE,0.18320065850094125
12-01-2026 10:50||NIFTY27JAN2624900PE,0.12347907109598952
12-01-2026 10:50||NIFTY27JAN2625500CE,0.11180957666312169
12-01-2026 10:50||NIFTY27JAN2625600CE,0.10961588650410338
12-01-2026 10:50||NIFTY27JAN2626200CE,0.10606735865793507
12-01-2026 10:55||NIFTY27JAN2624000PE,0.17508002984568827
12-01-2026 10:55||NIFTY27JAN2624300PE,0.15607460262159936
12-01-2026 10:55||NIFTY27JAN2624400PE,0.1497938715765887
12-01-2026 10:55||NIFTY27JAN2624900PE,0.1219369857891525
12-01-2026 10:55||NIFTY27JAN2625100PE,0.11301918845582906
12-01-2026 10:55||NIFTY27JAN2625500CE,0.1168623681070404
12-01-2026 10:55||NIFTY27JAN2626200CE,0.10811386100281792
12-01-2026 10:55||NIFTY27JAN2626400CE,0.11303026550976795
12-01-2026 11:00||NIFTY27JAN2623800PE,0.18716022731280316
12-01-2026 11:00||NIFTY27JAN2624000PE,0.1743240908709132
12-01-2026 11:00||NIFTY27JAN2624500PE,0.1424048320562277
12-01-2026 11:00||NIFTY27JAN2624800PE,0.1259503251772579
12-01-2026 11:00||NIFTY27JAN2624900PE,0.12113830611240661
12-01-2026 11:00||NIFTY27JAN2625000PE,0.11664396862139481
12-01-2026 11:00||NIFTY27JAN2625200CE,0.12970501994452333
12-01-2026 11:00||NIFTY27JAN2625400CE,0.12258542701860492
12-01-2026 11:00||NIFTY27JAN2625600CE,0.11590507182645016
12-01-2026 11:00||NIFTY27JAN2626000CE,0.10836756362380406
12-01-2026 11:00||NIFTY27JAN2626300CE,0.11149245521925832
12-01-2026 11:05||NIFTY27JAN2624100PE,0.16726167324203167
12-01-2026 11:05||NIFTY27JAN2624700PE,0.13004457767847566
12-01-2026 11:05||NIFTY27JAN2625200CE,0.13226993455984368
12-01-2026 11:05||NIFTY27JAN2625500CE,0.1199003072852177
12-01-2026 11:05||NIFTY27JAN2625600CE,0.1165864176005344
12-01-2026 11:05||NIFTY27JAN2625700CE,0.11376701830410729
12-01-2026 11:10||NIFTY27JAN2624400PE,0.1487658020175765
12-01-2026 11:10||NIFTY27JAN2624500PE,0.14253593680495455
12-01-2026 11:10||NIFTY27JAN2625200CE,0.1273494954087021
12-01-2026 11:10||NIFTY27JAN2625800CE,0.10872951685324853
12-01-2026 11:10||NIFTY27JAN2626000CE,0.10699488563744579
12-01-2026 11:15||NIFTY27JAN2625400CE,0.11865719764713253
12-01-2026 11:15||NIFTY27JAN2625700CE,0.11097263644397774
12-01-2026 11:15||NIFTY27JAN2625800CE,0.10916983348515369
12-01-2026 11:20||NIFTY27JAN2624800PE,0.12366390060292098
12-01-2026 11:20||NIFTY27JAN2626400CE,0.11644163756783507
12-01-2026 11:25||NIFTY27JAN2623800PE,0.1826736070104911
12-01-2026 11:25||NIFTY27JAN2624200PE,0.15736785658260896
12-01-2026 11:25||NIFTY27JAN2624300PE,0.15125041545016937
12-01-2026 11:25||NIFTY27JAN2624700PE,0.12854173874261343
12-01-2026 11:25||NIFTY27JAN2625400CE,0.12067132744997741
12-01-2026 11:30||NIFTY27JAN2623900PE,0.17622453952037054
12-01-2026 11:30||NIFTY27JAN2624000PE,0.17042080978104002
12-01-2026 11:35||NIFTY27JAN2624200PE,0.15716062649291004
12-01-2026 11:35||NIFTY27JAN2624400PE,0.14507430381409103
12-01-2026 11:35||NIFTY27JAN2624700PE,0.12818651854831967
12-01-2026 11:35||NIFTY27JAN2624900PE,0.11906151839022021
12-01-2026 11:35||NIFTY27JAN2625300CE,0.12415727189244621
12-01-2026 11:35||NIFTY27JAN2625600CE,0.1148968011989962
12-01-2026 11:35||NIFTY27JAN2625800CE,0.11125447331528918
12-01-2026 11:40||NIFTY27JAN2624300PE,0.151850636725456
12-01-2026 11:40||NIFTY27JAN2624400PE,0.14579042119842053
12-01-2026 11:40||NIFTY27JAN2625000PE,0.1156730893780062
12-01-2026 11:40||NIFTY27JAN2625200CE,0.12393627651199607
12-01-2026 11:40||NIFTY27JAN2625300CE,0.122283038942423
12-01-2026 11:50||NIFTY27JAN2624700PE,0.12805705563338754
12-01-2026 11:50||NIFTY27JAN2625600CE,0.11558218411108254
12-01-2026 11:50||NIFTY27JAN2625800CE,0.11183259594332542
12-01-2026 11:50||NIFTY27JAN2625900CE,0.11077339825978466
12-01-2026 11:55||NIFTY27JAN2624000PE,0.1696081701264971
12-01-2026 11:55||NIFTY27JAN2624900PE,0.11858152563987907
12-01-2026 11:55||NIFTY27JAN2625100PE,0.1111970044478668
12-01-2026 11:55||NIFTY27JAN2625700CE,0.11369869376685254
12-01-2026 11:55||NIFTY27JAN2626000CE,0.11091656825519185
12-01-2026 11:55||NIFTY27JAN2626500CE,0.12137287424127649
12-01-2026 12:00||NIFTY27JAN2624100PE,0.1633201199573157
12-01-2026 12:00||NIFTY27JAN2624900PE,0.1186334110390236
12-01-2026 12:00||NIFTY27JAN2625100PE,0.11182452470468143
12-01-2026 12:00||NIFTY27JAN2625900CE,0.10997965610739088
12-01-2026 12:05||NIFTY27JAN2624000PE,0.16972276294581756
12-01-2026 12:05||NIFTY27JAN2624900PE,0.11739586522097877
12-01-2026 12:05||NIFTY27JAN2625500CE,0.11899651125821614
12-01-2026 12:05||NIFTY27JAN2625800CE,0.11194097547597572
12-01-2026 12:05||NIFTY27JAN2626000CE,0.11031220717885006
12-01-2026 12:10||NIFTY27JAN2623800PE,0.18220470011337514
12-01-2026 12:10||NIFTY27JAN2624200PE,0.15645227353473265
12-01-2026 12:10||NIFTY27JAN2624700PE,0.12435299418962711
12-01-2026 12:10||NIFTY27JAN2624800PE,0.11865812326617084
12-01-2026 12:10||NIFTY27JAN2625000PE,0.10870513286929143
12-01-2026 12:10||NIFTY27JAN2625800CE,0.11986126196277633
12-01-2026 12:15||NIFTY27JAN2625100PE,0.1090933359920139
12-01-2026 12:15||NIFTY27JAN2625900CE,0.11402139746564538
12-01-2026 12:15||NIFTY27JAN2626200CE,0.11252082281684922
12-01-2026 12:20||NIFTY27JAN2624400PE,0.1490602874592759
12-01-2026 12:20||NIFTY27JAN2624700PE,0.1306863811362719
12-01-2026 12:20||NIFTY27JAN2625100PE,0.10993944489406043
12-01-2026 12:20||NIFTY27JAN2625300CE,0.14439055833876308
12-01-2026 12:20||NIFTY27JAN2625500CE,0.13281777688265173
12-01-2026 12:20||NIFTY27JAN2626400CE,0.11708263233544594
12-01-2026 12:25||NIFTY27JAN2624800PE,0.129268866472351
12-01-2026 12:25||NIFTY27JAN2625200CE,0.12643215799050891
12-01-2026 12:25||NIFTY27JAN2626300CE,0.11186054072758389
12-01-2026 12:30||NIFTY27JAN2623800PE,0.1881624159253673
12-01-2026 12:30||NIFTY27JAN2624800PE,0.12979737879137762
12-01-2026 12:30||NIFTY27JAN2624900PE,0.12493167485100694
12-01-2026 12:30||NIFTY27JAN2625500CE,0.13358098441860525
12-01-2026 12:30||NIFTY27JAN2625700CE,0.12476874765249918
12-01-2026 12:30||NIFTY27JAN2626500CE,0.11870799542403576
12-01-2026 12:35||NIFTY27JAN2624300PE,0.16237741732974134
12-01-2026 12:35||NIFTY27JAN2624600PE,0.14472395844230979
12-01-2026 12:35||NIFTY27JAN2624900PE,0.12911231913000443
12-01-2026 12:35||NIFTY27JAN2625100PE,0.11965665937398487
12-01-2026 12:35||NIFTY27JAN2626000CE,0.11018611854695098
12-01-2026 12:35||NIFTY27JAN2626300CE,0.11102053601100974
12-01-2026 12:40||NIFTY27JAN2624300PE,0.1590174879607625
12-01-2026 12:40||NIFTY27JAN2624400PE,0.15248681888691948
12-01-2026 12:40||NIFTY27JAN2624500PE,0.14610374708085974
12-01-2026 12:40||NIFTY27JAN2625000PE,0.11891626885542256
12-01-2026 12:40||NIFTY27JAN2625300CE,0.14901822734386044
12-01-2026 12:40||NIFTY27JAN2625500CE,0.1377385322342521
12-01-2026 12:40||NIFTY27JAN2626000CE,0.11942655156161561
12-01-2026 12:40||NIFTY27JAN2626200CE,0.11735197080633258
12-01-2026 12:45||NIFTY27JAN2624300PE,0.16465136499003782
12-01-2026 12:45||NIFTY27JAN2624500PE,0.15207447076489383
12-01-2026 12:45||NIFTY27JAN2624800PE,0.13508195800762818
12-01-2026 12:45||NIFTY27JAN2625000PE,0.12552709589588937
12-01-2026 12:45||NIFTY27JAN2625300CE,0.12857103434690803
12-01-2026 12:45||NIFTY27JAN2625700CE,0.1137480388526716
12-01-2026 12:45||NIFTY27JAN2625800CE,0.1114945097389054
12-01-2026 12:45||NIFTY27JAN2626000CE,0.10917197674473392
12-01-2026 12:45||NIFTY27JAN2626200CE,0.10912655215085446
12-01-2026 12:45||NIFTY27JAN2626400CE,0.1112890542850874
12-01-2026 12:50||NIFTY27JAN2624500PE,0.15075551490692712
12-01-2026 12:50||NIFTY27JAN2625300CE,0.13724710164644904
12-01-2026 12:50||NIFTY27JAN2625800CE,0.1188856836877572
12-01-2026 12:55||NIFTY27JAN2624500PE,0.15075807713227074
12-01-2026 12:55||NIFTY27JAN2624600PE,0.14505238492989792
12-01-2026 12:55||NIFTY27JAN2624700PE,0.13945883298748454
12-01-2026 12:55||NIFTY27JAN2625000PE,0.12393749367754253
12-01-2026 12:55||NIFTY27JAN2625400CE,0.13011794820198272
12-01-2026 12:55||NIFTY27JAN2625900CE,0.11258390968668826
12-01-2026 12:55||NIFTY27JAN2626200CE,0.110982131279941
12-01-2026 13:00||NIFTY27JAN2624200PE,0.1676323953798492
12-01-2026 13:00||NIFTY27JAN2624500PE,0.14943748379661728
12-01-2026 13:00||NIFTY27JAN2624600PE,0.14341349301526113
12-01-2026 13:00||NIFTY27JAN2625500CE,0.12813488181611168
12-01-2026 13:00||NIFTY27JAN2626000CE,0.11433335093048481
12-01-2026 13:00||NIFTY27JAN2626100CE,0.11327700470504219
12-01-2026 13:00||NIFTY27JAN2626300CE,0.11314729397013674
12-01-2026 13:00||NIFTY27JAN2626500CE,0.11521685417655321
12-01-2026 13:05||NIFTY27JAN2623900PE,0.1861794101134453
12-01-2026 13:05||NIFTY27JAN2624200PE,0.16830322333206593
12-01-2026 13:05||NIFTY27JAN2624500PE,0.14936027364135068
12-01-2026 13:05||NIFTY27JAN2624900PE,0.12782572597005354
12-01-2026 13:05||NIFTY27JAN2625300CE,0.14042153255139772
12-01-2026 13:05||NIFTY27JAN2625500CE,0.13039056365710658
12-01-2026 13:05||NIFTY27JAN2626400CE,0.1148306220637407
12-01-2026 13:10||NIFTY27JAN2624700PE,0.1384703481382752
12-01-2026 13:10||NIFTY27JAN2624800PE,0.13315591916593852
12-01-2026 13:10||NIFTY27JAN2626400CE,0.11268604128426811
12-01-2026 13:15||NIFTY27JAN2623800PE,0.18853450989602888
12-01-2026 13:15||NIFTY27JAN2624500PE,0.15129286758144017
12-01-2026 13:15||NIFTY27JAN2624700PE,0.13993609524284592
12-01-2026 13:15||NIFTY27JAN2624800PE,0.13472622667435172
12-01-2026 13:15||NIFTY27JAN2625100PE,0.12316786991458942
12-01-2026 13:15||NIFTY27JAN2625500CE,0.11665229704574093
12-01-2026 13:15||NIFTY27JAN2625800CE,0.10947392961445794
12-01-2026 13:15||NIFTY27JAN2626100CE,0.10691999987626545
12-01-2026 13:15||NIFTY27JAN2626300CE,0.10782254618907874
12-01-2026 13:15||NIFTY27JAN2626400CE,0.1091497871362231
12-01-2026 13:20||NIFTY27JAN2624200PE,0.16721606034319342
12-01-2026 13:20||NIFTY27JAN2624300PE,0.161293466523011
12-01-2026 13:20||NIFTY27JAN2625000PE,0.12235386800068353
12-01-2026 13:20||NIFTY27JAN2625200CE,0.140642161074398
12-01-2026 13:20||NIFTY27JAN2625500CE,0.12596224108623721
12-01-2026 13:20||NIFTY27JAN2626200CE,0.1111827809778097
12-01-2026 13:20||NIFTY27JAN2626500CE,0.11449667104281008
12-01-2026 13:25||NIFTY27JAN2624300PE,0.16230185490498694
12-01-2026 13:25||NIFTY27JAN2624500PE,0.15070294824984648
12-01-2026 13:25||NIFTY27JAN2624600PE,0.1449495474460346
12-01-2026 13:25||NIFTY27JAN2624800PE,0.1345732775628115
12-01-2026 13:25||NIFTY27JAN2625500CE,0.11647822454743961
12-01-2026 13:25||NIFTY27JAN2625800CE,0.10970517771994442
12-01-2026 13:25||NIFTY27JAN2626000CE,0.10755893202407454
12-01-2026 13:25||NIFTY27JAN2626400CE,0.10941627880282968
12-01-2026 13:25||NIFTY27JAN2626500CE,0.11109544463868111
12-01-2026 13:30||NIFTY27JAN2623900PE,0.18375622985682358
12-01-2026 13:30||NIFTY27JAN2624400PE,0.15443824498630976
12-01-2026 13:30||NIFTY27JAN2624800PE,0.13062942927737023
12-01-2026 13:30||NIFTY27JAN2624900PE,0.12552686555957981
12-01-2026 13:30||NIFTY27JAN2625100PE,0.11652449567531084
12-01-2026 13:30||NIFTY27JAN2625300CE,0.15205330970997394
12-01-2026 13:30||NIFTY27JAN2625500CE,0.13805355566836602
12-01-2026 13:30||NIFTY27JAN2625600CE,0.13219491904011782
12-01-2026 13:30||NIFTY27JAN2625700CE,0.1271082137415167
12-01-2026 13:35||NIFTY27JAN2624700PE,0.14030457454145537
12-01-2026 13:35||NIFTY27JAN2624900PE,0.1296376378886095
12-01-2026 13:35||NIFTY27JAN2625500CE,0.11993606210169272
12-01-2026 13:35||NIFTY27JAN2625600CE,0.1172605337883608
12-01-2026 13:35||NIFTY27JAN2625900CE,0.11071908967074864
12-01-2026 13:40||NIFTY27JAN2623900PE,0.1863499702759257
12-01-2026 13:40||NIFTY27JAN2624000PE,0.18081122477035483
12-01-2026 13:40||NIFTY27JAN2624100PE,0.1751704659045833
12-01-2026 13:40||NIFTY27JAN2624800PE,0.13466194239278073
12-01-2026 13:40||NIFTY27JAN2624900PE,0.1297867454320287
12-01-2026 13:40||NIFTY27JAN2625200CE,0.14242890801705413
12-01-2026 13:40||NIFTY27JAN2625400CE,0.12619268590950397
12-01-2026 13:40||NIFTY27JAN2626100CE,0.10720641428116442
12-01-2026 13:40||NIFTY27JAN2626200CE,0.10731378590509937
12-01-2026 13:45||NIFTY27JAN2623800PE,0.1932849767371832
12-01-2026 13:45||NIFTY27JAN2623900PE,0.1873310325979482
12-01-2026 13:45||NIFTY27JAN2624600PE,0.14467792299582186
12-01-2026 13:45||NIFTY27JAN2625100PE,0.12025722844218646
12-01-2026 13:50||NIFTY27JAN2624200PE,0.1694243925085265
12-01-2026 13:50||NIFTY27JAN2625200CE,0.1419641626783874
12-01-2026 13:50||NIFTY27JAN2625300CE,0.1361405838109413
12-01-2026 13:50||NIFTY27JAN2625400CE,0.1307482334819186
12-01-2026 13:50||NIFTY27JAN2626200CE,0.10897303516982026
12-01-2026 13:55||NIFTY27JAN2623800PE,0.1948948841977781
12-01-2026 13:55||NIFTY27JAN2624000PE,0.18287219258469448
12-01-2026 13:55||NIFTY27JAN2624100PE,0.17681587567347534
12-01-2026 13:55||NIFTY27JAN2624700PE,0.14028210923546544
12-01-2026 13:55||NIFTY27JAN2624900PE,0.1297095243544137
12-01-2026 13:55||NIFTY27JAN2626100CE,0.10770170012085459
12-01-2026 13:55||NIFTY27JAN2626400CE,0.1089974717163662
12-01-2026 14:00||NIFTY27JAN2624000PE,0.1819706271177983
12-01-2026 14:00||NIFTY27JAN2624400PE,0.1580194786676843
12-01-2026 14:00||NIFTY27JAN2624500PE,0.15186808097087315
12-01-2026 14:00||NIFTY27JAN2624600PE,0.14584907193339874
12-01-2026 14:00||NIFTY27JAN2625000PE,0.1243210240818062
12-01-2026 14:00||NIFTY27JAN2625400CE,0.12239608625310522
12-01-2026 14:00||NIFTY27JAN2625600CE,0.11617317100053881
12-01-2026 14:00||NIFTY27JAN2625700CE,0.1132127164332234
12-01-2026 14:00||NIFTY27JAN2626300CE,0.10786991155025824
12-01-2026 14:00||NIFTY27JAN2626400CE,0.10899794170968394
12-01-2026 14:05||NIFTY27JAN2624400PE,0.157180386925613
12-01-2026 14:05||NIFTY27JAN2624600PE,0.14488581570196077
12-01-2026 14:05||NIFTY27JAN2624800PE,0.13324624531390558
12-01-2026 14:05||NIFTY27JAN2625800CE,0.11548550745461468
12-01-2026 14:05||NIFTY27JAN2626000CE,0.11053275826930653
12-01-2026 14:05||NIFTY27JAN2626200CE,0.10904018869128443
12-01-2026 14:05||NIFTY27JAN2626400CE,0.10948829323925262
12-01-2026 14:05||NIFTY27JAN2626500CE,0.1103122135504671
12-01-2026 14:10||NIFTY27JAN2624100PE,0.1765881268296785
12-01-2026 14:10||NIFTY27JAN2624600PE,0.14649213960487373
12-01-2026 14:10||NIFTY27JAN2624800PE,0.13504576279020528
12-01-2026 14:10||NIFTY27JAN2625200CE,0.141996300792951
12-01-2026 14:10||NIFTY27JAN2625500CE,0.11688222399372031
12-01-2026 14:10||NIFTY27JAN2626400CE,0.10742571074947832
12-01-2026 14:15||NIFTY27JAN2624100PE,0.17517066315359356
12-01-2026 14:15||NIFTY27JAN2624200PE,0.16901028867171053
12-01-2026 14:15||NIFTY27JAN2624900PE,0.12844686486700566
12-01-2026 14:15||NIFTY27JAN2625800CE,0.1121387033797089
12-01-2026 14:20||NIFTY27JAN2624400PE,0.15648843306307325
12-01-2026 14:20||NIFTY27JAN2624500PE,0.14992852289406572
12-01-2026 14:20||NIFTY27JAN2624600PE,0.1435745310364076
12-01-2026 14:20||NIFTY27JAN2625000PE,0.12114362026486575
12-01-2026 14:20||NIFTY27JAN2625200CE,0.1507834393260661
12-01-2026 14:20||NIFTY27JAN2625700CE,0.12296840558022043
12-01-2026 14:20||NIFTY27JAN2626200CE,0.11147205987840661
12-01-2026 14:20||NIFTY27JAN2626500CE,0.11285024873900372
12-01-2026 14:25||NIFTY27JAN2623900PE,0.18818647577883457
12-01-2026 14:25||NIFTY27JAN2624200PE,0.17082313071824817
12-01-2026 14:25||NIFTY27JAN2624500PE,0.15265476212501794
12-01-2026 14:25||NIFTY27JAN2624600PE,0.14658124671303024
12-01-2026 14:25||NIFTY27JAN2626300CE,0.1064191178092894
12-01-2026 14:25||NIFTY27JAN2626500CE,0.10898862898115129
12-01-2026 14:30||NIFTY27JAN2623900PE,0.18815176977409798
12-01-2026 14:30||NIFTY27JAN2624200PE,0.1709941728206864
12-01-2026 14:30||NIFTY27JAN2625200CE,0.12315553150084176
12-01-2026 14:30||NIFTY27JAN2625700CE,0.1087347481065322
12-01-2026 14:30||NIFTY27JAN2626200CE,0.1046542184911418
12-01-2026 14:35||NIFTY27JAN2624500PE,0.14897246051918855
12-01-2026 14:35||NIFTY27JAN2625100PE,0.11617161024399554
12-01-2026 14:35||NIFTY27JAN2625900CE,0.116340308163747
12-01-2026 14:35||NIFTY27JAN2626000CE,0.11387304817315513
12-01-2026 14:35||NIFTY27JAN2626100CE,0.11210242432856551
12-01-2026 14:35||NIFTY27JAN2626400CE,0.11169020513305088
12-01-2026 14:35||NIFTY27JAN2626500CE,0.11284953671516404
12-01-2026 14:40||NIFTY27JAN2624100PE,0.1763426515662087
12-01-2026 14:40||NIFTY27JAN2624300PE,0.16401922816315753
12-01-2026 14:40||NIFTY27JAN2624500PE,0.15162411509866985
12-01-2026 14:40||NIFTY27JAN2625100PE,0.11948875217361901
12-01-2026 14:40||NIFTY27JAN2625300CE,0.13394429939477498
12-01-2026 14:40||NIFTY27JAN2625600CE,0.11905669335072312
12-01-2026 14:40||NIFTY27JAN2626400CE,0.10899693399583739
12-01-2026 14:45||NIFTY27JAN2624000PE,0.1825688881175152
12-01-2026 14:45||NIFTY27JAN2624600PE,0.14688165930083952
12-01-2026 14:45||NIFTY27JAN2625000PE,0.12469126416285946
12-01-2026 14:45||NIFTY27JAN2625300CE,0.12662251417880066
12-01-2026 14:45||NIFTY27JAN2625500CE,0.11838569673513484
12-01-2026 14:45||NIFTY27JAN2626000CE,0.10675068727387838
12-01-2026 14:45||NIFTY27JAN2626100CE,0.10588463167488471
12-01-2026 14:45||NIFTY27JAN2626200CE,0.10557857741116308
12-01-2026 14:45||NIFTY27JAN2626500CE,0.10876347894006493
12-01-2026 14:50||NIFTY27JAN2624000PE,0.182898091462048
12-01-2026 14:50||NIFTY27JAN2624400PE,0.158080714783633
12-01-2026 14:50||NIFTY27JAN2624800PE,0.1339394645308154
12-01-2026 14:50||NIFTY27JAN2625100PE,0.11858623919689645
12-01-2026 14:50||NIFTY27JAN2625600CE,0.12176981905176434
12-01-2026 14:50||NIFTY27JAN2626000CE,0.10942359903040497
12-01-2026 14:50||NIFTY27JAN2626300CE,0.10706200248402938
12-01-2026 14:50||NIFTY27JAN2626400CE,0.1077089393114646
12-01-2026 14:55||NIFTY27JAN2624300PE,0.16454253344880354
12-01-2026 14:55||NIFTY27JAN2624500PE,0.1519405271278501
12-01-2026 14:55||NIFTY27JAN2624700PE,0.13978522584313555
12-01-2026 14:55||NIFTY27JAN2624900PE,0.12900225143550673
12-01-2026 14:55||NIFTY27JAN2625100PE,0.11954425505530633
12-01-2026 14:55||NIFTY27JAN2626200CE,0.10715712321351228
12-01-2026 15:00||NIFTY27JAN2623800PE,0.19532242417518175
12-01-2026 15:00||NIFTY27JAN2623900PE,0.18920283766787133
12-01-2026 15:00||NIFTY27JAN2624300PE,0.16418555228006818
12-01-2026 15:00||NIFTY27JAN2624700PE,0.1399240881278122
12-01-2026 15:00||NIFTY27JAN2624800PE,0.1343958910149443
12-01-2026 15:00||NIFTY27JAN2626000CE,0.10780929434560008
12-01-2026 15:00||NIFTY27JAN2626100CE,0.10652444257848227
12-01-2026 15:05||NIFTY27JAN2623800PE,0.1930085873448712
12-01-2026 15:05||NIFTY27JAN2624200PE,0.17199533341034742
12-01-2026 15:05||NIFTY27JAN2624300PE,0.16546197374839516
12-01-2026 15:05||NIFTY27JAN2624900PE,0.12981425588368722
12-01-2026 15:05||NIFTY27JAN2625900CE,0.10733686359876916
12-01-2026 15:05||NIFTY27JAN2626200CE,0.10473922829656085
12-01-2026 15:10||NIFTY27JAN2624000PE,0.1831575673265862
12-01-2026 15:10||NIFTY27JAN2624500PE,0.15274456949887397
12-01-2026 15:10||NIFTY27JAN2624600PE,0.1464895432344039
12-01-2026 15:10||NIFTY27JAN2625200CE,0.13392233901331047
12-01-2026 15:10||NIFTY27JAN2625600CE,0.11334547078576987
12-01-2026 15:10||NIFTY27JAN2625900CE,0.10602622753423036
12-01-2026 15:10||NIFTY27JAN2626200CE,0.10339297663780382
12-01-2026 15:10||NIFTY27JAN2626300CE,0.10367661732294957
12-01-2026 15:10||NIFTY27JAN2626400CE,0.10451626329836092
12-01-2026 15:15||NIFTY27JAN2623900PE,0.1909794782196894
12-01-2026 15:15||NIFTY27JAN2624000PE,0.18502934392646325
12-01-2026 15:15||NIFTY27JAN2624500PE,0.15345078232398746
12-01-2026 15:15||NIFTY27JAN2624900PE,0.1296458890217716
12-01-2026 15:15||NIFTY27JAN2625200CE,0.14169650412099694
12-01-2026 15:15||NIFTY27JAN2625400CE,0.1282807879120917
12-01-2026 15:15||NIFTY27JAN2625500CE,0.12272108369822003
12-01-2026 15:20||NIFTY27JAN2624100PE,0.18085595659464893
12-01-2026 15:20||NIFTY27JAN2624200PE,0.17434767055666556
12-01-2026 15:20||NIFTY27JAN2624400PE,0.16133564835284714
12-01-2026 15:20||NIFTY27JAN2624500PE,0.15493051098216223
12-01-2026 15:20||NIFTY27JAN2625000PE,0.12431261340609888
12-01-2026 15:20||NIFTY27JAN2625200CE,0.14240559089421376
12-01-2026 15:20||NIFTY27JAN2625300CE,0.13499929300657476
12-01-2026 15:20||NIFTY27JAN2626200CE,0.10481419023201011
12-01-2026 15:20||NIFTY27JAN2626300CE,0.10473580952363828
12-01-2026 15:25||NIFTY27JAN2624200PE,0.17411871534976414
12-01-2026 15:25||NIFTY27JAN2624600PE,0.14884659293772687
12-01-2026 15:25||NIFTY27JAN2625400CE,0.11786860421141422
12-01-2026 15:25||NIFTY27JAN2625500CE,0.11427717108577122
12-01-2026 15:25||NIFTY27JAN2625700CE,0.10846251941326432
13-01-2026 09:15||NIFTY27JAN2624000PE,0.18940377798124483
13-01-2026 09:15||NIFTY27JAN2624700PE,0.1450413398332863
13-01-2026 09:15||NIFTY27JAN2625500CE,0.10033565651454426
13-01-2026 09:15||NIFTY27JAN2625600CE,0.0995652390787014
13-01-2026 09:15||NIFTY27JAN2625800CE,0.09819967551915873
13-01-2026 09:15||NIFTY27JAN2625900CE,0.09768387879217523
13-01-2026 09:15||NIFTY27JAN2626100CE,0.09729872673513824
13-01-2026 09:20||NIFTY27JAN2623800PE,0.20167043735592236
13-01-2026 09:20||NIFTY27JAN2624500PE,0.15571932762680274
13-01-2026 09:20||NIFTY27JAN2624600PE,0.14936016603620167
13-01-2026 09:20||NIFTY27JAN2624800PE,0.13724954013455132
13-01-2026 09:25||NIFTY27JAN2623800PE,0.20166148713760837
13-01-2026 09:25||NIFTY27JAN2624200PE,0.1764069255323038
13-01-2026 09:25||NIFTY27JAN2624400PE,0.16495158083725062
13-01-2026 09:25||NIFTY27JAN2624600PE,0.15383507717250341
13-01-2026 09:25||NIFTY27JAN2624800PE,0.14319109282066844
13-01-2026 09:25||NIFTY27JAN2625300CE,0.07712456056482549
13-01-2026 09:25||NIFTY27JAN2625500CE,0.08361908559499502
13-01-2026 09:30||NIFTY27JAN2624500PE,0.15541981061629878
13-01-2026 09:30||NIFTY27JAN2625300CE,0.09582223310019108
13-01-2026 09:30||NIFTY27JAN2625500CE,0.09801628618152258
13-01-2026 09:30||NIFTY27JAN2625700CE,0.09896991746859744
13-01-2026 09:30||NIFTY27JAN2626000CE,0.09979016860268086
13-01-2026 09:30||NIFTY27JAN2626200CE,0.10096585292215221
13-01-2026 09:35||NIFTY27JAN2624000PE,0.18549720658051888
13-01-2026 09:35||NIFTY27JAN2625000PE,0.12554736184818838
13-01-2026 09:35||NIFTY27JAN2625300CE,0.11399069179725134
13-01-2026 09:35||NIFTY27JAN2625700CE,0.10741519834950747
13-01-2026 09:35||NIFTY27JAN2625800CE,0.10651060581616799
13-01-2026 09:40||NIFTY27JAN2625200CE,0.11863407377605226
13-01-2026 09:40||NIFTY27JAN2625400CE,0.11417028130954673
13-01-2026 09:40||NIFTY27JAN2625600CE,0.1105492807495724
13-01-2026 09:45||NIFTY27JAN2623800PE,0.1961749702957998
13-01-2026 09:45||NIFTY27JAN2624500PE,0.15334745841781175
13-01-2026 09:45||NIFTY27JAN2625400CE,0.09948024486809291
13-01-2026 09:45||NIFTY27JAN2625800CE,0.09898902320458863
13-01-2026 09:45||NIFTY27JAN2625900CE,0.09922824218349956
13-01-2026 09:50||NIFTY27JAN2623900PE,0.19122833352415047
13-01-2026 09:50||NIFTY27JAN2624500PE,0.1531599464369815
13-01-2026 09:50||NIFTY27JAN2624600PE,0.1469872426887272
13-01-2026 09:50||NIFTY27JAN2625000PE,0.1239260239720647
13-01-2026 09:50||NIFTY27JAN2625100PE,0.11820317644366783
13-01-2026 09:50||NIFTY27JAN2626300CE,0.10559772262480038
13-01-2026 09:55||NIFTY27JAN2624100PE,0.17815399392401238
13-01-2026 09:55||NIFTY27JAN2624200PE,0.1714274553133123
13-01-2026 09:55||NIFTY27JAN2624300PE,0.16485011737410055
13-01-2026 09:55||NIFTY27JAN2624700PE,0.14132809796002316
13-01-2026 09:55||NIFTY27JAN2625600CE,0.1039697659966187
13-01-2026 10:00||NIFTY27JAN2624200PE,0.16944904113120066
13-01-2026 10:00||NIFTY27JAN2626300CE,0.11174151280396068
13-01-2026 10:00||NIFTY27JAN2626500CE,0.11415675073883505
13-01-2026 10:05||NIFTY27JAN2624000PE,0.1817265141188601
13-01-2026 10:05||NIFTY27JAN2624800PE,0.1340151426332789
13-01-2026 10:05||NIFTY27JAN2626400CE,0.10965687857398247
13-01-2026 10:10||NIFTY27JAN2624100PE,0.17944941204743364
13-01-2026 10:10||NIFTY27JAN2624200PE,0.17273841553786937
13-01-2026 10:10||NIFTY27JAN2624500PE,0.1537570559218428
13-01-2026 10:10||NIFTY27JAN2624700PE,0.1420438485719894
13-01-2026 10:10||NIFTY27JAN2625100PE,0.1237800076190809
13-01-2026 10:10||NIFTY27JAN2625800CE,0.10119703676395253
13-01-2026 10:15||NIFTY27JAN2624500PE,0.15286630182073263
13-01-2026 10:15||NIFTY27JAN2624800PE,0.13595405182659082
13-01-2026 10:15||NIFTY27JAN2624900PE,0.13108538798106173
13-01-2026 10:15||NIFTY27JAN2625100PE,0.12234636634654397
13-01-2026 10:15||NIFTY27JAN2625800CE,0.10202481491351108
13-01-2026 10:20||NIFTY27JAN2623900PE,0.19081714752627293
13-01-2026 10:20||NIFTY27JAN2624100PE,0.17816114032602554
13-01-2026 10:20||NIFTY27JAN2625300CE,0.11765857859980958
13-01-2026 10:20||NIFTY27JAN2625700CE,0.10606761679901244
13-01-2026 10:20||NIFTY27JAN2626500CE,0.1079477224934993
13-01-2026 10:25||NIFTY27JAN2623900PE,0.191481369346165
13-01-2026 10:25||NIFTY27JAN2624200PE,0.17234983532123271
13-01-2026 10:25||NIFTY27JAN2624500PE,0.15186437289995836
13-01-2026 10:25||NIFTY27JAN2624700PE,0.13920524294477585
13-01-2026 10:25||NIFTY27JAN2625100PE,0.11780337228094712
13-01-2026 10:25||NIFTY27JAN2625700CE,0.114831413926322
13-01-2026 10:30||NIFTY27JAN2623800PE,0.19887704503844483
13-01-2026 10:30||NIFTY27JAN2624400PE,0.16182872087266623
13-01-2026 10:30||NIFTY27JAN2624600PE,0.14929290619607022
13-01-2026 10:30||NIFTY27JAN2624700PE,0.1430975498868458
13-01-2026 10:30||NIFTY27JAN2624900PE,0.13174031038985695
13-01-2026 10:30||NIFTY27JAN2625300CE,0.11860839804053581
13-01-2026 10:30||NIFTY27JAN2625900CE,0.10136882314313217
13-01-2026 10:30||NIFTY27JAN2626000CE,0.1009559406732331
13-01-2026 10:30||NIFTY27JAN2626100CE,0.10088036147639556
13-01-2026 10:30||NIFTY27JAN2626400CE,0.10335512885147319
13-01-2026 10:35||NIFTY27JAN2623800PE,0.20287189307337986
13-01-2026 10:35||NIFTY27JAN2623900PE,0.1949359089215658
13-01-2026 10:35||NIFTY27JAN2624300PE,0.1676129572532414
13-01-2026 10:35||NIFTY27JAN2624600PE,0.14877779757780585
13-01-2026 10:35||NIFTY27JAN2625000PE,0.12639865498876574
13-01-2026 10:35||NIFTY27JAN2626000CE,0.10178223858631831
13-01-2026 10:35||NIFTY27JAN2626100CE,0.10177253954902252
13-01-2026 10:40||NIFTY27JAN2623900PE,0.1921788933066529
13-01-2026 10:40||NIFTY27JAN2624000PE,0.18606101877454684
13-01-2026 10:40||NIFTY27JAN2624400PE,0.1604394461276339
13-01-2026 10:40||NIFTY27JAN2624500PE,0.15422321133776262
13-01-2026 10:40||NIFTY27JAN2624800PE,0.1364245638963461
13-01-2026 10:40||NIFTY27JAN2626300CE,0.10345329646376857
13-01-2026 10:45||NIFTY27JAN2623900PE,0.19049931316865648
13-01-2026 10:45||NIFTY27JAN2624900PE,0.12847760874215614
13-01-2026 10:45||NIFTY27JAN2625200CE,0.11603298274476105
13-01-2026 10:45||NIFTY27JAN2625600CE,0.10914949097701455
13-01-2026 10:50||NIFTY27JAN2624900PE,0.1310763198339132
13-01-2026 10:50||NIFTY27JAN2625000PE,0.12611858876159
13-01-2026 10:50||NIFTY27JAN2625500CE,0.10677817638060125
13-01-2026 10:50||NIFTY27JAN2625600CE,0.10334787662780695
13-01-2026 10:50||NIFTY27JAN2625700CE,0.1006264390843511
13-01-2026 10:50||NIFTY27JAN2625900CE,0.09818963160738836
13-01-2026 10:55||NIFTY27JAN2624300PE,0.1635224149758334
13-01-2026 10:55||NIFTY27JAN2624400PE,0.15705966250207473
13-01-2026 10:55||NIFTY27JAN2625200CE,0.13281197627401073
13-01-2026 10:55||NIFTY27JAN2625700CE,0.11001708749769604
13-01-2026 10:55||NIFTY27JAN2626400CE,0.10640267382042948
13-01-2026 11:00||NIFTY27JAN2623900PE,0.1899975859016672
13-01-2026 11:00||NIFTY27JAN2624200PE,0.1710199981789099
13-01-2026 11:00||NIFTY27JAN2625000PE,0.12427109010021192
13-01-2026 11:00||NIFTY27JAN2625700CE,0.10232604611282357
13-01-2026 11:00||NIFTY27JAN2625800CE,0.10147679655763521
13-01-2026 11:00||NIFTY27JAN2626400CE,0.10352867714138397
13-01-2026 11:05||NIFTY27JAN2624100PE,0.17617968678416793
13-01-2026 11:05||NIFTY27JAN2624800PE,0.13264315827098433
13-01-2026 11:05||NIFTY27JAN2625100PE,0.11799314772274998
13-01-2026 11:05||NIFTY27JAN2625800CE,0.10915011557121121
13-01-2026 11:10||NIFTY27JAN2623900PE,0.18949010783609258
13-01-2026 11:10||NIFTY27JAN2624800PE,0.13328905634339522
13-01-2026 11:10||NIFTY27JAN2624900PE,0.12782759188723516
13-01-2026 11:10||NIFTY27JAN2625000PE,0.1231368670609611
13-01-2026 11:10||NIFTY27JAN2625100PE,0.1154589568318206
13-01-2026 11:10||NIFTY27JAN2625900CE,0.10314510260197349
13-01-2026 11:10||NIFTY27JAN2626400CE,0.10357943886845178
13-01-2026 11:15||NIFTY27JAN2624500PE,0.1509423870275231
13-01-2026 11:15||NIFTY27JAN2625100PE,0.11930866943369721
13-01-2026 11:15||NIFTY27JAN2625200CE,0.11477351572708253
13-01-2026 11:15||NIFTY27JAN2625300CE,0.11318540508219294
13-01-2026 11:20||NIFTY27JAN2624900PE,0.12827601091153507
13-01-2026 11:20||NIFTY27JAN2626100CE,0.10102602085006399
13-01-2026 11:25||NIFTY27JAN2624000PE,0.182521636439322
13-01-2026 11:25||NIFTY27JAN2624500PE,0.1497203375947747
13-01-2026 11:25||NIFTY27JAN2624800PE,0.1322681905035043
13-01-2026 11:25||NIFTY27JAN2625600CE,0.1112549030271094
13-01-2026 11:25||NIFTY27JAN2626000CE,0.10284063090846163
13-01-2026 11:25||NIFTY27JAN2626200CE,0.10206570867682027
13-01-2026 11:25||NIFTY27JAN2626400CE,0.10343797904520075
13-01-2026 11:30||NIFTY27JAN2625100PE,0.11744807050318398
13-01-2026 11:30||NIFTY27JAN2625500CE,0.11526388585430812
13-01-2026 11:30||NIFTY27JAN2625800CE,0.10755114316312667
13-01-2026 11:30||NIFTY27JAN2625900CE,0.10558492600536931
13-01-2026 11:35||NIFTY27JAN2623800PE,0.19804325693660135
13-01-2026 11:35||NIFTY27JAN2623900PE,0.19111131683128718
13-01-2026 11:35||NIFTY27JAN2624100PE,0.1775510809495543
13-01-2026 11:35||NIFTY27JAN2624900PE,0.12916842417199936
13-01-2026 11:35||NIFTY27JAN2625300CE,0.11014429998623453
13-01-2026 11:35||NIFTY27JAN2626000CE,0.09935679641374001
13-01-2026 11:35||NIFTY27JAN2626300CE,0.09998099222452982
13-01-2026 11:35||NIFTY27JAN2626500CE,0.10236373809872529
13-01-2026 11:40||NIFTY27JAN2623800PE,0.19426576196667955
13-01-2026 11:40||NIFTY27JAN2624500PE,0.15144282339997744
13-01-2026 11:40||NIFTY27JAN2624900PE,0.1300184510074588
13-01-2026 11:40||NIFTY27JAN2625300CE,0.098059789047203
13-01-2026 11:40||NIFTY27JAN2625400CE,0.09785069012404289
13-01-2026 11:45||NIFTY27JAN2623800PE,0.19265359603593546
13-01-2026 11:45||NIFTY27JAN2625000PE,0.12200613130279342
13-01-2026 11:45||NIFTY27JAN2625400CE,0.11279811717907591
13-01-2026 11:45||NIFTY27JAN2625800CE,0.10430974315849612
13-01-2026 11:45||NIFTY27JAN2626200CE,0.10130372924603254
13-01-2026 11:45||NIFTY27JAN2626300CE,0.10200198804368274
13-01-2026 11:45||NIFTY27JAN2626400CE,0.10334902405305971
13-01-2026 11:50||NIFTY27JAN2624000PE,0.18080228229063278
13-01-2026 11:50||NIFTY27JAN2624300PE,0.16251813821098554
13-01-2026 11:50||NIFTY27JAN2625100PE,0.12006693203326488
13-01-2026 11:50||NIFTY27JAN2626200CE,0.09862824205736763
13-01-2026 11:50||NIFTY27JAN2626300CE,0.09957880050195618
13-01-2026 11:55||NIFTY27JAN2624300PE,0.1605894604743228
13-01-2026 11:55||NIFTY27JAN2624800PE,0.13168535379120863
13-01-2026 11:55||NIFTY27JAN2625000PE,0.12188660251552798
13-01-2026 11:55||NIFTY27JAN2625400CE,0.10975648963116628
13-01-2026 11:55||NIFTY27JAN2625500CE,0.10731025427792175
13-01-2026 12:00||NIFTY27JAN2624500PE,0.1475085829115552
13-01-2026 12:00||NIFTY27JAN2625000PE,0.1209980019449828
13-01-2026 12:00||NIFTY27JAN2625900CE,0.10225572014383015
13-01-2026 12:05||NIFTY27JAN2623800PE,0.1920782682729488
13-01-2026 12:05||NIFTY27JAN2624500PE,0.14644305844690153
13-01-2026 12:05||NIFTY27JAN2624700PE,0.13489029520829635
13-01-2026 12:05||NIFTY27JAN2625000PE,0.11961558340171617
13-01-2026 12:05||NIFTY27JAN2625300CE,0.11248440469787321
13-01-2026 12:05||NIFTY27JAN2625800CE,0.10479284476317566
13-01-2026 12:10||NIFTY27JAN2624500PE,0.1479364678355573
13-01-2026 12:10||NIFTY27JAN2625000PE,0.12249274924708253
13-01-2026 12:10||NIFTY27JAN2625200CE,0.11620151776367843
13-01-2026 12:10||NIFTY27JAN2625500CE,0.09984808372816416
13-01-2026 12:10||NIFTY27JAN2625600CE,0.09988268069951808
13-01-2026 12:15||NIFTY27JAN2624200PE,0.16508141367097773
13-01-2026 12:15||NIFTY27JAN2624300PE,0.1587383779793254
13-01-2026 12:15||NIFTY27JAN2625300CE,0.11576744630839715
13-01-2026 12:15||NIFTY27JAN2625800CE,0.10631419612799026
13-01-2026 12:15||NIFTY27JAN2626500CE,0.10786012786884946
13-01-2026 12:20||NIFTY27JAN2624100PE,0.1712418009449877
13-01-2026 12:20||NIFTY27JAN2624700PE,0.13653598176853013
13-01-2026 12:20||NIFTY27JAN2625100PE,0.11732424650773333
13-01-2026 12:20||NIFTY27JAN2625700CE,0.10176556873910436
13-01-2026 12:25||NIFTY27JAN2623800PE,0.18645356664396823
13-01-2026 12:25||NIFTY27JAN2624200PE,0.16440668845918638
13-01-2026 12:25||NIFTY27JAN2624300PE,0.15784914890975207
13-01-2026 12:25||NIFTY27JAN2624500PE,0.14484222362189852
13-01-2026 12:25||NIFTY27JAN2625700CE,0.11077200826909259
13-01-2026 12:30||NIFTY27JAN2623900PE,0.1829950921486764
13-01-2026 12:30||NIFTY27JAN2624000PE,0.1767744110056495
13-01-2026 12:30||NIFTY27JAN2624100PE,0.1706499036097028
13-01-2026 12:30||NIFTY27JAN2624400PE,0.15298817123521405
13-01-2026 12:30||NIFTY27JAN2624700PE,0.135975900183504
13-01-2026 12:30||NIFTY27JAN2624900PE,0.12597428812172373
13-01-2026 12:30||NIFTY27JAN2626000CE,0.10032446696156845
13-01-2026 12:30||NIFTY27JAN2626400CE,0.10466259533915172
13-01-2026 12:35||NIFTY27JAN2624200PE,0.16337556675979534
13-01-2026 12:35||NIFTY27JAN2624300PE,0.15772033437396596
13-01-2026 12:35||NIFTY27JAN2624600PE,0.140517266181229
13-01-2026 12:35||NIFTY27JAN2624800PE,0.12915727693675008
13-01-2026 12:35||NIFTY27JAN2625100PE,0.11617441400073417
13-01-2026 12:35||NIFTY27JAN2625900CE,0.10271726799104412
13-01-2026 12:35||NIFTY27JAN2626100CE,0.10268585626952302
13-01-2026 12:35||NIFTY27JAN2626400CE,0.10586381073362884
13-01-2026 12:40||NIFTY27JAN2624100PE,0.1695629377669781
13-01-2026 12:40||NIFTY27JAN2624300PE,0.1575110036923032
13-01-2026 12:40||NIFTY27JAN2624600PE,0.14059937047957508
13-01-2026 12:40||NIFTY27JAN2624700PE,0.13506606810038213
13-01-2026 12:40||NIFTY27JAN2625100PE,0.1167746794857913
13-01-2026 12:40||NIFTY27JAN2626500CE,0.10688830192719406
13-01-2026 12:45||NIFTY27JAN2625300CE,0.09909796767683737
13-01-2026 12:45||NIFTY27JAN2626200CE,0.1014153883134543
13-01-2026 12:50||NIFTY27JAN2623900PE,0.18105754575608404
13-01-2026 12:50||NIFTY27JAN2624100PE,0.16904871186895454
13-01-2026 12:50||NIFTY27JAN2624600PE,0.1403021580953931
13-01-2026 12:50||NIFTY27JAN2625400CE,0.10683317786039113
13-01-2026 12:50||NIFTY27JAN2625500CE,0.10542648296310562
13-01-2026 12:55||NIFTY27JAN2624000PE,0.17422673993253415
13-01-2026 12:55||NIFTY27JAN2624300PE,0.15679812527910825
13-01-2026 12:55||NIFTY27JAN2624500PE,0.14541795953695685
13-01-2026 12:55||NIFTY27JAN2624700PE,0.13486586835912143
13-01-2026 12:55||NIFTY27JAN2625000PE,0.12059257994303811
13-01-2026 12:55||NIFTY27JAN2625100PE,0.11624664311111901
13-01-2026 12:55||NIFTY27JAN2625300CE,0.11254790949207888
13-01-2026 12:55||NIFTY27JAN2625500CE,0.10674103131995162
13-01-2026 12:55||NIFTY27JAN2626200CE,0.10440755990874626
13-01-2026 12:55||NIFTY27JAN2626400CE,0.10797394101586294
13-01-2026 12:55||NIFTY27JAN2626500CE,0.11032529205153963
13-01-2026 13:00||NIFTY27JAN2624000PE,0.17420638812070677
13-01-2026 13:00||NIFTY27JAN2624600PE,0.13945855086192543
13-01-2026 13:00||NIFTY27JAN2624700PE,0.13401467690420243
13-01-2026 13:00||NIFTY27JAN2626400CE,0.10907189375662511
13-01-2026 13:05||NIFTY27JAN2624000PE,0.17476700289726038
13-01-2026 13:05||NIFTY27JAN2624600PE,0.13875633677707247
13-01-2026 13:05||NIFTY27JAN2625200CE,0.1192404164929649
13-01-2026 13:05||NIFTY27JAN2625700CE,0.10757443517644481
13-01-2026 13:05||NIFTY27JAN2626500CE,0.11394848764997734
13-01-2026 13:10||NIFTY27JAN2623900PE,0.18331209021686803
13-01-2026 13:10||NIFTY27JAN2624400PE,0.15215548782952054
13-01-2026 13:10||NIFTY27JAN2624500PE,0.14613623763478537
13-01-2026 13:10||NIFTY27JAN2624700PE,0.1350758793824796
13-01-2026 13:10||NIFTY27JAN2625000PE,0.12100065851095018
13-01-2026 13:10||NIFTY27JAN2625600CE,0.10365486565975932
13-01-2026 13:10||NIFTY27JAN2626000CE,0.10218939226138603
13-01-2026 13:10||NIFTY27JAN2626400CE,0.10776046482689387
13-01-2026 13:10||NIFTY27JAN2626500CE,0.11034006484754863
13-01-2026 13:15||NIFTY27JAN2623800PE,0.18821317319387282
13-01-2026 13:15||NIFTY27JAN2624000PE,0.1761118806329281
13-01-2026 13:15||NIFTY27JAN2624100PE,0.17001405708543854
13-01-2026 13:15||NIFTY27JAN2624700PE,0.13442341761415638
13-01-2026 13:15||NIFTY27JAN2625000PE,0.12000234330744615
13-01-2026 13:15||NIFTY27JAN2625800CE,0.10664656328684866
13-01-2026 13:15||NIFTY27JAN2626100CE,0.10628384499898046
13-01-2026 13:15||NIFTY27JAN2626200CE,0.10735773111096404
13-01-2026 13:15||NIFTY27JAN2626300CE,0.10904795940981524
13-01-2026 13:20||NIFTY27JAN2624300PE,0.15784383921521208
13-01-2026 13:20||NIFTY27JAN2624400PE,0.1517435523319507
13-01-2026 13:20||NIFTY27JAN2624800PE,0.12877566826117975
13-01-2026 13:20||NIFTY27JAN2625000PE,0.11946859140495472
13-01-2026 13:20||NIFTY27JAN2625300CE,0.11702076240898032
13-01-2026 13:20||NIFTY27JAN2625400CE,0.11387812923548031
13-01-2026 13:20||NIFTY27JAN2625900CE,0.10484585121987378
13-01-2026 13:20||NIFTY27JAN2626500CE,0.11274049492237431
13-01-2026 13:25||NIFTY27JAN2624000PE,0.17701138186999343
13-01-2026 13:25||NIFTY27JAN2624200PE,0.16444098418868336
13-01-2026 13:25||NIFTY27JAN2624300PE,0.1580143891530496
13-01-2026 13:25||NIFTY27JAN2624600PE,0.14012593492697756
13-01-2026 13:25||NIFTY27JAN2625600CE,0.1047958525272638
13-01-2026 13:25||NIFTY27JAN2626400CE,0.10890834322188915
13-01-2026 13:30||NIFTY27JAN2623800PE,0.18938298219740535
13-01-2026 13:30||NIFTY27JAN2624000PE,0.17619450930218175
13-01-2026 13:30||NIFTY27JAN2624100PE,0.16986297456207453
13-01-2026 13:30||NIFTY27JAN2625500CE,0.1097765409453248
13-01-2026 13:35||NIFTY27JAN2624300PE,0.15887256063904984
13-01-2026 13:35||NIFTY27JAN2624800PE,0.13003585558523437
13-01-2026 13:35||NIFTY27JAN2625700CE,0.1018676356552287
13-01-2026 13:40||NIFTY27JAN2623800PE,0.19027682028849008
13-01-2026 13:40||NIFTY27JAN2624400PE,0.1494917138423753
13-01-2026 13:40||NIFTY27JAN2624500PE,0.14342418642662197
13-01-2026 13:40||NIFTY27JAN2625500CE,0.111402790826109
13-01-2026 13:40||NIFTY27JAN2625700CE,0.10761221226319191
13-01-2026 13:40||NIFTY27JAN2625900CE,0.10505747943013868
13-01-2026 13:40||NIFTY27JAN2626100CE,0.1045420503444359
13-01-2026 13:45||NIFTY27JAN2624000PE,0.1759971124123279
13-01-2026 13:45||NIFTY27JAN2624100PE,0.16924173048041802
13-01-2026 13:45||NIFTY27JAN2625100PE,0.11556365237925119
13-01-2026 13:45||NIFTY27JAN2625300CE,0.11081940160993166
13-01-2026 13:45||NIFTY27JAN2625800CE,0.10124395650940822
13-01-2026 13:45||NIFTY27JAN2626000CE,0.1009328043138258
13-01-2026 13:50||NIFTY27JAN2624200PE,0.16223781396627684
13-01-2026 13:50||NIFTY27JAN2624400PE,0.1497487259537985
13-01-2026 13:50||NIFTY27JAN2624500PE,0.14370236769809247
13-01-2026 13:50||NIFTY27JAN2626000CE,0.10187067573325295
13-01-2026 13:55||NIFTY27JAN2624200PE,0.16198540516666093
13-01-2026 13:55||NIFTY27JAN2624300PE,0.15562360274148873
13-01-2026 13:55||NIFTY27JAN2625000PE,0.1187367815813073
13-01-2026 13:55||NIFTY27JAN2625500CE,0.10867092897415223
13-01-2026 13:55||NIFTY27JAN2626000CE,0.1031994592082802
13-01-2026 14:00||NIFTY27JAN2623900PE,0.1804583473636256
13-01-2026 14:00||NIFTY27JAN2624000PE,0.17412314222324757
13-01-2026 14:00||NIFTY27JAN2624100PE,0.16793691311969236
13-01-2026 14:00||NIFTY27JAN2624600PE,0.13899813084093648
13-01-2026 14:00||NIFTY27JAN2625300CE,0.10411309326726637
13-01-2026 14:00||NIFTY27JAN2625700CE,0.10119166070965475
13-01-2026 14:05||NIFTY27JAN2623900PE,0.18007942618185677
13-01-2026 14:05||NIFTY27JAN2624200PE,0.16116471996452275
13-01-2026 14:05||NIFTY27JAN2624500PE,0.1432764633865038
13-01-2026 14:05||NIFTY27JAN2625700CE,0.10423330599370709
13-01-2026 14:05||NIFTY27JAN2626300CE,0.10636438321123882
13-01-2026 14:05||NIFTY27JAN2626500CE,0.11192578326039379
13-01-2026 14:10||NIFTY27JAN2624300PE,0.1547163225190712
13-01-2026 14:10||NIFTY27JAN2624700PE,0.13217505907242355
13-01-2026 14:10||NIFTY27JAN2625200CE,0.10253473363148345
13-01-2026 14:10||NIFTY27JAN2625400CE,0.10312301207806762
13-01-2026 14:10||NIFTY27JAN2626100CE,0.10110873694637804
13-01-2026 14:15||NIFTY27JAN2623800PE,0.18384275832477798
13-01-2026 14:15||NIFTY27JAN2624800PE,0.12535206739750848
13-01-2026 14:15||NIFTY27JAN2626200CE,0.10373022067253888
13-01-2026 14:20||NIFTY27JAN2624000PE,0.1713396068330276
13-01-2026 14:20||NIFTY27JAN2624400PE,0.1476923176211772
13-01-2026 14:20||NIFTY27JAN2624800PE,0.1268708431271068
13-01-2026 14:20||NIFTY27JAN2624900PE,0.12243959745105489
13-01-2026 14:20||NIFTY27JAN2625200CE,0.10828115604595163
13-01-2026 14:20||NIFTY27JAN2625800CE,0.09898442005068539
13-01-2026 14:25||NIFTY27JAN2624000PE,0.1707772120642334
13-01-2026 14:25||NIFTY27JAN2624100PE,0.1644952564646266
13-01-2026 14:25||NIFTY27JAN2624200PE,0.15834105528943476
13-01-2026 14:25||NIFTY27JAN2624500PE,0.14115353493333932
13-01-2026 14:25||NIFTY27JAN2624600PE,0.13562713172905083
13-01-2026 14:25||NIFTY27JAN2625600CE,0.10304205166275598
13-01-2026 14:25||NIFTY27JAN2626000CE,0.10171320954039084
13-01-2026 14:25||NIFTY27JAN2626200CE,0.10418456911595386
13-01-2026 14:30||NIFTY27JAN2624500PE,0.13959955421781423
13-01-2026 14:30||NIFTY27JAN2624600PE,0.13381903946435242
13-01-2026 14:30||NIFTY27JAN2624900PE,0.119075123481023
13-01-2026 14:30||NIFTY27JAN2625100PE,0.11028161222127515
13-01-2026 14:30||NIFTY27JAN2625600CE,0.11128467180659538
13-01-2026 14:35||NIFTY27JAN2623800PE,0.18165604660929868
13-01-2026 14:35||NIFTY27JAN2624200PE,0.15831048675283246
13-01-2026 14:35||NIFTY27JAN2625100PE,0.11131298885326431
13-01-2026 14:35||NIFTY27JAN2625400CE,0.11680752887017645
13-01-2026 14:35||NIFTY27JAN2626300CE,0.10746591132571799
13-01-2026 14:35||NIFTY27JAN2626500CE,0.11311478175495121
13-01-2026 14:40||NIFTY27JAN2624500PE,0.14147849184272365
13-01-2026 14:40||NIFTY27JAN2624600PE,0.13568597749597294
13-01-2026 14:40||NIFTY27JAN2624800PE,0.12467933701463378
13-01-2026 14:40||NIFTY27JAN2625300CE,0.12156420012727845
13-01-2026 14:40||NIFTY27JAN2625600CE,0.11084996764139744
13-01-2026 14:40||NIFTY27JAN2625800CE,0.10623900671686454
13-01-2026 14:45||NIFTY27JAN2625100PE,0.11305640624268035
13-01-2026 14:45||NIFTY27JAN2626000CE,0.10021956581029397
13-01-2026 14:45||NIFTY27JAN2626100CE,0.10044541815406124
13-01-2026 14:45||NIFTY27JAN2626500CE,0.10920384189491844
13-01-2026 14:50||NIFTY27JAN2624400PE,0.14826351177505265
13-01-2026 14:50||NIFTY27JAN2624500PE,0.14186387552055896
13-01-2026 14:55||NIFTY27JAN2623800PE,0.1897610195086145
13-01-2026 14:55||NIFTY27JAN2623900PE,0.18286075772925556
13-01-2026 14:55||NIFTY27JAN2624100PE,0.16947934887512323
13-01-2026 14:55||NIFTY27JAN2624400PE,0.15041504808513945
13-01-2026 14:55||NIFTY27JAN2624500PE,0.14422854416627034
13-01-2026 14:55||NIFTY27JAN2624800PE,0.12769063605430142
13-01-2026 14:55||NIFTY27JAN2624900PE,0.12284272284258035
13-01-2026 14:55||NIFTY27JAN2625100PE,0.11402457180882004
13-01-2026 14:55||NIFTY27JAN2625700CE,0.10041758430422056
13-01-2026 14:55||NIFTY27JAN2625900CE,0.09844245065043145
13-01-2026 14:55||NIFTY27JAN2626400CE,0.10330912316263213
13-01-2026 15:00||NIFTY27JAN2623900PE,0.1844027394992244
13-01-2026 15:00||NIFTY27JAN2624500PE,0.14715475345411713
13-01-2026 15:00||NIFTY27JAN2624600PE,0.1412789920785702
13-01-2026 15:00||NIFTY27JAN2625100PE,0.11752948258426764
13-01-2026 15:00||NIFTY27JAN2625700CE,0.08808142807872803
13-01-2026 15:00||NIFTY27JAN2626200CE,0.09390439375574583
13-01-2026 15:05||NIFTY27JAN2624000PE,0.17451977976435532
13-01-2026 15:05||NIFTY27JAN2624500PE,0.142319555463214
13-01-2026 15:05||NIFTY27JAN2624900PE,0.12018403125938638
13-01-2026 15:05||NIFTY27JAN2625400CE,0.11527952212713906
13-01-2026 15:05||NIFTY27JAN2625700CE,0.10595077282805926
13-01-2026 15:05||NIFTY27JAN2625800CE,0.10361228878998309
13-01-2026 15:05||NIFTY27JAN2626000CE,0.10120174483913874
13-01-2026 15:05||NIFTY27JAN2626100CE,0.10087001515398497
13-01-2026 15:05||NIFTY27JAN2626500CE,0.1076768877853563
13-01-2026 15:10||NIFTY27JAN2624000PE,0.17685918496882058
13-01-2026 15:10||NIFTY27JAN2624200PE,0.16431705369985639
13-01-2026 15:10||NIFTY27JAN2624400PE,0.15161312921099845
13-01-2026 15:10||NIFTY27JAN2624900PE,0.12386440721506246
13-01-2026 15:10||NIFTY27JAN2625300CE,0.0951153527073163
13-01-2026 15:10||NIFTY27JAN2625600CE,0.09397408864041012
13-01-2026 15:10||NIFTY27JAN2626200CE,0.0952082333353039
13-01-2026 15:15||NIFTY27JAN2623800PE,0.18468973404380107
13-01-2026 15:15||NIFTY27JAN2624200PE,0.165173315829497
13-01-2026 15:15||NIFTY27JAN2624600PE,0.14079786703125835
13-01-2026 15:15||NIFTY27JAN2624700PE,0.13523471985275795
13-01-2026 15:15||NIFTY27JAN2625700CE,0.09235630446435189
13-01-2026 15:15||NIFTY27JAN2626000CE,0.0921904061763997
13-01-2026 15:15||NIFTY27JAN2626300CE,0.09645592506756821
13-01-2026 15:15||NIFTY27JAN2626500CE,0.10248560130828548
13-01-2026 15:20||NIFTY27JAN2623900PE,0.18272052359858687
13-01-2026 15:20||NIFTY27JAN2624300PE,0.15813728022986898
13-01-2026 15:20||NIFTY27JAN2624800PE,0.12803057396447293
13-01-2026 15:20||NIFTY27JAN2625300CE,0.1036320195549501
13-01-2026 15:20||NIFTY27JAN2625600CE,0.0984766924245076
13-01-2026 15:20||NIFTY27JAN2626200CE,0.0966469518616129
13-01-2026 15:25||NIFTY27JAN2624500PE,0.14638460159784128
13-01-2026 15:25||NIFTY27JAN2624700PE,0.13496763996856564
13-01-2026 15:25||NIFTY27JAN2624900PE,0.12434762499785683
13-01-2026 15:25||NIFTY27JAN2626000CE,0.0934429312197119
14-01-2026 09:15||NIFTY27JAN2624300PE,0.1622109504206688
14-01-2026 09:15||NIFTY27JAN2624400PE,0.15568278854202852
14-01-2026 09:15||NIFTY27JAN2625300CE,0.1278817888038952
14-01-2026 09:15||NIFTY27JAN2626100CE,0.10159629878233778
14-01-2026 09:15||NIFTY27JAN2626500CE,0.11005634763627511
14-01-2026 09:20||NIFTY27JAN2624100PE,0.1766131790910057
14-01-2026 09:25||NIFTY27JAN2624000PE,0.18289788230429485
14-01-2026 09:25||NIFTY27JAN2624200PE,0.16976905730670055
14-01-2026 09:25||NIFTY27JAN2624700PE,0.13676246532902478
14-01-2026 09:25||NIFTY27JAN2625300CE,0.12664418256689575
14-01-2026 09:25||NIFTY27JAN2626500CE,0.10864520735244522
14-01-2026 09:30||NIFTY27JAN2623800PE,0.19806912947894698
14-01-2026 09:30||NIFTY27JAN2624000PE,0.18542684364456463
14-01-2026 09:30||NIFTY27JAN2624600PE,0.14639852424089306
14-01-2026 09:30||NIFTY27JAN2624700PE,0.14015825749799188
14-01-2026 09:30||NIFTY27JAN2626200CE,0.09730074671977183
14-01-2026 09:30||NIFTY27JAN2626500CE,0.1052181268463811
14-01-2026 09:35||NIFTY27JAN2624000PE,0.1842412180429455
14-01-2026 09:35||NIFTY27JAN2625500CE,0.10190975484044083
14-01-2026 09:35||NIFTY27JAN2626400CE,0.10262119126415084
14-01-2026 09:40||NIFTY27JAN2623800PE,0.19400446759031026
14-01-2026 09:40||NIFTY27JAN2624000PE,0.18233672265477346
14-01-2026 09:40||NIFTY27JAN2624200PE,0.1696167842395573
14-01-2026 09:40||NIFTY27JAN2624700PE,0.1376011353012743
14-01-2026 09:40||NIFTY27JAN2624800PE,0.13168834623045686
14-01-2026 09:40||NIFTY27JAN2625000PE,0.12051530401362202
14-01-2026 09:40||NIFTY27JAN2625500CE,0.0999670344908826
14-01-2026 09:40||NIFTY27JAN2625800CE,0.09699019427033968
14-01-2026 09:45||NIFTY27JAN2624300PE,0.16259605420964746
14-01-2026 09:45||NIFTY27JAN2624400PE,0.15585157215152218
14-01-2026 09:45||NIFTY27JAN2624500PE,0.14899978863639343
14-01-2026 09:45||NIFTY27JAN2624600PE,0.14244003801832045
14-01-2026 09:45||NIFTY27JAN2625400CE,0.10529411023666967
14-01-2026 09:50||NIFTY27JAN2623800PE,0.19443917130466942
14-01-2026 09:50||NIFTY27JAN2623900PE,0.18765009848352593
14-01-2026 09:50||NIFTY27JAN2624600PE,0.1412091609809745
14-01-2026 09:50||NIFTY27JAN2625200CE,0.14345406119167065
14-01-2026 09:50||NIFTY27JAN2625300CE,0.13625131226260928
14-01-2026 09:50||NIFTY27JAN2626400CE,0.10832868398801447
14-01-2026 09:55||NIFTY27JAN2624100PE,0.17892398275538274
14-01-2026 09:55||NIFTY27JAN2626000CE,0.09466900667194876
14-01-2026 10:00||NIFTY27JAN2624000PE,0.1821311833604825
14-01-2026 10:00||NIFTY27JAN2624400PE,0.1556022531639497
14-01-2026 10:00||NIFTY27JAN2625100PE,0.11553952312870187
14-01-2026 10:00||NIFTY27JAN2625500CE,0.10494846073495782
14-01-2026 10:00||NIFTY27JAN2626100CE,0.09653526225177425
14-01-2026 10:00||NIFTY27JAN2626500CE,0.10487733322091479
14-01-2026 10:05||NIFTY27JAN2624600PE,0.1421348999935607
14-01-2026 10:05||NIFTY27JAN2624800PE,0.1299775139422389
14-01-2026 10:05||NIFTY27JAN2625000PE,0.11889194678715423
14-01-2026 10:05||NIFTY27JAN2625300CE,0.11383765871508474
14-01-2026 10:05||NIFTY27JAN2625400CE,0.10911983696132604
14-01-2026 10:05||NIFTY27JAN2626200CE,0.09872297725781619
14-01-2026 10:05||NIFTY27JAN2626300CE,0.10055286838250646
14-01-2026 10:05||NIFTY27JAN2626400CE,0.10316597671911812
14-01-2026 10:10||NIFTY27JAN2624000PE,0.1803102020354508
14-01-2026 10:10||NIFTY27JAN2624200PE,0.16724371444851374
14-01-2026 10:10||NIFTY27JAN2624500PE,0.14751884917292665
14-01-2026 10:10||NIFTY27JAN2624600PE,0.14108829071703494
14-01-2026 10:10||NIFTY27JAN2625400CE,0.1101509674385006
14-01-2026 10:10||NIFTY27JAN2625600CE,0.10357670030674912
14-01-2026 10:10||NIFTY27JAN2626400CE,0.1044220181716079
14-01-2026 10:15||NIFTY27JAN2624100PE,0.17470957721430005
14-01-2026 10:15||NIFTY27JAN2625000PE,0.1193628689636162
14-01-2026 10:15||NIFTY27JAN2625200CE,0.0971198755652095
14-01-2026 10:15||NIFTY27JAN2625600CE,0.09724099062906214
14-01-2026 10:15||NIFTY27JAN2625900CE,0.09546921644517257
14-01-2026 10:20||NIFTY27JAN2624200PE,0.1664377797956422
14-01-2026 10:20||NIFTY27JAN2624700PE,0.13401833468916696
14-01-2026 10:20||NIFTY27JAN2625000PE,0.11739448476822431
14-01-2026 10:20||NIFTY27JAN2625500CE,0.10170303887893381
14-01-2026 10:20||NIFTY27JAN2625600CE,0.099732495583402
14-01-2026 10:20||NIFTY27JAN2625700CE,0.0980596319921299
14-01-2026 10:20||NIFTY27JAN2625800CE,0.09710242090998208
14-01-2026 10:25||NIFTY27JAN2623800PE,0.1922078881133257
14-01-2026 10:25||NIFTY27JAN2624300PE,0.1597399689714313
14-01-2026 10:25||NIFTY27JAN2625000PE,0.11733192515543017
14-01-2026 10:25||NIFTY27JAN2626100CE,0.09925432614922604
14-01-2026 10:25||NIFTY27JAN2626200CE,0.10046145794932711
14-01-2026 10:25||NIFTY27JAN2626400CE,0.10484112306926649
14-01-2026 10:30||NIFTY27JAN2623900PE,0.18514607847626316
14-01-2026 10:30||NIFTY27JAN2624000PE,0.17920452861083627
14-01-2026 10:30||NIFTY27JAN2624700PE,0.1333995903925964
14-01-2026 10:30||NIFTY27JAN2624800PE,0.12751868621560597
14-01-2026 10:30||NIFTY27JAN2625100PE,0.11276502361579352
14-01-2026 10:30||NIFTY27JAN2625200CE,0.12108609857163229
14-01-2026 10:30||NIFTY27JAN2626500CE,0.10849523806275062
14-01-2026 10:35||NIFTY27JAN2623900PE,0.18712608330239094
14-01-2026 10:35||NIFTY27JAN2624400PE,0.15427312307858043
14-01-2026 10:35||NIFTY27JAN2625600CE,0.09817754844199107
14-01-2026 10:35||NIFTY27JAN2625700CE,0.09697146842390734
14-01-2026 10:35||NIFTY27JAN2626300CE,0.10043673209541076
14-01-2026 10:40||NIFTY27JAN2623800PE,0.18666651575061013
14-01-2026 10:40||NIFTY27JAN2624100PE,0.17375210362483728
14-01-2026 10:40||NIFTY27JAN2625300CE,0.10558801675554177
14-01-2026 10:40||NIFTY27JAN2625600CE,0.09824243847240974
14-01-2026 10:40||NIFTY27JAN2626300CE,0.10035324706962279
14-01-2026 10:40||NIFTY27JAN2626500CE,0.10659553522184571
14-01-2026 10:45||NIFTY27JAN2624000PE,0.17665221013025167
14-01-2026 10:45||NIFTY27JAN2624600PE,0.1382786057218165
14-01-2026 10:45||NIFTY27JAN2624800PE,0.12578143205879264
14-01-2026 10:45||NIFTY27JAN2625400CE,0.11911591895554852
14-01-2026 10:50||NIFTY27JAN2624000PE,0.17963124119514515
14-01-2026 10:50||NIFTY27JAN2624300PE,0.16045030565008422
14-01-2026 10:50||NIFTY27JAN2624800PE,0.12858618097303987
14-01-2026 10:50||NIFTY27JAN2625200CE,0.11483344502157856
14-01-2026 10:50||NIFTY27JAN2625400CE,0.10958123776826698
14-01-2026 10:50||NIFTY27JAN2625800CE,0.09990777949609941
14-01-2026 10:55||NIFTY27JAN2624600PE,0.14066453191248723
14-01-2026 10:55||NIFTY27JAN2625000PE,0.11663409966865793
14-01-2026 10:55||NIFTY27JAN2625200CE,0.12571420011130055
14-01-2026 10:55||NIFTY27JAN2626200CE,0.10138021540443143
14-01-2026 10:55||NIFTY27JAN2626300CE,0.10210623504399323
14-01-2026 10:55||NIFTY27JAN2626400CE,0.10328747511427082
14-01-2026 10:55||NIFTY27JAN2626500CE,0.10008737480854211
14-01-2026 11:00||NIFTY27JAN2624100PE,0.17500036706667543
14-01-2026 11:00||NIFTY27JAN2626100CE,0.09968408643636138
14-01-2026 11:00||NIFTY27JAN2626300CE,0.101407743827166
14-01-2026 11:05||NIFTY27JAN2624000PE,0.18193658075234456
14-01-2026 11:05||NIFTY27JAN2624800PE,0.13108104765124762
14-01-2026 11:05||NIFTY27JAN2625300CE,0.10562640918751484
14-01-2026 11:05||NIFTY27JAN2626000CE,0.0965567639077153
14-01-2026 11:05||NIFTY27JAN2626100CE,0.09680750205133093
14-01-2026 11:05||NIFTY27JAN2626300CE,0.09912251966400634
14-01-2026 11:10||NIFTY27JAN2624000PE,0.18146676316726112
14-01-2026 11:10||NIFTY27JAN2624300PE,0.16197373267865184
14-01-2026 11:10||NIFTY27JAN2624500PE,0.14877558322589718
14-01-2026 11:10||NIFTY27JAN2625200CE,0.11862662419709605
14-01-2026 11:15||NIFTY27JAN2624100PE,0.17589332473553249
14-01-2026 11:15||NIFTY27JAN2624300PE,0.16257808609474833
14-01-2026 11:15||NIFTY27JAN2624400PE,0.15578416957352925
14-01-2026 11:15||NIFTY27JAN2624500PE,0.14902408449589669
14-01-2026 11:15||NIFTY27JAN2624600PE,0.14246349229695107
14-01-2026 11:15||NIFTY27JAN2625500CE,0.10956558488095688
14-01-2026 11:15||NIFTY27JAN2625800CE,0.10110160714596747
14-01-2026 11:15||NIFTY27JAN2626000CE,0.0984650874485112
14-01-2026 11:20||NIFTY27JAN2623800PE,0.19818441166117134
14-01-2026 11:20||NIFTY27JAN2623900PE,0.19098143318952546
14-01-2026 11:20||NIFTY27JAN2624600PE,0.14381131117840112
14-01-2026 11:20||NIFTY27JAN2624800PE,0.13138418639219762
14-01-2026 11:20||NIFTY27JAN2625100PE,0.11667655315794101
14-01-2026 11:20||NIFTY27JAN2625300CE,0.11004393281226786
14-01-2026 11:20||NIFTY27JAN2625600CE,0.10092822020898691
14-01-2026 11:20||NIFTY27JAN2625800CE,0.09715154971463906
14-01-2026 11:25||NIFTY27JAN2623900PE,0.18808958843502424
14-01-2026 11:25||NIFTY27JAN2624700PE,0.1353558703520019
14-01-2026 11:25||NIFTY27JAN2624900PE,0.12327182044896867
14-01-2026 11:25||NIFTY27JAN2625400CE,0.12765740999987954
14-01-2026 11:25||NIFTY27JAN2626200CE,0.10203912725328301
14-01-2026 11:30||NIFTY27JAN2624200PE,0.17150582468369185
14-01-2026 11:30||NIFTY27JAN2624300PE,0.16510430687607608
14-01-2026 11:30||NIFTY27JAN2624400PE,0.15878502275235962
14-01-2026 11:30||NIFTY27JAN2625000PE,0.12166425870503417
14-01-2026 11:30||NIFTY27JAN2625300CE,0.10735609486544273
14-01-2026 11:30||NIFTY27JAN2625800CE,0.09712736682533264
14-01-2026 11:30||NIFTY27JAN2626000CE,0.0952077311793166
14-01-2026 11:35||NIFTY27JAN2623900PE,0.19029348549559
14-01-2026 11:35||NIFTY27JAN2624400PE,0.15732504659572044
14-01-2026 11:35||NIFTY27JAN2624500PE,0.1504261233971546
14-01-2026 11:35||NIFTY27JAN2624700PE,0.13761422311186464
14-01-2026 11:35||NIFTY27JAN2625100PE,0.11587658031510588
14-01-2026 11:35||NIFTY27JAN2625500CE,0.10388757131124306
14-01-2026 11:35||NIFTY27JAN2625700CE,0.09962707056376412
14-01-2026 11:35||NIFTY27JAN2626100CE,0.09647959698551416
14-01-2026 11:40||NIFTY27JAN2623900PE,0.1900835880253442
14-01-2026 11:40||NIFTY27JAN2625500CE,0.10147631342890215
14-01-2026 11:40||NIFTY27JAN2625600CE,0.09913131541750758
14-01-2026 11:40||NIFTY27JAN2626500CE,0.10200234028816618
14-01-2026 11:45||NIFTY27JAN2623900PE,0.1901219156944853
14-01-2026 11:45||NIFTY27JAN2624300PE,0.16326620950812584
14-01-2026 11:45||NIFTY27JAN2624500PE,0.14979372637650093
14-01-2026 11:45||NIFTY27JAN2626400CE,0.1024721437685054
14-01-2026 11:50||NIFTY27JAN2625100PE,0.11600382796584724
14-01-2026 11:50||NIFTY27JAN2625700CE,0.10005559139474132
14-01-2026 11:50||NIFTY27JAN2625800CE,0.09811634521074292
14-01-2026 11:50||NIFTY27JAN2626100CE,0.09595188700255525
14-01-2026 11:55||NIFTY27JAN2624200PE,0.1713709673273749
14-01-2026 11:55||NIFTY27JAN2624400PE,0.15778220627701176
14-01-2026 11:55||NIFTY27JAN2624800PE,0.1319388248317978
14-01-2026 11:55||NIFTY27JAN2625200CE,0.1139964087987071
14-01-2026 11:55||NIFTY27JAN2625600CE,0.10128133263056478
14-01-2026 12:00||NIFTY27JAN2623800PE,0.2008281453015209
14-01-2026 12:00||NIFTY27JAN2624400PE,0.15904675256739043
14-01-2026 12:00||NIFTY27JAN2624900PE,0.12663492591885472
14-01-2026 12:00||NIFTY27JAN2625000PE,0.1205471840109462
14-01-2026 12:00||NIFTY27JAN2625100PE,0.11463625243384308
14-01-2026 12:05||NIFTY27JAN2624400PE,0.15900329236068672
14-01-2026 12:05||NIFTY27JAN2624600PE,0.145729762072667
14-01-2026 12:05||NIFTY27JAN2626500CE,0.09763584522136223
14-01-2026 12:10||NIFTY27JAN2624400PE,0.1570649741399324
14-01-2026 12:10||NIFTY27JAN2624600PE,0.14364037875516703
14-01-2026 12:10||NIFTY27JAN2624800PE,0.13137998734968562
14-01-2026 12:10||NIFTY27JAN2624900PE,0.1258421185407216
14-01-2026 12:10||NIFTY27JAN2625100PE,0.11591270480414925
14-01-2026 12:10||NIFTY27JAN2625900CE,0.0919631727437253
14-01-2026 12:10||NIFTY27JAN2626300CE,0.09507126020703027
14-01-2026 12:15||NIFTY27JAN2624200PE,0.168355911296103
14-01-2026 12:15||NIFTY27JAN2624800PE,0.12853846026834054
14-01-2026 12:15||NIFTY27JAN2626500CE,0.10411939008988369
14-01-2026 12:20||NIFTY27JAN2623800PE,0.19847022487033245
14-01-2026 12:20||NIFTY27JAN2623900PE,0.19169026987691204
14-01-2026 12:20||NIFTY27JAN2625300CE,0.10133486275032375
14-01-2026 12:20||NIFTY27JAN2626400CE,0.097420209426148
14-01-2026 12:25||NIFTY27JAN2624500PE,0.15090312883284718
14-01-2026 12:25||NIFTY27JAN2625400CE,0.09663025589276376
14-01-2026 12:25||NIFTY27JAN2625500CE,0.09534856903052774
14-01-2026 12:25||NIFTY27JAN2625900CE,0.09182601760339656
14-01-2026 12:30||NIFTY27JAN2623900PE,0.19054862282488996
14-01-2026 12:30||NIFTY27JAN2624300PE,0.16392771715316148
14-01-2026 12:30||NIFTY27JAN2624900PE,0.1254595642036586
14-01-2026 12:30||NIFTY27JAN2625800CE,0.09641419188604279
14-01-2026 12:30||NIFTY27JAN2626300CE,0.09591443474841094
14-01-2026 12:30||NIFTY27JAN2626400CE,0.09833607657658311
14-01-2026 12:35||NIFTY27JAN2623900PE,0.1910676555758099
14-01-2026 12:35||NIFTY27JAN2625300CE,0.10520045064364549
14-01-2026 12:35||NIFTY27JAN2625500CE,0.10006982487402133
14-01-2026 12:35||NIFTY27JAN2625900CE,0.09408259436675703
14-01-2026 12:45||NIFTY27JAN2625600CE,0.0957009404099245
14-01-2026 12:45||NIFTY27JAN2625700CE,0.09375023869298413
14-01-2026 12:50||NIFTY27JAN2624900PE,0.12452941633299584
14-01-2026 12:50||NIFTY27JAN2626300CE,0.09534251031891354
14-01-2026 12:50||NIFTY27JAN2626500CE,0.10038784797390733
14-01-2026 12:55||NIFTY27JAN2623900PE,0.1883936194477085
14-01-2026 12:55||NIFTY27JAN2624300PE,0.16199713597990364
14-01-2026 12:55||NIFTY27JAN2625000PE,0.11819889796624776
14-01-2026 13:00||NIFTY27JAN2624700PE,0.13648789033344047
14-01-2026 13:00||NIFTY27JAN2625400CE,0.0983138584234855
14-01-2026 13:00||NIFTY27JAN2625700CE,0.09468970758367902
14-01-2026 13:00||NIFTY27JAN2625800CE,0.09311965085062501
14-01-2026 13:00||NIFTY27JAN2626200CE,0.09327589358660085
14-01-2026 13:00||NIFTY27JAN2626300CE,0.0949818284245635
14-01-2026 13:00||NIFTY27JAN2626500CE,0.10022135452356547
14-01-2026 13:05||NIFTY27JAN2624000PE,0.18229123637744676
14-01-2026 13:05||NIFTY27JAN2624400PE,0.15566165951240454
14-01-2026 13:05||NIFTY27JAN2624800PE,0.12985759558472523
14-01-2026 13:05||NIFTY27JAN2624900PE,0.12404766430092107
14-01-2026 13:05||NIFTY27JAN2625800CE,0.09591463396018525
14-01-2026 13:05||NIFTY27JAN2626200CE,0.09458443632758183
14-01-2026 13:05||NIFTY27JAN2626300CE,0.09610829855202453
14-01-2026 13:10||NIFTY27JAN2624000PE,0.18298471251097098
14-01-2026 13:10||NIFTY27JAN2624600PE,0.14334788858112515
14-01-2026 13:10||NIFTY27JAN2624700PE,0.13688515727309006
14-01-2026 13:10||NIFTY27JAN2624900PE,0.12481193216581098
14-01-2026 13:10||NIFTY27JAN2625300CE,0.09893162094790517
14-01-2026 13:10||NIFTY27JAN2625800CE,0.0889605649537147
14-01-2026 13:10||NIFTY27JAN2625900CE,0.0888154784703237
14-01-2026 13:10||NIFTY27JAN2626400CE,0.0959556371657929
14-01-2026 13:15||NIFTY27JAN2624000PE,0.18183403224973968
14-01-2026 13:15||NIFTY27JAN2624600PE,0.142025458269
14-01-2026 13:15||NIFTY27JAN2624800PE,0.1296826554819979
14-01-2026 13:15||NIFTY27JAN2625200CE,0.1074642583982766
14-01-2026 13:15||NIFTY27JAN2625600CE,0.09320844947622263
14-01-2026 13:15||NIFTY27JAN2626100CE,0.09127160504748504
14-01-2026 13:15||NIFTY27JAN2626200CE,0.09248105165881051
14-01-2026 13:20||NIFTY27JAN2624400PE,0.15476621121285775
14-01-2026 13:20||NIFTY27JAN2624700PE,0.1355759816768868
14-01-2026 13:20||NIFTY27JAN2624900PE,0.1243804834978176
14-01-2026 13:20||NIFTY27JAN2625200CE,0.09187073724447589
14-01-2026 13:20||NIFTY27JAN2625900CE,0.0885240433491169
14-01-2026 13:25||NIFTY27JAN2624100PE,0.17273465855242937
14-01-2026 13:25||NIFTY27JAN2624700PE,0.1339410797437987
14-01-2026 13:25||NIFTY27JAN2624900PE,0.1223911157913284
14-01-2026 13:25||NIFTY27JAN2625200CE,0.10689896364320448
14-01-2026 13:25||NIFTY27JAN2625600CE,0.09546206087590511
14-01-2026 13:25||NIFTY27JAN2626400CE,0.09891302118778361
14-01-2026 13:25||NIFTY27JAN2626500CE,0.10276416840549724
14-01-2026 13:30||NIFTY27JAN2624200PE,0.16617750434171386
14-01-2026 13:30||NIFTY27JAN2624300PE,0.15948495071462893
14-01-2026 13:30||NIFTY27JAN2625200CE,0.09617027923657478
14-01-2026 13:30||NIFTY27JAN2625700CE,0.08957917636535673
14-01-2026 13:30||NIFTY27JAN2626500CE,0.10100735271290179
14-01-2026 13:35||NIFTY27JAN2624000PE,0.1779455418889573
14-01-2026 13:35||NIFTY27JAN2624100PE,0.17156220568011382
14-01-2026 13:35||NIFTY27JAN2625100PE,0.11550587809154096
14-01-2026 13:35||NIFTY27JAN2625500CE,0.08249676822681962
14-01-2026 13:35||NIFTY27JAN2625700CE,0.0842753047923856
14-01-2026 13:40||NIFTY27JAN2626500CE,0.10580425302002468
14-01-2026 13:45||NIFTY27JAN2624100PE,0.16794077949555414
14-01-2026 13:45||NIFTY27JAN2624200PE,0.16148240146688325
14-01-2026 13:45||NIFTY27JAN2624400PE,0.14875135182151086
14-01-2026 13:45||NIFTY27JAN2624600PE,0.1364037070561424
14-01-2026 13:45||NIFTY27JAN2624700PE,0.13038226932796163
14-01-2026 13:45||NIFTY27JAN2624800PE,0.12454316306035568
14-01-2026 13:45||NIFTY27JAN2625400CE,0.10184175115786695
14-01-2026 13:45||NIFTY27JAN2626200CE,0.09823558422487724
14-01-2026 13:45||NIFTY27JAN2626300CE,0.10062929654158356
14-01-2026 13:45||NIFTY27JAN2626400CE,0.10385276972465994
14-01-2026 13:50||NIFTY27JAN2625400CE,0.0857588004282371
14-01-2026 13:50||NIFTY27JAN2625600CE,0.08703989073582714
14-01-2026 13:50||NIFTY27JAN2626300CE,0.09836415359027015
14-01-2026 13:55||NIFTY27JAN2623800PE,0.18593929481468688
14-01-2026 13:55||NIFTY27JAN2624600PE,0.13589238113947108
14-01-2026 13:55||NIFTY27JAN2624900PE,0.11940739568045668
14-01-2026 13:55||NIFTY27JAN2625200CE,0.10256312525990305
14-01-2026 13:55||NIFTY27JAN2626200CE,0.0984107328956085
14-01-2026 14:00||NIFTY27JAN2623800PE,0.19095145067418592
14-01-2026 14:00||NIFTY27JAN2623900PE,0.18354517215649957
14-01-2026 14:00||NIFTY27JAN2624400PE,0.1491784224928625
14-01-2026 14:00||NIFTY27JAN2624500PE,0.14296234192320978
14-01-2026 14:05||NIFTY27JAN2624000PE,0.17492025612308323
14-01-2026 14:05||NIFTY27JAN2624300PE,0.15509626426173362
14-01-2026 14:05||NIFTY27JAN2624700PE,0.13023582647883636
14-01-2026 14:05||NIFTY27JAN2624800PE,0.12459745721955662
14-01-2026 14:05||NIFTY27JAN2625200CE,0.10936363836221388
14-01-2026 14:05||NIFTY27JAN2625700CE,0.0974327849944237
14-01-2026 14:05||NIFTY27JAN2625900CE,0.09629822043357994
14-01-2026 14:10||NIFTY27JAN2624200PE,0.162098846508748
14-01-2026 14:10||NIFTY27JAN2624800PE,0.12347547716754946
14-01-2026 14:10||NIFTY27JAN2625700CE,0.09903491521191195
14-01-2026 14:15||NIFTY27JAN2624600PE,0.13779570686199938
14-01-2026 14:15||NIFTY27JAN2625300CE,0.09260606933605943
14-01-2026 14:15||NIFTY27JAN2625900CE,0.09136059325182533
14-01-2026 14:15||NIFTY27JAN2626000CE,0.09232839408691726
14-01-2026 14:15||NIFTY27JAN2626500CE,0.10644909764117719
14-01-2026 14:20||NIFTY27JAN2624400PE,0.14938380411207564
14-01-2026 14:20||NIFTY27JAN2624900PE,0.12062107069144083
14-01-2026 14:20||NIFTY27JAN2625100PE,0.11198395963922414
14-01-2026 14:25||NIFTY27JAN2623800PE,0.18609733629100733
14-01-2026 14:25||NIFTY27JAN2625600CE,0.10118207831033965
14-01-2026 14:25||NIFTY27JAN2626100CE,0.10033466656818252
14-01-2026 14:30||NIFTY27JAN2623900PE,0.18142146149791227
14-01-2026 14:30||NIFTY27JAN2624300PE,0.15429091285186475
14-01-2026 14:30||NIFTY27JAN2624500PE,0.14132017983668552
14-01-2026 14:30||NIFTY27JAN2625000PE,0.11250104990637501
14-01-2026 14:30||NIFTY27JAN2625100PE,0.1066974839912626
14-01-2026 14:30||NIFTY27JAN2625400CE,0.10713507515049346
14-01-2026 14:30||NIFTY27JAN2626000CE,0.09841974813074682
14-01-2026 14:30||NIFTY27JAN2626100CE,0.09962089893512548
14-01-2026 14:30||NIFTY27JAN2626400CE,0.10616478054134944
14-01-2026 14:30||NIFTY27JAN2626500CE,0.1089153657504193
14-01-2026 14:35||NIFTY27JAN2624000PE,0.1748101100341375
14-01-2026 14:35||NIFTY27JAN2624300PE,0.15495015184144373
14-01-2026 14:35||NIFTY27JAN2625500CE,0.10747703396318954
14-01-2026 14:35||NIFTY27JAN2625900CE,0.09940158112109956
14-01-2026 14:35||NIFTY27JAN2626400CE,0.10765022733148454
14-01-2026 14:40||NIFTY27JAN2624300PE,0.15686757169824592
14-01-2026 14:40||NIFTY27JAN2624400PE,0.15007325797246943
14-01-2026 14:40||NIFTY27JAN2624500PE,0.14342350332435866
14-01-2026 14:40||NIFTY27JAN2624700PE,0.1309106645281024
14-01-2026 14:40||NIFTY27JAN2624800PE,0.12507502710382154
14-01-2026 14:40||NIFTY27JAN2625000PE,0.11423651916982391
14-01-2026 14:40||NIFTY27JAN2625400CE,0.10603157750784362
14-01-2026 14:40||NIFTY27JAN2625800CE,0.09717172014794785
14-01-2026 14:45||NIFTY27JAN2624500PE,0.14627657708780406
14-01-2026 14:45||NIFTY27JAN2624800PE,0.12735309591693866
14-01-2026 14:45||NIFTY27JAN2625100PE,0.1120235833052785
14-01-2026 14:45||NIFTY27JAN2625400CE,0.0981561064639527
14-01-2026 14:45||NIFTY27JAN2625500CE,0.09729582947685443
14-01-2026 14:45||NIFTY27JAN2625800CE,0.09449699503417651
14-01-2026 14:45||NIFTY27JAN2626100CE,0.09562710735861427
14-01-2026 14:45||NIFTY27JAN2626200CE,0.09749379483249215
14-01-2026 14:45||NIFTY27JAN2626300CE,0.09999397026544393
14-01-2026 14:50||NIFTY27JAN2624400PE,0.15287765255081004
14-01-2026 14:50||NIFTY27JAN2624600PE,0.1396450107069275
14-01-2026 14:50||NIFTY27JAN2624900PE,0.1221482403135278
14-01-2026 14:50||NIFTY27JAN2625200CE,0.1082321443722012
14-01-2026 14:50||NIFTY27JAN2625700CE,0.09484118542221907
14-01-2026 14:50||NIFTY27JAN2625800CE,0.09392144372973538
14-01-2026 14:50||NIFTY27JAN2626300CE,0.09932885457165408
14-01-2026 14:55||NIFTY27JAN2624100PE,0.17183547820570916
14-01-2026 14:55||NIFTY27JAN2624200PE,0.1652806589539159
14-01-2026 14:55||NIFTY27JAN2624600PE,0.1395513114156322
14-01-2026 14:55||NIFTY27JAN2624800PE,0.12744403132905277
14-01-2026 14:55||NIFTY27JAN2625100PE,0.1106839578735546
14-01-2026 14:55||NIFTY27JAN2625300CE,0.09616175673822625
14-01-2026 14:55||NIFTY27JAN2625400CE,0.09394038212539177
14-01-2026 14:55||NIFTY27JAN2625600CE,0.09112984138503379
14-01-2026 14:55||NIFTY27JAN2626400CE,0.1007693554019859
14-01-2026 15:00||NIFTY27JAN2624300PE,0.15662258994706102
14-01-2026 15:00||NIFTY27JAN2624700PE,0.13138564557427307
14-01-2026 15:00||NIFTY27JAN2625800CE,0.0959991123254532
14-01-2026 15:05||NIFTY27JAN2623900PE,0.18507800215242007
14-01-2026 15:05||NIFTY27JAN2624400PE,0.15253911498756761
14-01-2026 15:05||NIFTY27JAN2624800PE,0.12807603547804317
14-01-2026 15:05||NIFTY27JAN2626300CE,0.09919447479921747
14-01-2026 15:10||NIFTY27JAN2624100PE,0.16995512395256748
14-01-2026 15:10||NIFTY27JAN2624500PE,0.14404767628225745
14-01-2026 15:10||NIFTY27JAN2624900PE,0.12210653856573558
14-01-2026 15:10||NIFTY27JAN2625500CE,0.09609097208141879
14-01-2026 15:10||NIFTY27JAN2626200CE,0.0982239169815727
14-01-2026 15:15||NIFTY27JAN2624400PE,0.14915388181743175
14-01-2026 15:15||NIFTY27JAN2624700PE,0.13058254820177964
14-01-2026 15:15||NIFTY27JAN2625100PE,0.11043612530283727
14-01-2026 15:15||NIFTY27JAN2625500CE,0.10265576452432065
14-01-2026 15:15||NIFTY27JAN2625900CE,0.09780748917715958
14-01-2026 15:15||NIFTY27JAN2626100CE,0.09896022603230537
14-01-2026 15:20||NIFTY27JAN2624500PE,0.14305765534145748
14-01-2026 15:20||NIFTY27JAN2624800PE,0.12548129543298361
14-01-2026 15:20||NIFTY27JAN2626100CE,0.10003105201892312
14-01-2026 15:20||NIFTY27JAN2626300CE,0.10378507793554906
14-01-2026 15:20||NIFTY27JAN2626400CE,0.10676152308298885
14-01-2026 15:25||NIFTY27JAN2623900PE,0.1846554117749976
14-01-2026 15:25||NIFTY27JAN2624600PE,0.13930040990642084
14-01-2026 15:25||NIFTY27JAN2625100PE,0.11386237935136362
14-01-2026 15:25||NIFTY27JAN2625200CE,0.10599624179375944
14-01-2026 15:25||NIFTY27JAN2626400CE,0.10542075491805192
14-01-2026 15:25||NIFTY27JAN2626500CE,0.10941777099733828
16-01-2026 09:15||NIFTY27JAN2624100PE,0.17880607049526714
16-01-2026 09:15||NIFTY27JAN2624200PE,0.17158103194202776
16-01-2026 09:15||NIFTY27JAN2624300PE,0.1643509475188998
16-01-2026 09:15||NIFTY27JAN2624800PE,0.13094473270713028
16-01-2026 09:15||NIFTY27JAN2625000PE,0.11903772620245329
16-01-2026 09:15||NIFTY27JAN2626000CE,0.10604390048647173
16-01-2026 09:15||NIFTY27JAN2626100CE,0.10520574962331022
16-01-2026 09:20||NIFTY27JAN2624100PE,0.17845460179090417
16-01-2026 09:20||NIFTY27JAN2624400PE,0.15788143039423475
16-01-2026 09:20||NIFTY27JAN2624600PE,0.1445453912806156
16-01-2026 09:20||NIFTY27JAN2625000PE,0.12065039710732563
16-01-2026 09:20||NIFTY27JAN2625200CE,0.12144816226964955
16-01-2026 09:20||NIFTY27JAN2625400CE,0.11117553420671997
16-01-2026 09:20||NIFTY27JAN2625700CE,0.10142687866135382
16-01-2026 09:20||NIFTY27JAN2626000CE,0.09749076344764687
16-01-2026 09:25||NIFTY27JAN2624600PE,0.14106752913570295
16-01-2026 09:25||NIFTY27JAN2624700PE,0.1347590283657583
16-01-2026 09:25||NIFTY27JAN2625300CE,0.12982025059906763
16-01-2026 09:25||NIFTY27JAN2625600CE,0.11077658798437298
16-01-2026 09:25||NIFTY27JAN2626300CE,0.10094978008574948
16-01-2026 09:25||NIFTY27JAN2626500CE,0.10627721892870609
16-01-2026 09:30||NIFTY27JAN2623800PE,0.1961586322898479
16-01-2026 09:30||NIFTY27JAN2624300PE,0.15937890090111667
16-01-2026 09:30||NIFTY27JAN2624400PE,0.15261801115306645
16-01-2026 09:30||NIFTY27JAN2624900PE,0.12218686741315694
16-01-2026 09:30||NIFTY27JAN2625100PE,0.11196240085385276
16-01-2026 09:30||NIFTY27JAN2625500CE,0.10571207956427137
16-01-2026 09:30||NIFTY27JAN2625700CE,0.10060219025835737
16-01-2026 09:30||NIFTY27JAN2625900CE,0.09651010403439415
16-01-2026 09:30||NIFTY27JAN2626000CE,0.0952348811031616
16-01-2026 09:35||NIFTY27JAN2624100PE,0.1739302156695028
16-01-2026 09:35||NIFTY27JAN2624200PE,0.1667500969258345
16-01-2026 09:35||NIFTY27JAN2624800PE,0.12739841261855117
16-01-2026 09:35||NIFTY27JAN2625100PE,0.11223228875906349
16-01-2026 09:35||NIFTY27JAN2626300CE,0.09851035963001786
16-01-2026 09:35||NIFTY27JAN2626400CE,0.10123605421509943
16-01-2026 09:40||NIFTY27JAN2624200PE,0.16614309132582064
16-01-2026 09:40||NIFTY27JAN2624300PE,0.15913093557962613
16-01-2026 09:40||NIFTY27JAN2625900CE,0.1036784446941868
16-01-2026 09:40||NIFTY27JAN2626500CE,0.10534709338131198
16-01-2026 09:45||NIFTY27JAN2623900PE,0.1897762500764988
16-01-2026 09:45||NIFTY27JAN2624500PE,0.146571938241509
16-01-2026 09:45||NIFTY27JAN2624800PE,0.12559379026147183
16-01-2026 09:45||NIFTY27JAN2624900PE,0.11939383166671613
16-01-2026 09:45||NIFTY27JAN2625400CE,0.12601082647084402
16-01-2026 09:45||NIFTY27JAN2626000CE,0.10117673767640563
16-01-2026 09:45||NIFTY27JAN2626100CE,0.09978978628453834
16-01-2026 09:50||NIFTY27JAN2623900PE,0.19270674734624643
16-01-2026 09:50||NIFTY27JAN2624200PE,0.1719325319307641
16-01-2026 09:50||NIFTY27JAN2624900PE,0.12151370238978319
16-01-2026 09:50||NIFTY27JAN2625500CE,0.11304300597352086
16-01-2026 09:50||NIFTY27JAN2625600CE,0.10842820443834701
16-01-2026 09:50||NIFTY27JAN2625700CE,0.10467139266979174
16-01-2026 09:50||NIFTY27JAN2625800CE,0.10143215319917412
16-01-2026 09:50||NIFTY27JAN2626000CE,0.09688486822708625
16-01-2026 09:50||NIFTY27JAN2626200CE,0.09592462910300605
16-01-2026 09:55||NIFTY27JAN2623800PE,0.20037204891900817
16-01-2026 09:55||NIFTY27JAN2624000PE,0.1865208259296394
16-01-2026 09:55||NIFTY27JAN2624200PE,0.17257919177628922
16-01-2026 09:55||NIFTY27JAN2624500PE,0.15039827234702588
16-01-2026 09:55||NIFTY27JAN2624900PE,0.12225185665865371
16-01-2026 09:55||NIFTY27JAN2625000PE,0.11624243484668734
16-01-2026 09:55||NIFTY27JAN2625300CE,0.11555210087756648
16-01-2026 09:55||NIFTY27JAN2625400CE,0.1105736091951049
16-01-2026 09:55||NIFTY27JAN2625500CE,0.10621854441869075
16-01-2026 09:55||NIFTY27JAN2625700CE,0.09934876484348393
16-01-2026 09:55||NIFTY27JAN2625900CE,0.09485898033890221
16-01-2026 09:55||NIFTY27JAN2626000CE,0.09342288583799488
16-01-2026 09:55||NIFTY27JAN2626400CE,0.09669305816317818
16-01-2026 09:55||NIFTY27JAN2626500CE,0.09965326545672656
16-01-2026 10:00||NIFTY27JAN2624000PE,0.1860678202876339
16-01-2026 10:00||NIFTY27JAN2625400CE,0.13174154178711012
16-01-2026 10:00||NIFTY27JAN2625900CE,0.10362348733675979
16-01-2026 10:00||NIFTY27JAN2626000CE,0.10101792208495364
16-01-2026 10:00||NIFTY27JAN2626400CE,0.10203338387073292
16-01-2026 10:00||NIFTY27JAN2626500CE,0.10491873613213334
16-01-2026 10:05||NIFTY27JAN2624000PE,0.18677943255324583
16-01-2026 10:05||NIFTY27JAN2624100PE,0.18028433356092144
16-01-2026 10:05||NIFTY27JAN2624400PE,0.15829999797807082
16-01-2026 10:05||NIFTY27JAN2625100PE,0.11054055729530628
16-01-2026 10:05||NIFTY27JAN2625700CE,0.10899541381398353
16-01-2026 10:05||NIFTY27JAN2626400CE,0.10100876836661353
16-01-2026 10:05||NIFTY27JAN2626500CE,0.10371097842382251
16-01-2026 10:10||NIFTY27JAN2623900PE,0.1960339156347068
16-01-2026 10:10||NIFTY27JAN2624800PE,0.13014427613024518
16-01-2026 10:10||NIFTY27JAN2625300CE,0.14067654975769933
16-01-2026 10:10||NIFTY27JAN2625600CE,0.11790702748040738
16-01-2026 10:10||NIFTY27JAN2626100CE,0.10074673320230285
16-01-2026 10:10||NIFTY27JAN2626400CE,0.10306954710666363
16-01-2026 10:15||NIFTY27JAN2623800PE,0.20663732406150415
16-01-2026 10:15||NIFTY27JAN2624400PE,0.16447493343144776
16-01-2026 10:15||NIFTY27JAN2624500PE,0.15661598599202914
16-01-2026 10:15||NIFTY27JAN2625300CE,0.15882433723561862
16-01-2026 10:20||NIFTY27JAN2623800PE,0.21090028005232475
16-01-2026 10:20||NIFTY27JAN2624300PE,0.17592997227440135
16-01-2026 10:20||NIFTY27JAN2624500PE,0.1612431716164965
16-01-2026 10:20||NIFTY27JAN2624800PE,0.13894737287339443
16-01-2026 10:20||NIFTY27JAN2625700CE,0.11871878726440879
16-01-2026 10:20||NIFTY27JAN2625900CE,0.11029846024758594
16-01-2026 10:20||NIFTY27JAN2626400CE,0.10458164951307092
16-01-2026 10:25||NIFTY27JAN2624000PE,0.19805400860987882
16-01-2026 10:25||NIFTY27JAN2624200PE,0.18400275395462284
16-01-2026 10:25||NIFTY27JAN2624300PE,0.17687048528040547
16-01-2026 10:25||NIFTY27JAN2624600PE,0.15447210096667097
16-01-2026 10:25||NIFTY27JAN2625400CE,0.13868748774474585
16-01-2026 10:25||NIFTY27JAN2626000CE,0.10524570050741214
16-01-2026 10:30||NIFTY27JAN2624200PE,0.18405497469636137
16-01-2026 10:30||NIFTY27JAN2624400PE,0.16936610294652288
16-01-2026 10:30||NIFTY27JAN2624800PE,0.1405398717340074
16-01-2026 10:30||NIFTY27JAN2625500CE,0.12435095956671482
16-01-2026 10:35||NIFTY27JAN2624000PE,0.19887016290721268
16-01-2026 10:35||NIFTY27JAN2624200PE,0.18497102537494856
16-01-2026 10:35||NIFTY27JAN2624900PE,0.13485276041460104
16-01-2026 10:35||NIFTY27JAN2625100PE,0.12133194237828784
16-01-2026 10:35||NIFTY27JAN2625200CE,0.14860401374685006
16-01-2026 10:35||NIFTY27JAN2625600CE,0.11937886953289474
16-01-2026 10:35||NIFTY27JAN2626300CE,0.09987320117062656
16-01-2026 10:35||NIFTY27JAN2626400CE,0.1008123727175996
16-01-2026 10:40||NIFTY27JAN2623800PE,0.21242926787723043
16-01-2026 10:40||NIFTY27JAN2624200PE,0.18604722338633456
16-01-2026 10:40||NIFTY27JAN2624700PE,0.14938798463195882
16-01-2026 10:40||NIFTY27JAN2624900PE,0.1357912551308584
16-01-2026 10:40||NIFTY27JAN2626200CE,0.0943414150486234
16-01-2026 10:45||NIFTY27JAN2623800PE,0.21214985589070007
16-01-2026 10:45||NIFTY27JAN2624000PE,0.198309937390165
16-01-2026 10:45||NIFTY27JAN2624400PE,0.1698829392258907
16-01-2026 10:45||NIFTY27JAN2624600PE,0.1551910507339735
16-01-2026 10:45||NIFTY27JAN2624900PE,0.13428598829631314
16-01-2026 10:45||NIFTY27JAN2625200CE,0.1354210004294034
16-01-2026 10:50||NIFTY27JAN2624200PE,0.18308851622561648
16-01-2026 10:50||NIFTY27JAN2624300PE,0.1757349526433243
16-01-2026 10:50||NIFTY27JAN2624400PE,0.1683741229652207
16-01-2026 10:50||NIFTY27JAN2624600PE,0.1539265996466685
16-01-2026 10:50||NIFTY27JAN2625400CE,0.12962173812117955
16-01-2026 10:50||NIFTY27JAN2626300CE,0.09783053410561242
16-01-2026 10:50||NIFTY27JAN2626400CE,0.09918299138971712
16-01-2026 10:55||NIFTY27JAN2623800PE,0.21143896997802747
16-01-2026 10:55||NIFTY27JAN2623900PE,0.20424844605668063
16-01-2026 10:55||NIFTY27JAN2624900PE,0.1332144177580579
16-01-2026 10:55||NIFTY27JAN2625400CE,0.1231987257429016
16-01-2026 10:55||NIFTY27JAN2625800CE,0.10311593050025616
16-01-2026 10:55||NIFTY27JAN2625900CE,0.10034798201214515
16-01-2026 10:55||NIFTY27JAN2626100CE,0.09662878615281822
16-01-2026 10:55||NIFTY27JAN2626500CE,0.0997487269595423
16-01-2026 11:00||NIFTY27JAN2624400PE,0.16778899863983535
16-01-2026 11:00||NIFTY27JAN2624900PE,0.1323548835183198
16-01-2026 11:00||NIFTY27JAN2625000PE,0.12558554579904768
16-01-2026 11:00||NIFTY27JAN2625300CE,0.13701949864792748
16-01-2026 11:00||NIFTY27JAN2626000CE,0.09909226796857183
16-01-2026 11:00||NIFTY27JAN2626100CE,0.09716839436757937
16-01-2026 11:05||NIFTY27JAN2624300PE,0.17455415794512522
16-01-2026 11:05||NIFTY27JAN2624400PE,0.16719172863450246
16-01-2026 11:05||NIFTY27JAN2625100PE,0.11873609826649244
16-01-2026 11:05||NIFTY27JAN2626100CE,0.09992108068365085
16-01-2026 11:10||NIFTY27JAN2624000PE,0.19435636298847447
16-01-2026 11:10||NIFTY27JAN2625800CE,0.10171314868118873
16-01-2026 11:10||NIFTY27JAN2626000CE,0.0970758513529251
16-01-2026 11:15||NIFTY27JAN2623900PE,0.20064372603447622
16-01-2026 11:15||NIFTY27JAN2624600PE,0.15124648803126517
16-01-2026 11:15||NIFTY27JAN2625800CE,0.10118491857203611
16-01-2026 11:15||NIFTY27JAN2626200CE,0.09557213054316958
16-01-2026 11:20||NIFTY27JAN2623800PE,0.2054049485925429
16-01-2026 11:20||NIFTY27JAN2624000PE,0.19169675511725356
16-01-2026 11:20||NIFTY27JAN2624100PE,0.18482329124829508
16-01-2026 11:20||NIFTY27JAN2624900PE,0.13049177559243424
16-01-2026 11:20||NIFTY27JAN2625900CE,0.09946993714808586
16-01-2026 11:20||NIFTY27JAN2626000CE,0.09741332100722991
16-01-2026 11:20||NIFTY27JAN2626200CE,0.09619250040452021
16-01-2026 11:25||NIFTY27JAN2624200PE,0.17787467122123832
16-01-2026 11:25||NIFTY27JAN2624800PE,0.13627642827475717
16-01-2026 11:25||NIFTY27JAN2625000PE,0.12364001317829387
16-01-2026 11:25||NIFTY27JAN2626300CE,0.09844171140370546
16-01-2026 11:30||NIFTY27JAN2624300PE,0.17135005149581406
16-01-2026 11:30||NIFTY27JAN2625600CE,0.1049686565547339
16-01-2026 11:30||NIFTY27JAN2626500CE,0.09944341618810669
16-01-2026 11:35||NIFTY27JAN2624500PE,0.1560048452880854
16-01-2026 11:35||NIFTY27JAN2624800PE,0.13587758851640272
16-01-2026 11:35||NIFTY27JAN2625300CE,0.11941154888444865
16-01-2026 11:35||NIFTY27JAN2625500CE,0.1104089784084579
16-01-2026 11:35||NIFTY27JAN2626200CE,0.09615273001304744
16-01-2026 11:40||NIFTY27JAN2624400PE,0.1627685999668615
16-01-2026 11:40||NIFTY27JAN2624500PE,0.15563388529228256
16-01-2026 11:40||NIFTY27JAN2625500CE,0.11153135950313321
16-01-2026 11:40||NIFTY27JAN2626100CE,0.09581299893068067
16-01-2026 11:45||NIFTY27JAN2624300PE,0.16937374534565128
16-01-2026 11:45||NIFTY27JAN2625000PE,0.12170625392714007
16-01-2026 11:45||NIFTY27JAN2625400CE,0.12331937571562969
16-01-2026 11:50||NIFTY27JAN2623900PE,0.19767650207577073
16-01-2026 11:50||NIFTY27JAN2624300PE,0.16903766696531566
16-01-2026 11:50||NIFTY27JAN2625500CE,0.11725806246316195
16-01-2026 11:55||NIFTY27JAN2624000PE,0.1906773333752382
16-01-2026 11:55||NIFTY27JAN2624500PE,0.1557528418937933
16-01-2026 11:55||NIFTY27JAN2624800PE,0.13516553791124783
16-01-2026 11:55||NIFTY27JAN2625000PE,0.12313216895036236
16-01-2026 11:55||NIFTY27JAN2625100PE,0.11752324767905638
16-01-2026 11:55||NIFTY27JAN2626200CE,0.09470670307389933
16-01-2026 12:00||NIFTY27JAN2623900PE,0.19498113138060255
16-01-2026 12:00||NIFTY27JAN2624000PE,0.18800364773877998
16-01-2026 12:00||NIFTY27JAN2624200PE,0.1739605316332436
16-01-2026 12:00||NIFTY27JAN2624400PE,0.15959675235662898
16-01-2026 12:00||NIFTY27JAN2624800PE,0.13221672552825575
16-01-2026 12:00||NIFTY27JAN2624900PE,0.12613248356539858
16-01-2026 12:00||NIFTY27JAN2625200CE,0.1541549727102247
16-01-2026 12:00||NIFTY27JAN2626200CE,0.10135499665969133
16-01-2026 12:05||NIFTY27JAN2623800PE,0.20346956709972353
16-01-2026 12:05||NIFTY27JAN2624200PE,0.1745340212451019
16-01-2026 12:05||NIFTY27JAN2624500PE,0.1531815754336873
16-01-2026 12:05||NIFTY27JAN2624800PE,0.13269640559699716
16-01-2026 12:05||NIFTY27JAN2625000PE,0.11985190990252742
16-01-2026 12:05||NIFTY27JAN2625200CE,0.1556292112421941
16-01-2026 12:05||NIFTY27JAN2625900CE,0.11141978916936755
16-01-2026 12:10||NIFTY27JAN2624800PE,0.13392718006125254
16-01-2026 12:10||NIFTY27JAN2625100PE,0.11611085727471845
16-01-2026 12:10||NIFTY27JAN2625300CE,0.14531679091043365
16-01-2026 12:10||NIFTY27JAN2625800CE,0.11296756619121864
16-01-2026 12:10||NIFTY27JAN2626000CE,0.10548775555555312
16-01-2026 12:10||NIFTY27JAN2626100CE,0.10312354294753939
16-01-2026 12:15||NIFTY27JAN2624000PE,0.19123248022625386
16-01-2026 12:15||NIFTY27JAN2624600PE,0.14771843715534344
16-01-2026 12:15||NIFTY27JAN2624800PE,0.13486446237393207
16-01-2026 12:15||NIFTY27JAN2624900PE,0.12872034978945956
16-01-2026 12:15||NIFTY27JAN2625000PE,0.12277107556636849
16-01-2026 12:15||NIFTY27JAN2625800CE,0.10412969310656975
16-01-2026 12:15||NIFTY27JAN2626000CE,0.09910787659719389
16-01-2026 12:20||NIFTY27JAN2623900PE,0.19791031157014416
16-01-2026 12:20||NIFTY27JAN2624300PE,0.1685226778358609
16-01-2026 12:20||NIFTY27JAN2624500PE,0.1543359218185571
16-01-2026 12:20||NIFTY27JAN2624900PE,0.1284999836313382
16-01-2026 12:20||NIFTY27JAN2625400CE,0.1261001665314466
16-01-2026 12:20||NIFTY27JAN2625600CE,0.11408243807751395
16-01-2026 12:20||NIFTY27JAN2625700CE,0.10951923462454707
16-01-2026 12:25||NIFTY27JAN2623800PE,0.20406369901979327
16-01-2026 12:25||NIFTY27JAN2624500PE,0.15536874289110175
16-01-2026 12:25||NIFTY27JAN2624700PE,0.14297759673331836
16-01-2026 12:25||NIFTY27JAN2624800PE,0.13721908552038184
16-01-2026 12:25||NIFTY27JAN2625000PE,0.12644147472671666
16-01-2026 12:25||NIFTY27JAN2625100PE,0.12139909271790181
16-01-2026 12:25||NIFTY27JAN2626400CE,0.09437391785591509
16-01-2026 12:30||NIFTY27JAN2623800PE,0.19935324472161037
16-01-2026 12:30||NIFTY27JAN2624400PE,0.15332055443409315
16-01-2026 12:30||NIFTY27JAN2624600PE,0.13981452187114377
16-01-2026 12:35||NIFTY27JAN2623800PE,0.20305139630944602
16-01-2026 12:35||NIFTY27JAN2623900PE,0.1943670707414727
16-01-2026 12:35||NIFTY27JAN2624800PE,0.130432067391767
16-01-2026 12:35||NIFTY27JAN2625600CE,0.10958011887935831
16-01-2026 12:35||NIFTY27JAN2625700CE,0.10580248838339953
16-01-2026 12:35||NIFTY27JAN2625800CE,0.10254338850035685
16-01-2026 12:35||NIFTY27JAN2625900CE,0.09997247806316995
16-01-2026 12:35||NIFTY27JAN2626000CE,0.09826887116060287
16-01-2026 12:35||NIFTY27JAN2626200CE,0.09785463508402259
16-01-2026 12:40||NIFTY27JAN2623800PE,0.20208264604325835
16-01-2026 12:40||NIFTY27JAN2625200CE,0.12056523157520989
16-01-2026 12:40||NIFTY27JAN2625900CE,0.09867077724850506
16-01-2026 12:45||NIFTY27JAN2624000PE,0.18411823452051218
16-01-2026 12:45||NIFTY27JAN2624800PE,0.13040608459502429
16-01-2026 12:45||NIFTY27JAN2625700CE,0.10332298363238981
16-01-2026 12:45||NIFTY27JAN2625900CE,0.0988194659794745
16-01-2026 12:45||NIFTY27JAN2626000CE,0.09765865540344978
16-01-2026 12:45||NIFTY27JAN2626300CE,0.09932201031409758
16-01-2026 12:50||NIFTY27JAN2624300PE,0.1617504088254553
16-01-2026 12:50||NIFTY27JAN2626000CE,0.10318311961440209
16-01-2026 12:50||NIFTY27JAN2626200CE,0.10185481759965466
16-01-2026 12:55||NIFTY27JAN2623900PE,0.19251980140114117
16-01-2026 12:55||NIFTY27JAN2624700PE,0.13707574302239417
16-01-2026 12:55||NIFTY27JAN2624900PE,0.12544696180377482
16-01-2026 12:55||NIFTY27JAN2625500CE,0.10470445989454041
16-01-2026 12:55||NIFTY27JAN2625800CE,0.09808648629232272
16-01-2026 13:00||NIFTY27JAN2623800PE,0.1987897792078011
16-01-2026 13:00||NIFTY27JAN2624700PE,0.1350210516253298
16-01-2026 13:00||NIFTY27JAN2624800PE,0.12903524043566753
16-01-2026 13:00||NIFTY27JAN2625400CE,0.11008133056744564
16-01-2026 13:00||NIFTY27JAN2625900CE,0.09821072330711036
16-01-2026 13:00||NIFTY27JAN2626000CE,0.09742614147237219
16-01-2026 13:05||NIFTY27JAN2624100PE,0.17437941916689984
16-01-2026 13:05||NIFTY27JAN2625000PE,0.1152777810368367
16-01-2026 13:05||NIFTY27JAN2625300CE,0.12849319620984836
16-01-2026 13:10||NIFTY27JAN2625200CE,0.13087055888760618
16-01-2026 13:15||NIFTY27JAN2623800PE,0.196238088452235
16-01-2026 13:15||NIFTY27JAN2624100PE,0.1729821397537506
16-01-2026 13:15||NIFTY27JAN2624600PE,0.13775502448554805
16-01-2026 13:15||NIFTY27JAN2624700PE,0.13149278495739536
16-01-2026 13:15||NIFTY27JAN2625800CE,0.1018792732552807
16-01-2026 13:15||NIFTY27JAN2626100CE,0.09903348623866279
16-01-2026 13:15||NIFTY27JAN2626200CE,0.0998238667432726
16-01-2026 13:20||NIFTY27JAN2624300PE,0.1572225920234914
16-01-2026 13:20||NIFTY27JAN2624700PE,0.13129744173643026
16-01-2026 13:20||NIFTY27JAN2625100PE,0.111309582091959
16-01-2026 13:20||NIFTY27JAN2625600CE,0.10475700477909988
16-01-2026 13:20||NIFTY27JAN2626100CE,0.09855353592201017
16-01-2026 13:25||NIFTY27JAN2623900PE,0.18403553594278432
16-01-2026 13:25||NIFTY27JAN2624300PE,0.15429800059530133
16-01-2026 13:25||NIFTY27JAN2624400PE,0.14743552885134154
16-01-2026 13:25||NIFTY27JAN2625200CE,0.14125203183588836
16-01-2026 13:25||NIFTY27JAN2625300CE,0.13457482331088272
16-01-2026 13:25||NIFTY27JAN2625500CE,0.12291631460646299
16-01-2026 13:25||NIFTY27JAN2625800CE,0.11024258725129885
16-01-2026 13:25||NIFTY27JAN2626400CE,0.10899426973668457
16-01-2026 13:25||NIFTY27JAN2626500CE,0.11312328927223694
16-01-2026 13:30||NIFTY27JAN2624000PE,0.17805363495987575
16-01-2026 13:30||NIFTY27JAN2624200PE,0.16337937130767866
16-01-2026 13:30||NIFTY27JAN2624400PE,0.14980072782914136
16-01-2026 13:30||NIFTY27JAN2624900PE,0.12063572751194605
16-01-2026 13:30||NIFTY27JAN2625000PE,0.11566747388197664
16-01-2026 13:30||NIFTY27JAN2625200CE,0.12875895727664796
16-01-2026 13:35||NIFTY27JAN2624400PE,0.14858608081791155
16-01-2026 13:35||NIFTY27JAN2624500PE,0.14181331921842386
16-01-2026 13:35||NIFTY27JAN2624900PE,0.11907431666244894
16-01-2026 13:35||NIFTY27JAN2625500CE,0.11762333987770784
16-01-2026 13:35||NIFTY27JAN2626100CE,0.1023232963911646
16-01-2026 13:35||NIFTY27JAN2626400CE,0.10729105860245654
16-01-2026 13:40||NIFTY27JAN2623900PE,0.18637044420160057
16-01-2026 13:40||NIFTY27JAN2624500PE,0.14376007679118885
16-01-2026 13:40||NIFTY27JAN2624700PE,0.1317544153321281
16-01-2026 13:40||NIFTY27JAN2625200CE,0.12255919900049622
16-01-2026 13:40||NIFTY27JAN2625300CE,0.11746087216464902
16-01-2026 13:40||NIFTY27JAN2625900CE,0.10020778589037616
16-01-2026 13:40||NIFTY27JAN2626000CE,0.09942497158235739
16-01-2026 13:40||NIFTY27JAN2626200CE,0.10033019179465005
16-01-2026 13:40||NIFTY27JAN2626500CE,0.10828364428629526
16-01-2026 13:45||NIFTY27JAN2623900PE,0.18621713026171535
16-01-2026 13:45||NIFTY27JAN2624100PE,0.1704365290861345
16-01-2026 13:45||NIFTY27JAN2624500PE,0.14277178247177438
16-01-2026 13:50||NIFTY27JAN2624700PE,0.13393576218576117
16-01-2026 13:50||NIFTY27JAN2625900CE,0.09578140480865381
16-01-2026 13:50||NIFTY27JAN2626000CE,0.09579319261466664
16-01-2026 13:55||NIFTY27JAN2623900PE,0.18617178930195974
16-01-2026 13:55||NIFTY27JAN2624200PE,0.16327329668638033
16-01-2026 13:55||NIFTY27JAN2624300PE,0.1564209937763349
16-01-2026 13:55||NIFTY27JAN2625000PE,0.11546134870594688
16-01-2026 13:55||NIFTY27JAN2625700CE,0.10312716387854903
16-01-2026 13:55||NIFTY27JAN2626100CE,0.10000257923733835
16-01-2026 14:00||NIFTY27JAN2624500PE,0.14275435904326914
16-01-2026 14:00||NIFTY27JAN2624900PE,0.11969274192036933
16-01-2026 14:00||NIFTY27JAN2625000PE,0.11475839388794859
16-01-2026 14:00||NIFTY27JAN2625100PE,0.11022394998165835
16-01-2026 14:00||NIFTY27JAN2626000CE,0.09859936875929583
16-01-2026 14:05||NIFTY27JAN2624100PE,0.17163430008159164
16-01-2026 14:05||NIFTY27JAN2625500CE,0.1029351247052185
16-01-2026 14:05||NIFTY27JAN2625800CE,0.09739631478621343
16-01-2026 14:05||NIFTY27JAN2626100CE,0.0980178947884538
16-01-2026 14:10||NIFTY27JAN2624500PE,0.14401832040885004
16-01-2026 14:10||NIFTY27JAN2625100PE,0.11126469101543963
16-01-2026 14:10||NIFTY27JAN2625500CE,0.10896985361820316
16-01-2026 14:10||NIFTY27JAN2626400CE,0.10573474907709463
16-01-2026 14:10||NIFTY27JAN2626500CE,0.10944648781071623
16-01-2026 14:15||NIFTY27JAN2624300PE,0.15683709955251907
16-01-2026 14:15||NIFTY27JAN2624600PE,0.13634922384660522
16-01-2026 14:15||NIFTY27JAN2624900PE,0.11939697088266082
16-01-2026 14:15||NIFTY27JAN2625500CE,0.11187025900062589
16-01-2026 14:20||NIFTY27JAN2624200PE,0.16457244409873328
16-01-2026 14:20||NIFTY27JAN2624800PE,0.125048314960608
16-01-2026 14:20||NIFTY27JAN2625100PE,0.11128815394153574
16-01-2026 14:20||NIFTY27JAN2626000CE,0.09941867696631324
16-01-2026 14:20||NIFTY27JAN2626300CE,0.10278794579056866
16-01-2026 14:25||NIFTY27JAN2623900PE,0.18930234227910703
16-01-2026 14:25||NIFTY27JAN2624900PE,0.12246842078209468
16-01-2026 14:25||NIFTY27JAN2625100PE,0.11185211162581235
16-01-2026 14:25||NIFTY27JAN2625500CE,0.10006181512585959
16-01-2026 14:25||NIFTY27JAN2626500CE,0.10792673200720321
16-01-2026 14:30||NIFTY27JAN2623800PE,0.19502174682767162
16-01-2026 14:30||NIFTY27JAN2624300PE,0.1571937670538892
16-01-2026 14:30||NIFTY27JAN2626300CE,0.10333266041479852
16-01-2026 14:35||NIFTY27JAN2623800PE,0.19733760831671615
16-01-2026 14:35||NIFTY27JAN2624800PE,0.12670225660400988
16-01-2026 14:35||NIFTY27JAN2624900PE,0.12120786282962062
16-01-2026 14:35||NIFTY27JAN2625000PE,0.11609291367955374
16-01-2026 14:35||NIFTY27JAN2625300CE,0.10362916707313338
16-01-2026 14:35||NIFTY27JAN2625900CE,0.09668736099199383
16-01-2026 14:35||NIFTY27JAN2626100CE,0.09671372447393886
16-01-2026 14:35||NIFTY27JAN2626200CE,0.09798160419399968
16-01-2026 14:35||NIFTY27JAN2626300CE,0.10008132974033591
16-01-2026 14:35||NIFTY27JAN2626500CE,0.10643284741661317
16-01-2026 14:40||NIFTY27JAN2624200PE,0.1651627424146003
16-01-2026 14:40||NIFTY27JAN2624600PE,0.13779020237707088
16-01-2026 14:40||NIFTY27JAN2624900PE,0.12061086934940213
16-01-2026 14:40||NIFTY27JAN2625800CE,0.09986115376549627
16-01-2026 14:40||NIFTY27JAN2626500CE,0.10816555770801564
16-01-2026 14:45||NIFTY27JAN2623900PE,0.18737811893139755
16-01-2026 14:45||NIFTY27JAN2624000PE,0.17947513423136321
16-01-2026 14:45||NIFTY27JAN2624100PE,0.17190814687763176
16-01-2026 14:45||NIFTY27JAN2625000PE,0.11588534607037658
16-01-2026 14:45||NIFTY27JAN2625300CE,0.11026311487548268
16-01-2026 14:45||NIFTY27JAN2625600CE,0.10135159188643314
16-01-2026 14:45||NIFTY27JAN2626300CE,0.10005515004815349
16-01-2026 14:45||NIFTY27JAN2626400CE,0.10333823255392423
16-01-2026 14:50||NIFTY27JAN2623900PE,0.1873443939231086
16-01-2026 14:50||NIFTY27JAN2624100PE,0.17227527675019605
16-01-2026 14:50||NIFTY27JAN2624200PE,0.16464890679740068
16-01-2026 14:50||NIFTY27JAN2624300PE,0.15724102339403362
16-01-2026 14:50||NIFTY27JAN2624700PE,0.13133537712245913
16-01-2026 14:50||NIFTY27JAN2625100PE,0.11055144457731246
16-01-2026 14:55||NIFTY27JAN2624200PE,0.16370549256384537
16-01-2026 14:55||NIFTY27JAN2624900PE,0.12071712346457743
16-01-2026 14:55||NIFTY27JAN2625200CE,0.12315420454699921
16-01-2026 14:55||NIFTY27JAN2625300CE,0.11842366431430768
16-01-2026 14:55||NIFTY27JAN2625600CE,0.10615543761908731
16-01-2026 14:55||NIFTY27JAN2625700CE,0.10262050052483997
16-01-2026 14:55||NIFTY27JAN2625800CE,0.09994474686390063
16-01-2026 15:00||NIFTY27JAN2624000PE,0.17950615137202924
16-01-2026 15:00||NIFTY27JAN2624800PE,0.12727454695241375
16-01-2026 15:00||NIFTY27JAN2624900PE,0.1221547908808
16-01-2026 15:00||NIFTY27JAN2625500CE,0.10120478155097258
16-01-2026 15:05||NIFTY27JAN2623900PE,0.1867373452638232
16-01-2026 15:05||NIFTY27JAN2624100PE,0.17135691257575023
16-01-2026 15:05||NIFTY27JAN2624200PE,0.16380371003162936
16-01-2026 15:05||NIFTY27JAN2624600PE,0.137388512982311
16-01-2026 15:05||NIFTY27JAN2624900PE,0.12128964171385578
16-01-2026 15:05||NIFTY27JAN2626200CE,0.09803854190789664
16-01-2026 15:10||NIFTY27JAN2623900PE,0.18592394729718384
16-01-2026 15:10||NIFTY27JAN2624700PE,0.13140372131821795
16-01-2026 15:10||NIFTY27JAN2624800PE,0.12609579305647972
16-01-2026 15:10||NIFTY27JAN2625100PE,0.11126146967495074
16-01-2026 15:10||NIFTY27JAN2625600CE,0.10040743757297314
16-01-2026 15:15||NIFTY27JAN2623800PE,0.1954923373837063
16-01-2026 15:15||NIFTY27JAN2624200PE,0.16282839175624075
16-01-2026 15:15||NIFTY27JAN2624400PE,0.14911468205895156
16-01-2026 15:15||NIFTY27JAN2624500PE,0.14276084728233318
16-01-2026 15:15||NIFTY27JAN2624700PE,0.1309581596187053
16-01-2026 15:15||NIFTY27JAN2624800PE,0.12545507371580703
16-01-2026 15:15||NIFTY27JAN2625000PE,0.11502866990330786
16-01-2026 15:15||NIFTY27JAN2625300CE,0.11958309493731023
16-01-2026 15:15||NIFTY27JAN2625500CE,0.109908975987181
16-01-2026 15:15||NIFTY27JAN2626000CE,0.09904939107378313
16-01-2026 15:15||NIFTY27JAN2626100CE,0.0991569864618353
16-01-2026 15:15||NIFTY27JAN2626300CE,0.10185420056589298
16-01-2026 15:20||NIFTY27JAN2623900PE,0.18661361729868958
16-01-2026 15:20||NIFTY27JAN2624000PE,0.1787025699708275
16-01-2026 15:20||NIFTY27JAN2624200PE,0.163812151728958
16-01-2026 15:20||NIFTY27JAN2624400PE,0.15005199984615983
16-01-2026 15:20||NIFTY27JAN2624600PE,0.13725762383791607
16-01-2026 15:20||NIFTY27JAN2624800PE,0.12557698550527135
16-01-2026 15:20||NIFTY27JAN2625500CE,0.10843947096889606
16-01-2026 15:20||NIFTY27JAN2625900CE,0.09884117176997288
16-01-2026 15:20||NIFTY27JAN2626100CE,0.09831263809044308
16-01-2026 15:20||NIFTY27JAN2626400CE,0.10539149693466943
16-01-2026 15:20||NIFTY27JAN2626500CE,0.10989046748402093
16-01-2026 15:25||NIFTY27JAN2626400CE,0.10295370746838449
16-01-2026 15:25||NIFTY27JAN2626500CE,0.10705071677692418
19-01-2026 09:15||NIFTY27JAN2624700PE,0.13605385153182695
19-01-2026 09:15||NIFTY27JAN2624900PE,0.12401018058190688
19-01-2026 09:15||NIFTY27JAN2625400CE,0.12967752425903564
19-01-2026 09:15||NIFTY27JAN2625500CE,0.12506502332722721
19-01-2026 09:15||NIFTY27JAN2625900CE,0.11767877448220457
19-01-2026 09:15||NIFTY27JAN2626300CE,0.12631586166298425
19-01-2026 09:15||NIFTY27JAN2626400CE,0.13096775429459395
19-01-2026 09:20||NIFTY27JAN2624600PE,0.14736539694985418
19-01-2026 09:20||NIFTY27JAN2625700CE,0.0992384319610937
19-01-2026 09:20||NIFTY27JAN2626100CE,0.10903183103823563
19-01-2026 09:20||NIFTY27JAN2626400CE,0.12264371819783881
19-01-2026 09:25||NIFTY27JAN2624500PE,0.1523489625416957
19-01-2026 09:25||NIFTY27JAN2625500CE,0.10171620546942098
19-01-2026 09:25||NIFTY27JAN2625600CE,0.10196559757578298
19-01-2026 09:25||NIFTY27JAN2625700CE,0.10263124558490352
19-01-2026 09:25||NIFTY27JAN2626100CE,0.11178099218352386
19-01-2026 09:25||NIFTY27JAN2626200CE,0.11574631931638721
19-01-2026 09:25||NIFTY27JAN2626400CE,0.1257920469419838
19-01-2026 09:30||NIFTY27JAN2623800PE,0.2067346701418483
19-01-2026 09:30||NIFTY27JAN2624000PE,0.19108526369155987
19-01-2026 09:30||NIFTY27JAN2624200PE,0.175062638046369
19-01-2026 09:30||NIFTY27JAN2624300PE,0.16675145256174043
19-01-2026 09:30||NIFTY27JAN2624400PE,0.15824155470584253
19-01-2026 09:30||NIFTY27JAN2624800PE,0.12763107464763915
19-01-2026 09:30||NIFTY27JAN2625400CE,0.1288600298548634
19-01-2026 09:30||NIFTY27JAN2625800CE,0.11568560505964891
19-01-2026 09:30||NIFTY27JAN2626500CE,0.138442559574615
19-01-2026 09:35||NIFTY27JAN2624500PE,0.15540350058528457
19-01-2026 09:35||NIFTY27JAN2624800PE,0.13381581059600217
19-01-2026 09:35||NIFTY27JAN2625500CE,0.09880193984963032
19-01-2026 09:35||NIFTY27JAN2625600CE,0.09943683956049752
19-01-2026 09:35||NIFTY27JAN2626200CE,0.11404823019068112
19-01-2026 09:40||NIFTY27JAN2624100PE,0.18435247491729834
19-01-2026 09:40||NIFTY27JAN2624200PE,0.17568500780859622
19-01-2026 09:40||NIFTY27JAN2624400PE,0.15887631280484613
19-01-2026 09:40||NIFTY27JAN2624500PE,0.15017502967099491
19-01-2026 09:40||NIFTY27JAN2624600PE,0.14193176514017475
19-01-2026 09:40||NIFTY27JAN2624900PE,0.1235047851705312
19-01-2026 09:40||NIFTY27JAN2625700CE,0.10929382626877991
19-01-2026 09:40||NIFTY27JAN2626200CE,0.11803341400659725
19-01-2026 09:40||NIFTY27JAN2626300CE,0.12258547281955127
19-01-2026 09:40||NIFTY27JAN2626500CE,0.134178327947036
19-01-2026 09:45||NIFTY27JAN2623900PE,0.20066505398853948
19-01-2026 09:45||NIFTY27JAN2624000PE,0.1924147357507488
19-01-2026 09:45||NIFTY27JAN2626200CE,0.11653393324592401
19-01-2026 09:50||NIFTY27JAN2623900PE,0.20131117042526703
19-01-2026 09:50||NIFTY27JAN2624700PE,0.1377416153490859
19-01-2026 09:50||NIFTY27JAN2624800PE,0.13144508999523283
19-01-2026 09:50||NIFTY27JAN2625300CE,0.1003814314795472
19-01-2026 09:50||NIFTY27JAN2625900CE,0.10512058939989985
19-01-2026 09:50||NIFTY27JAN2626200CE,0.11503174712713432
19-01-2026 09:55||NIFTY27JAN2624700PE,0.1378293352861812
19-01-2026 09:55||NIFTY27JAN2625400CE,0.10098222853204666
19-01-2026 09:55||NIFTY27JAN2625700CE,0.10225395116524535
19-01-2026 09:55||NIFTY27JAN2626400CE,0.126680703939445
19-01-2026 10:00||NIFTY27JAN2624400PE,0.15764359401635064
19-01-2026 10:00||NIFTY27JAN2625000PE,0.11931150924700704
19-01-2026 10:00||NIFTY27JAN2625700CE,0.10579924915357244
19-01-2026 10:00||NIFTY27JAN2625900CE,0.10843936817204666
19-01-2026 10:05||NIFTY27JAN2624500PE,0.14792641573125956
19-01-2026 10:05||NIFTY27JAN2624800PE,0.12677296892450254
19-01-2026 10:05||NIFTY27JAN2625200CE,0.12619675941298097
19-01-2026 10:05||NIFTY27JAN2625500CE,0.11437497111113532
19-01-2026 10:05||NIFTY27JAN2626100CE,0.11741659404420557
19-01-2026 10:05||NIFTY27JAN2626200CE,0.12149118616469438
19-01-2026 10:10||NIFTY27JAN2623800PE,0.20905972577986306
19-01-2026 10:10||NIFTY27JAN2624200PE,0.17433347124497828
19-01-2026 10:10||NIFTY27JAN2624400PE,0.1575768623663389
19-01-2026 10:10||NIFTY27JAN2625100PE,0.116358716332657
19-01-2026 10:15||NIFTY27JAN2624200PE,0.17452500656872605
19-01-2026 10:15||NIFTY27JAN2624400PE,0.15743627270521815
19-01-2026 10:15||NIFTY27JAN2624700PE,0.13472995258575232
19-01-2026 10:15||NIFTY27JAN2624800PE,0.12873560617413088
19-01-2026 10:15||NIFTY27JAN2625100PE,0.11625045434807592
19-01-2026 10:15||NIFTY27JAN2625500CE,0.10915674506136135
19-01-2026 10:15||NIFTY27JAN2625700CE,0.10734963992000376
19-01-2026 10:15||NIFTY27JAN2626200CE,0.11958865963587623
19-01-2026 10:15||NIFTY27JAN2626500CE,0.13672138052940044
19-01-2026 10:20||NIFTY27JAN2623900PE,0.20112274945949354
19-01-2026 10:20||NIFTY27JAN2624100PE,0.18491399583339377
19-01-2026 10:20||NIFTY27JAN2625500CE,0.10726492216616093
19-01-2026 10:20||NIFTY27JAN2626300CE,0.12300637052446478
19-01-2026 10:25||NIFTY27JAN2625400CE,0.10191302025533458
19-01-2026 10:25||NIFTY27JAN2626100CE,0.11404803504719008
19-01-2026 10:25||NIFTY27JAN2626400CE,0.1289931218446037
19-01-2026 10:25||NIFTY27JAN2626500CE,0.13515741448104673
19-01-2026 10:30||NIFTY27JAN2623800PE,0.20820450352193848
19-01-2026 10:30||NIFTY27JAN2623900PE,0.19969710762233975
19-01-2026 10:30||NIFTY27JAN2624600PE,0.14288881056421557
19-01-2026 10:30||NIFTY27JAN2624700PE,0.13665227825064438
19-01-2026 10:30||NIFTY27JAN2624800PE,0.13107191992667644
19-01-2026 10:30||NIFTY27JAN2624900PE,0.1260676603593474
19-01-2026 10:30||NIFTY27JAN2626200CE,0.1201550344743024
19-01-2026 10:35||NIFTY27JAN2623800PE,0.2059710643601276
19-01-2026 10:35||NIFTY27JAN2624700PE,0.13658098678496142
19-01-2026 10:35||NIFTY27JAN2624800PE,0.13106001594477396
19-01-2026 10:35||NIFTY27JAN2625000PE,0.12185404061681519
19-01-2026 10:35||NIFTY27JAN2625200CE,0.10941455825404867
19-01-2026 10:35||NIFTY27JAN2626300CE,0.12512714691950322
19-01-2026 10:40||NIFTY27JAN2623800PE,0.20382458622784602
19-01-2026 10:40||NIFTY27JAN2623900PE,0.19684114754114174
19-01-2026 10:40||NIFTY27JAN2624000PE,0.18924062673494754
19-01-2026 10:40||NIFTY27JAN2624700PE,0.1344816046830405
19-01-2026 10:40||NIFTY27JAN2625400CE,0.11760260611203135
19-01-2026 10:40||NIFTY27JAN2625700CE,0.11201329558842765
19-01-2026 10:45||NIFTY27JAN2624000PE,0.1918757582869157
19-01-2026 10:45||NIFTY27JAN2624700PE,0.13758473566320112
19-01-2026 10:45||NIFTY27JAN2625600CE,0.10664440827283599
19-01-2026 10:45||NIFTY27JAN2626200CE,0.1190387045127666
19-01-2026 10:50||NIFTY27JAN2625100PE,0.11582917484834844
19-01-2026 10:50||NIFTY27JAN2625200CE,0.12275633083769062
19-01-2026 10:50||NIFTY27JAN2626200CE,0.12042343559718788
19-01-2026 10:55||NIFTY27JAN2624100PE,0.18288466427322886
19-01-2026 10:55||NIFTY27JAN2624200PE,0.1741417906816553
19-01-2026 10:55||NIFTY27JAN2624500PE,0.14918226726115047
19-01-2026 10:55||NIFTY27JAN2625400CE,0.12143084207393047
19-01-2026 10:55||NIFTY27JAN2625500CE,0.11726419093200233
19-01-2026 10:55||NIFTY27JAN2625900CE,0.11173877420198529
19-01-2026 10:55||NIFTY27JAN2626000CE,0.11377349111921953
19-01-2026 11:00||NIFTY27JAN2623900PE,0.2028236041246088
19-01-2026 11:00||NIFTY27JAN2624400PE,0.15973840719774104
19-01-2026 11:00||NIFTY27JAN2625400CE,0.1161271856379899
19-01-2026 11:00||NIFTY27JAN2625600CE,0.11170764937736592
19-01-2026 11:00||NIFTY27JAN2625700CE,0.11005593561869915
19-01-2026 11:00||NIFTY27JAN2625800CE,0.10930413335673866
19-01-2026 11:00||NIFTY27JAN2626300CE,0.12294728622020032
19-01-2026 11:00||NIFTY27JAN2626500CE,0.13385398398263076
19-01-2026 11:05||NIFTY27JAN2623800PE,0.21394910640814008
19-01-2026 11:05||NIFTY27JAN2623900PE,0.20421088907922433
19-01-2026 11:05||NIFTY27JAN2624200PE,0.17848138644920725
19-01-2026 11:05||NIFTY27JAN2624500PE,0.15484361624275628
19-01-2026 11:05||NIFTY27JAN2625000PE,0.12509584646846872
19-01-2026 11:05||NIFTY27JAN2625600CE,0.10095285649136405
19-01-2026 11:05||NIFTY27JAN2626100CE,0.11019434548246437
19-01-2026 11:10||NIFTY27JAN2624300PE,0.16817023084743588
19-01-2026 11:10||NIFTY27JAN2625800CE,0.1055250098153798
19-01-2026 11:15||NIFTY27JAN2624400PE,0.1603562516222311
19-01-2026 11:15||NIFTY27JAN2624500PE,0.1529287960282039
19-01-2026 11:15||NIFTY27JAN2624600PE,0.14567936918773228
19-01-2026 11:15||NIFTY27JAN2624700PE,0.1391318334995533
19-01-2026 11:15||NIFTY27JAN2624900PE,0.12800063306071607
19-01-2026 11:15||NIFTY27JAN2625100PE,0.11876168314129347
19-01-2026 11:20||NIFTY27JAN2623800PE,0.206044909635785
19-01-2026 11:20||NIFTY27JAN2624200PE,0.17364230439093925
19-01-2026 11:20||NIFTY27JAN2624300PE,0.16545814616513002
19-01-2026 11:20||NIFTY27JAN2624500PE,0.14984058378051915
19-01-2026 11:20||NIFTY27JAN2624900PE,0.12500626973342294
19-01-2026 11:20||NIFTY27JAN2625400CE,0.11457407505578812
19-01-2026 11:20||NIFTY27JAN2625500CE,0.11170214837823576
19-01-2026 11:20||NIFTY27JAN2625600CE,0.10985821503497248
19-01-2026 11:20||NIFTY27JAN2625700CE,0.10895467153290846
19-01-2026 11:20||NIFTY27JAN2626200CE,0.12000338401889518
19-01-2026 11:20||NIFTY27JAN2626300CE,0.1249871808284002
19-01-2026 11:20||NIFTY27JAN2626500CE,0.137168240426071
19-01-2026 11:25||NIFTY27JAN2624900PE,0.12533089306903558
19-01-2026 11:25||NIFTY27JAN2625300CE,0.11779505546730437
19-01-2026 11:25||NIFTY27JAN2625400CE,0.11453011443557344
19-01-2026 11:30||NIFTY27JAN2624100PE,0.183388338655244
19-01-2026 11:30||NIFTY27JAN2624600PE,0.14375786532155527
19-01-2026 11:30||NIFTY27JAN2624900PE,0.1252876559306932
19-01-2026 11:30||NIFTY27JAN2625000PE,0.12011040023836159
19-01-2026 11:30||NIFTY27JAN2625500CE,0.11183019941472619
19-01-2026 11:30||NIFTY27JAN2625700CE,0.1088600795556682
19-01-2026 11:30||NIFTY27JAN2626500CE,0.13475296700166084
19-01-2026 11:35||NIFTY27JAN2623900PE,0.19933142179546
19-01-2026 11:35||NIFTY27JAN2624600PE,0.14279867917251188
19-01-2026 11:35||NIFTY27JAN2625800CE,0.11027334630268817
19-01-2026 11:35||NIFTY27JAN2626000CE,0.11242051768286347
19-01-2026 11:35||NIFTY27JAN2626200CE,0.1207009350731953
19-01-2026 11:35||NIFTY27JAN2626300CE,0.12701597075080912
19-01-2026 11:35||NIFTY27JAN2626400CE,0.1348179487765453
19-01-2026 11:35||NIFTY27JAN2626500CE,0.13129948923311877
19-01-2026 11:40||NIFTY27JAN2623800PE,0.207495689636775
19-01-2026 11:40||NIFTY27JAN2624100PE,0.1854755439408593
19-01-2026 11:40||NIFTY27JAN2624200PE,0.1767426447988506
19-01-2026 11:40||NIFTY27JAN2624400PE,0.1596320952711277
19-01-2026 11:40||NIFTY27JAN2624500PE,0.15115831821780368
19-01-2026 11:40||NIFTY27JAN2625100PE,0.11621043446766927
19-01-2026 11:45||NIFTY27JAN2624300PE,0.16844025738971527
19-01-2026 11:45||NIFTY27JAN2625400CE,0.11374828943850382
19-01-2026 11:50||NIFTY27JAN2624600PE,0.14512918612293427
19-01-2026 11:50||NIFTY27JAN2625200CE,0.11426021151659585
19-01-2026 11:50||NIFTY27JAN2626300CE,0.12234999770714339
19-01-2026 11:55||NIFTY27JAN2623800PE,0.20757170017430826
19-01-2026 11:55||NIFTY27JAN2624300PE,0.16901689104245388
19-01-2026 11:55||NIFTY27JAN2624500PE,0.15351004864082493
19-01-2026 11:55||NIFTY27JAN2624600PE,0.14624045004909206
19-01-2026 11:55||NIFTY27JAN2624700PE,0.13940836247247904
19-01-2026 11:55||NIFTY27JAN2625900CE,0.10528093091683327
19-01-2026 11:55||NIFTY27JAN2626200CE,0.11633304097063496
19-01-2026 12:00||NIFTY27JAN2624200PE,0.17556301405604713
19-01-2026 12:00||NIFTY27JAN2624300PE,0.16726132696181062
19-01-2026 12:00||NIFTY27JAN2624400PE,0.15890599430339042
19-01-2026 12:00||NIFTY27JAN2624500PE,0.15138785762562268
19-01-2026 12:00||NIFTY27JAN2624700PE,0.13814358979625738
19-01-2026 12:00||NIFTY27JAN2625000PE,0.12177074900562572
19-01-2026 12:00||NIFTY27JAN2626100CE,0.11374200102970511
19-01-2026 12:00||NIFTY27JAN2626500CE,0.13490911614261022
19-01-2026 12:05||NIFTY27JAN2623900PE,0.20025407498461617
19-01-2026 12:05||NIFTY27JAN2624400PE,0.16057037092833895
19-01-2026 12:05||NIFTY27JAN2624500PE,0.1525683590948278
19-01-2026 12:05||NIFTY27JAN2625200CE,0.11427183233672639
19-01-2026 12:05||NIFTY27JAN2625400CE,0.10786534429343987
19-01-2026 12:05||NIFTY27JAN2625500CE,0.10589807363160399
19-01-2026 12:05||NIFTY27JAN2625700CE,0.10495522584673267
19-01-2026 12:05||NIFTY27JAN2626100CE,0.11441798317496794
19-01-2026 12:05||NIFTY27JAN2626200CE,0.11900752229277503
19-01-2026 12:05||NIFTY27JAN2626400CE,0.13045035748303055
19-01-2026 12:05||NIFTY27JAN2626500CE,0.1372516265636906
19-01-2026 12:10||NIFTY27JAN2623900PE,0.20059089348127068
19-01-2026 12:10||NIFTY27JAN2625600CE,0.10962296388610736
19-01-2026 12:10||NIFTY27JAN2626400CE,0.13033852648587024
19-01-2026 12:15||NIFTY27JAN2623900PE,0.20030605487511602
19-01-2026 12:15||NIFTY27JAN2624100PE,0.18485693140579187
19-01-2026 12:15||NIFTY27JAN2624300PE,0.16817481961739936
19-01-2026 12:20||NIFTY27JAN2623800PE,0.20945009076395707
19-01-2026 12:20||NIFTY27JAN2624400PE,0.16188444446364278
19-01-2026 12:20||NIFTY27JAN2625100PE,0.11819252929261902
19-01-2026 12:20||NIFTY27JAN2625300CE,0.10780246990391626
19-01-2026 12:20||NIFTY27JAN2626200CE,0.11518975755794109
19-01-2026 12:25||NIFTY27JAN2623800PE,0.2082804771623717
19-01-2026 12:25||NIFTY27JAN2625700CE,0.10508625182344267
19-01-2026 12:25||NIFTY27JAN2626500CE,0.13462513450930721
19-01-2026 12:30||NIFTY27JAN2623900PE,0.2009144086718396
19-01-2026 12:30||NIFTY27JAN2624300PE,0.1686596504171315
19-01-2026 12:30||NIFTY27JAN2624500PE,0.15228966986546186
19-01-2026 12:30||NIFTY27JAN2625000PE,0.12044096583289944
19-01-2026 12:30||NIFTY27JAN2625400CE,0.1087912210728917
19-01-2026 12:30||NIFTY27JAN2626500CE,0.13505864608388973
19-01-2026 12:35||NIFTY27JAN2624100PE,0.18486718689179427
19-01-2026 12:35||NIFTY27JAN2624200PE,0.17661917727566517
19-01-2026 12:35||NIFTY27JAN2624400PE,0.16012975308390623
19-01-2026 12:35||NIFTY27JAN2624700PE,0.1382664692910382
19-01-2026 12:35||NIFTY27JAN2625000PE,0.12126528075905323
19-01-2026 12:35||NIFTY27JAN2625300CE,0.11031271988826381
19-01-2026 12:40||NIFTY27JAN2623800PE,0.20747462443086467
19-01-2026 12:40||NIFTY27JAN2625700CE,0.10901640712811235
19-01-2026 12:40||NIFTY27JAN2625800CE,0.10905220412145884
19-01-2026 12:40||NIFTY27JAN2626400CE,0.13122318472219596
19-01-2026 12:45||NIFTY27JAN2626000CE,0.1094500564673578
19-01-2026 12:45||NIFTY27JAN2626100CE,0.11347475015010385
19-01-2026 12:45||NIFTY27JAN2626400CE,0.12906479126740392
19-01-2026 12:50||NIFTY27JAN2623800PE,0.20725963887402263
19-01-2026 12:50||NIFTY27JAN2624200PE,0.17492439532495507
19-01-2026 12:50||NIFTY27JAN2625900CE,0.11019056542661873
19-01-2026 12:50||NIFTY27JAN2626500CE,0.13566233649660053
19-01-2026 12:55||NIFTY27JAN2623900PE,0.20295332327923093
19-01-2026 12:55||NIFTY27JAN2624100PE,0.18745883172737926
19-01-2026 12:55||NIFTY27JAN2624300PE,0.17079901423189142
19-01-2026 12:55||NIFTY27JAN2624400PE,0.16170333249281058
19-01-2026 12:55||NIFTY27JAN2624500PE,0.1530080789330734
19-01-2026 12:55||NIFTY27JAN2624700PE,0.13836582040111803
19-01-2026 12:55||NIFTY27JAN2625100PE,0.11776252625244678
19-01-2026 12:55||NIFTY27JAN2625700CE,0.10531011040277549
19-01-2026 12:55||NIFTY27JAN2626000CE,0.10894909668129038
19-01-2026 13:00||NIFTY27JAN2623900PE,0.20452223846274523
19-01-2026 13:00||NIFTY27JAN2624000PE,0.19660596809912467
19-01-2026 13:00||NIFTY27JAN2624400PE,0.16317883986913514
19-01-2026 13:00||NIFTY27JAN2624700PE,0.1400094835317756
19-01-2026 13:00||NIFTY27JAN2625400CE,0.10932729180287339
19-01-2026 13:00||NIFTY27JAN2625600CE,0.10539537943440908
19-01-2026 13:00||NIFTY27JAN2625900CE,0.1061544183882395
19-01-2026 13:00||NIFTY27JAN2626200CE,0.11639949043313765
19-01-2026 13:00||NIFTY27JAN2626500CE,0.1327509137976805
19-01-2026 13:05||NIFTY27JAN2624600PE,0.1469805094681169
19-01-2026 13:05||NIFTY27JAN2625100PE,0.11858989013557261
19-01-2026 13:05||NIFTY27JAN2625700CE,0.10326037314394217
19-01-2026 13:10||NIFTY27JAN2623800PE,0.21348961697125682
19-01-2026 13:10||NIFTY27JAN2623900PE,0.2053590976165633
19-01-2026 13:10||NIFTY27JAN2624400PE,0.1638395661462519
19-01-2026 13:10||NIFTY27JAN2624500PE,0.15516117122655038
19-01-2026 13:10||NIFTY27JAN2624600PE,0.14702212831409137
19-01-2026 13:10||NIFTY27JAN2626200CE,0.11531473786192192
19-01-2026 13:10||NIFTY27JAN2626300CE,0.12050941822527222
19-01-2026 13:15||NIFTY27JAN2625800CE,0.1072325473407453
19-01-2026 13:20||NIFTY27JAN2624400PE,0.1628454067054299
19-01-2026 13:20||NIFTY27JAN2624800PE,0.13285419907269036
19-01-2026 13:20||NIFTY27JAN2624900PE,0.12695572094843272
19-01-2026 13:20||NIFTY27JAN2625000PE,0.12163542109300868
19-01-2026 13:20||NIFTY27JAN2625200CE,0.11227324014191228
19-01-2026 13:20||NIFTY27JAN2625400CE,0.10603942390976248
19-01-2026 13:25||NIFTY27JAN2623900PE,0.20455606918417923
19-01-2026 13:25||NIFTY27JAN2625000PE,0.11988453200581237
19-01-2026 13:25||NIFTY27JAN2625300CE,0.11149859023920917
19-01-2026 13:25||NIFTY27JAN2625400CE,0.10848862682937381
19-01-2026 13:25||NIFTY27JAN2625900CE,0.10642978714780665
19-01-2026 13:25||NIFTY27JAN2626200CE,0.11713136896553067
19-01-2026 13:25||NIFTY27JAN2626500CE,0.13487594409418177
19-01-2026 13:30||NIFTY27JAN2624300PE,0.1702181332392434
19-01-2026 13:30||NIFTY27JAN2624900PE,0.12509115662113085
19-01-2026 13:30||NIFTY27JAN2625100PE,0.11493372195087292
19-01-2026 13:30||NIFTY27JAN2625800CE,0.10667706636280673
19-01-2026 13:30||NIFTY27JAN2626100CE,0.11355071177684542
19-01-2026 13:30||NIFTY27JAN2626300CE,0.12254238724544834
19-01-2026 13:30||NIFTY27JAN2626500CE,0.13375999450318127
19-01-2026 13:35||NIFTY27JAN2624400PE,0.16394418080139495
19-01-2026 13:35||NIFTY27JAN2624900PE,0.12742360324960483
19-01-2026 13:35||NIFTY27JAN2626200CE,0.11568375798211965
19-01-2026 13:35||NIFTY27JAN2626400CE,0.12643881765381904
19-01-2026 13:40||NIFTY27JAN2624800PE,0.13431550669317738
19-01-2026 13:40||NIFTY27JAN2625300CE,0.10092547866119
19-01-2026 13:40||NIFTY27JAN2625400CE,0.1007542715231543
19-01-2026 13:40||NIFTY27JAN2625600CE,0.10060453677610362
19-01-2026 13:40||NIFTY27JAN2625800CE,0.10193147436876723
19-01-2026 13:40||NIFTY27JAN2625900CE,0.10382661057947756
19-01-2026 13:45||NIFTY27JAN2624300PE,0.16885430011762212
19-01-2026 13:45||NIFTY27JAN2624700PE,0.13565109175370263
19-01-2026 13:45||NIFTY27JAN2625100PE,0.1103282032135106
19-01-2026 13:45||NIFTY27JAN2625500CE,0.12113575444187268
19-01-2026 13:45||NIFTY27JAN2626500CE,0.13411558117225805
19-01-2026 13:50||NIFTY27JAN2623900PE,0.20555706076581473
19-01-2026 13:50||NIFTY27JAN2624200PE,0.1810495921017247
19-01-2026 13:50||NIFTY27JAN2625100PE,0.11646207928070579
19-01-2026 13:50||NIFTY27JAN2625400CE,0.11627651216236792
19-01-2026 13:50||NIFTY27JAN2625700CE,0.10672436114861522
19-01-2026 13:50||NIFTY27JAN2626200CE,0.11372996153114816
19-01-2026 13:55||NIFTY27JAN2624500PE,0.15925653955198782
19-01-2026 13:55||NIFTY27JAN2624600PE,0.15084059018662177
19-01-2026 13:55||NIFTY27JAN2625600CE,0.10318704486630977
19-01-2026 13:55||NIFTY27JAN2625700CE,0.10243458800228622
19-01-2026 13:55||NIFTY27JAN2625800CE,0.10214746321416616
19-01-2026 13:55||NIFTY27JAN2625900CE,0.10273938434011713
19-01-2026 13:55||NIFTY27JAN2626200CE,0.11060232553716791
19-01-2026 14:00||NIFTY27JAN2624100PE,0.19363021532361768
19-01-2026 14:00||NIFTY27JAN2624600PE,0.14966373379331402
19-01-2026 14:00||NIFTY27JAN2625300CE,0.12208776064438732
19-01-2026 14:00||NIFTY27JAN2625800CE,0.10778195888037358
19-01-2026 14:00||NIFTY27JAN2625900CE,0.10735450591062676
19-01-2026 14:00||NIFTY27JAN2626100CE,0.10981607358060182
19-01-2026 14:05||NIFTY27JAN2623800PE,0.2179565275832813
19-01-2026 14:05||NIFTY27JAN2624200PE,0.18714266210536284
19-01-2026 14:05||NIFTY27JAN2624500PE,0.16112818590588213
19-01-2026 14:05||NIFTY27JAN2625000PE,0.1245100802496493
19-01-2026 14:05||NIFTY27JAN2625400CE,0.10730777707660713
19-01-2026 14:05||NIFTY27JAN2626500CE,0.12338820337504787
19-01-2026 14:10||NIFTY27JAN2624400PE,0.1698621090416872
19-01-2026 14:10||NIFTY27JAN2624500PE,0.1606294779468659
19-01-2026 14:10||NIFTY27JAN2625100PE,0.12080205878888649
19-01-2026 14:10||NIFTY27JAN2625200CE,0.10056721736103154
19-01-2026 14:10||NIFTY27JAN2626100CE,0.10345056159535843
19-01-2026 14:15||NIFTY27JAN2623800PE,0.21409618585335577
19-01-2026 14:15||NIFTY27JAN2624100PE,0.19351148369733756
19-01-2026 14:15||NIFTY27JAN2624200PE,0.18486992691924908
19-01-2026 14:15||NIFTY27JAN2624500PE,0.15768935723445837
19-01-2026 14:15||NIFTY27JAN2624700PE,0.1408026072845649
19-01-2026 14:15||NIFTY27JAN2624800PE,0.13335475904809602
19-01-2026 14:15||NIFTY27JAN2625100PE,0.11520044566350766
19-01-2026 14:15||NIFTY27JAN2626400CE,0.12210049226324642
19-01-2026 14:20||NIFTY27JAN2624200PE,0.1853555958273606
19-01-2026 14:20||NIFTY27JAN2624500PE,0.15988974312057944
19-01-2026 14:20||NIFTY27JAN2625800CE,0.10192339383339413
19-01-2026 14:20||NIFTY27JAN2626000CE,0.10298895689245957
19-01-2026 14:25||NIFTY27JAN2624000PE,0.2019524461229867
19-01-2026 14:25||NIFTY27JAN2625100PE,0.11999693141594914
19-01-2026 14:25||NIFTY27JAN2625700CE,0.09850306560354125
19-01-2026 14:25||NIFTY27JAN2625900CE,0.09901452311072653
19-01-2026 14:25||NIFTY27JAN2626000CE,0.10057171547083193
19-01-2026 14:25||NIFTY27JAN2626500CE,0.12388140627042155
19-01-2026 14:30||NIFTY27JAN2624100PE,0.19344496031887565
19-01-2026 14:30||NIFTY27JAN2624300PE,0.17618235633974305
19-01-2026 14:30||NIFTY27JAN2624700PE,0.14317824222771597
19-01-2026 14:30||NIFTY27JAN2624800PE,0.13584660399216425
19-01-2026 14:30||NIFTY27JAN2625000PE,0.12316757849329511
19-01-2026 14:35||NIFTY27JAN2623800PE,0.21640343421767932
19-01-2026 14:35||NIFTY27JAN2624300PE,0.17533266515566343
19-01-2026 14:35||NIFTY27JAN2625000PE,0.12244673688837675
19-01-2026 14:35||NIFTY27JAN2625800CE,0.10414789674781699
19-01-2026 14:35||NIFTY27JAN2626100CE,0.10706345031642414
19-01-2026 14:35||NIFTY27JAN2626300CE,0.11457995242168226
19-01-2026 14:35||NIFTY27JAN2626400CE,0.12001733476477783
19-01-2026 14:40||NIFTY27JAN2624000PE,0.20147196630746889
19-01-2026 14:40||NIFTY27JAN2624300PE,0.17734761149379885
19-01-2026 14:40||NIFTY27JAN2624700PE,0.14439753655371057
19-01-2026 14:40||NIFTY27JAN2625200CE,0.11202765794674342
19-01-2026 14:45||NIFTY27JAN2623900PE,0.21126504126010293
19-01-2026 14:45||NIFTY27JAN2624100PE,0.19495788638734313
19-01-2026 14:45||NIFTY27JAN2624400PE,0.16912139970168935
19-01-2026 14:45||NIFTY27JAN2624600PE,0.15216438740053048
19-01-2026 14:45||NIFTY27JAN2624800PE,0.13723935107331042
19-01-2026 14:45||NIFTY27JAN2625800CE,0.10026877932186073
19-01-2026 14:45||NIFTY27JAN2626000CE,0.10161991137393579
19-01-2026 14:50||NIFTY27JAN2624000PE,0.2030337931877494
19-01-2026 14:50||NIFTY27JAN2624200PE,0.1868866419315221
19-01-2026 14:50||NIFTY27JAN2624500PE,0.16130925987618047
19-01-2026 14:50||NIFTY27JAN2625100PE,0.11962099302005715
19-01-2026 14:50||NIFTY27JAN2625700CE,0.1017829114708
19-01-2026 14:55||NIFTY27JAN2623800PE,0.22183020394874697
19-01-2026 14:55||NIFTY27JAN2624400PE,0.1707780023925906
19-01-2026 14:55||NIFTY27JAN2625300CE,0.10500210044215474
19-01-2026 14:55||NIFTY27JAN2625400CE,0.1029126115121246
19-01-2026 14:55||NIFTY27JAN2626000CE,0.09968700887020762
19-01-2026 14:55||NIFTY27JAN2626100CE,0.10223358196214859
19-01-2026 15:00||NIFTY27JAN2624300PE,0.1810921917952193
19-01-2026 15:00||NIFTY27JAN2625000PE,0.12843633355590944
19-01-2026 15:00||NIFTY27JAN2625600CE,0.09154668311371604
19-01-2026 15:00||NIFTY27JAN2626000CE,0.09538263147302965
19-01-2026 15:00||NIFTY27JAN2626300CE,0.10791393980126669
19-01-2026 15:05||NIFTY27JAN2623900PE,0.21001738769791026
19-01-2026 15:05||NIFTY27JAN2625700CE,0.09505106912787123
19-01-2026 15:05||NIFTY27JAN2626000CE,0.09759622574214828
19-01-2026 15:05||NIFTY27JAN2626400CE,0.11666429596760344
19-01-2026 15:10||NIFTY27JAN2624100PE,0.19296789546284288
19-01-2026 15:10||NIFTY27JAN2624300PE,0.17616567551331866
19-01-2026 15:10||NIFTY27JAN2624800PE,0.13853604673832678
19-01-2026 15:10||NIFTY27JAN2625800CE,0.0964442400276333
19-01-2026 15:10||NIFTY27JAN2626100CE,0.10249032116624499
19-01-2026 15:15||NIFTY27JAN2624200PE,0.1852565338422988
19-01-2026 15:15||NIFTY27JAN2624400PE,0.16915639920289996
19-01-2026 15:15||NIFTY27JAN2624500PE,0.16126688837719866
19-01-2026 15:15||NIFTY27JAN2624600PE,0.15360006194027828
19-01-2026 15:15||NIFTY27JAN2624700PE,0.1463168642726529
19-01-2026 15:15||NIFTY27JAN2625300CE,0.08408499747215144
19-01-2026 15:15||NIFTY27JAN2625400CE,0.08800460200051385
19-01-2026 15:15||NIFTY27JAN2626200CE,0.10522609989275904
19-01-2026 15:20||NIFTY27JAN2624500PE,0.15716017652241232
19-01-2026 15:20||NIFTY27JAN2625200CE,0.09787893197621461
19-01-2026 15:20||NIFTY27JAN2625800CE,0.096207875325863
19-01-2026 15:20||NIFTY27JAN2626400CE,0.12176162061461807
19-01-2026 15:20||NIFTY27JAN2626500CE,0.13025888038088868
19-01-2026 15:25||NIFTY27JAN2624300PE,0.17344894888822174
19-01-2026 15:25||NIFTY27JAN2624400PE,0.16531020691136727
19-01-2026 15:25||NIFTY27JAN2624700PE,0.1431419973047998
19-01-2026 15:25||NIFTY27JAN2625800CE,0.09460448050372422
19-01-2026 15:25||NIFTY27JAN2626300CE,0.11354146045973981
20-01-2026 09:15||NIFTY27JAN2623900PE,0.2081046063279185
20-01-2026 09:15||NIFTY27JAN2624000PE,0.19943295140940345
20-01-2026 09:15||NIFTY27JAN2624100PE,0.1909735298572008
20-01-2026 09:15||NIFTY27JAN2624400PE,0.16673478175857573
20-01-2026 09:15||NIFTY27JAN2624600PE,0.15162644303453524
20-01-2026 09:15||NIFTY27JAN2625200CE,0.10972657974968246
20-01-2026 09:15||NIFTY27JAN2625500CE,0.10424232066674201
20-01-2026 09:15||NIFTY27JAN2626200CE,0.11383614874620893
20-01-2026 09:15||NIFTY27JAN2626300CE,0.11938038298346204
20-01-2026 09:15||NIFTY27JAN2626400CE,0.12591702075421973
20-01-2026 09:20||NIFTY27JAN2623800PE,0.21478174831957067
20-01-2026 09:20||NIFTY27JAN2624000PE,0.19797525742304345
20-01-2026 09:20||NIFTY27JAN2624700PE,0.1458949443289797
20-01-2026 09:20||NIFTY27JAN2625200CE,0.08481262098077608
20-01-2026 09:20||NIFTY27JAN2625400CE,0.08911113913206914
20-01-2026 09:20||NIFTY27JAN2625500CE,0.09106893648141612
20-01-2026 09:20||NIFTY27JAN2625800CE,0.0964001324177983
20-01-2026 09:20||NIFTY27JAN2626300CE,0.1187864586992119
20-01-2026 09:20||NIFTY27JAN2626500CE,0.13195273696891183
20-01-2026 09:25||NIFTY27JAN2623900PE,0.20322219890176266
20-01-2026 09:25||NIFTY27JAN2625000PE,0.12513361928145866
20-01-2026 09:25||NIFTY27JAN2625400CE,0.10467668631697469
20-01-2026 09:30||NIFTY27JAN2623900PE,0.20236141670247926
20-01-2026 09:30||NIFTY27JAN2624400PE,0.16026030359833582
20-01-2026 09:30||NIFTY27JAN2624800PE,0.13184978878980014
20-01-2026 09:30||NIFTY27JAN2625700CE,0.1074486114473588
20-01-2026 09:30||NIFTY27JAN2626100CE,0.11718044818239248
20-01-2026 09:30||NIFTY27JAN2626300CE,0.128534016078938
20-01-2026 09:35||NIFTY27JAN2624500PE,0.15338644475235988
20-01-2026 09:35||NIFTY27JAN2625200CE,0.10643254162708338
20-01-2026 09:35||NIFTY27JAN2625700CE,0.10522085670010171
20-01-2026 09:35||NIFTY27JAN2625800CE,0.10622168424493783
20-01-2026 09:35||NIFTY27JAN2626200CE,0.12270768106257737
20-01-2026 09:40||NIFTY27JAN2623800PE,0.2141016638415052
20-01-2026 09:40||NIFTY27JAN2624100PE,0.18670032912114687
20-01-2026 09:40||NIFTY27JAN2625000PE,0.1214920256796368
20-01-2026 09:40||NIFTY27JAN2625900CE,0.11342047989466517
20-01-2026 09:40||NIFTY27JAN2626100CE,0.12130084316744331
20-01-2026 09:40||NIFTY27JAN2626200CE,0.1266649599574409
20-01-2026 09:40||NIFTY27JAN2626400CE,0.139702129129864
20-01-2026 09:45||NIFTY27JAN2624800PE,0.13309691304395949
20-01-2026 09:45||NIFTY27JAN2625500CE,0.11229414870917907
20-01-2026 09:45||NIFTY27JAN2626200CE,0.12624799931717665
20-01-2026 09:45||NIFTY27JAN2626300CE,0.13260425337239257
20-01-2026 09:50||NIFTY27JAN2624100PE,0.18874639189494155
20-01-2026 09:50||NIFTY27JAN2624800PE,0.1358055997689408
20-01-2026 09:50||NIFTY27JAN2625100PE,0.1241627084914328
20-01-2026 09:50||NIFTY27JAN2625200CE,0.10287168383770387
20-01-2026 09:55||NIFTY27JAN2623900PE,0.20413611457334885
20-01-2026 09:55||NIFTY27JAN2624100PE,0.18581867078909547
20-01-2026 09:55||NIFTY27JAN2625000PE,0.12235203704594799
20-01-2026 10:00||NIFTY27JAN2623900PE,0.20581704278339868
20-01-2026 10:00||NIFTY27JAN2624600PE,0.14546385947740276
20-01-2026 10:00||NIFTY27JAN2624700PE,0.13852248338271927
20-01-2026 10:00||NIFTY27JAN2625200CE,0.12169536343429838
20-01-2026 10:00||NIFTY27JAN2625400CE,0.1151824640968592
20-01-2026 10:00||NIFTY27JAN2625700CE,0.11064939159263748
20-01-2026 10:00||NIFTY27JAN2626000CE,0.11592585184275295
20-01-2026 10:00||NIFTY27JAN2626200CE,0.125976422368066
20-01-2026 10:05||NIFTY27JAN2626100CE,0.12045452100262163
20-01-2026 10:05||NIFTY27JAN2626200CE,0.12556034428221674
20-01-2026 10:05||NIFTY27JAN2626500CE,0.14521271742825137
20-01-2026 10:10||NIFTY27JAN2624900PE,0.13030885535267372
20-01-2026 10:10||NIFTY27JAN2625100PE,0.12251855040719795
20-01-2026 10:10||NIFTY27JAN2626500CE,0.14333004119643414
20-01-2026 10:15||NIFTY27JAN2624000PE,0.19464927044331387
20-01-2026 10:15||NIFTY27JAN2625800CE,0.11192815663176622
20-01-2026 10:15||NIFTY27JAN2626300CE,0.1310241860507266
20-01-2026 10:20||NIFTY27JAN2624100PE,0.1879132641753175
20-01-2026 10:20||NIFTY27JAN2625700CE,0.10539532619847299
20-01-2026 10:20||NIFTY27JAN2626000CE,0.11158532811621558
20-01-2026 10:25||NIFTY27JAN2623800PE,0.21419338795434423
20-01-2026 10:25||NIFTY27JAN2624700PE,0.13945825996778644
20-01-2026 10:25||NIFTY27JAN2625000PE,0.12349263673636635
20-01-2026 10:25||NIFTY27JAN2625800CE,0.1053426682246539
20-01-2026 10:25||NIFTY27JAN2626200CE,0.12026572870295221
20-01-2026 10:25||NIFTY27JAN2626400CE,0.1331836867693798
20-01-2026 10:30||NIFTY27JAN2623900PE,0.20569280551102725
20-01-2026 10:30||NIFTY27JAN2624000PE,0.19668971379048492
20-01-2026 10:30||NIFTY27JAN2624300PE,0.17040096019351403
20-01-2026 10:30||NIFTY27JAN2624600PE,0.14589711608115136
20-01-2026 10:30||NIFTY27JAN2625500CE,0.10763142664355306
20-01-2026 10:30||NIFTY27JAN2625700CE,0.10670365662664132
20-01-2026 10:30||NIFTY27JAN2625800CE,0.10750159020818022
20-01-2026 10:35||NIFTY27JAN2624300PE,0.16903795977837244
20-01-2026 10:35||NIFTY27JAN2624700PE,0.13662565755069092
20-01-2026 10:35||NIFTY27JAN2625200CE,0.13222147252386407
20-01-2026 10:35||NIFTY27JAN2625400CE,0.12061548284676268
20-01-2026 10:35||NIFTY27JAN2625900CE,0.11243144898112564
20-01-2026 10:40||NIFTY27JAN2624000PE,0.19782322462502316
20-01-2026 10:40||NIFTY27JAN2624300PE,0.17139885329848517
20-01-2026 10:40||NIFTY27JAN2625800CE,0.10464123457190457
20-01-2026 10:40||NIFTY27JAN2626000CE,0.10981609101019585
20-01-2026 10:45||NIFTY27JAN2624900PE,0.12635304187009716
20-01-2026 10:45||NIFTY27JAN2625900CE,0.10880564892904486
20-01-2026 10:45||NIFTY27JAN2626200CE,0.12061188959269249
20-01-2026 10:45||NIFTY27JAN2626400CE,0.1329160956356592
20-01-2026 10:50||NIFTY27JAN2623800PE,0.21502697980465305
20-01-2026 10:50||NIFTY27JAN2624100PE,0.18936408518923364
20-01-2026 10:50||NIFTY27JAN2625300CE,0.10487703488308463
20-01-2026 10:50||NIFTY27JAN2626200CE,0.12036254908628244
20-01-2026 10:55||NIFTY27JAN2624200PE,0.17885459725931832
20-01-2026 10:55||NIFTY27JAN2624500PE,0.1535060943711467
20-01-2026 10:55||NIFTY27JAN2624600PE,0.14591626803051713
20-01-2026 10:55||NIFTY27JAN2624700PE,0.1388006918280766
20-01-2026 10:55||NIFTY27JAN2624800PE,0.1323016536658674
20-01-2026 10:55||NIFTY27JAN2625300CE,0.10887599733139697
20-01-2026 10:55||NIFTY27JAN2625400CE,0.10776848359354627
20-01-2026 10:55||NIFTY27JAN2625900CE,0.10937963053090374
20-01-2026 10:55||NIFTY27JAN2626400CE,0.13445247662982174
20-01-2026 11:00||NIFTY27JAN2623800PE,0.21449247994495801
20-01-2026 11:00||NIFTY27JAN2624000PE,0.19632682162761744
20-01-2026 11:00||NIFTY27JAN2624400PE,0.1605369832821002
20-01-2026 11:00||NIFTY27JAN2625300CE,0.10764833523945949
20-01-2026 11:05||NIFTY27JAN2623800PE,0.21454479054271128
20-01-2026 11:05||NIFTY27JAN2624400PE,0.16012521910529182
20-01-2026 11:05||NIFTY27JAN2624500PE,0.1511183934823505
20-01-2026 11:05||NIFTY27JAN2625400CE,0.1070437533256449
20-01-2026 11:05||NIFTY27JAN2625500CE,0.10552199214689735
20-01-2026 11:05||NIFTY27JAN2625800CE,0.10644134112919407
20-01-2026 11:05||NIFTY27JAN2626300CE,0.12897425062009993
20-01-2026 11:10||NIFTY27JAN2624500PE,0.15029034073539044
20-01-2026 11:10||NIFTY27JAN2624900PE,0.12521277522190716
20-01-2026 11:10||NIFTY27JAN2625200CE,0.11342978498913014
20-01-2026 11:10||NIFTY27JAN2625600CE,0.10585658944629495
20-01-2026 11:15||NIFTY27JAN2623800PE,0.2110864033528785
20-01-2026 11:15||NIFTY27JAN2624300PE,0.16624860209198158
20-01-2026 11:15||NIFTY27JAN2624700PE,0.13469245776885008
20-01-2026 11:15||NIFTY27JAN2625000PE,0.11899186100059844
20-01-2026 11:15||NIFTY27JAN2625300CE,0.11477592465980217
20-01-2026 11:15||NIFTY27JAN2625600CE,0.10722478761209688
20-01-2026 11:20||NIFTY27JAN2624500PE,0.14903894141960705
20-01-2026 11:20||NIFTY27JAN2625700CE,0.10750059353437652
20-01-2026 11:20||NIFTY27JAN2626200CE,0.12372120844599
20-01-2026 11:25||NIFTY27JAN2624000PE,0.192799827110713
20-01-2026 11:25||NIFTY27JAN2624300PE,0.16533839182150295
20-01-2026 11:25||NIFTY27JAN2624900PE,0.12148114678986062
20-01-2026 11:25||NIFTY27JAN2625200CE,0.12705652545702684
20-01-2026 11:25||NIFTY27JAN2625300CE,0.12163699229910649
20-01-2026 11:25||NIFTY27JAN2625700CE,0.10961411631231809
20-01-2026 11:25||NIFTY27JAN2626100CE,0.11910322382691929
20-01-2026 11:30||NIFTY27JAN2623900PE,0.20404897582727552
20-01-2026 11:30||NIFTY27JAN2624200PE,0.17663548003457835
20-01-2026 11:30||NIFTY27JAN2624900PE,0.12409311845279086
20-01-2026 11:30||NIFTY27JAN2625200CE,0.11474812139947405
20-01-2026 11:30||NIFTY27JAN2625700CE,0.10633081680542252
20-01-2026 11:30||NIFTY27JAN2625800CE,0.10709457266678023
20-01-2026 11:30||NIFTY27JAN2626000CE,0.11247675972710054
20-01-2026 11:35||NIFTY27JAN2623800PE,0.21262277599325896
20-01-2026 11:35||NIFTY27JAN2625900CE,0.10825231106344009
20-01-2026 11:35||NIFTY27JAN2626300CE,0.12808809762977585
20-01-2026 11:35||NIFTY27JAN2626500CE,0.1430301872424088
20-01-2026 11:40||NIFTY27JAN2623800PE,0.21174983749491952
20-01-2026 11:40||NIFTY27JAN2624000PE,0.1938029372856777
20-01-2026 11:40||NIFTY27JAN2624100PE,0.18484049845861183
20-01-2026 11:40||NIFTY27JAN2624700PE,0.13406913141324078
20-01-2026 11:40||NIFTY27JAN2624800PE,0.12759368996662968
20-01-2026 11:40||NIFTY27JAN2625100PE,0.11301004996229681
20-01-2026 11:40||NIFTY27JAN2625300CE,0.11592562549341599
20-01-2026 11:45||NIFTY27JAN2623900PE,0.20380112989709906
20-01-2026 11:45||NIFTY27JAN2624500PE,0.149438237042203
20-01-2026 11:45||NIFTY27JAN2625600CE,0.10698709145982764
20-01-2026 11:45||NIFTY27JAN2625800CE,0.10703367814306455
20-01-2026 11:45||NIFTY27JAN2625900CE,0.10925903210834653
20-01-2026 11:45||NIFTY27JAN2626000CE,0.11268241199568799
20-01-2026 11:50||NIFTY27JAN2624200PE,0.1769949051505303
20-01-2026 11:50||NIFTY27JAN2624600PE,0.14220502192805637
20-01-2026 11:50||NIFTY27JAN2624700PE,0.13448193078671386
20-01-2026 11:50||NIFTY27JAN2624900PE,0.12195373656478586
20-01-2026 11:50||NIFTY27JAN2625400CE,0.11064822693413004
20-01-2026 11:50||NIFTY27JAN2625700CE,0.10500779693983671
20-01-2026 11:50||NIFTY27JAN2626300CE,0.12795114166503277
20-01-2026 11:55||NIFTY27JAN2623800PE,0.2182929003250523
20-01-2026 11:55||NIFTY27JAN2623900PE,0.21117522439110076
20-01-2026 11:55||NIFTY27JAN2624000PE,0.1999638960290701
20-01-2026 11:55||NIFTY27JAN2624100PE,0.18925308095329652
20-01-2026 11:55||NIFTY27JAN2625800CE,0.10257884876609032
20-01-2026 11:55||NIFTY27JAN2625900CE,0.1055578515299406
20-01-2026 12:00||NIFTY27JAN2623800PE,0.2135221694807087
20-01-2026 12:00||NIFTY27JAN2624400PE,0.15999227085447953
20-01-2026 12:00||NIFTY27JAN2624600PE,0.14385658074971217
20-01-2026 12:00||NIFTY27JAN2624700PE,0.13658629420604876
20-01-2026 12:00||NIFTY27JAN2625800CE,0.10227524959778442
20-01-2026 12:00||NIFTY27JAN2625900CE,0.10546366522652548
20-01-2026 12:05||NIFTY27JAN2624700PE,0.13610532855074015
20-01-2026 12:05||NIFTY27JAN2624900PE,0.12504961836064646
20-01-2026 12:05||NIFTY27JAN2625800CE,0.10241471252122178
20-01-2026 12:10||NIFTY27JAN2624200PE,0.17516235717863943
20-01-2026 12:10||NIFTY27JAN2624500PE,0.1491337418907123
20-01-2026 12:10||NIFTY27JAN2624600PE,0.14148014908163653
20-01-2026 12:10||NIFTY27JAN2624700PE,0.13413068576221004
20-01-2026 12:10||NIFTY27JAN2624800PE,0.1274582181155626
20-01-2026 12:10||NIFTY27JAN2624900PE,0.12188990490004639
20-01-2026 12:15||NIFTY27JAN2624300PE,0.1668246169644774
20-01-2026 12:15||NIFTY27JAN2624500PE,0.1495210596861044
20-01-2026 12:15||NIFTY27JAN2625000PE,0.11842036672442478
20-01-2026 12:15||NIFTY27JAN2625100PE,0.11414034255259375
20-01-2026 12:15||NIFTY27JAN2625400CE,0.10408002177627124
20-01-2026 12:15||NIFTY27JAN2626400CE,0.1390088512117519
20-01-2026 12:20||NIFTY27JAN2623900PE,0.20371889599873716
20-01-2026 12:20||NIFTY27JAN2624000PE,0.1940848423158279
20-01-2026 12:20||NIFTY27JAN2624100PE,0.18457578380165252
20-01-2026 12:20||NIFTY27JAN2625200CE,0.10843301783351943
20-01-2026 12:20||NIFTY27JAN2625300CE,0.10592798666817721
20-01-2026 12:20||NIFTY27JAN2625700CE,0.10359995533678473
20-01-2026 12:20||NIFTY27JAN2625800CE,0.10573910405561435
20-01-2026 12:20||NIFTY27JAN2625900CE,0.10893573492337849
20-01-2026 12:25||NIFTY27JAN2623800PE,0.20970312872081612
20-01-2026 12:25||NIFTY27JAN2625000PE,0.11439173217348288
20-01-2026 12:25||NIFTY27JAN2625100PE,0.10948505683720335
20-01-2026 12:25||NIFTY27JAN2625700CE,0.10763574643014455
20-01-2026 12:25||NIFTY27JAN2626000CE,0.11502144253008653
20-01-2026 12:30||NIFTY27JAN2623800PE,0.21372722688027268
20-01-2026 12:30||NIFTY27JAN2623900PE,0.20377927311760308
20-01-2026 12:30||NIFTY27JAN2624900PE,0.1223274292564
20-01-2026 12:30||NIFTY27JAN2625000PE,0.11712360434088888
20-01-2026 12:30||NIFTY27JAN2625100PE,0.11258066577318629
20-01-2026 12:30||NIFTY27JAN2625300CE,0.10716174633680342
20-01-2026 12:30||NIFTY27JAN2626000CE,0.11342454616879025
20-01-2026 12:35||NIFTY27JAN2623800PE,0.2096399961289271
20-01-2026 12:35||NIFTY27JAN2624200PE,0.17414566470327086
20-01-2026 12:35||NIFTY27JAN2625000PE,0.11673328316641332
20-01-2026 12:35||NIFTY27JAN2625200CE,0.11439692073834351
20-01-2026 12:35||NIFTY27JAN2625500CE,0.10721683650523336
20-01-2026 12:35||NIFTY27JAN2625700CE,0.10660882774702615
20-01-2026 12:35||NIFTY27JAN2625800CE,0.10807145121840997
20-01-2026 12:35||NIFTY27JAN2626200CE,0.1270690541669199
20-01-2026 12:35||NIFTY27JAN2626300CE,0.1344829251703704
20-01-2026 12:40||NIFTY27JAN2623800PE,0.20956209180530033
20-01-2026 12:40||NIFTY27JAN2624000PE,0.1925268185541933
20-01-2026 12:40||NIFTY27JAN2624300PE,0.165423374517363
20-01-2026 12:40||NIFTY27JAN2624600PE,0.1410320191850093
20-01-2026 12:40||NIFTY27JAN2624700PE,0.13414305303525106
20-01-2026 12:40||NIFTY27JAN2625400CE,0.10493556849962857
20-01-2026 12:40||NIFTY27JAN2626100CE,0.12087491094699038
20-01-2026 12:45||NIFTY27JAN2623800PE,0.2081935336108681
20-01-2026 12:45||NIFTY27JAN2624300PE,0.1642473743987985
20-01-2026 12:45||NIFTY27JAN2624400PE,0.15526728671671344
20-01-2026 12:45||NIFTY27JAN2625100PE,0.11285020720048085
20-01-2026 12:50||NIFTY27JAN2624200PE,0.17448812925680837
20-01-2026 12:50||NIFTY27JAN2625600CE,0.10598534551369064
20-01-2026 12:50||NIFTY27JAN2626000CE,0.1146663646107488
20-01-2026 12:50||NIFTY27JAN2626200CE,0.12612267163417243
20-01-2026 12:55||NIFTY27JAN2624900PE,0.12145765291799124
20-01-2026 12:55||NIFTY27JAN2625400CE,0.10893255370802851
20-01-2026 13:00||NIFTY27JAN2623900PE,0.2032220624895251
20-01-2026 13:00||NIFTY27JAN2624200PE,0.17577479559383266
20-01-2026 13:00||NIFTY27JAN2625100PE,0.1134627901042022
20-01-2026 13:00||NIFTY27JAN2625800CE,0.10717729406516675
20-01-2026 13:00||NIFTY27JAN2625900CE,0.1103883178139888
20-01-2026 13:00||NIFTY27JAN2626400CE,0.1409987062475283
20-01-2026 13:05||NIFTY27JAN2624200PE,0.17533885124091297
20-01-2026 13:05||NIFTY27JAN2624900PE,0.12228881848602391
20-01-2026 13:05||NIFTY27JAN2625300CE,0.10823851842115616
20-01-2026 13:05||NIFTY27JAN2625400CE,0.10598908610928216
20-01-2026 13:05||NIFTY27JAN2625600CE,0.10441368152062203
20-01-2026 13:05||NIFTY27JAN2626500CE,0.1503314738583699
20-01-2026 13:10||NIFTY27JAN2624000PE,0.1935958099461934
20-01-2026 13:10||NIFTY27JAN2624400PE,0.1577929804194834
20-01-2026 13:10||NIFTY27JAN2624700PE,0.13457033349533892
20-01-2026 13:10||NIFTY27JAN2625000PE,0.11786591176515901
20-01-2026 13:10||NIFTY27JAN2626000CE,0.11389669798919416
20-01-2026 13:10||NIFTY27JAN2626400CE,0.14109029074453727
20-01-2026 13:15||NIFTY27JAN2623900PE,0.20244233369565984
20-01-2026 13:15||NIFTY27JAN2624600PE,0.14033397935739791
20-01-2026 13:15||NIFTY27JAN2624900PE,0.12106807977082985
20-01-2026 13:15||NIFTY27JAN2625000PE,0.11607170110925001
20-01-2026 13:15||NIFTY27JAN2625200CE,0.1177630981586717
20-01-2026 13:15||NIFTY27JAN2626000CE,0.11599976186422951
20-01-2026 13:15||NIFTY27JAN2626200CE,0.12766249538045504
20-01-2026 13:20||NIFTY27JAN2624200PE,0.1764485996576631
20-01-2026 13:20||NIFTY27JAN2624600PE,0.14304431833147774
20-01-2026 13:20||NIFTY27JAN2625000PE,0.1193590168231391
20-01-2026 13:20||NIFTY27JAN2625700CE,0.1040535892322686
20-01-2026 13:20||NIFTY27JAN2626100CE,0.11881470351729709
20-01-2026 13:20||NIFTY27JAN2626200CE,0.12505658653049212
20-01-2026 13:25||NIFTY27JAN2623800PE,0.21061377127694855
20-01-2026 13:25||NIFTY27JAN2624100PE,0.18453241894756023
20-01-2026 13:25||NIFTY27JAN2624700PE,0.13383866414135892
20-01-2026 13:25||NIFTY27JAN2625000PE,0.11762655223688229
20-01-2026 13:25||NIFTY27JAN2625800CE,0.10773778145802863
20-01-2026 13:30||NIFTY27JAN2624100PE,0.1842918732613637
20-01-2026 13:30||NIFTY27JAN2624700PE,0.13466966559268695
20-01-2026 13:30||NIFTY27JAN2624900PE,0.12355741007839799
20-01-2026 13:30||NIFTY27JAN2626000CE,0.11432395156065611
20-01-2026 13:35||NIFTY27JAN2625100PE,0.11722153687913307
20-01-2026 13:35||NIFTY27JAN2625800CE,0.10859208600579437
20-01-2026 13:40||NIFTY27JAN2623800PE,0.2111552320412716
20-01-2026 13:40||NIFTY27JAN2624600PE,0.139544418687547
20-01-2026 13:40||NIFTY27JAN2625000PE,0.11616193670157306
20-01-2026 13:45||NIFTY27JAN2624000PE,0.1936488435888615
20-01-2026 13:45||NIFTY27JAN2624400PE,0.1574101919434711
20-01-2026 13:45||NIFTY27JAN2624600PE,0.14206321136542274
20-01-2026 13:50||NIFTY27JAN2624000PE,0.19305400221080443
20-01-2026 13:50||NIFTY27JAN2624100PE,0.18359555224207794
20-01-2026 13:50||NIFTY27JAN2624200PE,0.17426413667641832
20-01-2026 13:50||NIFTY27JAN2624300PE,0.16528773144392295
20-01-2026 13:50||NIFTY27JAN2624500PE,0.14831542659870525
20-01-2026 13:50||NIFTY27JAN2625200CE,0.11987707292456995
20-01-2026 13:50||NIFTY27JAN2625400CE,0.11207581620086914
20-01-2026 13:50||NIFTY27JAN2626000CE,0.12010983366135089
20-01-2026 13:50||NIFTY27JAN2626100CE,0.12591135365148637
20-01-2026 13:55||NIFTY27JAN2624400PE,0.15707415300808142
20-01-2026 13:55||NIFTY27JAN2625200CE,0.12060818290042531
20-01-2026 13:55||NIFTY27JAN2625400CE,0.11226863627499731
20-01-2026 13:55||NIFTY27JAN2625600CE,0.10931432403776387
20-01-2026 14:00||NIFTY27JAN2624100PE,0.18565087409991718
20-01-2026 14:00||NIFTY27JAN2624200PE,0.17608385246182923
20-01-2026 14:00||NIFTY27JAN2624800PE,0.12805049932583223
20-01-2026 14:00||NIFTY27JAN2624900PE,0.1227198547005013
20-01-2026 14:00||NIFTY27JAN2625000PE,0.11863097941865476
20-01-2026 14:00||NIFTY27JAN2625100PE,0.11112810009383281
20-01-2026 14:00||NIFTY27JAN2625200CE,0.11608643671148566
20-01-2026 14:00||NIFTY27JAN2626100CE,0.12575623058962634
20-01-2026 14:05||NIFTY27JAN2623800PE,0.21270775145950915
20-01-2026 14:05||NIFTY27JAN2625100PE,0.11570881711325216
20-01-2026 14:05||NIFTY27JAN2625200CE,0.11482153820455412
20-01-2026 14:05||NIFTY27JAN2626100CE,0.1272661979593347
20-01-2026 14:05||NIFTY27JAN2626400CE,0.1493334732838051
20-01-2026 14:10||NIFTY27JAN2624000PE,0.1939847042493365
20-01-2026 14:10||NIFTY27JAN2624200PE,0.17592456136651424
20-01-2026 14:10||NIFTY27JAN2624500PE,0.15033418956645256
20-01-2026 14:10||NIFTY27JAN2624900PE,0.12374349792830722
20-01-2026 14:10||NIFTY27JAN2625000PE,0.11870831809100603
20-01-2026 14:10||NIFTY27JAN2625500CE,0.11062167865506795
20-01-2026 14:10||NIFTY27JAN2625700CE,0.11120316876400181
20-01-2026 14:10||NIFTY27JAN2626100CE,0.1288077805428991
20-01-2026 14:10||NIFTY27JAN2626200CE,0.13554567454721306
20-01-2026 14:10||NIFTY27JAN2626300CE,0.14282345650379671
20-01-2026 14:15||NIFTY27JAN2623800PE,0.21108387718161978
20-01-2026 14:15||NIFTY27JAN2624100PE,0.18397429850737657
20-01-2026 14:15||NIFTY27JAN2624500PE,0.1508240265816068
20-01-2026 14:15||NIFTY27JAN2624600PE,0.14346924995238652
20-01-2026 14:15||NIFTY27JAN2624900PE,0.12516768097172093
20-01-2026 14:15||NIFTY27JAN2625200CE,0.11319010713415333
20-01-2026 14:15||NIFTY27JAN2625400CE,0.10821133134459882
20-01-2026 14:15||NIFTY27JAN2626000CE,0.12020336942783433
20-01-2026 14:15||NIFTY27JAN2626300CE,0.14014483213246903
20-01-2026 14:15||NIFTY27JAN2626500CE,0.156726858655262
20-01-2026 14:20||NIFTY27JAN2625400CE,0.11482329893194716
20-01-2026 14:20||NIFTY27JAN2625700CE,0.11271043360684097
20-01-2026 14:20||NIFTY27JAN2626500CE,0.1576315693691348
20-01-2026 14:25||NIFTY27JAN2624100PE,0.18566167667996025
20-01-2026 14:25||NIFTY27JAN2624600PE,0.14243590348806429
20-01-2026 14:25||NIFTY27JAN2625400CE,0.11328102908751748
20-01-2026 14:25||NIFTY27JAN2625900CE,0.11624970214302587
20-01-2026 14:30||NIFTY27JAN2624000PE,0.19546788687563835
20-01-2026 14:30||NIFTY27JAN2624600PE,0.14503019824883773
20-01-2026 14:30||NIFTY27JAN2625400CE,0.10657888012455606
20-01-2026 14:30||NIFTY27JAN2625500CE,0.10568034452346954
20-01-2026 14:30||NIFTY27JAN2625800CE,0.10975729053888052
20-01-2026 14:30||NIFTY27JAN2626000CE,0.11789317617846612
20-01-2026 14:30||NIFTY27JAN2626400CE,0.14481492718479014
20-01-2026 14:30||NIFTY27JAN2626500CE,0.15322679025010777
20-01-2026 14:35||NIFTY27JAN2624600PE,0.14716288930558988
20-01-2026 14:35||NIFTY27JAN2624800PE,0.13399145641647955
20-01-2026 14:35||NIFTY27JAN2625600CE,0.105457561297128
20-01-2026 14:35||NIFTY27JAN2626000CE,0.1177065868048387
20-01-2026 14:35||NIFTY27JAN2626300CE,0.13641730845791358
20-01-2026 14:40||NIFTY27JAN2623800PE,0.216232489112784
20-01-2026 14:40||NIFTY27JAN2625200CE,0.11170668251568729
20-01-2026 14:40||NIFTY27JAN2625500CE,0.10613927944044887
20-01-2026 14:45||NIFTY27JAN2624600PE,0.1452307162717122
20-01-2026 14:45||NIFTY27JAN2625500CE,0.10902145251123209
20-01-2026 14:45||NIFTY27JAN2626000CE,0.12113748352421175
20-01-2026 14:45||NIFTY27JAN2626100CE,0.12726293934436944
20-01-2026 14:50||NIFTY27JAN2624000PE,0.19893374209441203
20-01-2026 14:50||NIFTY27JAN2624200PE,0.17982055268357613
20-01-2026 14:50||NIFTY27JAN2624900PE,0.12733516543117124
20-01-2026 14:50||NIFTY27JAN2625100PE,0.11880132336546335
20-01-2026 14:50||NIFTY27JAN2625500CE,0.10285480765204086
20-01-2026 14:50||NIFTY27JAN2625900CE,0.1134407825140174
20-01-2026 14:55||NIFTY27JAN2623900PE,0.20844642919675616
20-01-2026 14:55||NIFTY27JAN2624000PE,0.19841480397738412
20-01-2026 14:55||NIFTY27JAN2624100PE,0.18856367714807476
20-01-2026 14:55||NIFTY27JAN2626000CE,0.11855467264549462
20-01-2026 15:00||NIFTY27JAN2624800PE,0.12909031522049547
20-01-2026 15:00||NIFTY27JAN2625600CE,0.1067930001255285
20-01-2026 15:00||NIFTY27JAN2626100CE,0.1319152800422898
20-01-2026 15:00||NIFTY27JAN2626200CE,0.139056934887667
20-01-2026 15:00||NIFTY27JAN2626400CE,0.15437565249527174
20-01-2026 15:05||NIFTY27JAN2623900PE,0.20618125023364395
20-01-2026 15:05||NIFTY27JAN2624300PE,0.1671603102467865
20-01-2026 15:05||NIFTY27JAN2625000PE,0.12554885272655944
20-01-2026 15:05||NIFTY27JAN2625200CE,0.09812362522942521
20-01-2026 15:05||NIFTY27JAN2626100CE,0.1302470742381993
20-01-2026 15:05||NIFTY27JAN2626200CE,0.1373680235838977
20-01-2026 15:10||NIFTY27JAN2624300PE,0.16568218931277603
20-01-2026 15:10||NIFTY27JAN2625100PE,0.1294586352034482
20-01-2026 15:10||NIFTY27JAN2625300CE,0.10054884557934528
20-01-2026 15:10||NIFTY27JAN2625400CE,0.10252266692905199
20-01-2026 15:10||NIFTY27JAN2625900CE,0.12428796026341937
20-01-2026 15:10||NIFTY27JAN2626100CE,0.13714125108405298
20-01-2026 15:15||NIFTY27JAN2624000PE,0.203339839324662
20-01-2026 15:15||NIFTY27JAN2624200PE,0.18173057391769465
20-01-2026 15:15||NIFTY27JAN2624500PE,0.1553874062334054
20-01-2026 15:15||NIFTY27JAN2624800PE,0.1374664154288226
20-01-2026 15:15||NIFTY27JAN2625000PE,0.129743028076819
20-01-2026 15:15||NIFTY27JAN2625100PE,0.12699847799994546
20-01-2026 15:15||NIFTY27JAN2625700CE,0.11610161409002795
20-01-2026 15:15||NIFTY27JAN2625900CE,0.12637491082559732
20-01-2026 15:15||NIFTY27JAN2626000CE,0.13256985322748163
20-01-2026 15:15||NIFTY27JAN2626200CE,0.1462708907577612
20-01-2026 15:20||NIFTY27JAN2623800PE,0.21850213420997525
20-01-2026 15:20||NIFTY27JAN2624200PE,0.17852278168754313
20-01-2026 15:20||NIFTY27JAN2624500PE,0.15063069295634562
20-01-2026 15:20||NIFTY27JAN2625500CE,0.11811828322501673
20-01-2026 15:20||NIFTY27JAN2625700CE,0.12287772017610471
20-01-2026 15:20||NIFTY27JAN2626400CE,0.1643680485868197
20-01-2026 15:25||NIFTY27JAN2623800PE,0.22085703033397483
20-01-2026 15:25||NIFTY27JAN2625100PE,0.10988536125928748
20-01-2026 15:25||NIFTY27JAN2625200CE,0.1407910795249806
20-01-2026 15:25||NIFTY27JAN2625300CE,0.1341972594234239
20-01-2026 15:25||NIFTY27JAN2625900CE,0.1338856595439105
20-01-2026 15:25||NIFTY27JAN2626200CE,0.15046000682354688
21-01-2026 09:15||NIFTY27JAN2625200CE,0.16144710257031902
21-01-2026 09:15||NIFTY27JAN2625400CE,0.14600033150209996
21-01-2026 09:15||NIFTY27JAN2625900CE,0.1427805086533675
21-01-2026 09:15||NIFTY27JAN2626200CE,0.15879354441751667
21-01-2026 09:20||NIFTY27JAN2623900PE,0.21927473560819521
21-01-2026 09:20||NIFTY27JAN2624300PE,0.17842767156965628
21-01-2026 09:20||NIFTY27JAN2624400PE,0.1685013333872753
21-01-2026 09:25||NIFTY27JAN2624000PE,0.21852906537478045
21-01-2026 09:25||NIFTY27JAN2624300PE,0.18832968496294622
21-01-2026 09:25||NIFTY27JAN2624400PE,0.17825279117440915
21-01-2026 09:25||NIFTY27JAN2625100PE,0.12757246906620773
21-01-2026 09:25||NIFTY27JAN2625300CE,0.10970044049586444
21-01-2026 09:25||NIFTY27JAN2625600CE,0.11081813305538185
21-01-2026 09:25||NIFTY27JAN2625800CE,0.11842039964707451
21-01-2026 09:30||NIFTY27JAN2623800PE,0.2367253099540583
21-01-2026 09:30||NIFTY27JAN2623900PE,0.22594728236261646
21-01-2026 09:30||NIFTY27JAN2624000PE,0.2151588326645909
21-01-2026 09:30||NIFTY27JAN2624400PE,0.17275641223043792
21-01-2026 09:30||NIFTY27JAN2625300CE,0.12931885346684946
21-01-2026 09:30||NIFTY27JAN2625700CE,0.1217977957682879
21-01-2026 09:35||NIFTY27JAN2623900PE,0.22827164949693146
21-01-2026 09:35||NIFTY27JAN2624200PE,0.19639009222880108
21-01-2026 09:35||NIFTY27JAN2625200CE,0.11177772906926595
21-01-2026 09:35||NIFTY27JAN2625300CE,0.10942293385371345
21-01-2026 09:35||NIFTY27JAN2625600CE,0.11043715632877867
21-01-2026 09:35||NIFTY27JAN2626200CE,0.1467299722493735
21-01-2026 09:40||NIFTY27JAN2624400PE,0.16813913092565516
21-01-2026 09:40||NIFTY27JAN2625100PE,0.1081595495588238
21-01-2026 09:40||NIFTY27JAN2625200CE,0.12872278107508384
21-01-2026 09:40||NIFTY27JAN2625900CE,0.13094070235945293
21-01-2026 09:40||NIFTY27JAN2626300CE,0.1597046449819554
21-01-2026 09:40||NIFTY27JAN2626400CE,0.16786355310019857
21-01-2026 09:45||NIFTY27JAN2623800PE,0.2303136279511128
21-01-2026 09:45||NIFTY27JAN2624100PE,0.19844910810789085
21-01-2026 09:45||NIFTY27JAN2624400PE,0.16778476824502953
21-01-2026 09:45||NIFTY27JAN2625200CE,0.12736484352456254
21-01-2026 09:45||NIFTY27JAN2625600CE,0.11869334270221316
21-01-2026 09:45||NIFTY27JAN2626000CE,0.13677894460943946
21-01-2026 09:45||NIFTY27JAN2626300CE,0.1594257438030412
21-01-2026 09:50||NIFTY27JAN2624700PE,0.13852695453321573
21-01-2026 09:50||NIFTY27JAN2624900PE,0.12313192452864921
21-01-2026 09:50||NIFTY27JAN2625400CE,0.11586213700602921
21-01-2026 09:50||NIFTY27JAN2625600CE,0.1167365271142147
21-01-2026 09:50||NIFTY27JAN2625800CE,0.1244905665013819
21-01-2026 09:55||NIFTY27JAN2624100PE,0.1950113843587652
21-01-2026 09:55||NIFTY27JAN2624200PE,0.1853718134981772
21-01-2026 09:55||NIFTY27JAN2624400PE,0.16648105898911097
21-01-2026 09:55||NIFTY27JAN2624800PE,0.1335410561060878
21-01-2026 09:55||NIFTY27JAN2625400CE,0.11090701462426134
21-01-2026 09:55||NIFTY27JAN2626000CE,0.135178673298811
21-01-2026 09:55||NIFTY27JAN2626100CE,0.14312523501974544
21-01-2026 09:55||NIFTY27JAN2626200CE,0.1518587026643842
21-01-2026 09:55||NIFTY27JAN2626500CE,0.17839789614310245
21-01-2026 10:00||NIFTY27JAN2624000PE,0.20147225568923527
21-01-2026 10:00||NIFTY27JAN2625000PE,0.11478786495183824
21-01-2026 10:00||NIFTY27JAN2625300CE,0.12170363236341825
21-01-2026 10:00||NIFTY27JAN2625400CE,0.11958109952561934
21-01-2026 10:00||NIFTY27JAN2626500CE,0.18165633445219276
21-01-2026 10:05||NIFTY27JAN2625200CE,0.11767683893395174
21-01-2026 10:05||NIFTY27JAN2625600CE,0.11637328524619234
21-01-2026 10:05||NIFTY27JAN2625700CE,0.12026001525990407
21-01-2026 10:05||NIFTY27JAN2625800CE,0.12530383288256117
21-01-2026 10:10||NIFTY27JAN2624000PE,0.19758969871407467
21-01-2026 10:10||NIFTY27JAN2624400PE,0.15894322249723997
21-01-2026 10:10||NIFTY27JAN2625800CE,0.1296588883335839
21-01-2026 10:10||NIFTY27JAN2626100CE,0.14958100844279099
21-01-2026 10:15||NIFTY27JAN2624000PE,0.19991100489005895
21-01-2026 10:15||NIFTY27JAN2624200PE,0.17988772309346257
21-01-2026 10:15||NIFTY27JAN2624500PE,0.151406761361427
21-01-2026 10:15||NIFTY27JAN2624600PE,0.14258912070966517
21-01-2026 10:15||NIFTY27JAN2625500CE,0.11774863381208166
21-01-2026 10:15||NIFTY27JAN2626100CE,0.14849345282066725
21-01-2026 10:20||NIFTY27JAN2625700CE,0.11941236307291872
21-01-2026 10:25||NIFTY27JAN2624300PE,0.16987680309568315
21-01-2026 10:25||NIFTY27JAN2625000PE,0.1178097191691578
21-01-2026 10:25||NIFTY27JAN2625700CE,0.12699054886088795
21-01-2026 10:25||NIFTY27JAN2626200CE,0.16196456972314677
21-01-2026 10:30||NIFTY27JAN2624200PE,0.17714090310842903
21-01-2026 10:30||NIFTY27JAN2624700PE,0.13407385330929875
21-01-2026 10:30||NIFTY27JAN2624800PE,0.12700507540683553
21-01-2026 10:30||NIFTY27JAN2625200CE,0.12248655306286825
21-01-2026 10:30||NIFTY27JAN2625900CE,0.1398013163245946
21-01-2026 10:30||NIFTY27JAN2626300CE,0.17089992038127516
21-01-2026 10:30||NIFTY27JAN2626400CE,0.17881636761319342
21-01-2026 10:35||NIFTY27JAN2624400PE,0.1586003584958277
21-01-2026 10:35||NIFTY27JAN2625100PE,0.11473947604962166
21-01-2026 10:35||NIFTY27JAN2625500CE,0.11927117542339763
21-01-2026 10:35||NIFTY27JAN2625600CE,0.12281742425671281
21-01-2026 10:35||NIFTY27JAN2625800CE,0.13288778896602504
21-01-2026 10:35||NIFTY27JAN2625900CE,0.13978583573293205
21-01-2026 10:40||NIFTY27JAN2624200PE,0.18344571950090693
21-01-2026 10:40||NIFTY27JAN2624800PE,0.1422121726572049
21-01-2026 10:40||NIFTY27JAN2625200CE,0.11042265265059395
21-01-2026 10:40||NIFTY27JAN2625400CE,0.1154731137651197
21-01-2026 10:40||NIFTY27JAN2626300CE,0.17483037810982982
21-01-2026 10:45||NIFTY27JAN2624700PE,0.13587942356101662
21-01-2026 10:45||NIFTY27JAN2624800PE,0.12979710478969014
21-01-2026 10:45||NIFTY27JAN2625700CE,0.14167190945305363
21-01-2026 10:45||NIFTY27JAN2626400CE,0.1923552713362694
21-01-2026 10:45||NIFTY27JAN2626500CE,0.19943403499825363
21-01-2026 10:50||NIFTY27JAN2624100PE,0.1947530307872812
21-01-2026 10:50||NIFTY27JAN2624300PE,0.17760182304695965
21-01-2026 10:50||NIFTY27JAN2624400PE,0.1695914136864653
21-01-2026 10:50||NIFTY27JAN2624500PE,0.16237603475140383
21-01-2026 10:50||NIFTY27JAN2625400CE,0.12553439024925256
21-01-2026 10:50||NIFTY27JAN2625700CE,0.1407067834947674
21-01-2026 10:50||NIFTY27JAN2625900CE,0.154561570854174
21-01-2026 10:50||NIFTY27JAN2626400CE,0.19406884588238205
21-01-2026 10:55||NIFTY27JAN2623900PE,0.2105607754434253
21-01-2026 10:55||NIFTY27JAN2624300PE,0.17207212798275745
21-01-2026 10:55||NIFTY27JAN2624800PE,0.13078179354009478
21-01-2026 10:55||NIFTY27JAN2625000PE,0.1165501112728608
21-01-2026 10:55||NIFTY27JAN2625100PE,0.10987695734636628
21-01-2026 10:55||NIFTY27JAN2625300CE,0.14181064096069967
21-01-2026 10:55||NIFTY27JAN2625900CE,0.16305417092555646
21-01-2026 10:55||NIFTY27JAN2626200CE,0.18426267690223302
21-01-2026 11:00||NIFTY27JAN2624000PE,0.2038284508481152
21-01-2026 11:00||NIFTY27JAN2624300PE,0.17506311220745313
21-01-2026 11:00||NIFTY27JAN2624600PE,0.15070688116990116
21-01-2026 11:00||NIFTY27JAN2624800PE,0.13754672033951829
21-01-2026 11:00||NIFTY27JAN2625100PE,0.1229110260017242
21-01-2026 11:00||NIFTY27JAN2625300CE,0.13447239673663705
21-01-2026 11:05||NIFTY27JAN2624000PE,0.19817064067085652
21-01-2026 11:05||NIFTY27JAN2624100PE,0.18783922990458304
21-01-2026 11:05||NIFTY27JAN2624400PE,0.15979423610331459
21-01-2026 11:05||NIFTY27JAN2625000PE,0.1176768333573837
21-01-2026 11:05||NIFTY27JAN2625200CE,0.1372510178981765
21-01-2026 11:10||NIFTY27JAN2624800PE,0.12564736635412435
21-01-2026 11:10||NIFTY27JAN2625200CE,0.14174490983601218
21-01-2026 11:10||NIFTY27JAN2625300CE,0.1403619494131379
21-01-2026 11:10||NIFTY27JAN2625500CE,0.14124600429526965
21-01-2026 11:10||NIFTY27JAN2625900CE,0.15719508707258184
21-01-2026 11:10||NIFTY27JAN2626100CE,0.17043506448143123
21-01-2026 11:15||NIFTY27JAN2624300PE,0.17133637459479326
21-01-2026 11:15||NIFTY27JAN2625100PE,0.10601683728385337
21-01-2026 11:15||NIFTY27JAN2625400CE,0.13910182654097344
21-01-2026 11:20||NIFTY27JAN2623900PE,0.21544748215258153
21-01-2026 11:20||NIFTY27JAN2625800CE,0.1433060468104089
21-01-2026 11:20||NIFTY27JAN2626000CE,0.15598172968454876
21-01-2026 11:20||NIFTY27JAN2626100CE,0.16317605722938439
21-01-2026 11:20||NIFTY27JAN2626400CE,0.18468501081924144
21-01-2026 11:20||NIFTY27JAN2626500CE,0.19163979883649324
21-01-2026 11:25||NIFTY27JAN2624600PE,0.15424542654180504
21-01-2026 11:25||NIFTY27JAN2624800PE,0.13968763650321098
21-01-2026 11:30||NIFTY27JAN2623900PE,0.2162195985938844
21-01-2026 11:30||NIFTY27JAN2624000PE,0.20646596440268422
21-01-2026 11:30||NIFTY27JAN2624100PE,0.19686171631842936
21-01-2026 11:30||NIFTY27JAN2624400PE,0.16897968850435438
21-01-2026 11:30||NIFTY27JAN2625400CE,0.13071534774838722
21-01-2026 11:30||NIFTY27JAN2625800CE,0.14467464827056226
21-01-2026 11:30||NIFTY27JAN2626000CE,0.15769122930446727
21-01-2026 11:30||NIFTY27JAN2626500CE,0.19481623276086202
21-01-2026 11:35||NIFTY27JAN2623900PE,0.21729011634187362
21-01-2026 11:35||NIFTY27JAN2624600PE,0.15307429476727105
21-01-2026 11:35||NIFTY27JAN2626100CE,0.16397608298233984
21-01-2026 11:35||NIFTY27JAN2626300CE,0.17902770143944424
21-01-2026 11:40||NIFTY27JAN2624800PE,0.13626134138183976
21-01-2026 11:40||NIFTY27JAN2625100PE,0.11800824298331994
21-01-2026 11:40||NIFTY27JAN2625200CE,0.1334716511454973
21-01-2026 11:40||NIFTY27JAN2625700CE,0.13962345567671705
21-01-2026 11:45||NIFTY27JAN2624600PE,0.15085580077847938
21-01-2026 11:45||NIFTY27JAN2625100PE,0.11632818678351706
21-01-2026 11:45||NIFTY27JAN2625200CE,0.13380916363904907
21-01-2026 11:45||NIFTY27JAN2625400CE,0.13171557576628207
21-01-2026 11:50||NIFTY27JAN2624000PE,0.20669493659636426
21-01-2026 11:50||NIFTY27JAN2624100PE,0.19665592343047417
21-01-2026 11:50||NIFTY27JAN2624300PE,0.17733326399021682
21-01-2026 11:55||NIFTY27JAN2624000PE,0.20712532840454523
21-01-2026 11:55||NIFTY27JAN2624600PE,0.15144804530005818
21-01-2026 11:55||NIFTY27JAN2624700PE,0.1436188072048237
21-01-2026 11:55||NIFTY27JAN2624900PE,0.12977910441552065
21-01-2026 12:00||NIFTY27JAN2624100PE,0.19432562740335768
21-01-2026 12:00||NIFTY27JAN2624200PE,0.18407232150605604
21-01-2026 12:00||NIFTY27JAN2624700PE,0.13697878118327517
21-01-2026 12:00||NIFTY27JAN2624800PE,0.1286243850884285
21-01-2026 12:00||NIFTY27JAN2625600CE,0.1357582589410311
21-01-2026 12:00||NIFTY27JAN2625900CE,0.14751067168744547
21-01-2026 12:05||NIFTY27JAN2623800PE,0.22827673587938663
21-01-2026 12:05||NIFTY27JAN2624100PE,0.19886505841800367
21-01-2026 12:05||NIFTY27JAN2625500CE,0.12507650509155405
21-01-2026 12:05||NIFTY27JAN2626200CE,0.16061321641784831
21-01-2026 12:10||NIFTY27JAN2624100PE,0.19350249974491682
21-01-2026 12:10||NIFTY27JAN2624200PE,0.1835810470062375
21-01-2026 12:10||NIFTY27JAN2625000PE,0.11491934735072787
21-01-2026 12:10||NIFTY27JAN2625900CE,0.14304092325326873
21-01-2026 12:10||NIFTY27JAN2626500CE,0.1841724649999676
21-01-2026 12:15||NIFTY27JAN2623800PE,0.22548661700998457
21-01-2026 12:15||NIFTY27JAN2624200PE,0.18548515103047508
21-01-2026 12:15||NIFTY27JAN2625400CE,0.1331210230684497
21-01-2026 12:15||NIFTY27JAN2625700CE,0.1343895376995159
21-01-2026 12:20||NIFTY27JAN2624200PE,0.19050110643126736
21-01-2026 12:20||NIFTY27JAN2625000PE,0.12054524457073104
21-01-2026 12:20||NIFTY27JAN2625400CE,0.12846255846026744
21-01-2026 12:20||NIFTY27JAN2625600CE,0.12784101261093056
21-01-2026 12:20||NIFTY27JAN2625700CE,0.13032529037414717
21-01-2026 12:20||NIFTY27JAN2626300CE,0.1629519883154034
21-01-2026 12:25||NIFTY27JAN2624000PE,0.21911369834594135
21-01-2026 12:25||NIFTY27JAN2624500PE,0.17291142013472302
21-01-2026 12:25||NIFTY27JAN2624600PE,0.16452732584846108
21-01-2026 12:25||NIFTY27JAN2624700PE,0.15658440709273108
21-01-2026 12:25||NIFTY27JAN2625700CE,0.12225148828128024
21-01-2026 12:25||NIFTY27JAN2626500CE,0.17609558062917913
21-01-2026 12:30||NIFTY27JAN2624100PE,0.20426761759231743
21-01-2026 12:30||NIFTY27JAN2624200PE,0.19434434458460126
21-01-2026 12:30||NIFTY27JAN2625300CE,0.13747694174150252
21-01-2026 12:30||NIFTY27JAN2625800CE,0.13509562527331154
21-01-2026 12:35||NIFTY27JAN2624000PE,0.21421129853771392
21-01-2026 12:35||NIFTY27JAN2624100PE,0.20443932139971008
21-01-2026 12:35||NIFTY27JAN2625600CE,0.1318032020719847
21-01-2026 12:35||NIFTY27JAN2626400CE,0.16728389352000642
21-01-2026 12:40||NIFTY27JAN2624500PE,0.174961398617703
21-01-2026 12:40||NIFTY27JAN2624700PE,0.1578933852722696
21-01-2026 12:40||NIFTY27JAN2624800PE,0.14969882585587624
21-01-2026 12:40||NIFTY27JAN2625200CE,0.13572545841532702
21-01-2026 12:40||NIFTY27JAN2625400CE,0.1276108383714945
21-01-2026 12:40||NIFTY27JAN2625900CE,0.13247018882386838
21-01-2026 12:45||NIFTY27JAN2623800PE,0.24399265945361123
21-01-2026 12:45||NIFTY27JAN2624400PE,0.1869199305275976
21-01-2026 12:45||NIFTY27JAN2625300CE,0.14089908962947117
21-01-2026 12:45||NIFTY27JAN2625800CE,0.13046176570320406
21-01-2026 12:45||NIFTY27JAN2626200CE,0.1474589693315535
21-01-2026 12:50||NIFTY27JAN2623800PE,0.24758743861726362
21-01-2026 12:50||NIFTY27JAN2624100PE,0.21931255583257558
21-01-2026 12:50||NIFTY27JAN2625200CE,0.1504993525873994
21-01-2026 12:50||NIFTY27JAN2625500CE,0.13283903114497325
21-01-2026 12:50||NIFTY27JAN2625600CE,0.13065469018542883
21-01-2026 12:55||NIFTY27JAN2625300CE,0.13313531519135796
21-01-2026 12:55||NIFTY27JAN2625400CE,0.12860525563345265
21-01-2026 12:55||NIFTY27JAN2625600CE,0.12498916989803574
21-01-2026 12:55||NIFTY27JAN2625700CE,0.12570896521006114
21-01-2026 12:55||NIFTY27JAN2625800CE,0.12803303128552304
21-01-2026 12:55||NIFTY27JAN2625900CE,0.13072905488220815
21-01-2026 12:55||NIFTY27JAN2626500CE,0.164663145638543
21-01-2026 13:00||NIFTY27JAN2624600PE,0.17526043593862656
21-01-2026 13:00||NIFTY27JAN2624700PE,0.16631446194773225
21-01-2026 13:00||NIFTY27JAN2626100CE,0.1392450272569795
21-01-2026 13:05||NIFTY27JAN2623800PE,0.25111830082158726
21-01-2026 13:05||NIFTY27JAN2623900PE,0.24222848168731076
21-01-2026 13:05||NIFTY27JAN2624100PE,0.2238942459208269
21-01-2026 13:05||NIFTY27JAN2625600CE,0.11633357038429226
21-01-2026 13:05||NIFTY27JAN2626300CE,0.14939591627323257
21-01-2026 13:05||NIFTY27JAN2626400CE,0.1566119788740719
21-01-2026 13:10||NIFTY27JAN2625800CE,0.13007107760553177
21-01-2026 13:10||NIFTY27JAN2626200CE,0.14822946321950195
21-01-2026 13:15||NIFTY27JAN2624400PE,0.18904120323724
21-01-2026 13:15||NIFTY27JAN2625400CE,0.12533752995050879
21-01-2026 13:15||NIFTY27JAN2625800CE,0.1267796288619746
21-01-2026 13:20||NIFTY27JAN2623800PE,0.24593540506749859
21-01-2026 13:20||NIFTY27JAN2623900PE,0.2371265545108229
21-01-2026 13:20||NIFTY27JAN2624600PE,0.17263355734055766
21-01-2026 13:20||NIFTY27JAN2624800PE,0.15610941465033493
21-01-2026 13:20||NIFTY27JAN2625400CE,0.122119970649198
21-01-2026 13:20||NIFTY27JAN2626200CE,0.14724799875048541
21-01-2026 13:25||NIFTY27JAN2624200PE,0.2046373702571176
21-01-2026 13:25||NIFTY27JAN2624300PE,0.19486013542308067
21-01-2026 13:25||NIFTY27JAN2624900PE,0.1438124479742227
21-01-2026 13:25||NIFTY27JAN2625000PE,0.13685313234024088
21-01-2026 13:25||NIFTY27JAN2625200CE,0.1344241421067482
21-01-2026 13:25||NIFTY27JAN2625700CE,0.12640989991718277
21-01-2026 13:25||NIFTY27JAN2626000CE,0.13819317067430256
21-01-2026 13:25||NIFTY27JAN2626300CE,0.15709511249114813
21-01-2026 13:30||NIFTY27JAN2624000PE,0.22855680110245985
21-01-2026 13:30||NIFTY27JAN2624400PE,0.19116457095712835
21-01-2026 13:30||NIFTY27JAN2625200CE,0.11551888746531694
21-01-2026 13:30||NIFTY27JAN2625300CE,0.11415535011297838
21-01-2026 13:30||NIFTY27JAN2625800CE,0.1229974550275951
21-01-2026 13:30||NIFTY27JAN2626200CE,0.14728337908151196
21-01-2026 13:30||NIFTY27JAN2626300CE,0.1548142204234415
21-01-2026 13:35||NIFTY27JAN2623800PE,0.2371756844643512
21-01-2026 13:35||NIFTY27JAN2624000PE,0.21807349987245617
21-01-2026 13:35||NIFTY27JAN2624700PE,0.15375119550665312
21-01-2026 13:35||NIFTY27JAN2624800PE,0.14514576426845216
21-01-2026 13:35||NIFTY27JAN2625800CE,0.1347523105194649
21-01-2026 13:35||NIFTY27JAN2626300CE,0.15971082749913368
21-01-2026 13:40||NIFTY27JAN2624600PE,0.16733426312691918
21-01-2026 13:40||NIFTY27JAN2624800PE,0.15130246496353753
21-01-2026 13:40||NIFTY27JAN2625300CE,0.1286318686598012
21-01-2026 13:40||NIFTY27JAN2625800CE,0.12989043245426085
21-01-2026 13:40||NIFTY27JAN2626200CE,0.1511433738412638
21-01-2026 13:45||NIFTY27JAN2624800PE,0.1506692913699923
21-01-2026 13:45||NIFTY27JAN2625400CE,0.12552883291247935
21-01-2026 13:45||NIFTY27JAN2625900CE,0.1335251752213606
21-01-2026 13:50||NIFTY27JAN2625100PE,0.13503728842993623
21-01-2026 13:50||NIFTY27JAN2626100CE,0.14528994320811703
21-01-2026 13:55||NIFTY27JAN2624300PE,0.19278709534746977
21-01-2026 13:55||NIFTY27JAN2624400PE,0.18358244650350056
21-01-2026 13:55||NIFTY27JAN2625500CE,0.12200272227995035
21-01-2026 13:55||NIFTY27JAN2625700CE,0.1262361427246604
21-01-2026 14:00||NIFTY27JAN2623800PE,0.23315293479565255
21-01-2026 14:00||NIFTY27JAN2624200PE,0.1959250882628862
21-01-2026 14:00||NIFTY27JAN2624600PE,0.16041719254878054
21-01-2026 14:00||NIFTY27JAN2625000PE,0.13278093105810335
21-01-2026 14:00||NIFTY27JAN2625200CE,0.13248356018622892
21-01-2026 14:05||NIFTY27JAN2624500PE,0.1698267009745022
21-01-2026 14:05||NIFTY27JAN2625000PE,0.1358559470764001
21-01-2026 14:05||NIFTY27JAN2625400CE,0.11986221765353522
21-01-2026 14:05||NIFTY27JAN2626100CE,0.1454009874556439
21-01-2026 14:05||NIFTY27JAN2626500CE,0.17786077520399893
21-01-2026 14:10||NIFTY27JAN2624000PE,0.21151022020636007
21-01-2026 14:10||NIFTY27JAN2624100PE,0.2020896205607829
21-01-2026 14:10||NIFTY27JAN2624400PE,0.17490847086067343
21-01-2026 14:10||NIFTY27JAN2624500PE,0.1662132557435274
21-01-2026 14:10||NIFTY27JAN2625000PE,0.1324054600336169
21-01-2026 14:10||NIFTY27JAN2625200CE,0.1230132089295893
21-01-2026 14:10||NIFTY27JAN2626000CE,0.1406126739503002
21-01-2026 14:10||NIFTY27JAN2626400CE,0.1717267135919873
21-01-2026 14:10||NIFTY27JAN2626500CE,0.18090036952035232
21-01-2026 14:15||NIFTY27JAN2624700PE,0.14211113742764692
21-01-2026 14:15||NIFTY27JAN2625400CE,0.1315614324823805
21-01-2026 14:15||NIFTY27JAN2625800CE,0.1339086209446805
21-01-2026 14:15||NIFTY27JAN2626100CE,0.14836990004534953
21-01-2026 14:20||NIFTY27JAN2624000PE,0.21517861864043636
21-01-2026 14:20||NIFTY27JAN2624300PE,0.18735414580661958
21-01-2026 14:20||NIFTY27JAN2624700PE,0.15559216467818668
21-01-2026 14:20||NIFTY27JAN2625200CE,0.1122675837189963
21-01-2026 14:20||NIFTY27JAN2625600CE,0.11594754932792094
21-01-2026 14:20||NIFTY27JAN2626100CE,0.14204877017142298
21-01-2026 14:20||NIFTY27JAN2626500CE,0.17361199154489124
21-01-2026 14:25||NIFTY27JAN2623900PE,0.22091789422923985
21-01-2026 14:25||NIFTY27JAN2624800PE,0.14813597182779295
21-01-2026 14:25||NIFTY27JAN2624900PE,0.142871755956469
21-01-2026 14:25||NIFTY27JAN2625100PE,0.13464306718027141
21-01-2026 14:25||NIFTY27JAN2626500CE,0.17848059263365088
21-01-2026 14:30||NIFTY27JAN2624500PE,0.15892427988792307
21-01-2026 14:30||NIFTY27JAN2624600PE,0.15013202788057992
21-01-2026 14:30||NIFTY27JAN2624800PE,0.13407126323564791
21-01-2026 14:30||NIFTY27JAN2625200CE,0.13586018882262893
21-01-2026 14:30||NIFTY27JAN2625300CE,0.13218397451876385
21-01-2026 14:30||NIFTY27JAN2626300CE,0.1634617779153754
21-01-2026 14:35||NIFTY27JAN2624200PE,0.18804976928686226
21-01-2026 14:35||NIFTY27JAN2624700PE,0.14502277081951384
21-01-2026 14:35||NIFTY27JAN2624800PE,0.13785743479101975
21-01-2026 14:35||NIFTY27JAN2625100PE,0.11984680488393169
21-01-2026 14:35||NIFTY27JAN2625200CE,0.1290588222817798
21-01-2026 14:35||NIFTY27JAN2625800CE,0.1315312493709819
21-01-2026 14:35||NIFTY27JAN2626100CE,0.14798160148745354
21-01-2026 14:40||NIFTY27JAN2624000PE,0.2084439006700986
21-01-2026 14:40||NIFTY27JAN2624200PE,0.18997323595233412
21-01-2026 14:40||NIFTY27JAN2624500PE,0.16415243047675415
21-01-2026 14:40||NIFTY27JAN2624600PE,0.15650035190811096
21-01-2026 14:40||NIFTY27JAN2624700PE,0.14943721967989293
21-01-2026 14:40||NIFTY27JAN2625100PE,0.12730726731572176
21-01-2026 14:40||NIFTY27JAN2625200CE,0.12059435562719548
21-01-2026 14:40||NIFTY27JAN2625400CE,0.11843412777016186
21-01-2026 14:40||NIFTY27JAN2625800CE,0.12816177859610584
21-01-2026 14:40||NIFTY27JAN2626200CE,0.1526057264350142
21-01-2026 14:45||NIFTY27JAN2624500PE,0.1616593447762554
21-01-2026 14:45||NIFTY27JAN2625400CE,0.12193239600239733
21-01-2026 14:45||NIFTY27JAN2625900CE,0.13466435514624092
21-01-2026 14:45||NIFTY27JAN2626100CE,0.14664123273214585
21-01-2026 14:50||NIFTY27JAN2623900PE,0.21415594448709102
21-01-2026 14:50||NIFTY27JAN2624900PE,0.13472781352283064
21-01-2026 14:50||NIFTY27JAN2625200CE,0.11981856790252898
21-01-2026 14:50||NIFTY27JAN2625300CE,0.1184645574280553
21-01-2026 14:50||NIFTY27JAN2625500CE,0.11881339843465523
21-01-2026 14:50||NIFTY27JAN2625800CE,0.12734073746064054
21-01-2026 14:50||NIFTY27JAN2626300CE,0.15905490022804267
21-01-2026 14:55||NIFTY27JAN2624200PE,0.18700381776620717
21-01-2026 14:55||NIFTY27JAN2625300CE,0.11961263050845732
21-01-2026 14:55||NIFTY27JAN2625700CE,0.12390938266990568
21-01-2026 14:55||NIFTY27JAN2626100CE,0.14484943220427288
21-01-2026 15:00||NIFTY27JAN2623900PE,0.21472060476070676
21-01-2026 15:00||NIFTY27JAN2624100PE,0.194502473228539
21-01-2026 15:00||NIFTY27JAN2624500PE,0.15669116121519572
21-01-2026 15:00||NIFTY27JAN2624800PE,0.13356810726701118
21-01-2026 15:00||NIFTY27JAN2625000PE,0.12073111998509067
21-01-2026 15:00||NIFTY27JAN2625200CE,0.13325253085032876
21-01-2026 15:00||NIFTY27JAN2625300CE,0.1287432243598386
21-01-2026 15:00||NIFTY27JAN2625600CE,0.12469720545055973
21-01-2026 15:00||NIFTY27JAN2626400CE,0.16690243864521506
21-01-2026 15:05||NIFTY27JAN2624300PE,0.17892835623298647
21-01-2026 15:05||NIFTY27JAN2625100PE,0.12789468107618068
21-01-2026 15:05||NIFTY27JAN2626200CE,0.14951525591338585
21-01-2026 15:10||NIFTY27JAN2624300PE,0.1796097467048607
21-01-2026 15:10||NIFTY27JAN2624500PE,0.16286118085033618
21-01-2026 15:10||NIFTY27JAN2624600PE,0.15534114754482453
21-01-2026 15:10||NIFTY27JAN2625700CE,0.11999187035978856
21-01-2026 15:10||NIFTY27JAN2625800CE,0.12470030373841673
21-01-2026 15:10||NIFTY27JAN2625900CE,0.1302219570727042
21-01-2026 15:10||NIFTY27JAN2626500CE,0.17535149156233684
21-01-2026 15:15||NIFTY27JAN2624200PE,0.18638515900650815
21-01-2026 15:15||NIFTY27JAN2624300PE,0.17720852780724974
21-01-2026 15:15||NIFTY27JAN2624800PE,0.13929590054304758
21-01-2026 15:15||NIFTY27JAN2624900PE,0.1337739261733592
21-01-2026 15:15||NIFTY27JAN2625200CE,0.11967350261524483
21-01-2026 15:15||NIFTY27JAN2625300CE,0.11760226066345249
21-01-2026 15:15||NIFTY27JAN2625600CE,0.11879532661041783
21-01-2026 15:15||NIFTY27JAN2625700CE,0.1218962560156531
21-01-2026 15:15||NIFTY27JAN2625900CE,0.13094493797923462
21-01-2026 15:15||NIFTY27JAN2626200CE,0.15186045290468184
21-01-2026 15:20||NIFTY27JAN2623800PE,0.22348226747574615
21-01-2026 15:20||NIFTY27JAN2624800PE,0.14045917418212595
21-01-2026 15:20||NIFTY27JAN2625100PE,0.12735823592541673
21-01-2026 15:20||NIFTY27JAN2625400CE,0.11116145792246698
21-01-2026 15:20||NIFTY27JAN2625600CE,0.11474761573543202
21-01-2026 15:25||NIFTY27JAN2623800PE,0.22111658953038366
21-01-2026 15:25||NIFTY27JAN2624200PE,0.18108123982177604
21-01-2026 15:25||NIFTY27JAN2624500PE,0.15325580492507787
21-01-2026 15:25||NIFTY27JAN2624800PE,0.13013717894955232
21-01-2026 15:25||NIFTY27JAN2625100PE,0.11466655025308417
21-01-2026 15:25||NIFTY27JAN2626200CE,0.14993740430681118
22-01-2026 09:15||NIFTY27JAN2623800PE,0.2467172560314692
22-01-2026 09:15||NIFTY27JAN2625100PE,0.12583435197822634
22-01-2026 09:15||NIFTY27JAN2625300CE,0.10428409826653244
22-01-2026 09:20||NIFTY27JAN2623900PE,0.23350897032686635
22-01-2026 09:20||NIFTY27JAN2624000PE,0.22201092172313872
22-01-2026 09:20||NIFTY27JAN2624300PE,0.18827560718694464
22-01-2026 09:20||NIFTY27JAN2624500PE,0.16693630789839184
22-01-2026 09:20||NIFTY27JAN2624800PE,0.13922683878335335
22-01-2026 09:20||NIFTY27JAN2625200CE,0.11556390206156722
22-01-2026 09:20||NIFTY27JAN2626300CE,0.15035610289440027
22-01-2026 09:25||NIFTY27JAN2624700PE,0.14458806186198614
22-01-2026 09:25||NIFTY27JAN2625000PE,0.11757940157322261
22-01-2026 09:25||NIFTY27JAN2625200CE,0.14628554767853819
22-01-2026 09:25||NIFTY27JAN2625500CE,0.12659294634462404
22-01-2026 09:25||NIFTY27JAN2625600CE,0.12355268985707019
22-01-2026 09:25||NIFTY27JAN2626200CE,0.14403999250747546
22-01-2026 09:30||NIFTY27JAN2624600PE,0.20260654702900294
22-01-2026 09:30||NIFTY27JAN2624800PE,0.17329943115556934
22-01-2026 09:30||NIFTY27JAN2624900PE,0.15931779877325314
22-01-2026 09:30||NIFTY27JAN2625100PE,0.13190378617842452
22-01-2026 09:30||NIFTY27JAN2625500CE,0.11642625009592131
22-01-2026 09:30||NIFTY27JAN2625800CE,0.11889884214102361
22-01-2026 09:30||NIFTY27JAN2626000CE,0.12897081198939603
22-01-2026 09:30||NIFTY27JAN2626300CE,0.15067543226361726
22-01-2026 09:35||NIFTY27JAN2624100PE,0.27876266104661934
22-01-2026 09:40||NIFTY27JAN2624100PE,0.2668010478446678
22-01-2026 09:40||NIFTY27JAN2624500PE,0.21773742911161986
22-01-2026 09:40||NIFTY27JAN2626000CE,0.13137286342890192
22-01-2026 09:40||NIFTY27JAN2626200CE,0.14577258396602447
22-01-2026 09:45||NIFTY27JAN2623900PE,0.2789367338111453
22-01-2026 09:45||NIFTY27JAN2624200PE,0.2458164516143935
22-01-2026 09:50||NIFTY27JAN2623900PE,0.273833811968927
22-01-2026 09:50||NIFTY27JAN2624100PE,0.253091118768584
22-01-2026 09:50||NIFTY27JAN2624900PE,0.16426800892281979
22-01-2026 09:50||NIFTY27JAN2625000PE,0.15380561789795993
22-01-2026 09:50||NIFTY27JAN2625600CE,0.10746258346185854
22-01-2026 09:50||NIFTY27JAN2625800CE,0.11429879710642982
22-01-2026 09:50||NIFTY27JAN2625900CE,0.119725243231805
22-01-2026 09:50||NIFTY27JAN2626300CE,0.14700912722795634
22-01-2026 09:50||NIFTY27JAN2626500CE,0.16297692051973545
22-01-2026 09:55||NIFTY27JAN2624700PE,0.16523390011726816
22-01-2026 09:55||NIFTY27JAN2624800PE,0.15462953054808962
22-01-2026 09:55||NIFTY27JAN2624900PE,0.14456225814003
22-01-2026 09:55||NIFTY27JAN2625200CE,0.1374232851496453
22-01-2026 09:55||NIFTY27JAN2625500CE,0.12043384343370198
22-01-2026 10:00||NIFTY27JAN2624200PE,0.21902145198680234
22-01-2026 10:00||NIFTY27JAN2624700PE,0.16365289896926416
22-01-2026 10:00||NIFTY27JAN2625100PE,0.12991926904518686
22-01-2026 10:00||NIFTY27JAN2625400CE,0.1042157035681678
22-01-2026 10:00||NIFTY27JAN2625600CE,0.10461206968105433
22-01-2026 10:00||NIFTY27JAN2626100CE,0.12775926024550854
22-01-2026 10:00||NIFTY27JAN2626500CE,0.1580910241391068
22-01-2026 10:05||NIFTY27JAN2624500PE,0.18536295677947975
22-01-2026 10:05||NIFTY27JAN2624800PE,0.15281583626579956
22-01-2026 10:05||NIFTY27JAN2625000PE,0.13478353279934624
22-01-2026 10:05||NIFTY27JAN2625400CE,0.10984400747717092
22-01-2026 10:05||NIFTY27JAN2625700CE,0.10995487046065139
22-01-2026 10:05||NIFTY27JAN2625800CE,0.11320012624138434
22-01-2026 10:05||NIFTY27JAN2626100CE,0.12992865932461398
22-01-2026 10:05||NIFTY27JAN2626400CE,0.15261047380230364
22-01-2026 10:10||NIFTY27JAN2623800PE,0.2584704476239995
22-01-2026 10:10||NIFTY27JAN2624200PE,0.21447072706540815
22-01-2026 10:10||NIFTY27JAN2624300PE,0.20364719748188376
22-01-2026 10:10||NIFTY27JAN2624500PE,0.18105075533930373
22-01-2026 10:10||NIFTY27JAN2624800PE,0.14819420575655984
22-01-2026 10:10||NIFTY27JAN2625300CE,0.12729428331715897
22-01-2026 10:10||NIFTY27JAN2625500CE,0.11731722573419967
22-01-2026 10:10||NIFTY27JAN2626200CE,0.14153863695458863
22-01-2026 10:10||NIFTY27JAN2626300CE,0.14898301706147749
22-01-2026 10:15||NIFTY27JAN2623900PE,0.24830095139137087
22-01-2026 10:15||NIFTY27JAN2624400PE,0.1974109664916654
22-01-2026 10:15||NIFTY27JAN2625000PE,0.13974150849207667
22-01-2026 10:15||NIFTY27JAN2625300CE,0.09730597885644036
22-01-2026 10:15||NIFTY27JAN2625400CE,0.09781066891954117
22-01-2026 10:20||NIFTY27JAN2624000PE,0.22567024312803954
22-01-2026 10:20||NIFTY27JAN2625000PE,0.12479350605794903
22-01-2026 10:20||NIFTY27JAN2625100PE,0.11716967538450515
22-01-2026 10:20||NIFTY27JAN2625400CE,0.12237901988983163
22-01-2026 10:20||NIFTY27JAN2625500CE,0.11899984620274584
22-01-2026 10:20||NIFTY27JAN2625600CE,0.1175359807697573
22-01-2026 10:20||NIFTY27JAN2625900CE,0.12550678361568152
22-01-2026 10:25||NIFTY27JAN2623900PE,0.2296808165222558
22-01-2026 10:25||NIFTY27JAN2624000PE,0.2194125196623386
22-01-2026 10:25||NIFTY27JAN2624200PE,0.1990291453096539
22-01-2026 10:25||NIFTY27JAN2625100PE,0.12875717628911387
22-01-2026 10:25||NIFTY27JAN2625900CE,0.118306716772536
22-01-2026 10:25||NIFTY27JAN2626300CE,0.14916464913584138
22-01-2026 10:30||NIFTY27JAN2624300PE,0.18301257507743354
22-01-2026 10:30||NIFTY27JAN2625800CE,0.12549675293728058
22-01-2026 10:30||NIFTY27JAN2626100CE,0.14382554308796383
22-01-2026 10:35||NIFTY27JAN2625100PE,0.12453000844988513
22-01-2026 10:35||NIFTY27JAN2625200CE,0.10160090795515106
22-01-2026 10:35||NIFTY27JAN2625300CE,0.10151286561534661
22-01-2026 10:35||NIFTY27JAN2625400CE,0.10241909326043985
22-01-2026 10:35||NIFTY27JAN2625800CE,0.11668372444264875
22-01-2026 10:40||NIFTY27JAN2624300PE,0.1826110777226112
22-01-2026 10:40||NIFTY27JAN2624600PE,0.15374148035466084
22-01-2026 10:40||NIFTY27JAN2625000PE,0.12325740499733362
22-01-2026 10:40||NIFTY27JAN2625800CE,0.12101954861487599
22-01-2026 10:40||NIFTY27JAN2625900CE,0.1268106141774771
22-01-2026 10:40||NIFTY27JAN2626000CE,0.13372022807134543
22-01-2026 10:45||NIFTY27JAN2623900PE,0.22655000043032497
22-01-2026 10:45||NIFTY27JAN2625000PE,0.12621060463837128
22-01-2026 10:45||NIFTY27JAN2625400CE,0.11115617621487905
22-01-2026 10:45||NIFTY27JAN2625500CE,0.11147543200605278
22-01-2026 10:45||NIFTY27JAN2625700CE,0.11616682942316901
22-01-2026 10:45||NIFTY27JAN2625900CE,0.1270062039579015
22-01-2026 10:45||NIFTY27JAN2626400CE,0.16696363541096204
22-01-2026 10:45||NIFTY27JAN2626500CE,0.17620900601427783
22-01-2026 10:50||NIFTY27JAN2623900PE,0.22575403733070548
22-01-2026 10:50||NIFTY27JAN2624400PE,0.17394742185965564
22-01-2026 10:50||NIFTY27JAN2624500PE,0.1641410734722669
22-01-2026 10:50||NIFTY27JAN2624600PE,0.15454144982901502
22-01-2026 10:50||NIFTY27JAN2624900PE,0.1309166782944349
22-01-2026 10:50||NIFTY27JAN2625000PE,0.12439912487925114
22-01-2026 10:50||NIFTY27JAN2625300CE,0.1163318600636504
22-01-2026 10:50||NIFTY27JAN2625700CE,0.11933909536573306
22-01-2026 10:50||NIFTY27JAN2625900CE,0.12990330404454878
22-01-2026 10:50||NIFTY27JAN2626000CE,0.13682723527027127
22-01-2026 10:50||NIFTY27JAN2626300CE,0.1602461116306232
22-01-2026 10:55||NIFTY27JAN2624000PE,0.21908667659943193
22-01-2026 10:55||NIFTY27JAN2624200PE,0.1995844836731889
22-01-2026 10:55||NIFTY27JAN2624600PE,0.16371526792627605
22-01-2026 10:55||NIFTY27JAN2625900CE,0.12753766085378537
22-01-2026 11:00||NIFTY27JAN2624400PE,0.17391016269954937
22-01-2026 11:00||NIFTY27JAN2624800PE,0.1407415472836709
22-01-2026 11:00||NIFTY27JAN2626300CE,0.163648878781185
22-01-2026 11:05||NIFTY27JAN2624500PE,0.16312064085018085
22-01-2026 11:05||NIFTY27JAN2624800PE,0.13872989072360692
22-01-2026 11:05||NIFTY27JAN2625500CE,0.12057287719652653
22-01-2026 11:05||NIFTY27JAN2625600CE,0.12268066339412258
22-01-2026 11:05||NIFTY27JAN2625900CE,0.13645509264221925
22-01-2026 11:05||NIFTY27JAN2626200CE,0.15785734196648185
22-01-2026 11:10||NIFTY27JAN2623800PE,0.23453110133901087
22-01-2026 11:10||NIFTY27JAN2624300PE,0.18380540656844796
22-01-2026 11:10||NIFTY27JAN2624600PE,0.15846275230710385
22-01-2026 11:10||NIFTY27JAN2624700PE,0.15087958003238497
22-01-2026 11:10||NIFTY27JAN2625000PE,0.13050138853175625
22-01-2026 11:10||NIFTY27JAN2625100PE,0.12441637427970917
22-01-2026 11:10||NIFTY27JAN2625400CE,0.11601009259599082
22-01-2026 11:10||NIFTY27JAN2625800CE,0.12855906036367729
22-01-2026 11:10||NIFTY27JAN2626100CE,0.1486551149448329
22-01-2026 11:15||NIFTY27JAN2623900PE,0.22247273960294764
22-01-2026 11:15||NIFTY27JAN2624300PE,0.18228400251625887
22-01-2026 11:15||NIFTY27JAN2625600CE,0.12026916445391353
22-01-2026 11:15||NIFTY27JAN2625800CE,0.12905568093895092
22-01-2026 11:15||NIFTY27JAN2626100CE,0.14934647857469444
22-01-2026 11:15||NIFTY27JAN2626200CE,0.15733878672714222
22-01-2026 11:15||NIFTY27JAN2626400CE,0.17327295037478843
22-01-2026 11:15||NIFTY27JAN2626500CE,0.18089910345548843
22-01-2026 11:20||NIFTY27JAN2623900PE,0.21905659321717608
22-01-2026 11:20||NIFTY27JAN2624700PE,0.14122489721057832
22-01-2026 11:20||NIFTY27JAN2624800PE,0.13341536813274968
22-01-2026 11:20||NIFTY27JAN2625600CE,0.1275081944976068
22-01-2026 11:20||NIFTY27JAN2625900CE,0.1389154968715306
22-01-2026 11:25||NIFTY27JAN2623800PE,0.24197691760597625
22-01-2026 11:25||NIFTY27JAN2623900PE,0.22908668706046673
22-01-2026 11:25||NIFTY27JAN2624000PE,0.21709460399730146
22-01-2026 11:25||NIFTY27JAN2624500PE,0.1676306541158003
22-01-2026 11:25||NIFTY27JAN2624600PE,0.15881663249826392
22-01-2026 11:25||NIFTY27JAN2625800CE,0.12406550728374388
22-01-2026 11:25||NIFTY27JAN2625900CE,0.1303871078487287
22-01-2026 11:25||NIFTY27JAN2626500CE,0.17553122193673737
22-01-2026 11:30||NIFTY27JAN2624300PE,0.17973447290780453
22-01-2026 11:30||NIFTY27JAN2625800CE,0.13075067904443205
22-01-2026 11:30||NIFTY27JAN2626000CE,0.1426882295521044
22-01-2026 11:35||NIFTY27JAN2624200PE,0.1924203464679497
22-01-2026 11:35||NIFTY27JAN2625500CE,0.1161023713447859
22-01-2026 11:35||NIFTY27JAN2625900CE,0.13327071014578643
22-01-2026 11:40||NIFTY27JAN2624200PE,0.19261475495256672
22-01-2026 11:40||NIFTY27JAN2624700PE,0.1502962765094154
22-01-2026 11:40||NIFTY27JAN2625200CE,0.1098943957002429
22-01-2026 11:40||NIFTY27JAN2626300CE,0.16703457374284394
22-01-2026 11:45||NIFTY27JAN2623900PE,0.21805012849699457
22-01-2026 11:45||NIFTY27JAN2624400PE,0.1673871899519397
22-01-2026 11:45||NIFTY27JAN2625000PE,0.12346660995894884
22-01-2026 11:45||NIFTY27JAN2626500CE,0.18694873801244122
22-01-2026 11:50||NIFTY27JAN2624500PE,0.1635488960474215
22-01-2026 11:50||NIFTY27JAN2624800PE,0.14144341906226507
22-01-2026 11:50||NIFTY27JAN2625200CE,0.11858689249105273
22-01-2026 11:50||NIFTY27JAN2625700CE,0.12678255046833348
22-01-2026 11:50||NIFTY27JAN2626200CE,0.15997934251174534
22-01-2026 11:50||NIFTY27JAN2626300CE,0.16807902307705697
22-01-2026 11:55||NIFTY27JAN2624000PE,0.20929432476331003
22-01-2026 11:55||NIFTY27JAN2625000PE,0.13201264295735296
22-01-2026 12:00||NIFTY27JAN2623800PE,0.2283858372718778
22-01-2026 12:00||NIFTY27JAN2624300PE,0.17561060201607676
22-01-2026 12:00||NIFTY27JAN2625600CE,0.13153320293342502
22-01-2026 12:00||NIFTY27JAN2625700CE,0.1347290385875447
22-01-2026 12:00||NIFTY27JAN2626100CE,0.15948806040057267
22-01-2026 12:00||NIFTY27JAN2626400CE,0.1836646351038991
22-01-2026 12:05||NIFTY27JAN2624300PE,0.1789058574197383
22-01-2026 12:05||NIFTY27JAN2625600CE,0.1264914704601669
22-01-2026 12:05||NIFTY27JAN2625700CE,0.12982217109690078
22-01-2026 12:05||NIFTY27JAN2626000CE,0.14637338043844544
22-01-2026 12:05||NIFTY27JAN2626300CE,0.16983151287523668
22-01-2026 12:10||NIFTY27JAN2624000PE,0.20837496911940578
22-01-2026 12:10||NIFTY27JAN2624500PE,0.15892378667805515
22-01-2026 12:10||NIFTY27JAN2625500CE,0.1236722638222071
22-01-2026 12:10||NIFTY27JAN2625800CE,0.13324333507967598
22-01-2026 12:10||NIFTY27JAN2626100CE,0.15290490077913488
22-01-2026 12:15||NIFTY27JAN2623800PE,0.22889467404145014
22-01-2026 12:15||NIFTY27JAN2624000PE,0.20729962775013522
22-01-2026 12:15||NIFTY27JAN2624500PE,0.1573508067986528
22-01-2026 12:15||NIFTY27JAN2626100CE,0.15326143077449655
22-01-2026 12:15||NIFTY27JAN2626400CE,0.1773515096470595
22-01-2026 12:15||NIFTY27JAN2626500CE,0.18543336385411002
22-01-2026 12:20||NIFTY27JAN2624800PE,0.1448424468747559
22-01-2026 12:20||NIFTY27JAN2624900PE,0.13927756953617096
22-01-2026 12:20||NIFTY27JAN2625900CE,0.1310460401065981
22-01-2026 12:20||NIFTY27JAN2626000CE,0.13822224533498978
22-01-2026 12:20||NIFTY27JAN2626500CE,0.17936513912875926
22-01-2026 12:25||NIFTY27JAN2623900PE,0.22058221062966155
22-01-2026 12:25||NIFTY27JAN2624200PE,0.1885772545581261
22-01-2026 12:25||NIFTY27JAN2624700PE,0.14245052599971414
22-01-2026 12:25||NIFTY27JAN2624800PE,0.13499823903063188
22-01-2026 12:25||NIFTY27JAN2625300CE,0.12606207545398793
22-01-2026 12:30||NIFTY27JAN2624200PE,0.18919822072308062
22-01-2026 12:30||NIFTY27JAN2624400PE,0.169263632757773
22-01-2026 12:30||NIFTY27JAN2624500PE,0.1597727145765011
22-01-2026 12:30||NIFTY27JAN2625100PE,0.11551904656816
22-01-2026 12:30||NIFTY27JAN2625700CE,0.12485705918638895
22-01-2026 12:30||NIFTY27JAN2625800CE,0.12927597492018764
22-01-2026 12:30||NIFTY27JAN2625900CE,0.13502531052260908
22-01-2026 12:30||NIFTY27JAN2626400CE,0.17266467631156285
22-01-2026 12:35||NIFTY27JAN2623800PE,0.2334988142209615
22-01-2026 12:35||NIFTY27JAN2624400PE,0.1719116233433692
22-01-2026 12:35||NIFTY27JAN2626100CE,0.14630147829913254
22-01-2026 12:35||NIFTY27JAN2626300CE,0.16322213347094086
22-01-2026 12:40||NIFTY27JAN2624100PE,0.1979181771243296
22-01-2026 12:40||NIFTY27JAN2626200CE,0.15741943419604465
22-01-2026 12:45||NIFTY27JAN2624700PE,0.1434600530126101
22-01-2026 12:45||NIFTY27JAN2624900PE,0.1299876797911792
22-01-2026 12:45||NIFTY27JAN2625200CE,0.11533386631834704
22-01-2026 12:45||NIFTY27JAN2625700CE,0.12027122908824561
22-01-2026 12:45||NIFTY27JAN2625800CE,0.12531313660747379
22-01-2026 12:45||NIFTY27JAN2626000CE,0.13771642202526618
22-01-2026 12:45||NIFTY27JAN2626100CE,0.1448853402125727
22-01-2026 12:45||NIFTY27JAN2626200CE,0.1528276400821859
22-01-2026 12:45||NIFTY27JAN2626300CE,0.16152968225103717
22-01-2026 12:45||NIFTY27JAN2626400CE,0.1709850003253921
22-01-2026 12:50||NIFTY27JAN2624200PE,0.1892343177590311
22-01-2026 12:50||NIFTY27JAN2624300PE,0.17902391387161942
22-01-2026 12:50||NIFTY27JAN2624900PE,0.13246554101122518
22-01-2026 12:50||NIFTY27JAN2625900CE,0.13085017551242079
22-01-2026 12:50||NIFTY27JAN2626200CE,0.15449583252986435
22-01-2026 12:50||NIFTY27JAN2626300CE,0.1631920153713897
22-01-2026 12:55||NIFTY27JAN2624400PE,0.16441280512731296
22-01-2026 12:55||NIFTY27JAN2625100PE,0.11994973228473921
22-01-2026 12:55||NIFTY27JAN2626100CE,0.1525691447015517
22-01-2026 12:55||NIFTY27JAN2626400CE,0.1788983139480524
22-01-2026 13:00||NIFTY27JAN2624000PE,0.20422002668086836
22-01-2026 13:00||NIFTY27JAN2624400PE,0.1628553619775568
22-01-2026 13:00||NIFTY27JAN2624900PE,0.12548230957869683
22-01-2026 13:00||NIFTY27JAN2625700CE,0.1252097206637403
22-01-2026 13:05||NIFTY27JAN2623800PE,0.2273319881347336
22-01-2026 13:05||NIFTY27JAN2624100PE,0.193318878675881
22-01-2026 13:05||NIFTY27JAN2624400PE,0.16308024730015103
22-01-2026 13:05||NIFTY27JAN2625000PE,0.12294943227369062
22-01-2026 13:05||NIFTY27JAN2625300CE,0.1155003203510315
22-01-2026 13:05||NIFTY27JAN2625400CE,0.11579232862737095
22-01-2026 13:05||NIFTY27JAN2625700CE,0.12480572589901553
22-01-2026 13:10||NIFTY27JAN2624200PE,0.18417218765914273
22-01-2026 13:10||NIFTY27JAN2625300CE,0.11129274787735435
22-01-2026 13:10||NIFTY27JAN2625500CE,0.11449081407066226
22-01-2026 13:10||NIFTY27JAN2626000CE,0.14415492425160184
22-01-2026 13:10||NIFTY27JAN2626500CE,0.18973330866314575
22-01-2026 13:15||NIFTY27JAN2624200PE,0.18100610454800262
22-01-2026 13:15||NIFTY27JAN2624600PE,0.14255379274614868
22-01-2026 13:15||NIFTY27JAN2624700PE,0.1344290943273801
22-01-2026 13:15||NIFTY27JAN2625200CE,0.12801200442475563
22-01-2026 13:15||NIFTY27JAN2625600CE,0.12378992263539568
22-01-2026 13:20||NIFTY27JAN2623900PE,0.21456336857312588
22-01-2026 13:20||NIFTY27JAN2624700PE,0.137181426543272
22-01-2026 13:20||NIFTY27JAN2624900PE,0.12444835626998028
22-01-2026 13:20||NIFTY27JAN2625200CE,0.11954485889623027
22-01-2026 13:20||NIFTY27JAN2625500CE,0.11816711482246338
22-01-2026 13:20||NIFTY27JAN2626100CE,0.15352491445970368
22-01-2026 13:25||NIFTY27JAN2624900PE,0.12916166005925567
22-01-2026 13:25||NIFTY27JAN2625100PE,0.12149012372414542
22-01-2026 13:25||NIFTY27JAN2625800CE,0.1297933384449703
22-01-2026 13:25||NIFTY27JAN2626100CE,0.15421431687738782
22-01-2026 13:25||NIFTY27JAN2626300CE,0.1724647648227298
22-01-2026 13:30||NIFTY27JAN2623800PE,0.22219504782403332
22-01-2026 13:30||NIFTY27JAN2624000PE,0.19944091660891317
22-01-2026 13:30||NIFTY27JAN2624100PE,0.18850910044867067
22-01-2026 13:30||NIFTY27JAN2624600PE,0.13867504991655583
22-01-2026 13:30||NIFTY27JAN2625100PE,0.09956857034065165
22-01-2026 13:30||NIFTY27JAN2625800CE,0.13649220064242776
22-01-2026 13:30||NIFTY27JAN2625900CE,0.14290081816334602
22-01-2026 13:35||NIFTY27JAN2623800PE,0.2264873886020618
22-01-2026 13:35||NIFTY27JAN2623900PE,0.21623388164240623
22-01-2026 13:35||NIFTY27JAN2624400PE,0.16676812519352333
22-01-2026 13:35||NIFTY27JAN2624600PE,0.15030419350578547
22-01-2026 13:35||NIFTY27JAN2624700PE,0.14317267110954862
22-01-2026 13:35||NIFTY27JAN2625300CE,0.10562037573920141
22-01-2026 13:35||NIFTY27JAN2625500CE,0.1103173721137829
22-01-2026 13:35||NIFTY27JAN2625700CE,0.1192981102967729
22-01-2026 13:35||NIFTY27JAN2626000CE,0.14041117228457237
22-01-2026 13:35||NIFTY27JAN2626100CE,0.14918266840257557
22-01-2026 13:35||NIFTY27JAN2626400CE,0.17621158031283918
22-01-2026 13:40||NIFTY27JAN2624000PE,0.2021987045444697
22-01-2026 13:40||NIFTY27JAN2624200PE,0.1810550814165178
22-01-2026 13:40||NIFTY27JAN2624300PE,0.1708115383913778
22-01-2026 13:40||NIFTY27JAN2624400PE,0.1609826416139573
22-01-2026 13:40||NIFTY27JAN2624900PE,0.12163370757462275
22-01-2026 13:40||NIFTY27JAN2625100PE,0.11037494038673795
22-01-2026 13:40||NIFTY27JAN2625300CE,0.12072768844091475
22-01-2026 13:40||NIFTY27JAN2625400CE,0.11951401672108757
22-01-2026 13:40||NIFTY27JAN2625600CE,0.12219261024501782
22-01-2026 13:40||NIFTY27JAN2626000CE,0.14581192668097936
22-01-2026 13:40||NIFTY27JAN2626300CE,0.1716505099746088
22-01-2026 13:45||NIFTY27JAN2624400PE,0.1590729803481575
22-01-2026 13:45||NIFTY27JAN2625200CE,0.12905743219270685
22-01-2026 13:45||NIFTY27JAN2625800CE,0.13336995696262804
22-01-2026 13:45||NIFTY27JAN2626100CE,0.1555792233217406
22-01-2026 13:45||NIFTY27JAN2626300CE,0.17245073408121983
22-01-2026 13:50||NIFTY27JAN2623800PE,0.225455405416701
22-01-2026 13:50||NIFTY27JAN2625200CE,0.13016718702627203
22-01-2026 13:50||NIFTY27JAN2626300CE,0.1704703812743507
22-01-2026 13:55||NIFTY27JAN2624500PE,0.15405340602077688
22-01-2026 13:55||NIFTY27JAN2624600PE,0.14442939672662167
22-01-2026 13:55||NIFTY27JAN2624800PE,0.1283265742603465
22-01-2026 13:55||NIFTY27JAN2625400CE,0.11326141936345674
22-01-2026 13:55||NIFTY27JAN2625500CE,0.11428484572993541
22-01-2026 13:55||NIFTY27JAN2625900CE,0.13245154477689247
22-01-2026 13:55||NIFTY27JAN2626000CE,0.14052157657784187
22-01-2026 13:55||NIFTY27JAN2626400CE,0.1762393920177579
22-01-2026 14:00||NIFTY27JAN2623800PE,0.22931346875207148
22-01-2026 14:00||NIFTY27JAN2623900PE,0.21649067228232036
22-01-2026 14:00||NIFTY27JAN2624300PE,0.17054692290055856
22-01-2026 14:00||NIFTY27JAN2625000PE,0.11673248862265834
22-01-2026 14:00||NIFTY27JAN2625300CE,0.11085038068640567
22-01-2026 14:00||NIFTY27JAN2625500CE,0.1117557434544137
22-01-2026 14:00||NIFTY27JAN2625600CE,0.11471582343083496
22-01-2026 14:00||NIFTY27JAN2626500CE,0.18523084323203226
22-01-2026 14:05||NIFTY27JAN2623800PE,0.22568046572791722
22-01-2026 14:05||NIFTY27JAN2624000PE,0.2025984389679548
22-01-2026 14:05||NIFTY27JAN2624200PE,0.18073644229026276
22-01-2026 14:05||NIFTY27JAN2624300PE,0.17025079519346892
22-01-2026 14:05||NIFTY27JAN2625200CE,0.1076978114623264
22-01-2026 14:05||NIFTY27JAN2626200CE,0.15797031631921915
22-01-2026 14:05||NIFTY27JAN2626400CE,0.17725792957544226
22-01-2026 14:10||NIFTY27JAN2623900PE,0.2124012230761932
22-01-2026 14:10||NIFTY27JAN2624200PE,0.18107029040712633
22-01-2026 14:10||NIFTY27JAN2625100PE,0.12064708606528925
22-01-2026 14:10||NIFTY27JAN2625900CE,0.13317652701122068
22-01-2026 14:15||NIFTY27JAN2623800PE,0.22187198245682158
22-01-2026 14:15||NIFTY27JAN2624600PE,0.13815716712942178
22-01-2026 14:15||NIFTY27JAN2625000PE,0.11268679477439311
22-01-2026 14:15||NIFTY27JAN2625100PE,0.10854845177461941
22-01-2026 14:15||NIFTY27JAN2626500CE,0.19261176230231902
22-01-2026 14:20||NIFTY27JAN2623800PE,0.2145192400742616
22-01-2026 14:20||NIFTY27JAN2623900PE,0.20502775677163368
22-01-2026 14:20||NIFTY27JAN2624000PE,0.19484983322314545
22-01-2026 14:20||NIFTY27JAN2624100PE,0.18530061100573741
22-01-2026 14:20||NIFTY27JAN2624400PE,0.15512306829940614
22-01-2026 14:20||NIFTY27JAN2624900PE,0.11617957231063353
22-01-2026 14:20||NIFTY27JAN2625400CE,0.11452237796627865
22-01-2026 14:20||NIFTY27JAN2625700CE,0.12282691384163145
22-01-2026 14:20||NIFTY27JAN2625800CE,0.12976066128618866
22-01-2026 14:20||NIFTY27JAN2625900CE,0.13769411144784352
22-01-2026 14:20||NIFTY27JAN2626100CE,0.1539788012686153
22-01-2026 14:20||NIFTY27JAN2626200CE,0.16288750213847183
22-01-2026 14:25||NIFTY27JAN2624200PE,0.17607006431550978
22-01-2026 14:25||NIFTY27JAN2624300PE,0.16453445960395946
22-01-2026 14:25||NIFTY27JAN2624600PE,0.13376682797166806
22-01-2026 14:25||NIFTY27JAN2624700PE,0.12486780740413533
22-01-2026 14:25||NIFTY27JAN2626500CE,0.18743703380714866
22-01-2026 14:30||NIFTY27JAN2623800PE,0.2254447367326389
22-01-2026 14:30||NIFTY27JAN2624300PE,0.16828116728086676
22-01-2026 14:30||NIFTY27JAN2625600CE,0.12192323815053283
22-01-2026 14:30||NIFTY27JAN2625700CE,0.12384802998046986
22-01-2026 14:30||NIFTY27JAN2625900CE,0.13311105413461854
22-01-2026 14:30||NIFTY27JAN2626500CE,0.18066444605266196
22-01-2026 14:35||NIFTY27JAN2624000PE,0.20574621383906674
22-01-2026 14:35||NIFTY27JAN2624800PE,0.12332356201318673
22-01-2026 14:35||NIFTY27JAN2625500CE,0.11692059577003372
22-01-2026 14:40||NIFTY27JAN2623800PE,0.23215489286391133
22-01-2026 14:40||NIFTY27JAN2625200CE,0.12075970880124472
22-01-2026 14:40||NIFTY27JAN2625400CE,0.11188211402540149
22-01-2026 14:40||NIFTY27JAN2626100CE,0.14002575751209426
22-01-2026 14:40||NIFTY27JAN2626500CE,0.171925503801583
22-01-2026 14:45||NIFTY27JAN2624000PE,0.20484719768471432
22-01-2026 14:45||NIFTY27JAN2626100CE,0.1386867591538546
22-01-2026 14:50||NIFTY27JAN2624400PE,0.16065736587886756
22-01-2026 14:50||NIFTY27JAN2624500PE,0.15028400671321415
22-01-2026 14:50||NIFTY27JAN2625400CE,0.10708537250591221
22-01-2026 14:50||NIFTY27JAN2625500CE,0.10647340424974713
22-01-2026 14:50||NIFTY27JAN2625600CE,0.10727992418807492
22-01-2026 14:50||NIFTY27JAN2626200CE,0.14446191169374253
22-01-2026 14:55||NIFTY27JAN2624300PE,0.16796876620748225
22-01-2026 14:55||NIFTY27JAN2625000PE,0.1088928767665168
22-01-2026 14:55||NIFTY27JAN2626100CE,0.13549078729431452
22-01-2026 14:55||NIFTY27JAN2626500CE,0.1699108483861208
22-01-2026 15:00||NIFTY27JAN2624300PE,0.16721652193780837
22-01-2026 15:00||NIFTY27JAN2624600PE,0.1378634008039591
22-01-2026 15:00||NIFTY27JAN2624900PE,0.11717466236451952
22-01-2026 15:00||NIFTY27JAN2625600CE,0.10547526392274476
22-01-2026 15:00||NIFTY27JAN2626400CE,0.16283483096430046
22-01-2026 15:05||NIFTY27JAN2625300CE,0.12995037403307677
22-01-2026 15:05||NIFTY27JAN2625400CE,0.12271732109539098
22-01-2026 15:05||NIFTY27JAN2625600CE,0.11648484806741027
22-01-2026 15:10||NIFTY27JAN2623800PE,0.22753175374750878
22-01-2026 15:10||NIFTY27JAN2624000PE,0.20375161227357902
22-01-2026 15:10||NIFTY27JAN2624200PE,0.1806897348089092
22-01-2026 15:10||NIFTY27JAN2625100PE,0.10391015570559986
22-01-2026 15:10||NIFTY27JAN2625600CE,0.10747869975904137
22-01-2026 15:10||NIFTY27JAN2626100CE,0.13142833805374368
22-01-2026 15:15||NIFTY27JAN2623800PE,0.22525426073111313
22-01-2026 15:15||NIFTY27JAN2624200PE,0.17774254535767148
22-01-2026 15:15||NIFTY27JAN2624600PE,0.13387583409299705
22-01-2026 15:15||NIFTY27JAN2625400CE,0.11685796252584851
22-01-2026 15:15||NIFTY27JAN2625800CE,0.11252477466827043
22-01-2026 15:15||NIFTY27JAN2625900CE,0.11794640077504397
22-01-2026 15:15||NIFTY27JAN2626200CE,0.13812460999676013
22-01-2026 15:15||NIFTY27JAN2626300CE,0.14668763703276927
22-01-2026 15:20||NIFTY27JAN2624800PE,0.1176213187633605
22-01-2026 15:20||NIFTY27JAN2625200CE,0.1365020352989803
22-01-2026 15:20||NIFTY27JAN2626400CE,0.15549816718444695
22-01-2026 15:25||NIFTY27JAN2623800PE,0.22527202940409333
22-01-2026 15:25||NIFTY27JAN2624300PE,0.16702504479500546
22-01-2026 15:25||NIFTY27JAN2624700PE,0.12370106838971716
22-01-2026 15:25||NIFTY27JAN2625100PE,0.09788016480846612
22-01-2026 15:25||NIFTY27JAN2625200CE,0.12668953790891369
22-01-2026 15:25||NIFTY27JAN2625300CE,0.11930228376640048
22-01-2026 15:25||NIFTY27JAN2625600CE,0.10814501874250362
22-01-2026 15:25||NIFTY27JAN2625900CE,0.11452069387759481
22-01-2026 15:25||NIFTY27JAN2626000CE,0.12093138636081095
22-01-2026 15:25||NIFTY27JAN2626400CE,0.15638122864544746
23-01-2026 09:15||NIFTY27JAN2624100PE,0.2109999715036735
23-01-2026 09:15||NIFTY27JAN2624200PE,0.19793376856486672
23-01-2026 09:15||NIFTY27JAN2624300PE,0.18504213062697544
23-01-2026 09:15||NIFTY27JAN2625500CE,0.11361541671790476
23-01-2026 09:15||NIFTY27JAN2626000CE,0.13234535246391904
23-01-2026 09:15||NIFTY27JAN2626100CE,0.14077270109457943
23-01-2026 09:15||NIFTY27JAN2626200CE,0.15061644872841673
23-01-2026 09:15||NIFTY27JAN2626300CE,0.16189078290968129
23-01-2026 09:15||NIFTY27JAN2626500CE,0.1883140213387882
23-01-2026 09:20||NIFTY27JAN2623900PE,0.23259861060014791
23-01-2026 09:20||NIFTY27JAN2624400PE,0.16965612485729242
23-01-2026 09:20||NIFTY27JAN2625500CE,0.12658521551926671
23-01-2026 09:20||NIFTY27JAN2626200CE,0.15414702281147513
23-01-2026 09:20||NIFTY27JAN2626400CE,0.1746335271508464
23-01-2026 09:25||NIFTY27JAN2623800PE,0.2537503413949795
23-01-2026 09:25||NIFTY27JAN2625100PE,0.11303849422504934
23-01-2026 09:25||NIFTY27JAN2626100CE,0.13427814399539587
23-01-2026 09:25||NIFTY27JAN2626200CE,0.14499243159470698
23-01-2026 09:25||NIFTY27JAN2626400CE,0.1664658596860276
23-01-2026 09:30||NIFTY27JAN2623900PE,0.24145833521392843
23-01-2026 09:30||NIFTY27JAN2624000PE,0.2292214131729769
23-01-2026 09:30||NIFTY27JAN2624400PE,0.18180769818824574
23-01-2026 09:30||NIFTY27JAN2624500PE,0.16998467206199958
23-01-2026 09:30||NIFTY27JAN2624600PE,0.15839756778848374
23-01-2026 09:30||NIFTY27JAN2624700PE,0.14782692292410432
23-01-2026 09:30||NIFTY27JAN2625200CE,0.10703218013948682
23-01-2026 09:30||NIFTY27JAN2626300CE,0.15640219482634324
23-01-2026 09:35||NIFTY27JAN2623900PE,0.23820564104612157
23-01-2026 09:35||NIFTY27JAN2624000PE,0.22603297804438077
23-01-2026 09:35||NIFTY27JAN2624400PE,0.1764191738831503
23-01-2026 09:35||NIFTY27JAN2625500CE,0.10824763022094079
23-01-2026 09:35||NIFTY27JAN2626100CE,0.1382946431381089
23-01-2026 09:40||NIFTY27JAN2625400CE,0.10515544152466477
23-01-2026 09:40||NIFTY27JAN2625500CE,0.1037809513251034
23-01-2026 09:40||NIFTY27JAN2626000CE,0.12689001897211064
23-01-2026 09:45||NIFTY27JAN2623900PE,0.23534760470152116
23-01-2026 09:45||NIFTY27JAN2624100PE,0.20996678745157366
23-01-2026 09:45||NIFTY27JAN2624300PE,0.18426594409739577
23-01-2026 09:45||NIFTY27JAN2624800PE,0.12782094456667595
23-01-2026 09:45||NIFTY27JAN2624900PE,0.11932692704990569
23-01-2026 09:45||NIFTY27JAN2626100CE,0.14275282975534376
23-01-2026 09:45||NIFTY27JAN2626400CE,0.17562318872861188
23-01-2026 09:50||NIFTY27JAN2623900PE,0.23828700752089185
23-01-2026 09:50||NIFTY27JAN2624200PE,0.20221983114489117
23-01-2026 09:50||NIFTY27JAN2624400PE,0.17732060026025415
23-01-2026 09:50||NIFTY27JAN2624700PE,0.14440244688155002
23-01-2026 09:50||NIFTY27JAN2625200CE,0.10905941036111327
23-01-2026 09:50||NIFTY27JAN2625300CE,0.10415530778549102
23-01-2026 09:50||NIFTY27JAN2625700CE,0.10360506754013035
23-01-2026 09:50||NIFTY27JAN2625800CE,0.1092668581190421
23-01-2026 09:55||NIFTY27JAN2623800PE,0.2493808180269701
23-01-2026 09:55||NIFTY27JAN2624200PE,0.19802708717181272
23-01-2026 09:55||NIFTY27JAN2624800PE,0.12976511840186455
23-01-2026 09:55||NIFTY27JAN2625000PE,0.11493889297259682
23-01-2026 09:55||NIFTY27JAN2625200CE,0.12107300434591045
23-01-2026 09:55||NIFTY27JAN2625700CE,0.10727225839599558
23-01-2026 09:55||NIFTY27JAN2626300CE,0.16186945527929647
23-01-2026 10:00||NIFTY27JAN2624700PE,0.141166994491847
23-01-2026 10:00||NIFTY27JAN2625900CE,0.11490756816124532
23-01-2026 10:00||NIFTY27JAN2626000CE,0.12531161490843787
23-01-2026 10:00||NIFTY27JAN2626100CE,0.1372135868751369
23-01-2026 10:00||NIFTY27JAN2626300CE,0.15899409085396587
23-01-2026 10:05||NIFTY27JAN2623800PE,0.2502707052048346
23-01-2026 10:05||NIFTY27JAN2624100PE,0.2119136698474128
23-01-2026 10:05||NIFTY27JAN2624600PE,0.15108697391705064
23-01-2026 10:05||NIFTY27JAN2624800PE,0.13156500709268376
23-01-2026 10:05||NIFTY27JAN2626200CE,0.15004762196127036
23-01-2026 10:10||NIFTY27JAN2623800PE,0.2494835068072375
23-01-2026 10:10||NIFTY27JAN2624000PE,0.22363867244947364
23-01-2026 10:10||NIFTY27JAN2624400PE,0.17305720832192456
23-01-2026 10:10||NIFTY27JAN2624600PE,0.14934222905838113
23-01-2026 10:10||NIFTY27JAN2624800PE,0.12993116267506982
23-01-2026 10:10||NIFTY27JAN2625300CE,0.1055118771423056
23-01-2026 10:15||NIFTY27JAN2624700PE,0.14178734030345097
23-01-2026 10:15||NIFTY27JAN2625700CE,0.10180856706738249
23-01-2026 10:15||NIFTY27JAN2625900CE,0.11670523258782316
23-01-2026 10:15||NIFTY27JAN2626000CE,0.12863105647121428
23-01-2026 10:15||NIFTY27JAN2626400CE,0.17420450272559876
23-01-2026 10:20||NIFTY27JAN2625700CE,0.10575560234974424
23-01-2026 10:20||NIFTY27JAN2625800CE,0.11238673652074055
23-01-2026 10:20||NIFTY27JAN2626100CE,0.14288496434923664
23-01-2026 10:20||NIFTY27JAN2626500CE,0.18608931549237903
23-01-2026 10:25||NIFTY27JAN2623800PE,0.24819998301613944
23-01-2026 10:25||NIFTY27JAN2624400PE,0.16945527120587442
23-01-2026 10:25||NIFTY27JAN2624600PE,0.14425913006407565
23-01-2026 10:25||NIFTY27JAN2625100PE,0.10007342501532737
23-01-2026 10:25||NIFTY27JAN2625400CE,0.1135367023366931
23-01-2026 10:25||NIFTY27JAN2626000CE,0.13062647646095019
23-01-2026 10:30||NIFTY27JAN2624100PE,0.21304743268338458
23-01-2026 10:30||NIFTY27JAN2624400PE,0.17491478083845863
23-01-2026 10:30||NIFTY27JAN2624600PE,0.14994066949682555
23-01-2026 10:30||NIFTY27JAN2625100PE,0.10656515900319971
23-01-2026 10:35||NIFTY27JAN2624000PE,0.22768855068374116
23-01-2026 10:35||NIFTY27JAN2624100PE,0.21488393165205785
23-01-2026 10:35||NIFTY27JAN2624200PE,0.20210570892219915
23-01-2026 10:35||NIFTY27JAN2624500PE,0.1641531780122591
23-01-2026 10:35||NIFTY27JAN2624900PE,0.12380915900199332
23-01-2026 10:35||NIFTY27JAN2625100PE,0.11024473904426971
23-01-2026 10:35||NIFTY27JAN2625600CE,0.0974054835771695
23-01-2026 10:40||NIFTY27JAN2624000PE,0.2255814461228351
23-01-2026 10:40||NIFTY27JAN2624600PE,0.15029177048055262
23-01-2026 10:40||NIFTY27JAN2624800PE,0.12967810747436637
23-01-2026 10:40||NIFTY27JAN2625300CE,0.10554559553442407
23-01-2026 10:40||NIFTY27JAN2625800CE,0.10625226279395383
23-01-2026 10:45||NIFTY27JAN2624100PE,0.21323614653553313
23-01-2026 10:45||NIFTY27JAN2625100PE,0.11156682479150197
23-01-2026 10:45||NIFTY27JAN2625900CE,0.1132432811656184
23-01-2026 10:45||NIFTY27JAN2626200CE,0.14772827863540317
23-01-2026 10:45||NIFTY27JAN2626500CE,0.17947317812249292
23-01-2026 10:50||NIFTY27JAN2623900PE,0.23715513052954967
23-01-2026 10:50||NIFTY27JAN2625400CE,0.09933985984786359
23-01-2026 10:50||NIFTY27JAN2625700CE,0.1005166243426107
23-01-2026 10:50||NIFTY27JAN2626200CE,0.1486149894024186
23-01-2026 10:50||NIFTY27JAN2626300CE,0.1597729522499862
23-01-2026 10:50||NIFTY27JAN2626400CE,0.17067449521102673
23-01-2026 10:55||NIFTY27JAN2623800PE,0.2498419363423422
23-01-2026 10:55||NIFTY27JAN2624600PE,0.14712746170917096
23-01-2026 10:55||NIFTY27JAN2624900PE,0.11760914712406717
23-01-2026 10:55||NIFTY27JAN2626200CE,0.15030947434834355
23-01-2026 11:00||NIFTY27JAN2625100PE,0.10800752647600105
23-01-2026 11:00||NIFTY27JAN2625400CE,0.09456529523464975
23-01-2026 11:00||NIFTY27JAN2625800CE,0.1064986517976164
23-01-2026 11:00||NIFTY27JAN2626100CE,0.13907620805292098
23-01-2026 11:05||NIFTY27JAN2624200PE,0.19663997089740587
23-01-2026 11:05||NIFTY27JAN2625600CE,0.0997776597133635
23-01-2026 11:05||NIFTY27JAN2625700CE,0.10285094882438056
23-01-2026 11:05||NIFTY27JAN2626200CE,0.15216455223436687
23-01-2026 11:05||NIFTY27JAN2626500CE,0.1863503003701814
23-01-2026 11:10||NIFTY27JAN2624000PE,0.2230591012609044
23-01-2026 11:10||NIFTY27JAN2624100PE,0.2102275972693532
23-01-2026 11:10||NIFTY27JAN2625300CE,0.10112867135926143
23-01-2026 11:10||NIFTY27JAN2626300CE,0.16203919824226096
23-01-2026 11:15||NIFTY27JAN2624200PE,0.1963420543794107
23-01-2026 11:15||NIFTY27JAN2624800PE,0.127908663368355
23-01-2026 11:15||NIFTY27JAN2624900PE,0.11981522211568811
23-01-2026 11:15||NIFTY27JAN2625300CE,0.09241263386391822
23-01-2026 11:15||NIFTY27JAN2625400CE,0.09121151292904846
23-01-2026 11:15||NIFTY27JAN2625500CE,0.09176098765108048
23-01-2026 11:15||NIFTY27JAN2625700CE,0.09902445537284696
23-01-2026 11:15||NIFTY27JAN2626300CE,0.16208005166348566
23-01-2026 11:20||NIFTY27JAN2624100PE,0.20732601986943477
23-01-2026 11:20||NIFTY27JAN2624400PE,0.16896229006731694
23-01-2026 11:20||NIFTY27JAN2624800PE,0.12331477657274777
23-01-2026 11:20||NIFTY27JAN2625100PE,0.10051323336059056
23-01-2026 11:20||NIFTY27JAN2626000CE,0.12936229523595638
23-01-2026 11:20||NIFTY27JAN2626300CE,0.16434516052180176
23-01-2026 11:25||NIFTY27JAN2623800PE,0.24561414671304094
23-01-2026 11:25||NIFTY27JAN2623900PE,0.23371159902625913
23-01-2026 11:25||NIFTY27JAN2624900PE,0.11415763580374316
23-01-2026 11:25||NIFTY27JAN2625200CE,0.10767096035282488
23-01-2026 11:25||NIFTY27JAN2625800CE,0.10770629534091694
23-01-2026 11:25||NIFTY27JAN2626400CE,0.174585558170906
23-01-2026 11:30||NIFTY27JAN2624700PE,0.13735259292884
23-01-2026 11:30||NIFTY27JAN2624900PE,0.11993054119442093
23-01-2026 11:30||NIFTY27JAN2625000PE,0.11306572214090692
23-01-2026 11:30||NIFTY27JAN2625500CE,0.08996046558380742
23-01-2026 11:30||NIFTY27JAN2625800CE,0.10555451002227506
23-01-2026 11:30||NIFTY27JAN2626000CE,0.1271030460692159
23-01-2026 11:30||NIFTY27JAN2626200CE,0.1512157242923074
23-01-2026 11:30||NIFTY27JAN2626400CE,0.17415903490659052
23-01-2026 11:35||NIFTY27JAN2624900PE,0.12092033575398821
23-01-2026 11:35||NIFTY27JAN2625400CE,0.09102237743899641
23-01-2026 11:35||NIFTY27JAN2626000CE,0.13123920566678587
23-01-2026 11:40||NIFTY27JAN2623900PE,0.2268226444379592
23-01-2026 11:40||NIFTY27JAN2624300PE,0.17609636441846327
23-01-2026 11:40||NIFTY27JAN2624900PE,0.1155230634578887
23-01-2026 11:40||NIFTY27JAN2625500CE,0.09739411780427641
23-01-2026 11:40||NIFTY27JAN2626300CE,0.1737441253866055
23-01-2026 11:40||NIFTY27JAN2626500CE,0.1933684017211881
23-01-2026 11:45||NIFTY27JAN2625300CE,0.0960666188504625
23-01-2026 11:45||NIFTY27JAN2626100CE,0.153653810963485
23-01-2026 11:45||NIFTY27JAN2626400CE,0.186481405976443
23-01-2026 11:50||NIFTY27JAN2624100PE,0.19478324212383957
23-01-2026 11:50||NIFTY27JAN2624500PE,0.1466115874157437
23-01-2026 11:50||NIFTY27JAN2625400CE,0.1057618403115079
23-01-2026 11:50||NIFTY27JAN2625500CE,0.10620044667387005
23-01-2026 11:50||NIFTY27JAN2625700CE,0.114333829401599
23-01-2026 11:55||NIFTY27JAN2624800PE,0.1198593393831951
23-01-2026 11:55||NIFTY27JAN2625100PE,0.10244480943897476
23-01-2026 11:55||NIFTY27JAN2625700CE,0.11187562702345323
23-01-2026 11:55||NIFTY27JAN2626200CE,0.16441359943194592
23-01-2026 11:55||NIFTY27JAN2626500CE,0.19511108983389625
23-01-2026 12:00||NIFTY27JAN2624000PE,0.2107412912918722
23-01-2026 12:00||NIFTY27JAN2624300PE,0.17220678614895238
23-01-2026 12:00||NIFTY27JAN2624800PE,0.11827792057243967
23-01-2026 12:00||NIFTY27JAN2625200CE,0.10834638105649365
23-01-2026 12:00||NIFTY27JAN2625800CE,0.11975628176330254
23-01-2026 12:00||NIFTY27JAN2625900CE,0.13117824839827155
23-01-2026 12:00||NIFTY27JAN2626400CE,0.18614101509869857
23-01-2026 12:05||NIFTY27JAN2624600PE,0.13889156048321305
23-01-2026 12:05||NIFTY27JAN2625300CE,0.09638025774018652
23-01-2026 12:05||NIFTY27JAN2625400CE,0.09726257721404205
23-01-2026 12:05||NIFTY27JAN2626400CE,0.18690733246383773
23-01-2026 12:10||NIFTY27JAN2623900PE,0.21962176575660092
23-01-2026 12:10||NIFTY27JAN2624000PE,0.20679634832750485
23-01-2026 12:10||NIFTY27JAN2625000PE,0.10657855259334562
23-01-2026 12:10||NIFTY27JAN2625700CE,0.11428770375236871
23-01-2026 12:10||NIFTY27JAN2626200CE,0.16805364123973476
23-01-2026 12:10||NIFTY27JAN2626500CE,0.1985205389851128
23-01-2026 12:15||NIFTY27JAN2625500CE,0.10836312155891284
23-01-2026 12:15||NIFTY27JAN2626100CE,0.15579574728562612
23-01-2026 12:15||NIFTY27JAN2626300CE,0.17746612974530238
23-01-2026 12:20||NIFTY27JAN2624200PE,0.18571822889110937
23-01-2026 12:20||NIFTY27JAN2625200CE,0.10201056840676558
23-01-2026 12:20||NIFTY27JAN2625300CE,0.09907591689007718
23-01-2026 12:20||NIFTY27JAN2625400CE,0.09860874752468232
23-01-2026 12:20||NIFTY27JAN2625800CE,0.11868619123558485
23-01-2026 12:20||NIFTY27JAN2626100CE,0.15252544920992211
23-01-2026 12:25||NIFTY27JAN2624300PE,0.17076569408086367
23-01-2026 12:25||NIFTY27JAN2624500PE,0.14621491343104465
23-01-2026 12:25||NIFTY27JAN2624600PE,0.13470501012046185
23-01-2026 12:25||NIFTY27JAN2624900PE,0.10811707323211886
23-01-2026 12:25||NIFTY27JAN2625400CE,0.10322874774645324
23-01-2026 12:25||NIFTY27JAN2625600CE,0.10625289426923705
23-01-2026 12:25||NIFTY27JAN2626400CE,0.1872861811767354
23-01-2026 12:30||NIFTY27JAN2623800PE,0.2356246929970041
23-01-2026 12:30||NIFTY27JAN2624100PE,0.19615025750022427
23-01-2026 12:30||NIFTY27JAN2624200PE,0.18346585118166336
23-01-2026 12:30||NIFTY27JAN2624500PE,0.14521806390582415
23-01-2026 12:30||NIFTY27JAN2625900CE,0.13089434905720998
23-01-2026 12:30||NIFTY27JAN2626100CE,0.15391206069239258
23-01-2026 12:30||NIFTY27JAN2626200CE,0.1652249354784002
23-01-2026 12:35||NIFTY27JAN2624100PE,0.19664140955043646
23-01-2026 12:35||NIFTY27JAN2624400PE,0.1575465326449098
23-01-2026 12:35||NIFTY27JAN2625100PE,0.090937769406635
23-01-2026 12:35||NIFTY27JAN2625300CE,0.10778062434913509
23-01-2026 12:35||NIFTY27JAN2626100CE,0.15363501172287733
23-01-2026 12:40||NIFTY27JAN2624500PE,0.1443320489604344
23-01-2026 12:40||NIFTY27JAN2624600PE,0.13182312290095977
23-01-2026 12:40||NIFTY27JAN2624900PE,0.10316869547947344
23-01-2026 12:40||NIFTY27JAN2625300CE,0.10869472491572973
23-01-2026 12:45||NIFTY27JAN2623800PE,0.2356467400101186
23-01-2026 12:45||NIFTY27JAN2623900PE,0.22358481790323445
23-01-2026 12:45||NIFTY27JAN2624600PE,0.1378530074166501
23-01-2026 12:45||NIFTY27JAN2625900CE,0.12377758970146557
23-01-2026 12:50||NIFTY27JAN2623800PE,0.2343854384369266
23-01-2026 12:50||NIFTY27JAN2624400PE,0.1565212624870322
23-01-2026 12:50||NIFTY27JAN2624800PE,0.11009774698897679
23-01-2026 12:50||NIFTY27JAN2625300CE,0.11045444033963882
23-01-2026 12:50||NIFTY27JAN2625600CE,0.10733499457662207
23-01-2026 12:50||NIFTY27JAN2625700CE,0.11259597812487533
23-01-2026 12:50||NIFTY27JAN2626000CE,0.13962600091373534
23-01-2026 12:50||NIFTY27JAN2626400CE,0.18592703018181905
23-01-2026 12:55||NIFTY27JAN2624200PE,0.18720783937442062
23-01-2026 12:55||NIFTY27JAN2625400CE,0.09159745057087046
23-01-2026 12:55||NIFTY27JAN2625600CE,0.09871420173777566
23-01-2026 12:55||NIFTY27JAN2625800CE,0.11538513076359083
23-01-2026 12:55||NIFTY27JAN2626400CE,0.18443377547250397
23-01-2026 13:00||NIFTY27JAN2624900PE,0.10370776947858212
23-01-2026 13:00||NIFTY27JAN2625700CE,0.11267979738171802
23-01-2026 13:00||NIFTY27JAN2626000CE,0.1440724766609539
23-01-2026 13:05||NIFTY27JAN2623800PE,0.2310500685524854
23-01-2026 13:05||NIFTY27JAN2625200CE,0.10388372462505724
23-01-2026 13:05||NIFTY27JAN2625900CE,0.13250457128611007
23-01-2026 13:10||NIFTY27JAN2623900PE,0.2210276016488158
23-01-2026 13:10||NIFTY27JAN2624000PE,0.2086377246751998
23-01-2026 13:10||NIFTY27JAN2624100PE,0.19589859734692772
23-01-2026 13:10||NIFTY27JAN2624700PE,0.12072464921231686
23-01-2026 13:10||NIFTY27JAN2625100PE,0.09201880106562449
23-01-2026 13:10||NIFTY27JAN2625800CE,0.12053566411045522
23-01-2026 13:10||NIFTY27JAN2626000CE,0.1437752142900688
23-01-2026 13:15||NIFTY27JAN2623800PE,0.2273903256549425
23-01-2026 13:15||NIFTY27JAN2624200PE,0.17935686422254923
23-01-2026 13:15||NIFTY27JAN2625300CE,0.0943497464487564
23-01-2026 13:15||NIFTY27JAN2625600CE,0.10777727299155382
23-01-2026 13:15||NIFTY27JAN2625900CE,0.13711181805115566
23-01-2026 13:15||NIFTY27JAN2626000CE,0.1491343583396387
23-01-2026 13:20||NIFTY27JAN2624700PE,0.1215611892795027
23-01-2026 13:20||NIFTY27JAN2624800PE,0.11469133621671561
23-01-2026 13:20||NIFTY27JAN2625700CE,0.1219144435138115
23-01-2026 13:20||NIFTY27JAN2626200CE,0.17709331584114762
23-01-2026 13:20||NIFTY27JAN2626500CE,0.21025007451485545
23-01-2026 13:25||NIFTY27JAN2624100PE,0.18716946978362697
23-01-2026 13:25||NIFTY27JAN2624500PE,0.13852509067748411
23-01-2026 13:25||NIFTY27JAN2625000PE,0.10223680358202127
23-01-2026 13:25||NIFTY27JAN2625400CE,0.10277149006345677
23-01-2026 13:30||NIFTY27JAN2624700PE,0.12807690394245747
23-01-2026 13:30||NIFTY27JAN2624800PE,0.1223756226610166
23-01-2026 13:30||NIFTY27JAN2625000PE,0.1156602251773009
23-01-2026 13:30||NIFTY27JAN2625400CE,0.10951008944626008
23-01-2026 13:30||NIFTY27JAN2625700CE,0.13200115104039323
23-01-2026 13:30||NIFTY27JAN2626000CE,0.1656973852048559
23-01-2026 13:35||NIFTY27JAN2623900PE,0.2086987939255195
23-01-2026 13:35||NIFTY27JAN2624100PE,0.18356962646221903
23-01-2026 13:35||NIFTY27JAN2624900PE,0.1105619898823006
23-01-2026 13:35||NIFTY27JAN2625600CE,0.1240666251182794
23-01-2026 13:35||NIFTY27JAN2626000CE,0.16675607787440688
23-01-2026 13:35||NIFTY27JAN2626200CE,0.18977463693822658
23-01-2026 13:35||NIFTY27JAN2626500CE,0.2216698212710486
23-01-2026 13:40||NIFTY27JAN2623900PE,0.21303911201220874
23-01-2026 13:40||NIFTY27JAN2624600PE,0.1364411444800269
23-01-2026 13:40||NIFTY27JAN2624900PE,0.1213290686693389
23-01-2026 13:40||NIFTY27JAN2625700CE,0.13397904556851473
23-01-2026 13:40||NIFTY27JAN2625800CE,0.14508345671907275
23-01-2026 13:40||NIFTY27JAN2626300CE,0.2008289064854793
23-01-2026 13:45||NIFTY27JAN2623900PE,0.20597801284515901
23-01-2026 13:45||NIFTY27JAN2624000PE,0.19302860878588007
23-01-2026 13:45||NIFTY27JAN2624500PE,0.13540154185432443
23-01-2026 13:45||NIFTY27JAN2624600PE,0.12627900375866757
23-01-2026 13:45||NIFTY27JAN2625000PE,0.10123720675590772
23-01-2026 13:45||NIFTY27JAN2625300CE,0.11339840230993589
23-01-2026 13:45||NIFTY27JAN2626100CE,0.1830060450296879
23-01-2026 13:45||NIFTY27JAN2626300CE,0.2052459363537304
23-01-2026 13:50||NIFTY27JAN2624000PE,0.19430234214851225
23-01-2026 13:50||NIFTY27JAN2624500PE,0.13463980124480432
23-01-2026 13:50||NIFTY27JAN2625100PE,0.09754797375099335
23-01-2026 13:50||NIFTY27JAN2626400CE,0.21758017407387434
23-01-2026 13:55||NIFTY27JAN2625500CE,0.12222196281576757
23-01-2026 13:55||NIFTY27JAN2625700CE,0.13773771295554205
23-01-2026 13:55||NIFTY27JAN2625800CE,0.14845308732697285
23-01-2026 13:55||NIFTY27JAN2626400CE,0.21587520918316325
23-01-2026 13:55||NIFTY27JAN2626500CE,0.22662656609137757
23-01-2026 14:00||NIFTY27JAN2624200PE,0.16868842201026332
23-01-2026 14:00||NIFTY27JAN2624300PE,0.15591230038931878
23-01-2026 14:00||NIFTY27JAN2625300CE,0.11537409815227223
23-01-2026 14:00||NIFTY27JAN2625400CE,0.11829878978901352
23-01-2026 14:00||NIFTY27JAN2625500CE,0.122929947828395
23-01-2026 14:00||NIFTY27JAN2625800CE,0.1475437743651526
23-01-2026 14:05||NIFTY27JAN2624200PE,0.1706495744457815
23-01-2026 14:05||NIFTY27JAN2624800PE,0.11129291269306536
23-01-2026 14:05||NIFTY27JAN2626300CE,0.20052332208334653
23-01-2026 14:10||NIFTY27JAN2623900PE,0.2086986970692552
23-01-2026 14:10||NIFTY27JAN2625800CE,0.14670695260255856
23-01-2026 14:10||NIFTY27JAN2626400CE,0.21291045261377
23-01-2026 14:15||NIFTY27JAN2625000PE,0.11316296966689326
23-01-2026 14:15||NIFTY27JAN2625400CE,0.10767334016861822
23-01-2026 14:15||NIFTY27JAN2626400CE,0.2064420756462675
23-01-2026 14:20||NIFTY27JAN2624100PE,0.1847635375597376
23-01-2026 14:20||NIFTY27JAN2624800PE,0.11514212639318644
23-01-2026 14:20||NIFTY27JAN2625400CE,0.11210105021757498
23-01-2026 14:20||NIFTY27JAN2625600CE,0.1251366097744947
23-01-2026 14:20||NIFTY27JAN2625800CE,0.14461855577095303
23-01-2026 14:20||NIFTY27JAN2626400CE,0.21018362782916009
23-01-2026 14:20||NIFTY27JAN2626500CE,0.2216183432895754
23-01-2026 14:25||NIFTY27JAN2624200PE,0.1666349198466085
23-01-2026 14:25||NIFTY27JAN2624400PE,0.14115251822348387
23-01-2026 14:25||NIFTY27JAN2624500PE,0.12950396546135814
23-01-2026 14:25||NIFTY27JAN2625200CE,0.11428556143188508
23-01-2026 14:25||NIFTY27JAN2626200CE,0.18670773413267902
23-01-2026 14:25||NIFTY27JAN2626300CE,0.1977301077888537
23-01-2026 14:25||NIFTY27JAN2626400CE,0.2089999370017273
23-01-2026 14:30||NIFTY27JAN2624600PE,0.1223136260851657
23-01-2026 14:30||NIFTY27JAN2625700CE,0.1334033562932117
23-01-2026 14:35||NIFTY27JAN2623900PE,0.2111049627222995
23-01-2026 14:35||NIFTY27JAN2624500PE,0.13360574937962433
23-01-2026 14:35||NIFTY27JAN2624700PE,0.11488264590136743
23-01-2026 14:35||NIFTY27JAN2625400CE,0.10969223458280573
23-01-2026 14:35||NIFTY27JAN2625600CE,0.12073268835587331
23-01-2026 14:35||NIFTY27JAN2625800CE,0.13788974643700252
23-01-2026 14:35||NIFTY27JAN2625900CE,0.14867976838002217
23-01-2026 14:35||NIFTY27JAN2626000CE,0.1601275250590952
23-01-2026 14:35||NIFTY27JAN2626300CE,0.19442484742970828
23-01-2026 14:40||NIFTY27JAN2623900PE,0.21297773460110497
23-01-2026 14:40||NIFTY27JAN2624300PE,0.1609318915925137
23-01-2026 14:40||NIFTY27JAN2624400PE,0.14820442730794772
23-01-2026 14:40||NIFTY27JAN2625000PE,0.10159503629004032
23-01-2026 14:40||NIFTY27JAN2625100PE,0.0988782854092288
23-01-2026 14:40||NIFTY27JAN2625200CE,0.10257338226572889
23-01-2026 14:40||NIFTY27JAN2625700CE,0.1315458588055031
23-01-2026 14:40||NIFTY27JAN2625800CE,0.14189602892462205
23-01-2026 14:40||NIFTY27JAN2626400CE,0.2059750636445948
23-01-2026 14:45||NIFTY27JAN2624400PE,0.14893342070387122
23-01-2026 14:45||NIFTY27JAN2624700PE,0.121072880218839
23-01-2026 14:45||NIFTY27JAN2625100PE,0.10497140683255295
23-01-2026 14:45||NIFTY27JAN2625400CE,0.10826056487707465
23-01-2026 14:45||NIFTY27JAN2625600CE,0.12264153374482865
23-01-2026 14:45||NIFTY27JAN2626000CE,0.16283969892567818
23-01-2026 14:45||NIFTY27JAN2626200CE,0.18466292864016728
23-01-2026 14:50||NIFTY27JAN2623800PE,0.217710854641318
23-01-2026 14:50||NIFTY27JAN2624500PE,0.12992369051006
23-01-2026 14:50||NIFTY27JAN2624800PE,0.10281672647367118
23-01-2026 14:50||NIFTY27JAN2625200CE,0.11263801003004216
23-01-2026 14:50||NIFTY27JAN2625300CE,0.11393717095190876
23-01-2026 14:50||NIFTY27JAN2625500CE,0.12187120188756817
23-01-2026 14:55||NIFTY27JAN2623900PE,0.21090554073167062
23-01-2026 14:55||NIFTY27JAN2624400PE,0.14640315184194921
23-01-2026 14:55||NIFTY27JAN2625200CE,0.10294961602843906
23-01-2026 14:55||NIFTY27JAN2625900CE,0.1496651436685631
23-01-2026 14:55||NIFTY27JAN2626200CE,0.18264353029393635
23-01-2026 15:00||NIFTY27JAN2623900PE,0.2102085182155502
23-01-2026 15:00||NIFTY27JAN2624100PE,0.18463202025973363
23-01-2026 15:00||NIFTY27JAN2624300PE,0.15862376015065416
23-01-2026 15:00||NIFTY27JAN2624600PE,0.1248538028136807
23-01-2026 15:05||NIFTY27JAN2623900PE,0.20741747608558186
23-01-2026 15:05||NIFTY27JAN2624800PE,0.118978333470807
23-01-2026 15:05||NIFTY27JAN2626200CE,0.19310733380316383
23-01-2026 15:10||NIFTY27JAN2623800PE,0.21927426956233967
23-01-2026 15:10||NIFTY27JAN2624000PE,0.19242551186578682
23-01-2026 15:10||NIFTY27JAN2624200PE,0.16648022115036878
23-01-2026 15:10||NIFTY27JAN2624600PE,0.1226617803939844
23-01-2026 15:10||NIFTY27JAN2625000PE,0.09907931919240404
23-01-2026 15:10||NIFTY27JAN2625300CE,0.11284122359519275
23-01-2026 15:10||NIFTY27JAN2625700CE,0.13992788890592983
23-01-2026 15:10||NIFTY27JAN2626100CE,0.18328028218415057
23-01-2026 15:10||NIFTY27JAN2626200CE,0.19471337088904217
23-01-2026 15:10||NIFTY27JAN2626300CE,0.2062290609333497
23-01-2026 15:15||NIFTY27JAN2624100PE,0.18172647363052358
23-01-2026 15:15||NIFTY27JAN2624200PE,0.16792976099625012
23-01-2026 15:15||NIFTY27JAN2625000PE,0.10355385093591951
23-01-2026 15:20||NIFTY27JAN2623800PE,0.2206616270723015
23-01-2026 15:20||NIFTY27JAN2623900PE,0.2068700907726481
23-01-2026 15:20||NIFTY27JAN2624800PE,0.10248958827580548
23-01-2026 15:20||NIFTY27JAN2625400CE,0.1203184671621374
23-01-2026 15:20||NIFTY27JAN2625500CE,0.1262813249174599
23-01-2026 15:20||NIFTY27JAN2625700CE,0.1426214861721006
23-01-2026 15:20||NIFTY27JAN2625900CE,0.16363055054153536
23-01-2026 15:20||NIFTY27JAN2626200CE,0.19649132523166796
23-01-2026 15:25||NIFTY27JAN2624500PE,0.12798760014628097
23-01-2026 15:25||NIFTY27JAN2624600PE,0.116637349211315
23-01-2026 15:25||NIFTY27JAN2625700CE,0.14075630732694308
27-01-2026 09:15||NIFTY27JAN2626200CE,0.6656625981130441
27-01-2026 09:15||NIFTY27JAN2626400CE,0.7531953082077569
27-01-2026 09:15||NIFTY27JAN2626500CE,0.7950497722650458
27-01-2026 09:20||NIFTY27JAN2624400PE,0.4367786290247666
27-01-2026 09:20||NIFTY27JAN2624900PE,0.3954012432937195
27-01-2026 09:20||NIFTY27JAN2625100PE,0.44475591545141735
27-01-2026 09:20||NIFTY27JAN2625400CE,0.4002488210216262
27-01-2026 09:20||NIFTY27JAN2625500CE,0.43338778324947586
27-01-2026 09:20||NIFTY27JAN2625600CE,0.47497903138654896
27-01-2026 09:20||NIFTY27JAN2625700CE,0.5169292348319308
27-01-2026 09:20||NIFTY27JAN2626500CE,0.8904904833685495
27-01-2026 09:25||NIFTY27JAN2623900PE,0.6543843046804936
27-01-2026 09:25||NIFTY27JAN2624600PE,0.34272643285173365
27-01-2026 09:25||NIFTY27JAN2625100PE,0.2653528160869816
27-01-2026 09:25||NIFTY27JAN2625500CE,0.457409600479626
27-01-2026 09:25||NIFTY27JAN2625900CE,0.6343482886250764
27-01-2026 09:25||NIFTY27JAN2626500CE,0.9199990531169437
27-01-2026 09:30||NIFTY27JAN2624400PE,0.401716728563209
27-01-2026 09:30||NIFTY27JAN2624800PE,0.2753094080283168
27-01-2026 09:30||NIFTY27JAN2624900PE,0.259261030715298
27-01-2026 09:30||NIFTY27JAN2625400CE,0.4404229250868652
27-01-2026 09:30||NIFTY27JAN2625600CE,0.4955724272821497
27-01-2026 09:30||NIFTY27JAN2625800CE,0.5857056524856905
27-01-2026 09:30||NIFTY27JAN2626100CE,0.7389105419587665
27-01-2026 09:30||NIFTY27JAN2626400CE,0.881429054852086
27-01-2026 09:35||NIFTY27JAN2623800PE,0.741171889739897
27-01-2026 09:35||NIFTY27JAN2624500PE,0.39927460715706053
27-01-2026 09:35||NIFTY27JAN2625700CE,0.4860864084491889
27-01-2026 09:35||NIFTY27JAN2626200CE,0.7221315782817018
27-01-2026 09:45||NIFTY27JAN2623800PE,0.8196682404648816
27-01-2026 09:45||NIFTY27JAN2624000PE,0.7241366353977868
27-01-2026 09:45||NIFTY27JAN2624500PE,0.4821251695786241
27-01-2026 09:45||NIFTY27JAN2625000PE,0.32093067772411515
27-01-2026 09:45||NIFTY27JAN2625600CE,0.3685428554895845
27-01-2026 09:45||NIFTY27JAN2626200CE,0.6403250899979739
27-01-2026 09:45||NIFTY27JAN2626300CE,0.690930678598024
27-01-2026 09:50||NIFTY27JAN2623800PE,0.8206160118856717
27-01-2026 09:50||NIFTY27JAN2624200PE,0.6279343892104339
27-01-2026 09:50||NIFTY27JAN2624800PE,0.3803863200749235
27-01-2026 09:50||NIFTY27JAN2624900PE,0.35953200512170397
27-01-2026 09:50||NIFTY27JAN2626300CE,0.6968841863886859
27-01-2026 09:55||NIFTY27JAN2624100PE,0.6682766060858014
27-01-2026 09:55||NIFTY27JAN2624700PE,0.4084486858574279
27-01-2026 09:55||NIFTY27JAN2624800PE,0.38471789062794726
27-01-2026 09:55||NIFTY27JAN2625000PE,0.3507381776839206
27-01-2026 09:55||NIFTY27JAN2625700CE,0.40555400744804715
27-01-2026 09:55||NIFTY27JAN2626000CE,0.5618928655198787
27-01-2026 09:55||NIFTY27JAN2626200CE,0.6639997096519432
27-01-2026 10:00||NIFTY27JAN2624000PE,0.7343039757146599
27-01-2026 10:00||NIFTY27JAN2625300CE,0.31368088353188694
27-01-2026 10:00||NIFTY27JAN2625400CE,0.3150236374014246
27-01-2026 10:00||NIFTY27JAN2625600CE,0.3582070959889713
27-01-2026 10:00||NIFTY27JAN2625800CE,0.45591906197414556
27-01-2026 10:00||NIFTY27JAN2626100CE,0.6121321289543331
27-01-2026 10:00||NIFTY27JAN2626400CE,0.7501331542986929
27-01-2026 10:00||NIFTY27JAN2626500CE,0.7880881833328933
27-01-2026 10:05||NIFTY27JAN2623800PE,0.8245746616302497
27-01-2026 10:05||NIFTY27JAN2623900PE,0.7805053639769871
27-01-2026 10:05||NIFTY27JAN2624100PE,0.6831576309607499
27-01-2026 10:05||NIFTY27JAN2626400CE,0.7627740098935846
27-01-2026 10:10||NIFTY27JAN2624200PE,0.6071650850417346
27-01-2026 10:10||NIFTY27JAN2624900PE,0.3007598177802603
27-01-2026 10:10||NIFTY27JAN2625300CE,0.3732220872910793
27-01-2026 10:10||NIFTY27JAN2625600CE,0.3900386371741878
27-01-2026 10:15||NIFTY27JAN2625800CE,0.459179120284212
27-01-2026 10:20||NIFTY27JAN2623900PE,0.8273181598865809
27-01-2026 10:20||NIFTY27JAN2624500PE,0.5173553302640643
27-01-2026 10:20||NIFTY27JAN2624600PE,0.4669678997932874
27-01-2026 10:20||NIFTY27JAN2624800PE,0.3880504013195255
27-01-2026 10:20||NIFTY27JAN2625000PE,0.3297285404929835
27-01-2026 10:20||NIFTY27JAN2625400CE,0.30306388139980367
27-01-2026 10:20||NIFTY27JAN2625800CE,0.43955028224678855
27-01-2026 10:25||NIFTY27JAN2624600PE,0.467027404234494
27-01-2026 10:25||NIFTY27JAN2624900PE,0.3903192821679614
27-01-2026 10:25||NIFTY27JAN2626000CE,0.551536467483414
27-01-2026 10:25||NIFTY27JAN2626300CE,0.7121122545763925
27-01-2026 10:25||NIFTY27JAN2626400CE,0.7586032955357194
27-01-2026 10:30||NIFTY27JAN2624100PE,0.6978537963836803
27-01-2026 10:30||NIFTY27JAN2624800PE,0.36505679205663816
27-01-2026 10:30||NIFTY27JAN2625400CE,0.3207699964972581
27-01-2026 10:30||NIFTY27JAN2625600CE,0.37801502953347244
27-01-2026 10:30||NIFTY27JAN2625900CE,0.5328825575564855
27-01-2026 10:30||NIFTY27JAN2626200CE,0.693485292170671
27-01-2026 10:35||NIFTY27JAN2624300PE,0.5976141333624856
27-01-2026 10:35||NIFTY27JAN2624400PE,0.5414709912954063
27-01-2026 10:35||NIFTY27JAN2624800PE,0.3777966078250421
27-01-2026 10:35||NIFTY27JAN2625200CE,0.2734187746566518
27-01-2026 10:35||NIFTY27JAN2625300CE,0.2843858491265373
27-01-2026 10:35||NIFTY27JAN2625700CE,0.43195022107322883
27-01-2026 10:40||NIFTY27JAN2624400PE,0.5137366074285253
27-01-2026 10:40||NIFTY27JAN2625200CE,0.25309255936302516
27-01-2026 10:40||NIFTY27JAN2625700CE,0.45322206276485044
27-01-2026 10:40||NIFTY27JAN2626100CE,0.6771634781105855
27-01-2026 10:40||NIFTY27JAN2626200CE,0.7267697199618164
27-01-2026 10:45||NIFTY27JAN2624000PE,0.7007742709332425
27-01-2026 10:45||NIFTY27JAN2624700PE,0.3512129400173911
27-01-2026 10:45||NIFTY27JAN2624900PE,0.3108375517728622
27-01-2026 10:45||NIFTY27JAN2625500CE,0.3974266876979343
27-01-2026 10:45||NIFTY27JAN2626200CE,0.7762102793741099
27-01-2026 10:45||NIFTY27JAN2626400CE,0.8688582457510998
27-01-2026 10:50||NIFTY27JAN2623900PE,0.7692320313496036
27-01-2026 10:50||NIFTY27JAN2624000PE,0.709669006083711
27-01-2026 10:50||NIFTY27JAN2624600PE,0.394556459231908
27-01-2026 10:50||NIFTY27JAN2625000PE,0.3869757117355758
27-01-2026 10:50||NIFTY27JAN2625200CE,0.2867652669914902
27-01-2026 10:50||NIFTY27JAN2625400CE,0.37036939408157377
27-01-2026 10:50||NIFTY27JAN2625700CE,0.5247095113153663
27-01-2026 10:55||NIFTY27JAN2623900PE,0.7538661538660594
27-01-2026 10:55||NIFTY27JAN2624400PE,0.46596935073421025
27-01-2026 10:55||NIFTY27JAN2624900PE,0.3526386021160249
27-01-2026 10:55||NIFTY27JAN2625000PE,0.3644458924810652
27-01-2026 10:55||NIFTY27JAN2625300CE,0.3568359174869444
27-01-2026 10:55||NIFTY27JAN2625400CE,0.394389357205703
27-01-2026 10:55||NIFTY27JAN2625600CE,0.4867354484904213
27-01-2026 10:55||NIFTY27JAN2626400CE,0.9248518050016383
27-01-2026 11:00||NIFTY27JAN2623800PE,0.8537544800533496
27-01-2026 11:00||NIFTY27JAN2623900PE,0.7780497555787431
27-01-2026 11:00||NIFTY27JAN2624300PE,0.5137546834323532
27-01-2026 11:00||NIFTY27JAN2625200CE,0.2792277747219861
27-01-2026 11:00||NIFTY27JAN2625300CE,0.33240017433162616
27-01-2026 11:00||NIFTY27JAN2625400CE,0.3864266551047739
27-01-2026 11:00||NIFTY27JAN2626300CE,0.8886086059217715
27-01-2026 11:05||NIFTY27JAN2623800PE,0.7998724674431744
27-01-2026 11:05||NIFTY27JAN2624100PE,0.665003008068609
27-01-2026 11:05||NIFTY27JAN2624200PE,0.5989387445689518
27-01-2026 11:05||NIFTY27JAN2624900PE,0.3121014494605772
27-01-2026 11:05||NIFTY27JAN2625300CE,0.37217846029945156
27-01-2026 11:05||NIFTY27JAN2625700CE,0.5445907686092554
27-01-2026 11:10||NIFTY27JAN2624200PE,0.6109650591102568
27-01-2026 11:10||NIFTY27JAN2624400PE,0.4865248643258498
27-01-2026 11:10||NIFTY27JAN2624900PE,0.3054555831071081
27-01-2026 11:10||NIFTY27JAN2625300CE,0.3673940528342709
27-01-2026 11:10||NIFTY27JAN2625500CE,0.4364558719639937
27-01-2026 11:10||NIFTY27JAN2625800CE,0.6006868224872105
27-01-2026 11:10||NIFTY27JAN2626500CE,0.9893400437121891
27-01-2026 11:15||NIFTY27JAN2624300PE,0.5474700508248722
27-01-2026 11:15||NIFTY27JAN2625000PE,0.2923534212528506
27-01-2026 11:15||NIFTY27JAN2625100PE,0.29585262477050417
27-01-2026 11:15||NIFTY27JAN2626400CE,0.9349061639148231
27-01-2026 11:20||NIFTY27JAN2625300CE,0.3379019339117321
27-01-2026 11:20||NIFTY27JAN2626100CE,0.7547937462047426
27-01-2026 11:25||NIFTY27JAN2623800PE,0.8633645646593968
27-01-2026 11:25||NIFTY27JAN2624000PE,0.7519175609181302
27-01-2026 11:25||NIFTY27JAN2624200PE,0.6366215850283808
27-01-2026 11:25||NIFTY27JAN2624900PE,0.28422327058028857
27-01-2026 11:25||NIFTY27JAN2625600CE,0.47509581455232297
27-01-2026 11:25||NIFTY27JAN2626500CE,0.9828741479616179
27-01-2026 11:30||NIFTY27JAN2624200PE,0.6705166889832277
27-01-2026 11:30||NIFTY27JAN2625100PE,0.3343855545230475
27-01-2026 11:30||NIFTY27JAN2625600CE,0.44409459746748386
27-01-2026 11:30||NIFTY27JAN2625900CE,0.6145233538442845
27-01-2026 11:30||NIFTY27JAN2626200CE,0.7954229022096575
27-01-2026 11:35||NIFTY27JAN2624000PE,0.788784537209813
27-01-2026 11:35||NIFTY27JAN2624900PE,0.30441687287776165
27-01-2026 11:35||NIFTY27JAN2625200CE,0.32585774778993054
27-01-2026 11:40||NIFTY27JAN2623800PE,0.9275681783920061
27-01-2026 11:40||NIFTY27JAN2624000PE,0.8098862492851444
27-01-2026 11:40||NIFTY27JAN2626000CE,0.6514673319162041
27-01-2026 11:40||NIFTY27JAN2626300CE,0.8144606081585349
27-01-2026 11:45||NIFTY27JAN2624300PE,0.6655760513103688
27-01-2026 11:45||NIFTY27JAN2624400PE,0.599172178310446
27-01-2026 11:45||NIFTY27JAN2624500PE,0.537808555201096
27-01-2026 11:45||NIFTY27JAN2626100CE,0.670306397882231
27-01-2026 11:45||NIFTY27JAN2626400CE,0.8273910281752894
27-01-2026 11:50||NIFTY27JAN2624700PE,0.41414644045170546
27-01-2026 11:50||NIFTY27JAN2624900PE,0.3717503438201435
27-01-2026 11:50||NIFTY27JAN2625700CE,0.4713834225799662
27-01-2026 11:50||NIFTY27JAN2626000CE,0.6467802190650371
27-01-2026 11:55||NIFTY27JAN2623900PE,0.8910927728289753
27-01-2026 11:55||NIFTY27JAN2624000PE,0.8265033278206402
27-01-2026 11:55||NIFTY27JAN2624400PE,0.5527555196812579
27-01-2026 11:55||NIFTY27JAN2624500PE,0.48881342884754236
27-01-2026 11:55||NIFTY27JAN2624800PE,0.35837027724132653
27-01-2026 11:55||NIFTY27JAN2625200CE,0.37717206470630016
27-01-2026 11:55||NIFTY27JAN2625400CE,0.38424008535207127
27-01-2026 11:55||NIFTY27JAN2626500CE,0.9680352298907974
27-01-2026 12:00||NIFTY27JAN2624200PE,0.6967937732349979
27-01-2026 12:00||NIFTY27JAN2624300PE,0.6310918664515415
27-01-2026 12:00||NIFTY27JAN2624500PE,0.5106766257195584
27-01-2026 12:00||NIFTY27JAN2625100PE,0.29882720577252964
27-01-2026 12:00||NIFTY27JAN2625500CE,0.40561276875858565
27-01-2026 12:00||NIFTY27JAN2626100CE,0.7135830638354425
27-01-2026 12:00||NIFTY27JAN2626400CE,0.8768476675762873
27-01-2026 12:00||NIFTY27JAN2626500CE,0.9354540956728598
27-01-2026 12:05||NIFTY27JAN2624500PE,0.5357844596724513
27-01-2026 12:05||NIFTY27JAN2624700PE,0.43640175043816826
27-01-2026 12:05||NIFTY27JAN2625100PE,0.3398856309471594
27-01-2026 12:05||NIFTY27JAN2625900CE,0.5923123576554932
27-01-2026 12:05||NIFTY27JAN2626500CE,0.9604319354961006
27-01-2026 12:10||NIFTY27JAN2624400PE,0.6028508245609017
27-01-2026 12:10||NIFTY27JAN2625700CE,0.4874764687205013
27-01-2026 12:10||NIFTY27JAN2626400CE,0.9049861366477204
27-01-2026 12:15||NIFTY27JAN2624500PE,0.5512755391199271
27-01-2026 12:15||NIFTY27JAN2624600PE,0.4938456043785025
27-01-2026 12:15||NIFTY27JAN2626000CE,0.6751864617916469
27-01-2026 12:15||NIFTY27JAN2626200CE,0.7896717794276886
27-01-2026 12:20||NIFTY27JAN2624000PE,0.8749202745409663
27-01-2026 12:20||NIFTY27JAN2624200PE,0.7465774532435329
27-01-2026 12:20||NIFTY27JAN2625000PE,0.2910991402880088
27-01-2026 12:20||NIFTY27JAN2625300CE,0.3769216026816893
27-01-2026 12:20||NIFTY27JAN2625600CE,0.45338062572327475
27-01-2026 12:25||NIFTY27JAN2624100PE,0.834061926487806
27-01-2026 12:25||NIFTY27JAN2624700PE,0.47381124156087195
27-01-2026 12:25||NIFTY27JAN2625400CE,0.3351962664902895
27-01-2026 12:25||NIFTY27JAN2625900CE,0.6187917209872347
27-01-2026 12:30||NIFTY27JAN2625300CE,0.3467289843918851
27-01-2026 12:35||NIFTY27JAN2624100PE,0.8412145355009304
27-01-2026 12:35||NIFTY27JAN2624400PE,0.6427421675550203
27-01-2026 12:35||NIFTY27JAN2624900PE,0.3869210783831731
27-01-2026 12:35||NIFTY27JAN2625100PE,0.3588415101168011
27-01-2026 12:35||NIFTY27JAN2625800CE,0.5992569425990601
27-01-2026 12:35||NIFTY27JAN2626100CE,0.7943546962723291
27-01-2026 12:40||NIFTY27JAN2624200PE,0.7772126668285648
27-01-2026 12:40||NIFTY27JAN2624700PE,0.44618963810850587
27-01-2026 12:40||NIFTY27JAN2624800PE,0.4018379882756482
27-01-2026 12:40||NIFTY27JAN2624900PE,0.36671791481359883
27-01-2026 12:40||NIFTY27JAN2625100PE,0.3223688489160767
27-01-2026 12:40||NIFTY27JAN2625200CE,0.3366807198505488
27-01-2026 12:40||NIFTY27JAN2625900CE,0.6809733400702137
27-01-2026 12:40||NIFTY27JAN2626000CE,0.7502597023712506
27-01-2026 12:40||NIFTY27JAN2626300CE,0.9375842230641408
27-01-2026 12:45||NIFTY27JAN2625200CE,0.2860720637615072
27-01-2026 12:45||NIFTY27JAN2625700CE,0.5660126093647766
27-01-2026 12:45||NIFTY27JAN2625900CE,0.6985773890781009
27-01-2026 12:45||NIFTY27JAN2626200CE,0.8895447366842234
27-01-2026 12:50||NIFTY27JAN2624600PE,0.483276619438602
27-01-2026 12:50||NIFTY27JAN2625000PE,0.2662696031368972
27-01-2026 12:50||NIFTY27JAN2625100PE,0.22688334094719784
27-01-2026 12:50||NIFTY27JAN2625900CE,0.7264624691218199
27-01-2026 12:50||NIFTY27JAN2626200CE,0.9212762126297965
27-01-2026 12:50||NIFTY27JAN2626500CE,1.0937875256840774
27-01-2026 12:55||NIFTY27JAN2623900PE,1.030183706865203
27-01-2026 12:55||NIFTY27JAN2624000PE,0.9567097694900387
27-01-2026 12:55||NIFTY27JAN2625500CE,0.4472870674919612
27-01-2026 12:55||NIFTY27JAN2625600CE,0.5160552984401802
27-01-2026 12:55||NIFTY27JAN2625800CE,0.6486694584198867
27-01-2026 12:55||NIFTY27JAN2626200CE,0.9149129505583653
27-01-2026 13:00||NIFTY27JAN2624100PE,0.882199847228831
27-01-2026 13:00||NIFTY27JAN2624500PE,0.5856109462447037
27-01-2026 13:00||NIFTY27JAN2625400CE,0.3977104803160284
27-01-2026 13:00||NIFTY27JAN2626000CE,0.797214264188192
27-01-2026 13:05||NIFTY27JAN2623900PE,1.0355472024392127
27-01-2026 13:05||NIFTY27JAN2624500PE,0.5831843893184184
27-01-2026 13:05||NIFTY27JAN2624800PE,0.3921774693176669
27-01-2026 13:10||NIFTY27JAN2624200PE,0.8297266369227297
27-01-2026 13:10||NIFTY27JAN2624500PE,0.6115895903262727
27-01-2026 13:10||NIFTY27JAN2624600PE,0.5421334640340438
27-01-2026 13:10||NIFTY27JAN2624700PE,0.4759503801230801
27-01-2026 13:15||NIFTY27JAN2624400PE,0.6901588740987532
27-01-2026 13:15||NIFTY27JAN2625000PE,0.31120496397158603
27-01-2026 13:15||NIFTY27JAN2625200CE,0.388984534782721
27-01-2026 13:15||NIFTY27JAN2626300CE,1.0609703719191077
27-01-2026 13:20||NIFTY27JAN2624000PE,1.0089787643944175
27-01-2026 13:20||NIFTY27JAN2624200PE,0.8565832921067927
27-01-2026 13:20||NIFTY27JAN2624600PE,0.5420022466495492
27-01-2026 13:20||NIFTY27JAN2624900PE,0.3463248115522631
27-01-2026 13:20||NIFTY27JAN2625700CE,0.6286910589171282
27-01-2026 13:20||NIFTY27JAN2625900CE,0.7816698564050819
27-01-2026 13:25||NIFTY27JAN2623800PE,1.1542854475298074
27-01-2026 13:25||NIFTY27JAN2625100PE,0.26402906752262345
27-01-2026 13:25||NIFTY27JAN2625700CE,0.6334773703136491
27-01-2026 13:30||NIFTY27JAN2624100PE,1.009183050856763
27-01-2026 13:30||NIFTY27JAN2624300PE,0.8446404967527182
27-01-2026 13:30||NIFTY27JAN2625100PE,0.3263659700336575
27-01-2026 13:30||NIFTY27JAN2625400CE,0.4302414078446063
27-01-2026 13:30||NIFTY27JAN2626300CE,1.098995618442921
27-01-2026 13:35||NIFTY27JAN2623900PE,1.1555866596869566
27-01-2026 13:35||NIFTY27JAN2624300PE,0.8448320705643355
27-01-2026 13:35||NIFTY27JAN2624400PE,0.7591680114228767
27-01-2026 13:35||NIFTY27JAN2624600PE,0.6178337087188848
27-01-2026 13:35||NIFTY27JAN2624800PE,0.5387275786485536
27-01-2026 13:35||NIFTY27JAN2625300CE,0.35065842811250564
27-01-2026 13:35||NIFTY27JAN2625600CE,0.5794502066076819
27-01-2026 13:35||NIFTY27JAN2626000CE,0.902472866042549
27-01-2026 13:35||NIFTY27JAN2626200CE,1.0600098188140388
27-01-2026 13:35||NIFTY27JAN2626300CE,1.136450146387274
27-01-2026 13:35||NIFTY27JAN2626400CE,1.2115015253275354
27-01-2026 13:40||NIFTY27JAN2625500CE,0.5753060243652406
27-01-2026 13:40||NIFTY27JAN2626300CE,1.1977282431892355
27-01-2026 13:45||NIFTY27JAN2623800PE,1.2480821065824832
27-01-2026 13:45||NIFTY27JAN2623900PE,1.1655187808277114
27-01-2026 13:45||NIFTY27JAN2624100PE,1.0007510615635997
27-01-2026 13:45||NIFTY27JAN2624700PE,0.4763726582710703
27-01-2026 13:45||NIFTY27JAN2625300CE,0.46879119926744545
27-01-2026 13:45||NIFTY27JAN2625600CE,0.657054932820028
27-01-2026 13:45||NIFTY27JAN2625700CE,0.7358273365217669
27-01-2026 13:45||NIFTY27JAN2625800CE,0.821823972657254
27-01-2026 13:45||NIFTY27JAN2625900CE,0.9083158461445981
27-01-2026 13:45||NIFTY27JAN2626000CE,0.9903147672639037
27-01-2026 13:45||NIFTY27JAN2626300CE,1.2154183161804202
27-01-2026 13:45||NIFTY27JAN2626400CE,1.2815513375655685
27-01-2026 13:50||NIFTY27JAN2623900PE,1.2337664019699444
27-01-2026 13:50||NIFTY27JAN2624800PE,0.4468625382356221
27-01-2026 13:50||NIFTY27JAN2625000PE,0.36386646653887744
27-01-2026 13:50||NIFTY27JAN2626200CE,1.1707591149080288
27-01-2026 13:55||NIFTY27JAN2623800PE,1.3302983120884073
27-01-2026 13:55||NIFTY27JAN2624000PE,1.1618096303546186
27-01-2026 13:55||NIFTY27JAN2624100PE,1.0808108834134793
27-01-2026 13:55||NIFTY27JAN2624300PE,0.8928875301972635
27-01-2026 13:55||NIFTY27JAN2624400PE,0.784817678888786
27-01-2026 13:55||NIFTY27JAN2624600PE,0.5807358588153078
27-01-2026 13:55||NIFTY27JAN2624900PE,0.3469114086115672
27-01-2026 13:55||NIFTY27JAN2625400CE,0.5221426908731293
27-01-2026 13:55||NIFTY27JAN2625700CE,0.7995812580161058
27-01-2026 14:00||NIFTY27JAN2623800PE,1.3963061787014723
27-01-2026 14:00||NIFTY27JAN2624300PE,0.9093790906689778
27-01-2026 14:00||NIFTY27JAN2624500PE,0.7049518401070327
27-01-2026 14:00||NIFTY27JAN2625000PE,0.40137139477517425
27-01-2026 14:00||NIFTY27JAN2625100PE,0.4227688525042799
27-01-2026 14:05||NIFTY27JAN2624000PE,1.1859208632130582
27-01-2026 14:05||NIFTY27JAN2624800PE,0.40089728786884626
27-01-2026 14:05||NIFTY27JAN2625400CE,0.5781189458893969
27-01-2026 14:05||NIFTY27JAN2625700CE,0.8760648128154642
27-01-2026 14:05||NIFTY27JAN2625800CE,0.9736706899894095
27-01-2026 14:05||NIFTY27JAN2626100CE,1.2456946391459154
27-01-2026 14:05||NIFTY27JAN2626200CE,1.328604508238806
27-01-2026 14:05||NIFTY27JAN2626400CE,1.4953974390376845
27-01-2026 14:10||NIFTY27JAN2623900PE,1.3190581433987951
27-01-2026 14:10||NIFTY27JAN2624000PE,1.2258208920492533
27-01-2026 14:10||NIFTY27JAN2624600PE,0.6210271151566544
27-01-2026 14:10||NIFTY27JAN2625500CE,0.6660369754842067
27-01-2026 14:10||NIFTY27JAN2626000CE,1.149688350945794
27-01-2026 14:10||NIFTY27JAN2626200CE,1.32640467420838
27-01-2026 14:15||NIFTY27JAN2624000PE,1.2704800545561397
27-01-2026 14:15||NIFTY27JAN2624400PE,0.8379606325505331
27-01-2026 14:15||NIFTY27JAN2624900PE,0.36599869493408116
27-01-2026 14:15||NIFTY27JAN2625600CE,0.7815241811877204
27-01-2026 14:15||NIFTY27JAN2625800CE,0.9916537070948688
27-01-2026 14:20||NIFTY27JAN2624100PE,1.1781229135648141
27-01-2026 14:20||NIFTY27JAN2625500CE,0.6959909521117227
27-01-2026 14:20||NIFTY27JAN2626000CE,1.197662566783868
27-01-2026 14:20||NIFTY27JAN2626100CE,1.294827868590302
27-01-2026 14:20||NIFTY27JAN2626500CE,1.7301505370754908
27-01-2026 14:25||NIFTY27JAN2623800PE,1.5730559723816697
27-01-2026 14:25||NIFTY27JAN2623900PE,1.4580360482889656
27-01-2026 14:25||NIFTY27JAN2624000PE,1.3430385411798438
27-01-2026 14:25||NIFTY27JAN2624200PE,1.1135588459354469
27-01-2026 14:25||NIFTY27JAN2624300PE,0.9979671576931557
27-01-2026 14:25||NIFTY27JAN2624800PE,0.4217763417759367
27-01-2026 14:25||NIFTY27JAN2624900PE,0.3148186585993369
27-01-2026 14:25||NIFTY27JAN2625000PE,0.21296614551392626
27-01-2026 14:25||NIFTY27JAN2625700CE,0.9479604181922452
27-01-2026 14:30||NIFTY27JAN2624000PE,1.4143943940046904
27-01-2026 14:30||NIFTY27JAN2624200PE,1.2008862281995913
27-01-2026 14:30||NIFTY27JAN2624600PE,0.6918303772190822
27-01-2026 14:30||NIFTY27JAN2625100PE,0.260985003524541
27-01-2026 14:30||NIFTY27JAN2626400CE,1.7694303588267406
27-01-2026 14:35||NIFTY27JAN2624000PE,1.4552055726002164
27-01-2026 14:35||NIFTY27JAN2624200PE,1.245492210438991
27-01-2026 14:35||NIFTY27JAN2624900PE,0.349941932447536
27-01-2026 14:35||NIFTY27JAN2625000PE,0.22424658165876105
27-01-2026 14:35||NIFTY27JAN2626200CE,1.5998774476897792
27-01-2026 14:40||NIFTY27JAN2624000PE,1.5754512585274543
27-01-2026 14:40||NIFTY27JAN2624800PE,0.551234699908757
27-01-2026 14:40||NIFTY27JAN2626200CE,1.5228913314192298
27-01-2026 14:40||NIFTY27JAN2626400CE,1.737663529815714
27-01-2026 14:45||NIFTY27JAN2624000PE,1.637269131128182
27-01-2026 14:45||NIFTY27JAN2624200PE,1.4044859995195398
27-01-2026 14:45||NIFTY27JAN2624700PE,0.7369695419720479
27-01-2026 14:45||NIFTY27JAN2625400CE,0.5566760751681188
27-01-2026 14:45||NIFTY27JAN2626400CE,1.8304232407661842
27-01-2026 14:45||NIFTY27JAN2626500CE,1.955518900329305
27-01-2026 14:50||NIFTY27JAN2623800PE,2.0201788841680726
27-01-2026 14:50||NIFTY27JAN2624000PE,1.776818584436408
27-01-2026 14:50||NIFTY27JAN2624200PE,1.5164959885331146
27-01-2026 14:50||NIFTY27JAN2624800PE,0.6273386013622655
27-01-2026 14:50||NIFTY27JAN2625200CE,0.30243425214078845
27-01-2026 14:50||NIFTY27JAN2625900CE,1.2314921476462128
27-01-2026 14:55||NIFTY27JAN2623800PE,2.1299824916689807
27-01-2026 14:55||NIFTY27JAN2624000PE,1.9739144805488975
27-01-2026 14:55||NIFTY27JAN2624800PE,0.7477046057777312
27-01-2026 14:55||NIFTY27JAN2625500CE,0.6807706234008376
27-01-2026 14:55||NIFTY27JAN2625800CE,1.146218154664416
27-01-2026 14:55||NIFTY27JAN2626400CE,1.8691258806824351
27-01-2026 15:00||NIFTY27JAN2624100PE,1.8414657347735002
27-01-2026 15:00||NIFTY27JAN2624700PE,0.8541894914999832
27-01-2026 15:00||NIFTY27JAN2625100PE,0.13010621717432605
27-01-2026 15:00||NIFTY27JAN2625400CE,0.5944741661079467
27-01-2026 15:05||NIFTY27JAN2624000PE,2.1903497054292935
27-01-2026 15:05||NIFTY27JAN2624100PE,2.016629278527134
27-01-2026 15:05||NIFTY27JAN2624200PE,1.844713425321732
27-01-2026 15:05||NIFTY27JAN2624500PE,1.292972796938897
27-01-2026 15:05||NIFTY27JAN2626300CE,2.0236843052190068
27-01-2026 15:10||NIFTY27JAN2623900PE,2.5150155031504258
27-01-2026 15:10||NIFTY27JAN2624000PE,2.3435649022624405
27-01-2026 15:10||NIFTY27JAN2624900PE,0.6108896206755632
27-01-2026 15:10||NIFTY27JAN2625400CE,0.605538904700399
27-01-2026 15:10||NIFTY27JAN2625600CE,0.9867152615932087
27-01-2026 15:10||NIFTY27JAN2625800CE,1.3686300377754836
27-01-2026 15:10||NIFTY27JAN2626000CE,1.7607039032824916
27-01-2026 15:15||NIFTY27JAN2625000PE,0.4991895916475001
27-01-2026 15:15||NIFTY27JAN2625900CE,1.7294778496009582
27-01-2026 15:15||NIFTY27JAN2626000CE,1.9805510413687495
27-01-2026 15:15||NIFTY27JAN2626400CE,2.697882740071463
27-01-2026 15:20||NIFTY27JAN2623800PE,3.9492352819705507
27-01-2026 15:20||NIFTY27JAN2623900PE,3.6781088207082466
27-01-2026 15:20||NIFTY27JAN2624900PE,0.9433987016871875
27-01-2026 15:20||NIFTY27JAN2625500CE,0.9488499211827863
27-01-2026 15:20||NIFTY27JAN2626000CE,2.3231109199640776
27-01-2026 15:20||NIFTY27JAN2626300CE,3.082082185785254
27-01-2026 15:20||NIFTY27JAN2626400CE,3.3666534937283634
27-01-2026 15:25||NIFTY27JAN2623800PE,5.796107469106621
27-01-2026 15:25||NIFTY27JAN2624900PE,1.4921560731742607
27-01-2026 15:25||NIFTY27JAN2625100PE,0.681596972823914
27-01-2026 15:25||NIFTY27JAN2626100CE,3.3874375001909014
27-01-2026 15:25||NIFTY27JAN2626300CE,4.0942890786335
27-01-2026 15:25||NIFTY27JAN2626400CE,4.442021248694875
27-01-2026 15:25||NIFTY27JAN2626500CE,4.785893750600302
