datetime,underlying_price,NIFTY27JAN2625200CE,NIFTY27JAN2625300CE,NIFTY27JAN2625400CE,NIFTY27JAN2625500CE,NIFTY27JAN2625600CE,NIFTY27JAN2625700CE,NIFTY27JAN2625800CE,NIFTY27JAN2625900CE,NIFTY27JAN2626000CE,NIFTY27JAN2626100CE,NIFTY27JAN2626200CE,NIFTY27JAN2626300CE,NIFTY27JAN2626400CE,NIFTY27JAN2626500CE,NIFTY27JAN2623800PE,NIFTY27JAN2623900PE,NIFTY27JAN2624000PE,NIFTY27JAN2624100PE,NIFTY27JAN2624200PE,NIFTY27JAN2624300PE,NIFTY27JAN2624400PE,NIFTY27JAN2624500PE,NIFTY27JAN2624600PE,NIFTY27JAN2624700PE,NIFTY27JAN2624800PE,NIFTY27JAN2624900PE,NIFTY27JAN2625000PE,NIFTY27JAN2625100PE
07-01-2026 09:15,26111.65,0.12662,0.1233,0.11741,0.11379547559568134,0.11005,0.10581554660805663,0.10159336723702755,0.09724,0.09582858298462073,0.09397,0.09187,0.09041,0.08908,0.08795,0.1784,0.17237,0.16928,0.16335913032985958,0.1576,0.1524,0.14697,0.14105,0.13613,0.13085,0.1264,0.12142,0.11631,0.1115
07-01-2026 09:20,26141.4,0.08632,0.10222075890192678,0.1090904670923973,0.11779,0.11197,0.11028,0.10544110070001707,0.10213713890774266,0.09837,0.09619,0.09413,0.09236,0.09050763796256384,0.08925,0.18031264926711166,0.17477,0.1700567010629434,0.16534,0.15965249869442705,0.1542,0.14753,0.14325230835504146,0.13849,0.13282,0.12825387190861987,0.12363,0.11856194436049464,0.11353
07-01-2026 09:25,26139.35,0.09147,0.09320702686112871,0.09514,0.09933,0.09509614400589846,0.09204,0.09216,0.08954,0.08996,0.08861,0.087410624277569,0.08627,0.08541,0.08431423517769084,0.1801,0.17574,0.17154,0.16536215992213676,0.15927,0.1536695136171921,0.14806899000256957,0.14245,0.13806,0.13337095819360018,0.12877,0.12349,0.11817,0.11256473439767652
07-01-2026 09:30,26128.95,0.1086,0.10842,0.1115,0.12248,0.10715,0.11098,0.10345,0.10126689114587334,0.09864,0.09511,0.09330947905840269,0.09123,0.08980885181046494,0.08843,0.18174,0.1769196380411113,0.17206,0.16502,0.15755,0.15278500086904884,0.14691,0.14209,0.13721,0.13184,0.12722,0.12252,0.11729,0.112
07-01-2026 09:35,26131.9,0.10462,0.10538,0.11180932988378095,0.12051,0.11225,0.11294,0.10544,0.10265855743766801,0.09969641967306912,0.09703414680384134,0.09412,0.09215689291011508,0.09014,0.08885,0.18193,0.17720754898026156,0.17226,0.16522,0.15924,0.15334,0.14784,0.1423,0.13748108048162988,0.13219,0.12733,0.12295,0.11737678836391238,0.11245455397023604
07-01-2026 09:40,26145.15,0.07079,0.07639,0.08313,0.08406844034506408,0.08559075871798946,0.08734,0.08616730820425386,0.0854295707623827,0.0845,0.08386,0.08346645594561655,0.08301,0.08262,0.08249,0.18277,0.1782,0.17265,0.16631,0.15883,0.15343,0.14961,0.14337,0.1382,0.13313,0.12864,0.12374,0.11872,0.11370767446956664
07-01-2026 09:45,26113.1,0.1188970134255509,0.11837,0.10826,0.11514,0.1083,0.1055,0.10298890433425031,0.10037272519858315,0.09741,0.09438,0.09237,0.09075,0.0891272232598792,0.08809,0.18107,0.17468,0.1704,0.16426,0.157,0.15289,0.14738695318067774,0.1416315497088358,0.13571,0.13075,0.12599,0.12096,0.1158269119269037,0.11071
07-01-2026 09:50,26110.0,0.12444453095202876,0.12087,0.10978,0.1090116139808611,0.1068641139027926,0.10476,0.09939,0.0968,0.09542,0.09316,0.09144036177797177,0.08945,0.08805072731242383,0.08699,0.1807101322541776,0.1745,0.17045,0.16386,0.15681,0.15155,0.14694,0.14145926813896298,0.13566,0.1309485975280737,0.12601,0.12099687987600018,0.11596646011692165,0.11095
07-01-2026 09:55,26108.9,0.13029,0.12175,0.12178162622783167,0.1202059258750428,0.12009,0.11328,0.11017279403889327,0.10733515237433035,0.10426,0.10032,0.09739,0.09479,0.09256,0.09083,0.18084,0.17444,0.16902042866120398,0.16358,0.15675,0.15167936906489304,0.14636,0.14063,0.1353,0.1304111981467582,0.12541186711415625,0.12047,0.11516413926833916,0.10983
07-01-2026 10:00,26140.3,0.09239,0.0877,0.10072357928355427,0.11531,0.11123,0.10752,0.10161,0.09998536748940687,0.09747,0.09520877847746806,0.09255,0.09062,0.08911,0.08704050883680535,0.1828,0.17745,0.1717,0.16609788696762823,0.16067,0.15356,0.1481,0.14259,0.1374707233299466,0.13216,0.12774,0.12248,0.11732461142865717,0.1122
07-01-2026 10:05,26142.95,0.11453001435734782,0.11371882798641941,0.11304,0.1114975344331213,0.11037,0.11308,0.11004,0.10336,0.10275,0.09909,0.09616,0.09408812124255456,0.09181,0.09023,0.18298,0.17622,0.1714,0.16534,0.15961,0.15374,0.14828,0.14278,0.13766,0.13236,0.12742461431722002,0.12247,0.11739,0.11183
07-01-2026 10:10,26159.15,0.10591,0.10214634063127079,0.09886,0.10106877017731376,0.10199402540349217,0.10288156129239104,0.10588,0.10178647097791865,0.09947137119166238,0.09746,0.09524,0.09264,0.09117,0.08945,0.18551363124984893,0.17915205275917415,0.17292,0.16683,0.16102557130270895,0.15522384192751348,0.14937,0.14421,0.13893,0.1335,0.12900982313441423,0.12462,0.11843,0.11309
07-01-2026 10:15,26183.8,0.12049,0.09722,0.11136,0.09406,0.09202,0.09373978862836682,0.09326,0.08786,0.08838,0.08764432222949972,0.08634715279389243,0.08527,0.08415,0.08278043931625172,0.18267,0.17869113849292553,0.17425,0.16842,0.16269,0.15663,0.15173,0.14572,0.14048,0.13536,0.13028,0.12548,0.12019,0.115
07-01-2026 10:20,26169.15,0.13492,0.11376,0.12267,0.1153043372023761,0.10785,0.10353928802169142,0.09695,0.09399,0.09285,0.09170424867746602,0.08918,0.08778,0.08646,0.08546,0.18381,0.17694,0.17223474140691375,0.1675,0.16175363366293416,0.15607470410874355,0.15024,0.1452431471879013,0.13994,0.13449,0.12949,0.12431,0.11901,0.11379
07-01-2026 10:25,26152.25,0.14819,0.11685,0.1055,0.10144,0.09960494285780618,0.0963134473343336,0.09325,0.09388,0.0911,0.08959181684665699,0.08801,0.08672,0.0857,0.0848414355598052,0.18279,0.1759,0.17074699234913981,0.16553131035750346,0.16026,0.15459,0.14949,0.14378,0.13834,0.13291,0.12889,0.12330120560860974,0.11784,0.11258
07-01-2026 10:30,26130.45,0.14045,0.13392,0.12199,0.11717400221473903,0.11169489168269223,0.10696677066722926,0.10164,0.09942149703008175,0.09668967257932451,0.09407,0.09220210590869284,0.09021396112934979,0.0883,0.08712,0.18145,0.17650896386766243,0.17139,0.16528,0.15926264791162964,0.15318,0.14805,0.14233,0.13686,0.1314,0.12709,0.1217,0.11602,0.11081519231072424
07-01-2026 10:35,26133.05,0.13848,0.13213,0.12473864139430758,0.11688733746939835,0.10984332875454658,0.10357,0.10375,0.09754,0.09843,0.0958381507534756,0.09299,0.09121490826879954,0.08935,0.08769,0.18191839338340268,0.17607,0.17133,0.16478,0.1590731840348708,0.15317,0.1486,0.14284350796975598,0.13675,0.13159,0.12694,0.12169,0.1162272929572384,0.11086
07-01-2026 10:40,26144.05,0.13036061816735414,0.1239,0.11789224819199434,0.1124256253190886,0.10748787860336881,0.10253,0.10012064311568189,0.09761,0.09496,0.09290417542143162,0.09067,0.08909510300236236,0.08738,0.08609,0.18413273602390046,0.17790032035970987,0.17204,0.1655,0.15977,0.15409,0.14898,0.14327,0.13781,0.13264,0.12761,0.1223130725320758,0.11697,0.11172639274167141
07-01-2026 10:45,26141.15,0.12448,0.12129446014377467,0.11745731603850793,0.114,0.10828,0.10332,0.10041,0.09819750538977834,0.09527580731690041,0.09195,0.09043,0.08885,0.08708460885694297,0.08575,0.18131,0.1766,0.17089582234784967,0.16533,0.15938,0.15392,0.14844,0.14292,0.13762,0.13204,0.12718,0.12241,0.11676,0.11162171231263157
07-01-2026 10:50,26146.85,0.15441,0.12166,0.12264,0.12576,0.121180617220297,0.11596457236304092,0.11032996298973433,0.10421,0.10180410390718096,0.09751,0.09502,0.09286797168222402,0.09052,0.08866,0.18168,0.1765189971679807,0.17128,0.1657,0.15991209445878404,0.15411,0.14865,0.14331,0.13772,0.13245,0.12747,0.12241,0.11671,0.11127
07-01-2026 10:55,26168.55,0.11618,0.09908,0.10582,0.10322224949045197,0.10027,0.09883,0.09819,0.09465,0.09529,0.09256,0.0906,0.08901117742328102,0.08737,0.08570709126070648,0.18331,0.17727,0.17315,0.16687,0.16117,0.15571894480674942,0.1501,0.14478,0.13949002056541426,0.13411,0.12903,0.12357220840426061,0.11815,0.11277
07-01-2026 11:00,26160.15,0.14217,0.10926,0.12493,0.12832,0.11709,0.11632,0.11182,0.10649,0.10367,0.0996,0.09689,0.09419,0.09188,0.08798728949580455,0.18281,0.17727,0.17264,0.1667641880133059,0.16090067365972427,0.155,0.14973,0.1444,0.13896,0.1334,0.12844,0.12318,0.11743,0.11204
07-01-2026 11:05,26182.1,0.09180307512514396,0.10271997417451914,0.10803,0.11224,0.11009,0.10412,0.09991,0.09817,0.09552802693470425,0.0919,0.0904052687051492,0.08838,0.08688,0.08567677259656935,0.18446,0.17867,0.17404,0.16776,0.16186,0.15650485500134342,0.15102,0.14572,0.14041781630477534,0.13508,0.12993628290991127,0.12479,0.11928,0.11402751582666434
07-01-2026 11:10,26166.7,0.10393840130764223,0.10165,0.10310007744313486,0.10285862440372928,0.10432,0.0997939737970413,0.09653,0.09443963718497136,0.09205,0.08991,0.08867,0.08705615906686709,0.08535,0.08431,0.18353,0.1772,0.17284,0.16679,0.16173,0.15382,0.1496227344350985,0.14469,0.13988,0.1344886487322665,0.12915522207125618,0.1239,0.11804,0.11274
07-01-2026 11:15,26148.15,0.15103,0.12068,0.12132503292587624,0.11697,0.10479,0.10114,0.10383,0.10015,0.09801,0.09559330864046323,0.09307,0.09112167272482087,0.08902,0.08724,0.18212,0.17646,0.17102615069507227,0.16562,0.1597,0.15445,0.14843,0.14362,0.13802,0.13232,0.12739250501129906,0.12244,0.11685,0.11124
07-01-2026 11:20,26148.9,0.1679170337255083,0.14483067757306484,0.13221,0.10563,0.10438,0.10025150483370245,0.09484,0.09415206620414099,0.09260985215630278,0.0912,0.08933142756379615,0.08742,0.0862,0.08517,0.18219473496034946,0.17612,0.17222,0.16569,0.15994840096725885,0.15412,0.14849,0.14368,0.13808,0.13238,0.1278,0.1222696512441962,0.11682,0.11139
07-01-2026 11:25,26140.4,0.14019,0.1369421354257513,0.13724,0.11602,0.10911,0.10876371082037295,0.10491189289394778,0.10145180789239905,0.09827075995608253,0.09357,0.09253193291799185,0.08967,0.08807,0.08663,0.18519946211228722,0.17810009649898725,0.17146,0.16493,0.15901,0.15337,0.14819536501242886,0.14296,0.13721,0.13186878012714254,0.12654447577067773,0.12123151537035518,0.1159,0.11031
07-01-2026 11:30,26144.45,0.13223,0.1238,0.13491,0.12795,0.10692,0.10959,0.11051,0.10735966681735881,0.10332663346693549,0.09905,0.0955,0.0933,0.09089,0.08913,0.18165,0.17587,0.17124,0.16588,0.1595,0.15395442282650212,0.14840464918198842,0.14292790176316333,0.13734,0.13195,0.12677,0.12154,0.11602,0.11071
07-01-2026 11:35,26160.05,0.1379,0.13297943251749983,0.12705,0.11342,0.1144,0.09898,0.09861,0.0955,0.09382,0.09112,0.08955041548527665,0.08783181368271209,0.08612,0.08473,0.18262,0.17686,0.17249,0.16689,0.16051,0.15488,0.14965148970646566,0.1443,0.13882546636295562,0.13333,0.12776,0.12258909794982042,0.11739,0.11192
07-01-2026 11:40,26147.1,0.13150979855470368,0.12168,0.13513,0.11628,0.12094,0.11301802573680772,0.10434,0.1019676141764144,0.09677,0.09297,0.09119,0.08937,0.08741,0.08616,0.18184,0.17607,0.1709989304753655,0.16608,0.15948,0.15406930766013893,0.14842,0.14316391372624182,0.13755,0.13244,0.12735,0.12187,0.11653,0.11076
07-01-2026 11:45,26136.15,0.15533,0.13845363753467765,0.12347,0.11908287709599974,0.11295842882883494,0.10719,0.10479,0.09917,0.09782,0.09505,0.09244,0.09061547056212418,0.08874029199202355,0.08711,0.18118,0.17565,0.170357653436299,0.16517,0.15878,0.15314,0.14771,0.14255,0.13711,0.13168,0.12657,0.12108,0.11574795100321292,0.11045
07-01-2026 11:50,26138.65,0.15371,0.12839,0.12183,0.10693,0.11294,0.10455535230642657,0.09573,0.09332,0.09232,0.08996,0.08834508099220012,0.08661,0.08556852856204747,0.08458,0.18163,0.17566,0.1702594627614378,0.16488,0.15896,0.15312,0.14794536758631124,0.14256,0.13741510156879805,0.13219642369976514,0.127,0.12127,0.11603795490612942,0.11065099539950285
07-01-2026 11:55,26126.7,0.1474561800865397,0.13681,0.12259833530318115,0.11165,0.11006,0.10405,0.10053,0.0968,0.09586,0.09354311371160948,0.09077,0.08925577070598487,0.08749,0.08637,0.18119,0.17573230344283447,0.17019,0.16413,0.15832897142267888,0.15235,0.14692,0.14193,0.13603,0.13077,0.12604,0.12072360687832315,0.11541,0.11042
07-01-2026 12:00,26121.55,0.16447,0.14018,0.12062,0.11775292553117489,0.11178714703798438,0.10525,0.10099,0.09795,0.09557,0.09277,0.09077,0.08877,0.08726465215445936,0.08587,0.18089,0.17567535779763538,0.17036,0.16382,0.15788,0.15247292897691042,0.14659,0.14148190662124405,0.13584,0.13042,0.12548629991142063,0.12036,0.11541,0.11002
07-01-2026 12:05,26110.95,0.17059,0.14640546970034202,0.12592,0.11854,0.11393,0.10904,0.10471,0.10163686269338482,0.09835466893173327,0.09505,0.09261,0.09078535300760662,0.08895076761318843,0.08731,0.18024,0.17388,0.16946,0.16361,0.15773114237715521,0.151980071123119,0.14608,0.14088890811567434,0.13542,0.13009,0.12505604093887818,0.11996960939249857,0.1149,0.10954
07-01-2026 12:10,26110.45,0.15665886085339298,0.14699,0.12624,0.12268,0.11666690411488613,0.10926,0.10682,0.10029,0.10023,0.09643,0.09399886763335483,0.09151,0.08936,0.08820381916568167,0.18051,0.17501066555212427,0.1691960976276085,0.16336,0.15632,0.15152,0.14588,0.14087,0.13554,0.13007,0.12538,0.1200048159578401,0.11469,0.10926
07-01-2026 12:15,26107.4,0.1726,0.14873885362722267,0.1281,0.12425667580316777,0.11749350417786199,0.11083,0.10355,0.10125,0.09722,0.09467,0.09205,0.09009,0.08853,0.08725,0.18033,0.17372,0.16902,0.16318,0.15679,0.15142010407073886,0.14568,0.14051,0.1352,0.13013,0.1254,0.11967,0.11490828185361712,0.10987794453995456
07-01-2026 12:20,26103.3,0.14749,0.15113,0.12846,0.12228,0.11176,0.1131,0.10716,0.10184,0.09835,0.09653912342793566,0.09375,0.09145,0.08962,0.0868589517931461,0.18064,0.17369,0.16834865859960943,0.16293,0.15675,0.15088,0.14583779458821344,0.14057,0.13537,0.12972,0.12512,0.1199,0.115,0.11014910481734176
07-01-2026 12:25,26106.55,0.14529,0.13602495081398674,0.12654,0.11526,0.11023,0.10932,0.10306,0.10024942367227233,0.09688,0.09433,0.09216,0.09039652781346959,0.08851,0.08719,0.18086,0.17367,0.16856503301680187,0.16338,0.15697,0.15111,0.146153117248218,0.1408,0.13591123996255922,0.1308652156061714,0.12583,0.12057,0.11549787939003,0.11046
07-01-2026 12:30,26108.85,0.137289833529135,0.13189,0.12764,0.12175487410975097,0.11583130223701701,0.1097,0.1052,0.10143,0.09905,0.09602,0.09394721204182827,0.09177130565500255,0.08962,0.0881,0.17939387545815796,0.17382,0.16832058222945845,0.16275621906804844,0.15713,0.15127,0.14704,0.14157034020961334,0.136060702028724,0.13053,0.12554,0.12044,0.11535,0.11008
07-01-2026 12:35,26106.25,0.13895,0.13064159167724088,0.12316695224320248,0.11553,0.11035,0.10842,0.10552,0.10146,0.09871,0.09621987488790965,0.09355,0.09131454697544822,0.08912,0.0871179077109549,0.17976,0.17473,0.169,0.16316,0.15719,0.15237,0.14602,0.14097,0.13531,0.13035,0.12571,0.12036,0.11516,0.11002208818995585
07-01-2026 12:40,26103.5,0.11991,0.11696,0.11289,0.10796213080902653,0.10291,0.09949161657634566,0.09545,0.09235,0.0917,0.09005919165382553,0.08826,0.08653,0.0853,0.08439,0.1796,0.17457,0.168761445084465,0.16299,0.15724,0.15153,0.14638,0.14079,0.13557,0.13083,0.12552,0.12089,0.11587,0.11097750423598937
07-01-2026 12:45,26084.3,0.13611,0.13107,0.1253,0.11451,0.11253,0.10675,0.10340413665220413,0.09986786530780459,0.09657601922421608,0.09317,0.09116,0.08921,0.087191292582675,0.08524052326635045,0.1772732535434794,0.17193,0.16633140313696682,0.16086,0.156,0.15028,0.14511,0.1395,0.13425,0.12896,0.12449,0.11950237011613146,0.11450208656213753,0.10937
07-01-2026 12:50,26084.8,0.13576,0.13076,0.12502,0.11854916956997363,0.11181,0.10873,0.10386,0.09994,0.09747,0.09457,0.09258,0.09079811873471302,0.08887,0.08759,0.17985,0.17281,0.16768,0.16159,0.15605,0.15118,0.14537283397162926,0.13954,0.13415,0.12926195442324623,0.1243,0.1192,0.11391,0.10908290780953867
07-01-2026 12:55,26089.25,0.1422299296321283,0.13450766587302304,0.12727046888884117,0.1206,0.11469,0.10908,0.10526501111245022,0.10084,0.0984,0.0947,0.09279,0.09043,0.08873,0.08741,0.17885942439000907,0.1732313045583525,0.16774,0.16189,0.15657,0.15113939195447446,0.14577,0.13937,0.13418,0.1288,0.12429,0.11910320042379896,0.11381,0.1087313148170614
07-01-2026 13:00,26099.15,0.13774,0.1284771171720888,0.12114,0.11955,0.11469,0.10982,0.10548702514512985,0.10038,0.09815,0.09453,0.09202,0.09013,0.08842330499726658,0.087,0.17939,0.17435,0.1685335754895264,0.16276,0.15729,0.1513,0.1457989661605616,0.14022,0.13499955117471535,0.1297106794881136,0.12442,0.11914,0.1141,0.1090331444998427
07-01-2026 13:05,26103.3,0.1217841307649473,0.11724,0.11680793439072634,0.11697,0.11174334821905504,0.10731,0.1025,0.09934,0.09665,0.09420482935651701,0.09115,0.08926,0.0873,0.08419762959636677,0.17966,0.17418585039198065,0.16866,0.16285,0.15729,0.15201,0.14642,0.14034,0.13517,0.1299596471203739,0.12461,0.11956,0.11452,0.10938
07-01-2026 13:10,26105.85,0.13259,0.12882458770936883,0.1236542438494624,0.11921,0.10758,0.10426,0.10225290312693665,0.09891214136408555,0.09497,0.09178,0.08993,0.08809,0.08660626025296593,0.08572,0.1789,0.1739162496667555,0.16883,0.16274,0.15661,0.15176,0.14624085995359232,0.14036,0.13536,0.1303818645602592,0.12528,0.11997,0.11473,0.10925
07-01-2026 13:15,26097.2,0.13545,0.12209,0.1177738434431804,0.11427403462746287,0.11071957937433669,0.10724127442512288,0.10363306484207717,0.10025,0.09667,0.09342,0.0919,0.08937,0.08795515306415141,0.08674,0.17932,0.17401,0.16878,0.16290714261805073,0.15708324849263455,0.1512,0.14514,0.14012,0.13499000061394156,0.1298,0.1249,0.11945,0.11408,0.10916
07-01-2026 13:20,26097.45,0.13528,0.12192,0.12229,0.11538500893603246,0.10726,0.10272,0.09787,0.09553,0.0935,0.09048,0.08899,0.08756158918152215,0.08593,0.08506,0.17786,0.17271,0.16753401726000308,0.16248,0.15609,0.15123,0.14535,0.14012128098225118,0.1348,0.12982,0.12472346792148836,0.11962549431557755,0.11450224113876634,0.10935
07-01-2026 13:25,26076.35,0.13635,0.13632,0.13447,0.11507,0.11124,0.10481,0.10174,0.09905754239592018,0.09578,0.09306,0.09102,0.08915056713887723,0.08774047683621448,0.08691072889145865,0.17677,0.17141,0.16651,0.16114,0.1553726311685112,0.14967285095098404,0.14396,0.13872,0.13347823413076249,0.12821999321541697,0.12294,0.11771,0.11287,0.10791208747865333
07-01-2026 13:30,26070.0,0.14088,0.13802670525714095,0.13783,0.11987,0.11361,0.1110931751529951,0.10637363959603319,0.10029,0.09795,0.09434,0.09254,0.09022,0.08856,0.08482389427133354,0.17822,0.17166,0.16625807533439974,0.16075,0.15539,0.14993,0.14421680346539145,0.13846,0.1331139372470938,0.12764,0.12272,0.11764423061681319,0.11258,0.1072
07-01-2026 13:35,26074.55,0.15479148610585342,0.1431232397787619,0.13547,0.12112,0.11718501173652206,0.11189,0.10652315884315196,0.10046,0.09766,0.09457,0.09234,0.09017,0.08850421473863948,0.08695,0.17852,0.17271444701906263,0.16691,0.16108,0.15561081704245974,0.15012702092413532,0.14467,0.13862,0.1328,0.12776887157897793,0.12259,0.11738,0.11229,0.10730932572175628
07-01-2026 13:40,26074.2,0.13798,0.13149,0.13567,0.12103,0.11553724155559511,0.10998645302899901,0.104,0.10033,0.09781,0.09507379496548968,0.09207,0.09026,0.08842,0.08693,0.17851,0.17132,0.16666,0.16104,0.15485,0.14958211163484847,0.14422712540090196,0.13877,0.13308,0.12729,0.12293,0.11799,0.1126299175121381,0.10731
07-01-2026 13:45,26072.8,0.14514508924554395,0.1375,0.13103808748096404,0.12452,0.11755,0.1126,0.10713,0.10257,0.10008,0.09637,0.09394,0.09167,0.08976,0.08827,0.17844,0.17249800053321646,0.16658,0.16074,0.15528340129035018,0.14982,0.14267,0.13852,0.1329719285705168,0.1272,0.12272,0.11748,0.11227,0.10712
07-01-2026 13:50,26083.4,0.1311,0.13079,0.13071,0.11458,0.1109,0.10573,0.09955,0.09775,0.09571,0.09249,0.09049,0.08864,0.08704709170578263,0.08585305170271047,0.17862602519628035,0.17279252327738628,0.16703,0.16118992095215895,0.15547,0.15029,0.14471016333017517,0.13909,0.13359,0.12796,0.1235,0.11838,0.11309,0.10797
07-01-2026 13:55,26079.6,0.13406,0.13138451437368825,0.12748861133946435,0.12454,0.11271,0.11314,0.10869865081109299,0.10267,0.09951,0.09595,0.09371,0.09128,0.08913204106885583,0.0879,0.17644,0.17088,0.1663,0.16097,0.15524,0.14995,0.1443427173125319,0.13868,0.13319,0.12823554458098851,0.12323,0.1179411856995205,0.11262,0.10743994885995903
07-01-2026 14:00,26088.65,0.12683,0.12726,0.12150592854878887,0.11525449041032611,0.10839,0.10821886224954952,0.10616,0.10280273486942837,0.09891,0.09497,0.09313783439381323,0.09048,0.08855,0.08723,0.17802106151595493,0.172390604332094,0.16664,0.16202,0.15453,0.15055,0.14487,0.13898,0.13368348224225254,0.12808,0.12366,0.11826,0.11304,0.10775462066660707
07-01-2026 14:05,26096.3,0.11994,0.12171,0.11491,0.11938,0.10453,0.10799,0.10284,0.09966920481177127,0.09648489752866797,0.09296,0.09098,0.08883864375923742,0.0871,0.08375299629362465,0.17797,0.17139,0.1668921320879644,0.16253,0.15639037203762937,0.15048,0.14519069317918043,0.13967,0.13406,0.1293,0.1241,0.11873,0.11363,0.10818
07-01-2026 14:10,26100.95,0.11871307648656976,0.11807,0.11166,0.11718,0.11077,0.10686,0.10024,0.09667,0.09476314957287574,0.0923593273247105,0.09013333881059307,0.08774,0.08638647620513244,0.08509,0.17739195520198495,0.17169,0.16744684969840087,0.16284,0.15557,0.15079,0.1446,0.14033,0.13485,0.12963048857642528,0.12445,0.11916023460352071,0.11389,0.10872
07-01-2026 14:15,26097.3,0.12533433747785,0.12055,0.11426,0.11114,0.10745341893586878,0.10373,0.09785,0.09598851738230525,0.09355,0.09092,0.08934456920079129,0.08766971085123168,0.08602,0.08474,0.17776,0.17148,0.1666885384080008,0.16193,0.15535,0.15096,0.14437,0.13993,0.13470347881814637,0.12926,0.12455,0.11925,0.11402013279313344,0.10886
07-01-2026 14:20,26090.7,0.12516,0.12549,0.12007083819643893,0.11458,0.10805,0.10552356756405191,0.10217,0.09626,0.09467387803250286,0.09177,0.08988,0.08820324126226098,0.08632,0.0852,0.17730306919141406,0.17108,0.16806,0.16129,0.15707,0.15093,0.14504,0.13957746377366237,0.13371,0.12826,0.12355803593623858,0.11856,0.11323,0.10826
07-01-2026 14:25,26090.45,0.1254,0.12569,0.11944020234816226,0.11309,0.11201,0.10742243600435306,0.10202,0.09988777406780991,0.09695,0.09333,0.09125,0.08947730346424734,0.08757383076873484,0.08588,0.17707,0.17278616345040038,0.16806,0.16128,0.15769,0.1518312885520447,0.14598453475622783,0.14014,0.134,0.12826,0.12384,0.11834,0.11312,0.10807065862562537
07-01-2026 14:30,26098.65,0.11775,0.11538162486588863,0.11338,0.11283,0.108,0.10190389186908691,0.0957,0.09374,0.09245,0.08931,0.08759,0.08636038998494451,0.08503891091245055,0.08388,0.17759,0.1716,0.16859,0.16182,0.15844,0.15109,0.14578,0.14087,0.13488,0.12884,0.12405046792354196,0.11906,0.11385,0.10859561218387649
07-01-2026 14:35,26088.15,0.12742,0.12736,0.12038,0.12188,0.1129,0.10654,0.10546,0.10076,0.09843,0.09465,0.09268,0.09026,0.08771673077873374,0.08538568962550269,0.17696,0.17096,0.1663341088957203,0.161625025978701,0.15715,0.15041,0.14518673495953277,0.14,0.13467316537341745,0.1293172556438729,0.12393,0.11829,0.11305679592326567,0.10792
07-01-2026 14:40,26097.55,0.1256553140828361,0.12046,0.12098609679812206,0.12266,0.10834,0.11052,0.10398,0.1014136174155304,0.0976,0.09418,0.09262438739706591,0.09034092396851223,0.08824,0.0868,0.18006182508747906,0.17433282479642714,0.16855,0.16322449235923603,0.15778,0.15104,0.14536,0.140281671489842,0.13497,0.12892,0.12378404861737424,0.11889,0.11333147701036568,0.10806130036632954
07-01-2026 14:45,26107.25,0.12396,0.11763,0.1223,0.1067,0.10319,0.10394,0.09881193514304298,0.09287,0.09155,0.08889,0.08749,0.08584,0.08476,0.0837,0.17915568617086633,0.17329,0.16869271224980154,0.16401,0.15799958493299193,0.1522224915234141,0.14639,0.14085712724475863,0.13506,0.12989,0.12485,0.11949322487450595,0.11414,0.10918
07-01-2026 14:50,26098.4,0.13162,0.13675,0.12915,0.12292,0.1179204881044547,0.11258,0.10664,0.1023,0.0996,0.09579,0.09332,0.09112,0.08662257296534215,0.08369891376285647,0.17642,0.1725004179061312,0.16839,0.16346,0.15807,0.15112,0.14581,0.14057,0.1343,0.12831,0.1241,0.11865305986636987,0.1132,0.108
07-01-2026 14:55,26113.35,0.13149,0.12732,0.11988,0.1167,0.10902,0.10408,0.10127,0.09859905978520023,0.09552,0.09223,0.09015,0.08840656688138138,0.0865,0.08529,0.17946,0.1737,0.16935,0.16405262409593874,0.15885,0.1529410097934379,0.14714196613162633,0.14127,0.13536570411987,0.12937,0.12507,0.11986,0.11433,0.10908
07-01-2026 15:00,26123.1,0.12276,0.1175403554883947,0.11306,0.11132,0.1073022256676191,0.10311200410174017,0.09855,0.0946,0.09282777458094468,0.09028,0.08881,0.08737701446956457,0.08586146614638174,0.08446,0.17827,0.1738560733113491,0.16948,0.1653,0.15908,0.15355,0.1478276745947537,0.14211,0.13767,0.13048,0.12578,0.12037,0.11508,0.10997451822359301
07-01-2026 15:05,26133.7,0.11118,0.11022,0.1100358523605144,0.11163,0.10334,0.10225,0.09753,0.09433,0.09238296897212242,0.08993,0.08822,0.08652,0.08531488009937191,0.08421,0.17893,0.175,0.1702523178155954,0.16599,0.1586927056122444,0.15163,0.14746,0.1421376544079732,0.13677,0.13081,0.12618,0.12072,0.11529,0.10998
07-01-2026 15:10,26142.1,0.09884,0.11876,0.11059,0.11222,0.10674988276251933,0.10250994428647435,0.09801,0.09482,0.09307,0.0906,0.08896,0.08737,0.08575,0.08326410612361582,0.17804499773830715,0.17441,0.17009525160936712,0.16564,0.16034,0.15424,0.14871092796543353,0.14321541256706546,0.13766,0.13155,0.12641,0.12179,0.11633,0.11055
07-01-2026 15:15,26147.8,0.10654,0.10544247677466193,0.10582,0.09637,0.09507220289406841,0.09213,0.08989,0.086,0.08722,0.08611,0.08507,0.08366,0.08305,0.08238,0.17951,0.1759,0.17108,0.1656716917993742,0.16020107796892447,0.15470946598376673,0.14917632388549323,0.14365,0.13772892399799508,0.13182,0.12758,0.12219804601012152,0.11657,0.11143045403083032
07-01-2026 15:20,26138.3,0.13238594004432272,0.12203,0.1136,0.10598,0.0986,0.09832,0.09507,0.09290041108514596,0.09046,0.08884,0.08713,0.0860174723352468,0.08502,0.08430253498908563,0.18070698437868457,0.1742,0.17198,0.16580773847263916,0.1599,0.15239,0.14836,0.14335,0.13727,0.13102,0.12552,0.12142,0.11616,0.11054
07-01-2026 15:25,26139.7,0.11638,0.11417678396156157,0.11254,0.10596698769447106,0.09944,0.09616,0.09398,0.09147,0.09192,0.08939630052077,0.08703,0.08549,0.08324114577391488,0.0814134780784147,0.17936,0.17731,0.17159,0.16754,0.16085,0.15228,0.14756226142848566,0.14228,0.13722,0.1317512359674634,0.12627,0.12052,0.11608,0.11012
08-01-2026 09:15,26101.75,0.11678,0.11621193423607393,0.11434391440522562,0.11444,0.10798632585693646,0.1029,0.09933,0.0938,0.09226,0.09026,0.08942648200454639,0.08795448979784273,0.08673,0.08567,0.18174,0.17806,0.17069,0.16502933536621447,0.15934,0.1536829768685616,0.148,0.14234,0.13554,0.13056,0.12504,0.11964,0.11443,0.10866014469785289
08-01-2026 09:20,26109.7,0.10711,0.09161372286373949,0.0813,0.09165,0.09017,0.09083,0.08783,0.08669514901024314,0.08576032380808009,0.08478,0.08368,0.08269,0.08164177404466953,0.0805544448569595,0.18366610024566848,0.17724,0.17249,0.1658409146801384,0.15934,0.15404,0.14616,0.14272,0.13626,0.13099,0.12592869303155435,0.12072464408586492,0.11556,0.11016
08-01-2026 09:25,26087.55,0.10989,0.10729304815892586,0.10509,0.09447,0.09178,0.0908,0.08627,0.0861,0.08568,0.08499502034949523,0.08416071567147725,0.08332,0.08280814721644086,0.08234,0.18263,0.17651266002361143,0.170465639143066,0.1644764359751627,0.15852809599123294,0.15257,0.1469531861499579,0.14138,0.13473,0.12985,0.12516,0.12037,0.11455,0.10927
08-01-2026 09:30,26063.1,0.13321,0.11121,0.10224,0.1061,0.09787,0.09834,0.09432,0.0918,0.091,0.08905,0.0879336170166209,0.08675630099129535,0.0856,0.0849,0.18109,0.17429,0.16925,0.16308285337262668,0.15695,0.15012773965053677,0.14305,0.14003,0.13411,0.12880524874753674,0.12358359290058363,0.11844852608073497,0.11343403070069727,0.10857
08-01-2026 09:35,26053.95,0.14005,0.1354322726893723,0.12911014163378665,0.1235,0.10269,0.11067,0.10566,0.10007,0.09883,0.09693239091126933,0.09478130671428309,0.092461795748096,0.09,0.08771790272133478,0.17789,0.17339008461910993,0.16867,0.1623394429924548,0.15635,0.15153,0.14552076681827503,0.13941,0.13378,0.12874442329531272,0.12355,0.11742,0.11243,0.10685
08-01-2026 09:40,26092.65,0.08417188887084706,0.07222,0.10736,0.10182,0.09554,0.0932791606680286,0.09243,0.09023,0.08867,0.08688,0.08627604059786051,0.08526,0.08421475125721492,0.08339,0.18227496965466244,0.17621,0.17119,0.16453,0.15925791906712058,0.15415,0.14546,0.14211,0.1364307255425769,0.13053,0.12532819860122518,0.12006369745937917,0.11490010493269517,0.10987
08-01-2026 09:45,26077.7,0.12038,0.09884,0.10417684134903638,0.1063,0.09633,0.09896,0.09438,0.09373728151109265,0.09236,0.09023,0.08872038841659613,0.08718,0.08581,0.08400623268608436,0.18062,0.17472,0.1701786914619956,0.16608,0.15912620824844384,0.15256,0.14601,0.14070523911170063,0.1351978961794959,0.12961,0.12496,0.11967,0.11477,0.10919
08-01-2026 09:50,26070.8,0.12674,0.12348,0.12264,0.11825022600390257,0.11366250234012569,0.10880304956379847,0.10385,0.10105786128117296,0.09784,0.09522,0.09286,0.09054,0.0889056208529072,0.08742,0.1802,0.17457,0.16936789765821586,0.16429,0.15795,0.15191,0.14634458501234576,0.14061,0.13485,0.12954,0.12542,0.11937,0.11424,0.10888362239948018
08-01-2026 09:55,26089.4,0.11893,0.11416964996740528,0.10995,0.10776,0.1017,0.09898,0.09518,0.09178,0.09035260270197816,0.0884,0.08734853121027557,0.08609,0.08495739204306052,0.08383,0.18197,0.17577,0.17225,0.16643,0.1600077942258717,0.15377,0.14812,0.14291,0.1371594954877925,0.1313,0.12645,0.12111,0.11597281711066028,0.1109959805741087
08-01-2026 10:00,26081.9,0.12612,0.11463,0.11541,0.09567,0.0905,0.09307,0.09216,0.0894420459929737,0.08683,0.08587169152772658,0.08465923089655081,0.08348,0.08295,0.08222,0.18152,0.17531,0.17055,0.16595,0.15977,0.15364526281652147,0.14762,0.1424,0.136533900300364,0.13036,0.12591,0.12012,0.1156,0.1098
08-01-2026 10:05,26068.05,0.13746,0.12556,0.11704023703875746,0.10855061023842849,0.09975,0.09371,0.0916663587624191,0.08884,0.08796814564804292,0.08659,0.0855386623789302,0.08442,0.08374,0.0831552147611792,0.18064290214419915,0.17444,0.1704,0.16505,0.15844,0.15236,0.1465,0.14209,0.13619986338433104,0.13005,0.12497543816490816,0.11973276816814615,0.11452,0.10903
08-01-2026 10:10,26050.3,0.1444385121956201,0.13736,0.11243,0.11284477545484731,0.10942317475283289,0.10496,0.10150651512223433,0.09617,0.09397,0.09127,0.08964,0.08802804797305752,0.08636536512509091,0.08499,0.18178,0.1745,0.16974,0.16354914732961193,0.15727,0.15117,0.1453,0.1407,0.1342,0.1289,0.1237,0.11806,0.11281151843468762,0.10750899613957152
08-01-2026 10:15,26055.25,0.12383,0.13428,0.11746384526655104,0.10141,0.0969,0.09658204200109813,0.09284015926793002,0.0878,0.08731,0.08648,0.08509,0.0835832630652909,0.08321,0.0811500840766087,0.18044,0.17472,0.17055,0.164209878925277,0.15803,0.15249,0.14583,0.14138,0.135,0.12954,0.12443,0.11939,0.11427,0.10939880864808578
08-01-2026 10:20,26034.9,0.11984085972048211,0.11514,0.11445,0.10932,0.10163,0.10165,0.09571,0.09396,0.09295,0.091,0.08918,0.08756,0.0862913928183926,0.08519,0.17801,0.17343,0.16798131655518583,0.16251545592977268,0.15709,0.15112,0.14533,0.14027,0.13414,0.12859,0.1235,0.11849874289446224,0.11347,0.10802
08-01-2026 10:25,26034.15,0.1270820590523868,0.12074,0.11495,0.11103667057164401,0.10705637337833657,0.10327243849402384,0.09964434812421114,0.09619,0.09422,0.09224690802959534,0.09026,0.08852,0.08684503619769984,0.08531724342077965,0.17913,0.17405846785152834,0.16860491920880633,0.1633,0.15706,0.15089,0.14564190381327946,0.14023,0.13396,0.1288,0.12346021125783521,0.11819,0.11251056849944541,0.1071142730768271
08-01-2026 10:30,26034.2,0.13043,0.12296,0.11721,0.11248,0.10654,0.10325,0.0989,0.09655,0.09480874479645496,0.09269,0.09096,0.08901,0.08721608600841568,0.08527949367463089,0.17952406102677054,0.17341,0.1693846068147031,0.16481,0.15625,0.15166,0.14613004452455103,0.14032481615235598,0.1344,0.12945,0.12358,0.11841,0.11343,0.10783
08-01-2026 10:35,26040.5,0.11556,0.1184,0.10955,0.10308,0.10170276900872706,0.09834,0.095670396813591,0.0917,0.0908,0.08918,0.08780901017645629,0.08647587423104156,0.08555,0.08393360687584295,0.1804,0.17383,0.16936058849740526,0.16525,0.15831050062618138,0.15173,0.14627,0.14086,0.13472,0.12929,0.12429,0.119,0.11438,0.109011317288903
08-01-2026 10:40,26027.15,0.12731,0.12345766562638069,0.11939,0.11333250303033572,0.10746,0.10523,0.09862,0.09658273969773001,0.09385,0.09213051813063396,0.09018,0.08883150132070383,0.08743717367834475,0.08618,0.17956,0.17298,0.1675285385632409,0.162,0.15683,0.15077039443817913,0.14466,0.13962,0.13434,0.12845,0.12352,0.11840076093250686,0.1132421867767032,0.10803
08-01-2026 10:45,26033.1,0.12775902423486474,0.12074193281517268,0.11577,0.10722,0.10475041627418841,0.10168,0.09616,0.09460450504319945,0.09228,0.0904,0.08908,0.08753,0.08701384202689445,0.08652481503135707,0.17855,0.17352389300213855,0.16848,0.1635,0.1573304182836674,0.15125,0.14402,0.1402,0.13407,0.12906162234807594,0.12398,0.11885,0.11398,0.10838
08-01-2026 10:50,26029.85,0.11819,0.12603,0.10632,0.10408429406962443,0.09795,0.09934,0.09817183832927978,0.095333882999094,0.09208,0.09100248083567528,0.08927,0.08758,0.08634,0.0842905701356681,0.17836,0.17322463215588846,0.16804,0.16287,0.15642,0.15122,0.14577316650864658,0.14014,0.13441,0.12935297269711288,0.12408,0.11841,0.11336615449067479,0.10857
08-01-2026 10:55,26018.95,0.12741,0.13303,0.1206251452348894,0.10692,0.10600886758438509,0.10167426857953019,0.09819499686009724,0.09308,0.09332,0.09144,0.08964,0.08828,0.08684,0.08605,0.17825,0.1725,0.16726963417591575,0.16215,0.1557,0.15049,0.14465,0.13969,0.13433,0.12879176424140432,0.12321720197977933,0.11767,0.1138,0.10806652181515851
08-01-2026 11:00,26016.4,0.12280013919017503,0.11864,0.10849,0.11085,0.1006,0.10269,0.09771,0.0946,0.09377,0.09163,0.09021052081485215,0.08867,0.08761,0.08687364544536402,0.17896185097926365,0.1733683618656257,0.1677093180202046,0.16178,0.15696,0.15060928403742596,0.14414,0.13982,0.13449131448182883,0.12894,0.1245,0.11922,0.11419304588033542,0.10920750949385097
08-01-2026 11:05,26011.95,0.13907944836355549,0.12934,0.12001600725287881,0.11196,0.10841,0.1012,0.09888,0.09649,0.09444640977600266,0.09243,0.09103416969869135,0.08957356236145207,0.08820705263068597,0.08698,0.1837507423161439,0.1758,0.16808,0.16128,0.15590566561201927,0.15033045123699007,0.14492879048636625,0.13952,0.13506,0.12899,0.12400941184879932,0.11898,0.11389952057365815,0.1088
08-01-2026 11:10,26009.35,0.14919213492811342,0.13098,0.11365,0.10859,0.10500905474970448,0.10029,0.09856,0.0962906612146264,0.09379903050251934,0.09127,0.08993,0.08862,0.0876,0.08655,0.17986,0.17346,0.1673440238335418,0.16112,0.15560173347804185,0.14987,0.14510236680256952,0.14024,0.13530604447707928,0.1303710160267345,0.12544,0.11999,0.11509,0.10994
08-01-2026 11:15,26005.55,0.1139987015692856,0.11090408684791524,0.1073,0.10588,0.10003,0.09851,0.09432,0.09407,0.09316,0.09112,0.09011150213387667,0.08896,0.08798951476128938,0.08703,0.18067,0.17517,0.171,0.1648287622209308,0.15866929962593795,0.15248,0.14687,0.14114,0.13579,0.13133,0.12617,0.12105807036901581,0.11597,0.11089455436888954
08-01-2026 11:20,25984.4,0.14374,0.13566,0.11071,0.10416,0.10282629929043538,0.09927728146120329,0.09553,0.09345,0.09251,0.09160766343609532,0.09065,0.08947,0.09060281337570623,0.09126788373516373,0.17931,0.17519,0.17042,0.16514,0.1596,0.15430653146237638,0.14908,0.14263,0.13824,0.13264,0.12703,0.12199,0.11699,0.11215386432246151
08-01-2026 11:25,25968.0,0.13393,0.14451,0.13150746060252058,0.12006644587128817,0.10783,0.10532,0.10246,0.09972,0.09817,0.09555,0.09432821528565741,0.09258,0.0912,0.09028,0.1772948941552748,0.17343,0.16954,0.1644,0.15998,0.15370327547259577,0.1475089785173062,0.14131,0.13656,0.13103517121673744,0.12547,0.12017,0.11526,0.10994
08-01-2026 11:30,25968.05,0.15967762750341563,0.14451,0.13139518655686222,0.12041868736261463,0.10996,0.10584,0.10260654963829523,0.09904,0.0975510179484302,0.09567777663441049,0.09381,0.0924,0.09118,0.09058,0.17803944590654505,0.17458,0.17075,0.16494338779643403,0.15905965812910638,0.15315,0.14693,0.1421,0.13492,0.13068,0.12595,0.12068,0.11592,0.11084
08-01-2026 11:35,25971.65,0.1280795307765328,0.12486340878728416,0.12047,0.11888,0.11249,0.10861,0.10423,0.10083,0.09901605557481796,0.09686065265718029,0.09465,0.09281,0.09139,0.08969846142023494,0.1809614096422531,0.17483,0.17042,0.1642604481266935,0.15823,0.15199,0.14655581540970228,0.1409568328155245,0.13508,0.13018397019623368,0.12493,0.11958402782650271,0.11426,0.10886
08-01-2026 11:40,25983.85,0.13538,0.11016,0.11307,0.10963,0.10662115332679395,0.10171,0.10002555945983141,0.09626,0.09523,0.09304,0.09174,0.09056087831990761,0.08937,0.08904,0.17934,0.17566,0.17105,0.165000066974967,0.15901537379782346,0.15302,0.14719314688823076,0.14137635323868208,0.13551,0.13019,0.12571,0.12043411019933369,0.11521,0.10985
08-01-2026 11:45,25973.8,0.12243,0.12497,0.10904,0.10927006469484064,0.10746,0.10034,0.09668,0.09628430657135145,0.0941,0.09305147061432072,0.09124,0.09009,0.08932,0.08911,0.1787,0.17567,0.17019,0.16335,0.15795149606599235,0.15249,0.14695,0.14125,0.13574,0.1303,0.12549937648951426,0.12043,0.11571,0.11036
08-01-2026 11:50,25958.25,0.13347,0.12717150761932827,0.12108644862511198,0.11501,0.10958,0.10627316295290806,0.10281181735337777,0.09931,0.09775,0.09542,0.0938,0.09237,0.09104,0.09041436582232851,0.17935092232739702,0.17465,0.16935,0.16471,0.15803,0.1514,0.14585,0.14052,0.13471,0.12923,0.12457,0.11926,0.11463,0.1092
08-01-2026 11:55,25958.05,0.11476936033168586,0.11063,0.10748218423571551,0.10429,0.1008651950928946,0.09719,0.09545239945832545,0.09325,0.09271,0.09138,0.09045,0.08941,0.08854,0.08892,0.18039,0.17443,0.17054,0.16471,0.15869493074622332,0.15281,0.14684,0.14193,0.13633,0.1315243220149068,0.12657,0.12119,0.11693,0.11220507140036978
08-01-2026 12:00,25936.15,0.12217,0.11547,0.10832,0.10601531847500559,0.10256,0.10034,0.09708,0.09569,0.09503,0.09382,0.0926,0.09174849769994155,0.09081,0.09107,0.18079,0.17552,0.17076,0.16496,0.156,0.15065,0.14638,0.1419220662459112,0.13743,0.13240168942005254,0.12748,0.12229,0.11750533018740128,0.1128
08-01-2026 12:05,25896.7,0.1448,0.1370654045841453,0.12976,0.1243,0.11772,0.11319,0.11078407820195592,0.10789121985700756,0.10487,0.10247,0.10057,0.09884,0.09779409660345773,0.09686,0.1799,0.17523,0.16982512106173137,0.16499,0.1564021019730909,0.14801,0.14378,0.1387248956075413,0.13335,0.12858,0.12484,0.11964169517531695,0.11452,0.10966
08-01-2026 12:10,25920.3,0.1311,0.12721,0.12316,0.11872,0.11304,0.10923,0.10565,0.10319,0.10149,0.09916,0.09766,0.09594,0.0951,0.09445,0.18108,0.17569,0.17006832270263714,0.16472,0.1588,0.15031,0.14606289962322944,0.14123,0.13549,0.1291,0.12563,0.12046,0.11531,0.10996
08-01-2026 12:15,25935.5,0.1284354455336099,0.12281,0.11823115069258733,0.11399268924841721,0.11006256345434937,0.10623673955058638,0.10228567630510337,0.09952,0.09774,0.09636,0.09485,0.09395,0.09295,0.09262,0.18386134177322655,0.17791,0.1719752306099947,0.16617036988640113,0.16035,0.1549,0.14947402083481864,0.14401,0.13794,0.13308563896958286,0.12804,0.1227,0.11781,0.11288
08-01-2026 12:20,25923.15,0.13462,0.12982,0.1211,0.11657,0.11259,0.10757,0.10521423650823991,0.10254298608376879,0.09983,0.09796,0.0967317588589279,0.09543692668253083,0.09427,0.09404,0.18503556213138145,0.17901145854694753,0.17308289695888118,0.16720244078017182,0.16299,0.15402,0.149812318920388,0.1452,0.13893,0.13283,0.12845655752783058,0.1236,0.11875,0.11375
08-01-2026 12:25,25934.95,0.12705,0.12349,0.11508,0.11303804774326093,0.11002,0.10703527558925227,0.10373,0.1013,0.09952797449699753,0.09751,0.09629,0.09469,0.09344,0.0926486611621004,0.18718,0.17979,0.17429,0.168331577719075,0.16228,0.15913,0.15198842692041847,0.1449,0.13854,0.13267,0.12842,0.12325181974583996,0.11803,0.11335
08-01-2026 12:30,25935.9,0.12309,0.12295,0.11958,0.10904,0.10503,0.10229304817474015,0.09853,0.09758,0.09631514871070457,0.09479,0.09357,0.09246,0.09168,0.09175,0.1855,0.17987,0.17521,0.17092,0.1647828045242794,0.15871184446679992,0.15248316820764188,0.14631,0.14015,0.13405,0.13004,0.12477,0.11989,0.11498527970377281
08-01-2026 12:35,25914.7,0.13927,0.13355488725283543,0.1278032282340965,0.12198402507213191,0.11617,0.11019,0.1076097898728343,0.10462,0.10226,0.10036601934692682,0.09844059531656965,0.09653,0.09574617867756471,0.09504,0.18467,0.18126,0.17357,0.16729,0.16143,0.15625,0.1514,0.14427,0.1375,0.13174,0.12704355730795225,0.12192,0.11692391012923048,0.11202
08-01-2026 12:40,25920.75,0.13973345152340239,0.13148,0.12465,0.11739,0.11421,0.11052,0.10652,0.10369,0.1016967418532275,0.09946085098110816,0.09712,0.0957,0.09428,0.0943,0.18451,0.1783,0.17334,0.16730864500865533,0.1613,0.15799,0.15106155834379692,0.1443,0.13768,0.1313,0.1268152224373159,0.12209,0.11706441454622574,0.11197
08-01-2026 12:45,25921.8,0.13509,0.12506403011054276,0.11644,0.11302,0.10968,0.10613,0.10407366978997551,0.10173,0.09984,0.09828793257242907,0.09660267211523482,0.0951391895301546,0.09385,0.09401,0.18329247142528882,0.1782,0.17427,0.16751,0.162636739385503,0.15808,0.15144578141571197,0.14505,0.13877535852471484,0.13223,0.12851,0.12311,0.11842904088244967,0.11427525912391799
08-01-2026 12:50,25913.2,0.1312,0.13546,0.11517,0.12057,0.11631873619768968,0.11085,0.1067,0.10438,0.10171,0.09974,0.09825,0.09466130112768052,0.09244736000530829,0.09034234033962049,0.18376513838875497,0.17763,0.17466,0.16692,0.16249,0.15695,0.15039160723551817,0.14408,0.13762,0.13137,0.12726,0.12213453089258891,0.11699,0.11152
08-01-2026 12:55,25910.65,0.1328,0.13677,0.11648,0.11758,0.11238,0.10766,0.10469,0.10295,0.1008,0.09937904590549596,0.09733,0.09612,0.09476,0.0946,0.18504,0.17875,0.17514,0.16873,0.16237969206948127,0.15620305311753382,0.15002298963558058,0.14379,0.13734,0.13127,0.12722,0.12162,0.11703,0.1113
08-01-2026 13:00,25905.65,0.14996288443080372,0.13928,0.13233210154221603,0.12451,0.11087,0.11208,0.10997752607499361,0.10712,0.10472,0.10241,0.10053424738331362,0.09844,0.09673,0.09617,0.1849,0.17824,0.17416,0.16839,0.1622405624824747,0.15642,0.15036043718184022,0.14433522124299353,0.1383354124779536,0.13244488270184257,0.1265,0.12156,0.11536728648900851,0.10960057625080974
08-01-2026 13:05,25924.95,0.12353,0.12931,0.12087,0.11706,0.10851,0.1067736810755058,0.10435352303777026,0.10217,0.10036426689438299,0.09864883141840547,0.09692312382283085,0.09525082485492448,0.09364,0.09193288353398803,0.18512241864441195,0.17959,0.17537,0.16857,0.16325,0.15786,0.15166,0.14501,0.1387047869160691,0.13215,0.12785,0.12213,0.11704835434488425,0.11212
08-01-2026 13:10,25922.25,0.13656,0.12639,0.12067669668864997,0.11511086400692122,0.10956,0.10799026545454285,0.10577688474536337,0.10381,0.10093,0.09922887279276603,0.09748886375593296,0.09566,0.09417,0.0937,0.18458518196109377,0.17942,0.17404,0.16820910830796748,0.1625,0.15598,0.14979,0.14357666127620106,0.13714,0.13092,0.12699,0.12153673569695128,0.11611,0.11058
08-01-2026 13:15,25921.8,0.13686,0.12666,0.12102921097443448,0.11462,0.11092486728620357,0.10641,0.10299,0.10096324380162255,0.09863,0.09725,0.09580936096969689,0.09429510173596375,0.09295,0.09277,0.18663,0.1794,0.17502,0.17019,0.16319,0.15760312176268404,0.15262,0.1448,0.13804,0.13155,0.12777,0.1221,0.11673875647142454,0.11163
08-01-2026 13:20,25914.55,0.14112,0.13257357464360636,0.12448731406872628,0.11617,0.10916,0.10646,0.10447,0.1013,0.09915,0.09761,0.09622101822483012,0.0947135654042677,0.09341,0.09347,0.18368977905317083,0.17892,0.17381299366870512,0.16863,0.16309,0.157,0.15077761280011842,0.14458,0.138,0.13283659878449317,0.12751,0.12179,0.11658177440836691,0.11148
08-01-2026 13:25,25911.75,0.14273,0.11662,0.11445302065288572,0.1095267997298178,0.10431,0.10172,0.09957,0.0983336437733971,0.0970104935063193,0.09573219611568318,0.09439,0.09305,0.09270774265678548,0.09239,0.18654,0.178,0.17609,0.17066,0.16372,0.15681,0.15234,0.14556,0.13932259224866073,0.13278,0.12901,0.12397249194379148,0.11877676262174304,0.1133
08-01-2026 13:30,25888.65,0.15494,0.12545,0.12737,0.12153,0.11815755384786242,0.11362657453885966,0.10803,0.1054,0.10268,0.1009971264786657,0.09919,0.09714,0.09404541611400515,0.09203269793815363,0.18496,0.17858,0.17227208609219422,0.1659,0.16123,0.15494742868851602,0.14862675981283485,0.1423,0.1359,0.12941,0.12539,0.12009744087495831,0.11478,0.10939
08-01-2026 13:35,25907.5,0.13114,0.11468,0.11856,0.11454572233807031,0.10942,0.10737,0.10467,0.10234,0.09968,0.09784,0.09675,0.09534566735275792,0.09392,0.09367,0.18702,0.17624,0.17407,0.16726,0.16178,0.15753,0.149,0.14287,0.1377699525471713,0.13217028787023594,0.12664850212309559,0.12115879173796325,0.11563,0.11024
08-01-2026 13:40,25901.95,0.132,0.12643931645040976,0.12127,0.1177,0.11349851482892287,0.10922051241155604,0.10502,0.10332,0.10124847481127888,0.09908,0.09753755181000068,0.0959028405834148,0.09445,0.0942,0.18665,0.17587,0.17141797177077134,0.16639846986272994,0.16153,0.1547,0.14847,0.14279,0.13615,0.13003,0.12531517718959212,0.12015762562578503,0.11509,0.10991
08-01-2026 13:45,25914.15,0.12419,0.11049,0.12285,0.11764,0.11258395130260057,0.10922908687192619,0.10554,0.1032,0.10095,0.09865,0.09752,0.09555,0.09387,0.09366,0.17950089679108605,0.17653,0.17324,0.16776,0.161,0.15561,0.14841,0.14238,0.13673996935860738,0.1309757187038092,0.12515,0.11953,0.11462,0.10977433106687146
08-01-2026 13:50,25911.55,0.12595,0.12756,0.12328,0.11728790414007303,0.11156,0.1097,0.10648,0.1038,0.10156875352644888,0.09906,0.09742,0.0955,0.09384,0.09357,0.1843,0.17656,0.17239,0.16713,0.16096503141361213,0.15543,0.1476,0.14185,0.13574532186620475,0.12901,0.12495,0.11895,0.11414,0.10917
08-01-2026 13:55,25926.6,0.13170733288964465,0.12702,0.11579,0.11513,0.11104,0.10714952715325773,0.10242,0.10115,0.09911,0.09696,0.09542,0.0937,0.09229,0.09191,0.18372,0.1776,0.17346,0.16678,0.1614284593280503,0.15655,0.14783,0.14195,0.13643869005232925,0.13073167443126105,0.12499,0.11922,0.11413356273843009,0.10919
08-01-2026 14:00,25936.35,0.107,0.10874761528737513,0.10890922743342983,0.11052,0.10497,0.10471,0.10075,0.09936810946322698,0.09746503793494396,0.09572734488195034,0.09415460209330728,0.09274701657634739,0.09121,0.09073,0.1854423484504288,0.17948901074076243,0.17364,0.16748,0.16161,0.15728,0.14829,0.14293,0.13609,0.13009,0.12561,0.12019,0.11524,0.11006883736554049
08-01-2026 14:05,25930.35,0.11223,0.11293198518376704,0.11388,0.10824,0.10288,0.10302,0.09939,0.09812275347181014,0.09644119338948079,0.0946,0.09326278830184515,0.09174498929982818,0.0905,0.08861977900027135,0.18401,0.17854685713548107,0.17306,0.16718432515759063,0.16149,0.15425,0.14839,0.14228844554116904,0.1361583174743134,0.12993,0.12492898414937646,0.11978,0.11490997881235997,0.11007
08-01-2026 14:10,25918.0,0.11858055653518136,0.12044492170451739,0.11963,0.11897,0.11452,0.11001317437979571,0.10544,0.10303,0.10038,0.09775,0.09634,0.09436,0.09285,0.09241,0.18193,0.17706,0.17256,0.16621,0.16062,0.15337,0.14749,0.14216,0.13536,0.12937,0.12436676665782143,0.11915,0.11411750695354267,0.10909
08-01-2026 14:15,25928.1,0.12390077819506215,0.12166,0.11446,0.12067,0.11436173783200057,0.10934,0.10438,0.10245757668544098,0.09926,0.09738082619885041,0.09504,0.09328,0.09018681384477421,0.08789047301959259,0.1830944177477608,0.17777,0.17223154572617286,0.16661,0.16043714641038612,0.15431737949106533,0.14808896477058398,0.14187,0.13505,0.12877,0.12401,0.11844,0.11310927618210727,0.10785
08-01-2026 14:20,25935.4,0.13496,0.11721,0.12441,0.11023,0.1087,0.10515921842877671,0.09895,0.09649,0.09506,0.0934,0.09194,0.09027,0.08936682634952872,0.08901,0.18095,0.17527,0.17148,0.16355,0.15899315405241804,0.15465,0.14708,0.14099533728321526,0.13472,0.12884,0.12416,0.11825,0.11327243704696426,0.10851
08-01-2026 14:25,25922.75,0.1336852581533065,0.12481,0.13045,0.1210335353997014,0.11210523785565465,0.10105,0.10235012388501483,0.09967670508274953,0.09732268120708147,0.094,0.09245,0.09096,0.08972,0.08928,0.18314,0.17546,0.17224,0.16527,0.1604,0.15514,0.14826,0.14255,0.13640854554316673,0.12967,0.12481225834255082,0.11942,0.11485,0.1087123205836206
08-01-2026 14:30,25906.05,0.13827,0.13385,0.1379,0.12758,0.12218,0.11544,0.11166955112410587,0.10707,0.10419,0.10081,0.09828974241400287,0.09595,0.09407105155766915,0.09249779379393598,0.18033,0.17553,0.17091,0.16411,0.15937,0.1530536650870382,0.14671607066505246,0.14024305299733128,0.13373,0.12739,0.12271,0.11712,0.11207,0.10702342872648463
08-01-2026 14:35,25930.65,0.12256,0.12021,0.12677,0.11586,0.11047,0.10851,0.10262,0.09925,0.09721,0.09544195231400643,0.0933,0.09138,0.08976,0.08937,0.18112,0.17722,0.1712,0.16569,0.16001902022268566,0.15463,0.14743,0.14175,0.13484,0.12871,0.12370854046969026,0.11845,0.11364,0.10922898779561574
08-01-2026 14:40,25928.05,0.12441,0.12044772283609084,0.11651402181078246,0.11260004446172134,0.10867,0.10486745620276194,0.10106,0.09942789187205692,0.09753,0.09475,0.09317314647844648,0.09152390395481938,0.09002,0.08972,0.18119,0.17706,0.17122,0.16552,0.1594242910916652,0.15346,0.14686,0.14132,0.13493861096879556,0.12841,0.12388,0.11793,0.11287375868406135,0.10801
08-01-2026 14:45,25926.4,0.12557,0.12249557440804609,0.11923,0.11485,0.11037,0.10625359866383549,0.10178,0.09907,0.09678,0.09516318344377384,0.09333,0.09151,0.09017,0.088843475322441,0.1826312880193383,0.17696,0.16989479244371664,0.16335,0.15887,0.1526648987652439,0.14648,0.14097,0.13398,0.1286918143583543,0.12295,0.11748,0.11217920361860578,0.10713
08-01-2026 14:50,25932.65,0.12118,0.11905,0.11391462416213352,0.1085460084652756,0.10319,0.09904,0.09724224160091766,0.09534396074214954,0.09360707954164224,0.09175,0.09050275656164145,0.08918,0.08805,0.08799,0.18086,0.17476,0.17156,0.1655447339446216,0.15964,0.15355396204801552,0.14762142764043812,0.14169,0.13492,0.12848,0.12362107567593152,0.11849,0.11391,0.10929742429862457
08-01-2026 14:55,25918.9,0.13056,0.12709,0.11701,0.11014,0.10736707922354685,0.10315,0.09977,0.09765,0.09557,0.09352,0.09229,0.09121738384976444,0.09010015512531205,0.08904,0.18171,0.17384,0.17044,0.16591,0.15867,0.15269,0.14649,0.14055,0.13422,0.12784,0.12326,0.1172,0.11302,0.10728
08-01-2026 15:00,25894.05,0.13168017123887552,0.11947,0.10964151888298276,0.10119,0.09938995222687395,0.09664118599877175,0.09391,0.09262032576941065,0.09109,0.08992,0.0891,0.08842678987724609,0.08802441632611645,0.0879272464836009,0.18089,0.17465690964915265,0.16851495280623535,0.16234,0.15649601250941034,0.15062,0.14532,0.13894,0.1332,0.12806138824969515,0.12274,0.11788380027931916,0.11307,0.10849052247133066
08-01-2026 15:05,25867.85,0.13369,0.12731,0.12359,0.11508,0.11119746668927721,0.10648,0.10299,0.10031,0.09867587419934008,0.09688895454165487,0.0951844905711309,0.09338,0.09204,0.09182,0.177,0.17062,0.16675,0.16034,0.15396,0.14916,0.14285824123586144,0.13662,0.13044,0.12476,0.11993953936341109,0.11500401676467711,0.11008,0.10543
08-01-2026 15:10,25878.85,0.12899,0.12152,0.115,0.11272,0.10893285452569879,0.1049175442488792,0.1008,0.09878686298448112,0.09645,0.09502408682360684,0.09346,0.09227651817209448,0.09113,0.09017902032840266,0.17776,0.1723550577754741,0.1668058766972278,0.1613,0.1552553772618983,0.14926,0.14305,0.13722,0.1313532425544558,0.12524,0.12102,0.11568,0.11072,0.10570858472891054
08-01-2026 15:15,25875.3,0.13029,0.11994,0.11446,0.11089519501198647,0.10697540923449503,0.10282,0.1004249783824609,0.09768,0.0959,0.0943339614209455,0.09259,0.09148,0.09008,0.09017,0.17687,0.17032,0.1654111735230791,0.16056,0.15484,0.14784,0.14252444880908907,0.13708,0.13105583604299487,0.12467,0.1203147391304208,0.11562,0.11074,0.10632578199941756
08-01-2026 15:20,25877.45,0.13005,0.12392,0.1134,0.10786,0.10513346251164621,0.10106,0.09813,0.09608,0.09453,0.0928996911765166,0.09119,0.09032,0.09001997173563621,0.089818100594406,0.17703,0.17111,0.16676228118292624,0.16272,0.15578,0.14932,0.14283,0.13697278772725086,0.13088,0.12505,0.1205493534489784,0.11589,0.11115404077302041,0.10639
08-01-2026 15:25,25872.2,0.12803,0.11592,0.11061,0.10494,0.10007,0.09820702892495367,0.09575567337607707,0.09347,0.0934,0.09218279520423744,0.09086,0.0897,0.0883,0.08906,0.18120769893179245,0.17433,0.16747,0.16002549178058817,0.15205,0.14934551574064558,0.14626,0.13817,0.1317286539537525,0.12504,0.12242,0.11678,0.11259,0.10775542169854929
09-01-2026 09:15,25899.85,0.13121958179484877,0.12727,0.12336336930038735,0.1194289626607669,0.11546519151574203,0.11149,0.10738750018647615,0.10327,0.10051,0.09754,0.09616,0.09438896276475263,0.09254,0.09073553598282684,0.17962750562852878,0.17371,0.1685,0.16185,0.1564434983505235,0.15102,0.14514197516313754,0.13935,0.13353,0.12681,0.12252,0.11718,0.11220807939421482,0.10734
09-01-2026 09:20,25916.2,0.13305,0.1116912358818234,0.09457,0.09091,0.08856,0.08824,0.08706,0.08685,0.08565,0.08530563221788917,0.08477,0.08448,0.084,0.08518,0.17816,0.17484,0.16986,0.1637155884653888,0.15773432402987073,0.15175,0.14643,0.14066755641540285,0.13492,0.12918,0.12338576106888702,0.11760812990941999,0.1118328943904088,0.10606508545407914
09-01-2026 09:25,25858.55,0.1343705706304931,0.12722,0.11909951058387253,0.11184,0.10806,0.10555,0.10180116803848871,0.0978,0.096,0.09457080026786005,0.09284,0.09082,0.08988,0.09067,0.1768,0.17023,0.16645,0.16052179930134994,0.15450629252250853,0.14865,0.14395,0.137,0.13104,0.1263580225022287,0.12145800669849291,0.1165,0.11188192329245734,0.10728
09-01-2026 09:30,25855.3,0.11631,0.11312956801511641,0.11012029409894689,0.10725837951961192,0.10451796838109333,0.10179,0.09982,0.09624,0.09472,0.09363812457440557,0.09232377672177675,0.09097,0.0906389895565401,0.09032,0.17635,0.17114,0.16663,0.15894,0.15504,0.14941768573272948,0.14360042493744513,0.1376179349154681,0.1317305102535501,0.12588,0.12172,0.1166,0.1125,0.10776
09-01-2026 09:35,25832.05,0.13099,0.12533768043516694,0.1200832879002891,0.11515630728833712,0.11021,0.10683,0.10345,0.10093657443248656,0.09841042624022357,0.09572,0.09481515966814169,0.09351,0.09197,0.09299,0.17503,0.17030334736869876,0.1652,0.15805,0.15336,0.14717,0.14198,0.13561,0.12998,0.12431,0.1199132255036392,0.11504,0.1104,0.10589
09-01-2026 09:40,25822.35,0.14028,0.15544,0.14081,0.13480571872823194,0.12990049373281554,0.1254497269952602,0.11972,0.11600269374666308,0.10968,0.10793984615681046,0.10475114955575592,0.10112,0.09868,0.09897,0.17414,0.16845,0.16395,0.15682,0.15185,0.14647,0.14004,0.13288,0.12687,0.12082,0.11665,0.11089,0.10643,0.10141
09-01-2026 09:45,25853.6,0.12218,0.14562,0.14179,0.12956,0.12341943091189393,0.11759,0.11166,0.10941156307026717,0.10425,0.10106,0.09868,0.09701,0.09465,0.0947,0.1758,0.16972,0.16473672125456243,0.1598,0.15345,0.14726505243237242,0.14116819143293374,0.135,0.12908,0.12396396313000116,0.11879,0.11381537215048043,0.10881221915742785,0.10386
09-01-2026 09:50,25857.2,0.14752,0.13801236392362104,0.1292,0.12471602522477299,0.11970386191553375,0.11474,0.10985,0.10596,0.10341563335005408,0.10069500259324662,0.09786,0.09569,0.09486808619106867,0.0942,0.17726,0.16998,0.16583,0.1598422829679451,0.15389,0.14876,0.14233758412643105,0.13581,0.13051855736215895,0.12506625631753915,0.11946,0.11480069563646747,0.10996,0.10532
09-01-2026 09:55,25884.0,0.13828233139795082,0.13078,0.12877,0.12194539825223519,0.11479,0.11041,0.10683,0.10269,0.09982,0.09704,0.09541,0.09358,0.09172,0.09189,0.1781993788064053,0.17206,0.16751,0.16047,0.1539,0.15059,0.14326,0.13759,0.13157,0.12543,0.12086129623066277,0.11582999469075649,0.11110851251035174,0.10705
09-01-2026 10:00,25894.2,0.12583,0.11041,0.10847,0.10661299317076461,0.10376,0.10087,0.09838,0.09637,0.09421,0.09310042886990044,0.09171,0.0903,0.08883,0.08974,0.17805594761227964,0.17232,0.1669266556960402,0.16134870055533912,0.15589,0.1497656727641292,0.14373,0.13851,0.13249,0.12646,0.12252,0.11687,0.11137970740554079,0.10616476524918142
09-01-2026 10:05,25862.35,0.14485,0.12893,0.13607,0.12919,0.1219101461860429,0.11590075394005386,0.1088,0.10481,0.1016,0.10011725576557379,0.09707,0.0948,0.09299,0.09339,0.17742,0.17239,0.16723,0.15954,0.15396,0.14826,0.14211,0.1363583015963779,0.1305,0.12458,0.11962736249821315,0.11443,0.11017,0.10536
09-01-2026 10:10,25871.6,0.12865482537877318,0.1223,0.1204,0.10981,0.1064,0.10257,0.10010310925694033,0.09732339093991785,0.09445,0.0929,0.09191,0.09124786723734082,0.09054748095330539,0.08995,0.17901,0.17304,0.16769,0.1604,0.1555,0.14960226156166317,0.1436145340520773,0.1376,0.13158,0.12554,0.12159,0.11609,0.11181,0.10716
09-01-2026 10:15,25866.2,0.13361,0.12299,0.11845,0.1129,0.1090028237845513,0.10452,0.10083,0.09703,0.09536,0.09384,0.09267205793564978,0.09137783827283782,0.09015,0.09082,0.17772,0.17268,0.16713,0.16003,0.1545679563801857,0.14903,0.14257,0.13707,0.13106,0.12554,0.12071,0.11517,0.11127,0.10691393929393855
09-01-2026 10:20,25855.2,0.14419365616832408,0.13817,0.13246,0.12533,0.11987,0.11347655390610731,0.10634,0.10345000339408697,0.09926,0.09696,0.09535,0.09359,0.09239,0.09265,0.17907,0.1733305674178655,0.1672872150948862,0.16128,0.15434,0.14824,0.14161,0.13586,0.12998,0.12342,0.11918,0.11401,0.10936,0.10442
09-01-2026 10:25,25858.65,0.15299,0.14411796486922607,0.13545,0.12845987078132456,0.12128877962496978,0.11408,0.10968,0.10496,0.10207,0.0998870820821788,0.0974718780769386,0.09509,0.09331,0.09272188459350589,0.17933,0.1743,0.1678683335861658,0.16154,0.15521716391365636,0.14896,0.1416,0.13626,0.13014,0.12433,0.11992,0.11431,0.10950248446334981,0.10487
09-01-2026 10:30,25876.25,0.13409841705789757,0.12319,0.12244,0.10581,0.10351928336574899,0.09806,0.09564,0.09339,0.09181,0.09045,0.08954,0.08872291749757802,0.0876,0.08862,0.18055,0.17554,0.16925,0.16352,0.15555,0.1500716261355451,0.14434,0.13813,0.13222,0.12616,0.12175,0.1172675164437244,0.11267,0.10792
09-01-2026 10:35,25856.25,0.13386,0.12186,0.11509,0.11409,0.11083,0.10442,0.10153,0.09794,0.09652,0.09387,0.0931,0.09174841702342355,0.09015,0.09111,0.17919,0.17291,0.16672890008967228,0.16049,0.15512,0.14911733828782914,0.14313,0.13717414906887782,0.13113,0.12585463500778976,0.12047927866077812,0.11514,0.11095,0.10594
09-01-2026 10:40,25848.5,0.13828,0.13072,0.12174,0.11733970087916315,0.1125561611476389,0.10807340243710492,0.10343,0.09947,0.09777949685547141,0.095949249323686,0.09413,0.09245,0.09219091090529559,0.09200818735796061,0.177,0.17175,0.16606884811957434,0.1605,0.15457,0.14841,0.14173,0.13616,0.13031,0.12505586813388417,0.11965,0.11418,0.10950095632830625,0.10499
09-01-2026 10:45,25856.0,0.13409816686623852,0.12691,0.12065763530950083,0.11480363921908568,0.10894,0.10426,0.10098909158298677,0.09729,0.09535,0.09318,0.09212,0.09157738930870088,0.0909404387767983,0.09047,0.17921,0.1731502035533662,0.16709,0.16105,0.15497,0.14836,0.1425568861674757,0.13662,0.13056,0.1252716023178474,0.11984,0.11436,0.10963555406142923,0.10507
09-01-2026 10:50,25857.85,0.12575,0.12071,0.10942,0.1029,0.10115,0.09755,0.09560275402112872,0.09361909208360927,0.0918090491283935,0.08997,0.08922643908079161,0.08859,0.0888992727173982,0.08927441119751398,0.17913,0.17318964779083287,0.16724,0.16116868765911282,0.15511,0.14851,0.14315,0.13715,0.1306,0.12494,0.12071,0.11531,0.11159,0.10663
09-01-2026 10:55,25829.65,0.12173,0.13509,0.1134,0.11215,0.10597,0.10186,0.10077062406579285,0.0963,0.09595842873096191,0.09307,0.0924,0.09151233781222207,0.09028,0.09146,0.17923389864965572,0.17234078057075453,0.16565,0.15919,0.15275,0.14645,0.14105,0.13537,0.12942,0.12438190331444657,0.11907,0.1146068604511774,0.11001,0.10509
09-01-2026 11:00,25812.95,0.1716930010505539,0.14272,0.11773,0.11095,0.10633,0.10370770743632751,0.10024490937456695,0.09664,0.09499,0.09329,0.09252,0.09146,0.0908,0.09218,0.17375,0.16891,0.1633058479259898,0.15801,0.15038,0.14383,0.13952,0.13385,0.12801,0.12298036037161769,0.11785,0.1131371525752351,0.10837492012706065,0.10372
09-01-2026 11:05,25810.2,0.13273,0.12537732929005896,0.11842,0.1140855772868184,0.10914,0.10591743050903252,0.10222,0.0984,0.09696,0.09459,0.09354,0.09227,0.09127,0.09265,0.1731,0.16780618334711928,0.16268885077346285,0.15782,0.1536,0.14333,0.13869136358222803,0.1334,0.12724,0.12214,0.11763,0.11213,0.10826,0.10406204035545932
09-01-2026 11:10,25819.45,0.12077964539443453,0.11504,0.11078,0.10650211049482824,0.10212,0.09707,0.09537297710522655,0.09292,0.09129,0.09002,0.08995533849099716,0.08945,0.08886,0.09057,0.17655,0.1704417033344778,0.16439,0.1585,0.15188,0.14781,0.14072,0.13474,0.1295186640113833,0.12416241706433696,0.11867,0.11354,0.10999,0.1061606446694332
09-01-2026 11:15,25805.3,0.12636,0.11857,0.1129,0.11045,0.10525,0.102442993938959,0.09905,0.09700762523370036,0.09436,0.0927,0.0923,0.09144,0.09179341365212211,0.09233,0.17514,0.16843,0.16398,0.1575,0.15204881060261924,0.14676,0.14006,0.1339,0.12835139402285045,0.12245,0.11782,0.11268,0.10864,0.10376
09-01-2026 11:20,25797.5,0.13231736294926888,0.12365,0.1158,0.11089158215076908,0.10532,0.10169,0.09969,0.0968,0.09541,0.09379,0.09248,0.09198,0.09139,0.09121216840992945,0.17105,0.17038,0.16344,0.15695,0.15129,0.1454,0.13908,0.13307,0.12716,0.12153,0.11701,0.11186,0.10775,0.10286
09-01-2026 11:25,25799.65,0.12813243783520264,0.12292,0.11743,0.11354532588405956,0.10964066647712271,0.10561,0.10227,0.09918,0.0971,0.09498,0.09443,0.09367495403395873,0.09254,0.0939,0.17719908532183862,0.17055,0.16436,0.15712,0.15146,0.14637,0.13926,0.13349,0.12769016412629686,0.12162,0.11711,0.11184,0.10706993581337383,0.10260070925622022
09-01-2026 11:30,25809.4,0.12857072295385122,0.12090390307007758,0.11577,0.10497,0.10617,0.09831,0.09527,0.09358,0.09225,0.09053,0.09061868833716315,0.08988,0.08972,0.09155,0.17384,0.16829,0.16279891798252188,0.157304240285929,0.15186,0.14628,0.14001,0.1343157954299975,0.12862431917490658,0.12291,0.11795,0.11335658772119378,0.10876459063149654,0.10429
09-01-2026 11:35,25776.0,0.12204284442668684,0.11701134785609811,0.1124,0.10826651927652091,0.1043,0.10156085974381428,0.09867642916253289,0.09582,0.09455,0.09282,0.09248,0.09187,0.09137,0.09117142954454298,0.17295,0.16871,0.16309401880394594,0.15746370478556185,0.1516326274729164,0.14588,0.13918,0.13343,0.12793591546922403,0.12214,0.11801,0.11312,0.10882659367272965,0.10467
09-01-2026 11:40,25764.3,0.12402,0.11908549034102987,0.11421944619277924,0.10938384128855333,0.10458,0.10002,0.09850946329250002,0.09678101348641338,0.0949,0.09302,0.09277,0.09217,0.09279647728094091,0.09368,0.17327,0.1679,0.1635,0.15682,0.15015,0.14304,0.13917,0.13286,0.12763627450594883,0.12246402246289459,0.11762,0.11278683327214219,0.10808592171315949,0.10356372489874528
09-01-2026 11:45,25759.6,0.1246,0.1174,0.1128888363688133,0.10788,0.10384,0.10107,0.09909,0.09739797044878024,0.09564199613605132,0.09381,0.09347924999140442,0.09289,0.0925,0.09251409902154348,0.17404,0.16779,0.16335,0.15714,0.15348,0.1448,0.13781,0.13273,0.1273,0.12195,0.11783,0.1135799789740831,0.10925,0.10483
09-01-2026 11:50,25748.85,0.11866428049254883,0.1156,0.11254306980426244,0.10947966620769445,0.10639,0.10327,0.10085,0.09895798977171219,0.09703196801224567,0.09501,0.09448966934945736,0.09372,0.09334,0.09275882926694094,0.17309,0.16704,0.16363,0.15588,0.14931002109770403,0.14262,0.13909,0.13266,0.12732,0.12158,0.11764,0.11272,0.10848959261538704,0.10442
09-01-2026 11:55,25747.75,0.12476,0.12003,0.11486135700662892,0.10947,0.10663207115694469,0.10313,0.10054704694557987,0.09761,0.09638,0.09487,0.09399,0.09403564096988401,0.09347,0.09537,0.18044363621678014,0.1728034122499923,0.1649,0.15866,0.15162778697868884,0.14464924201168736,0.13755,0.1327233030203182,0.12762,0.1229291034264553,0.11814,0.11370571248667885,0.10922,0.10487
09-01-2026 12:00,25743.15,0.13228,0.12221,0.11891,0.11635,0.1119604074478602,0.10741,0.10468138351933773,0.10170242662230386,0.09866,0.09675,0.09587,0.09553930104376751,0.09475,0.0964,0.1715656572144792,0.16802,0.16358,0.15848,0.15158,0.14386,0.1380882155707294,0.13202,0.12579,0.12008,0.11549787108573986,0.11067,0.10671,0.10315427005882932
09-01-2026 12:05,25753.7,0.12165,0.12006,0.1133,0.10895921445101822,0.10417,0.10205,0.09949,0.09693,0.09573664515392548,0.09403,0.09353,0.09325,0.09313,0.09280305548724849,0.17411,0.16841,0.1647,0.15928,0.15238,0.14468,0.14064,0.13363,0.12830245192190814,0.12301703674488604,0.11758,0.11330647565383078,0.10889,0.10423
09-01-2026 12:10,25746.8,0.11672,0.11435,0.10901,0.10609061596921865,0.10277,0.10029,0.09794,0.09663734327644852,0.09496,0.09365,0.09328,0.0936378806347423,0.0935,0.09519,0.17406,0.1685,0.16421,0.15788489434596809,0.15155495933312252,0.14517736680571358,0.13886,0.13416,0.12796,0.12188,0.11816,0.11283,0.1091,0.10466
09-01-2026 12:15,25744.0,0.1284,0.11526,0.11198760771035302,0.10793983658732088,0.10388,0.10155,0.09961960938926823,0.09761811599691483,0.09568,0.09451,0.09370052170513173,0.0932825555491175,0.09324720404553798,0.09359899154318048,0.17503016166154411,0.16926,0.16352,0.15740873076444478,0.15127495432794164,0.145107448032382,0.13887939771542177,0.13277,0.12678,0.12097,0.1169,0.11181,0.10814,0.1035
09-01-2026 12:20,25738.7,0.11805,0.11418,0.10967796295088356,0.10497,0.10187,0.09897,0.0973,0.09516,0.09412,0.09381028045421201,0.09295,0.0933,0.09377,0.09568,0.17311,0.16962,0.16271963619526433,0.15587,0.15058,0.14357,0.13789,0.13214,0.12587,0.12118716855347647,0.11642511959729404,0.1116,0.10755277901022817,0.10358
09-01-2026 12:25,25737.5,0.10941,0.10511,0.10629,0.09865,0.09742,0.09601,0.09433,0.09271,0.09230042054035395,0.0914,0.09129,0.09187,0.09267,0.09383130763660154,0.17366,0.16534,0.16391,0.1569,0.15027953689616907,0.14376,0.13862855610060804,0.13292,0.12727805492645972,0.12104,0.11744,0.11276,0.10865531431747802,0.10484
09-01-2026 12:30,25724.25,0.11536,0.11023,0.1069,0.10431,0.10061,0.09884,0.09649,0.09464,0.09413074603737787,0.09313,0.09304,0.09347,0.09418138656849959,0.09539317158020394,0.17773743996892225,0.17036582798168665,0.16377,0.15531,0.15051,0.14394,0.13815586623927828,0.13229,0.12577,0.12044,0.11671,0.11259928457870585,0.10843,0.10494460017176402
09-01-2026 12:35,25712.65,0.11323,0.10829,0.1045,0.10192,0.09951,0.09811043745167111,0.09626,0.09552711872062512,0.09436,0.09358,0.0939,0.09457,0.09611258450144688,0.0979,0.17528,0.16956,0.16529,0.15902441525398245,0.153,0.14622241166013777,0.13946,0.13458,0.12846,0.12430466706166507,0.11983,0.11583654378463934,0.11176,0.10717
09-01-2026 12:40,25689.45,0.11739,0.11336,0.10882,0.10546,0.10281,0.10124,0.09950591348677079,0.09745,0.0966,0.09654635968189401,0.09592,0.09656,0.0978,0.09994,0.1751,0.17006,0.16506,0.15851277383373202,0.15211,0.1458575776135433,0.13954,0.1342,0.12763,0.12249,0.11887,0.11394,0.11,0.10574
09-01-2026 12:45,25685.25,0.10932,0.10523279595435184,0.10217,0.1025,0.10058,0.09941923381086437,0.09819332300844438,0.0970694305734609,0.09610061254151847,0.09488,0.09577,0.09679,0.09847671080575494,0.10032,0.17535,0.17028600848586217,0.16505,0.1584320124901053,0.15186831458651068,0.14521,0.13955078261263515,0.13377,0.12754,0.12272,0.11887,0.11426,0.11071,0.10650814790860584
09-01-2026 12:50,25678.5,0.12829,0.12175171569820395,0.11553,0.1116497386691484,0.1072,0.10395,0.10167,0.10046787914823299,0.09878,0.09762,0.09836764912489884,0.09849,0.09949,0.10145,0.17822654763310344,0.17056,0.16233,0.15592673631546483,0.14938,0.1421964903538266,0.13477,0.13075,0.1244,0.11944,0.11544,0.11085,0.10713581699560297,0.1036295771120925
09-01-2026 12:55,25695.15,0.12027,0.11243,0.11052,0.10742,0.10497541269788838,0.10245624989661346,0.09972,0.09771,0.09703,0.09608,0.09627,0.0968,0.09761,0.09973,0.17501,0.17181,0.16434,0.1578271401130431,0.15145,0.14496,0.13844,0.13289863668525764,0.12703,0.12174,0.11751932311954581,0.11301,0.10916,0.10509
09-01-2026 13:00,25694.0,0.11636059138458643,0.11285,0.10979,0.10675,0.10419977725797729,0.10131,0.09986544495642471,0.09794,0.09704,0.09577,0.09623,0.09692,0.09828150803523478,0.09985,0.17567,0.17174,0.16532,0.15674,0.15090277136102553,0.1449472183066949,0.1389,0.1333,0.12729,0.12233,0.11798,0.11376542359172173,0.10951263387854525,0.10531
09-01-2026 13:05,25687.3,0.12379943734177842,0.11865,0.11451,0.10988,0.10627,0.10377,0.10167,0.09932,0.09825142491236777,0.09691,0.09726,0.0972327143249897,0.09797539939740232,0.09931300312027382,0.17521,0.17009867791160854,0.16483,0.15826083942248217,0.15176,0.1455205728770055,0.1392845617293515,0.13305,0.12682,0.12207242226190634,0.11740044474741618,0.1128623813803904,0.10859691038048203,0.10469
09-01-2026 13:10,25691.5,0.12284906006239638,0.11744,0.11545,0.11080840762230429,0.10596,0.10369958782308569,0.10088,0.09976784710821718,0.09821,0.09779927335941715,0.09704,0.09744,0.0987592260565267,0.10037,0.17552,0.16948,0.16363656804798754,0.15778278682933772,0.15197,0.14564514849719057,0.13936,0.13369,0.12693,0.12183,0.11751,0.11275,0.1095,0.1049
09-01-2026 13:15,25696.8,0.12103,0.11631586002465441,0.11193,0.10906,0.10638,0.10433381101756442,0.10224295606069037,0.10042626935819951,0.09865,0.09840486843840729,0.09805390837839015,0.09762,0.09831,0.10017,0.17556,0.16988,0.16483,0.15826562182041326,0.15176,0.14575218853299138,0.13974878745843994,0.13366,0.12696,0.12177,0.11768,0.11275,0.10856388875447148,0.10454
09-01-2026 13:20,25704.7,0.12144891312602907,0.11566,0.11049,0.10641,0.10418688869603096,0.10168463678710418,0.09899,0.09758,0.09689,0.09572,0.096,0.09672,0.09757,0.09942,0.17485,0.16771,0.16437,0.15824608696464143,0.15238,0.14601,0.13882,0.13355,0.1271,0.12201,0.11774,0.11275,0.10861274154943129,0.10466
09-01-2026 13:25,25701.95,0.12224,0.11732470455186761,0.11251,0.10795,0.10587385616480886,0.10355594150996209,0.10117,0.09904,0.09814939739866435,0.09694,0.09738787024458445,0.09733,0.09843,0.09979258129053668,0.17541,0.16753,0.16479,0.1582342096471246,0.15179,0.14545,0.13938,0.13360261874816554,0.12732,0.12201,0.11797,0.11302,0.10946,0.1055796373838312
09-01-2026 13:30,25705.5,0.11593,0.10972,0.10335,0.10307,0.10146098970118567,0.09935559083500772,0.09718,0.09649065768294564,0.09555,0.09465,0.09545951841958855,0.09588,0.09737680778790961,0.09903,0.17569,0.17073,0.16537,0.15682,0.15272,0.14661769330697494,0.14043,0.13448224757688026,0.12859,0.12430615850238969,0.119913139269313,0.11561339911747234,0.11129,0.10651
09-01-2026 13:35,25704.05,0.12743,0.1219273760136772,0.11683634038469139,0.11167,0.10775,0.10526,0.10226,0.10109930097172093,0.09945,0.09890655443291649,0.09781,0.09861838737269493,0.09904,0.10073,0.17428,0.16907145300873624,0.16374,0.1573695813110069,0.15106,0.14576,0.13960829951731316,0.13336143446703996,0.12717477247044234,0.12096,0.1165,0.11202,0.1086,0.10520941901360405
09-01-2026 13:40,25707.75,0.10972,0.10669489403911048,0.1037,0.10107453858729515,0.09823,0.09644,0.09503,0.0943,0.09393,0.0941822744420522,0.09384,0.095,0.09637,0.09805851096928243,0.17513,0.16888,0.16236911637024917,0.15582,0.15254,0.14666404409752276,0.14055543928748443,0.13431017594806854,0.12819,0.12362,0.11915530568575765,0.11463,0.11134,0.10762870665542568
09-01-2026 13:45,25683.75,0.11493716381072382,0.11147,0.11084,0.10705,0.10388,0.10133,0.09953,0.09777,0.09708902467051253,0.0957,0.09627,0.09717,0.09848,0.10032,0.17398,0.16871985684742247,0.16334,0.15700408701002214,0.1507,0.14476103379867705,0.13876234941422116,0.13281919641349035,0.12693771597625295,0.12138,0.11727,0.11252,0.10907,0.10425
09-01-2026 13:50,25682.0,0.11444,0.11369,0.11015292301251776,0.10631729776482492,0.10242,0.10013,0.09866255823365183,0.09695,0.09655,0.09663279371024872,0.09612,0.09718,0.0986,0.10046,0.1721765355138862,0.1658,0.16322,0.15392,0.15058,0.14454,0.13837,0.13319,0.12833215136938436,0.12319716163926045,0.11776,0.11325,0.10975,0.1051
09-01-2026 13:55,25665.25,0.13117,0.1252340717299798,0.11981843959832453,0.11480512695468423,0.10983,0.10688,0.10407,0.10189,0.10099,0.10070547588996923,0.10029040298549406,0.10003,0.10083689402024543,0.10204958411634828,0.1725,0.1646,0.1599931703989924,0.15528,0.14904,0.14288,0.13651,0.13106,0.12472,0.12043703192221154,0.11552,0.11076,0.10706,0.10236
09-01-2026 14:00,25689.05,0.11498,0.1132,0.10976490405554082,0.10624375089762869,0.10267,0.10027,0.09877523354166898,0.09693,0.09642868672109449,0.09531,0.0958,0.09696,0.09858,0.10034,0.17441,0.16895,0.16408,0.1571,0.15127885194194557,0.14553603554739952,0.1398102491666982,0.13398,0.12735,0.12225,0.11836,0.1135,0.10940208802447371,0.10547
09-01-2026 14:05,25678.55,0.12608535868986734,0.12009,0.11484254753570296,0.10995,0.1064,0.10305,0.10082,0.09954,0.09859,0.09715,0.09738,0.09828,0.09941,0.10108,0.17367,0.16886,0.16361,0.157067815829809,0.15061,0.14467915717355423,0.1387497664916147,0.13275,0.12639,0.12198561650678005,0.11734,0.11309208906798907,0.10876,0.10422
09-01-2026 14:10,25674.05,0.11993,0.11279262623437411,0.10659,0.10524495458049468,0.10293,0.1001,0.09781,0.09679,0.09658,0.0955,0.09608,0.09659674898283653,0.09758624073375892,0.09899962916583999,0.17391,0.16854,0.16343,0.155,0.15065,0.14493197304222516,0.13903963131986613,0.13304,0.12686,0.1227303981465413,0.11832,0.11367,0.11005,0.10553
09-01-2026 14:15,25669.0,0.11382,0.11203,0.10784,0.10536591266938733,0.10262,0.10114,0.09873,0.09801596092567293,0.09676,0.09572,0.09619,0.09744,0.09886,0.10039,0.17803069653308062,0.1706347233158652,0.16336,0.157,0.1504,0.14252,0.13853,0.13282,0.12685,0.12213,0.11774,0.11297,0.10935,0.10483
09-01-2026 14:20,25668.65,0.11482403023537743,0.11177,0.1089692189878943,0.10614,0.10316,0.10092,0.09864,0.0978896279386014,0.09687010168404593,0.09562,0.09597,0.09731,0.09845,0.10029,0.17337,0.16979,0.16261,0.1564726132673009,0.15026,0.14472187975413964,0.13899597082243295,0.13298,0.12675,0.12197954868176158,0.11772,0.11170924233561919,0.10660638077825998,0.10162294955885859
09-01-2026 14:25,25671.35,0.1142136820964769,0.10996166184930424,0.10674,0.1025,0.10065642719631002,0.0984,0.09697,0.09582,0.09539,0.09442,0.09527,0.09674113909972402,0.09792,0.09983,0.17321,0.17,0.16342,0.1570850058677014,0.1508093338872321,0.144693549599634,0.13865,0.13359007098958064,0.12857678340259998,0.12367619532826707,0.11872,0.11392,0.11039,0.10663391038230802
09-01-2026 14:30,25652.65,0.1269,0.12014583363444056,0.11398,0.11125168484370276,0.10811061562792192,0.10499,0.10242,0.10106514151594582,0.09938,0.09808,0.0983,0.0994808684520727,0.10044,0.102,0.17453,0.16863,0.16177389872934006,0.15484,0.14878983515973357,0.14255,0.13683,0.13116949656821347,0.12523,0.12042,0.11625,0.11135,0.10737,0.10319
09-01-2026 14:35,25659.1,0.12071,0.11683,0.1133,0.1082,0.10504,0.10308705989361885,0.10078196762152404,0.09844,0.09796,0.09651,0.09719,0.09831,0.09967,0.10142,0.17291,0.16652,0.16282,0.15575,0.1496056657269322,0.1436369789766433,0.13757,0.13220701000576807,0.12674327011026237,0.12136,0.11741,0.11274,0.10862369994836367,0.10462
09-01-2026 14:40,25650.4,0.12121237576440612,0.1173878914947885,0.11374,0.1103,0.1073577349070827,0.1044901115429807,0.10153,0.1002417736128687,0.09863,0.09850028569403547,0.098,0.09876,0.09993115604703512,0.10178242775714946,0.17537192636870486,0.16954779403906658,0.16305,0.15801,0.15037,0.1438860100009754,0.13719,0.13241,0.12685673577790657,0.12102,0.11697,0.11206,0.10843,0.10422
09-01-2026 14:45,25668.25,0.11893,0.11450163863855606,0.11041,0.10761,0.10500839117275787,0.1021,0.09986,0.09815,0.0978,0.09646,0.09737243572460026,0.09755,0.09897,0.10073,0.17396,0.16722,0.16383,0.1562,0.1508,0.14406,0.13844554295274378,0.13273702786625288,0.12721648849191652,0.12162,0.11754,0.11257,0.109,0.10484
09-01-2026 14:50,25663.45,0.11923,0.1159,0.11115,0.10822,0.10457,0.10245,0.10011,0.09834,0.09778107972316862,0.09664,0.09701,0.0982381415863944,0.09928,0.10092,0.17416,0.16830222414712553,0.16244644909038788,0.15667,0.15093,0.14334,0.13817,0.13298,0.12678,0.12237707968980488,0.11772,0.11341234349622704,0.10912,0.10516962755477564
09-01-2026 14:55,25674.9,0.11822,0.1133,0.10902,0.1054,0.10345172327369914,0.10099,0.09814,0.09783577206394134,0.09696,0.09556,0.0958,0.09655,0.09817119310764504,0.10004,0.17375,0.1680695580845471,0.1623782651349892,0.15674,0.15109,0.14426,0.13849,0.13284,0.12678,0.12229853013678135,0.11762726332590737,0.11291,0.10919,0.10506
09-01-2026 15:00,25668.55,0.12334,0.11686,0.11301843794277425,0.10907,0.10649369171881902,0.10353947559484247,0.10088396099840691,0.09847,0.09805,0.09666,0.09714,0.09787,0.09934,0.10113759993060586,0.17385,0.16679,0.16174256529673492,0.15668,0.15036,0.14393727858633515,0.13746,0.1327,0.12641,0.12116,0.1168107763888854,0.11209,0.10836,0.10429
09-01-2026 15:05,25679.0,0.12261,0.11496,0.11263,0.10917,0.10600599065192345,0.10242,0.10077428444961826,0.0985,0.09781,0.09643,0.09701,0.09746,0.09913,0.10079989835365104,0.17315,0.16824,0.16306,0.15652,0.15015816214466737,0.14389609192054967,0.13757,0.13236,0.12621,0.1212,0.1166,0.11165,0.10719184775072982,0.10268275324554116
09-01-2026 15:10,25688.85,0.11934248694728507,0.11582,0.11321,0.10988,0.10583,0.10386,0.10089,0.09887,0.098,0.09658,0.09768805508016644,0.09841605921929175,0.09912,0.10076,0.1732651347236872,0.16743,0.16166812176668527,0.1558350223606147,0.15002,0.14398,0.1376,0.1327,0.127592077548754,0.12237609775621333,0.11718,0.11255,0.10759914693182235,0.10289537234668159
09-01-2026 15:15,25690.6,0.11477975146878858,0.1108,0.10787,0.10435,0.10131,0.10057,0.09761,0.09715341610726747,0.09634584296772139,0.09521,0.09612,0.09663,0.09878,0.10097,0.17363,0.16809,0.16381,0.15799,0.1515343022573294,0.14523692323566378,0.13885,0.13341102115250636,0.12782,0.12317852269563194,0.11865,0.1145853103172714,0.11094851525329305,0.10769078079509088
09-01-2026 15:20,25695.2,0.11583877847323625,0.11285459634760392,0.1099914798459619,0.10723,0.10496488099769086,0.10272,0.10075508139592035,0.09868,0.09815,0.09772575655209832,0.09688,0.09766,0.09924,0.10119227819265357,0.1738856776257975,0.16844,0.16244759939346462,0.15679,0.15261,0.14593,0.14029,0.13487,0.12864,0.12393861165934444,0.11896,0.11474338329659292,0.11059,0.106667393704382
09-01-2026 15:25,25688.2,0.13292,0.12614,0.12044,0.11671742387197587,0.11233,0.10939,0.10641,0.10353,0.10243462571197678,0.10107410046970697,0.09965,0.09992,0.10141173266236636,0.10334,0.17462,0.16795,0.16501,0.15885413942959287,0.15261203459402398,0.14643,0.14058264095497663,0.13467,0.12881,0.12288,0.11896,0.11425308749636576,0.10955,0.10414
12-01-2026 09:15,25657.45,0.11489974811521134,0.11324,0.11181,0.10923,0.1072464972603569,0.10512,0.10354,0.1025,0.10304263370853095,0.10320817440539609,0.10287,0.10466,0.10656,0.10945,0.1905,0.18496,0.1765336633454883,0.16792,0.16397,0.15764,0.15163882874496043,0.14559,0.13863,0.13422,0.12931,0.1250645391733322,0.1207,0.11627
12-01-2026 09:20,25594.15,0.12500563706015358,0.12206,0.1163,0.1162,0.11415352670658961,0.1116,0.11032725677188628,0.10867,0.10825,0.10783,0.10912,0.11053,0.11293,0.11544519364750351,0.18837,0.18239801889583473,0.17641,0.17045,0.16316488539270013,0.15582,0.14937,0.14418,0.13870873044384946,0.13308,0.12835071504681067,0.12372,0.11939968210243411,0.11543237944745036
12-01-2026 09:25,25548.3,0.13463,0.13255,0.12802813928358203,0.1233676964931526,0.1187,0.11659,0.11482882710832934,0.11275,0.11187,0.11185,0.11353475262338855,0.11469,0.11707,0.12066,0.18706,0.18142,0.17544,0.16842,0.16152,0.15484,0.149227676600798,0.1434,0.13738,0.13253620914855285,0.1276132715309497,0.12272,0.11844,0.11437142622933671
12-01-2026 09:30,25559.65,0.1400557435910717,0.13513,0.13053,0.1269880455085319,0.12350707652345773,0.11992,0.11773489194265632,0.11528,0.11484404609823859,0.11364,0.11513119652283055,0.11596,0.11845,0.12193,0.18674,0.1809750919353415,0.17477309123393306,0.16872,0.16123,0.1546,0.14909016708056785,0.14294,0.13719820400631993,0.1307,0.12579,0.12049,0.11614,0.11154
12-01-2026 09:35,25575.3,0.14006,0.13464,0.12761,0.1248,0.12047,0.11856571279554767,0.11637712731038202,0.11446187224088099,0.1125,0.11211,0.1133283539705277,0.11439,0.11676,0.11954940913949366,0.18503,0.17949680174620514,0.17376,0.16686,0.16,0.15408,0.14815,0.1427441094548882,0.13728920196855923,0.13189431610099966,0.12645,0.12142,0.11700281595397849,0.11271
12-01-2026 09:40,25569.55,0.13261175088948943,0.12814,0.12416455333108034,0.12038,0.11743,0.11497,0.11236,0.11184507020015791,0.11045,0.11015,0.11133,0.11332,0.11595,0.1195,0.18611,0.1801092244784997,0.17401161835562395,0.1679,0.16147,0.15561042430536132,0.14974,0.144424966430663,0.1390247624243271,0.13368332376631478,0.12831,0.12336,0.11915,0.11505
12-01-2026 09:45,25560.8,0.14288,0.13986,0.13543,0.13261,0.12714,0.12351,0.11999,0.11711,0.11638481691058182,0.11475,0.11528,0.11638,0.11833385393991494,0.12088083705419907,0.18657,0.18080767025011066,0.17502,0.16911,0.16194,0.15526,0.14912,0.14334,0.13702,0.13124,0.12593785462648935,0.12046,0.11555179230334373,0.1107
12-01-2026 09:50,25588.7,0.13697,0.13079,0.12685396237963437,0.12286865771946062,0.11879,0.11587,0.1133,0.11241249971349905,0.11126544667773064,0.10979,0.11073,0.11209,0.11424,0.11709683369577908,0.18788,0.18272,0.17674,0.17095,0.16415028709294666,0.1574,0.1512,0.14541878831142993,0.13945,0.13402,0.12872,0.12413111053565073,0.11951430134458048,0.11512
12-01-2026 09:55,25588.5,0.12519,0.11951,0.11676328109182246,0.11372,0.11107,0.10998352098127286,0.10868762340762311,0.10761219414783059,0.10652,0.10686,0.10856101529356642,0.11001,0.11313840554780491,0.11653,0.18865212120982444,0.18242,0.17742,0.17095,0.1641,0.15841,0.15246,0.147,0.14067,0.13527,0.13053,0.12529,0.12003376375439964,0.11494799201164586
12-01-2026 10:00,25564.15,0.14344152544634903,0.13787,0.13159,0.12824,0.12398,0.12082165663554391,0.11732,0.1157463095580556,0.11375,0.1145353062292433,0.11474572750401951,0.11464,0.11676,0.12025,0.18474,0.18026,0.17374,0.16725,0.1605,0.15419,0.14812,0.14258,0.13552,0.1301,0.1250009247656791,0.11957,0.11465,0.11054
12-01-2026 10:05,25588.7,0.13313,0.12825,0.12214,0.11971,0.11604,0.11335,0.11194713141552466,0.11031765726542953,0.10861,0.10851,0.11000048122235404,0.1111,0.11368,0.11713,0.18794,0.1826830317603368,0.17721,0.17052,0.16393,0.15746771442139856,0.15106,0.14534627677221715,0.13964717566470447,0.13399124338103016,0.12846173885784554,0.12301,0.11852,0.11416450725736058
12-01-2026 10:10,25566.95,0.1341,0.127,0.12233,0.11981642983689789,0.11691867168523065,0.11383,0.11152,0.10984,0.10919,0.10922,0.11084,0.1132935077235841,0.11567987660732415,0.11835,0.18718,0.18098,0.17491756013422083,0.1688593333416833,0.16279,0.15669426645530288,0.15058,0.14488,0.1391365793750964,0.1334105615507018,0.12756,0.12278266569272944,0.11787,0.11383
12-01-2026 10:15,25557.55,0.14588,0.13846,0.13169,0.12799,0.12354,0.1200382828285723,0.11606,0.11398,0.11331760864844553,0.11213,0.11292000622749257,0.11392,0.11578409558433479,0.11849072566708999,0.18680847569344733,0.18007,0.17472,0.1676,0.16109,0.15445,0.14828,0.1419731928976592,0.13556,0.12978,0.12322217713170233,0.11698311185789623,0.11076468121522282,0.10456820879975283
12-01-2026 10:20,25583.3,0.1316235100823713,0.12801,0.12396,0.12163,0.11835979680506106,0.11486,0.11166,0.11001,0.10913,0.10842,0.10982,0.11101,0.11329828564327298,0.11620844748907788,0.18773,0.18245598741633695,0.17694,0.17023,0.16359743480673256,0.15691,0.1507,0.14521,0.13843,0.13265,0.12770508260618943,0.12260111186902856,0.11752,0.11314
12-01-2026 10:25,25574.15,0.1435335332349962,0.13623,0.12967,0.12376,0.11887,0.11599,0.11462820991911785,0.11286930397523576,0.11131851898280787,0.1095,0.11075,0.11194,0.11423,0.11789,0.18791551849803068,0.18134,0.17618,0.16883,0.1626,0.15650925507288643,0.1503497192505283,0.14418,0.13768,0.13146,0.12617,0.12145885165512238,0.11655,0.11219
12-01-2026 10:30,25584.2,0.12937544993159547,0.12478,0.1213,0.11695,0.11385,0.11154,0.10967301471562482,0.10727,0.10654,0.10672,0.10839338468509618,0.10943,0.11229,0.11575,0.1885,0.18296457738098376,0.17719,0.17009,0.16362,0.15743,0.15109,0.14515734927394797,0.13905,0.13309,0.12789,0.12327829738194876,0.1185,0.11429
12-01-2026 10:35,25564.75,0.13492,0.1278,0.12421856181914831,0.12019,0.11652,0.11398132473031325,0.11093,0.1091,0.10819,0.108,0.10958768640187029,0.11056,0.11374980297983506,0.1173,0.18742,0.18134,0.17634,0.16927,0.16235,0.15578,0.14955,0.14395,0.13786572605648778,0.13153,0.12646,0.12132,0.11691,0.11272
12-01-2026 10:40,25572.4,0.13601,0.13046662385457886,0.1253851974189456,0.12065830834366195,0.11599519894399703,0.11195,0.1096,0.1079,0.10715,0.10698,0.10851,0.11110049270843286,0.11363003101788391,0.11652,0.18839,0.1817,0.17701,0.1702,0.16316,0.15689,0.15047,0.14502,0.13819,0.13259,0.12758,0.12226,0.11727562583644385,0.11257831468901605
12-01-2026 10:45,25556.8,0.1375,0.13167,0.12703,0.12366,0.119,0.11582,0.11307,0.11089,0.11068110280789148,0.10963,0.11153215873201507,0.11314119650469831,0.11478,0.11859,0.18805409814035884,0.1813,0.17556,0.16825,0.16157,0.15509,0.1491369812909517,0.14305,0.13636,0.13061,0.12534,0.11996,0.11549671705122105,0.11122
12-01-2026 10:50,25579.85,0.1222,0.11899,0.11375,0.11233197850781945,0.11050849170938237,0.10858,0.10623,0.10551712304041022,0.10456,0.10457,0.10628399795974355,0.10826530132842874,0.11086,0.11437598241092788,0.18856,0.18324710274569853,0.17769,0.17077,0.16419,0.15777619157961542,0.1512,0.14545,0.13918,0.13364,0.12852,0.1236911453749725,0.1187,0.11488
12-01-2026 10:55,25554.9,0.12813,0.12435,0.12022,0.11727024105877307,0.11395,0.1115,0.109,0.10761,0.10696,0.10694,0.10826844334379274,0.1101,0.11271527324090652,0.11619044725151044,0.18701,0.18147,0.17517538102540697,0.16884878135707165,0.16253,0.15630857323209826,0.15009988642724975,0.14384,0.13698,0.13174,0.12693725069961317,0.12205680531614921,0.11732,0.11323561762970909
12-01-2026 11:00,25550.75,0.13030174993681778,0.1261,0.12269541898496879,0.11932,0.11629257360661821,0.11307,0.11061,0.10912,0.109039723762997,0.10824,0.10971,0.11235172784687358,0.11500851121177941,0.11807,0.18715899351134715,0.1807,0.17436365727598918,0.16802,0.16163,0.15508,0.14859,0.14247322057506645,0.13622,0.13101,0.12630383561011616,0.12159888631382347,0.1169727089443312,0.11248
12-01-2026 11:05,25538.1,0.13225324446668402,0.12782,0.1236,0.12054660399411087,0.11747254855452836,0.11466660119673106,0.11172,0.11048726181875781,0.10916,0.10888,0.1104,0.11198,0.11491,0.11861,0.18486,0.17966,0.1739,0.1671897196931632,0.16062,0.15433,0.14776,0.14223,0.1365989534585313,0.13088264154697601,0.12502,0.11987,0.11562,0.11145
12-01-2026 11:10,25544.8,0.12709551331071905,0.12331,0.11988063027851747,0.11651,0.11347,0.11101,0.11021143779622694,0.10914523851836506,0.1082358702142755,0.10691,0.10852,0.11041,0.1133,0.11741,0.18527,0.18024,0.17423,0.16813,0.16113,0.15506,0.1490094320042996,0.1428794454118835,0.13663,0.13121,0.1263,0.1209,0.11684598093116771,0.11303
12-01-2026 11:15,25528.8,0.12595,0.1217,0.11891996407782558,0.11598,0.11333,0.11169507061159276,0.10997554480989818,0.10818,0.10776,0.10901842371023321,0.10975,0.11188,0.11487,0.11907,0.18365,0.17806940466246218,0.17235,0.16591,0.15971,0.15341,0.14744,0.14174,0.1353,0.1302,0.12548,0.12065,0.11628,0.11298
12-01-2026 11:20,25512.25,0.13111,0.12465,0.11983,0.11831,0.11531,0.11282,0.11091,0.10965,0.10944,0.10972,0.11151,0.1133,0.11665315193192607,0.12045,0.18148,0.17667,0.17081,0.16375,0.15824,0.1518,0.14588,0.14013,0.13384,0.12869,0.1240363726304923,0.11902,0.11468,0.11114
12-01-2026 11:25,25509.25,0.12887,0.1246,0.12149831024613435,0.11832806584665612,0.11534715188236216,0.1123,0.11069,0.10934,0.10911,0.10999,0.11181,0.11361,0.11695,0.12117,0.1826249070670585,0.17614,0.1707,0.16363,0.157591924426855,0.1515680020187922,0.14553,0.13962,0.13348,0.1286447795236036,0.12369545573611287,0.11867,0.11474,0.11088
12-01-2026 11:30,25496.15,0.12283,0.11979,0.11693,0.11543,0.11285,0.11124,0.11003,0.10937,0.10944,0.11028,0.11224,0.11446,0.11778,0.1215844597304842,0.18198,0.1761762377449015,0.17039247050013476,0.16462,0.15892,0.15280808743181518,0.14665,0.14131,0.13519,0.13044,0.12596,0.12101,0.11711,0.1142
12-01-2026 11:35,25487.1,0.13031980255885878,0.12571748399090382,0.12167557330107448,0.11806,0.11556265695478586,0.11321,0.11195057456062002,0.11034,0.1103,0.11119,0.1131,0.11494,0.11853,0.12292,0.18093,0.17561,0.17024,0.16314,0.15713227154303938,0.15104,0.1452790317859571,0.1394,0.13317,0.12848866346253526,0.12347,0.11938211674738772,0.11508,0.11171
12-01-2026 11:40,25485.45,0.12394720029586857,0.12228367553366445,0.12019,0.11832,0.11599,0.11366,0.11195,0.11111,0.11123,0.11201,0.1137,0.11586,0.11937,0.12337697440065215,0.181475312679269,0.17563,0.17025,0.16382,0.157720352450049,0.1515979848536595,0.14554069409072173,0.1395025147902019,0.13359,0.12863,0.12393,0.11956,0.11582662451560082,0.11221
12-01-2026 11:45,25476.55,0.13517,0.12957,0.1266783732268993,0.12351,0.11952,0.11682,0.11481,0.11361,0.11317,0.11357,0.11488,0.11688,0.11992,0.12409,0.17981447144168064,0.17461,0.16924,0.16263789893002617,0.15605,0.14943,0.14365,0.13787,0.13125,0.12603,0.12139,0.11699,0.1129,0.10915
12-01-2026 11:50,25491.7,0.1293,0.12492,0.12093,0.11849,0.11609715048652398,0.11342,0.11276228149316289,0.11167925925303473,0.11052,0.111,0.11288,0.11575479119932067,0.11826,0.1227,0.18185,0.17606698241030366,0.17019,0.16354226220562573,0.15692,0.15086,0.14518591697126743,0.13939,0.13412595487426793,0.12876080664872924,0.12333,0.11901,0.11499,0.11149
12-01-2026 11:55,25495.85,0.13106,0.12537,0.12187,0.11957,0.11614,0.1143643383083935,0.11205,0.11089,0.11149728373368445,0.11102,0.11273,0.11467,0.11789,0.1213618851338598,0.18173,0.17556,0.16956792562023568,0.16363,0.15731,0.15068,0.14477,0.13922,0.13293,0.12806544134322226,0.12291,0.11876521024368847,0.11471,0.11118406173380437
12-01-2026 12:00,25499.2,0.12806,0.12433,0.12117879709795815,0.11788,0.11466,0.11248,0.11083,0.11069728740148752,0.10963,0.11033,0.11191,0.11395,0.11737,0.1217,0.18155,0.17572,0.1701,0.1634055531443937,0.15677,0.15024,0.14471855911157572,0.13903,0.13336513428993918,0.12752,0.12279,0.11881269392978469,0.115,0.11181751420872874
12-01-2026 12:05,25507.65,0.13197,0.12643,0.12244,0.11943487444113382,0.11613,0.11407,0.11339279197759516,0.11249379358480718,0.11172582456772182,0.11061,0.11212,0.11396,0.11724,0.12139,0.18194,0.1763,0.16974266763055335,0.16326,0.15656,0.14995,0.14383,0.1381,0.13178,0.12652,0.12189,0.11770634141791833,0.11337,0.10923
12-01-2026 12:10,25526.3,0.14473,0.1426,0.13664,0.13244,0.12752,0.12306,0.1205486483556973,0.11725,0.11547,0.11434,0.11579672071046733,0.11631,0.11832,0.12241,0.18534655520170806,0.17793879729724177,0.17031,0.1638,0.15654686176049076,0.1492,0.14285,0.13669,0.13021,0.1246394603458083,0.11905266104746048,0.1134,0.10886557082860954,0.10445
12-01-2026 12:15,25577.45,0.14302,0.13618,0.13037,0.12711,0.12239,0.11946,0.11592,0.11469669588103801,0.1127,0.11224,0.11326350659804063,0.11361,0.11532,0.11883,0.18443,0.17862,0.17238,0.16537,0.15893,0.15208,0.14584,0.13976,0.13325,0.12715,0.12234,0.11758,0.11315,0.10908714727465171
12-01-2026 12:20,25614.85,0.15144,0.14465551214187589,0.1381,0.13336593947113679,0.12816,0.12403,0.12111,0.11900863691508684,0.11628,0.11484,0.11474,0.11538,0.11735510015281962,0.11973,0.186,0.17815,0.17464,0.16816,0.16208,0.15542,0.149125167734387,0.14266,0.136,0.13070211414173494,0.12488,0.11939,0.11495,0.10993907431665842
12-01-2026 12:25,25653.4,0.12614701287675711,0.12728,0.12805,0.12478,0.12093,0.11774,0.11561343673702913,0.11288,0.11166,0.11104,0.11111,0.1123676814311613,0.11325,0.11604,0.18872,0.18389,0.17771,0.17116,0.16556,0.15827,0.15227,0.14636,0.14013,0.1342,0.12952491812131106,0.12448,0.12027,0.11551
12-01-2026 12:30,25668.1,0.154,0.14368,0.13897,0.13432721349845483,0.12916,0.12596350649123988,0.12237459603756215,0.11878,0.11738,0.11624,0.11566,0.1161,0.11709,0.11869048483043834,0.18815611712779304,0.18248,0.17816,0.17214,0.16583,0.15888,0.1533,0.14792,0.1408,0.13493,0.13020493975267577,0.12528621480376548,0.12038,0.11487
12-01-2026 12:35,25690.5,0.13488,0.12381,0.12272176790444288,0.12024,0.11698,0.11467345801661114,0.11213,0.11118,0.11057489724380043,0.10965,0.11070532551398934,0.11152189514138858,0.11232,0.11471,0.19113,0.18537,0.18081,0.17518,0.16841,0.16230361790575576,0.15617,0.15057,0.14518971998357538,0.1399187471070399,0.13462999752708454,0.1293871815694861,0.12421,0.11935260443596331
12-01-2026 12:40,25684.35,0.15507,0.1492477105691935,0.14347,0.13823352849424697,0.13275,0.12895,0.12453,0.12115,0.12007135870839278,0.11829,0.11806182880759028,0.11716,0.11839176404594404,0.11999,0.18826,0.1849,0.17793,0.17149,0.1652295233762387,0.15896070759796,0.15272679766740602,0.14656201391547502,0.13995,0.13419,0.12962,0.12398,0.11886640468219234,0.114
12-01-2026 12:45,25727.5,0.13318,0.1290023383617534,0.12466,0.11945,0.11652,0.11436199405642972,0.11208785066425109,0.10981,0.10972003609297966,0.10914,0.1096473318433524,0.10977,0.11143102191759117,0.11342,0.1931,0.18998,0.18359,0.17732,0.1711,0.1647303734853674,0.15835,0.15217349755942527,0.14586,0.1398,0.13518478021326502,0.13039,0.12571308491010114,0.12103
12-01-2026 12:50,25724.55,0.14204,0.13746090207757122,0.13291,0.1285,0.12508,0.12156,0.11985414783124139,0.11786983964398945,0.11567,0.11427,0.11384,0.11403,0.11481,0.11587845743849204,0.19309,0.18835,0.18208,0.17573910940692178,0.16953,0.16277,0.15682819221885483,0.15086890658233482,0.14472,0.13859,0.13453,0.12962,0.1253,0.12029
12-01-2026 12:55,25715.5,0.14309,0.13735,0.1306244795677048,0.12356,0.12039,0.11681,0.11462,0.11337620865300868,0.11168,0.11139,0.11168902348744525,0.11148,0.11277659095543081,0.11441,0.19219,0.18729,0.18184,0.17548,0.16905,0.16237,0.15666,0.1510676754275992,0.14540504418754074,0.1397669761709608,0.1341,0.12879,0.12400600317407287,0.11933
12-01-2026 13:00,25692.65,0.13268,0.13424,0.13144854664020317,0.12853179818640312,0.1251557564229246,0.12196,0.11816,0.11592,0.11505840685618987,0.11401559186313295,0.11292,0.11338791662274994,0.11399,0.11519994198770894,0.19101,0.18652,0.18014,0.17417,0.16759774984500453,0.16101,0.15571,0.14971313229320382,0.143651027767687,0.13751,0.1327,0.1277,0.12285,0.11824
12-01-2026 13:05,25702.65,0.14577,0.14078277308920806,0.13579,0.13096487568252774,0.12591,0.12264,0.11964,0.1179439150778738,0.11573,0.11455,0.11356,0.11369,0.11496959703854355,0.11663,0.19162,0.1860846918466596,0.1805,0.17474,0.16823249090912512,0.16178,0.15598,0.1495720184337612,0.14297,0.13744,0.13288,0.1280209449921016,0.12314,0.11809
12-01-2026 13:10,25710.85,0.14323,0.13453,0.12998,0.128,0.12374,0.1201,0.117,0.11471,0.11291,0.11137,0.11182082337250271,0.1113,0.11285709406537932,0.11484,0.19088,0.1854755061782169,0.18005,0.17456,0.1683,0.16214,0.15586,0.15028,0.1448592355189585,0.1395455927217117,0.13419720644854288,0.1288774670964527,0.12361,0.11868369134214563
12-01-2026 13:15,25725.15,0.12758,0.12543,0.1204,0.11695159545283734,0.1132,0.11159,0.10989827069482316,0.10805,0.10708,0.10751648856625606,0.10816069870849974,0.10881969509334609,0.10972681601805769,0.111,0.18854751523873062,0.18479,0.18073,0.17517,0.16885,0.16266,0.15748,0.15145057525313826,0.1453,0.14025568904208147,0.1350689176086739,0.12999,0.12639,0.12314477997342699
12-01-2026 13:20,25697.4,0.14062676139039457,0.13529,0.13031,0.12646806950330916,0.1224,0.11874,0.11536,0.11443,0.11229,0.11137,0.11156794622477575,0.11101,0.11313,0.11448868491527703,0.18904,0.18412,0.17854512791756796,0.17303,0.16711575010463164,0.16126075207857643,0.15545,0.15004,0.1433,0.13781,0.13258392061757343,0.12716,0.12240608995780028,0.11772
12-01-2026 13:25,25704.15,0.12732,0.12404,0.11901,0.11680608452489896,0.11413,0.11166,0.11012954323733785,0.10819,0.10794801782727395,0.10714,0.10751,0.10825,0.1094086526679054,0.11107441556838185,0.18916,0.18468,0.17939,0.17361,0.1678867485034323,0.16219885041946513,0.1565,0.15082722622397515,0.14517270229567392,0.13946,0.13473803111498164,0.12991,0.1254,0.12063
12-01-2026 13:30,25707.95,0.16035,0.1522728877681145,0.14463,0.1391226871339893,0.13346695486502613,0.12822956666682378,0.12301,0.12017066603256002,0.11727,0.11651523153038956,0.11518,0.1148,0.11578,0.11723,0.18884,0.18363123907670403,0.17838,0.17289,0.16635,0.16048,0.15446664504601576,0.1485,0.14168,0.13599,0.13092345819630535,0.12579131989303022,0.12086,0.11651536461014123
12-01-2026 13:35,25747.0,0.1344821128761301,0.13005,0.12265,0.12045889890052411,0.11791696019668707,0.11525,0.11212,0.11102515963169948,0.10947,0.10874,0.10825,0.10898,0.11004,0.11183,0.19147,0.18757,0.18138,0.17551,0.16951,0.16335,0.15791,0.15185,0.14597,0.14041312556306568,0.13462,0.12982133373482738,0.12485,0.12001
12-01-2026 13:40,25745.1,0.14241812446395807,0.1348,0.12592806685432623,0.11842,0.1158,0.11363,0.11035,0.10893,0.10900268569810553,0.1087144886355517,0.10846820341430743,0.10789,0.10922,0.1109,0.19178,0.18619715044823928,0.18057618615136578,0.1749288098410663,0.16928350939320652,0.16359,0.15776,0.1521,0.14563,0.13943,0.13488511794966054,0.1301441147556744,0.12541,0.12045
12-01-2026 13:45,25739.05,0.13746719262244458,0.13243,0.1274,0.12355,0.11938,0.11621328095508218,0.11248,0.11011,0.1089,0.10768,0.10825252416072076,0.10793,0.10927,0.11099,0.19328611098669413,0.18733003208902205,0.18113,0.17536,0.16902,0.16257,0.15702,0.15116,0.1447626807026469,0.13813,0.13379,0.1287,0.12433,0.12024972213892393
12-01-2026 13:50,25735.6,0.1380034823136591,0.13375170657598734,0.129670435091029,0.12561,0.12169,0.11822,0.11384,0.1118,0.11095292514423465,0.10937,0.10970813152965303,0.10914,0.11039,0.11193,0.19298,0.18672,0.18206,0.17577497652507879,0.16946265078866235,0.16319,0.15763,0.15127,0.14468,0.13921934797228996,0.13371296838092034,0.12816,0.1231574117357494,0.11821
12-01-2026 13:55,25743.25,0.13752,0.12317,0.1274,0.12181,0.11763,0.11525,0.11314980982673783,0.10985,0.10855,0.10847453349101488,0.10716,0.1077,0.10905371491296681,0.11096,0.1949063683010191,0.18885,0.18272734650273195,0.1766399442472864,0.17058649047163438,0.16457351866488845,0.15855,0.15269,0.14559,0.14024128582412912,0.13473,0.12968569033162797,0.12456951215634324,0.11957
12-01-2026 14:00,25734.9,0.1281447886672411,0.12459,0.12166804456383067,0.11894503013323356,0.11640032373631365,0.11391093892277408,0.11131258149585982,0.10946,0.10815,0.10718,0.10723,0.10825092020625526,0.10932655997703021,0.11075,0.19338,0.18746,0.1819918626804916,0.1766,0.17053,0.16404,0.15790128161802894,0.15169963089568447,0.14564564457010803,0.13956,0.13488,0.12952,0.12447667082161623,0.11940387110436312
12-01-2026 14:05,25732.75,0.13756,0.13142,0.12339,0.12785,0.12267,0.11871,0.11637401400675468,0.11384006722017012,0.11166990482979189,0.10958,0.10932764520549224,0.10908,0.10946384884993376,0.11050133736445719,0.19324,0.18731,0.18188,0.17644,0.16982,0.16312,0.1571722628968244,0.15116,0.14488332483145008,0.1384,0.1332455167536768,0.12785,0.12289,0.11768
12-01-2026 14:10,25739.35,0.1371317412154751,0.13049,0.12375882091006984,0.11831740806104496,0.11324,0.11198,0.10906,0.10643,0.10644822288026715,0.10595347667176566,0.10522,0.10593,0.10762885462076288,0.10964,0.19315,0.18786,0.18327,0.1768859909910694,0.17067,0.16446,0.1585190759343761,0.15258,0.14632041275469648,0.13985,0.1348639467849645,0.12965,0.12533,0.11911
12-01-2026 14:15,25729.15,0.13958,0.13351,0.12656,0.1222,0.11912678459757997,0.11527,0.11288900113192221,0.10986,0.10878,0.10763,0.10776,0.1082,0.10965,0.11154,0.19299,0.1865,0.18163,0.1754473239300119,0.16925197763316585,0.16309,0.15715,0.15097,0.14479,0.13930184974982607,0.13344,0.128632892729937,0.12363,0.11826
12-01-2026 14:20,25736.35,0.1507790369770772,0.14464,0.13888,0.13311,0.1279,0.12367977264319896,0.11872,0.11572,0.11399,0.11222,0.11196758374017227,0.11128,0.11182,0.11283564007783126,0.19212,0.1869,0.18105,0.17619,0.1699,0.16246,0.15615186207019208,0.14976205176045437,0.1435911424908986,0.13731,0.1324,0.1269796639409207,0.12154057237199692,0.11595
12-01-2026 14:25,25762.75,0.13676,0.13189,0.12740713076084606,0.12283,0.11747,0.11438,0.11065,0.10897,0.1075,0.1065,0.10599,0.10659007103916643,0.10746,0.10897673155591389,0.19377,0.18811200851380047,0.1825,0.17716,0.17092751206564094,0.16475,0.15889,0.15273040351324935,0.14656099021314117,0.14034,0.13525,0.12988,0.12476180909949268,0.1197
12-01-2026 14:30,25753.1,0.12335714971667432,0.11977,0.11613,0.11389,0.11157746384826749,0.10918331150565669,0.10683,0.10553,0.10574068272943202,0.10570783750777936,0.1056979015800853,0.10536,0.10669,0.10846,0.19326,0.18812790517434258,0.18258382957234953,0.17731,0.17083058221682274,0.16471,0.15875,0.15268,0.14685881860083655,0.14043,0.13567,0.13022,0.1255,0.12037
12-01-2026 14:35,25716.7,0.15174,0.14512,0.13922336114411768,0.13307,0.12727,0.12346,0.11932,0.1173409857718948,0.11500163684730774,0.1130151140078399,0.11126,0.11126,0.11165328942902494,0.11277880631887727,0.19086,0.18502,0.17934,0.17431,0.16802,0.16121,0.15532,0.14905737737965669,0.1426,0.13638,0.13169,0.12575,0.12104,0.11616653742556945
12-01-2026 14:40,25749.0,0.14146,0.13392373820262576,0.12715,0.12317,0.1196200115488673,0.11552,0.11292,0.11058,0.10931,0.10795,0.10775,0.10821,0.10922523103816056,0.11043,0.19276,0.18761,0.18249,0.17635839681937798,0.17022789282754885,0.1640212627520656,0.15785,0.15170617060010905,0.14553,0.1401218198904726,0.13458,0.12875,0.12421,0.11935688483330259
12-01-2026 14:45,25763.85,0.13183,0.12687102539799114,0.12209,0.11875135367154324,0.11506,0.11314,0.11013,0.10793,0.10768057975683193,0.10707658704428658,0.10658298343674076,0.10592,0.10718,0.10873636134260391,0.19156666341810638,0.18743,0.18261577440123963,0.17764,0.17176,0.16465,0.15882,0.15287,0.1470570649608155,0.14121849790244279,0.13534,0.12992,0.12476670503429976,0.11968
12-01-2026 14:50,25774.05,0.14353,0.13758,0.13082,0.12617,0.12238692823114869,0.11833972586860911,0.11434,0.11136,0.11044448107481626,0.11047529378150743,0.11011695894360182,0.10972772710178416,0.1094071773510956,0.10916,0.19388,0.18866,0.18289089404034592,0.17722,0.1706,0.16444686744771847,0.15834287860955523,0.15221,0.14529,0.13945,0.13408412852677765,0.12857,0.12345,0.11858105225688917
12-01-2026 14:55,25796.15,0.14247,0.13671954665215208,0.13111064946953982,0.1254,0.12008,0.11677,0.11369,0.11074,0.10988,0.10782,0.10768284240562453,0.10694,0.10774021085688668,0.10875,0.19471,0.189,0.18312,0.17722,0.17063,0.1645087558508661,0.15838,0.1523102119747653,0.14620199693822866,0.14018849754774765,0.13418,0.12909637142203065,0.12416,0.11943357682228503
12-01-2026 15:00,25785.15,0.13593,0.13388,0.12688,0.1223,0.11803,0.11433,0.11181,0.10984,0.10882077001318252,0.10890773149550115,0.10862414994097648,0.1082301841179809,0.10790408041049031,0.10766,0.19473560325185035,0.1889947433378933,0.183,0.17702,0.17066,0.16441323488341464,0.1582,0.15176859047334046,0.14524,0.1398759992333802,0.1343943551372081,0.12898,0.12431,0.11984605627133821
12-01-2026 15:05,25789.75,0.1304,0.12499,0.12171,0.11729,0.11382,0.1119,0.1089,0.10784099413823983,0.10626,0.10491,0.1051443777559147,0.10472,0.10536,0.10686,0.1930175498639686,0.18854,0.18376,0.17824,0.1717488407204627,0.1653639187381289,0.15899,0.15311,0.14667,0.14017,0.13508,0.13009367419379325,0.12499,0.11971
12-01-2026 15:10,25785.05,0.13407847516793492,0.12841,0.11964,0.1167,0.11362403362731863,0.11045,0.10851416313655349,0.10640154046944941,0.1046317913124859,0.10326,0.10371551951927299,0.10417243550508365,0.10491194316165772,0.10601,0.19482,0.18819,0.1832008084639521,0.17836,0.17144,0.16481,0.15909,0.15275028638317278,0.14636699834510375,0.13992,0.13472,0.1292,0.12426665144168222,0.11945
12-01-2026 15:15,25782.95,0.133982776369806,0.12940106320680506,0.1251120300821303,0.1211216893714776,0.11744,0.11417,0.11137,0.10853,0.10738,0.1052,0.10474,0.10481,0.10563,0.10705,0.19663,0.19106193406818903,0.18516878226910355,0.17933,0.17261,0.1663698556535934,0.16024,0.15364315599839956,0.14687,0.14062,0.13514,0.12987035381228185,0.12452,0.11877
12-01-2026 15:20,25786.05,0.14227695280691388,0.13488696438884487,0.12843,0.1228,0.11761,0.11465,0.1115,0.10893,0.10713,0.10688663134383236,0.1063522383414334,0.10590589378791558,0.10526,0.1067,0.19815,0.19091,0.18787,0.18119983324613548,0.17444456115744805,0.16785,0.16130404715768148,0.15491803676742794,0.14856866721873602,0.14213,0.1360582977422951,0.13,0.12359246226074444,0.11737301211754203
12-01-2026 15:25,25801.35,0.13043,0.12173,0.11836322227304492,0.11486290533631374,0.11127,0.10914059465428702,0.10678543722788034,0.10462,0.10349,0.10330162842955631,0.10300520790532718,0.10279930664514075,0.10221,0.10465,0.19547,0.19534,0.18691,0.18088,0.1739445499424929,0.16707,0.16224,0.15508,0.14883511918590686,0.14221,0.13697,0.13075,0.1252,0.11944
13-01-2026 09:15,25853.0,0.10138,0.10057,0.10015439469226016,0.09972946386520286,0.09933368601926262,0.09894,0.09858496225805785,0.09823581715670633,0.09790453025184777,0.09754556243815785,0.09726,0.09813893240718546,0.0992,0.10094,0.19934,0.19786,0.1900932750039384,0.1824,0.17542,0.16958333512440035,0.16328,0.15746,0.15049,0.14523418689369622,0.13946,0.13333,0.12841,0.12266
13-01-2026 09:20,25825.4,0.1301,0.12038,0.11652,0.11379,0.11129616883189307,0.10852015683118849,0.10573,0.105,0.10365,0.10229,0.10185,0.10238,0.10336,0.10516,0.2016786459901706,0.19459,0.18813,0.17948,0.17454,0.16867,0.16259,0.1559265760229176,0.14936262920527504,0.14263,0.13712141278205525,0.13143,0.12647,0.12052
13-01-2026 09:25,25818.35,0.07494,0.07677745939564791,0.07843,0.0828829312929903,0.08732,0.09071,0.09192,0.09345,0.09489,0.09538,0.09659,0.09772,0.09926,0.10186,0.2014306021263225,0.19492,0.19107,0.18192,0.17637464213926082,0.17045094523394308,0.16483697655394203,0.15942038913850118,0.15409364199707634,0.14795,0.14341417597348502,0.13807,0.13444,0.1289
13-01-2026 09:30,25766.85,0.09386,0.09570542770990956,0.09733,0.09778910660313973,0.0985,0.09889595319992206,0.09936,0.09957,0.09998553585929641,0.10013,0.10134196154874993,0.1022,0.10407,0.10676,0.19758,0.1926288979345011,0.1874,0.18077,0.17422655702281376,0.16772,0.1615,0.15528280103241687,0.14881,0.14315,0.13844,0.133,0.12898,0.12387
13-01-2026 09:35,25737.7,0.11826,0.11350744694685508,0.1101,0.11011,0.109,0.10813293868832555,0.10719948624679904,0.10605,0.10628,0.10677170549413531,0.10693613676503855,0.1067,0.10811,0.11024,0.19641,0.19402,0.1861002848845958,0.17834,0.17151,0.16504,0.15932079359178414,0.15309967025184254,0.14705953680186495,0.14058,0.13586,0.13051,0.1254143768424249,0.12088
13-01-2026 09:40,25732.1,0.11808484023115942,0.11635,0.11465181648584837,0.11293085090498964,0.11116276569523992,0.1094,0.10754,0.10682,0.10672,0.10605,0.10663,0.10736,0.10904124954701738,0.11101,0.19531,0.1897,0.1851,0.17854,0.17119,0.16484,0.15903,0.15272,0.14566,0.13996,0.1353,0.12993,0.12517,0.12017
13-01-2026 09:45,25766.4,0.10985,0.10211,0.10045330653847535,0.09765,0.09883,0.09904,0.09926786803655806,0.0995320287475655,0.09968,0.09971,0.10075,0.10208,0.10395,0.10665,0.19647373571997728,0.18954,0.18651,0.17875,0.17198,0.16605,0.15962,0.1537059571467464,0.14721,0.14102,0.13691,0.1322393136099551,0.12743,0.12286
13-01-2026 09:50,25750.85,0.11754,0.11262,0.11364,0.10823,0.10726914546580468,0.10542,0.10416,0.10457,0.10446,0.10352,0.10426,0.10578537175042638,0.10695,0.10944,0.19685,0.1914707168708225,0.1858,0.17799,0.17164762628395397,0.165,0.15952,0.15344655799673323,0.147128703284187,0.14069,0.13566,0.13018,0.1239876271285611,0.11830310191012627
13-01-2026 09:55,25731.0,0.10362,0.10571,0.10317,0.10456,0.10433473391130485,0.10433,0.10374,0.10378,0.10438,0.10435,0.10535,0.10636,0.10817,0.11081,0.19596,0.19028,0.18489,0.1782882946221116,0.1716553890926969,0.1650385718896229,0.1585,0.15331,0.14657,0.14145464010696024,0.13604,0.13155632104665402,0.1269,0.12208
13-01-2026 10:00,25714.65,0.14097,0.13349,0.13035898137989135,0.12686,0.12114,0.11849,0.11568,0.11373,0.11252672048939744,0.11147,0.11121616792149117,0.11163008556203444,0.11267725694115963,0.11435755666972265,0.1931,0.18816,0.18229,0.17541945040378104,0.16866775424253339,0.16188,0.15581,0.14965,0.14249,0.13684,0.13118,0.12617,0.1211776815673995,0.11621
13-01-2026 10:05,25746.85,0.12843,0.12569,0.12129969543621105,0.1167,0.11418,0.11206,0.11025,0.10891,0.10865824372852877,0.10803,0.1084009747776718,0.10817,0.10969126942424476,0.11162,0.19569,0.18741,0.18172416762001775,0.1758,0.1700619687130785,0.16428,0.15821,0.15229,0.14503,0.13973266602804674,0.13429194799226052,0.12879,0.12451,0.11968
13-01-2026 10:10,25759.95,0.10494,0.10371,0.10288,0.10202,0.10091,0.10211,0.10149446962586978,0.10084,0.10126,0.10178,0.10247,0.1034,0.10505,0.10788,0.19744,0.1923,0.18608,0.17957223013217585,0.1731064227490418,0.16664406249946423,0.16016,0.15385763321957568,0.1475,0.142341134904004,0.13695,0.1312,0.12764,0.12361597470853578
13-01-2026 10:15,25754.7,0.10612,0.10838,0.10433,0.10362,0.10244,0.10284,0.10251514609661161,0.10176,0.10238780774706052,0.10237,0.10308,0.10428,0.10568,0.10871,0.19659,0.19045,0.18549,0.17863085731170175,0.17189,0.16543,0.15933,0.15292345413398467,0.14641,0.14114,0.13625865268475773,0.13134191384997057,0.12656,0.12233404654254926
13-01-2026 10:20,25761.35,0.12196,0.11820187783766584,0.11421,0.10883,0.10757,0.10658626676664631,0.10509,0.10471586304523775,0.10396,0.10338,0.10386,0.10477,0.10584818475911706,0.10730938727562953,0.19667,0.19094820768156057,0.18512,0.17838254180307292,0.17169,0.16546,0.15956,0.15297117756928075,0.14623,0.14073,0.1351,0.12988,0.12551,0.12025
13-01-2026 10:25,25770.15,0.14012,0.13305,0.12665,0.12195,0.11838,0.11563388502321739,0.11211,0.10968,0.10903,0.10803,0.10721,0.10737,0.10855,0.11041,0.19716,0.19130533445476794,0.18548,0.17993,0.17245636969328693,0.16508,0.15866,0.15192783823568776,0.14506,0.13929386129747545,0.13339033185410576,0.12756,0.12274,0.11797388625707445
13-01-2026 10:30,25804.6,0.13282,0.11614559559520843,0.10534,0.10765,0.10653,0.10582,0.10306,0.10335348073929972,0.1027170200772278,0.10228864575366554,0.10103,0.10169,0.10312981082882383,0.10556,0.19888985438796586,0.19389,0.18871,0.18195,0.17508,0.16807,0.1619069872451171,0.15564,0.14951920736977334,0.14336797396411935,0.13714,0.1319350466286359,0.12664,0.12147
13-01-2026 10:35,25783.95,0.12325,0.1098,0.10718,0.10779,0.10526,0.10288,0.10219,0.10221,0.10236727361035769,0.1023878094912565,0.10214,0.10265,0.10405,0.10676,0.20278800685551646,0.1949122270597411,0.18761,0.18025,0.17383,0.16767129268424905,0.16145329033305292,0.1552,0.14884889093496095,0.14241,0.13709,0.13144,0.12647509662716105,0.12165
13-01-2026 10:40,25772.4,0.11286,0.10172,0.09986,0.10643,0.10474,0.10468,0.10303,0.10234,0.10255,0.10191,0.10239,0.10391652016580337,0.10523108765119832,0.10768,0.19788,0.1924309503241783,0.18641304357833763,0.18052,0.17303,0.16686676217177165,0.1607297140654883,0.15468257319780299,0.14816,0.14168,0.13666414001494614,0.13102,0.12613,0.12107
13-01-2026 10:45,25763.45,0.1162563077941662,0.11857,0.10489,0.11266,0.11010003515755246,0.1078,0.10651,0.10655,0.10648996811748496,0.10584227522443937,0.10453,0.10574,0.10617,0.10849,0.19601,0.1902254076633182,0.18463,0.17979,0.17084,0.1647073439966099,0.15841,0.15178649030930524,0.14493,0.13907,0.1341,0.12870464332056597,0.12323,0.1189
13-01-2026 10:50,25794.3,0.11933,0.11414,0.11134,0.10792462570442087,0.10431167678334641,0.10112363762618867,0.098,0.09836141267551163,0.09832,0.09864,0.09876,0.09983,0.10165,0.10429,0.197,0.19049,0.18559,0.17919,0.17247,0.1662,0.15938,0.15394,0.147664254915982,0.14127,0.13627,0.13132440264410705,0.12634248394516273,0.12139
13-01-2026 10:55,25765.7,0.1328070225973061,0.1277,0.11839,0.11653,0.11209,0.11063228698056332,0.1084,0.10623,0.10569,0.10431,0.10434,0.10496,0.10655578815826415,0.10846,0.19378,0.18824,0.18328,0.17684,0.16974,0.1635048892824144,0.15728477259765894,0.15101,0.1442,0.13808,0.13279,0.12762,0.12277,0.11766
13-01-2026 11:00,25784.9,0.11114,0.11637,0.1004,0.10533,0.10417,0.10347839170546724,0.10258404604692672,0.10121,0.10167249294408987,0.10075,0.10182619893713935,0.10206,0.10351433350505052,0.10537,0.19621036166917308,0.18976406209294733,0.18342883362820805,0.17715,0.170705292383183,0.16448094521660214,0.15832,0.15288,0.14577,0.13983,0.1346936559810537,0.12932,0.12438249068221119,0.11948
13-01-2026 11:05,25771.65,0.13216,0.1258664012664864,0.12029,0.11747,0.11378,0.11176,0.10972129023518642,0.10724,0.10636,0.10527,0.10501,0.10534,0.10616,0.10809,0.19504,0.18875,0.18238759985067604,0.17601722119980967,0.16977,0.16355,0.15506,0.15072,0.14357,0.1381,0.13283383090081052,0.12739,0.12263,0.1179900002141453
13-01-2026 11:10,25787.85,0.11856,0.10777,0.11044,0.11006,0.10668,0.10586,0.10409,0.10381057232096252,0.10252,0.10135,0.1017,0.10224,0.10337866839165014,0.10541,0.19507,0.18938971813441777,0.18371,0.178,0.17081,0.16450474263460158,0.15819,0.15219,0.14495,0.13945,0.13328123692283905,0.12784203256355522,0.12332071493243074,0.12010361907702712
13-01-2026 11:15,25787.55,0.11614592357638767,0.11387814571269364,0.11131,0.10958,0.10777,0.10559,0.10327,0.10223,0.10211,0.10092,0.10121,0.10247,0.10372015263972026,0.10501,0.19481,0.18867,0.1835,0.17689950368301824,0.17046,0.16354,0.15748,0.15106481135716426,0.14437,0.13874,0.13399,0.12815,0.12386,0.11930787262882074
13-01-2026 11:20,25784.1,0.12704,0.11694,0.11314,0.10838,0.10646,0.10523,0.10245,0.10227,0.10176,0.10143712312630809,0.10077,0.10144,0.10298802571214628,0.10482,0.19456,0.18866,0.18282,0.1764,0.16948,0.16327,0.15648,0.15139,0.14396,0.1386971000360479,0.13305169912302695,0.12782665891613243,0.12338,0.11751347652056743
13-01-2026 11:25,25786.2,0.12557,0.12715,0.11235,0.11523,0.1123764198639382,0.10887,0.10572,0.10391,0.10336538047228351,0.10212,0.10261956204033398,0.10209,0.10352626516844128,0.1054,0.19449,0.18884,0.1824596828299814,0.17621,0.16914,0.1625,0.15639,0.1499692264523962,0.14336,0.13753,0.13251398890720295,0.12729,0.12252,0.11716
13-01-2026 11:30,25793.55,0.12837,0.12332732336440053,0.11864,0.11595231399731687,0.113168081309468,0.11038,0.10833247176001644,0.10620572929212435,0.1041,0.1031,0.10283,0.10315,0.10381,0.10564,0.19482,0.18945,0.18277,0.17604,0.16887,0.16281,0.15675,0.15086,0.1442895863512662,0.13761,0.13242,0.12697,0.12204801433754339,0.11718796817097928
13-01-2026 11:35,25814.5,0.11175,0.11015144457300811,0.10854,0.10676776269920202,0.10504,0.10288,0.10123,0.09991,0.09969880941434234,0.09904,0.0994,0.10013770765688626,0.10101,0.10230268755744673,0.1980389433200058,0.1911096837178331,0.18425,0.17764192086883773,0.17099,0.1641,0.15813,0.15207,0.145,0.13937,0.13446,0.1294764940353249,0.12442,0.11932
13-01-2026 11:40,25811.5,0.09832,0.0982447181205169,0.09813836048389354,0.09801750526870151,0.09793,0.09766,0.09684,0.0965,0.09714,0.09663,0.09748,0.09813,0.09936,0.10197,0.19413059937323618,0.18823,0.18403,0.17714,0.17076,0.16449120698641473,0.15819,0.1516455347747358,0.14487,0.13994,0.13509,0.13017209075974448,0.12525,0.12026
13-01-2026 11:45,25782.05,0.12434,0.11605,0.11298790197568523,0.10915,0.10828,0.10657,0.1046502339316081,0.10265,0.10178,0.10097,0.10187061521661553,0.10271161173753013,0.1038525799784949,0.10543,0.19265033520382013,0.18644,0.18126,0.17477,0.16779,0.16189,0.15566,0.14976,0.14269,0.1372,0.13206,0.12708,0.12214821876318631,0.11725
13-01-2026 11:50,25785.0,0.0963,0.09354,0.09579095549514621,0.09782,0.09939,0.09804,0.09687,0.09688,0.09736,0.09746,0.09860845204926819,0.09979728458595424,0.10126296882455268,0.103,0.19372,0.18669,0.18079169590248884,0.17483,0.1686,0.1625567024119136,0.15652,0.15018103356897233,0.14368,0.13831,0.13315,0.12814,0.124,0.11999377484137128
13-01-2026 11:55,25762.65,0.13302,0.12452596630935002,0.11718451818381674,0.11088342417140368,0.10494,0.10345,0.10155,0.1008,0.10116,0.10053,0.10112,0.10179,0.1035023814231295,0.10553,0.19174,0.18471,0.17974,0.17282,0.1668476658356371,0.16095544674200485,0.1550501756924221,0.14909,0.142,0.13661,0.1317179962820757,0.12661,0.12201219003008307,0.11746
13-01-2026 12:00,25747.9,0.11514,0.11089,0.10672,0.10734,0.10493,0.10426,0.10283,0.10259376697644726,0.10193,0.10157,0.10203,0.10267,0.10395,0.10659,0.19166,0.18595,0.179,0.17203,0.16573,0.15969,0.15404,0.14772102123778086,0.14122,0.13581,0.13089,0.12575,0.12108412984107797,0.11652
13-01-2026 12:05,25735.35,0.11577,0.11200482544263679,0.10927,0.10984,0.1081,0.10654,0.10530264028180164,0.10347,0.10359,0.10405428734378458,0.10355,0.10403,0.10514,0.10793,0.19209658260063803,0.18497,0.17843,0.17102,0.1647,0.1588,0.15296,0.14660684660851075,0.14019,0.13504135940020973,0.12978029344095807,0.12453,0.11972323947707615,0.11497
13-01-2026 12:10,25733.45,0.11610641300055966,0.10744,0.10023,0.10094558704621784,0.1004162143368929,0.09977,0.09999,0.09968,0.10002,0.1002,0.10123,0.10217,0.10362,0.10667,0.19005,0.18343,0.17914,0.17089,0.16596,0.15959,0.15405,0.14816972211643756,0.1421,0.13608,0.13199,0.12692,0.12256626668119944,0.11837
13-01-2026 12:15,25722.55,0.11631,0.1156087838944488,0.11484,0.11241579121339461,0.11004,0.10822,0.10658003943799257,0.10475,0.10462343043027517,0.10391,0.10450092361398572,0.10484,0.10608,0.10675721835756177,0.18896,0.18259,0.17786,0.17174,0.16530380264891295,0.15899741899087777,0.1527,0.14666,0.14003,0.13392,0.12907,0.12386,0.11959,0.11474
13-01-2026 12:20,25724.7,0.10816,0.10535,0.10462,0.10356,0.10227,0.10207807888581469,0.1016,0.10069,0.10113,0.10095,0.10163,0.10244,0.10438,0.10734,0.18941,0.1823,0.17826,0.17196772645695135,0.1656097158839847,0.15918,0.15358,0.14819,0.14142,0.13642422695396672,0.13122,0.12589,0.12029051671009167,0.1149099872460485
13-01-2026 12:25,25714.0,0.11595,0.12216,0.11939,0.11684,0.11278,0.11104298897648159,0.10908794660331875,0.10709,0.10658,0.10555,0.10619049855587731,0.1062,0.10724,0.10997,0.18645846374537772,0.18147,0.17615,0.17069,0.1642413396804257,0.15784488655341178,0.15143,0.14502115123432874,0.1385,0.13274,0.12767,0.12243,0.11784,0.11295
13-01-2026 12:30,25723.0,0.11512,0.11016,0.10486,0.10314,0.10241,0.10152,0.10044,0.1004,0.10072521427840057,0.10069,0.1015,0.10234,0.10353140906807334,0.10488650489697349,0.18932,0.18304010706617288,0.17687282558213752,0.17080403613509643,0.16464,0.15908181811070132,0.15345996790390304,0.14783,0.14097,0.13617364641371282,0.13115548937000976,0.12633770950902426,0.12144,0.11704
13-01-2026 12:35,25717.45,0.11999,0.11351,0.11092,0.10715,0.10522,0.10404,0.10306,0.10324945386762498,0.10301,0.1031335331901097,0.10282,0.10392,0.1060306733745649,0.10843,0.18786,0.18227820542239048,0.17647,0.16908,0.16347099517838182,0.15776557191939675,0.15204,0.14686,0.14076274987938708,0.13433,0.12953973810586317,0.12435,0.12008,0.11472514911427639
13-01-2026 12:40,25710.25,0.11488,0.10683,0.10567,0.1048,0.10327,0.10239,0.10186545428220803,0.10102,0.10138,0.10109,0.1021,0.10351807017253817,0.10503,0.1068661177326734,0.18732,0.18124,0.17612,0.17004541867889267,0.16392536246432232,0.1577881086561328,0.1517,0.14634,0.14078700744328218,0.13523244757459946,0.12958,0.12462,0.12072,0.11651695438609808
13-01-2026 12:45,25702.9,0.0989021585844118,0.09872806624820192,0.09852,0.09849,0.09819,0.09857,0.09847,0.09857,0.09954220170481634,0.10014,0.10180899415323588,0.10301,0.10528,0.109,0.18883,0.18068,0.1776,0.17041,0.16469,0.15844,0.15306,0.148,0.14121,0.13628,0.13152,0.12642,0.12269,0.11824
13-01-2026 12:50,25667.1,0.10716,0.10802,0.10680419081342843,0.10557049158602419,0.10432,0.10344,0.10262,0.102,0.10292,0.10288,0.10416,0.10557,0.10741315265900714,0.10962943957143027,0.18652,0.18125797798709398,0.17586,0.16930689767087315,0.16278,0.1572,0.15163,0.14603,0.14040361071317067,0.13461,0.12979,0.12499,0.12084534281426768,0.11684
13-01-2026 12:55,25659.75,0.11791,0.11238306048126817,0.10762,0.1068429311350911,0.10512,0.10415,0.1032,0.10271,0.10309,0.10316,0.10407342614624368,0.10510090941316659,0.10639078827668405,0.10792680107092231,0.18717,0.18133,0.1741575501274936,0.16686,0.16311,0.15726945829842148,0.15135,0.14561263876198655,0.13966,0.13492139964831895,0.12995,0.12522,0.12059016174398271,0.11623795171652507
13-01-2026 13:00,25645.05,0.10976,0.10850638063210138,0.1072,0.10548356956489979,0.10368,0.10308669823911264,0.10217,0.1016,0.10199,0.10324575981201164,0.10408,0.10585,0.10922351187377566,0.11306,0.18672,0.18015,0.17445366842713406,0.16881,0.16108,0.15626,0.15003,0.14464464070978714,0.1392237644591644,0.13391789937659734,0.12849,0.12396,0.12001,0.11595
13-01-2026 13:05,25639.05,0.11942545222026606,0.11676,0.11177,0.11205,0.11062712104658617,0.10879562495917833,0.10667,0.10521,0.10519,0.10545,0.10703,0.10849,0.11118,0.11391982330169656,0.18741,0.18135,0.17485799387872009,0.16832,0.16258,0.15642,0.1501,0.14493,0.1388947837110318,0.13266,0.12808,0.12355662373431703,0.11891,0.11472
13-01-2026 13:10,25669.25,0.10935,0.10859,0.10366,0.10559,0.10430129529965959,0.10302,0.1022,0.10165,0.1023259346662491,0.10236,0.10422,0.10579,0.10775761146915658,0.11032532112910771,0.1921685200219252,0.18490451569270122,0.17783,0.17107,0.16414,0.1583,0.15235036972278493,0.14635990145634736,0.14024,0.13528538283588293,0.13015,0.12503,0.12102809466148093,0.11724
13-01-2026 13:15,25650.75,0.12082,0.11121,0.11239410821489881,0.11219,0.10964,0.10832611117199033,0.10700810920966472,0.10575,0.10531,0.10657453547048981,0.10822742754444147,0.11012533700044463,0.11241137300333987,0.11512,0.18821310763724847,0.18215,0.17618069593727814,0.17013271313494155,0.16408,0.15777,0.15168,0.14627,0.1395,0.13457678669473871,0.12934,0.12428,0.12007096407905195,0.11605
13-01-2026 13:20,25659.9,0.1205,0.1173943496566636,0.11440793633538673,0.11136,0.10866,0.10703,0.10566,0.10566656435995164,0.10536935548400422,0.10459,0.10609,0.10748,0.10997,0.11276654191649899,0.18846,0.18292,0.17728,0.17132,0.16353,0.1574362224360552,0.1513085590347148,0.14534114551479438,0.13927,0.13374,0.12885531427151664,0.12385,0.1196263868421748,0.11548
13-01-2026 13:25,25660.75,0.12224,0.11729,0.11368426110214516,0.10992356303930775,0.10654137725666096,0.10322,0.10242,0.10167,0.10235259162010299,0.10236,0.10404,0.1057,0.10901626187486638,0.11278,0.18901,0.18301,0.17717918593462129,0.17141,0.1647866059159937,0.1582301340629651,0.15166,0.1463,0.1403385070901671,0.13425,0.12888,0.1242,0.12016800175866008,0.11627
13-01-2026 13:30,25661.85,0.11661,0.11306,0.11056,0.10996091471034966,0.10907,0.10749895347682695,0.10578,0.10449,0.10434,0.10429,0.10545,0.10696,0.10926,0.11328,0.18937920809715614,0.18271,0.17629356934202772,0.1699559781163653,0.16358,0.15744,0.15203,0.14567,0.13872,0.13321,0.12836,0.12335,0.11943,0.11493
13-01-2026 13:35,25679.45,0.11288,0.10962,0.10556,0.10474434608478314,0.10328,0.10233081273202863,0.10105,0.10119292560075949,0.1008,0.10102,0.10265,0.10423,0.10655,0.11074,0.19079,0.18416,0.17879,0.17237,0.1648,0.1589575585546978,0.1529,0.14733,0.14052,0.13489,0.13011091613471204,0.12491,0.12084,0.11675
13-01-2026 13:40,25665.55,0.11343,0.11269,0.1141,0.11172318299753844,0.1096,0.10780276529118085,0.10591,0.10539462674888528,0.10439,0.10509657617812011,0.10518,0.10639,0.10871,0.11278,0.1902373375971842,0.18305,0.17574,0.17036,0.16171,0.15582,0.1498897911510106,0.14382645719731335,0.13763,0.13248294824015364,0.12716,0.12221,0.11789921195006187,0.11372
13-01-2026 13:45,25671.3,0.10955642134946776,0.10821593736721975,0.10635,0.10582,0.10347,0.10247,0.10196803242919725,0.10104,0.10158569239196,0.10129,0.10279,0.10425,0.10681,0.11089,0.18758,0.18354,0.17659701949787165,0.1695038735163907,0.16238,0.15706,0.15095,0.1455,0.13957775229064334,0.13343,0.12873,0.12374,0.12019,0.1156493232516702
13-01-2026 13:50,25672.15,0.11731,0.11294,0.10877,0.10733,0.10546,0.10394,0.10265,0.10185,0.10242942638511056,0.10238,0.10338,0.10536418768224953,0.10765,0.11056702063137973,0.18693,0.18363,0.17494,0.16847,0.16257833323272403,0.15629,0.15038099849079245,0.14428505251476104,0.13779,0.13294283208008922,0.12742,0.12257,0.11886,0.11386821394253853
13-01-2026 13:55,25662.15,0.11435,0.11479,0.1103,0.10912665464239364,0.10766,0.10529,0.10379,0.10312,0.10391015826339356,0.10437517408394795,0.10442,0.10618,0.10874,0.11265,0.18616,0.1806191987321249,0.17494,0.16855,0.1625489435090321,0.15659110858680705,0.1506159652363508,0.14458,0.13805,0.13272,0.12796,0.12314,0.11882310348757827,0.11462
13-01-2026 14:00,25659.5,0.10596,0.10380688924045259,0.10224,0.1033,0.10247,0.10181004921358575,0.1011,0.10064,0.10092,0.10146,0.1032,0.10512,0.10836769337915854,0.11198,0.18695,0.18054933579640403,0.17427547676192315,0.1680953979553444,0.16191,0.15622,0.15019,0.14468,0.13919167125990128,0.1334,0.12892,0.12422,0.12043,0.11642
13-01-2026 14:05,25647.55,0.11484,0.1111,0.1089,0.10747587977849511,0.1057,0.1047096175958098,0.1034,0.10231,0.10272,0.10354241332710898,0.10447,0.10609463273031884,0.10816117946773535,0.11061092720894006,0.1883796188519253,0.18129580800880354,0.17455,0.16736,0.16139779990142344,0.15533,0.14912,0.14347006137699692,0.13755,0.13214,0.12782,0.12261,0.1193,0.11494
13-01-2026 14:10,25642.55,0.102543753691636,0.10297,0.10312140147376303,0.10333,0.10191,0.10139,0.1002,0.09978,0.10039,0.10177182677222125,0.10243,0.10455,0.10748,0.11189,0.1854,0.1796,0.17396,0.16696,0.16049,0.15481679075135796,0.14894,0.14389,0.13718,0.13243331843377237,0.12731,0.1231290102722819,0.11873,0.11476
13-01-2026 14:15,25631.25,0.11749,0.11278,0.1105526166789593,0.10795,0.10585,0.10392,0.10293,0.10226,0.10228,0.10231,0.1043917247581178,0.10586,0.10873,0.113,0.183838382886843,0.17761,0.17227,0.16603,0.15857,0.1525,0.14705,0.14187,0.13524,0.12995,0.1254312597538111,0.12054,0.11695,0.1122
13-01-2026 14:20,25627.6,0.10903352907520758,0.10613,0.10350086574998243,0.10124,0.10023,0.1000575909083361,0.09970503818746032,0.09911,0.09991,0.10055,0.10272,0.10495,0.10815,0.11248,0.18352,0.17733,0.1712036908034758,0.16509128864209358,0.15892,0.15306,0.14792762934931827,0.14283,0.13634,0.13116,0.12686632880363885,0.12249799624660845,0.11827247766096738,0.11427
13-01-2026 14:25,25619.65,0.10956,0.11014,0.1057,0.10475,0.1034940081362283,0.10202,0.10187,0.1022036449194009,0.102511868789941,0.1022,0.10430333789091809,0.10613,0.10918,0.11368,0.18315,0.17672207059364645,0.1704739426020394,0.16437675379611355,0.1584120525537122,0.15237,0.14715,0.14158656068940312,0.13600832232467136,0.13005,0.12576864907784274,0.12083,0.11741,0.11306
13-01-2026 14:30,25622.55,0.12078,0.12092,0.11681,0.11413,0.11169859575205213,0.10886,0.10725,0.10601,0.10568,0.10572,0.10693,0.10864,0.11153,0.11541,0.18116,0.17762,0.1707516757094032,0.16392,0.15724201344251715,0.15062,0.14503450101080023,0.13933330838625163,0.1337979524795871,0.12828,0.1237,0.11922590694024651,0.11478,0.11045157815936246
13-01-2026 14:35,25644.0,0.12605,0.12063,0.1171904097308362,0.11373403547513034,0.11022,0.10835,0.10666453430537925,0.10478,0.10446,0.10439,0.10593185781309972,0.10767542189632005,0.10998,0.11311896868138714,0.18166199768644675,0.17643,0.17097,0.165,0.1583800703152783,0.15176,0.14553,0.14018,0.13362,0.12835,0.12350330975761281,0.11842,0.11481,0.11156784578663399
13-01-2026 14:40,25667.6,0.12795,0.12151556603345161,0.11577,0.11364044677269505,0.11111135419926277,0.10854,0.10692627619353187,0.1051,0.10422,0.1038,0.10482,0.10636,0.1087,0.11237,0.18178,0.17905,0.17186,0.16506,0.15835,0.15321,0.14765,0.14188267144238703,0.13601044383501193,0.12977,0.12483826737966805,0.11926,0.11457417323727757,0.1102
13-01-2026 14:45,25695.95,0.1173,0.1119505638960834,0.10739,0.10562,0.10358,0.10225,0.1008,0.10039,0.10114676787022178,0.10175004648378877,0.10249170970186161,0.103,0.10582,0.10819362030693483,0.18457,0.18134,0.17374,0.16742,0.16129,0.15552,0.1499154162045695,0.14389,0.13759,0.13227,0.12738,0.12243,0.1183,0.11275257152001109
13-01-2026 14:50,25698.45,0.12994,0.121,0.11481,0.11213,0.10844,0.10629,0.1044,0.10284,0.10209,0.10146,0.10196,0.10374,0.10593,0.10922,0.18423,0.18012,0.17396,0.16765,0.16024,0.1541187806734703,0.14794403780077783,0.14189442283914264,0.13573,0.13023,0.12503,0.11963,0.11547,0.10993
13-01-2026 14:55,25717.05,0.10227,0.10131,0.10561,0.103,0.10178,0.10044806223351285,0.09903,0.09859010133221058,0.09788,0.09864928525208352,0.0993933902272881,0.10052,0.10223297202592833,0.10444748238010096,0.1897529904664328,0.1828580273761651,0.17615,0.16947657410317746,0.16292,0.15689,0.15069670752828732,0.14448450960384324,0.13826,0.13281,0.12791885433635175,0.12303107467163821,0.11832,0.11401680886856332
13-01-2026 15:00,25754.0,0.06496,0.08771,0.08152,0.08567,0.08764,0.08773815184896727,0.0891,0.08982,0.09066,0.09105,0.09381451423963649,0.09613605316620916,0.09849,0.10247,0.18914,0.18430411952554962,0.17916,0.17245,0.16566,0.15978988547380824,0.15333,0.14785257733397705,0.14195639041521155,0.13566,0.13092,0.12594,0.12166,0.11570880768452799
13-01-2026 15:05,25708.75,0.12410402189134008,0.11954,0.11538598531542385,0.11152,0.10881,0.10647117906125775,0.10422265793209391,0.10203,0.10210346058441819,0.10172952861655069,0.10117,0.10258,0.1048,0.10745452992617226,0.18537,0.18125,0.17453791097173366,0.16795,0.16079,0.15474,0.14858397196401102,0.14235314446383673,0.13604,0.13057,0.12534,0.12032326224677402,0.1153,0.1098
13-01-2026 15:10,25746.05,0.09601,0.09504530298502709,0.09434,0.09443,0.09418795531620561,0.09393,0.09376,0.09323,0.09371775545968078,0.09362,0.09545435803296992,0.09684,0.10001999637854761,0.1035,0.18712,0.18273,0.17670166937271187,0.17082,0.1642501977910409,0.15776,0.1517746656178396,0.14567,0.13924,0.13403,0.12887,0.12400256745418042,0.11912,0.11362
13-01-2026 15:15,25745.9,0.09885,0.09442,0.09401,0.0927,0.09307,0.09272342391579225,0.09227,0.09186,0.09246792749424912,0.09258,0.09434,0.09668685833710575,0.09921,0.1024739587434254,0.1847073478205412,0.18117,0.17744,0.17144,0.1650051021999916,0.15878,0.15193,0.1466,0.14110057056438907,0.1355016136459481,0.12982,0.12433,0.11988,0.11427
13-01-2026 15:20,25730.9,0.10596,0.10372266265326581,0.1016,0.09989,0.09872679947246323,0.09735,0.09655,0.09557,0.0959,0.09549,0.097243639583467,0.09835,0.10097,0.1047,0.18772,0.18260452268965233,0.17737,0.1711938728158884,0.16514903974760858,0.15897626027035128,0.15265605573602742,0.14642,0.13928,0.13342,0.12825856176474226,0.1228,0.11826,0.11245
13-01-2026 15:25,25730.8,0.10125,0.09819,0.09998,0.09608,0.09512,0.09402,0.09398,0.09364,0.09423820948785513,0.09468716637704075,0.09456,0.097,0.09919,0.10305,0.19098,0.18082,0.1789,0.17223,0.16751,0.15719,0.15183,0.14700179227713162,0.1413575065322999,0.13574203153314834,0.12995,0.12472631392209985,0.11937,0.11379
14-01-2026 09:15,25671.9,0.11737417329814402,0.11439907115222595,0.11174,0.10873,0.10765,0.10444,0.1033445577535152,0.10173,0.10139,0.1022172294260434,0.10239,0.10433,0.10685,0.10998497359380827,0.19276,0.18752,0.18191,0.17524195966261974,0.16868,0.16225118175060255,0.15585475560750106,0.14939,0.1427,0.13707,0.13117,0.12558,0.12024736783088347,0.11497
14-01-2026 09:20,25705.8,0.12363,0.12422,0.11596268774238269,0.10689,0.10436,0.10267,0.10126,0.10015,0.09998,0.09974,0.10063,0.10243,0.10524,0.10877,0.19452,0.18877,0.1834,0.1765959825497481,0.17003,0.16326,0.15622,0.15001,0.1439635355920726,0.13782165887779782,0.13156,0.12589,0.12102,0.11552
14-01-2026 09:25,25717.85,0.13317,0.127290046893819,0.12118,0.11356,0.11106,0.10716,0.10495,0.10343,0.10229,0.10186,0.10202,0.1036,0.10598,0.10863626175597711,0.19526,0.18932,0.18279396340374346,0.17625688971859083,0.16966643202590442,0.16311,0.1565,0.14991,0.14267,0.1369325193830475,0.13089,0.1248,0.11955,0.11384
14-01-2026 09:30,25746.8,0.11272,0.10267,0.10078,0.10024,0.09959,0.09806,0.09683,0.09616,0.09653320010298069,0.09601,0.09773195621429326,0.09916,0.1019,0.10515693352803335,0.19806762425084146,0.19149,0.1856333939452302,0.17952,0.1719,0.1657,0.15915,0.15275,0.14661747670360242,0.14036598842764642,0.13387,0.1279,0.12301,0.11723
14-01-2026 09:35,25737.05,0.1012,0.11807,0.10995908478354545,0.1050827358733609,0.10049,0.09946,0.09825,0.09816508669699964,0.0971,0.0968,0.09815,0.09667338779366849,0.096627336975966,0.09668907401524113,0.19606,0.19023,0.18420946419545461,0.17832,0.17179,0.16502,0.15814,0.15237,0.14522,0.1392,0.13298,0.12733,0.12206,0.11653
14-01-2026 09:40,25712.25,0.12103,0.10667,0.10128,0.10126519195375616,0.09942,0.09791,0.09741477313654401,0.09656,0.09661,0.09664,0.09797,0.09991,0.10275,0.10669,0.19401003236493347,0.18821,0.18235640032614975,0.17641,0.16966997827579966,0.16299,0.15661,0.15045,0.14342,0.1376449935692927,0.1318440372294368,0.126,0.12060303157061485,0.11525
14-01-2026 09:45,25691.85,0.11173337054202649,0.10863,0.105730577811711,0.10313,0.10168,0.10053,0.09893,0.09828,0.09847,0.09854,0.09988,0.10168,0.10453,0.10839,0.19245,0.18703,0.18192,0.17525,0.16891,0.1624066183773904,0.155824989074953,0.14927151365939204,0.14271483915851502,0.13627,0.13052,0.12473,0.11991,0.11441
14-01-2026 09:50,25701.2,0.14342150627152692,0.13623837814447193,0.1298,0.12353,0.119,0.1145,0.11092,0.10787,0.10619,0.10517,0.10541,0.10623,0.10857299662587354,0.1114,0.19446367241745244,0.18766210941610184,0.18082,0.17434,0.16731,0.16093,0.15422,0.14807,0.14139347567265526,0.13451,0.12849751410798876,0.1222,0.11692,0.11055
14-01-2026 09:55,25759.55,0.09956,0.08438,0.09208833374211856,0.09669,0.09529,0.09431,0.09485,0.094,0.09508613877017241,0.09393,0.09650774385847957,0.09825454256346819,0.1,0.10384,0.19477277452351027,0.1894689471546302,0.18397683702369516,0.17825192142023938,0.17221,0.16596,0.15952,0.15273,0.14534,0.13975,0.13392,0.1281,0.12272008704766077,0.11744
14-01-2026 10:00,25727.85,0.12568,0.11977,0.10681,0.10478355134535017,0.10037,0.09964658420709094,0.09769,0.09675,0.09648,0.09739772515257406,0.09783,0.09918,0.10196,0.1048626294458989,0.19351,0.1891,0.18213220946880074,0.17525,0.16857,0.16202,0.15574989668854167,0.14942,0.14235,0.13666,0.13071,0.12522,0.12026,0.11553300831572542
14-01-2026 10:05,25713.6,0.11955,0.11413783437745303,0.1094537158066054,0.10489,0.1025,0.10068875684136555,0.09863,0.09749,0.09768829205991883,0.0975,0.09928778265170962,0.10125691318731281,0.10370936969642042,0.10655,0.19239,0.18795,0.18106218581172748,0.17426,0.16809,0.16112,0.1554,0.14851,0.14221578084531816,0.13578,0.13017492353796137,0.12439,0.11897569460505794,0.1136
14-01-2026 10:10,25697.45,0.12007,0.11399,0.11083277342470446,0.1075152018509409,0.10447295166969547,0.10127,0.09953,0.09863,0.0985,0.09833,0.09982,0.10240745549139622,0.10493711015900647,0.10784,0.19167,0.18665,0.18023750812841804,0.17391,0.16727748511417476,0.16068,0.1542405861643607,0.14777115482345732,0.1413399843142757,0.1349,0.12901,0.12333,0.11843,0.11254
14-01-2026 10:15,25696.35,0.09714094001599488,0.0986,0.10025,0.09845,0.09732199879098702,0.09617,0.09559,0.09597328326131019,0.09583,0.0962,0.09798,0.10004,0.10297,0.10684,0.1927,0.1873,0.18138,0.17470710036498116,0.16823,0.16044,0.15501,0.14858,0.1422952012592319,0.13597,0.13009,0.12482819313500762,0.11954890801143023,0.11447
14-01-2026 10:20,25678.3,0.10372,0.10513,0.10303,0.10170356593377569,0.10031629911465736,0.09907070803686083,0.0978900818487495,0.09691,0.09739,0.09767,0.09961,0.10191927007060644,0.1043,0.10749030617715732,0.19099,0.18559,0.17988,0.17309,0.16646148594200808,0.15996,0.15296,0.14653,0.13984,0.13415143529895485,0.12823,0.12243,0.11744109838011733,0.11263
14-01-2026 10:25,25683.35,0.11226,0.1016,0.10787,0.10482,0.10177,0.10035,0.09895,0.09843,0.0983,0.09991326179831916,0.10116226552016044,0.10186,0.1049689691531165,0.10844,0.19218963647403292,0.18579,0.1799,0.17316,0.16608,0.15983848016211116,0.15358,0.14668725089950901,0.13968,0.13383,0.12811,0.12257,0.11743764482876959,0.11239
14-01-2026 10:30,25678.05,0.12132788713660873,0.11626,0.10899,0.10656,0.10338,0.10187791043450747,0.09964,0.0987,0.09904,0.09899,0.10082696262906753,0.10246,0.10523,0.10838001625933924,0.19074,0.18499847789594248,0.1790306014040542,0.17312,0.1663657853001681,0.15966,0.15311,0.14679,0.1393,0.13365617860667128,0.12789392674359934,0.12215,0.1173,0.11265956301982441
14-01-2026 10:35,25689.95,0.09694196332425103,0.09949,0.10136,0.10008976173852317,0.09895727831114501,0.09770167615778844,0.09648,0.09581,0.09623,0.09747401833503999,0.09811,0.10072883781835841,0.10299,0.10671,0.19281,0.18704080061705347,0.18115,0.17454,0.16705,0.16122,0.1544913418063779,0.14768,0.1408,0.13481,0.12932,0.12382,0.11923,0.11379
14-01-2026 10:40,25691.8,0.11136,0.10505579113956041,0.10051,0.10065,0.09914308224890545,0.09689,0.09613,0.0955,0.09586,0.09625,0.09803,0.10051286295347717,0.1033,0.10658599827451201,0.1897229843511853,0.18382,0.17773694459324477,0.17172171665332786,0.16576624371219706,0.15981,0.15412,0.14775,0.14139912439608499,0.13492,0.12911,0.12368,0.11915,0.11436149725207062
14-01-2026 10:45,25665.9,0.12,0.12893,0.12231222296303385,0.11702121360107726,0.11121,0.10925853003035413,0.10649032238542842,0.10287,0.10243,0.10173,0.10276,0.10520584720320475,0.10705,0.11056,0.18956,0.18173,0.17660860845160015,0.17155,0.16428,0.15752,0.15107,0.14471,0.1383211968156512,0.13147,0.12576520012431183,0.11951,0.11485,0.10912
14-01-2026 10:50,25695.5,0.1149107322845501,0.11226,0.10964835126305811,0.10700887996993277,0.10433,0.10152,0.10034536391700163,0.09879,0.09854,0.0981,0.09968,0.1015,0.10402,0.10765,0.19225,0.18417,0.1795789620911462,0.17509,0.16724,0.16027197209139474,0.1536105870918641,0.14709165940593455,0.14014,0.13414,0.12856482271854475,0.12272,0.11782,0.11177234108627446
14-01-2026 10:55,25706.35,0.12595968865126278,0.12225,0.1192,0.11476,0.11147716210124735,0.10792,0.10453,0.10333153236536444,0.10175,0.10116,0.10141814520520023,0.10229736151809621,0.1037589409186607,0.10578711644211569,0.19539670556966066,0.18808,0.18066,0.17386,0.16693,0.16001,0.15406,0.14736,0.14073761242356544,0.13401,0.1278,0.12218,0.11673201897441518,0.11133
14-01-2026 11:00,25720.95,0.12452,0.11411,0.11064,0.11044,0.10585,0.10416,0.102,0.10027,0.09959,0.10016946044764782,0.09964,0.10168979958342858,0.1034,0.10674,0.19353,0.1893,0.1819,0.17507997018153337,0.1684,0.16132,0.15525,0.14850128065647217,0.14143,0.1358669718860221,0.12984,0.12359,0.11881,0.1133
14-01-2026 11:05,25733.0,0.10822,0.10538364665276523,0.10324,0.10313,0.10013,0.09901,0.09724,0.09648,0.09706487156643538,0.09743980168129562,0.0972,0.09941061066979989,0.10148,0.10476,0.19424,0.1885039729452867,0.18241970174025685,0.17638,0.16928,0.1629,0.15666,0.14987,0.14271,0.13656,0.13116197976924293,0.12527,0.1207,0.11524
14-01-2026 11:10,25729.2,0.1176366728558739,0.11287,0.1085,0.10464269765351045,0.10069,0.10064,0.09866,0.09713,0.09661,0.09677,0.09802,0.09974,0.10185,0.10552,0.19367,0.18728,0.18104909303980687,0.1748090067276085,0.1686,0.16207078267184222,0.15559,0.1489109236843829,0.14213,0.13557,0.13036,0.1245,0.11983,0.11424
14-01-2026 11:15,25736.25,0.1227,0.11967,0.11314,0.10989565526614722,0.10627,0.10406889501291797,0.10164128909417675,0.09912,0.09882645605779747,0.09792,0.09883,0.10029,0.10227,0.10531,0.19405701661815292,0.18787,0.18279,0.17602485595540074,0.16923,0.1625834070234614,0.15591820385267588,0.14928552442575754,0.14267228828371717,0.13617,0.13027,0.12416,0.11900262429889269,0.11401
14-01-2026 11:20,25743.15,0.10756389922762082,0.10682807251169177,0.10532,0.10387,0.10163326889510754,0.09925,0.09791690325883742,0.09618,0.09572,0.09558,0.0966,0.09831,0.10072,0.10436,0.1981749064403879,0.19097836266963839,0.18407,0.17689,0.17059,0.16352,0.15673,0.1506,0.14400679837042663,0.13718,0.131556843193406,0.12569,0.12109,0.11666602451879426
14-01-2026 11:25,25735.0,0.14145,0.13595,0.1285537521946178,0.12083,0.11546,0.11145,0.10785,0.10508,0.10308,0.1017,0.10284834946550533,0.1029,0.10451,0.10766,0.19335,0.18819713403763824,0.18274,0.17581,0.16879,0.16201640203171447,0.15525,0.14864,0.14139,0.1353336220955459,0.12887,0.12347886413519094,0.11791,0.11163
14-01-2026 11:30,25773.9,0.10956,0.10757100039956848,0.10548745390692245,0.10342,0.10105,0.0986,0.09741232153629306,0.09597,0.09648734439470978,0.09644141707701957,0.09599,0.09744,0.09956,0.10308,0.19735,0.19179,0.18553,0.17783,0.1714774724259454,0.16514424078218043,0.1588599520500702,0.15251,0.14556,0.13946333995278692,0.13326,0.12717,0.12172945816348156,0.11643
14-01-2026 11:35,25764.1,0.11817174240175182,0.11474,0.10436,0.10401879900558593,0.1021,0.10036876655526467,0.09823,0.09693,0.09634,0.09698016958306835,0.09686,0.09809,0.10014,0.1038,0.19601,0.19005143623074366,0.18386093572134043,0.17768,0.17075,0.16422,0.1574360334056124,0.1506713290336531,0.14378,0.13784690676402878,0.13173,0.12584,0.12078,0.11565803094089963
14-01-2026 11:40,25766.75,0.11206,0.11197,0.10283,0.10183017066081307,0.09982058066482563,0.09738,0.09612,0.0951,0.09438,0.0944,0.0958889802622036,0.09699,0.09938,0.10188367947756145,0.19566,0.19021920932666847,0.18452,0.17749,0.1708,0.16443634991187103,0.15815,0.15119,0.14392,0.13791,0.13182,0.12638,0.12158,0.11657519251089685
14-01-2026 11:45,25761.25,0.11673,0.1271,0.12184,0.11623,0.11043,0.10852,0.10507,0.10303635943332476,0.10073,0.0992,0.10041570638089968,0.10152221421485577,0.10308575476176124,0.10536,0.19642,0.19019592496989776,0.18385,0.17684,0.16996,0.16335627546907902,0.15673,0.14997450911276528,0.14317,0.1364,0.13012,0.12415,0.11887,0.11271
14-01-2026 11:50,25775.3,0.11506,0.11183618359033137,0.10875,0.10623051624638549,0.10363756726491476,0.10113180359738697,0.098701576190711,0.09677,0.09612,0.09640883383335747,0.09608,0.09743,0.09925,0.1031,0.19669,0.19148,0.18503,0.17804,0.17138,0.16455,0.15768,0.1511051526784148,0.14437,0.13776,0.13182,0.12587,0.12084,0.11600346688597471
14-01-2026 11:55,25774.6,0.11124110070381481,0.10891588165969773,0.10639,0.10405,0.10169090152559265,0.09915,0.09786490585055956,0.09612,0.09519,0.09483,0.09565,0.09697,0.099,0.10248,0.19695,0.19078994600562793,0.18449461051757074,0.17822,0.17143663130499825,0.16469,0.15796656547934576,0.15125,0.14432,0.1376,0.13192119523665807,0.12598,0.12121,0.11488
14-01-2026 12:00,25786.0,0.11914,0.11363,0.10792,0.1031,0.10041,0.09901,0.09688,0.09620971904268233,0.09519,0.09431,0.09542716606536067,0.09656148726645217,0.09834,0.1005271470492104,0.20092995027922161,0.19369,0.18636684651882496,0.1792,0.17253,0.1657,0.1592484080071062,0.15274,0.14553,0.1392247886909984,0.13311,0.12678195446063517,0.12060478845078652,0.11455107545985989
14-01-2026 12:05,25782.1,0.09027,0.09366,0.0915,0.09297,0.09172351619934652,0.09081,0.09084,0.09005,0.09074,0.09041,0.09186173977355207,0.09303,0.09522,0.09761409265224197,0.19731,0.1934,0.1859,0.1789,0.17183,0.16591,0.15928601905339507,0.15254,0.14588231055927736,0.1388,0.13323,0.12721,0.12212,0.1165
14-01-2026 12:10,25757.05,0.10055,0.10634,0.09609,0.09666,0.09423,0.09342,0.09262,0.09303092759612985,0.09280521797449326,0.09183,0.093,0.09469851193828333,0.09712,0.0972588497238792,0.19533,0.18983,0.18385,0.17681,0.1701,0.16346933111553008,0.15678728947704026,0.15015781920546115,0.14362152224379438,0.13719,0.13157427263790342,0.12608192899544296,0.12074,0.1157189752379926
14-01-2026 12:15,25735.55,0.13328,0.12758,0.1184,0.11518442142017052,0.11096,0.10784207141069552,0.10404,0.10235580291140817,0.10004,0.09863,0.09886,0.09992,0.10116110191362787,0.10333721831858193,0.19479,0.1881,0.18174482224702632,0.17545,0.16845577945413448,0.16153,0.15534,0.14824936042037257,0.14112,0.13424,0.12835250276452584,0.12224,0.11707,0.11081
14-01-2026 12:20,25771.55,0.1023,0.1010226427773778,0.1001,0.101,0.09756,0.09538,0.09424,0.09268,0.09315,0.09221,0.09321,0.09496,0.09765496557067327,0.10063,0.1983497236264926,0.19158265323779466,0.18486,0.17808,0.17138,0.1647,0.15779,0.1510530310909974,0.14413,0.1375,0.13194,0.12591,0.12073,0.1149
14-01-2026 12:25,25768.3,0.1056,0.09486,0.09617604079738157,0.09550767325545767,0.09506,0.09382,0.09249,0.09225739150746855,0.09157,0.09272121201473581,0.09362454759411531,0.0943,0.09665,0.1007,0.19718,0.19055,0.18462,0.17826,0.17113,0.16479,0.15784,0.15100344137914612,0.14397,0.13743,0.13211,0.12609,0.12103,0.11597706434408483
14-01-2026 12:30,25761.1,0.11558,0.11165,0.10489,0.103,0.10078,0.09835,0.09689358601769005,0.095,0.09442,0.09373,0.09423,0.09648981415850039,0.09883040127541826,0.10178,0.19663,0.19049121198792157,0.18428,0.17767,0.17053,0.16389479466098517,0.15721,0.15086,0.14382,0.13771164916582648,0.13141,0.1257084326395781,0.11991,0.11385
14-01-2026 12:35,25772.4,0.10931,0.10502016309579107,0.10127,0.1002352000915489,0.09876,0.09700321019320833,0.09512,0.09452308307057362,0.09361,0.09275,0.09417044655331044,0.09505,0.09785037096154281,0.10095,0.19727,0.19104040836363795,0.18476,0.17821,0.17132,0.16501,0.1584,0.15149,0.14413,0.13741,0.13187,0.12605,0.12072,0.11455
14-01-2026 12:40,25773.6,0.10821,0.10386,0.09096,0.09282,0.09264519482093903,0.09167,0.09025,0.09012,0.09045,0.09024,0.09158,0.09359,0.0954561270972195,0.09811505833853074,0.1968,0.19185,0.18489,0.17812,0.17105,0.16496,0.15756,0.15147,0.14452,0.13765,0.1325,0.12644,0.12137,0.11633867687376215
14-01-2026 12:45,25759.5,0.11368,0.11393,0.09807,0.09706,0.09705459559298035,0.09555423225766063,0.0941677190008676,0.09254,0.09219,0.09209,0.09296,0.09488,0.09709,0.10092,0.1954,0.18913,0.18278,0.17652,0.16967,0.16304,0.15649,0.15006,0.14284,0.13609,0.13067804073737355,0.1249,0.11999,0.11407
14-01-2026 12:50,25748.9,0.10486,0.10811,0.10082,0.09931341011469882,0.097,0.09505,0.09366,0.09266,0.09275,0.09235,0.09354,0.09547650368221601,0.09774,0.100373479799074,0.19487,0.1883,0.18241,0.17587,0.16858,0.16249,0.15557,0.14939,0.14237,0.13565,0.12996,0.12470871634237427,0.11933,0.11358
14-01-2026 12:55,25745.55,0.11091,0.10232,0.10093,0.1015,0.09815,0.09708,0.09539,0.09436,0.09441,0.09361,0.09441,0.09609,0.09843,0.10213,0.19463,0.18843356867179184,0.18215,0.17539,0.16871,0.16222114808262034,0.15573334640992534,0.14925,0.14182,0.13512,0.12983,0.12381,0.11789284803078429,0.11208054532017035
14-01-2026 13:00,25748.1,0.09798,0.10045,0.0985120099085702,0.09678,0.095423696513967,0.09405280033422231,0.09288841197797539,0.09184,0.09206917001699347,0.09207,0.09358096235154957,0.09529432706892821,0.09743,0.10020792266296653,0.19456,0.18828,0.18215,0.17563,0.16856,0.1621,0.15553,0.1495,0.14233,0.13657492364344076,0.13058,0.12426,0.1192,0.11346
14-01-2026 13:05,25745.45,0.11027,0.10808,0.10248,0.10342,0.10022,0.09776,0.09624181808902565,0.09438,0.09415,0.0935,0.09515906802800508,0.09671580784256129,0.09809,0.1023,0.19438,0.18967,0.18269794418050914,0.1757186440711554,0.16875,0.16242,0.15603329120776496,0.14955,0.1421,0.13617792190784095,0.1299704828649239,0.12405872965871942,0.11864,0.11237595268438759
14-01-2026 13:10,25759.75,0.10591,0.09848565509915667,0.09268,0.09214,0.09087,0.09064496727841691,0.09027871871771662,0.08996303457811555,0.08954,0.08952,0.09095,0.09299,0.09612412130628677,0.09952,0.19555,0.18954,0.1829499036113021,0.17643,0.16959,0.16298,0.15629,0.14989,0.143505803508339,0.13711933408170401,0.13063,0.12497994722341489,0.11923,0.11368
14-01-2026 13:15,25750.25,0.10994601410353172,0.10412,0.09932487092312534,0.09505,0.09381706170194001,0.09183,0.09094,0.09045,0.09071,0.09184972898648863,0.09288762736005268,0.09384,0.09639,0.09932538742749426,0.19451,0.18906,0.18209945354459772,0.17521,0.168,0.16160226094423705,0.15514,0.14846,0.14194832555230785,0.1353,0.12959679503800814,0.1237,0.11830771709359773,0.11297
14-01-2026 13:20,25735.95,0.09185939583220706,0.09088,0.09116,0.08927,0.08931,0.08892,0.08832,0.08894212333818158,0.08918,0.08953,0.091,0.09376579475075197,0.09618,0.10013,0.19369,0.18739,0.18099,0.17447,0.168,0.16147,0.15484870716173782,0.14818,0.1421025284873852,0.13597681007349566,0.1298,0.12454053872862474,0.11922,0.1135
14-01-2026 13:25,25715.5,0.10670692009796323,0.1029670058974842,0.09996,0.09726,0.0958177291686164,0.09414,0.0929,0.09245,0.09289297895808865,0.09269,0.09386,0.09613,0.09889733800317929,0.10255872945542507,0.19148,0.18548,0.17932,0.17266010382369096,0.16606,0.16005,0.15318,0.14687,0.13997,0.13412348479866232,0.12802,0.12258441661225884,0.11702,0.11145
14-01-2026 13:30,25717.15,0.09220849575419776,0.09132077796916921,0.09061,0.0902152786698338,0.08995335933646587,0.0897778661473414,0.08954,0.08991227624933382,0.09027,0.09078,0.09261,0.09503,0.09807378638213522,0.10182892013798353,0.19165439790854827,0.18563,0.17948,0.17315,0.16642585112972846,0.15974002140156524,0.15304,0.14662,0.14002,0.13347,0.12811,0.12291972450187266,0.11762,0.11212
14-01-2026 13:35,25708.2,0.05948,0.07823,0.08042,0.08092159588360989,0.08287,0.08399658849416067,0.08537,0.08643,0.08774,0.08909,0.09137,0.09464956595363028,0.09755,0.1022,0.1907825742863165,0.18439,0.17772570354957873,0.17137002501810839,0.16508,0.15979,0.15256,0.14641858037499822,0.13992,0.13409,0.12937,0.12376,0.11973,0.11535488332801314
14-01-2026 13:40,25665.9,0.10071,0.09837,0.09493,0.09387,0.09312,0.09264,0.09251,0.09227,0.09331,0.09393,0.09605,0.09887,0.10199,0.10579407021670566,0.18729344134802375,0.18096,0.17549,0.16884,0.16204,0.1559,0.14907,0.14353,0.13648,0.13084,0.12553,0.12008,0.11453248577207449,0.10912868359640907
14-01-2026 13:45,25656.25,0.10367,0.10529,0.1025746773814017,0.0999,0.09850533572520348,0.09681,0.09591,0.0953,0.09579,0.09621,0.09862558280890839,0.10123077669951741,0.10431651806396311,0.10792,0.18711,0.18019,0.17471,0.16823271976748438,0.16172864442367635,0.15523,0.14884580846100098,0.14238,0.1364882985322411,0.1304337066556688,0.12454594896504473,0.1186,0.11398,0.10875
14-01-2026 13:50,25665.25,0.08603,0.08404,0.08585823116750085,0.08744,0.08776701968994755,0.08826034879517006,0.08863,0.08953,0.09086,0.0925,0.095,0.09857388899487712,0.10184,0.10613,0.18791471758172126,0.18174,0.17618,0.16967,0.16278,0.15688,0.14995,0.14441,0.13772,0.13229,0.12693,0.12203,0.11809,0.11319
14-01-2026 13:55,25642.0,0.10255895495026683,0.10086,0.09857,0.09824,0.0967,0.09515,0.09469,0.09448,0.09544,0.09621,0.09894674961619844,0.10106,0.10456,0.10902,0.18586635935427354,0.18037,0.17471,0.1683123068352707,0.16190575514886896,0.15548,0.14814,0.14237,0.13645782011179697,0.13049973104849094,0.12442,0.11970055209179017,0.11485,0.10964
14-01-2026 14:00,25653.3,0.09106,0.09305,0.09194,0.09174,0.09191,0.0917,0.09176,0.09207,0.09317,0.09423,0.09663,0.0998,0.10317,0.10783,0.19073823772694534,0.18346258459666054,0.17613,0.16951,0.16263761418762496,0.15569,0.1495656926964879,0.1433325507045063,0.13705,0.13132,0.12603,0.12032,0.11666,0.11162
14-01-2026 14:05,25642.2,0.10906099132091934,0.10608,0.10346,0.10134084418477823,0.09905,0.09803507776608822,0.09658,0.09701646048078863,0.09667,0.09731,0.09943,0.10212,0.10515,0.10957,0.18748,0.18169,0.17510318777497086,0.16858,0.16157,0.1551952805197923,0.14877,0.14293,0.13565,0.13020093841572125,0.12464559163082087,0.11904,0.11449,0.10944
14-01-2026 14:10,25650.55,0.11093521670345101,0.10818,0.10361,0.10363,0.10124,0.09964082919421854,0.09766,0.09692,0.09754,0.09775,0.09953,0.1022,0.10529,0.10937,0.18791,0.18165,0.17572,0.16891,0.16216420266334952,0.15548,0.14853,0.14219,0.13568,0.129,0.12360076496042208,0.11783,0.1132,0.108
14-01-2026 14:15,25666.25,0.09477,0.09207886666917364,0.09021,0.09398,0.09103,0.09079,0.09055,0.09187690165955333,0.09288660783654332,0.09333,0.09585,0.09888,0.10243,0.10644040986023956,0.1892,0.18297,0.17661,0.17028,0.16366993967528154,0.15707,0.15028,0.14447,0.13807045063855283,0.13139,0.1261,0.12108,0.11656,0.11181
14-01-2026 14:20,25637.25,0.09594,0.09529,0.09429,0.09333,0.0932,0.09245,0.09228,0.09347450367289892,0.09413,0.09507,0.09762,0.10069,0.10407,0.10859,0.18715,0.1816,0.17531,0.16882,0.16237055739643358,0.15595,0.14962587979824415,0.14326,0.13611,0.13071,0.12553,0.12078350727935044,0.11614,0.1119939667819327
14-01-2026 14:25,25618.75,0.110690808869003,0.10809,0.10566,0.1036,0.1019479551834307,0.09998,0.09881,0.09824,0.09913,0.1009495034277001,0.102,0.10473,0.10795,0.11216,0.18690872478074896,0.18008,0.17323116834314273,0.16658390665548178,0.15996,0.15398,0.14712,0.14151,0.13442,0.12884,0.1237159277503537,0.11826,0.11355,0.10886
14-01-2026 14:30,25626.9,0.10999,0.11111,0.10745427707686493,0.10374,0.10118,0.10013924403503993,0.09906849215637956,0.09794,0.09896298900213259,0.09996997677148117,0.10151,0.10391844381049067,0.1069643653103644,0.1106516491676248,0.18745,0.18133758197797395,0.17513,0.16836,0.16088,0.154415608275507,0.14774,0.1415587120172215,0.13513,0.12921,0.12382,0.11804,0.11250105943334668,0.10670388274808965
14-01-2026 14:35,25635.8,0.12229,0.11516,0.11152,0.10831186648919745,0.10454,0.10167,0.10004,0.10014785628685127,0.09944,0.09981,0.1019,0.10506198715773678,0.10817880364331738,0.11165,0.18789999444258407,0.1813,0.17469998142590837,0.168100079771229,0.1615,0.15491047178280204,0.1483,0.1417362321818273,0.13502,0.12908,0.12364,0.11828,0.11329,0.10781
14-01-2026 14:40,25660.55,0.11727,0.1120449036636855,0.10744631738328475,0.10285,0.10016,0.09882,0.09796734362595699,0.09656,0.09711,0.09738,0.09949,0.10216,0.10515,0.10935,0.1897,0.18509,0.17715,0.17051,0.16369,0.15694316717631024,0.15018742250193803,0.14353380873986307,0.13687,0.13100925231933996,0.12521345942987155,0.11945,0.11431002657138445,0.10926
14-01-2026 14:45,25696.2,0.10274,0.10106751136760517,0.09951378145967417,0.09805408829745454,0.09661,0.09562,0.09468866712049512,0.09361,0.09452,0.09663240028639941,0.09865988119502636,0.10091802284177268,0.10308,0.10702,0.19234,0.18584,0.17971,0.17297,0.16607,0.16036,0.15297,0.14634572038085678,0.13961,0.13304,0.12752819485023426,0.12184,0.11678,0.1120152965197775
14-01-2026 14:50,25697.1,0.10822237287953564,0.10479,0.10023,0.09933,0.09631,0.09571027599597898,0.09477979713767386,0.0936,0.09423,0.09482,0.09688,0.0998130908760981,0.10241,0.10623,0.19216,0.18568,0.17935,0.17286,0.1656,0.15962,0.15298742239482926,0.14629,0.13979930524658482,0.13314,0.12776,0.12233941912512183,0.11689,0.11105
14-01-2026 14:55,25696.05,0.09894,0.09640575264054654,0.09428205392903487,0.09216,0.09151443403874837,0.09065,0.09068,0.09041,0.09135,0.09226,0.09483,0.09741,0.10096470116300586,0.10479,0.19065,0.18713,0.17834,0.17178988262703063,0.16541307885827738,0.15886,0.15208,0.14621,0.1397561364885389,0.13274,0.12745057413406016,0.1217,0.11692,0.11069437012150665
14-01-2026 15:00,25666.15,0.10545,0.10721,0.10359,0.10214,0.09894,0.09703,0.09661987554171794,0.09541,0.09563,0.09602,0.09841,0.10077,0.10414,0.10821,0.18941,0.18161,0.17703,0.17046,0.16314,0.1566969006155933,0.15014,0.14397,0.13713,0.13147372587181022,0.12561061146840663,0.11968,0.1144,0.10874
14-01-2026 15:05,25690.25,0.08967091287983224,0.09021,0.08915,0.09128,0.09116,0.0910524148564387,0.09081,0.09139,0.09267,0.09359,0.09631,0.09962546635082999,0.10261,0.10675,0.19082,0.18501905069727861,0.17908,0.17234,0.16507,0.15907,0.15274226240595595,0.14637,0.13923,0.13364,0.12834400347140057,0.12283,0.11804851899364195,0.11334
14-01-2026 15:10,25672.65,0.09847,0.09817,0.09722,0.09623243771695644,0.09517,0.0947,0.09444,0.09436,0.09494,0.09609,0.09884233330545242,0.10099,0.10445,0.10834,0.189434583279044,0.18298,0.17669,0.16993587808986504,0.16318,0.15736,0.15017,0.14422343958492537,0.13802,0.13231,0.12719,0.1222972958525043,0.11733,0.11239
14-01-2026 15:15,25654.0,0.11178,0.10719,0.10592,0.1033782282378565,0.10052,0.09908,0.09815,0.09840200709100172,0.09775,0.0994922171303205,0.10062,0.10284,0.10571,0.11003,0.1885,0.18147,0.17584,0.16863025388171904,0.16139,0.15588,0.14942984003369014,0.14301,0.13577,0.13046711904333141,0.12506168705260975,0.11969,0.11511,0.11052421233041544
14-01-2026 15:20,25659.6,0.11563,0.1131,0.10901,0.10678,0.10388,0.10162,0.10026,0.09934,0.09887,0.1004137530326539,0.10162,0.10446064666479522,0.10723506829047065,0.11045,0.18926,0.18298,0.17657,0.16936,0.16209,0.15706,0.14917,0.14304862986696013,0.13668,0.13113,0.12563285891694068,0.11996,0.1153,0.11002
14-01-2026 15:25,25670.6,0.10651867913250757,0.10381,0.10346,0.10035,0.09914,0.0972,0.09704225632728691,0.09617,0.09556,0.09666,0.09979,0.10179,0.10528934160484325,0.10933074425381756,0.19156,0.18505301441021973,0.17797,0.16772,0.1662,0.15985,0.15004,0.145,0.13947239252006605,0.13353,0.12719,0.12262,0.1184,0.11386361074674983
16-01-2026 09:15,25709.45,0.14811,0.13601,0.13172,0.12472,0.11844,0.11432,0.11076,0.10759,0.10739233945347057,0.10652826155580677,0.10516,0.10618,0.10852,0.11261,0.19829,0.19237021395659373,0.18628,0.17904786108914317,0.17180278869007376,0.16452259317750242,0.15732,0.15113,0.14345,0.13686,0.1309959091693243,0.12493,0.1191596527938289,0.11341
16-01-2026 09:20,25731.8,0.12143444746628054,0.11626,0.11116288029980925,0.10672,0.10463,0.10221714497583251,0.09945,0.09803,0.09820420581539159,0.09736,0.09879,0.1004,0.10317,0.10711,0.2002,0.19314,0.18643,0.17856208735828766,0.17063,0.16466,0.15812331919037417,0.15158,0.14468607812721584,0.1377,0.13195934822096012,0.126,0.12076529931741142,0.11561
16-01-2026 09:25,25713.95,0.13856,0.13033055907276347,0.12231,0.11478,0.11152176867266193,0.10721,0.10394,0.10164,0.09945,0.09887,0.09971,0.10082695177925872,0.10325506671646882,0.10688737870191299,0.19969997205600012,0.19095,0.183,0.17458,0.16717,0.16118,0.15412,0.14773,0.14141798349033935,0.13505080473623404,0.12856,0.1223,0.11729,0.1114
16-01-2026 09:30,25717.25,0.12074,0.11467,0.10708,0.10613469868661468,0.10414,0.10135958781889068,0.09836,0.09725235323575074,0.09589970477361162,0.09457,0.09555,0.098106070512813,0.10082854053162013,0.10408,0.1961629832415145,0.18833,0.1813,0.17333,0.16636,0.1595175267246391,0.15261866100845295,0.14583882764973555,0.13917,0.133444130402538,0.12777633735149502,0.12227973633071873,0.11695,0.11200026613859054
16-01-2026 09:35,25703.5,0.12154,0.12388,0.11176,0.10853883521467568,0.10359,0.1019040670388016,0.09855,0.0969,0.09574,0.09533,0.09651,0.09919454551850714,0.10174171327137013,0.10491,0.19475,0.1881556693870446,0.1815,0.1743304246747925,0.16719595483566468,0.16004,0.15277,0.14565,0.13886,0.13325,0.12755129457591663,0.12168,0.11707,0.11267885424281845
16-01-2026 09:40,25700.0,0.14571,0.13989,0.1281,0.12149,0.11634,0.11163,0.10743,0.10470150790342603,0.10102,0.09973,0.09978,0.10071,0.1022053374453683,0.10482540988652075,0.1957,0.18768,0.18089,0.17314,0.16644748621105848,0.1597330876074577,0.15311,0.14438,0.13719,0.13049,0.1244,0.11798,0.11307,0.10711
16-01-2026 09:45,25718.5,0.13848,0.13252,0.12641450347520533,0.12012,0.11514,0.11078,0.10724491214944637,0.1033,0.10248803359035358,0.10098082194638394,0.09937,0.10053,0.1021,0.10471790572932506,0.19647,0.1898774526470109,0.18317,0.17555895452422426,0.16795,0.16145,0.15485,0.14671626191953407,0.13866,0.1313,0.1255054085987634,0.11955268430809311,0.11363,0.1077
16-01-2026 09:50,25745.0,0.13175,0.12499,0.11837,0.11404173438228682,0.10969624729702311,0.10556087802793224,0.10192970361548195,0.09899,0.09853197671553954,0.09808630328279153,0.09776800837590442,0.09708,0.09913,0.10256,0.19912,0.19269930111697048,0.18614,0.17893,0.17178937124491928,0.16483,0.15817,0.14905,0.14158,0.13425,0.1278,0.12183908963801054,0.11573,0.10952
16-01-2026 09:55,25750.1,0.12116,0.11604599537140678,0.11128623532293827,0.1068696580942955,0.10247,0.0996894781925639,0.09694,0.09563514646200556,0.09414308865367767,0.09265,0.09316,0.0946,0.09667924960022696,0.09961493914954304,0.20057928170109235,0.19348,0.18643246201478447,0.1794,0.17246012156711063,0.16556,0.1578921014329633,0.150274753715718,0.14261,0.13562464384875453,0.1286,0.12253437633626968,0.11643460592547245,0.11059
16-01-2026 10:00,25740.5,0.14949,0.14199,0.13267164770436085,0.12292,0.11662,0.11173,0.10763,0.10511549722851789,0.10223792246838322,0.09937,0.0992,0.10044,0.10201985334170216,0.10487678312461396,0.19927321238127377,0.19269,0.18599405438701191,0.17918,0.17187,0.16518,0.15801,0.14887,0.14153,0.13353,0.12685,0.12,0.11433,0.10793
16-01-2026 10:05,25754.15,0.14244,0.1307,0.12569,0.11996,0.11346,0.11004371229768534,0.10622289158301507,0.10204,0.09952,0.09822,0.09824,0.09963,0.10112916538616173,0.10382970785380138,0.19997,0.19314,0.18653289145362786,0.17990490243742968,0.17338,0.16645,0.1582921209421802,0.15018,0.14269,0.1349,0.12799,0.12135,0.11577,0.11052902018292393
16-01-2026 10:10,25768.1,0.15031,0.14078705726413465,0.13218331225699959,0.12358,0.11844328627292791,0.11277,0.10899344117159857,0.10474,0.10237,0.1012967063982134,0.0998,0.10087,0.10179848676585118,0.10390059187117659,0.20237,0.19603337207291077,0.18954,0.18223,0.17517,0.16822,0.16013134212579697,0.1521,0.1446268535639597,0.13691,0.13015584740098018,0.12319,0.11695,0.11015
16-01-2026 10:15,25809.45,0.17053,0.15924481180902225,0.14845,0.13976,0.13346,0.12639,0.12041,0.11710390976349944,0.11258,0.10915,0.10741,0.10778,0.10879,0.11139,0.20664109936546438,0.20007,0.19377,0.18647,0.17941,0.17247,0.1646006798165681,0.1568011580019124,0.14892,0.14155676462573402,0.13404,0.1272,0.12082,0.11367
16-01-2026 10:20,25841.8,0.15819,0.14716,0.13899,0.13187,0.12373,0.11959993303239463,0.11434,0.11136536377436482,0.10763,0.10463,0.10453840544959823,0.10351,0.10495538216560002,0.10678,0.21101989215064304,0.2039,0.19723,0.18991,0.1831,0.17600895278894557,0.16939,0.16132848542217623,0.15355412063978222,0.14545,0.13886175092654257,0.13178,0.12547,0.11796
16-01-2026 10:25,25852.75,0.16242,0.14949,0.1398972928678475,0.12939,0.12252,0.11715,0.11283,0.1087,0.10615343211352454,0.1027,0.10261986555875272,0.10126,0.10209,0.10456,0.2119,0.20486,0.19799510532628878,0.19119,0.18372732282493787,0.17635024045946404,0.16893258381957033,0.16149,0.15419116361900662,0.14685,0.14009,0.13271,0.12574543340652994,0.11887
16-01-2026 10:30,25857.6,0.14784881070285316,0.13945,0.13079,0.12502956742801483,0.11883,0.11293,0.10892,0.10623586446427269,0.10288,0.10016,0.0989,0.09982370034788335,0.09982,0.10275,0.21194,0.20515299092023384,0.19833,0.19135,0.18395567632168425,0.17656787799250784,0.16916688847901154,0.16177,0.15466,0.14751,0.1407269681965293,0.13392389673667793,0.12712,0.11996
16-01-2026 10:35,25863.75,0.14863504907188033,0.14056,0.13121,0.12583,0.12024914100327169,0.114,0.10955,0.10609,0.10326,0.10147313773998204,0.09935,0.10052906439290357,0.10130602517148117,0.10294,0.21288,0.2055,0.19872296603302042,0.19191,0.18500982636655944,0.1782,0.17063104243328686,0.16311284618496763,0.1556330691489966,0.14813,0.14179,0.13498405489421733,0.12811,0.1213826649163309
16-01-2026 10:40,25871.4,0.11897,0.11633,0.10899,0.10727,0.10349,0.10199,0.0993,0.09705,0.09528,0.094,0.09498477315762469,0.0955081068344906,0.09576,0.09883,0.21264026346562545,0.20618,0.19956146602863278,0.1929,0.18583277580437468,0.17892,0.17202,0.1635,0.15638,0.14957834897063466,0.14258,0.135892578066232,0.12916,0.12225
16-01-2026 10:45,25855.55,0.13543732767933325,0.13244,0.12971,0.12357,0.11755,0.11201,0.1082,0.1044,0.10165,0.09939,0.09839,0.09844,0.09942,0.10119997403274757,0.21214985044166348,0.20522,0.19822362412570133,0.19125,0.18446,0.17775,0.16997808513739682,0.16223,0.1550330019595363,0.14768,0.14126,0.13444086436899647,0.12765,0.12038
16-01-2026 10:50,25847.05,0.14577,0.13897,0.13057341157316155,0.12192,0.11503,0.11105025829896617,0.10605,0.10261,0.10005,0.09817,0.09713,0.0984654303440528,0.09968853864061195,0.10168,0.2108,0.20382,0.19754,0.19054,0.18315198910631586,0.17579979278598912,0.1684489721157175,0.16107,0.15389926131839315,0.14671,0.14015,0.13314,0.12674,0.12026407917752119
16-01-2026 10:55,25842.9,0.14318,0.1324,0.12530990429104816,0.11817580577752837,0.11107,0.10684,0.10408334164337035,0.10127836870250369,0.09825,0.09726968788424833,0.09575,0.09636,0.09761,0.09973491750073012,0.21137121342293103,0.20426751820310224,0.19721,0.19000707908505995,0.18287,0.17618,0.16946,0.1609,0.15371,0.14662,0.14015,0.13331707713517865,0.1265,0.1194
16-01-2026 11:00,25831.1,0.14914,0.13764685981585711,0.12683,0.1186,0.11283,0.10897,0.10495,0.10159,0.1002284873010868,0.0984363559810299,0.09635,0.09695,0.09832,0.10148,0.20992,0.20217,0.19686,0.1892,0.1821,0.1756,0.1678595632955977,0.1602,0.15294,0.14593,0.13922,0.13245797776719553,0.12568170694878555,0.1189
16-01-2026 11:05,25828.0,0.15898,0.14145,0.13754,0.12875375680716822,0.11895,0.11351,0.1097460430596515,0.10513,0.10239,0.10096011719622058,0.09879,0.09902,0.09998,0.10281,0.20854523644450354,0.2023,0.1963,0.18895,0.18185,0.17453335210577384,0.16724612545441336,0.15993,0.15249,0.14555676079313845,0.13853,0.13165,0.12519,0.11878345589652006
16-01-2026 11:10,25825.7,0.13287,0.12163,0.11516,0.11241,0.10890957688619998,0.10493,0.10231546554417673,0.09914,0.09781472555041057,0.09583,0.09518,0.09622,0.09783,0.1011,0.20835,0.20105,0.19433039144943615,0.18759116971182907,0.18088,0.1747,0.16794,0.15954,0.1529381150518515,0.14627055414772766,0.13948,0.1331323003801354,0.12667,0.12009
16-01-2026 11:15,25823.0,0.12090178750970963,0.11791,0.11566214384632474,0.11308,0.10815,0.10492,0.10205043734397329,0.09876,0.09692,0.09503,0.09582725025740674,0.09583,0.09765,0.0980902869973905,0.20775,0.20075909257996988,0.19365,0.18588,0.17904,0.17256,0.16557,0.15775,0.1511727340305374,0.14429,0.13817944045520908,0.13183,0.12611,0.11987
16-01-2026 11:20,25813.0,0.1374,0.12177,0.12075,0.11476,0.1103085763028723,0.10533,0.1025,0.10075207542508835,0.09858588105887992,0.0959,0.09707668101939113,0.09673,0.0982,0.1015,0.20540467217794442,0.19854,0.1916272155466975,0.18475765751657552,0.1779,0.17119,0.16423,0.15643,0.14972,0.14340328177264844,0.13693,0.13068110800531518,0.12445,0.11815285239230691
16-01-2026 11:25,25811.55,0.14089,0.1326468619384517,0.12487,0.11889,0.11332,0.10936,0.10597,0.10248,0.1002,0.09940171700321235,0.09763,0.0989653284564016,0.09942,0.10261,0.2055027597366736,0.19845,0.19273,0.18494,0.17775740753607489,0.1706376412405401,0.16359660656862476,0.1566022155704319,0.14943,0.14258,0.13629482169231744,0.12987,0.12372596841536868,0.11761
16-01-2026 11:30,25823.8,0.15411,0.113,0.11435,0.10898,0.10743727860522623,0.102,0.09995,0.0975,0.09647,0.09487,0.09483,0.09594,0.09743,0.09943458651687925,0.20831,0.19913,0.19347,0.18572,0.17835,0.17132433053386392,0.16422638006109408,0.15688,0.15027,0.14399517212788693,0.13741,0.13085,0.12501,0.11873
16-01-2026 11:35,25810.0,0.12446,0.11967652092070669,0.11493,0.11071941484984207,0.10626,0.10419,0.10133,0.09953480887765462,0.09732,0.09597,0.09674860778033217,0.0965,0.09825,0.10142,0.20388,0.19723,0.19164,0.18424,0.17716,0.17024,0.1631777274231998,0.15609751890523438,0.1491014519839801,0.14201,0.1359995955352943,0.12997,0.12389,0.11763
16-01-2026 11:40,25806.75,0.1389,0.12465,0.11794,0.11279805103052756,0.10622,0.10315,0.10062,0.09812,0.09705,0.09653094415255693,0.09532,0.09634,0.09871673110253845,0.10154,0.2045,0.19813,0.1910621581816626,0.1839789798118096,0.1769,0.16997,0.1629025089598215,0.15583750395335183,0.14868,0.14202,0.13598,0.12931,0.12373,0.11758
16-01-2026 11:45,25794.7,0.14051,0.13091,0.12414056946931787,0.11682,0.1107,0.10674,0.1042641362966091,0.10097,0.09913,0.0973,0.0968,0.09763,0.09919,0.10272,0.20353,0.1979,0.19172,0.18358,0.17642,0.16943283168793127,0.16245,0.15443,0.14754,0.14069,0.13437,0.12782,0.12175078836138371,0.11579
16-01-2026 11:50,25794.65,0.13867666524418396,0.13098,0.12389,0.118074437022543,0.1119,0.10766,0.10486143809704121,0.10134,0.09948,0.09772,0.0971,0.09817,0.09991,0.10361,0.20397,0.19778182101141897,0.19142,0.18363622307051775,0.17616,0.1691942427443581,0.16225,0.15425,0.14738,0.14055,0.13399379492817345,0.12772,0.12055168830538628,0.11390155844293263
16-01-2026 11:55,25797.25,0.11631,0.11333,0.10804,0.10403,0.10069,0.09881,0.09771279099641327,0.09640299914338954,0.09487,0.09344,0.09487917651673577,0.09565,0.09765,0.10157,0.20337,0.1978,0.19065297896748473,0.18355,0.17697,0.17019,0.16317,0.15578025442997268,0.14836,0.1416,0.1352581344765804,0.12902,0.12312570895415141,0.1175065566971265
16-01-2026 12:00,25774.5,0.15413888428571162,0.14442,0.13569,0.12757,0.12104,0.11543,0.11063,0.10685,0.1044,0.10161,0.10244406996581251,0.10162,0.10292,0.10615,0.20194,0.1949610000016292,0.1879680314569412,0.18098,0.17393105927563007,0.16691,0.15966039330610415,0.1524,0.14513,0.1386,0.1324885903607644,0.1262963518043999,0.12011,0.11355
16-01-2026 12:05,25790.15,0.15533475672178798,0.14723,0.14572,0.13608,0.12841,0.12167,0.11750341307362087,0.11287481389382911,0.10792,0.10457,0.10314,0.10423054664025114,0.10446,0.10716,0.2034457657556668,0.19612,0.18942,0.18174,0.17455607252238406,0.16733,0.16055,0.15325726729536732,0.14594,0.13939,0.1329757138176147,0.12655963934588266,0.12016160067396456,0.1138
16-01-2026 12:10,25810.95,0.15056,0.1462055568806184,0.14114,0.13138,0.12467313185050993,0.11753,0.11339631761043772,0.1085,0.10654332154499625,0.10405795879239388,0.1017,0.10199,0.10283,0.10549,0.20417,0.19691988926209097,0.1897508404852353,0.18259,0.17569,0.16842,0.16154,0.15399,0.14702,0.1405,0.1340228022907343,0.12742,0.12188,0.11592663006956684
16-01-2026 12:15,25821.3,0.13938,0.13234,0.12675,0.11879,0.11084,0.10838,0.10527660085898136,0.1012,0.10007201546196703,0.09792,0.0971,0.0978,0.09951,0.10262,0.20592,0.19919,0.19148125022858317,0.18384,0.17603,0.16828,0.16178,0.15491761856907665,0.1480290861387512,0.1412,0.13506812991391684,0.12892123509186526,0.12290285195166614,0.11702
16-01-2026 12:20,25815.75,0.14513,0.1334,0.12734416575869612,0.12196276855228008,0.1166474671263458,0.11148444646491734,0.10611281797810586,0.10238,0.1004,0.09856,0.09786,0.09922879181542142,0.09994,0.10298,0.20463,0.19803904359288177,0.19134,0.18355727612017436,0.17587,0.16874299557079242,0.1613,0.15455113884241328,0.14733,0.14068,0.13489,0.12876587723074065,0.12264,0.11623
16-01-2026 12:25,25811.0,0.07258239777326514,0.07556,0.07403,0.08059,0.0818,0.08406,0.08529,0.08605,0.08702,0.08707,0.08859,0.09116,0.09460620570869463,0.0983,0.2039857479911758,0.19641,0.19061,0.18234,0.17548,0.16888404542243807,0.16209,0.1555399394804842,0.14875,0.14308656086352256,0.1372966970271338,0.13181,0.12643785302406893,0.12138446947891704
16-01-2026 12:30,25738.6,0.15064,0.14403,0.13703,0.12998,0.12139,0.11635,0.11267301996855802,0.10782,0.10602694463892592,0.10304,0.10235,0.10337,0.1046,0.10804,0.19934886062051055,0.19115,0.18304,0.17546,0.16765,0.16045,0.15361569955223942,0.1465,0.14004931978343232,0.1333,0.12759,0.12143,0.11626,0.11068
16-01-2026 12:35,25771.0,0.13271,0.11957,0.11999,0.11437,0.11075743720846777,0.10775284854660457,0.10472078914941683,0.10183762409796668,0.09885864499577338,0.09743,0.09818022008630185,0.09898,0.10145719024256893,0.10431,0.20192187910337603,0.1936155496507728,0.18558734312587458,0.17795,0.1699,0.16309,0.15609,0.1495199226997906,0.14276,0.13619,0.13056586600339726,0.12469,0.11993,0.11418
16-01-2026 12:40,25768.5,0.12057585632615561,0.11783,0.11523,0.11094,0.10513,0.10293,0.10049,0.09947730994917062,0.09773,0.09643,0.0967,0.09827,0.10039,0.10439,0.20208040187535845,0.19373,0.18564,0.17742,0.17032,0.16289,0.15638,0.14954,0.14292,0.13661,0.13136,0.12545,0.12058,0.11512
16-01-2026 12:45,25759.4,0.13574,0.12873,0.12030695501103061,0.11155,0.1062,0.104375891592314,0.10183,0.1005967605567101,0.09907943882371667,0.09762,0.09773,0.09971520513359451,0.1015,0.10533,0.19968,0.1918,0.18414834585092102,0.17633,0.16985,0.16292,0.15605,0.14955,0.14294268492432277,0.13604,0.13049964488303661,0.1246,0.11957,0.11427
16-01-2026 12:50,25750.05,0.15113,0.1299,0.13151,0.12439,0.11706,0.1124,0.10845,0.10559,0.10562161311273807,0.10471676503092561,0.10402110665042934,0.10258,0.10427,0.10777,0.19893,0.19182314183339,0.18448,0.17589,0.16936,0.16200407312986398,0.1545,0.14786,0.14082,0.13403,0.12818,0.12242425384262594,0.1167,0.1112273599167435
16-01-2026 12:55,25759.95,0.13098,0.11788,0.10878,0.10602449211262878,0.10147,0.10013,0.09876379039342868,0.09701,0.09661,0.09686163536796955,0.09607,0.09866,0.10065,0.10459,0.20021,0.192626862579928,0.18499,0.1771,0.17085,0.1638651502349367,0.15686,0.14965,0.14307,0.1373866682884451,0.1316180154870148,0.12592024436275334,0.1202,0.11467
16-01-2026 13:00,25740.05,0.11584,0.11504,0.11087128197523294,0.1065,0.10353,0.10136,0.1004559711172538,0.0993166447106221,0.09833289276703039,0.09708,0.09784,0.09999,0.1022,0.10614,0.1998402067325138,0.1918424087119617,0.18404,0.17607,0.16912,0.16179,0.15459,0.1476,0.14118,0.13531119463290564,0.12929196512411728,0.12322,0.11839,0.11323
16-01-2026 13:05,25723.25,0.13718,0.12944057874572007,0.12247120169901887,0.11549,0.11086,0.10673,0.10355,0.10260090396775759,0.10077,0.0998,0.10130506588300947,0.10199,0.10432,0.10812,0.19679,0.18752,0.18262,0.17485808004767855,0.16707,0.15978,0.15293562621538487,0.14583,0.13886,0.13222,0.12679,0.12034,0.11525463328470728,0.11048
16-01-2026 13:10,25717.95,0.13098075290923097,0.12359,0.11648,0.11189,0.10762,0.10473,0.10199,0.10130352225962162,0.1001883600321942,0.09863,0.09951,0.10155,0.10385,0.10775,0.19595,0.18853958071134322,0.18113,0.17374801036165688,0.16633,0.15906,0.1519,0.14494,0.13801,0.13187,0.12626,0.12043,0.11581,0.11036
16-01-2026 13:15,25715.5,0.12546,0.12116,0.11565,0.1126,0.10896,0.10405,0.10229977340602134,0.09984,0.099,0.1001303891622933,0.10093327472100677,0.10146,0.10356,0.10763,0.1962318492307289,0.18828,0.18058,0.17323647019355998,0.16584,0.15805,0.15146,0.14411,0.13798538533291216,0.13175845698565966,0.12538,0.11965,0.11476,0.10943
16-01-2026 13:20,25705.4,0.12947,0.11802,0.11258,0.10834,0.10581081200027982,0.10232,0.10035,0.09896,0.09863,0.09943628895125306,0.09917,0.10128,0.10405,0.1082,0.19409,0.18625,0.17938,0.17117,0.16438,0.15766534538527482,0.15084891058415761,0.14401,0.13719,0.13130286769087166,0.12542667222301612,0.11984,0.11435629871184275,0.10911840388602748
16-01-2026 13:25,25670.15,0.14136076924364083,0.13457124783249105,0.12849,0.1232492039281507,0.11851897125361602,0.11384,0.111229125751757,0.10845211928472945,0.10562,0.10372,0.10444,0.10609,0.1090467224440765,0.11318176185667327,0.1933041950113608,0.18482390268748375,0.17675,0.16848,0.16129,0.15453389868244233,0.1477307609477911,0.1409655679881459,0.13426922678618836,0.12774,0.12256,0.11649,0.11182,0.10669
16-01-2026 13:30,25701.15,0.12861047431299819,0.12167,0.11776,0.11068,0.10764495575970015,0.10372,0.10152,0.10011,0.09973623521841782,0.0984,0.09946,0.10177,0.10453,0.10864,0.19291,0.18635,0.17830873264626293,0.17016,0.16363530435762347,0.15684,0.15011773658173377,0.14324,0.13718,0.13102,0.12596,0.12097242944411521,0.11593083458104589,0.11092
16-01-2026 13:35,25687.3,0.14434,0.1325682532042833,0.12208,0.11888769739246205,0.11418,0.11021,0.10674,0.10518080415076243,0.10289,0.1032951676358966,0.10239,0.10459,0.10771907570857611,0.11112,0.19179,0.18521,0.17755,0.169,0.16225,0.15562,0.14893023514261844,0.14217597611852545,0.13532,0.1298,0.12427,0.11920598275576408,0.1141,0.10873
16-01-2026 13:40,25701.3,0.12254001407164716,0.11745914924620199,0.11376,0.10739,0.10685,0.10394,0.10172,0.1010081025848922,0.10017577795514596,0.09871,0.10067444733709452,0.10235,0.1049,0.10826678922153221,0.1943,0.18656887749406573,0.17877,0.17057,0.16381,0.1569,0.15027,0.14405834913350918,0.13759,0.1319786488557004,0.12613,0.12059,0.11576891915289345,0.1111
16-01-2026 13:45,25699.7,0.1373,0.13042,0.11779,0.11529,0.10943,0.1053,0.10285,0.10143,0.10042,0.09952,0.10051,0.10286,0.10561,0.10982,0.1942,0.18645568178727126,0.17866,0.1706293740271817,0.16244,0.15595,0.14943,0.14316287397218555,0.13674,0.13033,0.12474,0.11878,0.11483,0.10907
16-01-2026 13:50,25712.85,0.096,0.09792193152518577,0.09935,0.09913,0.09681,0.09661,0.09558,0.09596686427000077,0.09617625978054478,0.09559,0.09792526189228266,0.10022,0.10331,0.10683084764099324,0.19489,0.18785,0.18054,0.17231,0.16487,0.15825,0.15232,0.14546,0.13945,0.13427497239258823,0.12872,0.1229,0.1191,0.11438
16-01-2026 13:55,25689.85,0.12024,0.11693,0.11188,0.10916,0.1054,0.10373757232767719,0.1014,0.10011,0.09981,0.10057359090678877,0.10065,0.10302823134242534,0.10586,0.10913378425206516,0.19343,0.1865001582479428,0.17932,0.17,0.16346723785831757,0.15664294771495918,0.15007685058323553,0.1431,0.13705,0.13101,0.12583,0.12037,0.1155081136606227,0.11085
16-01-2026 14:00,25681.95,0.12937,0.1228,0.11186,0.10728,0.10449,0.10222,0.10041,0.09939,0.09967850719751617,0.09873,0.1004,0.10286,0.10605,0.11042,0.1928,0.1849,0.17867,0.16968,0.1625,0.15605,0.14951,0.14300718166373091,0.1363,0.13023,0.12524,0.1196914308923611,0.11474929558831988,0.11020012098125366
16-01-2026 14:05,25682.85,0.11283553705767242,0.10862,0.1064,0.1033064324296018,0.10009,0.09877,0.09813640549070754,0.09708,0.0973,0.0985671585213304,0.09919,0.10199,0.10529,0.1089211107859898,0.19376,0.18657,0.17899914497734332,0.1714270369966607,0.16379,0.15719,0.15029,0.14367,0.13742,0.13134,0.12618,0.12143279150286163,0.11655,0.11155
16-01-2026 14:10,25684.7,0.11900865242851094,0.11599,0.11313,0.10953972516863392,0.10579,0.10318,0.10086,0.09999,0.09936,0.09903,0.10061,0.10323,0.10676083895925885,0.1114651813438355,0.19436,0.187783208184163,0.18102,0.17225,0.16485,0.15764,0.15094,0.14463283190698553,0.1379528852158164,0.13112,0.12593,0.12005,0.11351716795584305,0.10757276839468512
16-01-2026 14:15,25676.95,0.1296,0.12340515257958926,0.11738,0.1128626104800322,0.10781,0.10494,0.10251,0.10111,0.10068,0.1001,0.1024544466379802,0.10398,0.10693,0.1114,0.19410052723691326,0.18651,0.18004,0.17128,0.16421016919139858,0.15715564430155776,0.15001,0.14276,0.1364987420160489,0.13007,0.12489,0.11956780257684449,0.11421120847433813,0.10882
16-01-2026 14:20,25689.4,0.12662572015216722,0.12117,0.11415,0.11165,0.10823450703290777,0.10432,0.10156,0.10039,0.10026596501917023,0.09924,0.10062,0.10349931781627922,0.10594,0.11044,0.19482,0.1876,0.18081,0.17175,0.1647060100028366,0.15734,0.15051,0.14377,0.13728,0.13077,0.12531465159035457,0.11961,0.11523,0.11127432642559815
16-01-2026 14:25,25707.1,0.10563,0.10337,0.09999,0.10020836013752207,0.09989,0.09852,0.09679,0.0967222984805541,0.09596,0.09605,0.09786,0.10066,0.10379,0.10787169472262163,0.19591,0.1886376741268297,0.18138949460796255,0.17415686771748923,0.16691,0.1597758922400849,0.15263,0.14607,0.13954,0.13287,0.128,0.12269817111382345,0.11732,0.11197973694775025
16-01-2026 14:30,25688.2,0.1291,0.12584,0.11920451042066427,0.11225,0.1086,0.10543,0.10269,0.10131,0.10008,0.0997,0.10106,0.10350164192220179,0.10627,0.10986617837123568,0.19502281133533805,0.18678,0.18041,0.1717,0.16455854750907756,0.1574264360726126,0.15022,0.1435,0.13669,0.1311091359733972,0.12518,0.11931,0.11504,0.10955
16-01-2026 14:35,25708.0,0.0988,0.10416511484792082,0.10769,0.10343,0.10132,0.09913,0.09727,0.09883483143247845,0.09907611868654279,0.09954987761191332,0.10029336268088238,0.10136995440495128,0.103,0.10619071587099774,0.1972336513887551,0.18888,0.18215,0.17418930080352907,0.16617,0.15883,0.15184,0.14478,0.13916,0.13226,0.12691780604910977,0.1214332314708938,0.11622881070738143,0.11142
16-01-2026 14:40,25706.4,0.13025,0.11776,0.11254,0.10775,0.10445,0.10217,0.10068876933364927,0.09848,0.09765,0.09744,0.09866,0.10081,0.10407,0.10814893510264645,0.19508,0.18877,0.18057875336198115,0.17234,0.16520926511778294,0.15791,0.15112992163736294,0.14424,0.13825474812248217,0.13221216436961755,0.12614,0.12082867235782815,0.11546,0.10992
16-01-2026 14:45,25707.8,0.11305,0.11059053531709341,0.1079,0.1037,0.10175634440881129,0.09932,0.09747,0.09656,0.0962,0.096,0.09755,0.1007440783137666,0.10390758837366479,0.10763,0.19566,0.18747894296788148,0.1796354462947516,0.1720597493396833,0.16439,0.15805,0.15116,0.14419,0.13795,0.13183,0.12668,0.12112,0.11596058648995064,0.11095
16-01-2026 14:50,25692.95,0.12547,0.11918,0.10981,0.1093,0.10592,0.10255,0.10015,0.09980605494742392,0.09851,0.09818,0.09941,0.10159,0.10425114172474284,0.10787017856265882,0.19487,0.18736869150910906,0.17988,0.1724797257111374,0.16504311111425948,0.15765666548785684,0.15028,0.14363,0.13705,0.13165587778680962,0.12599,0.12031,0.11583,0.11055207313854058
16-01-2026 14:55,25700.95,0.12312313375058682,0.11841160219908142,0.11405,0.10999,0.10705418230324354,0.10402532256785944,0.10123278062103427,0.09834,0.09736,0.09789,0.09887,0.1009,0.10365,0.1081,0.19471,0.18681,0.17895217070065292,0.17093,0.16381604033144634,0.15639,0.15009,0.14316,0.13697,0.13133,0.12612,0.12094479827207198,0.11571,0.11054
16-01-2026 15:00,25706.3,0.11793,0.10192,0.10295,0.10197901588460512,0.09969,0.09836835520576369,0.09651,0.09594,0.09545,0.09534,0.09684,0.09922,0.1025,0.10705,0.19519,0.18809,0.17982360565434657,0.17142,0.16433,0.15744,0.15132,0.14473,0.13875,0.13248,0.1273725863051774,0.12221937171981752,0.11743,0.11279937709163208
16-01-2026 15:05,25694.05,0.11281,0.1108,0.10746,0.10416,0.1024,0.09971,0.09806,0.09725,0.09693,0.09638,0.09874224855273443,0.10026,0.10341,0.1081,0.19419,0.18632274325573261,0.1786078173530452,0.1710478394144908,0.16361435805183422,0.15637,0.1499813447073759,0.1437073903122958,0.13761528706618117,0.13156,0.12665,0.12163921177928905,0.11665,0.11126
16-01-2026 15:10,25691.6,0.11496,0.11011,0.10436,0.103,0.1011701910591439,0.09867,0.09737,0.09678,0.09653,0.09608,0.09782,0.10012,0.1032,0.10803,0.19358,0.18629949512308078,0.17879,0.16985,0.16215,0.1559,0.14978,0.14276,0.137,0.13180728650376333,0.12645299366569518,0.12112,0.11638,0.11126087513429672
16-01-2026 15:15,25691.75,0.12412018389741894,0.11886959508586561,0.11411,0.11020580931746807,0.10641,0.10313,0.10126,0.09949,0.10011978220213485,0.10033487535275079,0.09963,0.10231976772623064,0.10484,0.10931,0.195006875842414,0.18655,0.17919,0.16989,0.1628867685051172,0.15566,0.14940090851517535,0.14303222197838178,0.13686,0.1313024857471844,0.12584262534469604,0.12044516600221096,0.11515950819708909,0.11
16-01-2026 15:20,25695.9,0.12636,0.11925072377841822,0.11262,0.10924692400917208,0.10512,0.10249,0.10053,0.0995695747725096,0.09793,0.09907431790381875,0.09946,0.10206,0.10536500362255591,0.10982602555561537,0.19487,0.18674642277561274,0.17886506392874824,0.17096,0.16397051568343018,0.15688,0.15031831786079003,0.14363,0.13747301388448674,0.13107,0.12575056703182794,0.12023,0.11537,0.10972
16-01-2026 15:25,25697.65,0.12031,0.1104,0.1066,0.10453,0.09976,0.09915,0.09784209144316187,0.09583,0.09506,0.09531,0.09719,0.10021,0.10306996866307998,0.10717648277057577,0.19461,0.1898,0.18118,0.17114,0.1634607148793266,0.1551,0.14895,0.14256,0.13677,0.13126,0.12550849933149533,0.11962,0.11517,0.10954
19-01-2026 09:15,25549.65,0.14245,0.13519,0.13069563361359687,0.12615470817405844,0.1214,0.11899,0.11806,0.11871199611527294,0.11852,0.11961,0.12266,0.12716928380702167,0.13163008273814136,0.13657,0.2059319115367812,0.19843,0.1915,0.18321,0.17469750218768818,0.16623,0.15889,0.15008,0.14249,0.1363872172146762,0.12989,0.1242591239142892,0.1187,0.11377735150612735
19-01-2026 09:20,25596.45,0.08441,0.08932,0.09374,0.09633,0.09736,0.09923101299587261,0.1011,0.10234,0.10559,0.10954504616875059,0.11308,0.11716,0.12276314381296051,0.12876,0.21017,0.20166,0.19502,0.18657,0.17775,0.17067,0.16256,0.15405,0.14766484724421317,0.14047,0.13504,0.12996,0.12594,0.12153
19-01-2026 09:25,25570.45,0.1024,0.10142,0.10257,0.10299951092752348,0.10343913614846584,0.10391750754232237,0.10414,0.10616668371318658,0.10833,0.11225749953260604,0.1162564062661069,0.12016,0.1259749189261976,0.13211,0.20873,0.20108087676019337,0.19328,0.18469,0.17673,0.16852,0.16075,0.15336340369768658,0.1458759787451592,0.13812,0.13237,0.12696,0.1231,0.11855
19-01-2026 09:30,25544.4,0.1437,0.13407,0.12960389492413232,0.12442,0.11993,0.11696,0.11785958818609654,0.11777573770210144,0.11679,0.1189,0.12285,0.12687,0.13188,0.1382824795536515,0.20673586048460318,0.19894,0.1910548972093183,0.18313,0.17496887637787067,0.16685184880513965,0.15864533560307656,0.1504,0.14143,0.13439,0.12843149455806324,0.12235344024230571,0.11662,0.11199545823738781
19-01-2026 09:35,25579.4,0.09938,0.09619,0.09934,0.09998738101282423,0.10069255925224105,0.10124,0.102,0.10339,0.10655,0.10958,0.11432857257986265,0.11861,0.12437,0.13021276959301994,0.21264,0.20463,0.19773,0.18849,0.18053,0.17254,0.16418,0.15573565790102067,0.14696,0.13985,0.13436892165050962,0.12832,0.12423,0.11922
19-01-2026 09:40,25551.95,0.12548687671658718,0.12028,0.11618225474133481,0.11254,0.11043,0.11026315217435595,0.10928,0.1094,0.11187,0.11453,0.11884376247994895,0.12316513743880275,0.12803,0.13394598812459416,0.20806,0.20021,0.1919559087461586,0.1836674712717809,0.1753876965937073,0.1672,0.15933773487627406,0.15147037886286277,0.14370871161548582,0.13608058368054496,0.12888,0.1236782628280987,0.11862,0.11313
19-01-2026 09:45,25560.95,0.11745,0.11174,0.11006,0.10947,0.10771,0.10715,0.10706,0.10726,0.11046437089286451,0.11282,0.11733653039643602,0.12107,0.12643,0.13281,0.20898,0.2006266266253393,0.19241940257994417,0.18423,0.17651,0.1682789535086194,0.16008,0.15174,0.14344,0.13733485711053342,0.13053,0.12461,0.12019,0.1149
19-01-2026 09:50,25558.35,0.09813,0.10030436916071839,0.10203,0.10231,0.10235,0.10252,0.10324,0.1058024992480083,0.10771,0.11077,0.11571640616208409,0.12005,0.12593,0.13257,0.20877,0.20134684539663994,0.19383,0.1854605103766389,0.17721,0.16877,0.16055,0.15246903627845018,0.14406,0.13821266116786335,0.1319323758727474,0.12572,0.12158,0.11685
19-01-2026 09:55,25558.2,0.09875204318714038,0.10014,0.10137407571465906,0.10229,0.10223,0.10300564847772817,0.10338,0.10459,0.10823,0.11146,0.11594,0.1209,0.12691983119883377,0.13321,0.20929,0.20139,0.19461,0.18508,0.17753,0.16879,0.16056,0.15232,0.145763713898031,0.138980790152061,0.1319,0.12601,0.12211,0.11727
19-01-2026 10:00,25520.6,0.11102,0.10901252137857308,0.10734,0.10683,0.10759019268850198,0.1085002802457962,0.10946371267456784,0.11026644530393244,0.11123,0.1146,0.11929,0.12411,0.13013,0.13675,0.20707,0.19896,0.19193,0.18325,0.17535,0.16608,0.1579007895596886,0.14947,0.14123,0.1356243367481761,0.12974,0.12484261298663031,0.11982865403042331,0.11506
19-01-2026 10:05,25510.95,0.12617292011826325,0.12154,0.11737,0.11509909872764058,0.1124,0.11138,0.11069,0.11147,0.11459,0.11890304953212968,0.12280893076416546,0.12648,0.13215,0.13871,0.2057,0.1978581043540968,0.18988,0.18129,0.17407,0.16521422129409336,0.15632,0.14823047747132567,0.13978,0.13291,0.12725649900353236,0.12118,0.11689,0.11165
19-01-2026 10:10,25528.25,0.11377,0.11102,0.10945,0.10865,0.10732,0.1069,0.10813595426701265,0.10798,0.11157,0.11463,0.11918,0.12476164141505461,0.12999,0.13649,0.20910535551732357,0.20022,0.19147672073162741,0.18279,0.17453780513858597,0.1662,0.15812511170350046,0.14982,0.14134,0.13535,0.13002,0.12434,0.12024,0.11634765715765762
19-01-2026 10:15,25530.4,0.12141,0.11548,0.11096,0.11016874690463498,0.1083,0.10833972523220889,0.1075,0.1084,0.11213773887201936,0.11533,0.1201288590927074,0.12455,0.13037,0.13666074789272353,0.20674,0.19922,0.19156,0.18271,0.1744358925676786,0.1662,0.15768840682668706,0.14908,0.14128,0.13549628782843331,0.12952640874571147,0.12367,0.11966,0.1162268467174197
19-01-2026 10:20,25543.9,0.10527,0.10863,0.10872,0.10739318842931585,0.10618,0.10562,0.10593,0.10742,0.1109,0.1139,0.11885850755735941,0.12389911597986558,0.1293205062491286,0.13525,0.20859,0.20101999560071865,0.19336,0.1848656610546295,0.1765,0.16769,0.15962,0.15065,0.14289,0.13678,0.13111,0.1262,0.12128,0.11615
19-01-2026 10:25,25526.15,0.09784,0.10189,0.10185351807344978,0.10252,0.10243,0.10311,0.10435,0.10618,0.11058,0.1146322696684769,0.11839,0.12352,0.12898030635055044,0.13512072279411805,0.20978637646720408,0.20095,0.19202308364219595,0.18335,0.17583,0.16711,0.15904,0.15084,0.14335,0.13761,0.13253,0.12716,0.12291037325507101,0.1189
19-01-2026 10:30,25515.7,0.11207,0.11108,0.10904,0.10873,0.10713,0.107,0.10726,0.10887,0.1126,0.11711094830880509,0.12127141018561523,0.12525,0.13067,0.13722,0.20818878056377182,0.19967718827118705,0.19129,0.18263,0.17446,0.16607259403520097,0.15768,0.14928,0.1434521884221827,0.1378817024313047,0.13237029077976814,0.12695083722260952,0.12146,0.11627
19-01-2026 10:35,25513.9,0.1094093354226927,0.10845,0.10764,0.10713,0.10687,0.10626,0.10705,0.10863,0.11265,0.11674883663358675,0.12018,0.1255971635521636,0.13066,0.137,0.20597214759781754,0.19815,0.19151,0.18248,0.17431,0.16585,0.15774,0.14968,0.14227,0.1371454321268607,0.1318080292713985,0.12639,0.12212694655870146,0.11797
19-01-2026 10:40,25500.4,0.12671,0.12105,0.11822707051359391,0.11492,0.11304,0.11290273855841995,0.11166,0.11259,0.11596,0.1186,0.12238,0.12702,0.13226,0.13833,0.203557553579594,0.19672964167876958,0.18922986383122567,0.18111,0.17319,0.16441,0.15625,0.14863252991453862,0.14052,0.13514142444901212,0.12906,0.12435831426043398,0.11946,0.11466
19-01-2026 10:45,25525.55,0.11111,0.10924,0.10772,0.1078,0.1073544218756131,0.10635,0.10664,0.1084,0.11199,0.1149,0.11949198096991054,0.12381,0.12913,0.13489858579804,0.20887,0.20024,0.19212056213576326,0.18400281560557752,0.17591,0.16744,0.15888,0.15089,0.14323,0.1382434115110105,0.13255,0.12788012540347077,0.12298,0.11823
19-01-2026 10:50,25515.9,0.12273856334117154,0.11866,0.1148,0.113,0.11051,0.10984,0.10947,0.11058,0.11388,0.11648,0.12128011546904374,0.12595524665886587,0.13063,0.13669,0.20749,0.19889,0.19183,0.18328236680737586,0.17492,0.16565,0.15761,0.14864,0.14145,0.13566,0.1298,0.12429,0.11994,0.11585600918847525
19-01-2026 10:55,25526.35,0.13233,0.12637,0.12245674984917057,0.11851547582270926,0.1144,0.1118,0.11078,0.11307899787844795,0.11506443775470462,0.11657,0.12053,0.12501,0.12999,0.13624,0.20794178391225757,0.19956,0.1911746725152268,0.18279255973940145,0.17440635223321438,0.16603,0.15766,0.1499518417047193,0.14225186149778846,0.13438,0.12854,0.12257,0.11808,0.11313
19-01-2026 11:00,25550.1,0.12151,0.11932,0.11645729823468581,0.11367,0.11288122803576792,0.1117257453077334,0.11072796297891069,0.10928,0.11236,0.11481,0.1185,0.12320503578736361,0.12812,0.13383870770092066,0.2121675759173201,0.20291176469078526,0.1943,0.18508,0.17745,0.16863,0.1601849543126924,0.15139,0.14332,0.13704,0.13131,0.12541,0.12046,0.1154
19-01-2026 11:05,25561.85,0.10899,0.10138,0.10269533762615773,0.10252,0.10226042463845421,0.10169,0.10215,0.10318,0.10710971213970019,0.11094120529027629,0.11449,0.11959,0.12517,0.13184,0.21391562325131092,0.20419925775342765,0.19516,0.18634,0.1785826051435604,0.17074,0.16283,0.1551866852824304,0.14716,0.14106,0.13515,0.12992,0.1252828219133696,0.12077
19-01-2026 11:10,25540.3,0.11046,0.11083,0.10827,0.10789,0.10673733982967641,0.10491,0.10636097657680356,0.10638,0.10954,0.11268,0.11737,0.1223,0.12767,0.13403,0.20769,0.20022,0.19262,0.18414,0.17678,0.1684043382002231,0.16,0.15135,0.14463,0.13874736380219316,0.13236,0.12745011466316125,0.12227,0.11743
19-01-2026 11:15,25533.8,0.10798,0.10731,0.1053,0.10503,0.1036,0.10349,0.10402,0.10558,0.10894,0.11228,0.11706,0.12214,0.12774,0.1338444757778889,0.2066,0.19961,0.19276,0.18385,0.17612,0.16777,0.1606102287372237,0.1536069620913194,0.1466866400991142,0.13992730765737232,0.13327,0.12814000372406043,0.12329,0.11873635565802428
19-01-2026 11:20,25513.75,0.12529,0.12140524708771247,0.11810060428609773,0.11531823861396029,0.1126734182318822,0.10967186825317558,0.109,0.10982,0.11303,0.11594,0.12068330421911494,0.1254515541842912,0.13082,0.13719049900921007,0.20604435037661278,0.19808,0.19148,0.18214,0.174082782230097,0.16612381749145816,0.15801,0.15022149265629656,0.14218,0.13622,0.13042,0.12540537151340664,0.12023,0.11555
19-01-2026 11:25,25514.95,0.12155,0.11852326856418932,0.11564400968068919,0.11269,0.11016,0.10919,0.10884,0.10989,0.11307,0.1172338966343407,0.12056,0.12524,0.13056,0.13686,0.20677,0.19908,0.19201,0.18296,0.17563,0.16714206745422325,0.15861,0.1503,0.14252,0.13653,0.13136646677394337,0.12596198703651348,0.12058,0.11544
19-01-2026 11:30,25517.75,0.1164,0.11895,0.11447,0.11249864922619883,0.11014,0.10984386500010801,0.10842,0.10934,0.11251,0.11579,0.12048710786004699,0.1249,0.13011,0.13466979885321714,0.20709,0.1994,0.19234,0.18378497416421719,0.1754,0.16715,0.15874,0.15046,0.14375264955400568,0.13664,0.131,0.12576664017022474,0.12049790342814745,0.11537
19-01-2026 11:35,25523.55,0.13105,0.12514,0.11925,0.11609,0.11285,0.11088,0.11066729193549217,0.1104,0.11171423772178585,0.11410557938307796,0.11756970806538347,0.12211209794127581,0.12773997473257637,0.13446222441178549,0.20675,0.19941490457199873,0.19187,0.18327,0.1751380273612771,0.16705,0.15851622306037003,0.14979,0.14297506505778285,0.13564,0.12991035092236888,0.12382,0.119,0.11349
19-01-2026 11:40,25536.55,0.12496,0.12074,0.11716345663946598,0.11329,0.11037,0.10856,0.10765,0.10846,0.11115,0.11382,0.11815,0.12287,0.12793,0.13466,0.2075206172446175,0.20095,0.19398,0.1854504327712393,0.1768718872164483,0.16824,0.1599714174676129,0.15167401369952646,0.14335,0.13701,0.1309,0.12512,0.12048,0.11619905667359011
19-01-2026 11:45,25537.25,0.11701,0.11709,0.11421896812071644,0.11106,0.10883,0.10754,0.10676,0.10777,0.11073,0.11367,0.11808,0.1229,0.12826,0.13492,0.20853024706266676,0.20064,0.19372,0.18477,0.177,0.16881037700887816,0.16057,0.15202,0.14431,0.13781,0.13198342890903528,0.1257,0.12097,0.11573
19-01-2026 11:50,25541.5,0.1141031380535449,0.11365,0.11364,0.1105,0.10792,0.10779633413919139,0.10637,0.1072,0.11035,0.11317,0.11783,0.12292875831802062,0.12762,0.13443,0.20815,0.20042403451306826,0.19268,0.18491,0.17719,0.16884,0.16039,0.15234,0.14543834377691456,0.13809,0.13205,0.12577,0.12017206701866576,0.11481401050829415
19-01-2026 11:55,25540.75,0.10867,0.10743,0.10536,0.10369,0.10266,0.10272,0.10312,0.10596748153082483,0.10829,0.11301131493318335,0.1173529933644289,0.12165,0.12697,0.13378,0.2075405715507493,0.2002,0.19379,0.18487,0.17745,0.16911574113219743,0.1608,0.15384042236085493,0.14678447943167305,0.13996643642920864,0.1331,0.12797092535180535,0.12284,0.11794
19-01-2026 12:00,25527.0,0.10974,0.10841,0.10674,0.10549,0.10385,0.10401,0.10449,0.10618,0.11004,0.11454871013972179,0.11844,0.12351,0.12899,0.13490171805950665,0.2073,0.20016,0.19242,0.18348,0.17581343885678063,0.16834498658006603,0.1609529122489966,0.1536193977624853,0.1463043619799379,0.13889230782689205,0.13228,0.12672,0.12192879224704248,0.11728
19-01-2026 12:05,25522.1,0.11425123571213197,0.11073,0.10843293369128763,0.10672043809098564,0.10508,0.10569369352710371,0.10558,0.10727,0.11101,0.11542183189809466,0.119748885573226,0.1243,0.1304286406621751,0.13720203028374586,0.20782,0.2003324659709265,0.1927,0.18434,0.17697,0.16887,0.1608938096718911,0.15297275917097236,0.14489,0.13817,0.13245914964231104,0.12657,0.12221,0.11798059665328722
19-01-2026 12:10,25521.0,0.12433,0.11937287558803311,0.11494,0.11236,0.11058539991680805,0.10817,0.10804,0.10903,0.1125,0.11537,0.11986,0.1248,0.13057219688780225,0.13657,0.20775,0.20069000792350847,0.19335,0.18459,0.17676664533281217,0.16903,0.16024,0.15184,0.1447779086302124,0.13714,0.1311819881338036,0.1247,0.11998,0.11443
19-01-2026 12:15,25533.2,0.13678,0.12256,0.11838,0.11453,0.11132,0.10931,0.11008008198365479,0.10893,0.1122270175881539,0.1148,0.11916,0.12381156452479344,0.12856,0.13518676690933926,0.20755,0.20020970643577457,0.19279,0.18475010186132423,0.17679,0.1683238215291052,0.15990006253947056,0.15134,0.14366,0.13692,0.13042,0.12428,0.11911,0.11353
19-01-2026 12:20,25542.4,0.11411,0.10767085485729869,0.10266,0.10198,0.10102,0.10115,0.10161,0.10353,0.10747,0.11081,0.11615068668031528,0.12093,0.12651,0.13326,0.20945429453735825,0.20187,0.1949,0.18591,0.17898,0.1707,0.16216215047187008,0.15342,0.14596,0.13906,0.13334,0.12723,0.12264,0.11818144368363745
19-01-2026 12:25,25526.05,0.11773,0.11337,0.11022,0.10788,0.1059,0.10625160259390591,0.10506,0.10649,0.10989,0.11301,0.11802,0.12303,0.12859,0.1346156457893501,0.2082597177065599,0.20069,0.19363,0.18491,0.17726,0.1690701002221538,0.16091,0.15195,0.14452,0.13732,0.1317177620030271,0.12603160127162896,0.12059714534682425,0.11557
19-01-2026 12:30,25524.6,0.1158835018908086,0.11206,0.10914109700915273,0.10649,0.10471,0.10398,0.10478,0.10605,0.10988,0.11311,0.11825,0.12325,0.12894,0.13504980468274655,0.20828,0.2010171424597957,0.19352,0.18479,0.17714,0.16889946546595364,0.16056,0.15264861902384813,0.14437,0.13743,0.13158,0.12566,0.120479300592838,0.11576058989991643
19-01-2026 12:35,25520.4,0.11317,0.11050696324363925,0.10806,0.10634,0.10473,0.10458,0.10512,0.10677,0.11044,0.11385,0.11905,0.12427,0.12963,0.13648,0.2079,0.20021,0.19313,0.18504195438194676,0.1769557413602989,0.16889,0.16044844006154418,0.15193,0.1447,0.13862282343084958,0.13223,0.12613,0.12137720254133191,0.1169
19-01-2026 12:40,25513.2,0.12541,0.11795,0.11543,0.1143504885188535,0.11324535205379874,0.11209346380407606,0.11074134902674368,0.10951,0.1127,0.11583,0.12062,0.12569,0.13151850564018913,0.13754,0.20749989522163795,0.19952,0.19169,0.18334,0.17599,0.16763,0.15912,0.15080795817830156,0.14208,0.13552,0.12947,0.12430362581851107,0.11899,0.11338
19-01-2026 12:45,25525.45,0.11245,0.11086,0.10752,0.10625,0.1046,0.10419,0.1049,0.10643,0.11057356665424917,0.11451254495416992,0.1183,0.12333,0.12927079760466226,0.13545,0.20849,0.20163,0.19299,0.18505553676747769,0.17734,0.16901,0.15942,0.15063,0.14358,0.13708,0.13145,0.12648825601036467,0.12132,0.11637
19-01-2026 12:50,25519.95,0.13225,0.12577,0.11927,0.11491,0.11157,0.10981,0.10898,0.11142254682215683,0.11256,0.11547,0.12006,0.12495,0.13110387936042509,0.13790895923094368,0.2095594996418685,0.20068492310537084,0.19209,0.18312,0.17511961921055302,0.16716,0.15768,0.14943,0.14178,0.13477,0.12875,0.12287,0.11815,0.11251
19-01-2026 12:55,25545.2,0.11676,0.11437,0.11147104738144761,0.10847,0.10767967148070035,0.10653526206707942,0.10519,0.10619,0.1096231105339274,0.11253,0.11723,0.12192,0.12727,0.13345,0.21005,0.20281150944273552,0.19547,0.18735239062794765,0.17924,0.17072871611152002,0.162197931477163,0.15378346671776072,0.14532,0.13873392701984993,0.13208,0.12633,0.12177,0.11774944531133734
19-01-2026 13:00,25548.85,0.10962,0.11163,0.10938341891330183,0.10731,0.10593524497514215,0.10433,0.10439,0.1069003422854811,0.10896,0.11199,0.11695563200102654,0.12166,0.12697,0.13274031203284578,0.21235,0.20443486147103893,0.19648394042402823,0.18855,0.1804575545570249,0.17245,0.16337534679422872,0.15421,0.14696,0.14046937580755006,0.1335,0.1276,0.12278,0.11719
19-01-2026 13:05,25553.0,0.11105,0.1082,0.10615,0.10522,0.10357,0.10418320830552716,0.10356,0.10459,0.10837,0.11266546358947294,0.11633,0.12113,0.12647,0.13272,0.21327,0.20541,0.19782,0.18902,0.18215,0.17319,0.16354,0.15452,0.14774141690184575,0.1406632279334027,0.13362,0.12765,0.12209862918118775,0.11690635007486794
19-01-2026 13:10,25544.5,0.10337,0.10265,0.10198,0.1013,0.10012,0.10141180589614288,0.10159,0.1046998012737981,0.10731,0.11082,0.1160124361061935,0.12112871485132334,0.12627,0.13267,0.21361926684373775,0.20540937473468956,0.19734,0.18881,0.18155,0.17253,0.16453370741930012,0.15654932117881903,0.14874946094229052,0.14111391169669743,0.13366,0.12839830704014232,0.12327,0.11802
19-01-2026 13:15,25530.5,0.12054,0.11933,0.11433,0.11157,0.10970598778931054,0.10705,0.10825643978290074,0.10769,0.11106,0.11516173284625553,0.11878,0.12347,0.12873,0.13443753389965363,0.21156,0.20401,0.19485,0.18694985783912,0.17924,0.17003,0.16063,0.1516,0.14386,0.13678,0.1306,0.12447,0.11935,0.11371
19-01-2026 13:20,25540.05,0.11224593865474981,0.10854,0.10654815463352914,0.1046,0.10267,0.10224,0.10289,0.10447,0.10860788397238096,0.11177,0.1165,0.12158,0.12702,0.13326,0.21433,0.20503,0.19676683000128348,0.18842,0.18086,0.17187,0.16296971181930986,0.15391,0.14603,0.13924,0.13353956652541513,0.12779266638016898,0.1222117552174426,0.11691
19-01-2026 13:25,25531.0,0.11509,0.11225752445143093,0.10960018455850337,0.10686,0.10463,0.10398,0.10429,0.1070820568114321,0.10936,0.1139844936658433,0.11828923741006765,0.12271,0.12805,0.1348396906136921,0.21303,0.20453094244747477,0.19606,0.18782,0.17992,0.17115,0.16142,0.15289,0.14481,0.1384278628984406,0.13151,0.12532,0.12003864368829308,0.11497
19-01-2026 13:30,25535.2,0.12707,0.12045,0.11491,0.11121,0.10922890011814657,0.10671,0.10842802195689977,0.10955962110177972,0.11038,0.11418263818195677,0.11785,0.12279966065230138,0.12795,0.1337608641853809,0.21217,0.20341,0.19546,0.18734,0.17957,0.17038476075779374,0.16126,0.15263,0.14467,0.1373,0.13136888397826263,0.12533736064304624,0.11976,0.11513690854163164
19-01-2026 13:35,25552.1,0.11146,0.11216,0.10796,0.10693,0.10432,0.10337,0.10342,0.1046,0.1082,0.11146,0.11638549299463072,0.1209,0.12671979753653945,0.13269,0.21298,0.20558,0.19688,0.18916,0.18172,0.17305,0.1640770692412839,0.15501,0.14706,0.13943,0.13343,0.12779660076282073,0.12207485444754262,0.11648
19-01-2026 13:40,25558.15,0.10084,0.10146858044451572,0.1017704701680709,0.10217,0.10145404552335138,0.10044,0.10243825618089986,0.10435069058170443,0.10605,0.10954,0.11444,0.11938,0.1251918148668373,0.1312,0.21455,0.20664,0.19828,0.18984,0.18241,0.17425,0.16413,0.15593,0.14815,0.1405,0.13482936393022166,0.12854,0.12393,0.11829
19-01-2026 13:45,25544.95,0.14487,0.13666,0.12756,0.12256055839585506,0.11614,0.11251,0.11062,0.11052,0.11243,0.11496,0.11903,0.12358,0.12837,0.13410273986820975,0.20948,0.20197,0.19316,0.1848635131898554,0.17663136542637725,0.16838797706370742,0.16012,0.15118,0.14295,0.13597929077904086,0.12862,0.12181,0.11596,0.1103041619897007
19-01-2026 13:50,25583.5,0.12838,0.12116,0.11698082027755219,0.11228,0.10902,0.10773211882038543,0.10557,0.10556,0.10766,0.11011,0.11469357952185041,0.1190860016756621,0.12347,0.12958,0.21604240487510812,0.2068505220408563,0.19832,0.18915,0.1813054184277702,0.17343,0.16467,0.15659952912902197,0.14823,0.14042,0.13434,0.12716,0.12208,0.11671386945062547
19-01-2026 13:55,25602.3,0.1106,0.1098,0.10677,0.104,0.10420938671021776,0.10440600462529204,0.10446883770604895,0.10442162047490963,0.10419,0.10713839191979985,0.11120544164005253,0.11533,0.12046,0.12597317324047835,0.2172,0.20913,0.20067,0.19324,0.18519,0.17634371712212618,0.16751,0.15929023776259255,0.15097801008926198,0.14258,0.136,0.12898,0.12389,0.11756
19-01-2026 14:00,25605.6,0.13649363083505603,0.12884380563755274,0.12216592060150525,0.11659,0.11217,0.10884,0.10925599084778209,0.1091052352279853,0.10793,0.11065551894860051,0.11282,0.11712,0.12165,0.12738,0.21757,0.20907,0.20144,0.1934859420938815,0.18558,0.17699,0.16800051742960503,0.15894412426142923,0.15008395548312398,0.14124,0.13488,0.12838328207264932,0.12188,0.11534
19-01-2026 14:05,25625.95,0.12169,0.11189,0.1081883928053706,0.10345,0.10222,0.10043,0.09994,0.09999,0.10203,0.10432,0.10822,0.11282,0.11773,0.12337757736110086,0.21796068213926695,0.21071,0.20395,0.19544,0.1872263809142774,0.17924,0.16971,0.1612756580196481,0.15254,0.14421,0.13787,0.13055,0.12461605174352498,0.11896
19-01-2026 14:10,25615.15,0.10034128855628052,0.09995,0.09965,0.0986193887217551,0.09748,0.09712,0.09703,0.0976,0.10044,0.10440380742600755,0.10738,0.11256,0.11777,0.12431,0.22004,0.21226,0.20397001987200514,0.19573,0.18818,0.17891,0.17057355986898037,0.16223030935164248,0.15400451246144314,0.14583831267790684,0.13771,0.13078,0.12572,0.12056904723333439
19-01-2026 14:15,25589.9,0.13766,0.13118,0.12342,0.11812,0.11379,0.11051,0.10828,0.10703,0.10803,0.10946,0.11277,0.11743,0.12263547488912768,0.12803,0.21410731919828468,0.20806,0.20148,0.19309639165258546,0.18465105181861205,0.1762,0.16675,0.1585317257422838,0.15027816987360693,0.1421853804615619,0.13432944038867312,0.12657,0.12068,0.11537340155415667
19-01-2026 14:20,25610.85,0.11315,0.11321,0.11018973703536673,0.10694,0.10476,0.10277,0.1027917018240399,0.10149,0.10401000947742192,0.10535,0.10893,0.1136,0.11863,0.12504,0.21923,0.21064,0.2033,0.19293,0.18536220607904896,0.17771,0.16863,0.16016256438035859,0.15143,0.14296,0.13683,0.1295,0.1243,0.11837
19-01-2026 14:25,25607.6,0.10579,0.10267,0.10032,0.10001,0.09933,0.09903863181608945,0.0982,0.10014317854789861,0.10177584038661344,0.10301,0.10743,0.11224,0.11779,0.1238697750401646,0.21866768298356126,0.21036,0.2017445481062468,0.19334,0.18599,0.17690568632949047,0.16782,0.15877,0.15127,0.14339,0.13723,0.13116597614746137,0.12514,0.11984213277155492
19-01-2026 14:30,25603.8,0.12084,0.11453354058079093,0.10881,0.10532,0.10358,0.10147,0.1003,0.10042,0.1026,0.10453,0.10834,0.1135,0.11882,0.12558389625022134,0.21718,0.20826,0.20189,0.19347374607843335,0.18532,0.17641067785802808,0.16768,0.15837,0.15067,0.14350161048909024,0.13626027451808115,0.12894,0.12335889355993351,0.11796
19-01-2026 14:35,25599.55,0.12345,0.12152,0.11567,0.11125,0.10814,0.10541,0.10592470463267556,0.10584879739297201,0.10504,0.10772540739859826,0.11035,0.11544238832328832,0.1206279395207879,0.12651,0.21635876996570125,0.20833,0.2015,0.19188,0.18429,0.17564235676468765,0.167,0.15792,0.15015059560499053,0.142,0.13561,0.1285,0.12255055538573864,0.11684
19-01-2026 14:40,25614.95,0.11197295130515801,0.10885,0.10565,0.10395,0.10221,0.10078,0.09969,0.09987,0.10244666546073741,0.10379,0.10764,0.11244,0.11784,0.1245,0.21837,0.20946,0.2013541844185337,0.19316,0.18627,0.17743971771897876,0.16860714616719333,0.1597,0.15185,0.14480123527356714,0.13747,0.1313839498335602,0.12507,0.1193
19-01-2026 14:45,25620.55,0.11037,0.10708,0.10642,0.10373,0.10236,0.10072,0.10104097640887605,0.10005,0.10242531557192597,0.10383,0.10731,0.11241,0.1181296238046427,0.124,0.21979412383561556,0.21165959073176704,0.20335,0.19500403997826185,0.18659,0.17784,0.16926609561283842,0.16058,0.15258972348117444,0.14412,0.13764803079197627,0.1307,0.12563,0.11969
19-01-2026 14:50,25623.15,0.1085,0.11035,0.10789,0.10536,0.10345,0.10249087286633328,0.1008,0.10025,0.10186,0.10386,0.10726,0.11208,0.11747,0.12387,0.21940954733567003,0.21127,0.2030160044317617,0.19481,0.18687896277697877,0.17899,0.16996,0.16154174941827645,0.15313501277823094,0.14462,0.1383,0.13097,0.12523,0.11949303081462226
19-01-2026 14:55,25624.2,0.10733,0.10525963051541265,0.10328890454387771,0.10127,0.09954,0.09874,0.09781,0.09807,0.1009237454055028,0.10358180884215376,0.10572,0.11066,0.1161,0.123,0.22170574744214414,0.21316,0.20647,0.19636,0.1889,0.17969,0.1710837005344093,0.16236,0.15414,0.14574,0.13925,0.13294040839929905,0.12646,0.11994
19-01-2026 15:00,25629.95,0.07571,0.08356225100895195,0.08974,0.09084,0.09101115066931653,0.09157,0.092,0.09417889970810434,0.0964434177210219,0.09833,0.10272,0.10855156628323673,0.1141,0.12154,0.22197,0.21378,0.20540539212276365,0.197,0.19015,0.1813802372813485,0.17272,0.16368,0.15576,0.14772,0.14142,0.1343,0.1285278113716105,0.12304
19-01-2026 15:05,25604.15,0.09258,0.09554,0.09658,0.09568,0.09561,0.09547069599824455,0.09489,0.09552,0.09843760236396834,0.10054,0.10469,0.11057,0.11706247889188967,0.12372,0.21802,0.2102952640932611,0.20222,0.19224,0.18469,0.17621,0.16796,0.1595,0.15167,0.14429,0.13815,0.13117,0.12627,0.1205
19-01-2026 15:10,25595.95,0.09948,0.10101,0.10084,0.09878,0.09738,0.09655,0.09731919713059478,0.09673,0.09952,0.10347664793666048,0.10649,0.11201,0.11776,0.12506,0.21773,0.21022195495225537,0.20256,0.19350534541456765,0.18448,0.17670890138798073,0.16875,0.16006,0.15216,0.14468,0.13865199781368948,0.13201,0.12721,0.12057
19-01-2026 15:15,25590.9,0.07844,0.08353828336748687,0.08751095292141917,0.09114,0.09153,0.09184,0.09221,0.09384,0.09699,0.10038,0.1054744820637557,0.11103,0.11756803212609843,0.12513849898905868,0.21861330256636435,0.20996,0.20166308340612765,0.19338,0.1851479902602653,0.17701,0.16936975631167667,0.16197655764022495,0.1545324544535493,0.14713523228207553,0.13974878274475747,0.1332,0.12822,0.12252
19-01-2026 15:20,25561.25,0.09788360592143885,0.09787,0.09795,0.09701,0.09614,0.09589,0.09712468899243934,0.097,0.10062,0.10386,0.10847,0.11473,0.12174105247325442,0.13019895236762088,0.21484,0.20616,0.19979,0.18962,0.18234,0.17327,0.16539,0.1574866092271719,0.14912,0.1416,0.13589,0.12968,0.12511,0.11944
19-01-2026 15:25,25558.3,0.09554,0.09861,0.09696,0.09623104064159552,0.09561,0.09436,0.09543055187003391,0.09501,0.09912869099093338,0.10247,0.10776,0.11419576549498958,0.12024,0.12882,0.21267,0.20616650193152897,0.19916,0.18901,0.18177,0.17404453257991837,0.16611391741519604,0.1576,0.14997,0.14380011012477634,0.13666,0.13105,0.12566,0.1187961529492716
20-01-2026 09:15,25559.3,0.11100841880146364,0.10782,0.10653,0.1049840206775974,0.10348651118873743,0.1019,0.1017,0.10395485632623369,0.10608,0.10934,0.11489633686038217,0.12055627960346628,0.12670723785822452,0.13346,0.21699,0.20822046802732558,0.19964643339101837,0.19122785368193446,0.18281,0.17515,0.16700896109091684,0.15866,0.15175700825704655,0.14448,0.13891,0.13300429570464478,0.12705,0.121901663885256
20-01-2026 09:20,25552.55,0.08481260633804591,0.08687,0.08917237183319301,0.09124397176897778,0.09326,0.09455,0.09685852729991432,0.0986,0.10298,0.10721,0.11258,0.1190644098817083,0.1258,0.1319539818148899,0.21477884088344235,0.20639,0.19791915707031554,0.18967,0.18249,0.17475,0.16647,0.15859,0.15205,0.1462997726325651,0.14001,0.13427,0.12977,0.12469
20-01-2026 09:25,25506.85,0.10561,0.10450075008414622,0.10366428377980659,0.1030825306088799,0.10249,0.10333326035444362,0.10450483263751031,0.10513,0.10932559040539705,0.11327,0.11882,0.1255,0.13235,0.14021,0.2123,0.20338511285835958,0.19473288635074593,0.18606,0.17821,0.17054,0.16225,0.1547,0.14799,0.14207651498697704,0.13579,0.13023,0.12525798530754084,0.12043
20-01-2026 09:30,25488.8,0.11948,0.11639,0.11352054944720397,0.11045,0.10868,0.10847562686902613,0.10704,0.1092,0.11322,0.11818492109326506,0.1223,0.12923458038020605,0.1357,0.14346,0.21217,0.2025050914966245,0.19305,0.18456,0.17625,0.16882,0.16055038926697457,0.15211,0.14485,0.13766,0.13225828427267103,0.12653,0.12177,0.11752102524767498
20-01-2026 09:35,25481.8,0.10643507636045063,0.10612,0.10606,0.10502,0.10486,0.106261003212472,0.10753743155985024,0.10807,0.11262,0.11688,0.1233753934874666,0.12934,0.13647,0.14437,0.21414,0.20462702405047178,0.19541524755204925,0.18618,0.17789,0.16979,0.16114,0.15394069283330744,0.14609,0.13917,0.1344,0.12895,0.12492,0.12093
20-01-2026 09:40,25461.45,0.1239,0.12095,0.11803947337003606,0.115,0.11282,0.11189824889055874,0.11103,0.11414596839187933,0.11839224322058442,0.12301289889901977,0.12792032885724983,0.1328,0.13985426792902045,0.14751,0.214268427355626,0.20484,0.19571,0.18681571440775138,0.17786,0.1694,0.16098862070245468,0.15234,0.14517737016020213,0.13754,0.13217708528428784,0.12643,0.12173589989957226,0.11715
20-01-2026 09:45,25463.25,0.11886,0.11763,0.11452,0.11298586020067017,0.11093,0.11004,0.10994,0.11251,0.11668,0.12084,0.12728632313838045,0.13352095091765354,0.13976,0.14772,0.21617,0.2068,0.19749,0.18816,0.17992,0.17097,0.16206,0.15357,0.14623,0.13888,0.13373128563468786,0.12791,0.12344,0.11877
20-01-2026 09:50,25462.3,0.10287396287961163,0.10359,0.10437,0.1047,0.10478,0.10524,0.10628,0.10976,0.11486,0.11966,0.12551,0.13248,0.13991,0.14806,0.21566,0.20717,0.19781,0.18889556270340085,0.17986,0.17141,0.16265,0.15482,0.14771,0.14109,0.13640867251949812,0.13128,0.12741,0.12414641893752931
20-01-2026 09:55,25459.95,0.12017,0.11734,0.11509,0.11309,0.11168,0.11066,0.11269039283551138,0.11301,0.11729,0.12141,0.12645,0.13352,0.14081905032615438,0.1482,0.21251750162623032,0.20379697221110976,0.19488,0.1860553431688489,0.17719,0.16798,0.15917,0.15126,0.14375,0.13703,0.1318,0.12653,0.12257458742231166,0.1189
20-01-2026 10:00,25467.2,0.12167992946745809,0.11817,0.11541831060820555,0.11298,0.11161,0.11158021596404459,0.11064,0.11255,0.11700780097828092,0.12051,0.1268246616141518,0.13244,0.13902,0.14695,0.21533,0.20586535267823794,0.19651,0.1877,0.1793,0.17022,0.1615,0.15279,0.1463111076465309,0.1395202187364557,0.13245,0.12718,0.12286,0.11927
20-01-2026 10:05,25465.6,0.12575,0.12211155351219755,0.11882200522577618,0.1155,0.11323,0.11169,0.11138,0.11299,0.11754417171085835,0.12196402777421944,0.12677200400900246,0.13143,0.13808,0.1453755782163875,0.21274,0.2035273535927984,0.19436,0.1854,0.17664,0.16787,0.15919,0.15134324287454287,0.14302,0.13565,0.13052904057917347,0.1248,0.1205,0.11612
20-01-2026 10:10,25484.8,0.1074,0.10682,0.10632,0.10583,0.10569,0.10526,0.10616,0.10868,0.11282,0.11804993538935096,0.12245,0.12917,0.13582,0.14332494008937455,0.21481,0.20609075244727948,0.19732,0.1883,0.18013,0.17126,0.16273,0.15463,0.14738,0.14062,0.13526,0.13058906057817687,0.12609,0.12250591673340913
20-01-2026 10:15,25468.6,0.12768063913540034,0.12327,0.11949,0.11605,0.11314,0.11173,0.11328469045173212,0.11295,0.11646,0.11995,0.12512,0.13177421297866698,0.13793,0.1461,0.21212,0.20321,0.19469815063935086,0.18619,0.17738,0.16858,0.16035,0.15144,0.14432,0.13723,0.1311,0.12532,0.12078,0.11595
20-01-2026 10:20,25485.6,0.11154,0.10884,0.10774,0.10619,0.10572,0.10635023792062454,0.10573,0.10814,0.11253467134826689,0.11595,0.12138,0.12801,0.13389,0.1418,0.21395,0.20507,0.19666,0.18799337836703156,0.17934,0.1703,0.16192,0.15335,0.14566,0.13856,0.13311,0.1275,0.12343,0.11945
20-01-2026 10:25,25487.25,0.10661,0.10795,0.10761,0.10587,0.10548242586815923,0.10423,0.10625295891889844,0.10713,0.11101,0.1149,0.12092522684746507,0.12653,0.13348239348199423,0.14058,0.21412231785304947,0.20576,0.19731,0.18871,0.17989,0.1711,0.16216,0.15401,0.14591,0.14002698464282476,0.13399655142183142,0.12787,0.12376174544422083,0.11984
20-01-2026 10:30,25478.75,0.11189,0.11147,0.10921,0.10811164152436029,0.10666,0.10801071820037125,0.10879191991300707,0.10901,0.11309,0.11659,0.12183,0.12783,0.13375,0.14165,0.21488,0.2056953212163882,0.1967395045679553,0.18781,0.17961,0.1708109102655454,0.16191,0.15362,0.1463907297065798,0.13855,0.13287,0.12723,0.12353,0.1192
20-01-2026 10:35,25473.7,0.13215783636859427,0.12579,0.12119462106514058,0.1168,0.11332,0.11134,0.11316804651666068,0.11433822660676538,0.11489,0.11793,0.12257,0.12839,0.13405,0.14165,0.21389,0.20442,0.19551,0.18693,0.17810870157101116,0.16927222171251022,0.16038,0.152,0.14354,0.13713150377569056,0.13003,0.12406,0.11976,0.11477
20-01-2026 10:40,25492.55,0.10672,0.1075,0.10644,0.10503,0.10373,0.10351,0.10564605495173633,0.10662,0.11079103970801335,0.11392,0.11913,0.12533,0.13116,0.13761573266060778,0.21694,0.20747948253730225,0.19825752409290195,0.18906,0.18062,0.1716796237285087,0.16265,0.1537,0.14615,0.1398697341913508,0.1333,0.12872753808312357,0.12395131048891989,0.11969
20-01-2026 10:45,25480.45,0.11495524022913708,0.11198,0.11056,0.10835,0.10654,0.10603,0.10659,0.10971590111311302,0.11211,0.1154,0.1212845071158202,0.12682,0.1332674007599013,0.1398,0.21571,0.2057,0.19716,0.18776,0.17897,0.16961,0.16110552876360767,0.15226,0.14411,0.13829117622307618,0.13185,0.127017266975613,0.12186,0.11749
20-01-2026 10:50,25478.05,0.10456,0.10446809843878659,0.10433032017496274,0.10423,0.10371,0.10367,0.1047,0.10833496371737486,0.11123,0.11475,0.1210565206490766,0.12687,0.13248,0.14035,0.21503551049896377,0.20685,0.19856,0.18942545864517918,0.18033,0.17134,0.16222,0.15388,0.14507,0.13858,0.133,0.1275,0.12352,0.11934
20-01-2026 10:55,25465.4,0.11001,0.10908509640812089,0.10814737254185613,0.10717,0.10613,0.10588,0.10683,0.11029678185544489,0.11353722564595056,0.11638,0.12194,0.12796,0.13474257547451549,0.14169,0.21569,0.20598,0.19799,0.18832,0.1790465730694277,0.16985795209585214,0.16098,0.15372963606564466,0.14652259502458354,0.1394773334560168,0.1326832447458327,0.12627,0.12217,0.11789
20-01-2026 11:00,25459.55,0.10868,0.1077998320247276,0.10691,0.10604580050895211,0.10506,0.10499,0.10609,0.10980571950918175,0.11267,0.1165,0.12191,0.1283,0.13487,0.14197,0.21431806667439596,0.2054,0.19649890664171954,0.18756036750428567,0.17861,0.16953,0.16101965419443973,0.15227,0.14379,0.13738,0.13212640868934267,0.12624,0.12208,0.11829
20-01-2026 11:05,25453.55,0.11082,0.10903,0.10773655615584757,0.10649187462596343,0.10513,0.10492,0.10715622529240473,0.10871,0.11321,0.11702,0.12277,0.12958366479625988,0.13604,0.14342,0.21454192357936752,0.20524,0.19601,0.18708,0.17858,0.16914,0.16058596428796496,0.15199305111016403,0.14305,0.1366,0.13097,0.12559,0.12122,0.11696
20-01-2026 11:10,25452.35,0.11342292885326667,0.11093,0.1091,0.10713,0.10690531344538631,0.10565,0.10673,0.10914,0.11382,0.11773,0.12347,0.13009,0.1366,0.14428,0.21249,0.20315287052566783,0.19392,0.18522,0.17663,0.1674,0.15857,0.1508166531920006,0.14242,0.13592,0.13029,0.12571965809394947,0.1209,0.1166
20-01-2026 11:15,25445.65,0.11629663869762104,0.11329401910776105,0.11068,0.10879,0.10809818163457473,0.10679,0.10767,0.11018,0.11439,0.11865,0.12418,0.13069,0.13729,0.1449,0.21095221914573836,0.20226,0.19364,0.18461133126782475,0.17559,0.16651741696048683,0.15732,0.14903,0.14108,0.1353548798370307,0.12949755627214782,0.12356,0.11923740924810161,0.11507
20-01-2026 11:20,25449.95,0.11642,0.11418,0.11154,0.10934,0.10777,0.10918544247385449,0.1100070497144642,0.11005,0.11411,0.11805,0.12443534189825829,0.13031,0.13678,0.14464,0.21234,0.20231,0.19334,0.18431,0.17548,0.1665945898280381,0.15739,0.14958987117797778,0.14115,0.13428,0.12837,0.12298,0.11879,0.11461
20-01-2026 11:25,25447.1,0.12701441003330613,0.12161841801750292,0.11703,0.1135,0.11081,0.11090684674618612,0.10955,0.11127,0.11507,0.12011312071816535,0.12429,0.13025,0.13698,0.14503,0.21149136947902963,0.20205,0.19284960343286855,0.18367,0.17454,0.16598347446927197,0.1574022980244411,0.14866,0.14012,0.13309,0.12699,0.12189447010044953,0.11670083207971059,0.11183
20-01-2026 11:30,25458.7,0.11466778566132763,0.11182,0.10942,0.10798150618005778,0.10639,0.10767561666295117,0.10864989887015929,0.10885,0.11315859812839815,0.1172,0.12297,0.12923,0.13623855570223076,0.14373833131998193,0.21286,0.2040863933803956,0.1952,0.18574,0.17677623969121714,0.16782023649248382,0.15875,0.15054,0.14234,0.13524,0.12935,0.12462640166992969,0.11978543004066967,0.11532
20-01-2026 11:35,25466.4,0.11355,0.11138,0.10887,0.10716270067394429,0.1051,0.10619791029346567,0.10551,0.1091014542251451,0.11214,0.11609,0.12192,0.1284804946672327,0.1352,0.1429901849977343,0.2126269850423551,0.20421,0.19568,0.18664,0.17681,0.1678,0.15921,0.15068,0.1423,0.13516,0.12912,0.12373,0.11943,0.11498
20-01-2026 11:40,25461.5,0.12097,0.11629360247859165,0.112,0.1101259531521415,0.10791415872031043,0.10562,0.1063,0.1084,0.11251,0.11636,0.12252,0.12877,0.13566,0.14361,0.2117490178180765,0.20279,0.1937953609550424,0.1848661451488453,0.17596,0.16727,0.1579,0.14947,0.14098,0.13479941441030047,0.12832541228324457,0.12192,0.11721,0.11298630545990071
20-01-2026 11:45,25463.2,0.12048,0.11557,0.1124556849818167,0.10909,0.10761711467021687,0.10589,0.10865750111384405,0.11112067192603545,0.11409595415495488,0.11682,0.12256,0.12889,0.13567,0.14366,0.21245,0.2037896397123099,0.19501,0.18563,0.17653,0.16721,0.15814,0.15027161290901692,0.14221652916518188,0.13391,0.12791,0.12175,0.11723,0.11238
20-01-2026 11:50,25474.5,0.11774,0.11478,0.1113294890114487,0.10766,0.10586,0.10619636102228583,0.10512,0.10724,0.11143,0.11692231701194623,0.12162,0.1286188789837512,0.1352,0.14297,0.21369,0.20379,0.19501,0.18616,0.17707477949175054,0.16797,0.15917637068840196,0.15025,0.14278669875907488,0.13526028929747463,0.12763,0.12246772705594922,0.11707,0.11218
20-01-2026 11:55,25481.0,0.10771,0.103,0.10276,0.10132,0.10055,0.10028,0.10358320915869171,0.10674484312541085,0.10935,0.11412,0.12074,0.1275,0.13459,0.14305,0.22290548041171868,0.21118264784168098,0.19996525544543708,0.18925176436858523,0.17896,0.16935,0.16058,0.15217,0.14355,0.13664,0.13013,0.12432,0.12024,0.11575
20-01-2026 12:00,25467.5,0.09879821755604641,0.09916,0.09962,0.09945,0.09935,0.09996,0.10348256071614792,0.10683902600975254,0.10965,0.11489,0.12143,0.12857,0.13616,0.14475,0.21314125969600967,0.20503,0.19685,0.18735,0.1778,0.1687,0.1603150751869296,0.15162,0.14463467222486368,0.13738899402019883,0.13011,0.1244,0.12041990938148622,0.11678
20-01-2026 12:05,25450.2,0.09507,0.09683,0.09809,0.09795,0.09876,0.09977,0.10334233567822732,0.1057,0.1111,0.11635,0.12323,0.13027,0.13801,0.14649,0.21282,0.20368,0.19463974166793924,0.18560399039687647,0.17652,0.16785,0.1592,0.15096,0.14268,0.1367000533102165,0.12987,0.12574946355226901,0.1211,0.11695
20-01-2026 12:10,25433.1,0.1132,0.11044,0.10853,0.10653,0.10577,0.10538,0.1068,0.10975,0.1145,0.11952,0.12627,0.13302,0.14079533218160503,0.14884,0.21114746651647676,0.20233,0.19356,0.1843,0.17522221064466412,0.16616,0.15694,0.14941250898273636,0.1428736723394835,0.13612130885044638,0.1295071512647484,0.12305111372424472,0.11718,0.11337
20-01-2026 12:15,25439.15,0.10619,0.10565,0.10456480020417101,0.10336,0.10326,0.10351,0.10532,0.10852,0.11348,0.11845,0.12495,0.13179,0.1392207931963682,0.14682,0.21194756586910063,0.20348,0.19506,0.18538,0.17628,0.16719053044355048,0.1577,0.1499246148618514,0.14148,0.13493,0.12875,0.1233,0.11833654037829068,0.1139007828083171
20-01-2026 12:20,25436.4,0.10838068152113027,0.10589992320351027,0.10402,0.10292,0.10264,0.10498762607989531,0.10757393976688558,0.11065834203628247,0.11297,0.11882304224096482,0.12472,0.13187,0.13929,0.14763,0.21345,0.20388390661571898,0.19436870385573407,0.18486969979917556,0.17538,0.16608,0.15717,0.14894,0.14065,0.13405,0.12774,0.12213,0.1182,0.11411
20-01-2026 12:25,25423.6,0.1208,0.11588,0.11273,0.1099,0.10793,0.10900147533017945,0.10829,0.11071,0.11613505042448874,0.12048,0.12691,0.13422,0.14152,0.14968,0.2144152738634008,0.20374002383604628,0.19343,0.18337,0.1740931597637866,0.16461,0.15543,0.14757,0.13902,0.13232,0.12569,0.11981,0.11440568785704389,0.10952383724444124
20-01-2026 12:30,25431.55,0.10947,0.10742325640526998,0.10553,0.10477527218279015,0.10356,0.10387,0.10576,0.1087,0.11445866792503409,0.11914,0.12623,0.13368,0.14187372362393724,0.15026,0.214504088999085,0.2043845138924959,0.19433519962484,0.1843,0.17522,0.16558,0.1569,0.1486,0.14075,0.13438,0.12794,0.12231886710555971,0.11720110671098119,0.11256870614444536
20-01-2026 12:35,25423.05,0.11527075086961786,0.11162,0.1093356334756823,0.10781202808691204,0.10628,0.10788092185543599,0.10934514053901223,0.11054,0.11542,0.12063,0.1279222536734963,0.13520007916366095,0.14289934941275453,0.15113,0.21355504471321451,0.203446272983526,0.19346,0.18374,0.17443075776872122,0.1649,0.15614,0.14836,0.14033,0.13389,0.12714,0.12128,0.11697490186207914,0.11297
20-01-2026 12:40,25423.5,0.10643,0.10618,0.1054329409901528,0.10452,0.10418,0.1047,0.10697,0.11016,0.11521,0.12185221042421614,0.12754,0.13497,0.14277,0.15133,0.20956538114756618,0.20113,0.19252620208690413,0.18383,0.17468,0.1656080575946705,0.15647,0.14846,0.14204783033446544,0.13541745585340137,0.12909457493656443,0.12269,0.11854,0.11481
20-01-2026 12:45,25416.4,0.11852,0.11428,0.11149,0.10896,0.10892293774393991,0.10729,0.10892,0.11188,0.1167,0.12145,0.12829,0.13531,0.14295,0.1516,0.21062869273395818,0.2010565344643906,0.19164,0.18237,0.17329,0.16464157558405984,0.1559530648728486,0.14701,0.13937,0.13277,0.12663,0.12093,0.11667,0.1128347174518627
20-01-2026 12:50,25426.5,0.11311,0.11122,0.10906,0.10681,0.10769144025038654,0.10796123424398613,0.10744,0.11062,0.11556484219095073,0.11979,0.12688400919177245,0.13337,0.14056,0.14862,0.21124,0.202,0.1928,0.18391,0.1747391248656891,0.16542,0.15643,0.14851,0.14039,0.13417924198308634,0.12721,0.12141,0.1171,0.11314
20-01-2026 12:55,25428.95,0.1147,0.11217,0.10964870260455654,0.10689,0.10592,0.10607,0.10867598135962522,0.11028,0.11486,0.11946,0.12663918716006478,0.13324,0.14029,0.14881,0.21106,0.20141,0.19312,0.18387,0.17481,0.1652,0.15629,0.14784,0.1409502613386102,0.13364,0.12808003067151114,0.1222060786204375,0.11649,0.11241
20-01-2026 13:00,25428.55,0.11009,0.10856,0.10707430550800393,0.10542,0.1045,0.10516,0.1085208401196708,0.1117394072647091,0.11462,0.11955,0.12619,0.13377781170593567,0.1412962477777613,0.14912,0.21205,0.20319148698924155,0.1943,0.18527,0.1759801578998124,0.16656,0.15769,0.14962,0.14138,0.13494,0.12799,0.12204,0.11751,0.11344838782398253
20-01-2026 13:05,25423.7,0.11124,0.10896922299688461,0.10715194496977726,0.10539,0.10543794774321669,0.1048,0.10666,0.11092705985012824,0.11432,0.11944,0.12623,0.13368,0.14102,0.15024722287220077,0.21158,0.20228,0.19419,0.18511,0.17578420463112543,0.1665419065850986,0.15714,0.14924,0.14094,0.13456,0.12772,0.12269017392673959,0.11728,0.11361
20-01-2026 13:10,25424.7,0.1078,0.10677,0.10565,0.10431,0.10396,0.1043,0.10644,0.10939,0.11493610484571543,0.11943,0.12599,0.13342,0.14136503931846883,0.14945,0.21222,0.20243,0.19368122166260632,0.18492,0.17599,0.16618,0.15807237934496499,0.14959,0.14143,0.13500869659160913,0.12811,0.12231,0.11806821595599906,0.11415
20-01-2026 13:15,25413.05,0.11774646989694,0.11396,0.11111,0.10903,0.1073,0.10742,0.10895,0.11184,0.11719639227930703,0.12138,0.12863055675737772,0.13515,0.14205,0.15068,0.2115,0.20253017465973866,0.19348,0.18399,0.17438,0.16511,0.15615,0.14777,0.14072605873275962,0.13339,0.12652,0.12000999034098611,0.1136265521485977,0.10741966125733143
20-01-2026 13:20,25432.95,0.10549,0.10521,0.10463,0.1040778307223203,0.10306,0.10484544911356836,0.10583,0.10994621379230186,0.11362,0.11980111520716802,0.1257816087348264,0.13176,0.13839,0.14622,0.21272,0.20298,0.19458,0.18595,0.17684317543660744,0.16779253401926467,0.15861,0.15051,0.14344729640171555,0.13619,0.12938,0.12465678594731533,0.11985729774944236,0.11571
20-01-2026 13:25,25422.0,0.11166,0.11031,0.10826,0.10659,0.10591,0.10591,0.10879856029369603,0.11048,0.11505,0.11937,0.12564,0.13239,0.13918,0.14686,0.21064044054394826,0.20228,0.1938,0.18463885652701806,0.17549,0.16645124475819204,0.15731,0.14858,0.14068,0.1348276531439921,0.129238617652998,0.12371196443192536,0.11854503619930032,0.1139
20-01-2026 13:30,25415.05,0.10348,0.10326,0.10286,0.10234,0.10244,0.10378,0.10725600958171708,0.10968,0.11510858596770333,0.11975,0.12607,0.13316945832724825,0.14008,0.14774,0.21187,0.20201,0.19422,0.18475768680838,0.17533,0.16572,0.15696,0.14927,0.14108,0.1352010761237547,0.12852,0.12414341902566114,0.11927,0.11595
20-01-2026 13:35,25392.3,0.10629,0.10578,0.10436,0.10439,0.10435,0.10572,0.10962182181224955,0.11231,0.11748,0.12272,0.12934,0.13666,0.14399,0.15221,0.21263,0.20288,0.19494,0.18565,0.1764,0.1668,0.15868,0.15101,0.14296,0.13721261614236135,0.13079,0.12511,0.12114,0.11724475104845647
20-01-2026 13:40,25365.4,0.1195,0.11614,0.11303,0.11204094894099967,0.10982,0.11217526335420266,0.11295,0.11636,0.12121,0.1265,0.13288,0.14036,0.14718,0.15527,0.2111558812109124,0.20149,0.19393,0.18288,0.17352,0.16381,0.15514,0.14686,0.14014801876379107,0.13282,0.1262,0.12081,0.11639372925511166,0.11217
20-01-2026 13:45,25372.15,0.11362,0.11193,0.10892,0.10755,0.10657,0.10757,0.11044,0.11415,0.11937,0.12474,0.13185,0.13917,0.14689061242901041,0.15474,0.21139,0.20267,0.1936090679402237,0.18461,0.17568,0.16583,0.15785384922198903,0.14928,0.14271204117224817,0.13548,0.12896,0.12333,0.1187,0.11453
20-01-2026 13:50,25364.1,0.1198743355033749,0.11542,0.11259281979072813,0.11015,0.10898,0.10929,0.11172,0.1156,0.12160947343961598,0.12728735148899828,0.13298,0.14043,0.14939898033931354,0.1589581801591799,0.21097,0.20219,0.19316564254048318,0.1841086139821515,0.17505837179824696,0.16597417991565694,0.15701,0.14852950868145198,0.14016,0.13401,0.12738,0.12171,0.11726,0.11319448898229502
20-01-2026 13:55,25368.4,0.12150554187077975,0.1161854189398026,0.11242024232067965,0.11014,0.10981481696487955,0.10947,0.11184,0.11536,0.12047,0.12582,0.13258,0.13973,0.14713,0.15527,0.21065,0.20234,0.19506,0.18455,0.17557,0.16568,0.15757268643139805,0.14928239416957864,0.14079,0.13478,0.12791,0.1224,0.11736,0.11303
20-01-2026 14:00,25369.7,0.11584354059748603,0.11201,0.10893,0.1092500984663437,0.10917486525275352,0.10818,0.11086,0.11473,0.12021,0.12652570700273716,0.13214,0.1396,0.1468,0.15515,0.21334,0.20365,0.1959,0.1862327182343778,0.17654828489388935,0.16678,0.15798,0.14922,0.14073,0.13489,0.12807585754452006,0.12276746934922518,0.11869623771172248,0.11617545024867257
20-01-2026 14:05,25359.55,0.11480244301627592,0.11154,0.10917,0.10798,0.10734,0.10897,0.11175,0.11592,0.12161,0.12802380316355993,0.13384,0.1413,0.1495776995343962,0.15808,0.21270984359567227,0.20364,0.19509,0.18532,0.17684,0.16732,0.1586,0.14999,0.14228,0.13639,0.12966,0.12411,0.11977,0.11569686314933457
20-01-2026 14:10,25355.15,0.1183,0.11485,0.11245,0.11170280741292984,0.11,0.1123681676539951,0.11373,0.1182997459888735,0.12316,0.12968463252743473,0.1365954249073983,0.1436662648498196,0.15108419842208637,0.15889,0.21223,0.20319,0.1941743524830338,0.18513,0.1762393690712695,0.16724,0.15862,0.15058970259538437,0.14221,0.13597,0.12932,0.12420673237528593,0.11904719222288256,0.11436
20-01-2026 14:15,25366.45,0.11325707117103692,0.11021,0.10869044952900939,0.10745,0.10704,0.10866,0.11137,0.11521,0.12101090188704025,0.12634,0.13298,0.1409736969754853,0.14968612039546697,0.15921877694375197,0.21107949391078148,0.20194,0.19271,0.1842516328597017,0.17576,0.16672,0.15844,0.15135044414412,0.14414370327321147,0.13675,0.13014,0.1255142049187333,0.12065,0.11665
20-01-2026 14:20,25356.3,0.12235604194111768,0.11807,0.11529617418603788,0.11293,0.11176,0.11381270648836017,0.1147,0.11805,0.12277,0.12807,0.13424,0.14166,0.14925,0.15789449687110493,0.21,0.20085,0.1926,0.18335,0.17458,0.16573,0.15718,0.14903,0.14153,0.13538,0.12847,0.12274,0.11845,0.11392
20-01-2026 14:25,25378.65,0.12105,0.117,0.11426613719053494,0.11102,0.10963,0.11063,0.11258,0.11732414728278878,0.121,0.12604,0.13239,0.13931,0.14648,0.15474,0.21293,0.2034,0.19521,0.18607114957193027,0.17705,0.1674,0.15813,0.15074353478229852,0.14319499441945455,0.13547,0.12861,0.12342732058290716,0.11805,0.11323
20-01-2026 14:30,25385.8,0.11073,0.10874,0.10778951723818928,0.10685694403587104,0.10555,0.10716,0.1106471245792518,0.11346,0.1188564183048301,0.12355,0.13016,0.13685,0.14479957030118926,0.15319475945264638,0.21419,0.20425,0.19565120369242933,0.1870532859438111,0.17846,0.169,0.16006,0.15221,0.14569631752461387,0.13853,0.1319,0.12654,0.12214,0.11784
20-01-2026 14:35,25374.45,0.10874,0.10747,0.10589,0.10523,0.10639802041461568,0.10647,0.11014582988281202,0.11288,0.11837287655024262,0.1233,0.12981,0.13682984116448554,0.14366,0.1516,0.21543,0.20562,0.19772,0.1888019530496125,0.17987,0.1709,0.16238,0.15404,0.14742480716058154,0.14024,0.13425153689569982,0.12795,0.12368,0.11909704646088798
20-01-2026 14:40,25356.7,0.1116849310242156,0.10881,0.10683,0.10707034159762283,0.10637,0.1082,0.11121,0.1162786750145799,0.12054,0.12572,0.13238,0.1394,0.14656,0.15455,0.21548329091657561,0.20743,0.19928,0.19023277955705917,0.18121,0.17213,0.16356,0.1549,0.1474,0.14077,0.13453,0.12944451812182017,0.12406,0.11977
20-01-2026 14:45,25345.55,0.11529,0.11294,0.11041,0.11008239165023284,0.10864,0.10987,0.11265,0.11615,0.1222759893059345,0.12810061027609987,0.13376,0.14068,0.14752,0.15514,0.21677,0.20717,0.19801,0.1883,0.17987,0.17054058595523885,0.16096,0.15256,0.14577943760043238,0.13852,0.13195,0.12642,0.12120623596367927,0.11676684236883225
20-01-2026 14:50,25348.5,0.10425,0.10393,0.10305,0.10377125778371633,0.10348,0.1066819457053978,0.10893,0.1142589427309496,0.11893,0.12412,0.1315,0.13842,0.14625196964488196,0.1543,0.21856,0.20883,0.19919238924720817,0.18946,0.18031519725055553,0.17097,0.16189,0.153,0.14558,0.1391,0.13254,0.1275232741692471,0.12282,0.11878692307470827
20-01-2026 14:55,25335.5,0.09571,0.09742,0.09848,0.09992,0.101,0.10445,0.10817,0.1129,0.11925039358645745,0.12474,0.13244,0.13951,0.14673,0.15479,0.21849,0.2091095689549378,0.19956659286902603,0.18988585798397634,0.18023,0.16993,0.16071,0.15322670488369478,0.14526,0.13970509045935858,0.1337360847471028,0.12801,0.12455,0.11982061132490562
20-01-2026 15:00,25288.25,0.1044,0.10407,0.10406,0.10487,0.10776781148354286,0.10966,0.1139,0.11894,0.1255,0.13261034403906147,0.13961204769933905,0.14653,0.15452125584071696,0.16265,0.2131,0.20251,0.19301,0.18224,0.17331965573266017,0.1642823846370876,0.15496,0.14722,0.14049,0.13464,0.12979032754256378,0.12433,0.12107,0.11819
20-01-2026 15:05,25289.95,0.09807379505226128,0.09853,0.09973,0.10149,0.10418,0.1078,0.11285277130732936,0.11733,0.12391,0.13104947900886704,0.13800001672141932,0.14491,0.15284,0.16084,0.2189423696623341,0.20737096265433932,0.19639,0.18535,0.17685,0.16794409561381157,0.15847,0.15071,0.14413,0.13867,0.1335,0.12859,0.1257156428183527,0.12319
20-01-2026 15:10,25245.35,0.09945,0.10105578547232708,0.10318466435381138,0.10516,0.10913868221552275,0.11311,0.11889982004183978,0.1247712682981815,0.13062,0.13749525905363666,0.1443375792440345,0.15119,0.15931,0.16759,0.21653,0.2042,0.19461,0.18401,0.17462,0.1665917919560254,0.1576,0.15086,0.14497,0.14046,0.13613,0.13301,0.13092,0.12944448666566957
20-01-2026 15:15,25238.75,0.10515,0.10596,0.1075314851478027,0.10871,0.11216,0.11668251685803102,0.12091,0.12712047482682975,0.13320999830384822,0.13918,0.14652764836920126,0.15373,0.16161,0.16897,0.22738,0.21506,0.20404832472713552,0.19277,0.18254640025555813,0.17182,0.16316,0.15596579815744918,0.14824,0.14265,0.137831578403232,0.13321,0.12972563068613294,0.1269556465890198
20-01-2026 15:20,25191.85,0.12125,0.11886,0.11737,0.11925676355073384,0.11975,0.12382515923906992,0.12685,0.13185,0.13761,0.14411,0.15051,0.15709,0.1644480269012185,0.17198,0.21851396873664047,0.20918,0.20017,0.18901,0.17890909955132284,0.16855,0.15906,0.15134482057733503,0.14289,0.13612,0.13026,0.12498,0.12099,0.11734
20-01-2026 15:25,25185.2,0.14070271553459768,0.13416590019657237,0.1297,0.12673,0.12581,0.12786,0.12951,0.13477450764451554,0.13935,0.14396,0.1509303814631647,0.15751,0.16495,0.17189,0.21728740989255244,0.2069586712414981,0.19656,0.18717,0.17528,0.1678767762208554,0.16019079838384076,0.15255,0.14239,0.1339,0.12805,0.12057,0.11350836357964487,0.10662555518120598
21-01-2026 09:15,25171.75,0.16135434027689166,0.15294,0.1466597583891451,0.14119,0.13853,0.13998003829317096,0.1395,0.14378824507949584,0.14727,0.15271,0.15933878014778335,0.16575,0.17272,0.1800431592281197,0.22163,0.21205,0.20214,0.19239,0.18253,0.17281584521078813,0.16299,0.15324,0.14406,0.13532,0.12661,0.11838,0.11024,0.10135
21-01-2026 09:20,25204.0,0.1434163255304911,0.13684,0.13149,0.12897,0.12792,0.12825,0.13111,0.13522,0.14083,0.14681,0.15371,0.16135,0.16841,0.17651,0.22981,0.21930326287330504,0.20887,0.19878,0.18884016106117715,0.17886706739086114,0.1689355687020721,0.15893,0.14964,0.14123,0.13293,0.12507,0.11766,0.11031
21-01-2026 09:25,25249.5,0.11239,0.11011896431624504,0.10841,0.11041503853847079,0.11231425399209653,0.11359,0.1189547607438517,0.124,0.13056,0.1378,0.14569,0.15395,0.16214,0.16992,0.23932,0.22872,0.21860187295884265,0.20844,0.19844,0.18865318278439974,0.17884110238193573,0.16883,0.15985,0.15212,0.14385,0.13775,0.1322,0.12755835083088746
21-01-2026 09:30,25231.8,0.13669,0.13004726534032077,0.12412,0.12087,0.12038,0.12339304475716475,0.12475,0.12956,0.13608,0.14246,0.15005,0.15783,0.16532,0.17285,0.23672193664535748,0.2259414681443148,0.21515299089620013,0.20422,0.19388,0.18338,0.1732496006411754,0.16297,0.15255,0.14322,0.13429,0.12583,0.11875,0.11057
21-01-2026 09:35,25229.95,0.11169961597039633,0.10939356362900804,0.10846,0.10857,0.1113221898401279,0.11357,0.11819,0.12409,0.1309,0.13852,0.1471744130045105,0.1555,0.16438,0.17241,0.2393,0.22828642528351167,0.21739,0.20703,0.19666104310671223,0.18630802477039246,0.1758,0.16619143928045538,0.15633,0.14788,0.13944,0.13261,0.12591,0.12057
21-01-2026 09:40,25195.85,0.1286909119252872,0.12386,0.12034,0.11914,0.11944,0.12178,0.12572,0.13205650049775086,0.13744,0.14442,0.15206,0.16009675725772746,0.16810999566161566,0.17625,0.23126,0.22039,0.20921,0.1992244367354603,0.18912,0.17868,0.1683957197133858,0.15788,0.14814,0.13936,0.13038,0.12255,0.11511,0.10815318635132384
21-01-2026 09:45,25195.8,0.12630644394906843,0.12164913168490754,0.11905,0.11758,0.11975478186443476,0.12115,0.12508,0.13066,0.13747440107983644,0.14369,0.15164,0.15978634952808185,0.16779,0.17631,0.23030892309011794,0.21955,0.20885,0.19856220122980303,0.18822,0.17803,0.1680816877326493,0.15791,0.14843,0.1399,0.13178601319696454,0.12326,0.11657,0.10994
21-01-2026 09:50,25185.15,0.12236,0.11795,0.11714389440418681,0.11528,0.11825868841440365,0.11966,0.125458292510835,0.1304,0.13697,0.14439,0.15238,0.16083,0.16916,0.17785036124517356,0.22539,0.21541,0.20434,0.19499,0.18528,0.17565,0.16525,0.15601,0.1469,0.138851179026944,0.13028,0.12351656844828748,0.11641,0.11009
21-01-2026 09:55,25177.9,0.11379,0.11152,0.11209618467146519,0.11141,0.11346,0.11718,0.12215,0.1284,0.1362221851135081,0.14406462801115122,0.1521580160982724,0.16066,0.17038960579168938,0.18072221219947346,0.22504,0.21521,0.20467,0.19523219571886707,0.18578796016210009,0.17627,0.16695702205485258,0.1575,0.14867,0.14081,0.13399210644248935,0.12667,0.12103,0.1157
21-01-2026 10:00,25151.55,0.12546,0.12322287221851194,0.12187115644567709,0.12096844138204206,0.11961,0.12284,0.12739,0.133874218962445,0.13961,0.14673,0.15487,0.16346,0.17209,0.1811400159048035,0.22193,0.21176,0.20172787948576104,0.19167,0.18148,0.1718,0.16227378474596726,0.15239,0.14399,0.13558,0.12784,0.12142,0.11547963927451763,0.1106164650878918
21-01-2026 10:05,25168.3,0.11765441722648341,0.11538,0.11423,0.11445,0.11827497905467187,0.12223356713552214,0.1267617581959516,0.13075,0.13746,0.14494,0.15349,0.16138,0.16975813731885492,0.17784481601136132,0.22277955297017732,0.21264,0.20243,0.19279,0.18268,0.17313,0.16324,0.1546,0.1458,0.13816,0.13112,0.12476,0.11912,0.11439
21-01-2026 10:10,25142.55,0.12728851887122883,0.12315,0.12023,0.12039,0.12322283620164523,0.12482,0.13067753207025856,0.13563,0.14202,0.14994841143786447,0.15767,0.16529,0.17225,0.18029,0.21797,0.20761,0.19778617714863844,0.18797540423621217,0.17825410635920044,0.16848,0.159208545539603,0.14989,0.14153694632845693,0.13289,0.12515,0.11804,0.11153,0.10527
21-01-2026 10:15,25145.8,0.12333,0.11947,0.1175,0.11935110575097131,0.11928,0.12404500512298139,0.12764,0.13377,0.1409,0.1488328465600139,0.15653,0.16493,0.1719,0.17908788946663234,0.22032,0.21015483867405826,0.20005047437695386,0.18993,0.18004014234218818,0.17012,0.16051,0.15191627966997345,0.14325350471971643,0.13445,0.12696,0.1204,0.11439979368828922,0.1085
21-01-2026 10:20,25143.35,0.1079,0.10745,0.1083,0.11044,0.11423,0.12035884773645494,0.1254,0.13317447624273776,0.14021,0.14801,0.15664,0.16499,0.17225,0.18071,0.22032,0.21089,0.20145,0.19248,0.18309,0.17436390124159717,0.16525,0.15763,0.14974,0.14271,0.13565,0.13077,0.12584,0.12255
21-01-2026 10:25,25100.4,0.12159,0.11908,0.11899,0.1201,0.12283,0.12816381116509018,0.13228,0.13878,0.14571,0.15384,0.16213683391333805,0.17048,0.17933619851483373,0.18836342449486052,0.21872,0.2089,0.19884,0.18907,0.17952,0.17017711115246592,0.16056,0.15206,0.14426119020076827,0.13602,0.12931,0.12317,0.1180611195318364,0.11316
21-01-2026 10:30,25093.35,0.11903138949768842,0.12031,0.11937,0.12075,0.12372,0.1282,0.13354,0.14049998764990826,0.14693,0.1551688760155165,0.16325,0.17101303907311477,0.17876816235651785,0.18642,0.21712,0.2065,0.19696,0.18695,0.17749389660828557,0.1679,0.1584,0.14965,0.14234485716189615,0.1351581973392475,0.12802249344021385,0.12112359242027836,0.11435,0.10948
21-01-2026 10:35,25094.5,0.11848,0.1171,0.11731,0.1204625837760771,0.12409930298298605,0.12727,0.13389651997445856,0.14037965851299394,0.147,0.15472,0.16342,0.17133,0.17914,0.18757,0.2166,0.20606,0.19640393542122006,0.18667,0.17674,0.16751,0.15950578201837057,0.15133543966088642,0.1433667243492503,0.13525,0.12902,0.12337,0.11888,0.11472257964680722
21-01-2026 10:40,25076.8,0.11030911393583105,0.1126,0.11580910845433333,0.11919,0.12460588599641237,0.12957,0.13582,0.14283,0.14989,0.15783,0.16635301554269483,0.174756278384296,0.18316,0.19098,0.21921,0.2099976125323768,0.20099766207630013,0.19196,0.1837401381246469,0.1754,0.16699,0.16,0.15276,0.14706,0.14302727341968902,0.13814,0.13602,0.13435
21-01-2026 10:45,25011.65,0.12991,0.12886,0.12996,0.13271,0.13656,0.1425524451918806,0.1476,0.15431,0.16135,0.16871,0.17751,0.1867272710168436,0.19702732281102608,0.2084846604305822,0.21279625603565183,0.20348,0.19441,0.18465,0.17497,0.1664,0.15781,0.14998,0.14243,0.13659154443939014,0.13049058467002822,0.1243,0.11945,0.11484
21-01-2026 10:50,25009.05,0.1201,0.12206,0.12605269333409216,0.1298,0.13479,0.14129829392267293,0.14727,0.15499705220300103,0.16232,0.16956,0.17816,0.18631,0.1940480112230707,0.20172,0.2225271173514822,0.21319,0.20412,0.19505844970295783,0.18603,0.17863613244041665,0.17099077092203635,0.16357007368508858,0.15621,0.1511,0.1474,0.14463,0.14192,0.14173
21-01-2026 10:55,24957.3,0.14328,0.14355355223009267,0.144012917776728,0.14384,0.14722,0.1518,0.15787838679661073,0.16383011809058506,0.16965,0.17684,0.18449119324333516,0.19209,0.19924,0.20689,0.22052,0.2107123326730232,0.20088,0.19093,0.18127,0.17244594718040981,0.1635289219726154,0.1547685365576373,0.14602,0.13843,0.1313211305506245,0.12469997329888899,0.11856655507573292,0.112921735576087
21-01-2026 11:00,24996.3,0.1347,0.13512546459689057,0.13532,0.1390625609049022,0.14231,0.14825296388327538,0.15363,0.16007,0.16697,0.17401,0.18197,0.18865,0.19613029204905824,0.20379,0.225970708057343,0.2146435646116055,0.2039418185931524,0.19389,0.18403,0.17537396129983623,0.16654,0.15824,0.15121379185121275,0.14372,0.1380512523106991,0.13204,0.12724,0.12287268239770771
21-01-2026 11:05,24985.75,0.1372340345384187,0.13763,0.13894,0.14137,0.1458,0.15085,0.1568,0.16288,0.16942,0.17636,0.18417,0.19065,0.19721,0.20514,0.2196,0.20915,0.19872836141663203,0.18840209210490605,0.17801,0.16910620808722315,0.16011686767078565,0.15128,0.14394,0.13695194719108827,0.13000360896232205,0.12302,0.11779329453460152,0.11277
21-01-2026 11:10,25017.2,0.14174960255046884,0.14033285626360806,0.14029,0.14158071295940353,0.14317,0.14704,0.15263741814356208,0.15821819348971444,0.16355,0.17076758620399904,0.1778,0.18489,0.1916,0.19977,0.22119,0.21052,0.20085,0.19069,0.18073,0.17053,0.16142283097027138,0.15209,0.1432,0.13358,0.12566069621179793,0.11749,0.11042,0.10344175577725881
21-01-2026 11:15,25046.1,0.14397,0.14016,0.140357976798755,0.13908,0.1422511507449359,0.14436,0.14881,0.15391,0.15965,0.16606,0.17312594962899194,0.1801963255258148,0.18736267887480618,0.1947,0.22158,0.21124,0.20104,0.19101,0.18138834152620664,0.1717088455602826,0.16191,0.15273,0.14403,0.13539,0.12731,0.12038,0.11276,0.10601070489937632
21-01-2026 11:20,25060.3,0.13169,0.12981,0.1297,0.13102,0.13391,0.13809,0.14401693777918903,0.14952,0.15670470154173025,0.16365363206264189,0.17068,0.17767,0.18468506178440636,0.19164178686933697,0.22501,0.2154449379311899,0.20584,0.19596,0.18562,0.17611,0.16717,0.1585,0.14967,0.14173,0.13515,0.12908,0.12283,0.11697
21-01-2026 11:25,25041.3,0.12924,0.12753,0.12769,0.1311351858984255,0.13366,0.13824,0.14359,0.14983,0.15679,0.16395,0.17192,0.1789,0.18698,0.19456,0.22775,0.21815,0.20868,0.19892,0.18899,0.17966,0.17054,0.1622,0.15477108872969253,0.14682,0.1402231952480601,0.13311,0.12778,0.123
21-01-2026 11:30,25041.05,0.13283,0.13058,0.13167276941222172,0.13195,0.13501,0.14040863356675712,0.14578310417288287,0.15084,0.15803185946513693,0.16494,0.1728,0.17992,0.18742,0.19480749028189673,0.22611,0.216362482416054,0.20669253144442298,0.1970713120551107,0.18746,0.17814,0.16926327082698384,0.16022,0.15174,0.1437,0.13617,0.12995,0.12374,0.1176
21-01-2026 11:35,25049.35,0.13118,0.12936,0.12957,0.13118,0.13391,0.13844,0.14389,0.14995,0.15668,0.16433392574955086,0.17176,0.17913883492949273,0.18645,0.19453,0.22696,0.21735753116125317,0.20769,0.19761,0.18773,0.17863,0.16983,0.16134,0.1535771637597359,0.14528,0.13856,0.13231,0.12686,0.12191155540685195
21-01-2026 11:40,25042.9,0.1334474026362414,0.13186,0.13145,0.13247,0.13537,0.14060378940991514,0.14483,0.1505,0.15708,0.16411,0.17186,0.17917,0.18658,0.19412,0.2261091761981791,0.21626,0.20649,0.19653,0.1868479573983616,0.177,0.1681770804050396,0.15908,0.15124945165426945,0.14328,0.1366813600415065,0.1300227942789796,0.12372,0.11811386279073295
21-01-2026 11:45,25045.15,0.13374634491140294,0.13206,0.13238928493589594,0.13236,0.13601476609980911,0.13924,0.14427,0.1499,0.15644,0.16362,0.17162,0.1783,0.18635,0.1939,0.22687,0.2168057862023532,0.20673,0.19655,0.18659,0.17735575719866825,0.16783,0.15919,0.15124543060369092,0.14292,0.13557,0.12887,0.12235,0.11623977731931649
21-01-2026 11:50,25057.75,0.13374,0.13061,0.12978,0.1313,0.13417,0.13801,0.1433,0.14884,0.15563,0.16264,0.17054,0.17769,0.18521,0.19285,0.22763096845952308,0.217,0.206930270192257,0.1970075040074037,0.18704,0.17765016999741165,0.16813,0.15925,0.15112,0.14337,0.13526,0.1289992732769062,0.12245,0.11627
21-01-2026 11:55,25064.55,0.13047,0.1286,0.12976617514447436,0.12994,0.13295,0.13718,0.14304823038791728,0.14817,0.15471,0.16176,0.1697,0.17657,0.18406,0.19166,0.22742,0.21717,0.2073098579950489,0.19738,0.18769076922607475,0.17786,0.16849,0.15966,0.15198264060918665,0.1442648959719281,0.13634,0.1301658990471221,0.12378,0.11829
21-01-2026 12:00,25081.9,0.14194,0.13805464713252247,0.13497,0.13424,0.13680319951982411,0.13853,0.14254,0.14826384004705076,0.15337,0.15944,0.16694,0.17412878637680557,0.18123,0.18878,0.225,0.21461,0.2048,0.19461034218316797,0.1844115722262566,0.17414,0.16427,0.15487,0.14552,0.13731299684353096,0.12896358292814097,0.1206,0.11306,0.10483
21-01-2026 12:05,25117.2,0.12873,0.12563,0.1273835323166359,0.1290446894516782,0.13097210058742104,0.1331075592860193,0.1351,0.14051,0.14734690797303754,0.15429580145934946,0.16140538664416293,0.16862455387984027,0.17581,0.18372,0.2282774921553124,0.21847,0.20894,0.1990278739890245,0.18906,0.17998,0.17017,0.16139,0.15266,0.14483,0.13702,0.13023,0.12375,0.11776402139221295
21-01-2026 12:10,25113.35,0.13919,0.13376,0.13116,0.13082,0.13145,0.13404,0.13797,0.14388996668507487,0.14912,0.15502,0.16223142834244542,0.16926,0.17671,0.1844711642037002,0.22434512633910902,0.21377,0.20384,0.19391828081200646,0.18400244173554858,0.17402,0.16463,0.15525,0.14665,0.13796,0.12963,0.12258,0.1151545789096757,0.10767
21-01-2026 12:15,25129.25,0.14212,0.13645,0.13427605774639662,0.13138,0.13217,0.13558470661474886,0.13796,0.14234,0.1479,0.15374,0.16084,0.16697,0.17372402218464292,0.18063,0.22549041772445186,0.2158,0.20614,0.19586,0.1856668052311606,0.17534,0.1656,0.15635,0.14722,0.13817,0.13001,0.12186,0.11408,0.10638
21-01-2026 12:20,25163.0,0.13704,0.13153,0.12967793914138992,0.12705,0.12984141604116373,0.13182731483058924,0.13361,0.13822,0.14354,0.14955,0.15630643396135716,0.1629365506874751,0.16958,0.17664,0.23047660046084262,0.22027,0.21058,0.20072800308923172,0.19085042076623424,0.1810021717244579,0.17114,0.162,0.15272,0.14432,0.13626,0.1279,0.12058815422433146,0.11349
21-01-2026 12:25,25166.9,0.11646,0.11482,0.11569365605993806,0.11565,0.11826,0.12318321965353952,0.12722,0.13303,0.13967,0.14655,0.15443,0.16135,0.16878,0.17609376282607028,0.23888,0.22894,0.21923034195293206,0.20945,0.19993,0.19064,0.18145,0.1734666828944759,0.165378717869045,0.1574536755121302,0.14943,0.14255,0.13713361014524283,0.132
21-01-2026 12:30,25153.65,0.14411,0.13813414975907662,0.13294,0.13066,0.13051,0.13202,0.13620627492299375,0.13924,0.14512921998952,0.1501,0.15725,0.16402,0.17046,0.17743,0.23409,0.22385,0.21446,0.20458098382474588,0.1946894596511558,0.18477,0.17467,0.16525428306898954,0.15566,0.14664,0.13804,0.12914,0.12084359874419315,0.11267
21-01-2026 12:35,25191.3,0.1472,0.14047,0.13539,0.13212,0.13359435226380773,0.13255,0.13494,0.13883,0.14335,0.14828,0.15471,0.16102,0.1674011030715846,0.17383,0.2341,0.2241,0.2142971751059723,0.204495245203417,0.19469,0.18542,0.17552,0.16609,0.15689,0.14758,0.13896,0.13075,0.12259,0.11461
21-01-2026 12:40,25225.6,0.13569897564542238,0.1311,0.1280606046274319,0.12561,0.12506,0.1262,0.12875,0.13339840322390523,0.13711,0.14219,0.14804,0.15492,0.16058,0.16847,0.24091,0.23056,0.22149,0.21174,0.20221,0.19333,0.18365,0.17501389168468454,0.16626,0.15810479819518908,0.14988465840663562,0.14166,0.1344624313549596,0.1274
21-01-2026 12:45,25260.15,0.14739423796038625,0.14037943837087685,0.13502,0.13106,0.12889,0.12878,0.13161694878578786,0.13345,0.13754,0.14228,0.14798560482656742,0.15356548350155963,0.15916,0.16562,0.24399116802581025,0.23445,0.22483,0.21557,0.20544,0.19649,0.18711228248138023,0.17763,0.16816,0.15944,0.15062,0.14206,0.13387,0.12606
21-01-2026 12:50,25266.0,0.1504350776711622,0.14299,0.13659,0.1346787419328752,0.13249793101688848,0.12986,0.13099,0.13379,0.1377,0.1423,0.14807926066772334,0.15339,0.15914,0.16617,0.24738865518176056,0.23813,0.22897,0.219514551463662,0.21005862873967465,0.20057,0.19091,0.182,0.17238,0.16365149272653393,0.15473,0.14632,0.13756,0.12958
21-01-2026 12:55,25281.8,0.13917,0.13376635091291747,0.12917504356454174,0.12593,0.12727285940652472,0.12875333585742976,0.1304012360950515,0.1320644621649893,0.13403,0.13891,0.14462,0.15101461983871786,0.15753,0.16467163895159959,0.24949445953281454,0.24056,0.23144,0.22236,0.2125,0.20318,0.19394,0.18479,0.17522,0.16673,0.15789,0.14926,0.14108,0.13375
21-01-2026 13:00,25281.3,0.13807,0.13319,0.12964694813604577,0.12551,0.12366,0.12413,0.12643,0.12955,0.13415,0.1401320729474964,0.14535,0.15225,0.1586,0.16594,0.25099,0.2412,0.23143,0.22218,0.21278,0.20316,0.19335,0.18437,0.17552786102679863,0.1666122147814208,0.15764,0.14886,0.14092946358690459,0.13318
21-01-2026 13:05,25288.85,0.12164,0.11875,0.11667,0.11569,0.117393738959074,0.11798,0.1212,0.12617567206258967,0.13069,0.13680213961097093,0.14268,0.1498034671430445,0.1568970966465748,0.16431,0.251127077267267,0.24223082336506535,0.23312,0.22392769555054792,0.21469,0.20515,0.19551,0.18666,0.17799,0.1693,0.16109,0.15359896006537785,0.14588,0.13943
21-01-2026 13:10,25221.5,0.14555,0.13889409043186626,0.13292,0.12941,0.1296813978587511,0.12818,0.13120381332914993,0.13326,0.13677,0.14244,0.14936239271263052,0.15601,0.16247,0.16921091561004314,0.24334,0.23292,0.22424,0.21525,0.20452,0.19524622189935759,0.1858925099825289,0.17645,0.16852,0.15804,0.14967,0.14177,0.13249,0.12413
21-01-2026 13:15,25225.05,0.1338,0.12896,0.12635555348961802,0.12326,0.1228,0.12402,0.12788510250858487,0.13065,0.13568,0.14121,0.14793,0.15501,0.16172,0.16931,0.24435,0.23512,0.22589,0.2166950824834275,0.20749,0.19819,0.18918396820068206,0.18004,0.1711,0.1628,0.15452,0.14636,0.13888,0.13236
21-01-2026 13:20,25225.7,0.12872,0.12486,0.12317929985926782,0.12081,0.12244846898499273,0.12246,0.12556,0.12964,0.13486,0.14077,0.14790383465791357,0.15468,0.16132,0.16885,0.24594824805783244,0.2371291039928245,0.22782,0.21895,0.20902,0.19978,0.19047,0.18129,0.17295224849778212,0.16424,0.15649281506260276,0.14833,0.14156,0.13545
21-01-2026 13:25,25205.25,0.13442728143884086,0.1299,0.12663,0.12487,0.12494,0.12773807610738178,0.13068662775677675,0.13326,0.13875243323142772,0.14405,0.15093933667591325,0.1577492232330008,0.16463,0.17223,0.24316,0.2337,0.22373,0.21445,0.20480972562228855,0.1951485733552851,0.18538,0.17635,0.16764,0.15913,0.1512,0.1442088630852514,0.13715544904212829,0.1304
21-01-2026 13:30,25215.7,0.11547150399233119,0.1141370887579462,0.11384,0.11439,0.11611,0.11898,0.12386064397112118,0.12793,0.13384,0.14041,0.14789759186350415,0.15526551696689447,0.16265,0.17059,0.24707,0.23815,0.2286068924839329,0.21906099424349756,0.20948,0.20028,0.19143062284238285,0.18238,0.17411,0.16604,0.15871,0.15219,0.14655,0.14149512819969162
21-01-2026 13:35,25182.35,0.14827,0.13934,0.13698,0.1338,0.13289,0.13224,0.13568962277448568,0.1378,0.1423,0.14773,0.15379,0.16058589566968395,0.16719,0.17421,0.23828625493962227,0.22816662301767768,0.21825897001121103,0.20869,0.1986,0.18997,0.18004,0.17157,0.16251,0.1538985287214476,0.1451751750082958,0.13646,0.12972,0.12058
21-01-2026 13:40,25193.1,0.13324,0.1291117891614298,0.1257,0.12472,0.12518,0.12695,0.1308759599801896,0.13381,0.13901,0.14486,0.15166389380260253,0.1581,0.16516,0.17297,0.24104,0.23161,0.22252,0.21314,0.20345,0.1940530558415629,0.18456,0.17613983096496447,0.1676298830586525,0.15902,0.15156756959720694,0.14393,0.13706,0.13075
21-01-2026 13:45,25192.95,0.13211,0.12832,0.12648669564595982,0.12411,0.12448,0.12634,0.12935,0.13445298172002917,0.13859,0.14451,0.15095,0.15785,0.16523,0.17348,0.24175,0.23224966711434608,0.22274,0.21318,0.20349,0.19378,0.18417,0.17565,0.16677,0.15838,0.1510813621670748,0.14335,0.13649,0.13029
21-01-2026 13:50,25179.95,0.12507,0.1225,0.12106,0.12096,0.12348030835584237,0.12493,0.12858,0.13335,0.13902,0.14580259765397252,0.15218,0.15955,0.16686902929102881,0.1742,0.2418,0.23224,0.22298,0.21312,0.20354,0.19431,0.18498,0.1767,0.16826,0.16090461536944278,0.15311,0.14644,0.14051,0.1350273308942276
21-01-2026 13:55,25164.25,0.12508,0.1227,0.12142,0.12314484779791765,0.12362,0.12728211671268896,0.12986,0.13471,0.14081,0.14683,0.15375,0.16127,0.1687021593022471,0.17614,0.2394962001442465,0.23066,0.2216,0.21187,0.20207,0.1932863581091896,0.18441779067905772,0.17566671602070913,0.16677,0.15894,0.15212,0.14506,0.13935,0.13429
21-01-2026 14:00,25141.15,0.13245523074212598,0.12917,0.12692,0.12689,0.12849,0.1309,0.13466,0.13925,0.14488,0.15069,0.15765,0.16457,0.17215,0.17942,0.23315611044301848,0.2242,0.21511,0.2058,0.19610666702461305,0.18634,0.17715,0.16852,0.16083829060113092,0.15275,0.14567,0.139,0.13293969514354065,0.12701
21-01-2026 14:05,25151.55,0.12298,0.12147,0.12079102495299651,0.11955,0.12101,0.12488516013404384,0.12791,0.13284,0.13906,0.14611109624954885,0.15267,0.1606,0.16894,0.17784010106577278,0.23437,0.22453,0.21563,0.2061720689765023,0.19667,0.18761,0.17836,0.17015514110968832,0.16148,0.15407,0.14726,0.14125,0.13609001179863162,0.1311
21-01-2026 14:10,25141.05,0.12259746507664537,0.12069707620973819,0.12018,0.12055,0.12248,0.12586,0.12964,0.13475,0.1414178648621876,0.14735,0.15495,0.16301,0.17171602379967751,0.1808763329001242,0.23095,0.2211,0.2117146247806319,0.20234244025413356,0.19295,0.18376,0.1752907212501817,0.16680634691662877,0.15815,0.15046,0.14392,0.1377,0.13263263075980303,0.12778
21-01-2026 14:15,25139.05,0.14051,0.13525,0.13261238856037438,0.12945,0.13116665590625076,0.13115,0.13476063071269703,0.13773,0.14279,0.14902168336759264,0.15467,0.16227,0.16974,0.17697,0.22520322955855296,0.21577,0.20643,0.19658,0.18674,0.17739,0.16786,0.15897,0.15036,0.14243710719302816,0.13421,0.12687179812504046,0.11937,0.11216
21-01-2026 14:20,25178.3,0.11220478636815859,0.11156,0.11175,0.11306,0.11696068472438557,0.12083604010556645,0.12514687551390372,0.12924,0.13577,0.14285973415848788,0.14994339149289854,0.15704,0.165,0.17317136373323866,0.23348,0.22449,0.21525811425491004,0.20603,0.19712424620824331,0.18815740137290568,0.17929540080444473,0.17048,0.16261,0.1566629850883216,0.15060900705674585,0.14491218766590014,0.13928,0.13574
21-01-2026 14:25,25144.75,0.11203,0.11192,0.1129,0.11453,0.11751,0.12133,0.12644,0.13201,0.13842,0.14552,0.15314,0.16094,0.16956,0.17847205117909792,0.22965932413982237,0.2210101721692246,0.21204,0.20324,0.19409,0.18498,0.17631,0.16855,0.16094,0.154,0.14871954394626674,0.14333094603350482,0.13846,0.13462289446872108
21-01-2026 14:30,25130.1,0.13581832826462198,0.1321769283538625,0.13004,0.12881,0.12961,0.13109,0.13442,0.13863,0.14452224308625236,0.14972,0.15656,0.16385378531625644,0.17098,0.17869,0.22543,0.21599402187164607,0.20649,0.19662,0.18686,0.17739,0.16792,0.15929563221006293,0.15065668781103758,0.1418,0.1343875831759208,0.12673,0.11991,0.11289
21-01-2026 14:35,25146.5,0.12912764272130134,0.12594,0.1239,0.12393,0.12532,0.12912982114230792,0.13275031601308812,0.13605,0.1419,0.14849297035694056,0.15477,0.16188,0.16945,0.17727,0.22669,0.21725,0.20771,0.19788,0.1881978998377375,0.17837,0.16959,0.16119987913388178,0.1526,0.1455871571986943,0.138369107244027,0.13126,0.12538,0.1198283308221182
21-01-2026 14:40,25152.35,0.1205713756097794,0.11893,0.1189739507799609,0.11882,0.12084,0.12401,0.12882558331107957,0.13315,0.13905,0.1462116502488814,0.15318840201730707,0.16013,0.16837,0.17615,0.22728,0.21766,0.20849977625623123,0.1993,0.19010482425425607,0.18086,0.17211,0.16483510489794162,0.15743645361028075,0.15026934528435476,0.14301,0.13732,0.13209,0.12729923530268802
21-01-2026 14:45,25149.7,0.12554,0.12304,0.12287748570598506,0.12183,0.1233,0.126,0.12989,0.13556103966018918,0.14041,0.14731515607780393,0.15357,0.16122,0.16874,0.17748,0.22466,0.21528663716758276,0.20589,0.19637,0.187,0.17880823792074113,0.17050811062401436,0.16234894269521138,0.15405,0.14697,0.14065,0.1347,0.12959,0.12474
21-01-2026 14:50,25153.5,0.11970204616429383,0.11838870659372377,0.1182,0.11919854865297419,0.12042,0.12336,0.1284976724169267,0.1336030605274759,0.1390525029989653,0.14432,0.15163,0.15938295947544087,0.16705,0.17562,0.22362,0.21422515153895222,0.20483,0.19536,0.18592,0.17754683489433093,0.16877,0.16103,0.15363,0.14652,0.14083766403424197,0.13507646341230706,0.12976,0.12503042090814237
21-01-2026 14:55,25147.1,0.12119,0.1201200188423604,0.1192,0.11878,0.12095,0.12448920940537919,0.12738,0.13253,0.13932392276857025,0.14592900957192798,0.1525,0.16021,0.16827640449879402,0.17644,0.226,0.21577,0.20664,0.19663,0.18739081359720805,0.17788,0.16911,0.16108,0.15380354382260658,0.146,0.13932,0.1337,0.12836,0.12385
21-01-2026 15:00,25160.2,0.13328490970076254,0.12878387081340864,0.12599,0.12423,0.1255991056936213,0.12612,0.1293,0.13447135883270045,0.13886,0.14424,0.15146,0.15934,0.16713137827136754,0.17493,0.22462,0.21473902973554315,0.20482,0.19466837321706762,0.18445,0.17483,0.16566,0.15709785528533465,0.1482,0.1406,0.1339632239431957,0.1271,0.12087973469445862,0.11472
21-01-2026 15:05,25171.7,0.11681212711188146,0.11539,0.1148,0.11552,0.11721,0.12017,0.1241,0.12894,0.13536,0.14312247370284276,0.15057066192799118,0.15794,0.16584,0.17458,0.22647,0.21712,0.20732,0.19776,0.18797,0.17937799449434882,0.17025,0.16227,0.15494,0.14792,0.14197,0.13652,0.13194,0.12788310702071792
21-01-2026 15:10,25159.7,0.11404,0.11283,0.11313,0.11384,0.11758338434582732,0.1220510620296226,0.12676309494605553,0.13147891894325836,0.1363,0.14291,0.15131,0.1595,0.16735,0.1755311217609989,0.22813,0.21813,0.20858,0.19826,0.18875,0.17981589455852778,0.17086,0.1638639996238525,0.15656967329900603,0.14948880988898106,0.14238,0.13678,0.1328,0.12917
21-01-2026 15:15,25148.5,0.1199812290170197,0.11789065899720011,0.11692,0.11701,0.1201420399830006,0.12386296409039377,0.12818104968113256,0.13256076160420707,0.13709,0.14341,0.15221655571378673,0.16095,0.16919,0.17746,0.22618,0.21597,0.20606,0.19582,0.18680554196274152,0.17770671305329533,0.16852,0.16038,0.15303014019555683,0.14546,0.14011990028994292,0.1344770041234116,0.12898,0.12484
21-01-2026 15:20,25154.25,0.11111,0.11098,0.11197931308214917,0.1123,0.11569832990975008,0.1183,0.12263,0.12762,0.13529,0.14189,0.15119,0.15955,0.16812,0.17634,0.22653968033689753,0.21539931455453426,0.20528,0.19525,0.18665,0.17793,0.16939,0.16151,0.15378,0.14632,0.14087168492226193,0.13498,0.1309,0.12747765720348267
21-01-2026 15:25,25150.7,0.12111,0.11857,0.11712,0.11677,0.1183,0.12103,0.12473,0.12919,0.13625,0.14187,0.1505848611816206,0.15893,0.16642,0.17481,0.22142398063543933,0.21134,0.20139299059514898,0.19141,0.18128832103012427,0.17105,0.16232,0.1536704500593222,0.14483,0.13698,0.13083360367155705,0.12463779905571169,0.11898,0.11431902717298952
22-01-2026 09:15,25332.45,0.10473,0.10462318263225756,0.10454,0.10521,0.10684,0.10947,0.11372,0.11836,0.12544,0.13242,0.14147703610271042,0.14997,0.15905,0.16873,0.24671622807864957,0.23565,0.22513,0.21365,0.20268,0.19258,0.1816,0.17114,0.16105,0.15211,0.14424,0.13698,0.13113,0.12581853341439647
22-01-2026 09:20,25329.3,0.11560331751600053,0.11259,0.11094159150911151,0.10979,0.11021,0.11218,0.11591,0.12018,0.12695,0.13378,0.14197,0.15088379477200708,0.15953,0.16876,0.24508,0.23368184506929146,0.22226418396466713,0.21083,0.19932,0.18861045002500726,0.17772,0.16743325285192273,0.15679,0.14767,0.13969329456640278,0.13125,0.1246,0.11798
22-01-2026 09:25,25334.05,0.14623767870948368,0.13823,0.13143,0.1286761458391685,0.12575605091211017,0.12234,0.12374,0.12643,0.13155,0.13711,0.144761324955839,0.15203,0.1597,0.16788991131460662,0.24449,0.23292,0.22276,0.21093,0.19921,0.18794,0.17635,0.16546,0.15452,0.14484335136592752,0.13472,0.12604,0.11779591491230992,0.10968
22-01-2026 09:30,25400.35,0.1336405218454539,0.12552,0.11846,0.11746751732576527,0.11534,0.11588,0.12013198515922746,0.12335,0.13005833073083278,0.13597,0.14327,0.15127788321615354,0.1591,0.1679,0.29877,0.2883737696551754,0.27803,0.26802,0.25667,0.24469,0.23078136858694498,0.21741,0.20229807397879523,0.18732,0.17339969161754265,0.15945837648523487,0.14582,0.13191117026627908
22-01-2026 09:35,25415.7,0.12572,0.1196,0.11492,0.11249,0.11221,0.11558,0.12023,0.12671,0.13404,0.14141785972338244,0.14855,0.15675,0.16418602202864807,0.17148,0.2990146280823972,0.29344446112606426,0.28651,0.2784445271405898,0.26983,0.25848,0.24745,0.23456,0.22072,0.20666,0.19281,0.17783,0.16503,0.1509
22-01-2026 09:40,25405.7,0.12722,0.12223,0.11918747438873226,0.11543,0.11462,0.1168,0.12063,0.12524,0.13222490221204072,0.13851,0.1461640523886848,0.15358,0.16068,0.16791395140381415,0.29928,0.2891,0.27712,0.26640969026616235,0.25601,0.24365,0.23047,0.21754805834331145,0.20472,0.19126,0.17853,0.1663614443306904,0.15415121106587074,0.14212
22-01-2026 09:45,25400.1,0.15452,0.14307,0.13348,0.12744,0.12418,0.12365,0.12604,0.12986,0.13537,0.14087,0.14796,0.15554,0.16312,0.1704,0.29,0.2786234662377971,0.26748,0.25775,0.24578383249039085,0.2343,0.22245,0.20936,0.19737,0.18456,0.17194,0.15918,0.14702,0.13419
22-01-2026 09:50,25430.85,0.10962,0.10808,0.10728521020313428,0.10596,0.10839191631989731,0.10993,0.11543528427138625,0.1207425470355026,0.12606,0.13221,0.13989,0.14735011115562718,0.15476,0.16294688293168494,0.2845,0.27357391894103306,0.26278,0.2528861334576262,0.24304,0.23201,0.22009178420321202,0.20827,0.19722,0.1857,0.17472,0.16434126407981248,0.15391958869296007,0.14369
22-01-2026 09:55,25385.65,0.1373663553128711,0.12983,0.12362,0.1218014491827734,0.11901,0.11909,0.12178,0.12571,0.13161,0.13658,0.14401,0.15158,0.15875,0.16650361857664198,0.2655,0.25452,0.24299,0.23352,0.22257,0.21122,0.19957,0.18796,0.17596,0.16567911494400567,0.15529146441072617,0.14506512445810774,0.1348,0.12521
22-01-2026 10:00,25404.05,0.10776,0.10582,0.10515884082984703,0.10378,0.10580957689822226,0.10659,0.11024,0.11494,0.12111,0.12805798513036754,0.13519,0.14399900612633998,0.15351657625920165,0.16386539265582117,0.26132,0.24992556607630934,0.23888,0.22953,0.21889200919955548,0.20862,0.19673,0.18526,0.17367,0.16432546382513571,0.15416,0.14472,0.13716,0.12856368071105692
22-01-2026 10:05,25387.2,0.11719,0.11299,0.11065389304504719,0.10822,0.10842,0.11164771202399489,0.11531344827326995,0.11956036601502715,0.12315,0.13024578395134806,0.13748,0.14503,0.15270494686677605,0.16041,0.26225,0.25061,0.23979,0.22998,0.21877,0.20853,0.19724,0.18542291474103478,0.17356,0.16269,0.15327275879282645,0.14351,0.13503728584324576,0.12669
22-01-2026 10:10,25366.75,0.13658,0.12967621764482315,0.1241579795514805,0.11977502022064923,0.11568,0.11694,0.11915,0.12345,0.12918,0.13617149349432173,0.14300919020893313,0.14995609228920326,0.15688,0.16445,0.2576877282596605,0.24688,0.23518,0.22525,0.21433122931961013,0.20314388756499988,0.19189787924709995,0.1806278313667074,0.1692294361409735,0.15848,0.14837897385103982,0.13837,0.12908,0.12057
22-01-2026 10:15,25384.2,0.09766,0.09808735125306955,0.09877538530053093,0.09906,0.10208,0.10502,0.10997,0.11552,0.12304,0.12969,0.13847,0.14608631722679086,0.1535,0.16177139313215713,0.25894,0.24793994837900024,0.23735,0.22862,0.2185134141490383,0.20863,0.19780660751196183,0.18719,0.17595,0.16545,0.15665,0.14742,0.13981729224787742,0.13255
22-01-2026 10:20,25330.55,0.13469,0.12744,0.1251134568947021,0.12238935452894614,0.12019558253044829,0.11744,0.12075,0.1262058200407542,0.13132,0.13681,0.14468,0.1523496312554797,0.15993601619727288,0.16747,0.24705,0.23563,0.22556785507187907,0.21547,0.20534,0.19424,0.18383,0.17305,0.16197,0.15146,0.14198,0.13311,0.12478267875976246,0.11714006566920288
22-01-2026 10:25,25335.0,0.09628,0.09735,0.09889,0.10139957999366422,0.10334,0.10665,0.11183,0.11902839792911551,0.12565,0.13374044186674594,0.14153,0.14935028637803205,0.15712,0.16553,0.24094203918654408,0.23026390441384137,0.21969361176685248,0.20926,0.19913344880918327,0.18905,0.17911,0.16988,0.1606,0.15157,0.1443,0.13825,0.13302,0.12874002700853396
22-01-2026 10:30,25273.25,0.13945,0.13166,0.12574,0.12204,0.12132,0.12241,0.1267510526633968,0.12998,0.137,0.14474368245375246,0.15217370017506332,0.15956,0.16779,0.17688,0.23624,0.22619,0.21609,0.20399,0.19362550745985457,0.18324866797705125,0.17284,0.16271,0.1521,0.14301902838439373,0.13349,0.12467,0.1169,0.10937
22-01-2026 10:35,25312.45,0.1015125116504888,0.10146560633238141,0.10240101451449833,0.10439,0.10721,0.11117,0.11731382378047908,0.12258,0.13031,0.13765,0.14618,0.15453,0.16222,0.17138,0.23916,0.22825,0.21796,0.20729,0.1962,0.1865617124446763,0.17646,0.16749,0.15827,0.14937,0.14221,0.13534,0.12920359205052098,0.12380886268888393
22-01-2026 10:40,25290.35,0.12122,0.11683,0.11428,0.11500255456159937,0.11429,0.117,0.12289286895862533,0.1286540949199248,0.13486857694847526,0.1408,0.14941,0.15731,0.16522,0.17431,0.23637,0.22582,0.21577,0.20398,0.19285,0.18290821928501177,0.17255,0.16337,0.1541875748862288,0.1446,0.13703,0.1298,0.1234903644404723,0.11738
22-01-2026 10:45,25288.95,0.11437130871503112,0.11212,0.1123618268464308,0.1129039272670041,0.11267,0.11687907790829555,0.12097,0.12781846795989543,0.13415,0.14106,0.14966,0.15788,0.16677706972731715,0.1756332866138584,0.23673,0.22685446246172733,0.21672,0.20513,0.1944,0.18474,0.17462,0.16559086365082207,0.15611,0.14677,0.1396,0.13244,0.12642592570548233,0.12065
22-01-2026 10:50,25270.45,0.11997,0.11690567290924936,0.11448,0.11425,0.11599,0.12085810417165321,0.12640578083155896,0.13217002883771556,0.13811716933457913,0.1441,0.15263,0.16054692974100618,0.16839,0.17794,0.23618,0.22577729313430656,0.21531,0.20447,0.1937,0.18389,0.17440597049927814,0.1647909327651227,0.15533096203757507,0.14588,0.13804,0.13140805456673338,0.12479887967066361,0.11856
22-01-2026 10:55,25267.3,0.0946,0.09808,0.10061,0.10451,0.10876,0.11403,0.12138226025159152,0.12841428186171805,0.13522,0.14329,0.15206,0.16066,0.16887,0.17887,0.23925,0.2291784088600364,0.2192361381655297,0.20926,0.19977921784328562,0.19022,0.18099,0.17219,0.16442301802042103,0.15599,0.14955,0.1433,0.13964,0.13687
22-01-2026 11:00,25234.85,0.1185,0.11694,0.11547,0.11648,0.11914,0.12416069412027164,0.12787,0.13398,0.14143,0.14793,0.15618,0.16401247781961828,0.1716,0.1813,0.2337057850140003,0.22333,0.21319,0.20304,0.19266,0.18352,0.17440920813033206,0.1651997129066714,0.15589,0.148,0.14096126498243539,0.13366,0.1283491040236959,0.12323
22-01-2026 11:05,25223.35,0.12387,0.12160514074859374,0.11987,0.12204433916964202,0.12396691188069223,0.12569,0.13042,0.13705386517824786,0.14347,0.15116541783589627,0.1586749594367103,0.16614,0.17361,0.18285,0.23277208269658306,0.22185,0.21166,0.2011813582477996,0.19055,0.18182,0.17225,0.1635028131482011,0.15447,0.14595,0.13929637884960822,0.1321,0.12579,0.12123
22-01-2026 11:10,25234.6,0.11783,0.11743920126773388,0.1174052062285248,0.11679,0.11961,0.12341,0.12924196603334204,0.1344,0.14175,0.14918568157301967,0.15632,0.16431,0.17175,0.18097,0.2345801145112015,0.22345,0.21361,0.20328540635236875,0.19275,0.18408453670662783,0.1751,0.16645,0.15890626872756433,0.15128978081916267,0.14371,0.13697,0.13047657502286072,0.12436210001393455
22-01-2026 11:15,25230.3,0.11734,0.11619,0.11596,0.11705,0.12104352964118141,0.12398,0.12980425233462722,0.13488,0.14284,0.1505065761008763,0.15811695321957736,0.16565,0.17327320330924945,0.18089969282006058,0.23256,0.22272644448539913,0.21276,0.20203,0.19194,0.18281959587704766,0.1733,0.16454,0.15615,0.14857,0.1422940426322602,0.13552,0.13110722203451236,0.1269
22-01-2026 11:20,25224.65,0.137,0.13082,0.12749,0.12654,0.12885616522437493,0.12968,0.13375,0.13978377770902234,0.1452,0.15148,0.159052933006276,0.16648,0.17362,0.1809095301984239,0.22973,0.21927012604512033,0.20875,0.197895004181935,0.18693,0.17738,0.16773,0.15859035384281628,0.14919,0.1416223882532489,0.13375512763399267,0.12592,0.11974,0.11326
22-01-2026 11:25,25274.25,0.11029,0.1095,0.11047,0.1123,0.11593116720141859,0.11882,0.12523868397346263,0.13123428374083163,0.1372,0.14366,0.15165,0.1597,0.16749,0.17552790954142397,0.23660659566427283,0.2258242973379081,0.21537933694853345,0.20526966498748683,0.19547,0.18598,0.17682,0.16834727245429945,0.15980203330383036,0.15095,0.1442,0.13826,0.13343,0.13062
22-01-2026 11:30,25237.65,0.12721,0.12374,0.12201,0.12194,0.12356,0.12649,0.13192447198392696,0.13617,0.14344006235798257,0.14986,0.15778,0.16548,0.17365,0.18226,0.2316,0.22112,0.21067,0.20008,0.18997,0.18007965548431315,0.16987,0.16085,0.15191,0.14484330638047802,0.13708,0.13062,0.1252,0.12044
22-01-2026 11:35,25252.75,0.11588,0.11479,0.11479,0.1170568146133869,0.11857,0.12203,0.12717,0.13408015460865905,0.1402,0.14765,0.15566,0.16411,0.17208,0.18127,0.23498,0.22361,0.2135,0.20258,0.19280052905827133,0.18266,0.17321,0.16413,0.15533,0.14776,0.14132,0.13517,0.13073,0.12644
22-01-2026 11:40,25230.6,0.10988150621955307,0.11095,0.1127,0.11542,0.11893,0.12346,0.12878,0.13610637055693434,0.14286,0.15106383871976725,0.1589,0.16725609501176744,0.17552,0.18424,0.23382,0.22297,0.21283,0.20268,0.19289123966411587,0.18294,0.17448365344435007,0.1659198500570862,0.15713,0.1509473975128477,0.14431,0.13938,0.1355,0.13284
22-01-2026 11:45,25200.8,0.13034,0.12707,0.12579,0.12618,0.12794,0.13121,0.13519,0.14066,0.14796,0.15439,0.16295,0.17075,0.1793456245456831,0.1877790523264559,0.22867,0.2182398555696916,0.20777,0.19708,0.18712534494563948,0.17701,0.1680095609931181,0.15886275366095876,0.14969,0.14189,0.1354041296332476,0.12864,0.12373344919767937,0.119
22-01-2026 11:50,25218.4,0.11856620642347378,0.11799,0.11825,0.12004,0.12293,0.12780900672785195,0.13162,0.13778,0.14525,0.15228,0.16038864633944205,0.16842501982589342,0.17647,0.18503,0.23193,0.22182,0.2116196098252819,0.20134,0.19156995154476125,0.18159,0.17246,0.16399385225564872,0.15526,0.14788,0.1425006742115335,0.13688531510723262,0.13142,0.12799
22-01-2026 11:55,25201.6,0.12001,0.11932,0.11974,0.12163,0.12566498288583608,0.12881,0.13504978878180862,0.14034,0.14796845213373766,0.15507,0.16351,0.17177,0.1796,0.1887,0.23017,0.2196,0.20962001569468314,0.19954,0.18937,0.18024,0.17170802876986724,0.16267,0.15446,0.14755,0.14166,0.1361,0.13225370064797776,0.12873
22-01-2026 12:00,25184.35,0.13602890389820313,0.13244,0.12988,0.13034,0.1334628226836699,0.13645497615500177,0.13886,0.14457,0.15216,0.15986532337735515,0.16743,0.17523,0.183171020782506,0.19115563502770597,0.22837987653046524,0.21731,0.20632,0.19602,0.18569,0.1760809879030943,0.16609,0.1571,0.14822,0.14008,0.13273,0.12559,0.12063,0.11536
22-01-2026 12:05,25218.75,0.13087,0.12668,0.12499,0.12484,0.12810168366975275,0.13131841841079547,0.1341,0.13956,0.1469334015177102,0.15396,0.16225,0.17009344105967647,0.17781,0.18703,0.2305,0.21984,0.20922,0.19904,0.18865,0.17943121561892933,0.17009931211382054,0.16058,0.15135,0.14328,0.13606,0.12929,0.12342,0.11846
22-01-2026 12:10,25226.35,0.12834,0.12438,0.12308,0.12492018283679376,0.1255,0.12883,0.13412683639886067,0.1386,0.14562,0.15345763535118406,0.16094,0.16851,0.17645,0.18564,0.23027,0.21899,0.20860722083616448,0.1981,0.18752,0.17778,0.16817,0.15942548619212776,0.15021,0.14225,0.13511,0.128829347102567,0.12273,0.11737708253538243
22-01-2026 12:15,25221.55,0.13087,0.12662,0.12485,0.12467,0.12732912211419714,0.12894,0.13336,0.14006651992956287,0.14608,0.15389476255817808,0.16142,0.16924,0.17734670990148074,0.18540292391061305,0.228890788269206,0.21801,0.20743827523212957,0.19688,0.18636,0.17645,0.16673,0.15792065477290929,0.14855,0.1402,0.13314,0.12629,0.12024,0.11566
22-01-2026 12:20,25272.95,0.10777,0.10918,0.11013,0.11306319258648286,0.11574,0.11971,0.12621603570374856,0.13262495581464395,0.13937306433218088,0.14593,0.15429,0.16213,0.17068,0.17953954639277175,0.2361795216361638,0.22579,0.21552,0.20511,0.19413,0.18511,0.1763350330305083,0.16716,0.15828,0.15104,0.14575081151077637,0.14015078837784095,0.13467,0.13125
22-01-2026 12:25,25240.05,0.13081,0.12631292686339185,0.12305,0.12343,0.12401,0.12723,0.13101,0.13657,0.14324,0.15134395439422943,0.15886,0.16678,0.17518,0.18403,0.2314,0.22072845715821499,0.21001,0.19899,0.18893341477200348,0.17866,0.16859,0.15934,0.15022,0.14300793104184023,0.13568952537020842,0.12828,0.12264367645924276,0.11719
22-01-2026 12:30,25251.1,0.13184,0.12588,0.12417311134490709,0.12196,0.12266,0.126725565654707,0.13179244025811293,0.1371513823444581,0.14272515846777148,0.14825,0.1565,0.16431,0.17272413586723823,0.18126,0.23153,0.22096,0.20977,0.19965,0.1895161584523607,0.1792,0.1698556581828252,0.16034805634161348,0.15072,0.14231,0.1349,0.12783,0.12144,0.1155093988419492
22-01-2026 12:35,25259.05,0.11375,0.11394372358553398,0.1142956731304949,0.11425,0.11663,0.12116618787717366,0.12509,0.1311,0.13856,0.14689314791734684,0.15486,0.1634929421480968,0.17196,0.1812,0.23349681896230656,0.22293,0.21239,0.2021,0.19122,0.18161,0.17252035307434682,0.16285,0.15423,0.14655,0.14013,0.13408,0.12891,0.12525
22-01-2026 12:40,25236.55,0.12143,0.11888,0.11785,0.11858,0.12061,0.12536759853295912,0.1288,0.1348,0.14199,0.14964,0.15788049760955744,0.16577,0.17465,0.18377,0.23071,0.21957,0.20890154150372214,0.19824329646239458,0.18749,0.17785,0.16802,0.15876,0.15014,0.14232,0.1357,0.12925,0.12412,0.11937
22-01-2026 12:45,25253.05,0.11531138409589015,0.1137,0.11324,0.11404,0.11663,0.12140808078672238,0.12614921429316323,0.13136,0.1379996284528437,0.14640562571384108,0.1546055932631115,0.163076939926953,0.17194209734986282,0.18119,0.23296,0.22197368448875066,0.21098,0.1998,0.18881,0.17943,0.16946,0.16021,0.15147,0.14416063241444838,0.1361,0.13066396750134596,0.12471,0.12011
22-01-2026 12:50,25254.0,0.10568407391911175,0.10634,0.10745,0.11055,0.11341,0.11806,0.12397,0.13153094656084693,0.13861,0.14621,0.15499657495919728,0.16369365831741456,0.17242,0.18251,0.23222,0.22122,0.21044,0.19967,0.18973936204070413,0.17971221667188808,0.16946,0.16058,0.15221,0.14482,0.13801,0.13314679707036944,0.1278,0.12496
22-01-2026 12:55,25215.15,0.11693,0.11559,0.11709185288687543,0.11762,0.12168987610957757,0.12475,0.13009,0.13645,0.14476,0.15309810248599423,0.16112,0.16993,0.17900730867123016,0.18816,0.22672,0.21609,0.20483,0.1943,0.1832,0.17413,0.16495168027666066,0.15541,0.14757,0.1413777870370131,0.1349647099018368,0.12866,0.12398,0.11976128656559842
22-01-2026 13:00,25215.7,0.12028,0.11817,0.11746,0.11863,0.12125,0.12640982918997964,0.13016,0.13795461666749204,0.14473,0.15251,0.16138,0.17026,0.17891,0.18906,0.2264,0.2154,0.20447883489117896,0.19346,0.1825,0.17286,0.1634452688080858,0.15348,0.14544,0.1378,0.13144,0.12603857499434606,0.1203,0.11621
22-01-2026 13:05,25210.35,0.11631,0.11657477088525378,0.11704468241180817,0.11698,0.12032,0.12563269960566809,0.13022,0.13689,0.14524,0.15312,0.16221,0.17072,0.1797,0.19028,0.22732347425636312,0.21559,0.20467,0.1937317461693662,0.18263,0.17306,0.1637712096069634,0.15394,0.1462,0.13844,0.13297,0.12712,0.12319798281786373,0.11964
22-01-2026 13:10,25206.6,0.11138,0.11187745718891698,0.11223,0.1154233640483982,0.11804,0.12279,0.12887,0.13615,0.144802675812282,0.15277,0.16252,0.17164,0.18067,0.18973351861368817,0.22705814538988234,0.21638,0.20602,0.19486,0.1845769599885795,0.17393,0.16423,0.15523,0.14719,0.13983,0.13354,0.12783,0.12334,0.12059
22-01-2026 13:15,25186.75,0.1280115802910298,0.12416,0.12157,0.12197,0.12510491148432495,0.12712,0.13228,0.1400804726888531,0.14705,0.15477,0.16365,0.17236,0.18179,0.19077,0.22374,0.21337,0.20264,0.19149,0.1811775966752473,0.17076,0.16041,0.15206997291271374,0.14358058599138657,0.13534552570009534,0.12696,0.1203,0.11439,0.10863
22-01-2026 13:20,25195.0,0.11950973274436874,0.11774,0.117,0.11922472321661642,0.12077,0.12443,0.13025,0.13702,0.14521,0.1540806194498365,0.16253,0.17128,0.18032,0.19023,0.22537,0.2145821345466622,0.20382515900264775,0.19303,0.18238971289638095,0.17161,0.16195,0.1531,0.14463,0.13787084599358823,0.13042,0.1250401516607962,0.11923,0.11484
22-01-2026 13:25,25194.95,0.11545,0.11404,0.11425,0.11633,0.11942,0.12361,0.13074225646911136,0.13692,0.14568,0.15454309732762767,0.16349,0.173142321508796,0.18278497067144595,0.19230018368611737,0.22589,0.21540462049891712,0.20487731506368853,0.19431,0.18359,0.17389,0.16421,0.15583,0.14821827836627233,0.14,0.13434,0.1295175110199006,0.12492,0.12145730388513648
22-01-2026 13:30,25171.75,0.1432,0.13615,0.13327966088642412,0.12962,0.13031,0.13214,0.13820945684903485,0.144193737561782,0.14993,0.15715,0.1660276492202412,0.17461,0.184,0.19342,0.22219716382590946,0.21074,0.1995815560957548,0.1887286248837171,0.17787,0.16798,0.15783,0.14782,0.1392025180196354,0.13043945081766165,0.1217,0.11384,0.10621746348409197,0.0990503209624441
22-01-2026 13:35,25225.85,0.10471,0.10598663507388394,0.10754,0.11167617130210851,0.11588570552213501,0.12059766604386968,0.12522,0.13245,0.14115370852555337,0.1498816573596346,0.15859,0.1672,0.17625554420078612,0.18541,0.22648999875627862,0.2162318229313055,0.20571,0.19599,0.18523,0.17619,0.1673209179436081,0.15805,0.1513607802188794,0.14423766662314963,0.137,0.13167,0.12773,0.12513
22-01-2026 13:40,25195.9,0.12374,0.1218397165911252,0.12113398214141693,0.11976,0.12314706697664062,0.12616,0.13153,0.1382,0.14633878489316043,0.15395,0.16323,0.17188338018789634,0.18046,0.1899,0.22344,0.21331,0.20240715689055314,0.19152,0.18164858449798277,0.17166856020869395,0.16180239589006618,0.15191,0.14299,0.13503,0.12823,0.12192677906596094,0.11572,0.11036259114915972
22-01-2026 13:45,25188.3,0.12883040539668625,0.12541,0.12318,0.12313,0.12513,0.12814,0.13442281258271976,0.13966,0.14793,0.15606649344820595,0.16408,0.17298729641079563,0.181862835892544,0.19097,0.22203,0.21151,0.19995,0.18986,0.17852,0.16927,0.1596537250018441,0.14961,0.14032,0.13213,0.12488,0.11745,0.11126,0.10524
22-01-2026 13:50,25206.65,0.1300486684345711,0.12637,0.12402,0.12326,0.12433,0.12934486332298556,0.13405761483147385,0.13825,0.14571,0.15345,0.1624,0.17084430963034264,0.17913,0.18909,0.22563163126050184,0.21404,0.20291,0.19184681125773775,0.18065,0.17112,0.16101671191778466,0.1507,0.14105,0.13153,0.12403,0.11657,0.10964,0.10354
22-01-2026 13:55,25236.1,0.11656,0.11359,0.11497224652342156,0.11596618510084375,0.11625,0.12045,0.12573,0.13363149866466828,0.1413168557268971,0.14887,0.15822,0.16671,0.17632418801522406,0.18618,0.22795,0.21717,0.20582,0.19499,0.18373,0.17406,0.16392,0.15456741872587973,0.14526756407534902,0.13574,0.12896594245560672,0.12181,0.11673596061345187,0.11189
22-01-2026 14:00,25232.35,0.11278,0.11361987004415394,0.11476255060040338,0.11609755140836442,0.11714134091571567,0.11889,0.12442,0.13274653445464268,0.14082,0.14875,0.15824,0.16729,0.1762,0.18544017212595645,0.22934170098428874,0.21650499556531783,0.20418,0.19241,0.18109,0.17120890623244317,0.16079,0.1519021795834979,0.1423,0.13419,0.12787,0.12171,0.11702862740820041,0.11263
22-01-2026 14:05,25228.35,0.10740679758896936,0.10708,0.10826332320779672,0.10975,0.11323,0.11804,0.12407,0.13184,0.1409,0.14891,0.1583412034774397,0.16756,0.17741917456838538,0.18734,0.22586757914535527,0.21401,0.20292374698278537,0.19209814291279087,0.1814495592929207,0.1707466871204048,0.16046,0.15106,0.14225,0.13464,0.12825,0.12236,0.1183,0.1145
22-01-2026 14:10,25212.7,0.10325,0.10382,0.10594,0.10885,0.11289,0.11798,0.12494,0.13405848473420776,0.14238,0.15053,0.16028,0.16979,0.17899,0.18902,0.22308,0.2125366050422016,0.20205,0.1919767039574301,0.18191612783624433,0.17176,0.1624167053395354,0.15288,0.14506,0.1390977931392403,0.13253,0.12725,0.12369,0.12071466037242884
22-01-2026 14:15,25178.75,0.12182,0.1185,0.11731,0.11826,0.12078,0.12452,0.13073,0.13801,0.14683,0.15506,0.16487,0.17383,0.18321,0.19260918602035793,0.22175824674747097,0.20979,0.19827,0.1869,0.17605,0.16626,0.15609,0.14672,0.13920179195071014,0.13140688724897437,0.12368,0.11768,0.11212347124761582,0.1073670649710792
22-01-2026 14:20,25194.65,0.11846,0.11485,0.1156708358134769,0.11535,0.11816,0.124540029394139,0.13134084599580834,0.13865389907303444,0.14569,0.15450617160165228,0.16347338245491955,0.17242,0.18114,0.19248,0.2132871805072247,0.2041810889985895,0.19485705321246713,0.18529887992408411,0.17536,0.16566,0.15568361414124493,0.14546,0.13666,0.12849,0.12242,0.11679411759199412,0.11085,0.10634
22-01-2026 14:25,25206.4,0.13345,0.12568,0.12355330160066293,0.11997,0.12155,0.12397,0.12961,0.13628,0.14473,0.15238,0.16165,0.17013,0.17877,0.18743558407306835,0.22143,0.21092,0.19894,0.18769,0.1762707015433524,0.16488722667117672,0.15369,0.14419353893557296,0.13469251933265536,0.12555854963545707,0.11657,0.10923550785399913,0.10206286138978675,0.09526
22-01-2026 14:30,25236.6,0.1401391350900662,0.13211,0.1265915655477209,0.1224,0.12470077485889561,0.12630647158533215,0.12701,0.1338663030054642,0.14065,0.1477,0.1561875051650879,0.16456,0.1726,0.18077228401344525,0.2254451500007579,0.21403,0.20264,0.19115,0.1791,0.16861332742277155,0.15779,0.14667,0.1368,0.12692,0.11873,0.11061,0.1026,0.09509
22-01-2026 14:35,25267.55,0.13245,0.12446,0.11907,0.11903441196648279,0.11656,0.11849,0.12255,0.12866,0.1364546790581694,0.14339,0.15211,0.15998,0.16808,0.17725,0.22992550231056116,0.21768,0.20597996783459122,0.19426,0.18242,0.17251,0.16169,0.15087,0.14137,0.13163,0.1240478074664794,0.11621776378956707,0.10842,0.10158
22-01-2026 14:40,25289.0,0.12072137704539826,0.11554,0.11253258829355649,0.11038,0.11062,0.11348,0.11844,0.12494,0.13286,0.14076873020417352,0.14849,0.1556,0.16394,0.17192145439737233,0.23208639476608417,0.21954,0.20935,0.19642,0.18600804049633152,0.17533,0.1644,0.15399,0.14452,0.13635118241178804,0.12744,0.12046,0.11392,0.10707
22-01-2026 14:45,25289.65,0.1265,0.12007070391707689,0.11442,0.11143,0.11179,0.11412,0.11793,0.12328,0.1315,0.13945097320542799,0.14695,0.15481,0.16299,0.17293,0.22661,0.2165,0.2047117188363554,0.19288304339413276,0.18106,0.17133,0.15961,0.14912,0.13972,0.13057,0.12292,0.11615330201204754,0.10908,0.10263
22-01-2026 14:50,25294.65,0.11257,0.10885,0.10970087244994946,0.10995783538564655,0.11018695383402202,0.10929,0.11406,0.12007,0.12843,0.13603,0.14478662063515707,0.15341,0.16192,0.17062053732360127,0.22732,0.21666,0.20698,0.19387,0.1822,0.17141,0.16144226814932972,0.15126644325305166,0.14075,0.13205,0.12467,0.11794,0.11225,0.1065
22-01-2026 14:55,25290.85,0.12505,0.1183,0.11366,0.11078,0.11049,0.11193,0.11479,0.12027,0.12826,0.13638424604166716,0.144,0.15238,0.16102,0.16990606034487524,0.22431,0.21380453302613123,0.20302,0.19065,0.17886,0.16842875056525544,0.15749,0.1469,0.13782,0.12883,0.12193,0.1152,0.10773975786023847,0.10088452593161505
22-01-2026 15:00,25269.5,0.11006,0.10676,0.10425,0.10401,0.10712861404353358,0.10865,0.11289,0.11928,0.12814,0.13594,0.14531,0.1541925895408277,0.16302903540880115,0.17172,0.22366,0.21357,0.20234,0.18974,0.1781,0.1677451088963204,0.15686,0.14672,0.13842302411998805,0.12967,0.12325,0.1178137022261638,0.11231398336289168,0.10714
22-01-2026 15:05,25256.3,0.13972,0.13093322946431946,0.12366025298645658,0.11811,0.12006557299413645,0.12102986191116452,0.12245187246534447,0.12337,0.13109,0.13759,0.14609,0.1536,0.16076,0.17157,0.22269,0.21193,0.20212,0.18893,0.17636,0.16553,0.15355,0.14238,0.13331,0.12411,0.11681,0.1094,0.10242,0.09535
22-01-2026 15:10,25297.3,0.1245922213108721,0.11729,0.11174,0.10823,0.10957836806859508,0.10824,0.11119,0.11643,0.12445,0.1321386302628867,0.13938,0.14775,0.15498,0.16581,0.2275275695727607,0.21557,0.20383329566414365,0.19217,0.1810888206999971,0.1699,0.15856,0.14748,0.13834,0.12938,0.12225,0.11514,0.10924,0.10389548652782395
22-01-2026 15:15,25297.45,0.13466,0.12452,0.11841224043373179,0.11152,0.10988,0.10975,0.1145032148797529,0.11937678995181983,0.12425,0.13058,0.13911001577485857,0.14773593731931972,0.15682510841664749,0.16649,0.22878942966300972,0.21493113235536102,0.20198,0.18929,0.17799378631257842,0.16658,0.1554,0.14371,0.13436837728287948,0.12415,0.11671,0.10891,0.10236,0.09474
22-01-2026 15:20,25308.25,0.13646180802040397,0.12651,0.11843,0.11297,0.11042,0.10944,0.11139,0.11523,0.12287,0.13076432036742774,0.13797,0.1464,0.1556793232043186,0.16518,0.22618,0.21531,0.20351990021310357,0.19178,0.17973,0.1685104283236532,0.15725484374395582,0.14589,0.13596,0.12591,0.11820500005064716,0.10996,0.10303,0.09568
22-01-2026 15:25,25314.1,0.12442642026154531,0.11770695325256766,0.11280087696671356,0.10975,0.10985180080574228,0.11037065345914943,0.1098,0.11542087321567357,0.12195115978690613,0.12859,0.13684,0.14746,0.15700299658946373,0.16634,0.22564533296543282,0.21422,0.20312,0.19093043450366803,0.17871,0.16727829264381228,0.15573,0.14379,0.13443974217619148,0.12491663896176941,0.11524,0.10856,0.10267,0.097924002288645
23-01-2026 09:15,25292.15,0.11931,0.11649,0.11509,0.11512313065449575,0.11418,0.11547,0.11955,0.12571748356326579,0.13533237693916017,0.1443611369987151,0.15366360854585537,0.16371696818748058,0.17459,0.18848962645732498,0.24477,0.23396,0.22297,0.21066788199849001,0.19842133348133273,0.18608852843775503,0.17365,0.16193,0.15213,0.14322,0.13578,0.13011,0.12536,0.12142
23-01-2026 09:20,25265.75,0.15631,0.14353,0.13315,0.12922903016192072,0.1228,0.12116,0.12231,0.12772,0.13584,0.14465,0.1548739087200456,0.16482,0.1747666562575014,0.18469,0.24396,0.23252211640152148,0.22085,0.2079,0.19492,0.18248,0.17028006098279963,0.15801145220839508,0.14538,0.13438,0.12516,0.11665,0.10902,0.10213188785364266
23-01-2026 09:25,25330.85,0.12813,0.12132,0.11486,0.11163,0.10964,0.10946,0.11183,0.11716,0.12666818896893814,0.13634896874118668,0.14631115936672673,0.15603,0.16655586379743142,0.17721,0.2537573866210233,0.24198,0.23026,0.21748,0.2051,0.19247,0.1795,0.16666,0.15364,0.1427,0.13305,0.12516,0.11848,0.11301661887121613
23-01-2026 09:30,25330.3,0.1073110038296745,0.10461,0.10322113109584052,0.10229,0.10288,0.10443,0.10828,0.11533,0.12474,0.1352,0.14612,0.15669278728932445,0.16717,0.17867,0.25374,0.24171832454185752,0.229618266310822,0.21749,0.2051,0.19356,0.1822404362724944,0.1708163458999685,0.15956460325405106,0.14871970540615,0.13837,0.13182675286012357,0.12593,0.12103169282794982
23-01-2026 09:35,25299.45,0.12453,0.11639,0.11166,0.1102449815581147,0.10737,0.10758,0.11121,0.12057051860972345,0.12835,0.13938914504379446,0.14951,0.16119,0.17159,0.18236,0.25024,0.23826475807548958,0.22614855716757098,0.21401,0.20141,0.18963,0.17715889924464942,0.16441,0.15234,0.14161,0.13315,0.12488,0.1189,0.11226
23-01-2026 09:40,25299.95,0.11211,0.10773,0.1069972822597858,0.1059983747091817,0.10436,0.1056,0.10957,0.11735,0.128000855784606,0.13748,0.14902435044686274,0.16018,0.171,0.1817,0.25295,0.24189,0.22915,0.21597,0.20356,0.19183,0.17915,0.16771626983925586,0.15541,0.14677122199865278,0.13685,0.12948,0.12378,0.11808
23-01-2026 09:45,25269.0,0.13505,0.12568,0.11863,0.11398,0.11201,0.11176,0.11522,0.12257,0.13271,0.1435084555090549,0.15413,0.16456541506450745,0.17498715644542284,0.18534,0.24748,0.2354401019629345,0.22327,0.21013976937243106,0.19701,0.1846924783782442,0.17224,0.15981,0.14748,0.13673,0.1287797261769561,0.12040130353389483,0.11206,0.10445
23-01-2026 09:50,25300.7,0.10865796238442275,0.10403599471530198,0.10102,0.09972,0.10033,0.10557483935929886,0.11094747830435747,0.11544,0.12655,0.13787921658711447,0.14907,0.16072,0.16983,0.18175,0.2500430875419941,0.23831699572788131,0.22641,0.21445,0.20225445878345666,0.19005,0.17782928528798725,0.16533,0.15422,0.14538115805580437,0.13561,0.12812,0.12267,0.11716
23-01-2026 09:55,25284.3,0.12120584578455533,0.11467,0.11030578089920946,0.10683,0.10583,0.10947600518533557,0.11068,0.11894,0.1295,0.14041,0.15111,0.161941086130989,0.17282,0.1837627321210391,0.24937887142321127,0.23659,0.22362,0.21121,0.1985310360071691,0.18583,0.17265,0.16037,0.14893,0.13825,0.1304580119895894,0.12193,0.11541078968721477,0.10906
23-01-2026 10:00,25294.9,0.11551,0.10871,0.10436,0.10219,0.10211,0.10508301670209863,0.10796,0.11730996341860007,0.12713979646141899,0.13778365792198954,0.14825,0.1593590025964826,0.17058161678075956,0.18201,0.24879,0.23819,0.22575,0.21331,0.19948,0.18824,0.17501,0.16269,0.15122,0.14180327371779064,0.13134,0.12581,0.11644,0.11059
23-01-2026 10:05,25293.15,0.10517,0.10167,0.09968,0.0982,0.09925,0.10435981129614222,0.10671,0.11611,0.12728,0.13881,0.15036026971935068,0.16201,0.17172,0.18302,0.25027184007904396,0.23745,0.22507,0.21201413933629365,0.19887,0.18769,0.17481,0.16247,0.1518514793037597,0.14012,0.13263701353958285,0.12392,0.11809,0.11261
23-01-2026 10:10,25285.05,0.11052,0.10613665073888712,0.1024,0.10061,0.10304707055081927,0.10313,0.10837,0.11749,0.12893,0.13934,0.1512,0.16203176314357481,0.17293,0.18352,0.24948154057223515,0.2364,0.22385990448861354,0.2111,0.19732,0.18653,0.17375382382089122,0.16068,0.1499769987393481,0.13838,0.13049902673850383,0.12203,0.11586,0.11047905886436116
23-01-2026 10:15,25283.3,0.09813,0.0969,0.09643,0.09644,0.09796,0.10346520298784821,0.10741,0.11897209618776626,0.12976604118928495,0.1408,0.15197,0.16357,0.17414898262070208,0.18454,0.24748,0.23625,0.22383,0.2114,0.19799,0.18669,0.17432,0.16229,0.15133,0.14292383149452353,0.13319,0.12637,0.12096,0.1163
23-01-2026 10:20,25261.25,0.11266,0.10693,0.10368,0.10196,0.10212,0.10835658348240305,0.11455377695260682,0.11993,0.13215,0.14352635429593874,0.15483,0.16683,0.17642,0.1861052885046799,0.24452,0.23264,0.21969,0.20778,0.19476,0.18301,0.16998,0.15745,0.14593,0.13537,0.12714,0.11906,0.11292,0.10675
23-01-2026 10:25,25266.4,0.12923,0.12084,0.11541089178611227,0.10906,0.10989607605469882,0.10733,0.11143,0.12046,0.13189710463151724,0.14234,0.15368,0.1651,0.17515,0.18488,0.24818731442155026,0.23405,0.21999,0.20768,0.19478,0.1828,0.1698006823754838,0.15649,0.1449538291344738,0.13273,0.12314,0.1146,0.10711103809901587,0.10064046519417061
23-01-2026 10:30,25303.15,0.11532,0.10978,0.10509,0.10165,0.10087,0.10216,0.10624,0.11495,0.12659,0.13721,0.14849545492418398,0.15988,0.1699764028979936,0.17992,0.24986,0.23875,0.22534,0.21302810461820243,0.20076,0.1885,0.17521232549937943,0.16166,0.15024349291029998,0.13819,0.12852,0.12052316984560646,0.11289,0.10658586867890008
23-01-2026 10:35,25313.0,0.10599,0.10186,0.09907,0.09747,0.09982378406643634,0.0994,0.10381,0.11312,0.12386,0.13501,0.14694,0.15955,0.16936,0.18005,0.252,0.24023,0.22769826722146166,0.21509959736232165,0.20243606886483653,0.1897096856592282,0.17706,0.1643989338494484,0.15175,0.14111,0.13216,0.12427813132347018,0.11661,0.11007845684307646
23-01-2026 10:40,25297.7,0.11135,0.10625197707769984,0.10164,0.09885,0.09857,0.10014,0.10827866938944525,0.11392,0.12568,0.1366,0.14834,0.16081,0.17098,0.18154,0.24998,0.23817,0.22554364537937405,0.21299,0.20011,0.18746902761368822,0.17474,0.16203,0.15100900211518384,0.13919,0.13065003624142063,0.12116,0.11415,0.10767
23-01-2026 10:45,25297.35,0.09647109638962509,0.0961,0.09449,0.09374,0.09458,0.09708,0.10329,0.11456111719085155,0.12549243848583272,0.13631,0.1480496731041259,0.15986,0.1714714683612155,0.18321557860591997,0.25003,0.23822,0.22587,0.2132170865128279,0.20057,0.18858,0.17634,0.16313,0.15174,0.14097,0.13279702173080027,0.12401,0.11728,0.1114629126237077
23-01-2026 10:50,25284.35,0.10814701379655008,0.10308,0.10008004182756355,0.09792,0.09777,0.10256493804743383,0.10539,0.11485,0.12655,0.13792,0.14880043360208084,0.15974275279523173,0.1705810153924785,0.1813,0.24965,0.23713231062063655,0.22462,0.21215,0.19953,0.18702,0.17404,0.16081,0.14871,0.13728,0.12794,0.12039126125200275,0.11228,0.10575
23-01-2026 10:55,25278.2,0.11094,0.105,0.10087,0.09864,0.09843,0.10062,0.1063,0.11618,0.12824,0.1389,0.15049788154664678,0.16219,0.172,0.18298,0.24967495243035792,0.23687,0.22413218724604167,0.21133,0.19828,0.18614,0.17283,0.15906,0.1478222921553896,0.1357,0.12612,0.11842336328002352,0.1103,0.10344
23-01-2026 11:00,25279.7,0.09949,0.09668,0.09594904146952281,0.09447,0.09556,0.09858,0.1079166535133674,0.11571,0.12772,0.13958900217498854,0.15124,0.16314,0.1738,0.1836,0.24788,0.23718,0.2236,0.21164,0.19899,0.18645,0.17314,0.15991,0.14826,0.13761,0.12834,0.12056,0.11372,0.10798919980505232
23-01-2026 11:05,25270.35,0.11142,0.10533,0.10125,0.09914,0.10304460774562194,0.10609692664667186,0.10775,0.11755,0.12923,0.1409023294124576,0.15245153126420646,0.16401,0.17519,0.1863018091329702,0.24668,0.23478,0.22181,0.2094,0.19667167536238134,0.184,0.17078,0.15826554308988544,0.14516,0.13386,0.12443,0.1159,0.10893,0.10227
23-01-2026 11:10,25281.6,0.10635,0.1018868048348369,0.09802,0.09604,0.09709,0.09969,0.10605,0.11605,0.12821,0.13898,0.15055040358708371,0.1621345659867992,0.17368,0.1835,0.24835,0.23587,0.22301497179552443,0.2101499657143566,0.19733,0.18506,0.17165,0.1587,0.1462,0.13463,0.12497,0.11648,0.10931,0.10249
23-01-2026 11:15,25277.8,0.09535,0.0948596800337147,0.09475584833773007,0.09479255833634545,0.0938,0.09918905410787104,0.10508,0.1156,0.12818,0.1392,0.15124,0.16235535446367136,0.17365,0.18335,0.24587,0.23482,0.22086,0.20872,0.19650976504010004,0.18418,0.17177,0.15952,0.14744,0.13673,0.12911690774032747,0.12101098945200313,0.11301,0.10725
23-01-2026 11:20,25261.05,0.11031,0.10344,0.09958,0.09768,0.09885,0.10159,0.10799,0.11835,0.13045554714015256,0.14178,0.15327,0.16432431207936526,0.17543,0.18648,0.24753049417507567,0.23374,0.2202,0.20734729103037797,0.19441,0.18205,0.1693609686106033,0.15658,0.14398,0.13423656342774842,0.12427135897939934,0.11444,0.10707,0.10058048812434267
23-01-2026 11:25,25270.95,0.10763369596330606,0.10164,0.09754,0.09611,0.09717,0.10005,0.10970714867902766,0.11709,0.12867,0.14035,0.15238,0.16421,0.17630563800975232,0.18820367685506725,0.24560348149379832,0.23371728611552395,0.22117,0.20887,0.19554,0.18289628236602146,0.17018,0.15771,0.14458,0.13327,0.12294,0.11499968849754752,0.10649,0.09934
23-01-2026 11:30,25274.7,0.09177,0.08955,0.09094397423334682,0.09219361976018829,0.0926,0.09732,0.10684771083278108,0.11568,0.12781777166881728,0.13943,0.1512812504568759,0.16318,0.17403770817984054,0.18476,0.24712,0.23528,0.2218,0.20902,0.19618,0.18467,0.17181,0.15975,0.14731,0.13778063122337758,0.1278,0.12097054778591582,0.11380831669613788,0.10746
23-01-2026 11:35,25252.0,0.0935,0.09162,0.09260708830527742,0.09228,0.09519,0.10037,0.10855,0.12019397418262082,0.13185564140843548,0.14363465801827333,0.15529,0.16644675460554426,0.17758,0.18871,0.24268,0.23094,0.21788117264120915,0.20479,0.19155,0.18014,0.16828,0.15635,0.14542,0.13578,0.12799,0.12181337364072617,0.11509,0.11053
23-01-2026 11:40,25221.8,0.10092,0.09850904113186348,0.09666,0.0996369191298649,0.10061,0.1087915228083117,0.11556,0.12721,0.13961,0.15127381058206144,0.16314,0.17356191664982332,0.18383,0.19337594153686355,0.23925,0.22678549544960946,0.21433,0.20188,0.18882,0.17649060291367422,0.16385,0.15167,0.14043,0.13085,0.12271,0.11640003425388243,0.10956,0.10438
23-01-2026 11:45,25210.75,0.09618,0.09673135371572722,0.09747,0.09935,0.10373,0.10955,0.11906,0.13073,0.1424,0.1538107133714673,0.16531,0.1758327551470537,0.1864208880327554,0.19675,0.23574,0.22526,0.21187362331152867,0.1984,0.18638,0.17499,0.16393,0.15306,0.14354,0.13564,0.12815,0.12247,0.11882,0.11379
23-01-2026 11:50,25193.45,0.11117,0.1073,0.10858113439762011,0.10959402410455227,0.1085,0.11569515820617306,0.12208,0.13307,0.14486,0.1561,0.16703,0.1771572076799137,0.18736,0.19852,0.2340634487351086,0.22105,0.20822,0.1950441333268228,0.18169,0.16945,0.15821,0.14747781494548654,0.13596,0.12681,0.11883,0.11236,0.10684,0.10173
23-01-2026 11:55,25208.4,0.10773,0.10369,0.1022,0.10292,0.10575,0.1139124886224998,0.11979,0.1304,0.14257,0.15349,0.16433165087066573,0.17532,0.18533,0.1951232007066506,0.23561,0.22389,0.21046,0.1977315861748996,0.18489,0.17183,0.16035,0.14834,0.13744,0.12787,0.12074032069250606,0.11298,0.10728,0.10241602414657563
23-01-2026 12:00,25209.75,0.10828502554489,0.10481,0.10303,0.10346,0.10797782603356612,0.11101,0.12197792754397999,0.13224781168954347,0.14275,0.15335,0.16428,0.1752,0.18625255560818607,0.19734564226166398,0.23589,0.22329837581215653,0.21065057440907448,0.198,0.18517,0.1725279239231466,0.15967,0.1473,0.13627,0.1266,0.11928462773997306,0.11104,0.10492,0.09911
23-01-2026 12:05,25207.8,0.09717,0.097870230610552,0.09899519844946836,0.09955,0.10375,0.10947,0.11933,0.13061,0.14312,0.1545,0.16511,0.17556,0.18680676230976323,0.1982,0.2345388902230892,0.22209,0.20971846179140516,0.19729,0.18451,0.17225,0.1607,0.14862,0.1398632329829782,0.12999,0.12296,0.11795404157593055,0.11247,0.10886
23-01-2026 12:10,25190.3,0.10602,0.10311,0.10236,0.10609456245901105,0.10765,0.11614416830821386,0.12261,0.13353,0.14595,0.15725,0.16788011453421847,0.17872,0.18877,0.1985311327046881,0.2295963263455483,0.21843295416419686,0.2066481361908104,0.1943,0.18239,0.16962,0.15765,0.14576,0.13523,0.12612,0.11846,0.11226,0.10705585774787002,0.1021
23-01-2026 12:15,25193.1,0.12044,0.11324,0.1091,0.11127961935283848,0.11003,0.1141,0.12241,0.13313,0.14523,0.15604566147627852,0.16696,0.17740519832592072,0.18781,0.19794396654126659,0.23385,0.22083,0.20803,0.19529,0.18201,0.16936,0.15689,0.14393,0.13247,0.12203,0.11306,0.10491,0.09748,0.09034
23-01-2026 12:20,25216.55,0.09906240301736208,0.09816062974400497,0.09834742385168582,0.09993,0.10351,0.10881,0.1198048348821577,0.13076903703318316,0.14159,0.15285323472659668,0.16402,0.17452,0.18521,0.19563736304715368,0.23652,0.22488,0.2115,0.19831,0.1859721548614411,0.17343,0.16068,0.14935737613367267,0.13724,0.12774,0.11932,0.11244,0.10652,0.10192
23-01-2026 12:25,25202.7,0.10902,0.10505,0.10529039773304827,0.10354,0.10849481743221773,0.11111,0.1202,0.13111,0.14351,0.15435,0.1652,0.1766,0.18779822279509312,0.1993985849323854,0.23468,0.22237,0.20902,0.19636,0.1836,0.17102225752801475,0.15822,0.14706354684042333,0.13568520350992247,0.12424,0.11559,0.10884338137235533,0.10184,0.09596
23-01-2026 12:30,25205.2,0.10924,0.10449,0.10241,0.10351,0.10831856242789459,0.11118,0.12027,0.13189729657456228,0.14318,0.15426121941123866,0.16527283032660287,0.17632,0.18762,0.19829,0.23561478305551445,0.22218,0.20888,0.19627247905161915,0.18368072021571527,0.17105,0.15802,0.14589896466535537,0.13319,0.12291,0.11407,0.10656,0.09979,0.09399808822461743
23-01-2026 12:35,25205.5,0.11402,0.1085223813050114,0.10454,0.10462,0.10685,0.1115,0.12027,0.13105,0.14285,0.15388517518924658,0.16493,0.17635,0.18638,0.19688,0.23527,0.22295,0.20959,0.19662941473921042,0.1837432309287465,0.17078,0.15828363430135667,0.1457160992752818,0.13307,0.12233,0.11291,0.10468,0.09735,0.09089927718282434
23-01-2026 12:40,25211.7,0.11514,0.10955564490788242,0.10518,0.10722620880434863,0.10666,0.11088,0.11947,0.12981,0.14194,0.15277,0.16384517405767507,0.17497,0.18622,0.19683,0.23403,0.22129,0.20819,0.19528,0.18287,0.17019,0.15677,0.14483315643161818,0.1328284785681642,0.12064,0.11144,0.10358262007585169,0.09605,0.08980847700875838
23-01-2026 12:45,25238.75,0.09531,0.09378618314212259,0.09274,0.09478,0.09861,0.10603030508820122,0.11331,0.12472892380665015,0.13571256221149572,0.14717960650212647,0.15868,0.17112,0.18118,0.19242,0.23564907571280708,0.22358546561358777,0.2115,0.19929,0.18696,0.1748,0.16178,0.14858,0.13853762515935147,0.12777,0.12074273700679786,0.11306209095040592,0.10566,0.10053
23-01-2026 12:50,25208.05,0.11818,0.11093361035296287,0.10589,0.10944835416946011,0.11383742372230471,0.11864461684999975,0.12366981425917019,0.12907,0.1399440824368484,0.15177,0.16340283522701562,0.17508,0.18598125014101424,0.19678,0.23647956345593812,0.22280660141541567,0.2095306479017286,0.19651,0.18341,0.17058,0.157327165950643,0.14407620278110228,0.13085,0.11971,0.11082431187039307,0.10191787726691234,0.09341578371718157,0.0855
23-01-2026 12:55,25226.8,0.09191,0.09074,0.0930305835716764,0.09436,0.1006582006321068,0.10493,0.1164501500097199,0.12694,0.13837,0.15025,0.16205,0.17308766163267958,0.18415351842156852,0.19498,0.23641,0.22369,0.21182,0.20039,0.1871512742840793,0.17405334259255573,0.16074,0.14707,0.13576,0.12571,0.11721,0.10981,0.10391,0.09895
23-01-2026 13:00,25191.8,0.10732,0.10216,0.10054,0.10197,0.10559,0.11433585141463412,0.12128,0.13301,0.1446548755928421,0.15608,0.16683,0.17777727501880813,0.18873,0.19995,0.23239,0.22018,0.20746,0.19582,0.18204,0.16979,0.15628,0.14286,0.13142,0.1209,0.11199,0.10455129003914948,0.0969861612237557,0.08989
23-01-2026 13:05,25191.25,0.10384228215846301,0.10077,0.09948,0.10124,0.10514,0.11102,0.12143,0.13358703178012582,0.14478,0.15664,0.16748,0.17944,0.19018,0.20155,0.23105381145619422,0.21953,0.20747,0.19582,0.18203,0.17015,0.15659,0.14283,0.13138,0.12085,0.1118,0.10440311277863384,0.0965,0.09041
23-01-2026 13:10,25194.95,0.10157,0.09802,0.09731,0.09991,0.10395,0.1104,0.12180902623490167,0.13295116964808174,0.14443382012804662,0.15573,0.167,0.17842,0.18909,0.20112,0.23759127795103088,0.22404345026414754,0.21048424510217623,0.19686375371733889,0.18311,0.16964,0.15624,0.14236,0.13117,0.12244346121162006,0.11321210240623092,0.1041,0.09747,0.0916895498951977
23-01-2026 13:15,25171.1,0.09055045847340894,0.09254341304400868,0.0962,0.101,0.10849261230864427,0.11552,0.12639,0.13814915586758644,0.1495954537922695,0.1611,0.17255,0.18417,0.1951270597376476,0.20596,0.22737008412506074,0.21619,0.20472,0.19249,0.1796810923306141,0.16678,0.1547495066778597,0.14203,0.13153,0.12279,0.1152,0.10933,0.10496,0.10098
23-01-2026 13:20,25141.7,0.09918,0.10042,0.10271,0.10734,0.11295,0.12321470401563224,0.13196,0.14377,0.1549,0.16568,0.17712782851204567,0.18856,0.19941,0.21025529248496996,0.22429,0.21339,0.2011,0.18918,0.17629586585232998,0.16335,0.15068,0.1396,0.12972,0.12305758578314394,0.11582561556597107,0.10861,0.10422,0.09779
23-01-2026 13:25,25138.55,0.09959,0.09975,0.10394015903308149,0.10753,0.1139,0.12191,0.13279,0.14464,0.15683,0.16747,0.179,0.19071,0.20056,0.21212,0.22394,0.21174,0.20072,0.18749060782299687,0.17434,0.1622,0.14993,0.13931666760356543,0.12773,0.1206720534983644,0.11245,0.10677,0.10271204249542903,0.09899
23-01-2026 13:30,25095.3,0.10352,0.10563,0.11063254949415577,0.11503,0.12248,0.13283134626563098,0.1424,0.15439,0.16592463459520063,0.1774,0.18879673019988952,0.20028,0.21161,0.2223,0.22468,0.21272,0.20148,0.18886,0.17617,0.16462,0.15373,0.1436,0.13633469852007057,0.13197032180319412,0.1268815452517634,0.12187273670718071,0.11764115401370728,0.11441
23-01-2026 13:35,25072.05,0.10627,0.10742,0.11133,0.11663,0.12523926653924522,0.13282,0.14432726296509435,0.15568,0.1671204001819593,0.1785565439073527,0.1899121529505318,0.20123,0.21156,0.2217162623934704,0.22141,0.20877811941792918,0.19618,0.18390792570858297,0.1715,0.15941,0.14895726215516192,0.13777,0.12862,0.12121,0.11527,0.11149473013709066,0.10719,0.10371
23-01-2026 13:40,25076.35,0.1005,0.10382,0.10953,0.11588,0.12411,0.13514715038323605,0.14570151039935214,0.15623,0.16833,0.17852,0.19002,0.2008274790170564,0.21165,0.2226,0.2251,0.2130242712871933,0.20101,0.18915,0.17594,0.16462,0.15405,0.14446,0.13745049597577552,0.12982,0.12428,0.11958469205811303,0.11596128067901174,0.11334532491314243
23-01-2026 13:45,25053.0,0.11187,0.11404953562274645,0.11669,0.12201,0.12927,0.13836,0.14889,0.16014,0.17213,0.1830833025044325,0.1941,0.20520279571374594,0.21633,0.2274283536465842,0.22757042192462534,0.21129320145936323,0.1959989864410834,0.18173,0.16826,0.15582,0.14497,0.13659075620465896,0.12783975426459698,0.11951520085733155,0.11116,0.10602,0.10171437381223486,0.09759
23-01-2026 13:50,25055.05,0.10944598052590597,0.11255,0.11691,0.12263,0.12998,0.13922,0.14982,0.16105,0.17246042174616627,0.18389535308732985,0.1952634017826408,0.20664,0.21760107120874778,0.22849,0.22043,0.20712,0.19464016100494008,0.18212,0.16866,0.15651,0.14516,0.13564285998793058,0.12498,0.11719,0.11063,0.10486,0.10082,0.09752693683240246
23-01-2026 13:55,25054.0,0.11090460741444222,0.11334,0.11778431670694983,0.12340273234614853,0.12874,0.138804785991227,0.14907612830893552,0.15952,0.17036,0.18221,0.19365,0.20479,0.21605792737119617,0.2269624445623079,0.21977,0.2081,0.19563,0.18322,0.1706,0.15865,0.14751,0.13711,0.1281,0.12067,0.11411,0.10903,0.1056,0.10223
23-01-2026 14:00,25054.2,0.11441,0.11694891408083102,0.12053790804081069,0.12476721505051494,0.12875,0.13712,0.14782798910162395,0.15856818442214485,0.1693,0.18057,0.19126,0.20226922047986778,0.21334,0.22331,0.21929,0.20717,0.19529,0.18134,0.16935458073237963,0.1572588790047439,0.1454903426220629,0.1335,0.12424,0.1165,0.11054796123772181,0.10398,0.09874,0.09436
23-01-2026 14:05,25065.1,0.11171,0.11208,0.11495,0.11976,0.1261,0.13483,0.14508,0.15631,0.16766,0.17854,0.18921,0.2005289074763255,0.21187,0.22187,0.22034,0.20887,0.19703,0.18391,0.17104690524707125,0.15778,0.14684051524158248,0.13499,0.12562,0.11815,0.11221004050971578,0.10558,0.10159,0.09656
23-01-2026 14:10,25058.25,0.11362,0.11404,0.11716,0.1215,0.12778,0.13803482832201341,0.14804861314316628,0.15781,0.16904829229940666,0.1801,0.19032,0.20165,0.21262927191155853,0.22400389526577535,0.22067,0.20872140709681972,0.19652,0.18292,0.16945,0.15701,0.14502,0.13546306016390372,0.1254949159922524,0.11525,0.10969,0.10308,0.09849,0.09298
23-01-2026 14:15,25090.65,0.09978,0.10291,0.1086341008292489,0.11374,0.12098,0.12996,0.1401,0.15103,0.16303,0.17347,0.18454,0.1956138354415372,0.20666557514605893,0.21772,0.22608,0.2139,0.20107,0.18844,0.17591806825312434,0.16301,0.15186,0.14235189601076148,0.13175,0.12436,0.11926,0.11535,0.11377054463109236,0.11247
23-01-2026 14:20,25059.65,0.10638,0.10812,0.11318727878648172,0.11766,0.12627230625996222,0.13389,0.14507622564131878,0.15581,0.16683616211985186,0.17783,0.18819,0.19926,0.21015028804080801,0.22152067645419943,0.22341,0.21041,0.19825,0.18512172460235166,0.17186,0.15965,0.1485848134772638,0.13705,0.12795,0.12268646594303528,0.11689028035370973,0.11106,0.10765,0.10473
23-01-2026 14:25,25049.75,0.11075677360289837,0.11518,0.11749,0.12267376369976031,0.12738,0.13461,0.14474513647345674,0.15513,0.16556539897732087,0.17665291868779515,0.18755481022299264,0.1984648572725881,0.2094643201309693,0.22056,0.22269114982793997,0.20828941213760224,0.19409,0.1802,0.16690957441282095,0.15341,0.14210036335050616,0.13053095026073952,0.11907,0.11017,0.1034251132536801,0.09657450973368202,0.08975,0.08191
23-01-2026 14:30,25077.85,0.10891735607405417,0.11027,0.11321,0.11741,0.12632549172386437,0.13505548336977624,0.14348,0.15363,0.16489,0.1743,0.18560303967669828,0.19678,0.20853,0.2183,0.22389,0.2109921245748235,0.19796,0.1842,0.17068,0.15744,0.14487,0.13241,0.12349973963469803,0.11309,0.10574,0.09974,0.0941,0.08855
23-01-2026 14:35,25087.05,0.1078,0.10743,0.11176097952558428,0.11686725196141146,0.1230064930748603,0.129,0.13877000311542748,0.14917356436004037,0.1601986092567913,0.17109,0.18275,0.1943086527369814,0.20595,0.21554,0.23400026693359383,0.21677376021793515,0.2004103510210432,0.18482,0.1709321240606117,0.15737,0.14595586169521046,0.1345655200290981,0.12292,0.11579562122303205,0.10799,0.10227,0.09782,0.0929
23-01-2026 14:40,25094.55,0.10254983994048872,0.1053,0.10947,0.11466,0.12255,0.13277247195690217,0.14253133390772738,0.15227,0.16277,0.17191,0.18385,0.19511,0.20602356515908515,0.2169,0.22589,0.2130141799058879,0.20016,0.18735,0.17383,0.16172109459537565,0.1495598681468496,0.13695,0.12586,0.11704,0.11101,0.10538,0.10157137561805499,0.0988215751832896
23-01-2026 14:45,25081.45,0.10176,0.10398,0.10933510676377486,0.11413,0.12380322545202424,0.13310180430853513,0.14255,0.15294,0.1631485825503249,0.17305,0.18490627672113874,0.19652,0.20829,0.21885,0.2247,0.20978,0.19875,0.18541,0.17329,0.1604,0.14973079835899084,0.13823,0.12811,0.12196161502354838,0.11468,0.11013,0.10692,0.10494786165896755
23-01-2026 14:50,25059.3,0.11256992477924391,0.11392609191095351,0.11717,0.12226461258294684,0.12789,0.13662,0.14639,0.15629,0.16695,0.17790088897120854,0.18874,0.19922,0.21018,0.22051,0.21771442718233847,0.20545,0.19303,0.18035,0.16728,0.15404,0.14196,0.13087037899943557,0.11889,0.10969,0.10370871584293223,0.09703,0.0915,0.08374
23-01-2026 14:55,25096.0,0.10307528015323014,0.10472,0.10853812233534044,0.11268,0.12126765374666137,0.12927,0.13943,0.1502621117693712,0.16087,0.17099,0.18277852574204395,0.19457,0.20503,0.21545,0.2218663506088281,0.21000867265932077,0.19757,0.18516,0.17236,0.15908,0.1474976834342338,0.13503,0.12398,0.11532,0.10926,0.10437,0.10001,0.09741
23-01-2026 15:00,25071.15,0.10632,0.10791,0.11251,0.11727,0.12556,0.13521,0.14672662008299872,0.15761,0.16824,0.17934,0.1912,0.20287,0.21362817626258918,0.22422,0.22224,0.2101467018429798,0.19792,0.18471056664144372,0.17151,0.15921949871664404,0.14663,0.13665827571466288,0.1263802121129221,0.11609,0.11005,0.10618,0.10388713680291481,0.10350398197735877
23-01-2026 15:05,25059.0,0.1009,0.10433,0.10951,0.11488,0.12411,0.13455,0.14715,0.15877,0.17062,0.1813,0.19304481236445115,0.20477,0.21637,0.22744,0.22103025623537473,0.20812041735616915,0.19568,0.18348,0.17207,0.16041,0.15012,0.13935,0.13024,0.12326,0.12072688366163009,0.11648,0.11517,0.11593
23-01-2026 15:10,25045.6,0.11203580618297097,0.11281785202258539,0.11676,0.1215,0.13029,0.14096275214981085,0.15104,0.16104,0.17246,0.18371952338630143,0.1950023397030698,0.20611646600538164,0.21719,0.22664,0.21926239944650325,0.20548,0.19287737874450486,0.18023,0.16745090908015642,0.15451,0.14377,0.13176,0.12323890653790412,0.11352,0.10779,0.10344,0.0997471160698131,0.09623
23-01-2026 15:15,25061.1,0.10403,0.10756,0.11216,0.11735,0.12658,0.1366,0.14719,0.15763,0.16971,0.18027,0.19149,0.20296,0.21502,0.22596,0.22229,0.20842,0.19569,0.18221551107594358,0.16871588478649718,0.15498,0.14334,0.13215,0.12057,0.11286,0.10961,0.1063,0.10405337050488205,0.1021
23-01-2026 15:20,25040.65,0.1146,0.11616,0.12157713230102203,0.12762988348565288,0.13309,0.1432552437741832,0.15303,0.1640103959464435,0.17486,0.18481,0.19654450545831317,0.20832,0.21874284739221214,0.22899,0.22065622574958227,0.20686675002404428,0.19313,0.17961,0.1662,0.15292,0.14013,0.12789,0.11618,0.10749,0.10295631093126846,0.0991,0.0983053463313489,0.10012424401071356
23-01-2026 15:25,25049.65,0.10887,0.11147,0.11604,0.12176,0.13109,0.1417650427341448,0.15154,0.16182,0.17314,0.18434,0.19727,0.20814,0.2205,0.22986,0.21958,0.20286,0.19008,0.17739079131886748,0.16433,0.15096,0.13995,0.12940862712963508,0.11862247049913496,0.10726,0.10175,0.09947,0.09448,0.08977
27-01-2026 09:15,25113.05,0.27499,0.30202,0.32281,0.35572051514630143,0.38461,0.42786,0.47824,0.5258218687197889,0.5730383386178661,0.62043,0.6653610295011853,0.70998,0.7535091293978112,0.7961297750935552,0.80455,0.75263,0.7013594622689361,0.64961,0.59775,0.5573284402402356,0.51257,0.4935147398597495,0.46589,0.47534017012623053,0.47357,0.49258,0.51278,0.5400203847843551
27-01-2026 09:20,24981.3,0.37173,0.38093,0.4110114170152931,0.4448957780434316,0.48224712287798444,0.5208862836679213,0.55918,0.6092115715300183,0.6609,0.7107005225336411,0.76109,0.8053927215759158,0.84893,0.8895579571820053,0.722,0.67056,0.63579,0.5840164489875308,0.5322534586046601,0.47801,0.438842535262741,0.39554,0.37825,0.3773,0.38901,0.4012329600104324,0.41378,0.44343907698589663
27-01-2026 09:25,24940.7,0.40036929144033184,0.41457,0.42548,0.45997538298648466,0.4958,0.5435723972859309,0.5901653136524287,0.6382624659006548,0.6864,0.73837,0.7851755057824528,0.83239,0.877,0.9212381965578507,0.70051,0.6546306341220524,0.60735,0.55241,0.5018,0.4528,0.42025727169707794,0.38646125611482574,0.3562142313194388,0.32686,0.31814069127965283,0.31138,0.31059288585351136,0.3180605635788973
27-01-2026 09:30,24944.4,0.43418,0.43019,0.45241119804417274,0.47821482474624677,0.5086506179052939,0.53966,0.5855921465634619,0.6362076318248397,0.6888960538171369,0.7419947115532622,0.79262,0.83608,0.8801464437828703,0.92433,0.69697,0.65541,0.61709,0.5627291464220086,0.51004,0.45156,0.4071857879516108,0.3621633996515221,0.31876,0.30027,0.27657534007647444,0.25232036398753094,0.23261,0.15552
27-01-2026 09:35,25018.3,0.4495,0.42747,0.44309224706182615,0.46810366811963317,0.4935526357167249,0.5197475821267391,0.5431167462609395,0.57595,0.62223,0.67629,0.7224979019996483,0.77034,0.81264,0.85271,0.7414134416992388,0.69537,0.64737,0.60076,0.54814,0.5044212277017653,0.45722840654441055,0.4112945758092516,0.3676669203640464,0.32039,0.29276,0.26448,0.22211,0.12637
27-01-2026 09:40,25090.85,0.44163951213304864,0.4042293034214062,0.39014,0.38476,0.40993,0.45242235507251394,0.48925,0.53745,0.5872397020226752,0.63655,0.68678,0.7277042790736117,0.76941,0.81462,0.7908209230364864,0.74443,0.6968687212058391,0.64951,0.60292,0.55029,0.502413991502516,0.45308,0.40468,0.36501,0.333,0.3051710625399031,0.2853202518755183,0.2725960657806854
27-01-2026 09:45,25142.05,0.36816,0.34955,0.35115095345824116,0.34272,0.3747358134802089,0.40126,0.44912401346053754,0.49461,0.5423121868692198,0.59015,0.6393610582621361,0.6886897819846868,0.7383257714467296,0.7884016621305917,0.8176068754680212,0.7704759212987377,0.7232031375929548,0.6754,0.6291239699766654,0.58196,0.52995,0.4844870741380308,0.43571,0.40816971668665625,0.3768,0.35236,0.3236419173263526,0.29811524448372123
27-01-2026 09:50,25142.45,0.33835064772520634,0.32030622268429243,0.31992,0.32756,0.35831,0.39611,0.44871,0.50094,0.5511550748717048,0.6010905670692173,0.65191,0.6966327963930422,0.74216,0.78114,0.8233978212815125,0.77273,0.72082,0.6732835702812687,0.6258528003157369,0.5789160749517042,0.53176,0.4850975384679489,0.4405,0.41602262981763466,0.3904009026626044,0.36571613303376804,0.34076,0.30921
27-01-2026 09:55,25130.4,0.3182470417380388,0.31184,0.31403,0.33927315810362946,0.36179,0.4104194268062029,0.45679,0.5093653693353746,0.5610828531955596,0.61344,0.6623555178449774,0.71226,0.75959,0.7934,0.8542128495642489,0.7952912933374358,0.7374458700162776,0.6807611919560561,0.6264,0.5704799020325235,0.516,0.46864,0.42882,0.4111629165424414,0.3910980888322432,0.37073,0.3541897723464235,0.33788
27-01-2026 10:00,25139.8,0.32443,0.32572956622923765,0.32935047187326505,0.32502,0.3636342068390148,0.40375,0.45759428405585034,0.51008,0.56064,0.6097384596583635,0.6588870777407387,0.70756,0.7550204428567441,0.8018598456941828,0.7953155805912969,0.7660001503636674,0.72921317818347,0.6849486579847568,0.633,0.58504,0.52821,0.47811,0.4415279790615596,0.39817,0.37604,0.35656,0.33606,0.31983254419551366
27-01-2026 10:05,25125.85,0.30215,0.3030820829177234,0.30128,0.32297,0.36228,0.41512796864137547,0.46724203912968076,0.51932,0.5719090927328195,0.6242420581788206,0.67629,0.72081,0.762980119681212,0.8017723060853933,0.945042354585296,0.856201383578252,0.774624671669629,0.7003152633630364,0.63328,0.5751898595662512,0.52108,0.4868048727934511,0.4499280862159467,0.4163442143746634,0.38385,0.37058,0.35888,0.33865
27-01-2026 10:10,25088.75,0.4075,0.3785930524034844,0.35823,0.38891570079043836,0.41751581490012557,0.45161035497949265,0.48428,0.53178,0.58393,0.63445,0.6820821278629949,0.73067,0.7829,0.82034,0.81291,0.76659,0.7140393541909074,0.66199,0.6079461284184492,0.55399,0.5019855698274007,0.44858,0.39699,0.36248,0.33273920446511057,0.30168164495846994,0.27156,0.21831
27-01-2026 10:15,25129.65,0.3368108054415495,0.33547189899272484,0.34284991512504215,0.36018,0.38258,0.4248980639598383,0.4686194090002773,0.51171,0.56872,0.6165043253471314,0.66561,0.71362,0.75313,0.79688,0.84848,0.7943354118492357,0.74158,0.69533,0.63808,0.58309,0.5319590304259938,0.47852,0.43107,0.38655,0.35069,0.3145157685195527,0.27834,0.247369326538373
27-01-2026 10:20,25170.2,0.32589,0.3195556380979573,0.3181900767890357,0.31025,0.34257,0.38807,0.44269338753100473,0.49493,0.553,0.59737,0.65279,0.69651,0.74989,0.78886,0.87099,0.8262805930394723,0.78094,0.73318,0.6773864003525725,0.62221,0.56933,0.5194237587209622,0.46946438018659936,0.42046,0.3740182103283109,0.32927312049979507,0.28617734096929975,0.2447037268952164
27-01-2026 10:25,25164.05,0.2578826106714194,0.26218,0.27617,0.30173,0.34283,0.39283,0.44882188339261075,0.50273,0.5547595490994413,0.60586,0.67118,0.7388483015741248,0.8168659810718767,0.9033858434163968,0.87468,0.8241393207320535,0.77342,0.7212541577815104,0.6691743861014127,0.61698,0.5619,0.5252056963965932,0.4945579893102494,0.4628078040584416,0.43259712843194364,0.40389301768598185,0.38081,0.37269
27-01-2026 10:30,25123.35,0.3273,0.31534,0.3317181418180011,0.33808,0.38470569744631833,0.42491,0.48153,0.5342484997809845,0.58658,0.63961,0.6923791349177288,0.7464,0.79521,0.83545,0.8555958680298207,0.803251317261585,0.75078,0.6984182688953837,0.64601,0.5935432286405589,0.54071,0.49048,0.4453715481178099,0.39674,0.36911437954656356,0.33773,0.31402,0.29438364869590555
27-01-2026 10:35,25122.35,0.27622090051722165,0.28598331905621976,0.3076,0.33586,0.37908,0.4330033405419932,0.48624,0.5406811194011021,0.5950638566559217,0.6488835528326476,0.7025,0.74763,0.7880761525419775,0.82755,0.8585,0.80533,0.75652,0.70959,0.65084,0.5974381605695177,0.5439044592440188,0.4937112566304518,0.4435,0.4138779891295681,0.38455130258427983,0.35626,0.33601,0.31486
27-01-2026 10:40,25095.65,0.2381931185410206,0.27705,0.30858,0.34517,0.4015879324735769,0.4572880671034515,0.5135,0.5660175744237385,0.6184870959901078,0.6706038208096622,0.7223551689927088,0.7737123907639561,0.82494,0.87277,0.82604,0.77517,0.7233756719068842,0.6715690917735332,0.6199596944900694,0.56794,0.5188810867421481,0.46905,0.4463830606631982,0.41728,0.41798,0.42719,0.44604,0.47381
27-01-2026 10:45,25027.6,0.33335,0.33817,0.35486,0.4023861326700646,0.44222,0.49912,0.5557,0.61343,0.66951,0.7202782184602814,0.7712979541837333,0.82268,0.8678218881612371,0.91224,0.81134,0.75038,0.697159868761382,0.6439423193919311,0.59084,0.5329134500642985,0.47477,0.42695,0.39529866603763236,0.36296644827944025,0.33006,0.3144636881726819,0.2975,0.26889
27-01-2026 10:50,25020.95,0.275723501303101,0.3311,0.3719325927537579,0.41388,0.47202635997217574,0.5277080722731518,0.58347,0.63393,0.67963,0.74791,0.7967696278791134,0.8468192785593696,0.89024,0.9432219455654111,0.82915,0.7695514004879864,0.710576774234105,0.65159,0.5944915575409973,0.5382,0.49442552248149263,0.4473244421972785,0.4055830463744776,0.36854,0.36669,0.37527,0.39118175012297973,0.40869
27-01-2026 10:55,24997.0,0.3272,0.357920702664734,0.3942726147723782,0.4288,0.4846282485976494,0.53983,0.59563,0.6504787681111183,0.70518,0.76982,0.81506,0.8733,0.9253566562789566,0.9783928808113668,0.8796903302054402,0.7980821493293523,0.7198745700108293,0.64264,0.5830100589872358,0.52396,0.47183749887106746,0.41534,0.37268,0.35504,0.35497,0.36381107648506367,0.3729529757760811,0.3853
27-01-2026 11:00,24984.95,0.27302390680264804,0.3287690264340603,0.38469938924202013,0.44337,0.49355,0.5517355884585181,0.60914,0.66918,0.7194,0.7846,0.8371556480139406,0.8915886727222471,0.9435843172647598,0.99173,0.8247688782248459,0.7605845871003112,0.6978489007067922,0.63595,0.57545,0.5180658509533719,0.45921,0.40189,0.3650484782803963,0.32186,0.31013,0.29312,0.26525,0.201
27-01-2026 11:05,25008.55,0.35938,0.3813945295583092,0.4085096144564864,0.43643,0.4881206472660464,0.5417235863833885,0.5993083940063982,0.65624,0.71909,0.77679,0.8297271429152576,0.8829904793677846,0.9354161296259111,0.98664,0.8236454267499443,0.76668,0.7095920776350579,0.6523334092464156,0.5948741967358058,0.53754,0.47948,0.42233,0.36786,0.3509213353662005,0.32588,0.31767963533388965,0.31009,0.3119596725485404
27-01-2026 11:10,25017.35,0.35447,0.38269114905050483,0.4151672945566024,0.4511364831721801,0.48639,0.542173524899884,0.60108381055053,0.66031,0.71616,0.78283,0.83535,0.90092,0.9621422660199994,1.0248175892244027,0.8651317290870325,0.8025693575301446,0.74005,0.6774729695755156,0.6150498942272145,0.55235,0.4908315326392657,0.42763,0.37099,0.33704,0.32149,0.31122519092732515,0.29971,0.27694
27-01-2026 11:15,25024.0,0.36044,0.38495158355658393,0.4175603955539665,0.4545754819883192,0.48191,0.544189372727901,0.59681,0.65096,0.70102,0.7648849287331096,0.82914,0.88409,0.9341038798875825,0.9822,0.84713,0.79103,0.74571,0.67934,0.61259,0.5574711572013524,0.49954392486754085,0.44314144077266954,0.38861430577020306,0.33669,0.27969588997579553,0.22330962773025698,0.16700008017297113,0.11078042581999367
27-01-2026 11:20,25044.9,0.281607342131451,0.32038621679221574,0.36439,0.41123,0.4665617745928784,0.52086,0.58499,0.63522,0.69429,0.753633603155906,0.81298,0.87951,0.92713,0.96345,0.85907,0.807437594489087,0.75361,0.68763,0.63226,0.5717148289734855,0.5101704857595077,0.4520335513911071,0.39312,0.36789565012004055,0.34214,0.33306,0.3254963366539998,0.31835
27-01-2026 11:25,25036.65,0.3530458864522113,0.36749,0.38782,0.42691,0.48132731257999606,0.5338982364312163,0.58582,0.63827,0.6913,0.76463,0.8207,0.88782,0.93488,0.9828769757337467,0.8724602011035542,0.8136467347078079,0.7547135920436977,0.69546,0.6369723115292301,0.57808,0.5169432942921692,0.45444,0.40053981904136193,0.34485,0.31554,0.2810061774372047,0.24576538899510186,0.209
27-01-2026 11:30,25078.55,0.27857864905827034,0.31892,0.36159599859431635,0.4070009200235908,0.454358584832648,0.50143,0.55908,0.615185199201114,0.67088,0.7329654755934204,0.7945833084235596,0.85717,0.91064,0.95374,0.89745,0.8447593821169052,0.79065,0.72989,0.6707539504094044,0.61261,0.54192,0.4866,0.42664,0.38602,0.36245,0.34457,0.33544,0.33423788082240696
27-01-2026 11:35,25074.65,0.2951245278564868,0.322208935175998,0.35804,0.39528,0.44848948021427637,0.5024335194519773,0.55529,0.60544,0.66896,0.73161,0.79348,0.8543581726756015,0.91508,0.9756104296579363,0.8882262033428558,0.841726242921224,0.7910562667043594,0.73505,0.67733,0.61641,0.54493,0.48589,0.42361,0.37293,0.33543,0.30320113645841096,0.2832572819566654,0.275089558791619
27-01-2026 11:40,25088.45,0.51292,0.4637480926344166,0.42746,0.43359,0.45344,0.48777,0.5449098330838367,0.59689,0.6532195386206586,0.70847,0.76042,0.8139851665806095,0.86804,0.91268,0.9376379234735402,0.8740693153316671,0.8109114676510479,0.75212,0.68852,0.62328,0.56051,0.5024944940385133,0.43625,0.38682,0.34242907282472657,0.29952,0.2370074941805791,0.17427
27-01-2026 11:45,25159.6,0.264934661034764,0.2794,0.30574686413824864,0.33437,0.38728964195082494,0.43836,0.4944443904571405,0.54956,0.6107134959033967,0.6714990731828465,0.73216,0.78416,0.8338383790526489,0.8794793033367547,0.97798,0.9111,0.85324,0.79336,0.7323164845853019,0.6706790379748058,0.6093913612241766,0.5478845101534288,0.48941,0.44602,0.42422,0.4142671479462008,0.40549,0.4101328738386397
27-01-2026 11:50,25103.25,0.3271,0.32609,0.3415,0.37589,0.41313,0.47571225186277777,0.53389,0.59395,0.6461744381581724,0.69661,0.77721,0.8300591357296913,0.87825,0.9369617257598363,0.94209,0.87488,0.81721,0.76497,0.698236010752989,0.6320225042205202,0.56521,0.50148,0.46247217679018804,0.4241804701022769,0.38774,0.3736758393522468,0.35760249204473316,0.34715
27-01-2026 11:55,25084.4,0.37716871198953617,0.37526,0.39202133590021265,0.4172287908958519,0.43891,0.49008,0.55875,0.60674,0.66333,0.71693,0.782607761779102,0.85098,0.9241675747587896,1.004673531536299,0.9715372788139951,0.9010466931889423,0.8306564521239613,0.76111,0.6896140470325254,0.61931,0.5580023569420702,0.49620623885392723,0.43434,0.39001,0.36118836960527867,0.33146,0.29628847038626505,0.26015
27-01-2026 12:00,25100.25,0.3932,0.37693,0.37919,0.41610962273609176,0.4557961547421892,0.49354,0.5487185093125004,0.60307,0.6610130755229628,0.7188900085962956,0.77765,0.8380604454116658,0.8996380607865799,0.9623900966705524,0.9623,0.8998618712948208,0.8365095917372152,0.77303,0.7057878733000615,0.6388642215400215,0.571,0.5140337228875482,0.45472,0.40448,0.37113,0.34364,0.31813,0.2887778242547419
27-01-2026 12:05,25122.5,0.35913,0.347,0.35271,0.37884,0.42015,0.47865,0.5378872988596396,0.5958924247249072,0.65344,0.7176638524322554,0.78273,0.8500757115197268,0.9195273258934126,0.9912689473271222,0.9683383048715793,0.90705,0.8488933948498091,0.7875632781132956,0.72602,0.6541,0.5997707497881724,0.544952632462594,0.49213768982352873,0.4417089283076583,0.39439,0.37132,0.3522,0.3310528716797018
27-01-2026 12:10,25117.85,0.37709,0.3605,0.36361,0.38941,0.4475666499324545,0.5019308283939661,0.55495,0.59802,0.66477,0.72079,0.7838831818532439,0.84864,0.9150570116929448,0.9837901264713362,0.98491,0.90182,0.84542,0.79545,0.73937,0.6729890373068449,0.6080261817948387,0.54119,0.47988,0.42957,0.39059,0.36109,0.3310619839646722,0.3012
27-01-2026 12:15,25117.6,0.29332310590717864,0.31365,0.3453912250370019,0.38075,0.438,0.49899,0.56222,0.62062,0.6755866510813544,0.73016,0.7895598805991381,0.84696,0.9233,1.003657505758028,1.01025,0.9449623542837347,0.8794519418891986,0.81432,0.7486,0.67419,0.61091,0.5588616894688065,0.504509343526891,0.44767,0.41968,0.39999,0.38464,0.37855690295754063
27-01-2026 12:20,25109.2,0.39454,0.3837009392904367,0.37656,0.40138,0.4595084626902285,0.51201,0.57587,0.62761,0.6816155064905931,0.73425,0.8041868143909332,0.8728154924433267,0.94107,0.99043,1.00465,0.9392786351895712,0.8746148686129417,0.8105581665384567,0.7470690482778924,0.6835,0.62307,0.55271,0.48838,0.42912,0.37872,0.33881,0.29412527266682303,0.24873
27-01-2026 12:25,25134.2,0.2583772816487108,0.29513,0.33745071385774067,0.3828857824792152,0.42935,0.4906815242798007,0.5529284193488913,0.6166464177989084,0.67951,0.73799,0.81575,0.8814869176341416,0.94879,0.98686,1.03517,0.94871,0.90214,0.8433587133060549,0.783037724128534,0.72383,0.63977,0.58404,0.51233,0.4740903602290887,0.42482,0.40127,0.38577,0.37778
27-01-2026 12:30,25098.2,0.24293621909670282,0.30039223014043054,0.36118,0.4124929208288798,0.4695820539136137,0.52494,0.59417,0.66049,0.71503,0.76211,0.84146,0.89501,0.98724,1.00813,1.0379,0.95103,0.88906,0.8272144673705017,0.76474,0.70024,0.62633,0.56307,0.5051626460754159,0.4407,0.39862,0.36573,0.33397,0.3092284307687422
27-01-2026 12:35,25099.65,0.32818,0.3443929805286102,0.36352,0.419235264420083,0.47749163611135936,0.53637,0.602423664304923,0.66877,0.7360101768344819,0.8047741698317498,0.8727857476690205,0.938163566286396,1.00022,1.03866,1.04009,0.9710070313788248,0.90271,0.8397720611149322,0.77667,0.7086440167883696,0.6410642378521588,0.57224,0.5134314488148397,0.45385,0.41578,0.3808592597978294,0.361255976925843,0.3558024129903808
27-01-2026 12:40,25084.95,0.3319301197573514,0.35756,0.39412512144262757,0.43265,0.49271539865442826,0.55081,0.61517,0.680557852923027,0.7461742729342153,0.8109768011170422,0.87549,0.9333955476285442,0.9906826172831112,1.04657,1.0389802196627491,0.96906,0.90513,0.84759,0.7747404325472651,0.704549628599392,0.62832,0.55539,0.5150348139626322,0.46342682360473275,0.4162685983030212,0.37445797154508015,0.34137,0.291785135389517
27-01-2026 12:45,25083.9,0.26069303038196484,0.3200099045485648,0.38006,0.43822491503982053,0.49765,0.564768662961088,0.6319611102634983,0.6996455183734327,0.76706,0.82994,0.8874573630551781,0.94517,1.004011899600402,1.06306,1.05972,0.98286,0.91795,0.85952,0.78761,0.7119939748669358,0.6379192856939259,0.56286,0.50176,0.46957838986659645,0.4351822739513589,0.40056,0.38685,0.38058
27-01-2026 12:50,25065.25,0.3781863419012029,0.39715,0.43201193198161825,0.46947,0.52555,0.59988,0.6646537121446543,0.7291472942640236,0.792895548523208,0.85703,0.922405927538162,0.98798,1.0538070488925853,1.1199493361600772,1.041451199613486,0.96973,0.90591,0.8322944363088998,0.75874,0.6936309324057804,0.62552,0.54605,0.4884693640806843,0.426196640883576,0.3681664792757164,0.31743,0.25437075363359657,0.195037385005973
27-01-2026 12:55,25094.45,0.33154,0.3502,0.3889,0.45428424619831353,0.5193402104133251,0.58448,0.6474257223281454,0.7101683242093453,0.77353,0.8424025704751372,0.9115339331875199,0.9817582947053107,1.05306,1.1269495141571633,1.147986601745794,1.0565183691720619,0.9688192232040092,0.88526,0.80352,0.728979999210781,0.65314,0.57953,0.5093,0.44418,0.40057,0.36528,0.34277,0.3115
27-01-2026 13:00,25087.35,0.32893,0.348,0.4012098897900108,0.45282,0.52299,0.5902293733469581,0.6570494339272819,0.72416,0.7939750205655383,0.8640383175412567,0.9338560250787669,1.00345,1.0677569999520173,1.13114,1.11403,1.038154486550177,0.9623836825541234,0.8867350458173547,0.81111,0.7358615080671802,0.6600742051199349,0.5851209112327861,0.51132,0.45443,0.408,0.37208,0.33849,0.30072
27-01-2026 13:05,25077.3,0.37491,0.405592992413792,0.4433555980269153,0.47872,0.5369,0.61433,0.69302,0.74483,0.82368,0.87877,0.93987,1.01338,1.08612,1.1639340969708054,1.10891,1.0335925649550655,0.96104,0.90142,0.8206343116427213,0.74013,0.6608142741999676,0.5819633869764844,0.50256,0.44235,0.3957638280982283,0.34786,0.30023700092450495,0.25246
27-01-2026 13:10,25078.6,0.38621,0.4127918255771097,0.4478778014426461,0.48027,0.54075,0.6185,0.6885801205444184,0.7580301307729305,0.82697,0.90538,0.98283,1.0523900736341463,1.12058,1.1840081614570392,1.12954,1.0443084539448872,0.96446,0.90732,0.833517786551455,0.7591082514903347,0.68031,0.6189623001680108,0.5510465931415474,0.4850561799550961,0.42245071401794765,0.35911,0.31882,0.26991807146390157
27-01-2026 13:15,25088.55,0.3503702651394027,0.41003,0.458495431543119,0.5134366114828445,0.5721934130369631,0.62644,0.70165,0.76234,0.83383,0.88793,0.9542880088614794,1.01809078387632,1.0816534249636678,1.1448532278366874,1.15813,1.07422,0.99013,0.9322,0.83392,0.7582627176023378,0.6870196175874267,0.6167601404438611,0.547331306778668,0.4767012604405857,0.41386,0.36185,0.313736066346364,0.26639
27-01-2026 13:20,25085.9,0.43553,0.43431,0.45449,0.49675,0.55424,0.6345982052250095,0.71032,0.786015411552699,0.86254,0.92093,0.9853784892145698,1.0453,1.15693,1.2802656031701973,1.15829,1.07399,1.0093338721997402,0.94771,0.8611871024148274,0.78017,0.70546,0.61252,0.5347807511822389,0.4499987339117303,0.36416896010950284,0.2774228851035453,0.1898814592766803,0.10165393867164146
27-01-2026 13:25,25098.05,0.46141,0.45251,0.46505,0.50455,0.56244,0.6414475629874051,0.71329,0.78384,0.86895,0.9392890998051531,1.01001,1.09028,1.17052361795185,1.2572419046729233,1.1737712956583608,1.10515,1.032190002936039,0.9578164213891249,0.8824963186073613,0.807181655900407,0.73052,0.64864,0.56142,0.47273,0.40676,0.34945,0.30219,0.26398154686833086
27-01-2026 13:30,25112.65,0.36831,0.38375,0.43720089885341606,0.48536,0.5637234876774805,0.63535,0.71437,0.79586,0.8717740376324464,0.94799,1.03188,1.09737547644017,1.1629849307025606,1.22291,1.22766,1.157726088394381,1.08677,1.0073768300281065,0.92938,0.8440712716427041,0.75914,0.6753757021550448,0.5927911694999731,0.5117,0.4567970743723419,0.40158119270855075,0.35284,0.3164488096714133
27-01-2026 13:35,25095.5,0.25932421138574996,0.33792371688402645,0.42153,0.49482,0.5776077940049098,0.65956,0.7536,0.8196,0.9006386384322407,0.98382,1.0591531192049284,1.1357785866695433,1.2112437490593098,1.28497,1.21494,1.1562011096904836,1.09508,1.0142862639261592,0.93371,0.8560728436656031,0.7764705220762157,0.6991913479359693,0.625031659589431,0.56349,0.541536482610957,0.52212,0.53098,0.5521485987742483
27-01-2026 13:40,25049.05,0.37743,0.42277,0.500169012024906,0.5802806042869187,0.66038,0.7409203755383174,0.8210354449998276,0.90134,0.9817411705828241,1.06132,1.1303351475683232,1.19969700903526,1.2671239679530206,1.33216,1.20272,1.13539,1.06165,0.99634,0.92155,0.83142,0.73084,0.64204,0.55651,0.4863,0.42132,0.39112,0.36411,0.35378939593409187
27-01-2026 13:45,25044.1,0.42625,0.4657414364828397,0.51533,0.59021,0.674141984890684,0.7502517694466044,0.8270307518693646,0.9045769319659613,0.9830419328601459,1.06364,1.15186,1.2166935136097572,1.2839163661655442,1.34114,1.2512652441510148,1.1676192692244192,1.0821,0.9985327077561384,0.91634,0.83709,0.7467172862716236,0.6568870102430133,0.55494,0.5022913364875823,0.43614368309971985,0.37078734020659476,0.30672,0.22099
27-01-2026 13:50,25054.3,0.37171,0.42344,0.49546,0.5880413038746781,0.67696,0.75746,0.85059,0.9263355860181756,1.0022,1.0883895355423232,1.174101875825876,1.26015,1.34868,1.4380771125089649,1.3246041199530927,1.2521135606398008,1.1708255843524555,1.0808614866014146,0.9819,0.88599,0.77972,0.67892,0.5922484450392309,0.50801,0.46485521937258295,0.417486907002117,0.37590798317375296,0.34367
27-01-2026 13:55,25040.65,0.3385679735643949,0.43769,0.5315531162533436,0.6237830483021258,0.7148722421042865,0.8059239653497747,0.89528,0.97861,1.05464,1.13671,1.220435790694221,1.30604,1.37665,1.44131,1.327163274947198,1.23488,1.143855390628383,1.0522964913114716,0.9601835930509801,0.8674450437448391,0.7740842348527875,0.68166,0.5873362688778184,0.48888,0.40466,0.3538869681291029,0.29989,0.20917
27-01-2026 14:00,25042.35,0.31274677209530477,0.4114,0.50478,0.60633416693166,0.70982,0.80406,0.89113,0.96993,1.0818,1.15066,1.2367839627960322,1.3249746575038364,1.41273,1.50397,1.3973847535384978,1.28946,1.18482,1.0902970907948129,0.9961937256903671,0.9028661686084098,0.8088,0.7138294930981299,0.6193518104156621,0.52322,0.44833,0.41858,0.40105313134027265,0.4274209775457437
27-01-2026 14:05,25010.6,0.39868,0.48123,0.5786223216458835,0.67489,0.78007,0.8766205919273116,0.9729312203484367,1.0674,1.1572463993681033,1.2421133903545907,1.3278499020536962,1.4128650844248394,1.4966685894834386,1.57916,1.35802,1.27511,1.1874272417242049,1.10648,0.99522,0.89362,0.78825,0.67908,0.56582,0.49182047840527643,0.4055754579455393,0.32586,0.27633,0.12281
27-01-2026 14:10,25041.35,0.37357,0.45821,0.5625689837209658,0.6666853449627066,0.77277,0.8649338791614634,0.9591339126689473,1.05464,1.1508778158000554,1.25296,1.3249447892352837,1.40178,1.49949,1.56997,1.40252,1.3248030107865567,1.2326205647700403,1.14421,1.0163,0.91977,0.8388,0.72874,0.6279331188094124,0.51409,0.41328,0.3543,0.31415,0.20297582171502934
27-01-2026 14:15,25034.25,0.3695,0.4683006717338248,0.56798,0.67166,0.7807047899773203,0.89058,0.9873114720725791,1.08509,1.19427,1.294733851950558,1.3953489772796301,1.49623,1.55624,1.62888,1.44116,1.35926,1.271992076288348,1.18998,1.0648718939590351,0.9419,0.8371043390193014,0.7313667408867313,0.62576,0.52151,0.41642,0.3630612205004963,0.31669,0.2667685989381772
27-01-2026 14:20,25028.4,0.40083,0.48493,0.59172,0.6954081480798215,0.7971448291431479,0.89922,1.0028,1.10091,1.2037570284198582,1.3059033406200045,1.4087825296358982,1.5125064507988517,1.61732,1.7200124144160953,1.5461739407237736,1.425633375120522,1.3076,1.193637171268799,1.0812748552834015,0.9701092438290777,0.8591,0.75421,0.6518081166648878,0.5495887862234383,0.44549,0.3874,0.34854,0.3255134467857424
27-01-2026 14:25,25022.0,0.40257916523282117,0.51321,0.62323,0.7342828685999372,0.84639,0.9471497215019613,1.04852,1.1661,1.26484,1.37808,1.464065835980275,1.55096,1.65772,1.76347,1.573963199779679,1.458564649897682,1.3430302077356342,1.22728,1.113064418309113,0.9978172718737197,0.88354,0.76492,0.64858,0.5281,0.4254712663047541,0.31839478473099386,0.21480738536390412,0.11719
27-01-2026 14:30,25040.85,0.39181,0.5145021129219942,0.6370790383969389,0.75971,0.8819310285662001,1.0040930930447334,1.1264,1.2432,1.3522345789352177,1.46343,1.56662,1.66481,1.7673080868983755,1.87057,1.57868,1.4979755096372236,1.4078504421822893,1.32053,1.1977702066422462,1.07647,0.944,0.8239140850413058,0.7019376863551163,0.582639177536693,0.4696407556212908,0.36207,0.30341,0.2508051717902488
27-01-2026 14:35,25042.95,0.54896,0.6023999835166236,0.66313,0.76466,0.8773258762327127,0.9871811100180283,1.09641,1.22306,1.34797,1.46004613649203,1.5733529327925395,1.68869,1.77649,1.8546,1.65134,1.52633,1.4490012866517084,1.38194,1.245389427193993,1.12711,0.98879,0.8643099576096434,0.74329,0.60591,0.46679,0.33673981853117196,0.2007606992917313,0.0625853800621228
27-01-2026 14:40,25097.55,0.33389,0.42508,0.55551,0.67826,0.78645,0.92303,1.03769,1.1396331060284397,1.23569,1.3716510991104358,1.5019487924079322,1.63715,1.7347510962659438,1.83068,1.7578548430149767,1.6687,1.5745038018283726,1.47385,1.33685,1.22119,1.0800848140885049,0.93888,0.8064742517441904,0.6720871947395906,0.5412104132450466,0.40992,0.31756,0.26193
27-01-2026 14:45,25108.1,0.37525,0.42842,0.5637946036445618,0.68849,0.8273,0.97349,1.11692,1.2170683563929603,1.32278,1.4530350164379207,1.58344,1.704816721583783,1.8268266047902484,1.9488461034240045,1.91042,1.71363,1.62833900820449,1.53578,1.401146771002825,1.27885,1.15422,1.00505,0.88216,0.7375166560039721,0.58912,0.46109210822786806,0.32921367396621554,0.20319
27-01-2026 14:50,25122.3,0.2966749458674347,0.4328,0.5679499683812316,0.7037266480735969,0.84021,0.9786591721845042,1.12283,1.2321508952987628,1.34638,1.48257,1.6006425408766365,1.7199663477951632,1.835703354406562,1.94677,2.0202982504983766,1.89989,1.77521122437284,1.64927,1.5122171744069228,1.37749,1.24586,1.08792,0.9331808909686878,0.7775681646385315,0.6231796131172207,0.46932093751504333,0.31555,0.16639
27-01-2026 14:55,25143.55,0.35345,0.38729,0.52999,0.6928170683195313,0.8485993927779312,1.0072,1.1490581245621891,1.2937,1.40702,1.55288,1.6621415985515804,1.7779,1.8625939807440317,1.94457,2.129084408074217,2.06243,1.967091340514279,1.86546,1.7262,1.55776,1.38835,1.227572333627434,1.0666217220666958,0.90835,0.7531089320943726,0.6023437173182348,0.4560439859103559,0.31417735362620486
27-01-2026 15:00,25118.0,0.22867,0.41036381694862867,0.583710030658351,0.76229,0.9163131869844974,1.0754140887327435,1.24115,1.40258,1.56178,1.66008,1.71452,1.9159919978185709,2.10815,2.13811,2.27781,2.11407,1.9501,1.806183847204332,1.662343915208748,1.5177406896632724,1.37437,1.19798,1.01998,0.8521914768130394,0.6842017124520459,0.51939,0.35115471041046736,0.18357307529016287
27-01-2026 15:05,25134.65,0.25858576896907154,0.42034,0.58577,0.7433618388355199,0.8990980001469717,1.0570768455168214,1.2084,1.4084646697924474,1.62229,1.7437659883780463,1.8856163975576488,2.023464096726032,2.16189,2.31529,2.60916,2.4392191778654366,2.258772271340943,2.069802151379026,1.874321464028673,1.68275,1.44213,1.282606231879829,1.11695,0.9284187007648801,0.75249,0.56259,0.35433,0.11644
27-01-2026 15:10,25154.95,0.16803,0.40933,0.6190237021901088,0.82645,1.0286391072516259,1.2259629197335862,1.4258448467755858,1.6215536265593253,1.808993265261537,1.96159,2.03204,2.206214866657971,2.38021,2.55189,2.700216934497603,2.546056364163304,2.3843881507271125,2.13747,2.13017,1.85502,1.65228,1.4439509106567838,1.2431,1.0321714347489714,0.8260555262566303,0.6173005509851481,0.40968,0.17324
27-01-2026 15:15,25174.85,0.14225,0.41383243785645546,0.6745,0.8493581893995845,1.03772,1.2600937263959753,1.47205,1.716340280001015,1.9569170098469968,2.22048,2.347867993641065,2.50644,2.707587692829444,2.90515,3.17201,3.0309839043948386,2.88296,2.6429650041180857,2.4194,2.06703,1.8453594470392942,1.6220477014841785,1.39592,1.1986761129889283,1.00123,0.75534,0.4976897210341519,0.23712
27-01-2026 15:20,25198.1,0.1268391131213635,0.39816,0.6668397761409595,0.9368417806771677,1.20671,1.47601,1.7418863028854208,2.00071,2.330404547653741,2.6557,2.76165,3.0426077380083174,3.3369645899041838,3.69076,3.942184025150274,3.673396809052293,3.404057436790133,3.13418,2.86358,2.59234,2.32024,2.04698,1.7712389147639784,1.4953,1.2078550168561275,0.9208883623482722,0.6319223363662295,0.3404
27-01-2026 15:25,25242.4,0.03726,0.39966499299267455,0.7695343470053605,1.13908,1.53259,1.91634,2.29252,2.66246,3.02705,3.3855620024695376,3.74259,4.09439483144908,4.4422568373728195,4.786298980994706,5.763807038208984,5.38476,4.97453,4.59339,4.21258867473753,3.82927,3.4442230179275657,3.06078,2.6727966854717002,2.28444,1.8995977055932272,1.5125224847071377,1.1249090889577524,0.7367542551957894
