id,value
07-01-2026 09:15||NIFTY27JAN2624100PE,0.16335913032985958
07-01-2026 09:15||NIFTY27JAN2625500CE,0.11382182326048779
07-01-2026 09:15||NIFTY27JAN2625800CE,0.10170899441719236
07-01-2026 09:20||NIFTY27JAN2623900PE,0.1750048509609879
07-01-2026 09:20||NIFTY27JAN2624000PE,0.17000921177350842
07-01-2026 09:20||NIFTY27JAN2624200PE,0.15955776050380366
07-01-2026 09:20||NIFTY27JAN2624600PE,0.13802862793215587
07-01-2026 09:20||NIFTY27JAN2624800PE,0.12825224011507033
07-01-2026 09:20||NIFTY27JAN2625000PE,0.11855473600303446
07-01-2026 09:20||NIFTY27JAN2625300CE,0.10205571777809413
07-01-2026 09:20||NIFTY27JAN2625400CE,0.10909203622662152
07-01-2026 09:20||NIFTY27JAN2625800CE,0.10553889146131545
07-01-2026 09:20||NIFTY27JAN2625900CE,0.10224525202699361
07-01-2026 09:20||NIFTY27JAN2626100CE,0.09685728675190322
07-01-2026 09:25||NIFTY27JAN2624300PE,0.15423607182427573
07-01-2026 09:25||NIFTY27JAN2624600PE,0.13754668163421896
07-01-2026 09:25||NIFTY27JAN2624800PE,0.12793111298252513
07-01-2026 09:25||NIFTY27JAN2625000PE,0.11943755742817744
07-01-2026 09:25||NIFTY27JAN2625100PE,0.11570204084840507
07-01-2026 09:25||NIFTY27JAN2625300CE,0.09318918837471547
07-01-2026 09:25||NIFTY27JAN2626500CE,0.08455570694613071
07-01-2026 09:30||NIFTY27JAN2623900PE,0.1769196380411113
07-01-2026 09:30||NIFTY27JAN2624300PE,0.15278500086904884
07-01-2026 09:30||NIFTY27JAN2625900CE,0.10129648564375435
07-01-2026 09:30||NIFTY27JAN2626400CE,0.08978609013622538
07-01-2026 09:35||NIFTY27JAN2623900PE,0.17721508365077365
07-01-2026 09:35||NIFTY27JAN2624600PE,0.1374929309409766
07-01-2026 09:35||NIFTY27JAN2624800PE,0.12755381121707202
07-01-2026 09:35||NIFTY27JAN2625100PE,0.11209507263437686
07-01-2026 09:35||NIFTY27JAN2625800CE,0.10875196592671513
07-01-2026 09:35||NIFTY27JAN2625900CE,0.10393023710686011
07-01-2026 09:35||NIFTY27JAN2626100CE,0.0967610136685905
07-01-2026 09:40||NIFTY27JAN2624000PE,0.1721532902277188
07-01-2026 09:40||NIFTY27JAN2624900PE,0.12368450341132531
07-01-2026 09:40||NIFTY27JAN2625100PE,0.11379343777315531
07-01-2026 09:40||NIFTY27JAN2625600CE,0.08587127188149568
07-01-2026 09:40||NIFTY27JAN2625800CE,0.08610578667441843
07-01-2026 09:40||NIFTY27JAN2625900CE,0.08535453685797326
07-01-2026 09:40||NIFTY27JAN2626200CE,0.08346618534724223
07-01-2026 09:45||NIFTY27JAN2624200PE,0.15850894402480958
07-01-2026 09:45||NIFTY27JAN2625000PE,0.11583796044129158
07-01-2026 09:45||NIFTY27JAN2625200CE,0.12197398801583308
07-01-2026 09:45||NIFTY27JAN2625400CE,0.11490411725061983
07-01-2026 09:45||NIFTY27JAN2625500CE,0.11159444004563382
07-01-2026 09:45||NIFTY27JAN2625900CE,0.09988542196268477
07-01-2026 09:45||NIFTY27JAN2626300CE,0.09093047024470283
07-01-2026 09:45||NIFTY27JAN2626400CE,0.08941858758557833
07-01-2026 09:50||NIFTY27JAN2623800PE,0.1806672792715198
07-01-2026 09:50||NIFTY27JAN2624500PE,0.14149292828114785
07-01-2026 09:50||NIFTY27JAN2624900PE,0.12101738507065354
07-01-2026 09:50||NIFTY27JAN2625200CE,0.13269911532279688
07-01-2026 09:50||NIFTY27JAN2625500CE,0.10770359777953473
07-01-2026 09:50||NIFTY27JAN2625600CE,0.1048112816668729
07-01-2026 09:50||NIFTY27JAN2625700CE,0.10222581708487641
07-01-2026 09:50||NIFTY27JAN2626400CE,0.08817284983906049
07-01-2026 09:55||NIFTY27JAN2623900PE,0.17512516617302165
07-01-2026 09:55||NIFTY27JAN2624300PE,0.15174286821193897
07-01-2026 09:55||NIFTY27JAN2624700PE,0.13055516692581332
07-01-2026 09:55||NIFTY27JAN2625000PE,0.11516375156423142
07-01-2026 09:55||NIFTY27JAN2625500CE,0.12589809961857573
07-01-2026 09:55||NIFTY27JAN2625800CE,0.1107311066668408
07-01-2026 09:55||NIFTY27JAN2625900CE,0.107614555398901
07-01-2026 09:55||NIFTY27JAN2626400CE,0.09269853527831899
07-01-2026 10:00||NIFTY27JAN2624600PE,0.13750978617325965
07-01-2026 10:00||NIFTY27JAN2624700PE,0.13241894536023463
07-01-2026 10:00||NIFTY27JAN2624800PE,0.12739420637814883
07-01-2026 10:00||NIFTY27JAN2625000PE,0.11786619305932847
07-01-2026 10:00||NIFTY27JAN2625100PE,0.11342915348822744
07-01-2026 10:00||NIFTY27JAN2625600CE,0.10943118045091614
07-01-2026 10:00||NIFTY27JAN2625900CE,0.09986038570706503
07-01-2026 10:00||NIFTY27JAN2626100CE,0.0951713662649393
07-01-2026 10:00||NIFTY27JAN2626500CE,0.08673324907188668
07-01-2026 10:05||NIFTY27JAN2625000PE,0.11713737887733808
07-01-2026 10:05||NIFTY27JAN2625200CE,0.06670116649807031
07-01-2026 10:05||NIFTY27JAN2625500CE,0.1084006070817993
07-01-2026 10:05||NIFTY27JAN2626300CE,0.09408812184193187
07-01-2026 10:10||NIFTY27JAN2623800PE,0.18564996352464047
07-01-2026 10:10||NIFTY27JAN2623900PE,0.17923250908596025
07-01-2026 10:10||NIFTY27JAN2624200PE,0.16097098917949443
07-01-2026 10:10||NIFTY27JAN2624700PE,0.13418093182518953
07-01-2026 10:10||NIFTY27JAN2625500CE,0.10211988846286102
07-01-2026 10:10||NIFTY27JAN2625600CE,0.10285252905599312
07-01-2026 10:10||NIFTY27JAN2625700CE,0.10355266129160667
07-01-2026 10:10||NIFTY27JAN2625900CE,0.10213566008082588
07-01-2026 10:10||NIFTY27JAN2626000CE,0.09971146869710623
07-01-2026 10:10||NIFTY27JAN2626400CE,0.09096288545524593
07-01-2026 10:10||NIFTY27JAN2626500CE,0.08851146544709779
07-01-2026 10:15||NIFTY27JAN2623800PE,0.1862773326284292
07-01-2026 10:15||NIFTY27JAN2623900PE,0.1802256216158328
07-01-2026 10:15||NIFTY27JAN2624600PE,0.1405986966850607
07-01-2026 10:15||NIFTY27JAN2624900PE,0.12523822347317137
07-01-2026 10:15||NIFTY27JAN2625400CE,0.09779175671383519
07-01-2026 10:15||NIFTY27JAN2625700CE,0.09241512903360943
07-01-2026 10:15||NIFTY27JAN2626100CE,0.08753876213447787
07-01-2026 10:15||NIFTY27JAN2626200CE,0.0863912135040329
07-01-2026 10:15||NIFTY27JAN2626500CE,0.08298752735541712
07-01-2026 10:20||NIFTY27JAN2624000PE,0.17223500286618418
07-01-2026 10:20||NIFTY27JAN2624200PE,0.16175188420588726
07-01-2026 10:20||NIFTY27JAN2624300PE,0.1560714728492289
07-01-2026 10:20||NIFTY27JAN2624500PE,0.14523610840311624
07-01-2026 10:20||NIFTY27JAN2625100PE,0.11376458374548878
07-01-2026 10:20||NIFTY27JAN2625500CE,0.11661497626413966
07-01-2026 10:20||NIFTY27JAN2625600CE,0.11049510316213704
07-01-2026 10:20||NIFTY27JAN2625700CE,0.10400890261241887
07-01-2026 10:20||NIFTY27JAN2626100CE,0.09140079484315505
07-01-2026 10:20||NIFTY27JAN2626300CE,0.08789428442213992
07-01-2026 10:25||NIFTY27JAN2624000PE,0.17074513937653613
07-01-2026 10:25||NIFTY27JAN2624100PE,0.16553147314838967
07-01-2026 10:25||NIFTY27JAN2625100PE,0.11272870070600187
07-01-2026 10:25||NIFTY27JAN2625600CE,0.09936135745888665
07-01-2026 10:25||NIFTY27JAN2625700CE,0.09636904751474609
07-01-2026 10:25||NIFTY27JAN2625900CE,0.09234770262146424
07-01-2026 10:25||NIFTY27JAN2626100CE,0.08956250428591606
07-01-2026 10:30||NIFTY27JAN2623900PE,0.17613777314331835
07-01-2026 10:30||NIFTY27JAN2624000PE,0.17064292906460404
07-01-2026 10:30||NIFTY27JAN2624200PE,0.1591987890567445
07-01-2026 10:30||NIFTY27JAN2625100PE,0.11084882560149847
07-01-2026 10:30||NIFTY27JAN2625200CE,0.14388377970615862
07-01-2026 10:30||NIFTY27JAN2625500CE,0.11708963457031091
07-01-2026 10:30||NIFTY27JAN2625600CE,0.1117960614317606
07-01-2026 10:30||NIFTY27JAN2626000CE,0.09591960967472254
07-01-2026 10:30||NIFTY27JAN2626100CE,0.0941574164463743
07-01-2026 10:30||NIFTY27JAN2626200CE,0.09219527207788261
07-01-2026 10:30||NIFTY27JAN2626300CE,0.09028372697552509
07-01-2026 10:30||NIFTY27JAN2626400CE,0.08857363573671975
07-01-2026 10:35||NIFTY27JAN2623800PE,0.18197466424853342
07-01-2026 10:35||NIFTY27JAN2624200PE,0.1591336467104822
07-01-2026 10:35||NIFTY27JAN2624400PE,0.1479764758054241
07-01-2026 10:35||NIFTY27JAN2624500PE,0.14249497164982822
07-01-2026 10:35||NIFTY27JAN2624700PE,0.13198421682170774
07-01-2026 10:35||NIFTY27JAN2625000PE,0.11626198547904149
07-01-2026 10:35||NIFTY27JAN2625400CE,0.12460921708569453
07-01-2026 10:35||NIFTY27JAN2625500CE,0.11710541451217532
07-01-2026 10:35||NIFTY27JAN2626100CE,0.09584511041312177
07-01-2026 10:35||NIFTY27JAN2626300CE,0.09121534790793775
07-01-2026 10:40||NIFTY27JAN2623900PE,0.17749951659974472
07-01-2026 10:40||NIFTY27JAN2624900PE,0.12226952793973288
07-01-2026 10:40||NIFTY27JAN2625100PE,0.11166752686753337
07-01-2026 10:40||NIFTY27JAN2625200CE,0.1319312419473832
07-01-2026 10:40||NIFTY27JAN2625400CE,0.11709686789135088
07-01-2026 10:40||NIFTY27JAN2625600CE,0.1068637287226753
07-01-2026 10:40||NIFTY27JAN2625800CE,0.10019672179406183
07-01-2026 10:40||NIFTY27JAN2626000CE,0.09528831393948002
07-01-2026 10:40||NIFTY27JAN2626100CE,0.09296476996371973
07-01-2026 10:40||NIFTY27JAN2626300CE,0.08910056107781833
07-01-2026 10:40||NIFTY27JAN2626400CE,0.08750544855488517
07-01-2026 10:45||NIFTY27JAN2624000PE,0.17090433724485363
07-01-2026 10:45||NIFTY27JAN2624300PE,0.15398522514656562
07-01-2026 10:45||NIFTY27JAN2624800PE,0.12724016496548846
07-01-2026 10:45||NIFTY27JAN2625100PE,0.11169318629737034
07-01-2026 10:45||NIFTY27JAN2625300CE,0.11893673890778286
07-01-2026 10:45||NIFTY27JAN2625800CE,0.10078690932495121
07-01-2026 10:45||NIFTY27JAN2626000CE,0.09539097351964772
07-01-2026 10:45||NIFTY27JAN2626100CE,0.09293375718735228
07-01-2026 10:45||NIFTY27JAN2626400CE,0.08727499876433034
07-01-2026 10:50||NIFTY27JAN2623900PE,0.17641461140315398
07-01-2026 10:50||NIFTY27JAN2624000PE,0.17100075405944032
07-01-2026 10:50||NIFTY27JAN2624200PE,0.15986650275108977
07-01-2026 10:50||NIFTY27JAN2625600CE,0.11515568040975499
07-01-2026 10:50||NIFTY27JAN2625800CE,0.10551330615391781
07-01-2026 10:55||NIFTY27JAN2624300PE,0.15570746194238894
07-01-2026 10:55||NIFTY27JAN2624800PE,0.12879564470371418
07-01-2026 10:55||NIFTY27JAN2624900PE,0.12347030892709042
07-01-2026 10:55||NIFTY27JAN2625200CE,0.10925955042261859
07-01-2026 10:55||NIFTY27JAN2625300CE,0.10714866829008778
07-01-2026 10:55||NIFTY27JAN2625500CE,0.1028453192139644
07-01-2026 10:55||NIFTY27JAN2625900CE,0.09654069821322925
07-01-2026 11:00||NIFTY27JAN2623900PE,0.1778070563737823
07-01-2026 11:00||NIFTY27JAN2624200PE,0.1607444995017276
07-01-2026 11:00||NIFTY27JAN2625300CE,0.1318825989726622
07-01-2026 11:00||NIFTY27JAN2626500CE,0.08788463040387107
07-01-2026 11:05||NIFTY27JAN2624300PE,0.15650488405898716
07-01-2026 11:05||NIFTY27JAN2624600PE,0.14041671640794404
07-01-2026 11:05||NIFTY27JAN2624800PE,0.12992119971101146
07-01-2026 11:05||NIFTY27JAN2625200CE,0.015455416799046792
07-01-2026 11:05||NIFTY27JAN2626000CE,0.09516032159584532
07-01-2026 11:05||NIFTY27JAN2626200CE,0.09037818314829246
07-01-2026 11:05||NIFTY27JAN2626300CE,0.08859520161630666
07-01-2026 11:10||NIFTY27JAN2623900PE,0.17779848287692832
07-01-2026 11:10||NIFTY27JAN2624000PE,0.17219638604134052
07-01-2026 11:10||NIFTY27JAN2624400PE,0.1495550347897851
07-01-2026 11:10||NIFTY27JAN2624800PE,0.12890166085108662
07-01-2026 11:10||NIFTY27JAN2625200CE,0.1112501132124219
07-01-2026 11:10||NIFTY27JAN2625500CE,0.11025525406300984
07-01-2026 11:10||NIFTY27JAN2625700CE,0.1010528418884207
07-01-2026 11:10||NIFTY27JAN2625800CE,0.09814013944067931
07-01-2026 11:10||NIFTY27JAN2625900CE,0.09550744921271737
07-01-2026 11:10||NIFTY27JAN2626300CE,0.08703052346937112
07-01-2026 11:15||NIFTY27JAN2624000PE,0.17087479960112206
07-01-2026 11:15||NIFTY27JAN2624100PE,0.16528870490014771
07-01-2026 11:15||NIFTY27JAN2624800PE,0.12739001985320753
07-01-2026 11:15||NIFTY27JAN2625300CE,0.1398641608195131
07-01-2026 11:15||NIFTY27JAN2625400CE,0.12857426220043106
07-01-2026 11:15||NIFTY27JAN2625800CE,0.10117824961834378
07-01-2026 11:15||NIFTY27JAN2626100CE,0.09571345260051484
07-01-2026 11:15||NIFTY27JAN2626200CE,0.09345893071560817
07-01-2026 11:15||NIFTY27JAN2626300CE,0.09123430785839404
07-01-2026 11:20||NIFTY27JAN2623800PE,0.18220099261024045
07-01-2026 11:20||NIFTY27JAN2624200PE,0.15994787342431105
07-01-2026 11:20||NIFTY27JAN2624900PE,0.1223976052541719
07-01-2026 11:20||NIFTY27JAN2625000PE,0.1170090606544919
07-01-2026 11:20||NIFTY27JAN2625300CE,0.13002482624011777
07-01-2026 11:20||NIFTY27JAN2625700CE,0.10233369912376837
07-01-2026 11:20||NIFTY27JAN2626000CE,0.09437219703633781
07-01-2026 11:25||NIFTY27JAN2623800PE,0.18138116152125824
07-01-2026 11:25||NIFTY27JAN2624400PE,0.1482659576024934
07-01-2026 11:25||NIFTY27JAN2624800PE,0.12657729525984107
07-01-2026 11:25||NIFTY27JAN2625300CE,0.13740197196466555
07-01-2026 11:25||NIFTY27JAN2625600CE,0.11460094239499186
07-01-2026 11:25||NIFTY27JAN2625700CE,0.10982862669834056
07-01-2026 11:25||NIFTY27JAN2625800CE,0.10577171886782387
07-01-2026 11:25||NIFTY27JAN2625900CE,0.10220064916552501
07-01-2026 11:25||NIFTY27JAN2626000CE,0.09890455381888422
07-01-2026 11:25||NIFTY27JAN2626200CE,0.09271417020128159
07-01-2026 11:30||NIFTY27JAN2624200PE,0.1601227162720707
07-01-2026 11:30||NIFTY27JAN2624300PE,0.15453530247579936
07-01-2026 11:30||NIFTY27JAN2624400PE,0.14890312643000525
07-01-2026 11:30||NIFTY27JAN2625700CE,0.11132630924319452
07-01-2026 11:30||NIFTY27JAN2626300CE,0.09336392928396164
07-01-2026 11:35||NIFTY27JAN2624100PE,0.166467097992878
07-01-2026 11:35||NIFTY27JAN2624900PE,0.12245394605333133
07-01-2026 11:35||NIFTY27JAN2625000PE,0.11711607180909048
07-01-2026 11:35||NIFTY27JAN2626300CE,0.0874311957770369
07-01-2026 11:40||NIFTY27JAN2623800PE,0.18178945676557373
07-01-2026 11:40||NIFTY27JAN2624000PE,0.17115340294986744
07-01-2026 11:40||NIFTY27JAN2624500PE,0.14313712371062493
07-01-2026 11:40||NIFTY27JAN2625200CE,0.1316297582250493
07-01-2026 11:40||NIFTY27JAN2625900CE,0.10204402709046144
07-01-2026 11:40||NIFTY27JAN2626100CE,0.09501598687906529
07-01-2026 11:45||NIFTY27JAN2624000PE,0.170357653436299
07-01-2026 11:45||NIFTY27JAN2625000PE,0.11574795100321292
07-01-2026 11:45||NIFTY27JAN2625200CE,0.13710107453829512
07-01-2026 11:45||NIFTY27JAN2625500CE,0.11803569764754117
07-01-2026 11:45||NIFTY27JAN2625600CE,0.11258710683451104
07-01-2026 11:45||NIFTY27JAN2626400CE,0.08860009782393014
07-01-2026 11:50||NIFTY27JAN2623900PE,0.17610171596812768
07-01-2026 11:50||NIFTY27JAN2624000PE,0.17047382606035574
07-01-2026 11:50||NIFTY27JAN2624600PE,0.13718835393417506
07-01-2026 11:50||NIFTY27JAN2625000PE,0.11599948890069448
07-01-2026 11:50||NIFTY27JAN2625300CE,0.13754555636672472
07-01-2026 11:50||NIFTY27JAN2625600CE,0.10463350522334747
07-01-2026 11:50||NIFTY27JAN2625700CE,0.10032237004930224
07-01-2026 11:50||NIFTY27JAN2626400CE,0.08554126926595355
07-01-2026 11:55||NIFTY27JAN2623900PE,0.17570233650872086
07-01-2026 11:55||NIFTY27JAN2624100PE,0.16418849073046893
07-01-2026 11:55||NIFTY27JAN2625200CE,0.1474561800865397
07-01-2026 11:55||NIFTY27JAN2625400CE,0.12259833530318115
07-01-2026 11:55||NIFTY27JAN2626100CE,0.09354311371160948
07-01-2026 11:55||NIFTY27JAN2626300CE,0.08925577070598487
07-01-2026 12:00||NIFTY27JAN2624100PE,0.1641109485508521
07-01-2026 12:00||NIFTY27JAN2624300PE,0.1523284398720818
07-01-2026 12:00||NIFTY27JAN2624500PE,0.14132149720566645
07-01-2026 12:00||NIFTY27JAN2624700PE,0.13070117881520732
07-01-2026 12:00||NIFTY27JAN2625500CE,0.11775292553117489
07-01-2026 12:00||NIFTY27JAN2625600CE,0.11178714703798438
07-01-2026 12:00||NIFTY27JAN2626400CE,0.08726465215445936
07-01-2026 12:05||NIFTY27JAN2624200PE,0.1577558756170895
07-01-2026 12:05||NIFTY27JAN2624300PE,0.1520251473595785
07-01-2026 12:05||NIFTY27JAN2624500PE,0.14096321463151923
07-01-2026 12:05||NIFTY27JAN2625200CE,0.14075851811848192
07-01-2026 12:05||NIFTY27JAN2625300CE,0.1326045391715916
07-01-2026 12:05||NIFTY27JAN2625900CE,0.10163524675458882
07-01-2026 12:05||NIFTY27JAN2626000CE,0.09835408215719207
07-01-2026 12:05||NIFTY27JAN2626300CE,0.09078535326206352
07-01-2026 12:05||NIFTY27JAN2626400CE,0.08895076763020617
07-01-2026 12:10||NIFTY27JAN2624000PE,0.16862370082777312
07-01-2026 12:10||NIFTY27JAN2625100PE,0.10964652816463301
07-01-2026 12:10||NIFTY27JAN2625200CE,0.15886772311783406
07-01-2026 12:10||NIFTY27JAN2625600CE,0.11641978856040527
07-01-2026 12:10||NIFTY27JAN2625800CE,0.10669752399001133
07-01-2026 12:10||NIFTY27JAN2625900CE,0.10344832288968028
07-01-2026 12:10||NIFTY27JAN2626100CE,0.09705841861887649
07-01-2026 12:10||NIFTY27JAN2626500CE,0.08756531182066794
07-01-2026 12:15||NIFTY27JAN2623900PE,0.17468543664724415
07-01-2026 12:15||NIFTY27JAN2624100PE,0.1629656801309735
07-01-2026 12:15||NIFTY27JAN2624300PE,0.1513940237234909
07-01-2026 12:15||NIFTY27JAN2624800PE,0.12476430785142499
07-01-2026 12:15||NIFTY27JAN2624900PE,0.11958192137637685
07-01-2026 12:15||NIFTY27JAN2625000PE,0.11441666339183802
07-01-2026 12:15||NIFTY27JAN2625100PE,0.1092622149122392
07-01-2026 12:15||NIFTY27JAN2625300CE,0.14873885362722267
07-01-2026 12:15||NIFTY27JAN2625500CE,0.12425667580316777
07-01-2026 12:15||NIFTY27JAN2625600CE,0.11749350417786199
07-01-2026 12:20||NIFTY27JAN2623900PE,0.1747884615833864
07-01-2026 12:20||NIFTY27JAN2624000PE,0.1688603611350624
07-01-2026 12:20||NIFTY27JAN2624400PE,0.14579890371697563
07-01-2026 12:20||NIFTY27JAN2625100PE,0.10996281241724105
07-01-2026 12:20||NIFTY27JAN2625600CE,0.11906607607076444
07-01-2026 12:20||NIFTY27JAN2626100CE,0.09669692203517269
07-01-2026 12:25||NIFTY27JAN2623800PE,0.17788750033335787
07-01-2026 12:25||NIFTY27JAN2624400PE,0.14630298788800766
07-01-2026 12:25||NIFTY27JAN2624600PE,0.13600960271730073
07-01-2026 12:25||NIFTY27JAN2624700PE,0.13092784826663928
07-01-2026 12:25||NIFTY27JAN2625300CE,0.1360402420902192
07-01-2026 12:25||NIFTY27JAN2625700CE,0.10721222075021017
07-01-2026 12:25||NIFTY27JAN2626300CE,0.0902992713789133
07-01-2026 12:25||NIFTY27JAN2626500CE,0.0872882528729075
07-01-2026 12:30||NIFTY27JAN2623800PE,0.17939387547580665
07-01-2026 12:30||NIFTY27JAN2624000PE,0.16832058259658106
07-01-2026 12:30||NIFTY27JAN2624100PE,0.16275622265076883
07-01-2026 12:30||NIFTY27JAN2624500PE,0.14156830344428983
07-01-2026 12:30||NIFTY27JAN2624600PE,0.13605561542693734
07-01-2026 12:30||NIFTY27JAN2625000PE,0.11526499491394879
07-01-2026 12:30||NIFTY27JAN2625200CE,0.13773665046905614
07-01-2026 12:30||NIFTY27JAN2626100CE,0.09654738712214767
07-01-2026 12:30||NIFTY27JAN2626300CE,0.09176612790631489
07-01-2026 12:35||NIFTY27JAN2625100PE,0.11002208818995585
07-01-2026 12:35||NIFTY27JAN2625300CE,0.13064124904711868
07-01-2026 12:35||NIFTY27JAN2625400CE,0.12316530319433373
07-01-2026 12:35||NIFTY27JAN2626300CE,0.09127268135537599
07-01-2026 12:35||NIFTY27JAN2626400CE,0.08907675239170273
07-01-2026 12:35||NIFTY27JAN2626500CE,0.08690073996591831
07-01-2026 12:40||NIFTY27JAN2624800PE,0.125875638404223
07-01-2026 12:40||NIFTY27JAN2625000PE,0.11594313044696071
07-01-2026 12:40||NIFTY27JAN2625100PE,0.1110023898233205
07-01-2026 12:40||NIFTY27JAN2625400CE,0.11184207615874743
07-01-2026 12:40||NIFTY27JAN2625700CE,0.09936163902820191
07-01-2026 12:40||NIFTY27JAN2625900CE,0.09385278943789399
07-01-2026 12:40||NIFTY27JAN2626100CE,0.09005930854000589
07-01-2026 12:45||NIFTY27JAN2623800PE,0.17727410284249848
07-01-2026 12:45||NIFTY27JAN2624000PE,0.1663311739591058
07-01-2026 12:45||NIFTY27JAN2624600PE,0.13432900858506755
07-01-2026 12:45||NIFTY27JAN2624900PE,0.11951264773458209
07-01-2026 12:45||NIFTY27JAN2625000PE,0.11450413012768389
07-01-2026 12:45||NIFTY27JAN2625500CE,0.11901420805040583
07-01-2026 12:45||NIFTY27JAN2625700CE,0.10798669351804156
07-01-2026 12:45||NIFTY27JAN2625800CE,0.1030785512372776
07-01-2026 12:45||NIFTY27JAN2626400CE,0.08776260082035439
07-01-2026 12:50||NIFTY27JAN2623800PE,0.17860041965921905
07-01-2026 12:50||NIFTY27JAN2624000PE,0.1671996372649886
07-01-2026 12:50||NIFTY27JAN2624400PE,0.14540760155366533
07-01-2026 12:50||NIFTY27JAN2624700PE,0.12930981525507035
07-01-2026 12:50||NIFTY27JAN2625100PE,0.10857661763054974
07-01-2026 12:50||NIFTY27JAN2625600CE,0.11226607726853584
07-01-2026 12:50||NIFTY27JAN2626300CE,0.09079800228460828
07-01-2026 12:55||NIFTY27JAN2623800PE,0.17833402816705685
07-01-2026 12:55||NIFTY27JAN2623900PE,0.17287845206523464
07-01-2026 12:55||NIFTY27JAN2624000PE,0.16741288833035842
07-01-2026 12:55||NIFTY27JAN2624200PE,0.15648272178931136
07-01-2026 12:55||NIFTY27JAN2625100PE,0.10871542381754867
07-01-2026 12:55||NIFTY27JAN2625200CE,0.13026120096085944
07-01-2026 12:55||NIFTY27JAN2625300CE,0.12699552435508638
07-01-2026 13:00||NIFTY27JAN2624000PE,0.16867265584235042
07-01-2026 13:00||NIFTY27JAN2624100PE,0.16298407617680674
07-01-2026 13:00||NIFTY27JAN2624400PE,0.14580694355484852
07-01-2026 13:00||NIFTY27JAN2624600PE,0.13491447753444416
07-01-2026 13:00||NIFTY27JAN2625000PE,0.11403146878267903
07-01-2026 13:00||NIFTY27JAN2625300CE,0.1283135063747115
07-01-2026 13:00||NIFTY27JAN2625800CE,0.10569520282098899
07-01-2026 13:05||NIFTY27JAN2623900PE,0.17418585039198065
07-01-2026 13:05||NIFTY27JAN2624700PE,0.1299596471203739
07-01-2026 13:05||NIFTY27JAN2625200CE,0.12150947890338754
07-01-2026 13:05||NIFTY27JAN2625400CE,0.1170060299285168
07-01-2026 13:05||NIFTY27JAN2625800CE,0.10369905234950397
07-01-2026 13:05||NIFTY27JAN2626100CE,0.09448779207719171
07-01-2026 13:10||NIFTY27JAN2624400PE,0.146275091011217
07-01-2026 13:10||NIFTY27JAN2624700PE,0.13038939676183603
07-01-2026 13:10||NIFTY27JAN2625400CE,0.1177387825680184
07-01-2026 13:10||NIFTY27JAN2625900CE,0.09858949112542574
07-01-2026 13:10||NIFTY27JAN2626400CE,0.08643816529974208
07-01-2026 13:15||NIFTY27JAN2624600PE,0.13501360006722235
07-01-2026 13:15||NIFTY27JAN2625300CE,0.12988741351031247
07-01-2026 13:15||NIFTY27JAN2625400CE,0.12446399180369451
07-01-2026 13:15||NIFTY27JAN2625500CE,0.11918541279606723
07-01-2026 13:15||NIFTY27JAN2625700CE,0.10930938817626726
07-01-2026 13:15||NIFTY27JAN2625800CE,0.10478175305925086
07-01-2026 13:15||NIFTY27JAN2626400CE,0.08795485304152748
07-01-2026 13:20||NIFTY27JAN2623900PE,0.17297015031969198
07-01-2026 13:20||NIFTY27JAN2624000PE,0.16768196091639526
07-01-2026 13:20||NIFTY27JAN2624300PE,0.15082458299085827
07-01-2026 13:20||NIFTY27JAN2624500PE,0.14020510448784768
07-01-2026 13:20||NIFTY27JAN2624800PE,0.12472831630812722
07-01-2026 13:20||NIFTY27JAN2624900PE,0.11960557401593552
07-01-2026 13:20||NIFTY27JAN2625000PE,0.11447041508463578
07-01-2026 13:20||NIFTY27JAN2625500CE,0.11538500893603246
07-01-2026 13:20||NIFTY27JAN2626300CE,0.08756158918152215
07-01-2026 13:25||NIFTY27JAN2624200PE,0.15537425444061131
07-01-2026 13:25||NIFTY27JAN2624300PE,0.14964796471728764
07-01-2026 13:25||NIFTY27JAN2624500PE,0.13864680820949485
07-01-2026 13:25||NIFTY27JAN2624600PE,0.13335253798026458
07-01-2026 13:25||NIFTY27JAN2624700PE,0.1280985293096223
07-01-2026 13:25||NIFTY27JAN2624800PE,0.12289669441153928
07-01-2026 13:25||NIFTY27JAN2625100PE,0.10797842700743804
07-01-2026 13:25||NIFTY27JAN2625300CE,0.1338241548160688
07-01-2026 13:25||NIFTY27JAN2626300CE,0.08632928206251642
07-01-2026 13:25||NIFTY27JAN2626400CE,0.08355893974214823
07-01-2026 13:25||NIFTY27JAN2626500CE,0.08092139463534248
07-01-2026 13:30||NIFTY27JAN2624000PE,0.1662627932960729
07-01-2026 13:30||NIFTY27JAN2624200PE,0.15534432617478477
07-01-2026 13:30||NIFTY27JAN2624400PE,0.14421802678044143
07-01-2026 13:30||NIFTY27JAN2624600PE,0.13311400296599463
07-01-2026 13:30||NIFTY27JAN2624900PE,0.11757790815068891
07-01-2026 13:30||NIFTY27JAN2625000PE,0.11241974183323054
07-01-2026 13:30||NIFTY27JAN2625300CE,0.13802670525714095
07-01-2026 13:30||NIFTY27JAN2625700CE,0.1110931751529951
07-01-2026 13:30||NIFTY27JAN2625800CE,0.10637363959603319
07-01-2026 13:30||NIFTY27JAN2626500CE,0.08482389427133354
07-01-2026 13:35||NIFTY27JAN2623900PE,0.1727164939476774
07-01-2026 13:35||NIFTY27JAN2624200PE,0.155468055940985
07-01-2026 13:35||NIFTY27JAN2624300PE,0.1498622591237176
07-01-2026 13:35||NIFTY27JAN2624400PE,0.14425740477972382
07-01-2026 13:35||NIFTY27JAN2624700PE,0.12772538427435357
07-01-2026 13:35||NIFTY27JAN2625100PE,0.10712842624567662
07-01-2026 13:35||NIFTY27JAN2625200CE,0.17238328415671988
07-01-2026 13:35||NIFTY27JAN2625300CE,0.15062197552768092
07-01-2026 13:35||NIFTY27JAN2626400CE,0.08849990309298056
07-01-2026 13:40||NIFTY27JAN2624100PE,0.1612728452797416
07-01-2026 13:40||NIFTY27JAN2624200PE,0.15576413035306957
07-01-2026 13:40||NIFTY27JAN2624300PE,0.15016645214384206
07-01-2026 13:40||NIFTY27JAN2625000PE,0.1126291607853428
07-01-2026 13:40||NIFTY27JAN2625400CE,0.1255769287622841
07-01-2026 13:40||NIFTY27JAN2625500CE,0.11972565693615789
07-01-2026 13:40||NIFTY27JAN2625700CE,0.10902629025719535
07-01-2026 13:40||NIFTY27JAN2625900CE,0.10112086707014832
07-01-2026 13:40||NIFTY27JAN2626100CE,0.09507423171131488
07-01-2026 13:45||NIFTY27JAN2623900PE,0.17249800053321646
07-01-2026 13:45||NIFTY27JAN2624200PE,0.15528340129035018
07-01-2026 13:45||NIFTY27JAN2624600PE,0.1329719285705168
07-01-2026 13:45||NIFTY27JAN2625200CE,0.14512880063810205
07-01-2026 13:45||NIFTY27JAN2625400CE,0.1310389288009552
07-01-2026 13:45||NIFTY27JAN2625700CE,0.11265735857592449
07-01-2026 13:45||NIFTY27JAN2625900CE,0.10394929186363994
07-01-2026 13:50||NIFTY27JAN2623800PE,0.17843180104169293
07-01-2026 13:50||NIFTY27JAN2623900PE,0.17271823720758997
07-01-2026 13:50||NIFTY27JAN2624100PE,0.16118160079658464
07-01-2026 13:55||NIFTY27JAN2624400PE,0.1443335411542806
07-01-2026 13:55||NIFTY27JAN2624700PE,0.12822777660335824
07-01-2026 13:55||NIFTY27JAN2625100PE,0.10734126039366823
07-01-2026 13:55||NIFTY27JAN2625300CE,0.13138451437368825
07-01-2026 13:55||NIFTY27JAN2625400CE,0.12748861133946435
07-01-2026 13:55||NIFTY27JAN2625800CE,0.10869865081109299
07-01-2026 13:55||NIFTY27JAN2626400CE,0.08913204106885583
07-01-2026 14:00||NIFTY27JAN2623800PE,0.17799337778834215
07-01-2026 14:00||NIFTY27JAN2623900PE,0.17236931935975527
07-01-2026 14:00||NIFTY27JAN2624500PE,0.1393513723248901
07-01-2026 14:00||NIFTY27JAN2625400CE,0.1213936019497926
07-01-2026 14:00||NIFTY27JAN2625500CE,0.11506338881231477
07-01-2026 14:00||NIFTY27JAN2625900CE,0.1026425594117181
07-01-2026 14:00||NIFTY27JAN2626200CE,0.09307825224043079
07-01-2026 14:00||NIFTY27JAN2626400CE,0.08869335023301197
07-01-2026 14:05||NIFTY27JAN2624000PE,0.16690196119735567
07-01-2026 14:05||NIFTY27JAN2624200PE,0.1567280910787982
07-01-2026 14:05||NIFTY27JAN2624300PE,0.15111315637675804
07-01-2026 14:05||NIFTY27JAN2624400PE,0.14543575708052076
07-01-2026 14:05||NIFTY27JAN2624600PE,0.134600858729335
07-01-2026 14:05||NIFTY27JAN2625900CE,0.09980028988875161
07-01-2026 14:05||NIFTY27JAN2626000CE,0.09667450755358042
07-01-2026 14:05||NIFTY27JAN2626300CE,0.08920225221563224
07-01-2026 14:10||NIFTY27JAN2623800PE,0.1773824385988857
07-01-2026 14:10||NIFTY27JAN2624000PE,0.1674399296235254
07-01-2026 14:10||NIFTY27JAN2624700PE,0.1296361882739444
07-01-2026 14:10||NIFTY27JAN2626100CE,0.09262514116468573
07-01-2026 14:10||NIFTY27JAN2626200CE,0.090193934942596
07-01-2026 14:10||NIFTY27JAN2626400CE,0.08636896275506997
07-01-2026 14:15||NIFTY27JAN2624000PE,0.1666899671461387
07-01-2026 14:15||NIFTY27JAN2624800PE,0.12427400489516746
07-01-2026 14:15||NIFTY27JAN2625200CE,0.12539651152114983
07-01-2026 14:15||NIFTY27JAN2625400CE,0.11576951925448714
07-01-2026 14:15||NIFTY27JAN2625600CE,0.10742447690713006
07-01-2026 14:15||NIFTY27JAN2625900CE,0.09576942762004317
07-01-2026 14:15||NIFTY27JAN2626000CE,0.09342154002688553
07-01-2026 14:15||NIFTY27JAN2626200CE,0.08931256570229784
07-01-2026 14:20||NIFTY27JAN2623800PE,0.17731145162827816
07-01-2026 14:20||NIFTY27JAN2624500PE,0.13959715496901218
07-01-2026 14:20||NIFTY27JAN2625400CE,0.12003859212773466
07-01-2026 14:20||NIFTY27JAN2625700CE,0.10567573985768541
07-01-2026 14:20||NIFTY27JAN2626300CE,0.08817294787895512
07-01-2026 14:25||NIFTY27JAN2623900PE,0.17284406478050196
07-01-2026 14:25||NIFTY27JAN2625400CE,0.11942273459785001
07-01-2026 14:25||NIFTY27JAN2625700CE,0.10756613211676194
07-01-2026 14:25||NIFTY27JAN2625900CE,0.10011754705338737
07-01-2026 14:25||NIFTY27JAN2626300CE,0.08945422358074867
07-01-2026 14:30||NIFTY27JAN2624100PE,0.16320216226246997
07-01-2026 14:30||NIFTY27JAN2624800PE,0.12405042606387567
07-01-2026 14:30||NIFTY27JAN2625100PE,0.10859686876104487
07-01-2026 14:30||NIFTY27JAN2625300CE,0.11538981643242793
07-01-2026 14:30||NIFTY27JAN2626100CE,0.09009265267196642
07-01-2026 14:30||NIFTY27JAN2626300CE,0.08535417248634808
07-01-2026 14:30||NIFTY27JAN2626400CE,0.08308980075906142
07-01-2026 14:30||NIFTY27JAN2626500CE,0.08078032021817633
07-01-2026 14:35||NIFTY27JAN2624000PE,0.1663305145165273
07-01-2026 14:35||NIFTY27JAN2624100PE,0.16160915757934807
07-01-2026 14:35||NIFTY27JAN2624400PE,0.1449450441482411
07-01-2026 14:35||NIFTY27JAN2624500PE,0.13961900694779722
07-01-2026 14:35||NIFTY27JAN2624700PE,0.12911971017031548
07-01-2026 14:35||NIFTY27JAN2625000PE,0.11304582484353644
07-01-2026 14:35||NIFTY27JAN2625600CE,0.11662915274817516
07-01-2026 14:35||NIFTY27JAN2625700CE,0.11116778651185943
07-01-2026 14:35||NIFTY27JAN2626400CE,0.08755972468146922
07-01-2026 14:35||NIFTY27JAN2626500CE,0.08516383530309997
07-01-2026 14:40||NIFTY27JAN2623800PE,0.1764367477744625
07-01-2026 14:40||NIFTY27JAN2624100PE,0.162995250562571
07-01-2026 14:40||NIFTY27JAN2625100PE,0.10742691291668786
07-01-2026 14:40||NIFTY27JAN2625200CE,0.12581991346141702
07-01-2026 14:40||NIFTY27JAN2625400CE,0.12097514110550991
07-01-2026 14:40||NIFTY27JAN2626200CE,0.09253522240466121
07-01-2026 14:45||NIFTY27JAN2623800PE,0.17913193931194854
07-01-2026 14:45||NIFTY27JAN2624000PE,0.168716416704914
07-01-2026 14:45||NIFTY27JAN2624200PE,0.1577116153924687
07-01-2026 14:45||NIFTY27JAN2624500PE,0.14086999694371044
07-01-2026 14:45||NIFTY27JAN2624900PE,0.11949364198020046
07-01-2026 14:45||NIFTY27JAN2625200CE,0.12471949797726209
07-01-2026 14:45||NIFTY27JAN2625700CE,0.10064156307638092
07-01-2026 14:50||NIFTY27JAN2623900PE,0.1725004179061312
07-01-2026 14:50||NIFTY27JAN2624900PE,0.11865305986636987
07-01-2026 14:50||NIFTY27JAN2625600CE,0.1179204881044547
07-01-2026 14:50||NIFTY27JAN2626400CE,0.08662257296534215
07-01-2026 14:50||NIFTY27JAN2626500CE,0.08369891376285647
07-01-2026 14:55||NIFTY27JAN2624100PE,0.16389636336698465
07-01-2026 14:55||NIFTY27JAN2624300PE,0.15252591321162057
07-01-2026 14:55||NIFTY27JAN2624600PE,0.13547808255334137
07-01-2026 14:55||NIFTY27JAN2625900CE,0.09859398608604567
07-01-2026 14:55||NIFTY27JAN2626300CE,0.08830083069993291
07-01-2026 14:55||NIFTY27JAN2626500CE,0.0851381776631425
07-01-2026 15:00||NIFTY27JAN2623900PE,0.17387350355602738
07-01-2026 15:00||NIFTY27JAN2624200PE,0.1593307299190309
07-01-2026 15:00||NIFTY27JAN2624900PE,0.12050238310116321
07-01-2026 15:00||NIFTY27JAN2625100PE,0.10991452268665002
07-01-2026 15:00||NIFTY27JAN2625200CE,0.12511305684455862
07-01-2026 15:00||NIFTY27JAN2625700CE,0.10125784454426369
07-01-2026 15:00||NIFTY27JAN2626000CE,0.09264170536889688
07-01-2026 15:00||NIFTY27JAN2626400CE,0.08573434213987213
07-01-2026 15:05||NIFTY27JAN2623800PE,0.18039598735720377
07-01-2026 15:05||NIFTY27JAN2624000PE,0.16866886745417262
07-01-2026 15:05||NIFTY27JAN2624100PE,0.1628374181090018
07-01-2026 15:05||NIFTY27JAN2624200PE,0.157337544700763
07-01-2026 15:05||NIFTY27JAN2624500PE,0.14212202704385907
07-01-2026 15:05||NIFTY27JAN2625400CE,0.11003585433177496
07-01-2026 15:05||NIFTY27JAN2626000CE,0.0923397752931485
07-01-2026 15:05||NIFTY27JAN2626200CE,0.08834029329190375
07-01-2026 15:05||NIFTY27JAN2626400CE,0.08533524048966604
07-01-2026 15:10||NIFTY27JAN2623800PE,0.17801409003433133
07-01-2026 15:10||NIFTY27JAN2624000PE,0.17009202436192605
07-01-2026 15:10||NIFTY27JAN2624400PE,0.14855368400543184
07-01-2026 15:10||NIFTY27JAN2624500PE,0.14286885860791146
07-01-2026 15:10||NIFTY27JAN2624600PE,0.13725405031815244
07-01-2026 15:10||NIFTY27JAN2625300CE,0.10528765010310238
07-01-2026 15:10||NIFTY27JAN2626500CE,0.08433285329362228
07-01-2026 15:15||NIFTY27JAN2624200PE,0.15999049598846998
07-01-2026 15:15||NIFTY27JAN2624900PE,0.1224479672242026
07-01-2026 15:15||NIFTY27JAN2625000PE,0.11813273135909447
07-01-2026 15:15||NIFTY27JAN2625100PE,0.11448255773632325
07-01-2026 15:15||NIFTY27JAN2625600CE,0.09565506392987377
07-01-2026 15:15||NIFTY27JAN2626100CE,0.08642570931390406
07-01-2026 15:15||NIFTY27JAN2626300CE,0.08396752860781537
07-01-2026 15:20||NIFTY27JAN2624000PE,0.16948191172192384
07-01-2026 15:20||NIFTY27JAN2624100PE,0.16464416487725278
07-01-2026 15:20||NIFTY27JAN2624500PE,0.1428218607470699
07-01-2026 15:20||NIFTY27JAN2625000PE,0.11601813489390858
07-01-2026 15:20||NIFTY27JAN2625800CE,0.09774015151037896
07-01-2026 15:20||NIFTY27JAN2625900CE,0.09529101689178139
07-01-2026 15:20||NIFTY27JAN2626000CE,0.09264732942523403
07-01-2026 15:20||NIFTY27JAN2626100CE,0.09011746659423198
07-01-2026 15:20||NIFTY27JAN2626300CE,0.086412095974196
07-01-2026 15:25||NIFTY27JAN2623900PE,0.1755102873790928
07-01-2026 15:25||NIFTY27JAN2624700PE,0.1317708927180235
07-01-2026 15:25||NIFTY27JAN2625000PE,0.11526920824809121
07-01-2026 15:25||NIFTY27JAN2625500CE,0.10657908489839162
07-01-2026 15:25||NIFTY27JAN2625700CE,0.09832190885939646
07-01-2026 15:25||NIFTY27JAN2625800CE,0.09520361315959669
07-01-2026 15:25||NIFTY27JAN2626100CE,0.08956336326382884
07-01-2026 15:25||NIFTY27JAN2626400CE,0.08280570863258667
07-01-2026 15:25||NIFTY27JAN2626500CE,0.08091958227654021
08-01-2026 09:15||NIFTY27JAN2624000PE,0.17184254908871832
08-01-2026 09:15||NIFTY27JAN2624100PE,0.16559192996444402
08-01-2026 09:15||NIFTY27JAN2624300PE,0.15367809598306412
08-01-2026 09:15||NIFTY27JAN2625100PE,0.10867610630740487
08-01-2026 09:15||NIFTY27JAN2625300CE,0.10193230213818297
08-01-2026 09:15||NIFTY27JAN2626300CE,0.08730034845222502
08-01-2026 09:15||NIFTY27JAN2626500CE,0.08411035720193621
08-01-2026 09:20||NIFTY27JAN2623800PE,0.1836858459053558
08-01-2026 09:20||NIFTY27JAN2624100PE,0.1659194841734742
08-01-2026 09:20||NIFTY27JAN2624300PE,0.15298156424172416
08-01-2026 09:20||NIFTY27JAN2624800PE,0.12591302073187866
08-01-2026 09:20||NIFTY27JAN2624900PE,0.12072120064126052
08-01-2026 09:20||NIFTY27JAN2625300CE,0.09161372286373949
08-01-2026 09:20||NIFTY27JAN2625900CE,0.08669514901024314
08-01-2026 09:20||NIFTY27JAN2626000CE,0.08576032380808009
08-01-2026 09:20||NIFTY27JAN2626400CE,0.08164177404466953
08-01-2026 09:20||NIFTY27JAN2626500CE,0.0805544448569595
08-01-2026 09:25||NIFTY27JAN2623900PE,0.17705747360838003
08-01-2026 09:25||NIFTY27JAN2624100PE,0.16514342862301307
08-01-2026 09:25||NIFTY27JAN2624200PE,0.15901040379143733
08-01-2026 09:25||NIFTY27JAN2624500PE,0.14019161185325535
08-01-2026 09:25||NIFTY27JAN2624800PE,0.12504285033255108
08-01-2026 09:25||NIFTY27JAN2625000PE,0.11479562500435472
08-01-2026 09:25||NIFTY27JAN2625300CE,0.10735721369853538
08-01-2026 09:25||NIFTY27JAN2625500CE,0.09836251668285068
08-01-2026 09:25||NIFTY27JAN2626200CE,0.08391254343096255
08-01-2026 09:25||NIFTY27JAN2626400CE,0.0827398680989232
08-01-2026 09:30||NIFTY27JAN2624100PE,0.16302556380511724
08-01-2026 09:30||NIFTY27JAN2624700PE,0.1288233502672944
08-01-2026 09:30||NIFTY27JAN2624800PE,0.12360510345834788
08-01-2026 09:30||NIFTY27JAN2624900PE,0.11846157891997221
08-01-2026 09:30||NIFTY27JAN2625000PE,0.11343859515138802
08-01-2026 09:30||NIFTY27JAN2625500CE,0.10154657925924379
08-01-2026 09:30||NIFTY27JAN2626200CE,0.0879333403110219
08-01-2026 09:30||NIFTY27JAN2626300CE,0.08675619940601415
08-01-2026 09:35||NIFTY27JAN2623900PE,0.17340138812548636
08-01-2026 09:35||NIFTY27JAN2624100PE,0.16233211547243528
08-01-2026 09:35||NIFTY27JAN2624400PE,0.14547688337806194
08-01-2026 09:35||NIFTY27JAN2625300CE,0.13542707989765435
08-01-2026 09:35||NIFTY27JAN2625400CE,0.12910041074087542
08-01-2026 09:35||NIFTY27JAN2626100CE,0.09667721664645285
08-01-2026 09:35||NIFTY27JAN2626200CE,0.09405385372742919
08-01-2026 09:35||NIFTY27JAN2626500CE,0.08745286060359293
08-01-2026 09:40||NIFTY27JAN2623800PE,0.18235342355427267
08-01-2026 09:40||NIFTY27JAN2624300PE,0.15245225489882241
08-01-2026 09:40||NIFTY27JAN2624800PE,0.12536682790898704
08-01-2026 09:40||NIFTY27JAN2624900PE,0.12015613956725085
08-01-2026 09:40||NIFTY27JAN2625000PE,0.11498385583468107
08-01-2026 09:40||NIFTY27JAN2625200CE,0.084099751801271
08-01-2026 09:40||NIFTY27JAN2625600CE,0.09551325966196919
08-01-2026 09:40||NIFTY27JAN2625700CE,0.0937363218525157
08-01-2026 09:40||NIFTY27JAN2626200CE,0.08627132937289883
08-01-2026 09:40||NIFTY27JAN2626400CE,0.08423034404597085
08-01-2026 09:45||NIFTY27JAN2624200PE,0.1591805671503071
08-01-2026 09:45||NIFTY27JAN2624500PE,0.1406328878416795
08-01-2026 09:45||NIFTY27JAN2624600PE,0.13513467931374762
08-01-2026 09:45||NIFTY27JAN2625400CE,0.10419212754240414
08-01-2026 09:45||NIFTY27JAN2625900CE,0.09367866207034195
08-01-2026 09:45||NIFTY27JAN2626200CE,0.08864371258291001
08-01-2026 09:45||NIFTY27JAN2626300CE,0.08707346856839782
08-01-2026 09:45||NIFTY27JAN2626500CE,0.0840431688090347
08-01-2026 09:50||NIFTY27JAN2624400PE,0.14634587062647383
08-01-2026 09:50||NIFTY27JAN2624700PE,0.13014048151464336
08-01-2026 09:50||NIFTY27JAN2625100PE,0.1087688095842688
08-01-2026 09:50||NIFTY27JAN2625500CE,0.11845992259851748
08-01-2026 09:50||NIFTY27JAN2625600CE,0.11410717470692909
08-01-2026 09:50||NIFTY27JAN2626400CE,0.088913632701477
08-01-2026 09:55||NIFTY27JAN2624100PE,0.1661078296080909
08-01-2026 09:55||NIFTY27JAN2624200PE,0.15996046074683073
08-01-2026 09:55||NIFTY27JAN2624600PE,0.13716194034213708
08-01-2026 09:55||NIFTY27JAN2625000PE,0.11593530620568505
08-01-2026 09:55||NIFTY27JAN2625100PE,0.11092050906879639
08-01-2026 09:55||NIFTY27JAN2625300CE,0.114170783053523
08-01-2026 09:55||NIFTY27JAN2625900CE,0.09296622509382146
08-01-2026 09:55||NIFTY27JAN2626000CE,0.09072679915405757
08-01-2026 09:55||NIFTY27JAN2626200CE,0.0872480048913255
08-01-2026 09:55||NIFTY27JAN2626300CE,0.08591214717665363
08-01-2026 10:00||NIFTY27JAN2624100PE,0.1650444585072942
08-01-2026 10:00||NIFTY27JAN2624600PE,0.13652499773720214
08-01-2026 10:00||NIFTY27JAN2625500CE,0.10384530721072874
08-01-2026 10:00||NIFTY27JAN2625900CE,0.08952203380723145
08-01-2026 10:00||NIFTY27JAN2626100CE,0.08590178302520363
08-01-2026 10:00||NIFTY27JAN2626200CE,0.0846653885243921
08-01-2026 10:00||NIFTY27JAN2626500CE,0.08314058465265303
08-01-2026 10:05||NIFTY27JAN2624800PE,0.12494872101231504
08-01-2026 10:05||NIFTY27JAN2625100PE,0.10892301715201379
08-01-2026 10:05||NIFTY27JAN2625500CE,0.10356766882253293
08-01-2026 10:05||NIFTY27JAN2625800CE,0.09157112740630133
08-01-2026 10:05||NIFTY27JAN2626000CE,0.08805867621126512
08-01-2026 10:05||NIFTY27JAN2626100CE,0.08682748814360611
08-01-2026 10:05||NIFTY27JAN2626500CE,0.08362124157314653
08-01-2026 10:10||NIFTY27JAN2624100PE,0.16354588720391278
08-01-2026 10:10||NIFTY27JAN2624700PE,0.12897130413173963
08-01-2026 10:10||NIFTY27JAN2625000PE,0.11281175053257514
08-01-2026 10:10||NIFTY27JAN2625100PE,0.1074904976950013
08-01-2026 10:10||NIFTY27JAN2625200CE,0.14539598613526653
08-01-2026 10:10||NIFTY27JAN2625600CE,0.11044494154067949
08-01-2026 10:10||NIFTY27JAN2625800CE,0.10155611771221132
08-01-2026 10:10||NIFTY27JAN2626400CE,0.08588180869559836
08-01-2026 10:15||NIFTY27JAN2625000PE,0.11444501725123132
08-01-2026 10:15||NIFTY27JAN2625100PE,0.10976101944555877
08-01-2026 10:15||NIFTY27JAN2625300CE,0.11641348074122336
08-01-2026 10:15||NIFTY27JAN2625600CE,0.09808573641576016
08-01-2026 10:15||NIFTY27JAN2625700CE,0.0942399910009512
08-01-2026 10:15||NIFTY27JAN2625800CE,0.09096430264876357
08-01-2026 10:15||NIFTY27JAN2626100CE,0.08621577410808898
08-01-2026 10:15||NIFTY27JAN2626500CE,0.08352686738585036
08-01-2026 10:20||NIFTY27JAN2624300PE,0.1512401732698816
08-01-2026 10:20||NIFTY27JAN2624900PE,0.11835966296047926
08-01-2026 10:20||NIFTY27JAN2625000PE,0.1131951293653259
08-01-2026 10:20||NIFTY27JAN2625200CE,0.11983030290701814
08-01-2026 10:20||NIFTY27JAN2625700CE,0.09997516469551421
08-01-2026 10:20||NIFTY27JAN2625800CE,0.09722724998985058
08-01-2026 10:20||NIFTY27JAN2626400CE,0.08631288048715915
08-01-2026 10:25||NIFTY27JAN2623900PE,0.17405846785152834
08-01-2026 10:25||NIFTY27JAN2624000PE,0.16860491920880633
08-01-2026 10:25||NIFTY27JAN2624400PE,0.14564190381327946
08-01-2026 10:25||NIFTY27JAN2624800PE,0.12346021125783521
08-01-2026 10:25||NIFTY27JAN2625000PE,0.11251056849944541
08-01-2026 10:25||NIFTY27JAN2625100PE,0.1071142730768271
08-01-2026 10:25||NIFTY27JAN2625200CE,0.1258696278259338
08-01-2026 10:25||NIFTY27JAN2625500CE,0.11114639277827199
08-01-2026 10:25||NIFTY27JAN2625600CE,0.10729735812801924
08-01-2026 10:25||NIFTY27JAN2625700CE,0.10359411103861238
08-01-2026 10:25||NIFTY27JAN2626100CE,0.09234629229333438
08-01-2026 10:25||NIFTY27JAN2626500CE,0.08649729835574027
08-01-2026 10:30||NIFTY27JAN2623800PE,0.17960099223989065
08-01-2026 10:30||NIFTY27JAN2624000PE,0.16922314231379176
08-01-2026 10:30||NIFTY27JAN2624200PE,0.15806362978860572
08-01-2026 10:30||NIFTY27JAN2624400PE,0.1459915476482878
08-01-2026 10:30||NIFTY27JAN2624500PE,0.14028525103203587
08-01-2026 10:30||NIFTY27JAN2625200CE,0.12883701139167553
08-01-2026 10:30||NIFTY27JAN2626000CE,0.09480861478176594
08-01-2026 10:30||NIFTY27JAN2626400CE,0.08721608490917196
08-01-2026 10:30||NIFTY27JAN2626500CE,0.08526915555443566
08-01-2026 10:35||NIFTY27JAN2624000PE,0.16934563647748585
08-01-2026 10:35||NIFTY27JAN2624200PE,0.15828562983706837
08-01-2026 10:35||NIFTY27JAN2625800CE,0.09576510387656055
08-01-2026 10:35||NIFTY27JAN2626300CE,0.08656674220817456
08-01-2026 10:35||NIFTY27JAN2626500CE,0.0838406356383943
08-01-2026 10:40||NIFTY27JAN2624000PE,0.16756578470289557
08-01-2026 10:40||NIFTY27JAN2624300PE,0.15110009257935467
08-01-2026 10:40||NIFTY27JAN2624400PE,0.14537898959079676
08-01-2026 10:40||NIFTY27JAN2624800PE,0.12330236931962034
08-01-2026 10:40||NIFTY27JAN2624900PE,0.11801580684344938
08-01-2026 10:40||NIFTY27JAN2625000PE,0.11288754749003413
08-01-2026 10:40||NIFTY27JAN2625500CE,0.11359025217500612
08-01-2026 10:40||NIFTY27JAN2625700CE,0.1036381733903714
08-01-2026 10:40||NIFTY27JAN2625900CE,0.09667666700602315
08-01-2026 10:40||NIFTY27JAN2626100CE,0.09216217547825954
08-01-2026 10:40||NIFTY27JAN2626300CE,0.08885022725565964
08-01-2026 10:40||NIFTY27JAN2626400CE,0.08743622268060594
08-01-2026 10:45||NIFTY27JAN2623900PE,0.1735134230850463
08-01-2026 10:45||NIFTY27JAN2624200PE,0.15769518030227683
08-01-2026 10:45||NIFTY27JAN2624300PE,0.1519255233300932
08-01-2026 10:45||NIFTY27JAN2624400PE,0.146055791340711
08-01-2026 10:45||NIFTY27JAN2625200CE,0.12775902423486474
08-01-2026 10:45||NIFTY27JAN2625300CE,0.12074193281517268
08-01-2026 10:45||NIFTY27JAN2625600CE,0.10475041627418841
08-01-2026 10:45||NIFTY27JAN2625900CE,0.09460450504319945
08-01-2026 10:45||NIFTY27JAN2626400CE,0.08701384202689445
08-01-2026 10:45||NIFTY27JAN2626500CE,0.08652481503135707
08-01-2026 10:50||NIFTY27JAN2623900PE,0.17319877019563695
08-01-2026 10:50||NIFTY27JAN2625200CE,0.11040198057711585
08-01-2026 10:50||NIFTY27JAN2625300CE,0.10769177430485273
08-01-2026 10:50||NIFTY27JAN2625500CE,0.10140022258991001
08-01-2026 10:50||NIFTY27JAN2625800CE,0.09644529451897596
08-01-2026 10:50||NIFTY27JAN2626100CE,0.0907353015602429
08-01-2026 10:50||NIFTY27JAN2626400CE,0.08581435210975567
08-01-2026 10:50||NIFTY27JAN2626500CE,0.08426420771447053
08-01-2026 10:55||NIFTY27JAN2624000PE,0.16690786163697968
08-01-2026 10:55||NIFTY27JAN2624100PE,0.16132915145333174
08-01-2026 10:55||NIFTY27JAN2624700PE,0.1287853111948759
08-01-2026 10:55||NIFTY27JAN2624800PE,0.12321945635211036
08-01-2026 10:55||NIFTY27JAN2625100PE,0.10809604367172766
08-01-2026 10:55||NIFTY27JAN2625400CE,0.1200500495929519
08-01-2026 10:55||NIFTY27JAN2625600CE,0.10653136317940602
08-01-2026 11:00||NIFTY27JAN2623800PE,0.17896185097926365
08-01-2026 11:00||NIFTY27JAN2623900PE,0.1733683618656257
08-01-2026 11:00||NIFTY27JAN2624000PE,0.1677093180202046
08-01-2026 11:00||NIFTY27JAN2624300PE,0.15060928403742596
08-01-2026 11:00||NIFTY27JAN2624600PE,0.13449131448182883
08-01-2026 11:00||NIFTY27JAN2625000PE,0.11419304588033542
08-01-2026 11:00||NIFTY27JAN2625100PE,0.10920750949385097
08-01-2026 11:00||NIFTY27JAN2625200CE,0.12284702756648298
08-01-2026 11:00||NIFTY27JAN2625800CE,0.09901738519052161
08-01-2026 11:00||NIFTY27JAN2626200CE,0.09021000533107454
08-01-2026 11:00||NIFTY27JAN2626500CE,0.08685824742546602
08-01-2026 11:05||NIFTY27JAN2623800PE,0.1832761882306522
08-01-2026 11:05||NIFTY27JAN2624200PE,0.15587056124289822
08-01-2026 11:05||NIFTY27JAN2624400PE,0.14487622302271852
08-01-2026 11:05||NIFTY27JAN2624800PE,0.12385422875297392
08-01-2026 11:05||NIFTY27JAN2624900PE,0.11874561421417537
08-01-2026 11:05||NIFTY27JAN2625100PE,0.10887741346473713
08-01-2026 11:05||NIFTY27JAN2625400CE,0.12085380876716204
08-01-2026 11:05||NIFTY27JAN2625600CE,0.1070138876047981
08-01-2026 11:05||NIFTY27JAN2625800CE,0.09919747733118617
08-01-2026 11:05||NIFTY27JAN2626000CE,0.09453567986618061
08-01-2026 11:05||NIFTY27JAN2626200CE,0.09105692445553136
08-01-2026 11:05||NIFTY27JAN2626300CE,0.08959601734498066
08-01-2026 11:10||NIFTY27JAN2623900PE,0.17345967119405556
08-01-2026 11:10||NIFTY27JAN2624000PE,0.16724041951179563
08-01-2026 11:10||NIFTY27JAN2624200PE,0.15583141216910149
08-01-2026 11:10||NIFTY27JAN2624300PE,0.1505629023637257
08-01-2026 11:10||NIFTY27JAN2624400PE,0.14540493900501578
08-01-2026 11:10||NIFTY27JAN2624600PE,0.13530025139511037
08-01-2026 11:10||NIFTY27JAN2624700PE,0.1303687576616676
08-01-2026 11:10||NIFTY27JAN2625200CE,0.1500615473456956
08-01-2026 11:10||NIFTY27JAN2625600CE,0.1046684255634372
08-01-2026 11:10||NIFTY27JAN2625800CE,0.09829892286084538
08-01-2026 11:10||NIFTY27JAN2625900CE,0.0958100448423445
08-01-2026 11:10||NIFTY27JAN2626000CE,0.09352104330933723
08-01-2026 11:15||NIFTY27JAN2624100PE,0.16482876258563525
08-01-2026 11:15||NIFTY27JAN2624200PE,0.15866930139854762
08-01-2026 11:15||NIFTY27JAN2624900PE,0.12105213104066721
08-01-2026 11:15||NIFTY27JAN2625200CE,0.13244344082613593
08-01-2026 11:15||NIFTY27JAN2626200CE,0.09001558903861656
08-01-2026 11:15||NIFTY27JAN2626300CE,0.08884024651510959
08-01-2026 11:15||NIFTY27JAN2626400CE,0.08781597189479792
08-01-2026 11:20||NIFTY27JAN2623800PE,0.18016610246339093
08-01-2026 11:20||NIFTY27JAN2624300PE,0.15431341892581324
08-01-2026 11:20||NIFTY27JAN2625700CE,0.09811579641678939
08-01-2026 11:20||NIFTY27JAN2625800CE,0.09583012570045116
08-01-2026 11:20||NIFTY27JAN2626400CE,0.09038752687554039
08-01-2026 11:20||NIFTY27JAN2626500CE,0.09057577307209184
08-01-2026 11:25||NIFTY27JAN2623800PE,0.1772897035243152
08-01-2026 11:25||NIFTY27JAN2624300PE,0.15370135866526058
08-01-2026 11:25||NIFTY27JAN2624400PE,0.14749635257661736
08-01-2026 11:25||NIFTY27JAN2624700PE,0.1311227961661535
08-01-2026 11:25||NIFTY27JAN2624800PE,0.1256430204870202
08-01-2026 11:25||NIFTY27JAN2625300CE,0.12848821347719963
08-01-2026 11:25||NIFTY27JAN2625400CE,0.12241949546617964
08-01-2026 11:25||NIFTY27JAN2626000CE,0.09773998171884561
08-01-2026 11:25||NIFTY27JAN2626200CE,0.09418649113615164
08-01-2026 11:25||NIFTY27JAN2626300CE,0.09266120705231634
08-01-2026 11:30||NIFTY27JAN2623800PE,0.18002549353896713
08-01-2026 11:30||NIFTY27JAN2624000PE,0.1694312359625236
08-01-2026 11:30||NIFTY27JAN2624100PE,0.16408376326248536
08-01-2026 11:30||NIFTY27JAN2624200PE,0.15858742291480407
08-01-2026 11:30||NIFTY27JAN2624600PE,0.13651306467043828
08-01-2026 11:30||NIFTY27JAN2625200CE,0.15549310916334444
08-01-2026 11:30||NIFTY27JAN2625400CE,0.1352459399344763
08-01-2026 11:30||NIFTY27JAN2625500CE,0.12656291567146977
08-01-2026 11:30||NIFTY27JAN2625600CE,0.11856097584118874
08-01-2026 11:30||NIFTY27JAN2625700CE,0.1111199794793773
08-01-2026 11:30||NIFTY27JAN2625800CE,0.10367392621902258
08-01-2026 11:30||NIFTY27JAN2626000CE,0.0971082712837231
08-01-2026 11:30||NIFTY27JAN2626100CE,0.09546085331038694
08-01-2026 11:35||NIFTY27JAN2623800PE,0.1809614096422531
08-01-2026 11:35||NIFTY27JAN2624100PE,0.1642604481266935
08-01-2026 11:35||NIFTY27JAN2624400PE,0.14655581540970228
08-01-2026 11:35||NIFTY27JAN2624500PE,0.1409568328155245
08-01-2026 11:35||NIFTY27JAN2624700PE,0.13018397019623368
08-01-2026 11:35||NIFTY27JAN2624900PE,0.11958402782650271
08-01-2026 11:35||NIFTY27JAN2625200CE,0.12809069360023698
08-01-2026 11:35||NIFTY27JAN2625300CE,0.12484439123245963
08-01-2026 11:35||NIFTY27JAN2625900CE,0.10169944580949877
08-01-2026 11:35||NIFTY27JAN2626300CE,0.09299888470304456
08-01-2026 11:35||NIFTY27JAN2626500CE,0.08969011040008372
08-01-2026 11:40||NIFTY27JAN2624100PE,0.16496773057385944
08-01-2026 11:40||NIFTY27JAN2624200PE,0.15898996354200934
08-01-2026 11:40||NIFTY27JAN2624400PE,0.14717021876944897
08-01-2026 11:40||NIFTY27JAN2624800PE,0.12518236889252748
08-01-2026 11:40||NIFTY27JAN2624900PE,0.1201454794704046
08-01-2026 11:40||NIFTY27JAN2625100PE,0.11056043791005597
08-01-2026 11:40||NIFTY27JAN2625600CE,0.10664503600362367
08-01-2026 11:40||NIFTY27JAN2625800CE,0.10003030849956682
08-01-2026 11:40||NIFTY27JAN2626500CE,0.08719104512641221
08-01-2026 11:45||NIFTY27JAN2624200PE,0.15795785824981964
08-01-2026 11:45||NIFTY27JAN2625300CE,0.11504885907543554
08-01-2026 11:45||NIFTY27JAN2625500CE,0.10852471691776361
08-01-2026 11:45||NIFTY27JAN2625900CE,0.09621227739616826
08-01-2026 11:45||NIFTY27JAN2626100CE,0.09294254832168111
08-01-2026 11:45||NIFTY27JAN2626300CE,0.09014561943485144
08-01-2026 11:45||NIFTY27JAN2626500CE,0.08901494193271986
08-01-2026 11:50||NIFTY27JAN2623800PE,0.179356159294941
08-01-2026 11:50||NIFTY27JAN2624300PE,0.15195957972602714
08-01-2026 11:50||NIFTY27JAN2624600PE,0.13496075107440142
08-01-2026 11:50||NIFTY27JAN2625700CE,0.10699242579641535
08-01-2026 11:50||NIFTY27JAN2625800CE,0.1036073286849401
08-01-2026 11:50||NIFTY27JAN2626000CE,0.09808181449255918
08-01-2026 11:50||NIFTY27JAN2626400CE,0.09172529599862375
08-01-2026 11:50||NIFTY27JAN2626500CE,0.09124252428587833
08-01-2026 11:55||NIFTY27JAN2623800PE,0.17959645307531086
08-01-2026 11:55||NIFTY27JAN2624200PE,0.15873473422460493
08-01-2026 11:55||NIFTY27JAN2624400PE,0.14743413657755042
08-01-2026 11:55||NIFTY27JAN2624700PE,0.1315031832478961
08-01-2026 11:55||NIFTY27JAN2625100PE,0.11201281553038694
08-01-2026 11:55||NIFTY27JAN2625400CE,0.10802373441339305
08-01-2026 11:55||NIFTY27JAN2625600CE,0.10105538231058409
08-01-2026 11:55||NIFTY27JAN2625800CE,0.09547397364089524
08-01-2026 12:00||NIFTY27JAN2624500PE,0.14173466376981636
08-01-2026 12:00||NIFTY27JAN2624600PE,0.13703140116675178
08-01-2026 12:00||NIFTY27JAN2624700PE,0.1322402326788287
08-01-2026 12:00||NIFTY27JAN2625000PE,0.11750606008641729
08-01-2026 12:00||NIFTY27JAN2625500CE,0.1059973805162977
08-01-2026 12:00||NIFTY27JAN2626000CE,0.09489685825573985
08-01-2026 12:00||NIFTY27JAN2626300CE,0.09173283755602214
08-01-2026 12:05||NIFTY27JAN2624000PE,0.16982512106173137
08-01-2026 12:05||NIFTY27JAN2624200PE,0.1564021019730909
08-01-2026 12:05||NIFTY27JAN2624500PE,0.1387248956075413
08-01-2026 12:05||NIFTY27JAN2624900PE,0.11964169517531695
08-01-2026 12:05||NIFTY27JAN2625300CE,0.1370654045841453
08-01-2026 12:05||NIFTY27JAN2625800CE,0.11078407820195592
08-01-2026 12:05||NIFTY27JAN2625900CE,0.10789121985700756
08-01-2026 12:05||NIFTY27JAN2626400CE,0.09779409660345773
08-01-2026 12:10||NIFTY27JAN2624000PE,0.17004230760983083
08-01-2026 12:10||NIFTY27JAN2624200PE,0.15772476723330614
08-01-2026 12:10||NIFTY27JAN2624400PE,0.14620641046946653
08-01-2026 12:10||NIFTY27JAN2625600CE,0.11444491768365928
08-01-2026 12:10||NIFTY27JAN2625700CE,0.11017252909056238
08-01-2026 12:15||NIFTY27JAN2624100PE,0.1666259255913383
08-01-2026 12:15||NIFTY27JAN2624300PE,0.15492944801080702
08-01-2026 12:15||NIFTY27JAN2624400PE,0.14944910699954045
08-01-2026 12:15||NIFTY27JAN2624900PE,0.12294408567585469
08-01-2026 12:15||NIFTY27JAN2625200CE,0.12866575197013738
08-01-2026 12:15||NIFTY27JAN2625400CE,0.11773824858115944
08-01-2026 12:15||NIFTY27JAN2625500CE,0.1130588390575934
08-01-2026 12:15||NIFTY27JAN2625700CE,0.10495281713242502
08-01-2026 12:20||NIFTY27JAN2624100PE,0.1688474354350018
08-01-2026 12:20||NIFTY27JAN2624800PE,0.1283857261092306
08-01-2026 12:20||NIFTY27JAN2625100PE,0.11416811912069631
08-01-2026 12:20||NIFTY27JAN2625800CE,0.10517710860576876
08-01-2026 12:20||NIFTY27JAN2625900CE,0.10257991633878003
08-01-2026 12:20||NIFTY27JAN2626100CE,0.09836924270506231
08-01-2026 12:20||NIFTY27JAN2626300CE,0.09546819339190021
08-01-2026 12:25||NIFTY27JAN2623800PE,0.18545841488637077
08-01-2026 12:25||NIFTY27JAN2624100PE,0.16826143206262628
08-01-2026 12:25||NIFTY27JAN2624400PE,0.1519890912620218
08-01-2026 12:25||NIFTY27JAN2624900PE,0.12325181975180656
08-01-2026 12:25||NIFTY27JAN2625700CE,0.1071032064318801
08-01-2026 12:25||NIFTY27JAN2626000CE,0.09955637031198278
08-01-2026 12:25||NIFTY27JAN2626400CE,0.09398394505784513
08-01-2026 12:30||NIFTY27JAN2624200PE,0.16410883447054883
08-01-2026 12:30||NIFTY27JAN2624300PE,0.1574877467087749
08-01-2026 12:30||NIFTY27JAN2624700PE,0.13515470077881875
08-01-2026 12:30||NIFTY27JAN2625100PE,0.11470943536966563
08-01-2026 12:30||NIFTY27JAN2625200CE,0.13134006888058236
08-01-2026 12:30||NIFTY27JAN2625400CE,0.11564100825115797
08-01-2026 12:30||NIFTY27JAN2625700CE,0.10202898698999359
08-01-2026 12:30||NIFTY27JAN2626000CE,0.09630062025616534
08-01-2026 12:35||NIFTY27JAN2624500PE,0.1444584939408219
08-01-2026 12:35||NIFTY27JAN2624800PE,0.12702871837184998
08-01-2026 12:35||NIFTY27JAN2625000PE,0.11692713759095155
08-01-2026 12:35||NIFTY27JAN2625400CE,0.1285514746161756
08-01-2026 12:35||NIFTY27JAN2625500CE,0.12247310424459026
08-01-2026 12:35||NIFTY27JAN2625800CE,0.10765676277245441
08-01-2026 12:35||NIFTY27JAN2626100CE,0.10040009041195563
08-01-2026 12:35||NIFTY27JAN2626200CE,0.09845053124247806
08-01-2026 12:35||NIFTY27JAN2626500CE,0.09353202040512099
08-01-2026 12:40||NIFTY27JAN2624100PE,0.16730864500865533
08-01-2026 12:40||NIFTY27JAN2624400PE,0.15106155834379692
08-01-2026 12:40||NIFTY27JAN2624800PE,0.1268152224373159
08-01-2026 12:40||NIFTY27JAN2625000PE,0.11706441454622574
08-01-2026 12:40||NIFTY27JAN2625200CE,0.13934287063555845
08-01-2026 12:40||NIFTY27JAN2625700CE,0.11094136762328707
08-01-2026 12:40||NIFTY27JAN2625800CE,0.10741360579055292
08-01-2026 12:40||NIFTY27JAN2626000CE,0.1015984128679833
08-01-2026 12:40||NIFTY27JAN2626400CE,0.09495007571535843
08-01-2026 12:45||NIFTY27JAN2624400PE,0.15145870549984297
08-01-2026 12:45||NIFTY27JAN2624600PE,0.13880049116092008
08-01-2026 12:45||NIFTY27JAN2624800PE,0.1278595390200897
08-01-2026 12:45||NIFTY27JAN2625000PE,0.11808127121429429
08-01-2026 12:45||NIFTY27JAN2625300CE,0.12507709390515823
08-01-2026 12:45||NIFTY27JAN2625800CE,0.10405589971612714
08-01-2026 12:45||NIFTY27JAN2625900CE,0.10192743898203217
08-01-2026 12:45||NIFTY27JAN2626100CE,0.09828623457036378
08-01-2026 12:45||NIFTY27JAN2626200CE,0.09656185811578225
08-01-2026 12:45||NIFTY27JAN2626300CE,0.09509804617401915
08-01-2026 12:50||NIFTY27JAN2623800PE,0.18690941640273195
08-01-2026 12:50||NIFTY27JAN2623900PE,0.18036448221093257
08-01-2026 12:50||NIFTY27JAN2624900PE,0.12221122379154642
08-01-2026 12:50||NIFTY27JAN2625100PE,0.11199048538469752
08-01-2026 12:50||NIFTY27JAN2625300CE,0.12177710710856729
08-01-2026 12:50||NIFTY27JAN2625600CE,0.11557442370160906
08-01-2026 12:50||NIFTY27JAN2626300CE,0.09705418583001135
08-01-2026 12:50||NIFTY27JAN2626400CE,0.09576086087173785
08-01-2026 12:55||NIFTY27JAN2624200PE,0.16241241190540848
08-01-2026 12:55||NIFTY27JAN2624300PE,0.1562115794340485
08-01-2026 12:55||NIFTY27JAN2624400PE,0.1500479434538405
08-01-2026 12:55||NIFTY27JAN2624600PE,0.13753821728359572
08-01-2026 12:55||NIFTY27JAN2625400CE,0.12698274232073264
08-01-2026 12:55||NIFTY27JAN2626100CE,0.09950569526983546
08-01-2026 13:00||NIFTY27JAN2624100PE,0.16822067320436332
08-01-2026 13:00||NIFTY27JAN2624200PE,0.1622806179508438
08-01-2026 13:00||NIFTY27JAN2624500PE,0.14393593699713758
08-01-2026 13:00||NIFTY27JAN2624600PE,0.13805596057442146
08-01-2026 13:00||NIFTY27JAN2624700PE,0.13231175383737637
08-01-2026 13:00||NIFTY27JAN2625000PE,0.11552192347962895
08-01-2026 13:00||NIFTY27JAN2625100PE,0.10982226608710594
08-01-2026 13:00||NIFTY27JAN2625400CE,0.13127856323508222
08-01-2026 13:00||NIFTY27JAN2625800CE,0.11107521923095924
08-01-2026 13:05||NIFTY27JAN2623800PE,0.18506006483824075
08-01-2026 13:05||NIFTY27JAN2624000PE,0.17406666838382756
08-01-2026 13:05||NIFTY27JAN2624500PE,0.14512460682942935
08-01-2026 13:05||NIFTY27JAN2624600PE,0.13866894838052746
08-01-2026 13:05||NIFTY27JAN2625100PE,0.11219578100882044
08-01-2026 13:05||NIFTY27JAN2625700CE,0.10785405456292774
08-01-2026 13:05||NIFTY27JAN2625800CE,0.10560141777931822
08-01-2026 13:05||NIFTY27JAN2626000CE,0.10137029909298759
08-01-2026 13:05||NIFTY27JAN2626100CE,0.09922011002066952
08-01-2026 13:05||NIFTY27JAN2626200CE,0.09718857794505556
08-01-2026 13:05||NIFTY27JAN2626300CE,0.09538907366887409
08-01-2026 13:10||NIFTY27JAN2624100PE,0.16823938530273663
08-01-2026 13:10||NIFTY27JAN2624900PE,0.1215526416877106
08-01-2026 13:10||NIFTY27JAN2625400CE,0.12313106820226818
08-01-2026 13:10||NIFTY27JAN2625700CE,0.10857879799551963
08-01-2026 13:10||NIFTY27JAN2625800CE,0.10625553378178737
08-01-2026 13:10||NIFTY27JAN2626100CE,0.09930884444837854
08-01-2026 13:10||NIFTY27JAN2626200CE,0.09753862609662556
08-01-2026 13:15||NIFTY27JAN2623800PE,0.1886555451771772
08-01-2026 13:15||NIFTY27JAN2623900PE,0.18226871770091133
08-01-2026 13:15||NIFTY27JAN2624000PE,0.1760375490872681
08-01-2026 13:15||NIFTY27JAN2624300PE,0.15779477068667386
08-01-2026 13:15||NIFTY27JAN2625000PE,0.1167853730297246
08-01-2026 13:15||NIFTY27JAN2625500CE,0.11534673072031332
08-01-2026 13:15||NIFTY27JAN2625900CE,0.10104132902666546
08-01-2026 13:15||NIFTY27JAN2626300CE,0.09435816501678689
08-01-2026 13:15||NIFTY27JAN2626500CE,0.09158729673766317
08-01-2026 13:20||NIFTY27JAN2623800PE,0.18367128143663955
08-01-2026 13:20||NIFTY27JAN2624000PE,0.1738137279331854
08-01-2026 13:20||NIFTY27JAN2624400PE,0.15074584454079487
08-01-2026 13:20||NIFTY27JAN2625000PE,0.11657041396961716
08-01-2026 13:20||NIFTY27JAN2625300CE,0.1317552698373141
08-01-2026 13:20||NIFTY27JAN2625400CE,0.12351762263902918
08-01-2026 13:20||NIFTY27JAN2625500CE,0.11627287791638313
08-01-2026 13:20||NIFTY27JAN2626000CE,0.09962936714544475
08-01-2026 13:20||NIFTY27JAN2626200CE,0.09637158750318742
08-01-2026 13:25||NIFTY27JAN2624200PE,0.16347371514157
08-01-2026 13:25||NIFTY27JAN2624600PE,0.14015750766078822
08-01-2026 13:25||NIFTY27JAN2624700PE,0.1346557574849215
08-01-2026 13:25||NIFTY27JAN2624900PE,0.1238059665602399
08-01-2026 13:25||NIFTY27JAN2625000PE,0.11845286200657654
08-01-2026 13:25||NIFTY27JAN2625200CE,0.12190977851251622
08-01-2026 13:25||NIFTY27JAN2625400CE,0.11222142152338246
08-01-2026 13:25||NIFTY27JAN2625500CE,0.10826653870545158
08-01-2026 13:25||NIFTY27JAN2625900CE,0.0983101429468803
08-01-2026 13:25||NIFTY27JAN2626000CE,0.09699434789408876
08-01-2026 13:25||NIFTY27JAN2626100CE,0.09573726882404085
08-01-2026 13:25||NIFTY27JAN2626300CE,0.09323623966950045
08-01-2026 13:30||NIFTY27JAN2624000PE,0.17227216857832162
08-01-2026 13:30||NIFTY27JAN2624300PE,0.15496624453775715
08-01-2026 13:30||NIFTY27JAN2624400PE,0.14866466666090133
08-01-2026 13:30||NIFTY27JAN2624700PE,0.13071544968010143
08-01-2026 13:30||NIFTY27JAN2625600CE,0.11822361458101943
08-01-2026 13:30||NIFTY27JAN2625700CE,0.1137418372776046
08-01-2026 13:30||NIFTY27JAN2626100CE,0.10134196932647459
08-01-2026 13:30||NIFTY27JAN2626500CE,0.09298820308456476
08-01-2026 13:35||NIFTY27JAN2623800PE,0.18142439194777488
08-01-2026 13:35||NIFTY27JAN2624600PE,0.13739778554715804
08-01-2026 13:35||NIFTY27JAN2624700PE,0.13196991290655688
08-01-2026 13:35||NIFTY27JAN2624800PE,0.12651694862275173
08-01-2026 13:35||NIFTY27JAN2624900PE,0.12108066917962415
08-01-2026 13:35||NIFTY27JAN2625300CE,0.12429527813570969
08-01-2026 13:35||NIFTY27JAN2626200CE,0.09665224701589226
08-01-2026 13:40||NIFTY27JAN2624100PE,0.16770058257036335
08-01-2026 13:40||NIFTY27JAN2624800PE,0.12531314779728758
08-01-2026 13:40||NIFTY27JAN2624900PE,0.12014857052111495
08-01-2026 13:40||NIFTY27JAN2625300CE,0.12643931645040976
08-01-2026 13:40||NIFTY27JAN2625600CE,0.11349851482892287
08-01-2026 13:40||NIFTY27JAN2625700CE,0.10922051241155604
08-01-2026 13:40||NIFTY27JAN2626000CE,0.10124847481127888
08-01-2026 13:40||NIFTY27JAN2626200CE,0.09753755181000068
08-01-2026 13:40||NIFTY27JAN2626300CE,0.0959028405834148
08-01-2026 13:45||NIFTY27JAN2623900PE,0.17917071740419788
08-01-2026 13:45||NIFTY27JAN2624000PE,0.17340208735218055
08-01-2026 13:45||NIFTY27JAN2624600PE,0.1368897599179716
08-01-2026 13:45||NIFTY27JAN2624700PE,0.131093987077374
08-01-2026 13:45||NIFTY27JAN2625100PE,0.1084902818223614
08-01-2026 13:45||NIFTY27JAN2625600CE,0.11257326121030933
08-01-2026 13:45||NIFTY27JAN2625700CE,0.10921218184557549
08-01-2026 13:45||NIFTY27JAN2626200CE,0.09741740583957459
08-01-2026 13:50||NIFTY27JAN2624600PE,0.13577198774665677
08-01-2026 13:50||NIFTY27JAN2625500CE,0.1173177226784202
08-01-2026 13:55||NIFTY27JAN2624200PE,0.16142137537450735
08-01-2026 13:55||NIFTY27JAN2624600PE,0.13581141677856354
08-01-2026 13:55||NIFTY27JAN2625000PE,0.11395096228889828
08-01-2026 13:55||NIFTY27JAN2625100PE,0.10864962044706905
08-01-2026 13:55||NIFTY27JAN2625200CE,0.1310865236900513
08-01-2026 13:55||NIFTY27JAN2625300CE,0.12522636398843476
08-01-2026 13:55||NIFTY27JAN2625400CE,0.11989828042169126
08-01-2026 13:55||NIFTY27JAN2625700CE,0.10684335367485503
08-01-2026 14:00||NIFTY27JAN2623800PE,0.18115012515888856
08-01-2026 14:00||NIFTY27JAN2623900PE,0.17693714910585942
08-01-2026 14:00||NIFTY27JAN2624000PE,0.17246227756294485
08-01-2026 14:00||NIFTY27JAN2624900PE,0.12045565434342749
08-01-2026 14:00||NIFTY27JAN2625300CE,0.10874761528737513
08-01-2026 14:00||NIFTY27JAN2625400CE,0.10890922743342983
08-01-2026 14:00||NIFTY27JAN2625900CE,0.09936810946322698
08-01-2026 14:00||NIFTY27JAN2626000CE,0.09746503793494396
08-01-2026 14:00||NIFTY27JAN2626100CE,0.09572734488195034
08-01-2026 14:00||NIFTY27JAN2626200CE,0.09415460209330728
08-01-2026 14:00||NIFTY27JAN2626300CE,0.09274701657634739
08-01-2026 14:05||NIFTY27JAN2623800PE,0.18472636604423298
08-01-2026 14:05||NIFTY27JAN2623900PE,0.17903266548669386
08-01-2026 14:05||NIFTY27JAN2624400PE,0.14828490926491195
08-01-2026 14:05||NIFTY27JAN2624500PE,0.14232662625493137
08-01-2026 14:05||NIFTY27JAN2625000PE,0.11482374622763956
08-01-2026 14:05||NIFTY27JAN2625300CE,0.11293198518376704
08-01-2026 14:05||NIFTY27JAN2625900CE,0.09812275347181014
08-01-2026 14:05||NIFTY27JAN2626000CE,0.09644119338948079
08-01-2026 14:05||NIFTY27JAN2626200CE,0.09326278830184515
08-01-2026 14:05||NIFTY27JAN2626300CE,0.09174498929982818
08-01-2026 14:05||NIFTY27JAN2626500CE,0.08861977900027135
08-01-2026 14:10||NIFTY27JAN2624300PE,0.15401740688863907
08-01-2026 14:10||NIFTY27JAN2624800PE,0.12436504369393875
08-01-2026 14:10||NIFTY27JAN2625000PE,0.1141177471834878
08-01-2026 14:10||NIFTY27JAN2625200CE,0.13601169437931876
08-01-2026 14:10||NIFTY27JAN2625300CE,0.12990093786189702
08-01-2026 14:10||NIFTY27JAN2625400CE,0.12423215116792719
08-01-2026 14:10||NIFTY27JAN2625700CE,0.11010760499965537
08-01-2026 14:15||NIFTY27JAN2623800PE,0.18371451972274241
08-01-2026 14:15||NIFTY27JAN2623900PE,0.17806417776307226
08-01-2026 14:15||NIFTY27JAN2624200PE,0.16045601579746704
08-01-2026 14:15||NIFTY27JAN2624300PE,0.15431812411414042
08-01-2026 14:15||NIFTY27JAN2624400PE,0.14808342022048468
08-01-2026 14:15||NIFTY27JAN2625000PE,0.11310927535697249
08-01-2026 14:15||NIFTY27JAN2625200CE,0.12292422299022805
08-01-2026 14:15||NIFTY27JAN2625600CE,0.11439975035556388
08-01-2026 14:15||NIFTY27JAN2625900CE,0.10238878019551967
08-01-2026 14:15||NIFTY27JAN2626100CE,0.09753269077360754
08-01-2026 14:15||NIFTY27JAN2626400CE,0.09217149455426252
08-01-2026 14:20||NIFTY27JAN2624500PE,0.14104421853496807
08-01-2026 14:20||NIFTY27JAN2624700PE,0.12946012317165212
08-01-2026 14:20||NIFTY27JAN2624900PE,0.11803633398386204
08-01-2026 14:20||NIFTY27JAN2625000PE,0.11225547979092443
08-01-2026 14:20||NIFTY27JAN2625100PE,0.1065143061917538
08-01-2026 14:20||NIFTY27JAN2625700CE,0.10515921842877671
08-01-2026 14:20||NIFTY27JAN2626400CE,0.08936682634952872
08-01-2026 14:25||NIFTY27JAN2624100PE,0.1662240255460385
08-01-2026 14:25||NIFTY27JAN2624600PE,0.13640153451675213
08-01-2026 14:25||NIFTY27JAN2624800PE,0.12486528935263887
08-01-2026 14:25||NIFTY27JAN2625200CE,0.13366216730802521
08-01-2026 14:25||NIFTY27JAN2625600CE,0.10691532025929237
08-01-2026 14:25||NIFTY27JAN2625900CE,0.09903786163020696
08-01-2026 14:25||NIFTY27JAN2626000CE,0.0968445787369333
08-01-2026 14:25||NIFTY27JAN2626100CE,0.09477870807040009
08-01-2026 14:30||NIFTY27JAN2624300PE,0.15277017668252343
08-01-2026 14:30||NIFTY27JAN2624500PE,0.14007057517072707
08-01-2026 14:30||NIFTY27JAN2625600CE,0.12155282380332078
08-01-2026 14:30||NIFTY27JAN2626200CE,0.09829312588002795
08-01-2026 14:30||NIFTY27JAN2626400CE,0.09397068791302485
08-01-2026 14:30||NIFTY27JAN2626500CE,0.09222682525287249
08-01-2026 14:35||NIFTY27JAN2624200PE,0.16001902022268566
08-01-2026 14:35||NIFTY27JAN2624800PE,0.12370854046969026
08-01-2026 14:35||NIFTY27JAN2625100PE,0.10922898779561574
08-01-2026 14:35||NIFTY27JAN2625400CE,0.11780993742580026
08-01-2026 14:35||NIFTY27JAN2626000CE,0.09758332268184225
08-01-2026 14:35||NIFTY27JAN2626100CE,0.0954869607844406
08-01-2026 14:40||NIFTY27JAN2624000PE,0.17120786053434797
08-01-2026 14:40||NIFTY27JAN2624200PE,0.15941173437832779
08-01-2026 14:40||NIFTY27JAN2624600PE,0.13493824340942578
08-01-2026 14:40||NIFTY27JAN2625000PE,0.11287375964959084
08-01-2026 14:40||NIFTY27JAN2625300CE,0.12020564471327427
08-01-2026 14:40||NIFTY27JAN2625400CE,0.11622667252534086
08-01-2026 14:40||NIFTY27JAN2625500CE,0.11242329125415007
08-01-2026 14:40||NIFTY27JAN2626200CE,0.09320412426669206
08-01-2026 14:40||NIFTY27JAN2626300CE,0.09154447561914625
08-01-2026 14:45||NIFTY27JAN2624000PE,0.17020663076077158
08-01-2026 14:45||NIFTY27JAN2624700PE,0.12857053835057253
08-01-2026 14:45||NIFTY27JAN2625000PE,0.1122709205924976
08-01-2026 14:45||NIFTY27JAN2625200CE,0.1283388268422069
08-01-2026 14:45||NIFTY27JAN2625300CE,0.12382907589460423
08-01-2026 14:45||NIFTY27JAN2625700CE,0.10629117378075398
08-01-2026 14:50||NIFTY27JAN2624100PE,0.16541530812470923
08-01-2026 14:50||NIFTY27JAN2624300PE,0.15327771035727433
08-01-2026 14:50||NIFTY27JAN2625000PE,0.11304775583800278
08-01-2026 14:50||NIFTY27JAN2625100PE,0.10805374272005022
08-01-2026 14:50||NIFTY27JAN2625400CE,0.11429739564210871
08-01-2026 14:50||NIFTY27JAN2625500CE,0.10926146643135727
08-01-2026 14:50||NIFTY27JAN2625600CE,0.10412603521701527
08-01-2026 14:50||NIFTY27JAN2626000CE,0.0935416942839366
08-01-2026 14:50||NIFTY27JAN2626200CE,0.09056623085114263
08-01-2026 14:55||NIFTY27JAN2626000CE,0.09573399446987431
08-01-2026 14:55||NIFTY27JAN2626300CE,0.09090511218375087
08-01-2026 15:00||NIFTY27JAN2623900PE,0.17531129232468604
08-01-2026 15:00||NIFTY27JAN2624000PE,0.16947542856128567
08-01-2026 15:00||NIFTY27JAN2624100PE,0.1634552517410787
08-01-2026 15:00||NIFTY27JAN2624900PE,0.1162971038683365
08-01-2026 15:00||NIFTY27JAN2625000PE,0.11073955055476967
08-01-2026 15:00||NIFTY27JAN2625100PE,0.10524081921723863
08-01-2026 15:00||NIFTY27JAN2625200CE,0.13278580208256088
08-01-2026 15:00||NIFTY27JAN2625600CE,0.09941597085054216
08-01-2026 15:00||NIFTY27JAN2625700CE,0.09672859406300977
08-01-2026 15:00||NIFTY27JAN2626300CE,0.08863992752595508
08-01-2026 15:00||NIFTY27JAN2626400CE,0.08813273591246948
08-01-2026 15:05||NIFTY27JAN2624200PE,0.15421910710458125
08-01-2026 15:05||NIFTY27JAN2624300PE,0.14827050413183687
08-01-2026 15:05||NIFTY27JAN2624400PE,0.14241120995850318
08-01-2026 15:05||NIFTY27JAN2624500PE,0.13667099224471568
08-01-2026 15:05||NIFTY27JAN2624700PE,0.12563314934037406
08-01-2026 15:05||NIFTY27JAN2624800PE,0.12034280201835582
08-01-2026 15:05||NIFTY27JAN2624900PE,0.11519838859215803
08-01-2026 15:05||NIFTY27JAN2626000CE,0.0986984942648543
08-01-2026 15:05||NIFTY27JAN2626100CE,0.09691100004802106
08-01-2026 15:05||NIFTY27JAN2626200CE,0.09519492601412699
08-01-2026 15:10||NIFTY27JAN2624000PE,0.1664791695988072
08-01-2026 15:10||NIFTY27JAN2624100PE,0.16077231364450306
08-01-2026 15:10||NIFTY27JAN2624200PE,0.1550141209573898
08-01-2026 15:10||NIFTY27JAN2624500PE,0.13712344433040904
08-01-2026 15:10||NIFTY27JAN2624600PE,0.13119654341260056
08-01-2026 15:10||NIFTY27JAN2625100PE,0.10556614909291873
08-01-2026 15:10||NIFTY27JAN2625700CE,0.10439090459222758
08-01-2026 15:10||NIFTY27JAN2626000CE,0.09691646842576894
08-01-2026 15:10||NIFTY27JAN2626100CE,0.09519107910272159
08-01-2026 15:10||NIFTY27JAN2626300CE,0.09227006172978185
08-01-2026 15:10||NIFTY27JAN2626500CE,0.09023407705727263
08-01-2026 15:15||NIFTY27JAN2624000PE,0.16540545323947914
08-01-2026 15:15||NIFTY27JAN2624700PE,0.12595412305768405
08-01-2026 15:15||NIFTY27JAN2624800PE,0.1207854969196633
08-01-2026 15:15||NIFTY27JAN2625100PE,0.1054175330894747
08-01-2026 15:15||NIFTY27JAN2625500CE,0.11087129445124813
08-01-2026 15:15||NIFTY27JAN2626100CE,0.09438629911648103
08-01-2026 15:20||NIFTY27JAN2624000PE,0.16676228118292624
08-01-2026 15:20||NIFTY27JAN2624500PE,0.13697278772725086
08-01-2026 15:20||NIFTY27JAN2624800PE,0.1205493534489784
08-01-2026 15:20||NIFTY27JAN2625000PE,0.11115404077302041
08-01-2026 15:20||NIFTY27JAN2625600CE,0.10506546204113193
08-01-2026 15:20||NIFTY27JAN2625800CE,0.09884822351197903
08-01-2026 15:20||NIFTY27JAN2626100CE,0.0928941416153276
08-01-2026 15:20||NIFTY27JAN2626400CE,0.08994198023494811
08-01-2026 15:20||NIFTY27JAN2626500CE,0.08971172222543157
08-01-2026 15:25||NIFTY27JAN2623800PE,0.18120769893179245
08-01-2026 15:25||NIFTY27JAN2624100PE,0.16002549178058817
08-01-2026 15:25||NIFTY27JAN2624300PE,0.14934551574064558
08-01-2026 15:25||NIFTY27JAN2624600PE,0.1317286539537525
08-01-2026 15:25||NIFTY27JAN2625100PE,0.10775542169854929
08-01-2026 15:25||NIFTY27JAN2625600CE,0.10231622447331779
08-01-2026 15:25||NIFTY27JAN2625800CE,0.09627507575619292
08-01-2026 15:25||NIFTY27JAN2626100CE,0.09221264943269135
09-01-2026 09:15||NIFTY27JAN2624400PE,0.14515031997303407
09-01-2026 09:15||NIFTY27JAN2624600PE,0.1331315949731241
09-01-2026 09:15||NIFTY27JAN2625000PE,0.1122118697252944
09-01-2026 09:15||NIFTY27JAN2625400CE,0.12432546699512262
09-01-2026 09:15||NIFTY27JAN2625500CE,0.12020384169348164
09-01-2026 09:15||NIFTY27JAN2625800CE,0.10751522085790786
09-01-2026 09:15||NIFTY27JAN2626300CE,0.09499567957609686
09-01-2026 09:15||NIFTY27JAN2626400CE,0.09374784050983925
09-01-2026 09:20||NIFTY27JAN2624100PE,0.16371082358850203
09-01-2026 09:20||NIFTY27JAN2624200PE,0.15773918599470588
09-01-2026 09:20||NIFTY27JAN2624800PE,0.12446487420171466
09-01-2026 09:20||NIFTY27JAN2625000PE,0.11586249813404242
09-01-2026 09:20||NIFTY27JAN2625100PE,0.11240688868430514
09-01-2026 09:20||NIFTY27JAN2625300CE,0.11160317441725345
09-01-2026 09:20||NIFTY27JAN2625600CE,0.09043091957598998
09-01-2026 09:20||NIFTY27JAN2626000CE,0.08601194217817021
09-01-2026 09:25||NIFTY27JAN2624100PE,0.16047644953008028
09-01-2026 09:25||NIFTY27JAN2625000PE,0.11181914345259823
09-01-2026 09:25||NIFTY27JAN2625400CE,0.11984840343474772
09-01-2026 09:25||NIFTY27JAN2626100CE,0.09457908758450098
09-01-2026 09:30||NIFTY27JAN2623800PE,0.1786247836821841
09-01-2026 09:30||NIFTY27JAN2623900PE,0.17231045720070548
09-01-2026 09:30||NIFTY27JAN2624300PE,0.14912807697783534
09-01-2026 09:30||NIFTY27JAN2624500PE,0.13745858235818365
09-01-2026 09:30||NIFTY27JAN2624600PE,0.13178674872384094
09-01-2026 09:30||NIFTY27JAN2625300CE,0.11339614012008933
09-01-2026 09:30||NIFTY27JAN2625400CE,0.11053843360102071
09-01-2026 09:30||NIFTY27JAN2625500CE,0.10772854798843144
09-01-2026 09:30||NIFTY27JAN2625700CE,0.1023573748367449
09-01-2026 09:30||NIFTY27JAN2626100CE,0.09354441089715651
09-01-2026 09:30||NIFTY27JAN2626400CE,0.09061454352032985
09-01-2026 09:35||NIFTY27JAN2624400PE,0.14139871725934322
09-01-2026 09:35||NIFTY27JAN2624800PE,0.11975611576825784
09-01-2026 09:35||NIFTY27JAN2625100PE,0.1060937763198709
09-01-2026 09:35||NIFTY27JAN2626000CE,0.09839485196504735
09-01-2026 09:35||NIFTY27JAN2626200CE,0.09488622749688155
09-01-2026 09:40||NIFTY27JAN2625200CE,0.16473623462160905
09-01-2026 09:40||NIFTY27JAN2625500CE,0.13573458300124536
09-01-2026 09:40||NIFTY27JAN2625600CE,0.13020040179157277
09-01-2026 09:40||NIFTY27JAN2625700CE,0.12513557436751482
09-01-2026 09:40||NIFTY27JAN2625900CE,0.11472199087154522
09-01-2026 09:40||NIFTY27JAN2626200CE,0.10398777303672671
09-01-2026 09:40||NIFTY27JAN2626400CE,0.09999150993782838
09-01-2026 09:45||NIFTY27JAN2624000PE,0.1647367211857641
09-01-2026 09:45||NIFTY27JAN2624300PE,0.14726554982513385
09-01-2026 09:45||NIFTY27JAN2624400PE,0.14117026320980836
09-01-2026 09:45||NIFTY27JAN2624700PE,0.12396919691399809
09-01-2026 09:45||NIFTY27JAN2624900PE,0.11360091738098627
09-01-2026 09:45||NIFTY27JAN2625100PE,0.10320154634197648
09-01-2026 09:45||NIFTY27JAN2625600CE,0.12341943091189393
09-01-2026 09:45||NIFTY27JAN2625900CE,0.10941156307026717
09-01-2026 09:50||NIFTY27JAN2623800PE,0.17475454854450773
09-01-2026 09:50||NIFTY27JAN2624100PE,0.15982434860102418
09-01-2026 09:50||NIFTY27JAN2624400PE,0.14230275918714658
09-01-2026 09:50||NIFTY27JAN2624600PE,0.13042156118980588
09-01-2026 09:50||NIFTY27JAN2624700PE,0.12496846268611222
09-01-2026 09:50||NIFTY27JAN2624900PE,0.11474900078602286
09-01-2026 09:50||NIFTY27JAN2625300CE,0.13801236392663613
09-01-2026 09:50||NIFTY27JAN2625500CE,0.12471602455020647
09-01-2026 09:50||NIFTY27JAN2625600CE,0.11970386905544221
09-01-2026 09:50||NIFTY27JAN2626000CE,0.10337941815012569
09-01-2026 09:50||NIFTY27JAN2626100CE,0.10060765499029012
09-01-2026 09:50||NIFTY27JAN2626400CE,0.09427152972806632
09-01-2026 09:50||NIFTY27JAN2626500CE,0.09309533490247544
09-01-2026 09:55||NIFTY27JAN2623800PE,0.17819601582310335
09-01-2026 09:55||NIFTY27JAN2624500PE,0.13756909208905838
09-01-2026 09:55||NIFTY27JAN2624800PE,0.12087874022859363
09-01-2026 09:55||NIFTY27JAN2624900PE,0.11583692219985331
09-01-2026 09:55||NIFTY27JAN2625000PE,0.11110831776083266
09-01-2026 09:55||NIFTY27JAN2625200CE,0.1381438891631014
09-01-2026 10:00||NIFTY27JAN2624100PE,0.1624642770547392
09-01-2026 10:00||NIFTY27JAN2624300PE,0.149877492239828
09-01-2026 10:00||NIFTY27JAN2624800PE,0.12183040974056547
09-01-2026 10:00||NIFTY27JAN2625100PE,0.10798084967989585
09-01-2026 10:00||NIFTY27JAN2625200CE,0.1125544834587036
09-01-2026 10:00||NIFTY27JAN2625500CE,0.10607578696322637
09-01-2026 10:00||NIFTY27JAN2626100CE,0.09309828012326306
09-01-2026 10:00||NIFTY27JAN2626400CE,0.09001360380198414
09-01-2026 10:05||NIFTY27JAN2624500PE,0.13634462530078667
09-01-2026 10:05||NIFTY27JAN2624800PE,0.11959269216963406
09-01-2026 10:05||NIFTY27JAN2625000PE,0.1098674185548526
09-01-2026 10:05||NIFTY27JAN2625600CE,0.12103061819492618
09-01-2026 10:05||NIFTY27JAN2626100CE,0.10010620043482552
09-01-2026 10:10||NIFTY27JAN2624400PE,0.1434552792361135
09-01-2026 10:10||NIFTY27JAN2624500PE,0.13757464657544882
09-01-2026 10:10||NIFTY27JAN2624800PE,0.12092114958761999
09-01-2026 10:10||NIFTY27JAN2625400CE,0.11693891866977872
09-01-2026 10:10||NIFTY27JAN2625700CE,0.10309573366691954
09-01-2026 10:10||NIFTY27JAN2626300CE,0.0912528284238878
09-01-2026 10:10||NIFTY27JAN2626400CE,0.09054674653023972
09-01-2026 10:15||NIFTY27JAN2624600PE,0.13140383943540265
09-01-2026 10:15||NIFTY27JAN2624900PE,0.11596854326548375
09-01-2026 10:15||NIFTY27JAN2625100PE,0.10694229397853385
09-01-2026 10:15||NIFTY27JAN2625400CE,0.11838302492248154
09-01-2026 10:15||NIFTY27JAN2625600CE,0.10901830431204995
09-01-2026 10:15||NIFTY27JAN2626200CE,0.0926720358381386
09-01-2026 10:15||NIFTY27JAN2626300CE,0.09137782636691269
09-01-2026 10:20||NIFTY27JAN2623900PE,0.17333643968749346
09-01-2026 10:20||NIFTY27JAN2624000PE,0.1672779343224069
09-01-2026 10:20||NIFTY27JAN2624300PE,0.14807476123156202
09-01-2026 10:20||NIFTY27JAN2625200CE,0.14424671965110716
09-01-2026 10:20||NIFTY27JAN2625700CE,0.11345246509774155
09-01-2026 10:25||NIFTY27JAN2623900PE,0.17361621201378172
09-01-2026 10:25||NIFTY27JAN2624200PE,0.1552199561529148
09-01-2026 10:25||NIFTY27JAN2625000PE,0.10950248333310672
09-01-2026 10:25||NIFTY27JAN2625400CE,0.13512278852766518
09-01-2026 10:25||NIFTY27JAN2625600CE,0.1213702640279599
09-01-2026 10:25||NIFTY27JAN2626200CE,0.09730193384162664
09-01-2026 10:25||NIFTY27JAN2626500CE,0.09268241018102154
09-01-2026 10:30||NIFTY27JAN2624300PE,0.1500511256564762
09-01-2026 10:30||NIFTY27JAN2624500PE,0.13836632695611764
09-01-2026 10:30||NIFTY27JAN2624700PE,0.12711295681561335
09-01-2026 10:30||NIFTY27JAN2624900PE,0.11726438650810517
09-01-2026 10:30||NIFTY27JAN2625300CE,0.13348879382520498
09-01-2026 10:30||NIFTY27JAN2625900CE,0.0940504782599075
09-01-2026 10:35||NIFTY27JAN2624300PE,0.14914382264163412
09-01-2026 10:35||NIFTY27JAN2624800PE,0.12019028145930966
09-01-2026 10:35||NIFTY27JAN2625600CE,0.10957591248490807
09-01-2026 10:35||NIFTY27JAN2626300CE,0.09174824508614804
09-01-2026 10:40||NIFTY27JAN2624000PE,0.16606884811957434
09-01-2026 10:40||NIFTY27JAN2624700PE,0.12505586813388417
09-01-2026 10:40||NIFTY27JAN2625000PE,0.10950095632830625
09-01-2026 10:40||NIFTY27JAN2625400CE,0.12441044143568115
09-01-2026 10:40||NIFTY27JAN2625500CE,0.11811229755956515
09-01-2026 10:40||NIFTY27JAN2626000CE,0.09760443025423118
09-01-2026 10:40||NIFTY27JAN2626100CE,0.09555032894849441
09-01-2026 10:40||NIFTY27JAN2626300CE,0.0934698394892561
09-01-2026 10:40||NIFTY27JAN2626400CE,0.09344427901814908
09-01-2026 10:40||NIFTY27JAN2626500CE,0.09404507088334436
09-01-2026 10:45||NIFTY27JAN2624100PE,0.16100810548683886
09-01-2026 10:45||NIFTY27JAN2624400PE,0.14252061905120145
09-01-2026 10:45||NIFTY27JAN2624900PE,0.11499421542279209
09-01-2026 10:45||NIFTY27JAN2625000PE,0.11007629524671825
09-01-2026 10:45||NIFTY27JAN2625200CE,0.13418342115590745
09-01-2026 10:45||NIFTY27JAN2625400CE,0.12067444552590766
09-01-2026 10:45||NIFTY27JAN2625500CE,0.11483748677616576
09-01-2026 10:45||NIFTY27JAN2625900CE,0.09833738040286838
09-01-2026 10:45||NIFTY27JAN2626200CE,0.09195090840415363
09-01-2026 10:45||NIFTY27JAN2626300CE,0.09065125843464697
09-01-2026 10:45||NIFTY27JAN2626500CE,0.08925678681165707
09-01-2026 10:50||NIFTY27JAN2623800PE,0.1774101797493211
09-01-2026 10:50||NIFTY27JAN2624100PE,0.16112947336089734
09-01-2026 10:50||NIFTY27JAN2624400PE,0.14259392746522842
09-01-2026 10:50||NIFTY27JAN2624500PE,0.1366751747588592
09-01-2026 10:50||NIFTY27JAN2625000PE,0.110875629191638
09-01-2026 10:50||NIFTY27JAN2625800CE,0.09573416355846287
09-01-2026 10:50||NIFTY27JAN2625900CE,0.09371859089630694
09-01-2026 10:50||NIFTY27JAN2626000CE,0.09187497730397666
09-01-2026 10:50||NIFTY27JAN2626400CE,0.08893766886912538
09-01-2026 10:50||NIFTY27JAN2626500CE,0.08926754662851169
09-01-2026 10:55||NIFTY27JAN2623800PE,0.17458430534107833
09-01-2026 10:55||NIFTY27JAN2624200PE,0.1528280986844468
09-01-2026 10:55||NIFTY27JAN2624700PE,0.12434430416732004
09-01-2026 10:55||NIFTY27JAN2624900PE,0.11450686256643355
09-01-2026 10:55||NIFTY27JAN2625100PE,0.10586299311943843
09-01-2026 10:55||NIFTY27JAN2625200CE,0.1499318480257148
09-01-2026 10:55||NIFTY27JAN2625400CE,0.12299251290893089
09-01-2026 10:55||NIFTY27JAN2626300CE,0.09148935125446743
09-01-2026 11:00||NIFTY27JAN2624300PE,0.1450848114399213
09-01-2026 11:00||NIFTY27JAN2624700PE,0.12298139614102122
09-01-2026 11:00||NIFTY27JAN2624900PE,0.11313688807709268
09-01-2026 11:00||NIFTY27JAN2625000PE,0.10837491620011776
09-01-2026 11:00||NIFTY27JAN2625200CE,0.1716930010505539
09-01-2026 11:00||NIFTY27JAN2625700CE,0.10370770743632751
09-01-2026 11:00||NIFTY27JAN2625800CE,0.10024490937456695
09-01-2026 11:05||NIFTY27JAN2624000PE,0.16312480884323377
09-01-2026 11:05||NIFTY27JAN2624400PE,0.13868760123584145
09-01-2026 11:05||NIFTY27JAN2625000PE,0.10711022204535436
09-01-2026 11:05||NIFTY27JAN2625100PE,0.10195406441874848
09-01-2026 11:05||NIFTY27JAN2625300CE,0.12529271341548096
09-01-2026 11:05||NIFTY27JAN2625500CE,0.11451122401196553
09-01-2026 11:05||NIFTY27JAN2625600CE,0.11031669125346183
09-01-2026 11:05||NIFTY27JAN2625700CE,0.10631123463838504
09-01-2026 11:10||NIFTY27JAN2623900PE,0.170489182165995
09-01-2026 11:10||NIFTY27JAN2624100PE,0.15814963983073654
09-01-2026 11:10||NIFTY27JAN2624700PE,0.12384871041872049
09-01-2026 11:10||NIFTY27JAN2625000PE,0.10859255548507797
09-01-2026 11:10||NIFTY27JAN2625100PE,0.1039121030629927
09-01-2026 11:10||NIFTY27JAN2625200CE,0.12026287779243565
09-01-2026 11:10||NIFTY27JAN2625400CE,0.11053540847858617
09-01-2026 11:10||NIFTY27JAN2625500CE,0.10633347590463556
09-01-2026 11:10||NIFTY27JAN2625700CE,0.0990956586328155
09-01-2026 11:10||NIFTY27JAN2625800CE,0.09598105681204672
09-01-2026 11:15||NIFTY27JAN2624200PE,0.1520483629993178
09-01-2026 11:15||NIFTY27JAN2624600PE,0.128358998965449
09-01-2026 11:15||NIFTY27JAN2624800PE,0.11772881065751553
09-01-2026 11:15||NIFTY27JAN2625700CE,0.10240753896146942
09-01-2026 11:15||NIFTY27JAN2626100CE,0.0935166751069309
09-01-2026 11:15||NIFTY27JAN2626400CE,0.09178377157440479
09-01-2026 11:20||NIFTY27JAN2623900PE,0.1674802243604529
09-01-2026 11:20||NIFTY27JAN2624700PE,0.12231153104286767
09-01-2026 11:20||NIFTY27JAN2624900PE,0.11246217749204845
09-01-2026 11:20||NIFTY27JAN2625200CE,0.1323371200785487
09-01-2026 11:20||NIFTY27JAN2625500CE,0.11088703897342929
09-01-2026 11:20||NIFTY27JAN2625700CE,0.1029791562313033
09-01-2026 11:25||NIFTY27JAN2624300PE,0.1454172491145353
09-01-2026 11:25||NIFTY27JAN2624600PE,0.12766394776841655
09-01-2026 11:25||NIFTY27JAN2625100PE,0.10347504793731273
09-01-2026 11:25||NIFTY27JAN2625600CE,0.11008834348378403
09-01-2026 11:30||NIFTY27JAN2624000PE,0.16279507902882445
09-01-2026 11:30||NIFTY27JAN2624100PE,0.15732805497495483
09-01-2026 11:30||NIFTY27JAN2624200PE,0.15180633987683134
09-01-2026 11:30||NIFTY27JAN2624500PE,0.13430579352927607
09-01-2026 11:30||NIFTY27JAN2624600PE,0.12861417266845032
09-01-2026 11:30||NIFTY27JAN2624900PE,0.11335675041650267
09-01-2026 11:30||NIFTY27JAN2625000PE,0.10876465819623499
09-01-2026 11:30||NIFTY27JAN2625300CE,0.11849469877370727
09-01-2026 11:30||NIFTY27JAN2625400CE,0.111393637105588
09-01-2026 11:30||NIFTY27JAN2626200CE,0.09071888729372761
09-01-2026 11:35||NIFTY27JAN2624100PE,0.15735810283077567
09-01-2026 11:35||NIFTY27JAN2624600PE,0.12798523753564772
09-01-2026 11:35||NIFTY27JAN2625200CE,0.12223130145764885
09-01-2026 11:35||NIFTY27JAN2625300CE,0.11715667641096683
09-01-2026 11:35||NIFTY27JAN2625700CE,0.10161443488220927
09-01-2026 11:35||NIFTY27JAN2625800CE,0.09877725851611674
09-01-2026 11:40||NIFTY27JAN2624200PE,0.15087273678756602
09-01-2026 11:40||NIFTY27JAN2624300PE,0.14504387544859443
09-01-2026 11:40||NIFTY27JAN2624600PE,0.1278115068154722
09-01-2026 11:40||NIFTY27JAN2624700PE,0.12273678444313976
09-01-2026 11:40||NIFTY27JAN2625000PE,0.10851731533365805
09-01-2026 11:40||NIFTY27JAN2625300CE,0.11820483038036117
09-01-2026 11:40||NIFTY27JAN2625800CE,0.09870715237200957
09-01-2026 11:40||NIFTY27JAN2625900CE,0.09689794484399034
09-01-2026 11:40||NIFTY27JAN2626400CE,0.09230182005614947
09-01-2026 11:40||NIFTY27JAN2626500CE,0.09269340004661925
09-01-2026 11:45||NIFTY27JAN2625200CE,0.12293780329977427
09-01-2026 11:45||NIFTY27JAN2625900CE,0.09740729060887904
09-01-2026 11:45||NIFTY27JAN2626000CE,0.09564811017271554
09-01-2026 11:45||NIFTY27JAN2626200CE,0.09347955401459403
09-01-2026 11:45||NIFTY27JAN2626500CE,0.09290076599548654
09-01-2026 11:50||NIFTY27JAN2625000PE,0.10848943632446346
09-01-2026 11:50||NIFTY27JAN2625200CE,0.11867125730462579
09-01-2026 11:50||NIFTY27JAN2625400CE,0.11253980705488564
09-01-2026 11:50||NIFTY27JAN2625500CE,0.10947235869587518
09-01-2026 11:50||NIFTY27JAN2625800CE,0.1009132455525231
09-01-2026 11:50||NIFTY27JAN2626000CE,0.0968549459613749
09-01-2026 11:50||NIFTY27JAN2626500CE,0.09277034522224646
09-01-2026 11:55||NIFTY27JAN2624200PE,0.15152762397122238
09-01-2026 11:55||NIFTY27JAN2624300PE,0.14463584428424925
09-01-2026 11:55||NIFTY27JAN2624500PE,0.1327157040326646
09-01-2026 11:55||NIFTY27JAN2624800PE,0.1177656331020281
09-01-2026 11:55||NIFTY27JAN2624900PE,0.11333685752867309
09-01-2026 11:55||NIFTY27JAN2625100PE,0.10533233656985574
09-01-2026 11:55||NIFTY27JAN2625400CE,0.11486135700662892
09-01-2026 11:55||NIFTY27JAN2625600CE,0.10663207115694469
09-01-2026 11:55||NIFTY27JAN2625800CE,0.10054704694557987
09-01-2026 11:55||NIFTY27JAN2626300CE,0.09403564096988401
09-01-2026 12:00||NIFTY27JAN2623800PE,0.17146048314992252
09-01-2026 12:00||NIFTY27JAN2624400PE,0.13793249019219267
09-01-2026 12:00||NIFTY27JAN2624500PE,0.13193613777034274
09-01-2026 12:00||NIFTY27JAN2624800PE,0.11546884316059122
09-01-2026 12:00||NIFTY27JAN2625200CE,0.12541836161404
09-01-2026 12:00||NIFTY27JAN2625500CE,0.11510912675435456
09-01-2026 12:00||NIFTY27JAN2625600CE,0.11132459399850045
09-01-2026 12:00||NIFTY27JAN2625800CE,0.10405465912100131
09-01-2026 12:00||NIFTY27JAN2626300CE,0.09556145210061201
09-01-2026 12:05||NIFTY27JAN2624600PE,0.12788630607666487
09-01-2026 12:05||NIFTY27JAN2624800PE,0.11729232464519834
09-01-2026 12:05||NIFTY27JAN2625500CE,0.10895921445101822
09-01-2026 12:05||NIFTY27JAN2626000CE,0.09573664515392548
09-01-2026 12:05||NIFTY27JAN2626500CE,0.09280305548724849
09-01-2026 12:10||NIFTY27JAN2624200PE,0.15257662482935952
09-01-2026 12:10||NIFTY27JAN2624300PE,0.1464713046950712
09-01-2026 12:10||NIFTY27JAN2624400PE,0.14031528413831051
09-01-2026 12:10||NIFTY27JAN2624700PE,0.1229374023000337
09-01-2026 12:10||NIFTY27JAN2624800PE,0.11789375736693816
09-01-2026 12:10||NIFTY27JAN2625500CE,0.10607553323824645
09-01-2026 12:10||NIFTY27JAN2625900CE,0.09660781094486898
09-01-2026 12:10||NIFTY27JAN2626000CE,0.09515112393436609
09-01-2026 12:10||NIFTY27JAN2626300CE,0.09358886517345984
09-01-2026 12:15||NIFTY27JAN2623800PE,0.17531257131704264
09-01-2026 12:15||NIFTY27JAN2624100PE,0.1570154281487421
09-01-2026 12:15||NIFTY27JAN2624200PE,0.1504174687036241
09-01-2026 12:15||NIFTY27JAN2624300PE,0.1439012696813009
09-01-2026 12:15||NIFTY27JAN2625400CE,0.11198760771035302
09-01-2026 12:15||NIFTY27JAN2625500CE,0.10793983658732088
09-01-2026 12:15||NIFTY27JAN2625800CE,0.09961960938926823
09-01-2026 12:15||NIFTY27JAN2625900CE,0.09761811599691483
09-01-2026 12:15||NIFTY27JAN2626200CE,0.09370052170513173
09-01-2026 12:15||NIFTY27JAN2626300CE,0.0932825555491175
09-01-2026 12:15||NIFTY27JAN2626400CE,0.09324720404553798
09-01-2026 12:15||NIFTY27JAN2626500CE,0.09359899154318048
09-01-2026 12:20||NIFTY27JAN2624000PE,0.16266109693811942
09-01-2026 12:20||NIFTY27JAN2624700PE,0.12142621419835263
09-01-2026 12:20||NIFTY27JAN2624800PE,0.11652519923263606
09-01-2026 12:20||NIFTY27JAN2624900PE,0.111870700131419
09-01-2026 12:20||NIFTY27JAN2625000PE,0.1075055560434699
09-01-2026 12:20||NIFTY27JAN2625400CE,0.10967812724498821
09-01-2026 12:25||NIFTY27JAN2624200PE,0.15027953689616907
09-01-2026 12:25||NIFTY27JAN2624400PE,0.13862855610060804
09-01-2026 12:25||NIFTY27JAN2624600PE,0.12727805492645972
09-01-2026 12:25||NIFTY27JAN2625000PE,0.10865531431747802
09-01-2026 12:25||NIFTY27JAN2625900CE,0.09333554912658527
09-01-2026 12:30||NIFTY27JAN2623800PE,0.17139332293092355
09-01-2026 12:30||NIFTY27JAN2624400PE,0.13828859511369906
09-01-2026 12:30||NIFTY27JAN2624900PE,0.1125841592407163
09-01-2026 12:30||NIFTY27JAN2625500CE,0.1039318692689728
09-01-2026 12:30||NIFTY27JAN2625700CE,0.09879769033756619
09-01-2026 12:30||NIFTY27JAN2625900CE,0.09541720161316058
09-01-2026 12:30||NIFTY27JAN2626300CE,0.0940082031046526
09-01-2026 12:30||NIFTY27JAN2626400CE,0.09506015122222074
09-01-2026 12:35||NIFTY27JAN2624100PE,0.15903187017892279
09-01-2026 12:35||NIFTY27JAN2624300PE,0.1462451178778426
09-01-2026 12:35||NIFTY27JAN2624500PE,0.13413523096535798
09-01-2026 12:35||NIFTY27JAN2624700PE,0.12427809235913867
09-01-2026 12:35||NIFTY27JAN2624900PE,0.11580846502501008
09-01-2026 12:35||NIFTY27JAN2625700CE,0.09802885853012139
09-01-2026 12:35||NIFTY27JAN2626000CE,0.09470681727131126
09-01-2026 12:35||NIFTY27JAN2626100CE,0.09439203585648563
09-01-2026 12:35||NIFTY27JAN2626400CE,0.09610263394474561
09-01-2026 12:40||NIFTY27JAN2624000PE,0.16407937129398034
09-01-2026 12:40||NIFTY27JAN2624100PE,0.15807483057160457
09-01-2026 12:40||NIFTY27JAN2624500PE,0.13379388390287147
09-01-2026 12:40||NIFTY27JAN2625400CE,0.10952989561737814
09-01-2026 12:40||NIFTY27JAN2625800CE,0.09947887660913726
09-01-2026 12:40||NIFTY27JAN2626100CE,0.09654503540607785
09-01-2026 12:45||NIFTY27JAN2623900PE,0.16934609904949388
09-01-2026 12:45||NIFTY27JAN2624000PE,0.16333098350505332
09-01-2026 12:45||NIFTY27JAN2624100PE,0.15730016229466132
09-01-2026 12:45||NIFTY27JAN2624200PE,0.151225154343658
09-01-2026 12:45||NIFTY27JAN2625100PE,0.10649775877196972
09-01-2026 12:45||NIFTY27JAN2625300CE,0.10522576221055208
09-01-2026 12:45||NIFTY27JAN2625800CE,0.09760000029501727
09-01-2026 12:45||NIFTY27JAN2625900CE,0.09670373456068729
09-01-2026 12:45||NIFTY27JAN2626000CE,0.09600463981745572
09-01-2026 12:45||NIFTY27JAN2626400CE,0.09846392010380753
09-01-2026 12:50||NIFTY27JAN2623800PE,0.17800469505357153
09-01-2026 12:50||NIFTY27JAN2624100PE,0.1559010840356575
09-01-2026 12:50||NIFTY27JAN2624600PE,0.1253314908856939
09-01-2026 12:50||NIFTY27JAN2625300CE,0.1217503429108015
09-01-2026 12:50||NIFTY27JAN2625500CE,0.11166948886942674
09-01-2026 12:50||NIFTY27JAN2626000CE,0.09896336932725518
09-01-2026 12:50||NIFTY27JAN2626200CE,0.09840664855837442
09-01-2026 12:55||NIFTY27JAN2624100PE,0.15782583217079107
09-01-2026 12:55||NIFTY27JAN2624500PE,0.13287053697287723
09-01-2026 12:55||NIFTY27JAN2624700PE,0.12251277426310664
09-01-2026 12:55||NIFTY27JAN2624800PE,0.11774859456848312
09-01-2026 12:55||NIFTY27JAN2625400CE,0.11024360746292443
09-01-2026 12:55||NIFTY27JAN2625600CE,0.10503006273603127
09-01-2026 12:55||NIFTY27JAN2625700CE,0.1024231443759194
09-01-2026 12:55||NIFTY27JAN2626200CE,0.09673830135547556
09-01-2026 13:00||NIFTY27JAN2624200PE,0.15100320418033908
09-01-2026 13:00||NIFTY27JAN2624400PE,0.13922017433663234
09-01-2026 13:00||NIFTY27JAN2624900PE,0.11376558025982814
09-01-2026 13:00||NIFTY27JAN2625000PE,0.10951320523544106
09-01-2026 13:00||NIFTY27JAN2625200CE,0.11659940015976997
09-01-2026 13:00||NIFTY27JAN2625500CE,0.10697656510155029
09-01-2026 13:00||NIFTY27JAN2625600CE,0.10422323523118429
09-01-2026 13:00||NIFTY27JAN2625800CE,0.09976388586876031
09-01-2026 13:00||NIFTY27JAN2626400CE,0.09828153863926667
09-01-2026 13:05||NIFTY27JAN2623900PE,0.17009867791160854
09-01-2026 13:05||NIFTY27JAN2624100PE,0.15826083942248217
09-01-2026 13:05||NIFTY27JAN2624300PE,0.1455205728770055
09-01-2026 13:05||NIFTY27JAN2624400PE,0.1392845617293515
09-01-2026 13:05||NIFTY27JAN2624700PE,0.12207242226190634
09-01-2026 13:05||NIFTY27JAN2624800PE,0.11740044474741618
09-01-2026 13:05||NIFTY27JAN2624900PE,0.1128623813803904
09-01-2026 13:05||NIFTY27JAN2625000PE,0.10859691038048203
09-01-2026 13:05||NIFTY27JAN2626000CE,0.09839538857919326
09-01-2026 13:05||NIFTY27JAN2626400CE,0.09938537072803796
09-01-2026 13:05||NIFTY27JAN2626500CE,0.10126259007588372
09-01-2026 13:10||NIFTY27JAN2624000PE,0.16363656802130222
09-01-2026 13:10||NIFTY27JAN2624100PE,0.15778278650071365
09-01-2026 13:10||NIFTY27JAN2624300PE,0.14564519374496138
09-01-2026 13:10||NIFTY27JAN2625100PE,0.10629875159301745
09-01-2026 13:10||NIFTY27JAN2625200CE,0.12314560575613373
09-01-2026 13:10||NIFTY27JAN2625900CE,0.09980702149740728
09-01-2026 13:10||NIFTY27JAN2626100CE,0.0978615639023957
09-01-2026 13:10||NIFTY27JAN2626400CE,0.09875778215143503
09-01-2026 13:15||NIFTY27JAN2624100PE,0.15818876201948007
09-01-2026 13:15||NIFTY27JAN2624400PE,0.1385552612279003
09-01-2026 13:15||NIFTY27JAN2624500PE,0.1328347368608129
09-01-2026 13:15||NIFTY27JAN2625000PE,0.1087283068211014
09-01-2026 13:15||NIFTY27JAN2625100PE,0.10463614475313368
09-01-2026 13:15||NIFTY27JAN2625300CE,0.11631586002465441
09-01-2026 13:15||NIFTY27JAN2625700CE,0.10433381101756442
09-01-2026 13:15||NIFTY27JAN2625800CE,0.10224295606069037
09-01-2026 13:15||NIFTY27JAN2625900CE,0.10042626935819951
09-01-2026 13:15||NIFTY27JAN2626100CE,0.09840486843840729
09-01-2026 13:15||NIFTY27JAN2626200CE,0.09805390837839015
09-01-2026 13:20||NIFTY27JAN2624100PE,0.15830204456954863
09-01-2026 13:20||NIFTY27JAN2624200PE,0.15213304272639774
09-01-2026 13:20||NIFTY27JAN2624500PE,0.13319330300749377
09-01-2026 13:20||NIFTY27JAN2625000PE,0.10860211067992206
09-01-2026 13:20||NIFTY27JAN2625200CE,0.12152825686484182
09-01-2026 13:20||NIFTY27JAN2625600CE,0.10423441655345106
09-01-2026 13:25||NIFTY27JAN2624400PE,0.13961222892454436
09-01-2026 13:25||NIFTY27JAN2624500PE,0.13368145115168947
09-01-2026 13:25||NIFTY27JAN2624600PE,0.1279526105334849
09-01-2026 13:25||NIFTY27JAN2625100PE,0.10557115825148382
09-01-2026 13:25||NIFTY27JAN2625200CE,0.12060260443323972
09-01-2026 13:25||NIFTY27JAN2625300CE,0.11608616011025952
09-01-2026 13:25||NIFTY27JAN2625600CE,0.10565723311480736
09-01-2026 13:25||NIFTY27JAN2625900CE,0.09973169880208396
09-01-2026 13:25||NIFTY27JAN2626200CE,0.0974691790132722
09-01-2026 13:30||NIFTY27JAN2624300PE,0.1466305969384767
09-01-2026 13:30||NIFTY27JAN2624700PE,0.1241366866163757
09-01-2026 13:30||NIFTY27JAN2624900PE,0.1153587443955159
09-01-2026 13:30||NIFTY27JAN2625900CE,0.09656396046608892
09-01-2026 13:30||NIFTY27JAN2626400CE,0.09737619587840693
09-01-2026 13:35||NIFTY27JAN2623900PE,0.16907197346611957
09-01-2026 13:35||NIFTY27JAN2624100PE,0.1573592098087695
09-01-2026 13:35||NIFTY27JAN2624400PE,0.13935491713914455
09-01-2026 13:35||NIFTY27JAN2624600PE,0.12708617795632535
09-01-2026 13:35||NIFTY27JAN2625100PE,0.1053738041173517
09-01-2026 13:35||NIFTY27JAN2625300CE,0.1219273760136772
09-01-2026 13:35||NIFTY27JAN2625400CE,0.11683634038469139
09-01-2026 13:35||NIFTY27JAN2625900CE,0.10109930097172093
09-01-2026 13:35||NIFTY27JAN2626100CE,0.09890655443291649
09-01-2026 13:35||NIFTY27JAN2626300CE,0.09861838737269493
09-01-2026 13:40||NIFTY27JAN2624500PE,0.13427541400256254
09-01-2026 13:40||NIFTY27JAN2624800PE,0.11921006769727341
09-01-2026 13:40||NIFTY27JAN2625100PE,0.10780103803641876
09-01-2026 13:40||NIFTY27JAN2625200CE,0.11094728599058132
09-01-2026 13:40||NIFTY27JAN2625300CE,0.10706368632787243
09-01-2026 13:40||NIFTY27JAN2625500CE,0.10085254212621007
09-01-2026 13:40||NIFTY27JAN2626500CE,0.09832441402751195
09-01-2026 13:45||NIFTY27JAN2623900PE,0.16872025567365548
09-01-2026 13:45||NIFTY27JAN2624100PE,0.15699668392361393
09-01-2026 13:45||NIFTY27JAN2624300PE,0.14474918635350606
09-01-2026 13:45||NIFTY27JAN2624400PE,0.13879070679575678
09-01-2026 13:45||NIFTY27JAN2625000PE,0.10790834148613232
09-01-2026 13:45||NIFTY27JAN2625100PE,0.10335537672553315
09-01-2026 13:45||NIFTY27JAN2625200CE,0.11981905797597761
09-01-2026 13:45||NIFTY27JAN2625300CE,0.11505983367330837
09-01-2026 13:45||NIFTY27JAN2625600CE,0.10430235750970357
09-01-2026 13:45||NIFTY27JAN2626000CE,0.09704632597976351
09-01-2026 13:50||NIFTY27JAN2623800PE,0.1762215483029955
09-01-2026 13:50||NIFTY27JAN2623900PE,0.1690239589316102
09-01-2026 13:50||NIFTY27JAN2624600PE,0.12845317247136856
09-01-2026 13:50||NIFTY27JAN2624700PE,0.1232725784872734
09-01-2026 13:50||NIFTY27JAN2624800PE,0.11825922944068595
09-01-2026 13:50||NIFTY27JAN2625100PE,0.10553940567752226
09-01-2026 13:50||NIFTY27JAN2625200CE,0.11850940736737148
09-01-2026 13:50||NIFTY27JAN2625400CE,0.10954084019336394
09-01-2026 13:50||NIFTY27JAN2625700CE,0.10069510367186521
09-01-2026 13:50||NIFTY27JAN2625800CE,0.09881258624798242
09-01-2026 13:50||NIFTY27JAN2626100CE,0.09657688019861563
09-01-2026 13:55||NIFTY27JAN2623900PE,0.16670507364087295
09-01-2026 13:55||NIFTY27JAN2624000PE,0.16084275317866858
09-01-2026 13:55||NIFTY27JAN2624100PE,0.1549310277888662
09-01-2026 13:55||NIFTY27JAN2624500PE,0.1307894713902864
09-01-2026 13:55||NIFTY27JAN2625000PE,0.10650362936314647
09-01-2026 13:55||NIFTY27JAN2625400CE,0.11650928246766903
09-01-2026 13:55||NIFTY27JAN2625500CE,0.11325000715071479
09-01-2026 13:55||NIFTY27JAN2626400CE,0.10125944773367804
09-01-2026 14:00||NIFTY27JAN2624100PE,0.15810452625952592
09-01-2026 14:00||NIFTY27JAN2624200PE,0.1522259344995599
09-01-2026 14:00||NIFTY27JAN2624300PE,0.14621998065830683
09-01-2026 14:00||NIFTY27JAN2624400PE,0.14008238308217313
09-01-2026 14:00||NIFTY27JAN2625500CE,0.10571528310885897
09-01-2026 14:00||NIFTY27JAN2625800CE,0.09878847640896915
09-01-2026 14:00||NIFTY27JAN2626000CE,0.09630066231207292
09-01-2026 14:00||NIFTY27JAN2626300CE,0.09717634818336597
09-01-2026 14:00||NIFTY27JAN2626400CE,0.09860418256501227
09-01-2026 14:05||NIFTY27JAN2624100PE,0.1570687665608756
09-01-2026 14:05||NIFTY27JAN2624300PE,0.14469761497760014
09-01-2026 14:05||NIFTY27JAN2624400PE,0.1387709947416248
09-01-2026 14:05||NIFTY27JAN2625200CE,0.12608535868986734
09-01-2026 14:05||NIFTY27JAN2625400CE,0.11484254753570296
09-01-2026 14:10||NIFTY27JAN2624300PE,0.1446628551252529
09-01-2026 14:10||NIFTY27JAN2624600PE,0.1282270191252235
09-01-2026 14:10||NIFTY27JAN2624700PE,0.1233213551316178
09-01-2026 14:10||NIFTY27JAN2625300CE,0.11264014910223102
09-01-2026 14:10||NIFTY27JAN2626000CE,0.09662394050514757
09-01-2026 14:10||NIFTY27JAN2626100CE,0.0962847275732825
09-01-2026 14:10||NIFTY27JAN2626300CE,0.09672084789887694
09-01-2026 14:10||NIFTY27JAN2626400CE,0.09781859319272813
09-01-2026 14:10||NIFTY27JAN2626500CE,0.09937718380286654
09-01-2026 14:15||NIFTY27JAN2623900PE,0.16873583411638032
09-01-2026 14:15||NIFTY27JAN2625400CE,0.10893524024306805
09-01-2026 14:15||NIFTY27JAN2625500CE,0.1057761886898261
09-01-2026 14:15||NIFTY27JAN2626200CE,0.09687952443436676
09-01-2026 14:20||NIFTY27JAN2624100PE,0.1565676162830534
09-01-2026 14:20||NIFTY27JAN2624200PE,0.15066295361022597
09-01-2026 14:20||NIFTY27JAN2624300PE,0.14486768202961786
09-01-2026 14:20||NIFTY27JAN2624400PE,0.1390603053031674
09-01-2026 14:20||NIFTY27JAN2625000PE,0.10893339237154365
09-01-2026 14:20||NIFTY27JAN2625200CE,0.11471103699474182
09-01-2026 14:20||NIFTY27JAN2625400CE,0.10896356055598522
09-01-2026 14:20||NIFTY27JAN2625700CE,0.10107054864914386
09-01-2026 14:20||NIFTY27JAN2625900CE,0.09804669310371766
09-01-2026 14:25||NIFTY27JAN2624100PE,0.15707229465918449
09-01-2026 14:25||NIFTY27JAN2624200PE,0.1508866387789014
09-01-2026 14:25||NIFTY27JAN2624300PE,0.14482301796650227
09-01-2026 14:25||NIFTY27JAN2625100PE,0.10688932075490479
09-01-2026 14:25||NIFTY27JAN2625300CE,0.11062525919025662
09-01-2026 14:25||NIFTY27JAN2625600CE,0.10074197733713958
09-01-2026 14:25||NIFTY27JAN2626100CE,0.09568155726602304
09-01-2026 14:30||NIFTY27JAN2624000PE,0.162143652497586
09-01-2026 14:30||NIFTY27JAN2624100PE,0.15561802908816538
09-01-2026 14:30||NIFTY27JAN2624200PE,0.14909458651759236
09-01-2026 14:30||NIFTY27JAN2625000PE,0.10718987591377568
09-01-2026 14:30||NIFTY27JAN2625500CE,0.11141337616264615
09-01-2026 14:30||NIFTY27JAN2625900CE,0.10115454314788164
09-01-2026 14:30||NIFTY27JAN2626300CE,0.0994812459674459
09-01-2026 14:35||NIFTY27JAN2623800PE,0.17236576170798554
09-01-2026 14:35||NIFTY27JAN2624200PE,0.14962097809653818
09-01-2026 14:35||NIFTY27JAN2624300PE,0.1436522941078766
09-01-2026 14:35||NIFTY27JAN2624600PE,0.12744789160419173
09-01-2026 14:35||NIFTY27JAN2624700PE,0.12248905735875176
09-01-2026 14:35||NIFTY27JAN2624900PE,0.11336266743415503
09-01-2026 14:35||NIFTY27JAN2625800CE,0.1007410890683221
09-01-2026 14:35||NIFTY27JAN2626000CE,0.09787569104391064
09-01-2026 14:40||NIFTY27JAN2623800PE,0.1730839628066132
09-01-2026 14:40||NIFTY27JAN2625200CE,0.12391754590997527
09-01-2026 14:40||NIFTY27JAN2625600CE,0.10729296140148026
09-01-2026 14:40||NIFTY27JAN2625900CE,0.10030224197609555
09-01-2026 14:40||NIFTY27JAN2626100CE,0.09863138966005434
09-01-2026 14:40||NIFTY27JAN2626400CE,0.1002427394586497
09-01-2026 14:45||NIFTY27JAN2623900PE,0.16896881407630127
09-01-2026 14:45||NIFTY27JAN2624100PE,0.15722203793535425
09-01-2026 14:45||NIFTY27JAN2624500PE,0.1328299581395273
09-01-2026 14:45||NIFTY27JAN2624600PE,0.12772731995831282
09-01-2026 14:45||NIFTY27JAN2624700PE,0.12270175241305596
09-01-2026 14:45||NIFTY27JAN2625300CE,0.11450161561284297
09-01-2026 14:45||NIFTY27JAN2625600CE,0.10501092039175042
09-01-2026 14:50||NIFTY27JAN2623900PE,0.16894805078073596
09-01-2026 14:50||NIFTY27JAN2624100PE,0.15720040484757247
09-01-2026 14:50||NIFTY27JAN2626000CE,0.09771799536700744
09-01-2026 14:50||NIFTY27JAN2626200CE,0.09771707771739738
09-01-2026 14:50||NIFTY27JAN2626300CE,0.09846724565003036
09-01-2026 14:55||NIFTY27JAN2623900PE,0.16816935072837286
09-01-2026 14:55||NIFTY27JAN2624000PE,0.162442102305179
09-01-2026 14:55||NIFTY27JAN2624200PE,0.15050042166387512
09-01-2026 14:55||NIFTY27JAN2624800PE,0.11752769872957623
09-01-2026 14:55||NIFTY27JAN2625600CE,0.10345193043485049
09-01-2026 14:55||NIFTY27JAN2625900CE,0.09784937267151256
09-01-2026 15:00||NIFTY27JAN2624000PE,0.16174256987463836
09-01-2026 15:00||NIFTY27JAN2624300PE,0.14394295958831432
09-01-2026 15:00||NIFTY27JAN2625400CE,0.11289731966005048
09-01-2026 15:00||NIFTY27JAN2625600CE,0.10653886334179195
09-01-2026 15:00||NIFTY27JAN2625700CE,0.10407332019188634
09-01-2026 15:00||NIFTY27JAN2625800CE,0.10169282461350673
09-01-2026 15:00||NIFTY27JAN2625900CE,0.09959089529769122
09-01-2026 15:00||NIFTY27JAN2626100CE,0.09806643844902574
09-01-2026 15:00||NIFTY27JAN2626200CE,0.09807033688549355
09-01-2026 15:00||NIFTY27JAN2626500CE,0.10086703281925881
09-01-2026 15:05||NIFTY27JAN2624200PE,0.15016684732119878
09-01-2026 15:05||NIFTY27JAN2624300PE,0.14392852191308764
09-01-2026 15:05||NIFTY27JAN2624500PE,0.1319668194985093
09-01-2026 15:05||NIFTY27JAN2624800PE,0.1163994865638446
09-01-2026 15:05||NIFTY27JAN2625000PE,0.10723241305299919
09-01-2026 15:05||NIFTY27JAN2625100PE,0.10298647079617694
09-01-2026 15:05||NIFTY27JAN2625600CE,0.10599287267976677
09-01-2026 15:05||NIFTY27JAN2626500CE,0.10079785001908202
09-01-2026 15:10||NIFTY27JAN2623800PE,0.17313649197752218
09-01-2026 15:10||NIFTY27JAN2624000PE,0.16200528012730753
09-01-2026 15:10||NIFTY27JAN2624300PE,0.14386128990498964
09-01-2026 15:10||NIFTY27JAN2624600PE,0.12706597942179748
09-01-2026 15:10||NIFTY27JAN2625000PE,0.10795911908051897
09-01-2026 15:10||NIFTY27JAN2625100PE,0.10352977786422873
09-01-2026 15:10||NIFTY27JAN2625200CE,0.11931040827758688
09-01-2026 15:10||NIFTY27JAN2625700CE,0.10360357156561209
09-01-2026 15:10||NIFTY27JAN2626100CE,0.09807739625470693
09-01-2026 15:10||NIFTY27JAN2626200CE,0.09789784611784025
09-01-2026 15:15||NIFTY27JAN2623800PE,0.17206769839004069
09-01-2026 15:15||NIFTY27JAN2624200PE,0.15155014280738743
09-01-2026 15:15||NIFTY27JAN2624300PE,0.14524628690706903
09-01-2026 15:15||NIFTY27JAN2624500PE,0.13343190382357029
09-01-2026 15:15||NIFTY27JAN2624700PE,0.12335234578209345
09-01-2026 15:15||NIFTY27JAN2624900PE,0.11473666912331895
09-01-2026 15:15||NIFTY27JAN2625200CE,0.1150062866979793
09-01-2026 15:15||NIFTY27JAN2625700CE,0.09965641221694695
09-01-2026 15:15||NIFTY27JAN2625900CE,0.09711438173015922
09-01-2026 15:15||NIFTY27JAN2626000CE,0.0962350483690955
09-01-2026 15:20||NIFTY27JAN2623800PE,0.17488703929716717
09-01-2026 15:20||NIFTY27JAN2624700PE,0.12409945712493609
09-01-2026 15:20||NIFTY27JAN2625100PE,0.10643444103254453
09-01-2026 15:20||NIFTY27JAN2625200CE,0.12293652245991891
09-01-2026 15:20||NIFTY27JAN2625300CE,0.11744030899905962
09-01-2026 15:20||NIFTY27JAN2625600CE,0.10522387868392374
09-01-2026 15:20||NIFTY27JAN2625800CE,0.10082909138391837
09-01-2026 15:20||NIFTY27JAN2626000CE,0.09836180575207903
09-01-2026 15:20||NIFTY27JAN2626100CE,0.09770500011656894
09-01-2026 15:25||NIFTY27JAN2624100PE,0.15885396554820477
09-01-2026 15:25||NIFTY27JAN2624200PE,0.15261212988753337
09-01-2026 15:25||NIFTY27JAN2624400PE,0.1405806498419503
09-01-2026 15:25||NIFTY27JAN2625100PE,0.10471800090102808
09-01-2026 15:25||NIFTY27JAN2625500CE,0.11671743473647578
09-01-2026 15:25||NIFTY27JAN2626000CE,0.10252848958501004
09-01-2026 15:25||NIFTY27JAN2626100CE,0.10119766702852395
12-01-2026 09:15||NIFTY27JAN2623800PE,0.19235814057813902
12-01-2026 09:15||NIFTY27JAN2624000PE,0.17579018849597244
12-01-2026 09:15||NIFTY27JAN2624900PE,0.1250644385919705
12-01-2026 09:15||NIFTY27JAN2625200CE,0.11889551747030377
12-01-2026 09:15||NIFTY27JAN2625300CE,0.11518346686380604
12-01-2026 09:15||NIFTY27JAN2625400CE,0.11194169277246846
12-01-2026 09:15||NIFTY27JAN2626000CE,0.10307754409309297
12-01-2026 09:15||NIFTY27JAN2626100CE,0.10323234476259643
12-01-2026 09:20||NIFTY27JAN2624200PE,0.16313280809244785
12-01-2026 09:20||NIFTY27JAN2624600PE,0.1387087670019582
12-01-2026 09:20||NIFTY27JAN2624800PE,0.1283507073710033
12-01-2026 09:20||NIFTY27JAN2625000PE,0.11937059399408759
12-01-2026 09:20||NIFTY27JAN2625100PE,0.11534480976145078
12-01-2026 09:20||NIFTY27JAN2625200CE,0.12496648761718009
12-01-2026 09:20||NIFTY27JAN2625600CE,0.11410742387770648
12-01-2026 09:20||NIFTY27JAN2625800CE,0.11066609315333298
12-01-2026 09:20||NIFTY27JAN2625900CE,0.1095114830001849
12-01-2026 09:20||NIFTY27JAN2626400CE,0.11229458344169328
12-01-2026 09:20||NIFTY27JAN2626500CE,0.11476733625862487
12-01-2026 09:25||NIFTY27JAN2624400PE,0.14922300888532156
12-01-2026 09:25||NIFTY27JAN2624700PE,0.13251992620099073
12-01-2026 09:25||NIFTY27JAN2624800PE,0.12763680528047078
12-01-2026 09:25||NIFTY27JAN2625000PE,0.11852099685867436
12-01-2026 09:25||NIFTY27JAN2625800CE,0.11493876443918771
12-01-2026 09:25||NIFTY27JAN2626200CE,0.11353615042545508
12-01-2026 09:30||NIFTY27JAN2623900PE,0.18042717603236497
12-01-2026 09:30||NIFTY27JAN2624000PE,0.17405954740156826
12-01-2026 09:30||NIFTY27JAN2624100PE,0.1676427448141346
12-01-2026 09:30||NIFTY27JAN2624400PE,0.14880700311808995
12-01-2026 09:30||NIFTY27JAN2624600PE,0.13691058030640868
12-01-2026 09:30||NIFTY27JAN2625200CE,0.13891658424937772
12-01-2026 09:30||NIFTY27JAN2625400CE,0.13138147485024226
12-01-2026 09:30||NIFTY27JAN2625600CE,0.12385208777386732
12-01-2026 09:30||NIFTY27JAN2625800CE,0.11781763828906056
12-01-2026 09:30||NIFTY27JAN2626000CE,0.11488729212058436
12-01-2026 09:30||NIFTY27JAN2626200CE,0.11513420187771375
12-01-2026 09:35||NIFTY27JAN2623900PE,0.17949680174620514
12-01-2026 09:35||NIFTY27JAN2624500PE,0.1427441094548882
12-01-2026 09:35||NIFTY27JAN2624600PE,0.13728920196855923
12-01-2026 09:35||NIFTY27JAN2624700PE,0.13189431610099966
12-01-2026 09:35||NIFTY27JAN2625000PE,0.11700281595397849
12-01-2026 09:35||NIFTY27JAN2625600CE,0.1220030652679866
12-01-2026 09:35||NIFTY27JAN2625700CE,0.11938046878121276
12-01-2026 09:35||NIFTY27JAN2625800CE,0.11671694460621918
12-01-2026 09:35||NIFTY27JAN2625900CE,0.11435362703725219
12-01-2026 09:35||NIFTY27JAN2626100CE,0.1130601414594424
12-01-2026 09:35||NIFTY27JAN2626200CE,0.11376716481033289
12-01-2026 09:35||NIFTY27JAN2626500CE,0.1193156604692823
12-01-2026 09:40||NIFTY27JAN2623900PE,0.18047443412655237
12-01-2026 09:40||NIFTY27JAN2624600PE,0.13949475078948065
12-01-2026 09:40||NIFTY27JAN2624700PE,0.13408783126498824
12-01-2026 09:40||NIFTY27JAN2624800PE,0.12873607109137858
12-01-2026 09:40||NIFTY27JAN2625200CE,0.1324628388337198
12-01-2026 09:40||NIFTY27JAN2625400CE,0.12435088098322591
12-01-2026 09:40||NIFTY27JAN2625500CE,0.12088488605756247
12-01-2026 09:40||NIFTY27JAN2626300CE,0.11385290433685727
12-01-2026 09:45||NIFTY27JAN2623900PE,0.18100270293597662
12-01-2026 09:45||NIFTY27JAN2624000PE,0.17495720421861588
12-01-2026 09:45||NIFTY27JAN2624800PE,0.1257070062225934
12-01-2026 09:45||NIFTY27JAN2625000PE,0.1142844900382453
12-01-2026 09:45||NIFTY27JAN2625100PE,0.10863895747365108
12-01-2026 09:45||NIFTY27JAN2625300CE,0.13905774583810687
12-01-2026 09:45||NIFTY27JAN2626400CE,0.11830969320122026
12-01-2026 09:45||NIFTY27JAN2626500CE,0.1210642898643827
12-01-2026 09:50||NIFTY27JAN2625000PE,0.11925153934810823
12-01-2026 09:50||NIFTY27JAN2625400CE,0.12697248647951118
12-01-2026 09:50||NIFTY27JAN2625900CE,0.11238306123557082
12-01-2026 09:50||NIFTY27JAN2626000CE,0.11118409103055141
12-01-2026 09:50||NIFTY27JAN2626300CE,0.11236990409913383
12-01-2026 09:50||NIFTY27JAN2626500CE,0.1170534159273079
12-01-2026 09:55||NIFTY27JAN2623800PE,0.18843812365494744
12-01-2026 09:55||NIFTY27JAN2624000PE,0.1767707462764136
12-01-2026 09:55||NIFTY27JAN2625000PE,0.12003415539292725
12-01-2026 09:55||NIFTY27JAN2625100PE,0.11493383058328989
12-01-2026 09:55||NIFTY27JAN2625400CE,0.11680790326489036
12-01-2026 09:55||NIFTY27JAN2625700CE,0.10958359680136354
12-01-2026 09:55||NIFTY27JAN2625900CE,0.10736456671288905
12-01-2026 09:55||NIFTY27JAN2626200CE,0.10862169007542474
12-01-2026 09:55||NIFTY27JAN2626400CE,0.11313619295450503
12-01-2026 10:00||NIFTY27JAN2623800PE,0.1869829677888235
12-01-2026 10:00||NIFTY27JAN2624800PE,0.12492310251452218
12-01-2026 10:00||NIFTY27JAN2625100PE,0.10997766317350742
12-01-2026 10:00||NIFTY27JAN2625200CE,0.143316707273072
12-01-2026 10:00||NIFTY27JAN2625400CE,0.13298505501490773
12-01-2026 10:00||NIFTY27JAN2625700CE,0.12085524552952545
12-01-2026 10:00||NIFTY27JAN2626100CE,0.11470574699372765
12-01-2026 10:00||NIFTY27JAN2626200CE,0.11537514954337207
12-01-2026 10:00||NIFTY27JAN2626300CE,0.1162165095246111
12-01-2026 10:05||NIFTY27JAN2623900PE,0.1826830317603368
12-01-2026 10:05||NIFTY27JAN2624300PE,0.15746771442139856
12-01-2026 10:05||NIFTY27JAN2624500PE,0.14534627677221715
12-01-2026 10:05||NIFTY27JAN2624600PE,0.13964717566470447
12-01-2026 10:05||NIFTY27JAN2624700PE,0.13399124338103016
12-01-2026 10:05||NIFTY27JAN2624800PE,0.12846173885784554
12-01-2026 10:05||NIFTY27JAN2625100PE,0.11416450725736058
12-01-2026 10:05||NIFTY27JAN2625700CE,0.11383134892472704
12-01-2026 10:10||NIFTY27JAN2624000PE,0.17491692515765822
12-01-2026 10:10||NIFTY27JAN2624100PE,0.16885666920688464
12-01-2026 10:10||NIFTY27JAN2624300PE,0.15667478627171819
12-01-2026 10:10||NIFTY27JAN2624700PE,0.13294781481112838
12-01-2026 10:10||NIFTY27JAN2624800PE,0.12779529293557662
12-01-2026 10:10||NIFTY27JAN2624900PE,0.122847172995799
12-01-2026 10:10||NIFTY27JAN2625600CE,0.11722213935815401
12-01-2026 10:10||NIFTY27JAN2625700CE,0.11448130300660161
12-01-2026 10:10||NIFTY27JAN2626300CE,0.11329716216230126
12-01-2026 10:10||NIFTY27JAN2626400CE,0.11568079045579117
12-01-2026 10:15||NIFTY27JAN2623800PE,0.18955001696952234
12-01-2026 10:15||NIFTY27JAN2623900PE,0.18193204816467107
12-01-2026 10:15||NIFTY27JAN2624500PE,0.14199102859962087
12-01-2026 10:15||NIFTY27JAN2624800PE,0.12447706507867587
12-01-2026 10:15||NIFTY27JAN2625000PE,0.11446291104145218
12-01-2026 10:15||NIFTY27JAN2625100PE,0.10995678789147188
12-01-2026 10:15||NIFTY27JAN2625200CE,0.1444576305763411
12-01-2026 10:15||NIFTY27JAN2625500CE,0.12781665456985974
12-01-2026 10:15||NIFTY27JAN2626200CE,0.11286340715504992
12-01-2026 10:15||NIFTY27JAN2626400CE,0.11575109110094006
12-01-2026 10:15||NIFTY27JAN2626500CE,0.1184444027460614
12-01-2026 10:20||NIFTY27JAN2624000PE,0.17593952402031587
12-01-2026 10:20||NIFTY27JAN2624200PE,0.16354345925741334
12-01-2026 10:20||NIFTY27JAN2624800PE,0.127705075023222
12-01-2026 10:20||NIFTY27JAN2624900PE,0.12260110755159206
12-01-2026 10:20||NIFTY27JAN2625200CE,0.1316364699112669
12-01-2026 10:20||NIFTY27JAN2626500CE,0.11642747039336482
12-01-2026 10:25||NIFTY27JAN2623800PE,0.18791551849803068
12-01-2026 10:25||NIFTY27JAN2624300PE,0.15650925507288643
12-01-2026 10:25||NIFTY27JAN2624400PE,0.1503497192505283
12-01-2026 10:25||NIFTY27JAN2624900PE,0.12145885165512238
12-01-2026 10:25||NIFTY27JAN2625200CE,0.14340400275352194
12-01-2026 10:25||NIFTY27JAN2625600CE,0.11992483421452722
12-01-2026 10:25||NIFTY27JAN2625800CE,0.11468939933572178
12-01-2026 10:25||NIFTY27JAN2625900CE,0.11278791724366802
12-01-2026 10:25||NIFTY27JAN2626000CE,0.11115344591624093
12-01-2026 10:30||NIFTY27JAN2624400PE,0.15135064478780308
12-01-2026 10:30||NIFTY27JAN2624500PE,0.14525828026389875
12-01-2026 10:30||NIFTY27JAN2624700PE,0.1335627552089232
12-01-2026 10:30||NIFTY27JAN2625100PE,0.11447764848040087
12-01-2026 10:30||NIFTY27JAN2625200CE,0.1311935423523637
12-01-2026 10:30||NIFTY27JAN2625300CE,0.12595287169955802
12-01-2026 10:30||NIFTY27JAN2625700CE,0.11182220457165692
12-01-2026 10:30||NIFTY27JAN2625800CE,0.10961233931568631
12-01-2026 10:30||NIFTY27JAN2626200CE,0.10836443855960427
12-01-2026 10:35||NIFTY27JAN2624600PE,0.1378159672647002
12-01-2026 10:35||NIFTY27JAN2624800PE,0.1267640160281227
12-01-2026 10:35||NIFTY27JAN2624900PE,0.12179952230112492
12-01-2026 10:35||NIFTY27JAN2625300CE,0.12976097761728786
12-01-2026 10:35||NIFTY27JAN2625400CE,0.12497099931004887
12-01-2026 10:35||NIFTY27JAN2625700CE,0.11393868951189304
12-01-2026 10:35||NIFTY27JAN2626400CE,0.11360297867259993
12-01-2026 10:40||NIFTY27JAN2624100PE,0.17004877695248477
12-01-2026 10:40||NIFTY27JAN2624800PE,0.12738804823040886
12-01-2026 10:40||NIFTY27JAN2625000PE,0.11719812993505885
12-01-2026 10:40||NIFTY27JAN2625100PE,0.11254339969636883
12-01-2026 10:40||NIFTY27JAN2625300CE,0.1304295904151931
12-01-2026 10:40||NIFTY27JAN2625400CE,0.12528582369897068
12-01-2026 10:40||NIFTY27JAN2625500CE,0.1205441427689143
12-01-2026 10:40||NIFTY27JAN2625600CE,0.11597484213918408
12-01-2026 10:40||NIFTY27JAN2625800CE,0.10984303611766034
12-01-2026 10:40||NIFTY27JAN2626300CE,0.11110498701135976
12-01-2026 10:40||NIFTY27JAN2626400CE,0.1136324376710971
12-01-2026 10:45||NIFTY27JAN2624000PE,0.17473415749318316
12-01-2026 10:45||NIFTY27JAN2624400PE,0.14911380464592855
12-01-2026 10:45||NIFTY27JAN2624700PE,0.13096185999671334
12-01-2026 10:45||NIFTY27JAN2625000PE,0.11549279839719681
12-01-2026 10:45||NIFTY27JAN2625900CE,0.11206107904016432
12-01-2026 10:45||NIFTY27JAN2626000CE,0.11103875201357691
12-01-2026 10:45||NIFTY27JAN2626200CE,0.1114145102228322
12-01-2026 10:45||NIFTY27JAN2626300CE,0.11303071154068209
12-01-2026 10:50||NIFTY27JAN2623900PE,0.18324690642274116
12-01-2026 10:50||NIFTY27JAN2624400PE,0.15166833258138435
12-01-2026 10:50||NIFTY27JAN2624900PE,0.12368812218913385
12-01-2026 10:50||NIFTY27JAN2625400CE,0.11638885250954226
12-01-2026 10:50||NIFTY27JAN2625500CE,0.11378578616697596
12-01-2026 10:50||NIFTY27JAN2625600CE,0.11122955750092448
12-01-2026 10:50||NIFTY27JAN2626200CE,0.10651853972772876
12-01-2026 10:55||NIFTY27JAN2624000PE,0.1752116957460449
12-01-2026 10:55||NIFTY27JAN2624200PE,0.16268346635802583
12-01-2026 10:55||NIFTY27JAN2624300PE,0.15645815876575367
12-01-2026 10:55||NIFTY27JAN2624400PE,0.15017191953255993
12-01-2026 10:55||NIFTY27JAN2624900PE,0.12210024591523924
12-01-2026 10:55||NIFTY27JAN2625100PE,0.1130067645749375
12-01-2026 10:55||NIFTY27JAN2625500CE,0.11726671525444035
12-01-2026 10:55||NIFTY27JAN2626100CE,0.1082080178947703
12-01-2026 10:55||NIFTY27JAN2626200CE,0.10935304980672372
12-01-2026 10:55||NIFTY27JAN2626400CE,0.11328870076728223
12-01-2026 11:00||NIFTY27JAN2623800PE,0.1871874554828799
12-01-2026 11:00||NIFTY27JAN2624000PE,0.17437914066897958
12-01-2026 11:00||NIFTY27JAN2624100PE,0.1680029737135087
12-01-2026 11:00||NIFTY27JAN2624500PE,0.14246649902592562
12-01-2026 11:00||NIFTY27JAN2624800PE,0.12630461023813916
12-01-2026 11:00||NIFTY27JAN2624900PE,0.12159888195933072
12-01-2026 11:00||NIFTY27JAN2625000PE,0.11697270185065892
12-01-2026 11:00||NIFTY27JAN2625200CE,0.1296737358382661
12-01-2026 11:00||NIFTY27JAN2625400CE,0.12269627409316715
12-01-2026 11:00||NIFTY27JAN2625600CE,0.11623011902390931
12-01-2026 11:00||NIFTY27JAN2625900CE,0.11058178762972563
12-01-2026 11:00||NIFTY27JAN2626000CE,0.11033548383594871
12-01-2026 11:00||NIFTY27JAN2626100CE,0.11022658718170861
12-01-2026 11:00||NIFTY27JAN2626300CE,0.11186617368635778
12-01-2026 11:00||NIFTY27JAN2626400CE,0.11469759714303471
12-01-2026 11:05||NIFTY27JAN2624100PE,0.16718902167743135
12-01-2026 11:05||NIFTY27JAN2624700PE,0.13035826612501233
12-01-2026 11:05||NIFTY27JAN2625200CE,0.1331396326636003
12-01-2026 11:05||NIFTY27JAN2625300CE,0.12812401052175645
12-01-2026 11:05||NIFTY27JAN2625500CE,0.12036464474964444
12-01-2026 11:05||NIFTY27JAN2625600CE,0.11737535622161707
12-01-2026 11:05||NIFTY27JAN2625700CE,0.1145334991642183
12-01-2026 11:10||NIFTY27JAN2624400PE,0.1490020064193736
12-01-2026 11:10||NIFTY27JAN2624500PE,0.14286984126368935
12-01-2026 11:10||NIFTY27JAN2624900PE,0.12160344132320457
12-01-2026 11:10||NIFTY27JAN2625200CE,0.1273231362079684
12-01-2026 11:10||NIFTY27JAN2625800CE,0.10939816608998709
12-01-2026 11:10||NIFTY27JAN2626000CE,0.10768654749467005
12-01-2026 11:10||NIFTY27JAN2626400CE,0.11372668048618106
12-01-2026 11:15||NIFTY27JAN2623800PE,0.18556799455343226
12-01-2026 11:15||NIFTY27JAN2623900PE,0.17890282486880416
12-01-2026 11:15||NIFTY27JAN2624200PE,0.15969779323279062
12-01-2026 11:15||NIFTY27JAN2625400CE,0.11892062936770742
12-01-2026 11:15||NIFTY27JAN2625700CE,0.11171466797018884
12-01-2026 11:15||NIFTY27JAN2625800CE,0.10996871744006215
12-01-2026 11:15||NIFTY27JAN2626200CE,0.11008512941688409
12-01-2026 11:20||NIFTY27JAN2624500PE,0.13992963863724975
12-01-2026 11:20||NIFTY27JAN2624800PE,0.12406707031559738
12-01-2026 11:20||NIFTY27JAN2624900PE,0.11934286519471499
12-01-2026 11:20||NIFTY27JAN2626200CE,0.11176932722053173
12-01-2026 11:20||NIFTY27JAN2626400CE,0.11673407564708632
12-01-2026 11:25||NIFTY27JAN2623800PE,0.18466518956092978
12-01-2026 11:25||NIFTY27JAN2623900PE,0.17745089311304021
12-01-2026 11:25||NIFTY27JAN2624200PE,0.15760221694103693
12-01-2026 11:25||NIFTY27JAN2624300PE,0.1515734494003288
12-01-2026 11:25||NIFTY27JAN2624700PE,0.12868413819385155
12-01-2026 11:25||NIFTY27JAN2625400CE,0.12107149553731436
12-01-2026 11:25||NIFTY27JAN2626400CE,0.1171466272988425
12-01-2026 11:30||NIFTY27JAN2623900PE,0.1761735968455796
12-01-2026 11:30||NIFTY27JAN2624000PE,0.17038358327183484
12-01-2026 11:35||NIFTY27JAN2624200PE,0.15712929312887988
12-01-2026 11:35||NIFTY27JAN2624400PE,0.14524799984463174
12-01-2026 11:35||NIFTY27JAN2624700PE,0.12861602062008398
12-01-2026 11:35||NIFTY27JAN2624800PE,0.12396008099692814
12-01-2026 11:35||NIFTY27JAN2624900PE,0.11952163825510645
12-01-2026 11:35||NIFTY27JAN2625300CE,0.12408895534443803
12-01-2026 11:35||NIFTY27JAN2625600CE,0.11581633605099381
12-01-2026 11:35||NIFTY27JAN2625800CE,0.11204046676228513
12-01-2026 11:40||NIFTY27JAN2623800PE,0.18158651124874436
12-01-2026 11:40||NIFTY27JAN2624300PE,0.15194167809474374
12-01-2026 11:40||NIFTY27JAN2624400PE,0.14608637575449013
12-01-2026 11:40||NIFTY27JAN2625000PE,0.11581768127864975
12-01-2026 11:40||NIFTY27JAN2625200CE,0.12471127400693813
12-01-2026 11:40||NIFTY27JAN2625300CE,0.12250925245673652
12-01-2026 11:40||NIFTY27JAN2625500CE,0.11809419892383116
12-01-2026 11:40||NIFTY27JAN2626500CE,0.12337702441219808
12-01-2026 11:45||NIFTY27JAN2624000PE,0.16839244521628588
12-01-2026 11:45||NIFTY27JAN2626400CE,0.120289139159829
12-01-2026 11:50||NIFTY27JAN2624700PE,0.12839390300757975
12-01-2026 11:50||NIFTY27JAN2625500CE,0.11844762525192129
12-01-2026 11:50||NIFTY27JAN2625600CE,0.11597249691605874
12-01-2026 11:50||NIFTY27JAN2625800CE,0.11265093190554917
12-01-2026 11:50||NIFTY27JAN2625900CE,0.11156974322313737
12-01-2026 11:50||NIFTY27JAN2626400CE,0.1185352298178271
12-01-2026 11:55||NIFTY27JAN2624000PE,0.16947902141092608
12-01-2026 11:55||NIFTY27JAN2624100PE,0.16340339795141218
12-01-2026 11:55||NIFTY27JAN2624900PE,0.11873054994200148
12-01-2026 11:55||NIFTY27JAN2625100PE,0.11118730610414032
12-01-2026 11:55||NIFTY27JAN2625700CE,0.11423363335040702
12-01-2026 11:55||NIFTY27JAN2626000CE,0.11194316368035584
12-01-2026 11:55||NIFTY27JAN2626100CE,0.11277865738216591
12-01-2026 11:55||NIFTY27JAN2626200CE,0.1138276794742819
12-01-2026 11:55||NIFTY27JAN2626500CE,0.12130027653350037
12-01-2026 12:00||NIFTY27JAN2623800PE,0.1812862590024618
12-01-2026 12:00||NIFTY27JAN2624100PE,0.16344748646511284
12-01-2026 12:00||NIFTY27JAN2624600PE,0.13337465728638886
12-01-2026 12:00||NIFTY27JAN2624900PE,0.11880633935892287
12-01-2026 12:00||NIFTY27JAN2625100PE,0.11179913121573726
12-01-2026 12:00||NIFTY27JAN2625300CE,0.12365052468579804
12-01-2026 12:00||NIFTY27JAN2625900CE,0.11071035473617141
12-01-2026 12:05||NIFTY27JAN2624000PE,0.16974266591816045
12-01-2026 12:05||NIFTY27JAN2624800PE,0.12226023886864965
12-01-2026 12:05||NIFTY27JAN2624900PE,0.11780679288414743
12-01-2026 12:05||NIFTY27JAN2625500CE,0.11949795633961109
12-01-2026 12:05||NIFTY27JAN2625800CE,0.1125368198606995
12-01-2026 12:05||NIFTY27JAN2626000CE,0.11120030129865194
12-01-2026 12:05||NIFTY27JAN2626500CE,0.12108333315346145
12-01-2026 12:10||NIFTY27JAN2623800PE,0.18230869876556793
12-01-2026 12:10||NIFTY27JAN2624200PE,0.15679241699472782
12-01-2026 12:10||NIFTY27JAN2624300PE,0.1498378789150575
12-01-2026 12:10||NIFTY27JAN2624700PE,0.12462913247304855
12-01-2026 12:10||NIFTY27JAN2624800PE,0.11904510463109977
12-01-2026 12:10||NIFTY27JAN2625000PE,0.10886547374998073
12-01-2026 12:10||NIFTY27JAN2625200CE,0.14843782513724238
12-01-2026 12:10||NIFTY27JAN2625800CE,0.1206044830210489
12-01-2026 12:10||NIFTY27JAN2626000CE,0.1162942482382903
12-01-2026 12:10||NIFTY27JAN2626400CE,0.11909006556779336
12-01-2026 12:15||NIFTY27JAN2624700PE,0.12797951361416682
12-01-2026 12:15||NIFTY27JAN2625100PE,0.10908940369688672
12-01-2026 12:15||NIFTY27JAN2625700CE,0.1194806069159611
12-01-2026 12:15||NIFTY27JAN2625900CE,0.11468031584540406
12-01-2026 12:15||NIFTY27JAN2626200CE,0.113227767653727
12-01-2026 12:20||NIFTY27JAN2624400PE,0.149125167734387
12-01-2026 12:20||NIFTY27JAN2624700PE,0.13070211414173494
12-01-2026 12:20||NIFTY27JAN2625100PE,0.10993907431665842
12-01-2026 12:20||NIFTY27JAN2625300CE,0.14462967312779546
12-01-2026 12:20||NIFTY27JAN2625500CE,0.13351293892772842
12-01-2026 12:20||NIFTY27JAN2625600CE,0.12875668820985878
12-01-2026 12:20||NIFTY27JAN2625900CE,0.1188584578790175
12-01-2026 12:20||NIFTY27JAN2626300CE,0.11614285781145696
12-01-2026 12:20||NIFTY27JAN2626400CE,0.11767407357775894
12-01-2026 12:25||NIFTY27JAN2624200PE,0.16474883781091942
12-01-2026 12:25||NIFTY27JAN2624400PE,0.15237228702407982
12-01-2026 12:25||NIFTY27JAN2624800PE,0.1294990319053715
12-01-2026 12:25||NIFTY27JAN2625200CE,0.12646220155484184
12-01-2026 12:25||NIFTY27JAN2626300CE,0.11237686364811417
12-01-2026 12:30||NIFTY27JAN2623800PE,0.18815611712779304
12-01-2026 12:30||NIFTY27JAN2624800PE,0.13020493975267577
12-01-2026 12:30||NIFTY27JAN2624900PE,0.12528621480376548
12-01-2026 12:30||NIFTY27JAN2625500CE,0.13442588250231546
12-01-2026 12:30||NIFTY27JAN2625700CE,0.12560470513858868
12-01-2026 12:30||NIFTY27JAN2626500CE,0.1186970214440116
12-01-2026 12:35||NIFTY27JAN2624000PE,0.1802075501326274
12-01-2026 12:35||NIFTY27JAN2624300PE,0.16230975620863147
12-01-2026 12:35||NIFTY27JAN2624600PE,0.14467658263389446
12-01-2026 12:35||NIFTY27JAN2624900PE,0.12930150662960965
12-01-2026 12:35||NIFTY27JAN2625100PE,0.11966380801448391
12-01-2026 12:35||NIFTY27JAN2625600CE,0.11771062600182391
12-01-2026 12:35||NIFTY27JAN2626000CE,0.11081274228404939
12-01-2026 12:35||NIFTY27JAN2626300CE,0.11145082013192785
12-01-2026 12:40||NIFTY27JAN2624300PE,0.1591898853435531
12-01-2026 12:40||NIFTY27JAN2624400PE,0.1528449315756355
12-01-2026 12:40||NIFTY27JAN2624500PE,0.14654879070321633
12-01-2026 12:40||NIFTY27JAN2624600PE,0.14044910654216863
12-01-2026 12:40||NIFTY27JAN2624900PE,0.12447752669819138
12-01-2026 12:40||NIFTY27JAN2625000PE,0.11931284457338358
12-01-2026 12:40||NIFTY27JAN2625300CE,0.14904285831482572
12-01-2026 12:40||NIFTY27JAN2625400CE,0.14340598809467958
12-01-2026 12:40||NIFTY27JAN2625500CE,0.1380722118104148
12-01-2026 12:40||NIFTY27JAN2626000CE,0.12017485391830929
12-01-2026 12:40||NIFTY27JAN2626200CE,0.11814792822367437
12-01-2026 12:45||NIFTY27JAN2624300PE,0.1647303734853674
12-01-2026 12:45||NIFTY27JAN2624500PE,0.15217349755942527
12-01-2026 12:45||NIFTY27JAN2624800PE,0.13518478021326502
12-01-2026 12:45||NIFTY27JAN2625000PE,0.12571308491010114
12-01-2026 12:45||NIFTY27JAN2625300CE,0.12900234166757074
12-01-2026 12:45||NIFTY27JAN2625700CE,0.11434394528050376
12-01-2026 12:45||NIFTY27JAN2625800CE,0.11203569504809743
12-01-2026 12:45||NIFTY27JAN2626000CE,0.10958462299332458
12-01-2026 12:45||NIFTY27JAN2626200CE,0.10997602712312932
12-01-2026 12:45||NIFTY27JAN2626300CE,0.1108616781390524
12-01-2026 12:45||NIFTY27JAN2626400CE,0.11201389217805319
12-01-2026 12:50||NIFTY27JAN2624100PE,0.1757387560530434
12-01-2026 12:50||NIFTY27JAN2624400PE,0.15679145123696364
12-01-2026 12:50||NIFTY27JAN2624500PE,0.15081725494771828
12-01-2026 12:50||NIFTY27JAN2624800PE,0.13420352201431157
12-01-2026 12:50||NIFTY27JAN2625300CE,0.13745702701894003
12-01-2026 12:50||NIFTY27JAN2625800CE,0.11934739895317115
12-01-2026 12:55||NIFTY27JAN2624400PE,0.15663024448390106
12-01-2026 12:55||NIFTY27JAN2624500PE,0.15095331616524027
12-01-2026 12:55||NIFTY27JAN2624600PE,0.14531756158739084
12-01-2026 12:55||NIFTY27JAN2624700PE,0.1397049193498507
12-01-2026 12:55||NIFTY27JAN2625000PE,0.12400832386567096
12-01-2026 12:55||NIFTY27JAN2625400CE,0.13062413245467425
12-01-2026 12:55||NIFTY27JAN2625900CE,0.11311389866391017
12-01-2026 12:55||NIFTY27JAN2626100CE,0.11220918872643326
12-01-2026 12:55||NIFTY27JAN2626200CE,0.1122961337547667
12-01-2026 12:55||NIFTY27JAN2626300CE,0.11246972247103004
12-01-2026 13:00||NIFTY27JAN2624200PE,0.16759774984500453
12-01-2026 13:00||NIFTY27JAN2624500PE,0.14971313229320382
12-01-2026 13:00||NIFTY27JAN2624600PE,0.143651027767687
12-01-2026 13:00||NIFTY27JAN2625200CE,0.13747486530970934
12-01-2026 13:00||NIFTY27JAN2625500CE,0.12789107008645614
12-01-2026 13:00||NIFTY27JAN2626000CE,0.11542067458599145
12-01-2026 13:00||NIFTY27JAN2626100CE,0.11512299130574322
12-01-2026 13:00||NIFTY27JAN2626200CE,0.11468175879645856
12-01-2026 13:00||NIFTY27JAN2626300CE,0.11428228454721492
12-01-2026 13:00||NIFTY27JAN2626500CE,0.1153375467573497
12-01-2026 13:05||NIFTY27JAN2623800PE,0.19271566646753202
12-01-2026 13:05||NIFTY27JAN2623900PE,0.18672902904139246
12-01-2026 13:05||NIFTY27JAN2624200PE,0.16825581986032911
12-01-2026 13:05||NIFTY27JAN2624500PE,0.14951153389013783
12-01-2026 13:05||NIFTY27JAN2624800PE,0.13274221143945614
12-01-2026 13:05||NIFTY27JAN2624900PE,0.1279300313400774
12-01-2026 13:05||NIFTY27JAN2625300CE,0.14078162049070556
12-01-2026 13:05||NIFTY27JAN2625500CE,0.13098435550004317
12-01-2026 13:05||NIFTY27JAN2626100CE,0.11524002089781141
12-01-2026 13:05||NIFTY27JAN2626200CE,0.11462177702600976
12-01-2026 13:05||NIFTY27JAN2626400CE,0.11497253548844827
12-01-2026 13:10||NIFTY27JAN2624300PE,0.16204309896521157
12-01-2026 13:10||NIFTY27JAN2624700PE,0.13835597740586308
12-01-2026 13:10||NIFTY27JAN2624800PE,0.13318277861155364
12-01-2026 13:10||NIFTY27JAN2626400CE,0.11278374780208056
12-01-2026 13:15||NIFTY27JAN2623800PE,0.18901222622704292
12-01-2026 13:15||NIFTY27JAN2624100PE,0.1747650279123148
12-01-2026 13:15||NIFTY27JAN2624300PE,0.16313185286495024
12-01-2026 13:15||NIFTY27JAN2624500PE,0.1514262485738764
12-01-2026 13:15||NIFTY27JAN2624700PE,0.1402300796556376
12-01-2026 13:15||NIFTY27JAN2624800PE,0.1350539127155999
12-01-2026 13:15||NIFTY27JAN2625100PE,0.12304531498785248
12-01-2026 13:15||NIFTY27JAN2625500CE,0.11695298499530873
12-01-2026 13:15||NIFTY27JAN2625800CE,0.10996837973167538
12-01-2026 13:15||NIFTY27JAN2626100CE,0.10714123751312324
12-01-2026 13:15||NIFTY27JAN2626300CE,0.10774680875109569
12-01-2026 13:15||NIFTY27JAN2626400CE,0.1088509142122694
12-01-2026 13:15||NIFTY27JAN2626500CE,0.11042778466499052
12-01-2026 13:20||NIFTY27JAN2624200PE,0.16714279743348803
12-01-2026 13:20||NIFTY27JAN2624300PE,0.16130663843271625
12-01-2026 13:20||NIFTY27JAN2624500PE,0.14956514454378733
12-01-2026 13:20||NIFTY27JAN2624600PE,0.14366670386042257
12-01-2026 13:20||NIFTY27JAN2625000PE,0.12234016196686207
12-01-2026 13:20||NIFTY27JAN2625200CE,0.14062676139039457
12-01-2026 13:20||NIFTY27JAN2625500CE,0.12646806950330916
12-01-2026 13:20||NIFTY27JAN2626200CE,0.11156794622477575
12-01-2026 13:20||NIFTY27JAN2626500CE,0.11448868491527703
12-01-2026 13:25||NIFTY27JAN2624300PE,0.16228226589133657
12-01-2026 13:25||NIFTY27JAN2624500PE,0.1508454891422515
12-01-2026 13:25||NIFTY27JAN2624600PE,0.14520268748683623
12-01-2026 13:25||NIFTY27JAN2624800PE,0.13474552044540897
12-01-2026 13:25||NIFTY27JAN2625500CE,0.11680608452489896
12-01-2026 13:25||NIFTY27JAN2625800CE,0.11012954323733785
12-01-2026 13:25||NIFTY27JAN2626000CE,0.10794801782727395
12-01-2026 13:25||NIFTY27JAN2626400CE,0.1094086526679054
12-01-2026 13:25||NIFTY27JAN2626500CE,0.11107441556838185
12-01-2026 13:30||NIFTY27JAN2623900PE,0.18363123907670403
12-01-2026 13:30||NIFTY27JAN2624400PE,0.15446664504601576
12-01-2026 13:30||NIFTY27JAN2624800PE,0.13092345819630535
12-01-2026 13:30||NIFTY27JAN2624900PE,0.12579131989303022
12-01-2026 13:30||NIFTY27JAN2625100PE,0.11651536461014123
12-01-2026 13:30||NIFTY27JAN2625300CE,0.1522815578127265
12-01-2026 13:30||NIFTY27JAN2625500CE,0.13930512684609248
12-01-2026 13:30||NIFTY27JAN2625600CE,0.1337405508106404
12-01-2026 13:30||NIFTY27JAN2625700CE,0.12839919215695803
12-01-2026 13:35||NIFTY27JAN2624700PE,0.14041312556306568
12-01-2026 13:35||NIFTY27JAN2624900PE,0.12982133373482738
12-01-2026 13:35||NIFTY27JAN2625500CE,0.12035848319869621
12-01-2026 13:35||NIFTY27JAN2625600CE,0.11803654453564845
12-01-2026 13:35||NIFTY27JAN2625900CE,0.11147014592158824
12-01-2026 13:35||NIFTY27JAN2626100CE,0.10950679572386936
12-01-2026 13:40||NIFTY27JAN2623900PE,0.18629758639293514
12-01-2026 13:40||NIFTY27JAN2624000PE,0.18073570598219826
12-01-2026 13:40||NIFTY27JAN2624100PE,0.1751189145188174
12-01-2026 13:40||NIFTY27JAN2624800PE,0.13488603936716467
12-01-2026 13:40||NIFTY27JAN2624900PE,0.1301445040266193
12-01-2026 13:40||NIFTY27JAN2625200CE,0.14242329672183718
12-01-2026 13:40||NIFTY27JAN2625400CE,0.1259175144355766
12-01-2026 13:40||NIFTY27JAN2626100CE,0.10835345844129504
12-01-2026 13:40||NIFTY27JAN2626200CE,0.10831723512299266
12-01-2026 13:45||NIFTY27JAN2623800PE,0.1932864362714234
12-01-2026 13:45||NIFTY27JAN2623900PE,0.18732348463412432
12-01-2026 13:45||NIFTY27JAN2624600PE,0.14472622889661158
12-01-2026 13:45||NIFTY27JAN2625000PE,0.12425223143300997
12-01-2026 13:45||NIFTY27JAN2625100PE,0.12028508332346792
12-01-2026 13:50||NIFTY27JAN2624200PE,0.16960631670141935
12-01-2026 13:50||NIFTY27JAN2625200CE,0.13824379642689366
12-01-2026 13:50||NIFTY27JAN2625300CE,0.13395293718855367
12-01-2026 13:50||NIFTY27JAN2625400CE,0.12978752383940947
12-01-2026 13:50||NIFTY27JAN2626200CE,0.11000522196036945
12-01-2026 13:50||NIFTY27JAN2626300CE,0.11025469179795176
12-01-2026 13:55||NIFTY27JAN2623800PE,0.1948950709894015
12-01-2026 13:55||NIFTY27JAN2624000PE,0.18289550081728362
12-01-2026 13:55||NIFTY27JAN2624100PE,0.17685756675724562
12-01-2026 13:55||NIFTY27JAN2624700PE,0.1403380510872046
12-01-2026 13:55||NIFTY27JAN2624900PE,0.12997163976726545
12-01-2026 13:55||NIFTY27JAN2626100CE,0.10885501503379497
12-01-2026 13:55||NIFTY27JAN2626200CE,0.10856887377524518
12-01-2026 13:55||NIFTY27JAN2626400CE,0.10912809757893932
12-01-2026 14:00||NIFTY27JAN2623800PE,0.1925243845445199
12-01-2026 14:00||NIFTY27JAN2624000PE,0.18208682046242142
12-01-2026 14:00||NIFTY27JAN2624300PE,0.1643201496847157
12-01-2026 14:00||NIFTY27JAN2624400PE,0.15801570786583308
12-01-2026 14:00||NIFTY27JAN2624500PE,0.15175693286721595
12-01-2026 14:00||NIFTY27JAN2624600PE,0.1455886898443712
12-01-2026 14:00||NIFTY27JAN2625000PE,0.12441236711283044
12-01-2026 14:00||NIFTY27JAN2625400CE,0.12268683339303477
12-01-2026 14:00||NIFTY27JAN2625600CE,0.11716853026397575
12-01-2026 14:00||NIFTY27JAN2625700CE,0.11387818384669425
12-01-2026 14:00||NIFTY27JAN2626300CE,0.10824768073366879
12-01-2026 14:00||NIFTY27JAN2626400CE,0.10932481318885129
12-01-2026 14:05||NIFTY27JAN2623900PE,0.1875387652986556
12-01-2026 14:05||NIFTY27JAN2624400PE,0.15717377621124937
12-01-2026 14:05||NIFTY27JAN2624600PE,0.14488326421205594
12-01-2026 14:05||NIFTY27JAN2624800PE,0.13324550929618606
12-01-2026 14:05||NIFTY27JAN2625800CE,0.11560766917208144
12-01-2026 14:05||NIFTY27JAN2626000CE,0.11113059570936595
12-01-2026 14:05||NIFTY27JAN2626200CE,0.10933806055078515
12-01-2026 14:05||NIFTY27JAN2626400CE,0.10947516995950439
12-01-2026 14:05||NIFTY27JAN2626500CE,0.11028283958470403
12-01-2026 14:10||NIFTY27JAN2624100PE,0.17687137462733932
12-01-2026 14:10||NIFTY27JAN2624600PE,0.14634502645936578
12-01-2026 14:10||NIFTY27JAN2624800PE,0.13489804402656452
12-01-2026 14:10||NIFTY27JAN2625200CE,0.13713855051549134
12-01-2026 14:10||NIFTY27JAN2625400CE,0.12370831940393064
12-01-2026 14:10||NIFTY27JAN2625500CE,0.1183578664503638
12-01-2026 14:10||NIFTY27JAN2626400CE,0.10758202875556283
12-01-2026 14:15||NIFTY27JAN2624100PE,0.17544573892186008
12-01-2026 14:15||NIFTY27JAN2624200PE,0.16924913493618307
12-01-2026 14:15||NIFTY27JAN2624900PE,0.12859901526636647
12-01-2026 14:15||NIFTY27JAN2625400CE,0.12801159375018495
12-01-2026 14:15||NIFTY27JAN2625800CE,0.11283021443300056
12-01-2026 14:15||NIFTY27JAN2626300CE,0.1088518783374256
12-01-2026 14:20||NIFTY27JAN2624300PE,0.16336527385746163
12-01-2026 14:20||NIFTY27JAN2624400PE,0.1566997089730811
12-01-2026 14:20||NIFTY27JAN2624500PE,0.15012495788130464
12-01-2026 14:20||NIFTY27JAN2624600PE,0.14365259909609
12-01-2026 14:20||NIFTY27JAN2625000PE,0.12117430775882074
12-01-2026 14:20||NIFTY27JAN2625200CE,0.15074462085435616
12-01-2026 14:20||NIFTY27JAN2625700CE,0.12365303419079107
12-01-2026 14:20||NIFTY27JAN2625900CE,0.11678191390928827
12-01-2026 14:20||NIFTY27JAN2626200CE,0.1119379253331236
12-01-2026 14:20||NIFTY27JAN2626500CE,0.11285581496593328
12-01-2026 14:25||NIFTY27JAN2623900PE,0.18811200851661178
12-01-2026 14:25||NIFTY27JAN2624200PE,0.17092754105525515
12-01-2026 14:25||NIFTY27JAN2624500PE,0.1527424638015608
12-01-2026 14:25||NIFTY27JAN2624600PE,0.14658477753501437
12-01-2026 14:25||NIFTY27JAN2625400CE,0.1274071250063581
12-01-2026 14:25||NIFTY27JAN2626200CE,0.10686400607585606
12-01-2026 14:25||NIFTY27JAN2626300CE,0.10702321345698397
12-01-2026 14:25||NIFTY27JAN2626500CE,0.1087718900263393
12-01-2026 14:30||NIFTY27JAN2623900PE,0.18805569512205095
12-01-2026 14:30||NIFTY27JAN2624200PE,0.17096567528195733
12-01-2026 14:30||NIFTY27JAN2624500PE,0.15261360090281295
12-01-2026 14:30||NIFTY27JAN2624900PE,0.1306040912307273
12-01-2026 14:30||NIFTY27JAN2625200CE,0.12087807243156642
12-01-2026 14:30||NIFTY27JAN2625300CE,0.11862418791008719
12-01-2026 14:30||NIFTY27JAN2625700CE,0.10919779557910064
12-01-2026 14:30||NIFTY27JAN2626200CE,0.10518323603276021
12-01-2026 14:30||NIFTY27JAN2626300CE,0.10595797004518256
12-01-2026 14:35||NIFTY27JAN2624500PE,0.14905737737965669
12-01-2026 14:35||NIFTY27JAN2625100PE,0.11616653742556945
12-01-2026 14:35||NIFTY27JAN2625400CE,0.13922336114411768
12-01-2026 14:35||NIFTY27JAN2625900CE,0.1173409857718948
12-01-2026 14:35||NIFTY27JAN2626000CE,0.11500163684730774
12-01-2026 14:35||NIFTY27JAN2626100CE,0.1130151140078399
12-01-2026 14:35||NIFTY27JAN2626400CE,0.11165328942902494
12-01-2026 14:35||NIFTY27JAN2626500CE,0.11277880631887727
12-01-2026 14:40||NIFTY27JAN2623800PE,0.19281867256121393
12-01-2026 14:40||NIFTY27JAN2624100PE,0.17631584026193775
12-01-2026 14:40||NIFTY27JAN2624300PE,0.16401483003418557
12-01-2026 14:40||NIFTY27JAN2624500PE,0.151749140040648
12-01-2026 14:40||NIFTY27JAN2625100PE,0.11948156109475197
12-01-2026 14:40||NIFTY27JAN2625300CE,0.13392374176451122
12-01-2026 14:40||NIFTY27JAN2625600CE,0.11961942803364244
12-01-2026 14:40||NIFTY27JAN2626300CE,0.108529276897882
12-01-2026 14:40||NIFTY27JAN2626400CE,0.10931008677563972
12-01-2026 14:45||NIFTY27JAN2624000PE,0.18249902757443165
12-01-2026 14:45||NIFTY27JAN2624600PE,0.14676799402269725
12-01-2026 14:45||NIFTY27JAN2625000PE,0.12476565441035325
12-01-2026 14:45||NIFTY27JAN2625300CE,0.12686578047194405
12-01-2026 14:45||NIFTY27JAN2625500CE,0.11886799676236301
12-01-2026 14:45||NIFTY27JAN2625900CE,0.10973446042126815
12-01-2026 14:45||NIFTY27JAN2626000CE,0.10914120354064956
12-01-2026 14:45||NIFTY27JAN2626100CE,0.10856401367307673
12-01-2026 14:45||NIFTY27JAN2626200CE,0.10801811116924964
12-01-2026 14:45||NIFTY27JAN2626300CE,0.10754855049012801
12-01-2026 14:45||NIFTY27JAN2626500CE,0.10813404438300966
12-01-2026 14:50||NIFTY27JAN2624000PE,0.18285998083116617
12-01-2026 14:50||NIFTY27JAN2624400PE,0.15784753393885362
12-01-2026 14:50||NIFTY27JAN2624500PE,0.1516030538199798
12-01-2026 14:50||NIFTY27JAN2624800PE,0.13404298711377632
12-01-2026 14:50||NIFTY27JAN2625100PE,0.11847974627092976
12-01-2026 14:50||NIFTY27JAN2625600CE,0.12238231638805137
12-01-2026 14:50||NIFTY27JAN2625900CE,0.11233505200654573
12-01-2026 14:50||NIFTY27JAN2626000CE,0.11012807183746433
12-01-2026 14:50||NIFTY27JAN2626300CE,0.10751969345461862
12-01-2026 14:50||NIFTY27JAN2626400CE,0.10808453748342534
12-01-2026 14:55||NIFTY27JAN2624300PE,0.16449898646643057
12-01-2026 14:55||NIFTY27JAN2624500PE,0.15204063382110067
12-01-2026 14:55||NIFTY27JAN2624700PE,0.13997885780668687
12-01-2026 14:55||NIFTY27JAN2624900PE,0.1291274556317599
12-01-2026 14:55||NIFTY27JAN2625100PE,0.11953490622345828
12-01-2026 14:55||NIFTY27JAN2625900CE,0.11206283343637308
12-01-2026 14:55||NIFTY27JAN2626200CE,0.10774141578371282
12-01-2026 15:00||NIFTY27JAN2623800PE,0.1952979986545675
12-01-2026 15:00||NIFTY27JAN2623900PE,0.18920261808109298
12-01-2026 15:00||NIFTY27JAN2624300PE,0.1644087409300262
12-01-2026 15:00||NIFTY27JAN2624700PE,0.140025646271659
12-01-2026 15:00||NIFTY27JAN2624800PE,0.13475002588699014
12-01-2026 15:00||NIFTY27JAN2624900PE,0.1295559897914732
12-01-2026 15:00||NIFTY27JAN2626000CE,0.10866840228938762
12-01-2026 15:00||NIFTY27JAN2626100CE,0.1072601462940817
12-01-2026 15:05||NIFTY27JAN2623800PE,0.192977272488007
12-01-2026 15:05||NIFTY27JAN2624200PE,0.17177067547405925
12-01-2026 15:05||NIFTY27JAN2624300PE,0.16538563168660436
12-01-2026 15:05||NIFTY27JAN2624500PE,0.15285748013173528
12-01-2026 15:05||NIFTY27JAN2624900PE,0.13007812246394024
12-01-2026 15:05||NIFTY27JAN2625400CE,0.1213116151023379
12-01-2026 15:05||NIFTY27JAN2625900CE,0.1077692473150455
12-01-2026 15:05||NIFTY27JAN2626100CE,0.10599794466756707
12-01-2026 15:05||NIFTY27JAN2626200CE,0.10541765049846424
12-01-2026 15:10||NIFTY27JAN2623900PE,0.18904718572556023
12-01-2026 15:10||NIFTY27JAN2624000PE,0.18321045921653117
12-01-2026 15:10||NIFTY27JAN2624100PE,0.17731949075801148
12-01-2026 15:10||NIFTY27JAN2624300PE,0.16527386466502686
12-01-2026 15:10||NIFTY27JAN2624500PE,0.15301025897868284
12-01-2026 15:10||NIFTY27JAN2624600PE,0.14690255528966978
12-01-2026 15:10||NIFTY27JAN2624700PE,0.14083077407746136
12-01-2026 15:10||NIFTY27JAN2625200CE,0.13487999956007166
12-01-2026 15:10||NIFTY27JAN2625600CE,0.11384642546888721
12-01-2026 15:10||NIFTY27JAN2625900CE,0.10632465518855477
12-01-2026 15:10||NIFTY27JAN2626100CE,0.10513673727871858
12-01-2026 15:10||NIFTY27JAN2626200CE,0.10534284210192071
12-01-2026 15:10||NIFTY27JAN2626300CE,0.10547168521117867
12-01-2026 15:10||NIFTY27JAN2626400CE,0.1056763987968391
12-01-2026 15:15||NIFTY27JAN2623900PE,0.19109434427853766
12-01-2026 15:15||NIFTY27JAN2624000PE,0.18513298332709638
12-01-2026 15:15||NIFTY27JAN2624500PE,0.15376078299004628
12-01-2026 15:15||NIFTY27JAN2624800PE,0.13548204403052427
12-01-2026 15:15||NIFTY27JAN2624900PE,0.12995164109117754
12-01-2026 15:15||NIFTY27JAN2625200CE,0.14166430027354734
12-01-2026 15:15||NIFTY27JAN2625400CE,0.12859072399406407
12-01-2026 15:15||NIFTY27JAN2625500CE,0.1230416877953202
12-01-2026 15:15||NIFTY27JAN2625700CE,0.11464237596627075
12-01-2026 15:15||NIFTY27JAN2626400CE,0.10518376904714628
12-01-2026 15:15||NIFTY27JAN2626500CE,0.10613620104462
12-01-2026 15:20||NIFTY27JAN2624100PE,0.1812462875819122
12-01-2026 15:20||NIFTY27JAN2624200PE,0.1744850559937151
12-01-2026 15:20||NIFTY27JAN2624400PE,0.16134412382993346
12-01-2026 15:20||NIFTY27JAN2624500PE,0.1549736717036016
12-01-2026 15:20||NIFTY27JAN2625000PE,0.12429730855063609
12-01-2026 15:20||NIFTY27JAN2625200CE,0.140702336333228
12-01-2026 15:20||NIFTY27JAN2625300CE,0.1340951571135963
12-01-2026 15:20||NIFTY27JAN2625500CE,0.12273806261385087
12-01-2026 15:20||NIFTY27JAN2626200CE,0.10570932789223161
12-01-2026 15:20||NIFTY27JAN2626300CE,0.1056069349556295
12-01-2026 15:25||NIFTY27JAN2624200PE,0.1739445499424929
12-01-2026 15:25||NIFTY27JAN2624600PE,0.14883511918590686
12-01-2026 15:25||NIFTY27JAN2625400CE,0.11852018417307139
12-01-2026 15:25||NIFTY27JAN2625500CE,0.11507434383180926
12-01-2026 15:25||NIFTY27JAN2625600CE,0.11192256860250968
12-01-2026 15:25||NIFTY27JAN2625700CE,0.10889791551354991
13-01-2026 09:15||NIFTY27JAN2624000PE,0.19064879618330183
13-01-2026 09:15||NIFTY27JAN2624100PE,0.1830399881356175
13-01-2026 09:15||NIFTY27JAN2624700PE,0.14514800836891706
13-01-2026 09:15||NIFTY27JAN2624900PE,0.13387095036845592
13-01-2026 09:15||NIFTY27JAN2625000PE,0.12820093628607976
13-01-2026 09:15||NIFTY27JAN2625400CE,0.10016265709697537
13-01-2026 09:15||NIFTY27JAN2625500CE,0.09974952657018261
13-01-2026 09:15||NIFTY27JAN2625600CE,0.09935094540044934
13-01-2026 09:15||NIFTY27JAN2625800CE,0.09840830772331338
13-01-2026 09:15||NIFTY27JAN2625900CE,0.09789272893545584
13-01-2026 09:15||NIFTY27JAN2626100CE,0.09745022003698786
13-01-2026 09:20||NIFTY27JAN2623800PE,0.2016786459901706
13-01-2026 09:20||NIFTY27JAN2624500PE,0.1559265760229176
13-01-2026 09:20||NIFTY27JAN2624600PE,0.14936262920527504
13-01-2026 09:20||NIFTY27JAN2624800PE,0.13712141278205525
13-01-2026 09:25||NIFTY27JAN2623800PE,0.20144581307684872
13-01-2026 09:25||NIFTY27JAN2624000PE,0.18837762069721775
13-01-2026 09:25||NIFTY27JAN2624200PE,0.17612973872624654
13-01-2026 09:25||NIFTY27JAN2624400PE,0.16515996973865638
13-01-2026 09:25||NIFTY27JAN2624600PE,0.15406103456568168
13-01-2026 09:25||NIFTY27JAN2624800PE,0.14352868703598193
13-01-2026 09:25||NIFTY27JAN2624900PE,0.13896133158582893
13-01-2026 09:25||NIFTY27JAN2625300CE,0.07675779205348292
13-01-2026 09:25||NIFTY27JAN2625500CE,0.08287918596384017
13-01-2026 09:25||NIFTY27JAN2626200CE,0.0966845257602662
13-01-2026 09:30||NIFTY27JAN2624000PE,0.1841167214080806
13-01-2026 09:30||NIFTY27JAN2624500PE,0.15550425253188224
13-01-2026 09:30||NIFTY27JAN2625300CE,0.0957054273073277
13-01-2026 09:30||NIFTY27JAN2625500CE,0.09778911907980897
13-01-2026 09:30||NIFTY27JAN2625700CE,0.09889563727692552
13-01-2026 09:30||NIFTY27JAN2626000CE,0.09996478130480163
13-01-2026 09:30||NIFTY27JAN2626200CE,0.10147682027961369
13-01-2026 09:30||NIFTY27JAN2626300CE,0.10277880761306556
13-01-2026 09:35||NIFTY27JAN2624000PE,0.1861057283540401
13-01-2026 09:35||NIFTY27JAN2624700PE,0.14132118018549789
13-01-2026 09:35||NIFTY27JAN2625000PE,0.12439552234538637
13-01-2026 09:35||NIFTY27JAN2625100PE,0.11877790165420024
13-01-2026 09:35||NIFTY27JAN2625200CE,0.1112713093625855
13-01-2026 09:35||NIFTY27JAN2625300CE,0.1107007793200387
13-01-2026 09:35||NIFTY27JAN2625500CE,0.10957215240320423
13-01-2026 09:35||NIFTY27JAN2625700CE,0.10800144542053369
13-01-2026 09:35||NIFTY27JAN2625800CE,0.10699695796357994
13-01-2026 09:40||NIFTY27JAN2623900PE,0.1903243938599805
13-01-2026 09:40||NIFTY27JAN2624700PE,0.1406650331158427
13-01-2026 09:40||NIFTY27JAN2624900PE,0.13029242864670004
13-01-2026 09:40||NIFTY27JAN2625200CE,0.11861883246240426
13-01-2026 09:40||NIFTY27JAN2625400CE,0.11425895163317645
13-01-2026 09:40||NIFTY27JAN2625600CE,0.11089813184565672
13-01-2026 09:40||NIFTY27JAN2626100CE,0.10687799144680787
13-01-2026 09:40||NIFTY27JAN2626400CE,0.10903766222790168
13-01-2026 09:45||NIFTY27JAN2623800PE,0.19616718938131816
13-01-2026 09:45||NIFTY27JAN2624500PE,0.15364525633244325
13-01-2026 09:45||NIFTY27JAN2625400CE,0.100453306465648
13-01-2026 09:45||NIFTY27JAN2625800CE,0.09926441428889649
13-01-2026 09:45||NIFTY27JAN2625900CE,0.09952373518893567
13-01-2026 09:45||NIFTY27JAN2626400CE,0.104260325489832
13-01-2026 09:50||NIFTY27JAN2623900PE,0.19048993082564708
13-01-2026 09:50||NIFTY27JAN2624000PE,0.18423368493399805
13-01-2026 09:50||NIFTY27JAN2624300PE,0.16580423949820222
13-01-2026 09:50||NIFTY27JAN2624500PE,0.15325825121825376
13-01-2026 09:50||NIFTY27JAN2624600PE,0.14698242721087465
13-01-2026 09:50||NIFTY27JAN2625000PE,0.12492815388775652
13-01-2026 09:50||NIFTY27JAN2625100PE,0.12003119805065465
13-01-2026 09:50||NIFTY27JAN2626300CE,0.10578548699382519
13-01-2026 09:55||NIFTY27JAN2624000PE,0.18396056514845466
13-01-2026 09:55||NIFTY27JAN2624100PE,0.177549186926229
13-01-2026 09:55||NIFTY27JAN2624200PE,0.17110719927268442
13-01-2026 09:55||NIFTY27JAN2624300PE,0.16473495874784505
13-01-2026 09:55||NIFTY27JAN2624700PE,0.14141585554519315
13-01-2026 09:55||NIFTY27JAN2625000PE,0.12644032978157416
13-01-2026 09:55||NIFTY27JAN2625400CE,0.10493749338360753
13-01-2026 09:55||NIFTY27JAN2625600CE,0.10443630058359582
13-01-2026 09:55||NIFTY27JAN2625900CE,0.10418451772215423
13-01-2026 09:55||NIFTY27JAN2626500CE,0.10998615520328257
13-01-2026 10:00||NIFTY27JAN2624200PE,0.16936088029932383
13-01-2026 10:00||NIFTY27JAN2626000CE,0.11308900379063672
13-01-2026 10:00||NIFTY27JAN2626100CE,0.11225906858082256
13-01-2026 10:00||NIFTY27JAN2626300CE,0.11193834454004498
13-01-2026 10:00||NIFTY27JAN2626500CE,0.11409183742698631
13-01-2026 10:05||NIFTY27JAN2624000PE,0.18173514788730705
13-01-2026 10:05||NIFTY27JAN2624800PE,0.1342875365594247
13-01-2026 10:05||NIFTY27JAN2625100PE,0.12051979940784778
13-01-2026 10:05||NIFTY27JAN2625400CE,0.12129380983271953
13-01-2026 10:05||NIFTY27JAN2625900CE,0.10947141858415407
13-01-2026 10:05||NIFTY27JAN2626400CE,0.10976781749195337
13-01-2026 10:10||NIFTY27JAN2623800PE,0.19912092414813323
13-01-2026 10:10||NIFTY27JAN2624100PE,0.1794409334045733
13-01-2026 10:10||NIFTY27JAN2624200PE,0.17279886852747053
13-01-2026 10:10||NIFTY27JAN2624500PE,0.1539204759721936
13-01-2026 10:10||NIFTY27JAN2624700PE,0.14237848116955815
13-01-2026 10:10||NIFTY27JAN2625100PE,0.12328840004728325
13-01-2026 10:10||NIFTY27JAN2625800CE,0.10149387285780775
13-01-2026 10:10||NIFTY27JAN2626500CE,0.10645589226053573
13-01-2026 10:15||NIFTY27JAN2624500PE,0.15294595437916575
13-01-2026 10:15||NIFTY27JAN2624800PE,0.1362582746956658
13-01-2026 10:15||NIFTY27JAN2624900PE,0.13134181494905722
13-01-2026 10:15||NIFTY27JAN2625100PE,0.12233810982914631
13-01-2026 10:15||NIFTY27JAN2625500CE,0.10365343000668975
13-01-2026 10:15||NIFTY27JAN2625800CE,0.10248789332463606
13-01-2026 10:15||NIFTY27JAN2626100CE,0.10297812130823245
13-01-2026 10:20||NIFTY27JAN2623900PE,0.19094820047862188
13-01-2026 10:20||NIFTY27JAN2624100PE,0.178382448324926
13-01-2026 10:20||NIFTY27JAN2624500PE,0.15299302253400204
13-01-2026 10:20||NIFTY27JAN2624700PE,0.14086771604029485
13-01-2026 10:20||NIFTY27JAN2625300CE,0.11819465050614045
13-01-2026 10:20||NIFTY27JAN2625700CE,0.10661818315256535
13-01-2026 10:20||NIFTY27JAN2626500CE,0.10794254125302868
13-01-2026 10:25||NIFTY27JAN2623900PE,0.19074468278359585
13-01-2026 10:25||NIFTY27JAN2624000PE,0.18432783648565793
13-01-2026 10:25||NIFTY27JAN2624100PE,0.1779114965832308
13-01-2026 10:25||NIFTY27JAN2624200PE,0.1715059546180519
13-01-2026 10:25||NIFTY27JAN2624500PE,0.15193647448199632
13-01-2026 10:25||NIFTY27JAN2624700PE,0.13940751581875593
13-01-2026 10:25||NIFTY27JAN2625100PE,0.1178118660545255
13-01-2026 10:25||NIFTY27JAN2625400CE,0.12768308047813406
13-01-2026 10:25||NIFTY27JAN2625700CE,0.11557082222243428
13-01-2026 10:30||NIFTY27JAN2623800PE,0.20284073355538043
13-01-2026 10:30||NIFTY27JAN2623900PE,0.1957594491469559
13-01-2026 10:30||NIFTY27JAN2624300PE,0.1685992083625869
13-01-2026 10:30||NIFTY27JAN2624400PE,0.16213267880605056
13-01-2026 10:30||NIFTY27JAN2624600PE,0.14948928362273606
13-01-2026 10:30||NIFTY27JAN2624700PE,0.14332924267998698
13-01-2026 10:30||NIFTY27JAN2624900PE,0.13192933425638398
13-01-2026 10:30||NIFTY27JAN2625300CE,0.11614559559520843
13-01-2026 10:30||NIFTY27JAN2625900CE,0.10335348073929972
13-01-2026 10:30||NIFTY27JAN2626000CE,0.1027170200772278
13-01-2026 10:30||NIFTY27JAN2626100CE,0.10228864575366554
13-01-2026 10:30||NIFTY27JAN2626400CE,0.10312981082882383
13-01-2026 10:35||NIFTY27JAN2623800PE,0.20158834342760912
13-01-2026 10:35||NIFTY27JAN2623900PE,0.1943845726292039
13-01-2026 10:35||NIFTY27JAN2624300PE,0.16769871168281664
13-01-2026 10:35||NIFTY27JAN2624500PE,0.155150152187143
13-01-2026 10:35||NIFTY27JAN2624600PE,0.1487901845300581
13-01-2026 10:35||NIFTY27JAN2625000PE,0.12601261302782596
13-01-2026 10:35||NIFTY27JAN2625100PE,0.12079932091760547
13-01-2026 10:35||NIFTY27JAN2626000CE,0.10232446854021371
13-01-2026 10:35||NIFTY27JAN2626100CE,0.10233945440484385
13-01-2026 10:35||NIFTY27JAN2626400CE,0.10449249204603038
13-01-2026 10:40||NIFTY27JAN2623900PE,0.19241044655578599
13-01-2026 10:40||NIFTY27JAN2624000PE,0.18637206131425238
13-01-2026 10:40||NIFTY27JAN2624400PE,0.16074261829231193
13-01-2026 10:40||NIFTY27JAN2624500PE,0.15466252063618768
13-01-2026 10:40||NIFTY27JAN2624800PE,0.1366779151377981
13-01-2026 10:40||NIFTY27JAN2626100CE,0.10319528955486784
13-01-2026 10:40||NIFTY27JAN2626300CE,0.10396669293927414
13-01-2026 10:45||NIFTY27JAN2623900PE,0.1912786347343115
13-01-2026 10:45||NIFTY27JAN2624000PE,0.1853017353733965
13-01-2026 10:45||NIFTY27JAN2624900PE,0.12872769679733603
13-01-2026 10:45||NIFTY27JAN2625200CE,0.11616173244945006
13-01-2026 10:45||NIFTY27JAN2625600CE,0.11034619945418805
13-01-2026 10:45||NIFTY27JAN2625700CE,0.10837456662732314
13-01-2026 10:45||NIFTY27JAN2626200CE,0.10553608695982888
13-01-2026 10:50||NIFTY27JAN2624600PE,0.147664254915982
13-01-2026 10:50||NIFTY27JAN2624900PE,0.13132440264410705
13-01-2026 10:50||NIFTY27JAN2625000PE,0.12634248394516273
13-01-2026 10:50||NIFTY27JAN2625400CE,0.11058513503076808
13-01-2026 10:50||NIFTY27JAN2625500CE,0.1069054424419358
13-01-2026 10:50||NIFTY27JAN2625600CE,0.10352080419196666
13-01-2026 10:50||NIFTY27JAN2625700CE,0.10047088827779055
13-01-2026 10:50||NIFTY27JAN2625900CE,0.09819205436444894
13-01-2026 10:55||NIFTY27JAN2624300PE,0.1635047984183559
13-01-2026 10:55||NIFTY27JAN2624400PE,0.15728444577231313
13-01-2026 10:55||NIFTY27JAN2625100PE,0.1182498398648149
13-01-2026 10:55||NIFTY27JAN2625200CE,0.1328070225973061
13-01-2026 10:55||NIFTY27JAN2625700CE,0.11063228698056332
13-01-2026 10:55||NIFTY27JAN2626400CE,0.10655578815826415
13-01-2026 11:00||NIFTY27JAN2623900PE,0.19014969882231872
13-01-2026 11:00||NIFTY27JAN2624200PE,0.17116826722796658
13-01-2026 11:00||NIFTY27JAN2624600PE,0.1464744156563511
13-01-2026 11:00||NIFTY27JAN2625000PE,0.12430431132776433
13-01-2026 11:00||NIFTY27JAN2625400CE,0.11046228017637949
13-01-2026 11:00||NIFTY27JAN2625700CE,0.10409405218800438
13-01-2026 11:00||NIFTY27JAN2625800CE,0.10294793894253361
13-01-2026 11:00||NIFTY27JAN2626400CE,0.10326749871839615
13-01-2026 11:05||NIFTY27JAN2624100PE,0.17628635075221566
13-01-2026 11:05||NIFTY27JAN2624800PE,0.13283383328721693
13-01-2026 11:05||NIFTY27JAN2625100PE,0.11798587160435253
13-01-2026 11:05||NIFTY27JAN2625800CE,0.1100394119187326
13-01-2026 11:10||NIFTY27JAN2623900PE,0.18973147976227184
13-01-2026 11:10||NIFTY27JAN2624000PE,0.18378964443231938
13-01-2026 11:10||NIFTY27JAN2624800PE,0.13279946043806556
13-01-2026 11:10||NIFTY27JAN2624900PE,0.12644469548822432
13-01-2026 11:10||NIFTY27JAN2625000PE,0.12010473076778908
13-01-2026 11:10||NIFTY27JAN2625100PE,0.11378337789181277
13-01-2026 11:10||NIFTY27JAN2625200CE,0.10425574052020778
13-01-2026 11:10||NIFTY27JAN2625900CE,0.10347818710590849
13-01-2026 11:10||NIFTY27JAN2626400CE,0.10368990295540892
13-01-2026 11:15||NIFTY27JAN2624500PE,0.1510825471683998
13-01-2026 11:15||NIFTY27JAN2625100PE,0.11930297691837745
13-01-2026 11:15||NIFTY27JAN2625200CE,0.11477982696884756
13-01-2026 11:15||NIFTY27JAN2625300CE,0.1131842491846706
13-01-2026 11:20||NIFTY27JAN2624900PE,0.12850826416192923
13-01-2026 11:20||NIFTY27JAN2625200CE,0.12183585515841974
13-01-2026 11:20||NIFTY27JAN2625700CE,0.10460140202474456
13-01-2026 11:20||NIFTY27JAN2626000CE,0.10195637839933987
13-01-2026 11:20||NIFTY27JAN2626100CE,0.10147011562837929
13-01-2026 11:25||NIFTY27JAN2624000PE,0.1824596828299814
13-01-2026 11:25||NIFTY27JAN2624500PE,0.1499692264523962
13-01-2026 11:25||NIFTY27JAN2624800PE,0.13251398890720295
13-01-2026 11:25||NIFTY27JAN2625400CE,0.12136493556854262
13-01-2026 11:25||NIFTY27JAN2625600CE,0.112473903965708
13-01-2026 11:25||NIFTY27JAN2625700CE,0.10930427806933105
13-01-2026 11:25||NIFTY27JAN2626000CE,0.1033605780008183
13-01-2026 11:25||NIFTY27JAN2626200CE,0.10305415704463201
13-01-2026 11:25||NIFTY27JAN2626300CE,0.10349677480734146
13-01-2026 11:25||NIFTY27JAN2626400CE,0.10423788924319582
13-01-2026 11:30||NIFTY27JAN2624100PE,0.17582358119434316
13-01-2026 11:30||NIFTY27JAN2624500PE,0.1501168978715646
13-01-2026 11:30||NIFTY27JAN2625000PE,0.12189784104951279
13-01-2026 11:30||NIFTY27JAN2625100PE,0.11663187464207445
13-01-2026 11:30||NIFTY27JAN2625500CE,0.11569285214813821
13-01-2026 11:30||NIFTY27JAN2625600CE,0.11337071691117337
13-01-2026 11:30||NIFTY27JAN2625700CE,0.11091649406310947
13-01-2026 11:30||NIFTY27JAN2625800CE,0.10845943430275881
13-01-2026 11:30||NIFTY27JAN2625900CE,0.1058297985116182
13-01-2026 11:30||NIFTY27JAN2626400CE,0.10427905249443314
13-01-2026 11:35||NIFTY27JAN2623800PE,0.19822151672138633
13-01-2026 11:35||NIFTY27JAN2623900PE,0.19122388675521512
13-01-2026 11:35||NIFTY27JAN2624100PE,0.1776386789068896
13-01-2026 11:35||NIFTY27JAN2624400PE,0.1581242646105091
13-01-2026 11:35||NIFTY27JAN2624900PE,0.12944675320184512
13-01-2026 11:35||NIFTY27JAN2625000PE,0.12439577382272704
13-01-2026 11:35||NIFTY27JAN2625300CE,0.11018803743536727
13-01-2026 11:35||NIFTY27JAN2625600CE,0.10469339218083387
13-01-2026 11:35||NIFTY27JAN2626000CE,0.0996783554909329
13-01-2026 11:35||NIFTY27JAN2626300CE,0.10013858371189685
13-01-2026 11:35||NIFTY27JAN2626500CE,0.10235328584116482
13-01-2026 11:40||NIFTY27JAN2623800PE,0.1920479207551191
13-01-2026 11:40||NIFTY27JAN2624100PE,0.17735349929894656
13-01-2026 11:40||NIFTY27JAN2624500PE,0.15165339215840687
13-01-2026 11:40||NIFTY27JAN2624700PE,0.14017141143962708
13-01-2026 11:40||NIFTY27JAN2624900PE,0.13018921839741704
13-01-2026 11:40||NIFTY27JAN2625300CE,0.09798148870777665
13-01-2026 11:40||NIFTY27JAN2625400CE,0.09779874622862922
13-01-2026 11:45||NIFTY27JAN2623800PE,0.19265033520382013
13-01-2026 11:45||NIFTY27JAN2625000PE,0.12214821876318631
13-01-2026 11:45||NIFTY27JAN2625400CE,0.11298790197568523
13-01-2026 11:45||NIFTY27JAN2625800CE,0.1046502339316081
13-01-2026 11:45||NIFTY27JAN2626200CE,0.10187061521661553
13-01-2026 11:45||NIFTY27JAN2626300CE,0.10271161173753013
13-01-2026 11:45||NIFTY27JAN2626400CE,0.1038525799784949
13-01-2026 11:50||NIFTY27JAN2624000PE,0.1807936950766535
13-01-2026 11:50||NIFTY27JAN2624300PE,0.16254733591672202
13-01-2026 11:50||NIFTY27JAN2625100PE,0.12005910436191751
13-01-2026 11:50||NIFTY27JAN2625300CE,0.09603022601363614
13-01-2026 11:50||NIFTY27JAN2625900CE,0.09745666520971943
13-01-2026 11:50||NIFTY27JAN2626200CE,0.09864215103606562
13-01-2026 11:50||NIFTY27JAN2626300CE,0.09962112425052022
13-01-2026 11:55||NIFTY27JAN2624000PE,0.1788027027667358
13-01-2026 11:55||NIFTY27JAN2624300PE,0.16069806818918214
13-01-2026 11:55||NIFTY27JAN2624800PE,0.1317356508960814
13-01-2026 11:55||NIFTY27JAN2625000PE,0.12201106675410342
13-01-2026 11:55||NIFTY27JAN2625400CE,0.11227693404478314
13-01-2026 11:55||NIFTY27JAN2625500CE,0.10871079508864892
13-01-2026 11:55||NIFTY27JAN2625900CE,0.10163154812749119
13-01-2026 12:00||NIFTY27JAN2624000PE,0.1790004962204586
13-01-2026 12:00||NIFTY27JAN2624400PE,0.15359276492959517
13-01-2026 12:00||NIFTY27JAN2624500PE,0.14746644504900186
13-01-2026 12:00||NIFTY27JAN2625000PE,0.12108721699322242
13-01-2026 12:00||NIFTY27JAN2625400CE,0.10894606790352623
13-01-2026 12:00||NIFTY27JAN2625500CE,0.1069034392329136
13-01-2026 12:00||NIFTY27JAN2625800CE,0.10354365447574584
13-01-2026 12:00||NIFTY27JAN2625900CE,0.10278212018806501
13-01-2026 12:00||NIFTY27JAN2626500CE,0.10553503481514036
13-01-2026 12:05||NIFTY27JAN2623800PE,0.1921356554526727
13-01-2026 12:05||NIFTY27JAN2624300PE,0.15888044695475256
13-01-2026 12:05||NIFTY27JAN2624500PE,0.14664696339326083
13-01-2026 12:05||NIFTY27JAN2624700PE,0.13488580260129251
13-01-2026 12:05||NIFTY27JAN2625000PE,0.11946543733932266
13-01-2026 12:05||NIFTY27JAN2625100PE,0.11480853837085613
13-01-2026 12:05||NIFTY27JAN2625300CE,0.11199736138632374
13-01-2026 12:05||NIFTY27JAN2625800CE,0.10526579658190821
13-01-2026 12:05||NIFTY27JAN2626500CE,0.10641008184506179
13-01-2026 12:10||NIFTY27JAN2624500PE,0.14856749822036341
13-01-2026 12:10||NIFTY27JAN2624600PE,0.143032316036515
13-01-2026 12:10||NIFTY27JAN2624700PE,0.1375312619653185
13-01-2026 12:10||NIFTY27JAN2625000PE,0.12257237932443643
13-01-2026 12:10||NIFTY27JAN2625200CE,0.11610641300055966
13-01-2026 12:10||NIFTY27JAN2625500CE,0.10094558704621784
13-01-2026 12:10||NIFTY27JAN2625600CE,0.1004162143368929
13-01-2026 12:15||NIFTY27JAN2624200PE,0.16530380264891295
13-01-2026 12:15||NIFTY27JAN2624300PE,0.15899741899087777
13-01-2026 12:15||NIFTY27JAN2625300CE,0.11558255804339122
13-01-2026 12:15||NIFTY27JAN2625800CE,0.10739823862668862
13-01-2026 12:15||NIFTY27JAN2625900CE,0.10615055805579715
13-01-2026 12:15||NIFTY27JAN2626300CE,0.10414641688879547
13-01-2026 12:15||NIFTY27JAN2626400CE,0.10506015802856494
13-01-2026 12:15||NIFTY27JAN2626500CE,0.10688928568459916
13-01-2026 12:20||NIFTY27JAN2624100PE,0.17151375009974512
13-01-2026 12:20||NIFTY27JAN2624500PE,0.1476339910042645
13-01-2026 12:20||NIFTY27JAN2624700PE,0.13652812960549104
13-01-2026 12:20||NIFTY27JAN2625100PE,0.11748593443898517
13-01-2026 12:20||NIFTY27JAN2625600CE,0.10286974202031775
13-01-2026 12:20||NIFTY27JAN2625700CE,0.10209753857745577
13-01-2026 12:20||NIFTY27JAN2625800CE,0.10142145253094415
13-01-2026 12:20||NIFTY27JAN2626500CE,0.10579148398369496
13-01-2026 12:25||NIFTY27JAN2623800PE,0.18647549651974737
13-01-2026 12:25||NIFTY27JAN2624000PE,0.17614224009096896
13-01-2026 12:25||NIFTY27JAN2624200PE,0.16426270678357596
13-01-2026 12:25||NIFTY27JAN2624300PE,0.1578698577312602
13-01-2026 12:25||NIFTY27JAN2624500PE,0.14501561604132113
13-01-2026 12:25||NIFTY27JAN2625000PE,0.11756369512646417
13-01-2026 12:25||NIFTY27JAN2625100PE,0.11263245637103639
13-01-2026 12:25||NIFTY27JAN2625700CE,0.11101488499877792
13-01-2026 12:30||NIFTY27JAN2623900PE,0.18303838250821197
13-01-2026 12:30||NIFTY27JAN2624000PE,0.17685612495993402
13-01-2026 12:30||NIFTY27JAN2624100PE,0.17077221105239115
13-01-2026 12:30||NIFTY27JAN2624300PE,0.15905269577848513
13-01-2026 12:30||NIFTY27JAN2624400PE,0.15343673008988498
13-01-2026 12:30||NIFTY27JAN2624700PE,0.13595139654891086
13-01-2026 12:30||NIFTY27JAN2624900PE,0.126110692543009
13-01-2026 12:30||NIFTY27JAN2625800CE,0.10145258498289197
13-01-2026 12:30||NIFTY27JAN2625900CE,0.10124758323586715
13-01-2026 12:30||NIFTY27JAN2626000CE,0.10107019365605749
13-01-2026 12:30||NIFTY27JAN2626400CE,0.10474670110175889
13-01-2026 12:35||NIFTY27JAN2623800PE,0.18966171223163306
13-01-2026 12:35||NIFTY27JAN2623900PE,0.1827396225964907
13-01-2026 12:35||NIFTY27JAN2624200PE,0.16339401610281895
13-01-2026 12:35||NIFTY27JAN2624300PE,0.15771878410691076
13-01-2026 12:35||NIFTY27JAN2624500PE,0.14615331165701526
13-01-2026 12:35||NIFTY27JAN2624600PE,0.1402745170213178
13-01-2026 12:35||NIFTY27JAN2624800PE,0.12938646379883312
13-01-2026 12:35||NIFTY27JAN2625100PE,0.11558445975783192
13-01-2026 12:35||NIFTY27JAN2625800CE,0.10387721720422571
13-01-2026 12:35||NIFTY27JAN2625900CE,0.10349488946122055
13-01-2026 12:35||NIFTY27JAN2626100CE,0.10309978687468489
13-01-2026 12:35||NIFTY27JAN2626400CE,0.10603514490491432
13-01-2026 12:40||NIFTY27JAN2624100PE,0.1696969868483508
13-01-2026 12:40||NIFTY27JAN2624300PE,0.15753364274649975
13-01-2026 12:40||NIFTY27JAN2624600PE,0.1407994742479708
13-01-2026 12:40||NIFTY27JAN2624700PE,0.1352393603719912
13-01-2026 12:40||NIFTY27JAN2625100PE,0.11676924869088538
13-01-2026 12:40||NIFTY27JAN2626500CE,0.10688358554820525
13-01-2026 12:45||NIFTY27JAN2624700PE,0.13663541884805228
13-01-2026 12:45||NIFTY27JAN2625100PE,0.11818031517454966
13-01-2026 12:45||NIFTY27JAN2625300CE,0.09911888675445454
13-01-2026 12:45||NIFTY27JAN2626000CE,0.09954222164894483
13-01-2026 12:45||NIFTY27JAN2626200CE,0.10180899504805091
13-01-2026 12:50||NIFTY27JAN2623900PE,0.18125177741229467
13-01-2026 12:50||NIFTY27JAN2624100PE,0.16932126243473833
13-01-2026 12:50||NIFTY27JAN2624300PE,0.15731322357744473
13-01-2026 12:50||NIFTY27JAN2624600PE,0.1404636725578259
13-01-2026 12:50||NIFTY27JAN2625400CE,0.1068041911763074
13-01-2026 12:50||NIFTY27JAN2625500CE,0.1055704912905632
13-01-2026 12:55||NIFTY27JAN2624000PE,0.1741575501274936
13-01-2026 12:55||NIFTY27JAN2624300PE,0.15726945829842148
13-01-2026 12:55||NIFTY27JAN2624500PE,0.14561263876198655
13-01-2026 12:55||NIFTY27JAN2624700PE,0.13492139964831895
13-01-2026 12:55||NIFTY27JAN2625000PE,0.12059016174398271
13-01-2026 12:55||NIFTY27JAN2625100PE,0.11623795171652507
13-01-2026 12:55||NIFTY27JAN2625300CE,0.11238305868936041
13-01-2026 12:55||NIFTY27JAN2625500CE,0.10684290254690129
13-01-2026 12:55||NIFTY27JAN2626200CE,0.10443086956117281
13-01-2026 12:55||NIFTY27JAN2626400CE,0.10796586673040842
13-01-2026 12:55||NIFTY27JAN2626500CE,0.11030268992899459
13-01-2026 13:00||NIFTY27JAN2624000PE,0.17445630482518093
13-01-2026 13:00||NIFTY27JAN2624600PE,0.13983263737130555
13-01-2026 13:00||NIFTY27JAN2624700PE,0.1342334633483259
13-01-2026 13:00||NIFTY27JAN2625200CE,0.11079176503356045
13-01-2026 13:00||NIFTY27JAN2625500CE,0.10550319240144435
13-01-2026 13:00||NIFTY27JAN2626300CE,0.10696804764923021
13-01-2026 13:00||NIFTY27JAN2626400CE,0.10981609247482
13-01-2026 13:05||NIFTY27JAN2624000PE,0.17509993161900345
13-01-2026 13:05||NIFTY27JAN2624100PE,0.16885283836145704
13-01-2026 13:05||NIFTY27JAN2624400PE,0.15069977931211948
13-01-2026 13:05||NIFTY27JAN2624600PE,0.13889260263886918
13-01-2026 13:05||NIFTY27JAN2625200CE,0.11918582278742354
13-01-2026 13:05||NIFTY27JAN2625700CE,0.10829812043425097
13-01-2026 13:05||NIFTY27JAN2625900CE,0.10623109192124255
13-01-2026 13:05||NIFTY27JAN2626500CE,0.11393139302284123
13-01-2026 13:10||NIFTY27JAN2623900PE,0.18347590628096616
13-01-2026 13:10||NIFTY27JAN2624400PE,0.15235046446480516
13-01-2026 13:10||NIFTY27JAN2624500PE,0.14636008993477062
13-01-2026 13:10||NIFTY27JAN2624700PE,0.13528539671955603
13-01-2026 13:10||NIFTY27JAN2625000PE,0.12102809465861412
13-01-2026 13:10||NIFTY27JAN2625600CE,0.10430129529965959
13-01-2026 13:10||NIFTY27JAN2626000CE,0.1023259346662491
13-01-2026 13:10||NIFTY27JAN2626400CE,0.10775761146915658
13-01-2026 13:10||NIFTY27JAN2626500CE,0.11032532112910771
13-01-2026 13:15||NIFTY27JAN2623800PE,0.1889080842501089
13-01-2026 13:15||NIFTY27JAN2623900PE,0.18260723985637012
13-01-2026 13:15||NIFTY27JAN2624000PE,0.17638010023190526
13-01-2026 13:15||NIFTY27JAN2624100PE,0.1701670439033617
13-01-2026 13:15||NIFTY27JAN2624200PE,0.16396492530687826
13-01-2026 13:15||NIFTY27JAN2624700PE,0.13457183047007037
13-01-2026 13:15||NIFTY27JAN2625000PE,0.12007108535367277
13-01-2026 13:15||NIFTY27JAN2625800CE,0.10742985642264785
13-01-2026 13:15||NIFTY27JAN2625900CE,0.10687509938805388
13-01-2026 13:15||NIFTY27JAN2626100CE,0.1073454784506776
13-01-2026 13:15||NIFTY27JAN2626200CE,0.10833109607933061
13-01-2026 13:15||NIFTY27JAN2626300CE,0.10974540289504411
13-01-2026 13:20||NIFTY27JAN2623900PE,0.18292028791283005
13-01-2026 13:20||NIFTY27JAN2624100PE,0.1711465825759304
13-01-2026 13:20||NIFTY27JAN2624200PE,0.1649436082200279
13-01-2026 13:20||NIFTY27JAN2624300PE,0.15870299905198196
13-01-2026 13:20||NIFTY27JAN2624400PE,0.152429011975488
13-01-2026 13:20||NIFTY27JAN2624600PE,0.13996664529883934
13-01-2026 13:20||NIFTY27JAN2624800PE,0.1289065332636837
13-01-2026 13:20||NIFTY27JAN2625000PE,0.11962040541358746
13-01-2026 13:20||NIFTY27JAN2625200CE,0.1218575612055136
13-01-2026 13:20||NIFTY27JAN2625300CE,0.11776889536861093
13-01-2026 13:20||NIFTY27JAN2625400CE,0.1142627384575162
13-01-2026 13:20||NIFTY27JAN2625700CE,0.10767116332144393
13-01-2026 13:20||NIFTY27JAN2625800CE,0.10652992742430265
13-01-2026 13:20||NIFTY27JAN2625900CE,0.10557668164710732
13-01-2026 13:20||NIFTY27JAN2626500CE,0.11270534051936375
13-01-2026 13:25||NIFTY27JAN2624000PE,0.1771791863663732
13-01-2026 13:25||NIFTY27JAN2624200PE,0.164786692000917
13-01-2026 13:25||NIFTY27JAN2624300PE,0.15823040485349418
13-01-2026 13:25||NIFTY27JAN2624600PE,0.14036301218695563
13-01-2026 13:25||NIFTY27JAN2625600CE,0.10549348365227568
13-01-2026 13:25||NIFTY27JAN2625700CE,0.104073394480725
13-01-2026 13:25||NIFTY27JAN2626300CE,0.10686123116876464
13-01-2026 13:25||NIFTY27JAN2626400CE,0.10962806463184734
13-01-2026 13:30||NIFTY27JAN2623800PE,0.18937931624775386
13-01-2026 13:30||NIFTY27JAN2624000PE,0.17629359632070732
13-01-2026 13:30||NIFTY27JAN2624100PE,0.16995613386410086
13-01-2026 13:30||NIFTY27JAN2624800PE,0.12849868430956302
13-01-2026 13:30||NIFTY27JAN2625200CE,0.11458173062794606
13-01-2026 13:30||NIFTY27JAN2625500CE,0.10986122864007059
13-01-2026 13:35||NIFTY27JAN2623800PE,0.19048736350825896
13-01-2026 13:35||NIFTY27JAN2624000PE,0.1783937786145865
13-01-2026 13:35||NIFTY27JAN2624300PE,0.15894077950092533
13-01-2026 13:35||NIFTY27JAN2624800PE,0.1301798283711906
13-01-2026 13:35||NIFTY27JAN2625300CE,0.1100057895305522
13-01-2026 13:35||NIFTY27JAN2625400CE,0.10743916378462592
13-01-2026 13:35||NIFTY27JAN2625700CE,0.1022997132446331
13-01-2026 13:40||NIFTY27JAN2623800PE,0.19079026955514972
13-01-2026 13:40||NIFTY27JAN2623900PE,0.18348216336555417
13-01-2026 13:40||NIFTY27JAN2624400PE,0.1499332083682171
13-01-2026 13:40||NIFTY27JAN2624500PE,0.14384653171653447
13-01-2026 13:40||NIFTY27JAN2625500CE,0.11172305822614037
13-01-2026 13:40||NIFTY27JAN2625700CE,0.10779490196318228
13-01-2026 13:40||NIFTY27JAN2625900CE,0.10534185662103103
13-01-2026 13:40||NIFTY27JAN2626100CE,0.1051251472997056
13-01-2026 13:40||NIFTY27JAN2626300CE,0.1071288112902638
13-01-2026 13:45||NIFTY27JAN2624000PE,0.1765978253082503
13-01-2026 13:45||NIFTY27JAN2624100PE,0.16950601323474063
13-01-2026 13:45||NIFTY27JAN2625100PE,0.11556603916475165
13-01-2026 13:45||NIFTY27JAN2625300CE,0.11231377339509141
13-01-2026 13:45||NIFTY27JAN2625400CE,0.1090903245711757
13-01-2026 13:45||NIFTY27JAN2625800CE,0.10195259271693138
13-01-2026 13:45||NIFTY27JAN2626000CE,0.10157908000038982
13-01-2026 13:50||NIFTY27JAN2624200PE,0.16259956043534954
13-01-2026 13:50||NIFTY27JAN2624400PE,0.15037894032033422
13-01-2026 13:50||NIFTY27JAN2624500PE,0.14425944579805766
13-01-2026 13:50||NIFTY27JAN2626000CE,0.10289001737119359
13-01-2026 13:50||NIFTY27JAN2626100CE,0.10370265133358361
13-01-2026 13:50||NIFTY27JAN2626200CE,0.10466364142591242
13-01-2026 13:55||NIFTY27JAN2624200PE,0.16225364742242643
13-01-2026 13:55||NIFTY27JAN2624300PE,0.15583396286116177
13-01-2026 13:55||NIFTY27JAN2624800PE,0.1281391700556696
13-01-2026 13:55||NIFTY27JAN2625000PE,0.11882662626014967
13-01-2026 13:55||NIFTY27JAN2625500CE,0.10912665464239364
13-01-2026 13:55||NIFTY27JAN2626000CE,0.10391015826339356
13-01-2026 13:55||NIFTY27JAN2626100CE,0.10437517408394795
13-01-2026 14:00||NIFTY27JAN2623900PE,0.1805493130102453
13-01-2026 14:00||NIFTY27JAN2624000PE,0.17427547605663327
13-01-2026 14:00||NIFTY27JAN2624100PE,0.16809669841544764
13-01-2026 14:00||NIFTY27JAN2624600PE,0.13949285720571036
13-01-2026 14:00||NIFTY27JAN2624700PE,0.13424426725098632
13-01-2026 14:00||NIFTY27JAN2625000PE,0.1202400588104638
13-01-2026 14:00||NIFTY27JAN2625300CE,0.10380186339990996
13-01-2026 14:00||NIFTY27JAN2625700CE,0.10185170390098722
13-01-2026 14:05||NIFTY27JAN2623900PE,0.18029649837704115
13-01-2026 14:05||NIFTY27JAN2624200PE,0.16141331045378046
13-01-2026 14:05||NIFTY27JAN2624500PE,0.14355182185513493
13-01-2026 14:05||NIFTY27JAN2625600CE,0.10591340017526671
13-01-2026 14:05||NIFTY27JAN2625700CE,0.10472522600031703
13-01-2026 14:05||NIFTY27JAN2626000CE,0.10291410354539383
13-01-2026 14:05||NIFTY27JAN2626300CE,0.1065879678336076
13-01-2026 14:05||NIFTY27JAN2626500CE,0.11191922585752465
13-01-2026 14:10||NIFTY27JAN2624300PE,0.1548271455054821
13-01-2026 14:10||NIFTY27JAN2624600PE,0.13843891913617173
13-01-2026 14:10||NIFTY27JAN2624700PE,0.13294807328646757
13-01-2026 14:10||NIFTY27JAN2625200CE,0.10307474375666169
13-01-2026 14:10||NIFTY27JAN2625400CE,0.10264158737780282
13-01-2026 14:10||NIFTY27JAN2625500CE,0.10225655722176469
13-01-2026 14:10||NIFTY27JAN2625900CE,0.10066824992125521
13-01-2026 14:10||NIFTY27JAN2626100CE,0.10171845003122931
13-01-2026 14:15||NIFTY27JAN2623800PE,0.18387515625254158
13-01-2026 14:15||NIFTY27JAN2624000PE,0.17193541173274962
13-01-2026 14:15||NIFTY27JAN2624600PE,0.13612689340568523
13-01-2026 14:15||NIFTY27JAN2624800PE,0.12552398694803774
13-01-2026 14:15||NIFTY27JAN2625200CE,0.11567482067826272
13-01-2026 14:15||NIFTY27JAN2626000CE,0.10282205640884601
13-01-2026 14:15||NIFTY27JAN2626200CE,0.10438780352679124
13-01-2026 14:20||NIFTY27JAN2624000PE,0.17158450723043894
13-01-2026 14:20||NIFTY27JAN2624400PE,0.1479836475515332
13-01-2026 14:20||NIFTY27JAN2624800PE,0.1269997530439283
13-01-2026 14:20||NIFTY27JAN2624900PE,0.12266741396903533
13-01-2026 14:20||NIFTY27JAN2625200CE,0.10827952001328775
13-01-2026 14:20||NIFTY27JAN2625800CE,0.09968219272490145
13-01-2026 14:25||NIFTY27JAN2623900PE,0.17686680821594558
13-01-2026 14:25||NIFTY27JAN2624000PE,0.1706490442673565
13-01-2026 14:25||NIFTY27JAN2624100PE,0.16449604397739553
13-01-2026 14:25||NIFTY27JAN2624200PE,0.15839605191736372
13-01-2026 14:25||NIFTY27JAN2624400PE,0.14669351107219894
13-01-2026 14:25||NIFTY27JAN2624500PE,0.14108012292068034
13-01-2026 14:25||NIFTY27JAN2624600PE,0.1355797132284799
13-01-2026 14:25||NIFTY27JAN2624800PE,0.12544036831823363
13-01-2026 14:25||NIFTY27JAN2625600CE,0.10354364527125778
13-01-2026 14:25||NIFTY27JAN2626000CE,0.10198486178330674
13-01-2026 14:25||NIFTY27JAN2626200CE,0.10462090976398247
13-01-2026 14:25||NIFTY27JAN2626300CE,0.10689211767429493
13-01-2026 14:30||NIFTY27JAN2624500PE,0.13995830621881447
13-01-2026 14:30||NIFTY27JAN2624600PE,0.13418930598475148
13-01-2026 14:30||NIFTY27JAN2624800PE,0.12377717125200283
13-01-2026 14:30||NIFTY27JAN2624900PE,0.11909927769269076
13-01-2026 14:30||NIFTY27JAN2625100PE,0.1106039546525456
13-01-2026 14:30||NIFTY27JAN2625600CE,0.11169763902706223
13-01-2026 14:30||NIFTY27JAN2626300CE,0.10945285291502818
13-01-2026 14:35||NIFTY27JAN2623800PE,0.18166216996741041
13-01-2026 14:35||NIFTY27JAN2624200PE,0.15838127645744596
13-01-2026 14:35||NIFTY27JAN2625000PE,0.1137274847994823
13-01-2026 14:35||NIFTY27JAN2625100PE,0.10892586203773276
13-01-2026 14:35||NIFTY27JAN2625400CE,0.11716125173941577
13-01-2026 14:35||NIFTY27JAN2625700CE,0.10854100678047718
13-01-2026 14:35||NIFTY27JAN2626100CE,0.10534873189928715
13-01-2026 14:35||NIFTY27JAN2626300CE,0.10771248832570957
13-01-2026 14:35||NIFTY27JAN2626500CE,0.11290397402717917
13-01-2026 14:40||NIFTY27JAN2624400PE,0.14767795988400373
13-01-2026 14:40||NIFTY27JAN2624500PE,0.14181734336053448
13-01-2026 14:40||NIFTY27JAN2624600PE,0.13596639181189663
13-01-2026 14:40||NIFTY27JAN2624800PE,0.1247367440985782
13-01-2026 14:40||NIFTY27JAN2625100PE,0.10923495745133485
13-01-2026 14:40||NIFTY27JAN2625300CE,0.12120856985575401
13-01-2026 14:40||NIFTY27JAN2625600CE,0.11175892374076418
13-01-2026 14:40||NIFTY27JAN2625800CE,0.10708985630003676
13-01-2026 14:45||NIFTY27JAN2623800PE,0.1890891692730258
13-01-2026 14:45||NIFTY27JAN2625100PE,0.1143346610264984
13-01-2026 14:45||NIFTY27JAN2626000CE,0.10114624645835185
13-01-2026 14:45||NIFTY27JAN2626100CE,0.10175018749128423
13-01-2026 14:45||NIFTY27JAN2626200CE,0.1024917440117295
13-01-2026 14:45||NIFTY27JAN2626500CE,0.10813025979837208
13-01-2026 14:50||NIFTY27JAN2623900PE,0.17908353005000544
13-01-2026 14:50||NIFTY27JAN2624000PE,0.17329553034164089
13-01-2026 14:50||NIFTY27JAN2624400PE,0.14865858031922502
13-01-2026 14:50||NIFTY27JAN2624500PE,0.14241190918333863
13-01-2026 14:50||NIFTY27JAN2624900PE,0.12025911003693793
13-01-2026 14:55||NIFTY27JAN2623800PE,0.1897529904664328
13-01-2026 14:55||NIFTY27JAN2623900PE,0.1828580273761651
13-01-2026 14:55||NIFTY27JAN2624100PE,0.16947657410317746
13-01-2026 14:55||NIFTY27JAN2624400PE,0.15069670752828732
13-01-2026 14:55||NIFTY27JAN2624500PE,0.14448450960384324
13-01-2026 14:55||NIFTY27JAN2624800PE,0.12791885433635175
13-01-2026 14:55||NIFTY27JAN2624900PE,0.12303107467163821
13-01-2026 14:55||NIFTY27JAN2625100PE,0.11401680886856332
13-01-2026 14:55||NIFTY27JAN2625600CE,0.10150019312020135
13-01-2026 14:55||NIFTY27JAN2625700CE,0.10033436014023456
13-01-2026 14:55||NIFTY27JAN2625900CE,0.09859918227433331
13-01-2026 14:55||NIFTY27JAN2626400CE,0.10344772460721702
13-01-2026 15:00||NIFTY27JAN2623900PE,0.18417739189814314
13-01-2026 15:00||NIFTY27JAN2624100PE,0.17221975309085574
13-01-2026 15:00||NIFTY27JAN2624500PE,0.14780735244125226
13-01-2026 15:00||NIFTY27JAN2624600PE,0.14190056530616568
13-01-2026 15:00||NIFTY27JAN2625100PE,0.11576159418532214
13-01-2026 15:00||NIFTY27JAN2625700CE,0.08778221098915906
13-01-2026 15:00||NIFTY27JAN2626000CE,0.09105153000587332
13-01-2026 15:00||NIFTY27JAN2626200CE,0.09391389541437395
13-01-2026 15:05||NIFTY27JAN2624000PE,0.17453881025037832
13-01-2026 15:05||NIFTY27JAN2624500PE,0.14250539736305107
13-01-2026 15:05||NIFTY27JAN2624900PE,0.12032818146475108
13-01-2026 15:05||NIFTY27JAN2625300CE,0.12058646238656316
13-01-2026 15:05||NIFTY27JAN2625400CE,0.11641488890892045
13-01-2026 15:05||NIFTY27JAN2625500CE,0.11256084519139137
13-01-2026 15:05||NIFTY27JAN2625700CE,0.1063386921859334
13-01-2026 15:05||NIFTY27JAN2625800CE,0.10406025517311286
13-01-2026 15:05||NIFTY27JAN2626000CE,0.10202663780464231
13-01-2026 15:05||NIFTY27JAN2626100CE,0.10170569067785803
13-01-2026 15:05||NIFTY27JAN2626500CE,0.10766394246208752
13-01-2026 15:10||NIFTY27JAN2624000PE,0.17661752300848543
13-01-2026 15:10||NIFTY27JAN2624100PE,0.17040234707839796
13-01-2026 15:10||NIFTY27JAN2624200PE,0.16404043084026673
13-01-2026 15:10||NIFTY27JAN2624400PE,0.15171769418953102
13-01-2026 15:10||NIFTY27JAN2624900PE,0.12400256273736421
13-01-2026 15:10||NIFTY27JAN2625200CE,0.09383930147467173
13-01-2026 15:10||NIFTY27JAN2625300CE,0.0942081832738927
13-01-2026 15:10||NIFTY27JAN2625600CE,0.09417160350419272
13-01-2026 15:10||NIFTY27JAN2626200CE,0.09550341159122819
13-01-2026 15:15||NIFTY27JAN2623800PE,0.18984229066439107
13-01-2026 15:15||NIFTY27JAN2623900PE,0.1837282521597351
13-01-2026 15:15||NIFTY27JAN2624200PE,0.16510989604508558
13-01-2026 15:15||NIFTY27JAN2624600PE,0.14110050152572834
13-01-2026 15:15||NIFTY27JAN2624700PE,0.13550158470935733
13-01-2026 15:15||NIFTY27JAN2625700CE,0.09272342391579225
13-01-2026 15:15||NIFTY27JAN2626000CE,0.09246792749424912
13-01-2026 15:15||NIFTY27JAN2626300CE,0.09668685833710575
13-01-2026 15:15||NIFTY27JAN2626500CE,0.1024739587434254
13-01-2026 15:20||NIFTY27JAN2623900PE,0.18264457198976647
13-01-2026 15:20||NIFTY27JAN2624300PE,0.15807224471486908
13-01-2026 15:20||NIFTY27JAN2624800PE,0.1282418584835891
13-01-2026 15:20||NIFTY27JAN2625300CE,0.10372461040320777
13-01-2026 15:20||NIFTY27JAN2625600CE,0.09871764761942267
13-01-2026 15:20||NIFTY27JAN2625900CE,0.09637645459091251
13-01-2026 15:20||NIFTY27JAN2626200CE,0.09719078406213508
13-01-2026 15:25||NIFTY27JAN2624100PE,0.1729454734234938
13-01-2026 15:25||NIFTY27JAN2624400PE,0.1519915120593595
13-01-2026 15:25||NIFTY27JAN2624500PE,0.14639602465195378
13-01-2026 15:25||NIFTY27JAN2624700PE,0.13546992506224298
13-01-2026 15:25||NIFTY27JAN2624900PE,0.12466795052277374
13-01-2026 15:25||NIFTY27JAN2625600CE,0.09519813269039845
13-01-2026 15:25||NIFTY27JAN2625900CE,0.09401814860376974
13-01-2026 15:25||NIFTY27JAN2626000CE,0.09393213602975481
14-01-2026 09:15||NIFTY27JAN2624300PE,0.16229895104501343
14-01-2026 09:15||NIFTY27JAN2624400PE,0.15588074300601124
14-01-2026 09:15||NIFTY27JAN2625200CE,0.11735433965791818
14-01-2026 09:15||NIFTY27JAN2625300CE,0.11442502647320879
14-01-2026 09:15||NIFTY27JAN2626100CE,0.10227298028799092
14-01-2026 09:15||NIFTY27JAN2626500CE,0.10998277246588033
14-01-2026 09:20||NIFTY27JAN2623900PE,0.18902080639470564
14-01-2026 09:20||NIFTY27JAN2624100PE,0.17662296383159598
14-01-2026 09:20||NIFTY27JAN2624900PE,0.1263365507939792
14-01-2026 09:20||NIFTY27JAN2625900CE,0.10134538966851181
14-01-2026 09:20||NIFTY27JAN2626000CE,0.10087186149404428
14-01-2026 09:25||NIFTY27JAN2624000PE,0.18284153960378363
14-01-2026 09:25||NIFTY27JAN2624200PE,0.16973839696484394
14-01-2026 09:25||NIFTY27JAN2624700PE,0.1369171970506764
14-01-2026 09:25||NIFTY27JAN2624900PE,0.12527039420507413
14-01-2026 09:25||NIFTY27JAN2625300CE,0.127290046893819
14-01-2026 09:25||NIFTY27JAN2626500CE,0.10863626175597711
14-01-2026 09:30||NIFTY27JAN2623800PE,0.19806762425084146
14-01-2026 09:30||NIFTY27JAN2624000PE,0.1856333939452302
14-01-2026 09:30||NIFTY27JAN2624600PE,0.14661747670360242
14-01-2026 09:30||NIFTY27JAN2624700PE,0.14036598842764642
14-01-2026 09:30||NIFTY27JAN2625200CE,0.10190366391092438
14-01-2026 09:30||NIFTY27JAN2625300CE,0.10156128010624313
14-01-2026 09:30||NIFTY27JAN2626200CE,0.0976395549972032
14-01-2026 09:30||NIFTY27JAN2626300CE,0.09946061478893248
14-01-2026 09:30||NIFTY27JAN2626500CE,0.10491593457788333
14-01-2026 09:35||NIFTY27JAN2624000PE,0.1840659466939949
14-01-2026 09:35||NIFTY27JAN2624100PE,0.1778965784034678
14-01-2026 09:35||NIFTY27JAN2625500CE,0.10188144293964484
14-01-2026 09:35||NIFTY27JAN2626000CE,0.09771781080216516
14-01-2026 09:35||NIFTY27JAN2626400CE,0.09896841662527636
14-01-2026 09:35||NIFTY27JAN2626500CE,0.09960183385921574
14-01-2026 09:40||NIFTY27JAN2623800PE,0.19401003236493347
14-01-2026 09:40||NIFTY27JAN2624000PE,0.18235640032614975
14-01-2026 09:40||NIFTY27JAN2624200PE,0.16966997827579966
14-01-2026 09:40||NIFTY27JAN2624700PE,0.1376449935692927
14-01-2026 09:40||NIFTY27JAN2624800PE,0.1318440372294368
14-01-2026 09:40||NIFTY27JAN2625000PE,0.12060303157061485
14-01-2026 09:40||NIFTY27JAN2625500CE,0.10126519195375616
14-01-2026 09:40||NIFTY27JAN2625800CE,0.09741477313654401
14-01-2026 09:45||NIFTY27JAN2623800PE,0.1930879341675727
14-01-2026 09:45||NIFTY27JAN2624300PE,0.16239807456953492
14-01-2026 09:45||NIFTY27JAN2624400PE,0.15582658067233768
14-01-2026 09:45||NIFTY27JAN2624500PE,0.14927228683242522
14-01-2026 09:45||NIFTY27JAN2624600PE,0.1427148322184828
14-01-2026 09:45||NIFTY27JAN2625400CE,0.10578652354878684
14-01-2026 09:50||NIFTY27JAN2623800PE,0.19443862496631517
14-01-2026 09:50||NIFTY27JAN2623900PE,0.18764999553710465
14-01-2026 09:50||NIFTY27JAN2624600PE,0.1413379846320708
14-01-2026 09:50||NIFTY27JAN2625200CE,0.14343461085697368
14-01-2026 09:50||NIFTY27JAN2625300CE,0.1362417862477473
14-01-2026 09:50||NIFTY27JAN2626000CE,0.10698127963445436
14-01-2026 09:50||NIFTY27JAN2626400CE,0.1085834719151527
14-01-2026 09:55||NIFTY27JAN2624100PE,0.1789116482741961
14-01-2026 09:55||NIFTY27JAN2624200PE,0.1724141895103703
14-01-2026 09:55||NIFTY27JAN2626000CE,0.09523389721437496
14-01-2026 09:55||NIFTY27JAN2626100CE,0.09594098655224331
14-01-2026 10:00||NIFTY27JAN2623900PE,0.1875327253647604
14-01-2026 10:00||NIFTY27JAN2624000PE,0.18138551680487425
14-01-2026 10:00||NIFTY27JAN2624400PE,0.15574491005064134
14-01-2026 10:00||NIFTY27JAN2625100PE,0.11477209756571168
14-01-2026 10:00||NIFTY27JAN2625300CE,0.1177159643529224
14-01-2026 10:00||NIFTY27JAN2625400CE,0.11110872821245524
14-01-2026 10:00||NIFTY27JAN2625500CE,0.10588246033762547
14-01-2026 10:00||NIFTY27JAN2625800CE,0.0986421129322505
14-01-2026 10:00||NIFTY27JAN2626100CE,0.09772055062186327
14-01-2026 10:00||NIFTY27JAN2626200CE,0.09851218680757498
14-01-2026 10:00||NIFTY27JAN2626500CE,0.10468052298917567
14-01-2026 10:05||NIFTY27JAN2624600PE,0.14221606519246077
14-01-2026 10:05||NIFTY27JAN2624800PE,0.1301749530488057
14-01-2026 10:05||NIFTY27JAN2625000PE,0.11897569413807449
14-01-2026 10:05||NIFTY27JAN2625300CE,0.11424036248340128
14-01-2026 10:05||NIFTY27JAN2625400CE,0.10959506477589817
14-01-2026 10:05||NIFTY27JAN2625600CE,0.10265123470636559
14-01-2026 10:05||NIFTY27JAN2626200CE,0.09793114327465643
14-01-2026 10:05||NIFTY27JAN2626300CE,0.0983793942325152
14-01-2026 10:05||NIFTY27JAN2626400CE,0.09876150520532999
14-01-2026 10:05||NIFTY27JAN2626500CE,0.09891546741921203
14-01-2026 10:10||NIFTY27JAN2624000PE,0.1802549515997351
14-01-2026 10:10||NIFTY27JAN2624200PE,0.1672262154887836
14-01-2026 10:10||NIFTY27JAN2624300PE,0.160611714694318
14-01-2026 10:10||NIFTY27JAN2624500PE,0.14762331675488136
14-01-2026 10:10||NIFTY27JAN2624600PE,0.14126917584180845
14-01-2026 10:10||NIFTY27JAN2625400CE,0.11053287961204995
14-01-2026 10:10||NIFTY27JAN2625600CE,0.10455255440901659
14-01-2026 10:10||NIFTY27JAN2625700CE,0.10203517482875371
14-01-2026 10:10||NIFTY27JAN2626100CE,0.09940348497800142
14-01-2026 10:10||NIFTY27JAN2626400CE,0.10466575872620451
14-01-2026 10:15||NIFTY27JAN2624100PE,0.17470630213388044
14-01-2026 10:15||NIFTY27JAN2625000PE,0.11944696608648248
14-01-2026 10:15||NIFTY27JAN2625200CE,0.09714094001599488
14-01-2026 10:15||NIFTY27JAN2625600CE,0.09732199879098702
14-01-2026 10:15||NIFTY27JAN2625900CE,0.09597328326131019
14-01-2026 10:20||NIFTY27JAN2624200PE,0.16646148594200808
14-01-2026 10:20||NIFTY27JAN2624700PE,0.13415143529895485
14-01-2026 10:20||NIFTY27JAN2625000PE,0.11744109838011733
14-01-2026 10:20||NIFTY27JAN2625500CE,0.10169355529328497
14-01-2026 10:20||NIFTY27JAN2625600CE,0.10028645841309383
14-01-2026 10:20||NIFTY27JAN2625700CE,0.09903138038870302
14-01-2026 10:20||NIFTY27JAN2625800CE,0.09785128171981647
14-01-2026 10:20||NIFTY27JAN2626100CE,0.09859496045888319
14-01-2026 10:20||NIFTY27JAN2626500CE,0.10746701651617527
14-01-2026 10:25||NIFTY27JAN2623800PE,0.19220652361927407
14-01-2026 10:25||NIFTY27JAN2624300PE,0.15983526156110933
14-01-2026 10:25||NIFTY27JAN2625000PE,0.11743175751559352
14-01-2026 10:25||NIFTY27JAN2625500CE,0.10455085588800297
14-01-2026 10:25||NIFTY27JAN2626100CE,0.09989704749699566
14-01-2026 10:25||NIFTY27JAN2626200CE,0.1011560096438246
14-01-2026 10:25||NIFTY27JAN2626400CE,0.10497354339001089
14-01-2026 10:30||NIFTY27JAN2623800PE,0.19317271699841512
14-01-2026 10:30||NIFTY27JAN2623900PE,0.1865310440055863
14-01-2026 10:30||NIFTY27JAN2624000PE,0.17983789504177164
14-01-2026 10:30||NIFTY27JAN2624700PE,0.13366047339445158
14-01-2026 10:30||NIFTY27JAN2624800PE,0.1278959580372661
14-01-2026 10:30||NIFTY27JAN2625100PE,0.11274662878716478
14-01-2026 10:30||NIFTY27JAN2625200CE,0.12108441603196038
14-01-2026 10:30||NIFTY27JAN2626500CE,0.10848539957250566
14-01-2026 10:35||NIFTY27JAN2623900PE,0.18704080061751516
14-01-2026 10:35||NIFTY27JAN2624400PE,0.15449091532862558
14-01-2026 10:35||NIFTY27JAN2625100PE,0.11484824441746751
14-01-2026 10:35||NIFTY27JAN2625500CE,0.1005490525760742
14-01-2026 10:35||NIFTY27JAN2625600CE,0.09931646476264758
14-01-2026 10:35||NIFTY27JAN2625700CE,0.09804755060628648
14-01-2026 10:35||NIFTY27JAN2626000CE,0.09667007306768757
14-01-2026 10:35||NIFTY27JAN2626300CE,0.10082189183366158
14-01-2026 10:40||NIFTY27JAN2623800PE,0.18670769204368565
14-01-2026 10:40||NIFTY27JAN2624100PE,0.17377996278107766
14-01-2026 10:40||NIFTY27JAN2625300CE,0.10505901406437926
14-01-2026 10:40||NIFTY27JAN2625600CE,0.09912160183709917
14-01-2026 10:40||NIFTY27JAN2626100CE,0.09728330328253046
14-01-2026 10:40||NIFTY27JAN2626300CE,0.10052456347938421
14-01-2026 10:40||NIFTY27JAN2626500CE,0.1064038995699185
14-01-2026 10:45||NIFTY27JAN2624000PE,0.17660860845160015
14-01-2026 10:45||NIFTY27JAN2624600PE,0.1383211968156512
14-01-2026 10:45||NIFTY27JAN2624800PE,0.12576520012431183
14-01-2026 10:45||NIFTY27JAN2625400CE,0.12099955236961756
14-01-2026 10:45||NIFTY27JAN2625600CE,0.11184782734404042
14-01-2026 10:45||NIFTY27JAN2625700CE,0.10889087499383164
14-01-2026 10:50||NIFTY27JAN2624000PE,0.17956634586687137
14-01-2026 10:50||NIFTY27JAN2624300PE,0.16058683843922156
14-01-2026 10:50||NIFTY27JAN2624800PE,0.1286657494458766
14-01-2026 10:50||NIFTY27JAN2625200CE,0.11950942186198671
14-01-2026 10:50||NIFTY27JAN2625300CE,0.11491200055842395
14-01-2026 10:50||NIFTY27JAN2625400CE,0.11080362349597961
14-01-2026 10:50||NIFTY27JAN2625800CE,0.10044095323563154
14-01-2026 10:55||NIFTY27JAN2624600PE,0.14073761098421594
14-01-2026 10:55||NIFTY27JAN2625000PE,0.11673201897272509
14-01-2026 10:55||NIFTY27JAN2625200CE,0.12957682691569883
14-01-2026 10:55||NIFTY27JAN2625300CE,0.12414065116819555
14-01-2026 10:55||NIFTY27JAN2625700CE,0.10833269027898841
14-01-2026 10:55||NIFTY27JAN2625800CE,0.10559215591128251
14-01-2026 10:55||NIFTY27JAN2626200CE,0.10138601573646168
14-01-2026 10:55||NIFTY27JAN2626300CE,0.10229437229121749
14-01-2026 10:55||NIFTY27JAN2626400CE,0.10387076446857117
14-01-2026 10:55||NIFTY27JAN2626500CE,0.10607395003708713
14-01-2026 11:00||NIFTY27JAN2624100PE,0.17508792754897828
14-01-2026 11:00||NIFTY27JAN2625100PE,0.1128779186049296
14-01-2026 11:00||NIFTY27JAN2625600CE,0.10799387118879063
14-01-2026 11:00||NIFTY27JAN2625700CE,0.10504488136562076
14-01-2026 11:00||NIFTY27JAN2626100CE,0.09995451887094517
14-01-2026 11:00||NIFTY27JAN2626300CE,0.10167211505637538
14-01-2026 11:00||NIFTY27JAN2626400CE,0.10388912864227254
14-01-2026 11:05||NIFTY27JAN2624000PE,0.1819200967157786
14-01-2026 11:05||NIFTY27JAN2624800PE,0.13104401861343046
14-01-2026 11:05||NIFTY27JAN2625000PE,0.12022026287315715
14-01-2026 11:05||NIFTY27JAN2625300CE,0.10538364665276523
14-01-2026 11:05||NIFTY27JAN2626000CE,0.09706487156643538
14-01-2026 11:05||NIFTY27JAN2626100CE,0.09743980168129562
14-01-2026 11:05||NIFTY27JAN2626300CE,0.09941061066979989
14-01-2026 11:10||NIFTY27JAN2623900PE,0.188019757570494
14-01-2026 11:10||NIFTY27JAN2624000PE,0.1818857086848813
14-01-2026 11:10||NIFTY27JAN2624300PE,0.16215272062345648
14-01-2026 11:10||NIFTY27JAN2624500PE,0.14914877823909894
14-01-2026 11:10||NIFTY27JAN2624600PE,0.14254855199573874
14-01-2026 11:10||NIFTY27JAN2625200CE,0.11870400530104507
14-01-2026 11:10||NIFTY27JAN2626000CE,0.09749169248564037
14-01-2026 11:10||NIFTY27JAN2626500CE,0.10470932177314055
14-01-2026 11:15||NIFTY27JAN2624100PE,0.17626416101338274
14-01-2026 11:15||NIFTY27JAN2624200PE,0.1697481848799996
14-01-2026 11:15||NIFTY27JAN2624300PE,0.16307235749428792
14-01-2026 11:15||NIFTY27JAN2624400PE,0.15631493104267913
14-01-2026 11:15||NIFTY27JAN2624500PE,0.14952497826659045
14-01-2026 11:15||NIFTY27JAN2624600PE,0.1427641755485042
14-01-2026 11:15||NIFTY27JAN2625300CE,0.11783013806112345
14-01-2026 11:15||NIFTY27JAN2625500CE,0.10985242597436011
14-01-2026 11:15||NIFTY27JAN2625800CE,0.10170052982893926
14-01-2026 11:15||NIFTY27JAN2626000CE,0.09904641520574228
14-01-2026 11:15||NIFTY27JAN2626200CE,0.09937483013023818
14-01-2026 11:20||NIFTY27JAN2623800PE,0.19804060432339388
14-01-2026 11:20||NIFTY27JAN2623900PE,0.1910131835387411
14-01-2026 11:20||NIFTY27JAN2624300PE,0.16370638101345622
14-01-2026 11:20||NIFTY27JAN2624600PE,0.144080999433993
14-01-2026 11:20||NIFTY27JAN2624800PE,0.1318288718936727
14-01-2026 11:20||NIFTY27JAN2624900PE,0.12623367743107922
14-01-2026 11:20||NIFTY27JAN2625100PE,0.1159778455103044
14-01-2026 11:20||NIFTY27JAN2625300CE,0.10984457621724932
14-01-2026 11:20||NIFTY27JAN2625600CE,0.10168801371785074
14-01-2026 11:20||NIFTY27JAN2625800CE,0.09792941645149145
14-01-2026 11:20||NIFTY27JAN2626000CE,0.09629217239523323
14-01-2026 11:25||NIFTY27JAN2623900PE,0.18818847084032678
14-01-2026 11:25||NIFTY27JAN2624200PE,0.16908934887317784
14-01-2026 11:25||NIFTY27JAN2624400PE,0.15554916626675025
14-01-2026 11:25||NIFTY27JAN2624700PE,0.13525377348101242
14-01-2026 11:25||NIFTY27JAN2624900PE,0.12344664029170413
14-01-2026 11:25||NIFTY27JAN2625400CE,0.1285534891670302
14-01-2026 11:25||NIFTY27JAN2626100CE,0.10369874539461932
14-01-2026 11:25||NIFTY27JAN2626200CE,0.10357900017903618
14-01-2026 11:30||NIFTY27JAN2623800PE,0.19892779121634058
14-01-2026 11:30||NIFTY27JAN2624200PE,0.17148280125355353
14-01-2026 11:30||NIFTY27JAN2624300PE,0.16513951952585543
14-01-2026 11:30||NIFTY27JAN2624400PE,0.15884625373591954
14-01-2026 11:30||NIFTY27JAN2624900PE,0.12766355266242305
14-01-2026 11:30||NIFTY27JAN2625000PE,0.12201888981074122
14-01-2026 11:30||NIFTY27JAN2625300CE,0.10751464582809078
14-01-2026 11:30||NIFTY27JAN2625400CE,0.10539912815277133
14-01-2026 11:30||NIFTY27JAN2625500CE,0.1032189762495053
14-01-2026 11:30||NIFTY27JAN2625800CE,0.0974534827369126
14-01-2026 11:30||NIFTY27JAN2626000CE,0.09585641049023366
14-01-2026 11:35||NIFTY27JAN2623800PE,0.1974738637972146
14-01-2026 11:35||NIFTY27JAN2623900PE,0.1909792435039245
14-01-2026 11:35||NIFTY27JAN2624300PE,0.16398808391099765
14-01-2026 11:35||NIFTY27JAN2624400PE,0.15722965248004914
14-01-2026 11:35||NIFTY27JAN2624500PE,0.15055038423119577
14-01-2026 11:35||NIFTY27JAN2624700PE,0.1377805554231077
14-01-2026 11:35||NIFTY27JAN2625100PE,0.11578503981054539
14-01-2026 11:35||NIFTY27JAN2625500CE,0.10423080312022132
14-01-2026 11:35||NIFTY27JAN2625700CE,0.10055981156319307
14-01-2026 11:35||NIFTY27JAN2626100CE,0.09712038091684189
14-01-2026 11:40||NIFTY27JAN2623900PE,0.19021920932666847
14-01-2026 11:40||NIFTY27JAN2624300PE,0.16443634991187103
14-01-2026 11:40||NIFTY27JAN2625100PE,0.11657519251089685
14-01-2026 11:40||NIFTY27JAN2625500CE,0.10183691585183652
14-01-2026 11:40||NIFTY27JAN2625600CE,0.09983513368169056
14-01-2026 11:40||NIFTY27JAN2626500CE,0.1019957763945641
14-01-2026 11:45||NIFTY27JAN2623900PE,0.19019576729684362
14-01-2026 11:45||NIFTY27JAN2624300PE,0.16335946830098502
14-01-2026 11:45||NIFTY27JAN2624500PE,0.14998301872324593
14-01-2026 11:45||NIFTY27JAN2624600PE,0.14322812055112333
14-01-2026 11:45||NIFTY27JAN2626200CE,0.10033997889728087
14-01-2026 11:45||NIFTY27JAN2626400CE,0.10280261144704497
14-01-2026 11:50||NIFTY27JAN2625100PE,0.11599493399115098
14-01-2026 11:50||NIFTY27JAN2625700CE,0.10071563658284202
14-01-2026 11:50||NIFTY27JAN2625800CE,0.09879509945857776
14-01-2026 11:50||NIFTY27JAN2626100CE,0.0964671195805288
14-01-2026 11:55||NIFTY27JAN2624200PE,0.17143500488370278
14-01-2026 11:55||NIFTY27JAN2624400PE,0.15797757873218454
14-01-2026 11:55||NIFTY27JAN2624800PE,0.13190112090837353
14-01-2026 11:55||NIFTY27JAN2625100PE,0.11681782593580177
14-01-2026 11:55||NIFTY27JAN2625200CE,0.11391860604261884
14-01-2026 11:55||NIFTY27JAN2625400CE,0.10713636328641554
14-01-2026 11:55||NIFTY27JAN2625600CE,0.10172774730573614
14-01-2026 12:00||NIFTY27JAN2623800PE,0.1996360091482487
14-01-2026 12:00||NIFTY27JAN2623900PE,0.1928759487880416
14-01-2026 12:00||NIFTY27JAN2624100PE,0.17929953379931135
14-01-2026 12:00||NIFTY27JAN2624200PE,0.17251823316712084
14-01-2026 12:00||NIFTY27JAN2624400PE,0.1592434228509232
14-01-2026 12:00||NIFTY27JAN2624900PE,0.12621483178815665
14-01-2026 12:00||NIFTY27JAN2625000PE,0.11976783968665974
14-01-2026 12:00||NIFTY27JAN2625100PE,0.11337920704667401
14-01-2026 12:00||NIFTY27JAN2625400CE,0.10858493288808692
14-01-2026 12:00||NIFTY27JAN2625900CE,0.0962386008499412
14-01-2026 12:00||NIFTY27JAN2626100CE,0.09558169478217876
14-01-2026 12:00||NIFTY27JAN2626300CE,0.0968179844470011
14-01-2026 12:05||NIFTY27JAN2624200PE,0.17242197933081516
14-01-2026 12:05||NIFTY27JAN2624400PE,0.1592863502323182
14-01-2026 12:05||NIFTY27JAN2624600PE,0.14588181308095843
14-01-2026 12:05||NIFTY27JAN2625400CE,0.09288196656055588
14-01-2026 12:05||NIFTY27JAN2625700CE,0.09122891259817635
14-01-2026 12:05||NIFTY27JAN2626000CE,0.09046835607071776
14-01-2026 12:05||NIFTY27JAN2626300CE,0.0932746189593213
14-01-2026 12:05||NIFTY27JAN2626500CE,0.09772949915675197
14-01-2026 12:10||NIFTY27JAN2623900PE,0.18969702425693605
14-01-2026 12:10||NIFTY27JAN2624400PE,0.15709683909894956
14-01-2026 12:10||NIFTY27JAN2624600PE,0.14377253028205583
14-01-2026 12:10||NIFTY27JAN2624800PE,0.13165119987975607
14-01-2026 12:10||NIFTY27JAN2624900PE,0.12605766356506137
14-01-2026 12:10||NIFTY27JAN2625100PE,0.1157335990517224
14-01-2026 12:10||NIFTY27JAN2625200CE,0.10973829993762566
14-01-2026 12:10||NIFTY27JAN2625900CE,0.09258223662571002
14-01-2026 12:10||NIFTY27JAN2626300CE,0.09495957651166975
14-01-2026 12:10||NIFTY27JAN2626500CE,0.09957668581532046
14-01-2026 12:15||NIFTY27JAN2623900PE,0.18847033938216468
14-01-2026 12:15||NIFTY27JAN2624200PE,0.1684853352550728
14-01-2026 12:15||NIFTY27JAN2624800PE,0.128399050645356
14-01-2026 12:15||NIFTY27JAN2625300CE,0.12523098115612857
14-01-2026 12:15||NIFTY27JAN2626500CE,0.10411426745547549
14-01-2026 12:20||NIFTY27JAN2623800PE,0.19843006339446817
14-01-2026 12:20||NIFTY27JAN2623900PE,0.19162616769516494
14-01-2026 12:20||NIFTY27JAN2624300PE,0.1645831798124127
14-01-2026 12:20||NIFTY27JAN2625000PE,0.12034684122927519
14-01-2026 12:20||NIFTY27JAN2625300CE,0.1010226427773778
14-01-2026 12:20||NIFTY27JAN2626400CE,0.09765496557067327
14-01-2026 12:25||NIFTY27JAN2624400PE,0.15790165051657867
14-01-2026 12:25||NIFTY27JAN2624500PE,0.15101819290816623
14-01-2026 12:25||NIFTY27JAN2625400CE,0.09646599913997847
14-01-2026 12:25||NIFTY27JAN2625500CE,0.09583751800720298
14-01-2026 12:25||NIFTY27JAN2625900CE,0.09287177108746487
14-01-2026 12:25||NIFTY27JAN2626100CE,0.09299738308432902
14-01-2026 12:25||NIFTY27JAN2626200CE,0.09366463973884989
14-01-2026 12:25||NIFTY27JAN2626500CE,0.0987346439962836
14-01-2026 12:30||NIFTY27JAN2623900PE,0.19049125630307343
14-01-2026 12:30||NIFTY27JAN2624300PE,0.16389035584897071
14-01-2026 12:30||NIFTY27JAN2624900PE,0.12569317515226708
14-01-2026 12:30||NIFTY27JAN2625700CE,0.09897926862016274
14-01-2026 12:30||NIFTY27JAN2625800CE,0.09701938394550536
14-01-2026 12:30||NIFTY27JAN2626300CE,0.09649388407807216
14-01-2026 12:30||NIFTY27JAN2626400CE,0.09883146826374445
14-01-2026 12:35||NIFTY27JAN2623900PE,0.19104040836363795
14-01-2026 12:35||NIFTY27JAN2625300CE,0.10672128998606284
14-01-2026 12:35||NIFTY27JAN2625400CE,0.10422741739177206
14-01-2026 12:35||NIFTY27JAN2625500CE,0.10180369396787432
14-01-2026 12:35||NIFTY27JAN2625600CE,0.09936338935517118
14-01-2026 12:35||NIFTY27JAN2625900CE,0.0944799948382859
14-01-2026 12:35||NIFTY27JAN2626100CE,0.09412665277704312
14-01-2026 12:35||NIFTY27JAN2626300CE,0.09565993528143987
14-01-2026 12:40||NIFTY27JAN2626000CE,0.09059394490236151
14-01-2026 12:45||NIFTY27JAN2624200PE,0.16975344298611542
14-01-2026 12:45||NIFTY27JAN2624600PE,0.14316026604890725
14-01-2026 12:45||NIFTY27JAN2624900PE,0.125474046658654
14-01-2026 12:45||NIFTY27JAN2625600CE,0.09680899342028028
14-01-2026 12:45||NIFTY27JAN2625700CE,0.0949739680395706
14-01-2026 12:50||NIFTY27JAN2623800PE,0.19479869354903262
14-01-2026 12:50||NIFTY27JAN2624900PE,0.12470871634707176
14-01-2026 12:50||NIFTY27JAN2625300CE,0.1028322683606081
14-01-2026 12:50||NIFTY27JAN2625500CE,0.09894501230357236
14-01-2026 12:50||NIFTY27JAN2626300CE,0.0955282270868694
14-01-2026 12:50||NIFTY27JAN2626500CE,0.10079637589294414
14-01-2026 12:55||NIFTY27JAN2623900PE,0.1884350455876379
14-01-2026 12:55||NIFTY27JAN2624300PE,0.16207513535090137
14-01-2026 12:55||NIFTY27JAN2624500PE,0.14869531773233102
14-01-2026 12:55||NIFTY27JAN2625000PE,0.11827500038616595
14-01-2026 12:55||NIFTY27JAN2626000CE,0.09487261909246876
14-01-2026 12:55||NIFTY27JAN2626100CE,0.09495275933734382
14-01-2026 13:00||NIFTY27JAN2623800PE,0.19483680853244623
14-01-2026 13:00||NIFTY27JAN2624000PE,0.18201606041863744
14-01-2026 13:00||NIFTY27JAN2624700PE,0.13641619837354985
14-01-2026 13:00||NIFTY27JAN2624800PE,0.13037675522034675
14-01-2026 13:00||NIFTY27JAN2625400CE,0.0989904085597364
14-01-2026 13:00||NIFTY27JAN2625500CE,0.09769748752568316
14-01-2026 13:00||NIFTY27JAN2625700CE,0.09481849925824071
14-01-2026 13:00||NIFTY27JAN2625800CE,0.09328118855945242
14-01-2026 13:00||NIFTY27JAN2626200CE,0.09353807592742959
14-01-2026 13:00||NIFTY27JAN2626300CE,0.09521466791992866
14-01-2026 13:00||NIFTY27JAN2626500CE,0.10024482716184857
14-01-2026 13:05||NIFTY27JAN2624000PE,0.1824843849481601
14-01-2026 13:05||NIFTY27JAN2624400PE,0.15595298284066567
14-01-2026 13:05||NIFTY27JAN2624800PE,0.1296673043433717
14-01-2026 13:05||NIFTY27JAN2624900PE,0.12378901669001943
14-01-2026 13:05||NIFTY27JAN2625100PE,0.1121354423021646
14-01-2026 13:05||NIFTY27JAN2625200CE,0.11038760058478277
14-01-2026 13:05||NIFTY27JAN2625800CE,0.09623799924367729
14-01-2026 13:05||NIFTY27JAN2626200CE,0.0947786782659573
14-01-2026 13:05||NIFTY27JAN2626300CE,0.09612215690977081
14-01-2026 13:05||NIFTY27JAN2626500CE,0.10045325149015728
14-01-2026 13:10||NIFTY27JAN2623900PE,0.18926361388376872
14-01-2026 13:10||NIFTY27JAN2624000PE,0.182843733111523
14-01-2026 13:10||NIFTY27JAN2624600PE,0.14350580102565946
14-01-2026 13:10||NIFTY27JAN2624700PE,0.13711930976437126
14-01-2026 13:10||NIFTY27JAN2624900PE,0.12497994656549705
14-01-2026 13:10||NIFTY27JAN2625300CE,0.09845830732404541
14-01-2026 13:10||NIFTY27JAN2625800CE,0.09016602447609731
14-01-2026 13:10||NIFTY27JAN2625900CE,0.08994584087131052
14-01-2026 13:10||NIFTY27JAN2626100CE,0.0903649586543101
14-01-2026 13:10||NIFTY27JAN2626300CE,0.09351641329485652
14-01-2026 13:10||NIFTY27JAN2626400CE,0.0962440447892994
14-01-2026 13:15||NIFTY27JAN2624000PE,0.18207279699809475
14-01-2026 13:15||NIFTY27JAN2624100PE,0.17504070350278444
14-01-2026 13:15||NIFTY27JAN2624600PE,0.1420063611707298
14-01-2026 13:15||NIFTY27JAN2624800PE,0.129644716067813
14-01-2026 13:15||NIFTY27JAN2625200CE,0.10748733063679378
14-01-2026 13:15||NIFTY27JAN2625600CE,0.09378859495652034
14-01-2026 13:15||NIFTY27JAN2626000CE,0.09139933371888204
14-01-2026 13:15||NIFTY27JAN2626100CE,0.09222512770993177
14-01-2026 13:15||NIFTY27JAN2626200CE,0.09321961003448699
14-01-2026 13:20||NIFTY27JAN2623900PE,0.18735654487344283
14-01-2026 13:20||NIFTY27JAN2624200PE,0.16795149247064245
14-01-2026 13:20||NIFTY27JAN2624400PE,0.1548156944868473
14-01-2026 13:20||NIFTY27JAN2624700PE,0.13593293404196286
14-01-2026 13:20||NIFTY27JAN2624800PE,0.13032792979419683
14-01-2026 13:20||NIFTY27JAN2624900PE,0.12479157899672104
14-01-2026 13:20||NIFTY27JAN2625200CE,0.09184799658002964
14-01-2026 13:20||NIFTY27JAN2625900CE,0.08894930927555506
14-01-2026 13:20||NIFTY27JAN2626200CE,0.09167447864730349
14-01-2026 13:25||NIFTY27JAN2624100PE,0.17266010382369096
14-01-2026 13:25||NIFTY27JAN2624700PE,0.13412348479866232
14-01-2026 13:25||NIFTY27JAN2624900PE,0.12258441661225884
14-01-2026 13:25||NIFTY27JAN2625200CE,0.10688934061346902
14-01-2026 13:25||NIFTY27JAN2625600CE,0.09595403802162705
14-01-2026 13:25||NIFTY27JAN2626400CE,0.09889911923614575
14-01-2026 13:25||NIFTY27JAN2626500CE,0.10272213034894752
14-01-2026 13:30||NIFTY27JAN2624200PE,0.16642074060401432
14-01-2026 13:30||NIFTY27JAN2624300PE,0.15973865783003557
14-01-2026 13:30||NIFTY27JAN2625200CE,0.0962040370889196
14-01-2026 13:30||NIFTY27JAN2625500CE,0.09096358017387601
14-01-2026 13:30||NIFTY27JAN2625700CE,0.09018356626226356
14-01-2026 13:30||NIFTY27JAN2626500CE,0.10101914803367776
14-01-2026 13:35||NIFTY27JAN2624000PE,0.1782498304146522
14-01-2026 13:35||NIFTY27JAN2624100PE,0.17215173914727028
14-01-2026 13:35||NIFTY27JAN2624200PE,0.1659870914648701
14-01-2026 13:35||NIFTY27JAN2624800PE,0.1288720818506042
14-01-2026 13:35||NIFTY27JAN2625000PE,0.1192669146792276
14-01-2026 13:35||NIFTY27JAN2625100PE,0.1152879102261021
14-01-2026 13:35||NIFTY27JAN2625500CE,0.08092149562269368
14-01-2026 13:35||NIFTY27JAN2625700CE,0.0839971866391681
14-01-2026 13:40||NIFTY27JAN2623900PE,0.18157993269766393
14-01-2026 13:40||NIFTY27JAN2624400PE,0.1497417999271093
14-01-2026 13:40||NIFTY27JAN2625800CE,0.09276555542322022
14-01-2026 13:40||NIFTY27JAN2626500CE,0.10562842204107162
14-01-2026 13:45||NIFTY27JAN2624100PE,0.1685700195890097
14-01-2026 13:45||NIFTY27JAN2624200PE,0.16236126097535858
14-01-2026 13:45||NIFTY27JAN2624300PE,0.15603988278455555
14-01-2026 13:45||NIFTY27JAN2624400PE,0.14966552816532896
14-01-2026 13:45||NIFTY27JAN2624500PE,0.14329436614781707
14-01-2026 13:45||NIFTY27JAN2624600PE,0.1369772395879409
14-01-2026 13:45||NIFTY27JAN2624700PE,0.13076215223300752
14-01-2026 13:45||NIFTY27JAN2624800PE,0.1247179296135034
14-01-2026 13:45||NIFTY27JAN2625400CE,0.10254824229043152
14-01-2026 13:45||NIFTY27JAN2626200CE,0.09861830518357378
14-01-2026 13:45||NIFTY27JAN2626300CE,0.10123077498049021
14-01-2026 13:45||NIFTY27JAN2626400CE,0.1043166540041188
14-01-2026 13:50||NIFTY27JAN2623800PE,0.18791471758172126
14-01-2026 13:50||NIFTY27JAN2625400CE,0.08586133817681493
14-01-2026 13:50||NIFTY27JAN2625600CE,0.08769039523027641
14-01-2026 13:50||NIFTY27JAN2625900CE,0.08989139742925
14-01-2026 13:50||NIFTY27JAN2626100CE,0.09319303927499556
14-01-2026 13:50||NIFTY27JAN2626300CE,0.09854223000452707
14-01-2026 13:55||NIFTY27JAN2623800PE,0.18595005893959274
14-01-2026 13:55||NIFTY27JAN2624200PE,0.1618456820427785
14-01-2026 13:55||NIFTY27JAN2624600PE,0.13614647684262543
14-01-2026 13:55||NIFTY27JAN2624900PE,0.11968372898611143
14-01-2026 13:55||NIFTY27JAN2625200CE,0.10219154857706712
14-01-2026 13:55||NIFTY27JAN2625400CE,0.09955731244345895
14-01-2026 13:55||NIFTY27JAN2626200CE,0.09894665292192471
14-01-2026 14:00||NIFTY27JAN2623800PE,0.19094300397842412
14-01-2026 14:00||NIFTY27JAN2623900PE,0.18354126320172953
14-01-2026 14:00||NIFTY27JAN2624400PE,0.14958802394207887
14-01-2026 14:00||NIFTY27JAN2624500PE,0.14337499681633875
14-01-2026 14:00||NIFTY27JAN2625200CE,0.09404082237486272
14-01-2026 14:05||NIFTY27JAN2624000PE,0.175103187771315
14-01-2026 14:05||NIFTY27JAN2624300PE,0.15519524020031772
14-01-2026 14:05||NIFTY27JAN2624700PE,0.13016221748370638
14-01-2026 14:05||NIFTY27JAN2624800PE,0.12458907633592191
14-01-2026 14:05||NIFTY27JAN2625100PE,0.11026951156831341
14-01-2026 14:05||NIFTY27JAN2625200CE,0.10925394342871574
14-01-2026 14:05||NIFTY27JAN2625700CE,0.09798771440794055
14-01-2026 14:05||NIFTY27JAN2625900CE,0.09714681428953693
14-01-2026 14:05||NIFTY27JAN2626100CE,0.09830032171797354
14-01-2026 14:10||NIFTY27JAN2624200PE,0.16216420266334952
14-01-2026 14:10||NIFTY27JAN2624800PE,0.12360076496042208
14-01-2026 14:10||NIFTY27JAN2625700CE,0.09965538184712538
14-01-2026 14:15||NIFTY27JAN2624600PE,0.13804630644129612
14-01-2026 14:15||NIFTY27JAN2625000PE,0.11640062487970947
14-01-2026 14:15||NIFTY27JAN2625300CE,0.09454544677071419
14-01-2026 14:15||NIFTY27JAN2625400CE,0.09415969366573118
14-01-2026 14:15||NIFTY27JAN2625600CE,0.09238022462900412
14-01-2026 14:15||NIFTY27JAN2625900CE,0.09163987279264543
14-01-2026 14:15||NIFTY27JAN2626000CE,0.09265045532072363
14-01-2026 14:15||NIFTY27JAN2626500CE,0.1055256171073981
14-01-2026 14:20||NIFTY27JAN2623900PE,0.18127427083971798
14-01-2026 14:20||NIFTY27JAN2624400PE,0.14962674079858326
14-01-2026 14:20||NIFTY27JAN2624900PE,0.12078269636972047
14-01-2026 14:20||NIFTY27JAN2625100PE,0.11196503349442133
14-01-2026 14:20||NIFTY27JAN2625200CE,0.09651986828627315
14-01-2026 14:25||NIFTY27JAN2623800PE,0.18597263901903202
14-01-2026 14:25||NIFTY27JAN2624400PE,0.14756310518748578
14-01-2026 14:25||NIFTY27JAN2624500PE,0.14105660592899716
14-01-2026 14:25||NIFTY27JAN2625500CE,0.103891400189541
14-01-2026 14:25||NIFTY27JAN2625600CE,0.10198943913707038
14-01-2026 14:25||NIFTY27JAN2625900CE,0.09933290003651055
14-01-2026 14:25||NIFTY27JAN2626100CE,0.10079339241050725
14-01-2026 14:25||NIFTY27JAN2626400CE,0.10832940093593418
14-01-2026 14:30||NIFTY27JAN2623900PE,0.18133758167140163
14-01-2026 14:30||NIFTY27JAN2624300PE,0.15439285538384095
14-01-2026 14:30||NIFTY27JAN2624500PE,0.14154677580108357
14-01-2026 14:30||NIFTY27JAN2624700PE,0.1295238989082413
14-01-2026 14:30||NIFTY27JAN2625000PE,0.11233967779564925
14-01-2026 14:30||NIFTY27JAN2625100PE,0.10648912800295546
14-01-2026 14:30||NIFTY27JAN2625400CE,0.10801800542185937
14-01-2026 14:30||NIFTY27JAN2625500CE,0.10466054639483799
14-01-2026 14:30||NIFTY27JAN2626000CE,0.09926250930650347
14-01-2026 14:30||NIFTY27JAN2626100CE,0.10043537214286463
14-01-2026 14:30||NIFTY27JAN2626400CE,0.10616072398154543
14-01-2026 14:30||NIFTY27JAN2626500CE,0.1088879816050616
14-01-2026 14:35||NIFTY27JAN2624000PE,0.17480994188018578
14-01-2026 14:35||NIFTY27JAN2624200PE,0.1616334303571128
14-01-2026 14:35||NIFTY27JAN2624300PE,0.15494272813407567
14-01-2026 14:35||NIFTY27JAN2625500CE,0.1082321052306906
14-01-2026 14:35||NIFTY27JAN2625800CE,0.1013154086252227
14-01-2026 14:35||NIFTY27JAN2625900CE,0.10049725713928648
14-01-2026 14:35||NIFTY27JAN2626400CE,0.10797764676130028
14-01-2026 14:40||NIFTY27JAN2623900PE,0.18338454363719459
14-01-2026 14:40||NIFTY27JAN2624000PE,0.17695254209623545
14-01-2026 14:40||NIFTY27JAN2624300PE,0.1569411295666332
14-01-2026 14:40||NIFTY27JAN2624400PE,0.15018051688352096
14-01-2026 14:40||NIFTY27JAN2624500PE,0.14352466428932154
14-01-2026 14:40||NIFTY27JAN2624700PE,0.13100737487947117
14-01-2026 14:40||NIFTY27JAN2624800PE,0.12521322617000719
14-01-2026 14:40||NIFTY27JAN2625000PE,0.11431002666560217
14-01-2026 14:40||NIFTY27JAN2625400CE,0.10617719538010122
14-01-2026 14:40||NIFTY27JAN2625800CE,0.09799128817805496
14-01-2026 14:45||NIFTY27JAN2624500PE,0.14632667720474427
14-01-2026 14:45||NIFTY27JAN2624600PE,0.13976811868872546
14-01-2026 14:45||NIFTY27JAN2624800PE,0.12752419736751436
14-01-2026 14:45||NIFTY27JAN2625100PE,0.11197733030560016
14-01-2026 14:45||NIFTY27JAN2625400CE,0.09832062530468967
14-01-2026 14:45||NIFTY27JAN2625500CE,0.09747920771065455
14-01-2026 14:45||NIFTY27JAN2625700CE,0.09563596560185558
14-01-2026 14:45||NIFTY27JAN2625800CE,0.09461285453070098
14-01-2026 14:45||NIFTY27JAN2626100CE,0.09642421637706908
14-01-2026 14:45||NIFTY27JAN2626200CE,0.09840127263412493
14-01-2026 14:45||NIFTY27JAN2626300CE,0.10061022725901483
14-01-2026 14:45||NIFTY27JAN2626500CE,0.1065385916583427
14-01-2026 14:50||NIFTY27JAN2623900PE,0.18575721101205642
14-01-2026 14:50||NIFTY27JAN2624400PE,0.15298302235291705
14-01-2026 14:50||NIFTY27JAN2624600PE,0.14014851883029833
14-01-2026 14:50||NIFTY27JAN2624700PE,0.13397731410188815
14-01-2026 14:50||NIFTY27JAN2624900PE,0.12235082549008758
14-01-2026 14:50||NIFTY27JAN2625200CE,0.10621295149467946
14-01-2026 14:50||NIFTY27JAN2625300CE,0.10339292074468727
14-01-2026 14:50||NIFTY27JAN2625700CE,0.09564968850786698
14-01-2026 14:50||NIFTY27JAN2625800CE,0.09474628998551532
14-01-2026 14:50||NIFTY27JAN2626300CE,0.09981309106157793
14-01-2026 14:55||NIFTY27JAN2624100PE,0.17177171708463368
14-01-2026 14:55||NIFTY27JAN2624200PE,0.1653641211548946
14-01-2026 14:55||NIFTY27JAN2624500PE,0.14579433516553994
14-01-2026 14:55||NIFTY27JAN2624600PE,0.13941380699466133
14-01-2026 14:55||NIFTY27JAN2624800PE,0.12741771967651513
14-01-2026 14:55||NIFTY27JAN2625100PE,0.11117813341875074
14-01-2026 14:55||NIFTY27JAN2625300CE,0.09640575264054654
14-01-2026 14:55||NIFTY27JAN2625400CE,0.09428205392903487
14-01-2026 14:55||NIFTY27JAN2625600CE,0.09151443403874837
14-01-2026 14:55||NIFTY27JAN2626400CE,0.10096470116300586
14-01-2026 15:00||NIFTY27JAN2624300PE,0.15668657875134703
14-01-2026 15:00||NIFTY27JAN2624700PE,0.13137549578464047
14-01-2026 15:00||NIFTY27JAN2625000PE,0.11417245945811233
14-01-2026 15:00||NIFTY27JAN2625800CE,0.09661987554171794
14-01-2026 15:05||NIFTY27JAN2623800PE,0.19329700790411752
14-01-2026 15:05||NIFTY27JAN2623900PE,0.18611170885433964
14-01-2026 15:05||NIFTY27JAN2624100PE,0.17197420660973772
14-01-2026 15:05||NIFTY27JAN2624400PE,0.15272454055684587
14-01-2026 15:05||NIFTY27JAN2624800PE,0.12838252615649273
14-01-2026 15:05||NIFTY27JAN2625700CE,0.09101615847531272
14-01-2026 15:05||NIFTY27JAN2626300CE,0.09976766380684675
14-01-2026 15:05||NIFTY27JAN2626400CE,0.10313318062888613
14-01-2026 15:10||NIFTY27JAN2624100PE,0.16991832371274768
14-01-2026 15:10||NIFTY27JAN2624500PE,0.1441756023195781
14-01-2026 15:10||NIFTY27JAN2624800PE,0.12736733291894806
14-01-2026 15:10||NIFTY27JAN2624900PE,0.12233892914531198
14-01-2026 15:10||NIFTY27JAN2625500CE,0.09623243771695644
14-01-2026 15:10||NIFTY27JAN2626200CE,0.09884233330545242
14-01-2026 15:15||NIFTY27JAN2623900PE,0.18221756497395536
14-01-2026 15:15||NIFTY27JAN2624400PE,0.14947004592082905
14-01-2026 15:15||NIFTY27JAN2624700PE,0.13059823703122628
14-01-2026 15:15||NIFTY27JAN2625100PE,0.1099631204292789
14-01-2026 15:15||NIFTY27JAN2625500CE,0.10400554546986834
14-01-2026 15:15||NIFTY27JAN2625600CE,0.10190434879811258
14-01-2026 15:15||NIFTY27JAN2625700CE,0.09997785745602816
14-01-2026 15:15||NIFTY27JAN2625900CE,0.09814150284186543
14-01-2026 15:15||NIFTY27JAN2626100CE,0.09935061529029875
14-01-2026 15:15||NIFTY27JAN2626300CE,0.10332262836388387
14-01-2026 15:20||NIFTY27JAN2624200PE,0.16318650349439928
14-01-2026 15:20||NIFTY27JAN2624500PE,0.1430594611721822
14-01-2026 15:20||NIFTY27JAN2624800PE,0.12563030871104486
14-01-2026 15:20||NIFTY27JAN2625600CE,0.10441686584951317
14-01-2026 15:20||NIFTY27JAN2626100CE,0.1004145496687319
14-01-2026 15:20||NIFTY27JAN2626300CE,0.10446055054552361
14-01-2026 15:20||NIFTY27JAN2626400CE,0.10723510919381468
14-01-2026 15:25||NIFTY27JAN2623900PE,0.18498233688886329
14-01-2026 15:25||NIFTY27JAN2624200PE,0.16389997257512431
14-01-2026 15:25||NIFTY27JAN2624600PE,0.13949183978790217
14-01-2026 15:25||NIFTY27JAN2625100PE,0.11379846534935666
14-01-2026 15:25||NIFTY27JAN2625200CE,0.10599479858595331
14-01-2026 15:25||NIFTY27JAN2626400CE,0.1054097409681519
14-01-2026 15:25||NIFTY27JAN2626500CE,0.1093911806657287
16-01-2026 09:15||NIFTY27JAN2624100PE,0.17906147734604916
16-01-2026 09:15||NIFTY27JAN2624200PE,0.17181437357881213
16-01-2026 09:15||NIFTY27JAN2624300PE,0.16451541252699214
16-01-2026 09:15||NIFTY27JAN2624800PE,0.1308479788273615
16-01-2026 09:15||NIFTY27JAN2625000PE,0.11954623504842994
16-01-2026 09:15||NIFTY27JAN2625100PE,0.11457661863896744
16-01-2026 09:15||NIFTY27JAN2625200CE,0.1440025879614262
16-01-2026 09:15||NIFTY27JAN2626000CE,0.10739216613165153
16-01-2026 09:15||NIFTY27JAN2626100CE,0.10652821426254536
16-01-2026 09:20||NIFTY27JAN2624000PE,0.185637635902003
16-01-2026 09:20||NIFTY27JAN2624100PE,0.17813860511510693
16-01-2026 09:20||NIFTY27JAN2624400PE,0.1581069392334269
16-01-2026 09:20||NIFTY27JAN2624600PE,0.14467974102471548
16-01-2026 09:20||NIFTY27JAN2625000PE,0.1207156683297029
16-01-2026 09:20||NIFTY27JAN2625200CE,0.1214277680136214
16-01-2026 09:20||NIFTY27JAN2625400CE,0.11116288358977341
16-01-2026 09:20||NIFTY27JAN2625700CE,0.10221569792307587
16-01-2026 09:20||NIFTY27JAN2626000CE,0.09815034620367907
16-01-2026 09:20||NIFTY27JAN2626400CE,0.10354471369151871
16-01-2026 09:25||NIFTY27JAN2624200PE,0.16807155628565462
16-01-2026 09:25||NIFTY27JAN2624600PE,0.14142347993727172
16-01-2026 09:25||NIFTY27JAN2624700PE,0.13503974185072937
16-01-2026 09:25||NIFTY27JAN2625000PE,0.11675814266549041
16-01-2026 09:25||NIFTY27JAN2625300CE,0.1303305587983894
16-01-2026 09:25||NIFTY27JAN2625600CE,0.11152186293066228
16-01-2026 09:25||NIFTY27JAN2626300CE,0.10132495814244029
16-01-2026 09:25||NIFTY27JAN2626500CE,0.10625976027784223
16-01-2026 09:30||NIFTY27JAN2623800PE,0.1961546302495873
16-01-2026 09:30||NIFTY27JAN2624300PE,0.1597858682754804
16-01-2026 09:30||NIFTY27JAN2624400PE,0.15310783892351748
16-01-2026 09:30||NIFTY27JAN2624900PE,0.1223485867331984
16-01-2026 09:30||NIFTY27JAN2625100PE,0.1119579442714807
16-01-2026 09:30||NIFTY27JAN2625500CE,0.10613513317989809
16-01-2026 09:30||NIFTY27JAN2625700CE,0.10137897944681387
16-01-2026 09:30||NIFTY27JAN2625900CE,0.09737367973197113
16-01-2026 09:30||NIFTY27JAN2626000CE,0.09606709912016967
16-01-2026 09:35||NIFTY27JAN2624100PE,0.17436241000070168
16-01-2026 09:35||NIFTY27JAN2624200PE,0.1671952093017223
16-01-2026 09:35||NIFTY27JAN2624800PE,0.12747375481949158
16-01-2026 09:35||NIFTY27JAN2625000PE,0.11633503751832878
16-01-2026 09:35||NIFTY27JAN2625100PE,0.11131239095941589
16-01-2026 09:35||NIFTY27JAN2626300CE,0.09915512970020533
16-01-2026 09:35||NIFTY27JAN2626400CE,0.10178209521259372
16-01-2026 09:40||NIFTY27JAN2624200PE,0.1664498830452691
16-01-2026 09:40||NIFTY27JAN2624300PE,0.1597369845894991
16-01-2026 09:40||NIFTY27JAN2624700PE,0.13101249682599853
16-01-2026 09:40||NIFTY27JAN2625200CE,0.15260645604987158
16-01-2026 09:40||NIFTY27JAN2625900CE,0.10464605588273293
16-01-2026 09:40||NIFTY27JAN2626300CE,0.1009911886513972
16-01-2026 09:40||NIFTY27JAN2626500CE,0.10533045918253697
16-01-2026 09:45||NIFTY27JAN2623900PE,0.18993656601641837
16-01-2026 09:45||NIFTY27JAN2624500PE,0.14670508131949628
16-01-2026 09:45||NIFTY27JAN2624800PE,0.12550577048062053
16-01-2026 09:45||NIFTY27JAN2624900PE,0.119552767405597
16-01-2026 09:45||NIFTY27JAN2625400CE,0.12643139501994793
16-01-2026 09:45||NIFTY27JAN2626000CE,0.10249171811863858
16-01-2026 09:45||NIFTY27JAN2626100CE,0.10114964183420308
16-01-2026 09:50||NIFTY27JAN2623900PE,0.19269930111697048
16-01-2026 09:50||NIFTY27JAN2624200PE,0.17178937124491928
16-01-2026 09:50||NIFTY27JAN2624900PE,0.12183908963801054
16-01-2026 09:50||NIFTY27JAN2625500CE,0.11421450745486811
16-01-2026 09:50||NIFTY27JAN2625600CE,0.11013901456317504
16-01-2026 09:50||NIFTY27JAN2625700CE,0.10622728414548081
16-01-2026 09:50||NIFTY27JAN2625800CE,0.10249982404222815
16-01-2026 09:50||NIFTY27JAN2626000CE,0.09730895173858678
16-01-2026 09:50||NIFTY27JAN2626200CE,0.09681672013996483
16-01-2026 09:55||NIFTY27JAN2623800PE,0.20056286906441817
16-01-2026 09:55||NIFTY27JAN2624000PE,0.186432637991143
16-01-2026 09:55||NIFTY27JAN2624200PE,0.17245907096069846
16-01-2026 09:55||NIFTY27JAN2624500PE,0.1505523078230655
16-01-2026 09:55||NIFTY27JAN2624700PE,0.13568122714448977
16-01-2026 09:55||NIFTY27JAN2624900PE,0.12254752746477582
16-01-2026 09:55||NIFTY27JAN2625000PE,0.11643609927617102
16-01-2026 09:55||NIFTY27JAN2625300CE,0.11604599537140678
16-01-2026 09:55||NIFTY27JAN2625400CE,0.11128623532293827
16-01-2026 09:55||NIFTY27JAN2625500CE,0.1068696580942955
16-01-2026 09:55||NIFTY27JAN2625700CE,0.0996894781925639
16-01-2026 09:55||NIFTY27JAN2625900CE,0.09563514646200556
16-01-2026 09:55||NIFTY27JAN2626000CE,0.09414308865367767
16-01-2026 09:55||NIFTY27JAN2626400CE,0.09667924960022696
16-01-2026 09:55||NIFTY27JAN2626500CE,0.09961493914954304
16-01-2026 10:00||NIFTY27JAN2624000PE,0.18592466434289104
16-01-2026 10:00||NIFTY27JAN2624200PE,0.17208698389587426
16-01-2026 10:00||NIFTY27JAN2624400PE,0.15701351229598554
16-01-2026 10:00||NIFTY27JAN2624600PE,0.14160885282539704
16-01-2026 10:00||NIFTY27JAN2624700PE,0.1342740575526103
16-01-2026 10:00||NIFTY27JAN2625400CE,0.13267164770436085
16-01-2026 10:00||NIFTY27JAN2625900CE,0.10511549722851789
16-01-2026 10:00||NIFTY27JAN2626000CE,0.10223792246838322
16-01-2026 10:00||NIFTY27JAN2626400CE,0.10201985334170216
16-01-2026 10:00||NIFTY27JAN2626500CE,0.10487678312461396
16-01-2026 10:05||NIFTY27JAN2623800PE,0.19917106667090378
16-01-2026 10:05||NIFTY27JAN2624000PE,0.18661892190345916
16-01-2026 10:05||NIFTY27JAN2624100PE,0.17998241470568332
16-01-2026 10:05||NIFTY27JAN2624400PE,0.15829704466406747
16-01-2026 10:05||NIFTY27JAN2625100PE,0.11037823453339993
16-01-2026 10:05||NIFTY27JAN2625500CE,0.11998974623935599
16-01-2026 10:05||NIFTY27JAN2625700CE,0.109914396056919
16-01-2026 10:05||NIFTY27JAN2626100CE,0.09926789424834187
16-01-2026 10:05||NIFTY27JAN2626400CE,0.10088730736164284
16-01-2026 10:05||NIFTY27JAN2626500CE,0.10332742476503827
16-01-2026 10:10||NIFTY27JAN2623900PE,0.19572369625276298
16-01-2026 10:10||NIFTY27JAN2624000PE,0.1889753516468087
16-01-2026 10:10||NIFTY27JAN2624300PE,0.16799706106062484
16-01-2026 10:10||NIFTY27JAN2624800PE,0.130191795898529
16-01-2026 10:10||NIFTY27JAN2625300CE,0.14115792772125763
16-01-2026 10:10||NIFTY27JAN2625600CE,0.11864924305210751
16-01-2026 10:10||NIFTY27JAN2626100CE,0.10136271997221152
16-01-2026 10:10||NIFTY27JAN2626400CE,0.10185348363954676
16-01-2026 10:10||NIFTY27JAN2626500CE,0.10411731501079324
16-01-2026 10:15||NIFTY27JAN2623800PE,0.20664125724237947
16-01-2026 10:15||NIFTY27JAN2624400PE,0.16458536343216468
16-01-2026 10:15||NIFTY27JAN2624500PE,0.1568038170569715
16-01-2026 10:15||NIFTY27JAN2625300CE,0.15924481180902225
16-01-2026 10:15||NIFTY27JAN2625900CE,0.11710390976349944
16-01-2026 10:20||NIFTY27JAN2623800PE,0.21101989215064304
16-01-2026 10:20||NIFTY27JAN2624300PE,0.17600895278894557
16-01-2026 10:20||NIFTY27JAN2624500PE,0.16132848542217623
16-01-2026 10:20||NIFTY27JAN2624600PE,0.15355412063978222
16-01-2026 10:20||NIFTY27JAN2624800PE,0.13886175092654257
16-01-2026 10:20||NIFTY27JAN2625700CE,0.1196516510775879
16-01-2026 10:20||NIFTY27JAN2625900CE,0.11145009219075531
16-01-2026 10:20||NIFTY27JAN2626400CE,0.10495596041109762
16-01-2026 10:25||NIFTY27JAN2624000PE,0.19796090821258078
16-01-2026 10:25||NIFTY27JAN2624200PE,0.18369231375821005
16-01-2026 10:25||NIFTY27JAN2624300PE,0.17632791006631
16-01-2026 10:25||NIFTY27JAN2624400PE,0.16892474522483608
16-01-2026 10:25||NIFTY27JAN2624600PE,0.15424789575871745
16-01-2026 10:25||NIFTY27JAN2624800PE,0.13984850972367835
16-01-2026 10:25||NIFTY27JAN2625400CE,0.14066147406468532
16-01-2026 10:25||NIFTY27JAN2625500CE,0.13177423737213462
16-01-2026 10:25||NIFTY27JAN2626000CE,0.10617005884951805
16-01-2026 10:30||NIFTY27JAN2624100PE,0.19125101123967447
16-01-2026 10:30||NIFTY27JAN2624200PE,0.18415795017621125
16-01-2026 10:30||NIFTY27JAN2624400PE,0.1694415469639341
16-01-2026 10:30||NIFTY27JAN2624800PE,0.14053335843681783
16-01-2026 10:30||NIFTY27JAN2625500CE,0.12523273635479004
16-01-2026 10:30||NIFTY27JAN2625800CE,0.10948238556821728
16-01-2026 10:30||NIFTY27JAN2626000CE,0.10313397883816088
16-01-2026 10:35||NIFTY27JAN2624000PE,0.19868071146753835
16-01-2026 10:35||NIFTY27JAN2624200PE,0.18486772938575813
16-01-2026 10:35||NIFTY27JAN2624300PE,0.17790597918103102
16-01-2026 10:35||NIFTY27JAN2624800PE,0.14065104155855554
16-01-2026 10:35||NIFTY27JAN2624900PE,0.13314081146184947
16-01-2026 10:35||NIFTY27JAN2625000PE,0.125654612733242
16-01-2026 10:35||NIFTY27JAN2625100PE,0.11818757133258095
16-01-2026 10:35||NIFTY27JAN2625200CE,0.14883007094581155
16-01-2026 10:35||NIFTY27JAN2625600CE,0.12004881478600093
16-01-2026 10:35||NIFTY27JAN2625900CE,0.10648285533397776
16-01-2026 10:35||NIFTY27JAN2626000CE,0.106462428674991
16-01-2026 10:35||NIFTY27JAN2626100CE,0.10612873719124416
16-01-2026 10:35||NIFTY27JAN2626200CE,0.10515010567808872
16-01-2026 10:35||NIFTY27JAN2626300CE,0.10425342164076962
16-01-2026 10:35||NIFTY27JAN2626400CE,0.10351713322022507
16-01-2026 10:40||NIFTY27JAN2623800PE,0.2123830065904114
16-01-2026 10:40||NIFTY27JAN2624200PE,0.1858139044952502
16-01-2026 10:40||NIFTY27JAN2624400PE,0.17117845367175413
16-01-2026 10:40||NIFTY27JAN2624700PE,0.14952908942256044
16-01-2026 10:40||NIFTY27JAN2624900PE,0.13588454222801571
16-01-2026 10:40||NIFTY27JAN2625300CE,0.11357958021322277
16-01-2026 10:40||NIFTY27JAN2625800CE,0.09965116199856278
16-01-2026 10:40||NIFTY27JAN2626200CE,0.09468031175172685
16-01-2026 10:45||NIFTY27JAN2623800PE,0.21214985044166348
16-01-2026 10:45||NIFTY27JAN2624000PE,0.19822362412570133
16-01-2026 10:45||NIFTY27JAN2624400PE,0.16997808513739682
16-01-2026 10:45||NIFTY27JAN2624600PE,0.1550330019595363
16-01-2026 10:45||NIFTY27JAN2624900PE,0.13444086436899647
16-01-2026 10:45||NIFTY27JAN2625200CE,0.14379571874261968
16-01-2026 10:45||NIFTY27JAN2625300CE,0.13664143716907806
16-01-2026 10:45||NIFTY27JAN2626000CE,0.10273027560888914
16-01-2026 10:45||NIFTY27JAN2626100CE,0.10062973389301061
16-01-2026 10:50||NIFTY27JAN2624200PE,0.18315199517854253
16-01-2026 10:50||NIFTY27JAN2624300PE,0.17579985984086244
16-01-2026 10:50||NIFTY27JAN2624400PE,0.16844912815765928
16-01-2026 10:50||NIFTY27JAN2624600PE,0.15389844029040683
16-01-2026 10:50||NIFTY27JAN2625400CE,0.13058242797751754
16-01-2026 10:50||NIFTY27JAN2625800CE,0.1068787597279232
16-01-2026 10:50||NIFTY27JAN2626300CE,0.09846569100810046
16-01-2026 10:50||NIFTY27JAN2626400CE,0.09969048639894304
16-01-2026 10:55||NIFTY27JAN2623800PE,0.21134712941156003
16-01-2026 10:55||NIFTY27JAN2623900PE,0.20425990110059591
16-01-2026 10:55||NIFTY27JAN2624800PE,0.13914236596890442
16-01-2026 10:55||NIFTY27JAN2624900PE,0.13177215115642926
16-01-2026 10:55||NIFTY27JAN2625000PE,0.12442156117781365
16-01-2026 10:55||NIFTY27JAN2625100PE,0.11712379227741244
16-01-2026 10:55||NIFTY27JAN2625400CE,0.12426583748408351
16-01-2026 10:55||NIFTY27JAN2625800CE,0.10443099873268454
16-01-2026 10:55||NIFTY27JAN2625900CE,0.10206220242155592
16-01-2026 10:55||NIFTY27JAN2626000CE,0.09972131618003334
16-01-2026 10:55||NIFTY27JAN2626100CE,0.09763349401070137
16-01-2026 10:55||NIFTY27JAN2626500CE,0.09943117314889652
16-01-2026 11:00||NIFTY27JAN2624400PE,0.167855313170015
16-01-2026 11:00||NIFTY27JAN2624700PE,0.14601869435180448
16-01-2026 11:00||NIFTY27JAN2624800PE,0.1391756141624378
16-01-2026 11:00||NIFTY27JAN2624900PE,0.13234329328421196
16-01-2026 11:00||NIFTY27JAN2625000PE,0.12557694983675927
16-01-2026 11:00||NIFTY27JAN2625300CE,0.13762471814955748
16-01-2026 11:00||NIFTY27JAN2625600CE,0.11429064170629871
16-01-2026 11:00||NIFTY27JAN2626000CE,0.10007689151752797
16-01-2026 11:00||NIFTY27JAN2626100CE,0.09841844507789116
16-01-2026 11:00||NIFTY27JAN2626300CE,0.09768495383638681
16-01-2026 11:05||NIFTY27JAN2624300PE,0.1745260819940261
16-01-2026 11:05||NIFTY27JAN2624400PE,0.16724101794342544
16-01-2026 11:05||NIFTY27JAN2625100PE,0.11873321794908198
16-01-2026 11:05||NIFTY27JAN2626100CE,0.10186041243754426
16-01-2026 11:05||NIFTY27JAN2626200CE,0.1011288471403626
16-01-2026 11:05||NIFTY27JAN2626300CE,0.10046033620463587
16-01-2026 11:05||NIFTY27JAN2626500CE,0.10151780805651515
16-01-2026 11:10||NIFTY27JAN2624000PE,0.19437223945782522
16-01-2026 11:10||NIFTY27JAN2625800CE,0.1022177713458356
16-01-2026 11:10||NIFTY27JAN2626000CE,0.09820672402569795
16-01-2026 11:10||NIFTY27JAN2626100CE,0.09679773324134236
16-01-2026 11:15||NIFTY27JAN2623900PE,0.20075908811881304
16-01-2026 11:15||NIFTY27JAN2624600PE,0.15117447486865676
16-01-2026 11:15||NIFTY27JAN2625300CE,0.1260299672296322
16-01-2026 11:15||NIFTY27JAN2625800CE,0.10210827803096517
16-01-2026 11:15||NIFTY27JAN2626200CE,0.09603821589548864
16-01-2026 11:20||NIFTY27JAN2623800PE,0.20540469835787856
16-01-2026 11:20||NIFTY27JAN2624000PE,0.191627274493339
16-01-2026 11:20||NIFTY27JAN2624100PE,0.1847578682514021
16-01-2026 11:20||NIFTY27JAN2624900PE,0.1307111863654593
16-01-2026 11:20||NIFTY27JAN2625900CE,0.10058824813355735
16-01-2026 11:20||NIFTY27JAN2626000CE,0.09855705109471247
16-01-2026 11:20||NIFTY27JAN2626200CE,0.09738969310711576
16-01-2026 11:20||NIFTY27JAN2626300CE,0.09781113720154189
16-01-2026 11:25||NIFTY27JAN2623900PE,0.19985707958432897
16-01-2026 11:25||NIFTY27JAN2624200PE,0.17801430558971124
16-01-2026 11:25||NIFTY27JAN2624800PE,0.1362675767110963
16-01-2026 11:25||NIFTY27JAN2624900PE,0.12994473033072865
16-01-2026 11:25||NIFTY27JAN2625000PE,0.12370818475809917
16-01-2026 11:25||NIFTY27JAN2625700CE,0.110061396851103
16-01-2026 11:25||NIFTY27JAN2626300CE,0.0988834994602823
16-01-2026 11:30||NIFTY27JAN2624300PE,0.17165631894735586
16-01-2026 11:30||NIFTY27JAN2625300CE,0.13231447400877194
16-01-2026 11:30||NIFTY27JAN2625600CE,0.1062625094589118
16-01-2026 11:30||NIFTY27JAN2625800CE,0.10010631837555392
16-01-2026 11:30||NIFTY27JAN2626500CE,0.09975417504590803
16-01-2026 11:35||NIFTY27JAN2624000PE,0.1907001610718215
16-01-2026 11:35||NIFTY27JAN2624500PE,0.156088590557886
16-01-2026 11:35||NIFTY27JAN2624800PE,0.1360218836441107
16-01-2026 11:35||NIFTY27JAN2624900PE,0.12994768346672486
16-01-2026 11:35||NIFTY27JAN2625300CE,0.11967500935156905
16-01-2026 11:35||NIFTY27JAN2625500CE,0.11073919123877146
16-01-2026 11:35||NIFTY27JAN2626200CE,0.09682395352748766
16-01-2026 11:40||NIFTY27JAN2624400PE,0.16301619069750178
16-01-2026 11:40||NIFTY27JAN2624500PE,0.15598589577156002
16-01-2026 11:40||NIFTY27JAN2624600PE,0.14901578120391767
16-01-2026 11:40||NIFTY27JAN2625500CE,0.11276689030044171
16-01-2026 11:40||NIFTY27JAN2626000CE,0.09757694764868391
16-01-2026 11:40||NIFTY27JAN2626100CE,0.0966645878706701
16-01-2026 11:45||NIFTY27JAN2624300PE,0.16913346056042258
16-01-2026 11:45||NIFTY27JAN2624400PE,0.16183321322706395
16-01-2026 11:45||NIFTY27JAN2624600PE,0.14762519914316385
16-01-2026 11:45||NIFTY27JAN2625000PE,0.12175560851965456
16-01-2026 11:45||NIFTY27JAN2625400CE,0.12412941149598239
16-01-2026 11:45||NIFTY27JAN2625700CE,0.1076818908706718
16-01-2026 11:50||NIFTY27JAN2623900PE,0.19784447543380518
16-01-2026 11:50||NIFTY27JAN2624300PE,0.16922268459437884
16-01-2026 11:50||NIFTY27JAN2624800PE,0.13429863097274025
16-01-2026 11:50||NIFTY27JAN2625500CE,0.11856733042179513
16-01-2026 11:55||NIFTY27JAN2624000PE,0.19061369310922827
16-01-2026 11:55||NIFTY27JAN2624300PE,0.16998679356907226
16-01-2026 11:55||NIFTY27JAN2624500PE,0.15586138464449434
16-01-2026 11:55||NIFTY27JAN2624700PE,0.1419343116187915
16-01-2026 11:55||NIFTY27JAN2624800PE,0.13529599772326573
16-01-2026 11:55||NIFTY27JAN2625000PE,0.122055062687342
16-01-2026 11:55||NIFTY27JAN2625100PE,0.11537043517096213
16-01-2026 11:55||NIFTY27JAN2626200CE,0.09503656757265595
16-01-2026 12:00||NIFTY27JAN2623900PE,0.1949760888180903
16-01-2026 12:00||NIFTY27JAN2624000PE,0.18798332109548505
16-01-2026 12:00||NIFTY27JAN2624200PE,0.17384913232709615
16-01-2026 12:00||NIFTY27JAN2624300PE,0.1667240487185384
16-01-2026 12:00||NIFTY27JAN2624400PE,0.15957089809704822
16-01-2026 12:00||NIFTY27JAN2624800PE,0.13232505041736312
16-01-2026 12:00||NIFTY27JAN2624900PE,0.12601743279800542
16-01-2026 12:00||NIFTY27JAN2625000PE,0.11975222810243866
16-01-2026 12:00||NIFTY27JAN2625200CE,0.15413888428571162
16-01-2026 12:00||NIFTY27JAN2626200CE,0.10244406996581251
16-01-2026 12:05||NIFTY27JAN2623800PE,0.20357044705358424
16-01-2026 12:05||NIFTY27JAN2623900PE,0.19622115872729742
16-01-2026 12:05||NIFTY27JAN2624000PE,0.18894544137883532
16-01-2026 12:05||NIFTY27JAN2624200PE,0.17449458708648707
16-01-2026 12:05||NIFTY27JAN2624500PE,0.15350881301117386
16-01-2026 12:05||NIFTY27JAN2624600PE,0.14647029799055225
16-01-2026 12:05||NIFTY27JAN2624800PE,0.13275486514569512
16-01-2026 12:05||NIFTY27JAN2625000PE,0.11988480666920968
16-01-2026 12:05||NIFTY27JAN2625200CE,0.1527952554557544
16-01-2026 12:05||NIFTY27JAN2625900CE,0.1122966827970302
16-01-2026 12:05||NIFTY27JAN2626000CE,0.10859672495431322
16-01-2026 12:05||NIFTY27JAN2626200CE,0.10467267107826958
16-01-2026 12:10||NIFTY27JAN2624300PE,0.16865177841738796
16-01-2026 12:10||NIFTY27JAN2624600PE,0.14733429573742213
16-01-2026 12:10||NIFTY27JAN2624800PE,0.13402502964236424
16-01-2026 12:10||NIFTY27JAN2625100PE,0.1161343940969289
16-01-2026 12:10||NIFTY27JAN2625300CE,0.14617830075381016
16-01-2026 12:10||NIFTY27JAN2625800CE,0.11304550125417577
16-01-2026 12:10||NIFTY27JAN2626000CE,0.10727389047324143
16-01-2026 12:10||NIFTY27JAN2626100CE,0.1052911893706434
16-01-2026 12:10||NIFTY27JAN2626200CE,0.10365640247412733
16-01-2026 12:15||NIFTY27JAN2624000PE,0.1914964868557341
16-01-2026 12:15||NIFTY27JAN2624100PE,0.18382184951624586
16-01-2026 12:15||NIFTY27JAN2624600PE,0.147943293981657
16-01-2026 12:15||NIFTY27JAN2624700PE,0.14149863832142417
16-01-2026 12:15||NIFTY27JAN2624800PE,0.13514287476355386
16-01-2026 12:15||NIFTY27JAN2624900PE,0.1289131062026052
16-01-2026 12:15||NIFTY27JAN2625000PE,0.12285804947551782
16-01-2026 12:15||NIFTY27JAN2625800CE,0.10526042528137664
16-01-2026 12:15||NIFTY27JAN2626000CE,0.10000697019807603
16-01-2026 12:15||NIFTY27JAN2626400CE,0.099994939561697
16-01-2026 12:20||NIFTY27JAN2623900PE,0.19809364498530307
16-01-2026 12:20||NIFTY27JAN2624300PE,0.16895034726464642
16-01-2026 12:20||NIFTY27JAN2624400PE,0.16183320477283425
16-01-2026 12:20||NIFTY27JAN2624500PE,0.15478592445504472
16-01-2026 12:20||NIFTY27JAN2624900PE,0.1287510867446749
16-01-2026 12:20||NIFTY27JAN2625200CE,0.1413640857959247
16-01-2026 12:20||NIFTY27JAN2625400CE,0.12633135088139827
16-01-2026 12:20||NIFTY27JAN2625600CE,0.11519017742620413
16-01-2026 12:20||NIFTY27JAN2625700CE,0.1105317926154454
16-01-2026 12:20||NIFTY27JAN2626300CE,0.09934365577089332
16-01-2026 12:20||NIFTY27JAN2626400CE,0.10079771913613736
16-01-2026 12:25||NIFTY27JAN2623800PE,0.20405754391094844
16-01-2026 12:25||NIFTY27JAN2624500PE,0.15553260746305692
16-01-2026 12:25||NIFTY27JAN2624700PE,0.1430986050420744
16-01-2026 12:25||NIFTY27JAN2624800PE,0.13729979626612585
16-01-2026 12:25||NIFTY27JAN2625000PE,0.12643417435761603
16-01-2026 12:25||NIFTY27JAN2625100PE,0.12138125858914817
16-01-2026 12:25||NIFTY27JAN2625500CE,0.07734691820003764
16-01-2026 12:25||NIFTY27JAN2625600CE,0.08066759578704785
16-01-2026 12:25||NIFTY27JAN2626400CE,0.0946064146181623
16-01-2026 12:30||NIFTY27JAN2623800PE,0.19931459380899785
16-01-2026 12:30||NIFTY27JAN2624200PE,0.16803520922512066
16-01-2026 12:30||NIFTY27JAN2624400PE,0.15361125269862724
16-01-2026 12:30||NIFTY27JAN2624600PE,0.14001680042677778
16-01-2026 12:35||NIFTY27JAN2623800PE,0.20323702387900452
16-01-2026 12:35||NIFTY27JAN2623900PE,0.19444702456296642
16-01-2026 12:35||NIFTY27JAN2624300PE,0.16314761601635266
16-01-2026 12:35||NIFTY27JAN2624800PE,0.13085444455549583
16-01-2026 12:35||NIFTY27JAN2624900PE,0.12538971596612497
16-01-2026 12:35||NIFTY27JAN2625600CE,0.11076201599488948
16-01-2026 12:35||NIFTY27JAN2625700CE,0.10777299170842088
16-01-2026 12:35||NIFTY27JAN2625800CE,0.10476958590041022
16-01-2026 12:35||NIFTY27JAN2625900CE,0.10186850636579022
16-01-2026 12:35||NIFTY27JAN2626000CE,0.09874832726034216
16-01-2026 12:35||NIFTY27JAN2626200CE,0.09815870276961641
16-01-2026 12:40||NIFTY27JAN2623800PE,0.2020864801742576
16-01-2026 12:40||NIFTY27JAN2624800PE,0.130959589483241
16-01-2026 12:40||NIFTY27JAN2625000PE,0.12003962637787112
16-01-2026 12:40||NIFTY27JAN2625100PE,0.11497729944403513
16-01-2026 12:40||NIFTY27JAN2625200CE,0.12300569022069743
16-01-2026 12:40||NIFTY27JAN2625400CE,0.11456050805799275
16-01-2026 12:40||NIFTY27JAN2625800CE,0.10150116906903875
16-01-2026 12:40||NIFTY27JAN2625900CE,0.09975005320870962
16-01-2026 12:45||NIFTY27JAN2624000PE,0.1841488206688691
16-01-2026 12:45||NIFTY27JAN2624800PE,0.1304965795894616
16-01-2026 12:45||NIFTY27JAN2625200CE,0.14148450182315944
16-01-2026 12:45||NIFTY27JAN2625700CE,0.10442381117746063
16-01-2026 12:45||NIFTY27JAN2625900CE,0.1006374609826717
16-01-2026 12:45||NIFTY27JAN2626000CE,0.0990972657550995
16-01-2026 12:45||NIFTY27JAN2626300CE,0.09971522885230659
16-01-2026 12:50||NIFTY27JAN2624100PE,0.17692360513961305
16-01-2026 12:50||NIFTY27JAN2624300PE,0.16199249745221217
16-01-2026 12:50||NIFTY27JAN2625100PE,0.11124864637494289
16-01-2026 12:50||NIFTY27JAN2626000CE,0.10562161311273807
16-01-2026 12:50||NIFTY27JAN2626100CE,0.10471676503092561
16-01-2026 12:50||NIFTY27JAN2626200CE,0.10402110665042934
16-01-2026 12:55||NIFTY27JAN2623900PE,0.192624337971641
16-01-2026 12:55||NIFTY27JAN2624700PE,0.13707172162279432
16-01-2026 12:55||NIFTY27JAN2624900PE,0.1254944529138304
16-01-2026 12:55||NIFTY27JAN2625000PE,0.11999170554409719
16-01-2026 12:55||NIFTY27JAN2625500CE,0.10603731480761874
16-01-2026 12:55||NIFTY27JAN2625800CE,0.09880329123063075
16-01-2026 13:00||NIFTY27JAN2623800PE,0.1984330578799876
16-01-2026 13:00||NIFTY27JAN2624100PE,0.17658181302406828
16-01-2026 13:00||NIFTY27JAN2624700PE,0.1353093552709219
16-01-2026 13:00||NIFTY27JAN2624800PE,0.12929122923861333
16-01-2026 13:00||NIFTY27JAN2625200CE,0.1202991516075841
16-01-2026 13:00||NIFTY27JAN2625400CE,0.1106376293631822
16-01-2026 13:00||NIFTY27JAN2625900CE,0.0990776791956138
16-01-2026 13:00||NIFTY27JAN2626000CE,0.09828695790698556
16-01-2026 13:05||NIFTY27JAN2623800PE,0.19490294680087636
16-01-2026 13:05||NIFTY27JAN2624100PE,0.17481174729687637
16-01-2026 13:05||NIFTY27JAN2625000PE,0.11527128971495088
16-01-2026 13:05||NIFTY27JAN2625200CE,0.13281547769880073
16-01-2026 13:05||NIFTY27JAN2625300CE,0.1265508304512866
16-01-2026 13:10||NIFTY27JAN2623800PE,0.19617664040413058
16-01-2026 13:10||NIFTY27JAN2624900PE,0.12109236607415849
16-01-2026 13:10||NIFTY27JAN2625200CE,0.12713992433042154
16-01-2026 13:10||NIFTY27JAN2625300CE,0.1215216037768579
16-01-2026 13:10||NIFTY27JAN2625600CE,0.10849022623884194
16-01-2026 13:10||NIFTY27JAN2626300CE,0.10195476463708822
16-01-2026 13:15||NIFTY27JAN2623800PE,0.1960110662371075
16-01-2026 13:15||NIFTY27JAN2624100PE,0.17323647040194917
16-01-2026 13:15||NIFTY27JAN2624600PE,0.13794060428572139
16-01-2026 13:15||NIFTY27JAN2624700PE,0.13169767836330576
16-01-2026 13:15||NIFTY27JAN2625000PE,0.11447503406254739
16-01-2026 13:15||NIFTY27JAN2625800CE,0.10196638105077407
16-01-2026 13:15||NIFTY27JAN2626000CE,0.10079099835875543
16-01-2026 13:15||NIFTY27JAN2626100CE,0.10100806374483826
16-01-2026 13:15||NIFTY27JAN2626200CE,0.10135358849762222
16-01-2026 13:20||NIFTY27JAN2624000PE,0.17875671606859903
16-01-2026 13:20||NIFTY27JAN2624200PE,0.164289485108366
16-01-2026 13:20||NIFTY27JAN2624300PE,0.15729848525833257
16-01-2026 13:20||NIFTY27JAN2624700PE,0.1314894414710932
16-01-2026 13:20||NIFTY27JAN2625100PE,0.1115252906619418
16-01-2026 13:20||NIFTY27JAN2625600CE,0.10571320879493243
16-01-2026 13:20||NIFTY27JAN2625900CE,0.09982099053856147
16-01-2026 13:20||NIFTY27JAN2626100CE,0.09943949958871212
16-01-2026 13:25||NIFTY27JAN2623900PE,0.18416242180367207
16-01-2026 13:25||NIFTY27JAN2624100PE,0.16953369067063107
16-01-2026 13:25||NIFTY27JAN2624200PE,0.16233051576776067
16-01-2026 13:25||NIFTY27JAN2624300PE,0.15515776492922417
16-01-2026 13:25||NIFTY27JAN2624400PE,0.14797205384600037
16-01-2026 13:25||NIFTY27JAN2624600PE,0.13428300682976502
16-01-2026 13:25||NIFTY27JAN2625200CE,0.14121944061860808
16-01-2026 13:25||NIFTY27JAN2625300CE,0.13456201527934614
16-01-2026 13:25||NIFTY27JAN2625500CE,0.12313252664785133
16-01-2026 13:25||NIFTY27JAN2625800CE,0.11092567483585661
16-01-2026 13:25||NIFTY27JAN2626400CE,0.10897446417538595
16-01-2026 13:25||NIFTY27JAN2626500CE,0.11306962051811165
16-01-2026 13:30||NIFTY27JAN2623900PE,0.18517377588527634
16-01-2026 13:30||NIFTY27JAN2624000PE,0.17767623105486907
16-01-2026 13:30||NIFTY27JAN2624200PE,0.16353797107396034
16-01-2026 13:30||NIFTY27JAN2624400PE,0.15008184841386762
16-01-2026 13:30||NIFTY27JAN2624700PE,0.13161695934047019
16-01-2026 13:30||NIFTY27JAN2624900PE,0.12092644678919272
16-01-2026 13:30||NIFTY27JAN2625000PE,0.11584226984412231
16-01-2026 13:30||NIFTY27JAN2625200CE,0.12857567548009538
16-01-2026 13:30||NIFTY27JAN2625500CE,0.11233573982913732
16-01-2026 13:30||NIFTY27JAN2625700CE,0.10458289221842584
16-01-2026 13:30||NIFTY27JAN2625900CE,0.10076551076725226
16-01-2026 13:35||NIFTY27JAN2624300PE,0.1556156377902711
16-01-2026 13:35||NIFTY27JAN2624400PE,0.14910593898967914
16-01-2026 13:35||NIFTY27JAN2624500PE,0.1425493208167058
16-01-2026 13:35||NIFTY27JAN2624600PE,0.1360915549818822
16-01-2026 13:35||NIFTY27JAN2624800PE,0.1243446626559113
16-01-2026 13:35||NIFTY27JAN2624900PE,0.11899971129822444
16-01-2026 13:35||NIFTY27JAN2625000PE,0.11379566197812932
16-01-2026 13:35||NIFTY27JAN2625500CE,0.11888637647172592
16-01-2026 13:35||NIFTY27JAN2625700CE,0.11077786738730672
16-01-2026 13:35||NIFTY27JAN2626100CE,0.10385955865723562
16-01-2026 13:35||NIFTY27JAN2626200CE,0.10449263666380408
16-01-2026 13:35||NIFTY27JAN2626400CE,0.10757279461195789
16-01-2026 13:40||NIFTY27JAN2623900PE,0.186564905625477
16-01-2026 13:40||NIFTY27JAN2624200PE,0.16384622161334225
16-01-2026 13:40||NIFTY27JAN2624500PE,0.14405013892982238
16-01-2026 13:40||NIFTY27JAN2624700PE,0.13202095970874544
16-01-2026 13:40||NIFTY27JAN2625200CE,0.12254001407164716
16-01-2026 13:40||NIFTY27JAN2625300CE,0.11745914924620199
16-01-2026 13:40||NIFTY27JAN2625900CE,0.1010081025848922
16-01-2026 13:40||NIFTY27JAN2626000CE,0.10017577795514596
16-01-2026 13:40||NIFTY27JAN2626200CE,0.10067444733709452
16-01-2026 13:40||NIFTY27JAN2626500CE,0.10826678922153221
16-01-2026 13:45||NIFTY27JAN2623900PE,0.18590158086334735
16-01-2026 13:45||NIFTY27JAN2624000PE,0.1779254015495405
16-01-2026 13:45||NIFTY27JAN2624100PE,0.17019248053821717
16-01-2026 13:45||NIFTY27JAN2624500PE,0.14314605149842669
16-01-2026 13:45||NIFTY27JAN2625100PE,0.10981412731416607
16-01-2026 13:45||NIFTY27JAN2625300CE,0.1266040140751852
16-01-2026 13:50||NIFTY27JAN2624300PE,0.15874237395703122
16-01-2026 13:50||NIFTY27JAN2624500PE,0.14602517346794358
16-01-2026 13:50||NIFTY27JAN2624700PE,0.13424166648587682
16-01-2026 13:50||NIFTY27JAN2625900CE,0.09604146165446567
16-01-2026 13:50||NIFTY27JAN2626000CE,0.09618372292717739
16-01-2026 13:55||NIFTY27JAN2623900PE,0.1865336503965773
16-01-2026 13:55||NIFTY27JAN2624200PE,0.1634876095491244
16-01-2026 13:55||NIFTY27JAN2624300PE,0.15682150862489297
16-01-2026 13:55||NIFTY27JAN2624900PE,0.12085377727343691
16-01-2026 13:55||NIFTY27JAN2625000PE,0.11580048625343049
16-01-2026 13:55||NIFTY27JAN2625700CE,0.10373782564771092
16-01-2026 13:55||NIFTY27JAN2626100CE,0.10072350408185782
16-01-2026 13:55||NIFTY27JAN2626300CE,0.10347470336997407
16-01-2026 14:00||NIFTY27JAN2623900PE,0.1858646603150279
16-01-2026 14:00||NIFTY27JAN2624500PE,0.14304740591407694
16-01-2026 14:00||NIFTY27JAN2624900PE,0.11907821750420935
16-01-2026 14:00||NIFTY27JAN2625000PE,0.11361449908601803
16-01-2026 14:00||NIFTY27JAN2625100PE,0.10830007888866365
16-01-2026 14:00||NIFTY27JAN2625300CE,0.1201251664304914
16-01-2026 14:00||NIFTY27JAN2626000CE,0.09967664144897168
16-01-2026 14:05||NIFTY27JAN2624100PE,0.1718471790131794
16-01-2026 14:05||NIFTY27JAN2625400CE,0.1060554905149306
16-01-2026 14:05||NIFTY27JAN2625500CE,0.10311639218774384
16-01-2026 14:05||NIFTY27JAN2625800CE,0.0980192648275801
16-01-2026 14:05||NIFTY27JAN2626100CE,0.09899753553082803
16-01-2026 14:05||NIFTY27JAN2626200CE,0.1006374270630431
16-01-2026 14:10||NIFTY27JAN2624500PE,0.14436515868043676
16-01-2026 14:10||NIFTY27JAN2625100PE,0.11125550236322773
16-01-2026 14:10||NIFTY27JAN2625400CE,0.11285435452631155
16-01-2026 14:10||NIFTY27JAN2625500CE,0.10941898534460844
16-01-2026 14:10||NIFTY27JAN2626400CE,0.10576469702060735
16-01-2026 14:10||NIFTY27JAN2626500CE,0.10950809968302863
16-01-2026 14:15||NIFTY27JAN2624200PE,0.16418667409922527
16-01-2026 14:15||NIFTY27JAN2624300PE,0.1571238124547084
16-01-2026 14:15||NIFTY27JAN2624600PE,0.13677982304415254
16-01-2026 14:15||NIFTY27JAN2624700PE,0.13083725493651663
16-01-2026 14:15||NIFTY27JAN2624900PE,0.11950110993231648
16-01-2026 14:15||NIFTY27JAN2625000PE,0.1140881442113465
16-01-2026 14:15||NIFTY27JAN2625500CE,0.11312414436907892
16-01-2026 14:20||NIFTY27JAN2624200PE,0.1647026049901108
16-01-2026 14:20||NIFTY27JAN2624400PE,0.15068905402478014
16-01-2026 14:20||NIFTY27JAN2624800PE,0.12529970576832256
16-01-2026 14:20||NIFTY27JAN2625100PE,0.1113023498858322
16-01-2026 14:20||NIFTY27JAN2626000CE,0.10031483360990556
16-01-2026 14:20||NIFTY27JAN2626300CE,0.10350041572894292
16-01-2026 14:25||NIFTY27JAN2623900PE,0.18955596633474486
16-01-2026 14:25||NIFTY27JAN2624100PE,0.17527318737035724
16-01-2026 14:25||NIFTY27JAN2624200PE,0.1675609217424176
16-01-2026 14:25||NIFTY27JAN2624900PE,0.12269593563501666
16-01-2026 14:25||NIFTY27JAN2625100PE,0.11197842406395771
16-01-2026 14:25||NIFTY27JAN2625500CE,0.10021216692063425
16-01-2026 14:25||NIFTY27JAN2626500CE,0.10791264496005085
16-01-2026 14:30||NIFTY27JAN2623800PE,0.19438036394492744
16-01-2026 14:30||NIFTY27JAN2624300PE,0.15756331984508118
16-01-2026 14:30||NIFTY27JAN2624800PE,0.12547919869244528
16-01-2026 14:30||NIFTY27JAN2624900PE,0.1202549761076741
16-01-2026 14:30||NIFTY27JAN2626000CE,0.10091515932176356
16-01-2026 14:30||NIFTY27JAN2626200CE,0.10207621676035186
16-01-2026 14:30||NIFTY27JAN2626300CE,0.10414208764562118
16-01-2026 14:35||NIFTY27JAN2623800PE,0.19691660487380674
16-01-2026 14:35||NIFTY27JAN2624000PE,0.18089121356534293
16-01-2026 14:35||NIFTY27JAN2624800PE,0.12691587064924784
16-01-2026 14:35||NIFTY27JAN2624900PE,0.12143281105691237
16-01-2026 14:35||NIFTY27JAN2625000PE,0.11622871210930327
16-01-2026 14:35||NIFTY27JAN2625300CE,0.10416511484792082
16-01-2026 14:35||NIFTY27JAN2625900CE,0.09883483143247845
16-01-2026 14:35||NIFTY27JAN2626000CE,0.09907611868654279
16-01-2026 14:35||NIFTY27JAN2626100CE,0.09954987761191332
16-01-2026 14:35||NIFTY27JAN2626200CE,0.10029336268088238
16-01-2026 14:35||NIFTY27JAN2626300CE,0.10136995440495128
16-01-2026 14:35||NIFTY27JAN2626500CE,0.10619071587099774
16-01-2026 14:40||NIFTY27JAN2624200PE,0.16528167362593535
16-01-2026 14:40||NIFTY27JAN2624600PE,0.13801497134651808
16-01-2026 14:40||NIFTY27JAN2624900PE,0.12083003909822253
16-01-2026 14:40||NIFTY27JAN2625800CE,0.10059253421636584
16-01-2026 14:40||NIFTY27JAN2626200CE,0.09928202041233711
16-01-2026 14:40||NIFTY27JAN2626300CE,0.10132301283456481
16-01-2026 14:40||NIFTY27JAN2626500CE,0.10813211612401483
16-01-2026 14:45||NIFTY27JAN2623900PE,0.18747897481711587
16-01-2026 14:45||NIFTY27JAN2624000PE,0.17963564941251375
16-01-2026 14:45||NIFTY27JAN2624100PE,0.17206107771342338
16-01-2026 14:45||NIFTY27JAN2624900PE,0.12146772073184736
16-01-2026 14:45||NIFTY27JAN2625000PE,0.11619941814281529
16-01-2026 14:45||NIFTY27JAN2625300CE,0.10978028430326042
16-01-2026 14:45||NIFTY27JAN2625400CE,0.10676407839881785
16-01-2026 14:45||NIFTY27JAN2625600CE,0.10160563105211981
16-01-2026 14:45||NIFTY27JAN2626100CE,0.09716470192315624
16-01-2026 14:45||NIFTY27JAN2626300CE,0.10061467491713766
16-01-2026 14:45||NIFTY27JAN2626400CE,0.10375716299015936
16-01-2026 14:50||NIFTY27JAN2623900PE,0.18736869150910906
16-01-2026 14:50||NIFTY27JAN2624100PE,0.1724797257111374
16-01-2026 14:50||NIFTY27JAN2624200PE,0.16504311111425948
16-01-2026 14:50||NIFTY27JAN2624300PE,0.15765666548785684
16-01-2026 14:50||NIFTY27JAN2624700PE,0.13165587778680962
16-01-2026 14:50||NIFTY27JAN2625100PE,0.11055207313854058
16-01-2026 14:50||NIFTY27JAN2625300CE,0.11653772519813127
16-01-2026 14:55||NIFTY27JAN2624200PE,0.16386381018371665
16-01-2026 14:55||NIFTY27JAN2624900PE,0.12094479757307249
16-01-2026 14:55||NIFTY27JAN2625200CE,0.12312313375058682
16-01-2026 14:55||NIFTY27JAN2625300CE,0.11841160219908142
16-01-2026 14:55||NIFTY27JAN2625600CE,0.10705418230324354
16-01-2026 14:55||NIFTY27JAN2625700CE,0.10402532256785944
16-01-2026 14:55||NIFTY27JAN2625800CE,0.10123278062103427
16-01-2026 15:00||NIFTY27JAN2624000PE,0.17982350918355947
16-01-2026 15:00||NIFTY27JAN2624700PE,0.13345686326704126
16-01-2026 15:00||NIFTY27JAN2624800PE,0.12808025951488236
16-01-2026 15:00||NIFTY27JAN2624900PE,0.12276130016684086
16-01-2026 15:00||NIFTY27JAN2625500CE,0.10193516636265426
16-01-2026 15:00||NIFTY27JAN2625800CE,0.09724718146375588
16-01-2026 15:00||NIFTY27JAN2626100CE,0.09665090607065352
16-01-2026 15:00||NIFTY27JAN2626500CE,0.10560997506579917
16-01-2026 15:05||NIFTY27JAN2623800PE,0.1966515232254949
16-01-2026 15:05||NIFTY27JAN2623900PE,0.1879786568152244
16-01-2026 15:05||NIFTY27JAN2624100PE,0.17154349941645303
16-01-2026 15:05||NIFTY27JAN2624200PE,0.1639486904126792
16-01-2026 15:05||NIFTY27JAN2624600PE,0.1376015961292868
16-01-2026 15:05||NIFTY27JAN2624900PE,0.12168148671990925
16-01-2026 15:05||NIFTY27JAN2626200CE,0.09864164288814564
16-01-2026 15:05||NIFTY27JAN2626400CE,0.1040266009827066
16-01-2026 15:10||NIFTY27JAN2623900PE,0.18629949512308078
16-01-2026 15:10||NIFTY27JAN2624700PE,0.13180728650376333
16-01-2026 15:10||NIFTY27JAN2624800PE,0.12645299366569518
16-01-2026 15:10||NIFTY27JAN2625100PE,0.11126087513429672
16-01-2026 15:10||NIFTY27JAN2625600CE,0.10112754980226914
16-01-2026 15:10||NIFTY27JAN2626000CE,0.09681857149422152
16-01-2026 15:10||NIFTY27JAN2626400CE,0.10327775505619186
16-01-2026 15:10||NIFTY27JAN2626500CE,0.10727412416113963
16-01-2026 15:15||NIFTY27JAN2623800PE,0.19512688202396525
16-01-2026 15:15||NIFTY27JAN2624100PE,0.17130873508712013
16-01-2026 15:15||NIFTY27JAN2624200PE,0.16348874084265483
16-01-2026 15:15||NIFTY27JAN2624400PE,0.149375277777424
16-01-2026 15:15||NIFTY27JAN2624500PE,0.14307437145915664
16-01-2026 15:15||NIFTY27JAN2624700PE,0.13135329341154556
16-01-2026 15:15||NIFTY27JAN2624800PE,0.12584178166231771
16-01-2026 15:15||NIFTY27JAN2625000PE,0.11515923376396116
16-01-2026 15:15||NIFTY27JAN2625300CE,0.11981747318808991
16-01-2026 15:15||NIFTY27JAN2625500CE,0.11050728633405783
16-01-2026 15:15||NIFTY27JAN2625900CE,0.10110334804552154
16-01-2026 15:15||NIFTY27JAN2626000CE,0.10078947680615818
16-01-2026 15:15||NIFTY27JAN2626100CE,0.1005918190507302
16-01-2026 15:15||NIFTY27JAN2626300CE,0.10213130557122861
16-01-2026 15:20||NIFTY27JAN2623800PE,0.19356647219460874
16-01-2026 15:20||NIFTY27JAN2623900PE,0.1858799770789885
16-01-2026 15:20||NIFTY27JAN2624000PE,0.17834820741293786
16-01-2026 15:20||NIFTY27JAN2624200PE,0.16389248417599128
16-01-2026 15:20||NIFTY27JAN2624400PE,0.1503001074935647
16-01-2026 15:20||NIFTY27JAN2624600PE,0.1374152268494131
16-01-2026 15:20||NIFTY27JAN2624800PE,0.12589882744040828
16-01-2026 15:20||NIFTY27JAN2624900PE,0.12061703893463979
16-01-2026 15:20||NIFTY27JAN2625500CE,0.10930636134563579
16-01-2026 15:20||NIFTY27JAN2625900CE,0.09957437184761753
16-01-2026 15:20||NIFTY27JAN2626100CE,0.09907452062498878
16-01-2026 15:20||NIFTY27JAN2626400CE,0.10536499091099807
16-01-2026 15:20||NIFTY27JAN2626500CE,0.10982601766327595
16-01-2026 15:25||NIFTY27JAN2624100PE,0.17270990083880694
16-01-2026 15:25||NIFTY27JAN2625300CE,0.11283348005486987
16-01-2026 15:25||NIFTY27JAN2626000CE,0.09615668672558325
16-01-2026 15:25||NIFTY27JAN2626400CE,0.10300662997792752
16-01-2026 15:25||NIFTY27JAN2626500CE,0.10714163663493449
19-01-2026 09:15||NIFTY27JAN2623800PE,0.20641615623293513
19-01-2026 09:15||NIFTY27JAN2624000PE,0.19096588466938672
19-01-2026 09:15||NIFTY27JAN2624600PE,0.1434536834342524
19-01-2026 09:15||NIFTY27JAN2624700PE,0.13677414969121288
19-01-2026 09:15||NIFTY27JAN2624900PE,0.12439314665686736
19-01-2026 09:15||NIFTY27JAN2625400CE,0.13069563361359687
19-01-2026 09:15||NIFTY27JAN2625500CE,0.12615470817405844
19-01-2026 09:15||NIFTY27JAN2625900CE,0.11871199611527294
19-01-2026 09:15||NIFTY27JAN2626300CE,0.12716928380702167
19-01-2026 09:15||NIFTY27JAN2626400CE,0.13163008273814136
19-01-2026 09:20||NIFTY27JAN2624200PE,0.1785721198896711
19-01-2026 09:20||NIFTY27JAN2624600PE,0.14763329215045062
19-01-2026 09:20||NIFTY27JAN2625700CE,0.09923101299587261
19-01-2026 09:20||NIFTY27JAN2626100CE,0.10954504616875059
19-01-2026 09:20||NIFTY27JAN2626400CE,0.12276314381296051
19-01-2026 09:25||NIFTY27JAN2624300PE,0.16879875879901346
19-01-2026 09:25||NIFTY27JAN2624500PE,0.1527145694966931
19-01-2026 09:25||NIFTY27JAN2625200CE,0.10015144279510245
19-01-2026 09:25||NIFTY27JAN2625500CE,0.1029654403487971
19-01-2026 09:25||NIFTY27JAN2625600CE,0.10341072770565912
19-01-2026 09:25||NIFTY27JAN2625700CE,0.10389501882002168
19-01-2026 09:25||NIFTY27JAN2625900CE,0.10616395207002445
19-01-2026 09:25||NIFTY27JAN2626100CE,0.11225747881119896
19-01-2026 09:25||NIFTY27JAN2626200CE,0.11625640397524441
19-01-2026 09:25||NIFTY27JAN2626400CE,0.12597491892730922
19-01-2026 09:30||NIFTY27JAN2623800PE,0.20684640914919628
19-01-2026 09:30||NIFTY27JAN2624000PE,0.19107062952641513
19-01-2026 09:30||NIFTY27JAN2624200PE,0.17480353283159183
19-01-2026 09:30||NIFTY27JAN2624300PE,0.16639064117148328
19-01-2026 09:30||NIFTY27JAN2624400PE,0.15797162808030477
19-01-2026 09:30||NIFTY27JAN2624500PE,0.14952550096490208
19-01-2026 09:30||NIFTY27JAN2624800PE,0.12804419674445247
19-01-2026 09:30||NIFTY27JAN2625400CE,0.12959106661316833
19-01-2026 09:30||NIFTY27JAN2625600CE,0.12104165218210194
19-01-2026 09:30||NIFTY27JAN2625800CE,0.11669063278260872
19-01-2026 09:30||NIFTY27JAN2626000CE,0.11739169805834028
19-01-2026 09:30||NIFTY27JAN2626500CE,0.13837415934072347
19-01-2026 09:35||NIFTY27JAN2624300PE,0.17236333294222053
19-01-2026 09:35||NIFTY27JAN2624500PE,0.1556957584480452
19-01-2026 09:35||NIFTY27JAN2624800PE,0.13433675316571442
19-01-2026 09:35||NIFTY27JAN2625500CE,0.09998738101282423
19-01-2026 09:35||NIFTY27JAN2625600CE,0.10069255925224105
19-01-2026 09:35||NIFTY27JAN2626200CE,0.11432857257986265
19-01-2026 09:35||NIFTY27JAN2626500CE,0.13021276959301994
19-01-2026 09:40||NIFTY27JAN2624100PE,0.18455365615258945
19-01-2026 09:40||NIFTY27JAN2624200PE,0.17610608659553706
19-01-2026 09:40||NIFTY27JAN2624300PE,0.1676175316610844
19-01-2026 09:40||NIFTY27JAN2624400PE,0.15917112913713016
19-01-2026 09:40||NIFTY27JAN2624500PE,0.1506577299533589
19-01-2026 09:40||NIFTY27JAN2624600PE,0.1420316875039851
19-01-2026 09:40||NIFTY27JAN2624900PE,0.1237667110202609
19-01-2026 09:40||NIFTY27JAN2625700CE,0.11070189070893593
19-01-2026 09:40||NIFTY27JAN2625800CE,0.11039880983434186
19-01-2026 09:40||NIFTY27JAN2626200CE,0.11882878907654595
19-01-2026 09:40||NIFTY27JAN2626300CE,0.12316480181453589
19-01-2026 09:40||NIFTY27JAN2626500CE,0.13416382491851578
19-01-2026 09:45||NIFTY27JAN2623900PE,0.20062908920158382
19-01-2026 09:45||NIFTY27JAN2624000PE,0.1924271721521555
19-01-2026 09:45||NIFTY27JAN2624500PE,0.1519852379480411
19-01-2026 09:45||NIFTY27JAN2626100CE,0.11415825912820929
19-01-2026 09:45||NIFTY27JAN2626200CE,0.11773930313840986
19-01-2026 09:50||NIFTY27JAN2623900PE,0.20144461422551893
19-01-2026 09:50||NIFTY27JAN2624700PE,0.13820725360770536
19-01-2026 09:50||NIFTY27JAN2624800PE,0.13200147439760473
19-01-2026 09:50||NIFTY27JAN2625300CE,0.10030436916071839
19-01-2026 09:50||NIFTY27JAN2625900CE,0.1058024992480083
19-01-2026 09:50||NIFTY27JAN2626200CE,0.11571640616208409
19-01-2026 09:55||NIFTY27JAN2624700PE,0.13841709780773834
19-01-2026 09:55||NIFTY27JAN2625400CE,0.10142223477642794
19-01-2026 09:55||NIFTY27JAN2625700CE,0.1030245532973611
19-01-2026 09:55||NIFTY27JAN2626400CE,0.12691983119245742
19-01-2026 10:00||NIFTY27JAN2624100PE,0.18353721442784232
19-01-2026 10:00||NIFTY27JAN2624400PE,0.15795635470280864
19-01-2026 10:00||NIFTY27JAN2625000PE,0.11963345139295903
19-01-2026 10:00||NIFTY27JAN2625100PE,0.11549956216308858
19-01-2026 10:00||NIFTY27JAN2625400CE,0.10740182351251831
19-01-2026 10:00||NIFTY27JAN2625700CE,0.10653299458069324
19-01-2026 10:00||NIFTY27JAN2625900CE,0.10896966146825417
19-01-2026 10:05||NIFTY27JAN2624500PE,0.14827554643234503
19-01-2026 10:05||NIFTY27JAN2624800PE,0.12728425572716479
19-01-2026 10:05||NIFTY27JAN2625200CE,0.12617292011826325
19-01-2026 10:05||NIFTY27JAN2625500CE,0.11509909872764058
19-01-2026 10:05||NIFTY27JAN2626100CE,0.11890304953212968
19-01-2026 10:05||NIFTY27JAN2626200CE,0.12280893076416546
19-01-2026 10:10||NIFTY27JAN2623800PE,0.20905676847260393
19-01-2026 10:10||NIFTY27JAN2624200PE,0.17454218603633592
19-01-2026 10:10||NIFTY27JAN2624400PE,0.15812703248555743
19-01-2026 10:10||NIFTY27JAN2624600PE,0.14338193473769284
19-01-2026 10:10||NIFTY27JAN2624700PE,0.1367276837252274
19-01-2026 10:10||NIFTY27JAN2625100PE,0.11639335967857475
19-01-2026 10:10||NIFTY27JAN2625900CE,0.1095085576767243
19-01-2026 10:10||NIFTY27JAN2626200CE,0.11965603832169626
19-01-2026 10:15||NIFTY27JAN2624200PE,0.17445344902469523
19-01-2026 10:15||NIFTY27JAN2624400PE,0.157814544171279
19-01-2026 10:15||NIFTY27JAN2624500PE,0.14951553740828077
19-01-2026 10:15||NIFTY27JAN2624700PE,0.1352501628702798
19-01-2026 10:15||NIFTY27JAN2624800PE,0.12918818815881905
19-01-2026 10:15||NIFTY27JAN2625000PE,0.11911069039960283
19-01-2026 10:15||NIFTY27JAN2625100PE,0.11526155657532841
19-01-2026 10:15||NIFTY27JAN2625200CE,0.12043547811061998
19-01-2026 10:15||NIFTY27JAN2625500CE,0.11078262622015309
19-01-2026 10:15||NIFTY27JAN2625600CE,0.11028301882616015
19-01-2026 10:15||NIFTY27JAN2625700CE,0.10983231341370611
19-01-2026 10:15||NIFTY27JAN2625800CE,0.10920042742762545
19-01-2026 10:15||NIFTY27JAN2626200CE,0.12005394915668653
19-01-2026 10:15||NIFTY27JAN2626500CE,0.13670316245434616
19-01-2026 10:20||NIFTY27JAN2623900PE,0.2010258628964211
19-01-2026 10:20||NIFTY27JAN2624100PE,0.18487291407779383
19-01-2026 10:20||NIFTY27JAN2624300PE,0.16807645245221536
19-01-2026 10:20||NIFTY27JAN2625300CE,0.10720491292191878
19-01-2026 10:20||NIFTY27JAN2625500CE,0.10728621935420914
19-01-2026 10:20||NIFTY27JAN2626300CE,0.1235538428850004
19-01-2026 10:25||NIFTY27JAN2625300CE,0.0997766826320668
19-01-2026 10:25||NIFTY27JAN2625400CE,0.10121189277516163
19-01-2026 10:25||NIFTY27JAN2626100CE,0.11467745566600968
19-01-2026 10:25||NIFTY27JAN2626400CE,0.12744979187311065
19-01-2026 10:25||NIFTY27JAN2626500CE,0.13197558985629765
19-01-2026 10:30||NIFTY27JAN2623800PE,0.20768591043148854
19-01-2026 10:30||NIFTY27JAN2623900PE,0.19937996090136229
19-01-2026 10:30||NIFTY27JAN2624000PE,0.1910407362873247
19-01-2026 10:30||NIFTY27JAN2624600PE,0.14349102815691125
19-01-2026 10:30||NIFTY27JAN2624700PE,0.137952344488355
19-01-2026 10:30||NIFTY27JAN2624800PE,0.13242382418732634
19-01-2026 10:30||NIFTY27JAN2624900PE,0.12697426834783965
19-01-2026 10:30||NIFTY27JAN2625900CE,0.11018815506052441
19-01-2026 10:30||NIFTY27JAN2626000CE,0.11324600837308213
19-01-2026 10:30||NIFTY27JAN2626200CE,0.12073545197658136
19-01-2026 10:35||NIFTY27JAN2623800PE,0.20503611472722574
19-01-2026 10:35||NIFTY27JAN2624700PE,0.13685573292095599
19-01-2026 10:35||NIFTY27JAN2624800PE,0.13183353573521478
19-01-2026 10:35||NIFTY27JAN2624900PE,0.12680599937198528
19-01-2026 10:35||NIFTY27JAN2625000PE,0.12212330340507156
19-01-2026 10:35||NIFTY27JAN2625200CE,0.10933733551237478
19-01-2026 10:35||NIFTY27JAN2625400CE,0.10772746500572748
19-01-2026 10:35||NIFTY27JAN2625800CE,0.10798956088415956
19-01-2026 10:35||NIFTY27JAN2626300CE,0.1255808600935543
19-01-2026 10:40||NIFTY27JAN2623800PE,0.21134028127800744
19-01-2026 10:40||NIFTY27JAN2623900PE,0.20114633351525937
19-01-2026 10:40||NIFTY27JAN2624000PE,0.1914576583622121
19-01-2026 10:40||NIFTY27JAN2624100PE,0.18217534118815068
19-01-2026 10:40||NIFTY27JAN2624700PE,0.1351754483816699
19-01-2026 10:40||NIFTY27JAN2625400CE,0.11822707048761327
19-01-2026 10:40||NIFTY27JAN2625700CE,0.11290263072845287
19-01-2026 10:40||NIFTY27JAN2626500CE,0.1383454778693059
19-01-2026 10:45||NIFTY27JAN2623800PE,0.20854298326746032
19-01-2026 10:45||NIFTY27JAN2624000PE,0.19175870578560106
19-01-2026 10:45||NIFTY27JAN2624700PE,0.13830042281651067
19-01-2026 10:45||NIFTY27JAN2625600CE,0.1073008254881341
19-01-2026 10:45||NIFTY27JAN2625900CE,0.10952773402015131
19-01-2026 10:45||NIFTY27JAN2626200CE,0.11960098444089542
19-01-2026 10:50||NIFTY27JAN2623800PE,0.20614154363248127
19-01-2026 10:50||NIFTY27JAN2625100PE,0.11588149541021947
19-01-2026 10:50||NIFTY27JAN2625200CE,0.12265258444032896
19-01-2026 10:50||NIFTY27JAN2625600CE,0.11174788648469747
19-01-2026 10:50||NIFTY27JAN2626200CE,0.12124845279732213
19-01-2026 10:55||NIFTY27JAN2624100PE,0.1835065155456129
19-01-2026 10:55||NIFTY27JAN2624200PE,0.17478007078734514
19-01-2026 10:55||NIFTY27JAN2624500PE,0.1494560886203905
19-01-2026 10:55||NIFTY27JAN2625400CE,0.12260717061123494
19-01-2026 10:55||NIFTY27JAN2625500CE,0.11867451759777414
19-01-2026 10:55||NIFTY27JAN2625600CE,0.11517960622883401
19-01-2026 10:55||NIFTY27JAN2625900CE,0.11277736895498361
19-01-2026 10:55||NIFTY27JAN2626000CE,0.11483908581921402
19-01-2026 10:55||NIFTY27JAN2626400CE,0.13051440407500867
19-01-2026 11:00||NIFTY27JAN2623900PE,0.2029276678076129
19-01-2026 11:00||NIFTY27JAN2624400PE,0.16028425589666095
19-01-2026 11:00||NIFTY27JAN2624500PE,0.15194830911897433
19-01-2026 11:00||NIFTY27JAN2625400CE,0.11625771359146604
19-01-2026 11:00||NIFTY27JAN2625600CE,0.11358788173634501
19-01-2026 11:00||NIFTY27JAN2625700CE,0.1133718279702692
19-01-2026 11:00||NIFTY27JAN2625800CE,0.11307325981206703
19-01-2026 11:00||NIFTY27JAN2625900CE,0.11269611931225994
19-01-2026 11:00||NIFTY27JAN2626200CE,0.11896417343398642
19-01-2026 11:00||NIFTY27JAN2626300CE,0.12326924514320081
19-01-2026 11:00||NIFTY27JAN2626500CE,0.13406271345565324
19-01-2026 11:05||NIFTY27JAN2623800PE,0.21391562325131092
19-01-2026 11:05||NIFTY27JAN2623900PE,0.20419925775342765
19-01-2026 11:05||NIFTY27JAN2624200PE,0.1785826051435604
19-01-2026 11:05||NIFTY27JAN2624500PE,0.1551866852824304
19-01-2026 11:05||NIFTY27JAN2625000PE,0.1252828219133696
19-01-2026 11:05||NIFTY27JAN2625400CE,0.10266337988961453
19-01-2026 11:05||NIFTY27JAN2625600CE,0.10234169656166486
19-01-2026 11:05||NIFTY27JAN2625800CE,0.10282047297751631
19-01-2026 11:05||NIFTY27JAN2626100CE,0.11080372834606461
19-01-2026 11:05||NIFTY27JAN2626400CE,0.12559600020260958
19-01-2026 11:10||NIFTY27JAN2624300PE,0.16843259524407123
19-01-2026 11:10||NIFTY27JAN2625000PE,0.12211277040262133
19-01-2026 11:10||NIFTY27JAN2625300CE,0.10937015877513911
19-01-2026 11:10||NIFTY27JAN2625500CE,0.10713258366928916
19-01-2026 11:10||NIFTY27JAN2625800CE,0.10612342850001434
19-01-2026 11:10||NIFTY27JAN2626100CE,0.11378427355334
19-01-2026 11:15||NIFTY27JAN2624400PE,0.1606102287372237
19-01-2026 11:15||NIFTY27JAN2624500PE,0.1536069620913194
19-01-2026 11:15||NIFTY27JAN2624600PE,0.1466866400991142
19-01-2026 11:15||NIFTY27JAN2624700PE,0.13992730765737232
19-01-2026 11:15||NIFTY27JAN2624900PE,0.12814000372406043
19-01-2026 11:15||NIFTY27JAN2625100PE,0.11873635565802428
19-01-2026 11:15||NIFTY27JAN2626400CE,0.12806630098563007
19-01-2026 11:20||NIFTY27JAN2623800PE,0.20642173430714314
19-01-2026 11:20||NIFTY27JAN2624200PE,0.1740827557324438
19-01-2026 11:20||NIFTY27JAN2624300PE,0.16612363614757145
19-01-2026 11:20||NIFTY27JAN2624500PE,0.1502215646378511
19-01-2026 11:20||NIFTY27JAN2624900PE,0.1252552713189508
19-01-2026 11:20||NIFTY27JAN2625100PE,0.11587198517813596
19-01-2026 11:20||NIFTY27JAN2625400CE,0.11674219755937791
19-01-2026 11:20||NIFTY27JAN2625500CE,0.11537586276067574
19-01-2026 11:20||NIFTY27JAN2625600CE,0.11389985971359531
19-01-2026 11:20||NIFTY27JAN2625700CE,0.11237757504311213
19-01-2026 11:20||NIFTY27JAN2625800CE,0.11040088315404253
19-01-2026 11:20||NIFTY27JAN2626200CE,0.12066969748414251
19-01-2026 11:20||NIFTY27JAN2626300CE,0.12545124516832162
19-01-2026 11:20||NIFTY27JAN2626500CE,0.13706418896102912
19-01-2026 11:25||NIFTY27JAN2623900PE,0.1995392237911212
19-01-2026 11:25||NIFTY27JAN2624700PE,0.13694703128381902
19-01-2026 11:25||NIFTY27JAN2624900PE,0.1257738504105991
19-01-2026 11:25||NIFTY27JAN2625300CE,0.11852273522331744
19-01-2026 11:25||NIFTY27JAN2625400CE,0.1156336053788719
19-01-2026 11:25||NIFTY27JAN2625800CE,0.11028767290355862
19-01-2026 11:30||NIFTY27JAN2623900PE,0.19977694689424136
19-01-2026 11:30||NIFTY27JAN2624100PE,0.1838046830777163
19-01-2026 11:30||NIFTY27JAN2624600PE,0.14371454119493948
19-01-2026 11:30||NIFTY27JAN2624900PE,0.12586143363555266
19-01-2026 11:30||NIFTY27JAN2625000PE,0.12153457127118499
19-01-2026 11:30||NIFTY27JAN2625100PE,0.11793217611849015
19-01-2026 11:30||NIFTY27JAN2625500CE,0.11249864922619883
19-01-2026 11:30||NIFTY27JAN2625700CE,0.10984386500010801
19-01-2026 11:30||NIFTY27JAN2626200CE,0.12048710786004699
19-01-2026 11:30||NIFTY27JAN2626500CE,0.13466979885321714
19-01-2026 11:35||NIFTY27JAN2623800PE,0.20846885267135246
19-01-2026 11:35||NIFTY27JAN2623900PE,0.2001770340208233
19-01-2026 11:35||NIFTY27JAN2624100PE,0.18364182425919456
19-01-2026 11:35||NIFTY27JAN2624200PE,0.17533611790550743
19-01-2026 11:35||NIFTY27JAN2624600PE,0.14302591315798424
19-01-2026 11:35||NIFTY27JAN2625400CE,0.12080982419577893
19-01-2026 11:35||NIFTY27JAN2625800CE,0.11126883994508555
19-01-2026 11:35||NIFTY27JAN2626000CE,0.1128112119060602
19-01-2026 11:35||NIFTY27JAN2626200CE,0.1207868873907195
19-01-2026 11:35||NIFTY27JAN2626300CE,0.12717519742600894
19-01-2026 11:35||NIFTY27JAN2626400CE,0.13504818559829515
19-01-2026 11:35||NIFTY27JAN2626500CE,0.14440818023498442
19-01-2026 11:40||NIFTY27JAN2623800PE,0.20815732364074951
19-01-2026 11:40||NIFTY27JAN2624100PE,0.18579595158825335
19-01-2026 11:40||NIFTY27JAN2624200PE,0.17722102276141305
19-01-2026 11:40||NIFTY27JAN2624300PE,0.16860042450785362
19-01-2026 11:40||NIFTY27JAN2624400PE,0.1599077552979078
19-01-2026 11:40||NIFTY27JAN2624500PE,0.15100012545868685
19-01-2026 11:40||NIFTY27JAN2625100PE,0.11493428636423202
19-01-2026 11:40||NIFTY27JAN2625300CE,0.12022444738791853
19-01-2026 11:40||NIFTY27JAN2625600CE,0.11125328398621408
19-01-2026 11:45||NIFTY27JAN2624300PE,0.16879898764058113
19-01-2026 11:45||NIFTY27JAN2624700PE,0.13825291234787646
19-01-2026 11:45||NIFTY27JAN2625200CE,0.12090866856871318
19-01-2026 11:45||NIFTY27JAN2625400CE,0.11397419229944221
19-01-2026 11:45||NIFTY27JAN2626200CE,0.11862591482147389
19-01-2026 11:50||NIFTY27JAN2624100PE,0.18487082059362447
19-01-2026 11:50||NIFTY27JAN2624600PE,0.1454727285860636
19-01-2026 11:50||NIFTY27JAN2624800PE,0.1320957578353684
19-01-2026 11:50||NIFTY27JAN2625100PE,0.11724723405939896
19-01-2026 11:50||NIFTY27JAN2625200CE,0.11427522564879333
19-01-2026 11:50||NIFTY27JAN2626300CE,0.12268395164275775
19-01-2026 11:50||NIFTY27JAN2626500CE,0.13327636849040705
19-01-2026 11:55||NIFTY27JAN2623800PE,0.20615311398448213
19-01-2026 11:55||NIFTY27JAN2624100PE,0.1855758217805195
19-01-2026 11:55||NIFTY27JAN2624300PE,0.16903984037178038
19-01-2026 11:55||NIFTY27JAN2624500PE,0.15391930010793148
19-01-2026 11:55||NIFTY27JAN2624600PE,0.14702783760952015
19-01-2026 11:55||NIFTY27JAN2624700PE,0.1402493174560103
19-01-2026 11:55||NIFTY27JAN2624800PE,0.133660828861904
19-01-2026 11:55||NIFTY27JAN2625200CE,0.11036581006834492
19-01-2026 11:55||NIFTY27JAN2625900CE,0.10606621051418674
19-01-2026 11:55||NIFTY27JAN2626200CE,0.11699130601703694
19-01-2026 12:00||NIFTY27JAN2624000PE,0.19180849685891788
19-01-2026 12:00||NIFTY27JAN2624200PE,0.17555776575271442
19-01-2026 12:00||NIFTY27JAN2624300PE,0.16763886369625985
19-01-2026 12:00||NIFTY27JAN2624400PE,0.1597957975573605
19-01-2026 12:00||NIFTY27JAN2624500PE,0.1520101203590544
19-01-2026 12:00||NIFTY27JAN2624700PE,0.1383227133150149
19-01-2026 12:00||NIFTY27JAN2625000PE,0.12192228969899899
19-01-2026 12:00||NIFTY27JAN2625900CE,0.10739907490866993
19-01-2026 12:00||NIFTY27JAN2626100CE,0.11444246833736405
19-01-2026 12:00||NIFTY27JAN2626200CE,0.11873495111738798
19-01-2026 12:00||NIFTY27JAN2626400CE,0.12958645484203118
19-01-2026 12:00||NIFTY27JAN2626500CE,0.13636867539832143
19-01-2026 12:05||NIFTY27JAN2623900PE,0.20027684904021756
19-01-2026 12:05||NIFTY27JAN2624100PE,0.18481040498359375
19-01-2026 12:05||NIFTY27JAN2624400PE,0.1609486484862379
19-01-2026 12:05||NIFTY27JAN2624500PE,0.15303203262117887
19-01-2026 12:05||NIFTY27JAN2625200CE,0.11425123571213197
19-01-2026 12:05||NIFTY27JAN2625400CE,0.10843293369128763
19-01-2026 12:05||NIFTY27JAN2625500CE,0.10672043809098564
19-01-2026 12:05||NIFTY27JAN2625700CE,0.10569369352710371
19-01-2026 12:05||NIFTY27JAN2626100CE,0.11542183189809466
19-01-2026 12:05||NIFTY27JAN2626200CE,0.119748885573226
19-01-2026 12:05||NIFTY27JAN2626400CE,0.1304286406621751
19-01-2026 12:05||NIFTY27JAN2626500CE,0.13720203028374586
19-01-2026 12:10||NIFTY27JAN2623900PE,0.20068753053844612
19-01-2026 12:10||NIFTY27JAN2624500PE,0.15250571908844973
19-01-2026 12:10||NIFTY27JAN2625300CE,0.11937287558803311
19-01-2026 12:10||NIFTY27JAN2625600CE,0.11058539991680805
19-01-2026 12:10||NIFTY27JAN2626400CE,0.13057219688780225
19-01-2026 12:15||NIFTY27JAN2623900PE,0.20000432785253222
19-01-2026 12:15||NIFTY27JAN2624000PE,0.19225267871448332
19-01-2026 12:15||NIFTY27JAN2624100PE,0.18437664351316096
19-01-2026 12:15||NIFTY27JAN2624300PE,0.1682652547526579
19-01-2026 12:15||NIFTY27JAN2625000PE,0.11657732682678101
19-01-2026 12:15||NIFTY27JAN2625100PE,0.10985523415428387
19-01-2026 12:20||NIFTY27JAN2623800PE,0.20964406714049982
19-01-2026 12:20||NIFTY27JAN2624000PE,0.19379403996822053
19-01-2026 12:20||NIFTY27JAN2624300PE,0.1705163878547482
19-01-2026 12:20||NIFTY27JAN2624400PE,0.16205258036373116
19-01-2026 12:20||NIFTY27JAN2625100PE,0.11794191271393943
19-01-2026 12:20||NIFTY27JAN2625300CE,0.10765463141034168
19-01-2026 12:20||NIFTY27JAN2625600CE,0.1018722604572094
19-01-2026 12:20||NIFTY27JAN2625900CE,0.10470843881458677
19-01-2026 12:20||NIFTY27JAN2626100CE,0.11217926454553578
19-01-2026 12:20||NIFTY27JAN2626200CE,0.11658651151385924
19-01-2026 12:25||NIFTY27JAN2623800PE,0.20784709564855378
19-01-2026 12:25||NIFTY27JAN2624100PE,0.18539752869483261
19-01-2026 12:25||NIFTY27JAN2625000PE,0.12045756714220557
19-01-2026 12:25||NIFTY27JAN2625700CE,0.10693215601449879
19-01-2026 12:25||NIFTY27JAN2625800CE,0.10721626698103255
19-01-2026 12:25||NIFTY27JAN2626500CE,0.13459099509978176
19-01-2026 12:30||NIFTY27JAN2623900PE,0.20101383755758123
19-01-2026 12:30||NIFTY27JAN2624300PE,0.16900759135141719
19-01-2026 12:30||NIFTY27JAN2624400PE,0.1608038801193718
19-01-2026 12:30||NIFTY27JAN2624500PE,0.15264292756889625
19-01-2026 12:30||NIFTY27JAN2625000PE,0.12062517481537345
19-01-2026 12:30||NIFTY27JAN2625400CE,0.1096788587658596
19-01-2026 12:30||NIFTY27JAN2625500CE,0.107302904768207
19-01-2026 12:30||NIFTY27JAN2626500CE,0.13504967412362054
19-01-2026 12:35||NIFTY27JAN2624100PE,0.18506045512950542
19-01-2026 12:35||NIFTY27JAN2624200PE,0.17698097705013272
19-01-2026 12:35||NIFTY27JAN2624400PE,0.16081571907334563
19-01-2026 12:35||NIFTY27JAN2624500PE,0.15279830499030422
19-01-2026 12:35||NIFTY27JAN2624700PE,0.13857192697631016
19-01-2026 12:35||NIFTY27JAN2625000PE,0.12138476565110902
19-01-2026 12:35||NIFTY27JAN2625300CE,0.11055319116149061
19-01-2026 12:35||NIFTY27JAN2625500CE,0.1065644320863721
19-01-2026 12:40||NIFTY27JAN2623800PE,0.20747608114788504
19-01-2026 12:40||NIFTY27JAN2625700CE,0.11063283891452652
19-01-2026 12:40||NIFTY27JAN2625800CE,0.11062079174969403
19-01-2026 12:40||NIFTY27JAN2626400CE,0.13151809929531627
19-01-2026 12:45||NIFTY27JAN2624000PE,0.19311534078816578
19-01-2026 12:45||NIFTY27JAN2624200PE,0.17675512730485
19-01-2026 12:45||NIFTY27JAN2625800CE,0.10572491589930204
19-01-2026 12:45||NIFTY27JAN2626000CE,0.11055269333421466
19-01-2026 12:45||NIFTY27JAN2626100CE,0.11441238897332817
19-01-2026 12:45||NIFTY27JAN2626400CE,0.12927636561732075
19-01-2026 12:50||NIFTY27JAN2623800PE,0.20724069282331412
19-01-2026 12:50||NIFTY27JAN2624200PE,0.1750836453116703
19-01-2026 12:50||NIFTY27JAN2624600PE,0.14238049586168686
19-01-2026 12:50||NIFTY27JAN2625000PE,0.11761766250565306
19-01-2026 12:50||NIFTY27JAN2625900CE,0.11145650049588247
19-01-2026 12:50||NIFTY27JAN2626500CE,0.13565490651324003
19-01-2026 12:55||NIFTY27JAN2623900PE,0.2024905894384328
19-01-2026 12:55||NIFTY27JAN2624000PE,0.19482912712591596
19-01-2026 12:55||NIFTY27JAN2624100PE,0.1870615569418167
19-01-2026 12:55||NIFTY27JAN2624300PE,0.17079353095329564
19-01-2026 12:55||NIFTY27JAN2624400PE,0.1622368170370691
19-01-2026 12:55||NIFTY27JAN2624500PE,0.15376537152080694
19-01-2026 12:55||NIFTY27JAN2624700PE,0.1387295701297231
19-01-2026 12:55||NIFTY27JAN2625100PE,0.11635148572428326
19-01-2026 12:55||NIFTY27JAN2625700CE,0.10627297407609732
19-01-2026 12:55||NIFTY27JAN2626000CE,0.10978580326500408
19-01-2026 13:00||NIFTY27JAN2623900PE,0.20437589575675974
19-01-2026 13:00||NIFTY27JAN2624000PE,0.19645280769376527
19-01-2026 13:00||NIFTY27JAN2624400PE,0.16341409996235656
19-01-2026 13:00||NIFTY27JAN2624700PE,0.1404161661670995
19-01-2026 13:00||NIFTY27JAN2625000PE,0.12232001927918501
19-01-2026 13:00||NIFTY27JAN2625400CE,0.1092368025621301
19-01-2026 13:00||NIFTY27JAN2625600CE,0.10778842463539663
19-01-2026 13:00||NIFTY27JAN2625700CE,0.10814192510136403
19-01-2026 13:00||NIFTY27JAN2625800CE,0.10845059052499653
19-01-2026 13:00||NIFTY27JAN2625900CE,0.10856354750692385
19-01-2026 13:00||NIFTY27JAN2626200CE,0.11686594556871834
19-01-2026 13:00||NIFTY27JAN2626500CE,0.13352181675786018
19-01-2026 13:05||NIFTY27JAN2624600PE,0.14784207052459386
19-01-2026 13:05||NIFTY27JAN2624700PE,0.14081682687893723
19-01-2026 13:05||NIFTY27JAN2625100PE,0.11859180209345568
19-01-2026 13:05||NIFTY27JAN2625200CE,0.1104003508163291
19-01-2026 13:05||NIFTY27JAN2625700CE,0.10416397676083278
19-01-2026 13:05||NIFTY27JAN2626100CE,0.11266544053209777
19-01-2026 13:10||NIFTY27JAN2623800PE,0.21348502797254673
19-01-2026 13:10||NIFTY27JAN2623900PE,0.20535611428757045
19-01-2026 13:10||NIFTY27JAN2624400PE,0.16422508288668725
19-01-2026 13:10||NIFTY27JAN2624500PE,0.15586805558612754
19-01-2026 13:10||NIFTY27JAN2624600PE,0.14774693413536663
19-01-2026 13:10||NIFTY27JAN2626200CE,0.1160599218790982
19-01-2026 13:10||NIFTY27JAN2626300CE,0.12116361954259151
19-01-2026 13:15||NIFTY27JAN2624700PE,0.13758734285033347
19-01-2026 13:15||NIFTY27JAN2625800CE,0.10840410699811298
19-01-2026 13:20||NIFTY27JAN2624400PE,0.16296224637608375
19-01-2026 13:20||NIFTY27JAN2624800PE,0.1335393044632881
19-01-2026 13:20||NIFTY27JAN2624900PE,0.12779266025958191
19-01-2026 13:20||NIFTY27JAN2625000PE,0.122211755679518
19-01-2026 13:20||NIFTY27JAN2625200CE,0.11557080230606104
19-01-2026 13:20||NIFTY27JAN2625300CE,0.1108959954243813
19-01-2026 13:20||NIFTY27JAN2625400CE,0.10723171150023074
19-01-2026 13:20||NIFTY27JAN2625600CE,0.10321982932155775
19-01-2026 13:20||NIFTY27JAN2626100CE,0.11276348493610619
19-01-2026 13:20||NIFTY27JAN2626300CE,0.12192026820167907
19-01-2026 13:25||NIFTY27JAN2623900PE,0.20452455286297586
19-01-2026 13:25||NIFTY27JAN2624200PE,0.1794145649801957
19-01-2026 13:25||NIFTY27JAN2625000PE,0.12004023209696638
19-01-2026 13:25||NIFTY27JAN2625200CE,0.12015794697034764
19-01-2026 13:25||NIFTY27JAN2625300CE,0.11443065313363673
19-01-2026 13:25||NIFTY27JAN2625400CE,0.11000511927399106
19-01-2026 13:25||NIFTY27JAN2625900CE,0.10718425131127925
19-01-2026 13:25||NIFTY27JAN2626200CE,0.11790331220026094
19-01-2026 13:25||NIFTY27JAN2626500CE,0.13378192342943354
19-01-2026 13:30||NIFTY27JAN2624300PE,0.17039612754572175
19-01-2026 13:30||NIFTY27JAN2624900PE,0.1253519389703862
19-01-2026 13:30||NIFTY27JAN2625100PE,0.11492191582430585
19-01-2026 13:30||NIFTY27JAN2625800CE,0.1078568637387115
19-01-2026 13:30||NIFTY27JAN2626100CE,0.11433338424788825
19-01-2026 13:30||NIFTY27JAN2626300CE,0.12280922680732395
19-01-2026 13:30||NIFTY27JAN2626500CE,0.13374418815020128
19-01-2026 13:35||NIFTY27JAN2624000PE,0.19735203889631395
19-01-2026 13:35||NIFTY27JAN2624400PE,0.16434731573130917
19-01-2026 13:35||NIFTY27JAN2624500PE,0.1557452440658532
19-01-2026 13:35||NIFTY27JAN2624800PE,0.13376285968830712
19-01-2026 13:35||NIFTY27JAN2624900PE,0.12799335991510952
19-01-2026 13:35||NIFTY27JAN2626000CE,0.10838493455123124
19-01-2026 13:35||NIFTY27JAN2626200CE,0.11642417680925524
19-01-2026 13:35||NIFTY27JAN2626400CE,0.12670904741247038
19-01-2026 13:40||NIFTY27JAN2624700PE,0.14182292837597818
19-01-2026 13:40||NIFTY27JAN2624800PE,0.1351997527607715
19-01-2026 13:40||NIFTY27JAN2625300CE,0.10070751667987614
19-01-2026 13:40||NIFTY27JAN2625400CE,0.10062528259262694
19-01-2026 13:40||NIFTY27JAN2625500CE,0.10058084569080136
19-01-2026 13:40||NIFTY27JAN2625600CE,0.10048275529503692
19-01-2026 13:40||NIFTY27JAN2625800CE,0.1019237161785422
19-01-2026 13:40||NIFTY27JAN2625900CE,0.10413469438481299
19-01-2026 13:40||NIFTY27JAN2626100CE,0.11034217366638016
19-01-2026 13:45||NIFTY27JAN2624300PE,0.16906253176050223
19-01-2026 13:45||NIFTY27JAN2624500PE,0.15170414227828188
19-01-2026 13:45||NIFTY27JAN2624700PE,0.1359848092657314
19-01-2026 13:45||NIFTY27JAN2625100PE,0.11032399329414383
19-01-2026 13:45||NIFTY27JAN2625500CE,0.12256055839585506
19-01-2026 13:45||NIFTY27JAN2626500CE,0.13410273986820975
19-01-2026 13:50||NIFTY27JAN2623900PE,0.20573852089861144
19-01-2026 13:50||NIFTY27JAN2624200PE,0.18125486305878152
19-01-2026 13:50||NIFTY27JAN2624400PE,0.16490556020219777
19-01-2026 13:50||NIFTY27JAN2625100PE,0.11643768440794088
19-01-2026 13:50||NIFTY27JAN2625200CE,0.12735721016636528
19-01-2026 13:50||NIFTY27JAN2625300CE,0.12149140680783005
19-01-2026 13:50||NIFTY27JAN2625400CE,0.11647779106818121
19-01-2026 13:50||NIFTY27JAN2625700CE,0.1075271075951689
19-01-2026 13:50||NIFTY27JAN2626200CE,0.11475558990722244
19-01-2026 13:55||NIFTY27JAN2624500PE,0.15929908613563334
19-01-2026 13:55||NIFTY27JAN2624600PE,0.15104559266029335
19-01-2026 13:55||NIFTY27JAN2625400CE,0.10666214680223567
19-01-2026 13:55||NIFTY27JAN2625600CE,0.10435231360909498
19-01-2026 13:55||NIFTY27JAN2625700CE,0.10448212096425644
19-01-2026 13:55||NIFTY27JAN2625800CE,0.1044662940406525
19-01-2026 13:55||NIFTY27JAN2625900CE,0.10418760795315038
19-01-2026 13:55||NIFTY27JAN2626200CE,0.11113085744464982
19-01-2026 14:00||NIFTY27JAN2624100PE,0.19344052826158464
19-01-2026 14:00||NIFTY27JAN2624400PE,0.16774618325252816
19-01-2026 14:00||NIFTY27JAN2624600PE,0.15006044456010104
19-01-2026 14:00||NIFTY27JAN2625300CE,0.12184074652663093
19-01-2026 14:00||NIFTY27JAN2625600CE,0.11464046539883177
19-01-2026 14:00||NIFTY27JAN2625700CE,0.1126452140703477
19-01-2026 14:00||NIFTY27JAN2625800CE,0.11088757269946584
19-01-2026 14:00||NIFTY27JAN2625900CE,0.10930265643448236
19-01-2026 14:00||NIFTY27JAN2626100CE,0.11039978547231999
19-01-2026 14:00||NIFTY27JAN2626200CE,0.1137915691906457
19-01-2026 14:05||NIFTY27JAN2623800PE,0.21796068213926695
19-01-2026 14:05||NIFTY27JAN2624200PE,0.1872263809142774
19-01-2026 14:05||NIFTY27JAN2624500PE,0.1612756580196481
19-01-2026 14:05||NIFTY27JAN2625000PE,0.12461605174352498
19-01-2026 14:05||NIFTY27JAN2625400CE,0.1081883928053706
19-01-2026 14:05||NIFTY27JAN2626500CE,0.12337757736110086
19-01-2026 14:10||NIFTY27JAN2623800PE,0.2203356088916697
19-01-2026 14:10||NIFTY27JAN2624400PE,0.1700917981856608
19-01-2026 14:10||NIFTY27JAN2624500PE,0.161238030515465
19-01-2026 14:10||NIFTY27JAN2624600PE,0.1526268620560049
19-01-2026 14:10||NIFTY27JAN2625100PE,0.12065360608990283
19-01-2026 14:10||NIFTY27JAN2625200CE,0.10056952414460138
19-01-2026 14:10||NIFTY27JAN2626100CE,0.10482028122652345
19-01-2026 14:10||NIFTY27JAN2626200CE,0.10879206018524096
19-01-2026 14:15||NIFTY27JAN2623800PE,0.2141190779334595
19-01-2026 14:15||NIFTY27JAN2624100PE,0.19308475231759276
19-01-2026 14:15||NIFTY27JAN2624200PE,0.18462248303467302
19-01-2026 14:15||NIFTY27JAN2624500PE,0.15785580101242425
19-01-2026 14:15||NIFTY27JAN2624700PE,0.14149387767553753
19-01-2026 14:15||NIFTY27JAN2624800PE,0.1339693452204767
19-01-2026 14:15||NIFTY27JAN2625100PE,0.11517691337782017
19-01-2026 14:15||NIFTY27JAN2626400CE,0.12263547488912768
19-01-2026 14:20||NIFTY27JAN2623800PE,0.2195424310706304
19-01-2026 14:20||NIFTY27JAN2624200PE,0.18536094086107846
19-01-2026 14:20||NIFTY27JAN2624500PE,0.16016243631283814
19-01-2026 14:20||NIFTY27JAN2625800CE,0.10265882996048804
19-01-2026 14:20||NIFTY27JAN2626000CE,0.10430836340926111
19-01-2026 14:20||NIFTY27JAN2626100CE,0.10671892147067073
19-01-2026 14:25||NIFTY27JAN2624000PE,0.2018075945265
19-01-2026 14:25||NIFTY27JAN2624800PE,0.13693895459866673
19-01-2026 14:25||NIFTY27JAN2625100PE,0.12041532052594356
19-01-2026 14:25||NIFTY27JAN2625700CE,0.09903863181608945
19-01-2026 14:25||NIFTY27JAN2625900CE,0.10014317854789861
19-01-2026 14:25||NIFTY27JAN2626000CE,0.10177584038661344
19-01-2026 14:25||NIFTY27JAN2626500CE,0.1238697750401646
19-01-2026 14:30||NIFTY27JAN2624100PE,0.19347374607843335
19-01-2026 14:30||NIFTY27JAN2624300PE,0.17641067785802808
19-01-2026 14:30||NIFTY27JAN2624700PE,0.14350161048909024
19-01-2026 14:30||NIFTY27JAN2624800PE,0.13626027451808115
19-01-2026 14:30||NIFTY27JAN2625000PE,0.12335889355993351
19-01-2026 14:30||NIFTY27JAN2625200CE,0.11487180455637741
19-01-2026 14:30||NIFTY27JAN2626500CE,0.1253566909806532
19-01-2026 14:35||NIFTY27JAN2623800PE,0.2164075852133896
19-01-2026 14:35||NIFTY27JAN2624300PE,0.1756556070318856
19-01-2026 14:35||NIFTY27JAN2625000PE,0.1225441679084951
19-01-2026 14:35||NIFTY27JAN2625800CE,0.1049850035957999
19-01-2026 14:35||NIFTY27JAN2626100CE,0.10754571239799615
19-01-2026 14:35||NIFTY27JAN2626300CE,0.11452182753116891
19-01-2026 14:35||NIFTY27JAN2626400CE,0.11971084301645812
19-01-2026 14:35||NIFTY27JAN2626500CE,0.1258785333566675
19-01-2026 14:40||NIFTY27JAN2623800PE,0.21728940702304123
19-01-2026 14:40||NIFTY27JAN2624000PE,0.2011958128190971
19-01-2026 14:40||NIFTY27JAN2624300PE,0.17744967096790037
19-01-2026 14:40||NIFTY27JAN2624700PE,0.14490213150548298
19-01-2026 14:40||NIFTY27JAN2625200CE,0.11201507643317561
19-01-2026 14:40||NIFTY27JAN2626400CE,0.11831724055337169
19-01-2026 14:45||NIFTY27JAN2623900PE,0.21119147410559846
19-01-2026 14:45||NIFTY27JAN2624100PE,0.19491758859495167
19-01-2026 14:45||NIFTY27JAN2624400PE,0.16924352519854907
19-01-2026 14:45||NIFTY27JAN2624600PE,0.15247886935962246
19-01-2026 14:45||NIFTY27JAN2624800PE,0.13809285476673955
19-01-2026 14:45||NIFTY27JAN2624900PE,0.1318155575701343
19-01-2026 14:45||NIFTY27JAN2625800CE,0.10105792769056281
19-01-2026 14:45||NIFTY27JAN2626000CE,0.10249617735133823
19-01-2026 14:50||NIFTY27JAN2624000PE,0.20307607965327334
19-01-2026 14:50||NIFTY27JAN2624200PE,0.1868784176940515
19-01-2026 14:50||NIFTY27JAN2624500PE,0.1615336756162985
19-01-2026 14:50||NIFTY27JAN2625000PE,0.12467120878130723
19-01-2026 14:50||NIFTY27JAN2625100PE,0.11855470851092216
19-01-2026 14:50||NIFTY27JAN2625700CE,0.1024821046880302
19-01-2026 14:50||NIFTY27JAN2626300CE,0.11262056710773094
19-01-2026 14:55||NIFTY27JAN2623800PE,0.22125729460004906
19-01-2026 14:55||NIFTY27JAN2624000PE,0.2046703532334522
19-01-2026 14:55||NIFTY27JAN2624400PE,0.17107390091714292
19-01-2026 14:55||NIFTY27JAN2625000PE,0.12578929114628445
19-01-2026 14:55||NIFTY27JAN2625300CE,0.10525965073102145
19-01-2026 14:55||NIFTY27JAN2625400CE,0.10328909973816805
19-01-2026 14:55||NIFTY27JAN2626000CE,0.10103419759188281
19-01-2026 14:55||NIFTY27JAN2626100CE,0.10401716843753983
19-01-2026 14:55||NIFTY27JAN2626200CE,0.10744675275664814
19-01-2026 14:55||NIFTY27JAN2626500CE,0.12227407954066992
19-01-2026 15:00||NIFTY27JAN2624300PE,0.1814182933098274
19-01-2026 15:00||NIFTY27JAN2625000PE,0.12852780964510233
19-01-2026 15:00||NIFTY27JAN2625600CE,0.0909479056055359
19-01-2026 15:00||NIFTY27JAN2625800CE,0.09263611835993413
19-01-2026 15:00||NIFTY27JAN2626000CE,0.09603004499706544
19-01-2026 15:00||NIFTY27JAN2626300CE,0.10859538748774392
19-01-2026 15:05||NIFTY27JAN2623900PE,0.2102952706414666
19-01-2026 15:05||NIFTY27JAN2624800PE,0.13798177021097013
19-01-2026 15:05||NIFTY27JAN2625600CE,0.09545184687666762
19-01-2026 15:05||NIFTY27JAN2625700CE,0.09534727315305991
19-01-2026 15:05||NIFTY27JAN2626000CE,0.09831958116348405
19-01-2026 15:05||NIFTY27JAN2626400CE,0.11706296717334473
19-01-2026 15:10||NIFTY27JAN2623800PE,0.21682934099921097
19-01-2026 15:10||NIFTY27JAN2624100PE,0.19353168724262065
19-01-2026 15:10||NIFTY27JAN2624300PE,0.17665645659342494
19-01-2026 15:10||NIFTY27JAN2624800PE,0.13857177522938252
19-01-2026 15:10||NIFTY27JAN2625600CE,0.09781668713161465
19-01-2026 15:10||NIFTY27JAN2625800CE,0.09729438154487377
19-01-2026 15:10||NIFTY27JAN2626100CE,0.1034240380226567
19-01-2026 15:15||NIFTY27JAN2624100PE,0.19445694189856538
19-01-2026 15:15||NIFTY27JAN2624200PE,0.18567787386417095
19-01-2026 15:15||NIFTY27JAN2624400PE,0.16933254529120134
19-01-2026 15:15||NIFTY27JAN2624500PE,0.16170742931693657
19-01-2026 15:15||NIFTY27JAN2624600PE,0.15416335805333242
19-01-2026 15:15||NIFTY27JAN2624700PE,0.14664305141682604
19-01-2026 15:15||NIFTY27JAN2625300CE,0.08353828337512824
19-01-2026 15:15||NIFTY27JAN2625400CE,0.08751095266295927
19-01-2026 15:15||NIFTY27JAN2626200CE,0.10606748457315357
19-01-2026 15:20||NIFTY27JAN2624100PE,0.19098192694247584
19-01-2026 15:20||NIFTY27JAN2624500PE,0.15747554540426345
19-01-2026 15:20||NIFTY27JAN2625200CE,0.09788360592143885
19-01-2026 15:20||NIFTY27JAN2625800CE,0.09712468899243934
19-01-2026 15:20||NIFTY27JAN2626400CE,0.12174105247325442
19-01-2026 15:20||NIFTY27JAN2626500CE,0.13019895236762088
19-01-2026 15:25||NIFTY27JAN2624300PE,0.1738465760051411
19-01-2026 15:25||NIFTY27JAN2624400PE,0.16577837555432673
19-01-2026 15:25||NIFTY27JAN2624700PE,0.1434876355329876
19-01-2026 15:25||NIFTY27JAN2625800CE,0.09557827898438853
19-01-2026 15:25||NIFTY27JAN2626300CE,0.11426692809668991
20-01-2026 09:15||NIFTY27JAN2623900PE,0.20822046801141986
20-01-2026 09:15||NIFTY27JAN2624000PE,0.19964643359076958
20-01-2026 09:15||NIFTY27JAN2624100PE,0.19122786894890698
20-01-2026 09:15||NIFTY27JAN2624400PE,0.16700511465422713
20-01-2026 09:15||NIFTY27JAN2624600PE,0.15172545973259066
20-01-2026 09:15||NIFTY27JAN2624900PE,0.13308291470136252
20-01-2026 09:15||NIFTY27JAN2625000PE,0.1272170952355814
20-01-2026 09:15||NIFTY27JAN2625200CE,0.10972318150016173
20-01-2026 09:15||NIFTY27JAN2625500CE,0.10489827442975988
20-01-2026 09:15||NIFTY27JAN2626200CE,0.11492354388683813
20-01-2026 09:15||NIFTY27JAN2626300CE,0.12060422690839587
20-01-2026 09:15||NIFTY27JAN2626400CE,0.12673065376329878
20-01-2026 09:20||NIFTY27JAN2623800PE,0.21486081351569686
20-01-2026 09:20||NIFTY27JAN2624000PE,0.1979142381736826
20-01-2026 09:20||NIFTY27JAN2624300PE,0.17450014127283375
20-01-2026 09:20||NIFTY27JAN2624600PE,0.15255568032165828
20-01-2026 09:20||NIFTY27JAN2624700PE,0.14635399113689573
20-01-2026 09:20||NIFTY27JAN2625200CE,0.0848126063860346
20-01-2026 09:20||NIFTY27JAN2625400CE,0.08917237291894324
20-01-2026 09:20||NIFTY27JAN2625500CE,0.0912439841182339
20-01-2026 09:20||NIFTY27JAN2625800CE,0.09685524624654368
20-01-2026 09:20||NIFTY27JAN2626300CE,0.11710578452043222
20-01-2026 09:20||NIFTY27JAN2626400CE,0.12210863880789345
20-01-2026 09:20||NIFTY27JAN2626500CE,0.12720022111527454
20-01-2026 09:25||NIFTY27JAN2623900PE,0.20333095880246013
20-01-2026 09:25||NIFTY27JAN2624300PE,0.17033587862429378
20-01-2026 09:25||NIFTY27JAN2624700PE,0.1420457072621406
20-01-2026 09:25||NIFTY27JAN2625000PE,0.12525889938156204
20-01-2026 09:25||NIFTY27JAN2625400CE,0.10504917627392164
20-01-2026 09:30||NIFTY27JAN2623900PE,0.2025050914933706
20-01-2026 09:30||NIFTY27JAN2624400PE,0.1605513903601798
20-01-2026 09:30||NIFTY27JAN2624800PE,0.13234458659250237
20-01-2026 09:30||NIFTY27JAN2625400CE,0.11383125163702072
20-01-2026 09:30||NIFTY27JAN2625500CE,0.11138405931162998
20-01-2026 09:30||NIFTY27JAN2625700CE,0.1083607876851991
20-01-2026 09:30||NIFTY27JAN2626100CE,0.11804283891466617
20-01-2026 09:30||NIFTY27JAN2626300CE,0.1288457503600416
20-01-2026 09:30||NIFTY27JAN2626500CE,0.1434465514987417
20-01-2026 09:35||NIFTY27JAN2624100PE,0.18656175892037394
20-01-2026 09:35||NIFTY27JAN2624500PE,0.1538444901113029
20-01-2026 09:35||NIFTY27JAN2624800PE,0.13434852326976127
20-01-2026 09:35||NIFTY27JAN2625200CE,0.10711663736700115
20-01-2026 09:35||NIFTY27JAN2625400CE,0.1055074910005486
20-01-2026 09:35||NIFTY27JAN2625700CE,0.10604099939407419
20-01-2026 09:35||NIFTY27JAN2625800CE,0.10728866143926648
20-01-2026 09:35||NIFTY27JAN2626100CE,0.11832279039006577
20-01-2026 09:35||NIFTY27JAN2626200CE,0.12390360135225681
20-01-2026 09:40||NIFTY27JAN2623800PE,0.214064954331445
20-01-2026 09:40||NIFTY27JAN2624100PE,0.18695625715666403
20-01-2026 09:40||NIFTY27JAN2624200PE,0.1782123453699333
20-01-2026 09:40||NIFTY27JAN2625000PE,0.12169502682004152
20-01-2026 09:40||NIFTY27JAN2625900CE,0.11431308498836518
20-01-2026 09:40||NIFTY27JAN2626100CE,0.1225542951612579
20-01-2026 09:40||NIFTY27JAN2626200CE,0.12770534355863905
20-01-2026 09:40||NIFTY27JAN2626400CE,0.13999067500883955
20-01-2026 09:45||NIFTY27JAN2624800PE,0.13373128563468786
20-01-2026 09:45||NIFTY27JAN2625400CE,0.1157636265986482
20-01-2026 09:45||NIFTY27JAN2625500CE,0.11378691319029352
20-01-2026 09:45||NIFTY27JAN2625600CE,0.11191780798887221
20-01-2026 09:45||NIFTY27JAN2626200CE,0.12728193243263503
20-01-2026 09:45||NIFTY27JAN2626300CE,0.13351932686009976
20-01-2026 09:50||NIFTY27JAN2624100PE,0.18891129266410822
20-01-2026 09:50||NIFTY27JAN2624300PE,0.17143406802633554
20-01-2026 09:50||NIFTY27JAN2624800PE,0.1363984256499448
20-01-2026 09:50||NIFTY27JAN2625100PE,0.12414527364819758
20-01-2026 09:50||NIFTY27JAN2625200CE,0.10278190365800031
20-01-2026 09:50||NIFTY27JAN2625500CE,0.10472229795481694
20-01-2026 09:50||NIFTY27JAN2625700CE,0.10667074864097988
20-01-2026 09:50||NIFTY27JAN2625800CE,0.10847091990434693
20-01-2026 09:55||NIFTY27JAN2623900PE,0.20448630650530222
20-01-2026 09:55||NIFTY27JAN2624000PE,0.19540697489376568
20-01-2026 09:55||NIFTY27JAN2624100PE,0.18628760353517626
20-01-2026 09:55||NIFTY27JAN2625000PE,0.12257458977542995
20-01-2026 09:55||NIFTY27JAN2625500CE,0.11362641532520212
20-01-2026 09:55||NIFTY27JAN2626000CE,0.1178066866353088
20-01-2026 10:00||NIFTY27JAN2623900PE,0.20586535268130762
20-01-2026 10:00||NIFTY27JAN2624600PE,0.1462695004266907
20-01-2026 10:00||NIFTY27JAN2624700PE,0.1394452061379336
20-01-2026 10:00||NIFTY27JAN2625100PE,0.1191318880079501
20-01-2026 10:00||NIFTY27JAN2625200CE,0.12167991589758691
20-01-2026 10:00||NIFTY27JAN2625400CE,0.11541835525601374
20-01-2026 10:00||NIFTY27JAN2625700CE,0.11156703984163091
20-01-2026 10:00||NIFTY27JAN2626000CE,0.11679804583855839
20-01-2026 10:00||NIFTY27JAN2626200CE,0.12684153626132194
20-01-2026 10:00||NIFTY27JAN2626300CE,0.13287469897385232
20-01-2026 10:05||NIFTY27JAN2623900PE,0.2035284919834125
20-01-2026 10:05||NIFTY27JAN2624400PE,0.15928935502299726
20-01-2026 10:05||NIFTY27JAN2624800PE,0.13053648313526464
20-01-2026 10:05||NIFTY27JAN2626100CE,0.12184410545854751
20-01-2026 10:05||NIFTY27JAN2626200CE,0.1266328934311618
20-01-2026 10:05||NIFTY27JAN2626500CE,0.145186326633814
20-01-2026 10:10||NIFTY27JAN2623800PE,0.21394128363842982
20-01-2026 10:10||NIFTY27JAN2624600PE,0.1479163229961991
20-01-2026 10:10||NIFTY27JAN2624900PE,0.13058045164299775
20-01-2026 10:10||NIFTY27JAN2625100PE,0.12251356009976644
20-01-2026 10:10||NIFTY27JAN2625900CE,0.11003435858329944
20-01-2026 10:10||NIFTY27JAN2626500CE,0.14326775189383367
20-01-2026 10:15||NIFTY27JAN2624000PE,0.19469814805506414
20-01-2026 10:15||NIFTY27JAN2624800PE,0.1315573396386004
20-01-2026 10:15||NIFTY27JAN2625700CE,0.11462048386539075
20-01-2026 10:15||NIFTY27JAN2625800CE,0.11533847560191018
20-01-2026 10:15||NIFTY27JAN2625900CE,0.11618050321955325
20-01-2026 10:15||NIFTY27JAN2626300CE,0.13173049339521076
20-01-2026 10:20||NIFTY27JAN2624100PE,0.18799333036096427
20-01-2026 10:20||NIFTY27JAN2624900PE,0.12843804642202533
20-01-2026 10:20||NIFTY27JAN2625300CE,0.1095990636602322
20-01-2026 10:20||NIFTY27JAN2625700CE,0.10630747115172137
20-01-2026 10:20||NIFTY27JAN2626000CE,0.1125320103791181
20-01-2026 10:25||NIFTY27JAN2623800PE,0.2146128288909449
20-01-2026 10:25||NIFTY27JAN2623900PE,0.20605662631459612
20-01-2026 10:25||NIFTY27JAN2624700PE,0.14002468692704179
20-01-2026 10:25||NIFTY27JAN2625000PE,0.12369833254659407
20-01-2026 10:25||NIFTY27JAN2625800CE,0.10625917482643844
20-01-2026 10:25||NIFTY27JAN2626200CE,0.12092753259684351
20-01-2026 10:25||NIFTY27JAN2626400CE,0.1334822018422735
20-01-2026 10:30||NIFTY27JAN2623900PE,0.20607053772841413
20-01-2026 10:30||NIFTY27JAN2624000PE,0.197256348355635
20-01-2026 10:30||NIFTY27JAN2624100PE,0.18843538991705433
20-01-2026 10:30||NIFTY27JAN2624300PE,0.17075947689992677
20-01-2026 10:30||NIFTY27JAN2624600PE,0.14636647266333136
20-01-2026 10:30||NIFTY27JAN2625500CE,0.10953380583874517
20-01-2026 10:30||NIFTY27JAN2625600CE,0.1096597704897741
20-01-2026 10:30||NIFTY27JAN2625700CE,0.1097196394234983
20-01-2026 10:30||NIFTY27JAN2625800CE,0.10949279246836756
20-01-2026 10:30||NIFTY27JAN2626200CE,0.12244810206871415
20-01-2026 10:35||NIFTY27JAN2624300PE,0.16929932053332974
20-01-2026 10:35||NIFTY27JAN2624700PE,0.13704581894241885
20-01-2026 10:35||NIFTY27JAN2625000PE,0.11928022959431372
20-01-2026 10:35||NIFTY27JAN2625200CE,0.13219678364834006
20-01-2026 10:35||NIFTY27JAN2625400CE,0.12117845364628942
20-01-2026 10:35||NIFTY27JAN2625900CE,0.11359387571796331
20-01-2026 10:40||NIFTY27JAN2624000PE,0.1978366271416031
20-01-2026 10:40||NIFTY27JAN2624300PE,0.17170738562130938
20-01-2026 10:40||NIFTY27JAN2625500CE,0.10510222893568691
20-01-2026 10:40||NIFTY27JAN2625800CE,0.10540857214994825
20-01-2026 10:40||NIFTY27JAN2626000CE,0.11073364748377387
20-01-2026 10:40||NIFTY27JAN2626200CE,0.11988370598941117
20-01-2026 10:45||NIFTY27JAN2623800PE,0.2143441064831212
20-01-2026 10:45||NIFTY27JAN2624400PE,0.16115631595243804
20-01-2026 10:45||NIFTY27JAN2624900PE,0.12698538193372944
20-01-2026 10:45||NIFTY27JAN2625300CE,0.11210078082389503
20-01-2026 10:45||NIFTY27JAN2625500CE,0.10855706888521188
20-01-2026 10:45||NIFTY27JAN2625800CE,0.10812488563911136
20-01-2026 10:45||NIFTY27JAN2625900CE,0.11022995671685396
20-01-2026 10:45||NIFTY27JAN2626200CE,0.12122457252997627
20-01-2026 10:45||NIFTY27JAN2626400CE,0.13326955601281026
20-01-2026 10:50||NIFTY27JAN2623800PE,0.21702882675392104
20-01-2026 10:50||NIFTY27JAN2623900PE,0.20777767460771146
20-01-2026 10:50||NIFTY27JAN2624100PE,0.18942568655139091
20-01-2026 10:50||NIFTY27JAN2625300CE,0.10493137933737623
20-01-2026 10:50||NIFTY27JAN2625500CE,0.10520813369869225
20-01-2026 10:50||NIFTY27JAN2625600CE,0.10525535274843818
20-01-2026 10:50||NIFTY27JAN2625700CE,0.10522602696675906
20-01-2026 10:50||NIFTY27JAN2626200CE,0.12107935399122953
20-01-2026 10:55||NIFTY27JAN2624200PE,0.17923590937636266
20-01-2026 10:55||NIFTY27JAN2624500PE,0.15375469187296206
20-01-2026 10:55||NIFTY27JAN2624600PE,0.14661570229209028
20-01-2026 10:55||NIFTY27JAN2624700PE,0.1396009831789172
20-01-2026 10:55||NIFTY27JAN2624800PE,0.13283306721847757
20-01-2026 10:55||NIFTY27JAN2625200CE,0.11609255175987489
20-01-2026 10:55||NIFTY27JAN2625300CE,0.11216426923497962
20-01-2026 10:55||NIFTY27JAN2625400CE,0.1091799131726845
20-01-2026 10:55||NIFTY27JAN2625900CE,0.11037155118438763
20-01-2026 10:55||NIFTY27JAN2626400CE,0.1348701918038968
20-01-2026 10:55||NIFTY27JAN2626500CE,0.14260886968207603
20-01-2026 11:00||NIFTY27JAN2623800PE,0.21449189367695629
20-01-2026 11:00||NIFTY27JAN2624000PE,0.19635335681350186
20-01-2026 11:00||NIFTY27JAN2624400PE,0.16108415054789327
20-01-2026 11:00||NIFTY27JAN2624500PE,0.15259349459511312
20-01-2026 11:00||NIFTY27JAN2625300CE,0.10779856166752694
20-01-2026 11:00||NIFTY27JAN2625500CE,0.10607161863335172
20-01-2026 11:05||NIFTY27JAN2623800PE,0.21454192357144486
20-01-2026 11:05||NIFTY27JAN2624400PE,0.16058387215798936
20-01-2026 11:05||NIFTY27JAN2624500PE,0.15198735850017786
20-01-2026 11:05||NIFTY27JAN2625100PE,0.117249883443126
20-01-2026 11:05||NIFTY27JAN2625400CE,0.10772617605885998
20-01-2026 11:05||NIFTY27JAN2625500CE,0.1064571694078078
20-01-2026 11:05||NIFTY27JAN2625800CE,0.10713775389039862
20-01-2026 11:05||NIFTY27JAN2626000CE,0.11324676724063101
20-01-2026 11:05||NIFTY27JAN2626300CE,0.12952089219784912
20-01-2026 11:10||NIFTY27JAN2624500PE,0.15081876078196416
20-01-2026 11:10||NIFTY27JAN2624900PE,0.12571965810950808
20-01-2026 11:10||NIFTY27JAN2625200CE,0.11344410492698047
20-01-2026 11:10||NIFTY27JAN2625600CE,0.10763728404652789
20-01-2026 11:10||NIFTY27JAN2625700CE,0.10769496448680346
20-01-2026 11:15||NIFTY27JAN2623800PE,0.2113624860624913
20-01-2026 11:15||NIFTY27JAN2624300PE,0.16653569059723972
20-01-2026 11:15||NIFTY27JAN2624700PE,0.13535591972818867
20-01-2026 11:15||NIFTY27JAN2624800PE,0.12949847015532565
20-01-2026 11:15||NIFTY27JAN2625000PE,0.1192374066502763
20-01-2026 11:15||NIFTY27JAN2625300CE,0.11501513802682622
20-01-2026 11:15||NIFTY27JAN2625600CE,0.10828585844460437
20-01-2026 11:15||NIFTY27JAN2626200CE,0.12498525472336004
20-01-2026 11:20||NIFTY27JAN2624200PE,0.17537934392345217
20-01-2026 11:20||NIFTY27JAN2624500PE,0.1495618701557277
20-01-2026 11:20||NIFTY27JAN2624700PE,0.13515336200475359
20-01-2026 11:20||NIFTY27JAN2625700CE,0.10870926777536466
20-01-2026 11:20||NIFTY27JAN2626200CE,0.12449885381046229
20-01-2026 11:25||NIFTY27JAN2624000PE,0.19286259361510466
20-01-2026 11:25||NIFTY27JAN2624300PE,0.16554839428947943
20-01-2026 11:25||NIFTY27JAN2624600PE,0.14107811905938977
20-01-2026 11:25||NIFTY27JAN2624900PE,0.12199671125511813
20-01-2026 11:25||NIFTY27JAN2625200CE,0.12697038561306703
20-01-2026 11:25||NIFTY27JAN2625300CE,0.12159111727359394
20-01-2026 11:25||NIFTY27JAN2625700CE,0.11070836797460158
20-01-2026 11:25||NIFTY27JAN2626000CE,0.11586242289558671
20-01-2026 11:25||NIFTY27JAN2626100CE,0.12019766541909858
20-01-2026 11:30||NIFTY27JAN2623900PE,0.20408667441471173
20-01-2026 11:30||NIFTY27JAN2624200PE,0.17680026985564903
20-01-2026 11:30||NIFTY27JAN2624900PE,0.12470911361842466
20-01-2026 11:30||NIFTY27JAN2625200CE,0.11473780201252533
20-01-2026 11:30||NIFTY27JAN2625700CE,0.10770016898505273
20-01-2026 11:30||NIFTY27JAN2625800CE,0.10882769184835248
20-01-2026 11:30||NIFTY27JAN2626000CE,0.11330457022510507
20-01-2026 11:35||NIFTY27JAN2623800PE,0.2126269850423551
20-01-2026 11:35||NIFTY27JAN2625900CE,0.10930032005883933
20-01-2026 11:35||NIFTY27JAN2626300CE,0.12847148279720463
20-01-2026 11:35||NIFTY27JAN2626500CE,0.14301461559093562
20-01-2026 11:40||NIFTY27JAN2623800PE,0.2117490178180765
20-01-2026 11:40||NIFTY27JAN2624000PE,0.1937953609550424
20-01-2026 11:40||NIFTY27JAN2624100PE,0.1848661451488453
20-01-2026 11:40||NIFTY27JAN2624700PE,0.13479941441030047
20-01-2026 11:40||NIFTY27JAN2624800PE,0.12832541228324457
20-01-2026 11:40||NIFTY27JAN2625100PE,0.11298630545990071
20-01-2026 11:40||NIFTY27JAN2625300CE,0.11635821162451389
20-01-2026 11:45||NIFTY27JAN2623900PE,0.20378959032426436
20-01-2026 11:45||NIFTY27JAN2624500PE,0.14993656452124146
20-01-2026 11:45||NIFTY27JAN2624800PE,0.1281032291490128
20-01-2026 11:45||NIFTY27JAN2625500CE,0.11003443952340825
20-01-2026 11:45||NIFTY27JAN2625600CE,0.10782586462081789
20-01-2026 11:45||NIFTY27JAN2625800CE,0.10834416421174718
20-01-2026 11:45||NIFTY27JAN2625900CE,0.11086303745444848
20-01-2026 11:45||NIFTY27JAN2626000CE,0.11400363320359196
20-01-2026 11:45||NIFTY27JAN2626200CE,0.12278099250942293
20-01-2026 11:50||NIFTY27JAN2623800PE,0.21248000948230317
20-01-2026 11:50||NIFTY27JAN2624200PE,0.17706295957713936
20-01-2026 11:50||NIFTY27JAN2624600PE,0.14281890720159732
20-01-2026 11:50||NIFTY27JAN2624700PE,0.1353623774754131
20-01-2026 11:50||NIFTY27JAN2624900PE,0.12251907995415878
20-01-2026 11:50||NIFTY27JAN2625400CE,0.11128186186560429
20-01-2026 11:50||NIFTY27JAN2625600CE,0.10744419872394917
20-01-2026 11:50||NIFTY27JAN2625700CE,0.10653471196681605
20-01-2026 11:50||NIFTY27JAN2626100CE,0.11689075138854493
20-01-2026 11:50||NIFTY27JAN2626300CE,0.12861705590136227
20-01-2026 11:55||NIFTY27JAN2623800PE,0.22481615021915913
20-01-2026 11:55||NIFTY27JAN2623900PE,0.21255323524546327
20-01-2026 11:55||NIFTY27JAN2624000PE,0.20080733770727632
20-01-2026 11:55||NIFTY27JAN2624100PE,0.18963337201495717
20-01-2026 11:55||NIFTY27JAN2624400PE,0.16078993215853343
20-01-2026 11:55||NIFTY27JAN2624500PE,0.1522473329216953
20-01-2026 11:55||NIFTY27JAN2624900PE,0.1253336394679383
20-01-2026 11:55||NIFTY27JAN2625800CE,0.10358320915869171
20-01-2026 11:55||NIFTY27JAN2625900CE,0.10674484312541085
20-01-2026 12:00||NIFTY27JAN2623800PE,0.2131412608780404
20-01-2026 12:00||NIFTY27JAN2624400PE,0.1603297306986948
20-01-2026 12:00||NIFTY27JAN2624600PE,0.1446917164160363
20-01-2026 12:00||NIFTY27JAN2624700PE,0.13744779007782387
20-01-2026 12:00||NIFTY27JAN2625100PE,0.11757082684382313
20-01-2026 12:00||NIFTY27JAN2625800CE,0.10348774600330354
20-01-2026 12:00||NIFTY27JAN2625900CE,0.10684130820760293
20-01-2026 12:05||NIFTY27JAN2624200PE,0.17690447962931222
20-01-2026 12:05||NIFTY27JAN2624700PE,0.13669074845725243
20-01-2026 12:05||NIFTY27JAN2624900PE,0.12574843935826427
20-01-2026 12:05||NIFTY27JAN2625300CE,0.09679756490643471
20-01-2026 12:05||NIFTY27JAN2625800CE,0.10321335688165983
20-01-2026 12:05||NIFTY27JAN2626100CE,0.11750352147451959
20-01-2026 12:10||NIFTY27JAN2624200PE,0.17510050962245555
20-01-2026 12:10||NIFTY27JAN2624400PE,0.15781980699592635
20-01-2026 12:10||NIFTY27JAN2624500PE,0.1508891764319234
20-01-2026 12:10||NIFTY27JAN2624600PE,0.1439809788654352
20-01-2026 12:10||NIFTY27JAN2624700PE,0.13683247841052015
20-01-2026 12:10||NIFTY27JAN2624800PE,0.12967100862491876
20-01-2026 12:10||NIFTY27JAN2624900PE,0.12247616369551004
20-01-2026 12:10||NIFTY27JAN2625400CE,0.10863345704057123
20-01-2026 12:10||NIFTY27JAN2626200CE,0.1266175230661591
20-01-2026 12:15||NIFTY27JAN2624300PE,0.1671248089734641
20-01-2026 12:15||NIFTY27JAN2624500PE,0.15033581097838533
20-01-2026 12:15||NIFTY27JAN2624600PE,0.14264492309046017
20-01-2026 12:15||NIFTY27JAN2625000PE,0.11814681939018683
20-01-2026 12:15||NIFTY27JAN2625100PE,0.11375100286764368
20-01-2026 12:15||NIFTY27JAN2625400CE,0.10456480020417101
20-01-2026 12:15||NIFTY27JAN2626400CE,0.1392207931963682
20-01-2026 12:20||NIFTY27JAN2623900PE,0.20388390661571898
20-01-2026 12:20||NIFTY27JAN2624000PE,0.19436870385573407
20-01-2026 12:20||NIFTY27JAN2624100PE,0.18486969979917556
20-01-2026 12:20||NIFTY27JAN2625200CE,0.10840057141106801
20-01-2026 12:20||NIFTY27JAN2625300CE,0.10591268481107576
20-01-2026 12:20||NIFTY27JAN2625700CE,0.10513512947113124
20-01-2026 12:20||NIFTY27JAN2625800CE,0.10766211363591223
20-01-2026 12:20||NIFTY27JAN2625900CE,0.11059699669230383
20-01-2026 12:25||NIFTY27JAN2623800PE,0.20964988602557194
20-01-2026 12:25||NIFTY27JAN2624500PE,0.14756054568056076
20-01-2026 12:25||NIFTY27JAN2625000PE,0.11430695903973631
20-01-2026 12:25||NIFTY27JAN2625100PE,0.10928397614768255
20-01-2026 12:25||NIFTY27JAN2625700CE,0.10898253064474077
20-01-2026 12:25||NIFTY27JAN2626000CE,0.11601202851893072
20-01-2026 12:25||NIFTY27JAN2626300CE,0.13435060349837502
20-01-2026 12:30||NIFTY27JAN2623800PE,0.2137468884398681
20-01-2026 12:30||NIFTY27JAN2623900PE,0.2037827696620106
20-01-2026 12:30||NIFTY27JAN2624400PE,0.15736424676377472
20-01-2026 12:30||NIFTY27JAN2624900PE,0.12230533674719746
20-01-2026 12:30||NIFTY27JAN2625000PE,0.11702772758065014
20-01-2026 12:30||NIFTY27JAN2625100PE,0.11198879144113912
20-01-2026 12:30||NIFTY27JAN2625300CE,0.10742325628725352
20-01-2026 12:30||NIFTY27JAN2625500CE,0.10477526417662657
20-01-2026 12:30||NIFTY27JAN2626000CE,0.11450721381159447
20-01-2026 12:30||NIFTY27JAN2626500CE,0.15023362717573166
20-01-2026 12:35||NIFTY27JAN2623800PE,0.21032448696840814
20-01-2026 12:35||NIFTY27JAN2624000PE,0.19264387804813343
20-01-2026 12:35||NIFTY27JAN2624200PE,0.17436751291524594
20-01-2026 12:35||NIFTY27JAN2624700PE,0.13399417253093845
20-01-2026 12:35||NIFTY27JAN2625000PE,0.1169606368295387
20-01-2026 12:35||NIFTY27JAN2625200CE,0.1143838208211778
20-01-2026 12:35||NIFTY27JAN2625500CE,0.10801076341025401
20-01-2026 12:35||NIFTY27JAN2625700CE,0.1082003314715125
20-01-2026 12:35||NIFTY27JAN2625800CE,0.10958313908933813
20-01-2026 12:35||NIFTY27JAN2626200CE,0.1280315658746968
20-01-2026 12:35||NIFTY27JAN2626300CE,0.1353108529213003
20-01-2026 12:40||NIFTY27JAN2623800PE,0.20986310053611773
20-01-2026 12:40||NIFTY27JAN2624000PE,0.19251132814586547
20-01-2026 12:40||NIFTY27JAN2624200PE,0.17469736877404513
20-01-2026 12:40||NIFTY27JAN2624300PE,0.1655925260278328
20-01-2026 12:40||NIFTY27JAN2624600PE,0.14177142680909666
20-01-2026 12:40||NIFTY27JAN2624700PE,0.13502167330215256
20-01-2026 12:40||NIFTY27JAN2625400CE,0.10561287286840856
20-01-2026 12:40||NIFTY27JAN2625500CE,0.10503551542243418
20-01-2026 12:40||NIFTY27JAN2626000CE,0.11639089381639217
20-01-2026 12:40||NIFTY27JAN2626100CE,0.1224390373788309
20-01-2026 12:40||NIFTY27JAN2626200CE,0.12884317743329005
20-01-2026 12:45||NIFTY27JAN2623800PE,0.2082013812997473
20-01-2026 12:45||NIFTY27JAN2624300PE,0.16464946717028173
20-01-2026 12:45||NIFTY27JAN2624400PE,0.15596297793558284
20-01-2026 12:45||NIFTY27JAN2625100PE,0.11283471707770351
20-01-2026 12:45||NIFTY27JAN2626500CE,0.15120041902651074
20-01-2026 12:50||NIFTY27JAN2624200PE,0.17473184760647809
20-01-2026 12:50||NIFTY27JAN2624600PE,0.1414443856468523
20-01-2026 12:50||NIFTY27JAN2625600CE,0.1069751486829558
20-01-2026 12:50||NIFTY27JAN2625800CE,0.10870142227387208
20-01-2026 12:50||NIFTY27JAN2626000CE,0.11563282391875837
20-01-2026 12:50||NIFTY27JAN2626200CE,0.1268309615554186
20-01-2026 12:55||NIFTY27JAN2624200PE,0.174565468089054
20-01-2026 12:55||NIFTY27JAN2624600PE,0.14099640244491346
20-01-2026 12:55||NIFTY27JAN2624900PE,0.12187266518063211
20-01-2026 12:55||NIFTY27JAN2625400CE,0.10967367713188014
20-01-2026 12:55||NIFTY27JAN2625600CE,0.10713158020275922
20-01-2026 12:55||NIFTY27JAN2626000CE,0.11541577581904142
20-01-2026 13:00||NIFTY27JAN2623900PE,0.2031907168720768
20-01-2026 13:00||NIFTY27JAN2624200PE,0.17594682048183652
20-01-2026 13:00||NIFTY27JAN2624400PE,0.15825856150733392
20-01-2026 13:00||NIFTY27JAN2624500PE,0.1499056268082241
20-01-2026 13:00||NIFTY27JAN2624700PE,0.13484942298885463
20-01-2026 13:00||NIFTY27JAN2625100PE,0.1133525063919426
20-01-2026 13:00||NIFTY27JAN2625400CE,0.10766510949013924
20-01-2026 13:00||NIFTY27JAN2625500CE,0.10680506257102676
20-01-2026 13:00||NIFTY27JAN2625600CE,0.10625221255822487
20-01-2026 13:00||NIFTY27JAN2625800CE,0.10789577141684752
20-01-2026 13:00||NIFTY27JAN2625900CE,0.11127286010622847
20-01-2026 13:00||NIFTY27JAN2626400CE,0.14125127125525072
20-01-2026 13:05||NIFTY27JAN2623900PE,0.20292242920489142
20-01-2026 13:05||NIFTY27JAN2624200PE,0.17577229538335182
20-01-2026 13:05||NIFTY27JAN2624400PE,0.15794670208896683
20-01-2026 13:05||NIFTY27JAN2624800PE,0.12890197736967712
20-01-2026 13:05||NIFTY27JAN2624900PE,0.12303450678861722
20-01-2026 13:05||NIFTY27JAN2625300CE,0.10897158009331957
20-01-2026 13:05||NIFTY27JAN2625400CE,0.10716808013729406
20-01-2026 13:05||NIFTY27JAN2625600CE,0.10548588233271886
20-01-2026 13:05||NIFTY27JAN2626500CE,0.1503092304735088
20-01-2026 13:10||NIFTY27JAN2624000PE,0.19368122166260632
20-01-2026 13:10||NIFTY27JAN2624400PE,0.15807237934496499
20-01-2026 13:10||NIFTY27JAN2624700PE,0.13500869659160913
20-01-2026 13:10||NIFTY27JAN2625000PE,0.11806821595599906
20-01-2026 13:10||NIFTY27JAN2626000CE,0.11474832422653955
20-01-2026 13:10||NIFTY27JAN2626300CE,0.13369372078952685
20-01-2026 13:10||NIFTY27JAN2626400CE,0.1413809195831791
20-01-2026 13:15||NIFTY27JAN2623900PE,0.20252886368459688
20-01-2026 13:15||NIFTY27JAN2624300PE,0.16541502122656054
20-01-2026 13:15||NIFTY27JAN2624600PE,0.1407315897463049
20-01-2026 13:15||NIFTY27JAN2624900PE,0.12148583007132602
20-01-2026 13:15||NIFTY27JAN2625000PE,0.11639501754269965
20-01-2026 13:15||NIFTY27JAN2625200CE,0.11813438698908527
20-01-2026 13:15||NIFTY27JAN2625500CE,0.10938979669709517
20-01-2026 13:15||NIFTY27JAN2626000CE,0.11716868073326045
20-01-2026 13:15||NIFTY27JAN2626200CE,0.12862762639844127
20-01-2026 13:20||NIFTY27JAN2624100PE,0.1855164402226561
20-01-2026 13:20||NIFTY27JAN2624200PE,0.17641640500137507
20-01-2026 13:20||NIFTY27JAN2624600PE,0.1435396232096971
20-01-2026 13:20||NIFTY27JAN2625000PE,0.11818830716417647
20-01-2026 13:20||NIFTY27JAN2625100PE,0.11326144276233036
20-01-2026 13:20||NIFTY27JAN2625200CE,0.10649598838282018
20-01-2026 13:20||NIFTY27JAN2625700CE,0.10489819080178271
20-01-2026 13:20||NIFTY27JAN2626100CE,0.11987823485958415
20-01-2026 13:20||NIFTY27JAN2626200CE,0.12588085574394198
20-01-2026 13:25||NIFTY27JAN2623800PE,0.2112627212419265
20-01-2026 13:25||NIFTY27JAN2624000PE,0.19346133714542743
20-01-2026 13:25||NIFTY27JAN2624100PE,0.18448603419794246
20-01-2026 13:25||NIFTY27JAN2624600PE,0.14179772332459842
20-01-2026 13:25||NIFTY27JAN2624700PE,0.13481713241244975
20-01-2026 13:25||NIFTY27JAN2625000PE,0.11787282745541461
20-01-2026 13:25||NIFTY27JAN2625300CE,0.1099522827571836
20-01-2026 13:25||NIFTY27JAN2625600CE,0.1062640263184105
20-01-2026 13:25||NIFTY27JAN2625800CE,0.10810819827111506
20-01-2026 13:25||NIFTY27JAN2625900CE,0.11286975582218667
20-01-2026 13:25||NIFTY27JAN2626000CE,0.11750725484500195
20-01-2026 13:25||NIFTY27JAN2626100CE,0.12229996501435922
20-01-2026 13:25||NIFTY27JAN2626200CE,0.1269657522184322
20-01-2026 13:30||NIFTY27JAN2624100PE,0.18476613344434606
20-01-2026 13:30||NIFTY27JAN2624400PE,0.15766078224229602
20-01-2026 13:30||NIFTY27JAN2624700PE,0.13513397119213585
20-01-2026 13:30||NIFTY27JAN2624900PE,0.12411900833257669
20-01-2026 13:30||NIFTY27JAN2625200CE,0.10534700421754549
20-01-2026 13:30||NIFTY27JAN2626000CE,0.11488517802897959
20-01-2026 13:30||NIFTY27JAN2626200CE,0.12644331815195228
20-01-2026 13:30||NIFTY27JAN2626300CE,0.1330203092557649
20-01-2026 13:30||NIFTY27JAN2626500CE,0.14845149586286707
20-01-2026 13:35||NIFTY27JAN2625100PE,0.11720956197140318
20-01-2026 13:35||NIFTY27JAN2625600CE,0.10553029854869767
20-01-2026 13:35||NIFTY27JAN2625800CE,0.10951421815990725
20-01-2026 13:35||NIFTY27JAN2626000CE,0.11789161527454818
20-01-2026 13:40||NIFTY27JAN2623800PE,0.2111558812109124
20-01-2026 13:40||NIFTY27JAN2624600PE,0.14014801876379107
20-01-2026 13:40||NIFTY27JAN2625000PE,0.11639372925511166
20-01-2026 13:40||NIFTY27JAN2625300CE,0.11610146907250654
20-01-2026 13:40||NIFTY27JAN2625700CE,0.1120986668410567
20-01-2026 13:45||NIFTY27JAN2623900PE,0.20245822247238904
20-01-2026 13:45||NIFTY27JAN2624000PE,0.19351442070581448
20-01-2026 13:45||NIFTY27JAN2624400PE,0.15781800838794896
20-01-2026 13:45||NIFTY27JAN2624600PE,0.14265745896728538
20-01-2026 13:45||NIFTY27JAN2624900PE,0.12395252810273032
20-01-2026 13:50||NIFTY27JAN2624000PE,0.19316564286868448
20-01-2026 13:50||NIFTY27JAN2624100PE,0.1841086180531575
20-01-2026 13:50||NIFTY27JAN2624200PE,0.17505838661857134
20-01-2026 13:50||NIFTY27JAN2624300PE,0.16597383120096268
20-01-2026 13:50||NIFTY27JAN2624500PE,0.14852432143118516
20-01-2026 13:50||NIFTY27JAN2625200CE,0.11984211378472226
20-01-2026 13:50||NIFTY27JAN2625400CE,0.11259330675041113
20-01-2026 13:50||NIFTY27JAN2626000CE,0.12190306759901054
20-01-2026 13:50||NIFTY27JAN2626100CE,0.12799084671053645
20-01-2026 13:50||NIFTY27JAN2626200CE,0.1343053744822585
20-01-2026 13:55||NIFTY27JAN2624000PE,0.19340280133561122
20-01-2026 13:55||NIFTY27JAN2624200PE,0.17516881723060174
20-01-2026 13:55||NIFTY27JAN2624400PE,0.15736740359840107
20-01-2026 13:55||NIFTY27JAN2624800PE,0.12906291538165543
20-01-2026 13:55||NIFTY27JAN2624900PE,0.12317812685563266
20-01-2026 13:55||NIFTY27JAN2625200CE,0.12058270906732815
20-01-2026 13:55||NIFTY27JAN2625400CE,0.1127737944042626
20-01-2026 13:55||NIFTY27JAN2625600CE,0.11054246924110986
20-01-2026 14:00||NIFTY27JAN2623800PE,0.2113558679560566
20-01-2026 14:00||NIFTY27JAN2624100PE,0.18624448264141805
20-01-2026 14:00||NIFTY27JAN2624200PE,0.17654030641328006
20-01-2026 14:00||NIFTY27JAN2624600PE,0.14192501859931506
20-01-2026 14:00||NIFTY27JAN2624800PE,0.12877151681379922
20-01-2026 14:00||NIFTY27JAN2624900PE,0.12363859413847518
20-01-2026 14:00||NIFTY27JAN2625000PE,0.11947832729025472
20-01-2026 14:00||NIFTY27JAN2625100PE,0.11629232570770029
20-01-2026 14:00||NIFTY27JAN2625200CE,0.11610385945654751
20-01-2026 14:00||NIFTY27JAN2626000CE,0.12086929805380991
20-01-2026 14:00||NIFTY27JAN2626100CE,0.12662009828867046
20-01-2026 14:05||NIFTY27JAN2623800PE,0.21270984359567227
20-01-2026 14:05||NIFTY27JAN2625100PE,0.11569686314933457
20-01-2026 14:05||NIFTY27JAN2625200CE,0.11542690311850294
20-01-2026 14:05||NIFTY27JAN2625300CE,0.11181530731633699
20-01-2026 14:05||NIFTY27JAN2626100CE,0.1283141797099709
20-01-2026 14:05||NIFTY27JAN2626200CE,0.1348915274593266
20-01-2026 14:05||NIFTY27JAN2626400CE,0.14956487764105758
20-01-2026 14:10||NIFTY27JAN2624000PE,0.19417435245933776
20-01-2026 14:10||NIFTY27JAN2624200PE,0.17623936293317619
20-01-2026 14:10||NIFTY27JAN2624500PE,0.15058501523262643
20-01-2026 14:10||NIFTY27JAN2624900PE,0.12354545516581593
20-01-2026 14:10||NIFTY27JAN2625000PE,0.1182465104180162
20-01-2026 14:10||NIFTY27JAN2625100PE,0.11334502029294402
20-01-2026 14:10||NIFTY27JAN2625500CE,0.11185109487592976
20-01-2026 14:10||NIFTY27JAN2625700CE,0.11249750380619204
20-01-2026 14:10||NIFTY27JAN2626100CE,0.13004301909342203
20-01-2026 14:10||NIFTY27JAN2626200CE,0.13676085489544643
20-01-2026 14:10||NIFTY27JAN2626300CE,0.14366687792190508
20-01-2026 14:15||NIFTY27JAN2623800PE,0.21146205270862162
20-01-2026 14:15||NIFTY27JAN2624100PE,0.18404557616264705
20-01-2026 14:15||NIFTY27JAN2624200PE,0.17539924269518803
20-01-2026 14:15||NIFTY27JAN2624500PE,0.1512553345905201
20-01-2026 14:15||NIFTY27JAN2624600PE,0.14405623759190284
20-01-2026 14:15||NIFTY27JAN2624900PE,0.12522576260347817
20-01-2026 14:15||NIFTY27JAN2625100PE,0.11642710226990505
20-01-2026 14:15||NIFTY27JAN2625200CE,0.11316732745921501
20-01-2026 14:15||NIFTY27JAN2625400CE,0.10869086553073501
20-01-2026 14:15||NIFTY27JAN2626000CE,0.12095613805465555
20-01-2026 14:15||NIFTY27JAN2626200CE,0.13352793174225486
20-01-2026 14:15||NIFTY27JAN2626300CE,0.14059811117515136
20-01-2026 14:15||NIFTY27JAN2626500CE,0.15668574530460222
20-01-2026 14:20||NIFTY27JAN2625400CE,0.11570874678157828
20-01-2026 14:20||NIFTY27JAN2625700CE,0.1138045130177101
20-01-2026 14:20||NIFTY27JAN2626100CE,0.12885012299622928
20-01-2026 14:20||NIFTY27JAN2626500CE,0.15762222567584305
20-01-2026 14:25||NIFTY27JAN2623800PE,0.2113685563602867
20-01-2026 14:25||NIFTY27JAN2624100PE,0.18607466334729816
20-01-2026 14:25||NIFTY27JAN2624600PE,0.14297481088947334
20-01-2026 14:25||NIFTY27JAN2624700PE,0.13591825410696243
20-01-2026 14:25||NIFTY27JAN2625400CE,0.11418255510386134
20-01-2026 14:25||NIFTY27JAN2625600CE,0.11164653400202923
20-01-2026 14:25||NIFTY27JAN2625900CE,0.11718961988268509
20-01-2026 14:30||NIFTY27JAN2624000PE,0.19565120369242933
20-01-2026 14:30||NIFTY27JAN2624100PE,0.1870532859438111
20-01-2026 14:30||NIFTY27JAN2624600PE,0.14569631752461387
20-01-2026 14:30||NIFTY27JAN2625400CE,0.10778951723818928
20-01-2026 14:30||NIFTY27JAN2625500CE,0.10685694403587104
20-01-2026 14:30||NIFTY27JAN2625800CE,0.1106471245792518
20-01-2026 14:30||NIFTY27JAN2626000CE,0.1188564183048301
20-01-2026 14:30||NIFTY27JAN2626400CE,0.14479957030118926
20-01-2026 14:30||NIFTY27JAN2626500CE,0.15319475945264638
20-01-2026 14:35||NIFTY27JAN2624600PE,0.14747135725649418
20-01-2026 14:35||NIFTY27JAN2624800PE,0.13437219783658627
20-01-2026 14:35||NIFTY27JAN2625600CE,0.10642856571284517
20-01-2026 14:35||NIFTY27JAN2626000CE,0.11841135704750713
20-01-2026 14:35||NIFTY27JAN2626300CE,0.1368458071173989
20-01-2026 14:40||NIFTY27JAN2623800PE,0.21619912241135264
20-01-2026 14:40||NIFTY27JAN2624400PE,0.16375431284012035
20-01-2026 14:40||NIFTY27JAN2625200CE,0.11168355017396142
20-01-2026 14:40||NIFTY27JAN2625500CE,0.10711247300527243
20-01-2026 14:45||NIFTY27JAN2624600PE,0.14592167063723216
20-01-2026 14:45||NIFTY27JAN2625500CE,0.11008239075397698
20-01-2026 14:45||NIFTY27JAN2626000CE,0.12224664164374471
20-01-2026 14:45||NIFTY27JAN2626100CE,0.12805514055264178
20-01-2026 14:45||NIFTY27JAN2626500CE,0.15476604388817036
20-01-2026 14:50||NIFTY27JAN2624000PE,0.19919238924720817
20-01-2026 14:50||NIFTY27JAN2624200PE,0.18031519725055553
20-01-2026 14:50||NIFTY27JAN2624900PE,0.1275232741692471
20-01-2026 14:50||NIFTY27JAN2625100PE,0.11878692307470827
20-01-2026 14:50||NIFTY27JAN2625500CE,0.10372409870221931
20-01-2026 14:50||NIFTY27JAN2625900CE,0.11429181304860508
20-01-2026 14:50||NIFTY27JAN2626100CE,0.12545982455039117
20-01-2026 14:50||NIFTY27JAN2626400CE,0.14625075919422414
20-01-2026 14:55||NIFTY27JAN2623900PE,0.20911034740304507
20-01-2026 14:55||NIFTY27JAN2624000PE,0.19956874284114437
20-01-2026 14:55||NIFTY27JAN2624100PE,0.18988626029913783
20-01-2026 14:55||NIFTY27JAN2624600PE,0.14600285317608114
20-01-2026 14:55||NIFTY27JAN2625100PE,0.11982515209926536
20-01-2026 14:55||NIFTY27JAN2625200CE,0.09772352762246042
20-01-2026 14:55||NIFTY27JAN2625800CE,0.10966768250500386
20-01-2026 14:55||NIFTY27JAN2625900CE,0.11459446335642007
20-01-2026 14:55||NIFTY27JAN2626000CE,0.11978432687142986
20-01-2026 14:55||NIFTY27JAN2626400CE,0.14809859876765286
20-01-2026 14:55||NIFTY27JAN2626500CE,0.1569916580326275
20-01-2026 15:00||NIFTY27JAN2624600PE,0.14136925937419154
20-01-2026 15:00||NIFTY27JAN2624800PE,0.12983119659865042
20-01-2026 15:00||NIFTY27JAN2625600CE,0.10810662423092965
20-01-2026 15:00||NIFTY27JAN2625700CE,0.11119021413658678
20-01-2026 15:00||NIFTY27JAN2626100CE,0.13258086067151026
20-01-2026 15:00||NIFTY27JAN2626200CE,0.1395949045558712
20-01-2026 15:00||NIFTY27JAN2626400CE,0.15452110368795963
20-01-2026 15:05||NIFTY27JAN2623900PE,0.20654722261451303
20-01-2026 15:05||NIFTY27JAN2624300PE,0.16828472451368892
20-01-2026 15:05||NIFTY27JAN2624400PE,0.159681461183145
20-01-2026 15:05||NIFTY27JAN2624600PE,0.1449611070815063
20-01-2026 15:05||NIFTY27JAN2625000PE,0.1257307630047209
20-01-2026 15:05||NIFTY27JAN2625200CE,0.09838141802038504
20-01-2026 15:05||NIFTY27JAN2625300CE,0.09863279402705155
20-01-2026 15:05||NIFTY27JAN2626100CE,0.1311103024446859
20-01-2026 15:05||NIFTY27JAN2626200CE,0.13804817694911692
20-01-2026 15:10||NIFTY27JAN2623800PE,0.21436418769193127
20-01-2026 15:10||NIFTY27JAN2624300PE,0.16656641028563518
20-01-2026 15:10||NIFTY27JAN2625000PE,0.130399296459298
20-01-2026 15:10||NIFTY27JAN2625100PE,0.12862481817881868
20-01-2026 15:10||NIFTY27JAN2625300CE,0.10105030537200299
20-01-2026 15:10||NIFTY27JAN2625400CE,0.10319186680364364
20-01-2026 15:10||NIFTY27JAN2625900CE,0.12477623889349101
20-01-2026 15:10||NIFTY27JAN2626100CE,0.1375977280729955
20-01-2026 15:10||NIFTY27JAN2626300CE,0.15183806613210205
20-01-2026 15:15||NIFTY27JAN2624000PE,0.2040416526024721
20-01-2026 15:15||NIFTY27JAN2624200PE,0.18246534373839668
20-01-2026 15:15||NIFTY27JAN2624500PE,0.15638702783231578
20-01-2026 15:15||NIFTY27JAN2624600PE,0.14953717696123942
20-01-2026 15:15||NIFTY27JAN2624800PE,0.1378232978612789
20-01-2026 15:15||NIFTY27JAN2625000PE,0.12942571523304353
20-01-2026 15:15||NIFTY27JAN2625100PE,0.12635291040904695
20-01-2026 15:15||NIFTY27JAN2625700CE,0.11673039682967476
20-01-2026 15:15||NIFTY27JAN2625900CE,0.12715043215545352
20-01-2026 15:15||NIFTY27JAN2626000CE,0.13322383864275833
20-01-2026 15:15||NIFTY27JAN2626200CE,0.14652807006912125
20-01-2026 15:20||NIFTY27JAN2623800PE,0.2195526136140885
20-01-2026 15:20||NIFTY27JAN2624000PE,0.19908818994293676
20-01-2026 15:20||NIFTY27JAN2624200PE,0.1789557923082283
20-01-2026 15:20||NIFTY27JAN2624300PE,0.16903204127117405
20-01-2026 15:20||NIFTY27JAN2624500PE,0.15146509873622904
20-01-2026 15:20||NIFTY27JAN2624600PE,0.14374220929150167
20-01-2026 15:20||NIFTY27JAN2625000PE,0.12104803558680412
20-01-2026 15:20||NIFTY27JAN2625500CE,0.11925676355073384
20-01-2026 15:20||NIFTY27JAN2625700CE,0.12382515923906992
20-01-2026 15:20||NIFTY27JAN2626400CE,0.1644480269012185
20-01-2026 15:25||NIFTY27JAN2623800PE,0.22084025002013935
20-01-2026 15:25||NIFTY27JAN2625100PE,0.10987138392595781
20-01-2026 15:25||NIFTY27JAN2625200CE,0.13620394598789995
20-01-2026 15:25||NIFTY27JAN2625300CE,0.13119244646871858
20-01-2026 15:25||NIFTY27JAN2625400CE,0.1280965212306524
20-01-2026 15:25||NIFTY27JAN2625900CE,0.1346430320122321
20-01-2026 15:25||NIFTY27JAN2626200CE,0.15097959714011666
20-01-2026 15:25||NIFTY27JAN2626300CE,0.15794660444245573
21-01-2026 09:15||NIFTY27JAN2623900PE,0.21188504431356261
21-01-2026 09:15||NIFTY27JAN2625100PE,0.10234646835601087
21-01-2026 09:15||NIFTY27JAN2625200CE,0.16096431049745125
21-01-2026 09:15||NIFTY27JAN2625400CE,0.14641817952587993
21-01-2026 09:15||NIFTY27JAN2625600CE,0.14147134570706493
21-01-2026 09:15||NIFTY27JAN2625700CE,0.14093936884430014
21-01-2026 09:15||NIFTY27JAN2625900CE,0.14341857773811528
21-01-2026 09:15||NIFTY27JAN2626200CE,0.15934818924468824
21-01-2026 09:15||NIFTY27JAN2626400CE,0.17285864057273828
21-01-2026 09:20||NIFTY27JAN2623900PE,0.21930594214667576
21-01-2026 09:20||NIFTY27JAN2624300PE,0.17882067887582398
21-01-2026 09:20||NIFTY27JAN2624400PE,0.16896027406995454
21-01-2026 09:20||NIFTY27JAN2625300CE,0.13765696615581235
21-01-2026 09:20||NIFTY27JAN2626300CE,0.1611768100594392
21-01-2026 09:25||NIFTY27JAN2623800PE,0.238969606481922
21-01-2026 09:25||NIFTY27JAN2624000PE,0.21856231890304606
21-01-2026 09:25||NIFTY27JAN2624200PE,0.19852544083836907
21-01-2026 09:25||NIFTY27JAN2624300PE,0.18857318304390558
21-01-2026 09:25||NIFTY27JAN2624400PE,0.1786878754675797
21-01-2026 09:25||NIFTY27JAN2624700PE,0.15202406226652784
21-01-2026 09:25||NIFTY27JAN2625100PE,0.12752774257449473
21-01-2026 09:25||NIFTY27JAN2625300CE,0.11006208129341549
21-01-2026 09:25||NIFTY27JAN2625600CE,0.11196560501525309
21-01-2026 09:25||NIFTY27JAN2625800CE,0.11930212337658683
21-01-2026 09:30||NIFTY27JAN2623800PE,0.23664542351360637
21-01-2026 09:30||NIFTY27JAN2623900PE,0.22590895233483482
21-01-2026 09:30||NIFTY27JAN2624000PE,0.21514569010545898
21-01-2026 09:30||NIFTY27JAN2624400PE,0.17323142473485473
21-01-2026 09:30||NIFTY27JAN2624800PE,0.13472984448203926
21-01-2026 09:30||NIFTY27JAN2625200CE,0.1360217916117407
21-01-2026 09:30||NIFTY27JAN2625300CE,0.12880680747319811
21-01-2026 09:30||NIFTY27JAN2625700CE,0.12362258796233916
21-01-2026 09:30||NIFTY27JAN2625800CE,0.12702844009894307
21-01-2026 09:30||NIFTY27JAN2626000CE,0.13629751016253636
21-01-2026 09:35||NIFTY27JAN2623900PE,0.22828428714583354
21-01-2026 09:35||NIFTY27JAN2624200PE,0.1967828207481943
21-01-2026 09:35||NIFTY27JAN2625200CE,0.11094902950652036
21-01-2026 09:35||NIFTY27JAN2625300CE,0.10907023328188804
21-01-2026 09:35||NIFTY27JAN2625500CE,0.10981564531629023
21-01-2026 09:35||NIFTY27JAN2625600CE,0.1118761003477231
21-01-2026 09:35||NIFTY27JAN2626200CE,0.14717350579699529
21-01-2026 09:40||NIFTY27JAN2624400PE,0.1684162528224785
21-01-2026 09:40||NIFTY27JAN2624600PE,0.14885590236043494
21-01-2026 09:40||NIFTY27JAN2625100PE,0.10816671419388396
21-01-2026 09:40||NIFTY27JAN2625200CE,0.12691148878228348
21-01-2026 09:40||NIFTY27JAN2625300CE,0.12291211513639505
21-01-2026 09:40||NIFTY27JAN2625900CE,0.13204729106737131
21-01-2026 09:40||NIFTY27JAN2626300CE,0.16009675914376809
21-01-2026 09:40||NIFTY27JAN2626400CE,0.16810999574952895
21-01-2026 09:45||NIFTY27JAN2623800PE,0.23030955220192542
21-01-2026 09:45||NIFTY27JAN2624100PE,0.19856243141630486
21-01-2026 09:45||NIFTY27JAN2624400PE,0.16810506443847123
21-01-2026 09:45||NIFTY27JAN2625200CE,0.1273350886104437
21-01-2026 09:45||NIFTY27JAN2625600CE,0.12001923858453864
21-01-2026 09:45||NIFTY27JAN2626000CE,0.13779880185196966
21-01-2026 09:45||NIFTY27JAN2626100CE,0.14651528464723457
21-01-2026 09:45||NIFTY27JAN2626200CE,0.1568702566328498
21-01-2026 09:45||NIFTY27JAN2626300CE,0.1689194113261906
21-01-2026 09:45||NIFTY27JAN2626400CE,0.1826675867809319
21-01-2026 09:45||NIFTY27JAN2626500CE,0.19807820296781858
21-01-2026 09:50||NIFTY27JAN2624700PE,0.13875889465337987
21-01-2026 09:50||NIFTY27JAN2624900PE,0.12327141147391552
21-01-2026 09:50||NIFTY27JAN2625100PE,0.11014223653831016
21-01-2026 09:50||NIFTY27JAN2625200CE,0.1206794716371512
21-01-2026 09:50||NIFTY27JAN2625400CE,0.11825599891360708
21-01-2026 09:50||NIFTY27JAN2625500CE,0.1187599333428688
21-01-2026 09:50||NIFTY27JAN2625600CE,0.11948426122595765
21-01-2026 09:50||NIFTY27JAN2625800CE,0.12458896890117954
21-01-2026 09:50||NIFTY27JAN2625900CE,0.13074612650417944
21-01-2026 09:55||NIFTY27JAN2624100PE,0.19523219571886707
21-01-2026 09:55||NIFTY27JAN2624200PE,0.18578796016210009
21-01-2026 09:55||NIFTY27JAN2624400PE,0.16695702205485258
21-01-2026 09:55||NIFTY27JAN2624800PE,0.13399210644248935
21-01-2026 09:55||NIFTY27JAN2625400CE,0.1120420792773658
21-01-2026 09:55||NIFTY27JAN2625800CE,0.12282923683306403
21-01-2026 09:55||NIFTY27JAN2626000CE,0.13647550145884363
21-01-2026 09:55||NIFTY27JAN2626100CE,0.14434520365188885
21-01-2026 09:55||NIFTY27JAN2626200CE,0.15250409658501007
21-01-2026 09:55||NIFTY27JAN2626500CE,0.17837320053294917
21-01-2026 10:00||NIFTY27JAN2624000PE,0.20173070580230484
21-01-2026 10:00||NIFTY27JAN2624500PE,0.15326291721395213
21-01-2026 10:00||NIFTY27JAN2625000PE,0.11507648775127302
21-01-2026 10:00||NIFTY27JAN2625300CE,0.12270248647630211
21-01-2026 10:00||NIFTY27JAN2625400CE,0.12079102596862543
21-01-2026 10:00||NIFTY27JAN2625800CE,0.128449333725157
21-01-2026 10:00||NIFTY27JAN2626400CE,0.1729111785674265
21-01-2026 10:00||NIFTY27JAN2626500CE,0.18286980410879644
21-01-2026 10:05||NIFTY27JAN2624000PE,0.2027364857232977
21-01-2026 10:05||NIFTY27JAN2625200CE,0.1176544166004848
21-01-2026 10:05||NIFTY27JAN2625600CE,0.11827562799017091
21-01-2026 10:05||NIFTY27JAN2625700CE,0.12223582253531026
21-01-2026 10:05||NIFTY27JAN2625800CE,0.12676051249643416
21-01-2026 10:10||NIFTY27JAN2624000PE,0.1977196171470918
21-01-2026 10:10||NIFTY27JAN2624400PE,0.15930446063328096
21-01-2026 10:10||NIFTY27JAN2624500PE,0.15006366215200853
21-01-2026 10:10||NIFTY27JAN2625800CE,0.1307803894373527
21-01-2026 10:10||NIFTY27JAN2625900CE,0.13662587212242122
21-01-2026 10:10||NIFTY27JAN2626100CE,0.14997498576504328
21-01-2026 10:15||NIFTY27JAN2624000PE,0.19999025980008384
21-01-2026 10:15||NIFTY27JAN2624200PE,0.18006730234407084
21-01-2026 10:15||NIFTY27JAN2624500PE,0.15194102845446292
21-01-2026 10:15||NIFTY27JAN2624600PE,0.143292666998744
21-01-2026 10:15||NIFTY27JAN2625500CE,0.11932166719147894
21-01-2026 10:15||NIFTY27JAN2626100CE,0.14888413669780576
21-01-2026 10:20||NIFTY27JAN2623800PE,0.2202221648517381
21-01-2026 10:20||NIFTY27JAN2624000PE,0.20169797386847477
21-01-2026 10:20||NIFTY27JAN2625700CE,0.12035717063330303
21-01-2026 10:20||NIFTY27JAN2625900CE,0.1331676584918144
21-01-2026 10:20||NIFTY27JAN2626400CE,0.17288853575329582
21-01-2026 10:25||NIFTY27JAN2623800PE,0.2191049645372588
21-01-2026 10:25||NIFTY27JAN2624300PE,0.17020865726173617
21-01-2026 10:25||NIFTY27JAN2625000PE,0.11805342709642849
21-01-2026 10:25||NIFTY27JAN2625700CE,0.1281650643148756
21-01-2026 10:25||NIFTY27JAN2626200CE,0.1622008750332738
21-01-2026 10:30||NIFTY27JAN2624200PE,0.1775200976457752
21-01-2026 10:30||NIFTY27JAN2624700PE,0.13470232801580678
21-01-2026 10:30||NIFTY27JAN2624800PE,0.12768716774270805
21-01-2026 10:30||NIFTY27JAN2625200CE,0.12245680180680941
21-01-2026 10:30||NIFTY27JAN2625900CE,0.14060352189770287
21-01-2026 10:30||NIFTY27JAN2626300CE,0.17103794446102505
21-01-2026 10:30||NIFTY27JAN2626400CE,0.17882654426249409
21-01-2026 10:35||NIFTY27JAN2624400PE,0.15907082795280078
21-01-2026 10:35||NIFTY27JAN2624800PE,0.1294680477091179
21-01-2026 10:35||NIFTY27JAN2625100PE,0.1146809033565264
21-01-2026 10:35||NIFTY27JAN2625500CE,0.1204625837760771
21-01-2026 10:35||NIFTY27JAN2625600CE,0.12409930298298605
21-01-2026 10:35||NIFTY27JAN2625800CE,0.13389651997445856
21-01-2026 10:35||NIFTY27JAN2625900CE,0.14037965851299394
21-01-2026 10:40||NIFTY27JAN2623900PE,0.21020218588833756
21-01-2026 10:40||NIFTY27JAN2624200PE,0.18374458994809115
21-01-2026 10:40||NIFTY27JAN2624500PE,0.1604478027301467
21-01-2026 10:40||NIFTY27JAN2624600PE,0.15392499604947862
21-01-2026 10:40||NIFTY27JAN2624800PE,0.1428544701790988
21-01-2026 10:40||NIFTY27JAN2625200CE,0.10960459738119713
21-01-2026 10:40||NIFTY27JAN2625300CE,0.11182872397246765
21-01-2026 10:40||NIFTY27JAN2625400CE,0.11503163626180656
21-01-2026 10:40||NIFTY27JAN2626300CE,0.1749702405149597
21-01-2026 10:45||NIFTY27JAN2624100PE,0.18479467421870938
21-01-2026 10:45||NIFTY27JAN2624700PE,0.13658844743148968
21-01-2026 10:45||NIFTY27JAN2624800PE,0.13048944400194235
21-01-2026 10:45||NIFTY27JAN2625700CE,0.1425524451918806
21-01-2026 10:45||NIFTY27JAN2626300CE,0.1867272710168436
21-01-2026 10:45||NIFTY27JAN2626400CE,0.19702732281102608
21-01-2026 10:45||NIFTY27JAN2626500CE,0.2084846604305822
21-01-2026 10:50||NIFTY27JAN2623900PE,0.21310690345890432
21-01-2026 10:50||NIFTY27JAN2624000PE,0.2038663445888491
21-01-2026 10:50||NIFTY27JAN2624100PE,0.19487084826688844
21-01-2026 10:50||NIFTY27JAN2624300PE,0.1783789263379918
21-01-2026 10:50||NIFTY27JAN2624400PE,0.17077585425327713
21-01-2026 10:50||NIFTY27JAN2624500PE,0.1634417684860976
21-01-2026 10:50||NIFTY27JAN2624900PE,0.1447406136625003
21-01-2026 10:50||NIFTY27JAN2625400CE,0.12605269333409216
21-01-2026 10:50||NIFTY27JAN2625700CE,0.14129829392267293
21-01-2026 10:50||NIFTY27JAN2625900CE,0.15499705220300103
21-01-2026 10:50||NIFTY27JAN2626400CE,0.1940480112230707
21-01-2026 10:55||NIFTY27JAN2623900PE,0.21070750096860372
21-01-2026 10:55||NIFTY27JAN2624300PE,0.1723405094452969
21-01-2026 10:55||NIFTY27JAN2624800PE,0.1312779211003033
21-01-2026 10:55||NIFTY27JAN2624900PE,0.12490542534412866
21-01-2026 10:55||NIFTY27JAN2625000PE,0.11930514894584847
21-01-2026 10:55||NIFTY27JAN2625100PE,0.11446684660602391
21-01-2026 10:55||NIFTY27JAN2625300CE,0.14240535617278613
21-01-2026 10:55||NIFTY27JAN2625700CE,0.15279381697821326
21-01-2026 10:55||NIFTY27JAN2625800CE,0.15828134857990328
21-01-2026 10:55||NIFTY27JAN2625900CE,0.16404600739129074
21-01-2026 10:55||NIFTY27JAN2626200CE,0.18447275453833384
21-01-2026 11:00||NIFTY27JAN2623800PE,0.22510234376758567
21-01-2026 11:00||NIFTY27JAN2624000PE,0.20402584187924916
21-01-2026 11:00||NIFTY27JAN2624300PE,0.17536737528201612
21-01-2026 11:00||NIFTY27JAN2624500PE,0.15903655118211085
21-01-2026 11:00||NIFTY27JAN2624600PE,0.1514297624561238
21-01-2026 11:00||NIFTY27JAN2624800PE,0.1379636977002221
21-01-2026 11:00||NIFTY27JAN2625100PE,0.1227922430672786
21-01-2026 11:00||NIFTY27JAN2625300CE,0.13506375391839384
21-01-2026 11:00||NIFTY27JAN2626300CE,0.18890354395981188
21-01-2026 11:05||NIFTY27JAN2623800PE,0.22040303835922306
21-01-2026 11:05||NIFTY27JAN2624000PE,0.19856678739616015
21-01-2026 11:05||NIFTY27JAN2624100PE,0.1882867784546431
21-01-2026 11:05||NIFTY27JAN2624400PE,0.16012720617076864
21-01-2026 11:05||NIFTY27JAN2624900PE,0.12418466687737076
21-01-2026 11:05||NIFTY27JAN2625000PE,0.11836786718265142
21-01-2026 11:05||NIFTY27JAN2625200CE,0.1372340345384187
21-01-2026 11:10||NIFTY27JAN2624400PE,0.16142326234244153
21-01-2026 11:10||NIFTY27JAN2624800PE,0.12568731738971006
21-01-2026 11:10||NIFTY27JAN2625200CE,0.14120197925684405
21-01-2026 11:10||NIFTY27JAN2625300CE,0.14004880222823543
21-01-2026 11:10||NIFTY27JAN2625500CE,0.14159881377509745
21-01-2026 11:10||NIFTY27JAN2625800CE,0.152812047100862
21-01-2026 11:10||NIFTY27JAN2625900CE,0.1589501997548706
21-01-2026 11:10||NIFTY27JAN2626000CE,0.16517575754486272
21-01-2026 11:10||NIFTY27JAN2626100CE,0.17147448085016198
21-01-2026 11:15||NIFTY27JAN2624300PE,0.1716726840413116
21-01-2026 11:15||NIFTY27JAN2625100PE,0.10601159986469345
21-01-2026 11:15||NIFTY27JAN2625200CE,0.13749522970075295
21-01-2026 11:15||NIFTY27JAN2625300CE,0.13696486981801487
21-01-2026 11:15||NIFTY27JAN2625400CE,0.1374818188888273
21-01-2026 11:15||NIFTY27JAN2625900CE,0.15459073895144626
21-01-2026 11:15||NIFTY27JAN2626400CE,0.18783270512176442
21-01-2026 11:15||NIFTY27JAN2626500CE,0.1953088387953861
21-01-2026 11:20||NIFTY27JAN2623900PE,0.21508531115837337
21-01-2026 11:20||NIFTY27JAN2624000PE,0.2052389369498531
21-01-2026 11:20||NIFTY27JAN2624100PE,0.1954284381273158
21-01-2026 11:20||NIFTY27JAN2625800CE,0.14401693777918903
21-01-2026 11:20||NIFTY27JAN2626000CE,0.15670470154173025
21-01-2026 11:20||NIFTY27JAN2626100CE,0.16365363206264189
21-01-2026 11:20||NIFTY27JAN2626400CE,0.18468506178440636
21-01-2026 11:20||NIFTY27JAN2626500CE,0.19164178686933697
21-01-2026 11:25||NIFTY27JAN2624200PE,0.18938086735278575
21-01-2026 11:25||NIFTY27JAN2624600PE,0.1547420133437798
21-01-2026 11:25||NIFTY27JAN2624800PE,0.1402171003237887
21-01-2026 11:25||NIFTY27JAN2625500CE,0.1311351858984255
21-01-2026 11:30||NIFTY27JAN2623900PE,0.21636243892613083
21-01-2026 11:30||NIFTY27JAN2624000PE,0.20669241847738296
21-01-2026 11:30||NIFTY27JAN2624100PE,0.197072997092401
21-01-2026 11:30||NIFTY27JAN2624400PE,0.16924851584452416
21-01-2026 11:30||NIFTY27JAN2624700PE,0.1441798063578962
21-01-2026 11:30||NIFTY27JAN2625400CE,0.13180475304647307
21-01-2026 11:30||NIFTY27JAN2625800CE,0.14548748122526228
21-01-2026 11:30||NIFTY27JAN2626000CE,0.1581369714005686
21-01-2026 11:30||NIFTY27JAN2626500CE,0.19481534648595408
21-01-2026 11:35||NIFTY27JAN2623900PE,0.21735753115986117
21-01-2026 11:35||NIFTY27JAN2624600PE,0.15359514025196866
21-01-2026 11:35||NIFTY27JAN2625400CE,0.13078134335648411
21-01-2026 11:35||NIFTY27JAN2625600CE,0.1350488785644282
21-01-2026 11:35||NIFTY27JAN2625900CE,0.1501205576037645
21-01-2026 11:35||NIFTY27JAN2626000CE,0.15757681738535667
21-01-2026 11:35||NIFTY27JAN2626100CE,0.16471707930934187
21-01-2026 11:35||NIFTY27JAN2626200CE,0.1718922878493429
21-01-2026 11:35||NIFTY27JAN2626300CE,0.17909457592381348
21-01-2026 11:40||NIFTY27JAN2624800PE,0.13666284620249242
21-01-2026 11:40||NIFTY27JAN2625100PE,0.1179982599550314
21-01-2026 11:40||NIFTY27JAN2625200CE,0.13347491435029177
21-01-2026 11:40||NIFTY27JAN2625700CE,0.1405792051751771
21-01-2026 11:40||NIFTY27JAN2625900CE,0.15132103736363622
21-01-2026 11:45||NIFTY27JAN2623900PE,0.21673864410143615
21-01-2026 11:45||NIFTY27JAN2624000PE,0.20665457788902758
21-01-2026 11:45||NIFTY27JAN2624400PE,0.1682657802087103
21-01-2026 11:45||NIFTY27JAN2624600PE,0.1514087689091519
21-01-2026 11:45||NIFTY27JAN2624700PE,0.14344071287356486
21-01-2026 11:45||NIFTY27JAN2625000PE,0.1223268192012539
21-01-2026 11:45||NIFTY27JAN2625100PE,0.11640197733208364
21-01-2026 11:45||NIFTY27JAN2625200CE,0.13374634492677598
21-01-2026 11:45||NIFTY27JAN2625400CE,0.13238928499217176
21-01-2026 11:45||NIFTY27JAN2625600CE,0.1360147701274963
21-01-2026 11:45||NIFTY27JAN2626500CE,0.19415819485448063
21-01-2026 11:50||NIFTY27JAN2624000PE,0.2070257903230322
21-01-2026 11:50||NIFTY27JAN2624100PE,0.19708288157486537
21-01-2026 11:50||NIFTY27JAN2624300PE,0.1776744599174887
21-01-2026 11:50||NIFTY27JAN2624800PE,0.13606198061998973
21-01-2026 11:50||NIFTY27JAN2625200CE,0.13247962594895568
21-01-2026 11:50||NIFTY27JAN2625800CE,0.14389930936544726
21-01-2026 11:50||NIFTY27JAN2626400CE,0.18522435071202242
21-01-2026 11:55||NIFTY27JAN2624000PE,0.2071589246959874
21-01-2026 11:55||NIFTY27JAN2624100PE,0.1971843326239835
21-01-2026 11:55||NIFTY27JAN2624300PE,0.17785707191326258
21-01-2026 11:55||NIFTY27JAN2624600PE,0.15193884081662973
21-01-2026 11:55||NIFTY27JAN2624700PE,0.14422509087710297
21-01-2026 11:55||NIFTY27JAN2624900PE,0.13015786319460132
21-01-2026 11:55||NIFTY27JAN2625300CE,0.1292705976858654
21-01-2026 11:55||NIFTY27JAN2626300CE,0.17688194520363332
21-01-2026 12:00||NIFTY27JAN2624100PE,0.19461027282713617
21-01-2026 12:00||NIFTY27JAN2624200PE,0.1844113048022366
21-01-2026 12:00||NIFTY27JAN2624700PE,0.1372727719227198
21-01-2026 12:00||NIFTY27JAN2624800PE,0.12898343448751942
21-01-2026 12:00||NIFTY27JAN2624900PE,0.12088086365816941
21-01-2026 12:00||NIFTY27JAN2625100PE,0.10579984437450211
21-01-2026 12:00||NIFTY27JAN2625200CE,0.14065228864632429
21-01-2026 12:00||NIFTY27JAN2625600CE,0.13677054827874302
21-01-2026 12:00||NIFTY27JAN2625800CE,0.14378736580587945
21-01-2026 12:00||NIFTY27JAN2625900CE,0.14861189164920102
21-01-2026 12:05||NIFTY27JAN2623800PE,0.22827251566040802
21-01-2026 12:05||NIFTY27JAN2624100PE,0.19902959115039626
21-01-2026 12:05||NIFTY27JAN2624400PE,0.17081393579968604
21-01-2026 12:05||NIFTY27JAN2625500CE,0.12664765864465882
21-01-2026 12:05||NIFTY27JAN2625600CE,0.12883525688913738
21-01-2026 12:05||NIFTY27JAN2626000CE,0.14726630747186403
21-01-2026 12:05||NIFTY27JAN2626200CE,0.16099519963828735
21-01-2026 12:10||NIFTY27JAN2624100PE,0.1939439873604764
21-01-2026 12:10||NIFTY27JAN2624200PE,0.18402238769393503
21-01-2026 12:10||NIFTY27JAN2625000PE,0.11515457890834296
21-01-2026 12:10||NIFTY27JAN2625400CE,0.13286284032727386
21-01-2026 12:10||NIFTY27JAN2625600CE,0.13288640467239632
21-01-2026 12:10||NIFTY27JAN2625900CE,0.1440935785015529
21-01-2026 12:10||NIFTY27JAN2626000CE,0.15016274159974247
21-01-2026 12:10||NIFTY27JAN2626100CE,0.15646319588769197
21-01-2026 12:10||NIFTY27JAN2626500CE,0.18448914478474626
21-01-2026 12:15||NIFTY27JAN2623800PE,0.22550527079469865
21-01-2026 12:15||NIFTY27JAN2624200PE,0.18579681143414334
21-01-2026 12:15||NIFTY27JAN2624300PE,0.1757543661920759
21-01-2026 12:15||NIFTY27JAN2625000PE,0.11407459951515157
21-01-2026 12:15||NIFTY27JAN2625400CE,0.13427605831030198
21-01-2026 12:15||NIFTY27JAN2625700CE,0.13558535184003684
21-01-2026 12:20||NIFTY27JAN2624200PE,0.19080195638018554
21-01-2026 12:20||NIFTY27JAN2625000PE,0.12058748074864226
21-01-2026 12:20||NIFTY27JAN2625400CE,0.12957135338858156
21-01-2026 12:20||NIFTY27JAN2625600CE,0.12968538669042073
21-01-2026 12:20||NIFTY27JAN2625700CE,0.13185472414346783
21-01-2026 12:20||NIFTY27JAN2625900CE,0.1387254466884888
21-01-2026 12:20||NIFTY27JAN2626300CE,0.16314352362537993
21-01-2026 12:25||NIFTY27JAN2624000PE,0.21922360810489272
21-01-2026 12:25||NIFTY27JAN2624400PE,0.1822539136266091
21-01-2026 12:25||NIFTY27JAN2624500PE,0.17394634868497322
21-01-2026 12:25||NIFTY27JAN2624600PE,0.16568393911038654
21-01-2026 12:25||NIFTY27JAN2624700PE,0.15746947590870752
21-01-2026 12:25||NIFTY27JAN2625000PE,0.1371391362495475
21-01-2026 12:25||NIFTY27JAN2625200CE,0.11542668122629578
21-01-2026 12:25||NIFTY27JAN2625300CE,0.11433732211981133
21-01-2026 12:25||NIFTY27JAN2625700CE,0.12316666082628182
21-01-2026 12:25||NIFTY27JAN2626500CE,0.17609377077304286
21-01-2026 12:30||NIFTY27JAN2624100PE,0.20458346508080227
21-01-2026 12:30||NIFTY27JAN2624200PE,0.1946935801959652
21-01-2026 12:30||NIFTY27JAN2625300CE,0.1381307413030935
21-01-2026 12:30||NIFTY27JAN2625800CE,0.13616637187460642
21-01-2026 12:30||NIFTY27JAN2626200CE,0.15718240608810247
21-01-2026 12:35||NIFTY27JAN2624000PE,0.2142971751059723
21-01-2026 12:35||NIFTY27JAN2624100PE,0.204495245203417
21-01-2026 12:35||NIFTY27JAN2625600CE,0.13394040556468823
21-01-2026 12:35||NIFTY27JAN2625700CE,0.13496404716364702
21-01-2026 12:35||NIFTY27JAN2625900CE,0.13938856207815303
21-01-2026 12:35||NIFTY27JAN2626400CE,0.16802007332953767
21-01-2026 12:35||NIFTY27JAN2626500CE,0.1751218993460643
21-01-2026 12:40||NIFTY27JAN2624200PE,0.20256138013361297
21-01-2026 12:40||NIFTY27JAN2624500PE,0.17502987539198128
21-01-2026 12:40||NIFTY27JAN2624700PE,0.1581531186698335
21-01-2026 12:40||NIFTY27JAN2624800PE,0.1499213893494019
21-01-2026 12:40||NIFTY27JAN2625200CE,0.13572096733744804
21-01-2026 12:40||NIFTY27JAN2625400CE,0.1280741740030115
21-01-2026 12:40||NIFTY27JAN2625900CE,0.1335768640831656
21-01-2026 12:40||NIFTY27JAN2626000CE,0.13825402516122534
21-01-2026 12:40||NIFTY27JAN2626100CE,0.14323824484182518
21-01-2026 12:40||NIFTY27JAN2626400CE,0.16169853773169765
21-01-2026 12:45||NIFTY27JAN2623800PE,0.24399116802581025
21-01-2026 12:45||NIFTY27JAN2624400PE,0.18711228248138023
21-01-2026 12:45||NIFTY27JAN2625300CE,0.1415184429183598
21-01-2026 12:45||NIFTY27JAN2625800CE,0.13165712819335534
21-01-2026 12:45||NIFTY27JAN2626200CE,0.1479170566525313
21-01-2026 12:45||NIFTY27JAN2626400CE,0.1594267705609152
21-01-2026 12:50||NIFTY27JAN2623800PE,0.24771469855623188
21-01-2026 12:50||NIFTY27JAN2624100PE,0.21938890534642014
21-01-2026 12:50||NIFTY27JAN2624300PE,0.20054828970479882
21-01-2026 12:50||NIFTY27JAN2624400PE,0.19128426057659464
21-01-2026 12:50||NIFTY27JAN2624600PE,0.1727867191153546
21-01-2026 12:50||NIFTY27JAN2625000PE,0.13794465906482717
21-01-2026 12:50||NIFTY27JAN2625200CE,0.148094013995515
21-01-2026 12:50||NIFTY27JAN2625300CE,0.14163234601565253
21-01-2026 12:50||NIFTY27JAN2625500CE,0.13369656430541357
21-01-2026 12:50||NIFTY27JAN2625600CE,0.13178705444713196
21-01-2026 12:50||NIFTY27JAN2626000CE,0.1384000807908058
21-01-2026 12:55||NIFTY27JAN2624000PE,0.23144726946967803
21-01-2026 12:55||NIFTY27JAN2624200PE,0.21276399009863678
21-01-2026 12:55||NIFTY27JAN2624900PE,0.14955469769390842
21-01-2026 12:55||NIFTY27JAN2625300CE,0.13376635188286973
21-01-2026 12:55||NIFTY27JAN2625400CE,0.1291751444667132
21-01-2026 12:55||NIFTY27JAN2625600CE,0.12728417192826616
21-01-2026 12:55||NIFTY27JAN2625700CE,0.12877484275382545
21-01-2026 12:55||NIFTY27JAN2625800CE,0.13041455719795159
21-01-2026 12:55||NIFTY27JAN2625900CE,0.1319764433356275
21-01-2026 12:55||NIFTY27JAN2626500CE,0.16465469728584992
21-01-2026 13:00||NIFTY27JAN2624200PE,0.21267756002274063
21-01-2026 13:00||NIFTY27JAN2624600PE,0.17553795833377647
21-01-2026 13:00||NIFTY27JAN2624700PE,0.16663711335696843
21-01-2026 13:00||NIFTY27JAN2626000CE,0.1351236731617979
21-01-2026 13:00||NIFTY27JAN2626100CE,0.14033584568971114
21-01-2026 13:05||NIFTY27JAN2623800PE,0.2511595411749318
21-01-2026 13:05||NIFTY27JAN2623900PE,0.24224731199492258
21-01-2026 13:05||NIFTY27JAN2624100PE,0.223933555191423
21-01-2026 13:05||NIFTY27JAN2624400PE,0.1959913005023236
21-01-2026 13:05||NIFTY27JAN2624600PE,0.17812882239417877
21-01-2026 13:05||NIFTY27JAN2625200CE,0.12190730847384085
21-01-2026 13:05||NIFTY27JAN2625600CE,0.11746545745893125
21-01-2026 13:05||NIFTY27JAN2626300CE,0.14981044007529248
21-01-2026 13:05||NIFTY27JAN2626400CE,0.1569120882033681
21-01-2026 13:10||NIFTY27JAN2625400CE,0.13255319952228695
21-01-2026 13:10||NIFTY27JAN2625800CE,0.13120862613545112
21-01-2026 13:10||NIFTY27JAN2626200CE,0.14945112683451123
21-01-2026 13:15||NIFTY27JAN2624200PE,0.20750857405266124
21-01-2026 13:15||NIFTY27JAN2624400PE,0.18918586134743814
21-01-2026 13:15||NIFTY27JAN2624900PE,0.1467872744266986
21-01-2026 13:15||NIFTY27JAN2625400CE,0.12635555348961802
21-01-2026 13:15||NIFTY27JAN2625800CE,0.12788510250858487
21-01-2026 13:20||NIFTY27JAN2623800PE,0.24963159987088682
21-01-2026 13:20||NIFTY27JAN2623900PE,0.23908912816272082
21-01-2026 13:20||NIFTY27JAN2624000PE,0.22886490142074845
21-01-2026 13:20||NIFTY27JAN2624600PE,0.17289697475405735
21-01-2026 13:20||NIFTY27JAN2624800PE,0.15643287362676955
21-01-2026 13:20||NIFTY27JAN2625000PE,0.1417997764316301
21-01-2026 13:20||NIFTY27JAN2625400CE,0.12308239397324733
21-01-2026 13:20||NIFTY27JAN2625600CE,0.12297761991371331
21-01-2026 13:20||NIFTY27JAN2625700CE,0.12442984533785123
21-01-2026 13:20||NIFTY27JAN2626200CE,0.1478260555445399
21-01-2026 13:20||NIFTY27JAN2626500CE,0.16818499894960948
21-01-2026 13:25||NIFTY27JAN2624200PE,0.20480972562228855
21-01-2026 13:25||NIFTY27JAN2624300PE,0.1951485733552851
21-01-2026 13:25||NIFTY27JAN2624900PE,0.1442088630852514
21-01-2026 13:25||NIFTY27JAN2625000PE,0.13715544904212829
21-01-2026 13:25||NIFTY27JAN2625200CE,0.13437134292606398
21-01-2026 13:25||NIFTY27JAN2625600CE,0.12651391615635932
21-01-2026 13:25||NIFTY27JAN2625700CE,0.12811215522436245
21-01-2026 13:25||NIFTY27JAN2625900CE,0.13399503241526556
21-01-2026 13:25||NIFTY27JAN2626000CE,0.13892894271578496
21-01-2026 13:25||NIFTY27JAN2626300CE,0.15745189709612473
21-01-2026 13:30||NIFTY27JAN2624000PE,0.22861715980346034
21-01-2026 13:30||NIFTY27JAN2624400PE,0.19148424799963376
21-01-2026 13:30||NIFTY27JAN2625200CE,0.11547150399233119
21-01-2026 13:30||NIFTY27JAN2625300CE,0.1141370887579462
21-01-2026 13:30||NIFTY27JAN2625800CE,0.12386064397112118
21-01-2026 13:30||NIFTY27JAN2626200CE,0.14789759186350415
21-01-2026 13:30||NIFTY27JAN2626300CE,0.15526551696689447
21-01-2026 13:35||NIFTY27JAN2623800PE,0.23746241738727883
21-01-2026 13:35||NIFTY27JAN2624000PE,0.21820797899561367
21-01-2026 13:35||NIFTY27JAN2624700PE,0.1540118590629908
21-01-2026 13:35||NIFTY27JAN2624800PE,0.145533555639807
21-01-2026 13:35||NIFTY27JAN2624900PE,0.1371073290801115
21-01-2026 13:35||NIFTY27JAN2625000PE,0.1287774495473714
21-01-2026 13:35||NIFTY27JAN2625300CE,0.14235227129104752
21-01-2026 13:35||NIFTY27JAN2625800CE,0.13565188536369074
21-01-2026 13:35||NIFTY27JAN2626300CE,0.16058589578885807
21-01-2026 13:40||NIFTY27JAN2624600PE,0.16766796256133648
21-01-2026 13:40||NIFTY27JAN2624800PE,0.15159069973140882
21-01-2026 13:40||NIFTY27JAN2625100PE,0.13048300878168373
21-01-2026 13:40||NIFTY27JAN2625300CE,0.1291117891614298
21-01-2026 13:40||NIFTY27JAN2625800CE,0.1308759599801896
21-01-2026 13:40||NIFTY27JAN2626200CE,0.15166389380260253
21-01-2026 13:45||NIFTY27JAN2624400PE,0.18483964306520623
21-01-2026 13:45||NIFTY27JAN2624800PE,0.1509701829955503
21-01-2026 13:45||NIFTY27JAN2625100PE,0.1299644024660502
21-01-2026 13:45||NIFTY27JAN2625400CE,0.1264831553093241
21-01-2026 13:45||NIFTY27JAN2625900CE,0.13462063688742604
21-01-2026 13:45||NIFTY27JAN2626000CE,0.13966106503753767
21-01-2026 13:45||NIFTY27JAN2626300CE,0.1581703147452518
21-01-2026 13:50||NIFTY27JAN2625100PE,0.1350266490224818
21-01-2026 13:50||NIFTY27JAN2626100CE,0.14585309119793777
21-01-2026 13:50||NIFTY27JAN2626500CE,0.17460841796475898
21-01-2026 13:55||NIFTY27JAN2624300PE,0.193114267788821
21-01-2026 13:55||NIFTY27JAN2624400PE,0.18408177029233733
21-01-2026 13:55||NIFTY27JAN2625200CE,0.12490021465961818
21-01-2026 13:55||NIFTY27JAN2625500CE,0.12292141569423387
21-01-2026 13:55||NIFTY27JAN2625700CE,0.12721690971765387
21-01-2026 14:00||NIFTY27JAN2623800PE,0.23315611044301848
21-01-2026 14:00||NIFTY27JAN2624200PE,0.19610666702461305
21-01-2026 14:00||NIFTY27JAN2624600PE,0.16083829060113092
21-01-2026 14:00||NIFTY27JAN2625000PE,0.13293969514354065
21-01-2026 14:00||NIFTY27JAN2625200CE,0.1321346989341591
21-01-2026 14:00||NIFTY27JAN2625400CE,0.1278038890285986
21-01-2026 14:00||NIFTY27JAN2626100CE,0.15146784887900505
21-01-2026 14:00||NIFTY27JAN2626400CE,0.17193564674763942
21-01-2026 14:05||NIFTY27JAN2624500PE,0.17034949249339482
21-01-2026 14:05||NIFTY27JAN2624600PE,0.1622269702705523
21-01-2026 14:05||NIFTY27JAN2624900PE,0.14173629447918276
21-01-2026 14:05||NIFTY27JAN2625000PE,0.13621873539145346
21-01-2026 14:05||NIFTY27JAN2625400CE,0.12086375697805929
21-01-2026 14:05||NIFTY27JAN2626100CE,0.14615766144457182
21-01-2026 14:05||NIFTY27JAN2626500CE,0.17785115035485116
21-01-2026 14:10||NIFTY27JAN2624000PE,0.21171461721450624
21-01-2026 14:10||NIFTY27JAN2624100PE,0.20234237082621157
21-01-2026 14:10||NIFTY27JAN2624400PE,0.17527327702315482
21-01-2026 14:10||NIFTY27JAN2624500PE,0.16677000799108324
21-01-2026 14:10||NIFTY27JAN2624900PE,0.13847843023023806
21-01-2026 14:10||NIFTY27JAN2625000PE,0.13295765652965946
21-01-2026 14:10||NIFTY27JAN2625200CE,0.12259746507664537
21-01-2026 14:10||NIFTY27JAN2625300CE,0.12069707620973819
21-01-2026 14:10||NIFTY27JAN2626000CE,0.1414178648621876
21-01-2026 14:10||NIFTY27JAN2626400CE,0.17171602379967751
21-01-2026 14:10||NIFTY27JAN2626500CE,0.1808763329001242
21-01-2026 14:15||NIFTY27JAN2624700PE,0.14245387941068946
21-01-2026 14:15||NIFTY27JAN2624800PE,0.1344127773237877
21-01-2026 14:15||NIFTY27JAN2625400CE,0.13261495737030535
21-01-2026 14:15||NIFTY27JAN2625800CE,0.13485018791942832
21-01-2026 14:15||NIFTY27JAN2626100CE,0.14906244912741623
21-01-2026 14:20||NIFTY27JAN2624000PE,0.21524848301997618
21-01-2026 14:20||NIFTY27JAN2624300PE,0.18745881505991424
21-01-2026 14:20||NIFTY27JAN2624500PE,0.17123348501665248
21-01-2026 14:20||NIFTY27JAN2624600PE,0.16376436668777958
21-01-2026 14:20||NIFTY27JAN2624700PE,0.1565172373795533
21-01-2026 14:20||NIFTY27JAN2625200CE,0.1122502496178477
21-01-2026 14:20||NIFTY27JAN2625600CE,0.11671218299806874
21-01-2026 14:20||NIFTY27JAN2626100CE,0.14264132871178986
21-01-2026 14:20||NIFTY27JAN2626500CE,0.17360460925974566
21-01-2026 14:25||NIFTY27JAN2623900PE,0.22089323277486905
21-01-2026 14:25||NIFTY27JAN2624800PE,0.14871954302970125
21-01-2026 14:25||NIFTY27JAN2624900PE,0.1433309459882054
21-01-2026 14:25||NIFTY27JAN2625100PE,0.13462289444263567
21-01-2026 14:25||NIFTY27JAN2625700CE,0.1224630315068217
21-01-2026 14:25||NIFTY27JAN2626500CE,0.17847145795837474
21-01-2026 14:30||NIFTY27JAN2624500PE,0.1592610325709755
21-01-2026 14:30||NIFTY27JAN2624600PE,0.1505907912101942
21-01-2026 14:30||NIFTY27JAN2624800PE,0.13434703696107034
21-01-2026 14:30||NIFTY27JAN2625000PE,0.11976985919173348
21-01-2026 14:30||NIFTY27JAN2625200CE,0.1358867438020847
21-01-2026 14:30||NIFTY27JAN2625300CE,0.1321658487494347
21-01-2026 14:30||NIFTY27JAN2625700CE,0.13250972589270651
21-01-2026 14:30||NIFTY27JAN2626300CE,0.16387568389481855
21-01-2026 14:35||NIFTY27JAN2624200PE,0.18823394377421168
21-01-2026 14:35||NIFTY27JAN2624700PE,0.14558488416166182
21-01-2026 14:35||NIFTY27JAN2624800PE,0.13840114568244655
21-01-2026 14:35||NIFTY27JAN2625100PE,0.11982807769818693
21-01-2026 14:35||NIFTY27JAN2625200CE,0.12902354353158188
21-01-2026 14:35||NIFTY27JAN2625600CE,0.1261898476046105
21-01-2026 14:35||NIFTY27JAN2625800CE,0.13224382182376834
21-01-2026 14:35||NIFTY27JAN2626000CE,0.14241919228456545
21-01-2026 14:35||NIFTY27JAN2626100CE,0.14857928667476364
21-01-2026 14:35||NIFTY27JAN2626500CE,0.17735961982965964
21-01-2026 14:40||NIFTY27JAN2623800PE,0.22685488985723948
21-01-2026 14:40||NIFTY27JAN2624000PE,0.20848431269619938
21-01-2026 14:40||NIFTY27JAN2624200PE,0.19009355010780318
21-01-2026 14:40||NIFTY27JAN2624500PE,0.16483503498208027
21-01-2026 14:40||NIFTY27JAN2624600PE,0.15743629140123552
21-01-2026 14:40||NIFTY27JAN2624700PE,0.15026931596390608
21-01-2026 14:40||NIFTY27JAN2625100PE,0.12729923530541118
21-01-2026 14:40||NIFTY27JAN2625200CE,0.12057006047126875
21-01-2026 14:40||NIFTY27JAN2625400CE,0.1189718189959551
21-01-2026 14:40||NIFTY27JAN2625800CE,0.12893730886511784
21-01-2026 14:40||NIFTY27JAN2626200CE,0.15299331431261148
21-01-2026 14:40||NIFTY27JAN2626400CE,0.16809472252082663
21-01-2026 14:45||NIFTY27JAN2623900PE,0.21528258194133665
21-01-2026 14:45||NIFTY27JAN2624500PE,0.16207663192578894
21-01-2026 14:45||NIFTY27JAN2625400CE,0.1228774857686816
21-01-2026 14:45||NIFTY27JAN2625900CE,0.13546141201979112
21-01-2026 14:45||NIFTY27JAN2626100CE,0.14727848688965106
21-01-2026 14:45||NIFTY27JAN2626300CE,0.16127423690602888
21-01-2026 14:50||NIFTY27JAN2623900PE,0.2142236945110192
21-01-2026 14:50||NIFTY27JAN2624900PE,0.1351821298786367
21-01-2026 14:50||NIFTY27JAN2625200CE,0.1197607508520678
21-01-2026 14:50||NIFTY27JAN2625300CE,0.11844172709740136
21-01-2026 14:50||NIFTY27JAN2625500CE,0.11917684435602102
21-01-2026 14:50||NIFTY27JAN2625800CE,0.12809716460267534
21-01-2026 14:50||NIFTY27JAN2626300CE,0.15945891057138312
21-01-2026 14:55||NIFTY27JAN2624200PE,0.18740243400443551
21-01-2026 14:55||NIFTY27JAN2624700PE,0.14639233057018364
21-01-2026 14:55||NIFTY27JAN2625300CE,0.12005551820291732
21-01-2026 14:55||NIFTY27JAN2625400CE,0.11957489882951261
21-01-2026 14:55||NIFTY27JAN2625700CE,0.12445801461474942
21-01-2026 14:55||NIFTY27JAN2626100CE,0.14572697560223602
21-01-2026 14:55||NIFTY27JAN2626500CE,0.17667587148026806
21-01-2026 15:00||NIFTY27JAN2623900PE,0.21473902973656167
21-01-2026 15:00||NIFTY27JAN2624100PE,0.1946683733897796
21-01-2026 15:00||NIFTY27JAN2624500PE,0.15709158881965163
21-01-2026 15:00||NIFTY27JAN2624800PE,0.1337572040368596
21-01-2026 15:00||NIFTY27JAN2625000PE,0.12109486491431422
21-01-2026 15:00||NIFTY27JAN2625100PE,0.11558426823365679
21-01-2026 15:00||NIFTY27JAN2625200CE,0.13270696968609097
21-01-2026 15:00||NIFTY27JAN2625300CE,0.12844671818732978
21-01-2026 15:00||NIFTY27JAN2625600CE,0.12565043837025064
21-01-2026 15:00||NIFTY27JAN2626300CE,0.15927391735837487
21-01-2026 15:00||NIFTY27JAN2626400CE,0.16700320625492793
21-01-2026 15:05||NIFTY27JAN2624300PE,0.17936132956444367
21-01-2026 15:05||NIFTY27JAN2624800PE,0.14238645601246575
21-01-2026 15:05||NIFTY27JAN2625100PE,0.12786513276964231
21-01-2026 15:05||NIFTY27JAN2625300CE,0.11572369601021995
21-01-2026 15:05||NIFTY27JAN2626200CE,0.15018541026105015
21-01-2026 15:10||NIFTY27JAN2624000PE,0.2082312853370523
21-01-2026 15:10||NIFTY27JAN2624300PE,0.17979427498275774
21-01-2026 15:10||NIFTY27JAN2624500PE,0.16384145718239046
21-01-2026 15:10||NIFTY27JAN2624600PE,0.1565548323642844
21-01-2026 15:10||NIFTY27JAN2624700PE,0.14948392258470952
21-01-2026 15:10||NIFTY27JAN2625700CE,0.12140823040204203
21-01-2026 15:10||NIFTY27JAN2625800CE,0.12672460959589532
21-01-2026 15:10||NIFTY27JAN2625900CE,0.13202657488121594
21-01-2026 15:10||NIFTY27JAN2626000CE,0.13740646525160957
21-01-2026 15:10||NIFTY27JAN2626500CE,0.17500381131844844
21-01-2026 15:15||NIFTY27JAN2624200PE,0.18680554196274152
21-01-2026 15:15||NIFTY27JAN2624300PE,0.17770671305329533
21-01-2026 15:15||NIFTY27JAN2624600PE,0.15303014019555683
21-01-2026 15:15||NIFTY27JAN2624800PE,0.14011990028994292
21-01-2026 15:15||NIFTY27JAN2624900PE,0.1344770041234116
21-01-2026 15:15||NIFTY27JAN2625200CE,0.11957900124628615
21-01-2026 15:15||NIFTY27JAN2625300CE,0.11755783313839878
21-01-2026 15:15||NIFTY27JAN2625600CE,0.1197560659535388
21-01-2026 15:15||NIFTY27JAN2625700CE,0.12306761109925476
21-01-2026 15:15||NIFTY27JAN2625900CE,0.1316661100872007
21-01-2026 15:15||NIFTY27JAN2626200CE,0.15231183738912518
21-01-2026 15:20||NIFTY27JAN2623800PE,0.22348175881119808
21-01-2026 15:20||NIFTY27JAN2624800PE,0.140871684588754
21-01-2026 15:20||NIFTY27JAN2625100PE,0.12733538536238648
21-01-2026 15:20||NIFTY27JAN2625400CE,0.11197931308214917
21-01-2026 15:20||NIFTY27JAN2625600CE,0.11569832990975008
21-01-2026 15:25||NIFTY27JAN2623800PE,0.2211191971885125
21-01-2026 15:25||NIFTY27JAN2624200PE,0.18132708918451323
21-01-2026 15:25||NIFTY27JAN2624500PE,0.1537468610501125
21-01-2026 15:25||NIFTY27JAN2624800PE,0.13060998663247603
21-01-2026 15:25||NIFTY27JAN2625100PE,0.11464387917204043
21-01-2026 15:25||NIFTY27JAN2625200CE,0.12102433016381108
21-01-2026 15:25||NIFTY27JAN2625800CE,0.1256712011418343
21-01-2026 15:25||NIFTY27JAN2626200CE,0.15049276300051428
21-01-2026 15:25||NIFTY27JAN2626500CE,0.17559614056389874
22-01-2026 09:15||NIFTY27JAN2623800PE,0.2467157370622512
22-01-2026 09:15||NIFTY27JAN2624900PE,0.13755085727463107
22-01-2026 09:15||NIFTY27JAN2625100PE,0.12572709935711604
22-01-2026 09:15||NIFTY27JAN2625300CE,0.10462314413099932
22-01-2026 09:15||NIFTY27JAN2626400CE,0.15937189675535235
22-01-2026 09:20||NIFTY27JAN2623900PE,0.23368184506929146
22-01-2026 09:20||NIFTY27JAN2624000PE,0.22226418396466713
22-01-2026 09:20||NIFTY27JAN2624300PE,0.18861045002500726
22-01-2026 09:20||NIFTY27JAN2624500PE,0.16743325285192273
22-01-2026 09:20||NIFTY27JAN2624800PE,0.13969329456640278
22-01-2026 09:20||NIFTY27JAN2625200CE,0.11554583189257157
22-01-2026 09:20||NIFTY27JAN2626300CE,0.1508837937300652
22-01-2026 09:25||NIFTY27JAN2624100PE,0.21093572013751194
22-01-2026 09:25||NIFTY27JAN2624500PE,0.1659260944610605
22-01-2026 09:25||NIFTY27JAN2624600PE,0.15539885551723437
22-01-2026 09:25||NIFTY27JAN2624700PE,0.14509471867575668
22-01-2026 09:25||NIFTY27JAN2625000PE,0.11780829944226975
22-01-2026 09:25||NIFTY27JAN2625200CE,0.1462376787013526
22-01-2026 09:25||NIFTY27JAN2625500CE,0.12867614737858624
22-01-2026 09:25||NIFTY27JAN2625600CE,0.12575605024859035
22-01-2026 09:25||NIFTY27JAN2626200CE,0.14490534344739103
22-01-2026 09:30||NIFTY27JAN2624600PE,0.20234335310551596
22-01-2026 09:30||NIFTY27JAN2624800PE,0.17341298368512373
22-01-2026 09:30||NIFTY27JAN2624900PE,0.159462266068985
22-01-2026 09:30||NIFTY27JAN2625100PE,0.13190305109413442
22-01-2026 09:30||NIFTY27JAN2625400CE,0.12211432226602556
22-01-2026 09:30||NIFTY27JAN2625500CE,0.11872607935434734
22-01-2026 09:30||NIFTY27JAN2625800CE,0.11998882618279333
22-01-2026 09:30||NIFTY27JAN2626000CE,0.1300392320490267
22-01-2026 09:30||NIFTY27JAN2626300CE,0.15127787040718094
22-01-2026 09:35||NIFTY27JAN2623800PE,0.3057316547551991
22-01-2026 09:35||NIFTY27JAN2624100PE,0.2780075062970033
22-01-2026 09:35||NIFTY27JAN2624500PE,0.2337549633352211
22-01-2026 09:35||NIFTY27JAN2625100PE,0.15098552298742218
22-01-2026 09:35||NIFTY27JAN2625500CE,0.11483151937026537
22-01-2026 09:35||NIFTY27JAN2626000CE,0.13425051793712328
22-01-2026 09:40||NIFTY27JAN2624000PE,0.27808371826386835
22-01-2026 09:40||NIFTY27JAN2624100PE,0.26704364435885186
22-01-2026 09:40||NIFTY27JAN2624400PE,0.2305681628429555
22-01-2026 09:40||NIFTY27JAN2624500PE,0.2174775354806795
22-01-2026 09:40||NIFTY27JAN2624600PE,0.2043571461427922
22-01-2026 09:40||NIFTY27JAN2624900PE,0.16632800846982576
22-01-2026 09:40||NIFTY27JAN2625000PE,0.15414237735004904
22-01-2026 09:40||NIFTY27JAN2625500CE,0.11721635888551474
22-01-2026 09:40||NIFTY27JAN2626000CE,0.13223313985377566
22-01-2026 09:40||NIFTY27JAN2626200CE,0.14619979417098883
22-01-2026 09:45||NIFTY27JAN2623900PE,0.2794005226653341
22-01-2026 09:45||NIFTY27JAN2624000PE,0.26853902472969104
22-01-2026 09:45||NIFTY27JAN2624200PE,0.24595189945828122
22-01-2026 09:45||NIFTY27JAN2626400CE,0.16296433103500563
22-01-2026 09:50||NIFTY27JAN2623900PE,0.2736192114615719
22-01-2026 09:50||NIFTY27JAN2624100PE,0.25282368875621763
22-01-2026 09:50||NIFTY27JAN2624900PE,0.16322569765917203
22-01-2026 09:50||NIFTY27JAN2625000PE,0.15196221972578014
22-01-2026 09:50||NIFTY27JAN2625100PE,0.140740969035811
22-01-2026 09:50||NIFTY27JAN2625200CE,0.10917312411995497
22-01-2026 09:50||NIFTY27JAN2625600CE,0.10834480514315824
22-01-2026 09:50||NIFTY27JAN2625700CE,0.11294054778210058
22-01-2026 09:50||NIFTY27JAN2625800CE,0.11751198309030843
22-01-2026 09:50||NIFTY27JAN2625900CE,0.12226013284921558
22-01-2026 09:50||NIFTY27JAN2626000CE,0.12681377489249734
22-01-2026 09:50||NIFTY27JAN2626300CE,0.1473468752751695
22-01-2026 09:50||NIFTY27JAN2626500CE,0.16224594159786723
22-01-2026 09:55||NIFTY27JAN2624000PE,0.243981531263124
22-01-2026 09:55||NIFTY27JAN2624700PE,0.16567919378985144
22-01-2026 09:55||NIFTY27JAN2624800PE,0.15529143369513987
22-01-2026 09:55||NIFTY27JAN2624900PE,0.14506511605004024
22-01-2026 09:55||NIFTY27JAN2625200CE,0.13736635528317262
22-01-2026 09:55||NIFTY27JAN2625500CE,0.12180144887540734
22-01-2026 10:00||NIFTY27JAN2624200PE,0.21889605842900306
22-01-2026 10:00||NIFTY27JAN2624700PE,0.16414959022632988
22-01-2026 10:00||NIFTY27JAN2624900PE,0.1455959426308737
22-01-2026 10:00||NIFTY27JAN2625100PE,0.12943044530934752
22-01-2026 10:00||NIFTY27JAN2625300CE,0.10602439056219481
22-01-2026 10:00||NIFTY27JAN2625400CE,0.105039418228248
22-01-2026 10:00||NIFTY27JAN2625600CE,0.10548913833658448
22-01-2026 10:00||NIFTY27JAN2626100CE,0.12831927144599536
22-01-2026 10:00||NIFTY27JAN2626300CE,0.14272399569271157
22-01-2026 10:00||NIFTY27JAN2626500CE,0.1582735467602325
22-01-2026 10:05||NIFTY27JAN2624500PE,0.18542291474103478
22-01-2026 10:05||NIFTY27JAN2624800PE,0.15327275879282645
22-01-2026 10:05||NIFTY27JAN2625000PE,0.13503728584324576
22-01-2026 10:05||NIFTY27JAN2625400CE,0.11070916374489956
22-01-2026 10:05||NIFTY27JAN2625700CE,0.11147890381356254
22-01-2026 10:05||NIFTY27JAN2625800CE,0.1145540578981411
22-01-2026 10:05||NIFTY27JAN2626100CE,0.13036166856338893
22-01-2026 10:05||NIFTY27JAN2626300CE,0.1451122867508448
22-01-2026 10:05||NIFTY27JAN2626400CE,0.15269331494014104
22-01-2026 10:10||NIFTY27JAN2623800PE,0.25766682932686297
22-01-2026 10:10||NIFTY27JAN2624000PE,0.23606753226553936
22-01-2026 10:10||NIFTY27JAN2624200PE,0.21438408222137378
22-01-2026 10:10||NIFTY27JAN2624300PE,0.20350557794554208
22-01-2026 10:10||NIFTY27JAN2624500PE,0.18117897653958343
22-01-2026 10:10||NIFTY27JAN2624800PE,0.14860673233744714
22-01-2026 10:10||NIFTY27JAN2625300CE,0.12967657034923835
22-01-2026 10:10||NIFTY27JAN2625400CE,0.12415806560392081
22-01-2026 10:10||NIFTY27JAN2625500CE,0.11975574462980268
22-01-2026 10:10||NIFTY27JAN2626200CE,0.14231955210628341
22-01-2026 10:10||NIFTY27JAN2626300CE,0.14959094265367817
22-01-2026 10:15||NIFTY27JAN2623900PE,0.24795221933965772
22-01-2026 10:15||NIFTY27JAN2624400PE,0.1978256288633354
22-01-2026 10:15||NIFTY27JAN2625000PE,0.1398170964278297
22-01-2026 10:15||NIFTY27JAN2625300CE,0.09807069392454006
22-01-2026 10:15||NIFTY27JAN2625400CE,0.09874334662678289
22-01-2026 10:15||NIFTY27JAN2625700CE,0.1063441095238325
22-01-2026 10:15||NIFTY27JAN2626200CE,0.13766433163358305
22-01-2026 10:15||NIFTY27JAN2626300CE,0.1455801161430471
22-01-2026 10:20||NIFTY27JAN2623900PE,0.23644383375926192
22-01-2026 10:20||NIFTY27JAN2624000PE,0.22594023960115456
22-01-2026 10:20||NIFTY27JAN2624900PE,0.13161664451550797
22-01-2026 10:20||NIFTY27JAN2625000PE,0.12179528435980343
22-01-2026 10:20||NIFTY27JAN2625100PE,0.11213027471574635
22-01-2026 10:20||NIFTY27JAN2625400CE,0.1261819464643411
22-01-2026 10:20||NIFTY27JAN2625500CE,0.12476691776015968
22-01-2026 10:20||NIFTY27JAN2625600CE,0.12357978830046862
22-01-2026 10:20||NIFTY27JAN2625700CE,0.12216673668561516
22-01-2026 10:20||NIFTY27JAN2625900CE,0.12547193170306242
22-01-2026 10:25||NIFTY27JAN2623900PE,0.2297312389382678
22-01-2026 10:25||NIFTY27JAN2624000PE,0.21950080616704531
22-01-2026 10:25||NIFTY27JAN2624200PE,0.1991652219932583
22-01-2026 10:25||NIFTY27JAN2624500PE,0.16998277154058453
22-01-2026 10:25||NIFTY27JAN2624600PE,0.16091749697644386
22-01-2026 10:25||NIFTY27JAN2624800PE,0.14508539307530627
22-01-2026 10:25||NIFTY27JAN2625100PE,0.12847603413177394
22-01-2026 10:25||NIFTY27JAN2625900CE,0.1191379357649018
22-01-2026 10:25||NIFTY27JAN2626300CE,0.15048354727815835
22-01-2026 10:25||NIFTY27JAN2626400CE,0.1604123412751927
22-01-2026 10:25||NIFTY27JAN2626500CE,0.1715805783196525
22-01-2026 10:30||NIFTY27JAN2624300PE,0.1831933180017884
22-01-2026 10:30||NIFTY27JAN2625600CE,0.1236750091301058
22-01-2026 10:30||NIFTY27JAN2625800CE,0.12684450829781221
22-01-2026 10:30||NIFTY27JAN2626100CE,0.14460042018872588
22-01-2026 10:35||NIFTY27JAN2623800PE,0.23842586376163755
22-01-2026 10:35||NIFTY27JAN2624300PE,0.18677240097788686
22-01-2026 10:35||NIFTY27JAN2624400PE,0.17721073679296137
22-01-2026 10:35||NIFTY27JAN2625100PE,0.12459430597722333
22-01-2026 10:35||NIFTY27JAN2625200CE,0.10157536218886778
22-01-2026 10:35||NIFTY27JAN2625300CE,0.10151412562405801
22-01-2026 10:35||NIFTY27JAN2625400CE,0.10242871611376866
22-01-2026 10:35||NIFTY27JAN2625800CE,0.11724144339625439
22-01-2026 10:35||NIFTY27JAN2626100CE,0.13839070491798725
22-01-2026 10:40||NIFTY27JAN2624300PE,0.18290214382919123
22-01-2026 10:40||NIFTY27JAN2624600PE,0.15409628812856563
22-01-2026 10:40||NIFTY27JAN2624900PE,0.130410353811321
22-01-2026 10:40||NIFTY27JAN2625000PE,0.12373868497430704
22-01-2026 10:40||NIFTY27JAN2625800CE,0.1230408424063501
22-01-2026 10:40||NIFTY27JAN2625900CE,0.12881428122425828
22-01-2026 10:40||NIFTY27JAN2626000CE,0.13497191231279915
22-01-2026 10:45||NIFTY27JAN2623900PE,0.22679620676713358
22-01-2026 10:45||NIFTY27JAN2624100PE,0.20556567995646297
22-01-2026 10:45||NIFTY27JAN2624400PE,0.17507394337540189
22-01-2026 10:45||NIFTY27JAN2624800PE,0.1398455211531453
22-01-2026 10:45||NIFTY27JAN2625000PE,0.12648453881150767
22-01-2026 10:45||NIFTY27JAN2625400CE,0.11266919761190985
22-01-2026 10:45||NIFTY27JAN2625500CE,0.11319676127090542
22-01-2026 10:45||NIFTY27JAN2625700CE,0.117007933932772
22-01-2026 10:45||NIFTY27JAN2625900CE,0.12782374956787704
22-01-2026 10:45||NIFTY27JAN2626400CE,0.1669557022926777
22-01-2026 10:45||NIFTY27JAN2626500CE,0.1761947091786143
22-01-2026 10:50||NIFTY27JAN2623900PE,0.22577093710517238
22-01-2026 10:50||NIFTY27JAN2624100PE,0.20451200393535013
22-01-2026 10:50||NIFTY27JAN2624400PE,0.17437099920046215
22-01-2026 10:50||NIFTY27JAN2624500PE,0.16475719164429
22-01-2026 10:50||NIFTY27JAN2624600PE,0.15530634853505032
22-01-2026 10:50||NIFTY27JAN2624900PE,0.13140813059465006
22-01-2026 10:50||NIFTY27JAN2625000PE,0.12479889273295389
22-01-2026 10:50||NIFTY27JAN2625300CE,0.11684324227620385
22-01-2026 10:50||NIFTY27JAN2625600CE,0.11726301026981595
22-01-2026 10:50||NIFTY27JAN2625700CE,0.12080415476883738
22-01-2026 10:50||NIFTY27JAN2625900CE,0.13061499490085712
22-01-2026 10:50||NIFTY27JAN2626000CE,0.1372958673877091
22-01-2026 10:50||NIFTY27JAN2626200CE,0.15216172875528472
22-01-2026 10:50||NIFTY27JAN2626300CE,0.1602240671832515
22-01-2026 10:55||NIFTY27JAN2624000PE,0.21923473851536743
22-01-2026 10:55||NIFTY27JAN2624200PE,0.1998067417068572
22-01-2026 10:55||NIFTY27JAN2624500PE,0.1727788807392313
22-01-2026 10:55||NIFTY27JAN2624600PE,0.16448066587087623
22-01-2026 10:55||NIFTY27JAN2625100PE,0.13618885523299532
22-01-2026 10:55||NIFTY27JAN2625300CE,0.09751739580665923
22-01-2026 10:55||NIFTY27JAN2625900CE,0.12814192841626038
22-01-2026 10:55||NIFTY27JAN2626300CE,0.16053670417089183
22-01-2026 11:00||NIFTY27JAN2624400PE,0.17441259315094787
22-01-2026 11:00||NIFTY27JAN2624800PE,0.141114460080022
22-01-2026 11:00||NIFTY27JAN2626100CE,0.148964489300353
22-01-2026 11:00||NIFTY27JAN2626300CE,0.1640122517675186
22-01-2026 11:05||NIFTY27JAN2624200PE,0.19171920213811147
22-01-2026 11:05||NIFTY27JAN2624300PE,0.18232947198459584
22-01-2026 11:05||NIFTY27JAN2624400PE,0.17300224086629112
22-01-2026 11:05||NIFTY27JAN2624500PE,0.16364456191206284
22-01-2026 11:05||NIFTY27JAN2624800PE,0.13918704790525466
22-01-2026 11:05||NIFTY27JAN2625500CE,0.12190728169167797
22-01-2026 11:05||NIFTY27JAN2625600CE,0.12411678616159616
22-01-2026 11:05||NIFTY27JAN2625800CE,0.1315332498352692
22-01-2026 11:05||NIFTY27JAN2625900CE,0.13739304739520036
22-01-2026 11:05||NIFTY27JAN2626200CE,0.15823515965737717
22-01-2026 11:10||NIFTY27JAN2623800PE,0.2345399150146831
22-01-2026 11:10||NIFTY27JAN2624300PE,0.18401134310912876
22-01-2026 11:10||NIFTY27JAN2624400PE,0.17527890601796947
22-01-2026 11:10||NIFTY27JAN2624600PE,0.1589120253949815
22-01-2026 11:10||NIFTY27JAN2624700PE,0.15124895048698883
22-01-2026 11:10||NIFTY27JAN2625000PE,0.13052898756733955
22-01-2026 11:10||NIFTY27JAN2625100PE,0.12444911256307781
22-01-2026 11:10||NIFTY27JAN2625400CE,0.11698086546512088
22-01-2026 11:10||NIFTY27JAN2625800CE,0.1292761262392609
22-01-2026 11:10||NIFTY27JAN2626100CE,0.1491859246674238
22-01-2026 11:15||NIFTY27JAN2623900PE,0.22273138373736687
22-01-2026 11:15||NIFTY27JAN2624300PE,0.18306234936507854
22-01-2026 11:15||NIFTY27JAN2624400PE,0.17404320150107067
22-01-2026 11:15||NIFTY27JAN2624500PE,0.16518113714281168
22-01-2026 11:15||NIFTY27JAN2625100PE,0.1277252920924678
22-01-2026 11:15||NIFTY27JAN2625600CE,0.12104352964118141
22-01-2026 11:15||NIFTY27JAN2625800CE,0.12980425233462722
22-01-2026 11:15||NIFTY27JAN2626100CE,0.1505065761008763
22-01-2026 11:15||NIFTY27JAN2626200CE,0.15811695321957736
22-01-2026 11:15||NIFTY27JAN2626400CE,0.17327320330924945
22-01-2026 11:15||NIFTY27JAN2626500CE,0.18089969282006058
22-01-2026 11:20||NIFTY27JAN2623800PE,0.23211169550147223
22-01-2026 11:20||NIFTY27JAN2623900PE,0.22022415167417192
22-01-2026 11:20||NIFTY27JAN2624300PE,0.1774791387632375
22-01-2026 11:20||NIFTY27JAN2624700PE,0.14149639493777572
22-01-2026 11:20||NIFTY27JAN2624800PE,0.13374572021447168
22-01-2026 11:20||NIFTY27JAN2625000PE,0.11951267647708974
22-01-2026 11:20||NIFTY27JAN2625600CE,0.12887155398625946
22-01-2026 11:20||NIFTY27JAN2625900CE,0.13986823852859076
22-01-2026 11:25||NIFTY27JAN2623800PE,0.24189772952324634
22-01-2026 11:25||NIFTY27JAN2623900PE,0.2290481547195746
22-01-2026 11:25||NIFTY27JAN2624000PE,0.21708240188314287
22-01-2026 11:25||NIFTY27JAN2624500PE,0.16835553548691884
22-01-2026 11:25||NIFTY27JAN2624600PE,0.15976277809588174
22-01-2026 11:25||NIFTY27JAN2625000PE,0.13428366466111474
22-01-2026 11:25||NIFTY27JAN2625200CE,0.10918892533665306
22-01-2026 11:25||NIFTY27JAN2625400CE,0.1107934368228169
22-01-2026 11:25||NIFTY27JAN2625700CE,0.12047394879632989
22-01-2026 11:25||NIFTY27JAN2625800CE,0.12592730667276275
22-01-2026 11:25||NIFTY27JAN2625900CE,0.13169245589204126
22-01-2026 11:25||NIFTY27JAN2626500CE,0.1755187699158086
22-01-2026 11:30||NIFTY27JAN2624300PE,0.18011025175853085
22-01-2026 11:30||NIFTY27JAN2625000PE,0.12539594562413936
22-01-2026 11:30||NIFTY27JAN2625200CE,0.12669902772976305
22-01-2026 11:30||NIFTY27JAN2625700CE,0.12800618235217276
22-01-2026 11:30||NIFTY27JAN2625800CE,0.13241861277378703
22-01-2026 11:30||NIFTY27JAN2626000CE,0.14326641101851506
22-01-2026 11:35||NIFTY27JAN2624200PE,0.19290269941527172
22-01-2026 11:35||NIFTY27JAN2624300PE,0.18314374615591267
22-01-2026 11:35||NIFTY27JAN2625500CE,0.11704772878001
22-01-2026 11:35||NIFTY27JAN2625900CE,0.13393050139176949
22-01-2026 11:35||NIFTY27JAN2626100CE,0.14803930704973794
22-01-2026 11:35||NIFTY27JAN2626300CE,0.1641457425686363
22-01-2026 11:35||NIFTY27JAN2626400CE,0.17260070162636806
22-01-2026 11:40||NIFTY27JAN2624200PE,0.1929729374787198
22-01-2026 11:40||NIFTY27JAN2624700PE,0.15115811895242806
22-01-2026 11:40||NIFTY27JAN2624900PE,0.1401865244283021
22-01-2026 11:40||NIFTY27JAN2625200CE,0.10988094711773864
22-01-2026 11:40||NIFTY27JAN2626300CE,0.16725614491926838
22-01-2026 11:45||NIFTY27JAN2623800PE,0.2307228358804569
22-01-2026 11:45||NIFTY27JAN2623900PE,0.21904307337962642
22-01-2026 11:45||NIFTY27JAN2624400PE,0.16798699986442328
22-01-2026 11:45||NIFTY27JAN2625000PE,0.12366079337284476
22-01-2026 11:45||NIFTY27JAN2625200CE,0.12942248490726344
22-01-2026 11:45||NIFTY27JAN2625900CE,0.14206131356802898
22-01-2026 11:45||NIFTY27JAN2626500CE,0.18690149686563157
22-01-2026 11:50||NIFTY27JAN2623800PE,0.23259555261990073
22-01-2026 11:50||NIFTY27JAN2624100PE,0.20125826508593542
22-01-2026 11:50||NIFTY27JAN2624500PE,0.1640950904128303
22-01-2026 11:50||NIFTY27JAN2624800PE,0.14216797072369325
22-01-2026 11:50||NIFTY27JAN2625200CE,0.11728213032432122
22-01-2026 11:50||NIFTY27JAN2625300CE,0.11727896510378323
22-01-2026 11:50||NIFTY27JAN2625500CE,0.12096069799679003
22-01-2026 11:50||NIFTY27JAN2625600CE,0.12433892427217731
22-01-2026 11:50||NIFTY27JAN2625700CE,0.12809621614154648
22-01-2026 11:50||NIFTY27JAN2626200CE,0.16038605013093105
22-01-2026 11:50||NIFTY27JAN2626300CE,0.16842415364080526
22-01-2026 11:55||NIFTY27JAN2624000PE,0.20963550627853111
22-01-2026 11:55||NIFTY27JAN2624200PE,0.19003655190408164
22-01-2026 11:55||NIFTY27JAN2625000PE,0.1322479721403005
22-01-2026 12:00||NIFTY27JAN2623800PE,0.2283789920805438
22-01-2026 12:00||NIFTY27JAN2624300PE,0.17604830286411527
22-01-2026 12:00||NIFTY27JAN2624600PE,0.1488331288652064
22-01-2026 12:00||NIFTY27JAN2625600CE,0.13340268427826807
22-01-2026 12:00||NIFTY27JAN2625700CE,0.1364874460441708
22-01-2026 12:00||NIFTY27JAN2625900CE,0.14571374343533394
22-01-2026 12:00||NIFTY27JAN2626100CE,0.15989399740475924
22-01-2026 12:00||NIFTY27JAN2626400CE,0.18373946990171702
22-01-2026 12:05||NIFTY27JAN2624300PE,0.17922623153046896
22-01-2026 12:05||NIFTY27JAN2625600CE,0.12810168366975275
22-01-2026 12:05||NIFTY27JAN2625700CE,0.13131841841079547
22-01-2026 12:05||NIFTY27JAN2626000CE,0.1469334015177102
22-01-2026 12:05||NIFTY27JAN2626300CE,0.17009344105967647
22-01-2026 12:10||NIFTY27JAN2624000PE,0.20851695732835135
22-01-2026 12:10||NIFTY27JAN2624100PE,0.19805520517567005
22-01-2026 12:10||NIFTY27JAN2624500PE,0.1593763491226992
22-01-2026 12:10||NIFTY27JAN2624900PE,0.1294395691375487
22-01-2026 12:10||NIFTY27JAN2625000PE,0.12368634753658123
22-01-2026 12:10||NIFTY27JAN2625500CE,0.12470667323863968
22-01-2026 12:10||NIFTY27JAN2625700CE,0.12969086720517908
22-01-2026 12:10||NIFTY27JAN2625800CE,0.13402414909638333
22-01-2026 12:10||NIFTY27JAN2626000CE,0.14579639786783583
22-01-2026 12:10||NIFTY27JAN2626100CE,0.15312334064706656
22-01-2026 12:10||NIFTY27JAN2626200CE,0.1608444681086518
22-01-2026 12:10||NIFTY27JAN2626500CE,0.1844746593412951
22-01-2026 12:15||NIFTY27JAN2623800PE,0.22889073412971833
22-01-2026 12:15||NIFTY27JAN2624000PE,0.20743827643180202
22-01-2026 12:15||NIFTY27JAN2624500PE,0.15790250913714704
22-01-2026 12:15||NIFTY27JAN2625000PE,0.12083969899761311
22-01-2026 12:15||NIFTY27JAN2626100CE,0.15388380567726215
22-01-2026 12:15||NIFTY27JAN2626400CE,0.1773468191500559
22-01-2026 12:15||NIFTY27JAN2626500CE,0.185427780281899
22-01-2026 12:20||NIFTY27JAN2624800PE,0.14579961302605066
22-01-2026 12:20||NIFTY27JAN2624900PE,0.1401752144499524
22-01-2026 12:20||NIFTY27JAN2625800CE,0.12631424137137098
22-01-2026 12:20||NIFTY27JAN2625900CE,0.13273108330148936
22-01-2026 12:20||NIFTY27JAN2626000CE,0.13944126102857446
22-01-2026 12:20||NIFTY27JAN2626500CE,0.17956480665804675
22-01-2026 12:25||NIFTY27JAN2623900PE,0.2207298634874707
22-01-2026 12:25||NIFTY27JAN2624200PE,0.18890316067299678
22-01-2026 12:25||NIFTY27JAN2624500PE,0.1595572268313462
22-01-2026 12:25||NIFTY27JAN2624700PE,0.14315494910249965
22-01-2026 12:25||NIFTY27JAN2624800PE,0.13575236090259257
22-01-2026 12:25||NIFTY27JAN2625300CE,0.12631549499106381
22-01-2026 12:25||NIFTY27JAN2626000CE,0.14402025430064241
22-01-2026 12:30||NIFTY27JAN2623800PE,0.23241544094533365
22-01-2026 12:30||NIFTY27JAN2624100PE,0.19954226881839518
22-01-2026 12:30||NIFTY27JAN2624200PE,0.1893838076235579
22-01-2026 12:30||NIFTY27JAN2624400PE,0.16972538846184354
22-01-2026 12:30||NIFTY27JAN2624500PE,0.16025561235249253
22-01-2026 12:30||NIFTY27JAN2624700PE,0.14293104671465467
22-01-2026 12:30||NIFTY27JAN2625100PE,0.11549917178275788
22-01-2026 12:30||NIFTY27JAN2625700CE,0.12717035012134092
22-01-2026 12:30||NIFTY27JAN2625800CE,0.13161927970954782
22-01-2026 12:30||NIFTY27JAN2625900CE,0.1365703429035585
22-01-2026 12:30||NIFTY27JAN2626400CE,0.17272008533906663
22-01-2026 12:35||NIFTY27JAN2623800PE,0.23349681896230656
22-01-2026 12:35||NIFTY27JAN2624400PE,0.17252035307434682
22-01-2026 12:35||NIFTY27JAN2625300CE,0.1132954727734705
22-01-2026 12:35||NIFTY27JAN2625700CE,0.12133369584336744
22-01-2026 12:35||NIFTY27JAN2626100CE,0.1468938586285916
22-01-2026 12:35||NIFTY27JAN2626300CE,0.16349295545387538
22-01-2026 12:40||NIFTY27JAN2623900PE,0.21966078020337906
22-01-2026 12:40||NIFTY27JAN2624100PE,0.19817513489707214
22-01-2026 12:40||NIFTY27JAN2624800PE,0.13613826438519394
22-01-2026 12:40||NIFTY27JAN2625600CE,0.12209796917894891
22-01-2026 12:40||NIFTY27JAN2625800CE,0.13010851171634147
22-01-2026 12:40||NIFTY27JAN2626200CE,0.15786087324645293
22-01-2026 12:45||NIFTY27JAN2624600PE,0.15279620468783567
22-01-2026 12:45||NIFTY27JAN2624700PE,0.14559119880502722
22-01-2026 12:45||NIFTY27JAN2624800PE,0.1383992252781904
22-01-2026 12:45||NIFTY27JAN2624900PE,0.13148457263788507
22-01-2026 12:45||NIFTY27JAN2625200CE,0.11531138409589015
22-01-2026 12:45||NIFTY27JAN2625700CE,0.12140808078672238
22-01-2026 12:45||NIFTY27JAN2625800CE,0.12614921429316323
22-01-2026 12:45||NIFTY27JAN2626000CE,0.1379996284528437
22-01-2026 12:45||NIFTY27JAN2626100CE,0.14640562571384108
22-01-2026 12:45||NIFTY27JAN2626200CE,0.1546055932631115
22-01-2026 12:45||NIFTY27JAN2626300CE,0.163076939926953
22-01-2026 12:45||NIFTY27JAN2626400CE,0.17194209734986282
22-01-2026 12:50||NIFTY27JAN2624200PE,0.18973936204070413
22-01-2026 12:50||NIFTY27JAN2624300PE,0.17971221667188808
22-01-2026 12:50||NIFTY27JAN2624900PE,0.13314679707036944
22-01-2026 12:50||NIFTY27JAN2625400CE,0.1085401935198983
22-01-2026 12:50||NIFTY27JAN2625800CE,0.12507198993980917
22-01-2026 12:50||NIFTY27JAN2625900CE,0.13186309988891137
22-01-2026 12:50||NIFTY27JAN2626200CE,0.1549561889161391
22-01-2026 12:50||NIFTY27JAN2626300CE,0.16367665159504663
22-01-2026 12:55||NIFTY27JAN2624300PE,0.1741731293553645
22-01-2026 12:55||NIFTY27JAN2624400PE,0.16493095439786992
22-01-2026 12:55||NIFTY27JAN2625100PE,0.11993650191558257
22-01-2026 12:55||NIFTY27JAN2625400CE,0.11702449764945747
22-01-2026 12:55||NIFTY27JAN2626100CE,0.15311307246990016
22-01-2026 12:55||NIFTY27JAN2626400CE,0.1790071604948238
22-01-2026 13:00||NIFTY27JAN2624000PE,0.20447883489117896
22-01-2026 13:00||NIFTY27JAN2624400PE,0.1634452688080858
22-01-2026 13:00||NIFTY27JAN2624900PE,0.12603857499434606
22-01-2026 13:00||NIFTY27JAN2625700CE,0.12639496334919276
22-01-2026 13:00||NIFTY27JAN2625900CE,0.1379064762600978
22-01-2026 13:00||NIFTY27JAN2626300CE,0.1702361143101198
22-01-2026 13:05||NIFTY27JAN2623800PE,0.22847863906481544
22-01-2026 13:05||NIFTY27JAN2623900PE,0.21629862592267513
22-01-2026 13:05||NIFTY27JAN2624100PE,0.1934930809539288
22-01-2026 13:05||NIFTY27JAN2624400PE,0.1637449821358795
22-01-2026 13:05||NIFTY27JAN2625000PE,0.1231979829319801
22-01-2026 13:05||NIFTY27JAN2625300CE,0.11656901442169265
22-01-2026 13:05||NIFTY27JAN2625400CE,0.11699554585606875
22-01-2026 13:05||NIFTY27JAN2625700CE,0.1259721827346532
22-01-2026 13:05||NIFTY27JAN2625800CE,0.13159896581574992
22-01-2026 13:10||NIFTY27JAN2624200PE,0.18460141014473566
22-01-2026 13:10||NIFTY27JAN2625200CE,0.11051033554647537
22-01-2026 13:10||NIFTY27JAN2625300CE,0.11082920344669893
22-01-2026 13:10||NIFTY27JAN2625500CE,0.11498702699381577
22-01-2026 13:10||NIFTY27JAN2626000CE,0.14480248586282518
22-01-2026 13:10||NIFTY27JAN2626500CE,0.18973351859069773
22-01-2026 13:15||NIFTY27JAN2624200PE,0.18116372254473204
22-01-2026 13:15||NIFTY27JAN2624300PE,0.17081422365568477
22-01-2026 13:15||NIFTY27JAN2624600PE,0.1432392127898891
22-01-2026 13:15||NIFTY27JAN2624700PE,0.13517911663973065
22-01-2026 13:15||NIFTY27JAN2625200CE,0.12793843378669065
22-01-2026 13:15||NIFTY27JAN2625500CE,0.12379428205990888
22-01-2026 13:15||NIFTY27JAN2625600CE,0.1258582041312936
22-01-2026 13:15||NIFTY27JAN2626300CE,0.17278215136378494
22-01-2026 13:20||NIFTY27JAN2623900PE,0.21470167032745158
22-01-2026 13:20||NIFTY27JAN2624000PE,0.20388615526152631
22-01-2026 13:20||NIFTY27JAN2624700PE,0.1378830705581161
22-01-2026 13:20||NIFTY27JAN2624900PE,0.1250412011123296
22-01-2026 13:20||NIFTY27JAN2625200CE,0.11939411752923622
22-01-2026 13:20||NIFTY27JAN2625500CE,0.11922472392478134
22-01-2026 13:20||NIFTY27JAN2626100CE,0.15404065172125075
22-01-2026 13:20||NIFTY27JAN2626400CE,0.1806773743514244
22-01-2026 13:25||NIFTY27JAN2624000PE,0.20490231554761404
22-01-2026 13:25||NIFTY27JAN2624900PE,0.12953048964441116
22-01-2026 13:25||NIFTY27JAN2625100PE,0.12147296588651091
22-01-2026 13:25||NIFTY27JAN2625800CE,0.13075458124825207
22-01-2026 13:25||NIFTY27JAN2626100CE,0.15470456413178954
22-01-2026 13:25||NIFTY27JAN2626300CE,0.1725989736224683
22-01-2026 13:30||NIFTY27JAN2623800PE,0.22218781986186678
22-01-2026 13:30||NIFTY27JAN2624000PE,0.19958128989559593
22-01-2026 13:30||NIFTY27JAN2624100PE,0.1887273458537818
22-01-2026 13:30||NIFTY27JAN2624600PE,0.13894846108387343
22-01-2026 13:30||NIFTY27JAN2625100PE,0.0995599337927407
22-01-2026 13:30||NIFTY27JAN2625800CE,0.1383170363384374
22-01-2026 13:30||NIFTY27JAN2625900CE,0.14425561232226924
22-01-2026 13:30||NIFTY27JAN2626200CE,0.16602799920303207
22-01-2026 13:35||NIFTY27JAN2623800PE,0.2271031277227966
22-01-2026 13:35||NIFTY27JAN2623900PE,0.21648021711028675
22-01-2026 13:35||NIFTY27JAN2624300PE,0.1761170593729729
22-01-2026 13:35||NIFTY27JAN2624400PE,0.1671080922949999
22-01-2026 13:35||NIFTY27JAN2624600PE,0.15108400652603207
22-01-2026 13:35||NIFTY27JAN2624700PE,0.1440320170583434
22-01-2026 13:35||NIFTY27JAN2624900PE,0.13246472448466617
22-01-2026 13:35||NIFTY27JAN2625300CE,0.10604983946163465
22-01-2026 13:35||NIFTY27JAN2625500CE,0.11108532262801524
22-01-2026 13:35||NIFTY27JAN2625700CE,0.11985484102040256
22-01-2026 13:35||NIFTY27JAN2626000CE,0.14124906377385837
22-01-2026 13:35||NIFTY27JAN2626100CE,0.14991738704884675
22-01-2026 13:35||NIFTY27JAN2626400CE,0.1762554297913762
22-01-2026 13:40||NIFTY27JAN2623900PE,0.21276712201465672
22-01-2026 13:40||NIFTY27JAN2624000PE,0.20229211906232963
22-01-2026 13:40||NIFTY27JAN2624100PE,0.19200059298419006
22-01-2026 13:40||NIFTY27JAN2624200PE,0.1818240251720445
22-01-2026 13:40||NIFTY27JAN2624300PE,0.17130813289849534
22-01-2026 13:40||NIFTY27JAN2624400PE,0.1608461964080296
22-01-2026 13:40||NIFTY27JAN2624900PE,0.12192699810559023
22-01-2026 13:40||NIFTY27JAN2625100PE,0.10921673036045615
22-01-2026 13:40||NIFTY27JAN2625300CE,0.1218397165911252
22-01-2026 13:40||NIFTY27JAN2625400CE,0.12113398214141693
22-01-2026 13:40||NIFTY27JAN2625600CE,0.12314706697664062
22-01-2026 13:40||NIFTY27JAN2626000CE,0.14633878489316043
22-01-2026 13:40||NIFTY27JAN2626300CE,0.17188338018789634
22-01-2026 13:45||NIFTY27JAN2624400PE,0.1596537250018441
22-01-2026 13:45||NIFTY27JAN2625200CE,0.12902752301451842
22-01-2026 13:45||NIFTY27JAN2625800CE,0.13443417551532577
22-01-2026 13:45||NIFTY27JAN2626100CE,0.15615772848495263
22-01-2026 13:45||NIFTY27JAN2626300CE,0.17268848662481084
22-01-2026 13:50||NIFTY27JAN2623800PE,0.22559465694577174
22-01-2026 13:50||NIFTY27JAN2624100PE,0.1918667798477337
22-01-2026 13:50||NIFTY27JAN2625200CE,0.13007981278024303
22-01-2026 13:50||NIFTY27JAN2625400CE,0.12452507365230425
22-01-2026 13:50||NIFTY27JAN2626300CE,0.1708512956603313
22-01-2026 13:55||NIFTY27JAN2624500PE,0.15463329223393357
22-01-2026 13:55||NIFTY27JAN2624600PE,0.1453982002358467
22-01-2026 13:55||NIFTY27JAN2624800PE,0.1290670648827678
22-01-2026 13:55||NIFTY27JAN2625400CE,0.11497224652342156
22-01-2026 13:55||NIFTY27JAN2625500CE,0.11596618510084375
22-01-2026 13:55||NIFTY27JAN2625900CE,0.13363149866466828
22-01-2026 13:55||NIFTY27JAN2626000CE,0.1413168557268971
22-01-2026 13:55||NIFTY27JAN2626400CE,0.17632418801522406
22-01-2026 14:00||NIFTY27JAN2623800PE,0.22904184486430823
22-01-2026 14:00||NIFTY27JAN2623900PE,0.21624953299856753
22-01-2026 14:00||NIFTY27JAN2624000PE,0.20404026700031697
22-01-2026 14:00||NIFTY27JAN2624300PE,0.1710795307115383
22-01-2026 14:00||NIFTY27JAN2625000PE,0.11653454609099265
22-01-2026 14:00||NIFTY27JAN2625100PE,0.11211139916251499
22-01-2026 14:00||NIFTY27JAN2625300CE,0.1114486790645042
22-01-2026 14:00||NIFTY27JAN2625500CE,0.11330658172984817
22-01-2026 14:00||NIFTY27JAN2625600CE,0.11621149218450144
22-01-2026 14:00||NIFTY27JAN2625900CE,0.13277503999773682
22-01-2026 14:00||NIFTY27JAN2626200CE,0.1580771851734838
22-01-2026 14:00||NIFTY27JAN2626500CE,0.18525396408935646
22-01-2026 14:05||NIFTY27JAN2623800PE,0.22569145741768887
22-01-2026 14:05||NIFTY27JAN2624000PE,0.20269879098142635
22-01-2026 14:05||NIFTY27JAN2624200PE,0.18144448544261788
22-01-2026 14:05||NIFTY27JAN2624300PE,0.1712319317285544
22-01-2026 14:05||NIFTY27JAN2624400PE,0.16114422334160283
22-01-2026 14:05||NIFTY27JAN2625200CE,0.10740679758896936
22-01-2026 14:05||NIFTY27JAN2625400CE,0.10826332320779672
22-01-2026 14:05||NIFTY27JAN2626200CE,0.1583412034774397
22-01-2026 14:05||NIFTY27JAN2626400CE,0.17741917456838538
22-01-2026 14:10||NIFTY27JAN2623900PE,0.21258395498544722
22-01-2026 14:10||NIFTY27JAN2624200PE,0.18163035988860574
22-01-2026 14:10||NIFTY27JAN2624900PE,0.12802044902564202
22-01-2026 14:10||NIFTY27JAN2625100PE,0.12062923900845762
22-01-2026 14:10||NIFTY27JAN2625900CE,0.13405848473420776
22-01-2026 14:15||NIFTY27JAN2623800PE,0.22186461805140034
22-01-2026 14:15||NIFTY27JAN2624600PE,0.13860827119333533
22-01-2026 14:15||NIFTY27JAN2625000PE,0.11267436866102262
22-01-2026 14:15||NIFTY27JAN2625100PE,0.10851117584675665
22-01-2026 14:15||NIFTY27JAN2626500CE,0.19260918602035793
22-01-2026 14:20||NIFTY27JAN2623800PE,0.2132871805072247
22-01-2026 14:20||NIFTY27JAN2623900PE,0.2041810889985895
22-01-2026 14:20||NIFTY27JAN2624000PE,0.19485705321246713
22-01-2026 14:20||NIFTY27JAN2624100PE,0.18529887992408411
22-01-2026 14:20||NIFTY27JAN2624400PE,0.15568361414124493
22-01-2026 14:20||NIFTY27JAN2624900PE,0.11679411759199412
22-01-2026 14:20||NIFTY27JAN2625400CE,0.1156708358134769
22-01-2026 14:20||NIFTY27JAN2625700CE,0.124540029394139
22-01-2026 14:20||NIFTY27JAN2625800CE,0.13134084599580834
22-01-2026 14:20||NIFTY27JAN2625900CE,0.13865389907303444
22-01-2026 14:20||NIFTY27JAN2626100CE,0.15450617160165228
22-01-2026 14:20||NIFTY27JAN2626200CE,0.16347338245491955
22-01-2026 14:25||NIFTY27JAN2624200PE,0.17637866433141608
22-01-2026 14:25||NIFTY27JAN2624300PE,0.16502908256727158
22-01-2026 14:25||NIFTY27JAN2624600PE,0.13467269599180567
22-01-2026 14:25||NIFTY27JAN2624700PE,0.12643383478363762
22-01-2026 14:25||NIFTY27JAN2624800PE,0.11831439737129046
22-01-2026 14:25||NIFTY27JAN2624900PE,0.11034124884196045
22-01-2026 14:25||NIFTY27JAN2625300CE,0.12701892009334131
22-01-2026 14:25||NIFTY27JAN2626300CE,0.17026651294008566
22-01-2026 14:25||NIFTY27JAN2626500CE,0.18746267135782455
22-01-2026 14:30||NIFTY27JAN2623800PE,0.2254359142558505
22-01-2026 14:30||NIFTY27JAN2624300PE,0.1685847581479696
22-01-2026 14:30||NIFTY27JAN2624600PE,0.13707397643144417
22-01-2026 14:30||NIFTY27JAN2625600CE,0.12555485119760068
22-01-2026 14:30||NIFTY27JAN2625700CE,0.12937292626372776
22-01-2026 14:30||NIFTY27JAN2625800CE,0.1330920506571186
22-01-2026 14:30||NIFTY27JAN2625900CE,0.13677675240599158
22-01-2026 14:30||NIFTY27JAN2626500CE,0.18060995914000397
22-01-2026 14:35||NIFTY27JAN2624000PE,0.20598206325033697
22-01-2026 14:35||NIFTY27JAN2624700PE,0.13298104864236085
22-01-2026 14:35||NIFTY27JAN2624800PE,0.12432066577484081
22-01-2026 14:35||NIFTY27JAN2625400CE,0.122181559612142
22-01-2026 14:35||NIFTY27JAN2625500CE,0.11961884151211724
22-01-2026 14:35||NIFTY27JAN2625800CE,0.12390000776214621
22-01-2026 14:35||NIFTY27JAN2626100CE,0.14430458528856593
22-01-2026 14:35||NIFTY27JAN2626300CE,0.16015574649236325
22-01-2026 14:40||NIFTY27JAN2623800PE,0.23081821545201817
22-01-2026 14:40||NIFTY27JAN2623900PE,0.21865474337482646
22-01-2026 14:40||NIFTY27JAN2624000PE,0.20728799595953604
22-01-2026 14:40||NIFTY27JAN2624400PE,0.1648156093171942
22-01-2026 14:40||NIFTY27JAN2625200CE,0.12065288444840377
22-01-2026 14:40||NIFTY27JAN2625400CE,0.11251118341143093
22-01-2026 14:40||NIFTY27JAN2625700CE,0.11499749132160758
22-01-2026 14:40||NIFTY27JAN2626100CE,0.14049287449116293
22-01-2026 14:40||NIFTY27JAN2626200CE,0.14808842717477977
22-01-2026 14:40||NIFTY27JAN2626400CE,0.16332402128808712
22-01-2026 14:40||NIFTY27JAN2626500CE,0.17088528382205262
22-01-2026 14:45||NIFTY27JAN2624000PE,0.20501148226510615
22-01-2026 14:45||NIFTY27JAN2624700PE,0.13171052353275095
22-01-2026 14:45||NIFTY27JAN2625600CE,0.11387726110838359
22-01-2026 14:45||NIFTY27JAN2626000CE,0.1313594323292889
22-01-2026 14:45||NIFTY27JAN2626100CE,0.13918637462028682
22-01-2026 14:45||NIFTY27JAN2626400CE,0.1637446831933636
22-01-2026 14:50||NIFTY27JAN2624400PE,0.16144226814932972
22-01-2026 14:50||NIFTY27JAN2624500PE,0.15126644325305166
22-01-2026 14:50||NIFTY27JAN2625400CE,0.10970087268427284
22-01-2026 14:50||NIFTY27JAN2625500CE,0.10995783693714738
22-01-2026 14:50||NIFTY27JAN2625600CE,0.11018692216534404
22-01-2026 14:50||NIFTY27JAN2626200CE,0.14486817886781467
22-01-2026 14:55||NIFTY27JAN2623900PE,0.21380453302357716
22-01-2026 14:55||NIFTY27JAN2624300PE,0.16842885513544448
22-01-2026 14:55||NIFTY27JAN2625000PE,0.10912739398394755
22-01-2026 14:55||NIFTY27JAN2626100CE,0.13635683040072424
22-01-2026 14:55||NIFTY27JAN2626200CE,0.14434235989272032
22-01-2026 14:55||NIFTY27JAN2626400CE,0.16035071494074754
22-01-2026 14:55||NIFTY27JAN2626500CE,0.16838213535265723
22-01-2026 15:00||NIFTY27JAN2624300PE,0.16774683681206043
22-01-2026 15:00||NIFTY27JAN2624600PE,0.1384917085302883
22-01-2026 15:00||NIFTY27JAN2624900PE,0.11756624651817883
22-01-2026 15:00||NIFTY27JAN2625100PE,0.10754255589934927
22-01-2026 15:00||NIFTY27JAN2625300CE,0.10672912466802087
22-01-2026 15:00||NIFTY27JAN2625600CE,0.10688922298232781
22-01-2026 15:00||NIFTY27JAN2626400CE,0.1628599501423978
22-01-2026 15:05||NIFTY27JAN2624100PE,0.1891752946390677
22-01-2026 15:05||NIFTY27JAN2625300CE,0.13125612825975916
22-01-2026 15:05||NIFTY27JAN2625400CE,0.12451098769822724
22-01-2026 15:05||NIFTY27JAN2625600CE,0.118139363512309
22-01-2026 15:05||NIFTY27JAN2626500CE,0.16791757816112546
22-01-2026 15:10||NIFTY27JAN2623800PE,0.2275275695727607
22-01-2026 15:10||NIFTY27JAN2624000PE,0.20383329566414365
22-01-2026 15:10||NIFTY27JAN2624200PE,0.1810888206999971
22-01-2026 15:10||NIFTY27JAN2625100PE,0.10389548652782395
22-01-2026 15:10||NIFTY27JAN2625200CE,0.1245922213108721
22-01-2026 15:10||NIFTY27JAN2625600CE,0.10957836806859508
22-01-2026 15:10||NIFTY27JAN2626100CE,0.1321386302628867
22-01-2026 15:15||NIFTY27JAN2623800PE,0.2244248743302415
22-01-2026 15:15||NIFTY27JAN2624100PE,0.19018974482805973
22-01-2026 15:15||NIFTY27JAN2624200PE,0.17839550140529586
22-01-2026 15:15||NIFTY27JAN2624600PE,0.1343475132713959
22-01-2026 15:15||NIFTY27JAN2625400CE,0.11841224065734143
22-01-2026 15:15||NIFTY27JAN2625800CE,0.11452605137000606
22-01-2026 15:15||NIFTY27JAN2625900CE,0.11944507142822722
22-01-2026 15:15||NIFTY27JAN2626200CE,0.13911511631462403
22-01-2026 15:15||NIFTY27JAN2626300CE,0.14762518728935456
22-01-2026 15:20||NIFTY27JAN2623900PE,0.2158595386266794
22-01-2026 15:20||NIFTY27JAN2624800PE,0.11828158649744652
22-01-2026 15:20||NIFTY27JAN2625200CE,0.13646094441669068
22-01-2026 15:20||NIFTY27JAN2626400CE,0.15605206755448722
22-01-2026 15:20||NIFTY27JAN2626500CE,0.16575136667718798
22-01-2026 15:25||NIFTY27JAN2623800PE,0.22535720555590483
22-01-2026 15:25||NIFTY27JAN2624200PE,0.17928958477697582
22-01-2026 15:25||NIFTY27JAN2624300PE,0.1675648718791055
22-01-2026 15:25||NIFTY27JAN2624700PE,0.12454837752472775
22-01-2026 15:25||NIFTY27JAN2625100PE,0.09786354517921214
22-01-2026 15:25||NIFTY27JAN2625200CE,0.12657816095079952
22-01-2026 15:25||NIFTY27JAN2625300CE,0.11925608874764755
22-01-2026 15:25||NIFTY27JAN2625600CE,0.109410884062183
22-01-2026 15:25||NIFTY27JAN2625900CE,0.11625340573971069
22-01-2026 15:25||NIFTY27JAN2626000CE,0.12257337653983988
22-01-2026 15:25||NIFTY27JAN2626400CE,0.15700061311592897
23-01-2026 09:15||NIFTY27JAN2623900PE,0.23397408573382716
23-01-2026 09:15||NIFTY27JAN2624100PE,0.2106996390407544
23-01-2026 09:15||NIFTY27JAN2624200PE,0.19844477295152416
23-01-2026 09:15||NIFTY27JAN2624300PE,0.1860482316966468
23-01-2026 09:15||NIFTY27JAN2624900PE,0.13089307235578942
23-01-2026 09:15||NIFTY27JAN2625500CE,0.11523818567435351
23-01-2026 09:15||NIFTY27JAN2626000CE,0.13437920449442087
23-01-2026 09:15||NIFTY27JAN2626100CE,0.14399291476609327
23-01-2026 09:15||NIFTY27JAN2626200CE,0.15361857771730816
23-01-2026 09:15||NIFTY27JAN2626300CE,0.1637557865706902
23-01-2026 09:15||NIFTY27JAN2626500CE,0.18826699699804755
23-01-2026 09:20||NIFTY27JAN2623900PE,0.23251919127778087
23-01-2026 09:20||NIFTY27JAN2624300PE,0.18251556251062234
23-01-2026 09:20||NIFTY27JAN2624400PE,0.17009183164913896
23-01-2026 09:20||NIFTY27JAN2625500CE,0.12922903016192072
23-01-2026 09:20||NIFTY27JAN2626200CE,0.1548739087200456
23-01-2026 09:20||NIFTY27JAN2626400CE,0.1747666562575014
23-01-2026 09:25||NIFTY27JAN2623800PE,0.2557607301626648
23-01-2026 09:25||NIFTY27JAN2623900PE,0.2428874212508121
23-01-2026 09:25||NIFTY27JAN2625100PE,0.11301661947202668
23-01-2026 09:25||NIFTY27JAN2626100CE,0.13601350338650695
23-01-2026 09:25||NIFTY27JAN2626200CE,0.1460493976532307
23-01-2026 09:25||NIFTY27JAN2626400CE,0.16659594421080687
23-01-2026 09:30||NIFTY27JAN2623900PE,0.2417183239263953
23-01-2026 09:30||NIFTY27JAN2624000PE,0.22961825695927218
23-01-2026 09:30||NIFTY27JAN2624400PE,0.18240201233422834
23-01-2026 09:30||NIFTY27JAN2624500PE,0.17111097689645122
23-01-2026 09:30||NIFTY27JAN2624600PE,0.15992285712820106
23-01-2026 09:30||NIFTY27JAN2624700PE,0.1488571018892787
23-01-2026 09:30||NIFTY27JAN2625200CE,0.10701728701990129
23-01-2026 09:30||NIFTY27JAN2626300CE,0.15669278602686723
23-01-2026 09:35||NIFTY27JAN2623800PE,0.25215791148110667
23-01-2026 09:35||NIFTY27JAN2623900PE,0.23895951334317062
23-01-2026 09:35||NIFTY27JAN2624000PE,0.22632705607804987
23-01-2026 09:35||NIFTY27JAN2624400PE,0.1772232353680642
23-01-2026 09:35||NIFTY27JAN2624500PE,0.1648343989382685
23-01-2026 09:35||NIFTY27JAN2624800PE,0.13413340426188142
23-01-2026 09:35||NIFTY27JAN2624900PE,0.12648370672523482
23-01-2026 09:35||NIFTY27JAN2625500CE,0.11039218189089192
23-01-2026 09:35||NIFTY27JAN2626100CE,0.139320984578362
23-01-2026 09:40||NIFTY27JAN2624000PE,0.2289275991141456
23-01-2026 09:40||NIFTY27JAN2625400CE,0.1069976380609034
23-01-2026 09:40||NIFTY27JAN2625500CE,0.1059993925131493
23-01-2026 09:40||NIFTY27JAN2626000CE,0.1280987245043875
23-01-2026 09:45||NIFTY27JAN2623900PE,0.23544011030462678
23-01-2026 09:45||NIFTY27JAN2624100PE,0.21013838447915434
23-01-2026 09:45||NIFTY27JAN2624300PE,0.18467709242465674
23-01-2026 09:45||NIFTY27JAN2624700PE,0.13829855264779173
23-01-2026 09:45||NIFTY27JAN2624800PE,0.12893257521652535
23-01-2026 09:45||NIFTY27JAN2624900PE,0.12009625219500947
23-01-2026 09:45||NIFTY27JAN2625100PE,0.10486611851807788
23-01-2026 09:45||NIFTY27JAN2626100CE,0.14370894809989182
23-01-2026 09:45||NIFTY27JAN2626400CE,0.17569264540506005
23-01-2026 09:50||NIFTY27JAN2623800PE,0.2511737054326921
23-01-2026 09:50||NIFTY27JAN2623900PE,0.2389178167377416
23-01-2026 09:50||NIFTY27JAN2624000PE,0.22667221314314984
23-01-2026 09:50||NIFTY27JAN2624200PE,0.2018801053549668
23-01-2026 09:50||NIFTY27JAN2624300PE,0.18957604724916638
23-01-2026 09:50||NIFTY27JAN2624400PE,0.17743409032765378
23-01-2026 09:50||NIFTY27JAN2624700PE,0.14522813747229385
23-01-2026 09:50||NIFTY27JAN2625200CE,0.10858048841383579
23-01-2026 09:50||NIFTY27JAN2625300CE,0.10399475944682451
23-01-2026 09:50||NIFTY27JAN2625700CE,0.10552602978463357
23-01-2026 09:50||NIFTY27JAN2625800CE,0.11112045837913681
23-01-2026 09:50||NIFTY27JAN2626000CE,0.12656455009595974
23-01-2026 09:50||NIFTY27JAN2626300CE,0.15944675272404063
23-01-2026 09:55||NIFTY27JAN2623800PE,0.24937887142321127
23-01-2026 09:55||NIFTY27JAN2624200PE,0.1985310360071691
23-01-2026 09:55||NIFTY27JAN2624800PE,0.1304580119895894
23-01-2026 09:55||NIFTY27JAN2625000PE,0.11541078968721477
23-01-2026 09:55||NIFTY27JAN2625200CE,0.1209702373887954
23-01-2026 09:55||NIFTY27JAN2625700CE,0.10948546031930542
23-01-2026 09:55||NIFTY27JAN2625900CE,0.12069453746515899
23-01-2026 09:55||NIFTY27JAN2626100CE,0.14050090405960025
23-01-2026 09:55||NIFTY27JAN2626300CE,0.1619757869197712
23-01-2026 10:00||NIFTY27JAN2623900PE,0.23734373795642527
23-01-2026 10:00||NIFTY27JAN2624700PE,0.14180316777799967
23-01-2026 10:00||NIFTY27JAN2625800CE,0.1106910750548854
23-01-2026 10:00||NIFTY27JAN2625900CE,0.11995692869354774
23-01-2026 10:00||NIFTY27JAN2626000CE,0.12936334853131953
23-01-2026 10:00||NIFTY27JAN2626100CE,0.13894444770042544
23-01-2026 10:00||NIFTY27JAN2626300CE,0.15911577073763078
23-01-2026 10:05||NIFTY27JAN2623800PE,0.25027184007904396
23-01-2026 10:05||NIFTY27JAN2624100PE,0.21201413933629365
23-01-2026 10:05||NIFTY27JAN2624600PE,0.1518514793037597
23-01-2026 10:05||NIFTY27JAN2624800PE,0.13263701353958285
23-01-2026 10:05||NIFTY27JAN2626200CE,0.15037723686332974
23-01-2026 10:10||NIFTY27JAN2623800PE,0.24946100829608514
23-01-2026 10:10||NIFTY27JAN2624000PE,0.22386036840043505
23-01-2026 10:10||NIFTY27JAN2624400PE,0.17358850072696796
23-01-2026 10:10||NIFTY27JAN2624600PE,0.1511119213225638
23-01-2026 10:10||NIFTY27JAN2624700PE,0.1410505297291605
23-01-2026 10:10||NIFTY27JAN2624800PE,0.13150731963946488
23-01-2026 10:10||NIFTY27JAN2625200CE,0.11140682905340304
23-01-2026 10:10||NIFTY27JAN2625300CE,0.10607931197294149
23-01-2026 10:15||NIFTY27JAN2624100PE,0.21094968071751805
23-01-2026 10:15||NIFTY27JAN2624300PE,0.18630714208853155
23-01-2026 10:15||NIFTY27JAN2624700PE,0.14283221200693216
23-01-2026 10:15||NIFTY27JAN2625700CE,0.10346520298784821
23-01-2026 10:15||NIFTY27JAN2625900CE,0.11897209618776626
23-01-2026 10:15||NIFTY27JAN2626000CE,0.12976604118928495
23-01-2026 10:15||NIFTY27JAN2626400CE,0.17414898262070208
23-01-2026 10:20||NIFTY27JAN2625700CE,0.1077061559756594
23-01-2026 10:20||NIFTY27JAN2625800CE,0.11408534175847213
23-01-2026 10:20||NIFTY27JAN2626000CE,0.1314578745514169
23-01-2026 10:20||NIFTY27JAN2626100CE,0.14297342919788225
23-01-2026 10:20||NIFTY27JAN2626300CE,0.16568125423204488
23-01-2026 10:20||NIFTY27JAN2626500CE,0.18688624519725364
23-01-2026 10:25||NIFTY27JAN2623800PE,0.24818747915665565
23-01-2026 10:25||NIFTY27JAN2624400PE,0.16974619222703602
23-01-2026 10:25||NIFTY27JAN2624600PE,0.14499721053483633
23-01-2026 10:25||NIFTY27JAN2624800PE,0.12392787841922957
23-01-2026 10:25||NIFTY27JAN2625100PE,0.09997362549079779
23-01-2026 10:25||NIFTY27JAN2625400CE,0.11534783723372696
23-01-2026 10:25||NIFTY27JAN2625800CE,0.11492047926729182
23-01-2026 10:25||NIFTY27JAN2626000CE,0.13211228513627504
23-01-2026 10:30||NIFTY27JAN2624100PE,0.21302817106824162
23-01-2026 10:30||NIFTY27JAN2624400PE,0.17524535238078895
23-01-2026 10:30||NIFTY27JAN2624600PE,0.15036588853197955
23-01-2026 10:30||NIFTY27JAN2625100PE,0.1065481005367937
23-01-2026 10:30||NIFTY27JAN2626200CE,0.14853110399288952
23-01-2026 10:30||NIFTY27JAN2626500CE,0.17886772335466214
23-01-2026 10:35||NIFTY27JAN2624000PE,0.22764084471860493
23-01-2026 10:35||NIFTY27JAN2624100PE,0.21503159249712261
23-01-2026 10:35||NIFTY27JAN2624200PE,0.20234994270563278
23-01-2026 10:35||NIFTY27JAN2624500PE,0.1646010669223772
23-01-2026 10:35||NIFTY27JAN2624900PE,0.12426892948322336
23-01-2026 10:35||NIFTY27JAN2625100PE,0.11022361050428385
23-01-2026 10:35||NIFTY27JAN2625300CE,0.1022642946933183
23-01-2026 10:35||NIFTY27JAN2625600CE,0.09954725620537148
23-01-2026 10:40||NIFTY27JAN2624000PE,0.22554364537937405
23-01-2026 10:40||NIFTY27JAN2624300PE,0.18746902761368822
23-01-2026 10:40||NIFTY27JAN2624600PE,0.15100900211518384
23-01-2026 10:40||NIFTY27JAN2624800PE,0.13065003624142063
23-01-2026 10:40||NIFTY27JAN2625200CE,0.11302248991728789
23-01-2026 10:40||NIFTY27JAN2625300CE,0.10639376909559593
23-01-2026 10:40||NIFTY27JAN2625800CE,0.10825697514559961
23-01-2026 10:45||NIFTY27JAN2624100PE,0.21321737032714339
23-01-2026 10:45||NIFTY27JAN2625100PE,0.11154742687491705
23-01-2026 10:45||NIFTY27JAN2625700CE,0.10016523728754238
23-01-2026 10:45||NIFTY27JAN2625900CE,0.11463029629695952
23-01-2026 10:45||NIFTY27JAN2626200CE,0.14752196505431467
23-01-2026 10:45||NIFTY27JAN2626300CE,0.1587191763018092
23-01-2026 10:45||NIFTY27JAN2626500CE,0.18090615038845112
23-01-2026 10:50||NIFTY27JAN2623900PE,0.23713157285835848
23-01-2026 10:50||NIFTY27JAN2624500PE,0.16162644719319563
23-01-2026 10:50||NIFTY27JAN2624800PE,0.12895813977611287
23-01-2026 10:50||NIFTY27JAN2625400CE,0.10085961972765198
23-01-2026 10:50||NIFTY27JAN2625700CE,0.10267772116031251
23-01-2026 10:50||NIFTY27JAN2626200CE,0.14880042722799347
23-01-2026 10:50||NIFTY27JAN2626300CE,0.1597427527047649
23-01-2026 10:50||NIFTY27JAN2626400CE,0.17058101539350293
23-01-2026 10:55||NIFTY27JAN2623800PE,0.24979797320828578
23-01-2026 10:55||NIFTY27JAN2624300PE,0.18554468552437217
23-01-2026 10:55||NIFTY27JAN2624600PE,0.1481830097282048
23-01-2026 10:55||NIFTY27JAN2624700PE,0.1373215332679327
23-01-2026 10:55||NIFTY27JAN2624900PE,0.11842818369034072
23-01-2026 10:55||NIFTY27JAN2626200CE,0.1498258019282439
23-01-2026 10:55||NIFTY27JAN2626300CE,0.16082625341999346
23-01-2026 10:55||NIFTY27JAN2626400CE,0.17186497072974777
23-01-2026 11:00||NIFTY27JAN2624900PE,0.12083856484663819
23-01-2026 11:00||NIFTY27JAN2625100PE,0.10797557820279624
23-01-2026 11:00||NIFTY27JAN2625200CE,0.10109996832977364
23-01-2026 11:00||NIFTY27JAN2625400CE,0.0962340427153875
23-01-2026 11:00||NIFTY27JAN2625500CE,0.09622633842748411
23-01-2026 11:00||NIFTY27JAN2625800CE,0.10754347065428788
23-01-2026 11:00||NIFTY27JAN2626100CE,0.13958776796853456
23-01-2026 11:00||NIFTY27JAN2626500CE,0.18540822195809262
23-01-2026 11:05||NIFTY27JAN2624200PE,0.196645576354435
23-01-2026 11:05||NIFTY27JAN2625400CE,0.10270939110086644
23-01-2026 11:05||NIFTY27JAN2625600CE,0.10314285279290664
23-01-2026 11:05||NIFTY27JAN2625700CE,0.10597313926278082
23-01-2026 11:05||NIFTY27JAN2626200CE,0.1523208000744295
23-01-2026 11:05||NIFTY27JAN2626500CE,0.18635604654101334
23-01-2026 11:10||NIFTY27JAN2624000PE,0.22301691345009306
23-01-2026 11:10||NIFTY27JAN2624100PE,0.21015475536867914
23-01-2026 11:10||NIFTY27JAN2624500PE,0.15921794724514748
23-01-2026 11:10||NIFTY27JAN2625300CE,0.10188672112835692
23-01-2026 11:10||NIFTY27JAN2626300CE,0.16210965495965832
23-01-2026 11:15||NIFTY27JAN2624200PE,0.19650399641452043
23-01-2026 11:15||NIFTY27JAN2624700PE,0.1388872730789706
23-01-2026 11:15||NIFTY27JAN2624800PE,0.12995164023882932
23-01-2026 11:15||NIFTY27JAN2624900PE,0.12146364977297519
23-01-2026 11:15||NIFTY27JAN2625300CE,0.0948596800337147
23-01-2026 11:15||NIFTY27JAN2625400CE,0.09475584833773007
23-01-2026 11:15||NIFTY27JAN2625500CE,0.09479255833634545
23-01-2026 11:15||NIFTY27JAN2625700CE,0.09918905410787104
23-01-2026 11:15||NIFTY27JAN2626300CE,0.16235535446367136
23-01-2026 11:20||NIFTY27JAN2624100PE,0.20731896338113265
23-01-2026 11:20||NIFTY27JAN2624300PE,0.18184004420365585
23-01-2026 11:20||NIFTY27JAN2624400PE,0.1692258903141458
23-01-2026 11:20||NIFTY27JAN2624700PE,0.1338660072711877
23-01-2026 11:20||NIFTY27JAN2624800PE,0.12377108520019162
23-01-2026 11:20||NIFTY27JAN2625000PE,0.10519655828110792
23-01-2026 11:20||NIFTY27JAN2625100PE,0.09672655705044682
23-01-2026 11:20||NIFTY27JAN2626000CE,0.13045554714015256
23-01-2026 11:20||NIFTY27JAN2626300CE,0.16432431207936526
23-01-2026 11:25||NIFTY27JAN2623800PE,0.2456347106021492
23-01-2026 11:25||NIFTY27JAN2623900PE,0.2337160008708825
23-01-2026 11:25||NIFTY27JAN2624900PE,0.11493624201426837
23-01-2026 11:25||NIFTY27JAN2625000PE,0.10677248040196968
23-01-2026 11:25||NIFTY27JAN2625200CE,0.10776560185105238
23-01-2026 11:25||NIFTY27JAN2625700CE,0.10437743546129549
23-01-2026 11:25||NIFTY27JAN2625800CE,0.11119115592078521
23-01-2026 11:25||NIFTY27JAN2626400CE,0.17447704851230023
23-01-2026 11:30||NIFTY27JAN2624300PE,0.18408716121784385
23-01-2026 11:30||NIFTY27JAN2624700PE,0.13776393576513515
23-01-2026 11:30||NIFTY27JAN2624900PE,0.12096759707899846
23-01-2026 11:30||NIFTY27JAN2625000PE,0.11380813978312243
23-01-2026 11:30||NIFTY27JAN2625500CE,0.0922671769342404
23-01-2026 11:30||NIFTY27JAN2625600CE,0.09545789596778753
23-01-2026 11:30||NIFTY27JAN2625800CE,0.10675181471193712
23-01-2026 11:30||NIFTY27JAN2626000CE,0.12769616570417167
23-01-2026 11:30||NIFTY27JAN2626200CE,0.15127378158580157
23-01-2026 11:30||NIFTY27JAN2626400CE,0.17403776046442268
23-01-2026 11:35||NIFTY27JAN2623800PE,0.24455109189801147
23-01-2026 11:35||NIFTY27JAN2624400PE,0.1685216345829536
23-01-2026 11:35||NIFTY27JAN2624900PE,0.12179836176716373
23-01-2026 11:35||NIFTY27JAN2625400CE,0.09263517045824857
23-01-2026 11:35||NIFTY27JAN2626000CE,0.1320114117534899
23-01-2026 11:35||NIFTY27JAN2626400CE,0.17797630985920018
23-01-2026 11:40||NIFTY27JAN2623800PE,0.23934679951762083
23-01-2026 11:40||NIFTY27JAN2623900PE,0.22703097090051044
23-01-2026 11:40||NIFTY27JAN2624300PE,0.17646834760344296
23-01-2026 11:40||NIFTY27JAN2624800PE,0.12402992907337695
23-01-2026 11:40||NIFTY27JAN2624900PE,0.11674606573655028
23-01-2026 11:40||NIFTY27JAN2625500CE,0.09975421113455628
23-01-2026 11:40||NIFTY27JAN2626300CE,0.17455586252840688
23-01-2026 11:40||NIFTY27JAN2626400CE,0.1848359977490309
23-01-2026 11:40||NIFTY27JAN2626500CE,0.1940126347132452
23-01-2026 11:45||NIFTY27JAN2623800PE,0.23970382836701296
23-01-2026 11:45||NIFTY27JAN2624400PE,0.1644470667381268
23-01-2026 11:45||NIFTY27JAN2625300CE,0.09685723403556008
23-01-2026 11:45||NIFTY27JAN2625500CE,0.10110419029510401
23-01-2026 11:45||NIFTY27JAN2626100CE,0.15379934893213693
23-01-2026 11:45||NIFTY27JAN2626400CE,0.18635608572124002
23-01-2026 11:50||NIFTY27JAN2624100PE,0.19501520231091762
23-01-2026 11:50||NIFTY27JAN2624500PE,0.14739413759067568
23-01-2026 11:50||NIFTY27JAN2624800PE,0.11998249509025967
23-01-2026 11:50||NIFTY27JAN2625400CE,0.10858119958534403
23-01-2026 11:50||NIFTY27JAN2625500CE,0.10959442927998841
23-01-2026 11:50||NIFTY27JAN2625700CE,0.11569368452700272
23-01-2026 11:55||NIFTY27JAN2624000PE,0.21077994754845042
23-01-2026 11:55||NIFTY27JAN2624800PE,0.12074056526527524
23-01-2026 11:55||NIFTY27JAN2625100PE,0.1024159708260813
23-01-2026 11:55||NIFTY27JAN2625700CE,0.1139124886224998
23-01-2026 11:55||NIFTY27JAN2626200CE,0.16433165087066573
23-01-2026 11:55||NIFTY27JAN2626500CE,0.1951232007066506
23-01-2026 12:00||NIFTY27JAN2624000PE,0.2107758534042195
23-01-2026 12:00||NIFTY27JAN2624200PE,0.18529349730574735
23-01-2026 12:00||NIFTY27JAN2624300PE,0.1725234576465544
23-01-2026 12:00||NIFTY27JAN2624400PE,0.15987094940530905
23-01-2026 12:00||NIFTY27JAN2624700PE,0.12793022193589065
23-01-2026 12:00||NIFTY27JAN2624800PE,0.11954231564140547
23-01-2026 12:00||NIFTY27JAN2625200CE,0.10816742395015067
23-01-2026 12:00||NIFTY27JAN2625500CE,0.1051089375352928
23-01-2026 12:00||NIFTY27JAN2625800CE,0.12177764695594778
23-01-2026 12:00||NIFTY27JAN2625900CE,0.1322529245090128
23-01-2026 12:00||NIFTY27JAN2626400CE,0.1861641997842521
23-01-2026 12:05||NIFTY27JAN2623800PE,0.2342959822227869
23-01-2026 12:05||NIFTY27JAN2624600PE,0.1400171447728456
23-01-2026 12:05||NIFTY27JAN2625300CE,0.097870230610552
23-01-2026 12:05||NIFTY27JAN2625400CE,0.09899519844946836
23-01-2026 12:05||NIFTY27JAN2626400CE,0.18680676230976323
23-01-2026 12:10||NIFTY27JAN2623900PE,0.21970371597994737
23-01-2026 12:10||NIFTY27JAN2624000PE,0.20698984467490317
23-01-2026 12:10||NIFTY27JAN2625000PE,0.10705585774343485
23-01-2026 12:10||NIFTY27JAN2625700CE,0.11679915147162676
23-01-2026 12:10||NIFTY27JAN2625800CE,0.1253647220198809
23-01-2026 12:10||NIFTY27JAN2626200CE,0.1678917868090007
23-01-2026 12:10||NIFTY27JAN2626500CE,0.19851991203820543
23-01-2026 12:15||NIFTY27JAN2624300PE,0.16955138484127782
23-01-2026 12:15||NIFTY27JAN2624700PE,0.12323431833501222
23-01-2026 12:15||NIFTY27JAN2625300CE,0.11403903732189406
23-01-2026 12:15||NIFTY27JAN2625500CE,0.11113867818991724
23-01-2026 12:15||NIFTY27JAN2625700CE,0.11692362471043649
23-01-2026 12:15||NIFTY27JAN2626100CE,0.15602821812336748
23-01-2026 12:15||NIFTY27JAN2626300CE,0.17735333013499605
23-01-2026 12:20||NIFTY27JAN2624200PE,0.1859712507264486
23-01-2026 12:20||NIFTY27JAN2625200CE,0.10077375430990097
23-01-2026 12:20||NIFTY27JAN2625300CE,0.09898763881588085
23-01-2026 12:20||NIFTY27JAN2625400CE,0.0985718828391594
23-01-2026 12:20||NIFTY27JAN2625800CE,0.11946423891219136
23-01-2026 12:20||NIFTY27JAN2626100CE,0.15275921893522218
23-01-2026 12:25||NIFTY27JAN2623900PE,0.22190417431531978
23-01-2026 12:25||NIFTY27JAN2624000PE,0.20913278182932443
23-01-2026 12:25||NIFTY27JAN2624300PE,0.1708736610212252
23-01-2026 12:25||NIFTY27JAN2624500PE,0.14745809475811267
23-01-2026 12:25||NIFTY27JAN2624600PE,0.1365341155884861
23-01-2026 12:25||NIFTY27JAN2624700PE,0.12606989748393638
23-01-2026 12:25||NIFTY27JAN2624900PE,0.10871271562507984
23-01-2026 12:25||NIFTY27JAN2625400CE,0.10521102350978091
23-01-2026 12:25||NIFTY27JAN2625600CE,0.10817523174245691
23-01-2026 12:25||NIFTY27JAN2625900CE,0.13209145199185665
23-01-2026 12:25||NIFTY27JAN2626100CE,0.15435091551210134
23-01-2026 12:25||NIFTY27JAN2626400CE,0.18728707225684968
23-01-2026 12:30||NIFTY27JAN2623800PE,0.2356147830610691
23-01-2026 12:30||NIFTY27JAN2624100PE,0.19627247989345536
23-01-2026 12:30||NIFTY27JAN2624200PE,0.18368072728225343
23-01-2026 12:30||NIFTY27JAN2624500PE,0.1459028283004264
23-01-2026 12:30||NIFTY27JAN2625200CE,0.1081987960835171
23-01-2026 12:30||NIFTY27JAN2625900CE,0.1319809061553088
23-01-2026 12:30||NIFTY27JAN2626100CE,0.15429672615927645
23-01-2026 12:30||NIFTY27JAN2626200CE,0.16528324059702484
23-01-2026 12:35||NIFTY27JAN2624100PE,0.19665870292659582
23-01-2026 12:35||NIFTY27JAN2624400PE,0.15800119349234498
23-01-2026 12:35||NIFTY27JAN2625000PE,0.09735911419630372
23-01-2026 12:35||NIFTY27JAN2625100PE,0.09112525208090771
23-01-2026 12:35||NIFTY27JAN2625300CE,0.1085223813050114
23-01-2026 12:35||NIFTY27JAN2626100CE,0.15388517518924658
23-01-2026 12:40||NIFTY27JAN2624500PE,0.14485120044095506
23-01-2026 12:40||NIFTY27JAN2624600PE,0.1328811652180869
23-01-2026 12:40||NIFTY27JAN2624900PE,0.1038718147765487
23-01-2026 12:40||NIFTY27JAN2625300CE,0.10941304687166487
23-01-2026 12:45||NIFTY27JAN2623800PE,0.2356502746020235
23-01-2026 12:45||NIFTY27JAN2623900PE,0.22358713629275806
23-01-2026 12:45||NIFTY27JAN2624600PE,0.13880341874615257
23-01-2026 12:45||NIFTY27JAN2625100PE,0.10036953738483259
23-01-2026 12:45||NIFTY27JAN2625900CE,0.1250771274230999
23-01-2026 12:50||NIFTY27JAN2623800PE,0.2343811427856165
23-01-2026 12:50||NIFTY27JAN2624400PE,0.15695027408816636
23-01-2026 12:50||NIFTY27JAN2624800PE,0.11086997957288136
23-01-2026 12:50||NIFTY27JAN2625300CE,0.11124706628392145
23-01-2026 12:50||NIFTY27JAN2625600CE,0.10984736532697426
23-01-2026 12:50||NIFTY27JAN2625700CE,0.1147074345101822
23-01-2026 12:50||NIFTY27JAN2626000CE,0.14059518992246586
23-01-2026 12:50||NIFTY27JAN2626400CE,0.18605562908301349
23-01-2026 12:55||NIFTY27JAN2624200PE,0.1871888211073341
23-01-2026 12:55||NIFTY27JAN2625100PE,0.09898920494509204
23-01-2026 12:55||NIFTY27JAN2625400CE,0.09292855264416543
23-01-2026 12:55||NIFTY27JAN2625600CE,0.10008737919041225
23-01-2026 12:55||NIFTY27JAN2625800CE,0.11609246777778856
23-01-2026 12:55||NIFTY27JAN2625900CE,0.12717709637650035
23-01-2026 12:55||NIFTY27JAN2626100CE,0.15023322888717383
23-01-2026 12:55||NIFTY27JAN2626400CE,0.18434561929614274
23-01-2026 13:00||NIFTY27JAN2624100PE,0.19471112565894258
23-01-2026 13:00||NIFTY27JAN2624700PE,0.1222176929462381
23-01-2026 13:00||NIFTY27JAN2624900PE,0.10454191976054888
23-01-2026 13:00||NIFTY27JAN2625700CE,0.11347954283320053
23-01-2026 13:00||NIFTY27JAN2625900CE,0.1327861631149473
23-01-2026 13:00||NIFTY27JAN2626000CE,0.143853939770929
23-01-2026 13:00||NIFTY27JAN2626100CE,0.15532019851791823
23-01-2026 13:05||NIFTY27JAN2623800PE,0.23105382133533495
23-01-2026 13:05||NIFTY27JAN2625200CE,0.10384729059629651
23-01-2026 13:05||NIFTY27JAN2625700CE,0.11438585013575264
23-01-2026 13:05||NIFTY27JAN2625800CE,0.1247839955039464
23-01-2026 13:05||NIFTY27JAN2625900CE,0.13537759142578537
23-01-2026 13:05||NIFTY27JAN2626000CE,0.14610354601587527
23-01-2026 13:10||NIFTY27JAN2623900PE,0.2207831156312581
23-01-2026 13:10||NIFTY27JAN2624000PE,0.20832202680383533
23-01-2026 13:10||NIFTY27JAN2624100PE,0.19569557644622138
23-01-2026 13:10||NIFTY27JAN2624500PE,0.144141109653383
23-01-2026 13:10||NIFTY27JAN2624700PE,0.12188913977311779
23-01-2026 13:10||NIFTY27JAN2625100PE,0.09199590754461862
23-01-2026 13:10||NIFTY27JAN2625600CE,0.10615702247680228
23-01-2026 13:10||NIFTY27JAN2625800CE,0.12201813187487544
23-01-2026 13:10||NIFTY27JAN2626000CE,0.14415369851048865
23-01-2026 13:15||NIFTY27JAN2623800PE,0.2275518256358819
23-01-2026 13:15||NIFTY27JAN2624000PE,0.20439698899378372
23-01-2026 13:15||NIFTY27JAN2624200PE,0.17961807121079398
23-01-2026 13:15||NIFTY27JAN2625300CE,0.09514700448787823
23-01-2026 13:15||NIFTY27JAN2625600CE,0.10937361314734445
23-01-2026 13:15||NIFTY27JAN2625700CE,0.11801925433162627
23-01-2026 13:15||NIFTY27JAN2625900CE,0.1380144792865183
23-01-2026 13:15||NIFTY27JAN2626000CE,0.14945265613076503
23-01-2026 13:20||NIFTY27JAN2624600PE,0.1320259075211488
23-01-2026 13:20||NIFTY27JAN2624700PE,0.12392071238580142
23-01-2026 13:20||NIFTY27JAN2624800PE,0.11626899403081475
23-01-2026 13:20||NIFTY27JAN2625700CE,0.12312831843259472
23-01-2026 13:20||NIFTY27JAN2626100CE,0.16600132562985115
23-01-2026 13:20||NIFTY27JAN2626200CE,0.17714639413072403
23-01-2026 13:20||NIFTY27JAN2626300CE,0.18827957786559238
23-01-2026 13:20||NIFTY27JAN2626500CE,0.21043267051850748
23-01-2026 13:25||NIFTY27JAN2624100PE,0.18749320972846664
23-01-2026 13:25||NIFTY27JAN2624400PE,0.1508644615998215
23-01-2026 13:25||NIFTY27JAN2624500PE,0.13939438876500576
23-01-2026 13:25||NIFTY27JAN2624900PE,0.1066096181906848
23-01-2026 13:25||NIFTY27JAN2625000PE,0.10210858879545313
23-01-2026 13:25||NIFTY27JAN2625100PE,0.09887205765599869
23-01-2026 13:25||NIFTY27JAN2625400CE,0.10394015903308149
23-01-2026 13:30||NIFTY27JAN2624700PE,0.12959267652208123
23-01-2026 13:30||NIFTY27JAN2624800PE,0.12393010439882482
23-01-2026 13:30||NIFTY27JAN2625000PE,0.11623397762575886
23-01-2026 13:30||NIFTY27JAN2625300CE,0.10672816014921999
23-01-2026 13:30||NIFTY27JAN2625400CE,0.11099498254553025
23-01-2026 13:30||NIFTY27JAN2625700CE,0.13269932229464143
23-01-2026 13:30||NIFTY27JAN2626000CE,0.16593965472004124
23-01-2026 13:35||NIFTY27JAN2623900PE,0.20877811092447912
23-01-2026 13:35||NIFTY27JAN2624100PE,0.18391491159138407
23-01-2026 13:35||NIFTY27JAN2624800PE,0.11688199748377404
23-01-2026 13:35||NIFTY27JAN2624900PE,0.11199706137793383
23-01-2026 13:35||NIFTY27JAN2625300CE,0.1085930148555557
23-01-2026 13:35||NIFTY27JAN2625600CE,0.12601367963351073
23-01-2026 13:35||NIFTY27JAN2625700CE,0.1356574496497016
23-01-2026 13:35||NIFTY27JAN2625800CE,0.14579505868007647
23-01-2026 13:35||NIFTY27JAN2626000CE,0.16694565214032792
23-01-2026 13:35||NIFTY27JAN2626200CE,0.18938960229899882
23-01-2026 13:35||NIFTY27JAN2626300CE,0.20050046335992017
23-01-2026 13:35||NIFTY27JAN2626500CE,0.22251694401515343
23-01-2026 13:40||NIFTY27JAN2623900PE,0.2130244362190964
23-01-2026 13:40||NIFTY27JAN2624600PE,0.1379924694150499
23-01-2026 13:40||NIFTY27JAN2624700PE,0.13132612874159277
23-01-2026 13:40||NIFTY27JAN2624900PE,0.12245708474937345
23-01-2026 13:40||NIFTY27JAN2625700CE,0.13526789722485127
23-01-2026 13:40||NIFTY27JAN2625800CE,0.14625250150675362
23-01-2026 13:40||NIFTY27JAN2625900CE,0.15735377679864432
23-01-2026 13:40||NIFTY27JAN2626300CE,0.20096199879933208
23-01-2026 13:40||NIFTY27JAN2626400CE,0.21186542582160078
23-01-2026 13:45||NIFTY27JAN2623900PE,0.20615403057991616
23-01-2026 13:45||NIFTY27JAN2624000PE,0.1935190695760331
23-01-2026 13:45||NIFTY27JAN2624100PE,0.18090045504448501
23-01-2026 13:45||NIFTY27JAN2624500PE,0.13620546681659418
23-01-2026 13:45||NIFTY27JAN2624600PE,0.1271729714952538
23-01-2026 13:45||NIFTY27JAN2625000PE,0.10173119680096751
23-01-2026 13:45||NIFTY27JAN2625300CE,0.11404953561875568
23-01-2026 13:45||NIFTY27JAN2626100CE,0.18307782067443862
23-01-2026 13:45||NIFTY27JAN2626300CE,0.20520440735285353
23-01-2026 13:50||NIFTY27JAN2624000PE,0.19464016100494008
23-01-2026 13:50||NIFTY27JAN2624500PE,0.13564285998793058
23-01-2026 13:50||NIFTY27JAN2625100PE,0.09752693683240246
23-01-2026 13:50||NIFTY27JAN2625600CE,0.13161146054836262
23-01-2026 13:50||NIFTY27JAN2625800CE,0.1505838372686492
23-01-2026 13:50||NIFTY27JAN2626400CE,0.21764881419158089
23-01-2026 13:55||NIFTY27JAN2624900PE,0.11015593803791804
23-01-2026 13:55||NIFTY27JAN2625500CE,0.1241580134938065
23-01-2026 13:55||NIFTY27JAN2625600CE,0.13348276524600367
23-01-2026 13:55||NIFTY27JAN2625700CE,0.14250603664682612
23-01-2026 13:55||NIFTY27JAN2625800CE,0.15157136155015022
23-01-2026 13:55||NIFTY27JAN2625900CE,0.16042169950512014
23-01-2026 13:55||NIFTY27JAN2626400CE,0.21565757463551027
23-01-2026 13:55||NIFTY27JAN2626500CE,0.2262478361597001
23-01-2026 14:00||NIFTY27JAN2623800PE,0.22006998423058746
23-01-2026 14:00||NIFTY27JAN2624200PE,0.16937033441179064
23-01-2026 14:00||NIFTY27JAN2624300PE,0.15730000665775984
23-01-2026 14:00||NIFTY27JAN2624400PE,0.14553262148672927
23-01-2026 14:00||NIFTY27JAN2625300CE,0.11696551667398594
23-01-2026 14:00||NIFTY27JAN2625400CE,0.12058568209411633
23-01-2026 14:00||NIFTY27JAN2625500CE,0.12479248601726625
23-01-2026 14:00||NIFTY27JAN2625800CE,0.14786173782684747
23-01-2026 14:05||NIFTY27JAN2624200PE,0.17097802943477125
23-01-2026 14:05||NIFTY27JAN2624700PE,0.11978556301014545
23-01-2026 14:05||NIFTY27JAN2624800PE,0.11357688295029422
23-01-2026 14:05||NIFTY27JAN2624900PE,0.1076051370988263
23-01-2026 14:05||NIFTY27JAN2625400CE,0.11603548084598547
23-01-2026 14:05||NIFTY27JAN2625700CE,0.1363995083130069
23-01-2026 14:05||NIFTY27JAN2625800CE,0.14637345645435243
23-01-2026 14:05||NIFTY27JAN2626300CE,0.19975129767704866
23-01-2026 14:05||NIFTY27JAN2626400CE,0.20993485377390672
23-01-2026 14:05||NIFTY27JAN2626500CE,0.2199267915800897
23-01-2026 14:10||NIFTY27JAN2623900PE,0.20872031300745092
23-01-2026 14:10||NIFTY27JAN2625800CE,0.14764700205339726
23-01-2026 14:10||NIFTY27JAN2626400CE,0.21301462537983795
23-01-2026 14:15||NIFTY27JAN2623900PE,0.2136973611810526
23-01-2026 14:15||NIFTY27JAN2624000PE,0.20108672587979035
23-01-2026 14:15||NIFTY27JAN2625000PE,0.11374634265974587
23-01-2026 14:15||NIFTY27JAN2625400CE,0.1086341008292489
23-01-2026 14:15||NIFTY27JAN2626300CE,0.1956138354415372
23-01-2026 14:15||NIFTY27JAN2626400CE,0.20666557514605893
23-01-2026 14:20||NIFTY27JAN2624100PE,0.18515478682169262
23-01-2026 14:20||NIFTY27JAN2624800PE,0.11644700851669326
23-01-2026 14:20||NIFTY27JAN2625400CE,0.11320351126872118
23-01-2026 14:20||NIFTY27JAN2625600CE,0.12640966913069573
23-01-2026 14:20||NIFTY27JAN2625800CE,0.14513637422978887
23-01-2026 14:20||NIFTY27JAN2626400CE,0.2101809682138976
23-01-2026 14:20||NIFTY27JAN2626500CE,0.22160263554939957
23-01-2026 14:25||NIFTY27JAN2624200PE,0.16776998365032036
23-01-2026 14:25||NIFTY27JAN2624300PE,0.1553543614627055
23-01-2026 14:25||NIFTY27JAN2624400PE,0.14308098275442266
23-01-2026 14:25||NIFTY27JAN2624500PE,0.1307660563459464
23-01-2026 14:25||NIFTY27JAN2625200CE,0.11425989645714506
23-01-2026 14:25||NIFTY27JAN2626200CE,0.18695411017281227
23-01-2026 14:25||NIFTY27JAN2626300CE,0.19786933142259894
23-01-2026 14:25||NIFTY27JAN2626400CE,0.20904655518502147
23-01-2026 14:30||NIFTY27JAN2623900PE,0.21096615472203328
23-01-2026 14:30||NIFTY27JAN2624100PE,0.18432969681135208
23-01-2026 14:30||NIFTY27JAN2624600PE,0.12337224928563247
23-01-2026 14:30||NIFTY27JAN2625000PE,0.09409054186476831
23-01-2026 14:30||NIFTY27JAN2625300CE,0.11148966063324865
23-01-2026 14:30||NIFTY27JAN2625500CE,0.1201919408625062
23-01-2026 14:30||NIFTY27JAN2625600CE,0.1274785126479059
23-01-2026 14:30||NIFTY27JAN2625700CE,0.13560871774963362
23-01-2026 14:35||NIFTY27JAN2623900PE,0.21105750064949869
23-01-2026 14:35||NIFTY27JAN2624200PE,0.17118807836400057
23-01-2026 14:35||NIFTY27JAN2624500PE,0.1345234094902217
23-01-2026 14:35||NIFTY27JAN2624700PE,0.1159113251227752
23-01-2026 14:35||NIFTY27JAN2624900PE,0.10277668991172333
23-01-2026 14:35||NIFTY27JAN2625100PE,0.09426341953407893
23-01-2026 14:35||NIFTY27JAN2625300CE,0.10943206574507522
23-01-2026 14:35||NIFTY27JAN2625400CE,0.11202784812511783
23-01-2026 14:35||NIFTY27JAN2625600CE,0.12125826156334435
23-01-2026 14:35||NIFTY27JAN2625800CE,0.13938604749257935
23-01-2026 14:35||NIFTY27JAN2625900CE,0.14971922846652125
23-01-2026 14:35||NIFTY27JAN2626000CE,0.1604234571937298
23-01-2026 14:35||NIFTY27JAN2626300CE,0.19430871995944346
23-01-2026 14:40||NIFTY27JAN2623900PE,0.2130141799058879
23-01-2026 14:40||NIFTY27JAN2624300PE,0.16172109459537565
23-01-2026 14:40||NIFTY27JAN2624400PE,0.1495598681468496
23-01-2026 14:40||NIFTY27JAN2625000PE,0.10157137561805499
23-01-2026 14:40||NIFTY27JAN2625100PE,0.0988215751832896
23-01-2026 14:40||NIFTY27JAN2625200CE,0.10221262474283158
23-01-2026 14:40||NIFTY27JAN2625600CE,0.12397049449167516
23-01-2026 14:40||NIFTY27JAN2625700CE,0.1331805846490714
23-01-2026 14:40||NIFTY27JAN2625800CE,0.14282692368664868
23-01-2026 14:40||NIFTY27JAN2626400CE,0.20602362626376147
23-01-2026 14:45||NIFTY27JAN2624400PE,0.149560326287243
23-01-2026 14:45||NIFTY27JAN2624700PE,0.12183248913366684
23-01-2026 14:45||NIFTY27JAN2624800PE,0.11538742597819274
23-01-2026 14:45||NIFTY27JAN2625000PE,0.10676837180048751
23-01-2026 14:45||NIFTY27JAN2625100PE,0.10513367064186262
23-01-2026 14:45||NIFTY27JAN2625200CE,0.10077045068649315
23-01-2026 14:45||NIFTY27JAN2625400CE,0.10885503001157273
23-01-2026 14:45||NIFTY27JAN2625600CE,0.1235705147079873
23-01-2026 14:45||NIFTY27JAN2625700CE,0.13300385828688538
23-01-2026 14:45||NIFTY27JAN2626000CE,0.16314841553151282
23-01-2026 14:45||NIFTY27JAN2626200CE,0.18490627555857617
23-01-2026 14:50||NIFTY27JAN2623800PE,0.2177677884943183
23-01-2026 14:50||NIFTY27JAN2624100PE,0.18015465022176147
23-01-2026 14:50||NIFTY27JAN2624500PE,0.13070988587596727
23-01-2026 14:50||NIFTY27JAN2624700PE,0.1120818128661558
23-01-2026 14:50||NIFTY27JAN2624800PE,0.10443592685145986
23-01-2026 14:50||NIFTY27JAN2625200CE,0.11254174262499225
23-01-2026 14:50||NIFTY27JAN2625300CE,0.11390341232690145
23-01-2026 14:50||NIFTY27JAN2625500CE,0.1222585612195258
23-01-2026 14:55||NIFTY27JAN2623800PE,0.2218663506088281
23-01-2026 14:55||NIFTY27JAN2623900PE,0.21000867265932077
23-01-2026 14:55||NIFTY27JAN2624400PE,0.1474976834342338
23-01-2026 14:55||NIFTY27JAN2625200CE,0.1029234353422895
23-01-2026 14:55||NIFTY27JAN2625900CE,0.15030881840958815
23-01-2026 14:55||NIFTY27JAN2626200CE,0.18278089979990786
23-01-2026 15:00||NIFTY27JAN2623900PE,0.21014667202016252
23-01-2026 15:00||NIFTY27JAN2624100PE,0.18472880889274418
23-01-2026 15:00||NIFTY27JAN2624300PE,0.1592385108085757
23-01-2026 15:00||NIFTY27JAN2624600PE,0.12617894660891998
23-01-2026 15:00||NIFTY27JAN2625600CE,0.12697793430545976
23-01-2026 15:05||NIFTY27JAN2623900PE,0.20725879718667573
23-01-2026 15:05||NIFTY27JAN2624000PE,0.1953652068242711
23-01-2026 15:05||NIFTY27JAN2624400PE,0.15022789383500407
23-01-2026 15:05||NIFTY27JAN2624800PE,0.12030131747760456
23-01-2026 15:05||NIFTY27JAN2625100PE,0.11511427853977671
23-01-2026 15:05||NIFTY27JAN2626000CE,0.17002865961816235
23-01-2026 15:05||NIFTY27JAN2626200CE,0.19304459883055938
23-01-2026 15:10||NIFTY27JAN2623800PE,0.21926239944650325
23-01-2026 15:10||NIFTY27JAN2624000PE,0.19287737874450486
23-01-2026 15:10||NIFTY27JAN2624200PE,0.16745090908015642
23-01-2026 15:10||NIFTY27JAN2624600PE,0.12323890653790412
23-01-2026 15:10||NIFTY27JAN2625000PE,0.0997471160698131
23-01-2026 15:10||NIFTY27JAN2625200CE,0.10972590658309662
23-01-2026 15:10||NIFTY27JAN2625300CE,0.11207524784721598
23-01-2026 15:10||NIFTY27JAN2625700CE,0.14086617520063233
23-01-2026 15:10||NIFTY27JAN2626000CE,0.1715454146495581
23-01-2026 15:10||NIFTY27JAN2626100CE,0.18249443928206227
23-01-2026 15:10||NIFTY27JAN2626200CE,0.19337281433655457
23-01-2026 15:10||NIFTY27JAN2626300CE,0.2043181955262034
23-01-2026 15:10||NIFTY27JAN2626400CE,0.21540034672334618
23-01-2026 15:15||NIFTY27JAN2624100PE,0.1826121658624048
23-01-2026 15:15||NIFTY27JAN2624200PE,0.1694274978893173
23-01-2026 15:15||NIFTY27JAN2624300PE,0.15637497023049496
23-01-2026 15:15||NIFTY27JAN2624600PE,0.12434331510713792
23-01-2026 15:15||NIFTY27JAN2624700PE,0.11677775936154694
23-01-2026 15:15||NIFTY27JAN2624900PE,0.10699997497366023
23-01-2026 15:15||NIFTY27JAN2625000PE,0.10397724590502687
23-01-2026 15:15||NIFTY27JAN2625600CE,0.1275201037451088
23-01-2026 15:15||NIFTY27JAN2626000CE,0.16903797483699418
23-01-2026 15:15||NIFTY27JAN2626300CE,0.2032589998364298
23-01-2026 15:20||NIFTY27JAN2623800PE,0.22065623257565284
23-01-2026 15:20||NIFTY27JAN2623900PE,0.2068667618641212
23-01-2026 15:20||NIFTY27JAN2624800PE,0.10402001328009977
23-01-2026 15:20||NIFTY27JAN2625200CE,0.11342820488532857
23-01-2026 15:20||NIFTY27JAN2625400CE,0.12116087658770666
23-01-2026 15:20||NIFTY27JAN2625500CE,0.1272407242579373
23-01-2026 15:20||NIFTY27JAN2625700CE,0.14286539004257587
23-01-2026 15:20||NIFTY27JAN2625900CE,0.16398103929182808
23-01-2026 15:20||NIFTY27JAN2626000CE,0.175112063940978
23-01-2026 15:20||NIFTY27JAN2626100CE,0.18627105106566222
23-01-2026 15:20||NIFTY27JAN2626200CE,0.19738546980298974
23-01-2026 15:25||NIFTY27JAN2624400PE,0.13974426874062695
23-01-2026 15:25||NIFTY27JAN2624500PE,0.12838574836819663
23-01-2026 15:25||NIFTY27JAN2624600PE,0.11791451087661331
23-01-2026 15:25||NIFTY27JAN2624800PE,0.10351424535735254
23-01-2026 15:25||NIFTY27JAN2625700CE,0.14176442364295377
23-01-2026 15:25||NIFTY27JAN2626400CE,0.21899438994730333
27-01-2026 09:15||NIFTY27JAN2624000PE,0.7015277231364394
27-01-2026 09:15||NIFTY27JAN2624200PE,0.6026447575859255
27-01-2026 09:15||NIFTY27JAN2624500PE,0.49922365818763625
27-01-2026 09:15||NIFTY27JAN2624600PE,0.4826252773785938
27-01-2026 09:15||NIFTY27JAN2624900PE,0.49160790006985744
27-01-2026 09:15||NIFTY27JAN2625100PE,0.5429181077804676
27-01-2026 09:15||NIFTY27JAN2625500CE,0.35823698191085707
27-01-2026 09:15||NIFTY27JAN2625600CE,0.39374317566202
27-01-2026 09:15||NIFTY27JAN2625900CE,0.5259556740797069
27-01-2026 09:15||NIFTY27JAN2626200CE,0.6654081254680697
27-01-2026 09:15||NIFTY27JAN2626400CE,0.7535629095112361
27-01-2026 09:15||NIFTY27JAN2626500CE,0.7960877641604193
27-01-2026 09:20||NIFTY27JAN2624300PE,0.49122987997014006
27-01-2026 09:20||NIFTY27JAN2624400PE,0.44973798962480893
27-01-2026 09:20||NIFTY27JAN2624500PE,0.4130430759320721
27-01-2026 09:20||NIFTY27JAN2624900PE,0.4013958320621738
27-01-2026 09:20||NIFTY27JAN2625100PE,0.4436014829228866
27-01-2026 09:20||NIFTY27JAN2625400CE,0.41106553959115383
27-01-2026 09:20||NIFTY27JAN2625500CE,0.4450401818724164
27-01-2026 09:20||NIFTY27JAN2625600CE,0.4824943149934885
27-01-2026 09:20||NIFTY27JAN2625700CE,0.5209095552106195
27-01-2026 09:20||NIFTY27JAN2625900CE,0.6093076416514204
27-01-2026 09:20||NIFTY27JAN2626300CE,0.8131509188155195
27-01-2026 09:20||NIFTY27JAN2626400CE,0.8666918097682528
27-01-2026 09:20||NIFTY27JAN2626500CE,0.9225520073388542
27-01-2026 09:25||NIFTY27JAN2623900PE,0.6546633167562467
27-01-2026 09:25||NIFTY27JAN2624200PE,0.5033102430228229
27-01-2026 09:25||NIFTY27JAN2624400PE,0.4093819553416374
27-01-2026 09:25||NIFTY27JAN2624600PE,0.34676924674131815
27-01-2026 09:25||NIFTY27JAN2624800PE,0.3137995918922568
27-01-2026 09:25||NIFTY27JAN2624900PE,0.3002245674988582
27-01-2026 09:25||NIFTY27JAN2625100PE,0.27463778601618405
27-01-2026 09:25||NIFTY27JAN2625200CE,0.3577926230226467
27-01-2026 09:25||NIFTY27JAN2625300CE,0.3863655193974799
27-01-2026 09:25||NIFTY27JAN2625400CE,0.41855505496894774
27-01-2026 09:25||NIFTY27JAN2625500CE,0.4543690944093056
27-01-2026 09:25||NIFTY27JAN2625600CE,0.49389880407101017
27-01-2026 09:25||NIFTY27JAN2625900CE,0.63490581413689
27-01-2026 09:25||NIFTY27JAN2626500CE,0.9200242522792553
27-01-2026 09:30||NIFTY27JAN2624300PE,0.4687039978910594
27-01-2026 09:30||NIFTY27JAN2624400PE,0.4242453324954508
27-01-2026 09:30||NIFTY27JAN2624500PE,0.3810943483740115
27-01-2026 09:30||NIFTY27JAN2624600PE,0.3395113855726166
27-01-2026 09:30||NIFTY27JAN2624800PE,0.25782515429880304
27-01-2026 09:30||NIFTY27JAN2624900PE,0.21666926565877948
27-01-2026 09:30||NIFTY27JAN2625000PE,0.17601490725058302
27-01-2026 09:30||NIFTY27JAN2625100PE,0.13591508389740325
27-01-2026 09:30||NIFTY27JAN2625200CE,0.3533289259564923
27-01-2026 09:30||NIFTY27JAN2625300CE,0.3849321114931253
27-01-2026 09:30||NIFTY27JAN2625400CE,0.41968810945716684
27-01-2026 09:30||NIFTY27JAN2625600CE,0.4983883831813032
27-01-2026 09:30||NIFTY27JAN2625800CE,0.5881641579590405
27-01-2026 09:30||NIFTY27JAN2626100CE,0.739200315385437
27-01-2026 09:30||NIFTY27JAN2626400CE,0.8802026037486235
27-01-2026 09:35||NIFTY27JAN2623800PE,0.7362562323360858
27-01-2026 09:35||NIFTY27JAN2623900PE,0.6941776567777999
27-01-2026 09:35||NIFTY27JAN2624300PE,0.500059754890977
27-01-2026 09:35||NIFTY27JAN2624500PE,0.40636004323852287
27-01-2026 09:35||NIFTY27JAN2625500CE,0.4368819834185824
27-01-2026 09:35||NIFTY27JAN2625700CE,0.493911225759754
27-01-2026 09:35||NIFTY27JAN2626100CE,0.6682237281496466
27-01-2026 09:35||NIFTY27JAN2626200CE,0.7144740303342332
27-01-2026 09:35||NIFTY27JAN2626300CE,0.7605872827466815
27-01-2026 09:35||NIFTY27JAN2626400CE,0.8066664545192554
27-01-2026 09:40||NIFTY27JAN2625200CE,0.452223295593459
27-01-2026 09:40||NIFTY27JAN2625400CE,0.3964275102174779
27-01-2026 09:40||NIFTY27JAN2626000CE,0.5876206559375563
27-01-2026 09:40||NIFTY27JAN2626100CE,0.6372000982047141
27-01-2026 09:40||NIFTY27JAN2626300CE,0.7299001233049948
27-01-2026 09:40||NIFTY27JAN2626400CE,0.7730724147039896
27-01-2026 09:45||NIFTY27JAN2623800PE,0.8196672543742661
27-01-2026 09:45||NIFTY27JAN2624000PE,0.7232144904975484
27-01-2026 09:45||NIFTY27JAN2624500PE,0.4847430097135869
27-01-2026 09:45||NIFTY27JAN2624900PE,0.3489076427991148
27-01-2026 09:45||NIFTY27JAN2625000PE,0.3206859049674472
27-01-2026 09:45||NIFTY27JAN2625300CE,0.34990166487715435
27-01-2026 09:45||NIFTY27JAN2625600CE,0.37559196130109057
27-01-2026 09:45||NIFTY27JAN2626200CE,0.6399207798959226
27-01-2026 09:45||NIFTY27JAN2626300CE,0.6900247713981409
27-01-2026 09:45||NIFTY27JAN2626500CE,0.7942305600356417
27-01-2026 09:50||NIFTY27JAN2623800PE,0.8158155419457636
27-01-2026 09:50||NIFTY27JAN2623900PE,0.7681457380989156
27-01-2026 09:50||NIFTY27JAN2624100PE,0.6741309022223223
27-01-2026 09:50||NIFTY27JAN2624200PE,0.6269964102629995
27-01-2026 09:50||NIFTY27JAN2624300PE,0.5793787391057497
27-01-2026 09:50||NIFTY27JAN2624800PE,0.38251756419796124
27-01-2026 09:50||NIFTY27JAN2624900PE,0.3567482328318098
27-01-2026 09:50||NIFTY27JAN2625000PE,0.332031119935726
27-01-2026 09:50||NIFTY27JAN2625200CE,0.3470068994523746
27-01-2026 09:50||NIFTY27JAN2625800CE,0.4500721962381895
27-01-2026 09:50||NIFTY27JAN2626000CE,0.54793660306237
27-01-2026 09:50||NIFTY27JAN2626300CE,0.7109834213753286
27-01-2026 09:50||NIFTY27JAN2626400CE,0.7786064199466269
27-01-2026 09:50||NIFTY27JAN2626500CE,0.8530447095586169
27-01-2026 09:55||NIFTY27JAN2623800PE,0.7857396163566914
27-01-2026 09:55||NIFTY27JAN2624100PE,0.676259269499735
27-01-2026 09:55||NIFTY27JAN2624600PE,0.42290703829153525
27-01-2026 09:55||NIFTY27JAN2624700PE,0.38412618694378076
27-01-2026 09:55||NIFTY27JAN2624800PE,0.351251965535328
27-01-2026 09:55||NIFTY27JAN2624900PE,0.32361058421294103
27-01-2026 09:55||NIFTY27JAN2625000PE,0.30090509970152163
27-01-2026 09:55||NIFTY27JAN2625100PE,0.2831238026038811
27-01-2026 09:55||NIFTY27JAN2625200CE,0.30178124968970305
27-01-2026 09:55||NIFTY27JAN2625600CE,0.3701283190520347
27-01-2026 09:55||NIFTY27JAN2625700CE,0.4134588371495209
27-01-2026 09:55||NIFTY27JAN2626000CE,0.5625132058423822
27-01-2026 09:55||NIFTY27JAN2626100CE,0.6134151396248542
27-01-2026 09:55||NIFTY27JAN2626200CE,0.6633820924431562
27-01-2026 09:55||NIFTY27JAN2626400CE,0.7625871067280565
27-01-2026 09:55||NIFTY27JAN2626500CE,0.812840670511475
27-01-2026 10:00||NIFTY27JAN2623900PE,0.7843596076286707
27-01-2026 10:00||NIFTY27JAN2624000PE,0.734049210772886
27-01-2026 10:00||NIFTY27JAN2624100PE,0.683546479330662
27-01-2026 10:00||NIFTY27JAN2624300PE,0.5814170862049427
27-01-2026 10:00||NIFTY27JAN2624400PE,0.5299562212940023
27-01-2026 10:00||NIFTY27JAN2624700PE,0.40488515670903813
27-01-2026 10:00||NIFTY27JAN2624900PE,0.35574933603284375
27-01-2026 10:00||NIFTY27JAN2625100PE,0.31405980386223614
27-01-2026 10:00||NIFTY27JAN2625300CE,0.32470618111112814
27-01-2026 10:00||NIFTY27JAN2625400CE,0.32650954997997417
27-01-2026 10:00||NIFTY27JAN2625600CE,0.3623616145238409
27-01-2026 10:00||NIFTY27JAN2625700CE,0.4073599009575054
27-01-2026 10:00||NIFTY27JAN2625800CE,0.4596984045151717
27-01-2026 10:00||NIFTY27JAN2626100CE,0.6118142045018697
27-01-2026 10:00||NIFTY27JAN2626400CE,0.7499398702160769
27-01-2026 10:00||NIFTY27JAN2626500CE,0.7880129890857402
27-01-2026 10:05||NIFTY27JAN2623800PE,0.8344052526390138
27-01-2026 10:05||NIFTY27JAN2623900PE,0.7840909640355908
27-01-2026 10:05||NIFTY27JAN2624100PE,0.68350753809771
27-01-2026 10:05||NIFTY27JAN2624300PE,0.5770574750219855
27-01-2026 10:05||NIFTY27JAN2624600PE,0.4482644892521631
27-01-2026 10:05||NIFTY27JAN2624700PE,0.4256176265860332
27-01-2026 10:05||NIFTY27JAN2624800PE,0.40308645962945244
27-01-2026 10:05||NIFTY27JAN2624900PE,0.38121878196220293
27-01-2026 10:05||NIFTY27JAN2625700CE,0.4164972959285759
27-01-2026 10:05||NIFTY27JAN2626000CE,0.5716916447749183
27-01-2026 10:05||NIFTY27JAN2626100CE,0.6240474960365622
27-01-2026 10:05||NIFTY27JAN2626300CE,0.728600676963942
27-01-2026 10:05||NIFTY27JAN2626400CE,0.7805301331826178
27-01-2026 10:05||NIFTY27JAN2626500CE,0.8321882628725124
27-01-2026 10:10||NIFTY27JAN2623800PE,0.8175946271630568
27-01-2026 10:10||NIFTY27JAN2623900PE,0.7659350525142548
27-01-2026 10:10||NIFTY27JAN2624200PE,0.6078522880069586
27-01-2026 10:10||NIFTY27JAN2624500PE,0.4557048244840334
27-01-2026 10:10||NIFTY27JAN2624600PE,0.4143753605462777
27-01-2026 10:10||NIFTY27JAN2624700PE,0.37474769908428024
27-01-2026 10:10||NIFTY27JAN2624900PE,0.30269524307328544
27-01-2026 10:10||NIFTY27JAN2625300CE,0.38551794470949663
27-01-2026 10:10||NIFTY27JAN2625400CE,0.3765857257776689
27-01-2026 10:10||NIFTY27JAN2625600CE,0.3960272855851049
27-01-2026 10:10||NIFTY27JAN2626000CE,0.5828504943149524
27-01-2026 10:10||NIFTY27JAN2626200CE,0.6821553644585583
27-01-2026 10:10||NIFTY27JAN2626400CE,0.775713872376729
27-01-2026 10:15||NIFTY27JAN2624000PE,0.7451845815741478
27-01-2026 10:15||NIFTY27JAN2624200PE,0.6390804283624397
27-01-2026 10:15||NIFTY27JAN2624400PE,0.531386891827615
27-01-2026 10:15||NIFTY27JAN2624600PE,0.4366575071553915
27-01-2026 10:15||NIFTY27JAN2624700PE,0.393545961363986
27-01-2026 10:15||NIFTY27JAN2625600CE,0.39167960501715193
27-01-2026 10:15||NIFTY27JAN2625800CE,0.46546189050674625
27-01-2026 10:15||NIFTY27JAN2626000CE,0.5619937623346436
27-01-2026 10:15||NIFTY27JAN2626400CE,0.7557609109605155
27-01-2026 10:20||NIFTY27JAN2623900PE,0.8265241892231752
27-01-2026 10:20||NIFTY27JAN2624000PE,0.7795902858276046
27-01-2026 10:20||NIFTY27JAN2624200PE,0.6775355497596509
27-01-2026 10:20||NIFTY27JAN2624500PE,0.5196218555062638
27-01-2026 10:20||NIFTY27JAN2624600PE,0.47042613628109486
27-01-2026 10:20||NIFTY27JAN2624800PE,0.3916107119855011
27-01-2026 10:20||NIFTY27JAN2625000PE,0.33162077430481457
27-01-2026 10:20||NIFTY27JAN2625400CE,0.32065929251735714
27-01-2026 10:20||NIFTY27JAN2625500CE,0.3345777481632757
27-01-2026 10:20||NIFTY27JAN2625800CE,0.4423977922465038
27-01-2026 10:25||NIFTY27JAN2623800PE,0.8576027129592596
27-01-2026 10:25||NIFTY27JAN2623900PE,0.818355125208633
27-01-2026 10:25||NIFTY27JAN2624200PE,0.67183558068326
27-01-2026 10:25||NIFTY27JAN2624600PE,0.47113179710916514
27-01-2026 10:25||NIFTY27JAN2624800PE,0.4156564524951489
27-01-2026 10:25||NIFTY27JAN2624900PE,0.39736063599411076
27-01-2026 10:25||NIFTY27JAN2625200CE,0.14906662325801107
27-01-2026 10:25||NIFTY27JAN2625300CE,0.19725968819655554
27-01-2026 10:25||NIFTY27JAN2625400CE,0.24622181995488715
27-01-2026 10:25||NIFTY27JAN2625900CE,0.5017089101656375
27-01-2026 10:25||NIFTY27JAN2626000CE,0.5527921968766263
27-01-2026 10:25||NIFTY27JAN2626300CE,0.7148518889339424
27-01-2026 10:25||NIFTY27JAN2626400CE,0.7614238256558272
27-01-2026 10:30||NIFTY27JAN2623900PE,0.8015367033898342
27-01-2026 10:30||NIFTY27JAN2624100PE,0.6972233268567651
27-01-2026 10:30||NIFTY27JAN2624200PE,0.6438556563350062
27-01-2026 10:30||NIFTY27JAN2624400PE,0.5405959916031196
27-01-2026 10:30||NIFTY27JAN2624800PE,0.36627227082653824
27-01-2026 10:30||NIFTY27JAN2625000PE,0.3179895423369315
27-01-2026 10:30||NIFTY27JAN2625100PE,0.3060978854465699
27-01-2026 10:30||NIFTY27JAN2625200CE,0.17332746296605434
27-01-2026 10:30||NIFTY27JAN2625300CE,0.22391298550037086
27-01-2026 10:30||NIFTY27JAN2625400CE,0.2747767678306296
27-01-2026 10:30||NIFTY27JAN2625500CE,0.32592817293301635
27-01-2026 10:30||NIFTY27JAN2625600CE,0.37740341734779453
27-01-2026 10:30||NIFTY27JAN2625700CE,0.4292577233390926
27-01-2026 10:30||NIFTY27JAN2625900CE,0.5340174489314216
27-01-2026 10:30||NIFTY27JAN2626200CE,0.6924100770653021
27-01-2026 10:35||NIFTY27JAN2624100PE,0.7036302972450603
27-01-2026 10:35||NIFTY27JAN2624300PE,0.598008288242481
27-01-2026 10:35||NIFTY27JAN2624400PE,0.5452425267383378
27-01-2026 10:35||NIFTY27JAN2624800PE,0.36810793091275734
27-01-2026 10:35||NIFTY27JAN2624900PE,0.3415314005660618
27-01-2026 10:35||NIFTY27JAN2625000PE,0.32545834103499505
27-01-2026 10:35||NIFTY27JAN2625100PE,0.31848533084199443
27-01-2026 10:35||NIFTY27JAN2625200CE,0.23499809553088116
27-01-2026 10:35||NIFTY27JAN2625300CE,0.2670156824549371
27-01-2026 10:35||NIFTY27JAN2625600CE,0.38503618785318505
27-01-2026 10:35||NIFTY27JAN2625700CE,0.4358298835890619
27-01-2026 10:35||NIFTY27JAN2625900CE,0.5375270666857636
27-01-2026 10:35||NIFTY27JAN2626100CE,0.6453200531295729
27-01-2026 10:35||NIFTY27JAN2626400CE,0.8051587193798365
27-01-2026 10:35||NIFTY27JAN2626500CE,0.8582334450818643
27-01-2026 10:40||NIFTY27JAN2624000PE,0.7234019574003374
27-01-2026 10:40||NIFTY27JAN2624100PE,0.6716364860787039
27-01-2026 10:40||NIFTY27JAN2624200PE,0.6200224694372298
27-01-2026 10:40||NIFTY27JAN2624400PE,0.5189647318498901
27-01-2026 10:40||NIFTY27JAN2624800PE,0.43004565983184895
27-01-2026 10:40||NIFTY27JAN2624900PE,0.43853740868764035
27-01-2026 10:40||NIFTY27JAN2625200CE,0.18249671678503793
27-01-2026 10:40||NIFTY27JAN2625300CE,0.23490174466192532
27-01-2026 10:40||NIFTY27JAN2625400CE,0.28848507528911677
27-01-2026 10:40||NIFTY27JAN2625700CE,0.455208543530524
27-01-2026 10:40||NIFTY27JAN2626100CE,0.6751595803577919
27-01-2026 10:40||NIFTY27JAN2626200CE,0.7253622999655995
27-01-2026 10:40||NIFTY27JAN2626500CE,0.8748288995971939
27-01-2026 10:45||NIFTY27JAN2623900PE,0.7568623940219232
27-01-2026 10:45||NIFTY27JAN2624000PE,0.701839784233705
27-01-2026 10:45||NIFTY27JAN2624100PE,0.6463449285177567
27-01-2026 10:45||NIFTY27JAN2624300PE,0.5328490620764412
27-01-2026 10:45||NIFTY27JAN2624700PE,0.35706870519931777
27-01-2026 10:45||NIFTY27JAN2624900PE,0.3144242363442714
27-01-2026 10:45||NIFTY27JAN2625500CE,0.40347810478782464
27-01-2026 10:45||NIFTY27JAN2625600CE,0.45176024475503285
27-01-2026 10:45||NIFTY27JAN2625900CE,0.6125749395747173
27-01-2026 10:45||NIFTY27JAN2626200CE,0.7748361572974236
27-01-2026 10:45||NIFTY27JAN2626400CE,0.8675517553746916
27-01-2026 10:50||NIFTY27JAN2623900PE,0.7695652045624188
27-01-2026 10:50||NIFTY27JAN2624000PE,0.710635759094809
27-01-2026 10:50||NIFTY27JAN2624200PE,0.5950759014727536
27-01-2026 10:50||NIFTY27JAN2624600PE,0.4037450050561457
27-01-2026 10:50||NIFTY27JAN2625000PE,0.3908823366411171
27-01-2026 10:50||NIFTY27JAN2625200CE,0.2887541320882907
27-01-2026 10:50||NIFTY27JAN2625400CE,0.3753868471877973
27-01-2026 10:50||NIFTY27JAN2625500CE,0.42274716701390636
27-01-2026 10:50||NIFTY27JAN2625700CE,0.5249335764497883
27-01-2026 10:50||NIFTY27JAN2625800CE,0.579992436611688
27-01-2026 10:55||NIFTY27JAN2623900PE,0.7519954495497321
27-01-2026 10:55||NIFTY27JAN2624000PE,0.6956132189131518
27-01-2026 10:55||NIFTY27JAN2624100PE,0.6388427738762967
27-01-2026 10:55||NIFTY27JAN2624400PE,0.4712324217119096
27-01-2026 10:55||NIFTY27JAN2624800PE,0.3229067269975769
27-01-2026 10:55||NIFTY27JAN2624900PE,0.3037016354396556
27-01-2026 10:55||NIFTY27JAN2625000PE,0.2884755148064343
27-01-2026 10:55||NIFTY27JAN2625100PE,0.2764567574064796
27-01-2026 10:55||NIFTY27JAN2625300CE,0.3579349239385309
27-01-2026 10:55||NIFTY27JAN2625400CE,0.3943488930365419
27-01-2026 10:55||NIFTY27JAN2625600CE,0.4847014064990949
27-01-2026 10:55||NIFTY27JAN2626300CE,0.8672902327431821
27-01-2026 10:55||NIFTY27JAN2626400CE,0.9203039346848835
27-01-2026 11:00||NIFTY27JAN2623800PE,0.7914802093781927
27-01-2026 11:00||NIFTY27JAN2623900PE,0.7357882509669136
27-01-2026 11:00||NIFTY27JAN2624000PE,0.6812431077481527
27-01-2026 11:00||NIFTY27JAN2624300PE,0.5204738178147318
27-01-2026 11:00||NIFTY27JAN2624400PE,0.4667586064877861
27-01-2026 11:00||NIFTY27JAN2624600PE,0.3721869859636154
27-01-2026 11:00||NIFTY27JAN2625000PE,0.24824409118633112
27-01-2026 11:00||NIFTY27JAN2625200CE,0.28363947398569517
27-01-2026 11:00||NIFTY27JAN2625300CE,0.335898030374486
27-01-2026 11:00||NIFTY27JAN2625400CE,0.3891128799537841
27-01-2026 11:00||NIFTY27JAN2625600CE,0.49810191415653016
27-01-2026 11:00||NIFTY27JAN2626200CE,0.8362694458670226
27-01-2026 11:00||NIFTY27JAN2626300CE,0.8885927079480218
27-01-2026 11:05||NIFTY27JAN2623800PE,0.8532285492238273
27-01-2026 11:05||NIFTY27JAN2623900PE,0.7892125004296991
27-01-2026 11:05||NIFTY27JAN2624100PE,0.6643949868268479
27-01-2026 11:05||NIFTY27JAN2624200PE,0.6023569122091124
27-01-2026 11:05||NIFTY27JAN2624300PE,0.5407520096769081
27-01-2026 11:05||NIFTY27JAN2624900PE,0.314397370487324
27-01-2026 11:05||NIFTY27JAN2625000PE,0.3020452307482546
27-01-2026 11:05||NIFTY27JAN2625300CE,0.38123623367702597
27-01-2026 11:05||NIFTY27JAN2625400CE,0.41124282160396974
27-01-2026 11:05||NIFTY27JAN2625600CE,0.49332081795740496
27-01-2026 11:05||NIFTY27JAN2625700CE,0.548784148779635
27-01-2026 11:05||NIFTY27JAN2626000CE,0.7161596951301746
27-01-2026 11:05||NIFTY27JAN2626200CE,0.8311443816558298
27-01-2026 11:10||NIFTY27JAN2623900PE,0.7932948402880617
27-01-2026 11:10||NIFTY27JAN2624200PE,0.6107385413981632
27-01-2026 11:10||NIFTY27JAN2624400PE,0.4918055575445278
27-01-2026 11:10||NIFTY27JAN2624600PE,0.3847925917790369
27-01-2026 11:10||NIFTY27JAN2624900PE,0.3109690530255854
27-01-2026 11:10||NIFTY27JAN2625300CE,0.37177788254410177
27-01-2026 11:10||NIFTY27JAN2625500CE,0.4410454731741338
27-01-2026 11:10||NIFTY27JAN2625600CE,0.4921656847055721
27-01-2026 11:10||NIFTY27JAN2625800CE,0.6021605162284396
27-01-2026 11:10||NIFTY27JAN2626000CE,0.7186642273767905
27-01-2026 11:10||NIFTY27JAN2626100CE,0.7769318403529617
27-01-2026 11:10||NIFTY27JAN2626400CE,0.9681820695640584
27-01-2026 11:10||NIFTY27JAN2626500CE,1.039023958985674
27-01-2026 11:15||NIFTY27JAN2623900PE,0.7973386912107174
27-01-2026 11:15||NIFTY27JAN2624100PE,0.6787286624959163
27-01-2026 11:15||NIFTY27JAN2624300PE,0.549924017021113
27-01-2026 11:15||NIFTY27JAN2625000PE,0.29172847572531035
27-01-2026 11:15||NIFTY27JAN2625100PE,0.2928443672952455
27-01-2026 11:15||NIFTY27JAN2625600CE,0.4846381316359028
27-01-2026 11:15||NIFTY27JAN2625900CE,0.6496134385135053
27-01-2026 11:15||NIFTY27JAN2626100CE,0.7653028821197185
27-01-2026 11:15||NIFTY27JAN2626400CE,0.9337276205215704
27-01-2026 11:20||NIFTY27JAN2623900PE,0.8026324710009349
27-01-2026 11:20||NIFTY27JAN2624000PE,0.7451191340185475
27-01-2026 11:20||NIFTY27JAN2624200PE,0.6261366266148525
27-01-2026 11:20||NIFTY27JAN2624800PE,0.34697681098965416
27-01-2026 11:20||NIFTY27JAN2625000PE,0.3353262148692503
27-01-2026 11:20||NIFTY27JAN2625100PE,0.3493393059669758
27-01-2026 11:20||NIFTY27JAN2625300CE,0.34113752894051397
27-01-2026 11:20||NIFTY27JAN2625700CE,0.5204700020083302
27-01-2026 11:20||NIFTY27JAN2625800CE,0.5778746683059701
27-01-2026 11:20||NIFTY27JAN2626100CE,0.7535396547494739
27-01-2026 11:20||NIFTY27JAN2626300CE,0.8701907758643155
27-01-2026 11:20||NIFTY27JAN2626500CE,0.9831050312356335
27-01-2026 11:25||NIFTY27JAN2623800PE,0.8760993862291235
27-01-2026 11:25||NIFTY27JAN2623900PE,0.8158859659741136
27-01-2026 11:25||NIFTY27JAN2624000PE,0.7556568047748563
27-01-2026 11:25||NIFTY27JAN2624200PE,0.6354389708801025
27-01-2026 11:25||NIFTY27JAN2624300PE,0.5753605881496537
27-01-2026 11:25||NIFTY27JAN2624500PE,0.45471421126389333
27-01-2026 11:25||NIFTY27JAN2624900PE,0.2810192153174552
27-01-2026 11:25||NIFTY27JAN2625000PE,0.24579665516344704
27-01-2026 11:25||NIFTY27JAN2625200CE,0.3070869012952576
27-01-2026 11:25||NIFTY27JAN2625300CE,0.3460268380853425
27-01-2026 11:25||NIFTY27JAN2625500CE,0.4328567900355009
27-01-2026 11:25||NIFTY27JAN2625600CE,0.48309231021413046
27-01-2026 11:25||NIFTY27JAN2625800CE,0.5906636783704307
27-01-2026 11:25||NIFTY27JAN2625900CE,0.648465938415336
27-01-2026 11:25||NIFTY27JAN2626000CE,0.7072069672696286
27-01-2026 11:25||NIFTY27JAN2626500CE,0.9901806608775999
27-01-2026 11:30||NIFTY27JAN2623900PE,0.8447594049814314
27-01-2026 11:30||NIFTY27JAN2624200PE,0.6707378541276213
27-01-2026 11:30||NIFTY27JAN2624800PE,0.3683171039549167
27-01-2026 11:30||NIFTY27JAN2625100PE,0.33398946448571626
27-01-2026 11:30||NIFTY27JAN2625400CE,0.3559966205469599
27-01-2026 11:30||NIFTY27JAN2625600CE,0.4482177659461263
27-01-2026 11:30||NIFTY27JAN2625700CE,0.5035294680080258
27-01-2026 11:30||NIFTY27JAN2625900CE,0.6152793730805176
27-01-2026 11:30||NIFTY27JAN2626200CE,0.7946399841592302
27-01-2026 11:35||NIFTY27JAN2623900PE,0.8507188944861832
27-01-2026 11:35||NIFTY27JAN2624000PE,0.7940397024090908
27-01-2026 11:35||NIFTY27JAN2624100PE,0.7350415313589352
27-01-2026 11:35||NIFTY27JAN2624200PE,0.6741074364155271
27-01-2026 11:35||NIFTY27JAN2624900PE,0.3113076566252857
27-01-2026 11:35||NIFTY27JAN2625200CE,0.3284468481423243
27-01-2026 11:35||NIFTY27JAN2625600CE,0.44637848846553463
27-01-2026 11:35||NIFTY27JAN2626000CE,0.6688736228020753
27-01-2026 11:35||NIFTY27JAN2626300CE,0.8537735142303937
27-01-2026 11:40||NIFTY27JAN2623800PE,0.9561147081733418
27-01-2026 11:40||NIFTY27JAN2623900PE,0.8862402957575385
27-01-2026 11:40||NIFTY27JAN2624000PE,0.8183974572819006
27-01-2026 11:40||NIFTY27JAN2624200PE,0.6873564497001267
27-01-2026 11:40||NIFTY27JAN2624300PE,0.6238497925926911
27-01-2026 11:40||NIFTY27JAN2625100PE,0.21525946713662794
27-01-2026 11:40||NIFTY27JAN2625500CE,0.4463414556364673
27-01-2026 11:40||NIFTY27JAN2625800CE,0.5411178962318538
27-01-2026 11:40||NIFTY27JAN2625900CE,0.5965275543117192
27-01-2026 11:40||NIFTY27JAN2626000CE,0.652891037018749
27-01-2026 11:40||NIFTY27JAN2626200CE,0.7620162673444776
27-01-2026 11:40||NIFTY27JAN2626300CE,0.8152635359584868
27-01-2026 11:45||NIFTY27JAN2624000PE,0.8523951092176887
27-01-2026 11:45||NIFTY27JAN2624300PE,0.6708218270580519
27-01-2026 11:45||NIFTY27JAN2624400PE,0.6096248683462497
27-01-2026 11:45||NIFTY27JAN2624500PE,0.5498699118177445
27-01-2026 11:45||NIFTY27JAN2624800PE,0.43087136651602403
27-01-2026 11:45||NIFTY27JAN2625300CE,0.27950452908787693
27-01-2026 11:45||NIFTY27JAN2625600CE,0.3881351883820845
27-01-2026 11:45||NIFTY27JAN2626000CE,0.6106698679869895
27-01-2026 11:45||NIFTY27JAN2626100CE,0.671505632202196
27-01-2026 11:45||NIFTY27JAN2626400CE,0.8358279599921644
27-01-2026 11:45||NIFTY27JAN2626500CE,0.8826853308751806
27-01-2026 11:50||NIFTY27JAN2623800PE,0.9307997818672741
27-01-2026 11:50||NIFTY27JAN2624000PE,0.8206070474867148
27-01-2026 11:50||NIFTY27JAN2624200PE,0.698426243997009
27-01-2026 11:50||NIFTY27JAN2624300PE,0.632369373394858
27-01-2026 11:50||NIFTY27JAN2624700PE,0.4223507876771671
27-01-2026 11:50||NIFTY27JAN2624900PE,0.3787718282927458
27-01-2026 11:50||NIFTY27JAN2625500CE,0.38651182683334095
27-01-2026 11:50||NIFTY27JAN2625600CE,0.43375139140336216
27-01-2026 11:50||NIFTY27JAN2625700CE,0.48465620094447437
27-01-2026 11:50||NIFTY27JAN2625900CE,0.5875349428322683
27-01-2026 11:50||NIFTY27JAN2626000CE,0.6418938745638065
27-01-2026 11:50||NIFTY27JAN2626200CE,0.7573426674054653
27-01-2026 11:50||NIFTY27JAN2626300CE,0.8180713689513236
27-01-2026 11:55||NIFTY27JAN2623900PE,0.8879940611345989
27-01-2026 11:55||NIFTY27JAN2624000PE,0.8227840823260932
27-01-2026 11:55||NIFTY27JAN2624100PE,0.7565311057708817
27-01-2026 11:55||NIFTY27JAN2624400PE,0.5578184797106491
27-01-2026 11:55||NIFTY27JAN2624500PE,0.49679943935216664
27-01-2026 11:55||NIFTY27JAN2624800PE,0.36160694735019017
27-01-2026 11:55||NIFTY27JAN2625200CE,0.3647139439823205
27-01-2026 11:55||NIFTY27JAN2625400CE,0.38921483653869343
27-01-2026 11:55||NIFTY27JAN2625600CE,0.4471604364696027
27-01-2026 11:55||NIFTY27JAN2625800CE,0.5465432734694846
27-01-2026 11:55||NIFTY27JAN2625900CE,0.6013562949063327
27-01-2026 11:55||NIFTY27JAN2626000CE,0.6591643614296053
27-01-2026 11:55||NIFTY27JAN2626400CE,0.9272325440181077
27-01-2026 11:55||NIFTY27JAN2626500CE,0.9975808949963691
27-01-2026 12:00||NIFTY27JAN2623800PE,0.9307083981891474
27-01-2026 12:00||NIFTY27JAN2623900PE,0.8786582142087295
27-01-2026 12:00||NIFTY27JAN2624200PE,0.7105347610003323
27-01-2026 12:00||NIFTY27JAN2624300PE,0.6466429881074185
27-01-2026 12:00||NIFTY27JAN2624400PE,0.5819901703938896
27-01-2026 12:00||NIFTY27JAN2624500PE,0.5168062216908015
27-01-2026 12:00||NIFTY27JAN2624900PE,0.3442111031504891
27-01-2026 12:00||NIFTY27JAN2625100PE,0.28901737440595665
27-01-2026 12:00||NIFTY27JAN2625300CE,0.4025471699315779
27-01-2026 12:00||NIFTY27JAN2625400CE,0.41557333430805254
27-01-2026 12:00||NIFTY27JAN2625500CE,0.43048496469395864
27-01-2026 12:00||NIFTY27JAN2626100CE,0.7150730304250655
27-01-2026 12:00||NIFTY27JAN2626400CE,0.8769400126419062
27-01-2026 12:00||NIFTY27JAN2626500CE,0.917291678568671
27-01-2026 12:05||NIFTY27JAN2623800PE,0.9631865088359207
27-01-2026 12:05||NIFTY27JAN2623900PE,0.9081553266836164
27-01-2026 12:05||NIFTY27JAN2624500PE,0.5456166340166171
27-01-2026 12:05||NIFTY27JAN2624600PE,0.500305027177812
27-01-2026 12:05||NIFTY27JAN2624700PE,0.45480965958826625
27-01-2026 12:05||NIFTY27JAN2624800PE,0.41143570439409405
27-01-2026 12:05||NIFTY27JAN2625000PE,0.3407827628742936
27-01-2026 12:05||NIFTY27JAN2625100PE,0.3150668438001573
27-01-2026 12:05||NIFTY27JAN2625500CE,0.39126452651369825
27-01-2026 12:05||NIFTY27JAN2625900CE,0.596825768347913
27-01-2026 12:05||NIFTY27JAN2626100CE,0.7175778922364509
27-01-2026 12:05||NIFTY27JAN2626300CE,0.8505011541275601
27-01-2026 12:05||NIFTY27JAN2626400CE,0.9213419516651443
27-01-2026 12:05||NIFTY27JAN2626500CE,0.9951151028048019
27-01-2026 12:10||NIFTY27JAN2623800PE,0.9608151465731953
27-01-2026 12:10||NIFTY27JAN2624000PE,0.8434551855992087
27-01-2026 12:10||NIFTY27JAN2624100PE,0.7846118338907251
27-01-2026 12:10||NIFTY27JAN2624200PE,0.7253140403464318
27-01-2026 12:10||NIFTY27JAN2624400PE,0.6040138950285694
27-01-2026 12:10||NIFTY27JAN2624500PE,0.5421577685801214
27-01-2026 12:10||NIFTY27JAN2624900PE,0.36329442950453367
27-01-2026 12:10||NIFTY27JAN2625200CE,0.3646232896806984
27-01-2026 12:10||NIFTY27JAN2625400CE,0.3733834395945925
27-01-2026 12:10||NIFTY27JAN2625700CE,0.4933687966337865
27-01-2026 12:10||NIFTY27JAN2626000CE,0.65982776012866
27-01-2026 12:10||NIFTY27JAN2626300CE,0.8525455209250219
27-01-2026 12:10||NIFTY27JAN2626400CE,0.9218594897888641
27-01-2026 12:10||NIFTY27JAN2626500CE,0.9928570884200709
27-01-2026 12:15||NIFTY27JAN2624000PE,0.870888039458634
27-01-2026 12:15||NIFTY27JAN2624500PE,0.5663194798285627
27-01-2026 12:15||NIFTY27JAN2624600PE,0.5225833283379637
27-01-2026 12:15||NIFTY27JAN2624700PE,0.47919674403478996
27-01-2026 12:15||NIFTY27JAN2624800PE,0.4380969376013733
27-01-2026 12:15||NIFTY27JAN2625500CE,0.3912256686607679
27-01-2026 12:15||NIFTY27JAN2625600CE,0.4436962980711293
27-01-2026 12:15||NIFTY27JAN2625800CE,0.5559701015010845
27-01-2026 12:15||NIFTY27JAN2625900CE,0.6191825655239838
27-01-2026 12:15||NIFTY27JAN2626000CE,0.6814934270122026
27-01-2026 12:15||NIFTY27JAN2626100CE,0.7431766245147715
27-01-2026 12:15||NIFTY27JAN2626200CE,0.804660043662778
27-01-2026 12:15||NIFTY27JAN2626300CE,0.8654935057572704
27-01-2026 12:20||NIFTY27JAN2624000PE,0.875490355154501
27-01-2026 12:20||NIFTY27JAN2624200PE,0.7525324357698022
27-01-2026 12:20||NIFTY27JAN2624300PE,0.687840746812703
27-01-2026 12:20||NIFTY27JAN2624900PE,0.31203574319920024
27-01-2026 12:20||NIFTY27JAN2625000PE,0.2532301698631895
27-01-2026 12:20||NIFTY27JAN2625100PE,0.1952112022222287
27-01-2026 12:20||NIFTY27JAN2625300CE,0.3837671846818601
27-01-2026 12:20||NIFTY27JAN2625600CE,0.459285732386181
27-01-2026 12:20||NIFTY27JAN2625900CE,0.6322443310471759
27-01-2026 12:20||NIFTY27JAN2626300CE,0.877352818273329
27-01-2026 12:20||NIFTY27JAN2626500CE,1.0104739188197653
27-01-2026 12:25||NIFTY27JAN2623800PE,0.9971127836101712
27-01-2026 12:25||NIFTY27JAN2624100PE,0.8366586497415635
27-01-2026 12:25||NIFTY27JAN2624700PE,0.4742709327909561
27-01-2026 12:25||NIFTY27JAN2625400CE,0.33639877164798887
27-01-2026 12:25||NIFTY27JAN2625800CE,0.5558356807541379
27-01-2026 12:25||NIFTY27JAN2625900CE,0.6160445255449116
27-01-2026 12:25||NIFTY27JAN2626000CE,0.6770063716083871
27-01-2026 12:25||NIFTY27JAN2626300CE,0.8816309983293334
27-01-2026 12:30||NIFTY27JAN2623900PE,0.9625961297416823
27-01-2026 12:30||NIFTY27JAN2624100PE,0.8272169315773148
27-01-2026 12:30||NIFTY27JAN2624300PE,0.6953518578063597
27-01-2026 12:30||NIFTY27JAN2624700PE,0.4480243616710955
27-01-2026 12:30||NIFTY27JAN2624900PE,0.3656721713775889
27-01-2026 12:30||NIFTY27JAN2625100PE,0.30901595965699175
27-01-2026 12:30||NIFTY27JAN2625200CE,0.26895964956046736
27-01-2026 12:30||NIFTY27JAN2625300CE,0.30179904666787644
27-01-2026 12:30||NIFTY27JAN2625400CE,0.34561643735541836
27-01-2026 12:30||NIFTY27JAN2625900CE,0.6537599954784977
27-01-2026 12:30||NIFTY27JAN2626200CE,0.8301806421222182
27-01-2026 12:30||NIFTY27JAN2626500CE,1.0881385640434174
27-01-2026 12:35||NIFTY27JAN2623800PE,1.0400621810704413
27-01-2026 12:35||NIFTY27JAN2624100PE,0.8401768187538905
27-01-2026 12:35||NIFTY27JAN2624400PE,0.6475927285878715
27-01-2026 12:35||NIFTY27JAN2624600PE,0.5206605474182897
27-01-2026 12:35||NIFTY27JAN2624700PE,0.4642570077844199
27-01-2026 12:35||NIFTY27JAN2624900PE,0.3529546646500259
27-01-2026 12:35||NIFTY27JAN2625000PE,0.2966763380865768
27-01-2026 12:35||NIFTY27JAN2625100PE,0.24085527765641163
27-01-2026 12:35||NIFTY27JAN2625400CE,0.37607716240573813
27-01-2026 12:35||NIFTY27JAN2625800CE,0.5993466389407446
27-01-2026 12:35||NIFTY27JAN2625900CE,0.6620048952450652
27-01-2026 12:35||NIFTY27JAN2626100CE,0.7942123817646529
27-01-2026 12:40||NIFTY27JAN2624200PE,0.7761493026374586
27-01-2026 12:40||NIFTY27JAN2624700PE,0.4217608468398063
27-01-2026 12:40||NIFTY27JAN2624800PE,0.3516592099017042
27-01-2026 12:40||NIFTY27JAN2624900PE,0.2816930812711621
27-01-2026 12:40||NIFTY27JAN2625000PE,0.21199651387494045
27-01-2026 12:40||NIFTY27JAN2625100PE,0.14270962845133076
27-01-2026 12:40||NIFTY27JAN2625200CE,0.32920470565805826
27-01-2026 12:40||NIFTY27JAN2625400CE,0.3938225416926068
27-01-2026 12:40||NIFTY27JAN2625600CE,0.49247675399926344
27-01-2026 12:40||NIFTY27JAN2625700CE,0.5531954121047594
27-01-2026 12:40||NIFTY27JAN2625900CE,0.6800434356728944
27-01-2026 12:40||NIFTY27JAN2626000CE,0.745106486410011
27-01-2026 12:40||NIFTY27JAN2626100CE,0.8102693616027437
27-01-2026 12:40||NIFTY27JAN2626300CE,0.9366677870357408
27-01-2026 12:45||NIFTY27JAN2623800PE,1.042649434595874
27-01-2026 12:45||NIFTY27JAN2624300PE,0.711990978153902
27-01-2026 12:45||NIFTY27JAN2624600PE,0.5180883715586893
27-01-2026 12:45||NIFTY27JAN2624700PE,0.47017367451454706
27-01-2026 12:45||NIFTY27JAN2625200CE,0.27100707740626423
27-01-2026 12:45||NIFTY27JAN2625500CE,0.44295212766112907
27-01-2026 12:45||NIFTY27JAN2625600CE,0.5048574024209423
27-01-2026 12:45||NIFTY27JAN2625700CE,0.5692157594795124
27-01-2026 12:45||NIFTY27JAN2625800CE,0.6348808427616239
27-01-2026 12:45||NIFTY27JAN2625900CE,0.7007311018219863
27-01-2026 12:45||NIFTY27JAN2626000CE,0.7656422737215897
27-01-2026 12:45||NIFTY27JAN2626200CE,0.8873085445456559
27-01-2026 12:50||NIFTY27JAN2623800PE,1.0316209590083218
27-01-2026 12:50||NIFTY27JAN2624200PE,0.7661492144605155
27-01-2026 12:50||NIFTY27JAN2624600PE,0.48080991910135
27-01-2026 12:50||NIFTY27JAN2624800PE,0.3638729624344283
27-01-2026 12:50||NIFTY27JAN2625000PE,0.2815166442183734
27-01-2026 12:50||NIFTY27JAN2625100PE,0.2540874530825732
27-01-2026 12:50||NIFTY27JAN2625400CE,0.4370217702487567
27-01-2026 12:50||NIFTY27JAN2625500CE,0.48308604148288736
27-01-2026 12:50||NIFTY27JAN2625900CE,0.7264294368868569
27-01-2026 12:50||NIFTY27JAN2626100CE,0.8521877204565117
27-01-2026 12:50||NIFTY27JAN2626200CE,0.920211937431044
27-01-2026 12:50||NIFTY27JAN2626500CE,1.0947488481366978
27-01-2026 12:55||NIFTY27JAN2623900PE,1.0311081153155097
27-01-2026 12:55||NIFTY27JAN2624000PE,0.9583665080224004
27-01-2026 12:55||NIFTY27JAN2624400PE,0.6594039176180277
27-01-2026 12:55||NIFTY27JAN2624700PE,0.4576924126671915
27-01-2026 12:55||NIFTY27JAN2625000PE,0.337459792049729
27-01-2026 12:55||NIFTY27JAN2625400CE,0.4038816314552688
27-01-2026 12:55||NIFTY27JAN2625500CE,0.46173023086485
27-01-2026 12:55||NIFTY27JAN2625600CE,0.5243557956405328
27-01-2026 12:55||NIFTY27JAN2625800CE,0.6496416004705658
27-01-2026 12:55||NIFTY27JAN2626000CE,0.7816376627187791
27-01-2026 12:55||NIFTY27JAN2626200CE,0.9147946777677507
27-01-2026 13:00||NIFTY27JAN2623900PE,1.0327133300766926
27-01-2026 13:00||NIFTY27JAN2624100PE,0.882448799074182
27-01-2026 13:00||NIFTY27JAN2624500PE,0.5898628565285309
27-01-2026 13:00||NIFTY27JAN2624700PE,0.46378736071087256
27-01-2026 13:00||NIFTY27JAN2624900PE,0.37475813457721485
27-01-2026 13:00||NIFTY27JAN2625300CE,0.37316579894309443
27-01-2026 13:00||NIFTY27JAN2625400CE,0.4216886512595205
27-01-2026 13:00||NIFTY27JAN2625500CE,0.4728894639439375
27-01-2026 13:00||NIFTY27JAN2626000CE,0.795994881079542
27-01-2026 13:00||NIFTY27JAN2626200CE,0.9352470974376266
27-01-2026 13:05||NIFTY27JAN2623900PE,1.0334620779320947
27-01-2026 13:05||NIFTY27JAN2624400PE,0.6615578345632909
27-01-2026 13:05||NIFTY27JAN2624500PE,0.5821050701987175
27-01-2026 13:05||NIFTY27JAN2624800PE,0.3960945970704606
27-01-2026 13:05||NIFTY27JAN2624900PE,0.34981385335493087
27-01-2026 13:05||NIFTY27JAN2625100PE,0.2758770512139124
27-01-2026 13:05||NIFTY27JAN2625400CE,0.43533267135259446
27-01-2026 13:05||NIFTY27JAN2625500CE,0.4876455544720301
27-01-2026 13:05||NIFTY27JAN2625900CE,0.7541618427975008
27-01-2026 13:05||NIFTY27JAN2626000CE,0.8167118531129757
27-01-2026 13:05||NIFTY27JAN2626300CE,1.0129706447530842
27-01-2026 13:10||NIFTY27JAN2623800PE,1.117189921066117
27-01-2026 13:10||NIFTY27JAN2624200PE,0.8343375324154222
27-01-2026 13:10||NIFTY27JAN2624500PE,0.6108800576070581
27-01-2026 13:10||NIFTY27JAN2624600PE,0.5405560399161633
27-01-2026 13:10||NIFTY27JAN2624700PE,0.47310130596584055
27-01-2026 13:10||NIFTY27JAN2625000PE,0.30809791341946235
27-01-2026 13:10||NIFTY27JAN2625400CE,0.440005887476729
27-01-2026 13:10||NIFTY27JAN2625900CE,0.7579699351324836
27-01-2026 13:10||NIFTY27JAN2626000CE,0.8332811771405665
27-01-2026 13:10||NIFTY27JAN2626100CE,0.9083651529398281
27-01-2026 13:10||NIFTY27JAN2626500CE,1.1966972780218814
27-01-2026 13:15||NIFTY27JAN2624400PE,0.6964812579603135
27-01-2026 13:15||NIFTY27JAN2624800PE,0.4175064307372216
27-01-2026 13:15||NIFTY27JAN2625000PE,0.313788121826945
27-01-2026 13:15||NIFTY27JAN2625200CE,0.33770251322605566
27-01-2026 13:15||NIFTY27JAN2625400CE,0.4441071975201909
27-01-2026 13:15||NIFTY27JAN2626300CE,1.0470175987308925
27-01-2026 13:15||NIFTY27JAN2626400CE,1.107089974377538
27-01-2026 13:20||NIFTY27JAN2624000PE,1.000116158274389
27-01-2026 13:20||NIFTY27JAN2624100PE,0.9260221519283434
27-01-2026 13:20||NIFTY27JAN2624200PE,0.852852886458027
27-01-2026 13:20||NIFTY27JAN2624300PE,0.7794447342832196
27-01-2026 13:20||NIFTY27JAN2624500PE,0.6261338734508194
27-01-2026 13:20||NIFTY27JAN2624600PE,0.5471981789400802
27-01-2026 13:20||NIFTY27JAN2624800PE,0.4138060332167831
27-01-2026 13:20||NIFTY27JAN2624900PE,0.35744018338669914
27-01-2026 13:20||NIFTY27JAN2625300CE,0.4451214793423995
27-01-2026 13:20||NIFTY27JAN2625500CE,0.5147938623867789
27-01-2026 13:20||NIFTY27JAN2625600CE,0.5760095347562431
27-01-2026 13:20||NIFTY27JAN2625700CE,0.6452178347066775
27-01-2026 13:20||NIFTY27JAN2625900CE,0.7866977692701599
27-01-2026 13:20||NIFTY27JAN2626200CE,0.9853571185452974
27-01-2026 13:25||NIFTY27JAN2623800PE,1.1970852787400132
27-01-2026 13:25||NIFTY27JAN2623900PE,1.1262425074592994
27-01-2026 13:25||NIFTY27JAN2624100PE,0.9755975511538932
27-01-2026 13:25||NIFTY27JAN2624500PE,0.6468494155321828
27-01-2026 13:25||NIFTY27JAN2624700PE,0.49162345043383593
27-01-2026 13:25||NIFTY27JAN2624800PE,0.4195813394697183
27-01-2026 13:25||NIFTY27JAN2625100PE,0.2617312779891361
27-01-2026 13:25||NIFTY27JAN2625300CE,0.47306773431865057
27-01-2026 13:25||NIFTY27JAN2625400CE,0.4911484977611138
27-01-2026 13:25||NIFTY27JAN2625700CE,0.6377821830879911
27-01-2026 13:25||NIFTY27JAN2625900CE,0.7877673067874843
27-01-2026 13:25||NIFTY27JAN2626000CE,0.8616114761486562
27-01-2026 13:25||NIFTY27JAN2626100CE,0.9357871486637014
27-01-2026 13:25||NIFTY27JAN2626500CE,1.249929096904074
27-01-2026 13:30||NIFTY27JAN2624000PE,1.083023335580645
27-01-2026 13:30||NIFTY27JAN2624100PE,1.005796027166539
27-01-2026 13:30||NIFTY27JAN2624300PE,0.8440066684687108
27-01-2026 13:30||NIFTY27JAN2624600PE,0.6028724865830835
27-01-2026 13:30||NIFTY27JAN2624700PE,0.5232287246304079
27-01-2026 13:30||NIFTY27JAN2625100PE,0.3258500279548646
27-01-2026 13:30||NIFTY27JAN2625300CE,0.4022065962775471
27-01-2026 13:30||NIFTY27JAN2625400CE,0.44508011821023263
27-01-2026 13:30||NIFTY27JAN2626200CE,1.0196881787393148
27-01-2026 13:30||NIFTY27JAN2626300CE,1.0921518277136366
27-01-2026 13:35||NIFTY27JAN2623900PE,1.157474453266963
27-01-2026 13:35||NIFTY27JAN2624300PE,0.8543688613275915
27-01-2026 13:35||NIFTY27JAN2624400PE,0.7690422953780098
27-01-2026 13:35||NIFTY27JAN2624500PE,0.6862575700635738
27-01-2026 13:35||NIFTY27JAN2624600PE,0.614689650322414
27-01-2026 13:35||NIFTY27JAN2624800PE,0.5678381475106375
27-01-2026 13:35||NIFTY27JAN2624900PE,0.5726416096098098
27-01-2026 13:35||NIFTY27JAN2625000PE,0.5804928374618779
27-01-2026 13:35||NIFTY27JAN2625300CE,0.3508551513133724
27-01-2026 13:35||NIFTY27JAN2625600CE,0.5824159126877462
27-01-2026 13:35||NIFTY27JAN2625700CE,0.667700931799371
27-01-2026 13:35||NIFTY27JAN2626000CE,0.8952426681998873
27-01-2026 13:35||NIFTY27JAN2626100CE,0.9702931150430532
27-01-2026 13:35||NIFTY27JAN2626200CE,1.046557854422474
27-01-2026 13:35||NIFTY27JAN2626300CE,1.124303962474968
27-01-2026 13:35||NIFTY27JAN2626400CE,1.2037120117370674
27-01-2026 13:40||NIFTY27JAN2624300PE,0.8277653625070727
27-01-2026 13:40||NIFTY27JAN2624400PE,0.7361374123139026
27-01-2026 13:40||NIFTY27JAN2624600PE,0.5665673229904431
27-01-2026 13:40||NIFTY27JAN2625000PE,0.36150513162984366
27-01-2026 13:40||NIFTY27JAN2625500CE,0.5793866147510398
27-01-2026 13:40||NIFTY27JAN2625700CE,0.7420438482731434
27-01-2026 13:40||NIFTY27JAN2626200CE,1.1301627410339057
27-01-2026 13:40||NIFTY27JAN2626300CE,1.20239483144482
27-01-2026 13:40||NIFTY27JAN2626400CE,1.2706185432083068
27-01-2026 13:45||NIFTY27JAN2623800PE,1.2477894332921817
27-01-2026 13:45||NIFTY27JAN2623900PE,1.165194406587895
27-01-2026 13:45||NIFTY27JAN2624100PE,0.9997989962614272
27-01-2026 13:45||NIFTY27JAN2624300PE,0.8261278887269004
27-01-2026 13:45||NIFTY27JAN2624400PE,0.7357078233099512
27-01-2026 13:45||NIFTY27JAN2624500PE,0.645583051117287
27-01-2026 13:45||NIFTY27JAN2624700PE,0.47720152732162524
27-01-2026 13:45||NIFTY27JAN2625100PE,0.2557697246799751
27-01-2026 13:45||NIFTY27JAN2625300CE,0.4657414364828397
27-01-2026 13:45||NIFTY27JAN2625600CE,0.674141984890684
27-01-2026 13:45||NIFTY27JAN2625700CE,0.7502517694466044
27-01-2026 13:45||NIFTY27JAN2625800CE,0.8270307518693646
27-01-2026 13:45||NIFTY27JAN2625900CE,0.9045769319659613
27-01-2026 13:45||NIFTY27JAN2626000CE,0.9830419328601459
27-01-2026 13:45||NIFTY27JAN2626300CE,1.2166935136097572
27-01-2026 13:45||NIFTY27JAN2626400CE,1.2839163661655442
27-01-2026 13:50||NIFTY27JAN2623900PE,1.2325010423351663
27-01-2026 13:50||NIFTY27JAN2624100PE,1.0648070578974778
27-01-2026 13:50||NIFTY27JAN2624300PE,0.8800143959068267
27-01-2026 13:50||NIFTY27JAN2624600PE,0.592079196799574
27-01-2026 13:50||NIFTY27JAN2624800PE,0.41927490186208316
27-01-2026 13:50||NIFTY27JAN2624900PE,0.3339169570167926
27-01-2026 13:50||NIFTY27JAN2625000PE,0.24920117462586114
27-01-2026 13:50||NIFTY27JAN2625100PE,0.165341002271153
27-01-2026 13:50||NIFTY27JAN2625200CE,0.33691354439217386
27-01-2026 13:50||NIFTY27JAN2625400CE,0.5002603872624622
27-01-2026 13:50||NIFTY27JAN2625600CE,0.6682330631993498
27-01-2026 13:50||NIFTY27JAN2625900CE,0.9254739381312802
27-01-2026 13:50||NIFTY27JAN2626200CE,1.1716217224042502
27-01-2026 13:50||NIFTY27JAN2626500CE,1.4318039761183938
27-01-2026 13:55||NIFTY27JAN2623800PE,1.3294132042991464
27-01-2026 13:55||NIFTY27JAN2624000PE,1.1577162534537608
27-01-2026 13:55||NIFTY27JAN2624100PE,1.0720789017694559
27-01-2026 13:55||NIFTY27JAN2624300PE,0.8872881237549175
27-01-2026 13:55||NIFTY27JAN2624400PE,0.7878639823305066
27-01-2026 13:55||NIFTY27JAN2624600PE,0.5955727517688745
27-01-2026 13:55||NIFTY27JAN2624800PE,0.4331945406468826
27-01-2026 13:55||NIFTY27JAN2624900PE,0.3649399900570689
27-01-2026 13:55||NIFTY27JAN2625400CE,0.5248420978547811
27-01-2026 13:55||NIFTY27JAN2625700CE,0.791442556675755
27-01-2026 13:55||NIFTY27JAN2625800CE,0.8794856822707244
27-01-2026 13:55||NIFTY27JAN2625900CE,0.9667232298958899
27-01-2026 13:55||NIFTY27JAN2626000CE,1.0528899044043716
27-01-2026 13:55||NIFTY27JAN2626100CE,1.1377347771941713
27-01-2026 13:55||NIFTY27JAN2626200CE,1.220984866949847
27-01-2026 13:55||NIFTY27JAN2626500CE,1.4440115428439257
27-01-2026 14:00||NIFTY27JAN2623800PE,1.3878468644312836
27-01-2026 14:00||NIFTY27JAN2624000PE,1.191876456752344
27-01-2026 14:00||NIFTY27JAN2624200PE,0.9994311554606858
27-01-2026 14:00||NIFTY27JAN2624300PE,0.9041511202331272
27-01-2026 14:00||NIFTY27JAN2624500PE,0.7086684485766963
27-01-2026 14:00||NIFTY27JAN2624800PE,0.46827979350285087
27-01-2026 14:00||NIFTY27JAN2625000PE,0.38788800762369036
27-01-2026 14:00||NIFTY27JAN2625100PE,0.37618416940522686
27-01-2026 14:00||NIFTY27JAN2625200CE,0.3127499643744508
27-01-2026 14:00||NIFTY27JAN2625600CE,0.7048156048387584
27-01-2026 14:00||NIFTY27JAN2625700CE,0.8013608596527482
27-01-2026 14:00||NIFTY27JAN2625800CE,0.8966775173085728
27-01-2026 14:00||NIFTY27JAN2625900CE,0.9904861723265139
27-01-2026 14:05||NIFTY27JAN2623800PE,1.3812157057688508
27-01-2026 14:05||NIFTY27JAN2624000PE,1.193802473490912
27-01-2026 14:05||NIFTY27JAN2624300PE,0.8901822359293383
27-01-2026 14:05||NIFTY27JAN2624700PE,0.4896903903152118
27-01-2026 14:05||NIFTY27JAN2624800PE,0.40572142965051106
27-01-2026 14:05||NIFTY27JAN2625000PE,0.22432582589998015
27-01-2026 14:05||NIFTY27JAN2625400CE,0.5803727606108829
27-01-2026 14:05||NIFTY27JAN2625500CE,0.6802056063401376
27-01-2026 14:05||NIFTY27JAN2625700CE,0.8765106008707197
27-01-2026 14:05||NIFTY27JAN2625800CE,0.9725360038044317
27-01-2026 14:05||NIFTY27JAN2626000CE,1.1541329160019838
27-01-2026 14:05||NIFTY27JAN2626100CE,1.2404819829736307
27-01-2026 14:05||NIFTY27JAN2626200CE,1.325855698452522
27-01-2026 14:05||NIFTY27JAN2626400CE,1.4954205337116409
27-01-2026 14:10||NIFTY27JAN2623800PE,1.4833453750640806
27-01-2026 14:10||NIFTY27JAN2623900PE,1.3636551229216791
27-01-2026 14:10||NIFTY27JAN2624000PE,1.2494790359851045
27-01-2026 14:10||NIFTY27JAN2624300PE,0.928015684380516
27-01-2026 14:10||NIFTY27JAN2624500PE,0.7311026984201263
27-01-2026 14:10||NIFTY27JAN2624600PE,0.6244058289292699
27-01-2026 14:10||NIFTY27JAN2624800PE,0.4362457800683
27-01-2026 14:10||NIFTY27JAN2625500CE,0.6657488793601175
27-01-2026 14:10||NIFTY27JAN2625800CE,0.9576533860949397
27-01-2026 14:10||NIFTY27JAN2626000CE,1.151123536580306
27-01-2026 14:10||NIFTY27JAN2626200CE,1.325209354830696
27-01-2026 14:15||NIFTY27JAN2623800PE,1.46995515953781
27-01-2026 14:15||NIFTY27JAN2624000PE,1.277431153283196
27-01-2026 14:15||NIFTY27JAN2624400PE,0.8461477891047449
27-01-2026 14:15||NIFTY27JAN2624500PE,0.7451623306260929
27-01-2026 14:15||NIFTY27JAN2624700PE,0.5617056085051171
27-01-2026 14:15||NIFTY27JAN2624800PE,0.4762101851056989
27-01-2026 14:15||NIFTY27JAN2624900PE,0.3962737326906066
27-01-2026 14:15||NIFTY27JAN2625300CE,0.46830156388104177
27-01-2026 14:15||NIFTY27JAN2625600CE,0.7808224732649829
27-01-2026 14:15||NIFTY27JAN2625800CE,0.9875246998848797
27-01-2026 14:15||NIFTY27JAN2626000CE,1.200512199708168
27-01-2026 14:15||NIFTY27JAN2626300CE,1.464395904475539
27-01-2026 14:20||NIFTY27JAN2624100PE,1.202658441384082
27-01-2026 14:20||NIFTY27JAN2624200PE,1.0921827907731447
27-01-2026 14:20||NIFTY27JAN2624300PE,0.9734047210793366
27-01-2026 14:20||NIFTY27JAN2624700PE,0.5552104133471167
27-01-2026 14:20||NIFTY27JAN2625400CE,0.5899634202404267
27-01-2026 14:20||NIFTY27JAN2625500CE,0.6945631068920184
27-01-2026 14:20||NIFTY27JAN2625900CE,1.0982069806418848
27-01-2026 14:20||NIFTY27JAN2626000CE,1.195451568813529
27-01-2026 14:20||NIFTY27JAN2626100CE,1.290960171787615
27-01-2026 14:20||NIFTY27JAN2626300CE,1.4814172688836214
27-01-2026 14:20||NIFTY27JAN2626400CE,1.57759782144147
27-01-2026 14:20||NIFTY27JAN2626500CE,1.6737023569237026
27-01-2026 14:25||NIFTY27JAN2623800PE,1.573963199779679
27-01-2026 14:25||NIFTY27JAN2623900PE,1.458564649897682
27-01-2026 14:25||NIFTY27JAN2624000PE,1.3430302077356342
27-01-2026 14:25||NIFTY27JAN2624200PE,1.113064418309113
27-01-2026 14:25||NIFTY27JAN2624300PE,0.9978172718737197
27-01-2026 14:25||NIFTY27JAN2624800PE,0.4254712663047541
27-01-2026 14:25||NIFTY27JAN2624900PE,0.31839478473099386
27-01-2026 14:25||NIFTY27JAN2625000PE,0.21480738536390412
27-01-2026 14:25||NIFTY27JAN2625600CE,0.8402828985060147
27-01-2026 14:25||NIFTY27JAN2625700CE,0.9488462736624675
27-01-2026 14:25||NIFTY27JAN2625800CE,1.057066886735094
27-01-2026 14:25||NIFTY27JAN2626000CE,1.2717390881041541
27-01-2026 14:25||NIFTY27JAN2626400CE,1.6264063798770931
27-01-2026 14:25||NIFTY27JAN2626500CE,1.6942265173793367
27-01-2026 14:30||NIFTY27JAN2624000PE,1.4058544896506258
27-01-2026 14:30||NIFTY27JAN2624200PE,1.1958913276352472
27-01-2026 14:30||NIFTY27JAN2624400PE,0.9487119570214843
27-01-2026 14:30||NIFTY27JAN2624600PE,0.6974485973249198
27-01-2026 14:30||NIFTY27JAN2624700PE,0.5732295255006101
27-01-2026 14:30||NIFTY27JAN2625000PE,0.28440523348533436
27-01-2026 14:30||NIFTY27JAN2625100PE,0.22027362327637928
27-01-2026 14:30||NIFTY27JAN2625200CE,0.3671028342800883
27-01-2026 14:30||NIFTY27JAN2625400CE,0.6306446264958745
27-01-2026 14:30||NIFTY27JAN2625600CE,0.8812259622526455
27-01-2026 14:30||NIFTY27JAN2625700CE,1.0032782940438663
27-01-2026 14:30||NIFTY27JAN2626400CE,1.764837502121852
27-01-2026 14:30||NIFTY27JAN2626500CE,1.8603349624044379
27-01-2026 14:35||NIFTY27JAN2624000PE,1.4484621397821542
27-01-2026 14:35||NIFTY27JAN2624200PE,1.2441712294246052
27-01-2026 14:35||NIFTY27JAN2624300PE,1.1150210294175007
27-01-2026 14:35||NIFTY27JAN2624600PE,0.7373907681490217
27-01-2026 14:35||NIFTY27JAN2624900PE,0.3366983168233913
27-01-2026 14:35||NIFTY27JAN2625000PE,0.2023571227920554
27-01-2026 14:35||NIFTY27JAN2625100PE,0.06716991880786818
27-01-2026 14:35||NIFTY27JAN2625300CE,0.6315929091449044
27-01-2026 14:35||NIFTY27JAN2625400CE,0.7187610202763703
27-01-2026 14:35||NIFTY27JAN2625500CE,0.8089630524257445
27-01-2026 14:35||NIFTY27JAN2625800CE,1.1171154601909352
27-01-2026 14:35||NIFTY27JAN2626200CE,1.5936507791646362
27-01-2026 14:35||NIFTY27JAN2626400CE,1.771752442642835
27-01-2026 14:40||NIFTY27JAN2624000PE,1.5702912433902165
27-01-2026 14:40||NIFTY27JAN2624400PE,1.0941562997783203
27-01-2026 14:40||NIFTY27JAN2624500PE,0.9676039354301567
27-01-2026 14:40||NIFTY27JAN2624800PE,0.5499247323765412
27-01-2026 14:40||NIFTY27JAN2625000PE,0.2675911173492396
27-01-2026 14:40||NIFTY27JAN2625100PE,0.123534809904595
27-01-2026 14:40||NIFTY27JAN2626100CE,1.3484373407484087
27-01-2026 14:40||NIFTY27JAN2626200CE,1.456549777223605
27-01-2026 14:40||NIFTY27JAN2626300CE,1.5724294255717872
27-01-2026 14:40||NIFTY27JAN2626400CE,1.696736801799703
27-01-2026 14:45||NIFTY27JAN2624000PE,1.607951761290637
27-01-2026 14:45||NIFTY27JAN2624100PE,1.4945671890472347
27-01-2026 14:45||NIFTY27JAN2624200PE,1.384679386228504
27-01-2026 14:45||NIFTY27JAN2624600PE,0.8641120219539027
27-01-2026 14:45||NIFTY27JAN2624700PE,0.7270655803027881
27-01-2026 14:45||NIFTY27JAN2624900PE,0.4482593206855445
27-01-2026 14:45||NIFTY27JAN2625100PE,0.16713316816631146
27-01-2026 14:45||NIFTY27JAN2625200CE,0.2931639979091859
27-01-2026 14:45||NIFTY27JAN2625400CE,0.5592060570743482
27-01-2026 14:45||NIFTY27JAN2626400CE,1.8328025173756124
27-01-2026 14:45||NIFTY27JAN2626500CE,1.952963363128228
27-01-2026 14:50||NIFTY27JAN2623800PE,2.0193634060117294
27-01-2026 14:50||NIFTY27JAN2624000PE,1.7752572378138987
27-01-2026 14:50||NIFTY27JAN2624200PE,1.5141621908673348
27-01-2026 14:50||NIFTY27JAN2624400PE,1.2318000052323579
27-01-2026 14:50||NIFTY27JAN2624500PE,1.0789907801064347
27-01-2026 14:50||NIFTY27JAN2624600PE,0.92734818923644
27-01-2026 14:50||NIFTY27JAN2624700PE,0.7752718961052377
27-01-2026 14:50||NIFTY27JAN2624800PE,0.6228101042608072
27-01-2026 14:50||NIFTY27JAN2625200CE,0.2883903913666501
27-01-2026 14:50||NIFTY27JAN2625300CE,0.4254452318787383
27-01-2026 14:50||NIFTY27JAN2625500CE,0.7028584597667484
27-01-2026 14:50||NIFTY27JAN2625900CE,1.2408640805517575
27-01-2026 14:50||NIFTY27JAN2626000CE,1.3623305662386436
27-01-2026 14:50||NIFTY27JAN2626400CE,1.8800554493393866
27-01-2026 14:55||NIFTY27JAN2623800PE,2.1456820104072474
27-01-2026 14:55||NIFTY27JAN2624000PE,1.9674038169992203
27-01-2026 14:55||NIFTY27JAN2624300PE,1.5669064308432992
27-01-2026 14:55||NIFTY27JAN2624400PE,1.4094345042448402
27-01-2026 14:55||NIFTY27JAN2624500PE,1.2488302082014706
27-01-2026 14:55||NIFTY27JAN2624800PE,0.7461763756185134
27-01-2026 14:55||NIFTY27JAN2625000PE,0.41341839734036534
27-01-2026 14:55||NIFTY27JAN2625400CE,0.5237255628839566
27-01-2026 14:55||NIFTY27JAN2625500CE,0.6749081167366313
27-01-2026 14:55||NIFTY27JAN2625700CE,0.9830919313202078
27-01-2026 14:55||NIFTY27JAN2625800CE,1.1387102362312331
27-01-2026 14:55||NIFTY27JAN2626200CE,1.6796824824256578
27-01-2026 14:55||NIFTY27JAN2626300CE,1.8078302760306082
27-01-2026 14:55||NIFTY27JAN2626400CE,1.9410419074157803
27-01-2026 14:55||NIFTY27JAN2626500CE,2.089291203956387
27-01-2026 15:00||NIFTY27JAN2623800PE,2.4175650206386265
27-01-2026 15:00||NIFTY27JAN2623900PE,2.243611733654789
27-01-2026 15:00||NIFTY27JAN2624000PE,2.0697458107672535
27-01-2026 15:00||NIFTY27JAN2624100PE,1.895998787418835
27-01-2026 15:00||NIFTY27JAN2624600PE,1.0277341555641666
27-01-2026 15:00||NIFTY27JAN2624700PE,0.8564071542527751
27-01-2026 15:00||NIFTY27JAN2625100PE,0.1588485997446315
27-01-2026 15:00||NIFTY27JAN2625200CE,0.24937761287702043
27-01-2026 15:00||NIFTY27JAN2625400CE,0.5893329891277024
27-01-2026 15:00||NIFTY27JAN2625500CE,0.7521569508904824
27-01-2026 15:00||NIFTY27JAN2625600CE,0.9146384991130232
27-01-2026 15:00||NIFTY27JAN2625700CE,1.0778158342733746
27-01-2026 15:00||NIFTY27JAN2625900CE,1.3997558631218707
27-01-2026 15:00||NIFTY27JAN2626500CE,2.2967245304244077
27-01-2026 15:05||NIFTY27JAN2623800PE,2.524335423352837
27-01-2026 15:05||NIFTY27JAN2624000PE,2.159002008360078
27-01-2026 15:05||NIFTY27JAN2624100PE,1.976872255082616
27-01-2026 15:05||NIFTY27JAN2624200PE,1.7972042391836798
27-01-2026 15:05||NIFTY27JAN2624300PE,1.6185974999937125
27-01-2026 15:05||NIFTY27JAN2624500PE,1.278644154412409
27-01-2026 15:05||NIFTY27JAN2624900PE,0.5407600612002027
27-01-2026 15:05||NIFTY27JAN2625000PE,0.3305353792203478
27-01-2026 15:05||NIFTY27JAN2625300CE,0.3964421692146546
27-01-2026 15:05||NIFTY27JAN2625500CE,0.7748317420331163
27-01-2026 15:05||NIFTY27JAN2625800CE,1.2789272071935291
27-01-2026 15:05||NIFTY27JAN2625900CE,1.4520316400352142
27-01-2026 15:05||NIFTY27JAN2626100CE,1.7579921755781291
27-01-2026 15:05||NIFTY27JAN2626200CE,1.8936079708694753
27-01-2026 15:05||NIFTY27JAN2626300CE,2.027271592854849
27-01-2026 15:10||NIFTY27JAN2623900PE,2.5162031879388254
27-01-2026 15:10||NIFTY27JAN2624000PE,2.3300392910020093
27-01-2026 15:10||NIFTY27JAN2624200PE,1.9772827414272247
27-01-2026 15:10||NIFTY27JAN2624300PE,1.8088176277818304
27-01-2026 15:10||NIFTY27JAN2624600PE,1.2337955404657113
27-01-2026 15:10||NIFTY27JAN2624700PE,1.030495356994491
27-01-2026 15:10||NIFTY27JAN2624900PE,0.6193585783273621
27-01-2026 15:10||NIFTY27JAN2625100PE,0.20682709822974213
27-01-2026 15:10||NIFTY27JAN2625200CE,0.22313355677943847
27-01-2026 15:10||NIFTY27JAN2625400CE,0.6212094548733984
27-01-2026 15:10||NIFTY27JAN2625600CE,0.9798399652638423
27-01-2026 15:10||NIFTY27JAN2625800CE,1.357283077541007
27-01-2026 15:10||NIFTY27JAN2626000CE,1.760284175260045
27-01-2026 15:10||NIFTY27JAN2626200CE,2.1359303721221554
27-01-2026 15:15||NIFTY27JAN2624000PE,2.764789022135356
27-01-2026 15:15||NIFTY27JAN2624100PE,2.574584586986541
27-01-2026 15:15||NIFTY27JAN2624300PE,2.1150814980700905
27-01-2026 15:15||NIFTY27JAN2624800PE,0.9564411720862915
27-01-2026 15:15||NIFTY27JAN2625000PE,0.49869792630207427
27-01-2026 15:15||NIFTY27JAN2625400CE,0.6291211723097063
27-01-2026 15:15||NIFTY27JAN2625500CE,0.8339482512932491
27-01-2026 15:15||NIFTY27JAN2625800CE,1.554506656651201
27-01-2026 15:15||NIFTY27JAN2625900CE,1.789851219921264
27-01-2026 15:15||NIFTY27JAN2626000CE,2.0052830448946404
27-01-2026 15:15||NIFTY27JAN2626300CE,2.5633903413046664
27-01-2026 15:15||NIFTY27JAN2626400CE,2.7599076760527663
27-01-2026 15:15||NIFTY27JAN2626500CE,2.9496234895106985
27-01-2026 15:20||NIFTY27JAN2623800PE,3.943284182774389
27-01-2026 15:20||NIFTY27JAN2623900PE,3.6739833252957927
27-01-2026 15:20||NIFTY27JAN2624200PE,2.8630468249125802
27-01-2026 15:20||NIFTY27JAN2624400PE,2.319254792306325
27-01-2026 15:20||NIFTY27JAN2624700PE,1.4933072732659316
27-01-2026 15:20||NIFTY27JAN2624900PE,0.9245935948089197
27-01-2026 15:20||NIFTY27JAN2625000PE,0.6342644700897022
27-01-2026 15:20||NIFTY27JAN2625500CE,0.939379236070383
27-01-2026 15:20||NIFTY27JAN2625800CE,1.741535438701065
27-01-2026 15:20||NIFTY27JAN2626000CE,2.330592717261177
27-01-2026 15:20||NIFTY27JAN2626300CE,3.042551637863037
27-01-2026 15:20||NIFTY27JAN2626400CE,3.3368165398533782
27-01-2026 15:25||NIFTY27JAN2623800PE,5.795963322493841
27-01-2026 15:25||NIFTY27JAN2624700PE,2.2838806342852362
27-01-2026 15:25||NIFTY27JAN2624900PE,1.497392028507814
27-01-2026 15:25||NIFTY27JAN2625000PE,1.1007579644473453
27-01-2026 15:25||NIFTY27JAN2625100PE,0.7016518887972457
27-01-2026 15:25||NIFTY27JAN2625600CE,1.523828001666213
27-01-2026 15:25||NIFTY27JAN2625700CE,1.907037256477591
27-01-2026 15:25||NIFTY27JAN2626100CE,3.3854271176352384
27-01-2026 15:25||NIFTY27JAN2626300CE,4.093152131215423
27-01-2026 15:25||NIFTY27JAN2626400CE,4.439763546574781
27-01-2026 15:25||NIFTY27JAN2626500CE,4.782771217826773
