row_index,datetime,contract,option_type,strike,pred_t,time_fit_kind,n_train_previous_27jan,train_indices,a,a_raw
900,27-01-2026 09:15,NIFTY27JAN2626200CE,CE,26200,,not_enough_previous_points,0,,0.060303874445281215,0.060303874445281215
900,27-01-2026 09:15,NIFTY27JAN2626400CE,CE,26400,,not_enough_previous_points,0,,0.024013610694259162,0.024013610694259162
900,27-01-2026 09:15,NIFTY27JAN2626500CE,CE,26500,,not_enough_previous_points,0,,0.05734063137838807,0.05734063137838807
901,27-01-2026 09:20,NIFTY27JAN2625400CE,CE,25400,,not_enough_previous_points,1,900,0.005708063414123387,0.005708063414123387
901,27-01-2026 09:20,NIFTY27JAN2625500CE,CE,25500,,not_enough_previous_points,1,900,0.009761026506579314,0.009761026506579314
901,27-01-2026 09:20,NIFTY27JAN2625600CE,CE,25600,,not_enough_previous_points,1,900,0.022355822206270307,0.022355822206270307
901,27-01-2026 09:20,NIFTY27JAN2625700CE,CE,25700,,not_enough_previous_points,1,900,0.027369841582823556,0.027369841582823556
901,27-01-2026 09:20,NIFTY27JAN2626500CE,CE,26500,,not_enough_previous_points,0,,0.05734063137838807,0.05734063137838807
901,27-01-2026 09:20,NIFTY27JAN2624400PE,PE,24400,,not_enough_previous_points,1,900,0.06584961680262737,0.06584961680262737
901,27-01-2026 09:20,NIFTY27JAN2624900PE,PE,24900,,not_enough_previous_points,1,900,0.00830256739253221,0.00830256739253221
901,27-01-2026 09:20,NIFTY27JAN2625100PE,PE,25100,,not_enough_previous_points,1,900,0.0,-0.003616614779778526
902,27-01-2026 09:25,NIFTY27JAN2625500CE,CE,25500,,not_enough_previous_points,1,900,0.009761026506579314,0.009761026506579314
902,27-01-2026 09:25,NIFTY27JAN2625900CE,CE,25900,,not_enough_previous_points,2,900|901,0.03992440684818397,0.03992440684818397
902,27-01-2026 09:25,NIFTY27JAN2626500CE,CE,26500,,not_enough_previous_points,0,,0.05734063137838807,0.05734063137838807
902,27-01-2026 09:25,NIFTY27JAN2623900PE,PE,23900,,not_enough_previous_points,2,900|901,0.06365835618452689,0.06365835618452689
902,27-01-2026 09:25,NIFTY27JAN2624600PE,PE,24600,,not_enough_previous_points,2,900|901,0.04699268242093666,0.04699268242093666
902,27-01-2026 09:25,NIFTY27JAN2625100PE,PE,25100,,not_enough_previous_points,1,900,0.0,-0.003616614779778526
903,27-01-2026 09:30,NIFTY27JAN2625400CE,CE,25400,,not_enough_previous_points,2,900|902,0.005708063414123387,0.005708063414123387
903,27-01-2026 09:30,NIFTY27JAN2625600CE,CE,25600,,not_enough_previous_points,2,900|902,0.022355822206270307,0.022355822206270307
903,27-01-2026 09:30,NIFTY27JAN2625800CE,CE,25800,0.5505700000394427,quadratic_time,3,900|901|902,0.035234495634340564,0.035234495634340564
903,27-01-2026 09:30,NIFTY27JAN2626100CE,CE,26100,0.7129800000402611,quadratic_time,3,900|901|902,0.04265943195922936,0.04265943195922936
903,27-01-2026 09:30,NIFTY27JAN2626400CE,CE,26400,,not_enough_previous_points,2,901|902,0.024013610694259162,0.024013610694259162
903,27-01-2026 09:30,NIFTY27JAN2624400PE,PE,24400,,not_enough_previous_points,2,900|902,0.06584961680262737,0.06584961680262737
903,27-01-2026 09:30,NIFTY27JAN2624800PE,PE,24800,0.2642299999934039,quadratic_time,3,900|901|902,0.02870276701208082,0.02870276701208082
903,27-01-2026 09:30,NIFTY27JAN2624900PE,PE,24900,,not_enough_previous_points,2,900|902,0.00830256739253221,0.00830256739253221
904,27-01-2026 09:35,NIFTY27JAN2625700CE,CE,25700,0.5052533333328029,quadratic_time,3,900|902|903,0.027369841582823556,0.027369841582823556
904,27-01-2026 09:35,NIFTY27JAN2626200CE,CE,26200,0.7804399999740781,quadratic_time,3,901|902|903,0.060303874445281215,0.060303874445281215
904,27-01-2026 09:35,NIFTY27JAN2623800PE,PE,23800,0.74371250000695,quadratic_time,4,900|901|902|903,0.04040689587867942,0.04040689587867942
904,27-01-2026 09:35,NIFTY27JAN2624500PE,PE,24500,0.3923750000176369,quadratic_time,4,900|901|902|903,0.051036568349033334,0.051036568349033334
906,27-01-2026 09:45,NIFTY27JAN2625600CE,CE,25600,0.31269819095905405,quadratic_time,4,900|902|904|905,0.022355822206270307,0.022355822206270307
906,27-01-2026 09:45,NIFTY27JAN2626200CE,CE,26200,0.5870600000180275,quadratic_time,4,901|902|903|905,0.060303874445281215,0.060303874445281215
906,27-01-2026 09:45,NIFTY27JAN2626300CE,CE,26300,0.6145730000062031,quadratic_time,6,900|901|902|903|904|905,0.03340769881554752,0.03340769881554752
906,27-01-2026 09:45,NIFTY27JAN2623800PE,PE,23800,0.899317525778315,quadratic_time,5,900|901|902|903|905,0.04040689587867942,0.04040689587867942
906,27-01-2026 09:45,NIFTY27JAN2624000PE,PE,24000,0.7882279999921593,quadratic_time,6,900|901|902|903|904|905,0.06285126186467314,0.06285126186467314
906,27-01-2026 09:45,NIFTY27JAN2624500PE,PE,24500,0.5588769072237483,quadratic_time,5,900|901|902|903|905,0.051036568349033334,0.051036568349033334
906,27-01-2026 09:45,NIFTY27JAN2625000PE,PE,25000,0.3281449999885808,quadratic_time,6,900|901|902|903|904|905,0.009231752334832633,0.009231752334832633
907,27-01-2026 09:50,NIFTY27JAN2626300CE,CE,26300,0.4697595714314957,quadratic_time,6,900|901|902|903|904|905,0.03340769881554752,0.03340769881554752
907,27-01-2026 09:50,NIFTY27JAN2623800PE,PE,23800,1.0360265684903425,quadratic_time,5,900|901|902|903|905,0.04040689587867942,0.04040689587867942
907,27-01-2026 09:50,NIFTY27JAN2624200PE,PE,24200,0.7419142857124825,quadratic_time,7,900|901|902|903|904|905|906,0.062261117296635,0.062261117296635
907,27-01-2026 09:50,NIFTY27JAN2624800PE,PE,24800,0.4692715306155151,quadratic_time,6,900|901|902|904|905|906,0.02870276701208082,0.02870276701208082
907,27-01-2026 09:50,NIFTY27JAN2624900PE,PE,24900,0.44944151385607256,quadratic_time,5,900|902|904|905|906,0.00830256739253221,0.00830256739253221
908,27-01-2026 09:55,NIFTY27JAN2625700CE,CE,25700,0.27963909090340167,quadratic_time,6,900|902|903|905|906|907,0.027369841582823556,0.027369841582823556
908,27-01-2026 09:55,NIFTY27JAN2626000CE,CE,26000,0.437219285710853,quadratic_time,8,900|901|902|903|904|905|906|907,0.026605334445856128,0.026605334445856128
908,27-01-2026 09:55,NIFTY27JAN2626200CE,CE,26200,0.5873519402966849,quadratic_time,5,901|902|903|905|907,0.060303874445281215,0.060303874445281215
908,27-01-2026 09:55,NIFTY27JAN2624100PE,PE,24100,0.7717875000034837,quadratic_time,8,900|901|902|903|904|905|906|907,0.08084483455474159,0.08084483455474159
908,27-01-2026 09:55,NIFTY27JAN2624700PE,PE,24700,0.5153005357242364,quadratic_time,8,900|901|902|903|904|905|906|907,0.039052280997870024,0.039052280997870024
908,27-01-2026 09:55,NIFTY27JAN2624800PE,PE,24800,0.5861516326622223,quadratic_time,6,900|901|902|904|905|906,0.02870276701208082,0.02870276701208082
908,27-01-2026 09:55,NIFTY27JAN2625000PE,PE,25000,0.4571623435786023,quadratic_time,7,900|901|902|903|904|905|907,0.009231752334832633,0.009231752334832633
909,27-01-2026 10:00,NIFTY27JAN2625300CE,CE,25300,0.21431666666649107,quadratic_time,9,900|901|902|903|904|905|906|907|908,0.0,-0.0005313952454468567
909,27-01-2026 10:00,NIFTY27JAN2625400CE,CE,25400,0.23255702258938982,quadratic_time,7,900|902|904|905|906|907|908,0.005708063414123387,0.005708063414123387
909,27-01-2026 10:00,NIFTY27JAN2625600CE,CE,25600,0.283697894191846,quadratic_time,6,900|902|904|905|907|908,0.022355822206270307,0.022355822206270307
909,27-01-2026 10:00,NIFTY27JAN2625800CE,CE,25800,0.3827004368681628,quadratic_time,8,900|901|902|904|905|906|907|908,0.035234495634340564,0.035234495634340564
909,27-01-2026 10:00,NIFTY27JAN2626100CE,CE,26100,0.5346950704638402,quadratic_time,8,900|901|902|904|905|906|907|908,0.04265943195922936,0.04265943195922936
909,27-01-2026 10:00,NIFTY27JAN2626400CE,CE,26400,0.737382790697211,quadratic_time,7,901|902|904|905|906|907|908,0.024013610694259162,0.024013610694259162
909,27-01-2026 10:00,NIFTY27JAN2626500CE,CE,26500,0.8270059999995283,quadratic_time,6,903|904|905|906|907|908,0.05734063137838807,0.05734063137838807
909,27-01-2026 10:00,NIFTY27JAN2624000PE,PE,24000,0.7992680742154334,quadratic_time,8,900|901|902|903|904|905|907|908,0.06285126186467314,0.06285126186467314
910,27-01-2026 10:05,NIFTY27JAN2626400CE,CE,26400,0.7355136821702217,quadratic_time,7,901|902|904|905|906|907|908,0.024013610694259162,0.024013610694259162
910,27-01-2026 10:05,NIFTY27JAN2623800PE,PE,23800,0.89352573400447,quadratic_time,7,900|901|902|903|905|908|909,0.04040689587867942,0.04040689587867942
910,27-01-2026 10:05,NIFTY27JAN2623900PE,PE,23900,0.8324473160187154,quadratic_time,9,900|901|903|904|905|906|907|908|909,0.06365835618452689,0.06365835618452689
910,27-01-2026 10:05,NIFTY27JAN2624100PE,PE,24100,0.7498270224100452,quadratic_time,9,900|901|902|903|904|905|906|907|909,0.08084483455474159,0.08084483455474159
911,27-01-2026 10:10,NIFTY27JAN2625300CE,CE,25300,0.2083369573638265,quadratic_time,10,900|901|902|903|904|905|906|907|908|910,0.0,-0.0005313952454468567
911,27-01-2026 10:10,NIFTY27JAN2625600CE,CE,25600,0.30418290966031236,quadratic_time,7,900|902|904|905|907|908|910,0.022355822206270307,0.022355822206270307
911,27-01-2026 10:10,NIFTY27JAN2624200PE,PE,24200,0.6803023691460339,quadratic_time,10,900|901|902|903|904|905|906|908|909|910,0.062261117296635,0.062261117296635
911,27-01-2026 10:10,NIFTY27JAN2624900PE,PE,24900,0.454123034447548,quadratic_time,8,900|902|904|905|906|908|909|910,0.00830256739253221,0.00830256739253221
912,27-01-2026 10:15,NIFTY27JAN2625800CE,CE,25800,0.4606484356882561,quadratic_time,10,900|901|902|904|905|906|907|908|910|911,0.035234495634340564,0.035234495634340564
913,27-01-2026 10:20,NIFTY27JAN2625400CE,CE,25400,0.3289391891992821,quadratic_time,10,900|902|904|905|906|907|908|910|911|912,0.005708063414123387,0.005708063414123387
913,27-01-2026 10:20,NIFTY27JAN2625800CE,CE,25800,0.4603867221796918,quadratic_time,10,900|901|902|904|905|906|907|908|910|911,0.035234495634340564,0.035234495634340564
913,27-01-2026 10:20,NIFTY27JAN2623900PE,PE,23900,0.8121558998446972,quadratic_time,11,900|901|903|904|905|906|907|908|909|911|912,0.06365835618452689,0.06365835618452689
913,27-01-2026 10:20,NIFTY27JAN2624500PE,PE,24500,0.4995634724366482,quadratic_time,11,900|901|902|903|905|907|908|909|910|911|912,0.051036568349033334,0.051036568349033334
913,27-01-2026 10:20,NIFTY27JAN2624600PE,PE,24600,0.4512948035415434,quadratic_time,12,900|901|903|904|905|906|907|908|909|910|911|912,0.04699268242093666,0.04699268242093666
913,27-01-2026 10:20,NIFTY27JAN2624800PE,PE,24800,0.39806956458369314,quadratic_time,10,900|901|902|904|905|906|909|910|911|912,0.02870276701208082,0.02870276701208082
913,27-01-2026 10:20,NIFTY27JAN2625000PE,PE,25000,0.38139658808086097,quadratic_time,11,900|901|902|903|904|905|907|909|910|911|912,0.009231752334832633,0.009231752334832633
914,27-01-2026 10:25,NIFTY27JAN2626000CE,CE,26000,0.5531484064335359,quadratic_time,13,900|901|902|903|904|905|906|907|909|910|911|912|913,0.026605334445856128,0.026605334445856128
914,27-01-2026 10:25,NIFTY27JAN2626300CE,CE,26300,0.6751605883185903,quadratic_time,12,900|901|902|903|904|905|908|909|910|911|912|913,0.03340769881554752,0.03340769881554752
914,27-01-2026 10:25,NIFTY27JAN2626400CE,CE,26400,0.7799064778707816,quadratic_time,10,901|902|904|905|906|907|908|911|912|913,0.024013610694259162,0.024013610694259162
914,27-01-2026 10:25,NIFTY27JAN2624600PE,PE,24600,0.46358457849072465,quadratic_time,12,900|901|903|904|905|906|907|908|909|910|911|912,0.04699268242093666,0.04699268242093666
914,27-01-2026 10:25,NIFTY27JAN2624900PE,PE,24900,0.39997504222719726,quadratic_time,10,900|902|904|905|906|908|909|910|912|913,0.00830256739253221,0.00830256739253221
915,27-01-2026 10:30,NIFTY27JAN2625400CE,CE,25400,0.28050907939660874,quadratic_time,11,900|902|904|905|906|907|908|910|911|912|914,0.005708063414123387,0.005708063414123387
915,27-01-2026 10:30,NIFTY27JAN2625600CE,CE,25600,0.32833577037050077,quadratic_time,10,900|902|904|905|907|908|910|912|913|914,0.022355822206270307,0.022355822206270307
915,27-01-2026 10:30,NIFTY27JAN2625900CE,CE,25900,0.49568138624641733,quadratic_time,14,900|901|903|904|905|906|907|908|909|910|911|912|913|914,0.03992440684818397,0.03992440684818397
915,27-01-2026 10:30,NIFTY27JAN2626200CE,CE,26200,0.6812485926634508,quadratic_time,11,901|902|903|905|907|909|910|911|912|913|914,0.060303874445281215,0.060303874445281215
915,27-01-2026 10:30,NIFTY27JAN2624100PE,PE,24100,0.745317768169599,quadratic_time,13,900|901|902|903|904|905|906|907|909|911|912|913|914,0.08084483455474159,0.08084483455474159
915,27-01-2026 10:30,NIFTY27JAN2624800PE,PE,24800,0.4389233412116482,quadratic_time,11,900|901|902|904|905|906|909|910|911|912|914,0.02870276701208082,0.02870276701208082
916,27-01-2026 10:35,NIFTY27JAN2625200CE,CE,25200,0.2715231964278928,quadratic_time,16,900|901|902|903|904|905|906|907|908|909|910|911|912|913|914|915,0.0,-0.010043652212288338
916,27-01-2026 10:35,NIFTY27JAN2625300CE,CE,25300,0.267972190345688,quadratic_time,14,900|901|902|903|904|905|906|907|908|910|912|913|914|915,0.0,-0.0005313952454468567
916,27-01-2026 10:35,NIFTY27JAN2625700CE,CE,25700,0.40279408008882456,quadratic_time,13,900|902|903|905|906|907|909|910|911|912|913|914|915,0.027369841582823556,0.027369841582823556
916,27-01-2026 10:35,NIFTY27JAN2624300PE,PE,24300,0.6178533392858583,quadratic_time,16,900|901|902|903|904|905|906|907|908|909|910|911|912|913|914|915,0.07031672321746199,0.07031672321746199
916,27-01-2026 10:35,NIFTY27JAN2624400PE,PE,24400,0.5667327545646401,quadratic_time,14,900|902|904|905|906|907|908|909|910|911|912|913|914|915,0.06584961680262737,0.06584961680262737
916,27-01-2026 10:35,NIFTY27JAN2624800PE,PE,24800,0.4675753457886458,quadratic_time,11,900|901|902|904|905|906|909|910|911|912|914,0.02870276701208082,0.02870276701208082
917,27-01-2026 10:40,NIFTY27JAN2625200CE,CE,25200,0.24756066281429412,quadratic_time,16,900|901|902|903|904|905|906|907|908|909|910|911|912|913|914|915,0.0,-0.010043652212288338
917,27-01-2026 10:40,NIFTY27JAN2625700CE,CE,25700,0.4040654660401515,quadratic_time,13,900|902|903|905|906|907|909|910|911|912|913|914|915,0.027369841582823556,0.027369841582823556
917,27-01-2026 10:40,NIFTY27JAN2626100CE,CE,26100,0.6424033272602401,quadratic_time,15,900|901|902|904|905|906|907|908|910|911|912|913|914|915|916,0.04265943195922936,0.04265943195922936
917,27-01-2026 10:40,NIFTY27JAN2626200CE,CE,26200,0.7140072422582762,quadratic_time,12,901|902|903|905|907|909|910|911|912|913|914|916,0.060303874445281215,0.060303874445281215
917,27-01-2026 10:40,NIFTY27JAN2624400PE,PE,24400,0.5742784855436867,quadratic_time,14,900|902|904|905|906|907|908|909|910|911|912|913|914|915,0.06584961680262737,0.06584961680262737
918,27-01-2026 10:45,NIFTY27JAN2625500CE,CE,25500,0.32982449995245133,quadratic_time,16,900|903|904|905|906|907|908|909|910|911|912|913|914|915|916|917,0.009761026506579314,0.009761026506579314
918,27-01-2026 10:45,NIFTY27JAN2626200CE,CE,26200,0.732039122515971,quadratic_time,12,901|902|903|905|907|909|910|911|912|913|914|916,0.060303874445281215,0.060303874445281215
918,27-01-2026 10:45,NIFTY27JAN2626400CE,CE,26400,0.849852700808924,quadratic_time,13,901|902|904|905|906|907|908|911|912|913|915|916|917,0.024013610694259162,0.024013610694259162
918,27-01-2026 10:45,NIFTY27JAN2624000PE,PE,24000,0.7667873475543274,quadratic_time,16,900|901|902|903|904|905|907|908|910|911|912|913|914|915|916|917,0.06285126186467314,0.06285126186467314
918,27-01-2026 10:45,NIFTY27JAN2624700PE,PE,24700,0.4391614946358118,quadratic_time,17,900|901|902|903|904|905|906|907|909|910|911|912|913|914|915|916|917,0.039052280997870024,0.039052280997870024
918,27-01-2026 10:45,NIFTY27JAN2624900PE,PE,24900,0.42501334467362994,quadratic_time,13,900|902|904|905|906|908|909|910|912|913|915|916|917,0.00830256739253221,0.00830256739253221
919,27-01-2026 10:50,NIFTY27JAN2625200CE,CE,25200,0.27971958235593775,quadratic_time,17,900|901|902|903|904|905|906|907|908|909|910|911|912|913|914|915|918,0.0,-0.010043652212288338
919,27-01-2026 10:50,NIFTY27JAN2625400CE,CE,25400,0.31675317006585146,quadratic_time,14,900|902|904|905|906|907|908|910|911|912|914|916|917|918,0.005708063414123387,0.005708063414123387
919,27-01-2026 10:50,NIFTY27JAN2625700CE,CE,25700,0.4838758624861157,quadratic_time,14,900|902|903|905|906|907|909|910|911|912|913|914|915|918,0.027369841582823556,0.027369841582823556
919,27-01-2026 10:50,NIFTY27JAN2623900PE,PE,23900,0.7801407881349292,quadratic_time,16,900|901|903|904|905|906|907|908|909|911|912|914|915|916|917|918,0.06365835618452689,0.06365835618452689
919,27-01-2026 10:50,NIFTY27JAN2624000PE,PE,24000,0.7695082702536524,quadratic_time,16,900|901|902|903|904|905|907|908|910|911|912|913|914|915|916|917,0.06285126186467314,0.06285126186467314
919,27-01-2026 10:50,NIFTY27JAN2624600PE,PE,24600,0.4172955293015832,quadratic_time,16,900|901|903|904|905|906|907|908|909|910|911|912|915|916|917|918,0.04699268242093666,0.04699268242093666
919,27-01-2026 10:50,NIFTY27JAN2625000PE,PE,25000,0.417391883507662,quadratic_time,16,900|901|902|903|904|905|907|909|910|911|912|914|915|916|917|918,0.009231752334832633,0.009231752334832633
920,27-01-2026 10:55,NIFTY27JAN2625300CE,CE,25300,0.2996749921930757,quadratic_time,17,900|901|902|903|904|905|906|907|908|910|912|913|914|915|917|918|919,0.0,-0.0005313952454468567
920,27-01-2026 10:55,NIFTY27JAN2625400CE,CE,25400,0.31632942416078436,quadratic_time,14,900|902|904|905|906|907|908|910|911|912|914|916|917|918,0.005708063414123387,0.005708063414123387
920,27-01-2026 10:55,NIFTY27JAN2625600CE,CE,25600,0.45585419247242953,quadratic_time,14,900|902|904|905|907|908|910|912|913|914|916|917|918|919,0.022355822206270307,0.022355822206270307
920,27-01-2026 10:55,NIFTY27JAN2626400CE,CE,26400,0.915737256014836,quadratic_time,14,901|902|904|905|906|907|908|911|912|913|915|916|917|919,0.024013610694259162,0.024013610694259162
920,27-01-2026 10:55,NIFTY27JAN2623900PE,PE,23900,0.7753132401526841,quadratic_time,16,900|901|903|904|905|906|907|908|909|911|912|914|915|916|917|918,0.06365835618452689,0.06365835618452689
920,27-01-2026 10:55,NIFTY27JAN2624400PE,PE,24400,0.48278802445224756,quadratic_time,16,900|902|904|905|906|907|908|909|910|911|912|913|914|915|918|919,0.06584961680262737,0.06584961680262737
920,27-01-2026 10:55,NIFTY27JAN2624900PE,PE,24900,0.4281133012434566,quadratic_time,14,900|902|904|905|906|908|909|910|912|913|915|916|917|919,0.00830256739253221,0.00830256739253221
920,27-01-2026 10:55,NIFTY27JAN2625000PE,PE,25000,0.4449960161184663,quadratic_time,16,900|901|902|903|904|905|907|909|910|911|912|914|915|916|917|918,0.009231752334832633,0.009231752334832633
921,27-01-2026 11:00,NIFTY27JAN2625200CE,CE,25200,0.29249706723538793,quadratic_time,18,900|901|902|903|904|905|906|907|908|909|910|911|912|913|914|915|918|920,0.0,-0.010043652212288338
921,27-01-2026 11:00,NIFTY27JAN2625300CE,CE,25300,0.2967660346320429,quadratic_time,17,900|901|902|903|904|905|906|907|908|910|912|913|914|915|917|918|919,0.0,-0.0005313952454468567
921,27-01-2026 11:00,NIFTY27JAN2625400CE,CE,25400,0.3162249271094879,quadratic_time,14,900|902|904|905|906|907|908|910|911|912|914|916|917|918,0.005708063414123387,0.005708063414123387
921,27-01-2026 11:00,NIFTY27JAN2626300CE,CE,26300,0.8815925810904446,quadratic_time,18,900|901|902|903|904|905|908|909|910|911|912|913|915|916|917|918|919|920,0.03340769881554752,0.03340769881554752
921,27-01-2026 11:00,NIFTY27JAN2623800PE,PE,23800,0.814932762532635,quadratic_time,17,900|901|902|903|905|908|909|911|912|913|914|915|916|917|918|919|920,0.04040689587867942,0.04040689587867942
921,27-01-2026 11:00,NIFTY27JAN2623900PE,PE,23900,0.7694791798471101,quadratic_time,16,900|901|903|904|905|906|907|908|909|911|912|914|915|916|917|918,0.06365835618452689,0.06365835618452689
921,27-01-2026 11:00,NIFTY27JAN2624300PE,PE,24300,0.5177159519680572,quadratic_time,20,900|901|902|903|904|905|906|907|908|909|910|911|912|913|914|915|917|918|919|920,0.07031672321746199,0.07031672321746199
922,27-01-2026 11:05,NIFTY27JAN2625300CE,CE,25300,0.2940251243059322,quadratic_time,17,900|901|902|903|904|905|906|907|908|910|912|913|914|915|917|918|919,0.0,-0.0005313952454468567
922,27-01-2026 11:05,NIFTY27JAN2625700CE,CE,25700,0.5780764719047511,quadratic_time,16,900|902|903|905|906|907|909|910|911|912|913|914|915|918|920|921,0.027369841582823556,0.027369841582823556
922,27-01-2026 11:05,NIFTY27JAN2623800PE,PE,23800,0.8061118651567085,quadratic_time,17,900|901|902|903|905|908|909|911|912|913|914|915|916|917|918|919|920,0.04040689587867942,0.04040689587867942
922,27-01-2026 11:05,NIFTY27JAN2624100PE,PE,24100,0.6228387777912303,quadratic_time,19,900|901|902|903|904|905|906|907|909|911|912|913|914|916|917|918|919|920|921,0.08084483455474159,0.08084483455474159
922,27-01-2026 11:05,NIFTY27JAN2624200PE,PE,24200,0.559509271382467,quadratic_time,20,900|901|902|903|904|905|906|908|909|910|912|913|914|915|916|917|918|919|920|921,0.062261117296635,0.062261117296635
922,27-01-2026 11:05,NIFTY27JAN2624900PE,PE,24900,0.37153065270948105,quadratic_time,15,900|902|904|905|906|908|909|910|912|913|915|916|917|919|921,0.00830256739253221,0.00830256739253221
923,27-01-2026 11:10,NIFTY27JAN2625300CE,CE,25300,0.29145226121475787,quadratic_time,17,900|901|902|903|904|905|906|907|908|910|912|913|914|915|917|918|919,0.0,-0.0005313952454468567
923,27-01-2026 11:10,NIFTY27JAN2625500CE,CE,25500,0.4637131430467889,quadratic_time,20,900|903|904|905|906|907|908|909|910|911|912|913|914|915|916|917|919|920|921|922,0.009761026506579314,0.009761026506579314
923,27-01-2026 11:10,NIFTY27JAN2625800CE,CE,25800,0.6541430462457356,quadratic_time,19,900|901|902|904|905|906|907|908|910|911|914|915|916|917|918|919|920|921|922,0.035234495634340564,0.035234495634340564
923,27-01-2026 11:10,NIFTY27JAN2626500CE,CE,26500,1.0704473990083443,quadratic_time,19,903|904|905|906|907|908|910|911|912|913|914|915|916|917|918|919|920|921|922,0.05734063137838807,0.05734063137838807
923,27-01-2026 11:10,NIFTY27JAN2624200PE,PE,24200,0.5412284878148057,quadratic_time,20,900|901|902|903|904|905|906|908|909|910|912|913|914|915|916|917|918|919|920|921,0.062261117296635,0.062261117296635
923,27-01-2026 11:10,NIFTY27JAN2624400PE,PE,24400,0.4489782378716427,quadratic_time,18,900|902|904|905|906|907|908|909|910|911|912|913|914|915|918|919|921|922,0.06584961680262737,0.06584961680262737
923,27-01-2026 11:10,NIFTY27JAN2624900PE,PE,24900,0.3776369727353597,quadratic_time,15,900|902|904|905|906|908|909|910|912|913|915|916|917|919|921,0.00830256739253221,0.00830256739253221
924,27-01-2026 11:15,NIFTY27JAN2626400CE,CE,26400,1.0129476772883663,quadratic_time,17,901|902|904|905|906|907|908|911|912|913|915|916|917|919|921|922|923,0.024013610694259162,0.024013610694259162
924,27-01-2026 11:15,NIFTY27JAN2624300PE,PE,24300,0.5082544513583116,quadratic_time,22,900|901|902|903|904|905|906|907|908|909|910|911|912|913|914|915|917|918|919|920|922|923,0.07031672321746199,0.07031672321746199
924,27-01-2026 11:15,NIFTY27JAN2625000PE,PE,25000,0.33267233757987924,quadratic_time,19,900|901|902|903|904|905|907|909|910|911|912|914|915|916|917|918|921|922|923,0.009231752334832633,0.009231752334832633
924,27-01-2026 11:15,NIFTY27JAN2625100PE,PE,25100,0.34278367844490276,quadratic_time,22,900|903|904|905|906|907|908|909|910|911|912|913|914|915|916|917|918|919|920|921|922|923,0.0,-0.003616614779778526
925,27-01-2026 11:20,NIFTY27JAN2625300CE,CE,25300,0.3506332378794923,quadratic_time,18,900|901|902|903|904|905|906|907|908|910|912|913|914|915|917|918|919|924,0.0,-0.0005313952454468567
925,27-01-2026 11:20,NIFTY27JAN2626100CE,CE,26100,0.8542669597809436,quadratic_time,22,900|901|902|904|905|906|907|908|910|911|912|913|914|915|916|918|919|920|921|922|923|924,0.04265943195922936,0.04265943195922936
926,27-01-2026 11:25,NIFTY27JAN2625600CE,CE,25600,0.5328381665229927,quadratic_time,19,900|902|904|905|907|908|910|912|913|914|916|917|918|919|921|922|923|924|925,0.022355822206270307,0.022355822206270307
926,27-01-2026 11:25,NIFTY27JAN2626500CE,CE,26500,1.0732916620288506,quadratic_time,21,903|904|905|906|907|908|910|911|912|913|914|915|916|917|918|919|920|921|922|924|925,0.05734063137838807,0.05734063137838807
926,27-01-2026 11:25,NIFTY27JAN2623800PE,PE,23800,0.8320566370353504,quadratic_time,20,900|901|902|903|905|908|909|911|912|913|914|915|916|917|918|919|920|923|924|925,0.04040689587867942,0.04040689587867942
926,27-01-2026 11:25,NIFTY27JAN2624000PE,PE,24000,0.7207539472350959,quadratic_time,22,900|901|902|903|904|905|907|908|910|911|912|913|914|915|916|917|920|921|922|923|924|925,0.06285126186467314,0.06285126186467314
926,27-01-2026 11:25,NIFTY27JAN2624200PE,PE,24200,0.5748970099746202,quadratic_time,22,900|901|902|903|904|905|906|908|909|910|912|913|914|915|916|917|918|919|920|921|924|925,0.062261117296635,0.062261117296635
926,27-01-2026 11:25,NIFTY27JAN2624900PE,PE,24900,0.33170443946439576,quadratic_time,17,900|902|904|905|906|908|909|910|912|913|915|916|917|919|921|924|925,0.00830256739253221,0.00830256739253221
927,27-01-2026 11:30,NIFTY27JAN2625600CE,CE,25600,0.5536825808143249,quadratic_time,19,900|902|904|905|907|908|910|912|913|914|916|917|918|919|921|922|923|924|925,0.022355822206270307,0.022355822206270307
927,27-01-2026 11:30,NIFTY27JAN2625900CE,CE,25900,0.7171017470890888,quadratic_time,25,900|901|903|904|905|906|907|908|909|910|911|912|913|914|916|917|918|919|920|921|922|923|924|925|926,0.03992440684818397,0.03992440684818397
927,27-01-2026 11:30,NIFTY27JAN2626200CE,CE,26200,0.9125107930491367,quadratic_time,20,901|902|903|905|907|909|910|911|912|913|914|916|919|920|921|922|923|924|925|926,0.060303874445281215,0.060303874445281215
927,27-01-2026 11:30,NIFTY27JAN2624200PE,PE,24200,0.5634795664642525,quadratic_time,22,900|901|902|903|904|905|906|908|909|910|912|913|914|915|916|917|918|919|920|921|924|925,0.062261117296635,0.062261117296635
927,27-01-2026 11:30,NIFTY27JAN2625100PE,PE,25100,0.29655758229770157,quadratic_time,24,900|903|904|905|906|907|908|909|910|911|912|913|914|915|916|917|918|919|920|921|922|923|925|926,0.0,-0.003616614779778526
928,27-01-2026 11:35,NIFTY27JAN2625200CE,CE,25200,0.33422471692220057,quadratic_time,24,900|901|902|903|904|905|906|907|908|909|910|911|912|913|914|915|918|920|922|923|924|925|926|927,0.0,-0.010043652212288338
928,27-01-2026 11:35,NIFTY27JAN2624000PE,PE,24000,0.7381946208985255,quadratic_time,23,900|901|902|903|904|905|907|908|910|911|912|913|914|915|916|917|920|921|922|923|924|925|927,0.06285126186467314,0.06285126186467314
928,27-01-2026 11:35,NIFTY27JAN2624900PE,PE,24900,0.33708189185590953,quadratic_time,18,900|902|904|905|906|908|909|910|912|913|915|916|917|919|921|924|925|927,0.00830256739253221,0.00830256739253221
929,27-01-2026 11:40,NIFTY27JAN2626000CE,CE,26000,0.7507089222035006,quadratic_time,27,900|901|902|903|904|905|906|907|909|910|911|912|913|915|916|917|918|919|920|921|922|923|924|925|926|927|928,0.026605334445856128,0.026605334445856128
929,27-01-2026 11:40,NIFTY27JAN2626300CE,CE,26300,0.9404785019571023,quadratic_time,25,900|901|902|903|904|905|908|909|910|911|912|913|915|916|917|918|919|920|922|923|924|925|926|927|928,0.03340769881554752,0.03340769881554752
929,27-01-2026 11:40,NIFTY27JAN2623800PE,PE,23800,0.8715226465041042,quadratic_time,22,900|901|902|903|905|908|909|911|912|913|914|915|916|917|918|919|920|923|924|925|927|928,0.04040689587867942,0.04040689587867942
929,27-01-2026 11:40,NIFTY27JAN2624000PE,PE,24000,0.7342025278451558,quadratic_time,23,900|901|902|903|904|905|907|908|910|911|912|913|914|915|916|917|920|921|922|923|924|925|927,0.06285126186467314,0.06285126186467314
930,27-01-2026 11:45,NIFTY27JAN2626100CE,CE,26100,0.8049061859907738,quadratic_time,26,900|901|902|904|905|906|907|908|910|911|912|913|914|915|916|918|919|920|921|922|923|924|926|927|928|929,0.04265943195922936,0.04265943195922936
930,27-01-2026 11:45,NIFTY27JAN2626400CE,CE,26400,0.9783518979370456,quadratic_time,22,901|902|904|905|906|907|908|911|912|913|915|916|917|919|921|922|923|925|926|927|928|929,0.024013610694259162,0.024013610694259162
930,27-01-2026 11:45,NIFTY27JAN2624300PE,PE,24300,0.5803910716849714,quadratic_time,27,900|901|902|903|904|905|906|907|908|909|910|911|912|913|914|915|917|918|919|920|922|923|925|926|927|928|929,0.07031672321746199,0.07031672321746199
930,27-01-2026 11:45,NIFTY27JAN2624400PE,PE,24400,0.516594330876174,quadratic_time,24,900|902|904|905|906|907|908|909|910|911|912|913|914|915|918|919|921|922|924|925|926|927|928|929,0.06584961680262737,0.06584961680262737
930,27-01-2026 11:45,NIFTY27JAN2624500PE,PE,24500,0.45269955041220555,quadratic_time,27,900|901|902|903|905|907|908|909|910|911|912|914|915|916|917|918|919|920|921|922|923|924|925|926|927|928|929,0.051036568349033334,0.051036568349033334
931,27-01-2026 11:50,NIFTY27JAN2625700CE,CE,25700,0.5365461435924601,quadratic_time,24,900|902|903|905|906|907|909|910|911|912|913|914|915|918|920|921|923|924|925|926|927|928|929|930,0.027369841582823556,0.027369841582823556
931,27-01-2026 11:50,NIFTY27JAN2626000CE,CE,26000,0.7238556965389478,quadratic_time,28,900|901|902|903|904|905|906|907|909|910|911|912|913|915|916|917|918|919|920|921|922|923|924|925|926|927|928|930,0.026605334445856128,0.026605334445856128
931,27-01-2026 11:50,NIFTY27JAN2624700PE,PE,24700,0.3744444297177787,quadratic_time,29,900|901|902|903|904|905|906|907|909|910|911|912|913|914|915|916|917|919|920|921|922|923|924|925|926|927|928|929|930,0.039052280997870024,0.039052280997870024
931,27-01-2026 11:50,NIFTY27JAN2624900PE,PE,24900,0.35413697516453624,quadratic_time,20,900|902|904|905|906|908|909|910|912|913|915|916|917|919|921|924|925|927|929|930,0.00830256739253221,0.00830256739253221
932,27-01-2026 11:55,NIFTY27JAN2625200CE,CE,25200,0.35449478397789846,quadratic_time,27,900|901|902|903|904|905|906|907|908|909|910|911|912|913|914|915|918|920|922|923|924|925|926|927|929|930|931,0.0,-0.010043652212288338
932,27-01-2026 11:55,NIFTY27JAN2625400CE,CE,25400,0.38140393763873703,quadratic_time,24,900|902|904|905|906|907|908|910|911|912|914|916|917|918|922|923|924|925|926|927|928|929|930|931,0.005708063414123387,0.005708063414123387
932,27-01-2026 11:55,NIFTY27JAN2626500CE,CE,26500,0.9651001937823853,quadratic_time,26,903|904|905|906|907|908|910|911|912|913|914|915|916|917|918|919|920|921|922|924|925|927|928|929|930|931,0.05734063137838807,0.05734063137838807
932,27-01-2026 11:55,NIFTY27JAN2623900PE,PE,23900,0.8641635501353431,quadratic_time,26,900|901|903|904|905|906|907|908|909|911|912|914|915|916|917|918|922|923|924|925|926|927|928|929|930|931,0.06365835618452689,0.06365835618452689
932,27-01-2026 11:55,NIFTY27JAN2624000PE,PE,24000,0.8012319338297615,quadratic_time,25,900|901|902|903|904|905|907|908|910|911|912|913|914|915|916|917|920|921|922|923|924|925|927|930|931,0.06285126186467314,0.06285126186467314
932,27-01-2026 11:55,NIFTY27JAN2624400PE,PE,24400,0.5322169235142873,quadratic_time,25,900|902|904|905|906|907|908|909|910|911|912|913|914|915|918|919|921|922|924|925|926|927|928|929|931,0.06584961680262737,0.06584961680262737
932,27-01-2026 11:55,NIFTY27JAN2624500PE,PE,24500,0.46681262644897004,quadratic_time,28,900|901|902|903|905|907|908|909|910|911|912|914|915|916|917|918|919|920|921|922|923|924|925|926|927|928|929|931,0.051036568349033334,0.051036568349033334
932,27-01-2026 11:55,NIFTY27JAN2624800PE,PE,24800,0.3699573472195965,quadratic_time,26,900|901|902|904|905|906|909|910|911|912|914|917|918|919|920|921|922|923|924|925|926|927|928|929|930|931,0.02870276701208082,0.02870276701208082
933,27-01-2026 12:00,NIFTY27JAN2625500CE,CE,25500,0.4244475377653316,quadratic_time,29,900|903|904|905|906|907|908|909|910|911|912|913|914|915|916|917|919|920|921|922|924|925|926|927|928|929|930|931|932,0.009761026506579314,0.009761026506579314
933,27-01-2026 12:00,NIFTY27JAN2626100CE,CE,26100,0.7735780630477365,quadratic_time,28,900|901|902|904|905|906|907|908|910|911|912|913|914|915|916|918|919|920|921|922|923|924|926|927|928|929|931|932,0.04265943195922936,0.04265943195922936
933,27-01-2026 12:00,NIFTY27JAN2626400CE,CE,26400,0.9619319333723126,quadratic_time,24,901|902|904|905|906|907|908|911|912|913|915|916|917|919|921|922|923|925|926|927|928|929|931|932,0.024013610694259162,0.024013610694259162
933,27-01-2026 12:00,NIFTY27JAN2626500CE,CE,26500,0.9706679645353464,quadratic_time,26,903|904|905|906|907|908|910|911|912|913|914|915|916|917|918|919|920|921|922|924|925|927|928|929|930|931,0.05734063137838807,0.05734063137838807
933,27-01-2026 12:00,NIFTY27JAN2624200PE,PE,24200,0.6864179793592342,quadratic_time,27,900|901|902|903|904|905|906|908|909|910|912|913|914|915|916|917|918|919|920|921|924|925|928|929|930|931|932,0.062261117296635,0.062261117296635
933,27-01-2026 12:00,NIFTY27JAN2624300PE,PE,24300,0.603079042193734,quadratic_time,29,900|901|902|903|904|905|906|907|908|909|910|911|912|913|914|915|917|918|919|920|922|923|925|926|927|928|929|931|932,0.07031672321746199,0.07031672321746199
933,27-01-2026 12:00,NIFTY27JAN2624500PE,PE,24500,0.466845281980369,quadratic_time,28,900|901|902|903|905|907|908|909|910|911|912|914|915|916|917|918|919|920|921|922|923|924|925|926|927|928|929|931,0.051036568349033334,0.051036568349033334
933,27-01-2026 12:00,NIFTY27JAN2625100PE,PE,25100,0.29153884327323,quadratic_time,29,900|903|904|905|906|907|908|909|910|911|912|913|914|915|916|917|918|919|920|921|922|923|925|926|928|929|930|931|932,0.0,-0.003616614779778526
934,27-01-2026 12:05,NIFTY27JAN2625900CE,CE,25900,0.6321886559905812,quadratic_time,31,900|901|903|904|905|906|907|908|909|910|911|912|913|914|916|917|918|919|920|921|922|923|924|925|926|928|929|930|931|932|933,0.03992440684818397,0.03992440684818397
934,27-01-2026 12:05,NIFTY27JAN2626500CE,CE,26500,0.9762292748863324,quadratic_time,26,903|904|905|906|907|908|910|911|912|913|914|915|916|917|918|919|920|921|922|924|925|927|928|929|930|931,0.05734063137838807,0.05734063137838807
934,27-01-2026 12:05,NIFTY27JAN2624500PE,PE,24500,0.4668025460566909,quadratic_time,28,900|901|902|903|905|907|908|909|910|911|912|914|915|916|917|918|919|920|921|922|923|924|925|926|927|928|929|931,0.051036568349033334,0.051036568349033334
934,27-01-2026 12:05,NIFTY27JAN2624700PE,PE,24700,0.3877024537649909,quadratic_time,31,900|901|902|903|904|905|906|907|909|910|911|912|913|914|915|916|917|919|920|921|922|923|924|925|926|927|928|929|930|932|933,0.039052280997870024,0.039052280997870024
934,27-01-2026 12:05,NIFTY27JAN2625100PE,PE,25100,0.29072303678390554,quadratic_time,29,900|903|904|905|906|907|908|909|910|911|912|913|914|915|916|917|918|919|920|921|922|923|925|926|928|929|930|931|932,0.0,-0.003616614779778526
935,27-01-2026 12:10,NIFTY27JAN2625700CE,CE,25700,0.5185588653373898,quadratic_time,27,900|902|903|905|906|907|909|910|911|912|913|914|915|918|920|921|923|924|925|926|927|928|929|930|932|933|934,0.027369841582823556,0.027369841582823556
935,27-01-2026 12:10,NIFTY27JAN2626400CE,CE,26400,0.955917621344156,quadratic_time,25,901|902|904|905|906|907|908|911|912|913|915|916|917|919|921|922|923|925|926|927|928|929|931|932|934,0.024013610694259162,0.024013610694259162
935,27-01-2026 12:10,NIFTY27JAN2624400PE,PE,24400,0.5664537020155649,quadratic_time,27,900|902|904|905|906|907|908|909|910|911|912|913|914|915|918|919|921|922|924|925|926|927|928|929|931|933|934,0.06584961680262737,0.06584961680262737
936,27-01-2026 12:15,NIFTY27JAN2626000CE,CE,26000,0.6868249434166748,quadratic_time,32,900|901|902|903|904|905|906|907|909|910|911|912|913|915|916|917|918|919|920|921|922|923|924|925|926|927|928|930|932|933|934|935,0.026605334445856128,0.026605334445856128
936,27-01-2026 12:15,NIFTY27JAN2626200CE,CE,26200,0.8160121738395141,quadratic_time,28,901|902|903|905|907|909|910|911|912|913|914|916|919|920|921|922|923|924|925|926|928|929|930|931|932|933|934|935,0.060303874445281215,0.060303874445281215
936,27-01-2026 12:15,NIFTY27JAN2624500PE,PE,24500,0.5031440151785134,quadratic_time,29,900|901|902|903|905|907|908|909|910|911|912|914|915|916|917|918|919|920|921|922|923|924|925|926|927|928|929|931|935,0.051036568349033334,0.051036568349033334
936,27-01-2026 12:15,NIFTY27JAN2624600PE,PE,24600,0.4707521784086879,quadratic_time,32,900|901|903|904|905|906|907|908|909|910|911|912|915|916|917|918|920|921|922|923|924|925|926|927|928|929|930|931|932|933|934|935,0.04699268242093666,0.04699268242093666
937,27-01-2026 12:20,NIFTY27JAN2625300CE,CE,25300,0.37177779838751235,quadratic_time,29,900|901|902|903|904|905|906|907|908|910|912|913|914|915|917|918|919|924|926|927|928|929|930|931|932|933|934|935|936,0.0,-0.0005313952454468567
937,27-01-2026 12:20,NIFTY27JAN2625600CE,CE,25600,0.44451799809327586,quadratic_time,28,900|902|904|905|907|908|910|912|913|914|916|917|918|919|921|922|923|924|925|928|929|930|931|932|933|934|935|936,0.022355822206270307,0.022355822206270307
937,27-01-2026 12:20,NIFTY27JAN2624000PE,PE,24000,0.8505512502997821,quadratic_time,29,900|901|902|903|904|905|907|908|910|911|912|913|914|915|916|917|920|921|922|923|924|925|927|930|931|933|934|935|936,0.06285126186467314,0.06285126186467314
937,27-01-2026 12:20,NIFTY27JAN2624200PE,PE,24200,0.7327567899005594,quadratic_time,30,900|901|902|903|904|905|906|908|909|910|912|913|914|915|916|917|918|919|920|921|924|925|928|929|930|931|932|934|935|936,0.062261117296635,0.062261117296635
937,27-01-2026 12:20,NIFTY27JAN2625000PE,PE,25000,0.3590968728322679,quadratic_time,31,900|901|902|903|904|905|907|909|910|911|912|914|915|916|917|918|921|922|923|925|926|927|928|929|930|931|932|933|934|935|936,0.009231752334832633,0.009231752334832633
938,27-01-2026 12:25,NIFTY27JAN2625400CE,CE,25400,0.375951864341701,quadratic_time,29,900|902|904|905|906|907|908|910|911|912|914|916|917|918|922|923|924|925|926|927|928|929|930|931|933|934|935|936|937,0.005708063414123387,0.005708063414123387
938,27-01-2026 12:25,NIFTY27JAN2625900CE,CE,25900,0.62899245595964,quadratic_time,34,900|901|903|904|905|906|907|908|909|910|911|912|913|914|916|917|918|919|920|921|922|923|924|925|926|928|929|930|931|932|933|935|936|937,0.03992440684818397,0.03992440684818397
938,27-01-2026 12:25,NIFTY27JAN2624100PE,PE,24100,0.813188626943699,quadratic_time,34,900|901|902|903|904|905|906|907|909|911|912|913|914|916|917|918|919|920|921|923|924|925|926|927|928|929|930|931|932|933|934|935|936|937,0.08084483455474159,0.08084483455474159
938,27-01-2026 12:25,NIFTY27JAN2624700PE,PE,24700,0.42741387830278654,quadratic_time,34,900|901|902|903|904|905|906|907|909|910|911|912|913|914|915|916|917|919|920|921|922|923|924|925|926|927|928|929|930|932|933|935|936|937,0.039052280997870024,0.039052280997870024
939,27-01-2026 12:30,NIFTY27JAN2625300CE,CE,25300,0.3592366814365988,quadratic_time,30,900|901|902|903|904|905|906|907|908|910|912|913|914|915|917|918|919|924|926|927|928|929|930|931|932|933|934|935|936|938,0.0,-0.0005313952454468567
940,27-01-2026 12:35,NIFTY27JAN2625800CE,CE,25800,0.5777477903252501,quadratic_time,35,900|901|902|904|905|906|907|908|910|911|914|915|916|917|918|919|920|921|922|924|925|926|927|928|929|930|931|932|933|934|935|936|937|938|939,0.035234495634340564,0.035234495634340564
940,27-01-2026 12:35,NIFTY27JAN2626100CE,CE,26100,0.7508334120074451,quadratic_time,34,900|901|902|904|905|906|907|908|910|911|912|913|914|915|916|918|919|920|921|922|923|924|926|927|928|929|931|932|934|935|936|937|938|939,0.04265943195922936,0.04265943195922936
940,27-01-2026 12:35,NIFTY27JAN2624100PE,PE,24100,0.8334478792315139,quadratic_time,35,900|901|902|903|904|905|906|907|909|911|912|913|914|916|917|918|919|920|921|923|924|925|926|927|928|929|930|931|932|933|934|935|936|937|939,0.08084483455474159,0.08084483455474159
940,27-01-2026 12:35,NIFTY27JAN2624400PE,PE,24400,0.632534326218547,quadratic_time,31,900|902|904|905|906|907|908|909|910|911|912|913|914|915|918|919|921|922|924|925|926|927|928|929|931|933|934|936|937|938|939,0.06584961680262737,0.06584961680262737
940,27-01-2026 12:35,NIFTY27JAN2624900PE,PE,24900,0.38166058824529614,quadratic_time,28,900|902|904|905|906|908|909|910|912|913|915|916|917|919|921|924|925|927|929|930|932|933|934|935|936|937|938|939,0.00830256739253221,0.00830256739253221
940,27-01-2026 12:35,NIFTY27JAN2625100PE,PE,25100,0.31722584914740537,quadratic_time,34,900|903|904|905|906|907|908|909|910|911|912|913|914|915|916|917|918|919|920|921|922|923|925|926|928|929|930|931|932|935|936|937|938|939,0.0,-0.003616614779778526
941,27-01-2026 12:40,NIFTY27JAN2625200CE,CE,25200,0.34903900149572564,quadratic_time,35,900|901|902|903|904|905|906|907|908|909|910|911|912|913|914|915|918|920|922|923|924|925|926|927|929|930|931|933|934|935|936|937|938|939|940,0.0,-0.010043652212288338
941,27-01-2026 12:40,NIFTY27JAN2625900CE,CE,25900,0.6512137351047393,quadratic_time,36,900|901|903|904|905|906|907|908|909|910|911|912|913|914|916|917|918|919|920|921|922|923|924|925|926|928|929|930|931|932|933|935|936|937|939|940,0.03992440684818397,0.03992440684818397
941,27-01-2026 12:40,NIFTY27JAN2626000CE,CE,26000,0.7083930703955943,quadratic_time,36,900|901|902|903|904|905|906|907|909|910|911|912|913|915|916|917|918|919|920|921|922|923|924|925|926|927|928|930|932|933|934|935|937|938|939|940,0.026605334445856128,0.026605334445856128
941,27-01-2026 12:40,NIFTY27JAN2626300CE,CE,26300,0.8929862137023967,quadratic_time,36,900|901|902|903|904|905|908|909|910|911|912|913|915|916|917|918|919|920|922|923|924|925|926|927|928|930|931|932|933|934|935|936|937|938|939|940,0.03340769881554752,0.03340769881554752
941,27-01-2026 12:40,NIFTY27JAN2624200PE,PE,24200,0.7759652464881839,quadratic_time,33,900|901|902|903|904|905|906|908|909|910|912|913|914|915|916|917|918|919|920|921|924|925|928|929|930|931|932|934|935|936|938|939|940,0.062261117296635,0.062261117296635
941,27-01-2026 12:40,NIFTY27JAN2624700PE,PE,24700,0.449364339931293,quadratic_time,36,900|901|902|903|904|905|906|907|909|910|911|912|913|914|915|916|917|919|920|921|922|923|924|925|926|927|928|929|930|932|933|935|936|937|939|940,0.039052280997870024,0.039052280997870024
941,27-01-2026 12:40,NIFTY27JAN2624800PE,PE,24800,0.4255474949355289,quadratic_time,34,900|901|902|904|905|906|909|910|911|912|914|917|918|919|920|921|922|923|924|925|926|927|928|929|930|931|933|934|935|936|937|938|939|940,0.02870276701208082,0.02870276701208082
941,27-01-2026 12:40,NIFTY27JAN2624900PE,PE,24900,0.3859034736464082,quadratic_time,28,900|902|904|905|906|908|909|910|912|913|915|916|917|919|921|924|925|927|929|930|932|933|934|935|936|937|938|939,0.00830256739253221,0.00830256739253221
941,27-01-2026 12:40,NIFTY27JAN2625100PE,PE,25100,0.3189458388991113,quadratic_time,34,900|903|904|905|906|907|908|909|910|911|912|913|914|915|916|917|918|919|920|921|922|923|925|926|928|929|930|931|932|935|936|937|938|939,0.0,-0.003616614779778526
942,27-01-2026 12:45,NIFTY27JAN2625200CE,CE,25200,0.3500163586524607,quadratic_time,35,900|901|902|903|904|905|906|907|908|909|910|911|912|913|914|915|918|920|922|923|924|925|926|927|929|930|931|933|934|935|936|937|938|939|940,0.0,-0.010043652212288338
942,27-01-2026 12:45,NIFTY27JAN2625700CE,CE,25700,0.5359072767182482,quadratic_time,33,900|902|903|905|906|907|909|910|911|912|913|914|915|918|920|921|923|924|925|926|927|928|929|930|932|933|934|936|937|938|939|940|941,0.027369841582823556,0.027369841582823556
942,27-01-2026 12:45,NIFTY27JAN2625900CE,CE,25900,0.6543828994732364,quadratic_time,36,900|901|903|904|905|906|907|908|909|910|911|912|913|914|916|917|918|919|920|921|922|923|924|925|926|928|929|930|931|932|933|935|936|937|939|940,0.03992440684818397,0.03992440684818397
942,27-01-2026 12:45,NIFTY27JAN2626200CE,CE,26200,0.858508550238902,quadratic_time,33,901|902|903|905|907|909|910|911|912|913|914|916|919|920|921|922|923|924|925|926|928|929|930|931|932|933|934|935|937|938|939|940|941,0.060303874445281215,0.060303874445281215
943,27-01-2026 12:50,NIFTY27JAN2625900CE,CE,25900,0.6575621198826247,quadratic_time,36,900|901|903|904|905|906|907|908|909|910|911|912|913|914|916|917|918|919|920|921|922|923|924|925|926|928|929|930|931|932|933|935|936|937|939|940,0.03992440684818397,0.03992440684818397
943,27-01-2026 12:50,NIFTY27JAN2626200CE,CE,26200,0.8648575267844691,quadratic_time,33,901|902|903|905|907|909|910|911|912|913|914|916|919|920|921|922|923|924|925|926|928|929|930|931|932|933|934|935|937|938|939|940|941,0.060303874445281215,0.060303874445281215
943,27-01-2026 12:50,NIFTY27JAN2626500CE,CE,26500,1.0433222046802157,quadratic_time,34,903|904|905|906|907|908|910|911|912|913|914|915|916|917|918|919|920|921|922|924|925|927|928|929|930|931|935|936|937|938|939|940|941|942,0.05734063137838807,0.05734063137838807
943,27-01-2026 12:50,NIFTY27JAN2624600PE,PE,24600,0.5266703183010009,quadratic_time,38,900|901|903|904|905|906|907|908|909|910|911|912|915|916|917|918|920|921|922|923|924|925|926|927|928|929|930|931|932|933|934|935|937|938|939|940|941|942,0.04699268242093666,0.04699268242093666
943,27-01-2026 12:50,NIFTY27JAN2625000PE,PE,25000,0.38319563448911254,quadratic_time,36,900|901|902|903|904|905|907|909|910|911|912|914|915|916|917|918|921|922|923|925|926|927|928|929|930|931|932|933|934|935|936|938|939|940|941|942,0.009231752334832633,0.009231752334832633
943,27-01-2026 12:50,NIFTY27JAN2625100PE,PE,25100,0.3419306185216584,quadratic_time,35,900|903|904|905|906|907|908|909|910|911|912|913|914|915|916|917|918|919|920|921|922|923|925|926|928|929|930|931|932|935|936|937|938|939|942,0.0,-0.003616614779778526
944,27-01-2026 12:55,NIFTY27JAN2625500CE,CE,25500,0.4338801263081038,quadratic_time,39,900|903|904|905|906|907|908|909|910|911|912|913|914|915|916|917|919|920|921|922|924|925|926|927|928|929|930|931|932|934|935|936|937|938|939|940|941|942|943,0.009761026506579314,0.009761026506579314
944,27-01-2026 12:55,NIFTY27JAN2625600CE,CE,25600,0.488900323732949,quadratic_time,34,900|902|904|905|907|908|910|912|913|914|916|917|918|919|921|922|923|924|925|928|929|930|931|932|933|934|935|936|938|939|940|941|942|943,0.022355822206270307,0.022355822206270307
944,27-01-2026 12:55,NIFTY27JAN2625800CE,CE,25800,0.6227924601888191,quadratic_time,38,900|901|902|904|905|906|907|908|910|911|914|915|916|917|918|919|920|921|922|924|925|926|927|928|929|930|931|932|933|934|935|936|937|938|939|941|942|943,0.035234495634340564,0.035234495634340564
944,27-01-2026 12:55,NIFTY27JAN2626200CE,CE,26200,0.8713405246955546,quadratic_time,33,901|902|903|905|907|909|910|911|912|913|914|916|919|920|921|922|923|924|925|926|928|929|930|931|932|933|934|935|937|938|939|940|941,0.060303874445281215,0.060303874445281215
944,27-01-2026 12:55,NIFTY27JAN2623900PE,PE,23900,0.9974802831027318,quadratic_time,37,900|901|903|904|905|906|907|908|909|911|912|914|915|916|917|918|922|923|924|925|926|927|928|929|930|931|933|934|935|936|937|938|939|940|941|942|943,0.06365835618452689,0.06365835618452689
944,27-01-2026 12:55,NIFTY27JAN2624000PE,PE,24000,0.9253234973951621,quadratic_time,35,900|901|902|903|904|905|907|908|910|911|912|913|914|915|916|917|920|921|922|923|924|925|927|930|931|933|934|935|936|938|939|940|941|942|943,0.06285126186467314,0.06285126186467314
945,27-01-2026 13:00,NIFTY27JAN2625400CE,CE,25400,0.39631589129866995,quadratic_time,35,900|902|904|905|906|907|908|910|911|912|914|916|917|918|922|923|924|925|926|927|928|929|930|931|933|934|935|936|937|939|940|941|942|943|944,0.005708063414123387,0.005708063414123387
945,27-01-2026 13:00,NIFTY27JAN2626000CE,CE,26000,0.7601576343695129,quadratic_time,39,900|901|902|903|904|905|906|907|909|910|911|912|913|915|916|917|918|919|920|921|922|923|924|925|926|927|928|930|932|933|934|935|937|938|939|940|942|943|944,0.026605334445856128,0.026605334445856128
945,27-01-2026 13:00,NIFTY27JAN2624100PE,PE,24100,0.8815478998152457,quadratic_time,39,900|901|902|903|904|905|906|907|909|911|912|913|914|916|917|918|919|920|921|923|924|925|926|927|928|929|930|931|932|933|934|935|936|937|939|941|942|943|944,0.08084483455474159,0.08084483455474159
945,27-01-2026 13:00,NIFTY27JAN2624500PE,PE,24500,0.5898159152625482,quadratic_time,37,900|901|902|903|905|907|908|909|910|911|912|914|915|916|917|918|919|920|921|922|923|924|925|926|927|928|929|931|935|937|938|939|940|941|942|943|944,0.051036568349033334,0.051036568349033334
946,27-01-2026 13:05,NIFTY27JAN2623900PE,PE,23900,1.0252842721617696,quadratic_time,38,900|901|903|904|905|906|907|908|909|911|912|914|915|916|917|918|922|923|924|925|926|927|928|929|930|931|933|934|935|936|937|938|939|940|941|942|943|945,0.06365835618452689,0.06365835618452689
946,27-01-2026 13:05,NIFTY27JAN2624500PE,PE,24500,0.5975968807801735,quadratic_time,37,900|901|902|903|905|907|908|909|910|911|912|914|915|916|917|918|919|920|921|922|923|924|925|926|927|928|929|931|935|937|938|939|940|941|942|943|944,0.051036568349033334,0.051036568349033334
946,27-01-2026 13:05,NIFTY27JAN2624800PE,PE,24800,0.42855208498404807,quadratic_time,38,900|901|902|904|905|906|909|910|911|912|914|917|918|919|920|921|922|923|924|925|926|927|928|929|930|931|933|934|935|936|937|938|939|940|942|943|944|945,0.02870276701208082,0.02870276701208082
947,27-01-2026 13:10,NIFTY27JAN2624200PE,PE,24200,0.8203396219871593,quadratic_time,38,900|901|902|903|904|905|906|908|909|910|912|913|914|915|916|917|918|919|920|921|924|925|928|929|930|931|932|934|935|936|938|939|940|942|943|944|945|946,0.062261117296635,0.062261117296635
947,27-01-2026 13:10,NIFTY27JAN2624500PE,PE,24500,0.6055702326657268,quadratic_time,37,900|901|902|903|905|907|908|909|910|911|912|914|915|916|917|918|919|920|921|922|923|924|925|926|927|928|929|931|935|937|938|939|940|941|942|943|944,0.051036568349033334,0.051036568349033334
947,27-01-2026 13:10,NIFTY27JAN2624600PE,PE,24600,0.5410884332439423,quadratic_time,41,900|901|903|904|905|906|907|908|909|910|911|912|915|916|917|918|920|921|922|923|924|925|926|927|928|929|930|931|932|933|934|935|937|938|939|940|941|942|944|945|946,0.04699268242093666,0.04699268242093666
947,27-01-2026 13:10,NIFTY27JAN2624700PE,PE,24700,0.4638654906916315,quadratic_time,41,900|901|902|903|904|905|906|907|909|910|911|912|913|914|915|916|917|919|920|921|922|923|924|925|926|927|928|929|930|932|933|935|936|937|939|940|942|943|944|945|946,0.039052280997870024,0.039052280997870024
948,27-01-2026 13:15,NIFTY27JAN2625200CE,CE,25200,0.36756376953723446,quadratic_time,40,900|901|902|903|904|905|906|907|908|909|910|911|912|913|914|915|918|920|922|923|924|925|926|927|929|930|931|933|934|935|936|937|938|939|940|943|944|945|946|947,0.0,-0.010043652212288338
948,27-01-2026 13:15,NIFTY27JAN2626300CE,CE,26300,1.013096917769559,quadratic_time,42,900|901|902|903|904|905|908|909|910|911|912|913|915|916|917|918|919|920|922|923|924|925|926|927|928|930|931|932|933|934|935|936|937|938|939|940|942|943|944|945|946|947,0.03340769881554752,0.03340769881554752
948,27-01-2026 13:15,NIFTY27JAN2624400PE,PE,24400,0.6898336307222621,quadratic_time,38,900|902|904|905|906|907|908|909|910|911|912|913|914|915|918|919|921|922|924|925|926|927|928|929|931|933|934|936|937|938|939|941|942|943|944|945|946|947,0.06584961680262737,0.06584961680262737
948,27-01-2026 13:15,NIFTY27JAN2625000PE,PE,25000,0.3610067568898927,quadratic_time,40,900|901|902|903|904|905|907|909|910|911|912|914|915|916|917|918|921|922|923|925|926|927|928|929|930|931|932|933|934|935|936|938|939|940|941|942|944|945|946|947,0.009231752334832633,0.009231752334832633
949,27-01-2026 13:20,NIFTY27JAN2625700CE,CE,25700,0.6188171827624274,quadratic_time,39,900|902|903|905|906|907|909|910|911|912|913|914|915|918|920|921|923|924|925|926|927|928|929|930|932|933|934|936|937|938|939|940|941|943|944|945|946|947|948,0.027369841582823556,0.027369841582823556
949,27-01-2026 13:20,NIFTY27JAN2625900CE,CE,25900,0.7495683827353616,quadratic_time,41,900|901|903|904|905|906|907|908|909|910|911|912|913|914|916|917|918|919|920|921|922|923|924|925|926|928|929|930|931|932|933|935|936|937|939|940|944|945|946|947|948,0.03992440684818397,0.03992440684818397
949,27-01-2026 13:20,NIFTY27JAN2624000PE,PE,24000,0.9845754015927355,quadratic_time,39,900|901|902|903|904|905|907|908|910|911|912|913|914|915|916|917|920|921|922|923|924|925|927|930|931|933|934|935|936|938|939|940|941|942|943|945|946|947|948,0.06285126186467314,0.06285126186467314
949,27-01-2026 13:20,NIFTY27JAN2624200PE,PE,24200,0.8386338358272951,quadratic_time,39,900|901|902|903|904|905|906|908|909|910|912|913|914|915|916|917|918|919|920|921|924|925|928|929|930|931|932|934|935|936|938|939|940|942|943|944|945|946|948,0.062261117296635,0.062261117296635
949,27-01-2026 13:20,NIFTY27JAN2624600PE,PE,24600,0.5535073533141173,quadratic_time,42,900|901|903|904|905|906|907|908|909|910|911|912|915|916|917|918|920|921|922|923|924|925|926|927|928|929|930|931|932|933|934|935|937|938|939|940|941|942|944|945|946|948,0.04699268242093666,0.04699268242093666
949,27-01-2026 13:20,NIFTY27JAN2624900PE,PE,24900,0.3740480780738338,quadratic_time,35,900|902|904|905|906|908|909|910|912|913|915|916|917|919|921|924|925|927|929|930|932|933|934|935|936|937|938|939|942|943|944|945|946|947|948,0.00830256739253221,0.00830256739253221
950,27-01-2026 13:25,NIFTY27JAN2625700CE,CE,25700,0.6271178250554925,quadratic_time,39,900|902|903|905|906|907|909|910|911|912|913|914|915|918|920|921|923|924|925|926|927|928|929|930|932|933|934|936|937|938|939|940|941|943|944|945|946|947|948,0.027369841582823556,0.027369841582823556
950,27-01-2026 13:25,NIFTY27JAN2623800PE,PE,23800,1.1710430873454953,quadratic_time,42,900|901|902|903|905|908|909|911|912|913|914|915|916|917|918|919|920|923|924|925|927|928|930|931|932|933|934|935|936|937|938|939|940|941|942|943|944|945|946|947|948|949,0.04040689587867942,0.04040689587867942
950,27-01-2026 13:25,NIFTY27JAN2625100PE,PE,25100,0.27963962052536573,quadratic_time,41,900|903|904|905|906|907|908|909|910|911|912|913|914|915|916|917|918|919|920|921|922|923|925|926|928|929|930|931|932|935|936|937|938|939|942|944|945|946|947|948|949,0.0,-0.003616614779778526
951,27-01-2026 13:30,NIFTY27JAN2625400CE,CE,25400,0.45053715128179306,quadratic_time,40,900|902|904|905|906|907|908|910|911|912|914|916|917|918|922|923|924|925|926|927|928|929|930|931|933|934|935|936|937|939|940|941|942|943|944|946|947|948|949|950,0.005708063414123387,0.005708063414123387
951,27-01-2026 13:30,NIFTY27JAN2626300CE,CE,26300,1.0638092670550492,quadratic_time,44,900|901|902|903|904|905|908|909|910|911|912|913|915|916|917|918|919|920|922|923|924|925|926|927|928|930|931|932|933|934|935|936|937|938|939|940|942|943|944|945|946|947|949|950,0.03340769881554752,0.03340769881554752
951,27-01-2026 13:30,NIFTY27JAN2624100PE,PE,24100,0.9631928695238088,quadratic_time,44,900|901|902|903|904|905|906|907|909|911|912|913|914|916|917|918|919|920|921|923|924|925|926|927|928|929|930|931|932|933|934|935|936|937|939|941|942|943|944|946|947|948|949|950,0.08084483455474159,0.08084483455474159
951,27-01-2026 13:30,NIFTY27JAN2624300PE,PE,24300,0.8018804502583237,quadratic_time,46,900|901|902|903|904|905|906|907|908|909|910|911|912|913|914|915|917|918|919|920|922|923|925|926|927|928|929|931|932|934|935|936|937|938|939|940|941|942|943|944|945|946|947|948|949|950,0.07031672321746199,0.07031672321746199
951,27-01-2026 13:30,NIFTY27JAN2625100PE,PE,25100,0.27765941703770025,quadratic_time,41,900|903|904|905|906|907|908|909|910|911|912|913|914|915|916|917|918|919|920|921|922|923|925|926|928|929|930|931|932|935|936|937|938|939|942|944|945|946|947|948|949,0.0,-0.003616614779778526
952,27-01-2026 13:35,NIFTY27JAN2625300CE,CE,25300,0.4210901931599125,quadratic_time,42,900|901|902|903|904|905|906|907|908|910|912|913|914|915|917|918|919|924|926|927|928|929|930|931|932|933|934|935|936|938|940|941|942|943|944|945|946|947|948|949|950|951,0.0,-0.0005313952454468567
952,27-01-2026 13:35,NIFTY27JAN2625600CE,CE,25600,0.5660915648371656,quadratic_time,41,900|902|904|905|907|908|910|912|913|914|916|917|918|919|921|922|923|924|925|928|929|930|931|932|933|934|935|936|938|939|940|941|942|943|945|946|947|948|949|950|951,0.022355822206270307,0.022355822206270307
952,27-01-2026 13:35,NIFTY27JAN2626000CE,CE,26000,0.8697958132047887,quadratic_time,45,900|901|902|903|904|905|906|907|909|910|911|912|913|915|916|917|918|919|920|921|922|923|924|925|926|927|928|930|932|933|934|935|937|938|939|940|942|943|944|946|947|948|949|950|951,0.026605334445856128,0.026605334445856128
952,27-01-2026 13:35,NIFTY27JAN2626200CE,CE,26200,1.0269008384808274,quadratic_time,40,901|902|903|905|907|909|910|911|912|913|914|916|919|920|921|922|923|924|925|926|928|929|930|931|932|933|934|935|937|938|939|940|941|945|946|947|948|949|950|951,0.060303874445281215,0.060303874445281215
952,27-01-2026 13:35,NIFTY27JAN2626300CE,CE,26300,1.0773297301863494,quadratic_time,44,900|901|902|903|904|905|908|909|910|911|912|913|915|916|917|918|919|920|922|923|924|925|926|927|928|930|931|932|933|934|935|936|937|938|939|940|942|943|944|945|946|947|949|950,0.03340769881554752,0.03340769881554752
952,27-01-2026 13:35,NIFTY27JAN2626400CE,CE,26400,1.1759636963164724,quadratic_time,41,901|902|904|905|906|907|908|911|912|913|915|916|917|919|921|922|923|925|926|927|928|929|931|932|934|936|937|938|939|940|941|942|943|944|945|946|947|948|949|950|951,0.024013610694259162,0.024013610694259162
952,27-01-2026 13:35,NIFTY27JAN2623900PE,PE,23900,1.1270185581651475,quadratic_time,43,900|901|903|904|905|906|907|908|909|911|912|914|915|916|917|918|922|923|924|925|926|927|928|929|930|931|933|934|935|936|937|938|939|940|941|942|943|945|947|948|949|950|951,0.06365835618452689,0.06365835618452689
952,27-01-2026 13:35,NIFTY27JAN2624300PE,PE,24300,0.812252331315193,quadratic_time,46,900|901|902|903|904|905|906|907|908|909|910|911|912|913|914|915|917|918|919|920|922|923|925|926|927|928|929|931|932|934|935|936|937|938|939|940|941|942|943|944|945|946|947|948|949|950,0.07031672321746199,0.07031672321746199
952,27-01-2026 13:35,NIFTY27JAN2624400PE,PE,24400,0.7425295551529842,quadratic_time,41,900|902|904|905|906|907|908|909|910|911|912|913|914|915|918|919|921|922|924|925|926|927|928|929|931|933|934|936|937|938|939|941|942|943|944|945|946|947|949|950|951,0.06584961680262737,0.06584961680262737
952,27-01-2026 13:35,NIFTY27JAN2624600PE,PE,24600,0.5831455146221742,quadratic_time,44,900|901|903|904|905|906|907|908|909|910|911|912|915|916|917|918|920|921|922|923|924|925|926|927|928|929|930|931|932|933|934|935|937|938|939|940|941|942|944|945|946|948|950|951,0.04699268242093666,0.04699268242093666
952,27-01-2026 13:35,NIFTY27JAN2624800PE,PE,24800,0.438350977321214,quadratic_time,43,900|901|902|904|905|906|909|910|911|912|914|917|918|919|920|921|922|923|924|925|926|927|928|929|930|931|933|934|935|936|937|938|939|940|942|943|944|945|947|948|949|950|951,0.02870276701208082,0.02870276701208082
953,27-01-2026 13:40,NIFTY27JAN2625500CE,CE,25500,0.5063909688160635,quadratic_time,47,900|903|904|905|906|907|908|909|910|911|912|913|914|915|916|917|919|920|921|922|924|925|926|927|928|929|930|931|932|934|935|936|937|938|939|940|941|942|943|945|946|947|948|949|950|951|952,0.009761026506579314,0.009761026506579314
953,27-01-2026 13:40,NIFTY27JAN2626300CE,CE,26300,1.091147312545715,quadratic_time,44,900|901|902|903|904|905|908|909|910|911|912|913|915|916|917|918|919|920|922|923|924|925|926|927|928|930|931|932|933|934|935|936|937|938|939|940|942|943|944|945|946|947|949|950,0.03340769881554752,0.03340769881554752
954,27-01-2026 13:45,NIFTY27JAN2625300CE,CE,25300,0.4333403699971541,quadratic_time,43,900|901|902|903|904|905|906|907|908|910|912|913|914|915|917|918|919|924|926|927|928|929|930|931|932|933|934|935|936|938|940|941|942|943|944|945|946|947|948|949|950|951|953,0.0,-0.0005313952454468567
954,27-01-2026 13:45,NIFTY27JAN2625600CE,CE,25600,0.6001933734208649,quadratic_time,42,900|902|904|905|907|908|910|912|913|914|916|917|918|919|921|922|923|924|925|928|929|930|931|932|933|934|935|936|938|939|940|941|942|943|945|946|947|948|949|950|951|953,0.022355822206270307,0.022355822206270307
954,27-01-2026 13:45,NIFTY27JAN2625700CE,CE,25700,0.6853233173918909,quadratic_time,42,900|902|903|905|906|907|909|910|911|912|913|914|915|918|920|921|923|924|925|926|927|928|929|930|932|933|934|936|937|938|939|940|941|943|944|945|946|947|948|951|952|953,0.027369841582823556,0.027369841582823556
954,27-01-2026 13:45,NIFTY27JAN2625800CE,CE,25800,0.7627972827866358,quadratic_time,47,900|901|902|904|905|906|907|908|910|911|914|915|916|917|918|919|920|921|922|924|925|926|927|928|929|930|931|932|933|934|935|936|937|938|939|941|942|943|945|946|947|948|949|950|951|952|953,0.035234495634340564,0.035234495634340564
954,27-01-2026 13:45,NIFTY27JAN2625900CE,CE,25900,0.8334272208127658,quadratic_time,45,900|901|903|904|905|906|907|908|909|910|911|912|913|914|916|917|918|919|920|921|922|923|924|925|926|928|929|930|931|932|933|935|936|937|939|940|944|945|946|947|948|950|951|952|953,0.03992440684818397,0.03992440684818397
954,27-01-2026 13:45,NIFTY27JAN2626000CE,CE,26000,0.912093627828952,quadratic_time,46,900|901|902|903|904|905|906|907|909|910|911|912|913|915|916|917|918|919|920|921|922|923|924|925|926|927|928|930|932|933|934|935|937|938|939|940|942|943|944|946|947|948|949|950|951|953,0.026605334445856128,0.026605334445856128
954,27-01-2026 13:45,NIFTY27JAN2626300CE,CE,26300,1.1052620141331317,quadratic_time,44,900|901|902|903|904|905|908|909|910|911|912|913|915|916|917|918|919|920|922|923|924|925|926|927|928|930|931|932|933|934|935|936|937|938|939|940|942|943|944|945|946|947|949|950,0.03340769881554752,0.03340769881554752
954,27-01-2026 13:45,NIFTY27JAN2626400CE,CE,26400,1.2242949128260818,quadratic_time,42,901|902|904|905|906|907|908|911|912|913|915|916|917|919|921|922|923|925|926|927|928|929|931|932|934|936|937|938|939|940|941|942|943|944|945|946|947|948|949|950|951|953,0.024013610694259162,0.024013610694259162
954,27-01-2026 13:45,NIFTY27JAN2623800PE,PE,23800,1.2359100184390854,quadratic_time,45,900|901|902|903|905|908|909|911|912|913|914|915|916|917|918|919|920|923|924|925|927|928|930|931|932|933|934|935|936|937|938|939|940|941|942|943|944|945|946|947|948|949|951|952|953,0.04040689587867942,0.04040689587867942
954,27-01-2026 13:45,NIFTY27JAN2623900PE,PE,23900,1.1560166543003874,quadratic_time,44,900|901|903|904|905|906|907|908|909|911|912|914|915|916|917|918|922|923|924|925|926|927|928|929|930|931|933|934|935|936|937|938|939|940|941|942|943|945|947|948|949|950|951|953,0.06365835618452689,0.06365835618452689
954,27-01-2026 13:45,NIFTY27JAN2624100PE,PE,24100,1.007943552533746,quadratic_time,46,900|901|902|903|904|905|906|907|909|911|912|913|914|916|917|918|919|920|921|923|924|925|926|927|928|929|930|931|932|933|934|935|936|937|939|941|942|943|944|946|947|948|949|950|952|953,0.08084483455474159,0.08084483455474159
954,27-01-2026 13:45,NIFTY27JAN2624700PE,PE,24700,0.5162814586688711,quadratic_time,47,900|901|902|903|904|905|906|907|909|910|911|912|913|914|915|916|917|919|920|921|922|923|924|925|926|927|928|929|930|932|933|935|936|937|939|940|942|943|944|945|946|948|949|950|951|952|953,0.039052280997870024,0.039052280997870024
955,27-01-2026 13:50,NIFTY27JAN2626200CE,CE,26200,1.105982440483558,quadratic_time,42,901|902|903|905|907|909|910|911|912|913|914|916|919|920|921|922|923|924|925|926|928|929|930|931|932|933|934|935|937|938|939|940|941|945|946|947|948|949|950|951|953|954,0.060303874445281215,0.060303874445281215
955,27-01-2026 13:50,NIFTY27JAN2623900PE,PE,23900,1.1715638610686625,quadratic_time,44,900|901|903|904|905|906|907|908|909|911|912|914|915|916|917|918|922|923|924|925|926|927|928|929|930|931|933|934|935|936|937|938|939|940|941|942|943|945|947|948|949|950|951|953,0.06365835618452689,0.06365835618452689
955,27-01-2026 13:50,NIFTY27JAN2624800PE,PE,24800,0.44013572829026515,quadratic_time,45,900|901|902|904|905|906|909|910|911|912|914|917|918|919|920|921|922|923|924|925|926|927|928|929|930|931|933|934|935|936|937|938|939|940|942|943|944|945|947|948|949|950|951|953|954,0.02870276701208082,0.02870276701208082
955,27-01-2026 13:50,NIFTY27JAN2625000PE,PE,25000,0.3749038283252517,quadratic_time,46,900|901|902|903|904|905|907|909|910|911|912|914|915|916|917|918|921|922|923|925|926|927|928|929|930|931|932|933|934|935|936|938|939|940|941|942|944|945|946|947|949|950|951|952|953|954,0.009231752334832633,0.009231752334832633
956,27-01-2026 13:55,NIFTY27JAN2625400CE,CE,25400,0.49537774215066577,quadratic_time,44,900|902|904|905|906|907|908|910|911|912|914|916|917|918|922|923|924|925|926|927|928|929|930|931|933|934|935|936|937|939|940|941|942|943|944|946|947|948|949|950|952|953|954|955,0.005708063414123387,0.005708063414123387
956,27-01-2026 13:55,NIFTY27JAN2625700CE,CE,25700,0.7214638003967053,quadratic_time,43,900|902|903|905|906|907|909|910|911|912|913|914|915|918|920|921|923|924|925|926|927|928|929|930|932|933|934|936|937|938|939|940|941|943|944|945|946|947|948|951|952|953|955,0.027369841582823556,0.027369841582823556
956,27-01-2026 13:55,NIFTY27JAN2623800PE,PE,23800,1.27994450388222,quadratic_time,46,900|901|902|903|905|908|909|911|912|913|914|915|916|917|918|919|920|923|924|925|927|928|930|931|932|933|934|935|936|937|938|939|940|941|942|943|944|945|946|947|948|949|951|952|953|955,0.04040689587867942,0.04040689587867942
956,27-01-2026 13:55,NIFTY27JAN2624000PE,PE,24000,1.1194869693169522,quadratic_time,45,900|901|902|903|904|905|907|908|910|911|912|913|914|915|916|917|920|921|922|923|924|925|927|930|931|933|934|935|936|938|939|940|941|942|943|945|946|947|948|950|951|952|953|954|955,0.06285126186467314,0.06285126186467314
956,27-01-2026 13:55,NIFTY27JAN2624100PE,PE,24100,1.0442527590417257,quadratic_time,47,900|901|902|903|904|905|906|907|909|911|912|913|914|916|917|918|919|920|921|923|924|925|926|927|928|929|930|931|932|933|934|935|936|937|939|941|942|943|944|946|947|948|949|950|952|953|955,0.08084483455474159,0.08084483455474159
956,27-01-2026 13:55,NIFTY27JAN2624300PE,PE,24300,0.8660474044598487,quadratic_time,49,900|901|902|903|904|905|906|907|908|909|910|911|912|913|914|915|917|918|919|920|922|923|925|926|927|928|929|931|932|934|935|936|937|938|939|940|941|942|943|944|945|946|947|948|949|950|953|954|955,0.07031672321746199,0.07031672321746199
956,27-01-2026 13:55,NIFTY27JAN2624400PE,PE,24400,0.7807609091867391,quadratic_time,44,900|902|904|905|906|907|908|909|910|911|912|913|914|915|918|919|921|922|924|925|926|927|928|929|931|933|934|936|937|938|939|941|942|943|944|945|946|947|949|950|951|953|954|955,0.06584961680262737,0.06584961680262737
956,27-01-2026 13:55,NIFTY27JAN2624600PE,PE,24600,0.6019273115881987,quadratic_time,47,900|901|903|904|905|906|907|908|909|910|911|912|915|916|917|918|920|921|922|923|924|925|926|927|928|929|930|931|932|933|934|935|937|938|939|940|941|942|944|945|946|948|950|951|953|954|955,0.04699268242093666,0.04699268242093666
956,27-01-2026 13:55,NIFTY27JAN2624900PE,PE,24900,0.40600191939583397,quadratic_time,41,900|902|904|905|906|908|909|910|912|913|915|916|917|919|921|924|925|927|929|930|932|933|934|935|936|937|938|939|942|943|944|945|946|947|948|950|951|952|953|954|955,0.00830256739253221,0.00830256739253221
957,27-01-2026 14:00,NIFTY27JAN2623800PE,PE,23800,1.296777569349402,quadratic_time,46,900|901|902|903|905|908|909|911|912|913|914|915|916|917|918|919|920|923|924|925|927|928|930|931|932|933|934|935|936|937|938|939|940|941|942|943|944|945|946|947|948|949|951|952|953|955,0.04040689587867942,0.04040689587867942
957,27-01-2026 14:00,NIFTY27JAN2624300PE,PE,24300,0.8781075357251211,quadratic_time,49,900|901|902|903|904|905|906|907|908|909|910|911|912|913|914|915|917|918|919|920|922|923|925|926|927|928|929|931|932|934|935|936|937|938|939|940|941|942|943|944|945|946|947|948|949|950|953|954|955,0.07031672321746199,0.07031672321746199
957,27-01-2026 14:00,NIFTY27JAN2624500PE,PE,24500,0.7000612019583485,quadratic_time,46,900|901|902|903|905|907|908|909|910|911|912|914|915|916|917|918|919|920|921|922|923|924|925|926|927|928|929|931|935|937|938|939|940|941|942|943|944|948|949|950|951|952|953|954|955|956,0.051036568349033334,0.051036568349033334
957,27-01-2026 14:00,NIFTY27JAN2625000PE,PE,25000,0.3660262221822066,quadratic_time,47,900|901|902|903|904|905|907|909|910|911|912|914|915|916|917|918|921|922|923|925|926|927|928|929|930|931|932|933|934|935|936|938|939|940|941|942|944|945|946|947|949|950|951|952|953|954|956,0.009231752334832633,0.009231752334832633
957,27-01-2026 14:00,NIFTY27JAN2625100PE,PE,25100,0.3109301398174651,quadratic_time,46,900|903|904|905|906|907|908|909|910|911|912|913|914|915|916|917|918|919|920|921|922|923|925|926|928|929|930|931|932|935|936|937|938|939|942|944|945|946|947|948|949|952|953|954|955|956,0.0,-0.003616614779778526
958,27-01-2026 14:05,NIFTY27JAN2625400CE,CE,25400,0.5123193464785629,quadratic_time,45,900|902|904|905|906|907|908|910|911|912|914|916|917|918|922|923|924|925|926|927|928|929|930|931|933|934|935|936|937|939|940|941|942|943|944|946|947|948|949|950|952|953|954|955|957,0.005708063414123387,0.005708063414123387
958,27-01-2026 14:05,NIFTY27JAN2625700CE,CE,25700,0.7631572645204443,quadratic_time,44,900|902|903|905|906|907|909|910|911|912|913|914|915|918|920|921|923|924|925|926|927|928|929|930|932|933|934|936|937|938|939|940|941|943|944|945|946|947|948|951|952|953|955|957,0.027369841582823556,0.027369841582823556
958,27-01-2026 14:05,NIFTY27JAN2625800CE,CE,25800,0.856682387158628,quadratic_time,50,900|901|902|904|905|906|907|908|910|911|914|915|916|917|918|919|920|921|922|924|925|926|927|928|929|930|931|932|933|934|935|936|937|938|939|941|942|943|945|946|947|948|949|950|951|952|953|955|956|957,0.035234495634340564,0.035234495634340564
958,27-01-2026 14:05,NIFTY27JAN2626100CE,CE,26100,1.1033036599394848,quadratic_time,51,900|901|902|904|905|906|907|908|910|911|912|913|914|915|916|918|919|920|921|922|923|924|926|927|928|929|931|932|934|935|936|937|938|939|941|942|943|944|945|946|947|948|949|950|951|952|953|954|955|956|957,0.04265943195922936,0.04265943195922936
958,27-01-2026 14:05,NIFTY27JAN2626200CE,CE,26200,1.1952684965347657,quadratic_time,44,901|902|903|905|907|909|910|911|912|913|914|916|919|920|921|922|923|924|925|926|928|929|930|931|932|933|934|935|937|938|939|940|941|945|946|947|948|949|950|951|953|954|956|957,0.060303874445281215,0.060303874445281215
958,27-01-2026 14:05,NIFTY27JAN2626400CE,CE,26400,1.3625363951912277,quadratic_time,45,901|902|904|905|906|907|908|911|912|913|915|916|917|919|921|922|923|925|926|927|928|929|931|932|934|936|937|938|939|940|941|942|943|944|945|946|947|948|949|950|951|953|955|956|957,0.024013610694259162,0.024013610694259162
958,27-01-2026 14:05,NIFTY27JAN2624000PE,PE,24000,1.1601852454911779,quadratic_time,46,900|901|902|903|904|905|907|908|910|911|912|913|914|915|916|917|920|921|922|923|924|925|927|930|931|933|934|935|936|938|939|940|941|942|943|945|946|947|948|950|951|952|953|954|955|957,0.06285126186467314,0.06285126186467314
958,27-01-2026 14:05,NIFTY27JAN2624800PE,PE,24800,0.4464931636366245,quadratic_time,47,900|901|902|904|905|906|909|910|911|912|914|917|918|919|920|921|922|923|924|925|926|927|928|929|930|931|933|934|935|936|937|938|939|940|942|943|944|945|947|948|949|950|951|953|954|956|957,0.02870276701208082,0.02870276701208082
959,27-01-2026 14:10,NIFTY27JAN2625500CE,CE,25500,0.6134823858692471,quadratic_time,52,900|903|904|905|906|907|908|909|910|911|912|913|914|915|916|917|919|920|921|922|924|925|926|927|928|929|930|931|932|934|935|936|937|938|939|940|941|942|943|945|946|947|948|949|950|951|952|954|955|956|957|958,0.009761026506579314,0.009761026506579314
959,27-01-2026 14:10,NIFTY27JAN2626000CE,CE,26000,1.068291263732533,quadratic_time,50,900|901|902|903|904|905|906|907|909|910|911|912|913|915|916|917|918|919|920|921|922|923|924|925|926|927|928|930|932|933|934|935|937|938|939|940|942|943|944|946|947|948|949|950|951|953|955|956|957|958,0.026605334445856128,0.026605334445856128
959,27-01-2026 14:10,NIFTY27JAN2626200CE,CE,26200,1.2167174169174189,quadratic_time,44,901|902|903|905|907|909|910|911|912|913|914|916|919|920|921|922|923|924|925|926|928|929|930|931|932|933|934|935|937|938|939|940|941|945|946|947|948|949|950|951|953|954|956|957,0.060303874445281215,0.060303874445281215
959,27-01-2026 14:10,NIFTY27JAN2623900PE,PE,23900,1.2737399044760593,quadratic_time,47,900|901|903|904|905|906|907|908|909|911|912|914|915|916|917|918|922|923|924|925|926|927|928|929|930|931|933|934|935|936|937|938|939|940|941|942|943|945|947|948|949|950|951|953|956|957|958,0.06365835618452689,0.06365835618452689
959,27-01-2026 14:10,NIFTY27JAN2624000PE,PE,24000,1.1767453095155531,quadratic_time,46,900|901|902|903|904|905|907|908|910|911|912|913|914|915|916|917|920|921|922|923|924|925|927|930|931|933|934|935|936|938|939|940|941|942|943|945|946|947|948|950|951|952|953|954|955|957,0.06285126186467314,0.06285126186467314
959,27-01-2026 14:10,NIFTY27JAN2624600PE,PE,24600,0.6178458538369682,quadratic_time,49,900|901|903|904|905|906|907|908|909|910|911|912|915|916|917|918|920|921|922|923|924|925|926|927|928|929|930|931|932|933|934|935|937|938|939|940|941|942|944|945|946|948|950|951|953|954|955|957|958,0.04699268242093666,0.04699268242093666
960,27-01-2026 14:15,NIFTY27JAN2625600CE,CE,25600,0.7394967560589123,quadratic_time,47,900|902|904|905|907|908|910|912|913|914|916|917|918|919|921|922|923|924|925|928|929|930|931|932|933|934|935|936|938|939|940|941|942|943|945|946|947|948|949|950|951|953|955|956|957|958|959,0.022355822206270307,0.022355822206270307
960,27-01-2026 14:15,NIFTY27JAN2625800CE,CE,25800,0.9024211117375671,quadratic_time,51,900|901|902|904|905|906|907|908|910|911|914|915|916|917|918|919|920|921|922|924|925|926|927|928|929|930|931|932|933|934|935|936|937|938|939|941|942|943|945|946|947|948|949|950|951|952|953|955|956|957|959,0.035234495634340564,0.035234495634340564
960,27-01-2026 14:15,NIFTY27JAN2624000PE,PE,24000,1.193586957380404,quadratic_time,46,900|901|902|903|904|905|907|908|910|911|912|913|914|915|916|917|920|921|922|923|924|925|927|930|931|933|934|935|936|938|939|940|941|942|943|945|946|947|948|950|951|952|953|954|955|957,0.06285126186467314,0.06285126186467314
960,27-01-2026 14:15,NIFTY27JAN2624400PE,PE,24400,0.8334566951230045,quadratic_time,47,900|902|904|905|906|907|908|909|910|911|912|913|914|915|918|919|921|922|924|925|926|927|928|929|931|933|934|936|937|938|939|941|942|943|944|945|946|947|949|950|951|953|954|955|957|958|959,0.06584961680262737,0.06584961680262737
960,27-01-2026 14:15,NIFTY27JAN2624900PE,PE,24900,0.3961069532190358,quadratic_time,44,900|902|904|905|906|908|909|910|912|913|915|916|917|919|921|924|925|927|929|930|932|933|934|935|936|937|938|939|942|943|944|945|946|947|948|950|951|952|953|954|955|957|958|959,0.00830256739253221,0.00830256739253221
961,27-01-2026 14:20,NIFTY27JAN2625500CE,CE,25500,0.6461698408586756,quadratic_time,53,900|903|904|905|906|907|908|909|910|911|912|913|914|915|916|917|919|920|921|922|924|925|926|927|928|929|930|931|932|934|935|936|937|938|939|940|941|942|943|945|946|947|948|949|950|951|952|954|955|956|957|958|960,0.009761026506579314,0.009761026506579314
961,27-01-2026 14:20,NIFTY27JAN2626000CE,CE,26000,1.1299435737202543,quadratic_time,51,900|901|902|903|904|905|906|907|909|910|911|912|913|915|916|917|918|919|920|921|922|923|924|925|926|927|928|930|932|933|934|935|937|938|939|940|942|943|944|946|947|948|949|950|951|953|955|956|957|958|960,0.026605334445856128,0.026605334445856128
961,27-01-2026 14:20,NIFTY27JAN2626100CE,CE,26100,1.2124796650309406,quadratic_time,53,900|901|902|904|905|906|907|908|910|911|912|913|914|915|916|918|919|920|921|922|923|924|926|927|928|929|931|932|934|935|936|937|938|939|941|942|943|944|945|946|947|948|949|950|951|952|953|954|955|956|957|959|960,0.04265943195922936,0.04265943195922936
961,27-01-2026 14:20,NIFTY27JAN2626500CE,CE,26500,1.5625831304715234,quadratic_time,51,903|904|905|906|907|908|910|911|912|913|914|915|916|917|918|919|920|921|922|924|925|927|928|929|930|931|935|936|937|938|939|940|941|942|944|945|946|947|948|949|950|951|952|953|954|955|956|957|958|959|960,0.05734063137838807,0.05734063137838807
961,27-01-2026 14:20,NIFTY27JAN2624100PE,PE,24100,1.155325798955701,quadratic_time,51,900|901|902|903|904|905|906|907|909|911|912|913|914|916|917|918|919|920|921|923|924|925|926|927|928|929|930|931|932|933|934|935|936|937|939|941|942|943|944|946|947|948|949|950|952|953|955|957|958|959|960,0.08084483455474159,0.08084483455474159
962,27-01-2026 14:25,NIFTY27JAN2625700CE,CE,25700,0.8733788547293102,quadratic_time,47,900|902|903|905|906|907|909|910|911|912|913|914|915|918|920|921|923|924|925|926|927|928|929|930|932|933|934|936|937|938|939|940|941|943|944|945|946|947|948|951|952|953|955|957|959|960|961,0.027369841582823556,0.027369841582823556
962,27-01-2026 14:25,NIFTY27JAN2623800PE,PE,23800,1.4425342193139272,quadratic_time,50,900|901|902|903|905|908|909|911|912|913|914|915|916|917|918|919|920|923|924|925|927|928|930|931|932|933|934|935|936|937|938|939|940|941|942|943|944|945|946|947|948|949|951|952|953|955|958|959|960|961,0.04040689587867942,0.04040689587867942
962,27-01-2026 14:25,NIFTY27JAN2623900PE,PE,23900,1.3501368130754372,quadratic_time,49,900|901|903|904|905|906|907|908|909|911|912|914|915|916|917|918|922|923|924|925|926|927|928|929|930|931|933|934|935|936|937|938|939|940|941|942|943|945|947|948|949|950|951|953|956|957|958|960|961,0.06365835618452689,0.06365835618452689
962,27-01-2026 14:25,NIFTY27JAN2624000PE,PE,24000,1.252625968515332,quadratic_time,47,900|901|902|903|904|905|907|908|910|911|912|913|914|915|916|917|920|921|922|923|924|925|927|930|931|933|934|935|936|938|939|940|941|942|943|945|946|947|948|950|951|952|953|954|955|957|961,0.06285126186467314,0.06285126186467314
962,27-01-2026 14:25,NIFTY27JAN2624200PE,PE,24200,1.0664596417634726,quadratic_time,51,900|901|902|903|904|905|906|908|909|910|912|913|914|915|916|917|918|919|920|921|924|925|928|929|930|931|932|934|935|936|938|939|940|942|943|944|945|946|948|950|951|952|953|954|955|956|957|958|959|960|961,0.062261117296635,0.062261117296635
962,27-01-2026 14:25,NIFTY27JAN2624300PE,PE,24300,0.9568412072412116,quadratic_time,53,900|901|902|903|904|905|906|907|908|909|910|911|912|913|914|915|917|918|919|920|922|923|925|926|927|928|929|931|932|934|935|936|937|938|939|940|941|942|943|944|945|946|947|948|949|950|953|954|955|958|959|960|961,0.07031672321746199,0.07031672321746199
962,27-01-2026 14:25,NIFTY27JAN2624800PE,PE,24800,0.44940259963362195,quadratic_time,50,900|901|902|904|905|906|909|910|911|912|914|917|918|919|920|921|922|923|924|925|926|927|928|929|930|931|933|934|935|936|937|938|939|940|942|943|944|945|947|948|949|950|951|953|954|956|957|959|960|961,0.02870276701208082,0.02870276701208082
962,27-01-2026 14:25,NIFTY27JAN2624900PE,PE,24900,0.3986018850155233,quadratic_time,45,900|902|904|905|906|908|909|910|912|913|915|916|917|919|921|924|925|927|929|930|932|933|934|935|936|937|938|939|942|943|944|945|946|947|948|950|951|952|953|954|955|957|958|959|961,0.00830256739253221,0.00830256739253221
962,27-01-2026 14:25,NIFTY27JAN2625000PE,PE,25000,0.3426896734110656,quadratic_time,51,900|901|902|903|904|905|907|909|910|911|912|914|915|916|917|918|921|922|923|925|926|927|928|929|930|931|932|933|934|935|936|938|939|940|941|942|944|945|946|947|949|950|951|952|953|954|956|958|959|960|961,0.009231752334832633,0.009231752334832633
963,27-01-2026 14:30,NIFTY27JAN2626400CE,CE,26400,1.588650937639045,quadratic_time,49,901|902|904|905|906|907|908|911|912|913|915|916|917|919|921|922|923|925|926|927|928|929|931|932|934|936|937|938|939|940|941|942|943|944|945|946|947|948|949|950|951|953|955|956|957|959|960|961|962,0.024013610694259162,0.024013610694259162
963,27-01-2026 14:30,NIFTY27JAN2624000PE,PE,24000,1.2718591412777016,quadratic_time,47,900|901|902|903|904|905|907|908|910|911|912|913|914|915|916|917|920|921|922|923|924|925|927|930|931|933|934|935|936|938|939|940|941|942|943|945|946|947|948|950|951|952|953|954|955|957|961,0.06285126186467314,0.06285126186467314
963,27-01-2026 14:30,NIFTY27JAN2624200PE,PE,24200,1.082651134256622,quadratic_time,51,900|901|902|903|904|905|906|908|909|910|912|913|914|915|916|917|918|919|920|921|924|925|928|929|930|931|932|934|935|936|938|939|940|942|943|944|945|946|948|950|951|952|953|954|955|956|957|958|959|960|961,0.062261117296635,0.062261117296635
963,27-01-2026 14:30,NIFTY27JAN2624600PE,PE,24600,0.6564587495170713,quadratic_time,52,900|901|903|904|905|906|907|908|909|910|911|912|915|916|917|918|920|921|922|923|924|925|926|927|928|929|930|931|932|933|934|935|937|938|939|940|941|942|944|945|946|948|950|951|953|954|955|957|958|960|961|962,0.04699268242093666,0.04699268242093666
963,27-01-2026 14:30,NIFTY27JAN2625100PE,PE,25100,0.24018272519564476,quadratic_time,51,900|903|904|905|906|907|908|909|910|911|912|913|914|915|916|917|918|919|920|921|922|923|925|926|928|929|930|931|932|935|936|937|938|939|942|944|945|946|947|948|949|952|953|954|955|956|958|959|960|961|962,0.0,-0.003616614779778526
964,27-01-2026 14:35,NIFTY27JAN2626200CE,CE,26200,1.451210416065976,quadratic_time,48,901|902|903|905|907|909|910|911|912|913|914|916|919|920|921|922|923|924|925|926|928|929|930|931|932|933|934|935|937|938|939|940|941|945|946|947|948|949|950|951|953|954|956|957|960|961|962|963,0.060303874445281215,0.060303874445281215
964,27-01-2026 14:35,NIFTY27JAN2624000PE,PE,24000,1.2914137656865137,quadratic_time,47,900|901|902|903|904|905|907|908|910|911|912|913|914|915|916|917|920|921|922|923|924|925|927|930|931|933|934|935|936|938|939|940|941|942|943|945|946|947|948|950|951|952|953|954|955|957|961,0.06285126186467314,0.06285126186467314
964,27-01-2026 14:35,NIFTY27JAN2624200PE,PE,24200,1.099109686038048,quadratic_time,51,900|901|902|903|904|905|906|908|909|910|912|913|914|915|916|917|918|919|920|921|924|925|928|929|930|931|932|934|935|936|938|939|940|942|943|944|945|946|948|950|951|952|953|954|955|956|957|958|959|960|961,0.062261117296635,0.062261117296635
964,27-01-2026 14:35,NIFTY27JAN2624900PE,PE,24900,0.3952127115105242,quadratic_time,46,900|902|904|905|906|908|909|910|912|913|915|916|917|919|921|924|925|927|929|930|932|933|934|935|936|937|938|939|942|943|944|945|946|947|948|950|951|952|953|954|955|957|958|959|961|963,0.00830256739253221,0.00830256739253221
964,27-01-2026 14:35,NIFTY27JAN2625000PE,PE,25000,0.33634193869204565,quadratic_time,52,900|901|902|903|904|905|907|909|910|911|912|914|915|916|917|918|921|922|923|925|926|927|928|929|930|931|932|933|934|935|936|938|939|940|941|942|944|945|946|947|949|950|951|952|953|954|956|958|959|960|961|963,0.009231752334832633,0.009231752334832633
965,27-01-2026 14:40,NIFTY27JAN2626200CE,CE,26200,1.4825957053297998,quadratic_time,48,901|902|903|905|907|909|910|911|912|913|914|916|919|920|921|922|923|924|925|926|928|929|930|931|932|933|934|935|937|938|939|940|941|945|946|947|948|949|950|951|953|954|956|957|960|961|962|963,0.060303874445281215,0.060303874445281215
965,27-01-2026 14:40,NIFTY27JAN2626400CE,CE,26400,1.6832808814456826,quadratic_time,50,901|902|904|905|906|907|908|911|912|913|915|916|917|919|921|922|923|925|926|927|928|929|931|932|934|936|937|938|939|940|941|942|943|944|945|946|947|948|949|950|951|953|955|956|957|959|960|961|962|964,0.024013610694259162,0.024013610694259162
965,27-01-2026 14:40,NIFTY27JAN2624000PE,PE,24000,1.3112898417418535,quadratic_time,47,900|901|902|903|904|905|907|908|910|911|912|913|914|915|916|917|920|921|922|923|924|925|927|930|931|933|934|935|936|938|939|940|941|942|943|945|946|947|948|950|951|952|953|954|955|957|961,0.06285126186467314,0.06285126186467314
965,27-01-2026 14:40,NIFTY27JAN2624800PE,PE,24800,0.4625850160196947,quadratic_time,52,900|901|902|904|905|906|909|910|911|912|914|917|918|919|920|921|922|923|924|925|926|927|928|929|930|931|933|934|935|936|937|938|939|940|942|943|944|945|947|948|949|950|951|953|954|956|957|959|960|961|963|964,0.02870276701208082,0.02870276701208082
966,27-01-2026 14:45,NIFTY27JAN2625400CE,CE,25400,0.6315157714783197,quadratic_time,52,900|902|904|905|906|907|908|910|911|912|914|916|917|918|922|923|924|925|926|927|928|929|930|931|933|934|935|936|937|939|940|941|942|943|944|946|947|948|949|950|952|953|954|955|957|959|960|961|962|963|964|965,0.005708063414123387,0.005708063414123387
966,27-01-2026 14:45,NIFTY27JAN2626400CE,CE,26400,1.7188430674010533,quadratic_time,50,901|902|904|905|906|907|908|911|912|913|915|916|917|919|921|922|923|925|926|927|928|929|931|932|934|936|937|938|939|940|941|942|943|944|945|946|947|948|949|950|951|953|955|956|957|959|960|961|962|964,0.024013610694259162,0.024013610694259162
966,27-01-2026 14:45,NIFTY27JAN2626500CE,CE,26500,1.8301675043953196,quadratic_time,55,903|904|905|906|907|908|910|911|912|913|914|915|916|917|918|919|920|921|922|924|925|927|928|929|930|931|935|936|937|938|939|940|941|942|944|945|946|947|948|949|950|951|952|953|954|955|956|957|958|959|960|962|963|964|965,0.05734063137838807,0.05734063137838807
966,27-01-2026 14:45,NIFTY27JAN2624000PE,PE,24000,1.3314873694436358,quadratic_time,47,900|901|902|903|904|905|907|908|910|911|912|913|914|915|916|917|920|921|922|923|924|925|927|930|931|933|934|935|936|938|939|940|941|942|943|945|946|947|948|950|951|952|953|954|955|957|961,0.06285126186467314,0.06285126186467314
966,27-01-2026 14:45,NIFTY27JAN2624200PE,PE,24200,1.1782156934883403,quadratic_time,52,900|901|902|903|904|905|906|908|909|910|912|913|914|915|916|917|918|919|920|921|924|925|928|929|930|931|932|934|935|936|938|939|940|942|943|944|945|946|948|950|951|952|953|954|955|956|957|958|959|960|961|965,0.062261117296635,0.062261117296635
966,27-01-2026 14:45,NIFTY27JAN2624700PE,PE,24700,0.5987036782560153,quadratic_time,58,900|901|902|903|904|905|906|907|909|910|911|912|913|914|915|916|917|919|920|921|922|923|924|925|926|927|928|929|930|932|933|935|936|937|939|940|942|943|944|945|946|948|949|950|951|952|953|955|956|957|958|959|960|961|962|963|964|965,0.039052280997870024,0.039052280997870024
967,27-01-2026 14:50,NIFTY27JAN2625200CE,CE,25200,0.41796341956875693,quadratic_time,58,900|901|902|903|904|905|906|907|908|909|910|911|912|913|914|915|918|920|922|923|924|925|926|927|929|930|931|933|934|935|936|937|938|939|940|943|944|945|946|947|949|950|951|952|953|954|955|956|957|958|959|960|961|962|963|964|965|966,0.0,-0.010043652212288338
967,27-01-2026 14:50,NIFTY27JAN2625900CE,CE,25900,1.2403481463555863,quadratic_time,57,900|901|903|904|905|906|907|908|909|910|911|912|913|914|916|917|918|919|920|921|922|923|924|925|926|928|929|930|931|932|933|935|936|937|939|940|944|945|946|947|948|950|951|952|953|955|956|957|958|959|960|961|962|963|964|965|966,0.03992440684818397,0.03992440684818397
967,27-01-2026 14:50,NIFTY27JAN2623800PE,PE,23800,1.7031896616315976,quadratic_time,54,900|901|902|903|905|908|909|911|912|913|914|915|916|917|918|919|920|923|924|925|927|928|930|931|932|933|934|935|936|937|938|939|940|941|942|943|944|945|946|947|948|949|951|952|953|955|958|959|960|961|963|964|965|966,0.04040689587867942,0.04040689587867942
967,27-01-2026 14:50,NIFTY27JAN2624000PE,PE,24000,1.3520063487919174,quadratic_time,47,900|901|902|903|904|905|907|908|910|911|912|913|914|915|916|917|920|921|922|923|924|925|927|930|931|933|934|935|936|938|939|940|941|942|943|945|946|947|948|950|951|952|953|954|955|957|961,0.06285126186467314,0.06285126186467314
967,27-01-2026 14:50,NIFTY27JAN2624200PE,PE,24200,1.19820502393614,quadratic_time,52,900|901|902|903|904|905|906|908|909|910|912|913|914|915|916|917|918|919|920|921|924|925|928|929|930|931|932|934|935|936|938|939|940|942|943|944|945|946|948|950|951|952|953|954|955|956|957|958|959|960|961|965,0.062261117296635,0.062261117296635
967,27-01-2026 14:50,NIFTY27JAN2624800PE,PE,24800,0.4938692083281424,quadratic_time,53,900|901|902|904|905|906|909|910|911|912|914|917|918|919|920|921|922|923|924|925|926|927|928|929|930|931|933|934|935|936|937|938|939|940|942|943|944|945|947|948|949|950|951|953|954|956|957|959|960|961|963|964|966,0.02870276701208082,0.02870276701208082
968,27-01-2026 14:55,NIFTY27JAN2625500CE,CE,25500,0.7615965997566718,quadratic_time,59,900|903|904|905|906|907|908|909|910|911|912|913|914|915|916|917|919|920|921|922|924|925|926|927|928|929|930|931|932|934|935|936|937|938|939|940|941|942|943|945|946|947|948|949|950|951|952|954|955|956|957|958|960|962|963|964|965|966|967,0.009761026506579314,0.009761026506579314
968,27-01-2026 14:55,NIFTY27JAN2625800CE,CE,25800,1.1402179037324913,quadratic_time,58,900|901|902|904|905|906|907|908|910|911|914|915|916|917|918|919|920|921|922|924|925|926|927|928|929|930|931|932|933|934|935|936|937|938|939|941|942|943|945|946|947|948|949|950|951|952|953|955|956|957|959|961|962|963|964|965|966|967,0.035234495634340564,0.035234495634340564
968,27-01-2026 14:55,NIFTY27JAN2626400CE,CE,26400,1.8193433687284823,quadratic_time,51,901|902|904|905|906|907|908|911|912|913|915|916|917|919|921|922|923|925|926|927|928|929|931|932|934|936|937|938|939|940|941|942|943|944|945|946|947|948|949|950|951|953|955|956|957|959|960|961|962|964|967,0.024013610694259162,0.024013610694259162
968,27-01-2026 14:55,NIFTY27JAN2623800PE,PE,23800,1.7352465110565447,quadratic_time,54,900|901|902|903|905|908|909|911|912|913|914|915|916|917|918|919|920|923|924|925|927|928|930|931|932|933|934|935|936|937|938|939|940|941|942|943|944|945|946|947|948|949|951|952|953|955|958|959|960|961|963|964|965|966,0.04040689587867942,0.04040689587867942
968,27-01-2026 14:55,NIFTY27JAN2624000PE,PE,24000,1.37284677978667,quadratic_time,47,900|901|902|903|904|905|907|908|910|911|912|913|914|915|916|917|920|921|922|923|924|925|927|930|931|933|934|935|936|938|939|940|941|942|943|945|946|947|948|950|951|952|953|954|955|957|961,0.06285126186467314,0.06285126186467314
968,27-01-2026 14:55,NIFTY27JAN2624800PE,PE,24800,0.49953133659551696,quadratic_time,53,900|901|902|904|905|906|909|910|911|912|914|917|918|919|920|921|922|923|924|925|926|927|928|929|930|931|933|934|935|936|937|938|939|940|942|943|944|945|947|948|949|950|951|953|954|956|957|959|960|961|963|964|966,0.02870276701208082,0.02870276701208082
969,27-01-2026 15:00,NIFTY27JAN2625400CE,CE,25400,0.6371790664494767,quadratic_time,54,900|902|904|905|906|907|908|910|911|912|914|916|917|918|922|923|924|925|926|927|928|929|930|931|933|934|935|936|937|939|940|941|942|943|944|946|947|948|949|950|952|953|954|955|957|959|960|961|962|963|964|965|967|968,0.005708063414123387,0.005708063414123387
969,27-01-2026 15:00,NIFTY27JAN2624100PE,PE,24100,1.5476056215701703,quadratic_time,58,900|901|902|903|904|905|906|907|909|911|912|913|914|916|917|918|919|920|921|923|924|925|926|927|928|929|930|931|932|933|934|935|936|937|939|941|942|943|944|946|947|948|949|950|952|953|955|957|958|959|960|962|963|964|965|966|967|968,0.08084483455474159,0.08084483455474159
969,27-01-2026 15:00,NIFTY27JAN2624700PE,PE,24700,0.6933098582931763,quadratic_time,60,900|901|902|903|904|905|906|907|909|910|911|912|913|914|915|916|917|919|920|921|922|923|924|925|926|927|928|929|930|932|933|935|936|937|939|940|942|943|944|945|946|948|949|950|951|952|953|955|956|957|958|959|960|961|962|963|964|965|967|968,0.039052280997870024,0.039052280997870024
969,27-01-2026 15:00,NIFTY27JAN2625100PE,PE,25100,0.19475759725609976,quadratic_time,56,900|903|904|905|906|907|908|909|910|911|912|913|914|915|916|917|918|919|920|921|922|923|925|926|928|929|930|931|932|935|936|937|938|939|942|944|945|946|947|948|949|952|953|954|955|956|958|959|960|961|962|964|965|966|967|968,0.0,-0.003616614779778526
970,27-01-2026 15:05,NIFTY27JAN2626300CE,CE,26300,1.8643822917023272,quadratic_time,59,900|901|902|903|904|905|908|909|910|911|912|913|915|916|917|918|919|920|922|923|924|925|926|927|928|930|931|932|933|934|935|936|937|938|939|940|942|943|944|945|946|947|949|950|955|956|957|958|959|960|961|962|963|964|965|966|967|968|969,0.03340769881554752,0.03340769881554752
970,27-01-2026 15:05,NIFTY27JAN2624000PE,PE,24000,1.63747033891363,quadratic_time,48,900|901|902|903|904|905|907|908|910|911|912|913|914|915|916|917|920|921|922|923|924|925|927|930|931|933|934|935|936|938|939|940|941|942|943|945|946|947|948|950|951|952|953|954|955|957|961|969,0.06285126186467314,0.06285126186467314
970,27-01-2026 15:05,NIFTY27JAN2624100PE,PE,24100,1.5808872589284704,quadratic_time,58,900|901|902|903|904|905|906|907|909|911|912|913|914|916|917|918|919|920|921|923|924|925|926|927|928|929|930|931|932|933|934|935|936|937|939|941|942|943|944|946|947|948|949|950|952|953|955|957|958|959|960|962|963|964|965|966|967|968,0.08084483455474159,0.08084483455474159
970,27-01-2026 15:05,NIFTY27JAN2624200PE,PE,24200,1.4593330162921063,quadratic_time,54,900|901|902|903|904|905|906|908|909|910|912|913|914|915|916|917|918|919|920|921|924|925|928|929|930|931|932|934|935|936|938|939|940|942|943|944|945|946|948|950|951|952|953|954|955|956|957|958|959|960|961|965|968|969,0.062261117296635,0.062261117296635
970,27-01-2026 15:05,NIFTY27JAN2624500PE,PE,24500,1.0345267953213693,quadratic_time,58,900|901|902|903|905|907|908|909|910|911|912|914|915|916|917|918|919|920|921|922|923|924|925|926|927|928|929|931|935|937|938|939|940|941|942|943|944|948|949|950|951|952|953|954|955|956|958|959|960|961|962|963|964|965|966|967|968|969,0.051036568349033334,0.051036568349033334
971,27-01-2026 15:10,NIFTY27JAN2625400CE,CE,25400,0.6501523506505862,quadratic_time,55,900|902|904|905|906|907|908|910|911|912|914|916|917|918|922|923|924|925|926|927|928|929|930|931|933|934|935|936|937|939|940|941|942|943|944|946|947|948|949|950|952|953|954|955|957|959|960|961|962|963|964|965|967|968|970,0.005708063414123387,0.005708063414123387
971,27-01-2026 15:10,NIFTY27JAN2625600CE,CE,25600,0.9600572059490844,quadratic_time,57,900|902|904|905|907|908|910|912|913|914|916|917|918|919|921|922|923|924|925|928|929|930|931|932|933|934|935|936|938|939|940|941|942|943|945|946|947|948|949|950|951|953|955|956|957|958|959|961|962|963|964|965|966|967|968|969|970,0.022355822206270307,0.022355822206270307
971,27-01-2026 15:10,NIFTY27JAN2625800CE,CE,25800,1.2299461080052936,quadratic_time,60,900|901|902|904|905|906|907|908|910|911|914|915|916|917|918|919|920|921|922|924|925|926|927|928|929|930|931|932|933|934|935|936|937|938|939|941|942|943|945|946|947|948|949|950|951|952|953|955|956|957|959|961|962|963|964|965|966|967|969|970,0.035234495634340564,0.035234495634340564
971,27-01-2026 15:10,NIFTY27JAN2626000CE,CE,26000,1.5156075781077902,quadratic_time,60,900|901|902|903|904|905|906|907|909|910|911|912|913|915|916|917|918|919|920|921|922|923|924|925|926|927|928|930|932|933|934|935|937|938|939|940|942|943|944|946|947|948|949|950|951|953|955|956|957|958|960|962|963|964|965|966|967|968|969|970,0.026605334445856128,0.026605334445856128
971,27-01-2026 15:10,NIFTY27JAN2623900PE,PE,23900,1.9612509333312573,quadratic_time,57,900|901|903|904|905|906|907|908|909|911|912|914|915|916|917|918|922|923|924|925|926|927|928|929|930|931|933|934|935|936|937|938|939|940|941|942|943|945|947|948|949|950|951|953|956|957|958|960|961|963|964|965|966|967|968|969|970,0.06365835618452689,0.06365835618452689
971,27-01-2026 15:10,NIFTY27JAN2624000PE,PE,24000,1.6708936711362128,quadratic_time,48,900|901|902|903|904|905|907|908|910|911|912|913|914|915|916|917|920|921|922|923|924|925|927|930|931|933|934|935|936|938|939|940|941|942|943|945|946|947|948|950|951|952|953|954|955|957|961|969,0.06285126186467314,0.06285126186467314
971,27-01-2026 15:10,NIFTY27JAN2624900PE,PE,24900,0.4899579856750762,quadratic_time,52,900|902|904|905|906|908|909|910|912|913|915|916|917|919|921|924|925|927|929|930|932|933|934|935|936|937|938|939|942|943|944|945|946|947|948|950|951|952|953|954|955|957|958|959|961|963|965|966|967|968|969|970,0.00830256739253221,0.00830256739253221
972,27-01-2026 15:15,NIFTY27JAN2625900CE,CE,25900,1.4470380950101855,quadratic_time,61,900|901|903|904|905|906|907|908|909|910|911|912|913|914|916|917|918|919|920|921|922|923|924|925|926|928|929|930|931|932|933|935|936|937|939|940|944|945|946|947|948|950|951|952|953|955|956|957|958|959|960|961|962|963|964|965|966|968|969|970|971,0.03992440684818397,0.03992440684818397
972,27-01-2026 15:15,NIFTY27JAN2626000CE,CE,26000,1.5499365774932699,quadratic_time,60,900|901|902|903|904|905|906|907|909|910|911|912|913|915|916|917|918|919|920|921|922|923|924|925|926|927|928|930|932|933|934|935|937|938|939|940|942|943|944|946|947|948|949|950|951|953|955|956|957|958|960|962|963|964|965|966|967|968|969|970,0.026605334445856128,0.026605334445856128
972,27-01-2026 15:15,NIFTY27JAN2626400CE,CE,26400,2.1463213000212136,quadratic_time,54,901|902|904|905|906|907|908|911|912|913|915|916|917|919|921|922|923|925|926|927|928|929|931|932|934|936|937|938|939|940|941|942|943|944|945|946|947|948|949|950|951|953|955|956|957|959|960|961|962|964|967|969|970|971,0.024013610694259162,0.024013610694259162
972,27-01-2026 15:15,NIFTY27JAN2625000PE,PE,25000,0.3481562664854776,quadratic_time,59,900|901|902|903|904|905|907|909|910|911|912|914|915|916|917|918|921|922|923|925|926|927|928|929|930|931|932|933|934|935|936|938|939|940|941|942|944|945|946|947|949|950|951|952|953|954|956|958|959|960|961|963|965|966|967|968|969|970|971,0.009231752334832633,0.009231752334832633
973,27-01-2026 15:20,NIFTY27JAN2625500CE,CE,25500,0.8368785173019688,quadratic_time,63,900|903|904|905|906|907|908|909|910|911|912|913|914|915|916|917|919|920|921|922|924|925|926|927|928|929|930|931|932|934|935|936|937|938|939|940|941|942|943|945|946|947|948|949|950|951|952|954|955|956|957|958|960|962|963|964|965|966|967|969|970|971|972,0.009761026506579314,0.009761026506579314
973,27-01-2026 15:20,NIFTY27JAN2626000CE,CE,26000,1.5848908505377608,quadratic_time,60,900|901|902|903|904|905|906|907|909|910|911|912|913|915|916|917|918|919|920|921|922|923|924|925|926|927|928|930|932|933|934|935|937|938|939|940|942|943|944|946|947|948|949|950|951|953|955|956|957|958|960|962|963|964|965|966|967|968|969|970,0.026605334445856128,0.026605334445856128
973,27-01-2026 15:20,NIFTY27JAN2626300CE,CE,26300,2.1278822962882487,quadratic_time,61,900|901|902|903|904|905|908|909|910|911|912|913|915|916|917|918|919|920|922|923|924|925|926|927|928|930|931|932|933|934|935|936|937|938|939|940|942|943|944|945|946|947|949|950|955|956|957|958|959|960|961|962|963|964|965|966|967|968|969|971|972,0.03340769881554752,0.03340769881554752
973,27-01-2026 15:20,NIFTY27JAN2626400CE,CE,26400,2.197351565547251,quadratic_time,54,901|902|904|905|906|907|908|911|912|913|915|916|917|919|921|922|923|925|926|927|928|929|931|932|934|936|937|938|939|940|941|942|943|944|945|946|947|948|949|950|951|953|955|956|957|959|960|961|962|964|967|969|970|971,0.024013610694259162,0.024013610694259162
973,27-01-2026 15:20,NIFTY27JAN2623800PE,PE,23800,2.4212991397201904,quadratic_time,58,900|901|902|903|905|908|909|911|912|913|914|915|916|917|918|919|920|923|924|925|927|928|930|931|932|933|934|935|936|937|938|939|940|941|942|943|944|945|946|947|948|949|951|952|953|955|958|959|960|961|963|964|965|966|969|970|971|972,0.04040689587867942,0.04040689587867942
973,27-01-2026 15:20,NIFTY27JAN2623900PE,PE,23900,2.1966832860545082,quadratic_time,58,900|901|903|904|905|906|907|908|909|911|912|914|915|916|917|918|922|923|924|925|926|927|928|929|930|931|933|934|935|936|937|938|939|940|941|942|943|945|947|948|949|950|951|953|956|957|958|960|961|963|964|965|966|967|968|969|970|972,0.06365835618452689,0.06365835618452689
973,27-01-2026 15:20,NIFTY27JAN2624900PE,PE,24900,0.5458604438489658,quadratic_time,53,900|902|904|905|906|908|909|910|912|913|915|916|917|919|921|924|925|927|929|930|932|933|934|935|936|937|938|939|942|943|944|945|946|947|948|950|951|952|953|954|955|957|958|959|961|963|965|966|967|968|969|970|972,0.00830256739253221,0.00830256739253221
974,27-01-2026 15:25,NIFTY27JAN2626100CE,CE,26100,1.9951780601924725,quadratic_time,65,900|901|902|904|905|906|907|908|910|911|912|913|914|915|916|918|919|920|921|922|923|924|926|927|928|929|931|932|934|935|936|937|938|939|941|942|943|944|945|946|947|948|949|950|951|952|953|954|955|956|957|959|960|962|963|964|965|966|967|968|969|970|971|972|973,0.04265943195922936,0.04265943195922936
974,27-01-2026 15:25,NIFTY27JAN2626300CE,CE,26300,2.1797771630335205,quadratic_time,61,900|901|902|903|904|905|908|909|910|911|912|913|915|916|917|918|919|920|922|923|924|925|926|927|928|930|931|932|933|934|935|936|937|938|939|940|942|943|944|945|946|947|949|950|955|956|957|958|959|960|961|962|963|964|965|966|967|968|969|971|972,0.03340769881554752,0.03340769881554752
974,27-01-2026 15:25,NIFTY27JAN2626400CE,CE,26400,2.2493141482936494,quadratic_time,54,901|902|904|905|906|907|908|911|912|913|915|916|917|919|921|922|923|925|926|927|928|929|931|932|934|936|937|938|939|940|941|942|943|944|945|946|947|948|949|950|951|953|955|956|957|959|960|961|962|964|967|969|970|971,0.024013610694259162,0.024013610694259162
974,27-01-2026 15:25,NIFTY27JAN2626500CE,CE,26500,2.6338811319762954,quadratic_time,62,903|904|905|906|907|908|910|911|912|913|914|915|916|917|918|919|920|921|922|924|925|927|928|929|930|931|935|936|937|938|939|940|941|942|944|945|946|947|948|949|950|951|952|953|954|955|956|957|958|959|960|962|963|964|965|967|968|969|970|971|972|973,0.05734063137838807,0.05734063137838807
974,27-01-2026 15:25,NIFTY27JAN2623800PE,PE,23800,2.483271691246159,quadratic_time,58,900|901|902|903|905|908|909|911|912|913|914|915|916|917|918|919|920|923|924|925|927|928|930|931|932|933|934|935|936|937|938|939|940|941|942|943|944|945|946|947|948|949|951|952|953|955|958|959|960|961|963|964|965|966|969|970|971|972,0.04040689587867942,0.04040689587867942
974,27-01-2026 15:25,NIFTY27JAN2624900PE,PE,24900,0.5549840535335022,quadratic_time,53,900|902|904|905|906|908|909|910|912|913|915|916|917|919|921|924|925|927|929|930|932|933|934|935|936|937|938|939|942|943|944|945|946|947|948|950|951|952|953|954|955|957|958|959|961|963|965|966|967|968|969|970|972,0.00830256739253221,0.00830256739253221
974,27-01-2026 15:25,NIFTY27JAN2625100PE,PE,25100,0.18715708027325917,quadratic_time,60,900|903|904|905|906|907|908|909|910|911|912|913|914|915|916|917|918|919|920|921|922|923|925|926|928|929|930|931|932|935|936|937|938|939|942|944|945|946|947|948|949|952|953|954|955|956|958|959|960|961|962|964|965|966|967|968|970|971|972|973,0.0,-0.003616614779778526
