datetime,underlying_price,NIFTY27JAN2625200CE,NIFTY27JAN2625300CE,NIFTY27JAN2625400CE,NIFTY27JAN2625500CE,NIFTY27JAN2625600CE,NIFTY27JAN2625700CE,NIFTY27JAN2625800CE,NIFTY27JAN2625900CE,NIFTY27JAN2626000CE,NIFTY27JAN2626100CE,NIFTY27JAN2626200CE,NIFTY27JAN2626300CE,NIFTY27JAN2626400CE,NIFTY27JAN2626500CE,NIFTY27JAN2623800PE,NIFTY27JAN2623900PE,NIFTY27JAN2624000PE,NIFTY27JAN2624100PE,NIFTY27JAN2624200PE,NIFTY27JAN2624300PE,NIFTY27JAN2624400PE,NIFTY27JAN2624500PE,NIFTY27JAN2624600PE,NIFTY27JAN2624700PE,NIFTY27JAN2624800PE,NIFTY27JAN2624900PE,NIFTY27JAN2625000PE,NIFTY27JAN2625100PE
07-01-2026 09:15,26111.65,0.12497126574072678,0.12122500316874646,0.11741,0.11377807682440488,0.11005,0.10576,0.10168376270899471,0.09724,0.0957,0.09397,0.09187,0.09041,0.08908,0.08795,0.1784,0.17237,0.16928,0.1633543488653752,0.1576,0.1524,0.14697,0.1416632356628808,0.13613,0.13085,0.1264,0.12142,0.11631,0.1115
07-01-2026 09:20,26141.4,0.08632,0.10205571777809413,0.10909203622662152,0.11779,0.11197,0.11028,0.10553889146131545,0.10224525202699361,0.09837,0.09685728675190322,0.09413,0.09236,0.09057,0.08925,0.17962,0.17477,0.16989596482495795,0.16534,0.15958893600709906,0.1542,0.14753,0.14274,0.13849,0.13282,0.12789138867180871,0.122941973601352,0.11813845058886488,0.11353
07-01-2026 09:25,26139.35,0.09147,0.09318918451929271,0.09514,0.09933,0.09599,0.09204,0.09216,0.08954,0.08996,0.08861,0.08697,0.08613792268465538,0.08541,0.08452230879090904,0.1801,0.17574,0.17154,0.16534676682128063,0.15927,0.15424324928849603,0.14919,0.14245,0.13806,0.13242,0.12877,0.12349,0.11817,0.11287322944615534
07-01-2026 09:30,26128.95,0.1086,0.10842,0.1115,0.12248,0.10715,0.11098,0.10693106417614175,0.10286295055963973,0.09864,0.09511,0.09304,0.09123,0.08976679993553172,0.08843,0.18174,0.17692823079587167,0.17206,0.16502,0.15755,0.15278947959065897,0.14691,0.14209,0.13725707884158894,0.13184,0.12722,0.12252,0.11729,0.112
07-01-2026 09:35,26131.9,0.10462,0.10538,0.12459,0.12051,0.11225,0.11294,0.1087441342559834,0.10390269072771038,0.09896,0.09671622422307516,0.09412,0.09136,0.08999746194197131,0.08885,0.18193,0.17722137526769607,0.17226,0.16522,0.15924,0.15334,0.14784,0.1423,0.13748236941322972,0.1323683215486976,0.12733,0.12295,0.11743533163943368,0.11245297111241043
07-01-2026 09:40,26145.15,0.07079,0.07639,0.08313,0.08523,0.08587127188149568,0.08734,0.08610578667441843,0.08535453685797326,0.0845,0.08386,0.08346618534724223,0.08301,0.08262,0.08249,0.18277,0.1782,0.17265,0.16631,0.15993174166407925,0.15343,0.14961,0.14337,0.13832250395155612,0.13313,0.12864,0.12374,0.11872,0.11369825001789824
07-01-2026 09:45,26113.1,0.12201754597224237,0.11837,0.11667992703410851,0.11514,0.1083,0.1055,0.10226,0.10016483724767705,0.09741,0.09438,0.09237,0.0908979451391522,0.08924555079923491,0.08809,0.18107,0.17468,0.1704,0.16426,0.157,0.15289,0.14697,0.14089,0.13571,0.13075,0.12599,0.12090353042297153,0.11584607570321706,0.11071
07-01-2026 09:50,26110.0,0.12496215870420546,0.12087,0.11717578554093545,0.11318871930048513,0.1089584091519348,0.10476,0.09939,0.0968,0.09542,0.09316,0.09122,0.08978894937049345,0.08829674919244229,0.08699,0.18066937012686796,0.1745,0.17045,0.16367047521419056,0.15681,0.15155,0.14668022273994133,0.1413562778688076,0.13610325728318795,0.13068,0.12601,0.1210401811272711,0.11607,0.11095
07-01-2026 09:55,26108.9,0.13029,0.1327080202034104,0.13487,0.12716519951634342,0.12052933140102831,0.11328,0.11119979410523856,0.10798510218379832,0.10426,0.10032,0.09739,0.09479,0.09256,0.09083,0.18084,0.17444,0.16902272119519263,0.16358,0.15675,0.15173696326021088,0.14636,0.14063,0.1353,0.13052337356449573,0.12571,0.12040817555089876,0.11518481258389585,0.10983
07-01-2026 10:00,26140.3,0.09239,0.0877,0.115,0.11531,0.11123,0.10752,0.10161,0.0997188261488169,0.09726258694460363,0.09502855447635802,0.09255,0.09062,0.08911,0.08722450437594138,0.1828,0.17745,0.1717,0.16515,0.16067,0.15356,0.1481,0.14259,0.13747480039926302,0.13216,0.12774,0.12248,0.11732460555044466,0.1122
07-01-2026 10:05,26142.95,0.06606557189786623,0.08237,0.11304,0.10840114621554098,0.11037,0.11308,0.11004,0.10336,0.10275,0.09909,0.09652595204410513,0.0940030503849558,0.09181,0.08955837010707979,0.18298,0.17622,0.1714,0.16534,0.15961,0.15374,0.14828,0.14278,0.13766,0.13236,0.12794,0.12247,0.11739,0.11183
07-01-2026 10:10,26159.15,0.10591,0.10191778514832237,0.09886,0.09851641181470096,0.09854298287303859,0.0983546767703978,0.09807690058183478,0.09795970831383694,0.09799867777125962,0.09746,0.09524,0.09322152198712028,0.09117,0.08945,0.18562583932403617,0.17921625060627278,0.17292,0.16683,0.1609729913645273,0.15501,0.14937,0.14421,0.13893,0.1335,0.12947,0.12462,0.11843,0.11309
07-01-2026 10:15,26183.8,0.12049,0.09722,0.11136,0.09406,0.09202,0.09373978862836682,0.09326,0.08786,0.08838,0.08764432222949972,0.08634715279389243,0.08527,0.08415,0.08278043931625172,0.18267,0.17796965299606965,0.17293487494071066,0.1677051023957945,0.16269,0.15663,0.15123198807471105,0.14572,0.14048,0.13536,0.13028,0.12548,0.12019,0.115
07-01-2026 10:20,26169.15,0.13492,0.11376,0.12267,0.1153043372023761,0.10785,0.10353928802169142,0.09695,0.09399,0.09285,0.09170424867746602,0.08918,0.08778,0.08646,0.08546,0.18381,0.17694,0.17223474140691375,0.1675,0.16175363366293416,0.15607470410874355,0.15024,0.1452431471879013,0.13994,0.13449,0.12949,0.12431,0.11901,0.11379
07-01-2026 10:25,26152.25,0.14819,0.11685,0.11094325064633127,0.10144,0.09997711363203132,0.09634803423535157,0.09325,0.09388,0.0911,0.08960242212664687,0.08801,0.08672,0.0857,0.08459,0.18279,0.1759,0.1707401447362195,0.16552705908772508,0.16026,0.15459,0.14929916378933283,0.14378,0.13834,0.13291,0.12889,0.1234,0.11784,0.11258
07-01-2026 10:30,26130.45,0.14045,0.13392,0.12199,0.1172856073915835,0.11194724145756402,0.10631,0.10164,0.09839,0.09637574443072741,0.09407,0.09220487856857867,0.09021899098902933,0.0883,0.08712,0.18145,0.17666,0.17139,0.16528,0.15925615919564592,0.15318,0.14805,0.14233,0.13686,0.1314,0.12709,0.1217,0.11602,0.1102032001143789
07-01-2026 10:35,26133.05,0.13848,0.13213,0.12448488091914503,0.11688309668496927,0.109,0.10357,0.10081151215348466,0.09754,0.09843,0.09576231374924338,0.09299,0.09120412581003354,0.08935,0.08769,0.18566622270189662,0.17827049057718258,0.17133,0.16478,0.159072873136612,0.15317,0.1486,0.14301137849814977,0.13732189065019124,0.13159,0.12694,0.12169,0.1162741717295434,0.11086
07-01-2026 10:40,26144.05,0.13191050919665606,0.1239,0.11709455815822602,0.11069,0.1069359219314343,0.10253,0.10027058528256337,0.09761,0.09496,0.09290794138606892,0.09067,0.08909520433658388,0.08738,0.08609,0.18288,0.1775012057998968,0.17204,0.1655,0.15977,0.15409,0.14884240341441535,0.14327,0.13781,0.13264,0.12761,0.12227121932262022,0.11697,0.11169112094445285
07-01-2026 10:45,26141.15,0.12448,0.11937917355839626,0.11456,0.11150378978602513,0.10828,0.10332,0.10041,0.09745,0.09486271049647091,0.09195,0.09043,0.08885,0.08728552762240602,0.08575,0.18131,0.1766,0.17088617857549815,0.16533,0.15938,0.15392,0.14844,0.14292,0.13764592572268314,0.13204,0.12718,0.12241,0.11676,0.11153732817043081
07-01-2026 10:50,26146.85,0.15441,0.12166,0.12264,0.12576,0.11515568040975499,0.10062,0.10551330615391781,0.10421,0.10121,0.09751,0.09502,0.09229,0.09052,0.08866,0.18168,0.1763999978768651,0.17099751577360006,0.1657,0.15996621120725885,0.1543400708217777,0.14865,0.14331,0.13772,0.13245,0.12747,0.12241,0.11671,0.11127
07-01-2026 10:55,26168.55,0.11618,0.09908,0.10582,0.1032163004532679,0.10027,0.09883,0.09819,0.09465,0.09529,0.09294000804230995,0.0906,0.08877,0.08737,0.08584,0.18331,0.17727,0.1720794468338725,0.16687,0.16117,0.15568170723820884,0.1501,0.14478,0.13937,0.13411,0.12903,0.12355729444959544,0.11815,0.11277
07-01-2026 11:00,26160.15,0.14217,0.10926,0.12493,0.12832,0.12070479550450587,0.11632,0.11182,0.10649,0.10367,0.0996,0.09689,0.09419,0.09188,0.08799032536585283,0.18281,0.17727,0.17264,0.16635,0.1607048255469274,0.155,0.14973,0.1444,0.13896,0.1334,0.12844,0.12318,0.11743,0.11204
07-01-2026 11:05,26182.1,0.015456253143932421,0.06317,0.10803,0.11224,0.11009,0.10412,0.09991,0.09817,0.09524316040929576,0.0919,0.09035123322242941,0.08838,0.08688,0.0856,0.18446,0.17867,0.17404,0.16776,0.16186,0.15662854774837237,0.15124469059897122,0.14572,0.1405042364392552,0.13508,0.1299189326280739,0.12479,0.11926530310732925,0.11373
07-01-2026 11:10,26166.7,0.11057017559251894,0.10165,0.12041,0.11033984670972433,0.10432,0.10116505060360731,0.09812377006768369,0.09538773858576188,0.09292650592700469,0.08991,0.08867,0.08686806100742148,0.08535,0.08277491945683559,0.18353,0.1772,0.1719482215154352,0.16679,0.16173,0.15382,0.1495799583585806,0.14469,0.13988,0.13401,0.12889825042482655,0.1239,0.11804,0.11274
07-01-2026 11:15,26148.15,0.12541507232089466,0.12068,0.11820269127348007,0.11697,0.10479,0.10114,0.1016364666291713,0.10015,0.0981073306178587,0.09560145701792275,0.09307,0.09108409904894414,0.08902,0.08724,0.18212,0.17646,0.17102615069507227,0.16562,0.1597,0.15445,0.14843,0.14362,0.13802,0.13232,0.12739250501129906,0.12244,0.11685,0.11124
07-01-2026 11:20,26148.9,0.13325,0.13002482624011777,0.13221,0.10563,0.10438,0.10233369912376837,0.09484,0.09535,0.09437219703633781,0.0912,0.08892,0.08742,0.0862,0.08517,0.18359895412652802,0.1776565934451929,0.17222,0.16569,0.1600119574758115,0.15412,0.14849,0.14342719756110672,0.13808,0.13238,0.1278,0.12240842401357833,0.11702607996617218,0.11139
07-01-2026 11:25,26140.4,0.14019,0.1369421354257513,0.13724,0.11602,0.10911,0.10876371082037295,0.10491189289394778,0.10145180789239905,0.09827075995608253,0.09357,0.09253193291799185,0.08967,0.08807,0.08663,0.1855089472166216,0.17822952357718644,0.17146,0.16493,0.15901,0.15337,0.1481883714368437,0.14296,0.13732446340988713,0.13166,0.12657001509399526,0.12146,0.1159,0.11031
07-01-2026 11:30,26144.45,0.13223,0.1238,0.13491,0.12795,0.10692,0.10959,0.11051,0.10497,0.10233049092202635,0.09905,0.0955,0.0933,0.09089,0.08913,0.18165,0.17587,0.17124,0.16588,0.1595,0.15408691859182316,0.14869371576188994,0.14324,0.13734,0.13195,0.12677,0.12154,0.11602,0.11071
07-01-2026 11:35,26160.05,0.1379,0.10954,0.12705,0.11342,0.1144,0.09898,0.09966415654316317,0.0955,0.09382,0.09112,0.08876,0.08744742634869884,0.08612,0.08473,0.18262,0.17686,0.17249,0.16689,0.16051,0.15488,0.14989,0.1443,0.13873,0.13329352753975995,0.12776,0.12260227597314088,0.11739,0.11192
07-01-2026 11:40,26147.1,0.1315204257403877,0.12168,0.13513,0.11628,0.11275023339038537,0.10735,0.10434,0.10149923861590358,0.09677,0.09297,0.09119,0.08937,0.08726359001851094,0.08616,0.18184,0.17681146453031832,0.17137341335123668,0.16608,0.15948,0.15385,0.14842,0.1431408013674203,0.13755,0.13244,0.12735,0.12187,0.11653,0.11076
07-01-2026 11:45,26136.15,0.15533,0.13021,0.12589220299255607,0.12027228960683387,0.11518116442601842,0.11004790009434284,0.10479,0.09917,0.09782,0.09505,0.09244,0.09021,0.08860097202187159,0.08711,0.18118,0.17565,0.17034543352299497,0.16517,0.15913899063701353,0.15314,0.14771,0.14255,0.13711,0.13168,0.12657,0.12108,0.1157482095921176,0.11045
07-01-2026 11:50,26138.65,0.13700858367162017,0.12839,0.12183,0.10693,0.11294,0.106533614094535,0.09978718761681932,0.09332,0.09232,0.08996,0.08826,0.08661,0.08554251655866812,0.08458,0.18163,0.17566,0.170262831964063,0.16488,0.15905892197716942,0.15312,0.14796563693008913,0.14256,0.1371989379796716,0.13173,0.127,0.12127,0.11611,0.11082
07-01-2026 11:55,26126.7,0.14801717771452166,0.13681,0.12255664868101107,0.11165,0.11006,0.10405,0.10098753254565443,0.0968,0.09529929043063955,0.09312040411576852,0.09077,0.08936572841265135,0.08774307655856797,0.08637,0.18277251936100666,0.17639834915411154,0.17019,0.16413,0.1582,0.15235,0.14692,0.14193,0.13603,0.13077,0.12604,0.12062,0.11541,0.11042
07-01-2026 12:00,26121.55,0.16447,0.14018,0.12062,0.11775292553117489,0.11178714703798438,0.10525,0.10099,0.09795,0.09557,0.09277,0.09077,0.08877,0.08726465215445936,0.08587,0.18089,0.17468,0.17036,0.16382,0.15788,0.15231900345350657,0.14659,0.14128958575093847,0.13584,0.13042,0.12544,0.12036,0.11541,0.11002
07-01-2026 12:05,26110.95,0.17059,0.14647466410281534,0.12592,0.11854,0.11393,0.1095298263065625,0.10471,0.10166379650998303,0.09832748166613656,0.09505,0.09261,0.09078533862005775,0.08895133455724925,0.08731,0.18024,0.1748935602271556,0.16946,0.16361,0.1577693827063389,0.15196977754036134,0.14608,0.1408211624207065,0.13542,0.13009,0.12564,0.12023,0.1149,0.10954
07-01-2026 12:10,26110.45,0.1581729873833838,0.14699,0.12624,0.12268,0.11667385061848379,0.10926,0.10682,0.10029,0.10023,0.09643,0.09378,0.09151,0.08936,0.08778027332006781,0.18051,0.17387,0.16862372965785138,0.16336,0.15632,0.15152,0.14588,0.14087,0.13554,0.13007,0.12538,0.1200090428297809,0.11469,0.10926
07-01-2026 12:15,26107.4,0.1726,0.15872473129922982,0.14580114980082742,0.13363822665199598,0.12162533240899306,0.11083,0.10355,0.10073273939063218,0.09722,0.09467,0.09205,0.09009,0.08853,0.08725,0.18033,0.17372,0.16902,0.16318,0.15679,0.15142010407073886,0.14568,0.14051,0.1352,0.13013,0.1254,0.11967,0.11490828185361712,0.10987794453995456
07-01-2026 12:20,26103.3,0.14749,0.15113,0.12846,0.12228,0.11926297986803402,0.11396057733729348,0.10716,0.10184,0.09835,0.09687376339813966,0.09375,0.09145,0.08962,0.0882,0.18064,0.17369,0.16834428653188638,0.16293,0.15675,0.15088,0.14582867752358064,0.14063857391657417,0.13537,0.12972,0.12512,0.1199,0.115,0.11016537041867346
07-01-2026 12:25,26106.55,0.14529,0.13601162177043533,0.12654,0.11526,0.11023,0.10932,0.10306,0.09924,0.09688,0.09433,0.09216,0.09040329240284622,0.08851,0.08719,0.18086,0.17367,0.16924,0.16338,0.15697,0.15111,0.1461168867576239,0.1408,0.13589021489098357,0.13084692280538662,0.12583,0.12057,0.11544,0.11046
07-01-2026 12:30,26108.85,0.13773633658796658,0.13189,0.12764,0.12135,0.11389,0.1097,0.1052,0.10143,0.09905,0.09602,0.09375,0.09175445092384342,0.08962,0.0881,0.17915879626321798,0.17382,0.16778540724991406,0.16214057502179252,0.15677018709150503,0.15127,0.14704,0.14160696531236197,0.13609339946810528,0.13053,0.12554,0.12044,0.11535,0.11008
07-01-2026 12:35,26106.25,0.13895,0.1306468350076894,0.12314676556435734,0.11553,0.11035,0.10842,0.10532156716972646,0.10202975534148402,0.09871,0.09611,0.09355,0.09130436943536638,0.08912,0.08712692534233361,0.17976,0.17473,0.1689390636582337,0.16316,0.1574494737889513,0.1517410817178828,0.14602,0.14097,0.13531,0.13035,0.12571,0.12036,0.11516,0.10979726141649294
07-01-2026 12:40,26103.5,0.11991,0.11696,0.11289,0.10667,0.10291,0.09956141054641057,0.09545,0.09235,0.0917,0.08965,0.08826,0.08653,0.0853,0.08439,0.1796,0.17457,0.16884,0.16299,0.15724,0.15153,0.14638,0.14079,0.13557,0.13083,0.12552,0.12089,0.11587,0.11103437265552928
07-01-2026 12:45,26084.3,0.13611,0.13107,0.1253,0.11451,0.11253,0.10675,0.10278450480096495,0.0982,0.09613,0.09317,0.09116,0.08921,0.08776132600724142,0.08642,0.17728455819241998,0.17193,0.16633146040983102,0.16086,0.156,0.15028,0.14493533857200852,0.1395,0.13425,0.12896,0.12449,0.11950326782329981,0.11450717693539159,0.10937
07-01-2026 12:50,26084.8,0.1380540857662555,0.13076,0.12502,0.11853168160155958,0.11181,0.10873,0.10386,0.09994,0.09747,0.09457,0.09258,0.0907981187593152,0.08887,0.08759,0.17985,0.17281,0.16768,0.16159,0.15605,0.15118,0.14537283397162926,0.13954,0.13415,0.12926195442324623,0.1243,0.1192,0.11391,0.10908290780953867
07-01-2026 12:55,26089.25,0.13026120096085944,0.12699552435508638,0.12235,0.1206,0.11469,0.10908,0.10466,0.10084,0.0984,0.0947,0.09279,0.09043,0.08873,0.08741,0.1788041254542315,0.17320511649249196,0.16774,0.16189,0.15651187293089713,0.15117,0.14577,0.13937,0.13418,0.1288,0.12429,0.11934,0.11381,0.10882294523998928
07-01-2026 13:00,26099.15,0.13774,0.1283135063747115,0.12114,0.11955,0.11469,0.10982,0.10569520282098899,0.10038,0.09815,0.09453,0.09202,0.09013,0.0883,0.087,0.18015137548480084,0.17435,0.16852271327188306,0.16276,0.15729,0.1513,0.14581708038903501,0.14022,0.13492385429354653,0.12951,0.12442,0.11914,0.1141,0.10906088385861347
07-01-2026 13:05,26103.3,0.12165085841978829,0.11724,0.11697623476786859,0.11697,0.11188,0.10707292134041643,0.1025,0.09934,0.09665,0.09441143959707837,0.09115,0.08940889264875829,0.0873,0.08606,0.17966,0.1741860487089995,0.16866,0.16285,0.15729,0.15201,0.1464115101150809,0.14082247823244828,0.13517,0.12993335726488403,0.12461,0.11956,0.11452,0.10938
07-01-2026 13:10,26105.85,0.13259,0.11512,0.11796081436448391,0.11921,0.11180722562325468,0.10426,0.10056,0.09869612630900867,0.09497,0.09178,0.08993,0.08809,0.08646608848634046,0.08572,0.1789,0.17454,0.16883,0.16274,0.15661,0.15176,0.14625256141944432,0.14036,0.13536,0.13032929037502583,0.12511931207530608,0.11997,0.11473,0.10925
07-01-2026 13:15,26097.2,0.13545,0.12209,0.12036082638714288,0.11716585294327178,0.11389,0.10965758641402053,0.10518626410577571,0.10025,0.09667,0.09342,0.0919,0.08937,0.08777976889193301,0.08674,0.17932,0.17401,0.16878,0.16261,0.15718,0.1512,0.14514,0.14012,0.1350143722454304,0.1298,0.1249,0.11945,0.11427719304782866,0.10916
07-01-2026 13:20,26097.45,0.13528,0.12192,0.12229,0.11051,0.10726,0.10272,0.09787,0.09553,0.0935,0.09048,0.08899,0.0875612943057667,0.08593,0.08506,0.17786,0.17271,0.16753401726000308,0.16248,0.15609,0.15123,0.14535,0.14012128098225118,0.1348,0.12982,0.12472346792148836,0.11962549431557755,0.11450224113876634,0.10935
07-01-2026 13:25,26076.35,0.13635,0.133954623630193,0.13447,0.11507,0.11124,0.10481,0.10174,0.09931407519468172,0.09578,0.09287474195070992,0.09102,0.08649057839854372,0.08360497735083176,0.08082964874781874,0.17677,0.17141,0.16651,0.16114,0.1553726311685112,0.14967285095098404,0.14396,0.13872,0.13347823413076249,0.12821999321541697,0.12294,0.11771,0.11287,0.10791208747865333
07-01-2026 13:30,26070.0,0.14088,0.13372874610479657,0.12679460599481726,0.11987,0.11361,0.10925992056356766,0.10490301287725039,0.10029,0.09752004602608924,0.09434,0.09254,0.09022,0.08856,0.08753997591917408,0.17822,0.17166,0.16625807533439974,0.16075,0.15539,0.14993,0.14421680346539145,0.13846,0.1331139372470938,0.12764,0.12272,0.11764423061681319,0.11258,0.1072
07-01-2026 13:35,26074.55,0.17238461924312962,0.1506236577058145,0.13547,0.12112,0.1144,0.11189,0.10505,0.10046,0.09766,0.09457,0.09234,0.09053325892631339,0.08867112820143788,0.08695,0.17813828185643205,0.17245093277400692,0.16691,0.16108,0.1556031363939291,0.150128930534752,0.14467,0.13862,0.1328,0.1281,0.12259,0.11738,0.11206341547504056,0.10678958831005325
07-01-2026 13:40,26074.2,0.13798,0.13149,0.13567,0.12470930485304088,0.11374,0.10955763536010928,0.104,0.10033,0.09781,0.09508746828880343,0.09207,0.09026,0.08842,0.08693,0.17851,0.1727569368880652,0.16691291705045477,0.16104,0.15485,0.1497486302199798,0.14464,0.13877,0.13308,0.12729,0.12293,0.11799,0.11267771936835425,0.10731
07-01-2026 13:45,26072.8,0.14514508924554395,0.1375,0.13103808748096404,0.12452,0.11755,0.1126,0.10713,0.10257,0.10008,0.09637,0.09394,0.09167,0.08976,0.08827,0.17844,0.17248773686931448,0.16658,0.16102794814521026,0.15546670595337486,0.14982,0.14267,0.13852,0.13297642110513158,0.1272,0.12272,0.1174939839351597,0.11227,0.10712
07-01-2026 13:50,26083.4,0.1311,0.13079,0.13071,0.11458,0.1109,0.10573,0.09955,0.09775,0.09571,0.09249,0.09049,0.08864,0.08724,0.086,0.17843180104169293,0.17271823720758997,0.16703,0.16118160079658464,0.15547,0.15029,0.14357,0.13909,0.13359,0.12796,0.1235,0.11838,0.11309,0.10797
07-01-2026 13:55,26079.6,0.13406,0.13292942790152046,0.13283,0.12454,0.11271,0.11314,0.10907842161428957,0.10267,0.09951,0.09595,0.09371,0.09128,0.08905284481794518,0.0879,0.17644,0.17088,0.1663,0.16097,0.15524,0.14995,0.14435705296365586,0.13868,0.13328149341852127,0.1277,0.12323,0.11758,0.11262,0.1075479447784187
07-01-2026 14:00,26088.65,0.13114612050109636,0.12726,0.12103730961951659,0.11600119695921461,0.1118319668134452,0.10736,0.10616,0.102910881344667,0.09891,0.09497,0.09315831533944043,0.09048,0.08855,0.08723,0.1780106942608987,0.17238469882821816,0.16664,0.16202,0.15453,0.15055,0.14487,0.13898,0.13368,0.12808,0.12366,0.11826,0.11304,0.10766
07-01-2026 14:05,26096.3,0.11994,0.11706330307489145,0.11491,0.11938,0.10453,0.10799,0.10488764249775853,0.10118913619265257,0.09721327232079455,0.09296,0.09098,0.08920559698494548,0.0871,0.08586,0.17797,0.17139,0.1668921320879644,0.16253,0.15639037203762937,0.15048,0.14519069317918043,0.13967,0.13406,0.1293,0.1241,0.11873,0.11363,0.10818
07-01-2026 14:10,26100.95,0.11527,0.1133908258052374,0.11166,0.11718,0.11112997902383513,0.10686,0.10024,0.09667,0.0947142646479437,0.09231294437141851,0.09010359298944556,0.08774,0.08638622522466757,0.08509,0.189494903767176,0.17951755577845382,0.17056429038630086,0.16284,0.15557,0.15020986627451882,0.1446,0.14033,0.13485,0.12962329444272583,0.12445,0.11951,0.11389,0.10872
07-01-2026 14:15,26097.3,0.12534646671554428,0.12055,0.11426,0.11114,0.1074545242739529,0.10373,0.09785,0.0960312283477507,0.09355,0.09092,0.08927839674998513,0.08749,0.08602,0.08508059467290281,0.17776,0.17148,0.16773,0.16193,0.15535,0.15096,0.14437,0.13993,0.13446,0.12926,0.12455,0.11925,0.11381,0.10886
07-01-2026 14:20,26090.7,0.12516,0.12549,0.12003859212773466,0.11458,0.10805,0.10567573985768541,0.10217,0.09626,0.09463,0.09177,0.08988,0.08817294787895512,0.08632,0.0852,0.17730579967405202,0.17108,0.16806,0.16129,0.15707,0.15093,0.14504,0.13958145293450272,0.13371,0.12826,0.12397,0.1185756141081792,0.11323,0.10826
07-01-2026 14:25,26090.45,0.1254,0.12569,0.11939594133394393,0.11309,0.11201,0.107726313892259,0.10202,0.099933249765035,0.09694978160488538,0.09333,0.09125,0.08946726123674342,0.08744,0.08588,0.17707,0.17274913823087135,0.16806,0.16128,0.1556847489937373,0.14994,0.14486,0.14014,0.134,0.12826,0.12384,0.11834,0.11312,0.10767
07-01-2026 14:30,26098.65,0.11775,0.11538999869099942,0.11338,0.11283,0.108,0.10375,0.0957,0.09374,0.09245,0.08931,0.08759,0.0864321659574002,0.08508,0.08388,0.17759,0.1716,0.16859,0.16182,0.15844,0.15109,0.14578,0.14087,0.1349691333182813,0.12884,0.12407033569272963,0.11906,0.11385,0.10861116784725976
07-01-2026 14:35,26088.15,0.12742,0.12736,0.12038,0.12188,0.1129,0.10654,0.10417115424195508,0.10076,0.09788200935908309,0.09465,0.09268,0.09026,0.08839549367240249,0.08652780214272802,0.17696,0.17096,0.16632503320182426,0.16160819958991635,0.15715,0.15041,0.14519094382424722,0.14,0.13416,0.1289922905728556,0.12393,0.11843526675211051,0.11309426006834268,0.10777742028725965
07-01-2026 14:40,26097.55,0.11889,0.12046,0.11999898809815343,0.12266,0.10834,0.11052,0.10398,0.10004,0.0976,0.09418,0.09229981954705183,0.09003,0.08824,0.0868,0.17856526343541262,0.17267,0.16855,0.163029084076532,0.15778,0.15104,0.145976329943853,0.14082,0.13497,0.12956887035819914,0.12414,0.11889,0.11311,0.10771344888459645
07-01-2026 14:45,26107.25,0.12396,0.11763,0.1223,0.1121571539899581,0.10319,0.10394,0.09526,0.09287,0.09155,0.08889,0.08757528540613896,0.08584,0.08476,0.0837,0.17915654809325232,0.17329,0.1686945665461324,0.16401,0.15799981089432735,0.15221959429454668,0.14639,0.1408399933035117,0.13506,0.12989,0.12485,0.11946105889362449,0.11414,0.10874174764396805
07-01-2026 14:50,26098.4,0.13162,0.1290852398931514,0.125587502888792,0.12292,0.11732429584804197,0.11258,0.10664,0.1023,0.09961407451680912,0.09579,0.09332,0.09112,0.08936333460130214,0.08787070352330421,0.17642,0.17245976529993004,0.16780439573196193,0.16272269689881536,0.15807,0.15112,0.14581,0.1404785583948892,0.13504233783581066,0.1295915071651204,0.1241,0.1186759624147534,0.1132,0.108
07-01-2026 14:55,26113.35,0.13149,0.12732,0.11988,0.1167,0.10902,0.10408,0.10127,0.09859905978520023,0.09552,0.09223,0.09015,0.08840656688138138,0.0865,0.08529,0.17946,0.1744238036055066,0.16935,0.16354268077384468,0.15785312945350538,0.1521564059728705,0.14645,0.14127,0.13547168535349186,0.12937,0.12507,0.11986,0.11433,0.10908
07-01-2026 15:00,26123.1,0.12276,0.11978,0.11306,0.11132,0.10302,0.10126566748944751,0.09855,0.0946,0.09264188213277022,0.09028,0.08881,0.08709,0.08573434213177153,0.08446,0.17827,0.1738643723369086,0.16948,0.1653,0.15908,0.15355,0.1473,0.14211,0.13767,0.13048,0.12578,0.12037,0.11508,0.10993637671020708
07-01-2026 15:05,26133.7,0.11118,0.11022,0.1100358523547656,0.11163,0.10334,0.10225,0.09753,0.09433,0.09236610699125458,0.08993,0.08822,0.08652,0.08529747359628122,0.08439060356130695,0.17893,0.175,0.16966,0.16599,0.158763116443705,0.15163,0.14746,0.1421426852804713,0.13677,0.13081,0.12618,0.12072,0.11529,0.10998
07-01-2026 15:10,26142.1,0.09884,0.11876,0.11059,0.11222,0.10533,0.10244,0.09801,0.09482,0.09307,0.0906,0.08896,0.08703063278314224,0.08575,0.08292117623248121,0.18017710707266066,0.17441,0.17014507170215398,0.16564,0.1597134033451419,0.15424,0.14863020955770762,0.14319614180625606,0.13766,0.13155,0.12641,0.12179,0.11633,0.11055
07-01-2026 15:15,26147.8,0.10654,0.10616420214889527,0.10582,0.10228477312539963,0.09850761198623281,0.09421145844678089,0.08989,0.086,0.08722,0.0861224816390541,0.08507,0.0840461651857285,0.08305,0.08206844919591659,0.17951,0.1759,0.17108,0.16531,0.1599904973645555,0.15482,0.14842,0.14365,0.13775,0.13182,0.12758,0.12219682014576637,0.11657,0.11146268608745546
07-01-2026 15:20,26138.3,0.11792,0.12203,0.1136,0.10598,0.0986,0.09832,0.09507,0.09349496056220588,0.09046,0.08884,0.08713,0.0856339682586221,0.08502,0.08240362610791173,0.18137,0.1742,0.17198,0.1656337871710804,0.15903721033989818,0.15239,0.14836,0.14335,0.13727,0.13102,0.12552,0.12142,0.11616,0.11054
07-01-2026 15:25,26139.7,0.11638,0.12088,0.11254,0.10620933168394939,0.09944,0.09616,0.09398,0.09147,0.09192,0.08934202159558537,0.08703,0.08549,0.08304088739008275,0.08122556046382907,0.17936,0.1755102874667618,0.17159,0.16754,0.16085,0.15228,0.14936,0.14228,0.13722,0.13180677467642832,0.12627,0.12052,0.11608,0.11012
08-01-2026 09:15,26101.75,0.11678,0.10193230213818297,0.09164,0.11444,0.09806,0.1029,0.09933,0.0938,0.09226,0.09026,0.08847,0.08730034845222502,0.08673,0.08411035720193621,0.18174,0.17806,0.17069,0.1650467002421243,0.15934,0.15373885850250815,0.148,0.1422586646286063,0.13646992462819615,0.13056,0.12504,0.11964,0.11443,0.10864373824486148
08-01-2026 09:20,26109.7,0.10711,0.10114953914469618,0.09625368948790979,0.09165,0.09017,0.08900554928233528,0.08783,0.08680342510660807,0.08575125764465871,0.08471484828540282,0.08368,0.08269,0.08171221315272885,0.08074873805482177,0.18366610024566848,0.17724,0.17249,0.1658409146801384,0.15934,0.15404,0.14616,0.14272,0.13626,0.13099,0.12592869303155435,0.12072464408586492,0.11556,0.11016
08-01-2026 09:25,26087.55,0.10989,0.10727096693442158,0.10509,0.09447,0.09178,0.0908,0.08627,0.0861,0.08568,0.08435,0.08391841994640438,0.08332,0.08280422329883966,0.08234,0.18263,0.1771351767897839,0.17156,0.16524423922927528,0.15900387599067212,0.15257,0.14449,0.14138,0.13473,0.12985,0.12516,0.12037,0.11455,0.10927
08-01-2026 09:30,26063.1,0.13321,0.11416875496483181,0.10224,0.1061,0.09787,0.09834,0.09432,0.0918,0.091,0.08905,0.08802279231743412,0.08672504892859184,0.0856,0.0849,0.18109,0.17429,0.16853029631010508,0.16276098468744865,0.15695,0.1500934752240819,0.14305,0.14003,0.13411,0.12881509958409582,0.12358656443736063,0.11844906152696869,0.11343427366288729,0.10857
08-01-2026 09:35,26053.95,0.14005,0.12607193229752994,0.11711838229207691,0.11131334550063167,0.10269,0.11067,0.10566,0.10007,0.09821731687036818,0.0958510835089053,0.09373563231987453,0.0915,0.09,0.08725019319842761,0.17789,0.17339008461910993,0.16867,0.1623394429924548,0.15635,0.15153,0.14552076681827503,0.13941,0.13378,0.12874442329531272,0.12355,0.11742,0.11243,0.10685
08-01-2026 09:40,26092.65,0.08391826665054505,0.07222,0.10736,0.10182,0.09554,0.09331919460866922,0.09243,0.09023,0.08867,0.08688,0.08609410181416441,0.08492767209140978,0.0839458038264484,0.08339,0.1815415649043551,0.17621,0.17119,0.16507445733529627,0.15915,0.15415,0.14546,0.14211,0.13591,0.13051581505865822,0.12515724252419122,0.11989886664562799,0.11478933168043738,0.10987
08-01-2026 09:45,26077.7,0.12038,0.09884,0.10416206833750644,0.1063,0.09633,0.09896,0.09438,0.0934022445589828,0.09190081611311006,0.09023,0.08831,0.08718,0.08581,0.08395559283309534,0.18062,0.17472,0.17048,0.16608,0.15918853019713586,0.15256,0.14601,0.14108,0.13543687208142488,0.12961,0.12496,0.11967,0.11477,0.10919
08-01-2026 09:50,26070.8,0.12674,0.12348,0.12005173970043984,0.11669834706332184,0.1131787541943697,0.1098,0.10385,0.09989,0.09782229496965233,0.09522,0.09286,0.09054,0.08891702662545796,0.08742,0.1802,0.17457,0.1698,0.16382106258204918,0.15795,0.15191,0.1463182938330289,0.14061,0.13485,0.12954,0.12542,0.11937,0.11424,0.1088836285995479
08-01-2026 09:55,26089.4,0.11893,0.11416964982334578,0.10995,0.10776,0.1017,0.09898,0.09518,0.09178,0.0904092348730195,0.0884,0.0873793184326592,0.08609,0.08468,0.08383,0.18197,0.17577,0.17225,0.16610848540717915,0.15995962588319051,0.15377,0.14812,0.14291,0.13744649777962561,0.1319775531212566,0.12645,0.12099144566218976,0.11553620139583518,0.11007702025710586
08-01-2026 10:00,26081.9,0.12612,0.11463,0.11541,0.09567,0.0905,0.09307,0.09216,0.0894420459929737,0.08683,0.08587169152772658,0.08465923089655081,0.08348,0.08295,0.08222,0.18152,0.17531,0.17055,0.16595,0.15977,0.15308,0.14762,0.1424,0.13651415611685508,0.13036,0.12591,0.12012,0.1156,0.1098
08-01-2026 10:05,26068.05,0.13746,0.12556,0.10291,0.10356766882253293,0.09975,0.09371,0.09157112740630133,0.08884,0.08805867621126512,0.08682748814360611,0.08564,0.08442,0.08374,0.08362124157314653,0.1829,0.17444,0.1704,0.16505,0.15844,0.15236,0.1465,0.14209,0.13589,0.13005,0.12499172964652251,0.11972,0.11452,0.10903
08-01-2026 10:10,26050.3,0.11045836070921478,0.11299723743392681,0.11243,0.11244,0.1088241607526661,0.10496,0.10127445370230623,0.09769793392147574,0.09397,0.09127,0.08964,0.08765,0.086336188831303,0.08499145831350294,0.18178,0.17564797639080565,0.1695245804105372,0.16339824913091527,0.15727,0.15117,0.145922529508403,0.1407,0.1342,0.1289,0.1237,0.11806,0.11264052847457626,0.1071641060503044
08-01-2026 10:15,26055.25,0.12383,0.13428,0.11740231540693204,0.10141,0.0969,0.09664440687697945,0.0930706487481654,0.0878,0.08858309223539873,0.08648,0.08536604044288365,0.08406,0.08321,0.08119207564738086,0.18044,0.17472,0.17055,0.16423,0.15803,0.15249,0.14583,0.14054267674148158,0.135,0.12954,0.12443,0.11939,0.11427,0.10940400180513822
08-01-2026 10:20,26034.9,0.11984085972048211,0.11514,0.11445,0.10932,0.10163,0.10165,0.09571,0.09396,0.09295,0.091,0.08918,0.08756,0.0862913928183926,0.08519,0.17801,0.17343,0.16923,0.16312,0.15709,0.15112,0.14533,0.14027,0.13414,0.12859,0.1235,0.11824,0.11347,0.10802
08-01-2026 10:25,26034.15,0.1258696278259338,0.12074,0.11495,0.11114639277827199,0.10729735812801924,0.10359411103861238,0.09973,0.09619,0.09422,0.09234629229333438,0.09026,0.08852,0.08737,0.08649729835574027,0.17913,0.17405846785152834,0.16860491920880633,0.1633,0.15706,0.15089,0.14564190381327946,0.14023,0.13396,0.1288,0.12346021125783521,0.11819,0.11251056849944541,0.1071142730768271
08-01-2026 10:30,26034.2,0.13043,0.12296,0.11789826915624563,0.11248,0.10654,0.10325,0.0989,0.09655,0.0947549250511543,0.09269,0.09096,0.09036926873124687,0.09000797918453143,0.09001877984469249,0.17952406102677054,0.17341,0.1693846068147031,0.16481,0.15625,0.15166,0.14613004452455103,0.14032481615235598,0.1344,0.12945,0.12358,0.11841,0.11343,0.10783
08-01-2026 10:35,26040.5,0.11556,0.1184,0.10955,0.10308,0.09929,0.09834,0.09570134242690892,0.0917,0.0908,0.08960639602942957,0.08801,0.08660649128502881,0.08555,0.08383955645941947,0.1804,0.17561619467745146,0.170225775085771,0.16525,0.15832035751613938,0.15173,0.14627,0.14086,0.13472,0.12929,0.12429,0.119,0.11438,0.10882
08-01-2026 10:40,26027.15,0.12731,0.12345766562638069,0.11939,0.11333250303033572,0.10746,0.10523,0.09862,0.09658273969773001,0.09385,0.09213051813063396,0.09018,0.08883150132070383,0.08743717367834475,0.08618,0.17956,0.17298,0.1676066190427259,0.1622028059101462,0.15683,0.15080442470367028,0.14466,0.13962,0.13434,0.12845,0.12352,0.11748,0.11258396291719877,0.10803
08-01-2026 10:45,26033.1,0.12525516567695938,0.1205076961485545,0.11577,0.11123317725306216,0.1065048583094477,0.10168,0.09616,0.09329,0.09228,0.0904,0.08908,0.08753,0.0860162342329667,0.08453430737537448,0.17855,0.1735239596610173,0.16848,0.1635,0.1573320562336497,0.15125,0.14402,0.1402,0.13407,0.12838,0.12398,0.11885,0.11398,0.10838
08-01-2026 10:50,26029.85,0.11819,0.12603,0.10632,0.10406667971553524,0.09795,0.09934,0.09736134560532288,0.09317,0.09208,0.09089462899776525,0.08927,0.08758,0.08634,0.08440575754503792,0.17836,0.17280251338709746,0.16730660133471098,0.16186068859109326,0.15642,0.15122,0.1454,0.14014,0.13441,0.1293,0.12408,0.11841,0.11340895483582988,0.10857
08-01-2026 10:55,26018.95,0.12741,0.13303,0.12005116219903138,0.10692,0.10646686114323302,0.10154,0.09625,0.09308,0.09332,0.09202260141621665,0.08964,0.08828,0.08684,0.08605,0.17825,0.1725,0.16726963417591575,0.16215,0.1557,0.15049,0.14465,0.13969,0.13433,0.12879176424140432,0.12321720197977933,0.11767,0.1138,0.10806652181515851
08-01-2026 11:00,26016.4,0.12889,0.11864,0.10849,0.11085,0.1006,0.10269,0.09771,0.0946,0.09377,0.09163,0.09019260788590262,0.08867,0.08761,0.08668631470828304,0.17908269403570212,0.17345171662823367,0.16774403934657997,0.16178,0.15696,0.15059708358250484,0.14414,0.13982,0.13447059533510924,0.12894,0.12402938978608785,0.11922,0.114049515097372,0.10905745151166665
08-01-2026 11:05,26011.95,0.13223,0.1252560146202938,0.11867326883874327,0.11196,0.10664577153240112,0.1012,0.09888,0.09677745163616225,0.09461705041311844,0.09243,0.09105055321257916,0.08958081316358843,0.08817,0.08698,0.18407183889731196,0.1758,0.16808,0.16128,0.15582184505862984,0.15004,0.1448556157926934,0.13952,0.13428752011820583,0.12899,0.12400372220126415,0.11898,0.11392,0.1088
08-01-2026 11:10,26009.35,0.14919213492811342,0.13098,0.11365,0.10859,0.10500905474970448,0.10029,0.09856,0.0962906612146264,0.09379903050251934,0.09127,0.08993,0.08862,0.0876,0.08655,0.17986,0.17346,0.16734390265198207,0.16112,0.15559656090626672,0.14987,0.1450720011927799,0.14024,0.1352309590719458,0.13022058801028502,0.12518788822497137,0.12013887918958924,0.11509,0.10994
08-01-2026 11:15,26005.55,0.1328124075176881,0.12268,0.1073,0.10588,0.10003,0.09851,0.09432,0.09407,0.09265228008914356,0.09112,0.09005900531286073,0.08897651605670462,0.08795784580424787,0.08703,0.18067,0.17517,0.171,0.16499977781008462,0.15905912199162378,0.1529743483103605,0.14687,0.14114,0.13579,0.13133,0.12617,0.12104878387543952,0.11597,0.11087
08-01-2026 11:20,25984.4,0.14374,0.13566,0.11071,0.10712886629551932,0.09902,0.09844233781823938,0.09553,0.09345,0.09251,0.09152844646755712,0.09050279424949897,0.08947,0.08844387636936647,0.0877435625749546,0.17931,0.17519,0.17042,0.16514,0.1596,0.15392070261841811,0.14827699884681728,0.14263,0.13824,0.13264,0.12703,0.1220481574394597,0.11699,0.11194
08-01-2026 11:25,25968.0,0.13393,0.14451,0.12953702091270194,0.11621,0.10783,0.10532,0.10246,0.09972,0.09817,0.09555,0.09434293042898922,0.09258,0.0912,0.09028,0.17993964306006188,0.17477706848080515,0.16954,0.1644,0.1588761139751554,0.153316146658358,0.14772412034946986,0.14212782197244117,0.13656,0.13107592482285885,0.1256174146225953,0.12017,0.11526,0.10994
08-01-2026 11:30,25968.05,0.15549310916334444,0.14451,0.1352459399344763,0.12656291567146977,0.11856097584118874,0.1111199794793773,0.10367392621902258,0.09904,0.0971082712837231,0.09546085331038694,0.09381,0.0924,0.09118,0.09058,0.17803553005388573,0.17458,0.17075,0.16491557868532616,0.15903352344470245,0.15315,0.14693,0.1421,0.13492,0.13033786766159336,0.1255267416109434,0.12068,0.11592,0.11084
08-01-2026 11:35,25971.65,0.12810180489106743,0.12486254548353601,0.12047,0.11888,0.11249,0.10861,0.10423,0.10083,0.09891627457275551,0.09641,0.09465,0.09281,0.09139,0.08966764197472259,0.1809614096422531,0.17483,0.17042,0.1642604481266935,0.15823,0.15199,0.14655581540970228,0.1409568328155245,0.13508,0.13018397019623368,0.12493,0.11958402782650271,0.11426,0.10886
08-01-2026 11:40,25983.85,0.13538,0.11016,0.11307,0.10963,0.10708856465266467,0.10353790114766603,0.10032409218893283,0.09626,0.09523,0.09304,0.09174,0.0905,0.08937,0.08904,0.17934,0.17566,0.17105,0.165000066974967,0.15901537379782346,0.15302,0.14719314688823076,0.14137635323868208,0.13551,0.13019,0.12571,0.12043411019933369,0.11521,0.10985
08-01-2026 11:45,25973.8,0.12243,0.11941191362623757,0.11561762784261066,0.11130968535380611,0.10746,0.10034,0.09668,0.09626864758540046,0.0941,0.09330536042500476,0.09183709570422266,0.09053345204373184,0.08932,0.08911,0.1787,0.17567,0.17019,0.16335,0.15788637797904992,0.15249762697943123,0.14695,0.14125,0.13574,0.1303,0.12569,0.12043,0.11571,0.11036
08-01-2026 11:50,25958.25,0.13347,0.12051,0.1206,0.11501,0.10958,0.10676751334083229,0.10331120072308733,0.09931,0.09775,0.09542,0.0938,0.09237,0.09104,0.09043237533968637,0.18067330498388612,0.17465,0.1697467109169748,0.16471,0.15803,0.1514,0.14585,0.14062989223673011,0.13471,0.12923,0.12457,0.11926,0.11463,0.1092
08-01-2026 11:55,25958.05,0.12189,0.11561911986771863,0.10996428778489203,0.10429,0.10096411118023696,0.09719,0.09543780166773484,0.09325,0.09271,0.09138,0.09045,0.08941,0.08854,0.08892,0.18039,0.17443,0.17054,0.16471,0.15869079444951592,0.15281,0.14684,0.14193,0.13633,0.13132151177441964,0.12625294773593282,0.12119,0.11693,0.11228226469495291
08-01-2026 12:00,25936.15,0.12217,0.11547,0.10832,0.10597579076338744,0.10256,0.10034,0.09813795920427937,0.09569,0.09503,0.09382,0.09279022184209282,0.09174984332728559,0.09081,0.09107,0.18079,0.17552,0.17076,0.16496,0.156,0.15065,0.14638,0.14192196580573693,0.13743,0.13240357130319605,0.12748,0.12229,0.1169710388669496,0.11153746568834097
08-01-2026 12:05,25896.7,0.1448,0.13793020225784974,0.13115677299614525,0.1243,0.11772,0.11319,0.11066211183972668,0.10780165907048242,0.10487,0.10247,0.1007251149169601,0.09884,0.09781867899484119,0.09686,0.1799,0.17523,0.16982512106173137,0.16499,0.1564021019730909,0.14801,0.14378,0.1387248956075413,0.13335,0.12858,0.12484,0.11964169517531695,0.11452,0.10966
08-01-2026 12:10,25920.3,0.1311,0.12721,0.12316,0.11872,0.11417461977751966,0.10923,0.10655886811732179,0.10319,0.10149,0.09916,0.09766,0.09644571004164311,0.0951,0.09445,0.18108,0.17569,0.1701836503932786,0.16472,0.1588,0.1529277824365112,0.14709057152640959,0.14123,0.13549,0.1291,0.12563,0.12046,0.11531,0.10996
08-01-2026 12:15,25935.5,0.12866575197013738,0.12281,0.11773824858115944,0.1130588390575934,0.10827,0.10495281713242502,0.10135,0.09952,0.09774,0.09636,0.09485,0.09395,0.09295,0.09262,0.18318,0.17791,0.17292,0.16659697432630188,0.16035,0.1549,0.14931596312468892,0.14370343876250058,0.13794,0.13165,0.12804,0.1227,0.11781,0.11288
08-01-2026 12:20,25923.15,0.13462,0.12982,0.1211,0.11719065472143478,0.11259,0.10927115703955209,0.10555859158591843,0.10183,0.09983,0.09796,0.09661,0.09548284132692547,0.09427,0.09404,0.18674,0.17896,0.17478,0.16847,0.16299,0.15712064343468385,0.15130030311756798,0.1452,0.13893,0.1340710375653482,0.1288632352403971,0.1236,0.11875,0.11375
08-01-2026 12:25,25934.95,0.12705,0.12076582178653711,0.11508,0.11294124829303467,0.11002,0.1069485729793871,0.10373,0.1013,0.09974356918358401,0.09799247927391042,0.09634818774874729,0.09469,0.09344,0.09261603804618446,0.18718,0.17979,0.17429,0.16833332035811066,0.16228,0.15913,0.15200663749895219,0.1449,0.13854,0.1336024970462217,0.12842,0.1232575903395766,0.11803,0.11335
08-01-2026 12:30,25935.9,0.12309,0.12295,0.11958,0.10904,0.10503,0.10229277501479253,0.09853,0.09758,0.09630781730527642,0.09479,0.09357,0.09246,0.09168,0.09098459604975391,0.1855,0.17987,0.17521,0.17092,0.16410416494461616,0.15748198031746752,0.15083,0.14631,0.14015,0.13405,0.13004,0.12477,0.11989,0.11484978504018528
08-01-2026 12:35,25914.7,0.13927,0.13463,0.12855147470817996,0.12247310513073262,0.11617,0.11019,0.10765798711002397,0.10462,0.10226,0.10045603927718433,0.09854792669940518,0.09653,0.09498,0.09504,0.18467,0.18126,0.17357,0.16729,0.16143,0.15625,0.1514,0.14427,0.1375,0.13174,0.12704355730795225,0.12192,0.11692391012923048,0.11202
08-01-2026 12:40,25920.75,0.1398283314937629,0.13148,0.12465,0.11739,0.11421,0.11052,0.10652,0.10429662963216421,0.10182172968028072,0.09919,0.09712,0.0957,0.09428,0.0943,0.1838735046775941,0.1783,0.17334,0.16729050970660264,0.1613,0.15799,0.1510636895052461,0.1443,0.13768,0.1313,0.12681522253555721,0.12209,0.11706441454766502,0.11197
08-01-2026 12:45,25921.8,0.13509,0.12506344822192372,0.11644,0.11302,0.10968,0.10613,0.10413406924896818,0.10173,0.09984,0.09802,0.09661857255907923,0.0951445907961311,0.09385,0.09401,0.18459,0.1782,0.17427,0.16751,0.16183,0.15808,0.15154117946834164,0.14505,0.1396583912127392,0.13416863969095608,0.12851,0.12311,0.1179553951294299,0.11301
08-01-2026 12:50,25913.2,0.1312,0.13546,0.11517,0.12057,0.11625267114124657,0.11085,0.10818133516245135,0.10438,0.10171,0.10040056097934369,0.09825,0.09721094218495596,0.0959462612866034,0.09513,0.1835557312779422,0.17763,0.17466,0.16692,0.16249,0.15695,0.15086,0.14408,0.13762,0.13137,0.12726,0.12214260323205002,0.11699,0.11152
08-01-2026 12:55,25910.65,0.1328,0.13677,0.1268669145346157,0.11758,0.11238,0.10766,0.10469,0.10397088692363107,0.10167093745235459,0.09959461645185422,0.09733,0.09612,0.09476,0.09229545261262447,0.18504,0.17875,0.17514,0.16873,0.16237969206948127,0.15620305311753382,0.15002298963558058,0.14379,0.13734,0.13127,0.12722,0.12162,0.11703,0.1113
08-01-2026 13:00,25905.65,0.13583,0.13928,0.131639686055367,0.12451,0.11927448713294717,0.11208,0.11125749619907882,0.10712,0.10472,0.10241,0.10025,0.09844,0.09673,0.09617,0.1821224935591027,0.17824,0.17416,0.16839,0.1623076237858569,0.15642,0.14973,0.14388566757404112,0.13800006072001952,0.13225360769185124,0.1265,0.12156,0.11682996166468212,0.11236797860208879
08-01-2026 13:05,25924.95,0.12353,0.12931,0.1224879807942073,0.11706,0.10851,0.10775380946770621,0.10549598397691873,0.10217,0.10127176942665439,0.09913814439668307,0.09713132186164633,0.09536120707665494,0.09364,0.09321,0.18411678836598425,0.17959,0.17537,0.1692639837381976,0.16325,0.15786,0.15166,0.14501,0.1387337949160773,0.13215,0.12785,0.12213,0.11736,0.11212
08-01-2026 13:10,25922.25,0.13107587287673073,0.12639,0.12310005240313342,0.11962,0.10956,0.10865992147862708,0.1064081649587001,0.10381,0.10093,0.09941994874335157,0.09760488548697283,0.09566,0.09417,0.0937,0.18665,0.17942,0.17404,0.1682508955316997,0.1625,0.15598,0.15010795262635962,0.14416,0.13714,0.13225847098966276,0.12699,0.12156190706730285,0.11611,0.11058
08-01-2026 13:15,25921.8,0.13686,0.12666,0.12103976250838096,0.11462,0.10975,0.10641,0.10299,0.10106899247110224,0.09863,0.09725,0.09579,0.09436969001754428,0.09295,0.09277,0.18663,0.1794,0.17502,0.17019,0.16319,0.15765573340735597,0.15262,0.1448,0.13804,0.13317738830346332,0.12777,0.1221,0.11678660248543152,0.11163
08-01-2026 13:20,25914.55,0.14112,0.13257357052792818,0.12448726982171732,0.11617,0.10916,0.10646,0.10447,0.1013,0.09915,0.09761,0.09630926961501479,0.09483,0.09412211269939794,0.09347,0.18367128143663955,0.17892,0.1738137279331854,0.16863,0.16309,0.157,0.15074584454079487,0.14458,0.138,0.13155,0.12751,0.12179,0.11657041396961716,0.11148
08-01-2026 13:25,25911.75,0.14273,0.11662,0.1144530226804823,0.10952680801957304,0.10431,0.10172,0.09957,0.09834833755424985,0.09702370172801886,0.09574013188582092,0.09439,0.09305,0.09214,0.09239,0.18654,0.178,0.17609,0.17066,0.16372,0.15681,0.15234,0.14556,0.13947898388315444,0.13278,0.12901,0.12389905505185887,0.11871,0.1133
08-01-2026 13:30,25888.65,0.15494,0.12545,0.12737,0.12153,0.11822361458101943,0.1137418372776046,0.10803,0.1054,0.10268,0.10134196932647459,0.09919,0.09714,0.0957,0.09298820308456476,0.18496,0.17858,0.17384,0.1659,0.16123,0.15500916221636335,0.14868636879739894,0.1423,0.1359,0.13071101944672853,0.12539,0.11989,0.11478,0.10974750343473723
08-01-2026 13:35,25907.5,0.13114,0.11468,0.11856,0.11656,0.10942,0.10737,0.10467,0.10234,0.09968,0.09784,0.09675,0.09513,0.09392,0.09367,0.18702,0.17624,0.17224521963721282,0.16726,0.16178,0.15753,0.149,0.14287,0.1376331228360547,0.13193717557047907,0.12634710950551176,0.12087865072701544,0.11563,0.1098920884209113
08-01-2026 13:40,25901.95,0.132,0.12643931645040976,0.12127,0.1177,0.11349851482892287,0.10922051241155604,0.10502,0.10332,0.10124847481127888,0.09908,0.09753755181000068,0.0959028405834148,0.09445,0.0942,0.18665,0.17587,0.17385,0.16770058257036335,0.16153,0.1547,0.14847,0.14279,0.13615,0.13003,0.12531314779728758,0.12014857052111495,0.11509,0.10991
08-01-2026 13:45,25914.15,0.12419,0.11049,0.11475508385359903,0.11764,0.1130026650789368,0.10925353615837963,0.10554,0.1032,0.10095,0.09865,0.09752,0.09555,0.09387,0.09366,0.18446,0.17653,0.17212579340966683,0.16776,0.16136361727422588,0.15561,0.14841,0.14238,0.13686279883460772,0.13108162497602,0.12515,0.11953,0.11462,0.10853189735131058
08-01-2026 13:50,25911.55,0.12595,0.12438479243181357,0.12328,0.11723426002705192,0.11156,0.1097,0.10648,0.1038,0.10193018195860777,0.09906,0.09742,0.0955,0.09384,0.09357,0.1843,0.17656,0.17239,0.16672320944935737,0.16095450452948357,0.15543,0.1476,0.14185,0.13571710569455606,0.12901,0.12495,0.11895,0.11414,0.10917
08-01-2026 13:55,25926.6,0.13170733288964465,0.12702,0.11579,0.11513,0.11104,0.10714952715325773,0.10242,0.10115,0.09911,0.09696,0.09542,0.0937,0.09229,0.09191,0.1850780826757911,0.17910637034787058,0.17346,0.16678,0.16152084480104473,0.15655,0.14918974502534554,0.14195,0.1358143060410661,0.12932,0.12499,0.11985040963291788,0.11463161540982406,0.10919
08-01-2026 14:00,25936.35,0.107,0.10874761528737513,0.10890922743342983,0.11052,0.10497,0.10471,0.10075,0.09936810946322698,0.09746503793494396,0.09572734488195034,0.09415460209330728,0.09274701657634739,0.09121,0.09073,0.18612770530921216,0.18004948811427973,0.17395905106238438,0.16748,0.16251338256653036,0.15728,0.14829,0.14293,0.13609,0.13124984966913167,0.12561,0.12051924601859418,0.11524,0.11019
08-01-2026 14:05,25930.35,0.11223,0.11286653534895882,0.11388,0.10791807529709392,0.10288,0.10302,0.09939,0.09783,0.09642295066529401,0.0946,0.0931933005772928,0.09171816121038434,0.0905,0.08872478089405468,0.18545478176639543,0.17933031529197718,0.17306,0.16707,0.1606710218910436,0.15425,0.14839,0.14237937156369707,0.13619,0.12993,0.12574,0.11978,0.11547,0.11007
08-01-2026 14:10,25918.0,0.12507703764039682,0.12246061630928959,0.11963,0.11713953859709478,0.11452,0.11069716896631865,0.10690985153496449,0.10303,0.10038,0.09775,0.09634,0.09436,0.09285,0.09241,0.18193,0.17706,0.1715352863999026,0.16621,0.16062,0.15337,0.14749,0.14216,0.13536,0.1299794836306158,0.12458714586766877,0.11915,0.11410209635436337,0.10909
08-01-2026 14:15,25928.1,0.12447220114882779,0.12166,0.11446,0.11309007654980845,0.11103979490191201,0.10934,0.10438,0.10159,0.09926,0.09738737235884265,0.09504,0.09384965449834878,0.09241739723040998,0.09133,0.1830617244363744,0.17777,0.17223,0.16661,0.1601812418709378,0.15380193529402342,0.14746,0.14187,0.13505,0.12877,0.12401,0.11844,0.11310754717815748,0.10785
08-01-2026 14:20,25935.4,0.12019745874780045,0.11721,0.11350424181357519,0.11023,0.1087,0.1039811423552438,0.09895,0.09649,0.09506,0.0934,0.09194,0.09094041251750795,0.08990279858481962,0.08901,0.18095,0.17527,0.17148,0.16555506619703872,0.15991,0.15465,0.14708,0.14103604392987157,0.13472,0.12884,0.12416,0.11825,0.11328496666445323,0.10851
08-01-2026 14:25,25922.75,0.1332470983735134,0.12481,0.13045,0.10787,0.10704229157537387,0.10105,0.09948,0.09893966911827481,0.09664856095030042,0.094,0.09245,0.09096,0.08972,0.08928,0.18314,0.17546,0.17224,0.16527,0.1604,0.15514,0.14826,0.14255,0.13644881856468793,0.12967,0.12491687252375622,0.11942,0.11485,0.10948
08-01-2026 14:30,25906.05,0.13827,0.13385,0.1379,0.12758,0.12218,0.11544,0.11051,0.10707,0.10419,0.10081,0.09873958986648579,0.09685812155320275,0.09512075925850665,0.09330880311244517,0.18033,0.17553,0.17091,0.16495523227351033,0.15937,0.15227,0.14627,0.14008779267589191,0.13373,0.12739,0.12271,0.11738411210882303,0.11207,0.10621
08-01-2026 14:35,25930.65,0.12256,0.12021,0.12677,0.11586,0.11047,0.10851,0.10262,0.09925,0.09721,0.09544195231400643,0.0933,0.09138,0.08976,0.08937,0.18112,0.17722,0.1712,0.16569,0.16001902022268566,0.15463,0.14743,0.14175,0.13484,0.12871,0.12370854046969026,0.11845,0.11364,0.10922898779561574
08-01-2026 14:40,25928.05,0.12441,0.1202066061198729,0.1162332316681371,0.11245524805882377,0.10867,0.10578,0.10106,0.09931,0.09755965375165962,0.09551814351648134,0.09349489582654777,0.09169931871650036,0.09002,0.08972,0.18119,0.17706,0.17122,0.16521555094010576,0.15934482015644846,0.15346,0.14686,0.14132,0.13548673075090778,0.12960199225988972,0.12377359684413829,0.11793,0.11290953996821909,0.10801
08-01-2026 14:45,25926.4,0.12557,0.12249462452673655,0.11923,0.11485,0.11037,0.1063086308624876,0.10178,0.09964780177337905,0.09678,0.09467,0.09333,0.09151,0.09017,0.0897,0.18282,0.17589458734529595,0.16965142063425143,0.16335,0.15887,0.15278,0.14648,0.14097,0.13398,0.12870605878878413,0.12295,0.11748,0.11217051329120101,0.10713
08-01-2026 14:50,25932.65,0.12118,0.11905,0.11395810396052813,0.1086838701287095,0.10319,0.09986358745842913,0.09626,0.09518,0.09352656041206132,0.09175,0.09050368297937972,0.08918147813357884,0.08805,0.08799,0.18086,0.17628489419077403,0.17156,0.1655058679421337,0.15964,0.1533913978117336,0.14722,0.14169,0.13492,0.12848,0.12363451925897306,0.11849,0.11391,0.1097491347535699
08-01-2026 14:55,25918.9,0.13056,0.12709,0.11701,0.11014,0.1061,0.10315,0.09977,0.09765,0.09557,0.09352,0.09229,0.09091762524119884,0.08947,0.08904,0.18171,0.17384,0.17044,0.16591,0.15900816721009853,0.15269,0.14649,0.14055,0.1348866764799845,0.1289258000507275,0.12312666276589089,0.1172,0.11302,0.10728
08-01-2026 15:00,25894.05,0.1128115804390777,0.10856350358566882,0.10472,0.10119,0.09894591785805279,0.09663595541623149,0.09450483862972284,0.09234,0.09109,0.0901091020019434,0.0891,0.08864593055023315,0.08812025794008849,0.08774,0.18089,0.17443121670785083,0.16835454781423434,0.16234,0.15753,0.15062,0.14532,0.13894,0.1332,0.12671,0.12274,0.11794801576260387,0.11307,0.10868170950372565
08-01-2026 15:05,25867.85,0.13369,0.12731,0.12359,0.11508,0.11119746668927721,0.10648,0.10299,0.10031,0.09867587419934008,0.09688895454165487,0.0951844905711309,0.09338,0.09204,0.09182,0.177,0.17062,0.16675,0.16034,0.15396,0.14916,0.14285824123586144,0.13662,0.13044,0.12476,0.11993953936341109,0.11500401676467711,0.11008,0.10543
08-01-2026 15:10,25878.85,0.12899,0.12152,0.115,0.11272,0.10769,0.1044813917030708,0.1008,0.09855,0.09645,0.09503716368965559,0.09346,0.09227979400317188,0.09113,0.09019867481179433,0.17776,0.1722,0.16669569669328993,0.1613,0.1552162019120349,0.14926,0.14305,0.13722,0.1312776788346767,0.12524,0.1203592789566037,0.11538626095984114,0.11072,0.106383429959331
08-01-2026 15:15,25875.3,0.13029,0.11994,0.11446,0.11087037167489655,0.1063,0.10282,0.10033,0.09768,0.0959,0.09443015578193718,0.09278745986766289,0.0913447357766421,0.09008,0.09017,0.17687,0.17032,0.16729,0.16056,0.15484,0.14784,0.1425374957994967,0.13708,0.13093,0.12467,0.12029360037810277,0.11562,0.11074,0.10627043836437661
08-01-2026 15:20,25877.45,0.13005,0.12392,0.11613739751960522,0.10786,0.10508437114690569,0.10106,0.09813,0.0964788594495942,0.09453,0.09290929677811025,0.09119,0.09032,0.09004299579078086,0.08979876689009877,0.17703,0.17280015578113703,0.1675569934238843,0.16272,0.15578,0.14929985779477142,0.14283,0.13727964394580228,0.13088,0.12505,0.12072499866886446,0.11589,0.1109726796252131,0.10639
08-01-2026 15:25,25872.2,0.12242344113363092,0.11592,0.11061,0.10494,0.10007,0.09872,0.09715821858653886,0.09532366560901498,0.0934,0.09219260233354579,0.09086,0.0897,0.0883,0.08906,0.1812078727371546,0.17433,0.16747,0.16002514923288863,0.15205,0.14934372546348612,0.14626,0.13817,0.13169312206657793,0.12504,0.12242,0.1177011845125158,0.11259,0.10797831566838324
09-01-2026 09:15,25899.85,0.14298,0.12727,0.12432546699512262,0.12020384169348164,0.11599,0.11149,0.10751522085790786,0.10327,0.10051,0.09754,0.09616,0.09499567957609686,0.09374784050983925,0.09258,0.17626,0.17371,0.1685,0.16185,0.15604,0.15102,0.14512104553115132,0.13935,0.13353,0.12681,0.12211379994678706,0.11718,0.11227348901793652,0.10734
09-01-2026 09:20,25916.2,0.13305,0.11169796417067707,0.09457,0.09091,0.08856,0.08824,0.08706,0.08685,0.08601136153373785,0.08505,0.08477,0.08448,0.084,0.08518,0.17816,0.17484,0.16986,0.16393005740967648,0.15812567338610112,0.15226254932581457,0.14643,0.14073,0.13492,0.12918,0.12468100006207186,0.11994,0.11558734417509098,0.11126
09-01-2026 09:25,25858.55,0.13567,0.12688333476130603,0.1193350364590294,0.11184,0.10806,0.10555,0.10028,0.0978,0.096,0.09457892402195507,0.09284,0.09082,0.08988,0.09067,0.1768,0.17023,0.16645,0.16047793735593874,0.1546,0.14865,0.14395,0.137,0.13104,0.12650391617527165,0.12155,0.1165,0.11183178234234713,0.10728
09-01-2026 09:30,25855.3,0.11631,0.11437432364953909,0.1117622903309482,0.10938,0.10492,0.10179,0.09982,0.09624,0.09528975667017855,0.09381801529031111,0.09208,0.09097,0.0905416344880858,0.09032,0.17635,0.17114,0.16663,0.15894,0.15504,0.14906789617154584,0.14304,0.13730613141184836,0.13162576171874057,0.12588,0.12129423480876532,0.1166,0.11216529526186894,0.10776
09-01-2026 09:35,25832.05,0.13099,0.1306,0.12762,0.1166,0.11021,0.10683,0.10401526399110242,0.10058,0.09839784511405963,0.09572,0.09483380078491709,0.09351,0.09197,0.09299,0.17503,0.16911,0.1652,0.15805,0.15336,0.14762733834140085,0.14198,0.13561,0.12998,0.12431,0.11980918313281819,0.11504,0.1104,0.10589
09-01-2026 09:40,25822.35,0.14028,0.15544,0.14081,0.1347783195868069,0.12984151223796653,0.12532465257542852,0.11972,0.11563628839688453,0.10968,0.1066,0.10381,0.10112,0.09868,0.09476426228615162,0.17414,0.16821612878747355,0.16252694560933928,0.15682,0.15185,0.14647,0.14004,0.13356613104416318,0.12687,0.12082,0.11665,0.11089,0.10643,0.10122845823632165
09-01-2026 09:45,25853.6,0.12218,0.13461289603287846,0.14179,0.12956,0.12263202359432042,0.11759,0.11166,0.10916311810312043,0.10425,0.10106,0.09868,0.09701,0.09465,0.0947,0.1758,0.1707242490627464,0.16517058081889183,0.1598,0.15345,0.14730502047095306,0.14133487973395817,0.135,0.12908,0.1242458063163712,0.11879,0.1136641518066546,0.1084,0.10386
09-01-2026 09:50,25857.2,0.14752,0.13768194977308895,0.1292,0.12532,0.12041797089815107,0.1151353104249612,0.10985,0.10596,0.10343614007355673,0.1006648843974745,0.09822876523421287,0.09569,0.09490823158672657,0.0942,0.17726,0.16998,0.16583,0.1601825993682186,0.1544026110556468,0.14876,0.14227684534679041,0.13581,0.13042708849894705,0.12497385494316068,0.11946,0.11473925652486974,0.10992773205753713,0.10532
09-01-2026 09:55,25884.0,0.1381438891631014,0.13078,0.12877,0.1207,0.11479,0.11041,0.10683,0.10269,0.09982,0.09704,0.09541,0.09358,0.09172,0.09189,0.1781993788064053,0.17206,0.16751,0.16047,0.1539,0.15059,0.14326,0.13759,0.13157,0.12543,0.12086129623066277,0.11582999469075649,0.11110851251035174,0.10705
09-01-2026 10:00,25894.2,0.12583,0.11041,0.10847,0.10661299317076461,0.10376,0.10087,0.09838,0.09637,0.09421,0.09310042886990044,0.09171,0.0903,0.08883,0.08974,0.18005,0.17232,0.16905,0.1624642770547392,0.15589,0.149877492239828,0.14373,0.13851,0.13249,0.12646,0.12183040974056547,0.11687,0.11256,0.10798084967989585
09-01-2026 10:05,25862.35,0.14485,0.14067586924402503,0.13607,0.12919,0.1213656029859908,0.11323,0.1088,0.10481,0.1016,0.09958242342225376,0.09707,0.0948,0.09299,0.09339,0.17742,0.17251073008913745,0.16723,0.15954,0.15396,0.14826,0.14211,0.13654698931794965,0.1305,0.12458,0.11999836842558587,0.11504945624817259,0.11017,0.10536
09-01-2026 10:10,25871.6,0.13977,0.1223,0.1204,0.10981,0.1064,0.10257,0.09915,0.09632,0.09445,0.0929,0.09191,0.09125060136893254,0.09054617037752993,0.08995,0.17901,0.17304,0.16769,0.1615784144342065,0.1555,0.14953381154160594,0.1435828338530057,0.1376,0.13158,0.12554,0.12159,0.11609,0.11152476127841826,0.10716
09-01-2026 10:15,25866.2,0.13361,0.12299,0.11845,0.1129,0.10898190432537079,0.10452,0.10083,0.09703,0.09536,0.09413507968509657,0.09266671201323867,0.09137832296119919,0.09015,0.09082,0.17772,0.17268,0.16713,0.16003,0.15512,0.14903,0.14257,0.13707,0.1314171140686788,0.12554,0.12071,0.11517,0.11127,0.10690000766700555
09-01-2026 10:20,25855.2,0.14424671965110716,0.13817,0.13246,0.12533,0.11987,0.11345246509774155,0.10634,0.10197,0.09926,0.09696,0.09535,0.09359,0.09239,0.09265,0.17907,0.1733366015153297,0.167278157808111,0.16128,0.15434,0.14807803793674212,0.14161,0.13586,0.12995081732102104,0.12342,0.11918,0.11401,0.10936,0.10442
09-01-2026 10:25,25858.65,0.15038636246725257,0.14164,0.13545,0.12838067053494978,0.12130795877747796,0.11408,0.10968,0.10496,0.10207,0.0998871209653212,0.09747189280209675,0.09509,0.09331,0.09269325664332617,0.17933,0.1743,0.1678,0.16154,0.154898979169583,0.14828505921288876,0.1416,0.13626,0.13014,0.12433,0.11992,0.11431,0.10950318316951876,0.10487
09-01-2026 10:30,25876.25,0.14372,0.12319,0.12244,0.10581,0.10194,0.09806,0.09564,0.09339,0.09181,0.09084466197656904,0.08954,0.08862,0.0876,0.08862,0.18055,0.17554,0.16925,0.16352,0.15555,0.1500716261355451,0.14434,0.13813,0.13222,0.12616,0.12175,0.1172675164437244,0.11267,0.10792
09-01-2026 10:35,25856.25,0.13386,0.12186,0.11509,0.11409,0.11083,0.10442,0.10155204807971854,0.09794,0.09652,0.09387,0.0931,0.09174271498402839,0.09015,0.09111,0.17919,0.17291,0.16785,0.16049,0.15512,0.14913056875178604,0.14305767085681384,0.13699,0.13113,0.12489,0.12016471669781822,0.11514,0.11095,0.10594
09-01-2026 10:40,25848.5,0.13828,0.13072,0.12174,0.11715344835298333,0.11156,0.10677,0.10343,0.09947,0.0979064179592623,0.09601280770721869,0.09413,0.09245,0.09199174689920513,0.09146384570231818,0.177,0.17175,0.16606884811957434,0.1605,0.15457,0.14841,0.14173,0.13616,0.13031,0.12505586813388417,0.11965,0.11418,0.10950095632830625,0.10499
09-01-2026 10:45,25856.0,0.13413996879115533,0.12691,0.12067511021330615,0.11484962223152745,0.10894,0.10426,0.10107,0.09729,0.09535,0.09382228678520307,0.09212,0.09160218884985911,0.09090421161639853,0.09047,0.17921,0.17163,0.16709,0.16105,0.15497,0.14836,0.14256716732121094,0.13662,0.13056,0.12437,0.11984,0.11436,0.10961455108182569,0.10507
09-01-2026 10:50,25857.85,0.12575,0.12071,0.10942,0.1029,0.10115,0.09755,0.09573416355846287,0.09371859089630694,0.09187497730397666,0.08997,0.08915,0.08859,0.08893766886912538,0.08926754662851169,0.17913,0.172,0.16724,0.16115308519176674,0.15511,0.14910878282807105,0.14317767130568904,0.13715,0.1306,0.12494,0.12071,0.11531,0.11159,0.10663
09-01-2026 10:55,25829.65,0.12173,0.13509,0.1134,0.11215,0.10597,0.10186,0.10047894600318906,0.0963,0.09507,0.09307,0.0924,0.0908564492562729,0.09028,0.08784327213632849,0.17621497322736387,0.17006,0.16565,0.15919,0.15275,0.14645,0.14105,0.13537,0.12942,0.12445036877889569,0.11907,0.11463491123479722,0.11001,0.10509
09-01-2026 11:00,25812.95,0.16212619077050602,0.14272,0.11773,0.1128649644852194,0.10633,0.10388059985155682,0.10070212220087318,0.0978257018273234,0.09499,0.09380063805196798,0.09252,0.09146,0.0908,0.09218,0.17375,0.16902755690336935,0.1641,0.15801,0.15038,0.14383,0.13952,0.13385,0.12801,0.1231139357094672,0.11785,0.11314915187824198,0.10831211722188344,0.10372
09-01-2026 11:05,25810.2,0.13273,0.12537732929005896,0.11842,0.1140855772868184,0.10914,0.10591743050903252,0.10222,0.0984,0.09696,0.09459,0.09354,0.09227,0.09127,0.09265,0.1731,0.16874,0.16312480884323377,0.15782,0.1536,0.14333,0.13868760123584145,0.1334,0.12724,0.12214,0.11763,0.11213,0.10711022204535436,0.10195406441874848
09-01-2026 11:10,25819.45,0.11928336718599541,0.11504,0.11078,0.10649871958614854,0.10212,0.09707,0.09535641897756976,0.09292,0.09129,0.09067222214526566,0.08973,0.08945,0.08990784777859166,0.09057,0.17655,0.17044187436242872,0.16439,0.1585,0.15188,0.14781,0.14072,0.1349041405296036,0.12887,0.12395406320370697,0.11867,0.11354,0.10999,0.10613810627243345
09-01-2026 11:15,25805.3,0.12636,0.11857,0.1129,0.11045,0.10525,0.10244838242151813,0.09905,0.09601,0.09436,0.0927,0.0923,0.09144,0.09178544449398289,0.09233,0.17514,0.16843,0.16398,0.1575,0.1520330257508453,0.14676,0.14006,0.1339,0.12870182845618697,0.12335366698516706,0.11782,0.11333210601453958,0.10864,0.10376
09-01-2026 11:20,25797.5,0.1324293737717569,0.12365,0.1158,0.11114164958445247,0.10643130471104484,0.10169,0.09969,0.0976754709283516,0.09541,0.09379,0.09248,0.09198,0.09139,0.09279,0.17105,0.17038,0.16344,0.15695,0.15129,0.1454,0.13908,0.13307,0.12716,0.12153,0.11701,0.11186,0.10775,0.10286
09-01-2026 11:25,25799.65,0.13192,0.12292,0.11743,0.11411,0.11009663490504576,0.10561,0.10267410893496695,0.09918,0.0971,0.09498,0.09443,0.09333,0.09254,0.0939,0.17363,0.17055,0.16436,0.15712,0.15146,0.14637,0.13926,0.13349,0.12778965856328134,0.12162,0.11711,0.11184,0.10764,0.10261171610780795
09-01-2026 11:30,25809.4,0.12855,0.12250163548071652,0.11577,0.10497,0.10617,0.09831,0.09527,0.09358,0.09226327068757238,0.09053,0.09048842118053144,0.08988,0.09060703011010468,0.09155,0.17384,0.16836142794708037,0.16286132734077485,0.15734978549944673,0.15186,0.14628,0.14001,0.13431603405069475,0.12862431677191088,0.12291,0.11795,0.11335658814916141,0.10876459067090061,0.10429
09-01-2026 11:35,25776.0,0.12184296275545664,0.11701151958315534,0.1124,0.10842,0.10522632251959299,0.10194429605263072,0.0988853140154192,0.09582,0.09455,0.09282,0.09248,0.09187,0.09137,0.09325,0.17295,0.16871,0.16379,0.157358086610282,0.15116,0.14588,0.13918,0.13343,0.12794929450685388,0.12214,0.11801,0.11366913982644286,0.10927,0.10467
09-01-2026 11:40,25764.3,0.12402,0.11820514379864072,0.11266,0.10838,0.10458,0.10002,0.09862205555645825,0.09686654238495017,0.0949,0.09397933037165414,0.09277,0.09217,0.09178,0.09368,0.17327,0.1679,0.1635,0.15678072854485797,0.15015,0.14304,0.13917,0.13286,0.12778498067279764,0.12273519572225014,0.11762,0.11281,0.10851679179030532,0.10434
09-01-2026 11:45,25759.6,0.1246,0.11869161260509925,0.11296,0.10788,0.10384,0.10107,0.09909,0.09740602956569698,0.0956471246747723,0.09381,0.09347952458930053,0.09289,0.0925,0.0928084764352878,0.17404,0.16779,0.16335,0.1580824347121854,0.15348,0.1448,0.13781,0.13273,0.1273,0.12195,0.11783,0.11298,0.10925,0.1047874496861421
09-01-2026 11:50,25748.85,0.12184348090028639,0.11748851578674785,0.1134609040707621,0.10975796387217256,0.10639,0.10327,0.10085,0.09828,0.09683548748368467,0.09501,0.09427,0.09372,0.09364094981345206,0.09395088879906202,0.16974717098980965,0.16704,0.16363,0.15758763223589867,0.15184,0.14262,0.13909,0.13266,0.12732,0.12158,0.11727771295894523,0.11272,0.10855775591496272,0.10442
09-01-2026 11:55,25747.75,0.12476,0.12003,0.11486135700662892,0.10947,0.10663207115694469,0.10313,0.10054704694557987,0.09761,0.09638,0.09487,0.09399,0.09403564096988401,0.09347,0.09537,0.17387,0.16928,0.1649,0.15866,0.15153576952340692,0.14466169021034048,0.13755,0.13276175244073227,0.12762,0.12219,0.11814,0.11378126265465924,0.10937096390026559,0.10487
09-01-2026 12:00,25743.15,0.13228,0.12221,0.11891,0.11635,0.11200010750231845,0.10741,0.1041993405076985,0.10049,0.09866,0.09675,0.09587,0.09556146489480091,0.09475,0.0964,0.17620177888106392,0.17029089658377208,0.16358,0.15848,0.15158,0.14386,0.1379023222800426,0.1318531465418638,0.12579,0.12008,0.11537056282140817,0.11064400831973417,0.10610263923690197,0.10182
09-01-2026 12:05,25753.7,0.12165,0.12006,0.1133,0.10897265791706384,0.10417,0.10220237054054082,0.09949,0.09693,0.09567282966223255,0.09403,0.09353,0.09325,0.09313,0.093728112040952,0.17411,0.16841,0.1647,0.15928,0.15238,0.14468,0.14064,0.13363,0.12785227176636108,0.12176,0.11758,0.11235,0.10889,0.10517525470425289
09-01-2026 12:10,25746.8,0.11672,0.11435,0.10901,0.10608673528821808,0.10277,0.10029,0.09794,0.09661103645464036,0.09496,0.09431127919712348,0.09328,0.09366051504356271,0.0935,0.09519,0.17406,0.1685,0.16421,0.15878,0.15202875243260283,0.14545453186343704,0.13886,0.13416,0.12796,0.12188,0.11816,0.11283,0.1091,0.10466
09-01-2026 12:15,25744.0,0.1284,0.11526,0.11198760771035302,0.10793983658732088,0.10388,0.10155,0.09961960938926823,0.09761811599691483,0.09568,0.09451,0.09370052170513173,0.0932825555491175,0.09324720404553798,0.09359899154318048,0.17531257131704264,0.16926,0.16352,0.1570154281487421,0.1504174687036241,0.1439012696813009,0.13744,0.13277,0.12678,0.12097,0.1169,0.11181,0.10814,0.1035
09-01-2026 12:20,25738.7,0.11805,0.11418,0.1091,0.10497,0.10230510991647165,0.09897,0.0973,0.09516,0.09412,0.09323,0.09295,0.0933,0.09377,0.09568,0.17311,0.16962,0.16272132097105382,0.15587,0.15058,0.14357,0.13789776362150719,0.13214,0.12587,0.12115297831367333,0.11639562508571907,0.1116,0.10755163704111986,0.10358
09-01-2026 12:25,25737.5,0.10941,0.10511,0.10629,0.09865,0.09742,0.09601,0.09433,0.09271,0.09196,0.09191679931204347,0.09129,0.09187,0.09267,0.0947,0.17366,0.16534,0.15988313967856632,0.15441603005612747,0.14913734709428983,0.14376,0.13835011342167622,0.13292,0.12704091077583224,0.12104,0.11744,0.11276,0.10872597967287934,0.10484
09-01-2026 12:30,25724.25,0.11536,0.11094027986381307,0.1069,0.10431,0.1017088516124055,0.09884,0.09649,0.09464,0.09402,0.09313,0.09304,0.09347,0.09482656079667187,0.09648,0.17154557128706346,0.16442,0.16377,0.15531,0.15051,0.14394,0.13842153939643909,0.13229,0.12577,0.12185718252454987,0.11671,0.11266947928207446,0.10843,0.10371
09-01-2026 12:35,25712.65,0.11323,0.10868021116656437,0.1045,0.10192,0.09951,0.09805876086911153,0.09644838204267658,0.09479,0.09436,0.09358,0.0939,0.09457,0.09610822495695007,0.0979,0.17528,0.16956,0.16529,0.15902440706611853,0.153,0.1462219650711115,0.13946,0.13458,0.12846,0.12422597680776239,0.11983,0.11563304273239486,0.11138003237841713,0.10717
09-01-2026 12:40,25689.45,0.11739,0.11336,0.10882,0.10546,0.10281,0.10124,0.09950591348677079,0.09745,0.0966,0.09654635968189401,0.09592,0.09656,0.0978,0.09994,0.1751,0.17006,0.16506,0.15848592537028702,0.15211,0.14599,0.13954,0.1342,0.12763,0.12347868935810652,0.11887,0.11394,0.11,0.10574
09-01-2026 12:45,25685.25,0.10932,0.10522576221055208,0.10217,0.1025,0.10058,0.09812,0.09760000029501727,0.09670373456068729,0.09600463981745572,0.09488,0.09577,0.09679,0.09846392010380753,0.10032,0.17535,0.1702798209579201,0.16505,0.1584290179300239,0.1518732407792491,0.14521,0.13911,0.13377,0.12754,0.12272,0.11887,0.11426,0.11071,0.10649775760364004
09-01-2026 12:50,25678.5,0.12829,0.12174945462185395,0.11553,0.11167719370194006,0.1072,0.10395,0.10167,0.09964,0.09878,0.09762,0.09841041566050278,0.09849,0.09949,0.10145,0.17799927698109175,0.17056,0.16233,0.15590402374513054,0.14938,0.14329,0.13477,0.13075,0.1244,0.11944,0.11544,0.11085,0.10704,0.10251
09-01-2026 12:55,25695.15,0.12027,0.11243,0.11052,0.10803765343357982,0.10539594761735277,0.10265113772702059,0.09997174029208505,0.09771,0.09703,0.09608,0.09627,0.0968,0.09761,0.09895678301199878,0.17501,0.17181,0.16434,0.1578271401130431,0.15145,0.14496,0.13844,0.13289863668525764,0.12703,0.12174,0.11751932311954581,0.11301,0.10916,0.10509
09-01-2026 13:00,25694.0,0.11636059138458643,0.11285,0.10979,0.10675,0.10419977725797729,0.10131,0.09986544495642471,0.09794,0.09704,0.09577,0.09623,0.09692,0.09828150803523478,0.09985,0.17567,0.17174,0.16430729885764955,0.15674,0.1510596420608381,0.14488,0.1389,0.1333,0.12729,0.12233,0.11798,0.11392403639518009,0.10973,0.10531
09-01-2026 13:05,25687.3,0.12381119222209994,0.11865,0.11451,0.10988,0.10627,0.10377,0.10167,0.09932,0.09839529924931337,0.09691,0.09726,0.09796,0.0989311709126211,0.10066689447878326,0.17521,0.17009867791160854,0.16483,0.15826083942248217,0.15176,0.1455205728770055,0.1392845617293515,0.13305,0.12682,0.12207242226190634,0.11740044474741618,0.1128623813803904,0.10859691038048203,0.10469
09-01-2026 13:10,25691.5,0.12314560575613373,0.11744,0.11545,0.10842,0.10596,0.10336,0.10088,0.09980702149740728,0.09821,0.0978615639023957,0.09704,0.09744,0.09875778215143503,0.10037,0.17552,0.16948,0.16363656804798754,0.15778278682933772,0.15197,0.14564514849719057,0.13936,0.13369,0.12693,0.12183,0.11751,0.11275,0.1095,0.1049
09-01-2026 13:15,25696.8,0.12103,0.11631586002465441,0.11193,0.10906,0.10638,0.10433381101756442,0.10224295606069037,0.10042626935819951,0.09865,0.09840486843840729,0.09805390837839015,0.09762,0.09831,0.10017,0.17556,0.16988,0.16483,0.15820624121359084,0.15176,0.14418,0.1390478514772932,0.13366,0.12696,0.12177,0.11768,0.11275,0.1085632058678491,0.10454
09-01-2026 13:20,25704.7,0.12152969218100432,0.11566,0.11049,0.10641,0.10422172500427884,0.10143,0.09899,0.09758,0.09689,0.09672662614559674,0.096,0.09672,0.09757,0.09942,0.17485,0.16771,0.16437,0.1582563001650666,0.15238,0.14601,0.13882,0.13312524468689174,0.1271,0.12201,0.11747147946552403,0.11275,0.10867320184292106,0.10466
09-01-2026 13:25,25701.95,0.12224,0.11726844953752796,0.11251,0.10936612427162454,0.10579,0.10305,0.10117,0.09904,0.09799,0.09694,0.0975172100172788,0.09733,0.09843,0.10009,0.17541,0.16753,0.16479,0.15654,0.15179,0.14545,0.13938,0.13360155977743188,0.12732,0.12201,0.11797,0.11302,0.10946,0.10553099422965687
09-01-2026 13:30,25705.5,0.11593,0.10972,0.10335,0.10307,0.10018,0.09862,0.09718,0.09656396046608892,0.09555,0.09465,0.09496,0.09588,0.09737619587840693,0.09903,0.17857716224445125,0.17148709228977807,0.16537,0.15682,0.15272,0.1466429316627113,0.14043,0.13508,0.12859,0.12355,0.11929,0.1153386100090486,0.11129,0.10651
09-01-2026 13:35,25704.05,0.12743,0.12182738916897648,0.1167684955763209,0.11167,0.10860248241480805,0.10526,0.10226,0.10110944560751789,0.09945,0.09888456401159994,0.09781,0.09816,0.09904,0.10073,0.17428,0.16907197346611957,0.16374,0.1573592098087695,0.15106,0.14576,0.13935491713914455,0.13284,0.12708617795632535,0.12096,0.1165,0.11202,0.1086,0.1053738041173517
09-01-2026 13:40,25707.75,0.10972,0.10656912919272449,0.1036564107311359,0.10092484998984741,0.09823,0.09644,0.09546005944975389,0.0943,0.09393,0.09321,0.09384,0.095,0.09637,0.09831955261979729,0.17513,0.16888,0.16496,0.15866360538730317,0.15254,0.14654,0.1401,0.13412077155234287,0.12819,0.12387096001495743,0.11940427376013549,0.11519318972359127,0.11134,0.10831889649802949
09-01-2026 13:45,25683.75,0.11482396895203853,0.11147,0.11084,0.10705,0.10388,0.10133,0.09953,0.09840392035915849,0.09721304257365881,0.0957,0.09668345280295457,0.09717,0.09848,0.10032,0.17398,0.16871849488623686,0.16334,0.1572646526313914,0.1511214170675221,0.14491964008304767,0.13865707573219388,0.1323303316670561,0.12644,0.12138,0.11727,0.11252,0.10907,0.10425
09-01-2026 13:50,25682.0,0.11444,0.11369,0.10972160664286557,0.1056,0.10242,0.10070578346163296,0.09881272910444036,0.09695,0.09655,0.09652635206754254,0.09612,0.09718,0.09874395892093696,0.10046,0.1721765355138862,0.1658,0.16322,0.15392,0.15058,0.14454,0.13837,0.13319,0.12833215136938436,0.12319716163926045,0.11776,0.11325,0.10975,0.1051
09-01-2026 13:55,25665.25,0.13117,0.11883,0.11650837344337775,0.11324796709988146,0.10983,0.10688,0.10407,0.10189,0.10099,0.10049515583004971,0.09955,0.10003,0.10125773497824228,0.10274,0.1725,0.1646,0.1599966701733435,0.15528,0.14904,0.14288,0.13703494979522102,0.13106,0.12472,0.11955,0.11552,0.11076,0.10706,0.10236
09-01-2026 14:00,25689.05,0.11735102727813373,0.1132,0.10849,0.10571180126434854,0.10267,0.10027,0.09871484042662454,0.09693,0.09692065370353424,0.096497302608744,0.0958,0.09696,0.09858,0.10034,0.17441,0.16895,0.16408,0.1571,0.15106555652581408,0.14503112083933994,0.13911775572211055,0.1331855617733707,0.12735,0.12225,0.11836,0.1135,0.11011,0.10547
09-01-2026 14:05,25678.55,0.12608535868986734,0.12009,0.11484254753570296,0.10995,0.1064,0.10305,0.10082,0.09954,0.09859,0.09715,0.09738,0.09828,0.09941,0.10108,0.1741767446754768,0.16886,0.16361,0.15711203197130774,0.15061,0.1445655725643228,0.1384610009441859,0.13243970087952128,0.12639,0.12141,0.11734,0.11256,0.10876,0.10422
09-01-2026 14:10,25674.05,0.11993,0.11265097919576808,0.10659,0.10482,0.10293,0.10052106276783745,0.09781,0.09679,0.09658,0.0955,0.09608,0.09659855745025554,0.09757401676676367,0.09896524133097437,0.17391,0.16854,0.16343,0.155,0.15065,0.14464950636650162,0.13852,0.13304,0.12686,0.12276593849668913,0.11832,0.11422466892426963,0.11005,0.10553
09-01-2026 14:15,25669.0,0.11382,0.11125346350800076,0.10871747155809611,0.10618717870510389,0.1035636337992469,0.10114,0.09873,0.09726,0.09676,0.09572,0.09619,0.09744,0.09886,0.10039,0.17392,0.17027,0.16336,0.157,0.1504,0.14252,0.13853,0.13282,0.12685,0.12213,0.11774,0.11297,0.10935,0.10483
09-01-2026 14:20,25668.65,0.11510355395891873,0.11177,0.10877730075676922,0.10596532842615664,0.10316,0.10092,0.09864,0.09801286615567581,0.09688,0.09562,0.09597,0.09731,0.09845,0.10030379328078119,0.17657340927735968,0.16979,0.16261,0.15648582685957607,0.15026,0.14458293478545792,0.13881332113646935,0.13298,0.12675,0.12182,0.11772,0.113,0.10896624322168183,0.10508
09-01-2026 14:25,25671.35,0.11109476787430149,0.10788270250599198,0.10501540339005316,0.1025,0.10037674048266468,0.0984,0.09697,0.09582,0.09539,0.09442,0.09527,0.09674114015556608,0.09792,0.09983,0.17321,0.17,0.16342,0.15707229465918449,0.1508866387789014,0.14482301796650227,0.13865,0.13368,0.12757,0.12228,0.11872,0.11392,0.11039,0.10688932075490479
09-01-2026 14:30,25652.65,0.1269,0.12078,0.11398,0.11234,0.10794,0.10499,0.10242,0.10114420151029804,0.09938,0.09922172880331198,0.0983,0.09948799216491244,0.10044,0.102,0.17453,0.16863,0.16176906616083211,0.15484,0.14890519892200907,0.14285651611559488,0.13683,0.13149,0.12523,0.12042,0.11625,0.11135,0.10737,0.10319
09-01-2026 14:35,25659.1,0.12071,0.11683,0.11258550792963007,0.1082,0.10504,0.10241,0.1011622630533136,0.09969635679501923,0.09796,0.09651,0.09719,0.09831,0.09967,0.10142,0.17291,0.16652,0.16282,0.15575,0.1496130681142271,0.143628575797263,0.13757,0.13231,0.12694032207025185,0.12136,0.11741,0.11274,0.10915,0.10462
09-01-2026 14:40,25650.4,0.12119251767548261,0.11741357704104569,0.11374,0.1103,0.10718724972390989,0.10393,0.10153,0.10020147794565762,0.09863,0.09832671648847002,0.098,0.098385239440531,0.09925623207137865,0.1005816335403194,0.17308545753285076,0.1685,0.16305,0.15801,0.1504707640253154,0.14286,0.13719,0.13241,0.12612,0.12102,0.11697,0.11206,0.10843,0.10422
09-01-2026 14:45,25668.25,0.11893,0.11498970135246062,0.11132847224108441,0.10761,0.10495180895461217,0.1021,0.09986,0.09815,0.0978,0.09646,0.09693,0.09755,0.09897,0.10073,0.17396,0.16722,0.16383,0.1562,0.1508,0.14406,0.13782,0.13252958678058008,0.12710988745558244,0.12162,0.11754,0.1132847696489998,0.109,0.10484
09-01-2026 14:50,25663.45,0.11923,0.11506411084649279,0.11115,0.10822,0.10457,0.10245,0.10011,0.09834,0.09778050778068431,0.09664,0.09701,0.09823814114547263,0.09928,0.10092,0.17416,0.1690418785938424,0.16363,0.15667,0.15093,0.14334,0.13817,0.13298,0.12678,0.1217,0.11772,0.11346130947246295,0.10912,0.10492
09-01-2026 14:55,25674.9,0.11822,0.1133,0.10902,0.1054,0.10345193043485049,0.10099,0.09814,0.09784937267151256,0.09696,0.09556,0.0958,0.09655,0.09819,0.10004,0.17375,0.1680695955233104,0.1623804048272893,0.15674,0.15109,0.14426,0.13863585529389943,0.13284,0.12678,0.12179,0.11750396151019708,0.11291,0.10919,0.10506
09-01-2026 15:00,25668.55,0.12334,0.11686,0.11301843794277425,0.10907,0.10649369171881902,0.10353947559484247,0.10088396099840691,0.09847,0.09805,0.09666,0.09714,0.09787,0.09934,0.10113759993060586,0.17385,0.16679,0.16174256529673492,0.15668,0.15036,0.14393727858633515,0.13746,0.1327,0.12641,0.12116,0.1168107763888854,0.11209,0.10836,0.10429
09-01-2026 15:05,25679.0,0.12261,0.11496,0.11263,0.10944653227046794,0.10599073559768182,0.10242,0.1002,0.09917207112215101,0.09781,0.09643,0.09701,0.09801450504802708,0.09913,0.10088615512814583,0.17315,0.16824,0.16306,0.15652,0.15040642405455695,0.14424942519879674,0.13818823273059366,0.13216139718987893,0.12621,0.1212,0.1166,0.11165,0.10689570834937456,0.10190103059448363
09-01-2026 15:10,25688.85,0.1193547079841406,0.11582,0.11321,0.10988,0.10583,0.10386,0.10089,0.09887,0.098,0.09658,0.097400197537645,0.09724,0.09912,0.10076,0.1731578776935811,0.16743,0.16199846225242387,0.15642,0.15002,0.14398,0.13842602975860424,0.1327,0.12708279297082598,0.12124,0.11718,0.11255,0.10798766204790781,0.10355548273383598
09-01-2026 15:15,25690.6,0.11477975146878858,0.1108,0.10787,0.10435,0.10131,0.10057,0.09761,0.09715341610726747,0.09634584296772139,0.09521,0.09612,0.09663,0.09878,0.10097,0.17363,0.16809,0.16381,0.15799,0.1515345493204568,0.1452386560792911,0.13885,0.13343230247247695,0.12782,0.12335235742950917,0.11865,0.11473666915902958,0.11073,0.10651
09-01-2026 15:20,25695.2,0.12320445774648363,0.1175238932525395,0.11336,0.10723,0.10518090088856888,0.10272,0.10121622870528421,0.09962009083908559,0.09815,0.09819961292278451,0.09800424366444,0.09766,0.09924,0.1006004658693341,0.17484624517252104,0.16844,0.16508,0.15679,0.15261,0.14593,0.14029,0.13487,0.1298626077530587,0.12453278578153462,0.11896,0.1143,0.11059,0.1048461829910306
09-01-2026 15:25,25688.2,0.13292,0.12614,0.12044,0.11671743398676472,0.11233,0.10939,0.10641,0.10353,0.10248657040672096,0.10111985700635781,0.09965,0.09992,0.10147,0.10361977954932401,0.17462,0.16795,0.16501,0.15885419098869233,0.152612963282797,0.14643,0.14058407720233235,0.13467,0.12881,0.12288,0.11896,0.11234,0.10955,0.10414
12-01-2026 09:15,25657.45,0.11483647729898175,0.11324,0.11181,0.10923,0.10651,0.10512,0.10354,0.10372860443778101,0.10359677527444022,0.10347534762610949,0.10287,0.10466,0.10656,0.10945,0.19238045112886937,0.18496,0.17579327058550243,0.16792,0.16397,0.15764,0.15087,0.14559,0.14032903558138227,0.13422,0.12931,0.12513841001476664,0.1207,0.11627
12-01-2026 09:20,25594.15,0.1250208893991148,0.12206,0.1163,0.1162,0.11411706248270752,0.1116,0.11034455543419039,0.10867,0.1086448222206028,0.10783,0.10912,0.11053,0.11293,0.11619,0.18837,0.18215,0.17641,0.17045,0.16337331721649645,0.156391237355949,0.14937,0.14418,0.13868293002803392,0.13308,0.12835099588886112,0.12372,0.11938274608316879,0.11537612266316727
12-01-2026 09:25,25548.3,0.13463,0.13255,0.12451,0.12229,0.1187,0.11659,0.11515413225881255,0.11353479905675279,0.11187,0.11185,0.11343043766224734,0.11469,0.11707,0.12066,0.18706,0.18142,0.17544,0.16842,0.16152,0.15484,0.14868,0.1434,0.13738,0.13266380227351146,0.12763,0.12272,0.11844,0.1144
12-01-2026 09:30,25559.65,0.13939230859615195,0.13513,0.13053,0.12762,0.12389216918269777,0.11992,0.1178149136971238,0.11528,0.11476652181872848,0.11364,0.11533464820439715,0.11687692903280164,0.11845,0.12193,0.18674,0.18100999725271036,0.17484739557143386,0.16872,0.16123,0.15521399582076606,0.14917969636490572,0.14294,0.13629,0.1307,0.12579,0.12049,0.11614,0.11154
12-01-2026 09:35,25575.3,0.14006,0.13464,0.12761,0.1248,0.12047,0.11856571279554767,0.11637712731038202,0.11446187224088099,0.1125,0.11211,0.1133283539705277,0.11439,0.11676,0.11954940913949366,0.18503,0.17949680174620514,0.17376,0.16686,0.16,0.15408,0.14815,0.1427441094548882,0.13728920196855923,0.13189431610099966,0.12645,0.12142,0.11700281595397849,0.11271
12-01-2026 09:40,25569.55,0.13258342365818376,0.12814,0.12415843810051631,0.12038,0.11743,0.11497,0.11236,0.11087,0.11045,0.11140672972696196,0.11133,0.11332,0.11595,0.1195,0.18611,0.18047443103856894,0.17467,0.1679,0.16147,0.15569908303076313,0.14974,0.1448,0.13936952025539567,0.13389132343863774,0.12831,0.12336,0.11915,0.11505
12-01-2026 09:45,25560.8,0.14288,0.13986,0.13612887514751554,0.13261,0.12714,0.12351,0.12064784088874356,0.11711,0.11605,0.11475,0.11528,0.11638,0.11833824971869665,0.12105132109637357,0.18657,0.18083714858932873,0.17502,0.16843975777286166,0.16194,0.15526,0.14912,0.14334,0.13702,0.13124,0.12593787437715215,0.12046,0.11555179870554662,0.1107
12-01-2026 09:50,25588.7,0.13697,0.13079,0.12697227130732436,0.12282,0.11879,0.11587,0.1133,0.11300804316282691,0.11231532491592723,0.1117280608847585,0.11073,0.11209,0.11424,0.11756,0.18788,0.18232578761877874,0.17674,0.17095,0.16343,0.1574,0.1512,0.14596,0.13945,0.13402,0.12872,0.12356,0.11925153940434721,0.11512
12-01-2026 09:55,25588.5,0.12519,0.11951,0.11680790326489036,0.11372,0.11107,0.10958359680136354,0.10768,0.10736456671288905,0.10652,0.10686,0.10862169007542474,0.11001,0.11313619295450503,0.11653,0.18848549242310914,0.18242,0.17742,0.17095,0.1641,0.15841,0.1527736171605386,0.147,0.1411969932972874,0.13527,0.13053,0.12529,0.12016642057769598,0.11508725661183582
12-01-2026 10:00,25564.15,0.14346990682797334,0.13787,0.13159,0.12824,0.12398,0.12088135273000977,0.11732,0.11475,0.11375,0.11450205213231371,0.11481380890427786,0.11464,0.11676,0.12025,0.18474,0.18026,0.17374,0.16725,0.1605,0.15419,0.14812,0.14189239231038842,0.13552,0.1303292785589769,0.1249643495073951,0.11957,0.11465,0.11054
12-01-2026 10:05,25588.7,0.13313,0.12825,0.12214,0.11971,0.11604,0.11335,0.11096,0.10916,0.10861,0.10851,0.10967,0.1111,0.11368,0.11713,0.18794,0.18262474045900695,0.17721,0.17044163527765166,0.16393,0.15768130574423533,0.15106,0.14561,0.14016544428129285,0.13436529869278885,0.12867549509044135,0.12301,0.11852,0.11260626976858037
12-01-2026 10:10,25566.95,0.1341,0.127,0.12233,0.11971,0.11703460233280527,0.11383,0.11152,0.10984,0.10919,0.10922,0.11084,0.11329327299560901,0.11567985124305308,0.11835,0.18718,0.18098,0.17492215958554602,0.16886955893885883,0.16279,0.1563,0.15058,0.14488,0.13799,0.13263,0.12788615997814184,0.12309404920683514,0.11838403429723329,0.11383
12-01-2026 10:15,25557.55,0.14588,0.1383964748938496,0.13169,0.12799,0.12354,0.11972,0.11606,0.11398,0.11253,0.11213,0.11286147298844335,0.11392,0.11577660100563897,0.11848271593720597,0.18615956654957955,0.18007,0.17385718932167038,0.1676,0.16109,0.15445,0.14828,0.14198783684373362,0.13556,0.12978,0.12447714263620518,0.11929,0.1144629856983213,0.10995685620109569
12-01-2026 10:20,25583.3,0.1316364699112669,0.12801,0.12396,0.12163,0.11793,0.11486,0.11166,0.11001,0.10913,0.10842,0.10982,0.11101,0.11345,0.11642747039336482,0.18773,0.18178,0.17593952402031587,0.17023,0.16354345925741334,0.15691,0.1507,0.14521,0.13843,0.13265,0.127705075023222,0.12260110755159206,0.11752,0.11314
12-01-2026 10:25,25574.15,0.1435335332349962,0.13623,0.12967,0.12376,0.11887,0.11599,0.11462820991911785,0.11286930397523576,0.11131851898280787,0.1095,0.11075,0.11194,0.11423,0.11789,0.1920193576324885,0.18358520123929592,0.17618,0.16883,0.1626,0.15651242187131892,0.15034999261176588,0.14418,0.13768,0.13146,0.12617,0.12145885170266582,0.11655,0.11219
12-01-2026 10:30,25584.2,0.13082603371881305,0.12573778892971496,0.1213,0.11695,0.11385,0.11154,0.10955347839985692,0.10727,0.10654,0.10778866630695291,0.10875980359920154,0.10943,0.11229,0.11575,0.1885,0.18265,0.17719,0.17009,0.16362,0.15743,0.15109,0.14517500634857788,0.13905,0.13309,0.12789,0.12261,0.1185,0.11429
12-01-2026 10:35,25564.75,0.13233044085264603,0.1278,0.1238749278787018,0.12019714091437407,0.11652,0.11375943849202502,0.11093,0.11024305584224893,0.10923229414487208,0.108,0.10963,0.11056,0.1136301324638104,0.1173,0.18742,0.18134,0.17634,0.16927,0.16235,0.15578,0.14955,0.14395,0.13786572605648778,0.13153,0.12646,0.12132,0.11691,0.11272
12-01-2026 10:40,25572.4,0.13601,0.12980982365267993,0.1242636724694936,0.11924804511655862,0.11433,0.11195,0.1096,0.1079,0.10715,0.10818552375325423,0.10851,0.10977,0.11286377504598027,0.11652,0.18839,0.1817,0.1759267235392765,0.1702,0.16316,0.15685182618462334,0.15047,0.14502,0.13819,0.13295949355766556,0.12758,0.12226,0.11709025885999964,0.11216754940017273
12-01-2026 10:45,25556.8,0.1375,0.13167,0.12703,0.12366,0.119,0.11582,0.11307,0.11206107904016432,0.11103875201357691,0.10963,0.1114145102228322,0.11303071154068209,0.11478,0.11859,0.18665,0.1813,0.17556,0.16825,0.16157,0.15509,0.1491369974275744,0.14305,0.13636,0.13061,0.12534,0.11996,0.11549671704919345,0.11122
12-01-2026 10:50,25579.85,0.1222,0.11899,0.11375,0.11235840776591569,0.11052410252109807,0.10858,0.10623,0.1048,0.10456,0.10457,0.10651864277095173,0.10778,0.11086,0.11483,0.18856,0.18325047673299782,0.17769,0.17077,0.16419,0.15771,0.1512,0.14545,0.13918,0.13364,0.12852,0.12394272836710415,0.11932368326865946,0.11488
12-01-2026 10:55,25554.9,0.12813,0.1241213180578151,0.12022,0.11721115483323387,0.11395,0.1115,0.109,0.10761,0.10696,0.10694,0.10767609249660702,0.10907817089651267,0.11112006864911643,0.11378257001950395,0.18701,0.18147,0.17519104761231358,0.16896,0.16253,0.15631978985588418,0.15012753725076244,0.14384,0.13698,0.13174,0.1269,0.12209943064632561,0.11732,0.1130133114565062
12-01-2026 11:00,25550.75,0.12967556392224208,0.1261,0.1226957444464678,0.11932,0.11625044158723591,0.11307,0.11061,0.11009344288533054,0.10931739958168402,0.10824,0.10971,0.1118187937738517,0.11413,0.11714629746400199,0.1871954526334938,0.1807,0.17436739084361164,0.16802,0.16155095817238047,0.15508,0.14859,0.14245532032041264,0.13622,0.13101,0.12630661479140082,0.12159867744675132,0.11697262256409542,0.11248
12-01-2026 11:05,25538.1,0.13225639737557415,0.12782,0.1236,0.12062324661436646,0.11759657603655602,0.11472236901238708,0.11172,0.10985,0.10916,0.10888,0.1104,0.11198,0.1150758274230741,0.11861,0.18486,0.17966,0.1739,0.16718889390308023,0.16062,0.15433,0.14776,0.14223,0.13525,0.13025505389112918,0.12510569225901708,0.11987,0.11562,0.11145
12-01-2026 11:10,25544.8,0.1273231362079684,0.12331,0.11886,0.11651,0.11347,0.11101,0.10939816608998709,0.10721,0.10768654749467005,0.10691,0.10852,0.11041,0.11372668048618106,0.11741,0.18527,0.18024,0.17423,0.16813,0.16113,0.15506,0.1490020064193736,0.14286984126368935,0.13663,0.13121,0.1263,0.12160344132320457,0.11679,0.11303
12-01-2026 11:15,25528.8,0.12595,0.1217,0.11892074509865025,0.11598,0.11333,0.11174308415881662,0.11001870974148745,0.10818,0.10776,0.10781,0.10975,0.11188,0.11487,0.11857255105032326,0.18365,0.17819,0.17235,0.16599434491969972,0.15971,0.15341,0.14744,0.14174,0.1353,0.1302,0.12548,0.12128404499592471,0.1170470316596556,0.11298
12-01-2026 11:20,25512.25,0.13111,0.12465,0.11983,0.11831,0.11531,0.11282,0.11091,0.10965,0.10944,0.10972,0.11151,0.1133,0.11665315193192607,0.12045,0.18148,0.17667,0.17081,0.16375,0.15824,0.1518,0.14588,0.14013,0.13384,0.12869,0.1240363726304923,0.11902,0.11468,0.11114
12-01-2026 11:25,25509.25,0.12887,0.1246,0.12129687579452039,0.11799849225272604,0.11454,0.1123,0.11069,0.10934,0.10911,0.10999,0.11181,0.11361,0.11695,0.12117,0.1828435102691002,0.17614,0.1707,0.16363,0.1575477904914151,0.15149667643608117,0.14559662087685044,0.13962,0.1342459594925404,0.12890086541551832,0.12353,0.11867,0.11474,0.11088
12-01-2026 11:30,25496.15,0.12283,0.11979,0.11693,0.11543,0.11285,0.11124,0.11003,0.10937,0.10944,0.11028,0.11224,0.11522689712935016,0.11778,0.12226,0.1829502493807804,0.17698207557365933,0.1708917656799288,0.16462,0.15892,0.15261,0.14665,0.14131,0.13519,0.13044,0.12596,0.12160992257389427,0.11711,0.1142
12-01-2026 11:35,25487.1,0.12896,0.12408895534443803,0.11988,0.11806,0.11581633605099381,0.11321,0.11204046676228513,0.11034,0.1103,0.11119,0.1131,0.11494,0.11853,0.12292,0.18215159827374944,0.17561,0.17024,0.16314,0.15714087293856527,0.15104,0.14527891095655987,0.1394,0.13317,0.1284886598810001,0.12347,0.11938211672786132,0.11508,0.11171
12-01-2026 11:40,25485.45,0.1246323776040884,0.12246187199254949,0.12019,0.11810138036473186,0.11599,0.11366,0.11195,0.11111,0.11207620555451528,0.11201,0.1137,0.11586,0.11937,0.12385,0.18081,0.17563,0.17025,0.16382,0.15778,0.15193912963399941,0.14608582952451207,0.14013,0.13359,0.12863,0.12393,0.11956,0.11581768127642145,0.11221
12-01-2026 11:45,25476.55,0.13517,0.12957,0.12533,0.12351,0.11952,0.11682,0.11481,0.11361,0.11317,0.11357,0.11488,0.11688,0.11992,0.12409,0.18025,0.17461,0.16840777939976487,0.16224,0.15605,0.14985716907149665,0.14365,0.13787,0.13125,0.1265354266172633,0.12139,0.11726271104544772,0.1129,0.10915
12-01-2026 11:50,25491.7,0.1293,0.12492,0.12093,0.11849,0.11604251666016051,0.11342,0.11271816758540608,0.11175329207994603,0.11052,0.11184314081824505,0.11288,0.11482,0.11852444310898468,0.1227,0.18185,0.17591,0.17019,0.16313,0.15692,0.15086,0.14495,0.1391208350790827,0.13296,0.12834840184719798,0.12333,0.11901,0.11499,0.11124099093090471
12-01-2026 11:55,25495.85,0.13106,0.12537,0.12187,0.11957,0.11614,0.1143643383083935,0.11205,0.11089,0.11149728373368445,0.11102,0.11273,0.11467,0.11789,0.1213618851338598,0.18173,0.17556,0.1695699748666737,0.16363,0.15731,0.15068,0.145013319086018,0.13922,0.13355280411126264,0.12779,0.12336070657946951,0.11886031309385095,0.11471,0.11086742961275967
12-01-2026 12:00,25499.2,0.12806,0.12433,0.11977,0.11788,0.11466,0.11248,0.11184611121433066,0.11087245344846347,0.10963,0.11033,0.11191,0.11481223594426762,0.11737,0.1217,0.18155,0.17572,0.1694189187681478,0.1631152818599942,0.15677,0.15024,0.14459,0.13886921529748186,0.13296,0.12752,0.12279,0.11881978802813246,0.115,0.1117940296021556
12-01-2026 12:05,25507.65,0.13197,0.12643,0.12244,0.11949638383320961,0.11613,0.11407,0.11245163898285364,0.11057,0.11121474957109921,0.11061,0.11254325070671388,0.11396,0.11724,0.12139,0.18194,0.1763,0.16974266763055335,0.16326,0.15656,0.14995,0.14383,0.1381,0.13178,0.12652,0.12189,0.11770634141791833,0.11337,0.10923
12-01-2026 12:10,25526.3,0.14473,0.1426,0.13664,0.13244,0.12752,0.12306,0.12062125866279896,0.11725,0.11635733964678041,0.11434,0.11538,0.11631,0.11832,0.12241,0.18243644116612875,0.17639,0.17031,0.1638,0.15678146255651038,0.1498131568495244,0.14285,0.13669,0.13081167428439527,0.12491693893032554,0.11917008544494584,0.1134,0.10883449334925342,0.10445
12-01-2026 12:15,25577.45,0.13940938587281557,0.13505255175938843,0.13037,0.12711,0.12239,0.11946,0.11592,0.11469196433813475,0.1127,0.11224,0.11326348231011915,0.11361,0.11532,0.11883,0.18443,0.17812334278254874,0.17174376342058717,0.16537,0.1587337794810425,0.15208,0.14584,0.13976,0.1336046276913464,0.12715,0.12234,0.11758,0.11315,0.10842551446728302
12-01-2026 12:20,25614.85,0.15144,0.14465371377892272,0.1381,0.13338771215527423,0.12816,0.12403,0.12111,0.11765,0.11628,0.11484,0.11474,0.11538,0.11734116657367337,0.11973,0.186,0.17815,0.17464,0.16816,0.16208,0.15542,0.149125167734387,0.14266,0.136,0.13070211414173494,0.12488,0.11939,0.11495,0.10993907431665842
12-01-2026 12:25,25653.4,0.12646220155484184,0.12728,0.12805,0.12478,0.12093,0.11774,0.11503,0.11288,0.11166,0.11104,0.11111,0.11237686364811417,0.11325,0.11604,0.18872,0.18389,0.1774679224430582,0.17116,0.16556,0.15827,0.15227,0.14636,0.14013,0.13501415924047364,0.1297661057184467,0.12448,0.12027,0.11551
12-01-2026 12:30,25668.1,0.154,0.14368,0.13897,0.13442588250231546,0.12916,0.12560470513858868,0.1213,0.11878,0.11738,0.11624,0.11566,0.1161,0.11709,0.1186970214440116,0.18862955413511973,0.18248,0.1774272046733561,0.17214,0.16583,0.15888,0.1533,0.14792,0.1408,0.13493,0.13034047630040152,0.12531900297566784,0.12038,0.11487
12-01-2026 12:35,25690.5,0.13488,0.12381,0.12445,0.12024,0.11698,0.11468,0.11351311538968273,0.11210196768629838,0.11089347581580541,0.10965,0.11016,0.11116734665734569,0.11232,0.11414158919607703,0.19113,0.18537,0.18081,0.17518,0.16841,0.16231954356157585,0.15617,0.15057,0.14467799695151468,0.13864,0.13428,0.12930149634925708,0.12421,0.11965328535169481
12-01-2026 12:40,25684.35,0.15704274417740435,0.15018166407418215,0.14384783584203942,0.1380957860852604,0.13275,0.12895,0.12453,0.12115,0.12017478061579916,0.11829,0.11814792602872565,0.11716,0.11832,0.11999,0.18826,0.1849,0.17793,0.17149,0.1654,0.15907378750139012,0.15271954713785768,0.14638375751942057,0.13995,0.13419,0.12962,0.12398,0.11892913738947469,0.114
12-01-2026 12:45,25727.5,0.13318,0.1290023383617534,0.12466,0.11945,0.11652,0.11436199405642972,0.11208785066425109,0.10981,0.10972003609297966,0.10914,0.1096473318433524,0.10977,0.11143102191759117,0.11342,0.1964585781902659,0.18998,0.18359,0.17732,0.1711,0.16473669066222182,0.15835,0.15217376249934522,0.14586,0.1398,0.13518478017941005,0.13039,0.12571308491149707,0.12103
12-01-2026 12:50,25724.55,0.14204,0.13746202781659583,0.13291,0.1285,0.12508,0.12237297178348261,0.11949178587757073,0.11654,0.11567,0.11427,0.11384,0.11403,0.11481,0.11599685878909721,0.19309,0.18835,0.18208,0.17651,0.16953,0.16277,0.15723,0.15112325823718312,0.14472,0.13859,0.13453,0.12962,0.1253,0.12029
12-01-2026 12:55,25715.5,0.14309,0.13735,0.13062413156813868,0.12356,0.12039,0.11681,0.11462,0.1132979984898332,0.11168,0.11205579597589942,0.11188363531243548,0.11148,0.11248,0.11441,0.19219,0.18729,0.18184,0.17548,0.16905,0.16237,0.15666,0.1510676754275992,0.14540504418754074,0.1397669761709608,0.1341,0.12879,0.12400600317407287,0.11933
12-01-2026 13:00,25692.65,0.13268,0.13424,0.1311992953492044,0.12797782960771567,0.12484,0.12196,0.11816,0.11690075017185492,0.11539722128822949,0.11418530800453569,0.11292,0.11335635869282862,0.11399,0.11532498053513408,0.19101,0.18652,0.18014,0.17417,0.16802019578973465,0.16188221440180647,0.15571,0.14965735893996013,0.14358025619141765,0.13751,0.1327,0.1277,0.1229432829749334,0.11824
12-01-2026 13:05,25702.65,0.14577,0.14078147492963422,0.13579,0.1309850670864406,0.12591,0.12264,0.11964,0.11692,0.11573,0.11455,0.11356,0.11369,0.11495873807175758,0.11663,0.19162,0.1860846918466596,0.1805,0.17474,0.16823249090912512,0.16178,0.15598,0.1495720184337612,0.14297,0.13744,0.13288,0.1280209449921016,0.12314,0.11809
12-01-2026 13:10,25710.85,0.14323,0.13453,0.13119021070363948,0.12753404224157167,0.12374,0.1201,0.117,0.11471,0.11291,0.11137,0.11141,0.1113,0.11278379067575933,0.11484,0.19088,0.18534,0.18005,0.17456,0.1683,0.16214,0.15586,0.15028,0.14341,0.13837595742253367,0.1331946387608901,0.12799,0.12361,0.11846
12-01-2026 13:15,25725.15,0.12758,0.12543,0.1213958759854,0.11727881281484678,0.1132,0.11159,0.10985836076484307,0.10805,0.10708,0.10752130918996249,0.10816087059441626,0.10881965456538678,0.10972681012877261,0.111,0.18854751523873062,0.18479,0.18073,0.17517,0.16885,0.16266,0.15748,0.15145057525313826,0.1453,0.14025568904208147,0.1350689176086739,0.12999,0.12639,0.12314477997342699
12-01-2026 13:20,25697.4,0.1405895737543009,0.13529,0.13031,0.1264677700459523,0.1224,0.11874,0.11682439637681452,0.11443,0.11229,0.11137,0.11155000766590221,0.11101,0.11313,0.11596473179264237,0.18904,0.18412,0.17899,0.17303,0.167124800727473,0.16128293527853882,0.15545,0.15004,0.14394852420678422,0.13781,0.13305,0.12716,0.12180416696186293,0.11649778851078116
12-01-2026 13:25,25704.15,0.12732,0.12404,0.11901,0.11680608452489896,0.11413,0.11166,0.11012954323733785,0.10819,0.10794801782727395,0.10714,0.10751,0.10825,0.1094086526679054,0.11107441556838185,0.18916,0.18468,0.17910904671698474,0.17361,0.16806,0.1622789377462058,0.1565,0.15084315629720396,0.1452004252697831,0.13946,0.13474534575733185,0.12991,0.1254,0.12063
12-01-2026 13:30,25707.95,0.16035,0.1522815578127265,0.14463,0.13930512684609248,0.1337405508106404,0.12839919215695803,0.12301,0.11901,0.11727,0.11597,0.11518,0.1148,0.11578,0.11723,0.18884,0.18365419226644475,0.17838,0.17231856790496786,0.16635,0.16048,0.15445511113884747,0.1485,0.14168,0.13599,0.1309237840050966,0.12579138202751688,0.12086,0.1165157548871199
12-01-2026 13:35,25747.0,0.12697,0.13005,0.12265,0.12038710135980557,0.1180845058088861,0.11525,0.11212,0.1114055266866397,0.10947,0.10874,0.10825,0.10898,0.11004,0.11183,0.19147,0.18757,0.18147924204095484,0.17551,0.16951,0.16335,0.15791,0.15185,0.14597,0.140413066415211,0.13462,0.12982133025677028,0.12485,0.12001
12-01-2026 13:40,25745.1,0.14266313256671254,0.1348,0.12591757158955275,0.11842,0.1158,0.11363,0.11035,0.10893,0.10798,0.1085045875775921,0.10875685699310762,0.10906542056266799,0.10922,0.1109,0.19178,0.18633286970068796,0.18073976834507693,0.17507194631324502,0.16951,0.16359,0.15776,0.1521,0.14563,0.13943,0.13475208234458347,0.12960205625506538,0.12473824776812448,0.12045
12-01-2026 13:45,25739.05,0.14182,0.13243,0.1274,0.12355,0.11938,0.11529,0.11248,0.11011,0.1089,0.10768,0.10761,0.10793,0.10927,0.11099,0.19557549957012563,0.18876614886656176,0.18198856198032146,0.17536,0.16902,0.16257,0.15702,0.15116,0.14476200620758317,0.13813,0.13379,0.1287,0.12433,0.12013450612334493
12-01-2026 13:50,25735.6,0.13913409843779387,0.13428076340622477,0.129791670788997,0.12561,0.12169,0.11822,0.1152144343254298,0.1118,0.1105,0.10937,0.10965748639576885,0.10914,0.11039,0.11193,0.19298,0.18756528191402405,0.18206,0.17595791682114087,0.16988965645880383,0.16374513776614397,0.15763,0.15127,0.14468,0.13839,0.13388,0.12816,0.12364,0.11821
12-01-2026 13:55,25743.25,0.12804097693843008,0.12317,0.1274,0.12181,0.11763,0.11525,0.11133,0.10985,0.10855,0.10744176465361255,0.10716,0.10442984916500715,0.1031971745132875,0.10207747968914396,0.1948950709894015,0.18885,0.18289550081728362,0.17685756675724562,0.17081,0.16449,0.15855,0.15269,0.14559,0.1403380510872046,0.13473,0.12997163976726545,0.12508,0.11957
12-01-2026 14:00,25734.9,0.13141,0.12459,0.12266218876888899,0.12034,0.11706102656206085,0.11380296823125671,0.11059,0.10952185033811737,0.10821320305636789,0.10718,0.10723,0.10818808215007428,0.1093098558087088,0.11075,0.19338,0.18746,0.18199336598810711,0.1766,0.17030397155788798,0.16404,0.15789878186003323,0.15169240120322103,0.14561216200857696,0.13956,0.13488,0.12952,0.12476033388854645,0.12021569121309453
12-01-2026 14:05,25732.75,0.13756,0.13142,0.12339,0.12785,0.12267,0.11871,0.11560766917208144,0.11212,0.11113059570936595,0.10958,0.10933806055078515,0.10908,0.10947516995950439,0.11028283958470403,0.19324,0.18731,0.18188,0.17644,0.16982,0.16312,0.1571722628968244,0.15116,0.14488332483145008,0.1384,0.1332455167536768,0.12785,0.12289,0.11768
12-01-2026 14:10,25739.35,0.14220423977481217,0.13049,0.12053,0.11737627067658375,0.11324,0.11155168305746899,0.10906,0.10775745053773181,0.10608,0.10546,0.10522,0.10593,0.10764615531124926,0.10964,0.19315,0.18786,0.18327,0.17677361650179196,0.17067,0.16446,0.15848,0.15258,0.14651072900573486,0.13985,0.1350526587261181,0.12984761345101128,0.12533,0.1194551084121534
12-01-2026 14:15,25729.15,0.13958,0.13351,0.12656,0.1222,0.11842,0.11527,0.11289523945539862,0.10986,0.10878,0.10763,0.10776,0.1082,0.10965,0.11154,0.19299,0.18733975308324308,0.18163,0.17543349688694815,0.16926563463099323,0.16309,0.15715,0.15097,0.14479,0.13865,0.13344,0.12850106217429297,0.12363,0.11920486094988536
12-01-2026 14:20,25736.35,0.1509861405635544,0.14464,0.13880400151455158,0.13311,0.1279,0.12358615548566991,0.11872,0.11572,0.11399,0.11222,0.11225735521329203,0.1119809202039456,0.11182,0.1127770759186042,0.19212,0.1869,0.18105,0.17619,0.1699,0.16246,0.15613770723650358,0.14975145558003733,0.14355822693395232,0.13731,0.1324,0.12651,0.12117373152374468,0.11595
12-01-2026 14:25,25762.75,0.13676,0.13189,0.12698,0.12283,0.11879766283582452,0.11438,0.11065,0.1094293340280062,0.1075,0.1065,0.10599,0.10659859159886714,0.10746,0.1089318681159033,0.19377,0.18811200851661178,0.1825,0.17716,0.17092754105525515,0.16475,0.15889,0.1527424638015608,0.14658477753501437,0.14034,0.13525,0.12988,0.12539,0.1197
12-01-2026 14:30,25753.1,0.12322920971539218,0.11977,0.11613,0.11389,0.11126,0.10922967576727327,0.10683,0.10553,0.10493,0.10422,0.10518323643052312,0.1059579707678146,0.10669,0.10846,0.19326,0.18805724135912905,0.18279,0.17731,0.1709624125093377,0.16471,0.15875,0.15268,0.14634,0.14043,0.13567,0.13022,0.1255,0.12037
12-01-2026 14:35,25716.7,0.15174,0.14512,0.13909,0.13307,0.12727,0.12346,0.11932,0.11734462521474817,0.11501068732905068,0.11301832960750158,0.11126,0.11126,0.11166343914186835,0.11279035585175762,0.19086,0.18503648199981892,0.17934,0.17431,0.16802,0.16121,0.15532,0.1490578672359263,0.1426,0.13638,0.13169,0.12575,0.12104,0.11610099414672773
12-01-2026 14:40,25749.0,0.137417467284113,0.13214749144854904,0.12715,0.12317,0.11946432595652466,0.11552,0.11292,0.11058,0.10931,0.10795,0.10775,0.10821,0.1092252310467289,0.11043,0.19276,0.18761,0.18249,0.17627104949027628,0.1702,0.164006315739755,0.15785,0.15174523021231864,0.14553,0.13957,0.13458,0.12875,0.12354966195662344,0.11827846474818117
12-01-2026 14:45,25763.85,0.13183,0.12687102539799114,0.12209,0.11875135367154324,0.11506,0.11314,0.11013,0.10793,0.10768057975683193,0.10707658704428658,0.10658298343674076,0.10592,0.10718,0.10873636134260391,0.19416,0.18743,0.18249902757443165,0.17764,0.17176,0.16465,0.15882,0.15287,0.14676799402269725,0.14051,0.13534,0.12992,0.12476565441035325,0.11968
12-01-2026 14:50,25774.05,0.14353,0.13758,0.13082,0.12617,0.1224208433822575,0.11819,0.11503405396797275,0.11136,0.10986639304239887,0.10794,0.10689,0.10754361258436378,0.10808853207650924,0.10916,0.19388,0.18866,0.1828674210561717,0.17722,0.17060159104862438,0.16408,0.15815124387268878,0.15221,0.14529,0.13945,0.1340867718024894,0.12857,0.12345,0.11858622646765331
12-01-2026 14:55,25796.15,0.14247,0.13767,0.13126,0.1254,0.12008,0.11677,0.11369,0.11074,0.10988,0.10782,0.10763557511859981,0.10694,0.10774,0.10900926042108341,0.19471,0.189,0.18312,0.17722,0.17063,0.16449898646643057,0.15838,0.15204063382110067,0.14561,0.13997885780668687,0.13418,0.1291274556317599,0.12416,0.11953490622345828
12-01-2026 15:00,25785.15,0.13593,0.13388,0.12688,0.1223,0.11803,0.11433,0.11181,0.10984,0.10866840228938762,0.1072601462940817,0.10578,0.10594,0.10639,0.10766,0.1951929517176468,0.18917419676378275,0.183,0.17702,0.1707401320577187,0.1644541352580518,0.1582,0.15202,0.14524,0.13989578558476,0.13444438477882073,0.12898,0.12431,0.11883
12-01-2026 15:05,25789.75,0.1304,0.12499,0.12171,0.11729,0.11382,0.1119,0.1089,0.10781431202515684,0.10626,0.10491,0.10510859453004542,0.10472,0.10566332376761851,0.10686,0.1930175498639686,0.18854,0.18376,0.17824,0.1717488407204627,0.1653639187381289,0.15899,0.15311,0.14667,0.14017,0.13508,0.13009367419379325,0.12499,0.11971
12-01-2026 15:10,25785.05,0.12752017598860368,0.12342984248874142,0.11964,0.11645093308969541,0.1134576264763259,0.11045,0.10802,0.10655252142488808,0.10497,0.10326,0.1038950893433886,0.10430178030562086,0.10494811605730724,0.10601,0.19482,0.18819,0.1832008084090676,0.17836,0.17144,0.16481,0.15909,0.15274208828539593,0.1463684859735777,0.13992,0.13472,0.12968896624357323,0.12462,0.11945
12-01-2026 15:15,25782.95,0.14170395009806558,0.13489,0.12856712870882586,0.12298506064388393,0.11744,0.11417,0.11137,0.10937239518002927,0.10735533367162747,0.1052,0.10537522466340712,0.10481,0.10563,0.10705,0.19663,0.1910813851349839,0.1851398512102262,0.17933,0.17261,0.16587,0.16024,0.15371196825859101,0.14687,0.14062,0.13514,0.12987314320356394,0.12452,0.11877
12-01-2026 15:20,25786.05,0.14077275372477988,0.1341342948438309,0.12843,0.12273806606847273,0.11761,0.11465,0.1115,0.10893,0.10713,0.10521,0.10547626933752571,0.10532049413390765,0.10526,0.10618378199477677,0.19815,0.19091,0.18787,0.18124811676938218,0.17448665763522703,0.16785,0.1613397117795245,0.15496646348906928,0.14852,0.14213,0.13614,0.13033174610617593,0.12448112947999515,0.11872
12-01-2026 15:25,25801.35,0.13043,0.12173,0.11852018417307139,0.11507434383180926,0.11192256860250968,0.10889791551354991,0.10605,0.10462,0.10349,0.10165,0.10145,0.10137,0.10221,0.10465,0.19547,0.19534,0.18691,0.18088,0.17454554035987369,0.1683783842628983,0.16224,0.15508,0.1489261265339391,0.14221,0.13673471978718693,0.13075,0.1252,0.11944
13-01-2026 09:15,25853.0,0.10103942580540498,0.10057,0.10156,0.10065079687316428,0.099762913616911,0.09894,0.0985844529402181,0.09822694681456895,0.09788339266312882,0.09749214067113185,0.09726,0.09771,0.0992,0.10094,0.19934,0.193320711993865,0.1873328943710794,0.1813731393377246,0.17542,0.16959,0.16328,0.15746,0.15049,0.1450824762778058,0.13946,0.13333,0.12791258464924662,0.12266
13-01-2026 09:20,25825.4,0.1301,0.12038,0.11652,0.11379,0.11063,0.10853,0.10573,0.105,0.10365,0.10229,0.10185,0.10238,0.10336,0.10516,0.1910870007787028,0.1879643573378649,0.18411205912470083,0.17948,0.17454,0.16867,0.16259,0.15592509852764316,0.1493614789755694,0.14263,0.13712124857090013,0.13143,0.12647,0.12052
13-01-2026 09:25,25818.35,0.07494,0.07677528678500567,0.07843,0.08287981612441152,0.08732,0.09071,0.09192,0.09345,0.09489,0.09538,0.09659,0.09772,0.09926,0.10037537590123494,0.2017136659687511,0.19492,0.19107,0.18192,0.17643486972962585,0.17018,0.1655363641669001,0.16014,0.15478558575244297,0.14912371440086825,0.14361578908316522,0.13807,0.13444,0.1289
13-01-2026 09:30,25766.85,0.09589669732409274,0.09664586115606451,0.09733,0.09792489140270567,0.0985,0.09891336532012002,0.09936,0.09957,0.0999855514931465,0.10013,0.10134196130938822,0.1022,0.10407,0.10676,0.19758,0.18681,0.1874,0.18077,0.17444,0.16772,0.1615,0.15556996254303385,0.14881,0.14315,0.13844,0.133,0.12898,0.12387
13-01-2026 09:35,25737.7,0.11826,0.11348436431297465,0.1101,0.11011,0.109,0.1081758613515724,0.10719944057128605,0.10605,0.10628,0.10556,0.10597,0.1067,0.10811,0.11024,0.19641,0.19402,0.18614079292675073,0.17834,0.17151,0.16571812487839035,0.15939,0.15322,0.14657,0.14058,0.13586,0.13051,0.12540221433817433,0.12088
13-01-2026 09:40,25732.1,0.11862923137272255,0.11635,0.11425771252059529,0.11226,0.11091668216613249,0.1094,0.10816522028498021,0.10682,0.10672,0.10605,0.10663,0.10784114666130176,0.10873,0.11101,0.19531,0.1897,0.1851,0.17854,0.17119,0.16484,0.15903,0.15272,0.14566,0.13996,0.1353,0.12993,0.12517,0.12017
13-01-2026 09:45,25766.4,0.10985,0.10211,0.10154222360830178,0.10014697133628317,0.09883,0.09904,0.09927787383940942,0.09954186874199866,0.09968,0.10051704649341345,0.10134914867180418,0.10208,0.10395,0.10665,0.19616718938131816,0.18954,0.18651,0.17875,0.17198,0.16605,0.15962,0.15364525633244325,0.14721,0.14102,0.13691,0.1316,0.12743,0.12286
13-01-2026 09:50,25750.85,0.11754,0.11262,0.11364,0.10823,0.10726914546580468,0.10542,0.10416,0.10457,0.10446,0.10352,0.10426,0.10578537175042638,0.10695,0.10944,0.2000516320596709,0.192649966569586,0.1858,0.17799,0.17208,0.165,0.15952,0.15331269669128308,0.14701850906448374,0.14069,0.13566,0.13018,0.12505221911039777,0.12017199070121815
13-01-2026 09:55,25731.0,0.10362,0.10571,0.10317,0.10456,0.10433185774607337,0.10433,0.10374,0.10378,0.10438,0.10552291322910326,0.10638148565703004,0.10737223683943167,0.10817,0.11081,0.19596,0.19028,0.18489,0.17828914792463255,0.1716477196293898,0.16503020568187524,0.1585,0.15331,0.14771931404534172,0.1420519752576075,0.13648473536202899,0.13094,0.1269,0.12208
13-01-2026 10:00,25714.65,0.13663125402523324,0.13349,0.13009,0.12686,0.12114,0.11849,0.11568,0.11373,0.11286,0.11147,0.1113,0.11190779673512202,0.11276,0.11430667465451182,0.1931,0.18816,0.18229,0.17698,0.16936088029932383,0.16188,0.15581,0.14965,0.14249,0.13684,0.13118,0.12617,0.12153,0.11621
13-01-2026 10:05,25746.85,0.12843,0.12569,0.11961,0.11727317107630654,0.11418,0.11206,0.11025,0.10891,0.10827,0.10803,0.10751,0.10817,0.10975860258619691,0.11162,0.19569,0.18741,0.18173514791394635,0.1758,0.17055,0.16428,0.15821,0.15229,0.14503,0.13955,0.1343038623275734,0.12879,0.1241889450271479,0.11968
13-01-2026 10:10,25759.95,0.10494,0.10371,0.10288,0.10202,0.10091,0.10211,0.10149200381567883,0.10084,0.10126,0.10178,0.10247,0.1034,0.10548260773400085,0.10788,0.19908556576928318,0.1923,0.18562536251751593,0.17907484155325148,0.1726244328060254,0.16615,0.16016,0.15395565558522792,0.1475,0.1424386525291717,0.13695,0.1312,0.12764,0.1235517271452286
13-01-2026 10:15,25754.7,0.10612,0.10838,0.10590837047666393,0.10362,0.10244,0.10284,0.1024177723821452,0.10176,0.10236,0.10237,0.10308,0.10428,0.10568,0.10871,0.19659,0.19045,0.18549,0.18043,0.17189,0.16543,0.15933,0.15294595437916575,0.14641,0.14114,0.1362582746956658,0.13134181494905722,0.12656,0.12233810982914631
13-01-2026 10:20,25761.35,0.12204075937004408,0.11733278597832128,0.11421,0.10883,0.10757,0.10649556046784224,0.10509,0.10470779707316086,0.104095701982556,0.10338,0.10386,0.10477,0.10632,0.10804814045470368,0.19667,0.19092440061402724,0.18512,0.17833707311119779,0.17169,0.16546,0.15953802569419595,0.15344,0.14623,0.14073,0.1351,0.12988,0.12352774975457378,0.11782151989074405
13-01-2026 10:25,25770.15,0.14012,0.13305,0.12768308047813406,0.12195,0.11838,0.11557082222243428,0.11211,0.10968,0.10903,0.10803,0.10721,0.10737,0.10855,0.11041,0.19716,0.19130012269503788,0.18548,0.17993,0.17249456878021371,0.16508,0.15843913041072952,0.15179476894628074,0.14506,0.1393447011555112,0.13348,0.12756,0.12274,0.11777473031661266
13-01-2026 10:30,25804.6,0.13282,0.11614559559520843,0.10534,0.10765,0.10653,0.10582,0.10306,0.10335348073929972,0.1027170200772278,0.10228864575366554,0.10103,0.10169,0.10312981082882383,0.10556,0.19888985438796586,0.19389,0.18871,0.18195,0.17508,0.16807,0.1619069872451171,0.15564,0.14951920736977334,0.14336797396411935,0.13714,0.1319350466286359,0.12664,0.12147
13-01-2026 10:35,25783.95,0.12325,0.1098,0.10718,0.10779,0.10526,0.10288,0.10219,0.10245672780536765,0.10243468396564814,0.10238904898811069,0.10214,0.10265,0.10405,0.10676,0.20152314074824823,0.19444086801698962,0.18761,0.18067411287909535,0.17383,0.16770411593678974,0.16149,0.1552,0.1488739375746237,0.14241,0.13709,0.13144,0.12647208466748983,0.12165
13-01-2026 10:40,25772.4,0.0992319810205981,0.10172,0.09986,0.10643,0.10474,0.10468,0.10303,0.10234,0.10255,0.10191,0.10239,0.10389891514053552,0.10494,0.10768,0.2002427339207623,0.19335448141549233,0.1865171075869123,0.17975598049597172,0.17303,0.16664,0.16049107502581472,0.15435901864354679,0.14816,0.14168,0.13644367172231142,0.13102,0.12613,0.12107
13-01-2026 10:45,25763.45,0.11518337350104232,0.11857,0.10489,0.10784430952829903,0.10799438011968224,0.1078,0.10651,0.10655,0.10529,0.10428,0.10453,0.10574,0.10617,0.10849,0.19601,0.19023490223786443,0.18463,0.17979,0.17084,0.16428,0.15841,0.15174,0.14493,0.13907,0.1341,0.12906494122250237,0.12398828538876461,0.1189
13-01-2026 10:50,25794.3,0.11933,0.11414,0.11134,0.10792462570442087,0.10431167678334641,0.10112363762618867,0.098,0.09836141267551163,0.09832,0.09864,0.09876,0.09983,0.10165,0.10429,0.197,0.19135695028655347,0.18559,0.17919,0.17247,0.1662,0.15938,0.15394,0.14715,0.14127,0.13627,0.13133142508948115,0.1263464628226233,0.12139
13-01-2026 10:55,25765.7,0.13409842750069542,0.1277,0.11839,0.11612238213409973,0.11336315951551618,0.110989315833248,0.1084,0.10709389777552764,0.10569,0.10431,0.10461117961539526,0.10496,0.10565035290938413,0.1069025015045078,0.19378,0.18824,0.18328,0.17684,0.16974,0.16350616382838346,0.15729199593977078,0.15101,0.1442,0.13860468106336382,0.13279,0.12762,0.12277,0.11817357192462528
13-01-2026 11:00,25784.9,0.11114,0.11637,0.1004,0.10533,0.10495643772841345,0.10374953587667962,0.10260668616067523,0.10121,0.10136,0.10075,0.10117,0.10206,0.10347041420381299,0.10537,0.19581,0.18955488789171054,0.18334927239631713,0.17715,0.17113720062594628,0.16513,0.15832,0.15288,0.14577,0.13983,0.13496,0.12932,0.12432495833498845,0.11948
13-01-2026 11:05,25771.65,0.13216,0.11938,0.12029,0.11747,0.11378,0.11176,0.10998135837141676,0.10724,0.10636,0.10527,0.10501,0.1058435087243204,0.10616,0.10809,0.19504,0.18875,0.183,0.17628635075221566,0.16977,0.16355,0.15506,0.15072,0.14357,0.1381,0.13283383328721693,0.12739,0.12263,0.11798587160435253
13-01-2026 11:10,25787.85,0.11856,0.10777,0.11044,0.11006,0.10668,0.10586,0.10409,0.10396843975659567,0.10252,0.10278712541471334,0.1017,0.10224,0.10334135403296371,0.10541,0.19507,0.18939076398725405,0.18371,0.178,0.17081,0.1648,0.15819,0.1519028220376692,0.14562637727190175,0.13945,0.13330047398235775,0.12724422394523302,0.12129636353952189,0.11547951335977927
13-01-2026 11:15,25787.55,0.11539810791799593,0.11352417989607028,0.11131,0.10958,0.10777,0.10559,0.10327,0.10300208541889119,0.10211,0.10092,0.10121,0.10247,0.1027,0.10501,0.19481,0.18867,0.1835,0.17724,0.17046,0.16354,0.15748,0.15106025910761264,0.14437,0.13874,0.13399,0.12894442418306695,0.12386,0.11937480020845219
13-01-2026 11:20,25784.1,0.12704,0.11694,0.11314,0.10838,0.10646,0.10523,0.10245,0.10227,0.10176,0.10150034377250568,0.10077,0.10144,0.10261,0.10482,0.19456,0.18866,0.18282,0.1764,0.16948,0.16327,0.15648,0.15037246947493366,0.14396,0.13843,0.13358,0.1284899949591952,0.12338,0.11825
13-01-2026 11:25,25786.2,0.12557,0.12715,0.11235,0.11296027217674517,0.1110855768361707,0.10887,0.10572,0.10391,0.10350071135060776,0.10212,0.10274052315352755,0.10209,0.10348794897301952,0.1054,0.19449,0.18884,0.1824596828299814,0.17621,0.16914,0.1625,0.15639,0.1499692264523962,0.14336,0.13753,0.13251398890720295,0.12729,0.12252,0.11716
13-01-2026 11:30,25793.55,0.12837,0.12356,0.11864,0.11539729854061886,0.11179,0.11038,0.10843036664140489,0.10631565540617849,0.1041,0.1031,0.10283,0.10315,0.10427701177744142,0.10564,0.19482,0.18885063860222728,0.18277,0.17604,0.16887,0.16281,0.15675,0.15086,0.14333,0.13761,0.13241179868579228,0.12697,0.12213,0.11681786355171704
13-01-2026 11:35,25814.5,0.11175,0.11019015509745303,0.10854,0.10642,0.10504,0.10288,0.10123,0.09991,0.09970660018430136,0.09904,0.0994,0.10013752849666607,0.10101,0.10235638347518675,0.19820525909230308,0.19115743145181752,0.18425,0.17738647435738025,0.17075630564359073,0.1641,0.15813,0.15207,0.145,0.13937,0.13446,0.1294900389213788,0.12442,0.11932
13-01-2026 11:40,25811.5,0.09832,0.09798148870777665,0.09779874622862922,0.0976,0.09793,0.09766,0.09684,0.0965,0.09714,0.09663,0.09748,0.09813,0.09936,0.10197,0.19223784134015767,0.18823,0.18403,0.17714,0.17076,0.16403,0.15765581047892424,0.1512720510592121,0.14487,0.13994,0.13506966725187938,0.13015296144502475,0.12525,0.12026
13-01-2026 11:45,25782.05,0.12434,0.11605,0.11298554609758768,0.10915,0.10828,0.10657,0.10463158919275328,0.10265,0.10184977357789138,0.10097,0.10187877256358871,0.10272095843466042,0.10388481781515416,0.10543,0.19265033520382013,0.18644,0.18126,0.17477,0.16779,0.16189,0.15566,0.14976,0.14269,0.1372,0.13206,0.12708,0.12214821876318631,0.11725
13-01-2026 11:50,25785.0,0.0963,0.09354,0.09555,0.09782,0.09939,0.09804,0.09687,0.09688,0.09736,0.09746,0.09867661112081459,0.09962669504092256,0.10052,0.103,0.19272556617068362,0.18669,0.18066217688439862,0.17463282766952518,0.1686,0.16254167668438646,0.15652,0.15081,0.14368,0.13831,0.13315,0.12814,0.124,0.12010792751968943
13-01-2026 11:55,25762.65,0.13302,0.1138,0.1121847367596121,0.10879259294099818,0.10494,0.10358492085508779,0.10155,0.1008,0.10116,0.10053,0.10112,0.10179,0.10305,0.10553,0.19174,0.18471,0.17974,0.17282,0.1664,0.16073576829321862,0.15503,0.14909,0.142,0.1369334436711569,0.13179929107931404,0.12661,0.12200857057152342,0.11746
13-01-2026 12:00,25747.9,0.11514,0.11089,0.10672,0.10734,0.10493,0.10426,0.103613307506129,0.10283913283818968,0.10193,0.10157,0.10203,0.10267,0.10395,0.10659,0.19166,0.18595,0.179,0.17254335196820236,0.1661206457427375,0.15969,0.15404,0.1476764725397934,0.14122,0.13581,0.13085640888528194,0.12575,0.12111183466560219,0.11652
13-01-2026 12:05,25735.35,0.11577,0.11374920976828884,0.11179875501401554,0.10984,0.1081,0.10654,0.10508210124498649,0.10347,0.10359,0.10377075691947861,0.10355,0.10403,0.10514,0.10793,0.19207707692142156,0.18497,0.17843,0.17102,0.1647,0.1588,0.15296,0.14666145061775782,0.14019,0.13494111528376423,0.12941,0.12453,0.11973511045290092,0.11497
13-01-2026 12:10,25733.45,0.11611543927613541,0.10744,0.10023,0.10094264900760046,0.1004110422385901,0.09977,0.09999,0.09968,0.10002,0.10078327023981376,0.10123,0.10217,0.10362,0.10667,0.19005,0.18343,0.17914,0.17089,0.16596,0.15959,0.15405,0.14816972211643756,0.1421,0.13608,0.13199,0.12692,0.12256626668119944,0.11837
13-01-2026 12:15,25722.55,0.11631,0.11560881649650737,0.11484,0.11242005454690031,0.11004,0.10822,0.1065663678440282,0.10475,0.10468,0.10391,0.10394,0.10486008648905211,0.10608,0.10679562916544506,0.18896,0.18259,0.17786,0.17174,0.16530380264891295,0.15899741899087777,0.1527,0.14666,0.14003,0.13392,0.12907,0.12386,0.11959,0.11474
13-01-2026 12:20,25724.7,0.10816,0.10630768706736787,0.10462,0.10356,0.10227,0.1020539467747418,0.1016,0.10069,0.10113,0.1015864074731688,0.10163,0.10244,0.10438,0.10734,0.18941,0.18385121501748386,0.17826,0.1714957094818489,0.16474,0.15918,0.15358,0.14819,0.14142,0.1366011908393791,0.13122,0.12589,0.12206,0.11630102529755042
13-01-2026 12:25,25714.0,0.12602691100162297,0.12216,0.11959873916044882,0.11684,0.11278,0.11097229121572141,0.10864,0.10709,0.10658,0.10555,0.10563,0.1062,0.10724,0.10997,0.1864584629603841,0.18147,0.17615,0.17069,0.16424124847813865,0.1578443000575555,0.15143,0.1450194453325933,0.1385,0.13274,0.12767,0.12243,0.11764133776044239,0.11295
13-01-2026 12:30,25723.0,0.11512,0.11016,0.10486,0.10314,0.10241,0.10152,0.10044,0.10082051329268646,0.10086533144351412,0.10069,0.1015,0.10234,0.10474092634751178,0.10756,0.18932,0.1830430752547112,0.17687372199826545,0.17079600279330986,0.16479440683551094,0.15876,0.153272246768302,0.14783,0.14097,0.1358957405083397,0.13052,0.12605365555324172,0.12142567003689536,0.11704
13-01-2026 12:35,25717.45,0.11999,0.11351,0.11092,0.10715,0.10593283560827971,0.10404,0.10306,0.10322485573957561,0.10301,0.1031197000115532,0.10282,0.10392,0.10603089063277223,0.10843,0.18786,0.18227,0.17647,0.17033977278214132,0.1641919543941289,0.15809732562300072,0.15204,0.14686,0.1406749798757645,0.13433,0.12946144320391817,0.12435,0.12008,0.1161501825459441
13-01-2026 12:40,25710.25,0.11488,0.10683,0.10567,0.1048,0.10327,0.10239,0.10187823780173239,0.10102,0.10138,0.10109,0.1021,0.10339,0.10503,0.10688705212966813,0.18732,0.18124,0.17612,0.17004541867889267,0.16392536246432232,0.1577881086561328,0.1517,0.14634,0.14078700744328218,0.13523244757459946,0.12958,0.12462,0.12072,0.11651695438609808
13-01-2026 12:45,25702.9,0.09992,0.09912127572650903,0.09852,0.09849,0.09819,0.09857,0.09871257394561853,0.09857,0.09981,0.10014,0.10162494921240192,0.10325833338942986,0.10528,0.10731579722467988,0.18883,0.18068,0.1776,0.17041,0.16469,0.15844,0.15306,0.148,0.14121,0.13628,0.13152,0.12642,0.12269,0.11824
13-01-2026 12:50,25667.1,0.10716,0.10802,0.10680419083249816,0.10557049147810404,0.10432,0.10344,0.10262,0.102,0.10292,0.10288,0.10416,0.10557,0.10846918951949394,0.11179,0.18913785569219846,0.18232308106233597,0.17586,0.16922826258713597,0.16278,0.1572,0.15163,0.14603,0.14042924706629445,0.13461,0.12979,0.12499,0.12093,0.11684
13-01-2026 12:55,25659.75,0.11791,0.11412914113088403,0.11081935721340838,0.10791120403129371,0.10512,0.10415,0.1032,0.10271,0.10309,0.10316,0.10443104547304533,0.10613,0.10807352509773283,0.11048247478411868,0.18717,0.18133,0.17415122199175978,0.16686,0.16311,0.15752720510956897,0.1516694822726075,0.1457276717160894,0.13966,0.1349357151102023,0.12995,0.12522,0.12023526887808789,0.11545579588411674
13-01-2026 13:00,25645.05,0.10976,0.10878,0.1072,0.10506,0.10368,0.10279,0.10217,0.1016,0.10199,0.10237,0.10408,0.10585,0.10922909013104473,0.11306,0.18672,0.18015,0.17379775934311187,0.16744629878130735,0.16108,0.15626,0.15003,0.14537,0.13982555015200987,0.1342302250132732,0.12849,0.12396,0.12001,0.11595
13-01-2026 13:05,25639.05,0.11923684791092043,0.11676,0.11177,0.11205,0.10962,0.10828937858256121,0.10667,0.10521,0.10519,0.10545,0.10703,0.10849,0.11118,0.11393870439297414,0.18741,0.18135,0.17509678216154895,0.16884026806669394,0.16258,0.15636364765786917,0.1501,0.14433100247441133,0.13850630423733967,0.13266,0.12808,0.12301,0.11891,0.11472
13-01-2026 13:10,25669.25,0.10935,0.10859,0.10366,0.10559,0.10429037246006001,0.10302,0.1022,0.10256926991387896,0.10267855169568932,0.10236,0.10422,0.10579,0.10772914218161214,0.11030367699211448,0.18893,0.18347590921978826,0.17783,0.17107,0.16414,0.1583,0.15229298413050374,0.14628525282013938,0.14024,0.13517517646039268,0.13007468279232723,0.12503,0.12106577662018683,0.11724
13-01-2026 13:15,25650.75,0.12082,0.11788472253659753,0.11505281320174172,0.11219,0.10964,0.10786,0.10691401743934315,0.10575,0.10531,0.10664363529058243,0.10793940348880686,0.10954097782713551,0.11088,0.11512,0.18808566517642583,0.18215,0.17615522210675147,0.17011556890750465,0.16408,0.1578872399929443,0.15168,0.14567743887432308,0.1395,0.13453184059296566,0.12934,0.12428,0.12007792557764581,0.11605
13-01-2026 13:20,25659.9,0.12153722387343355,0.11763971771091514,0.11423168429583244,0.11136,0.10866,0.10703,0.10566,0.10541044901106236,0.10456,0.10459,0.10609,0.10748,0.10997,0.11270410793533428,0.18846,0.18292,0.17728,0.17132,0.16353,0.15779434823753036,0.15201131555734332,0.1462,0.13927,0.13413737749004317,0.12901657892720353,0.12385,0.11961611469713579,0.11548
13-01-2026 13:25,25660.75,0.12224,0.11729,0.11027,0.10601,0.10530513340326796,0.10322,0.10242,0.10167,0.10215,0.10236,0.10404,0.1057,0.10900678620661303,0.11278,0.18901,0.18301,0.1771791863663732,0.17141,0.164786692000917,0.15823040485349418,0.15166,0.1463,0.14036301218695563,0.13425,0.12888,0.1242,0.12064,0.11627
13-01-2026 13:30,25661.85,0.11661,0.11306,0.11056,0.10998078916026416,0.10907,0.10743,0.10578,0.10449,0.10434,0.10429,0.10545,0.10696,0.10926,0.11328,0.18918253941327584,0.18271,0.17623539039794356,0.16991374230329132,0.16358,0.15778974625481737,0.15203,0.14567,0.13872,0.13321,0.12836,0.12335,0.11943,0.11515687072054848
13-01-2026 13:35,25679.45,0.11288,0.10962,0.10556,0.1049,0.10328,0.10284323228761257,0.10248159921850997,0.10206845961222251,0.10154329734880291,0.10102,0.10265,0.10423,0.10655,0.11074,0.19079,0.18416,0.17879,0.17237,0.1648,0.1589575585546978,0.1529,0.14733,0.14052,0.13489,0.13011091613471204,0.12491,0.12084,0.11675
13-01-2026 13:40,25665.55,0.11343,0.11269,0.11165656599266466,0.11058529653104655,0.1096,0.10776827878389364,0.10591,0.10536161721088959,0.10439,0.10509404270712028,0.10518,0.10639,0.10871,0.11278,0.1902489416361669,0.18305,0.17574,0.17036,0.16171,0.15582,0.149924911731551,0.1438261985888069,0.13763,0.13215,0.12716,0.12279960205257959,0.11834,0.11372
13-01-2026 13:45,25671.3,0.11584,0.11051614528643589,0.10635,0.10582,0.10347,0.10247,0.10197187321777715,0.10104,0.10158597697538627,0.10129,0.10279,0.10425,0.10681,0.11089,0.18758,0.18102716533101582,0.17471414672481506,0.16859345777414267,0.16238,0.15706,0.15128383207911233,0.1455,0.13879,0.13343,0.12873,0.12374,0.12019,0.11601862518242963
13-01-2026 13:50,25672.15,0.11731,0.11294,0.10877,0.10747555031548836,0.10546,0.10394,0.10265,0.10185,0.10237615544731413,0.10238,0.10338,0.1059458407282903,0.10862480800164942,0.11184,0.18693,0.18363,0.17608315032177424,0.16847,0.1625785560732727,0.15629,0.15035947242896947,0.14422262927179536,0.13779,0.1324,0.12742,0.12257,0.11886,0.11428
13-01-2026 13:55,25662.15,0.11435,0.11479,0.1103,0.10911282405443622,0.10766,0.10529,0.10379,0.10411362694782465,0.10400193258506989,0.10345,0.10442,0.10618,0.10874,0.11265,0.18616,0.18284,0.17494,0.16855,0.1622705389239414,0.1558617900732216,0.14926,0.14458,0.13805,0.13272,0.12796,0.12314,0.11876354212978019,0.11462
13-01-2026 14:00,25659.5,0.10596,0.10386192149262224,0.10224,0.10249840262522143,0.10247,0.10182911399406938,0.1011,0.10064,0.10092,0.10146,0.1032,0.10571938509168155,0.10781,0.11198,0.18695,0.18054933579640403,0.17427547676192315,0.1680953979553444,0.16191,0.15622,0.15019,0.14468,0.13919167125990128,0.1334,0.12892,0.12422,0.12043,0.11642
13-01-2026 14:05,25647.55,0.11484,0.1111,0.1089,0.10697,0.1057,0.10466478287432798,0.1034,0.10231,0.10288353065311664,0.10298,0.10476262141533449,0.10660437867415504,0.10889,0.11197267812346337,0.18578,0.18029649837704115,0.17455,0.16736,0.16141331045378046,0.15533,0.14912,0.14355182185513493,0.13755,0.13214,0.12782,0.12261,0.1193,0.11494
13-01-2026 14:10,25642.55,0.102543753691636,0.10297,0.10312140147376303,0.10333,0.10191,0.10139,0.1002,0.09978,0.10039,0.10177182677222125,0.10243,0.10455,0.10748,0.11189,0.1854,0.1796,0.17396,0.16696,0.16049,0.1548271455054821,0.14894,0.14389,0.13843891913617173,0.13294807328646757,0.12731,0.12244,0.11873,0.11476
13-01-2026 14:15,25631.25,0.11749,0.11278,0.10971,0.10795,0.10585,0.10392,0.10293,0.10226,0.10228,0.10231,0.10446327111037355,0.10664041449692609,0.10873,0.113,0.18448215513215732,0.17761,0.17227,0.16603,0.15857,0.1525,0.14705,0.14187,0.1360408902797422,0.12995,0.12543509491728738,0.12054,0.11695,0.1122
13-01-2026 14:20,25627.6,0.108298845581792,0.10613,0.10161,0.10124,0.10023,0.09971,0.09964169724692953,0.09911,0.09991,0.10055,0.1030056140293566,0.10495,0.10815,0.11248,0.18352,0.17733,0.17158450723043894,0.16591,0.15892,0.15306,0.1479836475515332,0.14283,0.13634,0.13116,0.1269997530439283,0.12266741396903533,0.11835,0.11427
13-01-2026 14:25,25619.65,0.10956,0.11014,0.1057,0.10475,0.1035446694654399,0.10202,0.10187,0.10119,0.10208771371128444,0.1022,0.10448436572155222,0.10613,0.10918,0.11368,0.18315,0.17736,0.17111490771134052,0.16481908273838494,0.1585728845318799,0.15237,0.14715,0.1414859420691721,0.13581499551418932,0.13005,0.12556,0.12083,0.11741,0.11306
13-01-2026 14:30,25622.55,0.12078,0.12092,0.11681,0.11413,0.11169859575205213,0.10886,0.10725,0.10601,0.10568,0.10572,0.10693,0.10864,0.11153,0.11541,0.18116,0.17762,0.17082,0.16405486950240972,0.15739,0.15062,0.14568,0.1399463736949485,0.13413090507589787,0.12828,0.1237,0.11921812985374673,0.11478,0.11058919707303091
13-01-2026 14:35,25644.0,0.12605,0.12063,0.1172003695358433,0.11338,0.11022,0.10835,0.10637,0.10478,0.10446,0.10439,0.10572,0.10774607842428305,0.10998,0.1131000722283404,0.18166217064387735,0.17643,0.17097,0.165,0.15838131478682724,0.15176,0.14553,0.14018,0.13362,0.12835,0.12352,0.11842,0.11481,0.11130173104309721
13-01-2026 14:40,25667.6,0.12795,0.12120890658354658,0.11577,0.11455,0.11173032444797917,0.10854,0.10698936256458969,0.1051,0.10422,0.10520457242930321,0.10594979994816933,0.10636,0.1087,0.11237,0.1866071150623724,0.17905,0.17186,0.16506,0.15835,0.15321,0.14765,0.14169844273683213,0.13581049020896074,0.12977,0.12460396322232757,0.11926,0.1152,0.1102
13-01-2026 14:45,25695.95,0.1173,0.1098,0.10739,0.10562,0.10358,0.10225,0.1008,0.10039,0.10101771370280382,0.10203697940039577,0.10306271751684479,0.10429756744627816,0.10582,0.10821638520153143,0.18457,0.18134,0.17374,0.16749732442595475,0.16129,0.15552,0.1492,0.1435767934379903,0.13759,0.13227,0.12738,0.12243,0.1183,0.11341731106847446
13-01-2026 14:50,25698.45,0.12994,0.121,0.11481,0.11213,0.10844,0.10629,0.1044,0.10284,0.10209,0.10146,0.10196,0.10374,0.10593,0.10894485941245188,0.18423,0.18012,0.17396,0.16703723858882755,0.16024,0.15479,0.14869438163337684,0.14252414424435425,0.13637428075431313,0.13023,0.12503,0.12024219512035854,0.11547,0.10993
13-01-2026 14:55,25717.05,0.10227,0.10131,0.10561,0.103,0.10178,0.10049173183409815,0.09903,0.09865194122052363,0.09788,0.09778,0.09901,0.10145961149290084,0.10390123971047463,0.10675,0.1897529904664328,0.1828580273761651,0.17615,0.16947657410317746,0.16292,0.15689,0.15069670752828732,0.14448450960384324,0.13826,0.13281,0.12791885433635175,0.12303107467163821,0.11832,0.11401680886856332
13-01-2026 15:00,25754.0,0.06496,0.08771,0.08152,0.08567,0.08764,0.08782208635245073,0.0891,0.08982,0.09113210315292537,0.09105,0.09398372682112296,0.09623918676699361,0.09849,0.10247,0.18914,0.18430411952554962,0.17916,0.17245,0.16566,0.15978988547380824,0.15333,0.14785257733397705,0.14195639041521155,0.13566,0.13092,0.12594,0.12166,0.11570880768452799
13-01-2026 15:05,25708.75,0.12503,0.11954,0.1155097261355954,0.11152,0.10904082840552162,0.10636951294931653,0.1040881365957572,0.10203,0.1018568011852731,0.10156475282261304,0.10117,0.10258,0.10393747843022871,0.10606410947898043,0.18537,0.18125,0.17453881025037832,0.16795,0.16079,0.15474,0.14881,0.14250539736305107,0.13604,0.13057,0.12534,0.12032818146475108,0.1153,0.1098
13-01-2026 15:10,25746.05,0.09601,0.09504505337516461,0.09434,0.09443,0.09419243560392745,0.09393,0.09376,0.09323,0.09365,0.09362,0.09550341195454412,0.09684,0.09966,0.1035,0.18712,0.18273,0.17670166926332767,0.17082,0.1642501479693133,0.15776,0.15177385890015893,0.14567,0.13924,0.13403,0.12887,0.12378444973119535,0.11868917153322059,0.11362
13-01-2026 15:15,25745.9,0.09885,0.09442,0.09401,0.0927,0.09307,0.09273842041767708,0.09238233769690021,0.09186,0.09240488461099791,0.09258,0.09434,0.09669688930351396,0.09921,0.10245338766399831,0.18764019454166952,0.18117,0.17744,0.17120752565303238,0.16501097866178915,0.15878,0.15193,0.1466,0.14127323823023857,0.13558154130231545,0.1299853896052372,0.12433,0.11988,0.11427
13-01-2026 15:20,25730.9,0.10596,0.10372333948648357,0.1016,0.09989,0.09870693565059949,0.09735,0.09655,0.09557,0.095904722651102,0.09549,0.09714223210665862,0.09835,0.10136936047102568,0.1047,0.18772,0.18230558201952435,0.17666546002039518,0.17104,0.16471,0.15806096763385227,0.15139,0.14642,0.13928,0.13342,0.12824182386984956,0.1228,0.11826,0.11245
13-01-2026 15:25,25730.8,0.10125,0.09819,0.09998,0.09608,0.09512,0.09402,0.09398,0.09364,0.09386289484620489,0.09339,0.09456,0.097,0.09919,0.10185573387574141,0.18346119433311217,0.18082,0.17661714159323344,0.17223,0.16751,0.15719,0.15183,0.14658963801294833,0.14019,0.1353806812857379,0.12995,0.12465603452265142,0.11937,0.11379
14-01-2026 09:15,25671.9,0.14959,0.1285651727315314,0.11174,0.10873,0.10765,0.10444,0.10335118113535573,0.10173,0.10139,0.10208567174094878,0.10239,0.10433,0.10679282538708573,0.1101356158364344,0.19276,0.18752,0.18191,0.17457,0.16868,0.16223761091491257,0.15571967009062682,0.14921570830885875,0.1427,0.13707,0.13117,0.12558,0.12053,0.11497
14-01-2026 09:20,25705.8,0.12363,0.12422,0.11596268774238269,0.10689,0.10436,0.10267,0.10126,0.10015,0.09998,0.09974,0.10063,0.10243,0.10524,0.10877,0.19452,0.18877,0.1834,0.17660236800380916,0.17003,0.16326,0.15622,0.15014731358607822,0.1440075347437084,0.13778,0.13156,0.12589,0.12102,0.11552
14-01-2026 09:25,25717.85,0.13317,0.127290046893819,0.12118,0.11356,0.11106,0.10716,0.10495,0.10343,0.10229,0.10186,0.10202,0.1036,0.10598,0.10863626175597711,0.19526,0.18932,0.18284153974048684,0.17644,0.16973843864001406,0.16311,0.1565,0.14991,0.14267,0.13693388190147102,0.13089,0.1248,0.11955,0.11384
14-01-2026 09:30,25746.8,0.11272,0.10267,0.10078,0.10024,0.09959,0.09806,0.09683,0.09616,0.09616,0.09601,0.0977224610244574,0.09916,0.1019,0.1051999665068269,0.19794394861049613,0.19149,0.1850682821617312,0.17862394015594274,0.1721609014277713,0.1657,0.15915,0.15275,0.14650255001250145,0.14023504178755863,0.13387,0.1279,0.12301,0.11747307658000035
14-01-2026 09:35,25737.05,0.1012,0.11807,0.10043,0.10202650620962553,0.10049,0.10045160999585584,0.09825,0.09868389301483235,0.0971,0.0968,0.09815,0.09997,0.1022706257005474,0.10598,0.19606,0.19023,0.18420946419545461,0.17832,0.17179,0.16502,0.15814,0.15237,0.14522,0.1392,0.13298,0.12733,0.12206,0.11653
14-01-2026 09:40,25712.25,0.12103,0.10667,0.10128,0.101265169221008,0.09942,0.09791,0.09741115919694752,0.09656,0.09661,0.09664,0.09797,0.09991,0.10312715495008545,0.10669,0.19445913808885606,0.18821,0.1818961221640214,0.17558715182877502,0.16928376990686145,0.16299,0.15671249493840617,0.15045,0.14342,0.1376238164771911,0.13182660608531951,0.126,0.12060235478481329,0.11525
14-01-2026 09:45,25691.85,0.10661,0.10863,0.10578652368118321,0.10313,0.10168,0.10053,0.09893,0.09828,0.09847,0.09854,0.09988,0.10168,0.10484297508854734,0.10839,0.19245,0.18703,0.18192,0.1754195509348575,0.16891,0.16236754167564077,0.155788185169242,0.14923494545003385,0.1426648228105416,0.13627,0.13052,0.12473,0.11991,0.11441
14-01-2026 09:50,25701.2,0.14149623569743816,0.13496381293395235,0.12897131211788349,0.12353,0.1188954250914465,0.1145,0.11092,0.1088799229869878,0.10619,0.10517,0.10541,0.10623,0.10858913829386577,0.1114,0.19423049138516918,0.18755429556746256,0.18082,0.17434,0.16731,0.16079541994325663,0.15422,0.14807,0.14133099614188105,0.13451,0.12822,0.1222,0.11692,0.11055
14-01-2026 09:55,25759.55,0.09956,0.08438,0.08875,0.09271575230538726,0.09529,0.09431,0.09485,0.094,0.09477606406852235,0.09393,0.09574,0.0974,0.1,0.10384,0.1978685430950166,0.19168,0.1855,0.17885470219806543,0.17221,0.16596,0.15952,0.15273,0.14534,0.13981483084640345,0.13392,0.1286125196017862,0.12319,0.11744
14-01-2026 10:00,25727.85,0.12568,0.11977,0.10681,0.10478659657474465,0.10037,0.09973,0.09769,0.09675,0.09648,0.09744482000807964,0.09783,0.09918,0.10196,0.10486769485548403,0.19351,0.1891,0.18234972384259013,0.17546197018691106,0.16857,0.16219143422476287,0.15582129691045654,0.14942,0.14235,0.13666,0.13071,0.12541758126577177,0.12026,0.11540049881274939
14-01-2026 10:05,25713.6,0.11955,0.11415328126259439,0.10948814697603819,0.10489,0.1025,0.09999,0.09863,0.09749,0.09764,0.0975,0.09924195245964865,0.10120499837625574,0.10363214573319407,0.10655,0.19239,0.18795,0.1817,0.17426,0.16809,0.16112,0.1554,0.14851,0.14221606519246077,0.13578,0.1301749530488057,0.12439,0.11897569413807449,0.1136
14-01-2026 10:10,25697.45,0.12007,0.11399,0.11060161456554551,0.10673,0.10431961603353326,0.10127,0.09953,0.09863,0.0985,0.09833,0.09982,0.1024072168676502,0.10493708286968947,0.10784,0.19167,0.18585715443909268,0.17986033174782212,0.17391,0.1672723731587329,0.16068,0.15396,0.14763398054784033,0.14132639654061327,0.1349,0.1291817810562178,0.12333,0.11843,0.11254
14-01-2026 10:15,25696.35,0.09906313303919492,0.0986,0.10025,0.09845,0.09729126346596745,0.09617,0.09559,0.09598265863745137,0.0961873887378425,0.0962,0.09798,0.09875171838756064,0.10032689694600033,0.10208583858525588,0.1927,0.1873,0.18138,0.17470351907878381,0.16823,0.16044,0.15501,0.14838170439024673,0.14157,0.13597,0.13009,0.12453,0.11945248769471853,0.11447
14-01-2026 10:20,25678.3,0.10372,0.10513,0.10303,0.10170426383232807,0.10031959980824706,0.09907583730100017,0.09786370606105338,0.09691,0.09739,0.09767,0.09961,0.10116,0.1043,0.10822,0.19099,0.18559,0.17988,0.17309,0.16646900591166808,0.15996,0.15296,0.146498535368007,0.13984,0.13415013231176773,0.12823,0.12243,0.11744570723637812,0.11263
14-01-2026 10:25,25683.35,0.11226,0.1016,0.10787,0.10482,0.10177,0.10035,0.09895,0.09843,0.0983,0.09991326179831916,0.10116226552016044,0.10186,0.1049689691531165,0.10844,0.19220652361927407,0.18579,0.1799,0.17316,0.16608,0.15983526156110933,0.15358,0.14678,0.13968,0.13383,0.12811,0.12257,0.11743175751559352,0.11239
14-01-2026 10:30,25678.05,0.1210797717758266,0.11626,0.10899,0.10656,0.10338,0.10162,0.09964,0.0987,0.09938343104153124,0.09899,0.10027,0.10246,0.10523,0.10859450608742544,0.19074,0.18508107931323453,0.17901452564878834,0.17312,0.16651,0.15966,0.15311,0.14644499928736754,0.1393,0.13363457015687918,0.12763686482785136,0.12215,0.11564255758658978,0.10945989212637516
14-01-2026 10:35,25689.95,0.10832,0.09949,0.10136,0.10068,0.09939669459192535,0.0981501857136851,0.09648,0.09581,0.09681099268201501,0.09635,0.09811,0.10082259333273103,0.10299,0.10671,0.19281,0.18704080061705347,0.18115,0.17454,0.16705,0.16122,0.1544913418063779,0.14768,0.1408,0.13481,0.12932,0.12382,0.11923,0.11379
14-01-2026 10:40,25691.8,0.11136,0.10510211246454612,0.10051,0.10065,0.09911078157595271,0.09689,0.09699063991877332,0.0965697517539644,0.09586,0.09625,0.09803,0.10055332161086561,0.1033,0.10662685710880754,0.1866740038201647,0.18382,0.18047,0.17378230242765408,0.16723,0.15981,0.15412,0.14775,0.14142501259177365,0.13492,0.12911,0.12368,0.11915,0.11372
14-01-2026 10:45,25665.9,0.12,0.12893,0.12057484033100906,0.11447,0.11121,0.10756,0.10468,0.10287,0.10243,0.10173,0.10276,0.10481,0.10705,0.11056,0.18956,0.18173,0.17661066977636614,0.17155,0.16428,0.15752,0.15107,0.14471,0.13819293951629458,0.13147,0.12565989723020443,0.11951,0.1142638467856153,0.10912
14-01-2026 10:50,25695.5,0.11481312909860655,0.11226,0.10968129436742668,0.10709,0.10433,0.10152,0.10048376332555943,0.09879,0.09899850289086426,0.0981,0.09968,0.1015,0.10402,0.10765,0.19225,0.18417,0.17956399920437421,0.17509,0.16724,0.16043707310404895,0.15401127650345384,0.14724,0.14014,0.13463471247613884,0.1287149576873563,0.12272,0.11782,0.11208
14-01-2026 10:55,25706.35,0.12603007008351572,0.12225,0.1192,0.11476,0.11151317765079902,0.10792,0.10453,0.10279,0.10175,0.10116,0.10141212390002442,0.10227374515582319,0.10367597946662145,0.10554725844776225,0.19537010333319094,0.18808,0.18066,0.17386,0.16693,0.16001,0.15372479590542193,0.14736,0.1407318155776689,0.13401,0.1278,0.12218,0.11673483236384347,0.11133
14-01-2026 11:00,25720.95,0.12452,0.1165341366447179,0.11064,0.11044,0.10585,0.10416,0.102,0.10027,0.09959,0.10038664964689155,0.09964,0.10180313785551456,0.1034,0.10674,0.19353,0.1893,0.1819,0.17508772033464892,0.1684,0.16132,0.15525,0.14887,0.14143,0.1358618981092352,0.12984,0.12441739199474319,0.11881,0.1133
14-01-2026 11:05,25733.0,0.10822,0.10675513351198035,0.10493740075931468,0.10313,0.10013,0.09901,0.09724,0.09758738474332902,0.09765955120479655,0.09774478140506912,0.0972,0.0992261697436102,0.10148,0.10476,0.19424,0.18756,0.18136899560518643,0.1751800949309519,0.16903050944595804,0.1629,0.15666,0.14987,0.14271,0.13656,0.13109469191896395,0.12527,0.1207,0.11524
14-01-2026 11:10,25729.2,0.11861544453887506,0.11287,0.1085,0.10339,0.10069,0.10064,0.09866,0.09713,0.09661,0.09677,0.09802,0.09974,0.10185,0.10552,0.19367,0.18728,0.18152374975186492,0.17587,0.1686,0.1621056206124922,0.15559,0.14896093006769467,0.14228905917281381,0.13557,0.13036,0.1245,0.11983,0.11424
14-01-2026 11:15,25736.25,0.1227,0.11967,0.11314,0.10997125241303037,0.10627,0.104,0.10179768496216238,0.09912,0.09900270489340851,0.09792,0.09883,0.10029,0.10267917396290172,0.10531,0.19408379935346845,0.18787,0.18170929317511464,0.1754943788916582,0.16923,0.16265351629953317,0.15600734684738193,0.14934096043773992,0.14265862931049136,0.13617,0.13027,0.12486994060084061,0.11944,0.11401
14-01-2026 11:20,25743.15,0.11527,0.11120956091681614,0.1075414262337623,0.10387,0.10169476838415524,0.09925,0.09787953357736189,0.09618,0.09572,0.09558,0.0966,0.09831,0.10072,0.10436,0.19870553662918103,0.19112831670258493,0.18407,0.17689,0.17059,0.16352,0.15708185413499126,0.1506,0.1439951961888113,0.13718,0.1315361487045066,0.12569,0.12109,0.1169214474253017
14-01-2026 11:25,25735.0,0.14145,0.13595,0.1285534891670302,0.12083,0.11546,0.11145,0.10785,0.10508,0.10308,0.10369874539461932,0.10357900017903618,0.1029,0.10451,0.10766,0.19335,0.18820030816034555,0.18274,0.17581,0.16879,0.16249,0.15525,0.14864,0.14139,0.13535860969963448,0.12887,0.12348391623068444,0.11791,0.11163
14-01-2026 11:30,25773.9,0.10956,0.10732750097599851,0.10518,0.10342,0.10105,0.0986,0.09755752840336934,0.09597,0.095852692934927,0.09497,0.09599,0.09744,0.10010105365944294,0.10308,0.19735,0.19179,0.18553,0.17783,0.1714774724259454,0.16514424078218043,0.1588599520500702,0.15251,0.14556,0.13946333995278692,0.13326,0.12717,0.12172945816348156,0.11643
14-01-2026 11:35,25764.1,0.11427,0.11474,0.10436,0.10423080312022132,0.1021,0.10055981156319307,0.09823,0.09693,0.09634,0.09712038091684189,0.09686,0.09809,0.10014,0.1038,0.19601,0.19019994432082915,0.18427,0.17768,0.17075,0.16422,0.15743752876521594,0.15067427703991007,0.14378,0.13784786083762796,0.13173,0.12584,0.12078,0.1158687694189012
14-01-2026 11:40,25766.75,0.11206,0.11197,0.10283,0.10180790958924972,0.09987781729662852,0.09738,0.09668093962562058,0.0951,0.09438,0.0944,0.09522,0.09699,0.09938,0.10200269355929745,0.19566,0.19021920929263242,0.18452,0.17749,0.1708,0.1644366775663679,0.15815,0.15119,0.14392,0.13791,0.13182,0.12638,0.12158,0.11576
14-01-2026 11:45,25761.25,0.11673,0.1271,0.12029745890670032,0.11623,0.11043,0.10857909345681592,0.10507,0.10246,0.10073,0.10135947254313704,0.09968,0.10056,0.10219139577553692,0.10536,0.19642,0.1901757095261581,0.18385,0.17688899931008356,0.16996,0.16335526581880247,0.15673,0.14997694527506947,0.14322116445327504,0.1364,0.13012,0.12415,0.11887,0.11271
14-01-2026 11:50,25775.3,0.11506,0.114,0.10875,0.10564,0.10242,0.10071563658284202,0.09879509945857776,0.09677,0.09612,0.0964671195805288,0.09608,0.09743,0.09925,0.1031,0.19669,0.19148,0.18503,0.17804,0.17138,0.16455,0.15768,0.15144,0.14437,0.13776,0.13182,0.12587,0.12084,0.11599493399115098
14-01-2026 11:55,25774.6,0.11394594041732353,0.11031,0.10639,0.10405,0.10176621540704592,0.09915,0.09762,0.09612,0.09519,0.09483,0.09565,0.09697,0.099,0.10143959282930892,0.19695,0.19145,0.18479432420981168,0.17822,0.17141833066332823,0.16469,0.15796554486732364,0.15125,0.14432,0.1376,0.13190110866518756,0.12598,0.12121,0.11681784262831636
14-01-2026 12:00,25786.0,0.11914,0.11363,0.10855775602571938,0.1031,0.10041,0.09901,0.0971101601402505,0.09496,0.09519,0.09538981045981684,0.09502,0.09632,0.09886060488622068,0.10177,0.19954881330669033,0.1927782650029811,0.1862,0.1792,0.17253,0.1657,0.1592407901178393,0.15274,0.14580496602533838,0.13882,0.13311,0.1261702244664941,0.11960735700798994,0.11307665541283224
14-01-2026 12:05,25782.1,0.09027,0.09366,0.0915,0.09297,0.09146,0.09081,0.09084,0.09087305495364097,0.09074,0.09041,0.09180934320849238,0.09303,0.09522,0.09757816766340158,0.19731,0.1934,0.1859,0.1789,0.17183,0.16559225083450746,0.1590595227753801,0.15260237250973896,0.1462319792857495,0.1399629116956418,0.13323,0.12788261062398798,0.12212,0.1165
14-01-2026 12:10,25757.05,0.10055,0.10634,0.09609,0.09666,0.09423,0.09342,0.09262,0.09298156126788523,0.09217,0.09337646338718007,0.093,0.09542433526955406,0.09712,0.10096,0.19649335745334484,0.18983,0.18385,0.17681,0.1701,0.16350380199216502,0.1568950154695176,0.15027,0.14374764610802865,0.13719,0.13164157287732167,0.12605650878170205,0.12074,0.11554418743591605
14-01-2026 12:15,25735.55,0.13328,0.12758,0.1184,0.11589,0.11096,0.1068,0.10404,0.1013,0.10004,0.09863,0.09961061424157709,0.09992,0.10181,0.10400878701535128,0.19479,0.1881,0.18209,0.17545,0.1684601761089195,0.16153,0.15534,0.14846,0.14112,0.13424,0.12835190309983685,0.12224,0.11651081413601894,0.11081
14-01-2026 12:20,25771.55,0.1023,0.10101734082221822,0.1001,0.101,0.09756,0.09538,0.09429936754460241,0.09268,0.09315,0.09221,0.09321,0.09496,0.09766148348351258,0.10063,0.19846937276217644,0.19168918694204,0.18486,0.17808,0.17138,0.1647,0.15779,0.15149,0.14413,0.1375,0.13194,0.12591,0.12073,0.1149
14-01-2026 12:25,25768.3,0.1056,0.10260523800507643,0.09991040002131327,0.09746460722971823,0.09506,0.09382,0.09249,0.09227023299512921,0.09157,0.09139,0.09257,0.0943,0.09665,0.1007,0.19718,0.19055,0.18462,0.17826,0.17113,0.16479,0.15784,0.15100564931425425,0.14397,0.13743,0.13211,0.12609,0.12103,0.11485
14-01-2026 12:30,25761.1,0.11558,0.11165,0.10489,0.103,0.10078,0.09835,0.09689358601769005,0.095,0.09442,0.09373,0.09423,0.09648981415850039,0.09883040127541826,0.10178,0.19663,0.19049889273494147,0.18428,0.17767,0.1708249692611247,0.16401232705770166,0.15721,0.15086,0.14382,0.13687,0.13141,0.1256931188653556,0.11991,0.11385
14-01-2026 12:35,25772.4,0.10931,0.10503393049149266,0.10127,0.10026598241917983,0.09876,0.09708,0.09512,0.09458915320431607,0.09386592556363618,0.09275,0.09373,0.09505,0.09732,0.10095,0.19727,0.19104040836363795,0.18476,0.17821,0.17132,0.16501,0.1584,0.15149,0.14413,0.13741,0.13187,0.12605,0.12072,0.11455
14-01-2026 12:40,25773.6,0.10821,0.10386,0.09096,0.09282,0.09264532283167695,0.09167,0.09025,0.09012,0.09045,0.09024,0.09158,0.09359,0.09584,0.09976,0.19881012013270294,0.19185,0.18489,0.17812,0.17105,0.16496,0.15756,0.15147,0.14452,0.13765,0.1325,0.12696559682239417,0.12137,0.11633257515872761
14-01-2026 12:45,25759.5,0.11368,0.11393,0.09807,0.09706,0.09679813022564135,0.09495415485991299,0.09285,0.09254,0.09219,0.09209,0.09296,0.09531244838237407,0.09709,0.10092,0.1954,0.18908646989238265,0.18278,0.17652,0.16967,0.16304,0.15649,0.15006,0.14284,0.13609,0.13091,0.1249,0.11999,0.11407
14-01-2026 12:50,25748.9,0.10486,0.1028322683606081,0.10082,0.09894501230357236,0.097,0.09505,0.09366,0.09266,0.09275,0.09235,0.09354,0.0955282270868694,0.09774,0.10079637589294414,0.19487,0.1883,0.18241,0.17587,0.16858,0.16249,0.15557,0.14939,0.14237,0.13565,0.12996,0.12470871634237427,0.11933,0.11358
14-01-2026 12:55,25745.55,0.11091,0.10232,0.10093,0.1015,0.09815,0.09708,0.09539,0.09436,0.09441,0.09487464080791344,0.09441,0.09609,0.09843,0.10213,0.19463,0.18843894777109182,0.18215,0.17539,0.16871,0.16208164916021078,0.15545,0.14925,0.14182,0.13590958235936584,0.12983,0.12381,0.1175875045084829,0.11150854356012171
14-01-2026 13:00,25748.1,0.09798,0.10045,0.09840183049561158,0.09678,0.09641,0.09491475965928042,0.09330207044214953,0.09184,0.09217,0.09327014909366022,0.09446272829210928,0.09584411183350824,0.09743,0.09986562752452137,0.19456,0.18828,0.18215,0.17563,0.16856,0.16207474444963169,0.15553,0.1495,0.14233,0.13656430525803304,0.13058,0.12426,0.1192,0.11346
14-01-2026 13:05,25745.45,0.11027,0.10610963965859552,0.10248,0.10154680383315734,0.10022,0.09776,0.0960893134416789,0.09438,0.09415,0.09514622070700784,0.09607611908389861,0.09725069772495101,0.09809,0.1023,0.19438,0.18967,0.182489925887691,0.17543,0.16875,0.16242,0.15595904125372073,0.14955,0.1421,0.13525,0.1299496311634755,0.12425779892358632,0.11864,0.11245
14-01-2026 13:10,25759.75,0.09432689041052418,0.09368646024268329,0.09268,0.09214,0.09087,0.09034,0.09019980261322005,0.08995637950473043,0.08954,0.08952,0.09095,0.09299,0.09612223651579746,0.09952,0.1961374968459558,0.18954,0.1830100720891235,0.17643,0.16959,0.16298,0.15629,0.14989,0.14350580534779203,0.13711933249024857,0.13063,0.12497994719365177,0.11923,0.11368
14-01-2026 13:15,25750.25,0.10742387200512934,0.10412,0.09486,0.09455956826768817,0.0932275073730518,0.09183,0.09116574120639989,0.09045,0.09135620004734239,0.0921368804945285,0.09311242108954249,0.09384,0.09639,0.1006,0.19451,0.18906,0.18210246506789557,0.17521,0.168,0.16181,0.15514,0.14846,0.14200924869026105,0.1353,0.12964527692464067,0.1237,0.11871,0.11297
14-01-2026 13:20,25735.95,0.09186947130200375,0.09088,0.09116,0.08927,0.08931,0.08892,0.08832,0.08898160456588838,0.08918,0.08953,0.091,0.09341,0.09618,0.10013,0.19369,0.18739,0.18099,0.17447,0.168,0.16147,0.15484166301438929,0.14818,0.14151,0.13576952718332566,0.1298,0.12456003550551413,0.11922,0.1135
14-01-2026 13:25,25715.5,0.10688934061346902,0.10317,0.09996,0.09726,0.09595403802162705,0.09414,0.0929,0.09245,0.09268,0.09269,0.09386,0.09613,0.09889911923614575,0.10272213034894752,0.19148,0.18548,0.17932,0.17266010281703772,0.16606,0.16005,0.15318,0.14687,0.13997,0.13405289715484756,0.12802,0.1224921050617494,0.11690596612669696,0.11145
14-01-2026 13:30,25717.15,0.09616930589960986,0.09475,0.09061,0.09135,0.09055,0.09015449488814484,0.08954,0.08944,0.09027,0.09078,0.09261,0.09503,0.09794,0.10100276841364406,0.19223,0.18563,0.17948,0.17315,0.16642074060401432,0.15973865783003557,0.15304,0.14662,0.14002,0.13347,0.12811,0.12246,0.11762,0.11212
14-01-2026 13:35,25708.2,0.05948,0.07823,0.08042,0.08117736643246642,0.0825645688655392,0.08395936202098923,0.08537,0.08658030505059164,0.08774,0.08991859790708893,0.09207956704735526,0.09426,0.09755,0.10102524605107732,0.19064569348213992,0.18439,0.1784908514530309,0.172350613451865,0.16602688745671207,0.15979,0.15256,0.14732,0.13992,0.13496466619041614,0.12937,0.12376,0.11973,0.11369801499648086
14-01-2026 13:40,25665.9,0.10071,0.09837,0.09493,0.09387,0.09312,0.09264,0.09251,0.09227,0.09331,0.09393,0.09605,0.09887,0.10199,0.10579407021670566,0.18757,0.18096,0.17549,0.16884,0.16204,0.1559,0.14907,0.14353,0.13648,0.13084,0.12553,0.12008,0.11569,0.11118572955305121
14-01-2026 13:45,25656.25,0.10367,0.10529,0.10257220467113219,0.0999,0.09847881023437673,0.09681,0.09591,0.0953,0.09587718814269197,0.09621,0.09869699281175268,0.10129626419357551,0.10438588583453771,0.10792,0.18711,0.18019,0.17471,0.16823210480777764,0.16174248724630974,0.15523,0.14911823689975445,0.14290714276288302,0.13673241352109916,0.13063585761768104,0.12467016953021935,0.1186,0.11361270754356698,0.10875
14-01-2026 13:50,25665.25,0.08603,0.08404,0.0858607922308989,0.08744,0.0876898933644669,0.08812,0.08863,0.08953,0.09086,0.0925,0.095,0.09857534320382376,0.10184,0.10613,0.18786,0.18174,0.17567222199070393,0.16967,0.16278,0.15688,0.14995,0.14441,0.13772,0.13229,0.12733082517978186,0.12203,0.11809,0.11319
14-01-2026 13:55,25642.0,0.10286065118998433,0.10086,0.09857,0.09772485553983072,0.0967,0.09515,0.09469,0.09448,0.09544,0.09621,0.09894590300069188,0.10106,0.10456,0.10902,0.18590609073874492,0.18037,0.17471,0.16832,0.16115,0.15548,0.14814,0.14202660739661283,0.13590884549475252,0.12968,0.12442,0.11965462870956609,0.11485,0.10964
14-01-2026 14:00,25653.3,0.09106,0.09305,0.09194,0.09174,0.09178813929300421,0.0917,0.09176,0.09207,0.09394155534822032,0.09582115897080407,0.09795860135701595,0.0998,0.10317,0.10783,0.19089366509939132,0.18350490937740696,0.17613,0.16951,0.16215,0.15569,0.14964923410327688,0.14349473806705831,0.1374223260513351,0.13132,0.12603,0.12032,0.11586347952751873,0.11162
14-01-2026 14:05,25642.2,0.10919565075696584,0.10608,0.10346,0.1013393347210832,0.09905,0.09800794213039116,0.09658,0.09696254648893567,0.09667,0.09731,0.0999201543990203,0.10212,0.10515,0.10957,0.18748,0.18169,0.17500822727460846,0.16830985872409376,0.16157,0.15517681843402534,0.14877,0.14293,0.13565,0.13014937591125242,0.12462464903570294,0.11904,0.11420267155302713,0.10944
14-01-2026 14:10,25650.55,0.11123,0.10818,0.10361,0.10363,0.10124,0.09990264842475693,0.09851668396873567,0.09692,0.09754,0.09775,0.09953,0.1022,0.10529,0.10937,0.18791,0.18188388648160575,0.17572,0.16891,0.1621849488838772,0.15548,0.14853,0.14219,0.13568,0.129,0.1236007623129168,0.11783,0.1132,0.108
14-01-2026 14:15,25666.25,0.09477,0.09207897161384246,0.09021,0.09398,0.09103,0.09079,0.09055,0.09177205061106074,0.09277153263623743,0.09333,0.09585,0.09899401763043512,0.10243,0.10639721615596574,0.1892,0.18297,0.17661,0.17028,0.16316,0.15707,0.15080530414507493,0.14447,0.13801429608258498,0.13139,0.1261,0.12108,0.11657315633739462,0.11243369307813472
14-01-2026 14:20,25637.25,0.09594,0.09529,0.09429,0.09333,0.0932,0.09245,0.09228,0.09263,0.09413,0.09507,0.09762,0.10103635823466454,0.10407,0.10859,0.18715,0.1816,0.17531,0.16882,0.16174,0.15595,0.14962818407226436,0.14326,0.13611,0.13071,0.12553,0.1207826951805755,0.11614,0.11197585841027005
14-01-2026 14:25,25618.75,0.11219,0.10809,0.10566,0.1036,0.10199436620957392,0.09998,0.09881,0.09824,0.09913,0.10094951832746683,0.102,0.10473,0.10795,0.11216,0.1884034791765721,0.1811924004436725,0.17398,0.16744,0.15996,0.15398,0.14712,0.14151,0.13442,0.12884,0.12349,0.11826,0.11355,0.10886
14-01-2026 14:30,25626.9,0.10999,0.11111,0.10747564763615033,0.10374,0.10118,0.09995402214414165,0.09838,0.09794,0.09921896033708942,0.10039679430603442,0.10151,0.10444,0.10619931712513246,0.10891991389026316,0.18745,0.18131822851150803,0.17513,0.16836,0.16088,0.154557503591276,0.14774,0.14169882089253238,0.13513,0.12921,0.12382,0.1186424126485384,0.11389205053664916,0.10961643215776908
14-01-2026 14:35,25635.8,0.12229,0.11516,0.11152,0.1082321052306906,0.10454,0.10167,0.1013154086252227,0.10049725713928648,0.09944,0.09981,0.1019,0.10451,0.10797764676130028,0.11165,0.1871,0.1813,0.17479446726141668,0.16836,0.1615,0.15490907699254386,0.1483,0.14255,0.13502,0.12908,0.1238315911117821,0.11828,0.11329,0.10781
14-01-2026 14:40,25660.55,0.11727,0.10852,0.10617719538010122,0.10285,0.10016,0.09882,0.09799128817805496,0.09656,0.09711,0.09738,0.09949,0.10216,0.10515,0.10935,0.1897,0.18509,0.17715,0.17051,0.16369,0.15694316717631024,0.15018742250193803,0.14353380873986307,0.13687,0.13100925231933996,0.12521345942987155,0.11945,0.11431002657138445,0.10926
14-01-2026 14:45,25696.2,0.10274,0.09888,0.0983517820536636,0.0974883276605406,0.09661,0.09562,0.09525934715091418,0.09497177180267484,0.09452,0.09635187944798826,0.09831106372222215,0.10074387137824814,0.10308,0.10702,0.19234,0.18584,0.17971,0.17297,0.16607,0.16036,0.15297,0.14634572038085678,0.13961,0.13304,0.12752819485023426,0.12184,0.11678,0.1120152965197775
14-01-2026 14:50,25697.1,0.10822237287953564,0.10479,0.10023,0.09933,0.09631,0.09571027599597898,0.09477979713767386,0.0936,0.09423,0.09482,0.09688,0.0998130908760981,0.10241,0.10623,0.19200332988667157,0.18568,0.17935,0.17286,0.1662352350974457,0.15962,0.15294789912872125,0.14625798917663047,0.13968550626800236,0.13314,0.12768090015159453,0.12227031318085425,0.11689,0.11105
14-01-2026 14:55,25696.05,0.09755762064836514,0.0954427004750865,0.09366467347426614,0.09216,0.09162704150259812,0.09117825321173034,0.09068,0.09041,0.09135,0.09226,0.09483,0.09741,0.10096625182030289,0.10479,0.19616763317994648,0.18713,0.17834,0.171887472289764,0.16540342600374955,0.15886,0.15208,0.14621,0.13958041062816456,0.13274,0.1273479275669695,0.1217,0.11692,0.11243798837508928
14-01-2026 15:00,25666.15,0.10545,0.10721,0.10359,0.10214,0.09894,0.09703,0.09661987554171794,0.09541,0.09563,0.09602,0.09841,0.10077,0.10414,0.10821,0.18941,0.18161,0.17703,0.17046,0.16359036134057092,0.15694543293904234,0.15014,0.14387503515023115,0.13713,0.13146636353319957,0.12537,0.11968,0.1144,0.10874
14-01-2026 15:05,25690.25,0.07851,0.08423762425797655,0.08761261075897855,0.09128,0.09116,0.09067,0.09081,0.09139,0.09319127322618921,0.09359,0.09631,0.09909975581246185,0.10261,0.10647317080952447,0.19082,0.18501853472516439,0.17908,0.17234,0.16507,0.15907,0.15251485646153326,0.14591457885178194,0.13923,0.13364,0.12831128920948376,0.12283,0.11837,0.11334
14-01-2026 15:10,25672.65,0.09847,0.09817,0.09722,0.09623243771695644,0.09517,0.0947,0.09444,0.09436,0.09494,0.09609,0.09884233330545242,0.10099,0.10445,0.10834,0.18913,0.18298,0.17669,0.16992151695804025,0.16318,0.15672381274612246,0.15017,0.14426370351805562,0.13828887881231003,0.13231,0.12719,0.12227681667988367,0.11733,0.11239
14-01-2026 15:15,25654.0,0.11178,0.10884061859897093,0.10592,0.10331379003352048,0.10052,0.09908,0.09815,0.09893145993742679,0.09949859560161964,0.10020077853312996,0.10062,0.10284,0.10627953024655762,0.11003,0.1885,0.18221807304524623,0.17584,0.16886,0.16139,0.15588,0.14925945156818662,0.14260092963555698,0.13577,0.13055084716422996,0.12509,0.11969,0.11511,0.11054144368239983
14-01-2026 15:20,25659.6,0.11563,0.1131,0.10901,0.10678,0.10441686584951317,0.10162,0.10026,0.09934,0.09887,0.1004145496687319,0.10162,0.10446055054552361,0.10723510919381468,0.11045,0.18926,0.18298,0.17657,0.16936,0.16209,0.15706,0.14917,0.14304862986696013,0.13668,0.13113,0.12563285891694068,0.11996,0.1153,0.11002
14-01-2026 15:25,25670.6,0.10999455663978092,0.10645153165624249,0.10346,0.10035,0.09914,0.0972,0.09624,0.09617,0.09556,0.09666,0.09979,0.10179,0.10521810772408408,0.10924406598419364,0.19156,0.18505301441021973,0.17797,0.16772,0.1662,0.15985,0.15004,0.145,0.13947239252006605,0.13353,0.12719,0.12262,0.1184,0.11386361074674983
16-01-2026 09:15,25709.45,0.14811,0.13601,0.13172,0.12472,0.11844,0.11432,0.11076,0.10759,0.10775292982813835,0.10730844873112055,0.10692789126107738,0.10618,0.10852,0.11131917351849663,0.19829,0.19189,0.18628,0.17910532033634308,0.17189594907784617,0.164586913012912,0.15732,0.15038859881024536,0.14345,0.13686,0.1309504165088305,0.12493,0.11916001043244337,0.11341
16-01-2026 09:20,25731.8,0.12143444746628054,0.11626,0.11116288029980925,0.10672,0.10463,0.10221714497583251,0.09945,0.09803,0.09820420581539159,0.09736,0.09879,0.1004,0.10317,0.10711,0.2002,0.19314,0.18643,0.17856256922163943,0.17063,0.16466,0.1581383919150372,0.15158,0.14468275828534338,0.1377,0.13216,0.126,0.12071566699593216,0.11561
16-01-2026 09:25,25713.95,0.13856,0.1303305587983894,0.12231,0.11478,0.11152186293066228,0.10721,0.10394,0.10164,0.09945,0.09887,0.09971,0.10132495814244029,0.1032,0.10625976027784223,0.19718,0.19095,0.183,0.17458,0.16717,0.16118,0.15412,0.14773,0.14141801054806008,0.13505081213691064,0.12856,0.1223,0.11729,0.1114
16-01-2026 09:30,25717.25,0.12074,0.11334433857822365,0.10708,0.10585882402822483,0.10414,0.10221744917776587,0.10016947935937753,0.09809511314366737,0.0960592533304741,0.09457,0.09555,0.09727,0.10050496820516076,0.10408,0.19619104017356181,0.18833,0.1813,0.17333,0.16636,0.15962651176013798,0.1527971700382864,0.14602577731513205,0.13917,0.13305,0.12774,0.1223563499480534,0.11695,0.11205802882879155
16-01-2026 09:35,25703.5,0.12154,0.12388,0.11542717183102745,0.10671,0.10359,0.1014518372157241,0.09855,0.0969,0.09574,0.09533,0.09722374482615072,0.09924090305654198,0.10177917123745331,0.10491,0.19475,0.1872,0.1803862054519442,0.17359325848821702,0.1668228617167965,0.16004,0.15277,0.14565,0.13886,0.13325,0.1274738773967087,0.12168,0.11636882720738073,0.11139476727918318
16-01-2026 09:40,25700.0,0.14571,0.13989,0.1281,0.12149,0.11727129222747307,0.11306051114669324,0.10881421677795466,0.10471553148629523,0.10102,0.09973,0.09978,0.10071,0.1008314061947281,0.10139028406875628,0.1957,0.1880530229251116,0.18064038205233418,0.17314,0.16649679396958078,0.1597322422746913,0.15311,0.14438,0.13719,0.13049,0.1244,0.11798,0.11307,0.10711
16-01-2026 09:45,25718.5,0.13848,0.13252,0.1267567238673691,0.12100342190894547,0.11514,0.11078,0.1061,0.1033,0.1024640995865162,0.1011361194125196,0.09937,0.10053,0.1021,0.10583,0.1979360934211497,0.19034658424357787,0.18317,0.17508,0.16795,0.16145,0.15485,0.14702113131519318,0.13866,0.1327859033929532,0.12631095414070306,0.12000286160475365,0.11363,0.1077
16-01-2026 09:50,25745.0,0.13175,0.12499,0.11837,0.11326314940763696,0.11019652480072722,0.1070893600067041,0.10366177137870786,0.10000612233110324,0.0962651959441257,0.09574,0.09640108220260829,0.09708,0.09960676158309442,0.10256,0.19912,0.19241703060955484,0.18565691434600998,0.17893,0.17199063378499713,0.1650687702637994,0.15817,0.14905,0.14158,0.13425,0.1278,0.12183816296807579,0.11573,0.10952
16-01-2026 09:55,25750.1,0.12116,0.11604599537140678,0.11128623532293827,0.1068696580942955,0.10247,0.0996894781925639,0.09694,0.09563514646200556,0.09414308865367767,0.09265,0.09316,0.0946,0.09667924960022696,0.09961493914954304,0.20035902332262523,0.19348,0.1864325995572078,0.1794,0.1724472923541111,0.16556,0.15789816579322397,0.15030126612607791,0.14261,0.13492,0.1286,0.12260338179827471,0.11654285864101693,0.11059
16-01-2026 10:00,25740.5,0.14949,0.14014564303629784,0.13157613629949072,0.12292,0.11662,0.11173,0.10763,0.1051062656407968,0.1022347565924814,0.09937,0.0992,0.10044,0.10263333781517511,0.10607042455186194,0.2,0.19269,0.1859330216403342,0.17918,0.17187,0.16518,0.15801,0.14887,0.14153,0.13353,0.12685,0.12,0.11433,0.10793
16-01-2026 10:05,25754.15,0.13591483246589428,0.1307,0.12569,0.11996,0.11346,0.10990489886011684,0.10556,0.10204,0.09952,0.0992718407387774,0.09824,0.09963,0.10191344497655647,0.10536537382533621,0.19997,0.19314,0.18653289145362786,0.17990490243742968,0.17338,0.16645,0.1582921209421802,0.15018,0.14269,0.1349,0.12799,0.12135,0.11577,0.11052902018292393
16-01-2026 10:10,25768.1,0.14916387493839425,0.14023063220830964,0.13218,0.12526756338513934,0.11902590132103433,0.11277,0.10856,0.10474,0.10237,0.10155030464114681,0.0998,0.10087,0.10341062325514537,0.10645,0.20237,0.196036130927941,0.18954,0.18223,0.17517,0.16822,0.16104,0.1521,0.14493,0.13691,0.1301982728523325,0.12319,0.11695,0.11015
16-01-2026 10:15,25809.45,0.17053,0.15923537196484117,0.14845,0.13976,0.13346,0.12639,0.12041,0.11533,0.11258,0.10915,0.10741,0.10778,0.10879,0.11139,0.20664125724237947,0.20007,0.19377,0.18647,0.17941,0.17247,0.16458536343216468,0.1568038170569715,0.14892,0.14084,0.13404,0.1272,0.12082,0.11367
16-01-2026 10:20,25841.8,0.15819,0.14716,0.13899,0.13187,0.12373,0.1196516510775879,0.11434,0.11145009219075531,0.10763,0.10463,0.10322,0.10351,0.10495596041109762,0.10678,0.21090010674302012,0.2039,0.19723,0.18991,0.1831,0.17612492949214836,0.16939,0.16142138346135632,0.15362,0.14545,0.13871391383037904,0.13178,0.12547,0.11796
16-01-2026 10:25,25852.75,0.16242,0.14949,0.1399300246531748,0.12939,0.12400984761545596,0.11715,0.11283,0.1087,0.1061351271540567,0.1027,0.10127,0.10126,0.10209,0.10456,0.2119,0.20486,0.19798906297417684,0.19119,0.1841239211999623,0.17713445056046306,0.17022,0.16149,0.15425466034198487,0.14685,0.14009,0.13305768561328724,0.1259989050137805,0.11887
16-01-2026 10:30,25857.6,0.15034,0.1402815194816515,0.13079,0.12515604526530194,0.11905940973666593,0.11293,0.10892,0.1052,0.10288,0.10016,0.0989,0.09916,0.09982,0.10275,0.21194,0.20515299134208576,0.19833,0.19135,0.18395585841080384,0.17656877539190485,0.1691676679669618,0.16177,0.15466,0.14751,0.14052768018016987,0.13347,0.12712,0.11996
16-01-2026 10:35,25863.75,0.14863504907188033,0.14056,0.13121,0.12583,0.12024914100327169,0.114,0.10955,0.10609,0.10326,0.10147313773998204,0.09935,0.10052906439290357,0.10130602517148117,0.10294,0.21288,0.2055,0.19871082911808968,0.19191,0.1849790561756332,0.1782,0.17108,0.16276,0.15562,0.14813,0.14179,0.134990843719482,0.12811,0.12133312224085248
16-01-2026 10:40,25871.4,0.11897,0.11633,0.10899,0.10727,0.10349,0.10199,0.0993,0.09705,0.0958298913400833,0.094,0.09474401994318975,0.09435,0.09576,0.09883,0.2123830065904114,0.20618,0.1999,0.1929,0.1858139044952502,0.17892,0.17117845367175413,0.1635,0.15638,0.14952908942256044,0.14258,0.13588454222801571,0.12916,0.12225
16-01-2026 10:45,25855.55,0.13727263225764516,0.13244,0.12811783704707824,0.12357,0.11755,0.11201,0.1082,0.1044,0.10165,0.10047707503609629,0.09839,0.09844,0.09942,0.10234,0.21234517852326773,0.20522,0.1982194733123859,0.19125,0.18446,0.17775,0.17022245452351475,0.16268100095343158,0.15516913866447035,0.14768,0.14126,0.1344332637684951,0.12765,0.12038
16-01-2026 10:50,25847.05,0.14577,0.13897,0.13107827800759214,0.1231885352143578,0.11503,0.11031,0.10605,0.10261,0.10005,0.09817,0.09713,0.09846081658500833,0.09968720170243547,0.10168,0.2108,0.20382,0.19754,0.19054,0.18338479256852125,0.17594083950501593,0.16857323543826241,0.16123464080584093,0.15384822692349878,0.14671,0.13989598469990308,0.13314,0.12674,0.11969
16-01-2026 10:55,25842.9,0.14318,0.1324,0.12427193963903016,0.11551,0.11107,0.10684,0.10412862437964968,0.10130326552770652,0.09825,0.09717191563622928,0.09575,0.09636,0.0976323848647645,0.10015677404381926,0.21144022671619692,0.2042500204732091,0.19721,0.18991,0.18287,0.17618,0.16946,0.1609,0.15371,0.14662,0.14015,0.13331707779864294,0.1265,0.1194
16-01-2026 11:00,25831.1,0.14914,0.13764685981585711,0.12683,0.1186,0.11283,0.10897,0.10495,0.10159,0.1002284873010868,0.0984363559810299,0.09635,0.09695,0.09832,0.10148,0.20992,0.20217,0.19686,0.1892,0.1821,0.1756,0.167855313170015,0.1602,0.15294,0.14601869435180448,0.1391756141624378,0.13234329328421196,0.12557694983675927,0.1189
16-01-2026 11:05,25828.0,0.15898,0.14145,0.13754,0.1275,0.11895,0.11351,0.10883,0.10513,0.10239,0.10106212382774085,0.09879,0.09902,0.09998,0.10281,0.2093,0.2023,0.19561402693367164,0.18895,0.18185,0.1745177613082322,0.1672382389433329,0.15993,0.15249,0.14534,0.13853,0.13165,0.12492291056465653,0.1183476155209988
16-01-2026 11:10,25825.7,0.13287,0.12163,0.11516,0.11241,0.10890952385645755,0.10493,0.10231325183154621,0.09914,0.09779888579564122,0.09583,0.09518,0.09622,0.09783,0.1003539165601396,0.20835,0.20140624023926196,0.1945247122701691,0.18761,0.18088,0.1747,0.16794,0.15954,0.15263,0.14559,0.13948,0.13255,0.12667,0.12009
16-01-2026 11:15,25823.0,0.1348,0.1260299672296322,0.11802,0.11308,0.10815,0.10492,0.10210827803096517,0.09876,0.09692,0.09503,0.09603821589548864,0.09583,0.09765,0.1011,0.20775,0.20075909257996988,0.19365,0.18588,0.17904,0.17256,0.16557,0.15775,0.1511727340305374,0.14429,0.13817944045520908,0.13183,0.12611,0.11987
16-01-2026 11:20,25813.0,0.1374,0.12177,0.12075,0.11476,0.10972,0.10533,0.1025,0.10058824813355735,0.09855705109471247,0.0959,0.09738969310711576,0.09781113720154189,0.0982,0.1015,0.20540467217771924,0.19854,0.19162721553501597,0.18475765727964633,0.1779,0.17119,0.16423,0.15643,0.14972,0.14342822002298256,0.13693,0.13072013144934272,0.12445,0.11825
16-01-2026 11:25,25811.55,0.14089,0.13264691390470057,0.12487,0.11889,0.11332,0.10936,0.10597,0.10248,0.1002,0.10051686696460538,0.10030570971529984,0.10012842856779834,0.09942,0.10261,0.20686,0.19845,0.19273,0.18553359441330958,0.1782466380638176,0.17108,0.16435,0.15612,0.14943,0.14258,0.13632203979199714,0.12987,0.12372162390977287,0.11761
16-01-2026 11:30,25823.8,0.15411,0.113,0.11435,0.10898,0.10743727860522623,0.102,0.09995,0.0975,0.09647,0.09487,0.09483,0.09594,0.09743,0.09943458651687925,0.20831,0.19913,0.19347,0.18598357028628099,0.17835,0.17162792758765036,0.16483,0.15688,0.15027,0.14366,0.1375356175392276,0.1312629806384052,0.12501,0.11873
16-01-2026 11:35,25810.0,0.12446,0.1196751359334376,0.11493,0.11073856988677577,0.10626,0.10419,0.10133,0.09905,0.09732,0.09756523063768718,0.0973223703682905,0.0965,0.09825,0.10142,0.20388,0.19723,0.19164,0.18424,0.17716,0.17024,0.16310340822372432,0.1559824777817981,0.14879,0.14201,0.13601831268088277,0.12997,0.12381183907825294,0.11763
16-01-2026 11:40,25806.75,0.1389,0.12465,0.11794,0.11279806807790402,0.10622,0.10315,0.10062,0.09812,0.09705,0.09664075965104488,0.09532,0.09634,0.09806,0.10154,0.2045,0.19813,0.1924,0.1843,0.1769,0.16987005408017192,0.16278468449009117,0.1557563680917703,0.14868,0.14202,0.13571361962513623,0.12931,0.12373,0.11758
16-01-2026 11:45,25794.7,0.14051,0.13091,0.1241717060737027,0.11682,0.1107,0.10674,0.10367,0.10178555888958898,0.09913,0.0973,0.0968,0.09763,0.09919,0.10272,0.20353,0.1979,0.19172,0.18358,0.17642,0.16943283168793127,0.16245,0.15443,0.14754,0.14069,0.13437,0.12782,0.12175078836138371,0.11579
16-01-2026 11:50,25794.65,0.14526,0.13098,0.12389,0.11853943355681061,0.1119,0.10766,0.10416,0.10134,0.09988705932242373,0.09772,0.0971,0.09879242563706309,0.09991,0.10361,0.20397,0.19785616005681544,0.19142,0.18361,0.17616,0.16926013573204512,0.16225,0.15425,0.14738,0.14116033207382367,0.13438,0.12772,0.12185,0.11541
16-01-2026 11:55,25797.25,0.11631,0.11333,0.10804,0.10403,0.10069,0.09881,0.09713,0.09621687823588376,0.09487,0.09344,0.09496442438728969,0.09565,0.09765,0.10157,0.20337,0.1978,0.1906176234421665,0.18355,0.17697,0.1699416445995634,0.16317,0.1557167000228901,0.14836,0.1416,0.13443566107995758,0.12729671399809667,0.12016906074842174,0.1130495592368007
16-01-2026 12:00,25774.5,0.15411352739019224,0.14442,0.13569,0.12757,0.12104,0.11543,0.11063,0.10685,0.1044,0.10161,0.1027371331491003,0.10300415729166687,0.10292,0.10615,0.20217599384553028,0.19513084863101637,0.18807896769798427,0.18098,0.1739575721395174,0.16691,0.1596611588234133,0.1524,0.14513,0.1386,0.13248859033827048,0.1262963517937016,0.12011,0.11355
16-01-2026 12:05,25790.15,0.14811002363118667,0.14723,0.14572,0.13723367263821076,0.12841,0.12167,0.11576,0.11238635218743863,0.10792,0.10457,0.10314,0.10357,0.10446,0.10716,0.20346891372160472,0.19612,0.18942,0.18174,0.17455626699874424,0.16733,0.16055,0.15327392337921103,0.14594,0.13939,0.13276422330152876,0.12604,0.11988740918969167,0.1138
16-01-2026 12:10,25810.95,0.15056,0.1460246172523172,0.14114,0.1323001192915954,0.12354,0.11753,0.11329650070427745,0.1085,0.10661817490564876,0.1041173035458157,0.1017,0.10199,0.10283,0.10549,0.20417,0.19712,0.19123,0.18259,0.17569,0.16842,0.16154,0.15399,0.14734774284065644,0.1405,0.13403126682980981,0.12742,0.12188,0.11610686150691159
16-01-2026 12:15,25821.3,0.13938,0.13234,0.12675,0.11879,0.11084,0.10838,0.10526042528137664,0.1012,0.10000697019807603,0.09792,0.0971,0.0978,0.099994939561697,0.10262,0.20592,0.19919,0.1914934912710314,0.18384,0.17603,0.16901913595340556,0.16178,0.15432,0.1476519420766672,0.1412,0.13466053945622627,0.12841598230436965,0.12238849438721194,0.1166154862038643
16-01-2026 12:20,25815.75,0.14513,0.1334,0.12682651773778403,0.11959,0.1154416401500479,0.11065082970175251,0.10576,0.10238,0.1004,0.09856,0.09786,0.09855,0.09994,0.10298,0.20463,0.19746096290081194,0.19027390450269224,0.18307082289366639,0.17587,0.16859811526916993,0.1613,0.15439023519538436,0.14733,0.14068,0.13489,0.12876230501389968,0.12264,0.11623
16-01-2026 12:25,25811.0,0.07388,0.07556,0.07403,0.08059,0.0820342021466687,0.08406,0.08529,0.08587858911637523,0.08663072213093526,0.08707,0.08922209863856718,0.09116,0.09460300404167764,0.0983,0.2036429946204357,0.19641,0.18935618188459977,0.18234,0.17548,0.1685,0.16209,0.1554655492009247,0.14875,0.1430629404145812,0.1373003640158956,0.13181,0.1264124742476362,0.12135913471574156
16-01-2026 12:30,25738.6,0.15064,0.14403,0.13703,0.12998,0.12139,0.11635,0.11184,0.10932939616955263,0.10574,0.10304,0.10235,0.10337,0.1046,0.10699109557960815,0.1993490574708057,0.19115,0.18304,0.17546,0.16765,0.16045,0.15371788971454214,0.14686643140797712,0.140113216871684,0.1333,0.12759,0.12143,0.11626,0.11068
16-01-2026 12:35,25771.0,0.13271,0.11957,0.11999,0.11813253932773868,0.11518991206405524,0.11170774347768561,0.10804368901068151,0.10455517642111338,0.10162278005045866,0.09743,0.09921343429506779,0.09898,0.10074,0.10431,0.20297207416812557,0.19435201879270167,0.18619,0.1779095432460456,0.1699,0.16309,0.15609,0.14932,0.14276,0.13619,0.13059573682925968,0.12469,0.11993,0.11418
16-01-2026 12:40,25768.5,0.1276500205580668,0.12120497111117005,0.11523,0.11094,0.10513,0.10293,0.10049,0.09941593047774881,0.09773,0.09643,0.09780163145641693,0.09827,0.10039,0.10439,0.20208040187535845,0.19373,0.18564,0.17742,0.17032,0.16289,0.15638,0.14954,0.14292,0.13661,0.13136,0.12545,0.12058,0.11512
16-01-2026 12:45,25759.4,0.13574,0.12873,0.11727,0.11155,0.1062,0.10443017435022306,0.10183,0.10064063691168579,0.0990979931051941,0.09762,0.09773,0.09971522894450852,0.1015,0.10533,0.19968,0.1918,0.18414877062958185,0.17633,0.16985,0.16292,0.15605,0.14955,0.14262,0.13670514576929294,0.13068217678229438,0.1246,0.11957,0.11427
16-01-2026 12:50,25750.05,0.12867387813966916,0.1299,0.13151,0.12439,0.11706,0.1124,0.10845,0.10559,0.10383380920432023,0.10154,0.10297180968160427,0.10366104792802848,0.10427,0.10777,0.19893,0.19105,0.18448,0.17589,0.16936,0.16200382950144449,0.1545,0.14786,0.14082,0.13403,0.1281432988537608,0.12194,0.1167,0.11113
16-01-2026 12:55,25759.95,0.13098,0.11788,0.11243256797743191,0.10696502537318767,0.10147,0.10045333918769994,0.09855666505480527,0.09701,0.09661,0.09593,0.09607,0.09866,0.10065,0.10459,0.20021,0.19262433791137432,0.18499,0.1771,0.17085,0.16355,0.15686,0.14965,0.14307,0.13716446710258107,0.13093,0.12564464851085,0.1202,0.11467
16-01-2026 13:00,25740.05,0.11584,0.11270456978076263,0.10962523629080174,0.1065,0.10353,0.10136,0.09962,0.0990726141088401,0.09828499532294481,0.09708,0.09784,0.09999,0.1022,0.10614,0.1986272160235712,0.19105,0.18404,0.17607,0.16912,0.16191924125982354,0.15459,0.1476,0.14118,0.13550608239369225,0.12974421129034444,0.12407198415875466,0.11839,0.11323
16-01-2026 13:05,25723.25,0.13279221178483386,0.12652886568228006,0.12073,0.11549,0.11086,0.10673,0.10355,0.10198,0.10138042939936158,0.0998,0.10027,0.10199,0.10432,0.10812,0.19679,0.18752,0.18262,0.17484800200853137,0.16707,0.15978,0.1526,0.14583,0.13886,0.13222,0.12679,0.12034,0.11524444628414454,0.11048
16-01-2026 13:10,25717.95,0.13149526218713828,0.12359,0.11648,0.11233344065279124,0.10762,0.10473,0.10199,0.10044,0.09986,0.09863,0.09951,0.10155,0.10385,0.10775,0.19595,0.18846,0.18113,0.17322,0.16633,0.15906,0.1519,0.14494,0.13801,0.13228821308525246,0.12626,0.12043,0.11531413232460365,0.11036
16-01-2026 13:15,25715.5,0.12546,0.12116,0.11565,0.1126,0.10896,0.10405,0.10229977340602134,0.09984,0.099,0.1001303891622933,0.10093327472100677,0.10146,0.10356,0.10763,0.19644298132025417,0.1884908348748365,0.18058,0.17324991238167076,0.16584,0.15805,0.15146,0.14411,0.1379850250061938,0.13175834172562761,0.12538,0.11965,0.11476,0.10943
16-01-2026 13:20,25705.4,0.12947,0.11802,0.11258,0.10834,0.10581081200027982,0.10232,0.10035,0.09896,0.09863,0.09943628895125306,0.09917,0.10128,0.10405,0.1082,0.19409,0.18625,0.17938,0.17117,0.16438,0.1574553285217804,0.15032,0.14401,0.13719,0.13149967828886364,0.12549,0.11984,0.11567,0.11130258733757493
16-01-2026 13:25,25670.15,0.14135848215933836,0.13464488876090092,0.12849,0.12313284878352507,0.11803,0.11384,0.11090467942765996,0.10745,0.10562,0.10372,0.10444,0.10456255356807852,0.10588373219595165,0.10806068645090743,0.19162,0.18378557955125105,0.17610099043807506,0.16848,0.16154545153876032,0.15456581049515192,0.14771366175580236,0.14091,0.13484,0.12774,0.12256,0.11649,0.11182,0.10669
16-01-2026 13:30,25701.15,0.12837647819204343,0.12167,0.11600377689518104,0.11068,0.10665,0.10372,0.10152,0.10011,0.09928,0.0984,0.09946,0.10226500107145312,0.10453,0.10864,0.19291,0.18635,0.17830873264626293,0.17016,0.16363530435762347,0.15684,0.15011773658173377,0.14324,0.13718,0.13102,0.12596,0.12097242944411521,0.11593083458104589,0.11092
16-01-2026 13:35,25687.3,0.13619665174345372,0.13011,0.12208,0.1184276849258854,0.11418,0.11021,0.10674,0.10463,0.10289,0.10328994745768613,0.10239,0.10459,0.10770321751246226,0.11112,0.19179,0.18521,0.17755,0.169,0.16242542009426741,0.15562,0.14894608330596226,0.14215258949354487,0.13532,0.1298,0.12427,0.11920577081129875,0.1141,0.10873
16-01-2026 13:40,25701.3,0.12254001407164716,0.11745914924620199,0.11376,0.10739,0.10685,0.10394,0.10172,0.1010081025848922,0.10017577795514596,0.09871,0.10067444733709452,0.10235,0.1049,0.10826678922153221,0.1943,0.18656490562865935,0.17877,0.17057,0.16384621371071295,0.1569,0.15027,0.14404625006443061,0.13759,0.1320011456291719,0.12613,0.12059,0.11633,0.11156965924672356
16-01-2026 13:45,25699.7,0.1373,0.13042,0.11779,0.11529,0.10943,0.1053,0.10285,0.10143,0.10042,0.10120965164342463,0.10051,0.10286,0.10561,0.10982,0.1942,0.18645568178727126,0.17866,0.1706293740271817,0.16244,0.15595,0.14943,0.14316287397218555,0.13674,0.13033,0.12474,0.11878,0.11483,0.10907
16-01-2026 13:50,25712.85,0.09080486811469703,0.09541,0.09935,0.09913,0.09681,0.09661,0.09558,0.09631733589678373,0.09681466442629713,0.09739493636985704,0.09745,0.10022,0.10331,0.10789,0.19489,0.18775621578019394,0.18054,0.17277081246083634,0.16487,0.15825,0.15232,0.14546,0.13945,0.13400218378448833,0.1284149523062834,0.1229,0.1191,0.11457689010106104
16-01-2026 13:55,25689.85,0.12024,0.11693,0.11188,0.10916,0.10677507681648746,0.10416737747370551,0.1014,0.10011,0.09981,0.10062354402697071,0.10065,0.10302,0.10586,0.1095345939315472,0.19343,0.1865001582479428,0.17932,0.17,0.16346723785831757,0.15664294771495918,0.15007685058323553,0.1431,0.13705,0.13101,0.12583,0.12037,0.1155081136606227,0.11085
16-01-2026 14:00,25681.95,0.12937,0.1228,0.11186,0.10728,0.10449,0.10222,0.10041,0.09939,0.09959981155553627,0.09873,0.1004,0.10286,0.10648314599945743,0.11042,0.1928,0.1849,0.17867,0.16968,0.1625,0.15605,0.14951,0.14300718166373091,0.1363,0.13023,0.12524,0.1196914308923611,0.11474929558831988,0.11020012098125366
16-01-2026 14:05,25682.85,0.11268478476497261,0.10862,0.1064,0.10330643299410973,0.10009,0.09877,0.09813798699907261,0.09708,0.0973,0.09863347306197526,0.09919,0.10199,0.10529,0.10988,0.19376,0.18604829690028732,0.17853534759320616,0.17116471993834204,0.16379,0.15719,0.15029,0.14367,0.13742,0.13134,0.12618,0.1206,0.11655,0.11155
16-01-2026 14:10,25684.7,0.12427,0.11599,0.11313,0.10977021150052534,0.10579,0.10318,0.10086,0.09999,0.09936,0.09903,0.10061,0.10184880109728296,0.1040197005971978,0.10690032720409272,0.19436,0.18752,0.18102,0.17225,0.16485,0.15764,0.15094,0.14436515868043676,0.13746,0.13112,0.12593,0.12005,0.11561,0.11125550236322773
16-01-2026 14:15,25676.95,0.1296,0.11748,0.11738,0.11312414436907892,0.10781,0.10494,0.10251,0.10111,0.10068,0.1001,0.10156,0.10398,0.10693,0.1114,0.1929,0.18651,0.18004,0.17128,0.16419998936712937,0.15715446159062652,0.15001,0.14276,0.1365234249226035,0.13007,0.12489,0.11959947921694221,0.11431,0.10958440377218068
16-01-2026 14:20,25689.4,0.13376,0.12117,0.11415,0.11153441591275035,0.1080197521688354,0.10432,0.10156,0.10039,0.10095119504208151,0.10122750640810582,0.10062,0.10335896178291802,0.10594,0.11044,0.19482,0.1876,0.17972609812437068,0.17175,0.16466503462077559,0.15734,0.15051,0.14377,0.13728,0.13077,0.12531464737479628,0.11961,0.11523,0.11127433766396296
16-01-2026 14:25,25707.1,0.10563,0.10337,0.09999,0.10016945558701418,0.09989,0.09842821106641522,0.09679,0.09663488534747723,0.09596,0.0971552943155552,0.09786,0.10062982870450335,0.10379,0.10775847127894736,0.19591,0.18970070180838133,0.18305,0.17365,0.16691,0.15974,0.15263,0.14607,0.13954,0.13287,0.128,0.12266136828881247,0.11732,0.11185537889524387
16-01-2026 14:30,25688.2,0.1291,0.12584,0.11783,0.11225,0.10941842855931878,0.10543,0.10269,0.10131,0.10008,0.0997,0.10106,0.10393898027065494,0.10627,0.11062,0.19501453761821627,0.18678,0.18041,0.1717,0.16468,0.1575756026660088,0.15022,0.1435,0.13669,0.13054,0.12518,0.11931,0.11504,0.10955
16-01-2026 14:35,25708.0,0.0988,0.10404386427087489,0.10769,0.10343,0.10132,0.09913,0.09727,0.09693406146141395,0.09596,0.0975998381159706,0.09892379625313164,0.1007138563223953,0.103,0.10641284624825899,0.1973328819092116,0.18888,0.18215,0.17312,0.16617,0.15883,0.15184,0.14478,0.13916,0.13226,0.12691424997770673,0.12143256551804035,0.11622867390197295,0.11142
16-01-2026 14:40,25706.4,0.13025,0.11776,0.11254,0.10775,0.10445,0.10217,0.10068876933364927,0.09848,0.09765,0.09744,0.09866,0.10081,0.10407,0.10814893510264645,0.19508,0.18877,0.18134,0.17234,0.16528167362593535,0.15791,0.15124,0.14424,0.13801497134651808,0.13152,0.12614,0.12083003909822253,0.11546,0.10992
16-01-2026 14:45,25707.8,0.11305,0.11059055658034994,0.1079,0.1037,0.10175318427847847,0.09932,0.09747,0.09656,0.0962,0.096,0.09826099092459983,0.10076682306422183,0.10387948418198414,0.10763,0.18663314198262088,0.1818612288274778,0.17654823905717934,0.17073044960947514,0.16439,0.15805,0.15116,0.14419,0.13795,0.1324420187787173,0.12668,0.12112,0.11598481471789165,0.11095
16-01-2026 14:50,25692.95,0.12547,0.11918,0.10981,0.1093,0.10592,0.10255,0.10015,0.09932,0.09851,0.09818,0.09941,0.10159,0.10482,0.10908,0.19487,0.18735459109714053,0.17988,0.1725936271952666,0.16529628065563323,0.15802381639236265,0.15071710556716122,0.14363,0.13705,0.13159431943874372,0.12599,0.12031,0.11583,0.11056586608814799
16-01-2026 14:55,25700.95,0.12311478854965757,0.11840568505824528,0.11405,0.10999,0.1070080904279017,0.10394160817243026,0.10115110703288474,0.09834,0.09736,0.09842175128073272,0.09887,0.1009,0.10365,0.1081,0.19471,0.18681,0.18024,0.17093,0.16379908038971383,0.15639,0.15009245363193113,0.14354405771176393,0.13697,0.13133,0.12612,0.12091388920384727,0.11571,0.11089427096835411
16-01-2026 15:00,25706.3,0.11793,0.10192,0.10295,0.10214035983196842,0.1001140956862479,0.09792,0.09651,0.09594,0.09545,0.09680189865507977,0.09684,0.09922,0.1025,0.10705,0.19519,0.18809,0.17982360564464422,0.17142,0.16433,0.15744,0.15132,0.14473,0.13875,0.13248,0.12755247838190256,0.12248829294035604,0.11743,0.11238
16-01-2026 15:05,25694.05,0.11281,0.11018267254280911,0.10746,0.10416,0.10212263917364867,0.09971,0.09869716702539738,0.09725,0.09693,0.09638,0.09848946952928894,0.10026,0.10341,0.10718865945807428,0.1966515232254949,0.1879786568152244,0.1797,0.17154349941645303,0.1639486904126792,0.15637,0.15045,0.14318,0.1376015961292868,0.13156,0.12665,0.12168148671990925,0.11665,0.11126
16-01-2026 15:10,25691.6,0.11496,0.10913239807646277,0.10436,0.103,0.10104577570845567,0.09867,0.09737,0.09678,0.09653,0.09608,0.09782,0.10012,0.1032,0.10803,0.19358,0.18630855180292855,0.17879,0.16985,0.16304086594252992,0.1559,0.14978,0.14276,0.137,0.13180519643996702,0.126562088301239,0.12139982812055318,0.11638,0.11194123404495612
16-01-2026 15:15,25691.75,0.12581,0.119815338492833,0.11411,0.1105383023153049,0.10641,0.10313,0.10126,0.09949,0.10049263518104984,0.10159496539280297,0.10266100014439129,0.10386129462950665,0.10484,0.10931,0.19548600613102876,0.18655,0.17919,0.16989,0.16288953518789978,0.15566,0.1494491717474229,0.14314123305358328,0.13686,0.13136085961904054,0.12584329310998893,0.12036,0.1151592335838098,0.11
16-01-2026 15:20,25695.9,0.12636,0.11841,0.11262,0.10930636134563579,0.10512,0.10249,0.10053,0.09957437184761753,0.09793,0.09907452062498878,0.09946,0.10206,0.10536499091099807,0.10982601766327595,0.19487,0.18674642277561274,0.17886506392874824,0.17096,0.16397051568343018,0.15688,0.15031831786079003,0.14363,0.13747301388448674,0.13107,0.12575056703182794,0.12023,0.11537,0.10972
16-01-2026 15:25,25697.65,0.12031,0.1104,0.1066,0.10453,0.09976,0.09915,0.09722,0.09583,0.09506,0.09531,0.09719,0.10021,0.10294930691472895,0.10702496833727008,0.19461,0.1898,0.18118,0.17114,0.16431,0.1551,0.14895,0.14256,0.13677,0.13157379828719837,0.12625,0.11962,0.11517,0.10954
19-01-2026 09:15,25549.65,0.14245,0.13519,0.13069563361359687,0.12615470817405844,0.1214,0.11899,0.11806,0.11871199611527294,0.11852,0.11961,0.12266,0.12716928380702167,0.13163008273814136,0.13657,0.20612,0.19843,0.1915,0.18321,0.17385,0.1664369717825055,0.15889,0.15008,0.14249,0.136441018104405,0.12989,0.12440963780601294,0.1187,0.11346
19-01-2026 09:20,25596.45,0.08441,0.08932,0.09374,0.09633,0.09736,0.09923101299587261,0.1011,0.10234,0.10559,0.10954504616875059,0.11308,0.11716,0.12276314381296051,0.12876,0.21017,0.20180651982860343,0.19366794176157964,0.1857112547883361,0.17775,0.17067,0.16256,0.15405,0.14764642108163123,0.14047,0.13504,0.12996,0.12594,0.12153
19-01-2026 09:25,25570.45,0.1024,0.10142,0.10257,0.10315583207735099,0.10371891655541352,0.1042478977050439,0.10475443316342606,0.10522,0.10833,0.11227088065435804,0.116308392747695,0.12016,0.12598412439651427,0.13211,0.20828788027662418,0.20057,0.19328,0.18469,0.17673,0.16852,0.16075,0.15276071703836916,0.14424,0.13812,0.13237,0.12696,0.1231,0.11855
19-01-2026 09:30,25544.4,0.1437,0.13407,0.12962288414864526,0.12442,0.11993,0.11696,0.11664959467492422,0.11492,0.11679,0.1201737984722056,0.12285,0.12687,0.13188,0.13837961347008038,0.20673718861656984,0.19894,0.1910548983913716,0.18313,0.17496970706493092,0.16685418704128596,0.15864415199887433,0.1504,0.14143,0.13439,0.12812511363286105,0.12151,0.1162035000114017,0.11102
19-01-2026 09:35,25579.4,0.09247814533562865,0.09619,0.09934,0.09980444911775437,0.10056371601530945,0.10124,0.102,0.10339,0.10655,0.10958,0.11443413539580835,0.11861,0.12437,0.13093,0.21264,0.20463,0.19773,0.18849,0.18053,0.17254,0.16418,0.15573565790102067,0.14696,0.13985,0.13436892165050962,0.12832,0.12423,0.11922
19-01-2026 09:40,25551.95,0.12474,0.12028,0.11453,0.11254,0.11043,0.11037122239414024,0.10928,0.1094,0.11187,0.11453,0.11884347916043503,0.12316510771076075,0.12803,0.13415734381235667,0.20806,0.20021,0.19271,0.1842003907005672,0.17570251189972436,0.1672,0.159031354736328,0.15076582268065467,0.1426982338561506,0.13476,0.12888,0.12377110006022249,0.11862,0.11313
19-01-2026 09:45,25560.95,0.11745,0.1146185294896844,0.11206819312113957,0.10947,0.10771,0.10715,0.10706,0.10726,0.11016,0.11282,0.11730285197872903,0.12107,0.12643,0.13281,0.20898,0.20089062192028803,0.19277854768027594,0.18464433241128886,0.17651,0.1682702009262882,0.16002428128072593,0.15174,0.14344,0.13618,0.13065899938075867,0.12461,0.12019,0.1149
19-01-2026 09:50,25558.35,0.09813,0.10031081347899082,0.10203,0.10231,0.10248540236454717,0.10252,0.10432656934261968,0.10629973733412731,0.10866084628664846,0.11077,0.1151465154857226,0.12005,0.12573586051790747,0.13214501129241393,0.20877,0.20143931415571814,0.19383,0.18471,0.17721,0.16889530699750527,0.1604977827019861,0.15229702311615953,0.14406,0.13785849924740862,0.1317187660817204,0.12572,0.12158,0.11685
19-01-2026 09:55,25558.2,0.10221,0.10014,0.1014182100334282,0.10229,0.10223,0.10315126116529333,0.10414641026263931,0.10459,0.10823,0.11146,0.11602411561405665,0.1209,0.12654009796037335,0.13281918055285696,0.20929,0.20139,0.19461,0.18598207919375054,0.17753,0.16879,0.1606743188536221,0.15232,0.14574933191704684,0.1388965384216599,0.1319,0.12601,0.12211,0.11727
19-01-2026 10:00,25520.6,0.1074811487188223,0.10743,0.10734,0.10683,0.10585,0.10659441860928413,0.10601,0.10901576620589043,0.11123,0.1146,0.11929,0.12411,0.13013,0.13675,0.20707,0.19896,0.19193,0.18325,0.17535,0.16608,0.15798263317815422,0.14947,0.14123,0.13504,0.12974,0.1241,0.11947203903980472,0.11506
19-01-2026 10:05,25510.95,0.12617292011826325,0.12154,0.11737,0.11509909872764058,0.1124,0.11138,0.11069,0.11147,0.11459,0.11890304953212968,0.12280893076416546,0.12648,0.13215,0.13871,0.20602546396959878,0.1980322508926781,0.18988,0.18129,0.17407,0.1655438188315455,0.15693878043075038,0.14836796830796656,0.13978,0.13291,0.12716304551531726,0.12118,0.11689,0.11165
19-01-2026 10:10,25528.25,0.11265190952533763,0.11102,0.10945,0.10865,0.10732,0.1069,0.10676,0.10798,0.11157,0.11463,0.11918,0.12448524228562091,0.12999,0.1363258594512933,0.20905857301583808,0.20022,0.19168,0.18279,0.17455840299912248,0.1662,0.1581631979612642,0.14982,0.14134,0.13535,0.13002,0.12434,0.12024,0.11634733989251902
19-01-2026 10:15,25530.4,0.12141,0.11548,0.11096,0.11021972336677326,0.1083,0.10848616341332842,0.1075,0.1084,0.11225,0.11533,0.12009253605978853,0.12455,0.13037,0.13670336656880255,0.20674,0.19922,0.19156,0.18271,0.17443467572719426,0.1662,0.15765721859060888,0.14908,0.14128,0.13562022530834766,0.12986926915274394,0.1244886246486529,0.11966,0.11620745819486028
19-01-2026 10:20,25543.9,0.10527,0.10863,0.10872,0.10737421362843155,0.10618,0.10562,0.10593,0.10871648376576465,0.1109,0.1139,0.11814,0.12353076313304134,0.12856,0.13525,0.20859,0.20101999560192063,0.19336,0.1848656613552792,0.1765,0.16769,0.15962,0.15065,0.14289,0.13678,0.13111,0.1262,0.12128,0.1169223100445229
19-01-2026 10:25,25526.15,0.09784,0.10189,0.10185351807344978,0.10252,0.10243,0.10311,0.10435,0.10618,0.11058,0.1146322696684769,0.11839,0.12352,0.12898030635055044,0.13512072279411805,0.20783,0.20095,0.19232,0.18335,0.17583,0.16711,0.15904,0.15084,0.14335,0.1383112611453794,0.13253,0.12809640645726367,0.12338,0.1189
19-01-2026 10:30,25515.7,0.11207,0.11108,0.10904,0.10873,0.10713,0.107,0.10726,0.10887,0.1126,0.11579,0.12080411645393532,0.12525,0.13067,0.13722,0.20820275811856626,0.19969678336657962,0.19129,0.18263,0.17446,0.16575,0.15768,0.14928,0.14348077251898247,0.13795275912748606,0.13242427345603863,0.1269743529651972,0.12146,0.11627
19-01-2026 10:35,25513.9,0.10931703268061246,0.10845,0.10773310616034366,0.10713,0.10687,0.10626,0.10794759201844159,0.10863,0.11262413212484641,0.11595,0.12018,0.12553046468334408,0.13066,0.137,0.20597214759781754,0.19815,0.19151,0.18248,0.17431,0.16585,0.15774,0.14968,0.14227,0.1371454321268607,0.1318080292713985,0.12639,0.12212694655870146,0.11797
19-01-2026 10:40,25500.4,0.12671,0.12261667186182644,0.11900616706238931,0.1159377777719611,0.11304,0.11258613466248997,0.11166,0.11403642318938781,0.11596,0.1186,0.12238,0.12702,0.13226,0.13833,0.2112794689952229,0.20109454831381496,0.19140721760189683,0.18212924689338061,0.17319,0.16441,0.15625,0.14777,0.14052,0.13516469496948338,0.12943187703106157,0.12365,0.11946,0.11466
19-01-2026 10:45,25525.55,0.11111,0.10924,0.10862561416830609,0.1078,0.10723465932370413,0.10635,0.10664,0.1084,0.1120214462902425,0.1149,0.1196577552612519,0.12381,0.12913,0.1355,0.20887,0.20024,0.19187390880800465,0.18344,0.17591,0.16744,0.15888,0.15141877899910478,0.14323,0.13831744008023408,0.13255,0.12684,0.12298,0.11823
19-01-2026 10:50,25515.9,0.12274207029013734,0.11866,0.1148,0.113,0.11051,0.10984,0.10947,0.11058,0.11388,0.11648,0.12125436681590986,0.12544,0.13063,0.13669,0.20749,0.19889,0.19183,0.1828,0.1742110661342447,0.16565,0.15761,0.14864,0.1425008466142706,0.13566,0.1298,0.12429,0.11994,0.11580279693851812
19-01-2026 10:55,25526.35,0.13233,0.12637,0.12260627183442684,0.11867030268290879,0.1151738183496678,0.1118,0.11078,0.11274745058653049,0.11492501817705406,0.11657,0.12099285743338609,0.12501,0.12999,0.13624,0.20857,0.20042386471959187,0.19221,0.18347319907798376,0.1747666580592504,0.16603,0.15766,0.14942227834092664,0.14085,0.13438,0.12854,0.1233974579670112,0.11808,0.11313
19-01-2026 11:00,25550.1,0.12151,0.11932,0.11643445669207163,0.11367,0.11270646378379819,0.11157282888227821,0.1106715545269732,0.10928,0.11189134852114913,0.11481,0.1185,0.12290937226354717,0.1276067318912083,0.1327859240142067,0.21068511599869086,0.20262020961103247,0.1943,0.18590868119229165,0.17745,0.16863,0.16017878633317018,0.15139,0.14332,0.13704,0.13131,0.12541,0.12046,0.1154
19-01-2026 11:05,25561.85,0.10899,0.10138,0.10069,0.10252,0.10216107186620005,0.10169,0.10215,0.10318,0.10665,0.11097964881400554,0.11449,0.11959,0.12517,0.13184,0.2114076304881065,0.20328546786521223,0.19516,0.1869141940918555,0.17880061409318473,0.17074,0.163280334046475,0.15575234151613032,0.14839134832859602,0.14106,0.13515,0.12992,0.12529550920977378,0.12077
19-01-2026 11:10,25540.3,0.11046,0.11083,0.10827,0.10789,0.10588,0.10491,0.10617849869982716,0.10638,0.11027995893519812,0.11384961562174994,0.11737,0.1223,0.12767,0.13403,0.20811279164242874,0.20022,0.19262,0.18414,0.17611591793503395,0.16813481938787014,0.16,0.15135,0.14463,0.138,0.13236,0.12694,0.12227,0.11743
19-01-2026 11:15,25533.8,0.10798,0.10731,0.1053,0.10503,0.1036,0.10349,0.10402,0.10558,0.10894,0.11340916414742497,0.11706,0.12214,0.12774,0.13422,0.2066,0.19961,0.19276,0.18435517770699922,0.17612,0.16777,0.16060575052520193,0.15358211216857592,0.14665969234511078,0.13990582809872024,0.13327,0.1281398020383635,0.12329,0.11873704417520896
19-01-2026 11:20,25513.75,0.12327182007802273,0.11862,0.11590042293613623,0.11371378356368986,0.11191582288096075,0.11017144975129675,0.109,0.10982,0.11303,0.11594,0.12068327026876609,0.12545155168525865,0.13082,0.1372136825375398,0.20602416769890958,0.19808,0.19011503740300545,0.18214,0.17411432590291193,0.16610895708298062,0.15801,0.15018286724218244,0.14218,0.13622,0.13042,0.1254053700446623,0.12023,0.11555
19-01-2026 11:25,25514.95,0.12155,0.1181644114565609,0.11516930061521344,0.11260344577117168,0.11016,0.10972070232646236,0.10884,0.11122393595767942,0.11307,0.11606,0.12056,0.12524,0.13056,0.13686,0.20677,0.19908,0.19099962853761504,0.18296,0.17563,0.16681,0.15861,0.1503,0.14252,0.13653,0.13071,0.12573562412060155,0.12058,0.11544
19-01-2026 11:30,25517.75,0.1164,0.11895,0.11447,0.11250079046799047,0.11014,0.10986308218323629,0.10842,0.10934,0.11251,0.11579,0.12019,0.12508418355221768,0.13011,0.13481212565221676,0.20709,0.1994,0.19234,0.18379151356452356,0.1754,0.16715,0.15874,0.15143012523105648,0.14403738338889777,0.13664,0.131,0.1257491842388109,0.12049616440091603,0.11537
19-01-2026 11:35,25523.55,0.13105,0.12514,0.11925,0.11609,0.11285,0.11088,0.11130671816440624,0.1104,0.1128082336384673,0.11588,0.1207018838890752,0.1270149059513081,0.1348131926951775,0.14409202406235302,0.2095377283672988,0.20055280407426462,0.19187,0.18327,0.17488,0.16705,0.15852,0.14979,0.1430758879100441,0.13564,0.12973,0.12382,0.119,0.11349
19-01-2026 11:40,25536.55,0.12496,0.12074,0.11594,0.11329,0.11037,0.10856,0.10765,0.11006246340595668,0.11115,0.11382,0.11815,0.12287,0.12793,0.13466,0.2075206172446175,0.20095,0.19398,0.1854504327712393,0.1768718872164483,0.16824,0.1599714174676129,0.15167401369952646,0.14335,0.13701,0.1309,0.12512,0.12048,0.11619905667359011
19-01-2026 11:45,25537.25,0.11701,0.11709,0.11421895850359622,0.11106,0.10883,0.10754,0.10676,0.10777,0.11073,0.11367,0.11862591561746288,0.1229,0.12826,0.13492,0.20866,0.20064,0.19372,0.18477,0.177,0.1688188119904441,0.16057,0.15202,0.14431,0.13781,0.13158,0.1257,0.12097,0.11573
19-01-2026 11:50,25541.5,0.11538980108288369,0.11365,0.11213730578671531,0.1105,0.10792,0.1068,0.10637,0.1072,0.11063214615066216,0.11317,0.11783,0.12289062926185476,0.12762,0.13443,0.20815,0.20067,0.19275726517599173,0.18491,0.17719,0.16884,0.16039,0.15234,0.14545915961134617,0.13809,0.13205,0.12577,0.12072280943248734,0.11592
19-01-2026 11:55,25540.75,0.10867,0.10743,0.10536,0.10369,0.10266,0.10272,0.10312,0.10606702205859046,0.10829,0.11183,0.11699130765490934,0.12165,0.12697,0.13378,0.21155845968502437,0.20257950496488056,0.19379,0.18487,0.17745,0.16913038055736815,0.1608,0.15395157369854617,0.14690857167505272,0.14003181717060947,0.1331,0.12732,0.12284,0.11794
19-01-2026 12:00,25527.0,0.10974,0.10841,0.10701260112078503,0.10549,0.10385,0.10401,0.10449,0.10768234326538688,0.11004,0.1145683483848482,0.11844,0.12351,0.12899,0.13492186723028224,0.2073,0.20016,0.19242,0.18348,0.17552186294662492,0.1675811361030473,0.15979037380408864,0.15208828980615946,0.14449,0.138327668291223,0.13228,0.12672,0.12192228787013998,0.11728
19-01-2026 12:05,25522.1,0.11425123571213197,0.11073,0.10843293369128763,0.10672043809098564,0.10508,0.10569369352710371,0.10558,0.10727,0.11101,0.11542183189809466,0.119748885573226,0.1243,0.1304286406621751,0.13720203028374586,0.20782,0.20033246238817087,0.1927,0.18434,0.17697,0.16887,0.16094698431261117,0.1530509013819167,0.14489,0.13817,0.13251,0.12657,0.12221,0.11694
19-01-2026 12:10,25521.0,0.12433,0.11889,0.11494,0.11236,0.11067236507312758,0.10817,0.10804,0.10903,0.1125,0.11648922621719308,0.11986,0.1248,0.13056944953414523,0.13657,0.20775,0.20068915362686146,0.19335,0.18459,0.17717,0.16903,0.16024,0.15184,0.14431,0.13714,0.131,0.1247,0.11998,0.11443
19-01-2026 12:15,25533.2,0.13678,0.1269235243846858,0.11838,0.11453,0.11132,0.10931,0.10839,0.10893,0.11202,0.1148,0.11916,0.12362,0.12856,0.13528,0.20755,0.20023075863429843,0.19279,0.18458443336816294,0.17642016905067803,0.16813714906799612,0.15986,0.15134,0.14366,0.13692,0.13042,0.12428,0.11911,0.11353
19-01-2026 12:20,25542.4,0.11411,0.10786146172940715,0.10266,0.10250849033712274,0.10102,0.10115,0.10161,0.10353,0.10747,0.11081,0.11613800069189242,0.12132601345626495,0.12651,0.13326,0.20878057648515602,0.20187,0.1949,0.18689955435277872,0.17898,0.17045190814483577,0.16200606671968965,0.15342,0.14596,0.13906,0.13334,0.1279559593431785,0.12264,0.1180070713470439
19-01-2026 12:25,25526.05,0.11773,0.11337,0.11022,0.10831936612651993,0.1059,0.10625973200152389,0.10506,0.10781240353738632,0.10989,0.11301,0.11802,0.12303,0.12920057773598115,0.13591558132855017,0.20826015189397665,0.20069,0.19363,0.18491,0.17726,0.16944,0.16079381178912816,0.15195,0.14452,0.13732,0.13175,0.12558,0.12117,0.11557
19-01-2026 12:30,25524.6,0.1156,0.11206,0.10967046463922515,0.10728193064774723,0.10471,0.10398,0.10478,0.10605,0.11004239612521496,0.11311,0.11825,0.12325,0.12894,0.13498612277826363,0.20828,0.2009500988710907,0.19352,0.18528416692802124,0.17714,0.1688851648666819,0.16056,0.15262525839607183,0.14437,0.13743,0.13158,0.12566,0.12061989227279724,0.11576
19-01-2026 12:35,25520.4,0.11317,0.11050834753118577,0.10806,0.10634,0.10574392371811855,0.10458,0.10512,0.10677,0.11077267974731761,0.11385,0.11905,0.12427,0.12963,0.13648,0.2079,0.20055908347495144,0.19313,0.18504342637444063,0.17697593963705296,0.16889,0.16044643865211772,0.15193,0.1447,0.13862273410503823,0.13223,0.12613,0.12137720262659414,0.1169
19-01-2026 12:40,25513.2,0.12541,0.11795,0.11543,0.11233,0.10978,0.11063283891452652,0.11062079174969403,0.10951,0.1127,0.11583,0.12062,0.12569,0.13151809929531627,0.13754,0.20739240978375809,0.19952,0.19169,0.18334,0.17599,0.16763,0.15912,0.14958,0.14208,0.13552,0.12947044410581687,0.12357,0.11851355877414343,0.1139098426620027
19-01-2026 12:45,25525.45,0.11245,0.11086,0.10865048317297578,0.10625,0.1046,0.10419,0.1049,0.10643,0.11051460252884993,0.11439998703655371,0.1183,0.12333,0.12883232603502673,0.1347106084688673,0.20849,0.20163,0.19299,0.18466,0.17734,0.16901,0.15942,0.15063,0.14358,0.13708,0.13145,0.12631531902073476,0.12132,0.11718159869700256
19-01-2026 12:50,25519.95,0.13225,0.1255165258244026,0.11927,0.11491,0.11157,0.10981,0.10898,0.11144451676934189,0.11256,0.11547,0.12006,0.12495,0.13004,0.13565490560099053,0.20746495332734813,0.19944,0.19209,0.18312,0.17508602718841074,0.16716,0.15768,0.14943,0.14178,0.13477,0.12875,0.12337073828590805,0.11815,0.11370022000727831
19-01-2026 12:55,25545.2,0.11676,0.11437,0.11149907508268961,0.10847,0.10618,0.10618786733612692,0.10519,0.10619,0.10977068512563559,0.11253,0.11723,0.12192,0.12727,0.13345,0.21005,0.20281150944273552,0.19547,0.18735239062794765,0.17924,0.17072871611152002,0.162197931477163,0.15378346671776072,0.14532,0.13873392701984993,0.13208,0.12633,0.12177,0.11774944531133734
19-01-2026 13:00,25548.85,0.10962,0.11163,0.10938339992769018,0.10731,0.10593359298587471,0.10433,0.10439,0.10675219558869979,0.10896,0.11199,0.11589503205447846,0.12025323040877606,0.12516703399021328,0.13063917429354524,0.21235,0.20437589573672832,0.1964528072802354,0.18855,0.18082,0.17245,0.16342090567410655,0.15421,0.14696,0.14049848203553722,0.1335,0.1276,0.12278,0.11719
19-01-2026 13:05,25553.0,0.11105,0.1082,0.10615,0.10522,0.10357,0.10426212719712241,0.10356,0.10459,0.10837,0.11157,0.11633,0.12113,0.12647,0.13272,0.21327,0.20541,0.19782,0.18902,0.18215,0.17319,0.16354,0.15452,0.14757034850467665,0.1398,0.13362,0.12765,0.12291,0.11857614155881244
19-01-2026 13:10,25544.5,0.10337,0.10265,0.10201062031017309,0.1013,0.10012,0.10054,0.10159,0.1032,0.10731,0.11082,0.11605989762740346,0.12116360521286046,0.12627,0.13267,0.21345785009860946,0.2054598891396648,0.19734,0.1895436132982219,0.18155,0.17253,0.16423562883945192,0.15586024299272397,0.14771928223604341,0.13947,0.13366,0.12777,0.12327,0.11802
19-01-2026 13:15,25530.5,0.12054,0.11933,0.11433,0.11184175721122733,0.1088,0.10705,0.10824588403515453,0.10769,0.11106,0.11411,0.11878,0.12347,0.12873,0.13503,0.21156,0.20401,0.19485,0.18673,0.17831480257206417,0.17003,0.16063,0.1516,0.1445460765963457,0.13678,0.1306,0.12447,0.11935,0.11371
19-01-2026 13:20,25540.05,0.11216659548948348,0.10854,0.10653833737080515,0.1046,0.10267,0.10344436277960886,0.10289,0.10447,0.1084,0.11177,0.1165,0.12158,0.12702,0.13326,0.21302983589402852,0.20503,0.1966,0.18842,0.18086,0.17188443248289864,0.16296345528989228,0.15391,0.14603,0.13924,0.1335542459834712,0.12779034616866738,0.1222106854142315,0.11691
19-01-2026 13:25,25531.0,0.11509,0.11195521215125818,0.10923422442956732,0.10689447038740198,0.10463,0.10398,0.10429,0.10709860769721372,0.11009537234580868,0.11284,0.11761827138105663,0.12271,0.12866262430706998,0.1353307934576115,0.21303,0.20453094244747477,0.19606,0.18782,0.17992,0.17115,0.16142,0.15289,0.14481,0.1384278628984406,0.13151,0.12532,0.12003864368829308,0.11497
19-01-2026 13:30,25535.2,0.12707,0.12045,0.11491,0.11121,0.10838,0.10671,0.1078568637387115,0.10745,0.11038,0.11433338424788825,0.11785,0.12280922680732395,0.12795,0.13374418815020128,0.21217,0.20341,0.19546,0.18734,0.17957,0.1705920975739963,0.16169875440603504,0.15263,0.14467,0.1373,0.13107,0.12536330906977297,0.11976,0.11489614647392628
19-01-2026 13:35,25552.1,0.11701865577103272,0.11216,0.10796,0.10640531593296754,0.10432,0.10337,0.10342,0.1046,0.10836876510462884,0.11146,0.11642274916484888,0.1209,0.12670906942422266,0.13269,0.21298,0.2048974167364508,0.19688,0.18925775166085249,0.18172,0.17305,0.1640959273604018,0.15501,0.14706,0.13943,0.13343,0.12779674727688678,0.12207487005381322,0.11648
19-01-2026 13:40,25558.15,0.10084,0.10146852468001022,0.1017685230849687,0.10217,0.10136059704974901,0.10044,0.10260480367635733,0.10471777901736581,0.10724914884906132,0.10954,0.11444,0.11938,0.12445,0.1312,0.21455,0.20664,0.19828,0.18984,0.18241,0.17327621962760067,0.16413,0.15593,0.14815,0.1405,0.13481030220869833,0.12854,0.12393,0.11829
19-01-2026 13:45,25544.95,0.14487,0.13666,0.12756,0.12256055839585506,0.11614,0.11251,0.11062,0.11052,0.11243,0.11496,0.11903,0.12358,0.12837,0.13410273986820975,0.20948,0.20197,0.19316,0.18546,0.1770135665535314,0.1685740887925533,0.16012,0.15118,0.14295,0.13598237335906954,0.12862,0.12181,0.11596,0.11032117925732635
19-01-2026 13:50,25583.5,0.12838,0.12116,0.11693725289586065,0.11228,0.11042143404471619,0.10796307888832127,0.10557,0.10556,0.10766,0.11011,0.11466702804194295,0.11876,0.12410282100211176,0.12958,0.21282,0.20574375072545037,0.19832,0.18915,0.18124996719433298,0.17343,0.16467,0.15624,0.14823,0.14042,0.13434,0.12716,0.12208,0.11645529788990111
19-01-2026 13:55,25602.3,0.1106,0.1098,0.10677,0.104,0.10439875190685478,0.1045910454227181,0.10461418441272369,0.10441453407893284,0.10419,0.10667,0.11104929462684686,0.11533,0.12046,0.12610453635467742,0.21694026349192858,0.20913,0.20067,0.19324,0.18519,0.17687,0.16751,0.15929908906963475,0.151045561505616,0.14258,0.136,0.12898,0.12389,0.11756
19-01-2026 14:00,25605.6,0.12322,0.12184947204659335,0.12019,0.11659,0.1123113956303967,0.10884,0.10990764309616544,0.11072539273004925,0.11140870808962111,0.11199421153765247,0.11282,0.11712,0.12165,0.12738,0.21757,0.20907,0.20144,0.19337722715446498,0.18558,0.17628850186679712,0.16718,0.15838,0.15001704613513184,0.14124,0.13488,0.1275,0.12188,0.11534
19-01-2026 14:05,25625.95,0.12169,0.11189,0.1081883928053706,0.10345,0.10222,0.10043,0.09994,0.09999,0.10203,0.10432,0.10822,0.11282,0.11773,0.12337757736110086,0.21798652749101194,0.21071,0.20309660623614284,0.19544,0.1872483366237757,0.17924,0.16971,0.16127349236560753,0.15254,0.14421,0.13787,0.13055,0.1246160534718638,0.11896
19-01-2026 14:10,25615.15,0.10056978180681891,0.09995,0.09965,0.09834,0.09748,0.09712,0.09703,0.0976,0.10044,0.1043650633920378,0.10738,0.11280529381555926,0.11777,0.12431,0.22004,0.21226,0.20365,0.19573,0.18818,0.17891,0.16991297419609785,0.16105101120686963,0.15187,0.1439,0.13771,0.13078,0.12572,0.1207899255930315
19-01-2026 14:15,25589.9,0.13766,0.13118,0.12342,0.11812,0.11379,0.11051,0.10828,0.10703,0.10803,0.10946,0.11277,0.11743,0.12263547488912768,0.12803,0.21411907670399388,0.20806,0.20148,0.19297432465451192,0.18449027728211215,0.1762,0.16675,0.15805728471921843,0.14877,0.14145122426771517,0.13366987669203062,0.12657,0.12020707791156915,0.11438774888259737
19-01-2026 14:20,25610.85,0.11315,0.11321,0.10957,0.10694,0.10476,0.10277,0.10265882996048804,0.10149,0.10430836340926111,0.10671892147067073,0.10893,0.1136,0.11863,0.12504,0.21923,0.2102756603020709,0.20165774288543672,0.19293,0.18532387555671698,0.17771,0.1689768045886248,0.1603959509807883,0.15143,0.14296,0.13683,0.13068845507980326,0.1243,0.11837
19-01-2026 14:25,25607.6,0.10579,0.10267,0.10147294435522944,0.10001,0.09933,0.09902538478066374,0.0982,0.10010655055179096,0.10175772589778184,0.10301,0.10743,0.11224,0.11779,0.12386976365941467,0.21751,0.20931463822837867,0.20130022974654493,0.19334,0.18599,0.17690614260553586,0.16782,0.15877,0.15127,0.14339,0.13723,0.13116597766317473,0.12514,0.11985581791274
19-01-2026 14:30,25603.8,0.12084,0.11134,0.10881,0.10532,0.10358,0.10147,0.1003,0.10042,0.1026,0.10453,0.10834,0.1135,0.11882,0.12533,0.21718,0.20826,0.20189,0.1934063121623166,0.18496950374015603,0.1762844136018653,0.16768,0.15837,0.15067,0.1434462457035126,0.1361045536838023,0.12894,0.12155925556968286,0.11424668670955868
19-01-2026 14:35,25599.55,0.1280235546980754,0.12152,0.11567,0.11125,0.10814,0.10541,0.10498493135583879,0.10339,0.10504,0.10791682180169575,0.11035,0.11550938430604876,0.12064458682769151,0.12651,0.2192367372651159,0.21018733458950098,0.2015,0.19188,0.18429,0.17571935495301705,0.167,0.15885300371312389,0.15039,0.142,0.13561,0.1281043272195606,0.12136978716801478,0.11508952854984698
19-01-2026 14:40,25614.95,0.1120179106695982,0.10885,0.10565,0.10395,0.10221,0.10078,0.09969,0.09987,0.1021,0.10379,0.10764,0.11244,0.11784,0.1245,0.21837,0.20946,0.20134757110673568,0.19316,0.18627,0.1774469665377682,0.16874,0.1597,0.15185,0.1448290152684914,0.13747,0.13037,0.12468635701475062,0.1193
19-01-2026 14:45,25620.55,0.11037,0.10708,0.10550441837977424,0.10373,0.10236,0.10180835066013655,0.1012885567840055,0.10005,0.10224923358761803,0.10383,0.10731,0.11241,0.1174,0.12355527622195589,0.21897,0.21119147406460193,0.20335,0.1949175969909261,0.18659,0.17784,0.16926401561188592,0.16058,0.15256366319208814,0.14412,0.13757061993750386,0.1307,0.12563,0.12117997605582471
19-01-2026 14:50,25623.15,0.1085,0.11035,0.10789,0.10536,0.10392552407868472,0.10252234722058579,0.1008,0.10174178737925066,0.10186,0.10386,0.10726,0.1125805114637663,0.11747,0.12387,0.21950989175426688,0.21127,0.20304331533782155,0.19481,0.1865265894257013,0.17824417763883674,0.16996,0.16147009202982687,0.15287,0.14462,0.1383,0.13097,0.12391501044065546,0.11688498044567318
19-01-2026 14:55,25624.2,0.10733,0.10526072746146195,0.10329106063480813,0.10127,0.09954,0.09874,0.09781,0.09991657060117509,0.1018224042265882,0.1040679239052251,0.10572,0.11066,0.1161,0.123,0.22182842545853082,0.21316,0.20647,0.19636,0.1889,0.17969,0.17109371996382056,0.16236,0.15414,0.14574,0.13925,0.1319,0.12646,0.11994
19-01-2026 15:00,25629.95,0.07571,0.08357174795630137,0.08974,0.09084,0.09097302437152192,0.09157,0.092,0.09314,0.09612160954946189,0.09833,0.10272,0.10862175111084804,0.1141,0.12154,0.22197,0.21378,0.2071,0.197,0.1885855710625239,0.18022592911050556,0.17201199915869606,0.16368,0.15576,0.14772,0.14142,0.1343,0.12853257052937178,0.12304
19-01-2026 15:05,25604.15,0.09258,0.09488852697636316,0.09658,0.09568,0.09561,0.09554680458381545,0.09489,0.09699731362890462,0.09892656260137134,0.10054,0.10469,0.11057,0.11708346331051314,0.12372,0.21802,0.2102866462418696,0.20222,0.19224,0.18469,0.1764262127963312,0.16796,0.1595,0.15167,0.14429,0.13815,0.13232347270055086,0.12627,0.1205
19-01-2026 15:10,25595.95,0.09948,0.10101,0.10084,0.09878,0.09738,0.09655,0.09718864959507448,0.09673,0.09952,0.10395536171191187,0.10808020742051246,0.11201,0.11776,0.12506,0.21773,0.20871,0.20256,0.19352556539860438,0.18448,0.17665388403020035,0.16875,0.1607684434223734,0.15281656291410411,0.14468,0.1384619356560424,0.13201,0.12721,0.12057
19-01-2026 15:15,25590.9,0.07844,0.08353828336719551,0.08751095289292479,0.09114,0.09153,0.09184,0.09221,0.09384,0.09699,0.10038,0.10597031307296044,0.11103,0.11760534745870305,0.12435,0.21822,0.2108980979429133,0.20319,0.19338,0.18517267150364203,0.17701,0.16942888734000267,0.16183754687521554,0.15426439994803692,0.1466972227283676,0.1394,0.1332,0.12822,0.12252
19-01-2026 15:20,25561.25,0.09788360592143885,0.09787,0.09795,0.09701,0.09614,0.09589,0.09712468899243934,0.097,0.10062,0.10386,0.10847,0.11473,0.12174105247325442,0.13019895236762088,0.21484,0.20616,0.19979,0.18962,0.18234,0.17327,0.16539,0.1574866092271719,0.14912,0.1416,0.13589,0.12968,0.12511,0.11944
19-01-2026 15:25,25558.3,0.10020044086825453,0.09861,0.09696,0.09634,0.09561,0.09436,0.09557581125979744,0.09501,0.09899,0.10247,0.10776,0.11426692811452252,0.12024,0.12882,0.2176456325382377,0.20797,0.19916,0.18901,0.18177,0.1738497203467348,0.1657786728914717,0.1576,0.14997,0.14348762276083224,0.13666,0.13105,0.12566,0.12062
20-01-2026 09:15,25559.3,0.11124756970616156,0.10782,0.10653,0.10488736883531366,0.10309,0.1019,0.1017,0.10278,0.10607211224384142,0.10934,0.11503521116780409,0.12068586745302373,0.12680686898317986,0.13346,0.21699,0.20822286802464696,0.19965540028529608,0.19125020796638992,0.18281,0.17515,0.16709368380760975,0.15866,0.1519229498649884,0.14448,0.13891,0.13211,0.12705,0.12128
20-01-2026 09:20,25552.55,0.08481260633804591,0.08687,0.08917237183319301,0.09124397176897778,0.09326,0.09455,0.09685852729991432,0.0986,0.10298,0.10721,0.11258,0.1190644098817083,0.1258,0.1319539818148899,0.2197628923405033,0.21003109767109623,0.20057818629149543,0.19145787570641354,0.18249,0.17475,0.16647,0.15859,0.15205,0.14629642517121277,0.14001,0.13427,0.12977,0.12469
20-01-2026 09:25,25506.85,0.11060831529661247,0.10764372898207736,0.10524574885684658,0.10338,0.10249,0.10253,0.10265,0.10513,0.10934,0.11327,0.11963613600022602,0.1255,0.1327793003937232,0.14021,0.2123,0.2033267029280017,0.19446,0.18606,0.17821,0.17054,0.16225,0.1547,0.14799,0.1406,0.13579,0.13023,0.12525099077925939,0.12043
20-01-2026 09:30,25488.8,0.12020013419484121,0.11639,0.11324,0.11045,0.10868,0.10856548502368399,0.10704,0.1092,0.11322,0.11818599715272475,0.1223,0.12923460401694517,0.1357,0.14346,0.21217,0.20274425258252823,0.1936600380083323,0.18456,0.17672922077507347,0.16882,0.16051609137506143,0.15211,0.14485,0.13766,0.13233996892126182,0.12653,0.12177,0.1169
20-01-2026 09:35,25481.8,0.10704690542389214,0.10612,0.10606,0.10502,0.10486,0.10625781140278931,0.10752741111636993,0.10807,0.11262,0.11688,0.12330932415690507,0.12934,0.13677843838917036,0.14437,0.21414,0.20424,0.195,0.18618,0.17789,0.16979,0.16114,0.15393284174340416,0.14609,0.13917,0.1344,0.12895,0.12480969817779944,0.12093
20-01-2026 09:40,25461.45,0.1239,0.12095,0.1183,0.115,0.11282,0.1114,0.11103,0.11431308498836518,0.11716,0.1225542951612579,0.12770534355863905,0.1328,0.13999067500883955,0.14751,0.21409866190275206,0.20484,0.19571,0.18682391055135197,0.17786,0.1694,0.16066,0.15234,0.14484,0.13754,0.13193,0.12643,0.12169479331746323,0.11715
20-01-2026 09:45,25463.25,0.11886,0.11763,0.11452,0.11296086098520525,0.11093,0.11105565054005599,0.10994,0.11251,0.11693359507039844,0.12084,0.12729478695328758,0.13347351681903324,0.13976,0.14772,0.21617,0.2068,0.19749,0.18875473684951438,0.17992,0.17097,0.16206,0.15357,0.14623,0.13888,0.13373058953500755,0.12791,0.12344,0.11877
20-01-2026 09:50,25462.3,0.1028719226585911,0.10359,0.10437,0.10461289869220833,0.10478,0.10524,0.10628,0.10976,0.11486,0.11966,0.12551,0.13248,0.13991,0.14806,0.21669510367635983,0.20717,0.19781,0.1888903280669832,0.17986,0.17141,0.16265,0.15482,0.14771,0.14109,0.1364086726600286,0.13128,0.12741,0.12414641894525151
20-01-2026 09:55,25459.95,0.12017,0.11734,0.11509,0.11309,0.11168,0.11066,0.11082,0.11301,0.11769665849976768,0.12141,0.12645,0.1333725528640877,0.13992,0.1482,0.21354,0.20417802323808576,0.19488,0.18606816572980028,0.17719,0.16798,0.15917,0.15126,0.14375,0.13703,0.1318,0.12653,0.12257458741755399,0.1189
20-01-2026 10:00,25467.2,0.12167992946745809,0.11817,0.11541831060820555,0.11298,0.11161,0.11158021596404459,0.11064,0.11255,0.11700780097828092,0.12051,0.1268246616141518,0.13244,0.13902,0.14695,0.21533,0.20586535268130762,0.19651,0.1877,0.1793,0.17022,0.1615,0.15279,0.1462695004266907,0.1394452061379336,0.13245,0.12718,0.12286,0.1191318880079501
20-01-2026 10:05,25465.6,0.12575,0.12217,0.11894513453177413,0.1155,0.11323,0.11169,0.1129599615381944,0.11299,0.11669,0.12177419721145735,0.12657641953133764,0.13143,0.13808,0.14518186455009413,0.21274,0.20373,0.19436,0.1854,0.17664,0.1680394921570278,0.15919,0.15038,0.14302,0.13565,0.1304,0.1248,0.12033273322479995,0.11612
20-01-2026 10:10,25484.8,0.1074,0.10682,0.10632,0.10608841265526828,0.10588429832336603,0.10526,0.10616,0.109695289682466,0.11282,0.11673,0.12245,0.12903438130031497,0.13582,0.14367496207898492,0.21481,0.20536,0.19732,0.188730257203581,0.18013,0.17126,0.16273,0.15463,0.14738,0.14062,0.13526,0.1305893068066512,0.12609,0.12251837053940584
20-01-2026 10:15,25468.6,0.12772,0.12327,0.11949,0.11605,0.11314,0.11173,0.1132938307844967,0.11295,0.11646,0.11995,0.12512,0.13177421295852274,0.13793,0.1461,0.21212,0.20321,0.194697872324458,0.18619,0.17738,0.16858,0.16035,0.15144,0.14470680097710772,0.13723,0.1311,0.12532,0.12078,0.11595
20-01-2026 10:20,25485.6,0.11154,0.10884,0.10774,0.10619,0.10572,0.10635023792062454,0.10573,0.10814,0.11253467134826689,0.11595,0.12138,0.12801,0.13389,0.1418,0.21395,0.20507,0.19666,0.18799337836703156,0.17934,0.1703,0.16192,0.15335,0.14566,0.13856,0.13311,0.1275,0.12343,0.11945
20-01-2026 10:25,25487.25,0.10850958964484217,0.10795,0.10761,0.10587,0.10469,0.10423,0.10667254832216842,0.10899995542989255,0.11101,0.1149,0.12086116520902736,0.12653,0.1334828073507632,0.14058,0.2141944186923351,0.20576,0.19731,0.18871,0.17989,0.1711,0.16216,0.15401,0.14591,0.14002472570577396,0.13349,0.12787,0.12369833243627648,0.11984
20-01-2026 10:30,25478.75,0.11189,0.11147,0.10987580725688209,0.10831531567504404,0.10666,0.10779499940751788,0.10857570477071432,0.10901,0.11309,0.11659,0.12183,0.12783,0.13375,0.14165,0.2118680691227554,0.20437082403420326,0.19641847300511164,0.18781,0.17961,0.17080272363869786,0.16191,0.15362,0.1463905945470337,0.13855,0.13287,0.12723,0.12353,0.1192
20-01-2026 10:35,25473.7,0.1321878044083267,0.12579,0.12118141103210787,0.1168,0.11332,0.11134,0.11109,0.11360158251763813,0.11489,0.11927174121881383,0.12257,0.12839,0.13405,0.14165,0.2132799855249136,0.20442,0.19551,0.18681667717065897,0.17812,0.16927838640528614,0.16038,0.152,0.14483187963152028,0.1375513001072428,0.13003,0.12406,0.11976,0.11477
20-01-2026 10:40,25492.55,0.10672,0.1075,0.10644,0.10510426829004431,0.10373,0.10351,0.10552615992779385,0.10662,0.11075117193407537,0.11392,0.11913,0.12533,0.13116,0.13874,0.21694,0.20647,0.19783588430529866,0.18906,0.18062,0.1716926662997747,0.16265,0.1537,0.14685627723744085,0.13932,0.1333,0.12777,0.12399,0.11969
20-01-2026 10:45,25480.45,0.11358,0.11198,0.11056,0.10835,0.10750870652857394,0.10603,0.10659,0.10949635812649958,0.11211,0.1154,0.12101283127324633,0.1267382514830244,0.13296483896656733,0.1398,0.21571,0.2057,0.19716,0.18776,0.17897,0.16961,0.161,0.15226,0.14411,0.13716,0.13185,0.12699573060884417,0.12186,0.11749
20-01-2026 10:50,25478.05,0.10456,0.1049278340385008,0.1052,0.1048033749068352,0.10442059214477273,0.10367,0.1047,0.10718,0.11123,0.11475,0.12110215007486508,0.12687,0.13248,0.14035,0.2150336092799007,0.20685,0.19856,0.18942490590763567,0.18033,0.17134,0.16222,0.15388,0.14507,0.13947804388601492,0.133,0.1275,0.12352,0.11999661439032647
20-01-2026 10:55,25465.4,0.11001,0.10908439823769162,0.10814405244618808,0.10717,0.10613,0.10588,0.10683,0.1103808270223938,0.11304,0.11638,0.12194,0.12796,0.1347302662506336,0.14169,0.21569,0.20598,0.19799,0.18832,0.17923590937636266,0.17018,0.16098,0.15375469187296206,0.14661570229209028,0.1396009831789172,0.13283306721847757,0.12627,0.12217,0.11789
20-01-2026 11:00,25459.55,0.10868,0.10783151810500098,0.10691,0.10551,0.10506,0.10499,0.10761862545516328,0.11031661375447413,0.11267,0.1165,0.12258454919110504,0.1283,0.13487,0.14197,0.21449061996897267,0.2054,0.19635193166192888,0.18736,0.17861,0.16953,0.16110286910892696,0.15227,0.14379,0.13738,0.1317,0.12624,0.12208,0.11829
20-01-2026 11:05,25453.55,0.11082,0.10903,0.10773655607498744,0.10649187387637962,0.10513,0.10492,0.10715567258199127,0.10871,0.11321,0.11702,0.12277,0.12931776330654268,0.13604,0.14372903634276785,0.21454208508473877,0.20524,0.19601,0.18708,0.17858,0.16914,0.1605161696816681,0.15199613758652147,0.14305,0.1373247250083793,0.13097,0.12559,0.12122,0.11696
20-01-2026 11:10,25452.35,0.11738128484356632,0.11288851562338026,0.10944811461698523,0.10713,0.10622413937119626,0.10565,0.10673,0.10914,0.11382,0.11773,0.12347,0.13009,0.1366,0.14428,0.21249,0.20293,0.19392,0.18530264147034115,0.17663,0.1677184195951701,0.15857,0.15073181365183114,0.14242,0.13592,0.13029,0.12571671237473617,0.1209,0.1166
20-01-2026 11:15,25445.65,0.12009,0.11580818098441494,0.11228472742127407,0.10879,0.10814660974115309,0.10679,0.10767,0.11018,0.11439,0.11865,0.12418,0.13069,0.13729,0.1449,0.21105172716772985,0.20226,0.19364,0.18416,0.17559,0.16634353984011369,0.15732,0.1501773637776575,0.14326700044051377,0.13644281657814078,0.12984782204446035,0.12356,0.11913834990541775,0.11507
20-01-2026 11:20,25449.95,0.11642,0.11418,0.11199679489558595,0.10993701275679538,0.10777,0.10843664870581843,0.10791,0.11005,0.11411,0.11805,0.12449726902004155,0.13031,0.13678,0.14464,0.21234,0.20279826796198108,0.19334,0.18431,0.17548,0.16649329284497671,0.15739,0.1492288881725629,0.14115,0.13535414528668563,0.1294106038316562,0.12384631381638014,0.11879,0.11496048174880115
20-01-2026 11:25,25447.1,0.12701440835784544,0.12161841600421702,0.11703,0.1135,0.11081,0.11090490795892857,0.10955,0.11127,0.11507,0.12001075380959378,0.12429,0.13025,0.1374709935295578,0.14503,0.21107,0.20205,0.19285958848348325,0.18367,0.17454,0.16558450553863302,0.15634,0.14848410765159786,0.14012,0.13309,0.12699,0.1219933248094851,0.11676,0.11183
20-01-2026 11:30,25458.7,0.11473778465303167,0.11182,0.10942,0.1076,0.10639,0.10767175183387614,0.10875709912513909,0.10885,0.11321131931836341,0.1172,0.12297,0.12937584563016408,0.13594,0.1432310801589077,0.21286,0.20408672203042816,0.1952,0.18574,0.17679395587875824,0.16773,0.15875,0.15054,0.14234,0.1362202456233343,0.12935,0.12475663544314469,0.11971,0.11532
20-01-2026 11:35,25466.4,0.11355,0.11138,0.10887,0.10647,0.1051,0.10478,0.10750435268880787,0.11001433153740259,0.11214,0.11609,0.12192,0.1284881358340927,0.1352,0.1430192480891852,0.21262698431353283,0.20421,0.19568,0.18664,0.17681,0.1678,0.15921,0.15068,0.1423,0.13516,0.12912,0.12373,0.11924643016715107,0.11498
20-01-2026 11:40,25461.5,0.12097,0.11635821162451389,0.112,0.10852,0.10679,0.10562,0.1063,0.1084,0.11251,0.11636,0.12252,0.12877,0.13566,0.14361,0.21173852488614053,0.20279,0.19379534009389623,0.18486554677802078,0.17596,0.16727,0.1579,0.1496093907094304,0.14098,0.13482935430976695,0.1282890744887479,0.12192,0.11721,0.11296311454660092
20-01-2026 11:45,25463.2,0.1195441429260362,0.11557,0.11228,0.10909,0.10762948039807796,0.10589,0.10881889272079781,0.11124401932509326,0.1141513129512997,0.11682,0.12256,0.12889,0.13567,0.14366,0.21245,0.20378958280893772,0.19501,0.18563,0.17653,0.16721,0.15814,0.15001707562400568,0.14123,0.13391,0.12791,0.12175,0.11723,0.11238
20-01-2026 11:50,25474.5,0.11774,0.11478,0.11132365034722796,0.10766,0.10586,0.10613699356928961,0.10512,0.10724,0.1118592269388358,0.11565,0.12162,0.12855477944488886,0.1352,0.14297,0.21369,0.20379,0.19501,0.18616,0.1770713255042487,0.16797,0.159,0.15025,0.14266230871804475,0.13513995223862846,0.12763,0.12236695421478982,0.11699256265216976,0.11218
20-01-2026 11:55,25481.0,0.10771,0.103,0.10276,0.10132,0.10055,0.10285650629785464,0.10500304202251054,0.10747050840800106,0.10935,0.11412,0.12074,0.1275,0.13459,0.14305,0.22198295342153218,0.21044715939019126,0.19943326708619857,0.18893859088525017,0.17896,0.16968169681096237,0.16058,0.15217,0.14491218424768124,0.1375748178927375,0.13013,0.12432,0.11988653400406946,0.11575
20-01-2026 12:00,25467.5,0.09915,0.09916,0.09962,0.09945,0.09935,0.09996,0.10348774600330354,0.10684130820760293,0.10965,0.11489,0.12143,0.12857,0.13616,0.14475,0.21346877268913725,0.20503,0.19685,0.18735,0.1780612407845748,0.1687,0.16031438466375805,0.15162,0.14464718384469122,0.13745039447739255,0.13011,0.1244,0.12066,0.11678
20-01-2026 12:05,25450.2,0.09507,0.09683,0.09734026777759695,0.09795,0.09876,0.09977,0.10326116217870143,0.1057,0.1111,0.11635,0.12323,0.13027,0.13801,0.14649,0.21282,0.20368,0.1954,0.18582,0.17652,0.16785,0.1592,0.15096,0.14268,0.13656673160500918,0.12987,0.125392447862892,0.1211,0.1179616896304008
20-01-2026 12:10,25433.1,0.1132,0.11044,0.10853,0.10653,0.10664318028444089,0.10538,0.1068,0.10975,0.1145,0.11952,0.12627,0.13302,0.14059,0.14884,0.213,0.20233,0.19356,0.1843,0.1752327160491318,0.16616,0.15694,0.14940720380686098,0.1428732408870519,0.13612134938988707,0.1295071602088754,0.12305111482377842,0.11718,0.11337
20-01-2026 12:15,25439.15,0.10619,0.10565,0.10456480020417101,0.10336,0.10326,0.10351,0.10532,0.10852,0.11348,0.11845,0.12495,0.13179,0.1392207931963682,0.14682,0.2137,0.20348,0.19506,0.18538,0.17618229656658996,0.16707852925168118,0.1577,0.1497918042261293,0.14148,0.13493,0.12875,0.1233,0.11823927299899287,0.11387448183754371
20-01-2026 12:20,25436.4,0.10822970721900084,0.10580031636469751,0.10402,0.10292,0.10264,0.10514527192225995,0.10806248961610918,0.11134341075743504,0.114728846514743,0.11805,0.12472,0.13187,0.13968915428588996,0.14763,0.21345,0.20381696520785078,0.19429842019263605,0.18485350738419823,0.17537285204009978,0.16608,0.15717,0.14894,0.14065,0.13405,0.1284359213825011,0.12213,0.1182,0.11411
20-01-2026 12:25,25423.6,0.1208,0.11588,0.11273,0.1099,0.10793,0.10955385377742802,0.11078924350221758,0.11071,0.11590400933976622,0.12048,0.12691,0.13422,0.14152,0.14968,0.21018491572609185,0.20144,0.19343,0.18337,0.17426,0.16461,0.15543,0.14757,0.13902,0.13232,0.12601500746908362,0.11981,0.11440199823162361,0.10947528326142537
20-01-2026 12:30,25431.55,0.10947,0.1074340115238846,0.10553,0.10408,0.10356,0.10514221146218743,0.10576,0.1087,0.11433345649380142,0.11914,0.12623,0.134083060272397,0.14167,0.15026,0.2136576708616037,0.20367780084618733,0.19397,0.1843,0.17522,0.16558,0.1573483659603674,0.1486,0.1416725344140622,0.13438,0.12794,0.12188310623825063,0.11617589253577015,0.11083278264194933
20-01-2026 12:35,25423.05,0.1143838208211778,0.11162,0.10934,0.10801076341025401,0.10628,0.1082003314715125,0.10958313908933813,0.11054,0.11542,0.12063,0.1280315658746968,0.1353108529213003,0.1426,0.15113,0.21004150001754296,0.20148,0.19346,0.18374,0.17441435626862123,0.1649,0.15614,0.14836,0.14033,0.13389,0.12779353200704252,0.12128,0.11702198308128602,0.11297
20-01-2026 12:40,25423.5,0.10643,0.10618,0.10542761875807011,0.10452,0.10418,0.10598954774537811,0.10697,0.11016,0.11521,0.12177644282026069,0.12754,0.13497,0.14277,0.15133,0.20986310053611773,0.20113,0.19251132814586547,0.18383,0.17469736877404513,0.1655925260278328,0.15647,0.14846,0.14177142680909666,0.13502167330215256,0.12806,0.12269,0.11854,0.11481
20-01-2026 12:45,25416.4,0.11852,0.11428,0.11149,0.10896,0.10773,0.10729,0.10892,0.11188,0.1167,0.12145,0.12829,0.13531,0.14295,0.1516,0.21062869273395818,0.2010565344643906,0.19164,0.18237,0.17329,0.16464157558405984,0.1559530648728486,0.14701,0.13937,0.13277,0.12663,0.12093,0.11667,0.1128347174518627
20-01-2026 12:50,25426.5,0.11311,0.11122,0.10906,0.10681,0.10699230754559602,0.10587,0.10744,0.11062,0.11571534862164744,0.11979,0.1269306535769626,0.13337,0.14056,0.14862,0.21124,0.202,0.1928,0.18391,0.17472486662395964,0.16542,0.15643,0.14867560595440849,0.14039,0.13381,0.12721,0.12141,0.1171,0.11330305694262818
20-01-2026 12:55,25428.95,0.1147,0.11217,0.10968250288919723,0.10689,0.10592,0.10607,0.10751,0.11028,0.11551394994257572,0.11946,0.1261,0.13324,0.14029,0.14881,0.21106,0.20141,0.19312,0.18387,0.17481,0.1652,0.15629,0.14784,0.13991,0.13364,0.12696,0.12189261520998307,0.11649,0.11241
20-01-2026 13:00,25428.55,0.11009,0.10856,0.1069,0.10542,0.1045,0.10516,0.1086687197738791,0.11188885478145069,0.11462,0.11955,0.12619,0.13349,0.14125084948897265,0.14912,0.21205,0.20319069685296434,0.1943,0.18527,0.17609247316526722,0.1669491967185535,0.15769,0.14962,0.1424391409423039,0.13494,0.12799,0.12204,0.11751,0.11356835852709134
20-01-2026 13:05,25423.7,0.11124,0.10897145278075082,0.107165219410923,0.10539,0.10546411983204373,0.1048,0.10666,0.1096,0.11495548283023627,0.11944,0.12623,0.13368,0.14243157335271966,0.1520472439857721,0.21158,0.20228,0.19419,0.18511,0.17573255918688824,0.16629,0.15714,0.14924,0.14094,0.13456,0.12772,0.12269189315239408,0.11728,0.11361
20-01-2026 13:10,25424.7,0.1078,0.10677,0.10565,0.10431,0.10396,0.1043,0.10644,0.10939,0.11489827119132609,0.11943,0.12599,0.13342,0.14166371988747406,0.15067848325448233,0.21222,0.20308110891303555,0.19399067302871115,0.18492,0.17606793627387546,0.16719662485527587,0.15837659098487022,0.14959,0.14143,0.13492089374468683,0.12811,0.12231,0.11806991576607954,0.11415
20-01-2026 13:15,25413.05,0.11776051338331232,0.11396,0.11111,0.10903,0.1073,0.10879244775091654,0.10895,0.11184,0.11708875679446748,0.12138,0.1285844046314563,0.13515,0.14205,0.15068,0.2115,0.20252221752624172,0.19348,0.18392909564070048,0.17438,0.16511,0.15615,0.14777,0.14071942116943145,0.13339,0.12652,0.11925537815785572,0.11228769125238247,0.10539151253323098
20-01-2026 13:20,25432.95,0.10549,0.10521,0.10463,0.10332,0.10455994634791561,0.10547855556742067,0.10583,0.10895,0.11362,0.11984445396545715,0.12586855576285766,0.13176,0.13839,0.14622,0.21272,0.20298,0.19458,0.18595,0.17662390467173653,0.16723,0.15861,0.15051,0.1435012689091896,0.13619,0.12938,0.12465568230733615,0.11985668380697789,0.11571
20-01-2026 13:25,25422.0,0.11166,0.11031,0.10826,0.10729668142485807,0.10591,0.10591,0.10865923314101708,0.11048,0.11505,0.11937,0.12564,0.13239,0.13918,0.14686,0.21064070193541123,0.20228,0.1938,0.1846394821579025,0.17549,0.16646700581780446,0.15731,0.14858,0.14068,0.13446273883500798,0.12769,0.12213,0.1178706475420822,0.1139
20-01-2026 13:30,25415.05,0.10426272238537604,0.10326,0.10286,0.10234,0.10244,0.10378,0.10643,0.11113624317156312,0.1155723647768768,0.11975,0.12607,0.13314698888093138,0.14008,0.14774,0.21187,0.20201,0.19312392537563394,0.1842465767727065,0.17533,0.16572,0.15696,0.14927,0.14108,0.13520073509914815,0.12852,0.1241434057950443,0.11927,0.11595
20-01-2026 13:35,25392.3,0.10629,0.10578,0.10436,0.10439,0.10435,0.10572,0.10954278435090703,0.11231,0.11748,0.12272,0.1299304331086627,0.13666,0.14399,0.15221,0.21263,0.20288,0.19494,0.18565,0.1764,0.1668,0.15868,0.15101,0.14296,0.13658,0.13079,0.12511,0.12114,0.11720956197140318
20-01-2026 13:40,25365.4,0.1195,0.11614,0.11385808555129173,0.11111,0.10982,0.11059,0.11295,0.11636,0.12121,0.1265,0.13288,0.14036,0.14718,0.15527,0.211113085903542,0.20149,0.19393,0.18288,0.17352,0.1645436248049808,0.15514,0.14686,0.14007162541375892,0.13282,0.1262,0.12081,0.11559935961146192,0.11104919968875551
20-01-2026 13:45,25372.15,0.11362,0.11193,0.10892,0.10755,0.10657,0.10757,0.11044,0.11415,0.11937,0.12474,0.13185,0.13917,0.14658,0.15474,0.21139,0.20267,0.1936090679402237,0.18461,0.17568,0.16583,0.15785384922198903,0.14928,0.14271204117224817,0.13548,0.12896,0.12333,0.1187,0.11453
20-01-2026 13:50,25364.1,0.11985037850859123,0.11542,0.1125928154752219,0.11015,0.10898,0.10929,0.11172,0.1156,0.12175107910198829,0.12747827195328112,0.13298,0.14043,0.14763,0.15575,0.21097,0.20219,0.19311102438142194,0.18393876320950003,0.1747912709039835,0.165771059618518,0.15701,0.14939835737117793,0.14192129292854855,0.1346491427287792,0.12738,0.12171,0.11726,0.11303
20-01-2026 13:55,25368.4,0.120849008777244,0.11596,0.11345843293234312,0.11191145178579788,0.11083520907709793,0.10947,0.11184,0.11536,0.12047,0.12582,0.13258,0.13973,0.14713,0.15507272629547195,0.21065,0.20234,0.19506,0.18455,0.17557,0.16568,0.15743383126903937,0.14869,0.14079,0.1346515308968401,0.12791,0.1224,0.11736,0.11303
20-01-2026 14:00,25369.7,0.11573914643232486,0.11179364018641744,0.10893,0.10744,0.10673,0.10818,0.11086,0.11473,0.12021,0.12656136785940814,0.13214,0.1396,0.1468,0.15515,0.21260296064890036,0.20365,0.1959,0.18624946866095915,0.17655218477090312,0.16678,0.15798,0.14922,0.14073,0.13489,0.12750084213657137,0.12130086900704867,0.11562946805047421,0.11042899841513637
20-01-2026 14:05,25359.55,0.11515438928526667,0.11154,0.10917,0.10798,0.10734,0.11014349285339314,0.11175,0.11592,0.12161,0.12766571371990304,0.13384,0.14188846149068104,0.15054758203801996,0.16001460480519017,0.21233149053633266,0.20364,0.19509,0.1859503104242695,0.17684,0.16732,0.1586,0.14999,0.14228,0.13639,0.12966,0.12454804469582914,0.11977,0.11555719220322172
20-01-2026 14:10,25355.15,0.1183,0.11494708792216014,0.11245,0.11331065905242546,0.11356241384352284,0.11392790232603017,0.11373,0.11751,0.12316,0.12989036863127695,0.13655119011620043,0.14340975434285436,0.15054,0.15963832649838286,0.21223,0.20319,0.1941698166416838,0.18513,0.17633475912551166,0.16754551655402378,0.15862,0.15051391813379444,0.14221,0.13597,0.12932,0.12420945533116975,0.119047845123777,0.11436
20-01-2026 14:15,25366.45,0.11339319491310816,0.11021,0.10871989718744837,0.1080245000247218,0.10704,0.10866,0.11137,0.11521,0.12099600334223942,0.12634,0.13298,0.14042198112874626,0.14843503828352073,0.15704307218103733,0.2113449556149983,0.20194,0.19271,0.18404557704372898,0.17539925312848348,0.16672,0.15844,0.1512633795373356,0.1440810725158172,0.13675,0.13014,0.12551313547127377,0.12065,0.11665
20-01-2026 14:20,25356.3,0.12201,0.11807,0.11570874609345196,0.11293,0.11176,0.11380312727253145,0.1147,0.11805,0.12277,0.12870645269398184,0.13424,0.14166,0.1496774579272819,0.15873780737203058,0.21,0.20085,0.1926,0.18335,0.17458,0.16573,0.15718,0.14903,0.14153,0.13538,0.12847,0.12274,0.11845,0.11392
20-01-2026 14:25,25378.65,0.12105,0.117,0.11426613742055278,0.11102,0.10963,0.11063,0.11258,0.11729039845042438,0.121,0.12604,0.13239,0.13931,0.14697136471274902,0.1552546229331861,0.21293,0.2034,0.19521,0.18607316979992083,0.17705,0.1674,0.15813,0.14975,0.1429454538139247,0.13547,0.12861,0.12265,0.11805,0.11323
20-01-2026 14:30,25385.8,0.11073,0.10874,0.10778920443111761,0.10685518504347478,0.10555,0.10716,0.11055204665035279,0.11346,0.11875973500150344,0.12355,0.13008104608881038,0.13685,0.1445531063987176,0.15293068958668485,0.21419,0.20425,0.19547028540735095,0.18659,0.17846,0.169,0.16006,0.15221,0.14571262333027873,0.13853,0.1319,0.12654,0.12214,0.11784
20-01-2026 14:35,25374.45,0.10874,0.10747,0.10589,0.10523,0.10642856571284517,0.10647,0.10924,0.11288,0.11841135704750713,0.1233,0.12981,0.1368458071173989,0.14366,0.1516,0.21543,0.20562,0.19733187685886147,0.18902,0.17987,0.1709,0.16238,0.15404,0.14743278303794857,0.14024,0.13425230234270538,0.12795,0.12368,0.1191080234625922
20-01-2026 14:40,25356.7,0.11168355018053505,0.10881,0.10683,0.10711247321553816,0.10637,0.1082,0.11121,0.11492,0.12054,0.12572,0.13238,0.1394,0.14656,0.1542183465264669,0.21623598971758623,0.20743,0.19928,0.18959,0.18121,0.17213,0.16356,0.1549,0.1474,0.14077,0.13453,0.12876,0.12406,0.11977
20-01-2026 14:45,25345.55,0.11529,0.11294,0.11041,0.11088882302533752,0.11079470888825038,0.10987,0.11265,0.11615,0.12218753392509876,0.12805476507425856,0.13376,0.14068,0.14752,0.15514,0.21677,0.20717,0.19801,0.1883,0.17920112189079357,0.16997,0.16096,0.15365388274054242,0.14618680879494977,0.13852,0.13195,0.12642,0.12178,0.11732
20-01-2026 14:50,25348.5,0.10425,0.10393,0.10305,0.10373243730760523,0.10348,0.10534,0.10893,0.1143150750221253,0.11893,0.12412,0.1315,0.13842,0.14625058703487098,0.1543,0.21856,0.20883,0.1991923887216984,0.18946,0.1803151740894844,0.17097,0.16189,0.153,0.14558,0.1391,0.13254,0.12689701232369957,0.12170293687597271,0.1169000278894021
20-01-2026 14:55,25335.5,0.09571,0.09742,0.09848,0.09992,0.10251028351844046,0.10445,0.10913448762496347,0.1129,0.11914517255756725,0.12474,0.13244,0.13951,0.14673,0.15479,0.21849,0.20911074365067775,0.199569580050998,0.18987923901068915,0.18023,0.16993,0.16071,0.15238,0.14526,0.13876,0.13306,0.12801,0.12455,0.12171
20-01-2026 15:00,25288.25,0.1044,0.10407,0.10406,0.10487,0.10776779709421036,0.10966,0.1139,0.11894,0.1255,0.1325115153139888,0.13944461885786247,0.14653,0.15519510855959867,0.16430249021116944,0.2131,0.20251,0.1924649544332787,0.18224,0.17393,0.1639,0.15496,0.14722,0.14049,0.13464,0.1297074207002321,0.12433,0.12116780528228283,0.11819
20-01-2026 15:05,25289.95,0.09803748810601544,0.09853,0.09973,0.10149,0.10418,0.1078,0.11255,0.11733,0.12424098855562737,0.13103310068334817,0.1380444984219723,0.14491,0.15284,0.16084,0.21652,0.20654116299177122,0.19639,0.18535,0.17685,0.16786462225542542,0.15847,0.15071,0.14495033886839256,0.13867,0.13383976080005427,0.12859,0.12578009448199884,0.12319
20-01-2026 15:10,25245.35,0.09945,0.10105030406939541,0.10319184777014757,0.10516,0.1089,0.11311,0.11855,0.12482443149223402,0.13062,0.13761039802678982,0.1442,0.15119,0.15931,0.16759,0.21653,0.2042,0.19461,0.18401,0.17462,0.1659100040321514,0.1576,0.15231223693366697,0.1471655178429398,0.14207325399392962,0.13738585372562062,0.13301,0.13092,0.1291497502657687
20-01-2026 15:15,25238.75,0.10515,0.10596,0.10699,0.10871,0.11216,0.11705318177290758,0.12257199557107101,0.12803994434042792,0.13358752965154974,0.13918,0.14636084705137195,0.15373,0.1613265704913447,0.16897,0.22738,0.21506,0.20404832472713552,0.19277,0.18254640025555813,0.17182,0.16316,0.15596579815744918,0.14824,0.14265,0.137831578403232,0.13321,0.12972563068613294,0.1269556465890198
20-01-2026 15:20,25191.85,0.1209528897391563,0.11886,0.11737,0.11901771884684595,0.11975,0.12375598116262357,0.12685,0.13185,0.13761,0.14411,0.15051,0.15709,0.16444802690466453,0.17198,0.22484951328281022,0.21231357941918505,0.20039162556529116,0.18901,0.17868690785179372,0.16855,0.15906,0.1513007476913099,0.14289,0.13612,0.13026,0.12498,0.12099,0.11734
20-01-2026 15:25,25185.2,0.14139620146574264,0.13456326768748073,0.1297,0.12673,0.12581,0.12786,0.13182727539339095,0.1357879371305523,0.14004975764463873,0.14396,0.150670257194625,0.15751,0.16467110619984288,0.17189,0.22084101548444812,0.2088,0.19805695261393116,0.18717,0.17528,0.16786895535012641,0.16017057759682296,0.15255,0.14239,0.1339,0.12805,0.12057,0.11524,0.10945880259026099
21-01-2026 09:15,25171.75,0.1614337376494483,0.15294,0.14671638645355012,0.14119,0.13853,0.13825,0.1414138494421877,0.14452539476568455,0.14727,0.15271,0.1593107103323047,0.16575,0.17272,0.1800139306704559,0.22163,0.21205,0.20214,0.19239,0.18253,0.17277,0.16299,0.15324,0.14406,0.13532,0.12661,0.11838,0.10988744766752463,0.10135
21-01-2026 09:20,25204.0,0.14489,0.13684,0.13149,0.13061539564681318,0.12792,0.12825,0.13111,0.13522,0.14083,0.14681,0.15371,0.16117679789474687,0.16841,0.17651,0.22981,0.2193060068163604,0.20887,0.19878,0.18866,0.17878825488245587,0.16891773009153,0.15893,0.14964,0.14141652576745936,0.13293,0.12507,0.11766,0.11031
21-01-2026 09:25,25249.5,0.11239,0.11006208129341549,0.10841,0.1092,0.11196560501525309,0.11359,0.11930212337658683,0.124,0.13056,0.1378,0.14569,0.15395,0.16214,0.16992,0.23932,0.22872,0.21860187295884265,0.20844,0.19844,0.18865318278439974,0.17884110238193573,0.16883,0.15985,0.15212,0.14385,0.13775,0.1322,0.12755835083088746
21-01-2026 09:30,25231.8,0.13669,0.1300855169916822,0.12412,0.12087,0.12038,0.12382995590879653,0.1270079711313089,0.12956,0.13608,0.14246,0.15005,0.15768140904276767,0.16532,0.1733660213645346,0.23614362471763503,0.2254265009237918,0.21477716382170378,0.20422,0.19378520488731382,0.18338,0.173223224205001,0.16297,0.15255,0.14322,0.13429,0.12583,0.11875,0.11057
21-01-2026 09:35,25229.95,0.10955705059485521,0.10800707348821122,0.10767666095711603,0.10857,0.11090111973336034,0.11357,0.11819,0.12409,0.1309,0.13852,0.14717429425327616,0.1555,0.16438,0.17241,0.2393,0.22828761014133137,0.21739,0.20703,0.19674119085120548,0.1864059197753405,0.17611918345564737,0.16575,0.15633,0.14788,0.13944,0.13261,0.12591,0.11996151115675677
21-01-2026 09:40,25195.85,0.12842482732871235,0.12386,0.12114857996725664,0.11914,0.11944,0.12178,0.12572,0.13216620632158044,0.13831186841722198,0.14442,0.15206,0.16007811662006832,0.16810299722640357,0.17625,0.23126,0.22039,0.20921,0.19894,0.18886156822074363,0.17868,0.16837969411608864,0.15788,0.14814,0.13936,0.13038,0.12255,0.11511,0.10815593361034526
21-01-2026 09:45,25195.8,0.12726670767179019,0.12241,0.11905,0.11758,0.12007157778643564,0.12115,0.12508,0.13066,0.1374024843627005,0.14369,0.15164,0.15985359024239257,0.16803436365586616,0.17631,0.23030955220192542,0.21955,0.20885,0.19856243141630486,0.18822,0.17803,0.16810506443847123,0.15791,0.14843,0.1399,0.1314,0.12326,0.11657,0.10994
21-01-2026 09:50,25185.15,0.12236,0.11795,0.11706901674843617,0.11528,0.11797897251198872,0.11966,0.12559597132628306,0.13129504536044923,0.13697,0.14439,0.15238,0.16083,0.16916,0.17729,0.22539,0.21541,0.20434,0.19499,0.1853588160063983,0.17565,0.16525,0.15601,0.1469,0.1388432349111799,0.13028,0.12351583516571693,0.11641,0.11009
21-01-2026 09:55,25177.9,0.11379,0.11152,0.11207886454902416,0.11141,0.11346,0.11718,0.12215,0.12938189848001772,0.13714196364171605,0.1449050290012073,0.15281408769590116,0.16066,0.16945,0.1785535779613181,0.2259933631352856,0.21521,0.20467,0.1952036623975663,0.18576657044078632,0.17627,0.166952030491746,0.1575,0.14867,0.14081,0.13399210604589723,0.12667,0.12103,0.1157
21-01-2026 10:00,25151.55,0.12546,0.12270449785729126,0.12081446297943688,0.11892,0.11961,0.12284,0.12739,0.13308,0.13961,0.14673,0.15487,0.16346,0.17209,0.18164516668139558,0.2219046332419335,0.21176,0.2017034290191207,0.19167,0.18184634250866655,0.17201146701070308,0.16211,0.15239,0.14399,0.13653724642373513,0.12900826502940155,0.12142,0.11502336023213262,0.10876
21-01-2026 10:05,25168.3,0.1176544166004848,0.11538,0.11423,0.11445,0.11827562799017091,0.12223582253531026,0.12676051249643416,0.13075,0.13746,0.14494,0.15349,0.16138,0.16973,0.17714,0.22286,0.21264,0.20243,0.19279,0.18268,0.17313,0.16324,0.1546,0.1458,0.13816,0.13112,0.12476,0.11912,0.11439
21-01-2026 10:10,25142.55,0.12730942209343551,0.12315,0.12023,0.12039,0.12189,0.12482,0.13070377005151845,0.13563,0.14202,0.14998003195113696,0.15767,0.16529,0.17225,0.18029,0.21775128400662716,0.20761,0.19767944114913988,0.18776,0.17788,0.16848,0.15930831585614952,0.14989,0.14065,0.13289,0.12515,0.11844526100577459,0.1116954328732491,0.10527
21-01-2026 10:15,25145.8,0.12333,0.12006476709437602,0.1175,0.11915869901175415,0.11928,0.12282,0.12764,0.13377,0.1409,0.14888397156553929,0.15653,0.16493,0.1719,0.17995,0.22032,0.21,0.1999902594171643,0.18993,0.18006721775559564,0.17012,0.16051,0.15191997292312848,0.14325455772079118,0.13445,0.12696,0.1204,0.11439979361567668,0.1085
21-01-2026 10:20,25143.35,0.1079,0.10745,0.1083,0.11044,0.11423,0.1203942717543875,0.1254,0.13227,0.14021,0.14801,0.15664,0.16499,0.17225,0.18071,0.22032,0.21089,0.20145,0.19248,0.18309,0.17442,0.16525,0.15763,0.14974,0.14271,0.13565,0.13077,0.12584,0.12255
21-01-2026 10:25,25100.4,0.12159,0.11908,0.11899,0.1201,0.12283,0.12849921060224556,0.1337870993753179,0.13878,0.14571,0.15384,0.16217708684556997,0.17048,0.17831,0.18593,0.21910422705267263,0.2089,0.19884,0.18907,0.17952,0.17017275765594464,0.16056,0.15206,0.1442610985006305,0.13602,0.12931,0.12317,0.1180611195342857,0.11316
21-01-2026 10:30,25093.35,0.12245680180680941,0.12031,0.11937,0.12075,0.12372,0.1282,0.13354,0.14060352189770287,0.14693,0.15483,0.16325,0.17103794446102505,0.17882654426249409,0.18642,0.21712,0.2065,0.1967835716918699,0.18695,0.17751251890990466,0.1679,0.1584,0.14965,0.1415,0.133693797999796,0.12663541971773748,0.12014869052419641,0.1142086573845475,0.10879266665191634
21-01-2026 10:35,25094.5,0.11848,0.1171,0.11927892370866,0.12169244247254876,0.1247383084898066,0.12727,0.1334580885839703,0.1401913919327779,0.147,0.15472,0.16342,0.17133,0.17914,0.18757,0.2166,0.20606,0.19640966549641867,0.18667,0.17674,0.16751,0.15904204776046196,0.15015,0.14241,0.13525,0.12946802234955498,0.12337,0.11888,0.1148680002049526
21-01-2026 10:40,25076.8,0.11041203412765063,0.1126,0.11578727855009198,0.11919,0.12378,0.12957,0.13582,0.14312205901453984,0.14989,0.15783,0.16683,0.17496340966967366,0.18316,0.19098,0.21921,0.21009,0.20117,0.19196,0.1837064852762028,0.17546302855558038,0.16699,0.16003582600594968,0.15276,0.14706,0.1428868240341329,0.13814,0.13602,0.13435
21-01-2026 10:45,25011.65,0.12991,0.12886,0.12996,0.13271,0.13801359269493813,0.1429666612872137,0.1476,0.15431,0.16135,0.16871,0.17751,0.18442,0.1922930208882571,0.1993583124422251,0.21270600334929607,0.20348,0.19441,0.18465,0.17497,0.16658933495426176,0.15781,0.14998,0.14243,0.13654850463867468,0.13046710364004607,0.1243,0.11945,0.11484
21-01-2026 10:50,25009.05,0.1201,0.12206,0.12605269332324792,0.1298,0.13479,0.14129820690067812,0.14727,0.15499628380555674,0.16232,0.16956,0.17816,0.18631,0.1949878877046094,0.20372227671170923,0.22252920748362143,0.21319,0.20412,0.19581719633179884,0.18763984665491892,0.17950342371810726,0.1713523145630037,0.1627706353801316,0.15621,0.1511,0.1474,0.14463,0.1430869246072022,0.14173
21-01-2026 10:55,24957.3,0.14328,0.14236445293912792,0.14171,0.14384,0.14722,0.1518,0.157,0.16358280892137644,0.16965,0.17684,0.18452000331343663,0.19209,0.19924,0.20689,0.22052,0.21070750096860372,0.20088,0.19093,0.18127,0.1723405094452969,0.16314,0.1544,0.14602,0.13843,0.1312779211003033,0.12490542534412866,0.11930514894584847,0.11446684660602391
21-01-2026 11:00,24996.3,0.1347,0.1350819890676952,0.13532,0.13812,0.14231,0.14755,0.15410852816032078,0.16007,0.16697,0.17401,0.18197,0.18865,0.19583,0.20379,0.22455,0.21426124101554708,0.20408679730719065,0.19389,0.18403,0.1753934498297009,0.16654,0.15824,0.1511271833990906,0.14372,0.13780622923388883,0.13204,0.12668796566837495,0.12202210517612391
21-01-2026 11:05,24985.75,0.13707010198958755,0.13763,0.13894,0.14258681470235873,0.1458,0.15085,0.1568,0.16288,0.16942,0.1768365096590464,0.18417,0.19065,0.19721,0.20347843485179673,0.220393663699402,0.20915,0.19856677961243005,0.18828671223778315,0.17801,0.16867,0.16013392131513043,0.15128,0.14394,0.13636,0.12993,0.12302,0.11774051191924768,0.11277
21-01-2026 11:10,25017.2,0.14170707530345994,0.1403602426039063,0.14029,0.14160357176682256,0.14317,0.14704,0.15151,0.15769038944051747,0.16355,0.1708086829986296,0.1778519791842802,0.18489,0.1916,0.19977,0.22119,0.21052,0.20085,0.19069,0.18073,0.17053,0.1613,0.15209,0.1432,0.13358,0.12595288790435616,0.11818494579953781,0.11042,0.10185
21-01-2026 11:15,25046.1,0.14397,0.14016,0.1402391996999766,0.13908,0.14103,0.14436,0.14952064735849252,0.15391,0.15965,0.16606,0.17377,0.18057012601577987,0.18735,0.1947,0.22158,0.21124,0.20104,0.19101,0.18117,0.1716726840413116,0.16191,0.15273,0.14403,0.13539,0.12731,0.12038,0.11276,0.10601159986469345
21-01-2026 11:20,25060.3,0.13169,0.12981,0.1297,0.13216277323846753,0.13391,0.13809,0.1439686460584761,0.14952,0.156675966302744,0.16364454938496775,0.17068,0.17767,0.18468343502984436,0.1916403838886176,0.22501,0.2154449379311899,0.20584,0.19596,0.18562,0.17611,0.16717,0.1585,0.14967,0.14173,0.13515,0.12908,0.12283,0.11697
21-01-2026 11:25,25041.3,0.12848119743787303,0.12753,0.12769,0.12964,0.13366,0.13824,0.14359,0.14983,0.15679,0.16448581795123474,0.17192,0.1789,0.18698,0.19456,0.22775,0.21815,0.20868,0.19888006335485786,0.18899,0.17966,0.17054,0.1622,0.15476153274387433,0.14682,0.14022207012676763,0.13311,0.12778,0.123
21-01-2026 11:30,25041.05,0.13283,0.13058,0.13180475304647307,0.13195,0.13501,0.13941,0.14548748122526228,0.15084,0.1581369714005686,0.16494,0.1728,0.17992,0.18742,0.19481534648595408,0.22611,0.216362482416054,0.20669253144442298,0.1970713120551107,0.18746,0.17814,0.16926327082698384,0.16022,0.15174,0.1437,0.13617,0.12995,0.12374,0.1176
21-01-2026 11:35,25049.35,0.13118,0.12936,0.12957,0.13118,0.13391,0.13844,0.14389,0.14995,0.15668,0.16429768889673424,0.17176,0.17911898223143458,0.18645,0.19378963005106473,0.22696,0.21735753119763424,0.20769,0.19761,0.18773,0.17863,0.16983,0.16134,0.15354610388266782,0.14528,0.13856,0.13231,0.12687828377522617,0.12162
21-01-2026 11:40,25042.9,0.13286012194283342,0.1312883007036024,0.13145,0.13247,0.13537,0.14064512747981495,0.1457221475192017,0.1505,0.15708,0.16411,0.17186,0.17917,0.18658,0.19412,0.22610334805217275,0.21626,0.20649,0.19653,0.18629,0.177,0.16772,0.15946901657798543,0.15079,0.14328,0.13663368908750256,0.12979,0.12372,0.11798183160820384
21-01-2026 11:45,25045.15,0.13385238770583868,0.13206,0.13233838684937488,0.13236,0.13523,0.13924,0.14495304342154441,0.1499,0.1570479030991385,0.16362,0.17162,0.1783,0.18635,0.1939,0.22687,0.21664,0.20673,0.19655,0.18659,0.17713,0.16837260418059968,0.15919,0.15128943094724218,0.14292,0.13557,0.12887,0.12235,0.11631310238375141
21-01-2026 11:50,25057.75,0.13374,0.13061,0.12978,0.1313,0.13417,0.13801,0.1433,0.14884,0.15563,0.16264,0.17054,0.17769,0.18521,0.19285,0.22699,0.217,0.20702589253677642,0.19708343933155095,0.18704,0.1776752883530963,0.16813,0.15925,0.15112,0.14337,0.13526,0.12839,0.12245,0.11627
21-01-2026 11:55,25064.55,0.13047,0.1286,0.12848,0.13123591160586642,0.13295,0.13815835179601782,0.14238,0.14817,0.15471,0.16176,0.1697,0.17657,0.18406,0.19166,0.22742,0.21717,0.2073047695668502,0.19738,0.18712,0.17786,0.16849,0.15966,0.15200470236107538,0.1442822847510566,0.13634,0.13016758030579426,0.12378,0.11829
21-01-2026 12:00,25081.9,0.14064233175415738,0.13712,0.13497,0.13424,0.1368511431680163,0.13853,0.14254,0.14830105227684315,0.15337,0.15944,0.16694,0.17378,0.1812101547873702,0.18878,0.225,0.21461,0.2048,0.19461034218316797,0.1844115722262566,0.17414,0.16427,0.15487,0.14552,0.13731299684353096,0.12896358292814097,0.1206,0.11306,0.10483
21-01-2026 12:05,25117.2,0.12873,0.12563,0.12672804257253067,0.12736712561816055,0.12718,0.13056,0.1351,0.14051,0.14695,0.15358,0.16092355900775168,0.16809,0.17581,0.1837722742984757,0.22827251566040802,0.21847,0.20894,0.19902959115039626,0.18906,0.17998,0.17081393579968604,0.16139,0.15266,0.14483,0.13702,0.13023,0.12375,0.11802
21-01-2026 12:10,25113.35,0.13919,0.13376,0.13116,0.13228486825258587,0.13145,0.13404,0.13797,0.14390635734614748,0.14912,0.15502,0.16263,0.16926,0.17654668401088827,0.18326062492992432,0.22408,0.21377,0.20384,0.19393489684765508,0.18400437150090143,0.17402,0.16463,0.15525,0.1467586725234209,0.13796,0.12963,0.12258,0.11515844586396187,0.10767
21-01-2026 12:15,25129.25,0.14212,0.13645,0.13426714544348256,0.13138,0.13217,0.1354703984562955,0.13796,0.14234,0.14832447562238327,0.15374,0.16084,0.16697,0.17331,0.18063,0.22543903311436053,0.2158,0.20614,0.19586,0.1856794145483498,0.17534,0.1659933771258639,0.15635,0.14722,0.13817,0.13001,0.12186,0.11408,0.10638
21-01-2026 12:20,25163.0,0.13704,0.13153,0.12937127443032664,0.12705,0.13006121030496623,0.1325035834742711,0.13544736059454732,0.13822,0.14354,0.14955,0.15667,0.16314951510475229,0.16958,0.17664,0.23038,0.22027,0.21058,0.20073922012583512,0.19086124603689547,0.18101426754828992,0.17114,0.162,0.15272,0.14432,0.13626,0.1279,0.12012727549322885,0.11246270891916521
21-01-2026 12:25,25166.9,0.11646,0.11482,0.11454,0.11565,0.11826,0.12331235191777554,0.12722,0.13303,0.13967,0.14655,0.15443,0.16135,0.16878,0.17609377118151545,0.23888,0.22894,0.2192303419090154,0.20945,0.19993,0.19064,0.18145,0.17340711273261117,0.16533644971208444,0.15747965896205274,0.14943,0.14310976619361482,0.13679,0.132
21-01-2026 12:30,25153.65,0.14411,0.1381445035255523,0.13294,0.13066,0.13051,0.13202,0.13657942521451466,0.14083155306826434,0.14482,0.1501,0.15725,0.16390503996714523,0.17046,0.1775677092645376,0.23409,0.22385,0.21446,0.20458128141139997,0.19468495817252615,0.18477,0.17502723328563835,0.16519,0.15599661646748614,0.14664,0.13804,0.12914,0.12071,0.11233545752191994
21-01-2026 12:35,25191.3,0.1472,0.14047,0.13539,0.13212,0.13348457486651147,0.13255,0.13494,0.13883,0.1439002115891787,0.14828,0.15471,0.16102,0.16740409737718479,0.17383,0.2341,0.2241,0.2142971751059723,0.204495245203417,0.19469,0.18542,0.17552,0.16609,0.15689,0.14758,0.13896,0.13075,0.12259,0.11461
21-01-2026 12:40,25225.6,0.13548238214946512,0.1311,0.12846518014665032,0.12683292770146531,0.12506,0.12721342587485926,0.12875,0.13318468863816546,0.13711,0.14219,0.14804,0.15492,0.16058,0.16847,0.24091,0.23056,0.22120276237585448,0.21174,0.20221,0.19333,0.18365,0.1750405275804262,0.16626,0.15816511889161683,0.1499264773893227,0.14166,0.13429,0.1274
21-01-2026 12:45,25260.15,0.14866,0.14151844269472522,0.13502,0.13106,0.12889,0.12878,0.13166446737140947,0.13345,0.13754,0.14228,0.14789048006578587,0.15331,0.15916,0.16527549548420503,0.2442284051030812,0.23445,0.22463717855856408,0.2150381446923005,0.20544,0.19649,0.1870947799820059,0.17763,0.16816,0.15944,0.15062,0.14206,0.13387,0.12606
21-01-2026 12:50,25266.0,0.15043494446083888,0.14299,0.13659,0.13468069750786496,0.13250288347330275,0.12986,0.13099,0.13379,0.1377,0.1423,0.14736,0.15339,0.15914,0.16617,0.24771825879228224,0.23813,0.22897,0.21938847433284953,0.2098,0.20057,0.191303439558521,0.182,0.17282311693795777,0.16351,0.15498630181185663,0.14632,0.13756,0.12958
21-01-2026 12:55,25281.8,0.13917,0.13376635091291747,0.12917504356454174,0.12593,0.12727285940652472,0.12875333585742976,0.1304012360950515,0.1320644621649893,0.13403,0.13891,0.14462,0.15101461983871786,0.15753,0.16467163895159959,0.25027,0.24056,0.23144,0.22203313652210932,0.21261264484727818,0.20318,0.1939981763463261,0.18479,0.17522,0.16664940310839302,0.15789,0.14926,0.14108,0.13375
21-01-2026 13:00,25281.3,0.13807,0.13319,0.1300840066547971,0.12697649407959005,0.12366,0.12413,0.12643,0.12955,0.13415,0.1400472381332465,0.14535,0.15225,0.1590840457566321,0.16594,0.25099,0.2412,0.23143,0.22218,0.21267627255949478,0.20316,0.19335,0.18437,0.17550476359208536,0.1665603355165064,0.15769809271142798,0.14886,0.14094,0.1330626773557728
21-01-2026 13:05,25288.85,0.12190730847384085,0.11875,0.11667,0.11569,0.11746545745893125,0.11798,0.1212,0.12532,0.13069,0.13647,0.14268,0.14981044007529248,0.1569120882033681,0.16431,0.2517542743032968,0.24243416013539926,0.23312,0.22378592987638823,0.21447871752243874,0.20515,0.1959344693283266,0.18666,0.17799,0.1693,0.16109,0.15329,0.14588,0.13943
21-01-2026 13:10,25221.5,0.14555,0.13388,0.13292,0.12941,0.12723,0.12818,0.1312196831556814,0.13326,0.13824939675042303,0.14244,0.14937124097561705,0.15601,0.1630476640215504,0.17012,0.24334,0.23292,0.22408038485096243,0.21525,0.20452,0.19612,0.18546,0.17645,0.16852,0.15804,0.14967,0.14177,0.13249,0.12413
21-01-2026 13:15,25225.05,0.1338,0.12896,0.1262335830209,0.12326,0.1228,0.12565288607113093,0.12835890934300914,0.13065,0.13568,0.14121,0.14793,0.15501,0.16172,0.16884203861129943,0.24435,0.23512,0.22594454643679424,0.21678,0.20749,0.19819,0.18919583003404652,0.18004,0.1711,0.1628,0.15452,0.14636,0.13888,0.13236
21-01-2026 13:20,25225.7,0.12872,0.12486,0.12309181199761243,0.12081,0.12085,0.12246,0.12556,0.12964,0.13486,0.14077,0.14790850647469947,0.15468,0.16132,0.16885,0.24594824805783244,0.2371291039928245,0.22782,0.21895,0.20902,0.19978,0.19047,0.18129,0.17295224849778212,0.16424,0.15649281506260276,0.14833,0.14156,0.13545
21-01-2026 13:25,25205.25,0.13434755133356152,0.1299,0.1269750763549483,0.12487,0.12494,0.12735844328231297,0.1291,0.13326,0.13889573920465254,0.14405,0.15016,0.15726969929005435,0.16463,0.17265131608544892,0.24316,0.2337,0.22373,0.21445,0.20479617626085128,0.19515413533212464,0.18538,0.1765978523077325,0.16764,0.15913,0.1512,0.14420239566951892,0.13715494930095293,0.1304
21-01-2026 13:30,25215.7,0.11547150399233119,0.1141370887579462,0.11384,0.11439,0.11611,0.11898,0.12386064397112118,0.12793,0.13384,0.14041,0.14789759186350415,0.15526551696689447,0.16265,0.17059,0.24707,0.23815,0.22860689250450325,0.21906099444644406,0.20948,0.20028,0.1914308669806129,0.18238,0.17411,0.16604,0.15871,0.15219,0.14655,0.14146
21-01-2026 13:35,25182.35,0.14827,0.13934,0.13698,0.1338,0.13289,0.13504915462196554,0.13669362506587895,0.1378,0.1423,0.14773,0.1542921099987422,0.1607338548892292,0.16719,0.17421,0.2371772980098569,0.22763,0.2182078009636345,0.20869,0.1986,0.18997,0.18004,0.17157,0.16251,0.15389877161377108,0.14517525691728989,0.13646,0.12972,0.12058
21-01-2026 13:40,25193.1,0.13324,0.12911456992334297,0.1257,0.12472,0.12518,0.12695,0.13080216772892894,0.13381,0.1397192499353665,0.14486,0.15165931677777073,0.1581,0.16516,0.17297,0.24104,0.23161,0.22252,0.21314,0.20345,0.19387,0.18456,0.17598,0.16769131921199415,0.15902,0.15167153885861517,0.14393,0.13706,0.13075
21-01-2026 13:45,25192.95,0.13211,0.12832,0.12654353637148966,0.12411,0.12588469865301685,0.12634,0.12935,0.13433334482544124,0.13859,0.14451,0.15095,0.15785,0.16523,0.17348,0.24175,0.23225,0.22274,0.21318,0.20349,0.19378,0.18417,0.17565,0.16677,0.15838,0.15098327875998707,0.14335,0.13649,0.12995920977041456
21-01-2026 13:50,25179.95,0.12507,0.1225,0.12106,0.12244756488175043,0.12254,0.12493,0.12858,0.13335,0.13902,0.14588066663217641,0.15218,0.15955,0.16688,0.1742,0.2418,0.23224,0.22298,0.2132932216351035,0.20354,0.19431,0.18498,0.1767,0.16826,0.1603,0.15311,0.14644,0.14051,0.13502669226811406
21-01-2026 13:55,25164.25,0.12508,0.1227,0.12142,0.12314487390540889,0.12362,0.12728262509794114,0.12986,0.13471,0.14081,0.14683,0.15375,0.16127,0.16886,0.17614,0.24014,0.23066,0.22125979490925524,0.21187,0.20207,0.19304186241286436,0.1840595719077331,0.17487,0.16704945791388376,0.15894,0.15212,0.14506,0.13935,0.13429
21-01-2026 14:00,25141.15,0.12906986346636856,0.1274637711623808,0.12692,0.12797833421442972,0.12958643791733856,0.1309,0.13466,0.13925,0.14488,0.15069,0.15765,0.16457,0.17215,0.17942,0.23315611044301848,0.2242,0.21511,0.2058,0.19610666702461305,0.18634,0.17715,0.16852,0.16083829060113092,0.15275,0.14567,0.139,0.13293969514354065,0.12701
21-01-2026 14:05,25151.55,0.12298,0.12147,0.12085352955844512,0.11955,0.12230870858890155,0.12406,0.1287743236594639,0.13284,0.13906,0.1460768874935846,0.15267,0.1606,0.16894,0.17791146548281295,0.23437,0.22453,0.21563,0.20635,0.19667,0.18761,0.17836,0.17018572924787062,0.16148,0.15407,0.14726,0.14125,0.13608999085631018,0.1311
21-01-2026 14:10,25141.05,0.12245961597447111,0.12067882713317366,0.12018,0.12055,0.12248,0.12641847900166053,0.12964,0.13475,0.14134231571301176,0.14735,0.15495,0.16301,0.17170339554228115,0.18085469784108796,0.23095,0.22129930622118338,0.2117516166488988,0.20231872680117752,0.19295,0.18416774864901003,0.17542158511350742,0.16678063754254963,0.15815,0.15046,0.14392,0.1377,0.13263392195743745,0.12778
21-01-2026 14:15,25139.05,0.14051,0.13592791872425697,0.1325131467692349,0.12945,0.12981,0.13115,0.13481065030267658,0.13773,0.14279,0.14906214608918905,0.15467,0.16227,0.16974,0.17697,0.22544,0.21577,0.20643,0.19658,0.18674,0.17739,0.16786,0.15897,0.15036,0.14245387941068946,0.1344127773237877,0.12632,0.11937,0.11216
21-01-2026 14:20,25178.3,0.11212168857053892,0.11156,0.11175,0.11306,0.11671120160558254,0.11962,0.12405,0.12924,0.13577,0.14239294110870312,0.14905,0.15665979863526838,0.16453817077625574,0.17268502757355828,0.23374005240943774,0.22449,0.2152823701980277,0.20603,0.1965,0.18759612298906028,0.17844,0.17048,0.16261,0.1562634223460221,0.14925,0.14362,0.13928,0.13574
21-01-2026 14:25,25144.75,0.11203,0.11192,0.1129,0.11453,0.11751,0.12133,0.12644,0.13201,0.13842,0.14552,0.15314,0.16094,0.16956,0.17847205117909792,0.23058673141923886,0.22143155771886092,0.21204,0.20324,0.19409,0.18498,0.17631,0.16855,0.1613796909621835,0.154,0.1487593232283858,0.14333038080658217,0.13846,0.13445252757801313
21-01-2026 14:30,25130.1,0.1358798103572515,0.13217045623855492,0.13004,0.12881,0.12961,0.13109,0.13536676037286233,0.13863,0.14401,0.14972,0.15656,0.16387018160228983,0.17098,0.17869,0.22543,0.21582,0.20649,0.19678992121375016,0.18710001255890696,0.17739,0.16792,0.15923856144348839,0.1506040423124436,0.1418,0.1343765889295559,0.12673,0.11991,0.11289
21-01-2026 14:35,25146.5,0.12903178013140945,0.12594,0.1239,0.12393,0.12532,0.12787,0.13239848095028753,0.13605,0.1419,0.1485705865686222,0.15477,0.16188,0.16945,0.17727,0.22688173786505347,0.21725,0.20771,0.19788,0.18822908114769027,0.17837,0.16959,0.1609,0.1526,0.14558488408978143,0.13840114535640477,0.13126,0.12538,0.11982807770201796
21-01-2026 14:40,25152.35,0.12029444726432376,0.11893,0.11946193862476939,0.1203126110361719,0.12084,0.12401,0.12879632983127548,0.13315,0.13905,0.14561,0.15327320381510104,0.1608137729903823,0.16837,0.17615,0.22728,0.21766,0.20849977625623123,0.1993,0.19010482425425607,0.18086,0.17211,0.16483510489794162,0.15743645361028075,0.15026934528435476,0.14301,0.13732,0.13209,0.12729923530268802
21-01-2026 14:45,25149.7,0.12554,0.12304,0.1228743712568243,0.12183,0.1233,0.126,0.12989,0.13588669294800362,0.14169128172181722,0.14773751092497373,0.15357,0.16122,0.16874,0.17748,0.22466,0.21461,0.20589,0.19637,0.187,0.17806,0.16955,0.16207129961821892,0.15405,0.14763199699738588,0.14065,0.1347,0.12959,0.12474
21-01-2026 14:50,25153.5,0.1175744466599552,0.11747935716894468,0.1182,0.12010463940282659,0.1227028999380132,0.1257397164012332,0.12877271241479488,0.13215,0.13819,0.14432,0.15163,0.15945704702843594,0.16705,0.17562,0.22362,0.2142252387171094,0.20483,0.19536,0.18592,0.17752930713650633,0.16877,0.16103,0.15363,0.14705071534776765,0.1403,0.13523406714642305,0.13002136751137727,0.12525
21-01-2026 14:55,25147.1,0.12119,0.12006373231786394,0.1192,0.1205118154327958,0.12095,0.12450533637080634,0.12738,0.13253,0.13854,0.1457570218840818,0.1525,0.16021,0.16788,0.17644,0.226,0.21577,0.20664,0.19663,0.1874142759375067,0.17788,0.16911,0.16108,0.1528,0.146,0.13932,0.1337,0.12836,0.12385
21-01-2026 15:00,25160.2,0.1331563494385846,0.12870256125111063,0.12599,0.12423,0.12565073828910478,0.12612,0.1293,0.13273,0.13886,0.14424,0.15146,0.15934,0.16712415170053496,0.17493,0.22462,0.21473903020467192,0.20482,0.1946683799663328,0.18445,0.17483,0.16566,0.15702504763898661,0.1482,0.1406,0.13398327905559648,0.1273682184678599,0.12091454234992013,0.11472
21-01-2026 15:05,25171.7,0.11706,0.11573552972005705,0.1148,0.11552,0.11721,0.12104614612680223,0.1241,0.12894,0.13536,0.14306530205053802,0.15054120573021973,0.15794,0.16584,0.17458,0.22647,0.21712,0.2074546916069298,0.19776,0.18797,0.17931137632424365,0.17025,0.16227,0.15494,0.14792,0.14238644444740323,0.13652,0.13194,0.1278651352882123
21-01-2026 15:10,25159.7,0.11404,0.11283,0.11313,0.11384,0.11758338434582732,0.1220510620296226,0.12676309494605553,0.13147891894325836,0.1363,0.14291,0.15131,0.1595,0.16735,0.1755311217609989,0.2286075622300389,0.21813,0.2081542343862113,0.19826,0.18875,0.18053795844131182,0.17240384204784814,0.1643540439193815,0.15629212624888575,0.14858,0.14238,0.13678,0.1328,0.12917
21-01-2026 15:15,25148.5,0.11773082128027818,0.11685767376369287,0.11692,0.11849927937588138,0.12078884244556623,0.12351166793853269,0.12587,0.13134591728041717,0.13709,0.14341,0.15225825352604336,0.16095,0.16924403403272986,0.17746,0.22618,0.21597,0.20606,0.19582,0.1868517763922034,0.17776559785379475,0.16852,0.16038,0.1526,0.14546,0.1401153055071316,0.13451770580324857,0.12898,0.12484
21-01-2026 15:20,25154.25,0.11111,0.11204542943613584,0.11334899360342228,0.11492539028029006,0.11649514414610057,0.1183,0.1227413967589869,0.12762,0.13501564612282219,0.14189,0.15084830113331482,0.15955,0.16812,0.17634,0.22383716831303074,0.21398,0.20528,0.19525,0.18665,0.17818421335724655,0.16939,0.16151,0.15378,0.14632,0.14050134104412781,0.13498,0.12961674172398352,0.1250530439722291
21-01-2026 15:25,25150.7,0.12111,0.11857,0.11712,0.11677,0.1183,0.12103,0.12473,0.12919,0.13625,0.14187,0.1505848611816206,0.15893,0.16642,0.17481,0.2211191971885125,0.21134,0.20163,0.19141,0.18132708918451323,0.17105,0.16232,0.1537468610501125,0.14483,0.13698,0.13060998663247603,0.12394,0.11898,0.11464387917204043
22-01-2026 09:15,25332.45,0.10473,0.1046231439660044,0.10454,0.10521,0.10684,0.10947,0.11372,0.11836,0.12544,0.13242,0.14014,0.14997,0.15905,0.16873,0.24670195624297125,0.23565,0.22513,0.21365,0.20268,0.19258,0.1816,0.17114,0.1620094371736383,0.15211,0.14424,0.13698,0.13113,0.12582002172506562
22-01-2026 09:20,25329.3,0.11532439498976581,0.11259,0.11074,0.11099705671345675,0.11021,0.11218,0.11591,0.12018,0.1274118656452668,0.13378,0.14197,0.15085350411945225,0.15953,0.16876,0.24508,0.2336811959755326,0.22225703348764547,0.21083,0.19932,0.18864284363861336,0.17792550420827982,0.16739204248920644,0.15679,0.14767,0.1396028212409305,0.13125,0.1246,0.11798
22-01-2026 09:25,25334.05,0.1462376787013526,0.13823,0.13143,0.12867614737858624,0.12575605024859035,0.12234,0.12374,0.12643,0.13155,0.13711,0.14490534344739103,0.15203,0.1597,0.16864,0.24449,0.23292,0.22276,0.21093,0.19921,0.18794,0.17635,0.16546,0.15452,0.14484335136592752,0.13472,0.12604,0.11779591491230992,0.10968
22-01-2026 09:30,25400.35,0.1313,0.12552,0.11846,0.1177551867238436,0.11534,0.11588,0.12014765526962681,0.12335,0.1300589011133695,0.13597,0.14327,0.15127788325455419,0.1591,0.1679,0.29877,0.28957,0.27803,0.26802,0.25667,0.24469,0.23145,0.21741,0.20234335310551596,0.18732,0.17341298368512373,0.159462266068985,0.14582,0.13190305109413442
22-01-2026 09:35,25415.7,0.12572,0.1196,0.11492,0.11249,0.11221,0.11694832238878058,0.12023,0.12671,0.1342312530319521,0.14122,0.14855,0.15675,0.16402,0.17148,0.30317,0.29661,0.28651,0.27777554057253223,0.26983,0.2580839447924534,0.24745,0.23456,0.22072,0.20666,0.19281,0.17783,0.16503,0.1509
22-01-2026 09:40,25405.7,0.12722,0.12223,0.11794,0.11543,0.11462,0.1168,0.12063,0.12524,0.1322590516830292,0.13851,0.14620210839037567,0.15358,0.16068,0.16828,0.29928,0.2891,0.27712,0.2664945061534023,0.25601,0.24365,0.23056359696053733,0.21766675142277442,0.20472,0.19126,0.17853,0.16576,0.15406,0.14212
22-01-2026 09:45,25400.1,0.15452619242531918,0.14307,0.13348,0.12944698569729612,0.12418,0.12365,0.12604,0.12986,0.13537,0.14087,0.14796,0.15554,0.16312,0.1704,0.29,0.2786190260428937,0.26748,0.25775,0.24582474479979882,0.2343,0.22245,0.20936,0.19684057009440004,0.1844087717255754,0.17194,0.15918,0.14702,0.13419
22-01-2026 09:50,25430.85,0.10962,0.10808,0.10618,0.10596,0.10840752227335222,0.10993,0.11559677129555399,0.1208191033516286,0.12606,0.13221,0.13989,0.14793065819401433,0.15666448377921466,0.16616119352508352,0.2845,0.27357397946631956,0.26278,0.2528656875352654,0.24304,0.23201,0.22049,0.20827,0.19722,0.1857,0.17472,0.16433976433007136,0.15391881886170475,0.14369
22-01-2026 09:55,25385.65,0.13724125581533186,0.12983,0.12362,0.12265569676258567,0.1212635540858758,0.11909,0.12178,0.12571,0.13159422666356096,0.13658,0.14401,0.15158,0.15875,0.16661,0.2655,0.25452,0.24299,0.23352,0.22257,0.21122,0.19957,0.18796,0.17596,0.16567911494400567,0.15529146441072617,0.14506512445810774,0.1348,0.12521
22-01-2026 10:00,25404.05,0.10776,0.10582,0.10515886403421527,0.10378,0.10581031980596747,0.10659,0.11024,0.11494,0.12111,0.1283947086168007,0.13519,0.14291,0.15032,0.15808888874880006,0.26132,0.24963,0.23888,0.22953,0.2188961368212986,0.20862,0.19673,0.18526,0.17367,0.16422587660764504,0.15416,0.14472,0.13716,0.12990236129128918
22-01-2026 10:05,25387.2,0.11719,0.11299,0.11065389304504719,0.10822,0.10842,0.11164771202399489,0.11531344827326995,0.11956036601502715,0.12315,0.13024578395134806,0.13748,0.14503,0.15270494686677605,0.16041,0.26225,0.25061,0.23979,0.22998,0.21877,0.20853,0.19724,0.18542291474103478,0.17356,0.16269,0.15327275879282645,0.14351,0.13503728584324576,0.12669
22-01-2026 10:10,25366.75,0.13658,0.12815821847280273,0.12072,0.11907661357974261,0.11568,0.11694,0.11915,0.12345,0.12918,0.13488,0.14231958155124505,0.14959095973119563,0.15688,0.16445,0.2588338923729981,0.24688,0.23518,0.2245177802372339,0.21389179096564642,0.20327523753055812,0.19267,0.18118758125008835,0.16968,0.15848,0.14860621159788923,0.13837,0.12908,0.12057
22-01-2026 10:15,25384.2,0.09766,0.09808734907176615,0.09877535525600153,0.09906,0.10208,0.10502,0.10997,0.11552,0.12304,0.12969,0.13847,0.14584,0.1535,0.16136,0.25894,0.2479541159714514,0.23735,0.22862,0.21919,0.20843331019591996,0.19782819808257412,0.18719,0.17595,0.16545,0.15665,0.14742,0.13981837911504363,0.13255
22-01-2026 10:20,25330.55,0.13460272999165823,0.12744,0.1235868096420388,0.1211038525108626,0.11941600858439526,0.11744,0.12075,0.1262433143494261,0.13132,0.13681,0.14468,0.15186,0.15964,0.16747,0.24705,0.23563,0.22551491274017516,0.21539042514489237,0.20534,0.19454514574531684,0.18383,0.17305,0.16197,0.15146,0.14198,0.13311,0.12481566843024805,0.11717844909749288
22-01-2026 10:25,25335.0,0.09628,0.09735,0.09889,0.10032,0.10334,0.10665,0.11183,0.11916379218610756,0.12565,0.1329,0.14153,0.1493401354425853,0.15712,0.16553,0.24,0.22974054162448337,0.21953263634099657,0.20935702535603995,0.19914927279201697,0.18905,0.17911,0.16988,0.16102427723931192,0.15157,0.1443,0.13825,0.13302,0.12689604702152443
22-01-2026 10:30,25273.25,0.13945,0.13223621035157113,0.12574,0.12204,0.12132,0.12241,0.12689129847836575,0.12998,0.137,0.1446500597193467,0.15175,0.15956,0.16779,0.17688,0.23624,0.22619,0.21609,0.20399,0.19332,0.1831933180017884,0.17284,0.16271,0.1521,0.14205,0.13349,0.12467,0.1169,0.10937
22-01-2026 10:35,25312.45,0.1015461601122363,0.10151454020449385,0.10244769598643451,0.10439,0.10721,0.11117,0.11731319701943832,0.12258,0.13031,0.13765,0.14618,0.15453,0.16222,0.17005101986321258,0.23916,0.22825,0.21796,0.20729,0.1962,0.18687,0.17646,0.16749,0.15874885414738643,0.14937,0.14221,0.13534,0.12967,0.12449479302757266
22-01-2026 10:40,25290.35,0.12122,0.11683,0.11428,0.11369,0.11429,0.117,0.1230408424063501,0.12881428122425828,0.13497191231279915,0.1408,0.14941,0.15731,0.16522,0.17431,0.23637,0.22582,0.21577,0.20398,0.19285,0.18290805320783884,0.17255,0.16337,0.15416728130189988,0.1446,0.13703,0.1298,0.1233248994514016,0.1173198978085856
22-01-2026 10:45,25288.95,0.1135,0.11316325557569488,0.11297242582580777,0.11294876640603002,0.11267,0.11675702131128951,0.12209629158270488,0.12828774589930753,0.13415,0.14106,0.14966,0.15788,0.1675175960038284,0.17748658464557754,0.23673,0.22685379991493643,0.21672,0.20513,0.1944,0.18474,0.17462,0.16521,0.1562636997094098,0.14677,0.1396,0.13244,0.12642307002380823,0.12065
22-01-2026 10:50,25270.45,0.11905994255482326,0.11592979173150941,0.11448,0.11425,0.11599,0.12039315508591376,0.12413,0.13100094883410515,0.13749820304637705,0.1441,0.15263,0.16108127297784747,0.16952066825064155,0.17794,0.23618,0.22577729313430656,0.21531,0.20447,0.1937,0.18389,0.17440597049927814,0.1647909327651227,0.15533096203757507,0.14588,0.13804,0.13140805456673338,0.12479887967066361,0.11856
22-01-2026 10:55,25267.3,0.0946,0.09808,0.10061,0.10451,0.10876,0.11403,0.12045,0.128441320949377,0.136257196997018,0.14420162337544473,0.15206,0.16066,0.16887,0.17887,0.23925,0.22912,0.2192414870350689,0.20926,0.19983523146753365,0.19022,0.18099,0.17219,0.16435901187397547,0.15599,0.14955,0.1433,0.13985960645072798,0.13687
22-01-2026 11:00,25234.85,0.1185,0.11694,0.11547,0.11648,0.11914,0.12277,0.12787,0.1349818180028668,0.14143,0.14793,0.15618,0.16461862159934917,0.17354715220746378,0.18309491764781285,0.23389252470837973,0.22333,0.21319,0.20304,0.19266,0.18352,0.17440401077088893,0.16501,0.15678284503978998,0.148,0.14108450966219785,0.13366,0.12873,0.12323
22-01-2026 11:05,25223.35,0.12387,0.12094,0.11987,0.1221099508664657,0.12412771580536736,0.12569,0.13042,0.13705867940496597,0.14347,0.1511657567674093,0.1586750039577421,0.16614,0.17361,0.18285,0.23148,0.22185,0.21166,0.20118,0.19055,0.18156382555277872,0.1724882366189621,0.16354607510931257,0.15447,0.14595,0.13919577105608716,0.1321,0.12579,0.12123
22-01-2026 11:10,25234.6,0.11783,0.11612,0.11695942901467352,0.11679,0.11961,0.12341,0.1295141505554044,0.13570357902268054,0.14175,0.1493083348680584,0.15675854561215344,0.16431,0.17175,0.17917436261668887,0.2342807326674706,0.22345,0.21361,0.20313,0.1938237443314329,0.18448506365060757,0.1751,0.16645,0.15888715753405186,0.1512801586717912,0.14371,0.13697,0.13050007522193874,0.12443167155724674
22-01-2026 11:15,25230.3,0.11734,0.11619,0.11596,0.11891819813692298,0.12246024358447605,0.1264504125259734,0.13072817447083576,0.13488,0.14284,0.15048223646078207,0.15811514411650626,0.16565,0.17328451113340748,0.18090998929949076,0.23256,0.22269314282178146,0.21276,0.2023948302952538,0.19194,0.1827721768780022,0.1733,0.16481140998979305,0.15615,0.14857,0.14045133014702768,0.13284012926230254,0.12544418401491172,0.1181838128377235
22-01-2026 11:20,25224.65,0.137,0.13082,0.12749,0.12654,0.12887152550445502,0.12968,0.13375,0.13986474392055345,0.1452,0.15148,0.1587,0.16648,0.17362,0.18112532360371983,0.22973,0.2192685921341188,0.20875,0.19782,0.18693,0.17738,0.16773,0.15831,0.14919,0.14154446771772355,0.13423504537815856,0.1269344900443094,0.11990034474298863,0.11326
22-01-2026 11:25,25274.25,0.11029,0.1095,0.11047,0.1123,0.11503,0.11882,0.12525586977310482,0.1313453970669289,0.1372,0.14366,0.15165,0.1597,0.16749,0.17552974320475948,0.24200761651697406,0.2291534424867498,0.21717243257188562,0.20607,0.19547,0.18598,0.17682,0.16874670136945202,0.16048854646963376,0.1524479712609416,0.1442,0.13826,0.13343,0.13062
22-01-2026 11:30,25237.65,0.12653878367549828,0.12374,0.12266833847177275,0.12194,0.12356,0.12649,0.13183842087897601,0.13617,0.14342389014693568,0.14986,0.15778,0.16548,0.17365,0.18226,0.2316,0.22112,0.21067,0.20008,0.18997,0.18011110301236727,0.16987,0.16085,0.15191,0.1438,0.13708,0.13062,0.1252,0.12044
22-01-2026 11:35,25252.75,0.11588,0.11479,0.11479,0.1169067176412438,0.11857,0.12203,0.1283091178838403,0.13435305757236732,0.1402,0.14765,0.15566,0.16411,0.17208,0.18127,0.23498,0.22361,0.2135,0.20258,0.1927763744726893,0.18266,0.17321,0.16413,0.15630316230259236,0.14776,0.14132,0.13517,0.13073,0.12644
22-01-2026 11:40,25230.6,0.10988094711773864,0.11095,0.1127,0.11542,0.11893,0.12346,0.12878,0.13507,0.14286,0.15035,0.1589,0.16725614491926838,0.17552,0.18424,0.23382,0.22297,0.21283,0.20268,0.1928766136203009,0.18294,0.1738,0.16646891150238627,0.1589352165872154,0.151702057845586,0.14431,0.13938,0.1355,0.13284
22-01-2026 11:45,25200.8,0.13034,0.12707,0.12579,0.12618,0.12794,0.13225791863233385,0.13519,0.14066,0.14796,0.15439,0.16295,0.17075,0.17877,0.18693628719914301,0.22867,0.21823302743589368,0.20777,0.19708,0.18627,0.17701,0.167989963162956,0.1585,0.14969,0.14189,0.13525,0.12864,0.12366079336974481,0.119
22-01-2026 11:50,25218.4,0.118465708338221,0.11799,0.11825,0.12004,0.12293,0.128168832338307,0.1331090303896017,0.13778,0.14525,0.15228,0.16023575760027525,0.16820825938377132,0.17647,0.18517209025518433,0.23193,0.22182,0.21127,0.20134,0.1911,0.18159,0.17246,0.16412824487179237,0.15526,0.14788,0.14216935787393442,0.1358,0.13142,0.12799
22-01-2026 11:55,25201.6,0.12001,0.11932,0.11974,0.12163,0.12481,0.12881,0.13424,0.14034,0.1483,0.15507,0.16351,0.17177,0.1796,0.1876694857433764,0.23002402836823244,0.2196,0.20957609799812313,0.19954,0.18937,0.18024,0.17079,0.16267,0.15446,0.14755,0.14166,0.1361,0.13224771993990386,0.12873
22-01-2026 12:00,25184.35,0.13758,0.13244,0.12988,0.13253551241266315,0.13458734944585482,0.1370399456138892,0.13886,0.14457,0.15216,0.15990003376667225,0.16743,0.17523,0.1837364309682743,0.19241,0.22837987653046524,0.21731,0.20632,0.19602,0.18569,0.1760809879030943,0.16609,0.1571,0.14822,0.14008,0.13273,0.12559,0.12063,0.11536
22-01-2026 12:05,25218.75,0.13087,0.12668,0.12499,0.12739700886775512,0.12945023365331387,0.13194762393382106,0.1341,0.13956,0.1470860731284499,0.154713132926872,0.16225,0.17009230914925177,0.17781,0.18703,0.2305,0.21984,0.20922,0.19904,0.18865,0.17922623153046896,0.16943,0.16058,0.15135,0.14328,0.13606,0.12929,0.12342,0.11846
22-01-2026 12:10,25226.35,0.12491640752775957,0.1233873466651624,0.12308,0.12416092674385446,0.1255,0.12883,0.13452074517662252,0.14024614172539915,0.14562,0.1534266398619026,0.16094,0.16851,0.17645,0.18564,0.23027,0.21899,0.20860722076721583,0.1981,0.18752,0.17778,0.16817,0.15947752896629241,0.15021,0.14225,0.13511,0.12849,0.12273,0.11839
22-01-2026 12:15,25221.55,0.13087,0.12662,0.12485,0.12467,0.12612,0.12894,0.13336,0.13905,0.14608,0.15388380567726215,0.16142,0.16924,0.1773468191500559,0.185427780281899,0.228890788269206,0.21801,0.20743827523212957,0.19688,0.18636,0.17645,0.16673,0.15792065477290929,0.14855,0.1402,0.13314,0.12629,0.12024,0.11566
22-01-2026 12:20,25272.95,0.10777,0.10918,0.11013,0.11252,0.11640755135886138,0.11971,0.12478,0.13201569646158356,0.1390101075928066,0.14593,0.15429,0.16213,0.17068,0.17934309124319958,0.23702,0.22579,0.21552,0.20511,0.19528861759883764,0.18511,0.17556,0.16716,0.15828,0.15104,0.1455085874998689,0.13981893921791375,0.13467,0.13082175500684468
22-01-2026 12:25,25240.05,0.13081,0.1263124293042111,0.12305,0.12343,0.12401,0.12723,0.13101,0.13657,0.14324,0.15053,0.15886,0.16678,0.17518,0.18403,0.2314,0.2207284571084716,0.21001,0.19899,0.18893345887651514,0.17866,0.16859,0.15934,0.15022,0.14314913492978593,0.1358160758557049,0.12828,0.12165,0.11719
22-01-2026 12:30,25251.1,0.13184,0.12588,0.12274,0.12196,0.12266,0.12717035012134092,0.13161927970954782,0.1365703429035585,0.14101,0.14825,0.1565,0.16431,0.17272008533906663,0.18126,0.23153,0.22096,0.20977,0.19965,0.1895161584523607,0.1792,0.1698556581828252,0.16034805634161348,0.15072,0.14231,0.1349,0.12783,0.12144,0.1155093988419492
22-01-2026 12:35,25259.05,0.11375,0.11285,0.11427181090077684,0.11574600620839263,0.11663,0.12023,0.12509,0.1311,0.13856,0.1469700987006708,0.15523266367303015,0.16360164781446293,0.17196,0.1812,0.23384319821484978,0.22293,0.21239,0.20186831450425036,0.19122,0.18161,0.17244702670928275,0.16285,0.15423,0.14655,0.14013,0.13408,0.12891,0.12525
22-01-2026 12:40,25236.55,0.12143,0.11888,0.11935338565058556,0.11858,0.12061,0.12433,0.1288,0.13568430066454007,0.14199,0.14964,0.15804687612457363,0.16632992954000103,0.17465,0.18377,0.23071,0.21957,0.20887193635217788,0.1982294613853134,0.18749,0.17787148006116338,0.16802,0.1592374577392759,0.15014,0.14232,0.13603875064264734,0.12925,0.12412,0.11937
22-01-2026 12:45,25253.05,0.11531138409589015,0.1137,0.11324,0.11404,0.11663,0.12140808078672238,0.12614921429316323,0.13136,0.1379996284528437,0.14640562571384108,0.1546055932631115,0.163076939926953,0.17194209734986282,0.18119,0.23296,0.22186,0.21098,0.1998,0.18881,0.17943,0.16946,0.16021,0.15147,0.14416065391677457,0.1361,0.13066396819161258,0.12471,0.12011
22-01-2026 12:50,25254.0,0.10616,0.10634,0.10745,0.11055,0.11455977695517092,0.11806,0.12397,0.13081943068076315,0.13939077829859509,0.14750262961403957,0.1556659701994522,0.1638818748274536,0.17242,0.18251,0.23222,0.22122,0.21044,0.19967,0.1896903585968978,0.17965571552448958,0.16946,0.16058,0.1528983920418368,0.14482,0.13801,0.13309165202579623,0.1278,0.12496
22-01-2026 12:55,25215.15,0.11693,0.11559,0.11562,0.11762,0.12057,0.12475,0.13009,0.13645,0.1448769241803674,0.15302421406038202,0.16112,0.16993,0.1790086122894547,0.18816,0.22672,0.21609,0.20483,0.1943,0.1832,0.17413,0.1651096579489828,0.15541,0.14757,0.14025,0.13412,0.12866,0.12398,0.11993785779476826
22-01-2026 13:00,25215.7,0.12028,0.11817,0.11746,0.11863,0.12125,0.1264291664803428,0.13016,0.13671,0.14473,0.15251,0.16138,0.17026,0.17891,0.18906,0.22846325848097918,0.2162989527141778,0.2046454703510679,0.19346,0.1825,0.17286,0.16387893066463577,0.154772206021237,0.14544,0.1378,0.13144,0.12600776260627639,0.1203,0.11621
22-01-2026 13:05,25210.35,0.11631,0.11657496805865575,0.11704560315893352,0.11698,0.12032,0.1255882799132808,0.13022,0.13689,0.14524,0.1538843810953393,0.16221,0.17072,0.1797,0.19028,0.22845190891376996,0.2162772741059949,0.20467,0.19349420898891767,0.18263,0.17306,0.16369745793198,0.15394,0.1462,0.13844,0.13305433831711724,0.12712,0.12329646826544241,0.11964
22-01-2026 13:10,25206.6,0.11138,0.11187745718891698,0.11223,0.1154233640483982,0.11804,0.12279,0.12887,0.13615,0.144802675812282,0.15277,0.16252,0.17164,0.18067,0.18973351861368817,0.22767,0.21687065548099993,0.20602,0.19486,0.18453661134836533,0.17393,0.16423,0.15604773595034604,0.14719,0.13983,0.13354,0.12783,0.12334,0.12059
22-01-2026 13:15,25186.75,0.1279807866297034,0.12416,0.12157,0.12197,0.1252385501170551,0.12712,0.13228,0.13881,0.14705,0.15477,0.16365,0.17236,0.18179,0.19077,0.22374,0.21292914174278,0.20222149948345414,0.19149,0.1811635631179283,0.17076,0.16041,0.15123,0.14335138933504776,0.1352603726404774,0.12696,0.1203,0.11439,0.10863
22-01-2026 13:20,25195.0,0.11950973274436874,0.11774,0.117,0.11922472321661642,0.12077,0.12443,0.13025,0.13702,0.14521,0.1540806194498365,0.16253,0.17128,0.18032,0.19023,0.22537,0.2145987380750043,0.20384,0.19303,0.18168,0.17161,0.16195,0.1531,0.14570687185310582,0.13820767141924725,0.13042,0.12497553953534553,0.11923,0.11484
22-01-2026 13:25,25194.95,0.11545,0.11404,0.11425,0.11633,0.12064777531321766,0.12361,0.13075059728396385,0.13692,0.14568,0.15468152137654018,0.16349,0.17259809902418974,0.18163,0.19123,0.22589,0.21543,0.20490230931478248,0.19431,0.18359,0.17389,0.16421,0.15583,0.14765,0.14,0.1328626257845614,0.12614268970825174,0.11986960633369662,0.11407786889041614
22-01-2026 13:30,25171.75,0.1432,0.13646249313108963,0.1311,0.1312817718973623,0.13031,0.13474897815992357,0.1393708818477827,0.1447760949420508,0.14993,0.15715,0.16596,0.17461,0.184,0.19342,0.22690805484194426,0.21422506823066276,0.20198079905355434,0.19019190871935787,0.17887451653366143,0.16798,0.15783,0.14782,0.13891743271472498,0.12957,0.1217,0.11384,0.10646,0.0996324701130767
22-01-2026 13:35,25225.85,0.10471,0.10604983946163465,0.10754,0.11108532262801524,0.11402,0.11985484102040256,0.12522,0.13245,0.14124906377385837,0.14991738704884675,0.15859,0.1672,0.1762554297913762,0.18541,0.2264899060557456,0.21623170233317202,0.20571,0.19599,0.18523,0.17619,0.16731681150737374,0.15805,0.15131913506008215,0.14417621861706284,0.137,0.13167,0.12773,0.12438176667674605
22-01-2026 13:40,25195.9,0.12374,0.12174448025278387,0.12088829553856209,0.11976,0.12309098041056918,0.12711988112872147,0.13153,0.13896873693796272,0.1467798649414702,0.15507138605110876,0.16323,0.17183768590314574,0.18046,0.1899,0.22344,0.21331,0.20240715689055314,0.19152,0.18164858449798277,0.17166856020869395,0.16180239589006618,0.15191,0.14299,0.13503,0.12823,0.12192677906596094,0.11572,0.11036259114915972
22-01-2026 13:45,25188.3,0.1291519961948192,0.12541,0.12318,0.12313,0.12513,0.1302848964641761,0.13514204525215412,0.13966,0.14793,0.15610401676478863,0.16408,0.1726841293745804,0.18112,0.19097,0.22201171736975503,0.21100265742769278,0.19995,0.18986,0.17852,0.16927,0.15963979279347787,0.14961,0.14032,0.13213,0.12488,0.11745,0.11126,0.10524
22-01-2026 13:50,25206.65,0.1301392176912763,0.12637,0.12402,0.12326,0.12433,0.12728,0.13213,0.13825,0.14571,0.15345,0.1624,0.17085129498647594,0.17913,0.18909,0.22545165717038734,0.21404,0.20291,0.19184,0.18065,0.17112,0.16077,0.1507,0.14105,0.13153,0.1243938995789686,0.11657,0.10964,0.10354
22-01-2026 13:55,25236.1,0.11656,0.11359,0.11497197616193322,0.11596508882894127,0.11625,0.12045,0.12573,0.1335249667863388,0.1412855707534194,0.14887,0.15789119202511948,0.16671,0.17638763318595668,0.18618,0.22795,0.21717,0.20582,0.19499,0.18373,0.17406,0.16392,0.15463329223393357,0.1453982002358467,0.13574,0.1290670648827678,0.12181,0.11645,0.11189
22-01-2026 14:00,25232.35,0.11278,0.11145318309513558,0.11044,0.11340210502997446,0.11631773781267996,0.11889,0.12442,0.13177,0.14082,0.14974028801635286,0.1585061109837739,0.16729,0.1762,0.18514583604629448,0.22928991636428853,0.21648161120557066,0.20418,0.19241,0.18109,0.17119758563230947,0.16079,0.15092,0.1423,0.13419,0.12787,0.12171,0.11701513437315168,0.11263
22-01-2026 14:05,25228.35,0.10767581378665153,0.10708,0.10712,0.10975,0.11323,0.11804,0.12407,0.13184,0.1409,0.14891,0.15834117076299664,0.16756,0.1774191735360581,0.18734,0.2256745455741685,0.21401,0.20273163877381045,0.19156,0.1812700466282125,0.17090732122022237,0.16046,0.15106,0.14225,0.13464,0.12825,0.12236,0.1183,0.1145
22-01-2026 14:10,25212.7,0.10325,0.10382,0.10594,0.10885,0.11289,0.11798,0.12494,0.13405848473420776,0.14238,0.15053,0.16028,0.16979,0.17899,0.18902,0.22308,0.21258665371443686,0.20205,0.19124,0.18164802063800517,0.17176,0.16258851049203682,0.15288,0.14506,0.13776,0.13253,0.12725,0.12369,0.12061681546473033
22-01-2026 14:15,25178.75,0.12182,0.1185,0.11731,0.11826,0.12078,0.12452,0.13073,0.13801,0.14683,0.15506,0.16487,0.17383,0.18321,0.19260918602035793,0.2217543071847668,0.20979,0.19827,0.1869,0.17605,0.16626,0.15609,0.1473666486062925,0.13862563424416113,0.12978,0.12359240287621132,0.11768,0.11279465428921681,0.108824641357534
22-01-2026 14:20,25194.65,0.116600093126342,0.11485,0.11517835204041965,0.11535,0.11816,0.1245574966480825,0.13132663861180027,0.13864777869564815,0.14569,0.15450607438619668,0.16347337697172773,0.17242,0.18114,0.19248,0.2224853253167541,0.210449511856545,0.1985553085944896,0.1869448504324398,0.17536,0.16566,0.15568334927674726,0.14546,0.13666,0.12849,0.12242,0.11660311265687996,0.11085,0.10634344685394387
22-01-2026 14:25,25206.4,0.13345,0.12568,0.12355330160066293,0.11997,0.12155,0.12397,0.12961,0.13628,0.14473,0.15238,0.16165,0.17013,0.17877,0.18743558407306835,0.22143,0.21092,0.19894,0.18769,0.17638803701092595,0.16506475391689263,0.15369,0.14311,0.13429909861045494,0.12551956493261135,0.11657,0.1095651839524136,0.10235,0.09526
22-01-2026 14:30,25236.6,0.14036202843804044,0.13211,0.12578,0.1224,0.12486066562344804,0.12670281864056587,0.12701,0.13411198886444942,0.14065,0.1477,0.15648,0.16456,0.1726,0.18066440837511236,0.22540737535439834,0.21403,0.20264,0.19115,0.1791,0.16861560478707033,0.15779,0.14751884622599534,0.1368,0.12692,0.11873,0.11061,0.1026,0.09509
22-01-2026 14:35,25267.55,0.13245,0.12446,0.11907,0.11908471655468461,0.11656,0.11849,0.12255,0.12866,0.13621,0.14339,0.15211,0.15998,0.16808,0.17725,0.22783,0.21768,0.20597220840133665,0.19426,0.18242,0.17251,0.16181094584459424,0.15087,0.14147217915108068,0.13163,0.12376059465743598,0.11555,0.10850088290689093,0.10158
22-01-2026 14:40,25289.0,0.12071771378959367,0.11554,0.11256396196773413,0.11038,0.11062,0.11348,0.11844,0.12605620425298888,0.13286,0.1408145062320005,0.14849,0.1556,0.16394,0.17198612499113353,0.23214641577745554,0.21954,0.20935,0.19642,0.18545,0.17533,0.1644,0.15399,0.14452,0.13534,0.12744,0.12046,0.11392,0.10707
22-01-2026 14:45,25289.65,0.1265,0.11898,0.11442,0.11143,0.11179,0.11412,0.11793,0.12328,0.1315,0.1395163602361603,0.14722266007610146,0.15481,0.16299,0.17293,0.22661,0.2165,0.20501013409130797,0.19358,0.18106,0.17133,0.15961,0.15001188338853183,0.13972,0.13057,0.12292,0.11586,0.10908,0.10263
22-01-2026 14:50,25294.65,0.11257,0.10885,0.10955783188583464,0.10985437525550346,0.11026993195339482,0.10929,0.11441238034876383,0.12007,0.12843,0.13603,0.144838366639948,0.15341,0.16192,0.17181,0.22732,0.21666,0.20698,0.19387,0.1822,0.17141,0.16144226814932972,0.15126644325305166,0.14075,0.13205,0.12467,0.11794,0.11225,0.1065
22-01-2026 14:55,25290.85,0.12505,0.1183,0.11366,0.11078,0.11049,0.11193,0.11479,0.12027,0.12826,0.13638424604166716,0.144,0.15238,0.16102,0.16990606034487524,0.22431,0.21334,0.20302,0.19065,0.17886,0.1683951868612596,0.15749,0.1469,0.13820244005731025,0.12883,0.12193,0.1152,0.10913495186234226,0.10323
22-01-2026 15:00,25269.5,0.11006,0.10676,0.10595810727055827,0.10401,0.1071045889112589,0.10865,0.11289,0.11928,0.12814,0.13594,0.14531,0.15404,0.16285995217564686,0.17172,0.22366,0.2131582998189489,0.20234,0.18974,0.1781,0.16767728110427535,0.15686,0.1480006394147303,0.1388304274104667,0.12967,0.12325,0.11774295360161094,0.11208,0.10714
22-01-2026 15:05,25256.3,0.13972,0.13125614298003105,0.12451105126917128,0.11811,0.11814439042670896,0.11644,0.11855,0.12337,0.13109,0.13759,0.1457989622820991,0.1536,0.16076,0.17157,0.22269,0.21193,0.20212,0.18893,0.17636,0.16553,0.15355,0.14238,0.13331,0.12411,0.11703616168091988,0.1094,0.10242,0.09535
22-01-2026 15:10,25297.3,0.12411,0.11729,0.11308257674432791,0.10823,0.1096983008563035,0.10824,0.11119,0.11643,0.12445,0.13246180875127928,0.140193480690587,0.14775,0.15498,0.16581,0.22752750321350845,0.21557,0.20383329656218546,0.19217,0.181088849421497,0.1699,0.15856,0.14748,0.13834,0.12938,0.12225,0.11514,0.10910485998297278,0.10355764040154439
22-01-2026 15:15,25297.45,0.13466,0.12452,0.1182417752658506,0.11152,0.11181209294093057,0.10975,0.1145380334585759,0.11929426858871045,0.12425,0.13058,0.1391021015905301,0.14762268044639268,0.15617,0.16649,0.2254584255930944,0.21324,0.20198,0.18929,0.1780344997757948,0.16679608132208384,0.1554,0.14371,0.134234571459368,0.12415,0.11671,0.10891,0.10236,0.09474
22-01-2026 15:20,25308.25,0.1364638168557451,0.12651,0.11843,0.11297,0.11042,0.10944,0.11139,0.11523,0.12314685260575954,0.13061347897327158,0.13797,0.1464,0.1556821703100396,0.16518,0.22618,0.21531,0.20509,0.19178,0.17973,0.16889,0.1573,0.14589,0.13596,0.12591,0.11812129048522994,0.11022366214684762,0.10303,0.09692297802024633
22-01-2026 15:25,25314.1,0.1266263961626014,0.11924669214609494,0.11396,0.10975,0.10931381780517294,0.10811,0.11297182056224604,0.11771404910884878,0.1233251565468214,0.12859,0.13684,0.14746,0.157008190293155,0.16634,0.2252784525297603,0.21422,0.20312,0.19107,0.17871,0.16731630118654933,0.15573,0.14379,0.13299,0.12436625531103124,0.11524,0.10856,0.10276121773237416,0.09830429189028973
23-01-2026 09:15,25292.15,0.11931,0.11649,0.11509,0.11523818567435351,0.11418,0.11547,0.11955,0.12571,0.13437920449442087,0.14399291476609327,0.15361857771730816,0.1637557865706902,0.17459,0.18826699699804755,0.24477,0.23396,0.22297,0.21066788199849001,0.19842133348133273,0.18608852843775503,0.17365,0.16193,0.15213,0.14322,0.13578,0.13011,0.12536,0.12142
23-01-2026 09:20,25265.75,0.15631,0.14353,0.13315,0.12910726924642402,0.1228,0.12470155489451179,0.12231,0.12772,0.13584,0.14465,0.15486123923538972,0.16482,0.17476746409134164,0.18469,0.24396,0.23248493216379656,0.22085,0.20805211993789247,0.19529742599464583,0.18248,0.17001334143643326,0.15744,0.14538,0.13558232684972038,0.12516,0.11665,0.10902,0.10220487033482516
23-01-2026 09:25,25330.85,0.12813,0.12132,0.11486,0.11163,0.10964,0.10946,0.11183,0.11716,0.12565,0.13601350338650695,0.1460493976532307,0.15603,0.16659594421080687,0.17721,0.2537573866210233,0.24198,0.23026,0.21748,0.2051,0.19247,0.1795,0.16666,0.15364,0.1427,0.13305,0.12516,0.11848,0.11301661887121613
23-01-2026 09:30,25330.3,0.10699796583139044,0.10461,0.10332,0.10229,0.10288,0.10443,0.10828,0.11533,0.12591414481806612,0.13610168264196418,0.14612,0.156722078673091,0.16717,0.17867,0.25374,0.2417183239263953,0.22961825695927218,0.21749,0.2051,0.19356,0.18240201233422834,0.17111097689645122,0.15992285712820106,0.1488571018892787,0.13837,0.13156,0.12593,0.12058
23-01-2026 09:35,25299.45,0.12453,0.11639,0.11166,0.11135423797605323,0.11021184467210608,0.10758,0.11121,0.11806,0.12835,0.13926883270322626,0.14951,0.16119,0.17159,0.18236,0.25024,0.2382647581101613,0.2261485579163669,0.21401,0.20141,0.18963,0.17715301807486933,0.16441,0.15234,0.14161,0.13315,0.12488,0.11838349887780043,0.11226
23-01-2026 09:40,25299.95,0.11211,0.10773,0.10861675429993581,0.10909824584113913,0.10958476439281373,0.10953330771573638,0.10957,0.11735,0.12760619790160904,0.13748,0.14949,0.16018,0.171,0.1817,0.25295,0.24189,0.22915,0.21597,0.20356,0.19183,0.17915,0.16708,0.15541,0.14557,0.13685,0.12948,0.12378,0.11808
23-01-2026 09:45,25269.0,0.13505,0.12568,0.11863,0.1163445699604155,0.11201,0.11176,0.11522,0.12257,0.13271,0.14391445639372086,0.15479542082190445,0.16573,0.17560952461307913,0.18534,0.24748,0.2354401019874106,0.22327,0.21013976396893377,0.19701,0.18469235491625324,0.17224,0.15981,0.14748,0.13673,0.12842744151471477,0.11997722791365972,0.11190212987338141,0.10445
23-01-2026 09:50,25300.7,0.10866468314091236,0.10403945662506364,0.10102,0.09972,0.10033,0.10574645955041685,0.11113655667196118,0.11544,0.12655,0.13711,0.14907,0.15958460426089058,0.16983,0.17979537004110105,0.2500430774379934,0.23831697847104405,0.22641,0.21445,0.2022543067097363,0.19005,0.17782200272617144,0.16533,0.15422,0.14524182115803677,0.13561,0.12812,0.1224428477186782,0.11716
23-01-2026 09:55,25284.3,0.12104197511260073,0.11467,0.10997,0.10683,0.10583,0.10982139888170445,0.11068,0.11894,0.1295,0.14041,0.15111,0.1618572442696783,0.17261688511692835,0.18339,0.24937887142321127,0.23659,0.22362,0.21121,0.1985310360071691,0.18583,0.17265,0.16037,0.14893,0.13825,0.1304580119895894,0.12193,0.11541078968721477,0.10906
23-01-2026 10:00,25294.9,0.11551,0.10871,0.10436,0.10219,0.10211,0.10379,0.1106910750548854,0.11995692869354774,0.12936334853131953,0.13894444770042544,0.14825,0.15911577073763078,0.17017,0.18201,0.24879,0.23819,0.22575,0.21331,0.19948,0.18824,0.17501,0.16269,0.15251521542087765,0.1419413705746967,0.13134,0.12581,0.11644,0.11059
23-01-2026 10:05,25293.15,0.10517,0.10167,0.09968,0.10046534947808763,0.09925,0.10135,0.10671,0.11611,0.12728,0.13881,0.1503758969842423,0.16201,0.17172,0.18302,0.24950413333270063,0.23737747113279722,0.22507,0.21268993604298553,0.20019467880406566,0.18769,0.17481,0.16247,0.15181114704616044,0.14012,0.13262509442141762,0.12392,0.11809,0.11261
23-01-2026 10:10,25285.05,0.11052,0.1061276525925886,0.1024,0.10240531115918927,0.10086,0.10313,0.11113572094981286,0.11749,0.12893,0.13934,0.1512,0.16325,0.17293,0.18352,0.24948154057223515,0.2364,0.22385990448861354,0.2111,0.19732,0.18653,0.17375382382089122,0.16068,0.1499769987393481,0.13838,0.13049902673850383,0.12203,0.11586,0.11047905886436116
23-01-2026 10:15,25283.3,0.09813,0.0969,0.09705164283712606,0.09644,0.09992493417193386,0.10408970837680795,0.10741,0.11818481029068412,0.1293007201659496,0.1408,0.15197,0.16357,0.17414915616552662,0.18454,0.24748,0.23625,0.22383,0.2114,0.19799,0.18669,0.17432,0.16229,0.15133,0.14292383149452353,0.13319,0.12637,0.12096,0.1163
23-01-2026 10:20,25261.25,0.11266,0.10693,0.10368,0.10196,0.10212,0.10822179812462242,0.11429238546179038,0.11993,0.13215,0.14379524322972403,0.15539342300604417,0.16683,0.17844909317480767,0.1900505874668135,0.24452,0.23264,0.21969,0.20778,0.19476,0.18301,0.16998,0.15745,0.14593,0.13537,0.12714,0.11906,0.11292,0.10753305252942472
23-01-2026 10:25,25266.4,0.12923,0.12084,0.11544493091063082,0.10906,0.1068,0.10733,0.11143,0.12046,0.13206419929456747,0.14234,0.15368,0.1651,0.17515,0.18488,0.2480603419884707,0.23405,0.21999,0.20768,0.19478,0.1828,0.1703433277709539,0.15775234585502185,0.14532836634888677,0.13273,0.12314,0.1146,0.10689,0.09999669846271769
23-01-2026 10:30,25303.15,0.11532,0.10978,0.10509,0.10165,0.10087,0.10216,0.10624,0.11739441668786295,0.12659,0.13721,0.14878,0.15988,0.16944,0.17992,0.24986,0.23875,0.22534,0.21302817106824162,0.20076,0.1885,0.17524535238078895,0.16166,0.15036588853197955,0.13819,0.12852,0.12019,0.11289,0.1065481005367937
23-01-2026 10:35,25313.0,0.10599,0.10186,0.09907,0.09747,0.09955998927151874,0.0994,0.10381,0.11458480229451695,0.12386,0.13501,0.14694,0.15955,0.16936,0.18005,0.252,0.24023,0.22764084471860493,0.21503159249712261,0.20234994270563278,0.1897,0.17706,0.1646010669223772,0.15175,0.14111,0.13216,0.12426892948322336,0.11661,0.11022361050428385
23-01-2026 10:40,25297.7,0.11135,0.10625197707769984,0.10164,0.09885,0.09857,0.10014,0.10827866938944525,0.11392,0.12568,0.1366,0.14834,0.16081,0.17098,0.18154,0.24998,0.23817,0.22554669051071996,0.21299,0.20011,0.18782,0.17474,0.1630125204998874,0.1513575408025992,0.13919,0.13051854733142476,0.12116,0.11415,0.10767
23-01-2026 10:45,25297.35,0.09821,0.0961,0.09449,0.09374,0.09458,0.09708,0.10329,0.11477753286017638,0.12481,0.13631,0.14808891352845932,0.15986,0.16983,0.17949584145197217,0.2506249383292608,0.23822,0.22587,0.21324162557795748,0.20057,0.18858,0.17634,0.16313,0.15174,0.14097,0.13188,0.12440428002785808,0.11728,0.11152348469320789
23-01-2026 10:50,25284.35,0.10847667287739804,0.10308,0.10058080906414534,0.09962006581453628,0.09777,0.10214222614432476,0.10539,0.11485,0.12655,0.13792,0.14880395520188672,0.15974280864259366,0.17058100147102334,0.1813,0.24965,0.23713231003282037,0.22462,0.21215,0.19953,0.18702,0.17404,0.16081,0.14871,0.13728,0.12794,0.11977,0.11228,0.1058514496051903
23-01-2026 10:55,25278.2,0.11094,0.105,0.10087,0.09864,0.09843,0.10062,0.1063,0.11618,0.12824,0.1389,0.15049788154664678,0.16219,0.172,0.18298,0.24967495243035792,0.23687,0.22413218724604167,0.21133,0.19828,0.18614,0.17283,0.15906,0.1478222921553896,0.1357,0.12612,0.11842336328002352,0.1103,0.10344
23-01-2026 11:00,25279.7,0.09949,0.09668,0.09679165589004436,0.09672554724524993,0.09556,0.09858,0.10757512130835836,0.11571,0.12772,0.13957205848302714,0.15124,0.16314,0.1738,0.1836,0.24992837663114603,0.23718,0.22440009542443456,0.21164,0.19899,0.18612001263479422,0.17314,0.15991,0.14826,0.13761,0.12834,0.12084706921154409,0.11372,0.10801920557914166
23-01-2026 11:05,25270.35,0.11132165404310816,0.10533,0.10125,0.09914,0.1029515688220798,0.10618610736789527,0.10775,0.11755,0.12923,0.14062,0.15232083262859142,0.16401,0.17519,0.18635607660135028,0.24668,0.23478,0.22181,0.2094,0.19664172254109355,0.184,0.17078,0.15764,0.14516,0.1353371154889289,0.12443,0.11702726474602472,0.10893,0.10227
23-01-2026 11:10,25281.6,0.10635,0.10188672143572045,0.09802,0.09604,0.09709,0.09969,0.10605,0.11605,0.12821,0.13898,0.15062,0.16164906955109087,0.172669445566409,0.1835,0.24835,0.23587,0.2230280376243423,0.21017643759430576,0.19733,0.18449897600966747,0.17165,0.1587,0.14705765905951584,0.13463,0.12607404695157348,0.11648,0.10931,0.10249
23-01-2026 11:15,25277.8,0.10638493958954824,0.0982839248833405,0.09349775969066071,0.09201710358949729,0.0938,0.09908520449644173,0.10508,0.1156,0.12818,0.1392,0.15124,0.16235535447934757,0.17365,0.18335,0.24587,0.23332959345302234,0.22086,0.20872,0.19645197062450523,0.18418,0.17177,0.15952,0.14744,0.13673,0.1291169080408917,0.12101098876013634,0.11301,0.10725
23-01-2026 11:20,25261.05,0.11031,0.10344,0.09958,0.09768,0.09885,0.10159,0.10799,0.11835,0.12943982063907536,0.14123680790529095,0.15265819544494877,0.16406061660371862,0.17543,0.18648,0.24568,0.23374,0.2202,0.2073228437702039,0.19441,0.181866768155822,0.16925931831258909,0.15658,0.14398,0.13288,0.12413540115004387,0.11523679150343802,0.10707,0.10060578339118707
23-01-2026 11:25,25270.95,0.10673424261676769,0.10106274585369075,0.09754,0.09611,0.09717,0.10414374559743159,0.1110659711816856,0.11709,0.12867,0.14035,0.15238,0.16421,0.17447704866505664,0.18445,0.2456336635373321,0.23371484508668205,0.22117,0.20887,0.19554,0.1829,0.17018,0.15771,0.14458,0.13327,0.12461899336554394,0.11551518493124424,0.10649,0.09934
23-01-2026 11:30,25274.7,0.09177,0.08955,0.08944,0.09160958779154768,0.0926,0.09732,0.1064227810097956,0.11568,0.12755091977836241,0.1393615316090155,0.1512958675511999,0.16318,0.17405293845998174,0.18476,0.24712,0.23528,0.2218,0.20902,0.19618,0.18467,0.17181,0.15931433537021294,0.14731,0.13853047331946383,0.1302172518643682,0.12199790384476529,0.11434585174757397,0.10746
23-01-2026 11:35,25252.0,0.0935,0.09162,0.09270442134613338,0.09228,0.09682151100848183,0.10037,0.10855,0.12050878276966867,0.13209489946646485,0.14375,0.15529,0.16707,0.17758,0.18871,0.24457113341637565,0.23094,0.21751,0.20479,0.19155,0.18014,0.16828,0.15635,0.14542,0.13578,0.12799,0.12181337286755947,0.11509,0.11053
23-01-2026 11:40,25221.8,0.10092,0.09778,0.09666,0.09975422772341656,0.10061,0.10582,0.11556,0.12721,0.13961,0.15203,0.16314,0.17355614981628137,0.18383,0.19338026540726508,0.23925,0.22690915352849073,0.21440237880114682,0.20188,0.18882,0.17645232122477353,0.16385,0.15167,0.14043,0.13085,0.12271,0.1164000349081857,0.10956,0.10438
23-01-2026 11:45,25210.75,0.09618,0.09673134969704837,0.09747,0.09935,0.10373,0.10955,0.11906,0.13073,0.1424,0.153834631942448,0.16531,0.17591,0.18633402681588268,0.19616660182198314,0.23574,0.22526,0.21174,0.1984,0.18638,0.17499,0.16393,0.15306,0.14354,0.13564,0.12815,0.12247,0.11882,0.11379
23-01-2026 11:50,25193.45,0.11104627679480564,0.1073,0.10780029886445122,0.10888608698132862,0.1085,0.11544056004665623,0.12208,0.13307,0.14486,0.1561,0.16703,0.17741,0.18736,0.19852,0.23272,0.22105,0.20822,0.1950159868045076,0.18169,0.16945,0.15821,0.1474787008284687,0.13596,0.12681,0.11883,0.11236,0.10684,0.10173
23-01-2026 11:55,25208.4,0.10773,0.10369,0.1022,0.10516767395255594,0.10575,0.11353067347437756,0.11979,0.1304,0.14203478013627566,0.15349,0.16434499568756863,0.17532,0.18533,0.19507754822876447,0.23561,0.22389,0.21077766671047332,0.19772,0.18489,0.17183,0.16035,0.149232139778325,0.13744,0.12787,0.12067129012621006,0.11298,0.10728,0.10239249599976827
23-01-2026 12:00,25209.75,0.10828502552490868,0.10481,0.10303,0.10346,0.10797790280247195,0.11101,0.1219790706042671,0.13224849661161497,0.14275,0.15335,0.16428,0.1752,0.1861642899122956,0.19714,0.23589,0.22355,0.21076139451364634,0.198,0.18517,0.1725711909726692,0.15967,0.14828845316305378,0.13627,0.1266,0.11917121155508746,0.11104,0.10492,0.09911
23-01-2026 12:05,25207.8,0.09717,0.09787455517759336,0.09916337051173077,0.09955,0.10484736877074705,0.10947,0.11933,0.13061,0.14312,0.1545,0.16511,0.17556,0.18680682920395192,0.1982,0.23501,0.22209,0.20998,0.19729,0.18451,0.17225,0.1607,0.14862,0.14001726243780208,0.12999,0.12296,0.11696,0.11247,0.10886
23-01-2026 12:10,25190.3,0.10602,0.10311,0.10236,0.10405,0.10765,0.11679915147162676,0.1253647220198809,0.13353,0.14595,0.15725,0.1678917868090007,0.17872,0.18877,0.19851991203820543,0.23336356128073632,0.22059528531071668,0.207534591421196,0.1943,0.18239,0.16962,0.15765,0.14741754356097694,0.13692955582334043,0.12612,0.11846,0.11226,0.10708812531707268,0.1021
23-01-2026 12:15,25193.1,0.12044,0.11324,0.1091,0.1112796204060992,0.11003,0.1141,0.12241,0.13313,0.14523,0.15604398892014362,0.16696,0.17735408209498474,0.18781,0.199,0.23357300076396015,0.22083,0.20803,0.19529,0.1823591913846492,0.16936,0.15689,0.14393,0.13247,0.12203,0.11306,0.10491,0.09748,0.09034
23-01-2026 12:20,25216.55,0.09906283258713366,0.09816099347319718,0.09834793298366712,0.09993,0.10351,0.10881,0.11979718124760685,0.13075908962695396,0.14159,0.1528549274982367,0.16402,0.17452,0.18515821788922038,0.19582,0.23652,0.22488,0.2115,0.19831,0.1859712507264486,0.17343,0.16068,0.14839,0.13724,0.12774,0.11932,0.11244,0.10652,0.10192
23-01-2026 12:25,25202.7,0.10902,0.10505,0.10529039780458152,0.10354,0.10849481896332971,0.11111,0.1202,0.13111,0.14351,0.15435,0.1652,0.1766,0.1872883033117803,0.19783,0.23468,0.22237,0.20935750228689626,0.19636,0.1836,0.1708761394078625,0.15822,0.14745915742524793,0.13653611579132835,0.126070549183386,0.11559,0.10871272044729341,0.10184,0.09596
23-01-2026 12:30,25205.2,0.10924,0.10449,0.10241,0.10351,0.1062,0.11118,0.12027,0.13197974114566766,0.14318,0.1542967669567923,0.16528324477032072,0.17632,0.18762,0.19829,0.23561477448525578,0.22218,0.20888,0.1962717673560978,0.18367746493906553,0.17105,0.15802,0.14579926744924526,0.13319,0.12291,0.11502437342623427,0.10656,0.10025837067055506,0.09415
23-01-2026 12:35,25205.5,0.11402,0.10852246712846136,0.10454,0.10462,0.10685,0.1115,0.12027,0.13105,0.14285,0.15377709960438582,0.164712147721697,0.17552960274909382,0.18638,0.19688,0.23527,0.22295,0.20959,0.1966581248657988,0.18372,0.17078,0.1579619118943126,0.14482,0.13307,0.12233,0.11373895354013752,0.10468,0.09735,0.09078429630937639
23-01-2026 12:40,25211.7,0.11514,0.10943864544544868,0.10518,0.10499,0.10666,0.11413148361934206,0.11947,0.12981,0.14194,0.15277,0.16456,0.17497,0.18622,0.19683,0.23403,0.22129,0.20819,0.19552729792752616,0.18287,0.17019,0.15677,0.14483296902926157,0.13286352391618242,0.12064,0.11144,0.10387164361839636,0.09605,0.08937
23-01-2026 12:45,25238.75,0.09531,0.0937610341319018,0.09274,0.09478,0.09861,0.10362,0.11331,0.12506271940104463,0.13567,0.14706,0.15868,0.17112,0.18118,0.19242,0.2356502746020235,0.22358713629275806,0.2115,0.19929,0.18696,0.1748,0.16178,0.14858,0.13880341874615257,0.12777,0.11935,0.1118,0.10566,0.10036953738483259
23-01-2026 12:50,25208.05,0.11301925212457502,0.10810252913187425,0.10589,0.10503,0.1094609932255453,0.11454766613038408,0.11886,0.12907,0.14059446097373274,0.15177,0.16278,0.17508,0.18605562908911233,0.19678,0.2287467461321471,0.21898455247248289,0.20784,0.19651,0.18341,0.17058,0.156817244449737,0.14308,0.13085,0.12100703849257428,0.11171649743143455,0.10246074871908965,0.09366219359836266,0.0855
23-01-2026 12:55,25226.8,0.09191,0.09074,0.09303062598506846,0.09436,0.10066064662935767,0.10493,0.11645902462231555,0.12694,0.13837,0.15025,0.16205,0.17356,0.18434244647302897,0.19498,0.23641,0.22369,0.21182,0.20039,0.1871760655758138,0.17406969484507373,0.16074,0.14848184951181626,0.13576,0.12571,0.11721,0.10981,0.10391,0.09895
23-01-2026 13:00,25191.8,0.10732,0.10216,0.10054,0.10197,0.10559,0.11433557697731059,0.12128,0.13301,0.14465238561706178,0.15608,0.16683,0.17776554215735965,0.18873,0.1995618904127542,0.23239,0.22018,0.20746,0.19582,0.18204,0.16979,0.15628,0.14286,0.13142,0.12222063742892886,0.11199,0.10454208488987808,0.09654,0.08989
23-01-2026 13:05,25191.25,0.10384228215846301,0.10077,0.09948,0.10124,0.10514,0.11102,0.12143,0.13358703178012582,0.14478,0.15664,0.16748,0.17944,0.19018,0.20155,0.23113392892920065,0.21953,0.20785196288860852,0.19582,0.18203,0.17015,0.15659,0.14283,0.13138,0.12085,0.1118,0.10440311338377829,0.0965,0.09041
23-01-2026 13:10,25194.95,0.10157,0.09802,0.09731,0.09991,0.10395,0.1104,0.12202119272888819,0.13232,0.14423969051119004,0.15573,0.167,0.17842,0.18909,0.20112,0.23302,0.22074790051190388,0.2082848163152119,0.19567303207907133,0.18311,0.1696966813110281,0.15624,0.14236,0.13117,0.12180037434038127,0.11148,0.1041,0.09747,0.09199930466586904
23-01-2026 13:15,25171.1,0.09416,0.09513545375842596,0.0962,0.101,0.1086244886753269,0.11552,0.12639,0.13800853807330335,0.14946532954174963,0.16097977729298402,0.17255,0.18417,0.19448,0.20498875200134248,0.22739892704487344,0.21619,0.20472,0.19249,0.17963370077378543,0.16678,0.15381,0.14203,0.13153,0.12279,0.1152,0.10933,0.10496,0.10098
23-01-2026 13:20,25141.7,0.09918,0.10042,0.10271,0.10734,0.11295,0.12336503039864946,0.133655313155148,0.14377,0.15482903882549298,0.16568,0.17713407201521628,0.18856,0.19941,0.2101741323820969,0.22429,0.21339,0.2011,0.18918,0.17603,0.16335,0.15068,0.14179693641841745,0.13319016908330555,0.1246334087247789,0.11646196999559522,0.10861,0.10422,0.09779
23-01-2026 13:25,25138.55,0.097772885962765,0.09975,0.10348360252512723,0.10753,0.11526735101819888,0.12191,0.13361690638435447,0.14464,0.15683,0.16747,0.17903153592393797,0.19071,0.20056,0.21212,0.22394,0.21174,0.20072,0.18748600189094414,0.17434,0.1622,0.14993,0.14000093722819917,0.12983375777589123,0.11936,0.11245,0.10677,0.10274268247904444,0.09899
23-01-2026 13:30,25095.3,0.10352,0.10563,0.11063416500094958,0.11503,0.1243925147058997,0.13337757616474483,0.1424,0.15439,0.16590343327255147,0.1774,0.18879,0.20028,0.21133356912559456,0.2223,0.22468,0.21272,0.20148,0.18886,0.17617,0.16462,0.15373,0.1436,0.13495,0.12959267652208123,0.12393010439882482,0.11829,0.11623397762575886,0.11441
23-01-2026 13:35,25072.05,0.10627,0.10742,0.11133,0.11663,0.12545432704505483,0.13282,0.14377,0.15568,0.16697671867807384,0.17828,0.18972397952816764,0.20123,0.21156,0.22168348686271078,0.22141,0.20877876356403158,0.19618,0.18389960170588684,0.1715,0.15941,0.14792,0.13876827949446652,0.12862,0.12121,0.11527,0.11146333524437066,0.10719,0.10371
23-01-2026 13:40,25076.35,0.1005,0.10382,0.10953,0.11588,0.12411,0.13514715038323605,0.14570151039935214,0.15623,0.16833,0.17852,0.19002,0.2008274790170564,0.21165,0.2226,0.2251,0.213024271283566,0.20101,0.18915,0.17594,0.16462,0.15405,0.14446,0.13755672080384612,0.12982,0.12428,0.12310888931347042,0.12145445833958754,0.1204
23-01-2026 13:45,25053.0,0.11187,0.11406072097590726,0.11669,0.12201,0.12927,0.13836,0.14889,0.16062842959024912,0.17213,0.1831005353168201,0.1941,0.20520589871482647,0.21633,0.2274880377956546,0.21884,0.20667752545750318,0.19421393210580964,0.18173,0.16826,0.15582,0.14497,0.13628024170314407,0.12718218381575852,0.11786,0.11116,0.10602,0.09988519824948945,0.09438102231979882
23-01-2026 13:50,25055.05,0.11105,0.11255,0.11691,0.12263,0.12998,0.13922,0.14982,0.16105,0.17257,0.18399,0.1948,0.20664,0.2176491412813858,0.22849,0.22043,0.20712,0.19463892643599529,0.18212,0.16866,0.15651,0.14516,0.13605343366036654,0.1268313081034866,0.11719,0.11125796609021443,0.10486,0.10082,0.09776244943956527
23-01-2026 13:55,25054.0,0.11215,0.11334,0.1173,0.1235413215742628,0.12874,0.13937204743416343,0.1494135893161473,0.15952,0.17036,0.18221,0.19365,0.20479,0.21587794574502067,0.22663778157176548,0.21977,0.2081,0.19563,0.18322,0.1706,0.15865,0.14751,0.13711,0.1281,0.12067,0.11411,0.10903,0.1056,0.10223
23-01-2026 14:00,25054.2,0.11441,0.11756515343381019,0.12167670853511331,0.1265153097346519,0.13152421508381623,0.13712,0.14699082054425394,0.15811198170978247,0.1693,0.18057,0.19126,0.20207,0.21334,0.22331,0.22009633801401698,0.20717,0.19529,0.18134,0.16916494914902752,0.1569924606504648,0.14443,0.1335,0.12424,0.1165,0.10991,0.10398,0.09874,0.09436
23-01-2026 14:05,25065.1,0.11057876576071254,0.11208,0.11495,0.11976,0.12797984057889844,0.13483,0.14508,0.15631,0.16766,0.17854,0.18921,0.20052887411638703,0.21187,0.22187,0.22034,0.20887,0.19703,0.18391,0.17100206111220412,0.15778,0.14614,0.13499,0.12562,0.11815,0.11291048553624519,0.1072283271040643,0.10159,0.09656
23-01-2026 14:10,25058.25,0.11362,0.11404,0.11716,0.12387421267867686,0.13064749723543173,0.13652,0.14744524710982582,0.15781,0.16918,0.1801,0.19032,0.20165,0.2130146838957221,0.22438,0.22067,0.20873269337650857,0.19652,0.18292,0.17011185837855675,0.15701,0.14502,0.13361,0.12347,0.11525,0.10969,0.10406324543965711,0.09849,0.0926759572868821
23-01-2026 14:15,25090.65,0.09978,0.10291,0.10863410032131823,0.11374,0.12098,0.12996,0.1401,0.15103,0.16303,0.17347,0.18454,0.19525,0.20643564604463518,0.21772,0.22608,0.2139,0.20116635645638037,0.18844,0.17504,0.16301,0.15186,0.14089,0.13175,0.12436,0.11926,0.11535,0.11374634250106927,0.11247
23-01-2026 14:20,25059.65,0.10638,0.10812,0.11288388254368337,0.11766,0.12712535866600688,0.13630849858176147,0.14609377298680606,0.15581,0.16723,0.17783,0.18819,0.19926,0.21021113519953827,0.2216438101894599,0.22341,0.21041,0.19825,0.18515478682169262,0.17186,0.15965,0.14814,0.13705,0.12795,0.12066,0.11644700851669326,0.11106,0.10765,0.10473
23-01-2026 14:25,25049.75,0.11416304562078496,0.11518,0.11792798590209215,0.12119,0.12738,0.13461,0.1447,0.15513,0.16647,0.17606,0.1869543471344503,0.19786933578308502,0.20904655481716242,0.22056,0.2197,0.20694,0.19409,0.1802,0.16689238444618903,0.15341,0.14215408269858812,0.13074223206512975,0.11907,0.11125894673358486,0.10294,0.09634,0.08975,0.08191
23-01-2026 14:30,25077.85,0.11012,0.11027,0.11321,0.11741,0.12437,0.1345520313828948,0.14348,0.15363,0.16489,0.1743,0.18512,0.19678,0.20761185834645468,0.2183,0.22389,0.21011,0.19796,0.1842,0.17068,0.15801575130200396,0.14487,0.13241,0.12334823257057474,0.11309,0.10574,0.09974,0.0941,0.08855
23-01-2026 14:35,25087.05,0.1078,0.10743,0.11100154829548486,0.11406,0.12156009654687597,0.129,0.139449118859077,0.1497499640822123,0.16043096696711662,0.17109,0.18275,0.19430872052833548,0.20595,0.21554,0.22618599020861016,0.21239455917190997,0.19846,0.18482,0.1711979819869291,0.15737,0.14542,0.1346949131468701,0.12292,0.11615893358654429,0.10799,0.10227,0.09782,0.0929
23-01-2026 14:40,25094.55,0.10254983994048872,0.1053,0.10947,0.11466,0.12255,0.13277247195690217,0.14253133390772738,0.15227,0.16277,0.17191,0.18385,0.19511,0.20602356515908515,0.2169,0.22589,0.21304441224792728,0.20016,0.18703124195614707,0.17383,0.16168065952161043,0.14942835935529586,0.13695,0.12586,0.11704,0.11101,0.10538,0.10159334872218116,0.09883933382706567
23-01-2026 14:45,25081.45,0.10176,0.10398,0.10953025251368963,0.11413,0.12366783646345361,0.13217,0.14255,0.15294,0.163076959384911,0.17305,0.1848910857070267,0.19657732906602976,0.20829,0.21885,0.2247,0.20978,0.19875,0.18541,0.17329,0.1604,0.1495816421663968,0.13823,0.12811,0.12235401360792704,0.11611593011777999,0.11013,0.10692,0.10472382213315831
23-01-2026 14:50,25059.3,0.11253519238681634,0.11384127309966245,0.11717,0.12223339916662616,0.12789,0.13662,0.146699455125503,0.15629,0.16695,0.17648,0.18874,0.19922,0.21018,0.22051,0.21774907445375707,0.20545,0.19303,0.18035,0.16728,0.15482153388078315,0.14196,0.1308207472962839,0.11889,0.10969,0.10366088710354213,0.09703,0.0915,0.08374
23-01-2026 14:55,25096.0,0.10291186790102691,0.10472,0.1084,0.11268,0.12142467519399266,0.12927,0.13943,0.15029442764569456,0.16087,0.17099,0.18277863710222622,0.19457,0.20503,0.21545,0.22156272606894203,0.2098375726242162,0.19757,0.18516,0.17236,0.15908,0.1476912092097837,0.13614911068453095,0.12398,0.11532,0.10926,0.10437,0.10001,0.09741
23-01-2026 15:00,25071.15,0.10632,0.10791,0.11251,0.11727,0.12556,0.13521,0.14652,0.15761,0.16883532330255957,0.1800031921775426,0.1912,0.20287,0.21389,0.22422,0.22224,0.2101467053261865,0.19792,0.18472479455699198,0.17151,0.159179898238196,0.14663,0.13499,0.1269855304731309,0.1186375734978597,0.11005,0.10618,0.10368,0.1
23-01-2026 15:05,25059.0,0.1009,0.10433,0.11009353330649455,0.11488,0.12411,0.13455,0.14715,0.15888310697157476,0.17062,0.1813,0.19304121950967462,0.20477,0.21637,0.22744,0.2193,0.20752192619493093,0.19568,0.18348,0.17207,0.16041,0.15012,0.14067795636450187,0.13024,0.12326,0.12026386496344346,0.11648,0.11517,0.11505666029966019
23-01-2026 15:10,25045.6,0.11068,0.1135768256714416,0.11676,0.1215,0.13029,0.14101088643655885,0.15104,0.16104,0.17246,0.1833727670759721,0.19433903480696932,0.20520474586077597,0.21597763475919668,0.22664,0.21972532914097714,0.20548,0.19287742954538498,0.18023,0.16742775173585783,0.15451,0.14377,0.1338704291902188,0.12379739310208931,0.11352,0.10779,0.10344,0.09977041492547772,0.09623
23-01-2026 15:15,25061.1,0.10403,0.10756,0.11216,0.11735,0.12658,0.13739186846859436,0.14719,0.15763,0.16971,0.18027,0.19149,0.2032827895694636,0.21502,0.22596,0.22229,0.20842,0.19569,0.18218910646645542,0.16865900402495904,0.15498,0.14334,0.13215,0.12489544618000994,0.11726611112507826,0.10961,0.1063,0.10406587396743569,0.1021
23-01-2026 15:20,25040.65,0.1146,0.11616,0.12157713444346716,0.12762990620564663,0.13309,0.14325554898271115,0.15303,0.16401283068288697,0.17486,0.18481,0.19654975751216436,0.20832,0.2181,0.22899,0.22062177874156164,0.20685327471470433,0.19313,0.17961,0.1663490753130613,0.15292,0.14013,0.12789,0.11618,0.10749,0.10401071803035003,0.0991,0.09488,0.08909
23-01-2026 15:25,25049.65,0.10887,0.11147,0.11604,0.12176,0.13109,0.1417650427341448,0.15154,0.16182,0.17314,0.18434,0.19727,0.20814,0.2205,0.22986,0.21958,0.20286,0.19008,0.17715,0.16417153975335205,0.15096,0.13995,0.1290736304166506,0.1183185037796825,0.10726,0.10392186109526563,0.09947,0.09448,0.08977
27-01-2026 09:15,25113.05,0.28268712046039407,0.2992682307172835,0.32281,0.35058,0.3902857331376587,0.42786,0.47824,0.52453,0.5722520340209382,0.62043,0.6688012551119771,0.7174388792948876,0.7668473948132296,0.8173236970478206,0.8226836315184354,0.7617624248531465,0.70349,0.64961,0.59775,0.55382,0.51257,0.5003783738161802,0.48516485284712885,0.46533,0.4809015302741427,0.49258,0.51278,0.5373802597223108
27-01-2026 09:20,24981.3,0.37173,0.38093,0.41177120719148774,0.44567573586862236,0.4829616085788922,0.5213369157654852,0.55918,0.60764,0.6609,0.7086439304443874,0.7565035880219817,0.80431,0.84893,0.8923490839481358,0.722,0.680109079277043,0.63579,0.57755,0.52942,0.47801,0.4560280199671056,0.45212309613529905,0.4466392258782884,0.4368646150542984,0.4275362489343195,0.4198205669564723,0.41378,0.4359860364242679
27-01-2026 09:25,24940.7,0.41215,0.41457,0.42548,0.4622591753782819,0.5009397392747967,0.5433050696312953,0.58329,0.6345871572192565,0.6864,0.7359159305803675,0.78617,0.83239,0.877,0.9199219326906598,0.70051,0.654620878236079,0.60735,0.55241,0.5018,0.4642751654510217,0.4265026455864501,0.38979128724709305,0.35668139712965957,0.32686,0.31923,0.316202931113878,0.3206150255326741,0.3310423574351996
27-01-2026 09:30,24944.4,0.43418,0.43019,0.4467058261463557,0.45789,0.5013197376720946,0.53966,0.5884512582361334,0.63551,0.68635,0.7363545095682312,0.7860978107537808,0.83608,0.880556993240111,0.92433,0.7059724374123063,0.65541,0.61709,0.56144,0.51004,0.4656982406616421,0.418132557742381,0.37385043479316193,0.31876,0.30516042834845375,0.2787096299656812,0.25178692328679375,0.23261,0.15552
27-01-2026 09:35,25018.3,0.4495,0.42747,0.41019,0.42032,0.45178,0.4934698884884326,0.52925,0.57595,0.6262858908857087,0.67629,0.7228288022188745,0.77034,0.8118867918496999,0.85271,0.7411076779670326,0.69537,0.64737,0.60076,0.54814,0.4962,0.45011050051944723,0.4033454947525785,0.35472,0.32039,0.29276,0.26448,0.22211,0.17850876870728674
27-01-2026 09:40,25090.85,0.4547,0.4137,0.4042898692181862,0.38476,0.40993,0.45285666140603664,0.48925,0.5373447962577816,0.58193,0.63655,0.68678,0.73576,0.76941,0.8000610413511338,0.79603,0.74443,0.69617,0.64951,0.60292,0.55029,0.49947,0.45308,0.41334446423126225,0.36501,0.333,0.30009,0.26344,0.2039
27-01-2026 09:45,25142.05,0.36816,0.34955,0.3373,0.34272,0.37993088999616154,0.415132615495375,0.44811,0.49461,0.54701,0.59015,0.6385553160576107,0.6870318942478211,0.736609021717979,0.78754,0.810625591390596,0.7667833887212753,0.7222683886481673,0.6754,0.63383,0.58196,0.533691877346649,0.48577449696671066,0.43571,0.40108,0.3768,0.35236,0.32239602664763956,0.29136
27-01-2026 09:50,25142.45,0.34662,0.349365970513354,0.3531121081417876,0.3576669272131663,0.35831,0.39611,0.44482035999018715,0.49364928645945727,0.544090297183718,0.59426,0.65191,0.6964607947800903,0.74216,0.78114,0.819993603778248,0.77273,0.7250348851059543,0.6770895574706033,0.6289317829708752,0.58085,0.53176,0.48237,0.4405,0.41434947043397635,0.38694145816146946,0.36185718113977894,0.34076,0.3298336827096799
27-01-2026 09:55,25130.4,0.32119,0.3225737504716309,0.3257804174676083,0.32672,0.363998695807385,0.40952083923861843,0.4616759072171017,0.51181,0.5624549992731429,0.61344,0.6623317585088493,0.7114077474602625,0.75959,0.7934,0.8062979188506607,0.7601,0.72919,0.6770461672459044,0.6264,0.56905,0.516,0.46864,0.42882,0.41149601096196436,0.3913013612224127,0.37073,0.3541913442062579,0.33788
27-01-2026 10:00,25139.8,0.32443,0.32572956622923765,0.32935047187326505,0.32502,0.3636342068390148,0.40375,0.45759428405585034,0.51008,0.56064,0.6097384596583635,0.6588870777407387,0.70756,0.7550204428567441,0.8018598456941828,0.83447,0.78289,0.7340208388447105,0.68513,0.6351631792215826,0.58504,0.5340532448104036,0.48291619644815864,0.431,0.39817,0.37604,0.35631796094887697,0.33606,0.31098
27-01-2026 10:05,25125.85,0.2940653907815709,0.29677,0.3145902975718091,0.33975197563633386,0.36228,0.40899,0.46656,0.51932,0.570403413450247,0.62148,0.6669666388419937,0.7127617416615355,0.7576430444949926,0.80129,0.8343999007369767,0.7840775369206369,0.73296,0.6834978173798765,0.63328,0.5776807088692368,0.52108,0.47288,0.43083,0.40016,0.38385,0.37058,0.3547079060610231,0.33865
27-01-2026 10:10,25088.75,0.4075,0.4093244349570004,0.4159332194346489,0.4243125737353817,0.435513461883117,0.42782,0.48428,0.53178,0.5856405478312392,0.636448753797115,0.68859,0.73067,0.7829,0.8323663636865793,0.81291,0.76659,0.71267,0.66199,0.6080352251547103,0.55399,0.5014743084334422,0.4493794253375989,0.39699,0.366587025938365,0.33467,0.30221640443150166,0.27156,0.21831
27-01-2026 10:15,25129.65,0.19137253714958768,0.23638047071273774,0.28216457307076115,0.32853800197550015,0.38258,0.41304,0.4648285184126716,0.5169450509338652,0.56872,0.61118,0.6614305624839054,0.71362,0.7558937660643867,0.79688,0.8468613850053621,0.7956,0.74158,0.69533,0.63808,0.58309,0.5318256958808885,0.47852,0.43107,0.391671642601749,0.35069,0.31475,0.27178857127897676,0.22729
27-01-2026 10:20,25170.2,0.32589,0.3288389815855836,0.33361445250881383,0.34039354371294606,0.34257,0.3858625418332879,0.4395277445029312,0.49493,0.553,0.59737,0.6466399270948624,0.69651,0.7429044942498416,0.78886,0.87099,0.8262010389832832,0.78094,0.73318,0.67496,0.62221,0.56933,0.5198284656522326,0.4706951386757528,0.42046,0.39169032272853255,0.36053,0.3316201853936459,0.30288
27-01-2026 10:25,25164.05,0.25371,0.26218,0.27617,0.3153244048951301,0.34283,0.39283,0.4492,0.5025930775775511,0.5536206476934485,0.60586,0.67118,0.7151574054673635,0.7606239648813042,0.79871,0.87468,0.82807,0.77342,0.722773181993908,0.67296,0.61698,0.5619,0.51093,0.4784180453028326,0.4446235703536627,0.40896,0.3965969175546173,0.38081,0.37269
27-01-2026 10:30,25123.35,0.3273,0.31534,0.3317181418180011,0.33808,0.38470569744631833,0.42491,0.48153,0.5342484997809845,0.58658,0.63961,0.6923791349177288,0.7464,0.79521,0.83545,0.8637922607248179,0.8064702072786497,0.75078,0.6964285823183283,0.6432394049393106,0.59014,0.54071,0.4907207597163271,0.43891,0.39674,0.3687927858466176,0.33773,0.31402,0.28019
27-01-2026 10:35,25122.35,0.2676018223176013,0.28402448577199196,0.3076,0.33586,0.3852350103643656,0.43621187163703323,0.4890589296151039,0.54057,0.58795,0.6448486871351352,0.7025,0.74763,0.7881491735459604,0.82755,0.8585,0.8105870845166521,0.7601757089351409,0.70959,0.65084,0.5985814425316857,0.5460541907659953,0.49505499532810404,0.4435,0.40453,0.38147705429970946,0.35626,0.33601,0.31486
27-01-2026 10:40,25095.65,0.252976589842778,0.27705,0.30858,0.34517,0.39676,0.4564963674991422,0.5135,0.57223,0.62559,0.6750328714035394,0.7251981961584638,0.7755,0.82494,0.87277,0.8249821049261932,0.77517,0.73559,0.66826,0.62248,0.5734978779770266,0.5236099304838764,0.46905,0.42666,0.41728,0.41798,0.42719,0.44604,0.47381
27-01-2026 10:45,25027.6,0.21602813823911557,0.27288828553226535,0.3296990336082829,0.38642892968311043,0.44222,0.49912,0.5557,0.6117248811141701,0.66951,0.72857,0.7771041601726885,0.82268,0.8798966822907659,0.9311827988073013,0.81134,0.758469029172111,0.7040707034112638,0.64989,0.59084,0.53037,0.47477,0.42695,0.37786,0.3597158510564682,0.3388574443506946,0.31839077195182064,0.2975,0.26889
27-01-2026 10:50,25020.95,0.2755956950424998,0.3311,0.3717947298321688,0.41388,0.47226102488141164,0.5282281581963832,0.58347,0.6324592407231212,0.67963,0.74791,0.8027,0.8453906023308158,0.89024,0.94593,0.82915,0.7684407069717647,0.7089672147206638,0.6504479462193331,0.59194,0.5382,0.4821023196604216,0.4304,0.4187961986068205,0.4022364671267201,0.3890384277486223,0.37527,0.3891558042060006,0.40869
27-01-2026 10:55,24997.0,0.3272,0.35790243004134176,0.394792834748911,0.4288,0.4859527380562182,0.53983,0.5945887359823324,0.64794,0.70518,0.76982,0.81506,0.8755042238421855,0.9302444889966401,0.9827218190361602,0.80799,0.7535574025434187,0.6980786824901665,0.64264,0.5836691912707621,0.52396,0.4718893183597539,0.41534,0.37268,0.35504,0.35497,0.3692182982675044,0.401209011903399,0.4492615512948951
27-01-2026 11:00,24984.95,0.24558376218211184,0.30949015693332926,0.37204060376237025,0.4333873942325319,0.49355,0.55304,0.6110063652274031,0.66918,0.7194,0.7846,0.83519,0.8876811312798497,0.94099,0.99173,0.857924345099146,0.7793486511637445,0.70616,0.63595,0.5765460428961156,0.5184270875404619,0.45921,0.4133616153034917,0.36595366046547695,0.32186,0.31013,0.29312,0.26525,0.201
27-01-2026 11:05,25008.55,0.35938,0.37559900003114405,0.39529,0.43643,0.49325074098390825,0.54933112080924,0.60524,0.6623314822332578,0.71909,0.77679,0.83301,0.88779,0.93527,0.98664,0.8122803313905617,0.76668,0.72755,0.665208642215565,0.6016186766825737,0.53754,0.48068243930449417,0.42233,0.36786,0.34987703161242717,0.32588,0.31768015480911804,0.31009,0.31452266976497945
27-01-2026 11:10,25017.35,0.35447,0.37110047049973277,0.3917,0.4388859686886778,0.491387740568865,0.5471809364478004,0.6041564051233143,0.66031,0.71616,0.7756378433937885,0.83535,0.90092,0.94465,0.9996953672820001,0.8809456886527529,0.8071748264880326,0.74005,0.66858,0.6108471627657985,0.55235,0.4910058141437488,0.42763,0.37099,0.33704,0.32108525747457994,0.3033435458971386,0.28787519695127894,0.27694
27-01-2026 11:15,25024.0,0.36044,0.36747,0.38888,0.42815,0.48191,0.53609,0.59681,0.6498240878802356,0.70102,0.77263,0.82914,0.8802559027206642,0.9320947092754691,0.9822,0.84713,0.7973386806033935,0.74571,0.6787134843499674,0.61259,0.5497230388080238,0.48546,0.42832,0.37381,0.34628212317039986,0.31376,0.29753,0.288935661422462,0.28851822050215414
27-01-2026 11:20,25044.9,0.23356902542737842,0.29037353879135086,0.3474796887244522,0.4048866931985383,0.46256070137241095,0.52086,0.5781372687359781,0.63522,0.69429,0.7525260685848341,0.81298,0.87951,0.9241124766001425,0.96345,0.8558526944956807,0.8000856881106648,0.7444212917747085,0.68763,0.63226,0.571994329316617,0.5104952006187182,0.4513479227373691,0.39312,0.36313,0.3494590378374476,0.33306,0.32606,0.31835
27-01-2026 11:25,25036.65,0.3536405777292108,0.36749,0.38782,0.42691,0.4798529949530388,0.52892,0.58582,0.6398223655991288,0.6913,0.76463,0.8207,0.8775827605687133,0.93488,0.9885171489215394,0.8642323707303085,0.80684,0.7506504684421711,0.6935482741104727,0.635717704398912,0.57808,0.5164322062319923,0.45444,0.39294,0.34485,0.31554,0.28861089021021613,0.26278,0.209
27-01-2026 11:30,25078.55,0.30177,0.31892,0.3565620832827371,0.39147,0.4473650617840703,0.50143,0.5579525778616052,0.6143842559864037,0.67088,0.7330572910326741,0.7951755170068717,0.85717,0.91064,0.9628185637281025,0.89745,0.8447479233641348,0.79065,0.72989,0.6707821073461673,0.61261,0.54192,0.4967888659883285,0.4493711345889805,0.40613096666148285,0.36245,0.34457,0.33544,0.33481340124191306
27-01-2026 11:35,25074.65,0.30221534588337684,0.327232306266719,0.35804,0.39528,0.436,0.49221,0.5505712605626498,0.60544,0.66896,0.73161,0.79348,0.8535558640282576,0.91508,0.94711,0.8853945621682695,0.83873,0.7875128896620405,0.73505,0.67733,0.6109972807831601,0.54493,0.48589,0.42361,0.37293,0.33543,0.30791662018741084,0.28242,0.2668743899989458
27-01-2026 11:40,25088.45,0.48140720343339505,0.44935,0.42746,0.4551896514512218,0.48318434978151115,0.5163876666857541,0.54722,0.59689,0.651392960041122,0.705899569630897,0.76042,0.8114840486907344,0.862497269229771,0.91268,0.9264163520971481,0.86574,0.8075344732705145,0.7476064883009539,0.68852,0.62328,0.5639221600133637,0.5012,0.43625,0.38682,0.342149300368351,0.29952,0.2371527923394778,0.17427
27-01-2026 11:45,25159.6,0.2650041445599494,0.2794,0.30133,0.33437,0.38882353908551925,0.4418303825348189,0.49435,0.54956,0.60709,0.6660320225465767,0.7248716667239743,0.78416,0.8447522292031571,0.9060196804355273,0.9709346007173222,0.9111,0.8513706183688783,0.7915312814774993,0.7316,0.670101365093448,0.6078940869395397,0.5481280440839347,0.48941,0.45659659266049357,0.42422,0.41054,0.4117709051231171,0.41203
27-01-2026 11:50,25103.25,0.3271,0.32609,0.3415,0.37589,0.41313,0.47570873366627175,0.53389,0.59395,0.6462115407262277,0.69661,0.77721,0.8539348787148677,0.9535321254462643,1.0711627807663784,0.94209,0.8810082030257718,0.8191871575385821,0.7567898237434525,0.6939118190954625,0.63118,0.56521,0.50148,0.4643683424177362,0.4257884163883603,0.38774,0.3755779824782075,0.36494,0.36535912699570805
27-01-2026 11:55,25084.4,0.20982988946671743,0.2668793926468147,0.3238631204690369,0.38079400327918983,0.43891,0.49008,0.55875,0.6111532197033507,0.66333,0.71693,0.7814625035964866,0.8440251780440928,0.91214,0.9702053607063005,0.95193,0.889675187107493,0.8254792480337828,0.76111,0.69042,0.6278163723712816,0.564932119824124,0.5039485005017023,0.44471095451415665,0.39001,0.3599751687063064,0.33146,0.30429,0.26015
27-01-2026 12:00,25100.25,0.32875428777598065,0.3498736460765479,0.37919,0.4086131854679296,0.44151,0.49354,0.5490616385879525,0.60307,0.65156,0.7130916185956848,0.77765,0.8433839270500727,0.9115896771127708,0.9827440431291878,0.9623,0.8917218120696808,0.82452,0.77303,0.7070562576873103,0.6409326847029753,0.571,0.5177074286357397,0.46042800398709915,0.40448,0.37113,0.3274111122358154,0.29400617579139593,0.2688601110081929
27-01-2026 12:05,25122.5,0.35913,0.347,0.36770636535232143,0.37884,0.4282742159847338,0.47865,0.5337375395703049,0.5912075723189587,0.6476369030881073,0.7049086985762345,0.7636427509950758,0.82285,0.89728,0.9756007407544606,0.9655719172165582,0.90705,0.8484394307471583,0.78884,0.7213405974465068,0.6541,0.59385,0.5346334504395304,0.47451,0.4394564350764491,0.40208977002846535,0.37132,0.35053757254252604,0.33842119948625204
27-01-2026 12:10,25117.85,0.37709,0.3605,0.36361,0.4012892431003241,0.42902,0.494468328870911,0.55495,0.59802,0.6598523460590556,0.7223470882736412,0.78509,0.84864,0.9049131935477409,0.95972,0.98491,0.9132585844481975,0.84542,0.79545,0.73937,0.6659,0.6041510285176894,0.5435905691610725,0.47988,0.43733573288205074,0.39059,0.36109,0.33405,0.31151132303293666
27-01-2026 12:15,25117.6,0.30765,0.3215043780470107,0.33785,0.38075,0.438,0.5008346255588229,0.56222,0.62062,0.6756217515480384,0.73016,0.7950740637502574,0.8593829965959279,0.9233,0.97212,1.01025,0.9313682334907333,0.85601,0.8030315197008042,0.7486,0.67419,0.6194530775752827,0.5650864434207192,0.5133064485606226,0.4641435262694281,0.41968,0.40160586386447666,0.38464,0.37378
27-01-2026 12:20,25109.2,0.39454,0.38321995771460293,0.37656,0.419132918636964,0.467341998915741,0.5227520658295873,0.57587,0.6319779135240862,0.68817,0.73425,0.7999739877035179,0.8637,0.94107,1.0242219623913429,1.00465,0.93314,0.8762706213941607,0.819,0.752704698722805,0.6865044820565906,0.6195322089801257,0.55271,0.48838,0.4341326668451367,0.37872,0.33881,0.28737320705433383,0.2430822822559769
27-01-2026 12:25,25134.2,0.27995,0.3071414033263291,0.3415532919832315,0.37419,0.433725424094402,0.4948,0.5554800129328916,0.6154426593863289,0.6766030364353537,0.73799,0.81575,0.8816310853707303,0.94879,0.98686,1.03517,0.94871,0.90214,0.8376510591846509,0.77268,0.709822889732634,0.6475503479051485,0.58404,0.51233,0.47159841405008485,0.42482,0.40127,0.38577,0.38040691680043826
27-01-2026 12:30,25098.2,0.26528903259642506,0.30968668780874953,0.36118,0.4013,0.45691,0.5260251644684066,0.59417,0.6499741796822468,0.7065955660690078,0.76211,0.84146,0.9148326813052982,0.98724,1.0612275110779847,1.0379,0.95103,0.8932741137032154,0.83341,0.7664658029453295,0.70024,0.6322342711096323,0.56307,0.501486349991243,0.4407,0.3733656812812064,0.30925699570365334,0.24533202093821788,0.1817637987633773
27-01-2026 12:35,25099.65,0.32818,0.3445948148635269,0.36352,0.4175260699507667,0.47017,0.5372478346234045,0.602972137389995,0.66877,0.72412,0.7941677393092879,0.86377,0.92022,1.00022,1.03866,1.04009,0.97827,0.90271,0.8409084405308289,0.77878379018046,0.71739,0.6449428331983493,0.57224,0.51253,0.45385,0.42391263278305974,0.3916906868869138,0.3681,0.3593687054795652
27-01-2026 12:40,25084.95,0.30757996519481784,0.3425727106890356,0.3851,0.43265,0.48939,0.55081,0.6174555720283155,0.6842603958520013,0.7505744711801488,0.81686,0.8777055912693968,0.9380733358419997,0.99762,1.04657,1.04478,0.96906,0.9072092185104152,0.84759,0.7731767622173261,0.7011826510703218,0.62832,0.55539,0.49525,0.42177794751951403,0.35286600665906565,0.2844387023246229,0.2166502255610551,0.14962665339918493
27-01-2026 12:45,25083.9,0.27442024172343593,0.3255995525224517,0.38006,0.43751,0.49765,0.5651177314300142,0.63201,0.698033482115541,0.7637895224046944,0.82994,0.8969309147520137,0.9639314196473863,1.0283,1.06306,1.05972,0.98286,0.91795,0.85952,0.78761,0.7134,0.6369,0.5736887129434629,0.50176,0.45209,0.42086,0.40056,0.38685,0.38253590752710365
27-01-2026 12:50,25065.25,0.3993,0.39715,0.42182,0.4785808054121638,0.52555,0.59988,0.66958,0.7264341273306818,0.78377,0.8521894350146562,0.9202122534074617,0.98798,1.04271,1.0947489560871904,1.07631,0.9958285413332455,0.9172381897189397,0.83859,0.7669496886511035,0.69506,0.6210009683118305,0.54605,0.48032828298465413,0.41217,0.36372020385970427,0.31743,0.27444115039864514,0.24051970846074755
27-01-2026 12:55,25094.45,0.33154,0.3502,0.3889,0.4549914157349282,0.5199626061001813,0.58448,0.6500311163952635,0.71484,0.77353,0.84815,0.9150939607104194,0.98176,1.05306,1.124614650152266,1.1086318922382996,1.0344923971830775,0.9602060522273381,0.88526,0.8116485824988307,0.7374,0.6595917433902694,0.57953,0.5150257323383125,0.44418,0.40057,0.36528,0.34277,0.3115
27-01-2026 13:00,25087.35,0.32893,0.348,0.4023236507531546,0.45282,0.52299,0.58998,0.66662,0.72416,0.7961164013303446,0.86777,0.94264,1.00345,1.07589,1.13114,1.1163380823739042,1.03344,0.95265,0.8821525191422783,0.81111,0.74373,0.66463,0.5953104585043507,0.5257416161695834,0.45443,0.408,0.37208,0.3447917026491197,0.32664177884189877
27-01-2026 13:05,25077.3,0.37491,0.387,0.42388,0.47872,0.5369,0.61433,0.69302,0.74483,0.82368,0.87877,0.9458387372683577,1.01338,1.076508429715747,1.13901,1.10891,1.0334439959526833,0.96104,0.90142,0.80672,0.7296377735502406,0.6526435048475778,0.5782433011274144,0.50256,0.44235,0.3957785397936584,0.34786,0.30785,0.27420114256023437
27-01-2026 13:10,25078.6,0.38621,0.39523,0.43152,0.48027,0.54075,0.6185,0.6834,0.75694,0.8313076959069599,0.90538,0.98283,1.04564,1.12058,1.191614565513257,1.12954,1.0551920520116194,0.9811866088248267,0.90732,0.8346906555493872,0.76234,0.68031,0.6113393053626194,0.5413884746420565,0.47408560760442586,0.40577,0.35911,0.31882,0.25628
27-01-2026 13:15,25088.55,0.3051502098147552,0.3678749939950774,0.44149,0.49214102530226544,0.54588,0.6258054395330548,0.70165,0.7687516166246662,0.83383,0.88793,0.99268,1.0597391049509979,1.13316,1.14869,1.15813,1.07422,0.99013,0.9194897033287173,0.8479655166258124,0.77672,0.6951995600944582,0.6137422626470896,0.53137,0.46989,0.41386,0.36185,0.3137306801457639,0.26639
27-01-2026 13:20,25085.9,0.43553,0.43431,0.45449,0.5105455520715017,0.55424,0.6347346010931727,0.71032,0.7843679158957013,0.8590972220791084,0.9311114224470026,1.00047,1.0453,1.15693,1.2338960495030684,1.179969273585977,1.102037632687139,1.0231126544202869,0.9430550680696914,0.8614885646886268,0.78017,0.70546,0.61252,0.5418872207411884,0.47036480107073736,0.39462,0.351206803393753,0.3026,0.23747
27-01-2026 13:25,25098.05,0.46141,0.45251,0.46505,0.50455,0.56244,0.6407043730892095,0.71329,0.78384,0.8617578567702047,0.94142,1.0232533458357662,1.1103145013400508,1.2031190239542822,1.3015502376123498,1.1647828020786548,1.10515,1.0383839837256348,0.9677967001839829,0.89784,0.81566,0.73052,0.64864,0.5690661541289528,0.48879620587710715,0.40676,0.34945,0.30219,0.26316134398610896
27-01-2026 13:30,25112.65,0.36831,0.38375,0.4364397306245186,0.48536,0.5632965090727189,0.63535,0.7161657698990884,0.79586,0.87378,0.947072945684679,1.0204213730842873,1.0929060770640147,1.16419,1.2324032490895418,1.2303158058246473,1.15967,1.08677,1.0078569139886149,0.92938,0.8467817625631813,0.7647386288397803,0.68207,0.5979682536888464,0.5117,0.44197,0.39028,0.35284,0.3271041329817588
27-01-2026 13:35,25095.5,0.28249,0.3510436824135169,0.4248578364050055,0.49482,0.5797477136503182,0.65956,0.7536,0.8196,0.9001423651890667,0.98382,1.0637951592323358,1.1438951913125734,1.2239407744845763,1.3040079522692059,1.21494,1.1437779722465857,1.073110072032716,1.00257,0.93371,0.851062481602602,0.7688248240762687,0.68561,0.6244558121180395,0.56349,0.5611906629411951,0.5494341555879652,0.53098,0.59249
27-01-2026 13:40,25049.05,0.33832388646101375,0.42277,0.49073,0.5754337951688749,0.6597323166745237,0.74594,0.8213643729627902,0.90134,0.9800163061769203,1.06132,1.1209,1.20430437458833,1.2785652768771878,1.3519412649447564,1.20272,1.1359717930184838,1.0654710400926533,0.99634,0.9127986345000648,0.83142,0.73084,0.64204,0.55651,0.4863,0.42132,0.39112,0.36411,0.3539928302841292
27-01-2026 13:45,25044.1,0.42625,0.4657414364828397,0.51533,0.59021,0.674141984890684,0.7502517694466044,0.8270307518693646,0.9045769319659613,0.9830419328601459,1.06364,1.15186,1.2166935136097572,1.2839163661655442,1.34114,1.2358130327165264,1.1607296519706833,1.0821,0.999647257852214,0.91634,0.8252244659852762,0.73498,0.63898,0.5600421468689081,0.48016015945594404,0.39944,0.35232,0.30672,0.2721627751678061
27-01-2026 13:50,25054.3,0.37171,0.43348410565946804,0.5074597393781247,0.57747,0.67696,0.75746,0.85059,0.9272086220206506,1.0053991430791769,1.08021,1.1720846017768964,1.26015,1.34868,1.4311845154563474,1.314,1.2326973242601111,1.15066,1.0622258129689754,0.9741591787135881,0.88599,0.77972,0.686235628334753,0.58948,0.50801,0.4505448653763224,0.39785,0.3585399786625069,0.3330279491007095
27-01-2026 13:55,25040.65,0.38421,0.4699717955882898,0.5553920975325441,0.6405301394869541,0.725797888524958,0.8117643660015422,0.89528,0.97861,1.05464,1.13671,1.2211768924930495,1.30604,1.3896180135993355,1.4743247763821827,1.304076500344915,1.23488,1.1578245832883542,1.0756664873951343,0.99334,0.8902442157078506,0.7867040360951607,0.68166,0.5857168255097336,0.48888,0.40466,0.3379689167272406,0.27081424623946093,0.20917
27-01-2026 14:00,25042.35,0.3146494078115766,0.41450800758044787,0.513786399962135,0.60881,0.70982,0.80406,0.8866269813416329,0.96993,1.0818,1.15066,1.22752,1.3206,1.41273,1.50397,1.3764855104690927,1.28946,1.198318971412439,1.1049587136476227,1.01173,0.9104631239473592,0.8088,0.714757001090307,0.6201869819595585,0.52322,0.44833,0.41858,0.40044488752030766,0.4265018780999546
27-01-2026 14:05,25010.6,0.39868,0.48123,0.5780231137653875,0.67489,0.7733413432262901,0.8716456187996755,0.9696295564684446,1.0674,1.15967,1.2452081715652445,1.3303110950075832,1.4146616881084983,1.4977215561776247,1.57916,1.35802,1.27511,1.1775374517062733,1.0814676526584395,0.9835345637141972,0.8840780248619458,0.78825,0.67908,0.56582,0.47476,0.40031838723482516,0.32586,0.22479721543418207,0.12281
27-01-2026 14:10,25041.35,0.37357,0.45821,0.55878,0.6649306876178087,0.77277,0.86212,0.94634,1.05464,1.1494572935307679,1.25296,1.323446831630936,1.40178,1.49949,1.56997,1.6253125891799691,1.4377711320107938,1.2770680142395572,1.14421,1.0163,0.91977,0.8388,0.72874,0.6239969742434411,0.51409,0.4374172796776988,0.3543,0.31415,0.28787173155415663
27-01-2026 14:15,25034.25,0.3695,0.45459,0.56798,0.67166,0.7799010249730451,0.89058,0.9866041118401494,1.08509,1.19427,1.31635,1.3984671429091569,1.4865861210759164,1.55624,1.6558377796940975,1.460524706933275,1.35926,1.27862545612932,1.18998,1.05823,0.9505432064808812,0.845520624518563,0.73568,0.637270024522981,0.52151,0.4601107645389253,0.3873675501361158,0.31669,0.27147
27-01-2026 14:20,25028.4,0.40083,0.49571783841198613,0.59172,0.6963459785514468,0.79921,0.89922,1.000781921974807,1.10091,1.2045907311127273,1.307192675382197,1.4101121817613897,1.51294,1.61732,1.719575045983777,1.48547,1.3981070813615282,1.3076,1.1887310914883984,1.07166,0.96811,0.861509555987299,0.75421,0.6467,0.5403,0.44549,0.40155218464391224,0.34854,0.28994
27-01-2026 14:25,25022.0,0.42522,0.51321,0.62323,0.7317,0.84639,0.9448739396673423,1.04852,1.1513894120486983,1.2576902377279366,1.3623389270476325,1.46805,1.55096,1.65772,1.76347,1.573963199779679,1.458564649897682,1.3430302077356342,1.22728,1.113064418309113,0.9978172718737197,0.88354,0.76492,0.64858,0.5281,0.4254712663047541,0.31839478473099386,0.21480738536390412,0.11719
27-01-2026 14:30,25040.85,0.39181,0.50066,0.62518,0.75971,0.88623,0.99624,1.1184396897239515,1.2432,1.34177,1.46343,1.56662,1.66481,1.7581084611075137,1.8436910779856428,1.57868,1.49654,1.4087123146343745,1.32053,1.1971442847652285,1.0736295279439703,0.9470710198674126,0.8212,0.6962650428911159,0.57136,0.45098,0.3324203171064384,0.21676620817433936,0.10364617541366995
27-01-2026 14:35,25042.95,0.54896,0.57786,0.6765964954013497,0.76466,0.89905,1.006527795046689,1.09641,1.2348665325030277,1.366311612593861,1.50913,1.5947864395972142,1.694514506607554,1.77649,1.8913827802342087,1.65134,1.52633,1.4258921990330897,1.3260278024647087,1.2258141952048538,1.12711,0.9994385432873345,0.87119,0.74329,0.60591,0.46679,0.33068681512319736,0.19241325917697866,0.05373488596078586
27-01-2026 14:40,25097.55,0.33389,0.42508,0.5464231741848505,0.6674572273906866,0.78645,0.9107990747294143,1.03769,1.16763,1.23569,1.3671032596992982,1.5001714266723178,1.63715,1.7350559419004337,1.83068,1.7994,1.6687,1.5700159569546956,1.47385,1.33685,1.22119,1.06074,0.9274563493536282,0.781151320593029,0.6314884648763148,0.47865671487276273,0.32331766912715015,0.16631951516149177,0.025598864590997288
27-01-2026 14:45,25108.1,0.29335735825867515,0.42842,0.5591374162795271,0.68849,0.8273,0.97349,1.11692,1.2173894231476383,1.32278,1.48454,1.58344,1.7156313228348772,1.8390641373208372,1.962043426839686,1.7869903909192844,1.71363,1.6269460593074616,1.53578,1.4102733617826062,1.2833792570613833,1.15422,1.014015383643747,0.874326541585627,0.7318829161138641,0.58912,0.43418,0.30565,0.20319
27-01-2026 14:50,25122.3,0.2940401404266394,0.4328,0.55658,0.6994844792401383,0.84021,0.9529,1.12283,1.244601126463973,1.370289877102699,1.4933345734375414,1.61719,1.7495263644959143,1.88216,2.010146780379692,2.019057096336762,1.89989,1.7765312882647848,1.6476803713564587,1.514721386870439,1.378555014495678,1.24586,1.08792,0.94426,0.78047,0.6253352841209072,0.47032,0.31555,0.1547334120176398
27-01-2026 14:55,25143.55,0.35345,0.4379926326705881,0.52999,0.6878142815831607,0.82563,1.0072,1.1364239178568356,1.2684098313935785,1.40702,1.55288,1.6703914742475898,1.7779,1.8721667400619175,1.9416378809519568,2.1290818750276848,2.06243,1.9664674725612135,1.86546,1.708837558405518,1.55776,1.38835,1.2282714555532015,1.068159545865835,0.90835,0.7386285885521505,0.5691550571435614,0.39964,0.24166
27-01-2026 15:00,25118.0,0.22867,0.4096051104820241,0.58348726828918,0.7516000574011215,0.9139051260037057,1.0701887693579806,1.24115,1.3545490804692046,1.4768173489643963,1.603772648266517,1.71452,2.02809,2.10815,2.13811,2.2478640093968214,2.11407,1.9501,1.8312792113275398,1.72376,1.5417809721045217,1.37437,1.19798,1.0279135605243581,0.8570887949083044,0.6874697958413317,0.51939,0.34909484598682083,0.17892847301633147
27-01-2026 15:05,25134.65,0.20763,0.42034,0.58577,0.74767,0.96576,1.127090204035534,1.2939140659362622,1.457028611284013,1.62229,1.78968,1.9609785980048116,2.1295385193646355,2.2975916565026564,2.465180494676142,2.60916,2.34411,2.1780613759129377,2.012852170783972,1.8490862947650637,1.68275,1.44213,1.2821340812500641,1.11695,0.95237,0.75249,0.5407804629666338,0.33054046538327314,0.11644
27-01-2026 15:10,25154.95,0.22709626829581922,0.40933,0.6209127470180857,0.82645,0.9796213519033818,1.12661,1.3538608003215051,1.58429,1.7641340113118584,1.96159,2.03204,2.3302,2.4551554320882674,2.55189,3.022694709605317,2.791823381496816,2.562479237167346,2.3341477216527506,2.13017,1.85502,1.65228,1.44843,1.2431,0.97402,0.7703456035442677,0.5569987941415816,0.35569000394951067,0.17324
27-01-2026 15:15,25174.85,0.2236111504892968,0.42629,0.6745,0.81392,1.03772,1.2642574580712918,1.47205,1.7193688140199437,1.961851957649936,2.22048,2.3663315121214263,2.50644,2.740750912527641,2.9265539860660037,3.17201,2.95157,2.88296,2.51011,2.2923089321560486,2.06703,1.851690545749747,1.62086,1.39592,1.1905156621495638,1.00123,0.7461371921404674,0.5026883529088705,0.23712
27-01-2026 15:20,25198.1,0.12096373096393111,0.39816,0.6615038343504951,0.9352491554217861,1.20671,1.5257185967735725,1.84647,2.00071,2.3274421958508578,2.6557,2.76165,3.043396944392554,3.335825346579865,3.69076,3.9495895334306708,3.67815717850631,3.40433,3.13418,2.86358,2.5901498945837287,2.3172713090553296,2.04698,1.7686101163711645,1.4953,1.21558,0.9470351644663324,0.68798,0.3404
27-01-2026 15:25,25242.4,0.03726,0.35816,0.73157,1.1173330871996145,1.5054921914095132,1.8924857008207971,2.2788065578455665,2.66246,3.02705,3.385459423093333,3.74259,4.093293661372509,4.439801665477797,4.78305742709995,5.764858895571358,5.38476,4.97453,4.59339,4.21172,3.82782248601902,3.4433619947208625,3.0583817267253828,2.6739,2.28444,1.899827415371211,1.5133289554277027,1.126365268103929,0.7388412357275255
