id,value
07-01-2026 09:15||NIFTY27JAN2624100PE,0.16267627433628337
07-01-2026 09:15||NIFTY27JAN2625500CE,0.1134130298824883
07-01-2026 09:15||NIFTY27JAN2625800CE,0.10180234864431129
07-01-2026 09:20||NIFTY27JAN2624000PE,0.16945355007379914
07-01-2026 09:20||NIFTY27JAN2624200PE,0.1588968149181391
07-01-2026 09:20||NIFTY27JAN2624800PE,0.1282085010667927
07-01-2026 09:20||NIFTY27JAN2625000PE,0.11836136032155506
07-01-2026 09:20||NIFTY27JAN2625300CE,0.10127921762675732
07-01-2026 09:20||NIFTY27JAN2625400CE,0.10762032358536992
07-01-2026 09:20||NIFTY27JAN2625800CE,0.10661061701104035
07-01-2026 09:20||NIFTY27JAN2625900CE,0.10164263950548015
07-01-2026 09:25||NIFTY27JAN2624300PE,0.15413072679023374
07-01-2026 09:25||NIFTY27JAN2625100PE,0.11301509926234046
07-01-2026 09:25||NIFTY27JAN2625300CE,0.09379309955634088
07-01-2026 09:25||NIFTY27JAN2626500CE,0.08930864400520439
07-01-2026 09:30||NIFTY27JAN2623900PE,0.17617581172742336
07-01-2026 09:30||NIFTY27JAN2624300PE,0.15312854120026775
07-01-2026 09:30||NIFTY27JAN2625900CE,0.10204449798021391
07-01-2026 09:30||NIFTY27JAN2626400CE,0.09069622142590696
07-01-2026 09:35||NIFTY27JAN2623900PE,0.17643518423340349
07-01-2026 09:35||NIFTY27JAN2624600PE,0.13748630834997777
07-01-2026 09:35||NIFTY27JAN2625100PE,0.11277124745076791
07-01-2026 09:35||NIFTY27JAN2625900CE,0.10247989533627164
07-01-2026 09:35||NIFTY27JAN2626100CE,0.09640568777552384
07-01-2026 09:40||NIFTY27JAN2625100PE,0.11313603819834928
07-01-2026 09:40||NIFTY27JAN2625600CE,0.08628500000000046
07-01-2026 09:40||NIFTY27JAN2625800CE,0.08734
07-01-2026 09:40||NIFTY27JAN2625900CE,0.0845
07-01-2026 09:40||NIFTY27JAN2626200CE,0.0834350000000002
07-01-2026 09:45||NIFTY27JAN2625000PE,0.11569076952093482
07-01-2026 09:45||NIFTY27JAN2625200CE,0.08545009840835938
07-01-2026 09:45||NIFTY27JAN2625900CE,0.09996890843197412
07-01-2026 09:45||NIFTY27JAN2626400CE,0.08956383676606611
07-01-2026 09:50||NIFTY27JAN2623800PE,0.1808681707987692
07-01-2026 09:50||NIFTY27JAN2624500PE,0.14116042985353613
07-01-2026 09:50||NIFTY27JAN2624900PE,0.12074347325226244
07-01-2026 09:50||NIFTY27JAN2625200CE,0.12687836879340608
07-01-2026 09:50||NIFTY27JAN2625500CE,0.10993790214385513
07-01-2026 09:50||NIFTY27JAN2625600CE,0.10634821429168895
07-01-2026 09:50||NIFTY27JAN2626400CE,0.08824878110359258
07-01-2026 09:55||NIFTY27JAN2624300PE,0.15183937462146702
07-01-2026 09:55||NIFTY27JAN2624700PE,0.13031289553375025
07-01-2026 09:55||NIFTY27JAN2625000PE,0.11511481942930057
07-01-2026 09:55||NIFTY27JAN2625500CE,0.12204360891110369
07-01-2026 09:55||NIFTY27JAN2625800CE,0.11138838687803687
07-01-2026 09:55||NIFTY27JAN2625900CE,0.10753930354170776
07-01-2026 10:00||NIFTY27JAN2624600PE,0.13766407974771155
07-01-2026 10:00||NIFTY27JAN2625000PE,0.11724464719838057
07-01-2026 10:00||NIFTY27JAN2625900CE,0.0999119726373474
07-01-2026 10:00||NIFTY27JAN2626100CE,0.0952445440229662
07-01-2026 10:00||NIFTY27JAN2626500CE,0.09293882528155349
07-01-2026 10:05||NIFTY27JAN2625200CE,0.09691239853335329
07-01-2026 10:05||NIFTY27JAN2625500CE,0.1055918829636321
07-01-2026 10:05||NIFTY27JAN2626300CE,0.09688858594166318
07-01-2026 10:10||NIFTY27JAN2623800PE,0.18298177327217496
07-01-2026 10:10||NIFTY27JAN2623900PE,0.1772504418475319
07-01-2026 10:10||NIFTY27JAN2624200PE,0.16101140366696853
07-01-2026 10:10||NIFTY27JAN2625500CE,0.10480633164242828
07-01-2026 10:10||NIFTY27JAN2625600CE,0.1040482517175408
07-01-2026 10:10||NIFTY27JAN2625700CE,0.10311538328180317
07-01-2026 10:10||NIFTY27JAN2625900CE,0.10073660956306538
07-01-2026 10:10||NIFTY27JAN2626000CE,0.09929607526401275
07-01-2026 10:15||NIFTY27JAN2623900PE,0.17826898326178295
07-01-2026 10:15||NIFTY27JAN2625700CE,0.09276011540910559
07-01-2026 10:15||NIFTY27JAN2626100CE,0.08590205687722623
07-01-2026 10:15||NIFTY27JAN2626200CE,0.08541818591338537
07-01-2026 10:15||NIFTY27JAN2626500CE,0.08901264325543125
07-01-2026 10:20||NIFTY27JAN2624000PE,0.17229722187549523
07-01-2026 10:20||NIFTY27JAN2624200PE,0.16135648291461413
07-01-2026 10:20||NIFTY27JAN2624300PE,0.15593906191135343
07-01-2026 10:20||NIFTY27JAN2624500PE,0.14521011685919305
07-01-2026 10:20||NIFTY27JAN2625500CE,0.11186088589948184
07-01-2026 10:20||NIFTY27JAN2625700CE,0.10233987489639063
07-01-2026 10:20||NIFTY27JAN2626100CE,0.08993302811064652
07-01-2026 10:25||NIFTY27JAN2624000PE,0.171061562094184
07-01-2026 10:25||NIFTY27JAN2624100PE,0.16554081812589727
07-01-2026 10:25||NIFTY27JAN2625600CE,0.10144
07-01-2026 10:25||NIFTY27JAN2625700CE,0.09325
07-01-2026 10:25||NIFTY27JAN2626100CE,0.089555
07-01-2026 10:30||NIFTY27JAN2624200PE,0.1592051089289021
07-01-2026 10:30||NIFTY27JAN2625100PE,0.11152254359391611
07-01-2026 10:30||NIFTY27JAN2625500CE,0.1183012853766888
07-01-2026 10:30||NIFTY27JAN2625600CE,0.11184410251268272
07-01-2026 10:30||NIFTY27JAN2626000CE,0.09501516000509785
07-01-2026 10:30||NIFTY27JAN2626200CE,0.09033856212037986
07-01-2026 10:30||NIFTY27JAN2626300CE,0.08875873152029284
07-01-2026 10:35||NIFTY27JAN2623800PE,0.18224090821790823
07-01-2026 10:35||NIFTY27JAN2624200PE,0.15923913739886875
07-01-2026 10:35||NIFTY27JAN2624500PE,0.14262281735916782
07-01-2026 10:35||NIFTY27JAN2625000PE,0.11617915852732306
07-01-2026 10:35||NIFTY27JAN2625400CE,0.12660789004509138
07-01-2026 10:35||NIFTY27JAN2625500CE,0.11441984567822461
07-01-2026 10:35||NIFTY27JAN2626100CE,0.09484645941071349
07-01-2026 10:35||NIFTY27JAN2626300CE,0.08968435634389933
07-01-2026 10:40||NIFTY27JAN2623900PE,0.17715235864843917
07-01-2026 10:40||NIFTY27JAN2624900PE,0.12224059234034627
07-01-2026 10:40||NIFTY27JAN2625100PE,0.11186893439282755
07-01-2026 10:40||NIFTY27JAN2625200CE,0.13075098494134144
07-01-2026 10:40||NIFTY27JAN2625400CE,0.1172291383616173
07-01-2026 10:40||NIFTY27JAN2625600CE,0.10782500647461823
07-01-2026 10:40||NIFTY27JAN2625800CE,0.1001385344747785
07-01-2026 10:40||NIFTY27JAN2626100CE,0.09182943876344041
07-01-2026 10:40||NIFTY27JAN2626300CE,0.08843711648149544
07-01-2026 10:45||NIFTY27JAN2624000PE,0.17054220647496152
07-01-2026 10:45||NIFTY27JAN2625100PE,0.11145157205598322
07-01-2026 10:45||NIFTY27JAN2625300CE,0.12081266391380116
07-01-2026 10:45||NIFTY27JAN2626000CE,0.09537181691677872
07-01-2026 10:45||NIFTY27JAN2626400CE,0.08721031498640837
07-01-2026 10:50||NIFTY27JAN2623900PE,0.17637826839639836
07-01-2026 10:50||NIFTY27JAN2624200PE,0.15978227245004806
07-01-2026 10:50||NIFTY27JAN2625600CE,0.1156058220093485
07-01-2026 10:50||NIFTY27JAN2625800CE,0.10427721549886407
07-01-2026 10:55||NIFTY27JAN2624300PE,0.1557852631643917
07-01-2026 10:55||NIFTY27JAN2624900PE,0.1234468940778124
07-01-2026 10:55||NIFTY27JAN2625500CE,0.10213888818494923
07-01-2026 11:00||NIFTY27JAN2624200PE,0.16083111568432934
07-01-2026 11:00||NIFTY27JAN2626500CE,0.08513576515057271
07-01-2026 11:05||NIFTY27JAN2624300PE,0.15669110193109326
07-01-2026 11:05||NIFTY27JAN2624600PE,0.1404032405975455
07-01-2026 11:05||NIFTY27JAN2624800PE,0.12972684977320847
07-01-2026 11:05||NIFTY27JAN2625200CE,0.11054486288893753
07-01-2026 11:05||NIFTY27JAN2626000CE,0.09503500000076529
07-01-2026 11:05||NIFTY27JAN2626200CE,0.0901399999994875
07-01-2026 11:10||NIFTY27JAN2624400PE,0.15011549603837882
07-01-2026 11:10||NIFTY27JAN2624800PE,0.12868126888873954
07-01-2026 11:10||NIFTY27JAN2625200CE,0.10830379311299983
07-01-2026 11:10||NIFTY27JAN2625500CE,0.10591570550319643
07-01-2026 11:10||NIFTY27JAN2625700CE,0.1006036961811854
07-01-2026 11:10||NIFTY27JAN2625900CE,0.09467794579986101
07-01-2026 11:10||NIFTY27JAN2626300CE,0.08821069512716388
07-01-2026 11:15||NIFTY27JAN2624000PE,0.17091192467852778
07-01-2026 11:15||NIFTY27JAN2624800PE,0.12730638966620056
07-01-2026 11:15||NIFTY27JAN2625400CE,0.12297816024976041
07-01-2026 11:15||NIFTY27JAN2626100CE,0.0924392383968656
07-01-2026 11:15||NIFTY27JAN2626300CE,0.0898904365343629
07-01-2026 11:20||NIFTY27JAN2623800PE,0.18223289586586772
07-01-2026 11:20||NIFTY27JAN2624200PE,0.15998214066924152
07-01-2026 11:20||NIFTY27JAN2624900PE,0.12205805962329946
07-01-2026 11:20||NIFTY27JAN2625300CE,0.12559560230415917
07-01-2026 11:20||NIFTY27JAN2625700CE,0.10243637611614866
07-01-2026 11:20||NIFTY27JAN2626000CE,0.09169113782611388
07-01-2026 11:25||NIFTY27JAN2623800PE,0.18168853613572697
07-01-2026 11:25||NIFTY27JAN2624400PE,0.14824009072979713
07-01-2026 11:25||NIFTY27JAN2624800PE,0.12650504953460973
07-01-2026 11:25||NIFTY27JAN2625300CE,0.13244451233065851
07-01-2026 11:25||NIFTY27JAN2625700CE,0.10957228842050247
07-01-2026 11:25||NIFTY27JAN2625800CE,0.10472271977378292
07-01-2026 11:25||NIFTY27JAN2625900CE,0.10031944006203602
07-01-2026 11:25||NIFTY27JAN2626000CE,0.09650802876670915
07-01-2026 11:25||NIFTY27JAN2626200CE,0.09106269795440229
07-01-2026 11:30||NIFTY27JAN2624300PE,0.15424314544637577
07-01-2026 11:30||NIFTY27JAN2624400PE,0.14856907955819243
07-01-2026 11:35||NIFTY27JAN2624900PE,0.12264537329756717
07-01-2026 11:35||NIFTY27JAN2626300CE,0.08741898828484228
07-01-2026 11:40||NIFTY27JAN2624000PE,0.1707240160392689
07-01-2026 11:40||NIFTY27JAN2624500PE,0.14323911593902272
07-01-2026 11:40||NIFTY27JAN2625200CE,0.1443735619581593
07-01-2026 11:40||NIFTY27JAN2625900CE,0.1015440717415648
07-01-2026 11:45||NIFTY27JAN2624000PE,0.1700664489661987
07-01-2026 11:45||NIFTY27JAN2625000PE,0.11576789300951873
07-01-2026 11:45||NIFTY27JAN2625500CE,0.12128176161416704
07-01-2026 11:45||NIFTY27JAN2625600CE,0.11459005449286153
07-01-2026 11:45||NIFTY27JAN2626400CE,0.08945941334322782
07-01-2026 11:50||NIFTY27JAN2624000PE,0.1701496963573077
07-01-2026 11:50||NIFTY27JAN2624600PE,0.13713436757060338
07-01-2026 11:50||NIFTY27JAN2625700CE,0.10273500703262957
07-01-2026 11:50||NIFTY27JAN2626400CE,0.08645448893894422
07-01-2026 11:55||NIFTY27JAN2623900PE,0.17550340598846617
07-01-2026 11:55||NIFTY27JAN2625200CE,0.15972368405175705
07-01-2026 11:55||NIFTY27JAN2625400CE,0.12459422866938041
07-01-2026 11:55||NIFTY27JAN2626100CE,0.09047011864301524
07-01-2026 11:55||NIFTY27JAN2626300CE,0.08777027594559428
07-01-2026 12:00||NIFTY27JAN2624300PE,0.15240622032595594
07-01-2026 12:00||NIFTY27JAN2624500PE,0.14131397493414574
07-01-2026 12:00||NIFTY27JAN2625500CE,0.1223639449172135
07-01-2026 12:00||NIFTY27JAN2625600CE,0.11266742348753706
07-01-2026 12:00||NIFTY27JAN2626400CE,0.08855995636699059
07-01-2026 12:05||NIFTY27JAN2624200PE,0.157711303363851
07-01-2026 12:05||NIFTY27JAN2624300PE,0.15183621876688147
07-01-2026 12:05||NIFTY27JAN2625300CE,0.14789191370346733
07-01-2026 12:05||NIFTY27JAN2625900CE,0.10049585204112928
07-01-2026 12:05||NIFTY27JAN2626000CE,0.09369687467681916
07-01-2026 12:05||NIFTY27JAN2626300CE,0.09051557043431276
07-01-2026 12:05||NIFTY27JAN2626400CE,0.08852701163695431
07-01-2026 12:10||NIFTY27JAN2624000PE,0.1684894202898528
07-01-2026 12:10||NIFTY27JAN2625200CE,0.17128254056798473
07-01-2026 12:10||NIFTY27JAN2625600CE,0.11723726684316915
07-01-2026 12:10||NIFTY27JAN2626500CE,0.08732536061451089
07-01-2026 12:15||NIFTY27JAN2624300PE,0.15146840860215072
07-01-2026 12:15||NIFTY27JAN2625000PE,0.11483004110315687
07-01-2026 12:15||NIFTY27JAN2625100PE,0.10992693701138823
07-01-2026 12:15||NIFTY27JAN2625300CE,0.15156888039102512
07-01-2026 12:15||NIFTY27JAN2625500CE,0.1293153430310099
07-01-2026 12:15||NIFTY27JAN2625600CE,0.12001049536714703
07-01-2026 12:20||NIFTY27JAN2624000PE,0.16834307363687095
07-01-2026 12:20||NIFTY27JAN2624400PE,0.14576989544687802
07-01-2026 12:20||NIFTY27JAN2625100PE,0.11044215110906624
07-01-2026 12:20||NIFTY27JAN2626100CE,0.09532044722923268
07-01-2026 12:25||NIFTY27JAN2624400PE,0.1462126099403127
07-01-2026 12:25||NIFTY27JAN2624600PE,0.13558049039352227
07-01-2026 12:25||NIFTY27JAN2624700PE,0.1304133569313901
07-01-2026 12:25||NIFTY27JAN2625300CE,0.13411872661636792
07-01-2026 12:25||NIFTY27JAN2626300CE,0.08942069303139988
07-01-2026 12:30||NIFTY27JAN2623800PE,0.1803256481434417
07-01-2026 12:30||NIFTY27JAN2624000PE,0.16816916451311315
07-01-2026 12:30||NIFTY27JAN2624100PE,0.16267504224629237
07-01-2026 12:30||NIFTY27JAN2624500PE,0.1411509000934732
07-01-2026 12:30||NIFTY27JAN2624600PE,0.13588295128388417
07-01-2026 12:30||NIFTY27JAN2625200CE,0.1407143242074026
07-01-2026 12:30||NIFTY27JAN2626300CE,0.09149221043167373
07-01-2026 12:35||NIFTY27JAN2625100PE,0.11054961344521096
07-01-2026 12:35||NIFTY27JAN2625300CE,0.13019484848483387
07-01-2026 12:35||NIFTY27JAN2625400CE,0.12391999999998404
07-01-2026 12:35||NIFTY27JAN2626300CE,0.09163727272724742
07-01-2026 12:35||NIFTY27JAN2626500CE,0.08660521299270052
07-01-2026 12:40||NIFTY27JAN2625100PE,0.1106325770691254
07-01-2026 12:40||NIFTY27JAN2625700CE,0.09943426909076117
07-01-2026 12:45||NIFTY27JAN2623800PE,0.1789615882035558
07-01-2026 12:45||NIFTY27JAN2624000PE,0.16650210669569906
07-01-2026 12:45||NIFTY27JAN2624900PE,0.1193321040419157
07-01-2026 12:45||NIFTY27JAN2625000PE,0.11410831246597582
07-01-2026 12:45||NIFTY27JAN2625800CE,0.10274218293545961
07-01-2026 12:45||NIFTY27JAN2626400CE,0.08772138826834039
07-01-2026 12:50||NIFTY27JAN2624400PE,0.1450878247468088
07-01-2026 12:50||NIFTY27JAN2624700PE,0.12918645750770708
07-01-2026 12:50||NIFTY27JAN2625100PE,0.10917214523035712
07-01-2026 12:50||NIFTY27JAN2626300CE,0.09028549176548799
07-01-2026 12:55||NIFTY27JAN2623800PE,0.17944389822546825
07-01-2026 12:55||NIFTY27JAN2623900PE,0.17358205932645188
07-01-2026 12:55||NIFTY27JAN2625100PE,0.10882893805611626
07-01-2026 12:55||NIFTY27JAN2625200CE,0.13608801526364367
07-01-2026 12:55||NIFTY27JAN2625300CE,0.12973906182959283
07-01-2026 13:00||NIFTY27JAN2624000PE,0.16828629582337687
07-01-2026 13:00||NIFTY27JAN2624400PE,0.1459493193771851
07-01-2026 13:00||NIFTY27JAN2624600PE,0.13498090055997228
07-01-2026 13:00||NIFTY27JAN2625300CE,0.13022043382941995
07-01-2026 13:00||NIFTY27JAN2625800CE,0.10485500340703524
07-01-2026 13:05||NIFTY27JAN2623900PE,0.1740607812481077
07-01-2026 13:05||NIFTY27JAN2624700PE,0.1300514179477645
07-01-2026 13:05||NIFTY27JAN2625200CE,0.13440641131604483
07-01-2026 13:05||NIFTY27JAN2625400CE,0.11665886889362183
07-01-2026 13:05||NIFTY27JAN2626100CE,0.09405462940086359
07-01-2026 13:10||NIFTY27JAN2624400PE,0.14620046504230133
07-01-2026 13:10||NIFTY27JAN2624700PE,0.1301927527635946
07-01-2026 13:10||NIFTY27JAN2625400CE,0.1179141698129964
07-01-2026 13:10||NIFTY27JAN2625900CE,0.09770745662152436
07-01-2026 13:10||NIFTY27JAN2626400CE,0.08665779092843096
07-01-2026 13:15||NIFTY27JAN2624600PE,0.13502423547918493
07-01-2026 13:15||NIFTY27JAN2625400CE,0.12137441606674138
07-01-2026 13:15||NIFTY27JAN2625500CE,0.11637544531398802
07-01-2026 13:15||NIFTY27JAN2625700CE,0.1074780439133054
07-01-2026 13:15||NIFTY27JAN2625800CE,0.10357961326537435
07-01-2026 13:15||NIFTY27JAN2626400CE,0.08789281011154948
07-01-2026 13:20||NIFTY27JAN2624000PE,0.1671731282518052
07-01-2026 13:20||NIFTY27JAN2624500PE,0.14035954494471536
07-01-2026 13:20||NIFTY27JAN2624800PE,0.12490098581989878
07-01-2026 13:20||NIFTY27JAN2624900PE,0.11955034916547266
07-01-2026 13:20||NIFTY27JAN2625000PE,0.11418542170424748
07-01-2026 13:20||NIFTY27JAN2626300CE,0.08708322826086207
07-01-2026 13:25||NIFTY27JAN2624200PE,0.15520538509307322
07-01-2026 13:25||NIFTY27JAN2624600PE,0.13376203790546204
07-01-2026 13:25||NIFTY27JAN2624700PE,0.1282281914762496
07-01-2026 13:25||NIFTY27JAN2625100PE,0.10777635781967544
07-01-2026 13:25||NIFTY27JAN2626300CE,0.08934604230062672
07-01-2026 13:25||NIFTY27JAN2626400CE,0.08804614944165653
07-01-2026 13:25||NIFTY27JAN2626500CE,0.0862531188835927
07-01-2026 13:30||NIFTY27JAN2624000PE,0.1664340465953651
07-01-2026 13:30||NIFTY27JAN2624400PE,0.14409191551032308
07-01-2026 13:30||NIFTY27JAN2624600PE,0.13327568022414482
07-01-2026 13:30||NIFTY27JAN2624900PE,0.11749486511530804
07-01-2026 13:30||NIFTY27JAN2625300CE,0.1343797181554902
07-01-2026 13:30||NIFTY27JAN2625700CE,0.11117861792858824
07-01-2026 13:30||NIFTY27JAN2625800CE,0.10571617387160728
07-01-2026 13:30||NIFTY27JAN2626500CE,0.08720498386088794
07-01-2026 13:35||NIFTY27JAN2623900PE,0.1726902915638524
07-01-2026 13:35||NIFTY27JAN2624200PE,0.15541920914337704
07-01-2026 13:35||NIFTY27JAN2624300PE,0.14979159307019696
07-01-2026 13:35||NIFTY27JAN2625100PE,0.1073920152653572
07-01-2026 13:35||NIFTY27JAN2625200CE,0.13960639680050418
07-01-2026 13:35||NIFTY27JAN2625300CE,0.1317174223980789
07-01-2026 13:40||NIFTY27JAN2624300PE,0.14958346135463385
07-01-2026 13:40||NIFTY27JAN2625000PE,0.1124722501024138
07-01-2026 13:40||NIFTY27JAN2625700CE,0.11114001746445547
07-01-2026 13:40||NIFTY27JAN2626100CE,0.09546018432620619
07-01-2026 13:45||NIFTY27JAN2623900PE,0.17246251414628677
07-01-2026 13:45||NIFTY27JAN2624200PE,0.15491855370398966
07-01-2026 13:45||NIFTY27JAN2624600PE,0.13283285365726805
07-01-2026 13:45||NIFTY27JAN2625200CE,0.13495924375298815
07-01-2026 13:45||NIFTY27JAN2625400CE,0.1304459090909269
07-01-2026 13:50||NIFTY27JAN2623800PE,0.1777162577239899
07-01-2026 13:50||NIFTY27JAN2623900PE,0.17178772741276604
07-01-2026 13:50||NIFTY27JAN2624100PE,0.16119217962003507
07-01-2026 13:55||NIFTY27JAN2624400PE,0.14431131135836237
07-01-2026 13:55||NIFTY27JAN2625100PE,0.10758438134587821
07-01-2026 13:55||NIFTY27JAN2625300CE,0.13316309774234475
07-01-2026 13:55||NIFTY27JAN2625800CE,0.10788676462172875
07-01-2026 13:55||NIFTY27JAN2626400CE,0.08940611971588065
07-01-2026 14:00||NIFTY27JAN2623800PE,0.17727866759398647
07-01-2026 14:00||NIFTY27JAN2623900PE,0.17165870676592956
07-01-2026 14:00||NIFTY27JAN2625400CE,0.1227071218127667
07-01-2026 14:00||NIFTY27JAN2625500CE,0.1123786953547158
07-01-2026 14:00||NIFTY27JAN2625900CE,0.10223552920569942
07-01-2026 14:00||NIFTY27JAN2626200CE,0.09288783955632918
07-01-2026 14:05||NIFTY27JAN2624000PE,0.16682054773559196
07-01-2026 14:05||NIFTY27JAN2624200PE,0.1559771164817545
07-01-2026 14:05||NIFTY27JAN2624400PE,0.14521966433970146
07-01-2026 14:05||NIFTY27JAN2625900CE,0.10074192423186643
07-01-2026 14:05||NIFTY27JAN2626000CE,0.09710562892670549
07-01-2026 14:05||NIFTY27JAN2626300CE,0.08938905469074673
07-01-2026 14:10||NIFTY27JAN2623800PE,0.17788248365065384
07-01-2026 14:10||NIFTY27JAN2624000PE,0.16665352913944084
07-01-2026 14:10||NIFTY27JAN2624700PE,0.12962689738493946
07-01-2026 14:10||NIFTY27JAN2626100CE,0.09406424287051368
07-01-2026 14:10||NIFTY27JAN2626200CE,0.0899244125724404
07-01-2026 14:10||NIFTY27JAN2626400CE,0.08634749156744692
07-01-2026 14:15||NIFTY27JAN2625200CE,0.12076642938855922
07-01-2026 14:15||NIFTY27JAN2625600CE,0.10648536981722323
07-01-2026 14:15||NIFTY27JAN2625900CE,0.09607581959491718
07-01-2026 14:15||NIFTY27JAN2626200CE,0.0889031746952682
07-01-2026 14:20||NIFTY27JAN2623800PE,0.17741971319594638
07-01-2026 14:20||NIFTY27JAN2624500PE,0.13972876991459757
07-01-2026 14:20||NIFTY27JAN2625400CE,0.11852073366048022
07-01-2026 14:20||NIFTY27JAN2625700CE,0.1048714211001097
07-01-2026 14:20||NIFTY27JAN2626300CE,0.08824693378378323
07-01-2026 14:25||NIFTY27JAN2623900PE,0.17223951621858447
07-01-2026 14:25||NIFTY27JAN2625400CE,0.11907836933790719
07-01-2026 14:25||NIFTY27JAN2625700CE,0.10696372436300666
07-01-2026 14:25||NIFTY27JAN2625900CE,0.0994557072225097
07-01-2026 14:25||NIFTY27JAN2626300CE,0.0893339166002729
07-01-2026 14:30||NIFTY27JAN2624800PE,0.12447983124143604
07-01-2026 14:30||NIFTY27JAN2625100PE,0.10797868712581687
07-01-2026 14:30||NIFTY27JAN2625300CE,0.11585313217919258
07-01-2026 14:30||NIFTY27JAN2626300CE,0.08630576277212447
07-01-2026 14:35||NIFTY27JAN2624000PE,0.16633060225102356
07-01-2026 14:35||NIFTY27JAN2624100PE,0.16111473841236154
07-01-2026 14:35||NIFTY27JAN2624400PE,0.14531303559962144
07-01-2026 14:35||NIFTY27JAN2624700PE,0.129340378611072
07-01-2026 14:35||NIFTY27JAN2625000PE,0.11324909878048146
07-01-2026 14:35||NIFTY27JAN2626400CE,0.08736055993339274
07-01-2026 14:35||NIFTY27JAN2626500CE,0.08596042937343129
07-01-2026 14:40||NIFTY27JAN2623800PE,0.17788022376075907
07-01-2026 14:40||NIFTY27JAN2624100PE,0.16240363958808457
07-01-2026 14:40||NIFTY27JAN2625100PE,0.10817940687544281
07-01-2026 14:40||NIFTY27JAN2625400CE,0.1175999458705377
07-01-2026 14:40||NIFTY27JAN2626200CE,0.09292571803887091
07-01-2026 14:45||NIFTY27JAN2623800PE,0.1776427108922009
07-01-2026 14:45||NIFTY27JAN2624000PE,0.16842083788114756
07-01-2026 14:45||NIFTY27JAN2624200PE,0.15736967022920637
07-01-2026 14:45||NIFTY27JAN2624500PE,0.14088096347749432
07-01-2026 14:45||NIFTY27JAN2624900PE,0.11947662129744929
07-01-2026 14:50||NIFTY27JAN2623900PE,0.1723649566816302
07-01-2026 14:50||NIFTY27JAN2624900PE,0.11859075499120102
07-01-2026 14:50||NIFTY27JAN2625600CE,0.117726300884192
07-01-2026 14:50||NIFTY27JAN2626400CE,0.08613726222299005
07-01-2026 14:50||NIFTY27JAN2626500CE,0.084805844233119
07-01-2026 14:55||NIFTY27JAN2624100PE,0.1633083794469556
07-01-2026 14:55||NIFTY27JAN2624300PE,0.15228621920274032
07-01-2026 14:55||NIFTY27JAN2624600PE,0.13582397487900452
07-01-2026 14:55||NIFTY27JAN2625900CE,0.0982588698783332
07-01-2026 14:55||NIFTY27JAN2626300CE,0.08815675161189761
07-01-2026 15:00||NIFTY27JAN2623900PE,0.17410529868298807
07-01-2026 15:00||NIFTY27JAN2625100PE,0.10950951636517024
07-01-2026 15:00||NIFTY27JAN2625700CE,0.1015548513164236
07-01-2026 15:00||NIFTY27JAN2626000CE,0.09254232865626973
07-01-2026 15:00||NIFTY27JAN2626400CE,0.0856773712742016
07-01-2026 15:05||NIFTY27JAN2624200PE,0.15851983086989982
07-01-2026 15:05||NIFTY27JAN2624500PE,0.14217700309608866
07-01-2026 15:05||NIFTY27JAN2625400CE,0.10901940011072372
07-01-2026 15:05||NIFTY27JAN2626000CE,0.09298900237162311
07-01-2026 15:05||NIFTY27JAN2626400CE,0.08568872870198904
07-01-2026 15:10||NIFTY27JAN2623800PE,0.1796552336780456
07-01-2026 15:10||NIFTY27JAN2624000PE,0.16950445311898887
07-01-2026 15:10||NIFTY27JAN2624400PE,0.1488998194159642
07-01-2026 15:10||NIFTY27JAN2624500PE,0.14302375239811688
07-01-2026 15:10||NIFTY27JAN2626500CE,0.0848595714220546
07-01-2026 15:15||NIFTY27JAN2624200PE,0.15970713976791973
07-01-2026 15:15||NIFTY27JAN2624900PE,0.12210258272824513
07-01-2026 15:15||NIFTY27JAN2625100PE,0.11066934159218281
07-01-2026 15:15||NIFTY27JAN2625600CE,0.09608651249953203
07-01-2026 15:20||NIFTY27JAN2624100PE,0.16464011414996488
07-01-2026 15:20||NIFTY27JAN2625900CE,0.09284677349421387
07-01-2026 15:20||NIFTY27JAN2626300CE,0.08611615674413191
07-01-2026 15:25||NIFTY27JAN2624700PE,0.13203848307143556
07-01-2026 15:25||NIFTY27JAN2625500CE,0.10654397611014932
07-01-2026 15:25||NIFTY27JAN2626100CE,0.08933059143775376
07-01-2026 15:25||NIFTY27JAN2626400CE,0.08541307839274875
07-01-2026 15:25||NIFTY27JAN2626500CE,0.08471083378528961
08-01-2026 09:15||NIFTY27JAN2624100PE,0.16526557036828488
08-01-2026 09:15||NIFTY27JAN2624300PE,0.15329731671318003
08-01-2026 09:15||NIFTY27JAN2625100PE,0.10943291705893562
08-01-2026 09:15||NIFTY27JAN2625300CE,0.1075363894021385
08-01-2026 09:15||NIFTY27JAN2626300CE,0.08888471796928983
08-01-2026 09:20||NIFTY27JAN2623800PE,0.1832617032481683
08-01-2026 09:20||NIFTY27JAN2624100PE,0.16547023667785696
08-01-2026 09:20||NIFTY27JAN2624800PE,0.12602277948091542
08-01-2026 09:20||NIFTY27JAN2624900PE,0.12004197639480209
08-01-2026 09:20||NIFTY27JAN2625300CE,0.090563070602296
08-01-2026 09:20||NIFTY27JAN2625900CE,0.08812699497004932
08-01-2026 09:20||NIFTY27JAN2626000CE,0.08774432206545688
08-01-2026 09:20||NIFTY27JAN2626400CE,0.08475092968565323
08-01-2026 09:20||NIFTY27JAN2626500CE,0.0847003639888595
08-01-2026 09:25||NIFTY27JAN2623900PE,0.17674420211611253
08-01-2026 09:25||NIFTY27JAN2624100PE,0.16480921673355364
08-01-2026 09:25||NIFTY27JAN2624200PE,0.15760231075511943
08-01-2026 09:25||NIFTY27JAN2625300CE,0.10524176001815622
08-01-2026 09:25||NIFTY27JAN2626200CE,0.08284474979730543
08-01-2026 09:25||NIFTY27JAN2626400CE,0.082758604263471
08-01-2026 09:30||NIFTY27JAN2624100PE,0.1626386180585925
08-01-2026 09:30||NIFTY27JAN2624700PE,0.129001778934024
08-01-2026 09:30||NIFTY27JAN2624800PE,0.12402801476907857
08-01-2026 09:30||NIFTY27JAN2624900PE,0.11788890556293702
08-01-2026 09:30||NIFTY27JAN2625000PE,0.11313845131560017
08-01-2026 09:30||NIFTY27JAN2626200CE,0.08717858191510774
08-01-2026 09:30||NIFTY27JAN2626300CE,0.08562818125896662
08-01-2026 09:35||NIFTY27JAN2623900PE,0.17316240002953753
08-01-2026 09:35||NIFTY27JAN2624100PE,0.1620473722113013
08-01-2026 09:35||NIFTY27JAN2624400PE,0.1453007757115405
08-01-2026 09:35||NIFTY27JAN2625300CE,0.1319790626268187
08-01-2026 09:35||NIFTY27JAN2625400CE,0.12509030734887716
08-01-2026 09:35||NIFTY27JAN2626100CE,0.09451257558681903
08-01-2026 09:35||NIFTY27JAN2626200CE,0.09266483607559906
08-01-2026 09:35||NIFTY27JAN2626500CE,0.08551898451288256
08-01-2026 09:40||NIFTY27JAN2623800PE,0.18095569422893754
08-01-2026 09:40||NIFTY27JAN2624800PE,0.12566097633612025
08-01-2026 09:40||NIFTY27JAN2624900PE,0.12001642838634509
08-01-2026 09:40||NIFTY27JAN2625000PE,0.11446181954017726
08-01-2026 09:40||NIFTY27JAN2625200CE,0.11785620124536507
08-01-2026 09:40||NIFTY27JAN2625700CE,0.09139080822169059
08-01-2026 09:40||NIFTY27JAN2626200CE,0.08968484137556554
08-01-2026 09:40||NIFTY27JAN2626400CE,0.08889791506772722
08-01-2026 09:45||NIFTY27JAN2624200PE,0.15836526176738985
08-01-2026 09:45||NIFTY27JAN2624600PE,0.13576975516738699
08-01-2026 09:45||NIFTY27JAN2625400CE,0.10356407100372426
08-01-2026 09:45||NIFTY27JAN2625900CE,0.09362305410108196
08-01-2026 09:45||NIFTY27JAN2626500CE,0.0862407406618101
08-01-2026 09:50||NIFTY27JAN2624400PE,0.14650082626297994
08-01-2026 09:50||NIFTY27JAN2625100PE,0.10942593819607173
08-01-2026 09:50||NIFTY27JAN2625500CE,0.11689251355670048
08-01-2026 09:50||NIFTY27JAN2625600CE,0.11160460951821514
08-01-2026 09:50||NIFTY27JAN2626400CE,0.08916998209528153
08-01-2026 09:55||NIFTY27JAN2624200PE,0.1598441909112582
08-01-2026 09:55||NIFTY27JAN2624600PE,0.13737883708151838
08-01-2026 09:55||NIFTY27JAN2625000PE,0.1155175297904077
08-01-2026 09:55||NIFTY27JAN2625100PE,0.11043411899193548
08-01-2026 09:55||NIFTY27JAN2625300CE,0.115048850630956
08-01-2026 09:55||NIFTY27JAN2626000CE,0.09060404790110896
08-01-2026 09:55||NIFTY27JAN2626200CE,0.08673666417718268
08-01-2026 10:00||NIFTY27JAN2624600PE,0.1367770577663035
08-01-2026 10:00||NIFTY27JAN2625900CE,0.08865153583264407
08-01-2026 10:00||NIFTY27JAN2626100CE,0.08427037989203476
08-01-2026 10:00||NIFTY27JAN2626200CE,0.08243850857706861
08-01-2026 10:05||NIFTY27JAN2624800PE,0.12497608723135212
08-01-2026 10:05||NIFTY27JAN2625500CE,0.10606802110029348
08-01-2026 10:05||NIFTY27JAN2625800CE,0.09001077603888626
08-01-2026 10:05||NIFTY27JAN2626000CE,0.08466767785638195
08-01-2026 10:05||NIFTY27JAN2626500CE,0.08625898380960845
08-01-2026 10:10||NIFTY27JAN2624100PE,0.1631721682847873
08-01-2026 10:10||NIFTY27JAN2625000PE,0.11353560521437805
08-01-2026 10:10||NIFTY27JAN2625100PE,0.10835845744770387
08-01-2026 10:10||NIFTY27JAN2625200CE,0.12844256740493074
08-01-2026 10:10||NIFTY27JAN2625600CE,0.11024688144495459
08-01-2026 10:10||NIFTY27JAN2625800CE,0.10127549593220463
08-01-2026 10:10||NIFTY27JAN2626400CE,0.08700256611818027
08-01-2026 10:15||NIFTY27JAN2625100PE,0.10906983733675679
08-01-2026 10:15||NIFTY27JAN2625700CE,0.0964947944226612
08-01-2026 10:15||NIFTY27JAN2625800CE,0.0885993034334509
08-01-2026 10:15||NIFTY27JAN2626500CE,0.08582837043678754
08-01-2026 10:20||NIFTY27JAN2625200CE,0.1252814637533482
08-01-2026 10:20||NIFTY27JAN2626400CE,0.08664999999999526
08-01-2026 10:25||NIFTY27JAN2623900PE,0.17335619268634167
08-01-2026 10:25||NIFTY27JAN2624000PE,0.1677265012835459
08-01-2026 10:25||NIFTY27JAN2624400PE,0.14565532191680525
08-01-2026 10:25||NIFTY27JAN2624800PE,0.12383788054236827
08-01-2026 10:25||NIFTY27JAN2625000PE,0.11325843975482355
08-01-2026 10:25||NIFTY27JAN2625100PE,0.10780202039029874
08-01-2026 10:25||NIFTY27JAN2625200CE,0.12662077149773054
08-01-2026 10:25||NIFTY27JAN2625500CE,0.11086634865135991
08-01-2026 10:25||NIFTY27JAN2625600CE,0.10670612221113096
08-01-2026 10:25||NIFTY27JAN2625700CE,0.10293790209790998
08-01-2026 10:25||NIFTY27JAN2626100CE,0.09178508491508985
08-01-2026 10:25||NIFTY27JAN2626500CE,0.08739479278819573
08-01-2026 10:30||NIFTY27JAN2623800PE,0.1798168573747424
08-01-2026 10:30||NIFTY27JAN2624000PE,0.1681099940650928
08-01-2026 10:30||NIFTY27JAN2624400PE,0.14602900429730314
08-01-2026 10:30||NIFTY27JAN2624500PE,0.14016514866142293
08-01-2026 10:30||NIFTY27JAN2626000CE,0.09381501618121035
08-01-2026 10:30||NIFTY27JAN2626400CE,0.08772131925543661
08-01-2026 10:30||NIFTY27JAN2626500CE,0.08753436820998313
08-01-2026 10:35||NIFTY27JAN2624000PE,0.1690227490770672
08-01-2026 10:35||NIFTY27JAN2624200PE,0.15762641589225113
08-01-2026 10:35||NIFTY27JAN2625800CE,0.09502000039314532
08-01-2026 10:35||NIFTY27JAN2626300CE,0.08678001887113107
08-01-2026 10:35||NIFTY27JAN2626500CE,0.08676471634712564
08-01-2026 10:40||NIFTY27JAN2624000PE,0.16767973054771035
08-01-2026 10:40||NIFTY27JAN2624300PE,0.15059433155173754
08-01-2026 10:40||NIFTY27JAN2625000PE,0.11293156197462506
08-01-2026 10:40||NIFTY27JAN2625500CE,0.11372312806519058
08-01-2026 10:40||NIFTY27JAN2625900CE,0.09737885915920488
08-01-2026 10:40||NIFTY27JAN2626100CE,0.09192190464053046
08-01-2026 10:40||NIFTY27JAN2626300CE,0.08857661175446885
08-01-2026 10:40||NIFTY27JAN2626400CE,0.0871004948402564
08-01-2026 10:45||NIFTY27JAN2623900PE,0.17337970678994294
08-01-2026 10:45||NIFTY27JAN2624200PE,0.1565181095687028
08-01-2026 10:45||NIFTY27JAN2625200CE,0.12564292916284256
08-01-2026 10:45||NIFTY27JAN2625300CE,0.1216580257582337
08-01-2026 10:45||NIFTY27JAN2625600CE,0.10451866419295541
08-01-2026 10:45||NIFTY27JAN2626400CE,0.0869099106533207
08-01-2026 10:45||NIFTY27JAN2626500CE,0.08685342871381069
08-01-2026 10:50||NIFTY27JAN2623900PE,0.17316190712841484
08-01-2026 10:50||NIFTY27JAN2625500CE,0.10637837598191889
08-01-2026 10:50||NIFTY27JAN2625800CE,0.09560689436905886
08-01-2026 10:50||NIFTY27JAN2626100CE,0.08971374995160038
08-01-2026 10:50||NIFTY27JAN2626500CE,0.08662537518584558
08-01-2026 10:55||NIFTY27JAN2624000PE,0.1670318689647021
08-01-2026 10:55||NIFTY27JAN2624700PE,0.12920221915135824
08-01-2026 10:55||NIFTY27JAN2624800PE,0.12335068197702057
08-01-2026 10:55||NIFTY27JAN2625100PE,0.10817232904887471
08-01-2026 10:55||NIFTY27JAN2625400CE,0.1197527474858126
08-01-2026 10:55||NIFTY27JAN2625600CE,0.10446078812027441
08-01-2026 11:00||NIFTY27JAN2623800PE,0.17902254246021407
08-01-2026 11:00||NIFTY27JAN2623900PE,0.17348358082734178
08-01-2026 11:00||NIFTY27JAN2624000PE,0.1675517446370324
08-01-2026 11:00||NIFTY27JAN2624300PE,0.15048573931546494
08-01-2026 11:00||NIFTY27JAN2624600PE,0.13422479445852895
08-01-2026 11:00||NIFTY27JAN2625000PE,0.11401672973189078
08-01-2026 11:00||NIFTY27JAN2625100PE,0.10927023319849083
08-01-2026 11:00||NIFTY27JAN2626200CE,0.08943804556357193
08-01-2026 11:00||NIFTY27JAN2626500CE,0.0876684758658087
08-01-2026 11:05||NIFTY27JAN2623800PE,0.18013318009623763
08-01-2026 11:05||NIFTY27JAN2624200PE,0.15644042907792421
08-01-2026 11:05||NIFTY27JAN2624400PE,0.1449834098676428
08-01-2026 11:05||NIFTY27JAN2624800PE,0.12373225554618106
08-01-2026 11:05||NIFTY27JAN2625400CE,0.12004801528895281
08-01-2026 11:05||NIFTY27JAN2626000CE,0.0935864534180306
08-01-2026 11:05||NIFTY27JAN2626200CE,0.09056044560920895
08-01-2026 11:05||NIFTY27JAN2626300CE,0.08810835035757536
08-01-2026 11:10||NIFTY27JAN2624000PE,0.16751379195553362
08-01-2026 11:10||NIFTY27JAN2624200PE,0.1560843768023208
08-01-2026 11:10||NIFTY27JAN2624400PE,0.14512874795780917
08-01-2026 11:10||NIFTY27JAN2624600PE,0.13464690542200142
08-01-2026 11:10||NIFTY27JAN2624700PE,0.12958365401985983
08-01-2026 11:10||NIFTY27JAN2625200CE,0.1304293454963243
08-01-2026 11:10||NIFTY27JAN2625600CE,0.10639286394762948
08-01-2026 11:10||NIFTY27JAN2625900CE,0.0941194796444833
08-01-2026 11:10||NIFTY27JAN2626000CE,0.09144469895370477
08-01-2026 11:15||NIFTY27JAN2624100PE,0.16429503600566872
08-01-2026 11:15||NIFTY27JAN2624200PE,0.15775909244662434
08-01-2026 11:15||NIFTY27JAN2624900PE,0.12089414129488324
08-01-2026 11:15||NIFTY27JAN2625200CE,0.14230318610560053
08-01-2026 11:15||NIFTY27JAN2626200CE,0.08896444052156936
08-01-2026 11:15||NIFTY27JAN2626400CE,0.08820373287699337
08-01-2026 11:20||NIFTY27JAN2624300PE,0.1540641661392894
08-01-2026 11:20||NIFTY27JAN2625700CE,0.097275
08-01-2026 11:20||NIFTY27JAN2626400CE,0.09115420028910891
08-01-2026 11:20||NIFTY27JAN2626500CE,0.09036472418104607
08-01-2026 11:25||NIFTY27JAN2623800PE,0.17894107298328704
08-01-2026 11:25||NIFTY27JAN2624300PE,0.15392805375682714
08-01-2026 11:25||NIFTY27JAN2624400PE,0.14697734054605316
08-01-2026 11:25||NIFTY27JAN2624700PE,0.13118868871452952
08-01-2026 11:25||NIFTY27JAN2625400CE,0.12989126291797715
08-01-2026 11:25||NIFTY27JAN2626200CE,0.09409569216200821
08-01-2026 11:30||NIFTY27JAN2623800PE,0.17952503477209958
08-01-2026 11:30||NIFTY27JAN2624100PE,0.16509327230291027
08-01-2026 11:30||NIFTY27JAN2624200PE,0.15729922717842784
08-01-2026 11:30||NIFTY27JAN2625200CE,0.13553708581602772
08-01-2026 11:30||NIFTY27JAN2625400CE,0.1315562651466351
08-01-2026 11:30||NIFTY27JAN2625500CE,0.12249513863197592
08-01-2026 11:30||NIFTY27JAN2625800CE,0.10204056886507118
08-01-2026 11:30||NIFTY27JAN2626000CE,0.09401153050136912
08-01-2026 11:30||NIFTY27JAN2626100CE,0.09167921376378274
08-01-2026 11:35||NIFTY27JAN2623800PE,0.1794380104982622
08-01-2026 11:35||NIFTY27JAN2624100PE,0.16377889173251295
08-01-2026 11:35||NIFTY27JAN2624400PE,0.14691562531937152
08-01-2026 11:35||NIFTY27JAN2624500PE,0.14077561069871333
08-01-2026 11:35||NIFTY27JAN2624700PE,0.1300642470449067
08-01-2026 11:35||NIFTY27JAN2624900PE,0.11933665741985672
08-01-2026 11:35||NIFTY27JAN2625200CE,0.13087309990053791
08-01-2026 11:35||NIFTY27JAN2625300CE,0.12495487584648635
08-01-2026 11:35||NIFTY27JAN2626500CE,0.09081127571794484
08-01-2026 11:40||NIFTY27JAN2624100PE,0.16468328157690582
08-01-2026 11:40||NIFTY27JAN2624200PE,0.15830905491968897
08-01-2026 11:40||NIFTY27JAN2624400PE,0.1465587935507361
08-01-2026 11:40||NIFTY27JAN2624900PE,0.12036618841833273
08-01-2026 11:40||NIFTY27JAN2625600CE,0.10542748733323493
08-01-2026 11:40||NIFTY27JAN2625800CE,0.09857843024840492
08-01-2026 11:45||NIFTY27JAN2624200PE,0.15789386972516573
08-01-2026 11:45||NIFTY27JAN2625500CE,0.109093281405354
08-01-2026 11:45||NIFTY27JAN2625900CE,0.09589967783869671
08-01-2026 11:45||NIFTY27JAN2626100CE,0.09200252144415787
08-01-2026 11:50||NIFTY27JAN2623800PE,0.17993088565185839
08-01-2026 11:50||NIFTY27JAN2625700CE,0.10612745221445508
08-01-2026 11:50||NIFTY27JAN2625800CE,0.10263812587412957
08-01-2026 11:50||NIFTY27JAN2626500CE,0.09005837456907884
08-01-2026 11:55||NIFTY27JAN2624200PE,0.1583279029374171
08-01-2026 11:55||NIFTY27JAN2624700PE,0.13160207850837657
08-01-2026 11:55||NIFTY27JAN2625100PE,0.11184640177561458
08-01-2026 11:55||NIFTY27JAN2625400CE,0.10914264518161332
08-01-2026 11:55||NIFTY27JAN2625600CE,0.1014422102504362
08-01-2026 11:55||NIFTY27JAN2625800CE,0.09559967024851446
08-01-2026 12:00||NIFTY27JAN2624500PE,0.14157552566047696
08-01-2026 12:00||NIFTY27JAN2624700PE,0.13158047084110377
08-01-2026 12:00||NIFTY27JAN2625000PE,0.11765110061199141
08-01-2026 12:00||NIFTY27JAN2625500CE,0.106955177643421
08-01-2026 12:00||NIFTY27JAN2626300CE,0.09133316135318736
08-01-2026 12:05||NIFTY27JAN2624000PE,0.16864552341177944
08-01-2026 12:05||NIFTY27JAN2624200PE,0.15611017198928961
08-01-2026 12:05||NIFTY27JAN2624500PE,0.1389218215319753
08-01-2026 12:05||NIFTY27JAN2624900PE,0.11910785905153612
08-01-2026 12:05||NIFTY27JAN2625300CE,0.13664195604699003
08-01-2026 12:05||NIFTY27JAN2625800CE,0.110270515288029
08-01-2026 12:05||NIFTY27JAN2625900CE,0.10676054531806045
08-01-2026 12:05||NIFTY27JAN2626400CE,0.09803228637730044
08-01-2026 12:10||NIFTY27JAN2624000PE,0.16944654947389973
08-01-2026 12:10||NIFTY27JAN2624400PE,0.14641859345163116
08-01-2026 12:15||NIFTY27JAN2624100PE,0.16619413775764985
08-01-2026 12:15||NIFTY27JAN2624400PE,0.14910314189048368
08-01-2026 12:15||NIFTY27JAN2625200CE,0.13342947105523706
08-01-2026 12:15||NIFTY27JAN2625400CE,0.11737836860102568
08-01-2026 12:15||NIFTY27JAN2625500CE,0.11292065304391663
08-01-2026 12:15||NIFTY27JAN2625700CE,0.10536151041098485
08-01-2026 12:20||NIFTY27JAN2624800PE,0.12864302239140163
08-01-2026 12:20||NIFTY27JAN2625800CE,0.10527774489266171
08-01-2026 12:20||NIFTY27JAN2626300CE,0.09515525272217457
08-01-2026 12:25||NIFTY27JAN2624100PE,0.1683907973708779
08-01-2026 12:25||NIFTY27JAN2624400PE,0.15085054495955197
08-01-2026 12:25||NIFTY27JAN2624900PE,0.12316730530491612
08-01-2026 12:25||NIFTY27JAN2625700CE,0.10714593816603823
08-01-2026 12:25||NIFTY27JAN2626000CE,0.0993314762826305
08-01-2026 12:30||NIFTY27JAN2624200PE,0.16461834288850744
08-01-2026 12:30||NIFTY27JAN2624300PE,0.1560379880799295
08-01-2026 12:30||NIFTY27JAN2625100PE,0.11338405916901159
08-01-2026 12:30||NIFTY27JAN2625700CE,0.10199893217915298
08-01-2026 12:30||NIFTY27JAN2626000CE,0.09607690527332238
08-01-2026 12:35||NIFTY27JAN2624800PE,0.12742239040132244
08-01-2026 12:35||NIFTY27JAN2625000PE,0.11672298502728054
08-01-2026 12:35||NIFTY27JAN2625400CE,0.1278856183359534
08-01-2026 12:35||NIFTY27JAN2625500CE,0.12107925950358267
08-01-2026 12:35||NIFTY27JAN2625800CE,0.10784013253642055
08-01-2026 12:35||NIFTY27JAN2626100CE,0.09968362727981073
08-01-2026 12:35||NIFTY27JAN2626200CE,0.09746136715504794
08-01-2026 12:40||NIFTY27JAN2624100PE,0.16719961668817263
08-01-2026 12:40||NIFTY27JAN2624400PE,0.15007089725069803
08-01-2026 12:40||NIFTY27JAN2624800PE,0.12746255228112657
08-01-2026 12:40||NIFTY27JAN2625000PE,0.11667692796495362
08-01-2026 12:40||NIFTY27JAN2625200CE,0.13606151023187074
08-01-2026 12:40||NIFTY27JAN2626000CE,0.10066064748201597
08-01-2026 12:45||NIFTY27JAN2624400PE,0.1508587648306896
08-01-2026 12:45||NIFTY27JAN2624600PE,0.13941688559304188
08-01-2026 12:45||NIFTY27JAN2625000PE,0.11776600423747273
08-01-2026 12:45||NIFTY27JAN2625300CE,0.1255088466855412
08-01-2026 12:45||NIFTY27JAN2625800CE,0.1031775717548129
08-01-2026 12:45||NIFTY27JAN2626200CE,0.09519916129227823
08-01-2026 12:45||NIFTY27JAN2626300CE,0.09457769888248535
08-01-2026 12:50||NIFTY27JAN2623800PE,0.1848219609254133
08-01-2026 12:50||NIFTY27JAN2624900PE,0.12198878669132478
08-01-2026 12:50||NIFTY27JAN2625600CE,0.11993629545454554
08-01-2026 12:50||NIFTY27JAN2626300CE,0.09809101898858652
08-01-2026 12:50||NIFTY27JAN2626400CE,0.0951972104486417
08-01-2026 12:55||NIFTY27JAN2624200PE,0.1622474201488549
08-01-2026 12:55||NIFTY27JAN2624300PE,0.15549609425999475
08-01-2026 12:55||NIFTY27JAN2624400PE,0.14878715256027442
08-01-2026 12:55||NIFTY27JAN2626100CE,0.10033623851029852
08-01-2026 13:00||NIFTY27JAN2624200PE,0.16201581216919494
08-01-2026 13:00||NIFTY27JAN2624500PE,0.1448791216520665
08-01-2026 13:00||NIFTY27JAN2624600PE,0.13871633739847383
08-01-2026 13:00||NIFTY27JAN2624700PE,0.13254283831681032
08-01-2026 13:00||NIFTY27JAN2625000PE,0.11630853026220758
08-01-2026 13:00||NIFTY27JAN2625100PE,0.1112489170432549
08-01-2026 13:00||NIFTY27JAN2625400CE,0.12935429993827904
08-01-2026 13:00||NIFTY27JAN2625800CE,0.10931558115162646
08-01-2026 13:05||NIFTY27JAN2623800PE,0.18612274633751913
08-01-2026 13:05||NIFTY27JAN2624600PE,0.13933304159820162
08-01-2026 13:05||NIFTY27JAN2625700CE,0.10990008745968927
08-01-2026 13:05||NIFTY27JAN2625800CE,0.10679463528192479
08-01-2026 13:05||NIFTY27JAN2626000CE,0.10112433280770694
08-01-2026 13:05||NIFTY27JAN2626100CE,0.09852454698111912
08-01-2026 13:05||NIFTY27JAN2626200CE,0.09631811173125372
08-01-2026 13:05||NIFTY27JAN2626300CE,0.0947587010493672
08-01-2026 13:10||NIFTY27JAN2624100PE,0.16766126932547332
08-01-2026 13:10||NIFTY27JAN2624900PE,0.12127012783456764
08-01-2026 13:10||NIFTY27JAN2625400CE,0.12290043053073063
08-01-2026 13:10||NIFTY27JAN2625700CE,0.1091809180297254
08-01-2026 13:10||NIFTY27JAN2625800CE,0.10559648526651699
08-01-2026 13:10||NIFTY27JAN2626100CE,0.09780940118828241
08-01-2026 13:10||NIFTY27JAN2626200CE,0.09620244456599636
08-01-2026 13:15||NIFTY27JAN2624300PE,0.15690236492909085
08-01-2026 13:15||NIFTY27JAN2625000PE,0.11703503189108844
08-01-2026 13:15||NIFTY27JAN2625900CE,0.09998945299502537
08-01-2026 13:15||NIFTY27JAN2626300CE,0.09363707570716429
08-01-2026 13:20||NIFTY27JAN2623800PE,0.186398740821258
08-01-2026 13:20||NIFTY27JAN2624000PE,0.17348371568403737
08-01-2026 13:20||NIFTY27JAN2624400PE,0.15034826686917066
08-01-2026 13:20||NIFTY27JAN2625000PE,0.11683838714518271
08-01-2026 13:20||NIFTY27JAN2625300CE,0.13119594682851954
08-01-2026 13:20||NIFTY27JAN2625400CE,0.1242531388527901
08-01-2026 13:20||NIFTY27JAN2626200CE,0.09440732004045671
08-01-2026 13:25||NIFTY27JAN2624600PE,0.14033981638585244
08-01-2026 13:25||NIFTY27JAN2624900PE,0.12370398435332515
08-01-2026 13:25||NIFTY27JAN2625400CE,0.11823506961629221
08-01-2026 13:25||NIFTY27JAN2625500CE,0.111983535068485
08-01-2026 13:25||NIFTY27JAN2625900CE,0.09524965127101485
08-01-2026 13:25||NIFTY27JAN2626000CE,0.09313967375403885
08-01-2026 13:25||NIFTY27JAN2626100CE,0.0918608060047934
08-01-2026 13:30||NIFTY27JAN2624300PE,0.15426056508327543
08-01-2026 13:30||NIFTY27JAN2624400PE,0.14787999146920058
08-01-2026 13:30||NIFTY27JAN2625600CE,0.1165033042383179
08-01-2026 13:30||NIFTY27JAN2625700CE,0.1114113521068738
08-01-2026 13:30||NIFTY27JAN2626100CE,0.09894099041575899
08-01-2026 13:30||NIFTY27JAN2626500CE,0.09397092076201549
08-01-2026 13:35||NIFTY27JAN2624600PE,0.13814428959134517
08-01-2026 13:35||NIFTY27JAN2624700PE,0.13244678187578351
08-01-2026 13:35||NIFTY27JAN2624800PE,0.12679607118791658
08-01-2026 13:35||NIFTY27JAN2624900PE,0.12119215752774348
08-01-2026 13:40||NIFTY27JAN2624100PE,0.16645161817645793
08-01-2026 13:40||NIFTY27JAN2624800PE,0.1256242156978491
08-01-2026 13:40||NIFTY27JAN2624900PE,0.12018785069342286
08-01-2026 13:40||NIFTY27JAN2625300CE,0.12684865172623666
08-01-2026 13:40||NIFTY27JAN2625600CE,0.11322202219166287
08-01-2026 13:40||NIFTY27JAN2625700CE,0.10905792375130796
08-01-2026 13:40||NIFTY27JAN2626000CE,0.10049196264375895
08-01-2026 13:40||NIFTY27JAN2626200CE,0.09691376708331938
08-01-2026 13:40||NIFTY27JAN2626300CE,0.09547350285647854
08-01-2026 13:45||NIFTY27JAN2624600PE,0.13740163051749807
08-01-2026 13:45||NIFTY27JAN2624700PE,0.1314054105550121
08-01-2026 13:45||NIFTY27JAN2625100PE,0.10948888783607422
08-01-2026 13:45||NIFTY27JAN2625600CE,0.11194769108634434
08-01-2026 13:45||NIFTY27JAN2625700CE,0.10872600702831973
08-01-2026 13:50||NIFTY27JAN2624600PE,0.1364061912581378
08-01-2026 13:50||NIFTY27JAN2625500CE,0.11757530953806121
08-01-2026 13:55||NIFTY27JAN2624200PE,0.16047438993130886
08-01-2026 13:55||NIFTY27JAN2624600PE,0.13662524960071437
08-01-2026 13:55||NIFTY27JAN2625000PE,0.11450550815410868
08-01-2026 13:55||NIFTY27JAN2625200CE,0.1202188152364544
08-01-2026 13:55||NIFTY27JAN2625700CE,0.1070132159624464
08-01-2026 14:00||NIFTY27JAN2623800PE,0.18455651656424266
08-01-2026 14:00||NIFTY27JAN2623900PE,0.17845015469698905
08-01-2026 14:00||NIFTY27JAN2625300CE,0.10701422862759824
08-01-2026 14:00||NIFTY27JAN2625400CE,0.10662685456914146
08-01-2026 14:00||NIFTY27JAN2625900CE,0.10289996036185022
08-01-2026 14:00||NIFTY27JAN2626000CE,0.10090062858621096
08-01-2026 14:00||NIFTY27JAN2626100CE,0.09787838514231582
08-01-2026 14:00||NIFTY27JAN2626200CE,0.0947353203571915
08-01-2026 14:00||NIFTY27JAN2626300CE,0.09263909316818929
08-01-2026 14:05||NIFTY27JAN2623900PE,0.17828861373889154
08-01-2026 14:05||NIFTY27JAN2624500PE,0.14253702070119942
08-01-2026 14:05||NIFTY27JAN2625300CE,0.11191774801920258
08-01-2026 14:05||NIFTY27JAN2626000CE,0.09686434506513242
08-01-2026 14:05||NIFTY27JAN2626200CE,0.09352822097048774
08-01-2026 14:05||NIFTY27JAN2626300CE,0.09165764677736632
08-01-2026 14:05||NIFTY27JAN2626500CE,0.09179492564743352
08-01-2026 14:10||NIFTY27JAN2624800PE,0.1250167372878622
08-01-2026 14:10||NIFTY27JAN2625000PE,0.1138628881406979
08-01-2026 14:10||NIFTY27JAN2625200CE,0.11606053701776678
08-01-2026 14:10||NIFTY27JAN2625300CE,0.11601303062812772
08-01-2026 14:10||NIFTY27JAN2625700CE,0.10997639570926734
08-01-2026 14:15||NIFTY27JAN2623800PE,0.18207906884689568
08-01-2026 14:15||NIFTY27JAN2624200PE,0.160153963260443
08-01-2026 14:15||NIFTY27JAN2624300PE,0.15283184070305086
08-01-2026 14:15||NIFTY27JAN2625000PE,0.11296277772132085
08-01-2026 14:15||NIFTY27JAN2625200CE,0.12952354302803215
08-01-2026 14:15||NIFTY27JAN2625600CE,0.11187378690731571
08-01-2026 14:15||NIFTY27JAN2626100CE,0.0977201447098445
08-01-2026 14:15||NIFTY27JAN2626400CE,0.09239996913075593
08-01-2026 14:20||NIFTY27JAN2624500PE,0.14141896977029547
08-01-2026 14:20||NIFTY27JAN2625000PE,0.11366375411885052
08-01-2026 14:20||NIFTY27JAN2625700CE,0.10388155093540874
08-01-2026 14:20||NIFTY27JAN2626400CE,0.08979088590741569
08-01-2026 14:25||NIFTY27JAN2624600PE,0.13702110359646805
08-01-2026 14:25||NIFTY27JAN2624800PE,0.12546716574795433
08-01-2026 14:25||NIFTY27JAN2625200CE,0.13555920408454347
08-01-2026 14:25||NIFTY27JAN2625600CE,0.10849163065466792
08-01-2026 14:25||NIFTY27JAN2625900CE,0.09700030548034742
08-01-2026 14:25||NIFTY27JAN2626000CE,0.09445207414246345
08-01-2026 14:30||NIFTY27JAN2624500PE,0.1403366947719138
08-01-2026 14:30||NIFTY27JAN2626200CE,0.09847807159191588
08-01-2026 14:30||NIFTY27JAN2626400CE,0.09068079699497437
08-01-2026 14:30||NIFTY27JAN2626500CE,0.08942591883363893
08-01-2026 14:35||NIFTY27JAN2624200PE,0.15931451042892356
08-01-2026 14:35||NIFTY27JAN2624800PE,0.12437910871388841
08-01-2026 14:35||NIFTY27JAN2625100PE,0.10791726091200748
08-01-2026 14:35||NIFTY27JAN2626100CE,0.0953930872464671
08-01-2026 14:40||NIFTY27JAN2624200PE,0.158915211313847
08-01-2026 14:40||NIFTY27JAN2624600PE,0.13538483108554764
08-01-2026 14:40||NIFTY27JAN2625000PE,0.1133024114159169
08-01-2026 14:40||NIFTY27JAN2625300CE,0.12048914543848006
08-01-2026 14:40||NIFTY27JAN2625400CE,0.11672590987479364
08-01-2026 14:40||NIFTY27JAN2625500CE,0.11165535551625964
08-01-2026 14:40||NIFTY27JAN2626200CE,0.09325454875082967
08-01-2026 14:40||NIFTY27JAN2626300CE,0.0914184440335247
08-01-2026 14:45||NIFTY27JAN2624000PE,0.17045456893815125
08-01-2026 14:45||NIFTY27JAN2624700PE,0.12893550811760615
08-01-2026 14:45||NIFTY27JAN2625000PE,0.11228831601623092
08-01-2026 14:45||NIFTY27JAN2625300CE,0.12167977519389966
08-01-2026 14:45||NIFTY27JAN2625700CE,0.10617855511650559
08-01-2026 14:50||NIFTY27JAN2624100PE,0.16472971882686985
08-01-2026 14:50||NIFTY27JAN2624300PE,0.15283526350464685
08-01-2026 14:50||NIFTY27JAN2625100PE,0.10735748934104343
08-01-2026 14:50||NIFTY27JAN2625400CE,0.11521790099250111
08-01-2026 14:50||NIFTY27JAN2625500CE,0.10564842665763494
08-01-2026 14:50||NIFTY27JAN2626000CE,0.09286256117904974
08-01-2026 14:50||NIFTY27JAN2626200CE,0.08990000121838253
08-01-2026 14:55||NIFTY27JAN2626300CE,0.09070361989459763
08-01-2026 15:00||NIFTY27JAN2623900PE,0.17565416893486355
08-01-2026 15:00||NIFTY27JAN2624000PE,0.16785973053892783
08-01-2026 15:00||NIFTY27JAN2624900PE,0.11754921271094401
08-01-2026 15:00||NIFTY27JAN2625100PE,0.10642204459467054
08-01-2026 15:00||NIFTY27JAN2625200CE,0.12980725762471934
08-01-2026 15:00||NIFTY27JAN2625600CE,0.10097884164141566
08-01-2026 15:00||NIFTY27JAN2625700CE,0.09485347290870043
08-01-2026 15:00||NIFTY27JAN2626300CE,0.08873427319974074
08-01-2026 15:00||NIFTY27JAN2626400CE,0.08789424202946979
08-01-2026 15:05||NIFTY27JAN2624400PE,0.14250756973191325
08-01-2026 15:05||NIFTY27JAN2624800PE,0.12070795523338632
08-01-2026 15:05||NIFTY27JAN2624900PE,0.11516925901384267
08-01-2026 15:05||NIFTY27JAN2626000CE,0.09747948559651715
08-01-2026 15:05||NIFTY27JAN2626100CE,0.09490390828945545
08-01-2026 15:05||NIFTY27JAN2626200CE,0.09352405618433154
08-01-2026 15:10||NIFTY27JAN2624000PE,0.1663226609416535
08-01-2026 15:10||NIFTY27JAN2624200PE,0.15462583873459304
08-01-2026 15:10||NIFTY27JAN2624600PE,0.13185261416524507
08-01-2026 15:10||NIFTY27JAN2625100PE,0.10547799379157466
08-01-2026 15:10||NIFTY27JAN2625700CE,0.10419949278619711
08-01-2026 15:10||NIFTY27JAN2626100CE,0.09418240436512804
08-01-2026 15:10||NIFTY27JAN2626300CE,0.09208939192135546
08-01-2026 15:10||NIFTY27JAN2626500CE,0.09147013440990648
08-01-2026 15:15||NIFTY27JAN2624800PE,0.12078356460410791
08-01-2026 15:15||NIFTY27JAN2625100PE,0.10577990185527515
08-01-2026 15:15||NIFTY27JAN2625500CE,0.11143158428375699
08-01-2026 15:15||NIFTY27JAN2626100CE,0.09305748631639688
08-01-2026 15:20||NIFTY27JAN2624000PE,0.16594911834138723
08-01-2026 15:20||NIFTY27JAN2624500PE,0.13776039250575117
08-01-2026 15:20||NIFTY27JAN2624800PE,0.12140061849521762
08-01-2026 15:20||NIFTY27JAN2625000PE,0.11109648585980576
08-01-2026 15:20||NIFTY27JAN2625600CE,0.10522559748098355
08-01-2026 15:20||NIFTY27JAN2626100CE,0.09181007807458584
08-01-2026 15:20||NIFTY27JAN2626400CE,0.08977190420070072
08-01-2026 15:20||NIFTY27JAN2626500CE,0.089989322786413
08-01-2026 15:25||NIFTY27JAN2623800PE,0.1763988432170362
08-01-2026 15:25||NIFTY27JAN2624100PE,0.16104649478041733
08-01-2026 15:25||NIFTY27JAN2624300PE,0.14898963282937316
08-01-2026 15:25||NIFTY27JAN2624600PE,0.13221480831533405
08-01-2026 15:25||NIFTY27JAN2625100PE,0.10678540885065067
08-01-2026 15:25||NIFTY27JAN2625800CE,0.09545074787256244
08-01-2026 15:25||NIFTY27JAN2626100CE,0.08972689431501037
09-01-2026 09:15||NIFTY27JAN2624400PE,0.14493259059967037
09-01-2026 09:15||NIFTY27JAN2625000PE,0.11224086632294022
09-01-2026 09:15||NIFTY27JAN2625400CE,0.1262763726226055
09-01-2026 09:15||NIFTY27JAN2625500CE,0.12063589692733956
09-01-2026 09:15||NIFTY27JAN2625800CE,0.10681170883633229
09-01-2026 09:15||NIFTY27JAN2626300CE,0.09409552533395882
09-01-2026 09:20||NIFTY27JAN2624100PE,0.16399588647009175
09-01-2026 09:20||NIFTY27JAN2624200PE,0.15611469581771661
09-01-2026 09:20||NIFTY27JAN2624800PE,0.12525274104436085
09-01-2026 09:20||NIFTY27JAN2625000PE,0.11539001102705233
09-01-2026 09:20||NIFTY27JAN2625300CE,0.11339181667294633
09-01-2026 09:25||NIFTY27JAN2624100PE,0.1597137972097406
09-01-2026 09:25||NIFTY27JAN2625000PE,0.11173860780971959
09-01-2026 09:25||NIFTY27JAN2625400CE,0.12112301096299044
09-01-2026 09:25||NIFTY27JAN2626100CE,0.09307210945448076
09-01-2026 09:30||NIFTY27JAN2624300PE,0.14894995760898214
09-01-2026 09:30||NIFTY27JAN2624500PE,0.13746711331670577
09-01-2026 09:30||NIFTY27JAN2624600PE,0.1316671248632913
09-01-2026 09:30||NIFTY27JAN2625300CE,0.11494612619168418
09-01-2026 09:30||NIFTY27JAN2625400CE,0.10998019478919902
09-01-2026 09:30||NIFTY27JAN2626100CE,0.093609700386975
09-01-2026 09:30||NIFTY27JAN2626400CE,0.09044616282986226
09-01-2026 09:35||NIFTY27JAN2624800PE,0.12023897356370293
09-01-2026 09:35||NIFTY27JAN2626000CE,0.09814056001388713
09-01-2026 09:35||NIFTY27JAN2626200CE,0.09459160140483085
09-01-2026 09:40||NIFTY27JAN2625500CE,0.13968038322071974
09-01-2026 09:40||NIFTY27JAN2625600CE,0.13253633217572763
09-01-2026 09:40||NIFTY27JAN2625700CE,0.12348258975775608
09-01-2026 09:40||NIFTY27JAN2625900CE,0.1114126520769751
09-01-2026 09:45||NIFTY27JAN2624000PE,0.16435443602930308
09-01-2026 09:45||NIFTY27JAN2624300PE,0.14715451900645643
09-01-2026 09:45||NIFTY27JAN2624400PE,0.14092687071979895
09-01-2026 09:45||NIFTY27JAN2624700PE,0.12451376468669727
09-01-2026 09:45||NIFTY27JAN2624900PE,0.11367212467121504
09-01-2026 09:45||NIFTY27JAN2625600CE,0.12559073238929372
09-01-2026 09:45||NIFTY27JAN2625900CE,0.10815821750316865
09-01-2026 09:50||NIFTY27JAN2624100PE,0.15934374749163108
09-01-2026 09:50||NIFTY27JAN2624400PE,0.14237051214637886
09-01-2026 09:50||NIFTY27JAN2624600PE,0.13115964852354015
09-01-2026 09:50||NIFTY27JAN2624700PE,0.12559885733841777
09-01-2026 09:50||NIFTY27JAN2624900PE,0.11503422545580956
09-01-2026 09:50||NIFTY27JAN2625300CE,0.13858998271985712
09-01-2026 09:50||NIFTY27JAN2625600CE,0.1194275033255181
09-01-2026 09:50||NIFTY27JAN2626000CE,0.1023231183878579
09-01-2026 09:50||NIFTY27JAN2626100CE,0.09955516279417864
09-01-2026 09:50||NIFTY27JAN2626400CE,0.0948708335509032
09-01-2026 09:55||NIFTY27JAN2623800PE,0.17880147330021828
09-01-2026 09:55||NIFTY27JAN2624800PE,0.12234937604433245
09-01-2026 09:55||NIFTY27JAN2624900PE,0.11840587715604163
09-01-2026 09:55||NIFTY27JAN2625000PE,0.11042452729303959
09-01-2026 09:55||NIFTY27JAN2625200CE,0.13076551136582307
09-01-2026 10:00||NIFTY27JAN2624100PE,0.16155540156790238
09-01-2026 10:00||NIFTY27JAN2624300PE,0.1496366658842072
09-01-2026 10:00||NIFTY27JAN2625100PE,0.10697906668846045
09-01-2026 10:00||NIFTY27JAN2625500CE,0.10720401385641054
09-01-2026 10:00||NIFTY27JAN2626100CE,0.09202352848038409
09-01-2026 10:05||NIFTY27JAN2624500PE,0.13648367517792756
09-01-2026 10:05||NIFTY27JAN2624800PE,0.11998010705384363
09-01-2026 10:05||NIFTY27JAN2625600CE,0.11959677565452936
09-01-2026 10:05||NIFTY27JAN2626100CE,0.09947365818926993
09-01-2026 10:10||NIFTY27JAN2624400PE,0.14314904689262747
09-01-2026 10:10||NIFTY27JAN2626300CE,0.09050937334737084
09-01-2026 10:10||NIFTY27JAN2626400CE,0.09055548964548699
09-01-2026 10:15||NIFTY27JAN2625100PE,0.10605797622493032
09-01-2026 10:15||NIFTY27JAN2625600CE,0.10855947074879069
09-01-2026 10:15||NIFTY27JAN2626200CE,0.0915783947430917
09-01-2026 10:15||NIFTY27JAN2626300CE,0.09079177020292306
09-01-2026 10:20||NIFTY27JAN2623900PE,0.17420094787644477
09-01-2026 10:20||NIFTY27JAN2624000PE,0.16566515057914807
09-01-2026 10:20||NIFTY27JAN2625200CE,0.14134901267378452
09-01-2026 10:20||NIFTY27JAN2625700CE,0.11265431953005081
09-01-2026 10:25||NIFTY27JAN2624200PE,0.15450411963545133
09-01-2026 10:25||NIFTY27JAN2625000PE,0.1097153758992971
09-01-2026 10:25||NIFTY27JAN2625600CE,0.12089957985407196
09-01-2026 10:25||NIFTY27JAN2626200CE,0.09629617546360336
09-01-2026 10:25||NIFTY27JAN2626500CE,0.09255598330127768
09-01-2026 10:30||NIFTY27JAN2624300PE,0.14990371377094228
09-01-2026 10:30||NIFTY27JAN2624900PE,0.11729018451008409
09-01-2026 10:35||NIFTY27JAN2624300PE,0.1485850255115393
09-01-2026 10:35||NIFTY27JAN2624800PE,0.1207229124859962
09-01-2026 10:35||NIFTY27JAN2626300CE,0.0914178392621956
09-01-2026 10:40||NIFTY27JAN2624000PE,0.16558535039677813
09-01-2026 10:40||NIFTY27JAN2624700PE,0.12543880274747654
09-01-2026 10:40||NIFTY27JAN2625000PE,0.10969897593657879
09-01-2026 10:40||NIFTY27JAN2625500CE,0.11710080867670314
09-01-2026 10:40||NIFTY27JAN2626000CE,0.09676569643612964
09-01-2026 10:40||NIFTY27JAN2626100CE,0.09481959157741571
09-01-2026 10:40||NIFTY27JAN2626400CE,0.09095566141628808
09-01-2026 10:40||NIFTY27JAN2626500CE,0.09130550759689626
09-01-2026 10:45||NIFTY27JAN2624400PE,0.14234533800555704
09-01-2026 10:45||NIFTY27JAN2625000PE,0.10984575961977158
09-01-2026 10:45||NIFTY27JAN2625200CE,0.13086822323680636
09-01-2026 10:45||NIFTY27JAN2625400CE,0.12019219687588745
09-01-2026 10:45||NIFTY27JAN2625500CE,0.11447299721702464
09-01-2026 10:45||NIFTY27JAN2626300CE,0.09048947805010599
09-01-2026 10:50||NIFTY27JAN2624100PE,0.1603046256599505
09-01-2026 10:50||NIFTY27JAN2625800CE,0.09474140012438842
09-01-2026 10:50||NIFTY27JAN2625900CE,0.09318189570896437
09-01-2026 10:50||NIFTY27JAN2626000CE,0.08952869608209948
09-01-2026 10:50||NIFTY27JAN2626400CE,0.09014542795453714
09-01-2026 10:50||NIFTY27JAN2626500CE,0.09079801030162787
09-01-2026 10:55||NIFTY27JAN2623800PE,0.1765565648783326
09-01-2026 10:55||NIFTY27JAN2624700PE,0.12476797836106412
09-01-2026 10:55||NIFTY27JAN2624900PE,0.11439504064744264
09-01-2026 10:55||NIFTY27JAN2626300CE,0.09172840993857687
09-01-2026 11:00||NIFTY27JAN2624900PE,0.1138464329004313
09-01-2026 11:00||NIFTY27JAN2625000PE,0.10711740259740044
09-01-2026 11:00||NIFTY27JAN2625200CE,0.12868362130343206
09-01-2026 11:00||NIFTY27JAN2625700CE,0.10453336257988402
09-01-2026 11:00||NIFTY27JAN2625800CE,0.09831014325510075
09-01-2026 11:05||NIFTY27JAN2624000PE,0.16233109904013043
09-01-2026 11:05||NIFTY27JAN2624400PE,0.13925035505288075
09-01-2026 11:05||NIFTY27JAN2625100PE,0.1038938659823424
09-01-2026 11:05||NIFTY27JAN2625300CE,0.12545083828818449
09-01-2026 11:05||NIFTY27JAN2625500CE,0.11428562537351894
09-01-2026 11:05||NIFTY27JAN2625700CE,0.10538782902000676
09-01-2026 11:10||NIFTY27JAN2623900PE,0.17028533466544823
09-01-2026 11:10||NIFTY27JAN2624700PE,0.12426635222033074
09-01-2026 11:10||NIFTY27JAN2625100PE,0.10461861079153172
09-01-2026 11:10||NIFTY27JAN2625200CE,0.1267218518109594
09-01-2026 11:10||NIFTY27JAN2625500CE,0.10568784019030437
09-01-2026 11:10||NIFTY27JAN2625800CE,0.09531537962713148
09-01-2026 11:15||NIFTY27JAN2624200PE,0.15142786209874962
09-01-2026 11:15||NIFTY27JAN2624600PE,0.1287920782287946
09-01-2026 11:15||NIFTY27JAN2625700CE,0.10178049091901897
09-01-2026 11:15||NIFTY27JAN2626400CE,0.09175665505939534
09-01-2026 11:20||NIFTY27JAN2625200CE,0.12764304298947948
09-01-2026 11:20||NIFTY27JAN2625500CE,0.11127558752994204
09-01-2026 11:25||NIFTY27JAN2624600PE,0.12814506307158766
09-01-2026 11:25||NIFTY27JAN2625100PE,0.1034833866944348
09-01-2026 11:25||NIFTY27JAN2625600CE,0.10925272583200396
09-01-2026 11:30||NIFTY27JAN2624000PE,0.16246570125534926
09-01-2026 11:30||NIFTY27JAN2624100PE,0.15651599093056803
09-01-2026 11:30||NIFTY27JAN2624500PE,0.13489606985965252
09-01-2026 11:30||NIFTY27JAN2624600PE,0.12920613606627765
09-01-2026 11:30||NIFTY27JAN2624900PE,0.11397780217371609
09-01-2026 11:30||NIFTY27JAN2625000PE,0.1090949280766338
09-01-2026 11:30||NIFTY27JAN2625300CE,0.12085644980078669
09-01-2026 11:30||NIFTY27JAN2626200CE,0.08929789472928817
09-01-2026 11:35||NIFTY27JAN2624100PE,0.15667008406748328
09-01-2026 11:35||NIFTY27JAN2624600PE,0.12848890621975195
09-01-2026 11:35||NIFTY27JAN2625200CE,0.12459135426230751
09-01-2026 11:35||NIFTY27JAN2625300CE,0.11787109660671266
09-01-2026 11:35||NIFTY27JAN2625700CE,0.10111365851600596
09-01-2026 11:35||NIFTY27JAN2625800CE,0.09831971027507791
09-01-2026 11:40||NIFTY27JAN2624600PE,0.12835815469357953
09-01-2026 11:40||NIFTY27JAN2624700PE,0.12264459169640063
09-01-2026 11:40||NIFTY27JAN2625000PE,0.10860568832059217
09-01-2026 11:40||NIFTY27JAN2625300CE,0.11800504010793134
09-01-2026 11:40||NIFTY27JAN2625800CE,0.09817847500966081
09-01-2026 11:40||NIFTY27JAN2625900CE,0.0958662824079255
09-01-2026 11:45||NIFTY27JAN2625900CE,0.0960564842286793
09-01-2026 11:45||NIFTY27JAN2626000CE,0.09435388621646368
09-01-2026 11:45||NIFTY27JAN2626200CE,0.09262782855358154
09-01-2026 11:45||NIFTY27JAN2626500CE,0.09367912535101477
09-01-2026 11:50||NIFTY27JAN2625000PE,0.10855903579727207
09-01-2026 11:50||NIFTY27JAN2625200CE,0.12316304576548376
09-01-2026 11:50||NIFTY27JAN2625400CE,0.11192219205564928
09-01-2026 11:50||NIFTY27JAN2625500CE,0.10850722423857756
09-01-2026 11:50||NIFTY27JAN2626000CE,0.09696693370161535
09-01-2026 11:50||NIFTY27JAN2626500CE,0.09455541004213686
09-01-2026 11:55||NIFTY27JAN2624200PE,0.1521200253014852
09-01-2026 11:55||NIFTY27JAN2624300PE,0.14465017890789422
09-01-2026 11:55||NIFTY27JAN2624500PE,0.13249663187707011
09-01-2026 11:55||NIFTY27JAN2624900PE,0.1136392054640113
09-01-2026 11:55||NIFTY27JAN2625400CE,0.11456222364900688
09-01-2026 11:55||NIFTY27JAN2625600CE,0.10626776745000364
09-01-2026 11:55||NIFTY27JAN2625800CE,0.10009436124555912
09-01-2026 11:55||NIFTY27JAN2626300CE,0.09379843946057528
09-01-2026 12:00||NIFTY27JAN2623800PE,0.17372109153340543
09-01-2026 12:00||NIFTY27JAN2624400PE,0.13814782411759619
09-01-2026 12:00||NIFTY27JAN2624800PE,0.11592496138411776
09-01-2026 12:00||NIFTY27JAN2625600CE,0.11074504542670041
09-01-2026 12:00||NIFTY27JAN2625800CE,0.10368865629599507
09-01-2026 12:00||NIFTY27JAN2626300CE,0.09533135997018588
09-01-2026 12:05||NIFTY27JAN2624600PE,0.12860433714537592
09-01-2026 12:05||NIFTY27JAN2625500CE,0.10911458808834745
09-01-2026 12:05||NIFTY27JAN2626000CE,0.09551348964059228
09-01-2026 12:05||NIFTY27JAN2626500CE,0.09492487732205887
09-01-2026 12:10||NIFTY27JAN2624200PE,0.1520039806359159
09-01-2026 12:10||NIFTY27JAN2624300PE,0.14426393683801217
09-01-2026 12:10||NIFTY27JAN2625500CE,0.1062780888466732
09-01-2026 12:10||NIFTY27JAN2625900CE,0.09598534463914475
09-01-2026 12:10||NIFTY27JAN2626300CE,0.09346311804211166
09-01-2026 12:15||NIFTY27JAN2623800PE,0.17410617670875211
09-01-2026 12:15||NIFTY27JAN2624100PE,0.15713995357283594
09-01-2026 12:15||NIFTY27JAN2624200PE,0.151544482548591
09-01-2026 12:15||NIFTY27JAN2624300PE,0.14290854899136599
09-01-2026 12:15||NIFTY27JAN2625400CE,0.11306466603054588
09-01-2026 12:15||NIFTY27JAN2625500CE,0.10798979961833055
09-01-2026 12:15||NIFTY27JAN2625800CE,0.09781270038168444
09-01-2026 12:15||NIFTY27JAN2625900CE,0.09610283396946784
09-01-2026 12:15||NIFTY27JAN2626200CE,0.09316117729023432
09-01-2026 12:15||NIFTY27JAN2626300CE,0.093388157898044
09-01-2026 12:15||NIFTY27JAN2626400CE,0.09414593870076615
09-01-2026 12:15||NIFTY27JAN2626500CE,0.09543451969840078
09-01-2026 12:20||NIFTY27JAN2624000PE,0.16197750290505858
09-01-2026 12:20||NIFTY27JAN2624700PE,0.12264442078796967
09-01-2026 12:20||NIFTY27JAN2624800PE,0.1157914060960758
09-01-2026 12:20||NIFTY27JAN2625000PE,0.10741619592019447
09-01-2026 12:25||NIFTY27JAN2624200PE,0.15020960443254203
09-01-2026 12:25||NIFTY27JAN2624400PE,0.1383120200247131
09-01-2026 12:25||NIFTY27JAN2624600PE,0.1271893962524191
09-01-2026 12:25||NIFTY27JAN2625000PE,0.10887462527497647
09-01-2026 12:30||NIFTY27JAN2623800PE,0.17337497029441412
09-01-2026 12:30||NIFTY27JAN2624400PE,0.13787242215697415
09-01-2026 12:30||NIFTY27JAN2624900PE,0.11256493800602473
09-01-2026 12:30||NIFTY27JAN2626400CE,0.09467566578650732
09-01-2026 12:35||NIFTY27JAN2624100PE,0.15811329174629818
09-01-2026 12:35||NIFTY27JAN2624300PE,0.14544554037088486
09-01-2026 12:35||NIFTY27JAN2624700PE,0.1250254061964886
09-01-2026 12:35||NIFTY27JAN2624900PE,0.1154031029666877
09-01-2026 12:35||NIFTY27JAN2625700CE,0.0974121190085917
09-01-2026 12:35||NIFTY27JAN2626400CE,0.09606028369519493
09-01-2026 12:40||NIFTY27JAN2624100PE,0.15760295333804794
09-01-2026 12:40||NIFTY27JAN2625800CE,0.09883677301208454
09-01-2026 12:40||NIFTY27JAN2626100CE,0.09608287801119551
09-01-2026 12:45||NIFTY27JAN2623900PE,0.16989361303492426
09-01-2026 12:45||NIFTY27JAN2624100PE,0.15889363020453054
09-01-2026 12:45||NIFTY27JAN2624200PE,0.14933712826443413
09-01-2026 12:45||NIFTY27JAN2625100PE,0.10497214707647616
09-01-2026 12:45||NIFTY27JAN2625300CE,0.10663524075298622
09-01-2026 12:45||NIFTY27JAN2625800CE,0.09696002443857775
09-01-2026 12:45||NIFTY27JAN2625900CE,0.0959651781704146
09-01-2026 12:45||NIFTY27JAN2626000CE,0.09564106423382111
09-01-2026 12:45||NIFTY27JAN2626400CE,0.0980029318031757
09-01-2026 12:50||NIFTY27JAN2623800PE,0.17552915556637755
09-01-2026 12:50||NIFTY27JAN2624100PE,0.15565587529973968
09-01-2026 12:50||NIFTY27JAN2625300CE,0.12162561477453693
09-01-2026 12:50||NIFTY27JAN2625500CE,0.11156575900747256
09-01-2026 12:50||NIFTY27JAN2626200CE,0.09757934930883394
09-01-2026 12:55||NIFTY27JAN2624100PE,0.15723270196857247
09-01-2026 12:55||NIFTY27JAN2624500PE,0.13331165553210314
09-01-2026 12:55||NIFTY27JAN2624800PE,0.11766207460884745
09-01-2026 12:55||NIFTY27JAN2625600CE,0.10385124087315489
09-01-2026 12:55||NIFTY27JAN2625700CE,0.10132871708041691
09-01-2026 13:00||NIFTY27JAN2624200PE,0.15088493133307512
09-01-2026 13:00||NIFTY27JAN2624900PE,0.11375010088174245
09-01-2026 13:00||NIFTY27JAN2625200CE,0.12066980132889427
09-01-2026 13:00||NIFTY27JAN2625600CE,0.10357046499974644
09-01-2026 13:00||NIFTY27JAN2625800CE,0.09924257557594195
09-01-2026 13:00||NIFTY27JAN2626400CE,0.09804520866381428
09-01-2026 13:05||NIFTY27JAN2623900PE,0.16947536213605824
09-01-2026 13:05||NIFTY27JAN2624100PE,0.15765589101280614
09-01-2026 13:05||NIFTY27JAN2624300PE,0.14516911133382165
09-01-2026 13:05||NIFTY27JAN2624400PE,0.13812556906025025
09-01-2026 13:05||NIFTY27JAN2624700PE,0.12488300354878668
09-01-2026 13:05||NIFTY27JAN2624800PE,0.12006290482250039
09-01-2026 13:05||NIFTY27JAN2624900PE,0.11221708864599067
09-01-2026 13:05||NIFTY27JAN2625000PE,0.10742213234417641
09-01-2026 13:05||NIFTY27JAN2626000CE,0.0981890930420649
09-01-2026 13:05||NIFTY27JAN2626400CE,0.09844008619789335
09-01-2026 13:05||NIFTY27JAN2626500CE,0.09999779324576252
09-01-2026 13:10||NIFTY27JAN2624000PE,0.16289278775773833
09-01-2026 13:10||NIFTY27JAN2624100PE,0.15651224135382547
09-01-2026 13:10||NIFTY27JAN2624300PE,0.14426653529564776
09-01-2026 13:10||NIFTY27JAN2625200CE,0.1224331177950101
09-01-2026 13:10||NIFTY27JAN2625900CE,0.0992935251834492
09-01-2026 13:10||NIFTY27JAN2626100CE,0.09734752245937042
09-01-2026 13:10||NIFTY27JAN2626400CE,0.09854075238205245
09-01-2026 13:15||NIFTY27JAN2624100PE,0.15720940539640307
09-01-2026 13:15||NIFTY27JAN2624400PE,0.13875691630284895
09-01-2026 13:15||NIFTY27JAN2625000PE,0.10884463125224765
09-01-2026 13:15||NIFTY27JAN2625300CE,0.1164499954720597
09-01-2026 13:15||NIFTY27JAN2625700CE,0.1034029416647897
09-01-2026 13:15||NIFTY27JAN2625800CE,0.10131245113577236
09-01-2026 13:15||NIFTY27JAN2625900CE,0.09969046977587226
09-01-2026 13:15||NIFTY27JAN2626100CE,0.09785203456343794
09-01-2026 13:15||NIFTY27JAN2626200CE,0.09763558071089662
09-01-2026 13:20||NIFTY27JAN2624100PE,0.156952273978139
09-01-2026 13:20||NIFTY27JAN2625000PE,0.10863541535111143
09-01-2026 13:20||NIFTY27JAN2625200CE,0.12132811568079305
09-01-2026 13:20||NIFTY27JAN2625600CE,0.10385091647331635
09-01-2026 13:25||NIFTY27JAN2624500PE,0.1337132015672391
09-01-2026 13:25||NIFTY27JAN2625100PE,0.10527047455453101
09-01-2026 13:25||NIFTY27JAN2625300CE,0.11701843684619817
09-01-2026 13:25||NIFTY27JAN2626200CE,0.09708960949816259
09-01-2026 13:30||NIFTY27JAN2624300PE,0.14589913052461656
09-01-2026 13:30||NIFTY27JAN2624900PE,0.11519766476199005
09-01-2026 13:30||NIFTY27JAN2625900CE,0.09540059800909972
09-01-2026 13:30||NIFTY27JAN2626400CE,0.09738614649271682
09-01-2026 13:35||NIFTY27JAN2623900PE,0.16894162218504144
09-01-2026 13:35||NIFTY27JAN2624100PE,0.1565128140981718
09-01-2026 13:35||NIFTY27JAN2624400PE,0.13934653784760387
09-01-2026 13:35||NIFTY27JAN2624600PE,0.1272579474678198
09-01-2026 13:35||NIFTY27JAN2625100PE,0.10668995274547186
09-01-2026 13:35||NIFTY27JAN2625300CE,0.12151658849933611
09-01-2026 13:35||NIFTY27JAN2625400CE,0.1164791703428456
09-01-2026 13:35||NIFTY27JAN2625900CE,0.10031138534168704
09-01-2026 13:35||NIFTY27JAN2626100CE,0.0980532807058232
09-01-2026 13:40||NIFTY27JAN2624500PE,0.13468946289564313
09-01-2026 13:40||NIFTY27JAN2624800PE,0.11952200769741536
09-01-2026 13:40||NIFTY27JAN2625100PE,0.10594061047547623
09-01-2026 13:40||NIFTY27JAN2625300CE,0.10642965393796282
09-01-2026 13:40||NIFTY27JAN2625500CE,0.10059159665871945
09-01-2026 13:40||NIFTY27JAN2626500CE,0.09912390851932498
09-01-2026 13:45||NIFTY27JAN2623900PE,0.16829639986837602
09-01-2026 13:45||NIFTY27JAN2624100PE,0.1562050724836074
09-01-2026 13:45||NIFTY27JAN2624300PE,0.14398618646549396
09-01-2026 13:45||NIFTY27JAN2624400PE,0.1373588821842194
09-01-2026 13:45||NIFTY27JAN2625200CE,0.11273195856025892
09-01-2026 13:45||NIFTY27JAN2626000CE,0.09682499700239947
09-01-2026 13:50||NIFTY27JAN2623800PE,0.17368214608193677
09-01-2026 13:50||NIFTY27JAN2624600PE,0.12851821626157428
09-01-2026 13:50||NIFTY27JAN2624700PE,0.12297382939861928
09-01-2026 13:50||NIFTY27JAN2625400CE,0.10902608617150253
09-01-2026 13:50||NIFTY27JAN2625800CE,0.09859773252001705
09-01-2026 13:50||NIFTY27JAN2626100CE,0.09637271611509121
09-01-2026 13:55||NIFTY27JAN2624000PE,0.15972460157817936
09-01-2026 13:55||NIFTY27JAN2625400CE,0.11771648853808969
09-01-2026 13:55||NIFTY27JAN2625500CE,0.11333193945443654
09-01-2026 13:55||NIFTY27JAN2626400CE,0.10115386378758373
09-01-2026 14:00||NIFTY27JAN2624200PE,0.150916849726502
09-01-2026 14:00||NIFTY27JAN2624300PE,0.14461946537219472
09-01-2026 14:00||NIFTY27JAN2624400PE,0.13847829581100762
09-01-2026 14:00||NIFTY27JAN2625500CE,0.1053779974316223
09-01-2026 14:00||NIFTY27JAN2625800CE,0.09856811683774924
09-01-2026 14:00||NIFTY27JAN2626000CE,0.09624856386673283
09-01-2026 14:05||NIFTY27JAN2624100PE,0.15666870168450947
09-01-2026 14:05||NIFTY27JAN2624300PE,0.14396331078727842
09-01-2026 14:05||NIFTY27JAN2624400PE,0.1375027016991758
09-01-2026 14:05||NIFTY27JAN2625200CE,0.11805357018338074
09-01-2026 14:05||NIFTY27JAN2625400CE,0.11467560606057958
09-01-2026 14:10||NIFTY27JAN2624300PE,0.144120179360206
09-01-2026 14:10||NIFTY27JAN2624700PE,0.12303842137468042
09-01-2026 14:10||NIFTY27JAN2625300CE,0.1135207558139335
09-01-2026 14:10||NIFTY27JAN2626300CE,0.09763070217980993
09-01-2026 14:10||NIFTY27JAN2626400CE,0.09878830595162981
09-01-2026 14:10||NIFTY27JAN2626500CE,0.10043733673530886
09-01-2026 14:15||NIFTY27JAN2625500CE,0.10426593236410132
09-01-2026 14:20||NIFTY27JAN2624100PE,0.15642991903409564
09-01-2026 14:20||NIFTY27JAN2624300PE,0.1438658742871447
09-01-2026 14:20||NIFTY27JAN2624400PE,0.1376477616890475
09-01-2026 14:20||NIFTY27JAN2625000PE,0.10943303881281674
09-01-2026 14:20||NIFTY27JAN2625200CE,0.11461382570868037
09-01-2026 14:20||NIFTY27JAN2625400CE,0.10859204673793396
09-01-2026 14:20||NIFTY27JAN2625900CE,0.09758560958498494
09-01-2026 14:25||NIFTY27JAN2624100PE,0.15824824534483886
09-01-2026 14:25||NIFTY27JAN2624200PE,0.14664181051712116
09-01-2026 14:25||NIFTY27JAN2624300PE,0.1426088656145938
09-01-2026 14:25||NIFTY27JAN2625100PE,0.10475276105012596
09-01-2026 14:25||NIFTY27JAN2625300CE,0.11016215159695619
09-01-2026 14:25||NIFTY27JAN2625600CE,0.10053683240478861
09-01-2026 14:30||NIFTY27JAN2624000PE,0.1613673603954961
09-01-2026 14:30||NIFTY27JAN2624200PE,0.14848582329540938
09-01-2026 14:30||NIFTY27JAN2625900CE,0.10038032419925713
09-01-2026 14:30||NIFTY27JAN2626300CE,0.09904829052274522
09-01-2026 14:35||NIFTY27JAN2624200PE,0.14965164700941103
09-01-2026 14:35||NIFTY27JAN2624300PE,0.14328001442569507
09-01-2026 14:35||NIFTY27JAN2624600PE,0.12705607421774973
09-01-2026 14:35||NIFTY27JAN2625800CE,0.10027384162303143
09-01-2026 14:40||NIFTY27JAN2623800PE,0.17347450914158022
09-01-2026 14:40||NIFTY27JAN2625200CE,0.12046287031297095
09-01-2026 14:40||NIFTY27JAN2625600CE,0.10665487080095559
09-01-2026 14:40||NIFTY27JAN2625900CE,0.09976449483265881
09-01-2026 14:40||NIFTY27JAN2626100CE,0.0981082122589747
09-01-2026 14:40||NIFTY27JAN2626400CE,0.10002974050621205
09-01-2026 14:45||NIFTY27JAN2624500PE,0.13324047164242583
09-01-2026 14:45||NIFTY27JAN2624600PE,0.12748437432781912
09-01-2026 14:45||NIFTY27JAN2625300CE,0.11462282841002905
09-01-2026 14:45||NIFTY27JAN2625600CE,0.10423719300000671
09-01-2026 14:50||NIFTY27JAN2623900PE,0.16854392135704327
09-01-2026 14:50||NIFTY27JAN2626000CE,0.09759697882778623
09-01-2026 14:50||NIFTY27JAN2626300CE,0.09796421103118741
09-01-2026 14:55||NIFTY27JAN2623900PE,0.16934224849799084
09-01-2026 14:55||NIFTY27JAN2624000PE,0.1608760045605665
09-01-2026 14:55||NIFTY27JAN2624800PE,0.11780654697298337
09-01-2026 14:55||NIFTY27JAN2625600CE,0.10280974132309595
09-01-2026 14:55||NIFTY27JAN2625900CE,0.09704962244180138
09-01-2026 15:00||NIFTY27JAN2624000PE,0.1614044226989512
09-01-2026 15:00||NIFTY27JAN2624300PE,0.1434064174366222
09-01-2026 15:00||NIFTY27JAN2625400CE,0.11291817430481643
09-01-2026 15:00||NIFTY27JAN2625600CE,0.10537476826680603
09-01-2026 15:00||NIFTY27JAN2625700CE,0.10250546155042528
09-01-2026 15:00||NIFTY27JAN2625800CE,0.10023775236912869
09-01-2026 15:00||NIFTY27JAN2626500CE,0.10060398453864394
09-01-2026 15:05||NIFTY27JAN2624200PE,0.1503233901824837
09-01-2026 15:05||NIFTY27JAN2624300PE,0.1434532552611345
09-01-2026 15:05||NIFTY27JAN2625000PE,0.10817502679552687
09-01-2026 15:05||NIFTY27JAN2625100PE,0.10392927304890454
09-01-2026 15:05||NIFTY27JAN2625600CE,0.10532668133800685
09-01-2026 15:05||NIFTY27JAN2626500CE,0.10070121184126066
09-01-2026 15:10||NIFTY27JAN2623800PE,0.1734745636377198
09-01-2026 15:10||NIFTY27JAN2624000PE,0.16154470589005274
09-01-2026 15:10||NIFTY27JAN2624600PE,0.12724484805762468
09-01-2026 15:10||NIFTY27JAN2625000PE,0.10977338927067445
09-01-2026 15:10||NIFTY27JAN2625100PE,0.1061807998290126
09-01-2026 15:10||NIFTY27JAN2625200CE,0.12024656793324695
09-01-2026 15:10||NIFTY27JAN2626200CE,0.09719243155453264
09-01-2026 15:15||NIFTY27JAN2624200PE,0.1518433317457664
09-01-2026 15:15||NIFTY27JAN2624300PE,0.14524649867151324
09-01-2026 15:15||NIFTY27JAN2624500PE,0.1336392634378407
09-01-2026 15:15||NIFTY27JAN2624700PE,0.12375839259090415
09-01-2026 15:15||NIFTY27JAN2624900PE,0.11454175008120494
09-01-2026 15:15||NIFTY27JAN2625200CE,0.11833690061120526
09-01-2026 15:15||NIFTY27JAN2625900CE,0.09672045419580495
09-01-2026 15:15||NIFTY27JAN2626000CE,0.09581917062936908
09-01-2026 15:20||NIFTY27JAN2623800PE,0.17458474435278865
09-01-2026 15:20||NIFTY27JAN2624700PE,0.1242996478833705
09-01-2026 15:20||NIFTY27JAN2625100PE,0.1053705183524551
09-01-2026 15:20||NIFTY27JAN2625200CE,0.12619056501496217
09-01-2026 15:20||NIFTY27JAN2625300CE,0.1202785014924892
09-01-2026 15:20||NIFTY27JAN2625600CE,0.10519950773939613
09-01-2026 15:20||NIFTY27JAN2625800CE,0.10021011339094343
09-01-2026 15:20||NIFTY27JAN2626100CE,0.09710812904969046
09-01-2026 15:25||NIFTY27JAN2624100PE,0.15769993884548442
09-01-2026 15:25||NIFTY27JAN2624200PE,0.15152918272380073
09-01-2026 15:25||NIFTY27JAN2624400PE,0.13970863508366876
09-01-2026 15:25||NIFTY27JAN2625500CE,0.1163859783888519
09-01-2026 15:25||NIFTY27JAN2626000CE,0.10186260753818388
09-01-2026 15:25||NIFTY27JAN2626100CE,0.10080949510539128
12-01-2026 09:15||NIFTY27JAN2624000PE,0.17656761186975994
12-01-2026 09:15||NIFTY27JAN2624900PE,0.12481953098740001
12-01-2026 09:15||NIFTY27JAN2625200CE,0.12711644410021705
12-01-2026 09:15||NIFTY27JAN2626000CE,0.10256815994333401
12-01-2026 09:15||NIFTY27JAN2626100CE,0.10287367250156199
12-01-2026 09:20||NIFTY27JAN2624200PE,0.1626112235839633
12-01-2026 09:20||NIFTY27JAN2624600PE,0.13901618519866316
12-01-2026 09:20||NIFTY27JAN2624800PE,0.12827652716903645
12-01-2026 09:20||NIFTY27JAN2625000PE,0.1194534322321666
12-01-2026 09:20||NIFTY27JAN2625100PE,0.11560566290868948
12-01-2026 09:20||NIFTY27JAN2625200CE,0.1250109336038796
12-01-2026 09:20||NIFTY27JAN2625600CE,0.11246105632744169
12-01-2026 09:20||NIFTY27JAN2625800CE,0.10950443297032679
12-01-2026 09:25||NIFTY27JAN2624700PE,0.13270070314527935
12-01-2026 09:25||NIFTY27JAN2625800CE,0.11477282508692147
12-01-2026 09:25||NIFTY27JAN2626200CE,0.11287651751804995
12-01-2026 09:30||NIFTY27JAN2623900PE,0.18013781354797098
12-01-2026 09:30||NIFTY27JAN2624000PE,0.17328022001421187
12-01-2026 09:30||NIFTY27JAN2624400PE,0.14855338290207654
12-01-2026 09:30||NIFTY27JAN2625200CE,0.13843940279326983
12-01-2026 09:30||NIFTY27JAN2625600CE,0.1227274094696939
12-01-2026 09:30||NIFTY27JAN2625800CE,0.11711400083174896
12-01-2026 09:30||NIFTY27JAN2626000CE,0.11447333718276126
12-01-2026 09:35||NIFTY27JAN2623900PE,0.17895069688005583
12-01-2026 09:35||NIFTY27JAN2624500PE,0.14352389185733608
12-01-2026 09:35||NIFTY27JAN2624600PE,0.1372575026954165
12-01-2026 09:35||NIFTY27JAN2624700PE,0.13117234493453944
12-01-2026 09:35||NIFTY27JAN2625000PE,0.11710211173138503
12-01-2026 09:35||NIFTY27JAN2625700CE,0.11722020899037489
12-01-2026 09:35||NIFTY27JAN2625800CE,0.11488176762962254
12-01-2026 09:35||NIFTY27JAN2625900CE,0.11329395534250253
12-01-2026 09:35||NIFTY27JAN2626200CE,0.11303429292292577
12-01-2026 09:35||NIFTY27JAN2626500CE,0.11982245549552131
12-01-2026 09:40||NIFTY27JAN2623900PE,0.17996396462645461
12-01-2026 09:40||NIFTY27JAN2624600PE,0.13938771185671195
12-01-2026 09:40||NIFTY27JAN2624700PE,0.1335991784261909
12-01-2026 09:40||NIFTY27JAN2625200CE,0.14087285286813087
12-01-2026 09:40||NIFTY27JAN2625400CE,0.12416121212120187
12-01-2026 09:45||NIFTY27JAN2623900PE,0.1807550184836464
12-01-2026 09:45||NIFTY27JAN2624800PE,0.12627743838278258
12-01-2026 09:45||NIFTY27JAN2625000PE,0.11539695844748982
12-01-2026 09:45||NIFTY27JAN2626400CE,0.11567775529746847
12-01-2026 09:45||NIFTY27JAN2626500CE,0.11797507940652792
12-01-2026 09:50||NIFTY27JAN2625000PE,0.11929576736254746
12-01-2026 09:50||NIFTY27JAN2625400CE,0.12638954501951005
12-01-2026 09:50||NIFTY27JAN2625900CE,0.11165851714279995
12-01-2026 09:50||NIFTY27JAN2626000CE,0.11079234403177551
12-01-2026 09:55||NIFTY27JAN2623800PE,0.1878162769171061
12-01-2026 09:55||NIFTY27JAN2625000PE,0.1179749036231819
12-01-2026 09:55||NIFTY27JAN2625100PE,0.11290187161004935
12-01-2026 09:55||NIFTY27JAN2625400CE,0.11650811796803495
12-01-2026 09:55||NIFTY27JAN2625700CE,0.10870561581747396
12-01-2026 09:55||NIFTY27JAN2625900CE,0.1067092842588977
12-01-2026 09:55||NIFTY27JAN2626200CE,0.10852279173374413
12-01-2026 09:55||NIFTY27JAN2626400CE,0.1129371332587823
12-01-2026 10:00||NIFTY27JAN2624800PE,0.12522425366220105
12-01-2026 10:00||NIFTY27JAN2625200CE,0.12988347567724337
12-01-2026 10:00||NIFTY27JAN2625700CE,0.11952783798645297
12-01-2026 10:00||NIFTY27JAN2626100CE,0.11362932552683032
12-01-2026 10:00||NIFTY27JAN2626200CE,0.11404606933547314
12-01-2026 10:05||NIFTY27JAN2623900PE,0.1821188562345308
12-01-2026 10:05||NIFTY27JAN2624300PE,0.15778836077327096
12-01-2026 10:05||NIFTY27JAN2624600PE,0.14120207454715278
12-01-2026 10:05||NIFTY27JAN2624700PE,0.1344677120296885
12-01-2026 10:05||NIFTY27JAN2624800PE,0.1278314113183915
12-01-2026 10:05||NIFTY27JAN2625100PE,0.11295600082158926
12-01-2026 10:10||NIFTY27JAN2624000PE,0.17438403204778896
12-01-2026 10:10||NIFTY27JAN2624100PE,0.16803744044458557
12-01-2026 10:10||NIFTY27JAN2624900PE,0.12312744359272854
12-01-2026 10:10||NIFTY27JAN2625600CE,0.11568176136363917
12-01-2026 10:10||NIFTY27JAN2626300CE,0.11251808564540511
12-01-2026 10:10||NIFTY27JAN2626400CE,0.11496544790435337
12-01-2026 10:15||NIFTY27JAN2623800PE,0.1864563824029205
12-01-2026 10:15||NIFTY27JAN2624500PE,0.14205958504958346
12-01-2026 10:15||NIFTY27JAN2624800PE,0.12462551057508511
12-01-2026 10:15||NIFTY27JAN2625000PE,0.11658497849664515
12-01-2026 10:15||NIFTY27JAN2625100PE,0.11266797115640077
12-01-2026 10:15||NIFTY27JAN2626200CE,0.11256416804835233
12-01-2026 10:15||NIFTY27JAN2626400CE,0.11446392271668462
12-01-2026 10:15||NIFTY27JAN2626500CE,0.11719340748958998
12-01-2026 10:20||NIFTY27JAN2624200PE,0.16304795121047533
12-01-2026 10:20||NIFTY27JAN2624800PE,0.12847660932465865
12-01-2026 10:20||NIFTY27JAN2624900PE,0.12259879412482015
12-01-2026 10:20||NIFTY27JAN2625200CE,0.14297733789418743
12-01-2026 10:20||NIFTY27JAN2626500CE,0.11692032635862759
12-01-2026 10:25||NIFTY27JAN2623800PE,0.18780416774901265
12-01-2026 10:25||NIFTY27JAN2624300PE,0.15601750217119503
12-01-2026 10:25||NIFTY27JAN2624400PE,0.14947914693156417
12-01-2026 10:25||NIFTY27JAN2624900PE,0.12175148572975757
12-01-2026 10:25||NIFTY27JAN2625200CE,0.13454667277597748
12-01-2026 10:25||NIFTY27JAN2625800CE,0.11276906727826841
12-01-2026 10:25||NIFTY27JAN2625900CE,0.11081024770640369
12-01-2026 10:25||NIFTY27JAN2626000CE,0.10974840061160052
12-01-2026 10:30||NIFTY27JAN2624500PE,0.14512384812675597
12-01-2026 10:30||NIFTY27JAN2625200CE,0.13649795781457513
12-01-2026 10:30||NIFTY27JAN2625800CE,0.10888376120119062
12-01-2026 10:30||NIFTY27JAN2626200CE,0.10813928862147043
12-01-2026 10:35||NIFTY27JAN2624600PE,0.13799963546038746
12-01-2026 10:35||NIFTY27JAN2625400CE,0.123745204071394
12-01-2026 10:35||NIFTY27JAN2625700CE,0.11277800376893055
12-01-2026 10:35||NIFTY27JAN2626400CE,0.11350159943052773
12-01-2026 10:40||NIFTY27JAN2625000PE,0.11724061176597866
12-01-2026 10:40||NIFTY27JAN2625100PE,0.1120762842736702
12-01-2026 10:40||NIFTY27JAN2625300CE,0.12942986487126618
12-01-2026 10:40||NIFTY27JAN2625400CE,0.12372600473815254
12-01-2026 10:40||NIFTY27JAN2625500CE,0.11886095213608883
12-01-2026 10:40||NIFTY27JAN2626400CE,0.11282181761506749
12-01-2026 10:45||NIFTY27JAN2624400PE,0.14884467252716235
12-01-2026 10:45||NIFTY27JAN2625000PE,0.11575634620202638
12-01-2026 10:45||NIFTY27JAN2626000CE,0.11065216013502885
12-01-2026 10:45||NIFTY27JAN2626200CE,0.11120006516478477
12-01-2026 10:45||NIFTY27JAN2626300CE,0.11299591033639306
12-01-2026 10:50||NIFTY27JAN2623900PE,0.1826874412270962
12-01-2026 10:50||NIFTY27JAN2624900PE,0.12388429102284917
12-01-2026 10:50||NIFTY27JAN2625500CE,0.11142596496202728
12-01-2026 10:50||NIFTY27JAN2625600CE,0.10889814567034506
12-01-2026 10:50||NIFTY27JAN2626200CE,0.10670009033526284
12-01-2026 10:55||NIFTY27JAN2624000PE,0.17463068602959347
12-01-2026 10:55||NIFTY27JAN2624300PE,0.1559004622846419
12-01-2026 10:55||NIFTY27JAN2624400PE,0.14919200576611164
12-01-2026 10:55||NIFTY27JAN2624900PE,0.12239345274329272
12-01-2026 10:55||NIFTY27JAN2625100PE,0.1130483078136576
12-01-2026 10:55||NIFTY27JAN2625500CE,0.11616532337693178
12-01-2026 10:55||NIFTY27JAN2626200CE,0.10888830229992144
12-01-2026 10:55||NIFTY27JAN2626400CE,0.11299245474953028
12-01-2026 11:00||NIFTY27JAN2623800PE,0.18656455606280886
12-01-2026 11:00||NIFTY27JAN2624000PE,0.174194978117573
12-01-2026 11:00||NIFTY27JAN2624500PE,0.14261616250587947
12-01-2026 11:00||NIFTY27JAN2624800PE,0.12725718838902644
12-01-2026 11:00||NIFTY27JAN2624900PE,0.12148725801526138
12-01-2026 11:00||NIFTY27JAN2625000PE,0.11591917645601069
12-01-2026 11:00||NIFTY27JAN2625200CE,0.1288589390282175
12-01-2026 11:00||NIFTY27JAN2625400CE,0.12238605745290353
12-01-2026 11:00||NIFTY27JAN2625600CE,0.11516632621962586
12-01-2026 11:00||NIFTY27JAN2626000CE,0.10890210758813763
12-01-2026 11:00||NIFTY27JAN2626300CE,0.11192969381890179
12-01-2026 11:05||NIFTY27JAN2624100PE,0.16644057619954328
12-01-2026 11:05||NIFTY27JAN2624700PE,0.13083195757180743
12-01-2026 11:05||NIFTY27JAN2625200CE,0.13108054051185292
12-01-2026 11:05||NIFTY27JAN2625500CE,0.11953670707477822
12-01-2026 11:05||NIFTY27JAN2625600CE,0.11641826288159154
12-01-2026 11:05||NIFTY27JAN2625700CE,0.11278606687125237
12-01-2026 11:10||NIFTY27JAN2624400PE,0.15047401852706976
12-01-2026 11:10||NIFTY27JAN2624500PE,0.14123024760195957
12-01-2026 11:10||NIFTY27JAN2625200CE,0.12814486712744488
12-01-2026 11:10||NIFTY27JAN2625800CE,0.10862891838742998
12-01-2026 11:10||NIFTY27JAN2626000CE,0.1072763906096266
12-01-2026 11:15||NIFTY27JAN2625400CE,0.1182466363819103
12-01-2026 11:15||NIFTY27JAN2625700CE,0.11052408388361334
12-01-2026 11:15||NIFTY27JAN2625800CE,0.10893510084015758
12-01-2026 11:20||NIFTY27JAN2624800PE,0.12429042294473719
12-01-2026 11:20||NIFTY27JAN2626400CE,0.11641750282912966
12-01-2026 11:25||NIFTY27JAN2623800PE,0.1822849208777796
12-01-2026 11:25||NIFTY27JAN2624200PE,0.15728292750922707
12-01-2026 11:25||NIFTY27JAN2624300PE,0.1508810076040439
12-01-2026 11:25||NIFTY27JAN2624700PE,0.12877376491019943
12-01-2026 11:25||NIFTY27JAN2625400CE,0.12052505698287751
12-01-2026 11:30||NIFTY27JAN2623900PE,0.17747935556335162
12-01-2026 11:30||NIFTY27JAN2624000PE,0.1689378617058588
12-01-2026 11:35||NIFTY27JAN2624200PE,0.15713849302470234
12-01-2026 11:35||NIFTY27JAN2624400PE,0.1447028558502697
12-01-2026 11:35||NIFTY27JAN2624700PE,0.12921311756890816
12-01-2026 11:35||NIFTY27JAN2624900PE,0.11940783319176579
12-01-2026 11:35||NIFTY27JAN2625300CE,0.12452035826092026
12-01-2026 11:35||NIFTY27JAN2625600CE,0.11445671007719224
12-01-2026 11:35||NIFTY27JAN2625800CE,0.11115906984139029
12-01-2026 11:40||NIFTY27JAN2624300PE,0.15155422087594717
12-01-2026 11:40||NIFTY27JAN2624400PE,0.14508427247925085
12-01-2026 11:40||NIFTY27JAN2625000PE,0.11621407206139651
12-01-2026 11:40||NIFTY27JAN2625200CE,0.13255581172214354
12-01-2026 11:40||NIFTY27JAN2625300CE,0.1275145785495437
12-01-2026 11:50||NIFTY27JAN2624700PE,0.1287951825297622
12-01-2026 11:50||NIFTY27JAN2625600CE,0.11492669039471834
12-01-2026 11:50||NIFTY27JAN2625800CE,0.11169696726452752
12-01-2026 11:50||NIFTY27JAN2625900CE,0.1107363412689921
12-01-2026 11:55||NIFTY27JAN2624000PE,0.16907397282048228
12-01-2026 11:55||NIFTY27JAN2624900PE,0.11892033961553872
12-01-2026 11:55||NIFTY27JAN2625100PE,0.11114070174909443
12-01-2026 11:55||NIFTY27JAN2625700CE,0.11351613338198874
12-01-2026 11:55||NIFTY27JAN2626000CE,0.11110881863033129
12-01-2026 11:55||NIFTY27JAN2626500CE,0.12149877739459594
12-01-2026 12:00||NIFTY27JAN2624100PE,0.1626967266435561
12-01-2026 12:00||NIFTY27JAN2624900PE,0.11901389867475601
12-01-2026 12:00||NIFTY27JAN2625100PE,0.10908080703065176
12-01-2026 12:00||NIFTY27JAN2625900CE,0.11023715837696439
12-01-2026 12:05||NIFTY27JAN2624000PE,0.16899126952123325
12-01-2026 12:05||NIFTY27JAN2624900PE,0.1176729419022897
12-01-2026 12:05||NIFTY27JAN2625500CE,0.11861006265830198
12-01-2026 12:05||NIFTY27JAN2625800CE,0.11163583962115808
12-01-2026 12:05||NIFTY27JAN2626000CE,0.1106034523181485
12-01-2026 12:10||NIFTY27JAN2623800PE,0.18226308930703206
12-01-2026 12:10||NIFTY27JAN2624200PE,0.15602102881995242
12-01-2026 12:10||NIFTY27JAN2624700PE,0.12539993607110114
12-01-2026 12:10||NIFTY27JAN2624800PE,0.1190469424014839
12-01-2026 12:10||NIFTY27JAN2625000PE,0.10887009894581415
12-01-2026 12:10||NIFTY27JAN2625800CE,0.12012415079694763
12-01-2026 12:15||NIFTY27JAN2625100PE,0.10725679024347322
12-01-2026 12:15||NIFTY27JAN2625900CE,0.11420389638504957
12-01-2026 12:15||NIFTY27JAN2626200CE,0.11288170476285586
12-01-2026 12:20||NIFTY27JAN2624400PE,0.14920196762756782
12-01-2026 12:20||NIFTY27JAN2624700PE,0.13106513047545348
12-01-2026 12:20||NIFTY27JAN2625100PE,0.11292974136400635
12-01-2026 12:20||NIFTY27JAN2625300CE,0.1445605964004686
12-01-2026 12:20||NIFTY27JAN2625500CE,0.13259904063958308
12-01-2026 12:20||NIFTY27JAN2626400CE,0.11706284987397117
12-01-2026 12:25||NIFTY27JAN2624800PE,0.12994476567957483
12-01-2026 12:25||NIFTY27JAN2625200CE,0.14776248819920568
12-01-2026 12:25||NIFTY27JAN2626300CE,0.11236747333874116
12-01-2026 12:30||NIFTY27JAN2623800PE,0.18999077575869247
12-01-2026 12:30||NIFTY27JAN2624800PE,0.13076333568374496
12-01-2026 12:30||NIFTY27JAN2624900PE,0.1252445769874475
12-01-2026 12:30||NIFTY27JAN2625500CE,0.13359153398421242
12-01-2026 12:30||NIFTY27JAN2625700CE,0.1247142245587547
12-01-2026 12:30||NIFTY27JAN2626500CE,0.11646194437525648
12-01-2026 12:35||NIFTY27JAN2624300PE,0.16239300954819674
12-01-2026 12:35||NIFTY27JAN2624600PE,0.1451853898718138
12-01-2026 12:35||NIFTY27JAN2624900PE,0.12920344043100165
12-01-2026 12:35||NIFTY27JAN2625100PE,0.11599151667447154
12-01-2026 12:35||NIFTY27JAN2626000CE,0.11010075607097036
12-01-2026 12:35||NIFTY27JAN2626300CE,0.11106776195953572
12-01-2026 12:40||NIFTY27JAN2624300PE,0.1601474058383415
12-01-2026 12:40||NIFTY27JAN2624400PE,0.15261544054404544
12-01-2026 12:40||NIFTY27JAN2624500PE,0.1451835640257559
12-01-2026 12:40||NIFTY27JAN2625000PE,0.11905240866335084
12-01-2026 12:40||NIFTY27JAN2625300CE,0.1489659227677829
12-01-2026 12:40||NIFTY27JAN2625500CE,0.13727954339840232
12-01-2026 12:40||NIFTY27JAN2626000CE,0.1198777593401815
12-01-2026 12:40||NIFTY27JAN2626200CE,0.11769924882401107
12-01-2026 12:45||NIFTY27JAN2624300PE,0.16488408156554946
12-01-2026 12:45||NIFTY27JAN2624500PE,0.15202702408623736
12-01-2026 12:45||NIFTY27JAN2624800PE,0.135957730138134
12-01-2026 12:45||NIFTY27JAN2625000PE,0.12546686023610001
12-01-2026 12:45||NIFTY27JAN2625300CE,0.12825856410571876
12-01-2026 12:45||NIFTY27JAN2625700CE,0.11392467696896058
12-01-2026 12:45||NIFTY27JAN2625800CE,0.11170648447773188
12-01-2026 12:45||NIFTY27JAN2626000CE,0.10919225846128454
12-01-2026 12:45||NIFTY27JAN2626200CE,0.10909676841759262
12-01-2026 12:45||NIFTY27JAN2626400CE,0.11134951357118875
12-01-2026 12:50||NIFTY27JAN2624500PE,0.1511189506495824
12-01-2026 12:50||NIFTY27JAN2625300CE,0.1370739828835576
12-01-2026 12:50||NIFTY27JAN2625800CE,0.11905188741494747
12-01-2026 12:55||NIFTY27JAN2624500PE,0.1521793903148798
12-01-2026 12:55||NIFTY27JAN2624600PE,0.14557854500820777
12-01-2026 12:55||NIFTY27JAN2624700PE,0.13906925378883903
12-01-2026 12:55||NIFTY27JAN2625000PE,0.12404227795505968
12-01-2026 12:55||NIFTY27JAN2625400CE,0.13041133284933482
12-01-2026 12:55||NIFTY27JAN2625900CE,0.11249118260388878
12-01-2026 12:55||NIFTY27JAN2626200CE,0.1105716470303548
12-01-2026 13:00||NIFTY27JAN2624200PE,0.16734518444186786
12-01-2026 13:00||NIFTY27JAN2624500PE,0.15041048087997733
12-01-2026 13:00||NIFTY27JAN2624600PE,0.14314431384433451
12-01-2026 13:00||NIFTY27JAN2625500CE,0.1278937278289476
12-01-2026 13:00||NIFTY27JAN2626000CE,0.11588080059253363
12-01-2026 13:00||NIFTY27JAN2626100CE,0.11353747352266966
12-01-2026 13:00||NIFTY27JAN2626300CE,0.11345564550983125
12-01-2026 13:00||NIFTY27JAN2626500CE,0.11508936620808242
12-01-2026 13:05||NIFTY27JAN2623900PE,0.18585041693882648
12-01-2026 13:05||NIFTY27JAN2624200PE,0.1676129281728159
12-01-2026 13:05||NIFTY27JAN2624500PE,0.14960956283914267
12-01-2026 13:05||NIFTY27JAN2624900PE,0.12792412230370367
12-01-2026 13:05||NIFTY27JAN2625300CE,0.13987925859779368
12-01-2026 13:05||NIFTY27JAN2625500CE,0.13074986593482407
12-01-2026 13:05||NIFTY27JAN2626400CE,0.11471610986431083
12-01-2026 13:10||NIFTY27JAN2624700PE,0.13941295893556221
12-01-2026 13:10||NIFTY27JAN2624800PE,0.13377858832970685
12-01-2026 13:10||NIFTY27JAN2626400CE,0.11270594492644648
12-01-2026 13:15||NIFTY27JAN2623800PE,0.1911906173515393
12-01-2026 13:15||NIFTY27JAN2624500PE,0.15222166908136014
12-01-2026 13:15||NIFTY27JAN2624700PE,0.1410093856525019
12-01-2026 13:15||NIFTY27JAN2624800PE,0.1354893819681894
12-01-2026 13:15||NIFTY27JAN2625100PE,0.11915519021600551
12-01-2026 13:15||NIFTY27JAN2625500CE,0.11599895983255398
12-01-2026 13:15||NIFTY27JAN2625800CE,0.10918366067173677
12-01-2026 13:15||NIFTY27JAN2626100CE,0.10697038859176831
12-01-2026 13:15||NIFTY27JAN2626300CE,0.10772644447225771
12-01-2026 13:15||NIFTY27JAN2626400CE,0.10950114359264292
12-01-2026 13:20||NIFTY27JAN2624200PE,0.16692547631298002
12-01-2026 13:20||NIFTY27JAN2624300PE,0.16067215507247
12-01-2026 13:20||NIFTY27JAN2625000PE,0.12278598539023161
12-01-2026 13:20||NIFTY27JAN2625200CE,0.12849703728254147
12-01-2026 13:20||NIFTY27JAN2625500CE,0.12583350461402532
12-01-2026 13:20||NIFTY27JAN2626200CE,0.11127557212456551
12-01-2026 13:20||NIFTY27JAN2626500CE,0.11117635079577973
12-01-2026 13:25||NIFTY27JAN2624300PE,0.16261466328766733
12-01-2026 13:25||NIFTY27JAN2624500PE,0.1513937781818971
12-01-2026 13:25||NIFTY27JAN2624600PE,0.1455829588751878
12-01-2026 13:25||NIFTY27JAN2624800PE,0.13491631780834154
12-01-2026 13:25||NIFTY27JAN2625500CE,0.1165353253477842
12-01-2026 13:25||NIFTY27JAN2625800CE,0.10978354138541718
12-01-2026 13:25||NIFTY27JAN2626000CE,0.10767010850004047
12-01-2026 13:25||NIFTY27JAN2626400CE,0.1140092311072736
12-01-2026 13:25||NIFTY27JAN2626500CE,0.11568920309227065
12-01-2026 13:30||NIFTY27JAN2623900PE,0.18319130499769357
12-01-2026 13:30||NIFTY27JAN2624400PE,0.15433793763041093
12-01-2026 13:30||NIFTY27JAN2624800PE,0.13197426160171732
12-01-2026 13:30||NIFTY27JAN2624900PE,0.12597296927024823
12-01-2026 13:30||NIFTY27JAN2625100PE,0.11956224719145166
12-01-2026 13:30||NIFTY27JAN2625300CE,0.15202074163417123
12-01-2026 13:30||NIFTY27JAN2625500CE,0.13789916345024267
12-01-2026 13:30||NIFTY27JAN2625600CE,0.13209242523427633
12-01-2026 13:30||NIFTY27JAN2625700CE,0.12712172093564433
12-01-2026 13:35||NIFTY27JAN2624700PE,0.1411394322978119
12-01-2026 13:35||NIFTY27JAN2624900PE,0.1298228103588111
12-01-2026 13:35||NIFTY27JAN2625500CE,0.12126247522827631
12-01-2026 13:35||NIFTY27JAN2625600CE,0.11762872749814844
12-01-2026 13:35||NIFTY27JAN2625900CE,0.11104020369933339
12-01-2026 13:40||NIFTY27JAN2623900PE,0.18725367013044725
12-01-2026 13:40||NIFTY27JAN2624000PE,0.1823609311408383
12-01-2026 13:40||NIFTY27JAN2624100PE,0.17363211587442148
12-01-2026 13:40||NIFTY27JAN2624800PE,0.13626002325889977
12-01-2026 13:40||NIFTY27JAN2624900PE,0.12946434777802468
12-01-2026 13:40||NIFTY27JAN2625200CE,0.1351055424534745
12-01-2026 13:40||NIFTY27JAN2625400CE,0.12664958307569663
12-01-2026 13:40||NIFTY27JAN2626100CE,0.10625141035832897
12-01-2026 13:40||NIFTY27JAN2626200CE,0.10645109530959829
12-01-2026 13:45||NIFTY27JAN2623800PE,0.1926745963222597
12-01-2026 13:45||NIFTY27JAN2623900PE,0.1870232325377602
12-01-2026 13:45||NIFTY27JAN2624600PE,0.1448884022731157
12-01-2026 13:45||NIFTY27JAN2625100PE,0.11956719409667206
12-01-2026 13:50||NIFTY27JAN2624200PE,0.16908488790848342
12-01-2026 13:50||NIFTY27JAN2625200CE,0.137616959703282
12-01-2026 13:50||NIFTY27JAN2625300CE,0.13147839536297412
12-01-2026 13:50||NIFTY27JAN2625400CE,0.12689503615186395
12-01-2026 13:50||NIFTY27JAN2626200CE,0.10893104545457355
12-01-2026 13:55||NIFTY27JAN2623800PE,0.1935105292229904
12-01-2026 13:55||NIFTY27JAN2624000PE,0.18266063570454535
12-01-2026 13:55||NIFTY27JAN2624100PE,0.17609846919434444
12-01-2026 13:55||NIFTY27JAN2624700PE,0.14108294387951745
12-01-2026 13:55||NIFTY27JAN2624900PE,0.12987226860484907
12-01-2026 13:55||NIFTY27JAN2626100CE,0.10792116964579179
12-01-2026 13:55||NIFTY27JAN2626400CE,0.10895931223763
12-01-2026 14:00||NIFTY27JAN2624000PE,0.18157393718478781
12-01-2026 14:00||NIFTY27JAN2624400PE,0.15863663258994568
12-01-2026 14:00||NIFTY27JAN2624500PE,0.1522292461778663
12-01-2026 14:00||NIFTY27JAN2624600PE,0.1458938929322576
12-01-2026 14:00||NIFTY27JAN2625000PE,0.1246231562265895
12-01-2026 14:00||NIFTY27JAN2625400CE,0.1221933881240247
12-01-2026 14:00||NIFTY27JAN2625600CE,0.1155150786127237
12-01-2026 14:00||NIFTY27JAN2625700CE,0.11293140346821318
12-01-2026 14:00||NIFTY27JAN2626300CE,0.10800606715712036
12-01-2026 14:00||NIFTY27JAN2626400CE,0.10894796353126424
12-01-2026 14:05||NIFTY27JAN2624400PE,0.1575608781677593
12-01-2026 14:05||NIFTY27JAN2624600PE,0.14536377183045493
12-01-2026 14:05||NIFTY27JAN2624800PE,0.1335602934384003
12-01-2026 14:05||NIFTY27JAN2625800CE,0.11567737589064662
12-01-2026 14:05||NIFTY27JAN2626000CE,0.11166536820538754
12-01-2026 14:05||NIFTY27JAN2626200CE,0.10918688096671704
12-01-2026 14:05||NIFTY27JAN2626400CE,0.10820577666135371
12-01-2026 14:05||NIFTY27JAN2626500CE,0.1095567420579041
12-01-2026 14:10||NIFTY27JAN2624100PE,0.17615653093972478
12-01-2026 14:10||NIFTY27JAN2624600PE,0.14708601049966835
12-01-2026 14:10||NIFTY27JAN2624800PE,0.13531356567664155
12-01-2026 14:10||NIFTY27JAN2625200CE,0.1381382923527994
12-01-2026 14:10||NIFTY27JAN2625500CE,0.11837139999999025
12-01-2026 14:10||NIFTY27JAN2626400CE,0.10765010909089057
12-01-2026 14:15||NIFTY27JAN2624100PE,0.17467770254020376
12-01-2026 14:15||NIFTY27JAN2624200PE,0.1684567166232212
12-01-2026 14:15||NIFTY27JAN2624900PE,0.1286691710114016
12-01-2026 14:15||NIFTY27JAN2625800CE,0.11204353403142164
12-01-2026 14:20||NIFTY27JAN2624400PE,0.1575799764909512
12-01-2026 14:20||NIFTY27JAN2624500PE,0.15072386826324322
12-01-2026 14:20||NIFTY27JAN2624600PE,0.14393303497851181
12-01-2026 14:20||NIFTY27JAN2625000PE,0.12154565437573225
12-01-2026 14:20||NIFTY27JAN2625200CE,0.13906074933048862
12-01-2026 14:20||NIFTY27JAN2625700CE,0.12253376506851447
12-01-2026 14:20||NIFTY27JAN2626200CE,0.11144263493152765
12-01-2026 14:20||NIFTY27JAN2626500CE,0.11059967383733524
12-01-2026 14:25||NIFTY27JAN2623900PE,0.1880421809558025
12-01-2026 14:25||NIFTY27JAN2624200PE,0.1704274947723094
12-01-2026 14:25||NIFTY27JAN2624500PE,0.1531461745870021
12-01-2026 14:25||NIFTY27JAN2624600PE,0.1465630203436328
12-01-2026 14:25||NIFTY27JAN2626300CE,0.10643204545454645
12-01-2026 14:25||NIFTY27JAN2626500CE,0.10922372256888896
12-01-2026 14:30||NIFTY27JAN2623900PE,0.18795776353030746
12-01-2026 14:30||NIFTY27JAN2624200PE,0.1703219508628998
12-01-2026 14:30||NIFTY27JAN2625200CE,0.14006004381798798
12-01-2026 14:30||NIFTY27JAN2625700CE,0.10863127801979738
12-01-2026 14:30||NIFTY27JAN2626200CE,0.10484625328318206
12-01-2026 14:35||NIFTY27JAN2624500PE,0.14922821206342285
12-01-2026 14:35||NIFTY27JAN2625100PE,0.1182099009364603
12-01-2026 14:35||NIFTY27JAN2625900CE,0.11679621181045031
12-01-2026 14:35||NIFTY27JAN2626000CE,0.11385001308343504
12-01-2026 14:35||NIFTY27JAN2626100CE,0.11231958769446976
12-01-2026 14:35||NIFTY27JAN2626400CE,0.10907420120579527
12-01-2026 14:35||NIFTY27JAN2626500CE,0.11087008863052811
12-01-2026 14:40||NIFTY27JAN2624100PE,0.17599246693220472
12-01-2026 14:40||NIFTY27JAN2624300PE,0.16372517100709744
12-01-2026 14:40||NIFTY27JAN2624500PE,0.15155925568508727
12-01-2026 14:40||NIFTY27JAN2625100PE,0.11849616823372663
12-01-2026 14:40||NIFTY27JAN2625300CE,0.13412279762090762
12-01-2026 14:40||NIFTY27JAN2625600CE,0.11925409458535796
12-01-2026 14:40||NIFTY27JAN2626400CE,0.10911655450056301
12-01-2026 14:45||NIFTY27JAN2624000PE,0.18224575449352184
12-01-2026 14:45||NIFTY27JAN2624600PE,0.14727174036967533
12-01-2026 14:45||NIFTY27JAN2625000PE,0.12496148967523658
12-01-2026 14:45||NIFTY27JAN2625300CE,0.12681953236116073
12-01-2026 14:45||NIFTY27JAN2625500CE,0.11858246519340199
12-01-2026 14:45||NIFTY27JAN2626000CE,0.10698169892280873
12-01-2026 14:45||NIFTY27JAN2626100CE,0.10620301452277303
12-01-2026 14:45||NIFTY27JAN2626200CE,0.10593815307409571
12-01-2026 14:45||NIFTY27JAN2626500CE,0.1095563031526893
12-01-2026 14:50||NIFTY27JAN2624000PE,0.18218106185495098
12-01-2026 14:50||NIFTY27JAN2624400PE,0.15806824756336857
12-01-2026 14:50||NIFTY27JAN2624800PE,0.13454874929187127
12-01-2026 14:50||NIFTY27JAN2625100PE,0.11889665954187115
12-01-2026 14:50||NIFTY27JAN2625600CE,0.12149735423502506
12-01-2026 14:50||NIFTY27JAN2626000CE,0.10949826074939395
12-01-2026 14:50||NIFTY27JAN2626300CE,0.10721254279451031
12-01-2026 14:50||NIFTY27JAN2626400CE,0.10772941817322845
12-01-2026 14:55||NIFTY27JAN2624300PE,0.16458170685033968
12-01-2026 14:55||NIFTY27JAN2624500PE,0.15224503573878534
12-01-2026 14:55||NIFTY27JAN2624700PE,0.14044727649770472
12-01-2026 14:55||NIFTY27JAN2624900PE,0.12915355861143632
12-01-2026 14:55||NIFTY27JAN2625100PE,0.11943659707115915
12-01-2026 14:55||NIFTY27JAN2626200CE,0.10714024652340223
12-01-2026 15:00||NIFTY27JAN2623800PE,0.19505645547581915
12-01-2026 15:00||NIFTY27JAN2623900PE,0.1888171656111441
12-01-2026 15:00||NIFTY27JAN2624300PE,0.16402762368179102
12-01-2026 15:00||NIFTY27JAN2624700PE,0.14027914432187233
12-01-2026 15:00||NIFTY27JAN2624800PE,0.13467806526541268
12-01-2026 15:00||NIFTY27JAN2626000CE,0.10885145490289441
12-01-2026 15:00||NIFTY27JAN2626100CE,0.10622290655370072
12-01-2026 15:05||NIFTY27JAN2623800PE,0.19475043821240617
12-01-2026 15:05||NIFTY27JAN2624200PE,0.17137522052381668
12-01-2026 15:05||NIFTY27JAN2624300PE,0.1643293455170101
12-01-2026 15:05||NIFTY27JAN2624900PE,0.1301559444498038
12-01-2026 15:05||NIFTY27JAN2625900CE,0.10726757912932783
12-01-2026 15:05||NIFTY27JAN2626200CE,0.10475315711744315
12-01-2026 15:10||NIFTY27JAN2624000PE,0.18262186877710743
12-01-2026 15:10||NIFTY27JAN2624500PE,0.1531263568652857
12-01-2026 15:10||NIFTY27JAN2624600PE,0.14669840528363567
12-01-2026 15:10||NIFTY27JAN2625200CE,0.13179912015254883
12-01-2026 15:10||NIFTY27JAN2625600CE,0.11347826935588756
12-01-2026 15:10||NIFTY27JAN2625900CE,0.10569532856212405
12-01-2026 15:10||NIFTY27JAN2626200CE,0.10326524072867826
12-01-2026 15:10||NIFTY27JAN2626300CE,0.10364473433093124
12-01-2026 15:10||NIFTY27JAN2626400CE,0.1046189893732219
12-01-2026 15:15||NIFTY27JAN2623900PE,0.19045031817418936
12-01-2026 15:15||NIFTY27JAN2624000PE,0.183948763154617
12-01-2026 15:15||NIFTY27JAN2624500PE,0.15363880870659585
12-01-2026 15:15||NIFTY27JAN2624900PE,0.13002399287818533
12-01-2026 15:15||NIFTY27JAN2625200CE,0.13624381490885185
12-01-2026 15:15||NIFTY27JAN2625400CE,0.1284269079254159
12-01-2026 15:15||NIFTY27JAN2625500CE,0.12307088461539095
12-01-2026 15:20||NIFTY27JAN2624100PE,0.1805380653761206
12-01-2026 15:20||NIFTY27JAN2624200PE,0.17352697737069264
12-01-2026 15:20||NIFTY27JAN2624400PE,0.16133412838210498
12-01-2026 15:20||NIFTY27JAN2624500PE,0.1543105088380908
12-01-2026 15:20||NIFTY27JAN2625000PE,0.12451556463187143
12-01-2026 15:20||NIFTY27JAN2625200CE,0.1309743592144464
12-01-2026 15:20||NIFTY27JAN2625300CE,0.1276917959280018
12-01-2026 15:20||NIFTY27JAN2626200CE,0.1048093997674151
12-01-2026 15:20||NIFTY27JAN2626300CE,0.10477921432722326
12-01-2026 15:25||NIFTY27JAN2624200PE,0.17405645007824383
12-01-2026 15:25||NIFTY27JAN2624600PE,0.1492384177679705
12-01-2026 15:25||NIFTY27JAN2625400CE,0.11906197028339349
12-01-2026 15:25||NIFTY27JAN2625500CE,0.11496546585625467
12-01-2026 15:25||NIFTY27JAN2625700CE,0.1084140690574138
13-01-2026 09:15||NIFTY27JAN2624000PE,0.18885546638323583
13-01-2026 09:15||NIFTY27JAN2624700PE,0.145250128134674
13-01-2026 09:15||NIFTY27JAN2625500CE,0.10133628713704723
13-01-2026 09:15||NIFTY27JAN2625600CE,0.09891458922899762
13-01-2026 09:15||NIFTY27JAN2625800CE,0.09883338521101435
13-01-2026 09:15||NIFTY27JAN2625900CE,0.09741204211584417
13-01-2026 09:15||NIFTY27JAN2626100CE,0.09736965658009522
13-01-2026 09:20||NIFTY27JAN2623800PE,0.2000766217415332
13-01-2026 09:20||NIFTY27JAN2624500PE,0.1560390153256677
13-01-2026 09:20||NIFTY27JAN2624600PE,0.14889342840038047
13-01-2026 09:20||NIFTY27JAN2624800PE,0.13747725167624178
13-01-2026 09:25||NIFTY27JAN2623800PE,0.19989497135417772
13-01-2026 09:25||NIFTY27JAN2624200PE,0.17664365283446676
13-01-2026 09:25||NIFTY27JAN2624400PE,0.1648995541194244
13-01-2026 09:25||NIFTY27JAN2624600PE,0.15379808652683172
13-01-2026 09:25||NIFTY27JAN2624800PE,0.14336212505668705
13-01-2026 09:25||NIFTY27JAN2625300CE,0.0772273930505335
13-01-2026 09:25||NIFTY27JAN2625500CE,0.08352887611118409
13-01-2026 09:30||NIFTY27JAN2624500PE,0.1557186848394145
13-01-2026 09:30||NIFTY27JAN2625300CE,0.09559499999999962
13-01-2026 09:30||NIFTY27JAN2625500CE,0.097915
13-01-2026 09:30||NIFTY27JAN2625700CE,0.09893000000004934
13-01-2026 09:30||NIFTY27JAN2626000CE,0.09984999999996222
13-01-2026 09:30||NIFTY27JAN2626200CE,0.10116500000022353
13-01-2026 09:35||NIFTY27JAN2624000PE,0.185100569603526
13-01-2026 09:35||NIFTY27JAN2625000PE,0.12552263436809308
13-01-2026 09:35||NIFTY27JAN2625300CE,0.11449724266713979
13-01-2026 09:35||NIFTY27JAN2625700CE,0.10716911602086654
13-01-2026 09:35||NIFTY27JAN2625800CE,0.10624667731267401
13-01-2026 09:40||NIFTY27JAN2625200CE,0.11078174445557532
13-01-2026 09:40||NIFTY27JAN2625400CE,0.11421980312613718
13-01-2026 09:40||NIFTY27JAN2625600CE,0.11024848637962523
13-01-2026 09:45||NIFTY27JAN2623800PE,0.197448972287049
13-01-2026 09:45||NIFTY27JAN2624500PE,0.1534858318176022
13-01-2026 09:45||NIFTY27JAN2625400CE,0.10206077380842594
13-01-2026 09:45||NIFTY27JAN2625800CE,0.09792037156883279
13-01-2026 09:45||NIFTY27JAN2625900CE,0.09793583775021424
13-01-2026 09:50||NIFTY27JAN2623900PE,0.190670510322042
13-01-2026 09:50||NIFTY27JAN2624500PE,0.15370760952315088
13-01-2026 09:50||NIFTY27JAN2624600PE,0.14695108625593178
13-01-2026 09:50||NIFTY27JAN2625000PE,0.12698664475768484
13-01-2026 09:50||NIFTY27JAN2625100PE,0.12270417231419654
13-01-2026 09:50||NIFTY27JAN2626300CE,0.10568411067194816
13-01-2026 09:55||NIFTY27JAN2624100PE,0.17818463234258328
13-01-2026 09:55||NIFTY27JAN2624200PE,0.17087434291553588
13-01-2026 09:55||NIFTY27JAN2624300PE,0.1637032376024557
13-01-2026 09:55||NIFTY27JAN2624700PE,0.14174379844087318
13-01-2026 09:55||NIFTY27JAN2625600CE,0.10389055518923064
13-01-2026 10:00||NIFTY27JAN2624200PE,0.1685999185306402
13-01-2026 10:00||NIFTY27JAN2626300CE,0.11169927272727094
13-01-2026 10:00||NIFTY27JAN2626500CE,0.1100969865064173
13-01-2026 10:05||NIFTY27JAN2624000PE,0.18213416845196176
13-01-2026 10:05||NIFTY27JAN2624800PE,0.13494320135802862
13-01-2026 10:05||NIFTY27JAN2626400CE,0.1097631879479575
13-01-2026 10:10||NIFTY27JAN2624100PE,0.1792880006780339
13-01-2026 10:10||NIFTY27JAN2624200PE,0.1721782555689087
13-01-2026 10:10||NIFTY27JAN2624500PE,0.15415797911062046
13-01-2026 10:10||NIFTY27JAN2624700PE,0.14225941588470226
13-01-2026 10:10||NIFTY27JAN2625100PE,0.1210297659918876
13-01-2026 10:10||NIFTY27JAN2625800CE,0.10092937434555495
13-01-2026 10:15||NIFTY27JAN2624500PE,0.15340657319836654
13-01-2026 10:15||NIFTY27JAN2624800PE,0.13740088804871903
13-01-2026 10:15||NIFTY27JAN2624900PE,0.1303351848437468
13-01-2026 10:15||NIFTY27JAN2625100PE,0.12130787585651841
13-01-2026 10:15||NIFTY27JAN2625800CE,0.10205855260823223
13-01-2026 10:20||NIFTY27JAN2623900PE,0.19085336368394312
13-01-2026 10:20||NIFTY27JAN2624100PE,0.17783870657857323
13-01-2026 10:20||NIFTY27JAN2625300CE,0.11725836909637977
13-01-2026 10:20||NIFTY27JAN2625700CE,0.10607412012013029
13-01-2026 10:20||NIFTY27JAN2626500CE,0.10883219390126489
13-01-2026 10:25||NIFTY27JAN2623900PE,0.19108719110989952
13-01-2026 10:25||NIFTY27JAN2624200PE,0.17187496670344352
13-01-2026 10:25||NIFTY27JAN2624500PE,0.1526762459119611
13-01-2026 10:25||NIFTY27JAN2624700PE,0.13945289958716695
13-01-2026 10:25||NIFTY27JAN2625100PE,0.12051754159949951
13-01-2026 10:25||NIFTY27JAN2625700CE,0.1149037076476418
13-01-2026 10:30||NIFTY27JAN2623800PE,0.1997918115213888
13-01-2026 10:30||NIFTY27JAN2624400PE,0.16227509216652253
13-01-2026 10:30||NIFTY27JAN2624600PE,0.14980586810699117
13-01-2026 10:30||NIFTY27JAN2624700PE,0.14350213310536447
13-01-2026 10:30||NIFTY27JAN2624900PE,0.13195036426723836
13-01-2026 10:30||NIFTY27JAN2625300CE,0.11995637361088703
13-01-2026 10:30||NIFTY27JAN2625900CE,0.10035219830382638
13-01-2026 10:30||NIFTY27JAN2626000CE,0.09926615706917827
13-01-2026 10:30||NIFTY27JAN2626100CE,0.09935749335354228
13-01-2026 10:30||NIFTY27JAN2626400CE,0.10382026732067778
13-01-2026 10:35||NIFTY27JAN2623800PE,0.19924295740341302
13-01-2026 10:35||NIFTY27JAN2623900PE,0.1930250555985272
13-01-2026 10:35||NIFTY27JAN2624300PE,0.16739033730259684
13-01-2026 10:35||NIFTY27JAN2624600PE,0.1487241316595207
13-01-2026 10:35||NIFTY27JAN2625000PE,0.1266268609845771
13-01-2026 10:35||NIFTY27JAN2626000CE,0.10063015735932088
13-01-2026 10:35||NIFTY27JAN2626100CE,0.10084817329522636
13-01-2026 10:40||NIFTY27JAN2623900PE,0.19122398377292546
13-01-2026 10:40||NIFTY27JAN2624000PE,0.18479130170566313
13-01-2026 10:40||NIFTY27JAN2624400PE,0.16079006860033496
13-01-2026 10:40||NIFTY27JAN2624500PE,0.15431150170146138
13-01-2026 10:40||NIFTY27JAN2624800PE,0.1367537090948451
13-01-2026 10:40||NIFTY27JAN2626300CE,0.10394495350202293
13-01-2026 10:45||NIFTY27JAN2623900PE,0.19049490635386085
13-01-2026 10:45||NIFTY27JAN2624900PE,0.12874515679537388
13-01-2026 10:45||NIFTY27JAN2625200CE,0.11358443426372815
13-01-2026 10:45||NIFTY27JAN2625600CE,0.10830078434322239
13-01-2026 10:50||NIFTY27JAN2624900PE,0.13219439078038994
13-01-2026 10:50||NIFTY27JAN2625000PE,0.1249453752193727
13-01-2026 10:50||NIFTY27JAN2625500CE,0.10762815778993431
13-01-2026 10:50||NIFTY27JAN2625600CE,0.10388341025883252
13-01-2026 10:50||NIFTY27JAN2625700CE,0.10063729027928145
13-01-2026 10:50||NIFTY27JAN2625900CE,0.09832721136205351
13-01-2026 10:55||NIFTY27JAN2624300PE,0.1634676216154809
13-01-2026 10:55||NIFTY27JAN2624400PE,0.15660182867751593
13-01-2026 10:55||NIFTY27JAN2625200CE,0.11679562413077735
13-01-2026 10:55||NIFTY27JAN2625700CE,0.11004078189301225
13-01-2026 10:55||NIFTY27JAN2626400CE,0.10658526748971653
13-01-2026 11:00||NIFTY27JAN2623900PE,0.18964768738911994
13-01-2026 11:00||NIFTY27JAN2624200PE,0.17065896125744506
13-01-2026 11:00||NIFTY27JAN2625000PE,0.12451777548640527
13-01-2026 11:00||NIFTY27JAN2625700CE,0.10250129899357444
13-01-2026 11:00||NIFTY27JAN2625800CE,0.10166569587245337
13-01-2026 11:00||NIFTY27JAN2626400CE,0.10357551776735852
13-01-2026 11:05||NIFTY27JAN2624100PE,0.17554094571179402
13-01-2026 11:05||NIFTY27JAN2624800PE,0.13304461107117052
13-01-2026 11:05||NIFTY27JAN2625100PE,0.11838988306346929
13-01-2026 11:05||NIFTY27JAN2625800CE,0.10882010471204495
13-01-2026 11:10||NIFTY27JAN2623900PE,0.1894109269250352
13-01-2026 11:10||NIFTY27JAN2624800PE,0.13433682596780036
13-01-2026 11:10||NIFTY27JAN2624900PE,0.12799827813166736
13-01-2026 11:10||NIFTY27JAN2625000PE,0.12343805749032491
13-01-2026 11:10||NIFTY27JAN2625100PE,0.12013623025374859
13-01-2026 11:10||NIFTY27JAN2625900CE,0.10303577248610174
13-01-2026 11:10||NIFTY27JAN2626400CE,0.10357196523981736
13-01-2026 11:15||NIFTY27JAN2624500PE,0.15132435263708105
13-01-2026 11:15||NIFTY27JAN2625100PE,0.11836045082306135
13-01-2026 11:15||NIFTY27JAN2625200CE,0.11967017364358234
13-01-2026 11:15||NIFTY27JAN2625300CE,0.11580587918725449
13-01-2026 11:20||NIFTY27JAN2624900PE,0.12838047115063672
13-01-2026 11:20||NIFTY27JAN2626100CE,0.1000726148969946
13-01-2026 11:25||NIFTY27JAN2624000PE,0.18170806592758967
13-01-2026 11:25||NIFTY27JAN2624500PE,0.1502233968755926
13-01-2026 11:25||NIFTY27JAN2624800PE,0.13274443559045737
13-01-2026 11:25||NIFTY27JAN2625600CE,0.1107200655557441
13-01-2026 11:25||NIFTY27JAN2626000CE,0.10313810863365226
13-01-2026 11:25||NIFTY27JAN2626200CE,0.10240204184468042
13-01-2026 11:25||NIFTY27JAN2626400CE,0.1037069563672751
13-01-2026 11:30||NIFTY27JAN2625100PE,0.11797926984914689
13-01-2026 11:30||NIFTY27JAN2625500CE,0.11541098754511125
13-01-2026 11:30||NIFTY27JAN2625800CE,0.10709459873644178
13-01-2026 11:30||NIFTY27JAN2625900CE,0.10532696236460026
13-01-2026 11:35||NIFTY27JAN2623800PE,0.1960663633440391
13-01-2026 11:35||NIFTY27JAN2623900PE,0.1898415164699109
13-01-2026 11:35||NIFTY27JAN2624100PE,0.17740631167381427
13-01-2026 11:35||NIFTY27JAN2624900PE,0.12920594034529598
13-01-2026 11:35||NIFTY27JAN2625300CE,0.10999369688218166
13-01-2026 11:35||NIFTY27JAN2626000CE,0.09982604385181318
13-01-2026 11:35||NIFTY27JAN2626300CE,0.09997542647534925
13-01-2026 11:35||NIFTY27JAN2626500CE,0.1018617141722944
13-01-2026 11:40||NIFTY27JAN2623800PE,0.19325028814052675
13-01-2026 11:40||NIFTY27JAN2624500PE,0.15183326433029132
13-01-2026 11:40||NIFTY27JAN2624900PE,0.13006015673053917
13-01-2026 11:40||NIFTY27JAN2625300CE,0.09832638855738861
13-01-2026 11:40||NIFTY27JAN2625400CE,0.09762221840996838
13-01-2026 11:45||NIFTY27JAN2623800PE,0.1932000661035528
13-01-2026 11:45||NIFTY27JAN2625000PE,0.12195923238001893
13-01-2026 11:45||NIFTY27JAN2625400CE,0.11408981352828818
13-01-2026 11:45||NIFTY27JAN2625800CE,0.10364328855812133
13-01-2026 11:45||NIFTY27JAN2626200CE,0.10158597749137854
13-01-2026 11:45||NIFTY27JAN2626300CE,0.10238246439710252
13-01-2026 11:45||NIFTY27JAN2626400CE,0.1037032771717854
13-01-2026 11:50||NIFTY27JAN2624000PE,0.1807036450675918
13-01-2026 11:50||NIFTY27JAN2624300PE,0.1620138581783737
13-01-2026 11:50||NIFTY27JAN2625100PE,0.11754790209488254
13-01-2026 11:50||NIFTY27JAN2626200CE,0.09776433514455604
13-01-2026 11:50||NIFTY27JAN2626300CE,0.10046947031986873
13-01-2026 11:55||NIFTY27JAN2624300PE,0.16031998178877488
13-01-2026 11:55||NIFTY27JAN2624800PE,0.13226880414696376
13-01-2026 11:55||NIFTY27JAN2625000PE,0.12204175540229856
13-01-2026 11:55||NIFTY27JAN2625400CE,0.11491904966387062
13-01-2026 11:55||NIFTY27JAN2625500CE,0.11055086039390884
13-01-2026 12:00||NIFTY27JAN2624500PE,0.14754414258702128
13-01-2026 12:00||NIFTY27JAN2625000PE,0.12097130099675694
13-01-2026 12:00||NIFTY27JAN2625900CE,0.10188235602094764
13-01-2026 12:05||NIFTY27JAN2623800PE,0.19070057776836713
13-01-2026 12:05||NIFTY27JAN2624500PE,0.14639098984819474
13-01-2026 12:05||NIFTY27JAN2624700PE,0.13504537152796586
13-01-2026 12:05||NIFTY27JAN2625000PE,0.11956860758629687
13-01-2026 12:05||NIFTY27JAN2625300CE,0.11371322773822118
13-01-2026 12:05||NIFTY27JAN2625800CE,0.10503103058433061
13-01-2026 12:10||NIFTY27JAN2624500PE,0.1479750893718793
13-01-2026 12:10||NIFTY27JAN2625000PE,0.12267811138718597
13-01-2026 12:10||NIFTY27JAN2625200CE,0.11465307524013023
13-01-2026 12:10||NIFTY27JAN2625500CE,0.10175570795861745
13-01-2026 12:10||NIFTY27JAN2625600CE,0.10076725177541161
13-01-2026 12:15||NIFTY27JAN2624200PE,0.16471814604882334
13-01-2026 12:15||NIFTY27JAN2624300PE,0.15794210133418618
13-01-2026 12:15||NIFTY27JAN2625300CE,0.11551751139834451
13-01-2026 12:15||NIFTY27JAN2625800CE,0.10659109796198456
13-01-2026 12:15||NIFTY27JAN2626500CE,0.10591439517364457
13-01-2026 12:20||NIFTY27JAN2624100PE,0.17095003326903027
13-01-2026 12:20||NIFTY27JAN2624700PE,0.13679232711412653
13-01-2026 12:20||NIFTY27JAN2625100PE,0.11461168710712348
13-01-2026 12:20||NIFTY27JAN2625700CE,0.10131928363987619
13-01-2026 12:25||NIFTY27JAN2623800PE,0.1884838983934291
13-01-2026 12:25||NIFTY27JAN2624200PE,0.16369406843538153
13-01-2026 12:25||NIFTY27JAN2624300PE,0.1569768181882886
13-01-2026 12:25||NIFTY27JAN2624500PE,0.14430870028110593
13-01-2026 12:25||NIFTY27JAN2625700CE,0.11146112431611718
13-01-2026 12:30||NIFTY27JAN2623900PE,0.18307455025400468
13-01-2026 12:30||NIFTY27JAN2624000PE,0.17645228850530142
13-01-2026 12:30||NIFTY27JAN2624100PE,0.17005770529729514
13-01-2026 12:30||NIFTY27JAN2624400PE,0.1527341857684533
13-01-2026 12:30||NIFTY27JAN2624700PE,0.1364374577709623
13-01-2026 12:30||NIFTY27JAN2624900PE,0.12619365989563408
13-01-2026 12:30||NIFTY27JAN2626000CE,0.09972289442312206
13-01-2026 12:30||NIFTY27JAN2626400CE,0.10507625385898897
13-01-2026 12:35||NIFTY27JAN2624200PE,0.164029228446433
13-01-2026 12:35||NIFTY27JAN2624300PE,0.1572919369350988
13-01-2026 12:35||NIFTY27JAN2624600PE,0.14067699944767326
13-01-2026 12:35||NIFTY27JAN2624800PE,0.1298462594954245
13-01-2026 12:35||NIFTY27JAN2625100PE,0.11644419895861206
13-01-2026 12:35||NIFTY27JAN2625900CE,0.1018958754185384
13-01-2026 12:35||NIFTY27JAN2626100CE,0.10199689737496698
13-01-2026 12:35||NIFTY27JAN2626400CE,0.10618685579381903
13-01-2026 12:40||NIFTY27JAN2624100PE,0.16954538731257512
13-01-2026 12:40||NIFTY27JAN2624300PE,0.1573211366762769
13-01-2026 12:40||NIFTY27JAN2624600PE,0.14105257189182344
13-01-2026 12:40||NIFTY27JAN2624700PE,0.13496018136687468
13-01-2026 12:40||NIFTY27JAN2625100PE,0.1174446339826299
13-01-2026 12:40||NIFTY27JAN2626500CE,0.1077514884752457
13-01-2026 12:45||NIFTY27JAN2625300CE,0.09941816468430291
13-01-2026 12:45||NIFTY27JAN2626200CE,0.1019660374738445
13-01-2026 12:50||NIFTY27JAN2623900PE,0.1810352329770383
13-01-2026 12:50||NIFTY27JAN2624100PE,0.1687880697658219
13-01-2026 12:50||NIFTY27JAN2624600PE,0.1405097061645968
13-01-2026 12:50||NIFTY27JAN2625400CE,0.10802
13-01-2026 12:50||NIFTY27JAN2625500CE,0.10432
13-01-2026 12:55||NIFTY27JAN2624000PE,0.17440240683231487
13-01-2026 12:55||NIFTY27JAN2624300PE,0.15657408385100763
13-01-2026 12:55||NIFTY27JAN2624500PE,0.14537644409937733
13-01-2026 12:55||NIFTY27JAN2624700PE,0.1349054231365684
13-01-2026 12:55||NIFTY27JAN2625000PE,0.12068055236616362
13-01-2026 12:55||NIFTY27JAN2625100PE,0.11645536292954399
13-01-2026 12:55||NIFTY27JAN2625300CE,0.11297823026475129
13-01-2026 12:55||NIFTY27JAN2625500CE,0.10723286252124709
13-01-2026 12:55||NIFTY27JAN2626200CE,0.10465018727227715
13-01-2026 12:55||NIFTY27JAN2626400CE,0.10825607757275545
13-01-2026 12:55||NIFTY27JAN2626500CE,0.11066127094277446
13-01-2026 13:00||NIFTY27JAN2624000PE,0.1739361599560296
13-01-2026 13:00||NIFTY27JAN2624600PE,0.1396837520685446
13-01-2026 13:00||NIFTY27JAN2624700PE,0.1340376022965541
13-01-2026 13:00||NIFTY27JAN2626400CE,0.1084722259524877
13-01-2026 13:05||NIFTY27JAN2624000PE,0.17465463270129739
13-01-2026 13:05||NIFTY27JAN2624600PE,0.13895295372948177
13-01-2026 13:05||NIFTY27JAN2625200CE,0.11113257459682879
13-01-2026 13:05||NIFTY27JAN2625700CE,0.1072067868950981
13-01-2026 13:05||NIFTY27JAN2626500CE,0.11110281809522793
13-01-2026 13:10||NIFTY27JAN2623900PE,0.18245529048930514
13-01-2026 13:10||NIFTY27JAN2624400PE,0.15301139725275562
13-01-2026 13:10||NIFTY27JAN2624500PE,0.14661950915952557
13-01-2026 13:10||NIFTY27JAN2624700PE,0.13523245188094637
13-01-2026 13:10||NIFTY27JAN2625000PE,0.12142598138154469
13-01-2026 13:10||NIFTY27JAN2625600CE,0.10328826441558166
13-01-2026 13:10||NIFTY27JAN2626000CE,0.10247651164744959
13-01-2026 13:10||NIFTY27JAN2626400CE,0.10940502387255521
13-01-2026 13:10||NIFTY27JAN2626500CE,0.11133543850697705
13-01-2026 13:15||NIFTY27JAN2623800PE,0.18873283458616738
13-01-2026 13:15||NIFTY27JAN2624000PE,0.17587955221908483
13-01-2026 13:15||NIFTY27JAN2624100PE,0.16917623989193048
13-01-2026 13:15||NIFTY27JAN2624700PE,0.13502477438478439
13-01-2026 13:15||NIFTY27JAN2625000PE,0.1202634180918076
13-01-2026 13:15||NIFTY27JAN2625800CE,0.10653276297502856
13-01-2026 13:15||NIFTY27JAN2626100CE,0.10689748573278735
13-01-2026 13:15||NIFTY27JAN2626200CE,0.10799416695501307
13-01-2026 13:15||NIFTY27JAN2626300CE,0.10957840166206267
13-01-2026 13:20||NIFTY27JAN2624300PE,0.1579902680771972
13-01-2026 13:20||NIFTY27JAN2624400PE,0.15141715618130244
13-01-2026 13:20||NIFTY27JAN2624800PE,0.12974191982274696
13-01-2026 13:20||NIFTY27JAN2625000PE,0.11991279766946406
13-01-2026 13:20||NIFTY27JAN2625300CE,0.1175057319147289
13-01-2026 13:20||NIFTY27JAN2625400CE,0.11330124338888509
13-01-2026 13:20||NIFTY27JAN2625900CE,0.10497178731440769
13-01-2026 13:20||NIFTY27JAN2626500CE,0.11302824075840334
13-01-2026 13:25||NIFTY27JAN2624000PE,0.1769008114684228
13-01-2026 13:25||NIFTY27JAN2624200PE,0.16403955904419673
13-01-2026 13:25||NIFTY27JAN2624300PE,0.1569928122110057
13-01-2026 13:25||NIFTY27JAN2624600PE,0.14022623723176797
13-01-2026 13:25||NIFTY27JAN2625600CE,0.1052718217640975
13-01-2026 13:25||NIFTY27JAN2626400CE,0.10927121173590865
13-01-2026 13:30||NIFTY27JAN2623800PE,0.18949274449978853
13-01-2026 13:30||NIFTY27JAN2624000PE,0.17733900355478563
13-01-2026 13:30||NIFTY27JAN2624100PE,0.16881590192308274
13-01-2026 13:30||NIFTY27JAN2625500CE,0.10914513874841607
13-01-2026 13:35||NIFTY27JAN2624300PE,0.15876992624562808
13-01-2026 13:35||NIFTY27JAN2624800PE,0.13059517636218548
13-01-2026 13:35||NIFTY27JAN2625700CE,0.10139969990319031
13-01-2026 13:40||NIFTY27JAN2623800PE,0.1890347686907449
13-01-2026 13:40||NIFTY27JAN2624400PE,0.14953705008325258
13-01-2026 13:40||NIFTY27JAN2624500PE,0.1433877499989011
13-01-2026 13:40||NIFTY27JAN2625500CE,0.11185000000005416
13-01-2026 13:40||NIFTY27JAN2625700CE,0.1077550000000004
13-01-2026 13:40||NIFTY27JAN2625900CE,0.10515000000000034
13-01-2026 13:40||NIFTY27JAN2626100CE,0.10478500000010331
13-01-2026 13:45||NIFTY27JAN2624000PE,0.17824889497674026
13-01-2026 13:45||NIFTY27JAN2624100PE,0.16664411891739095
13-01-2026 13:45||NIFTY27JAN2625100PE,0.11461981968452067
13-01-2026 13:45||NIFTY27JAN2625300CE,0.11135570125511052
13-01-2026 13:45||NIFTY27JAN2625800CE,0.1008871369831148
13-01-2026 13:45||NIFTY27JAN2626000CE,0.10071074581486528
13-01-2026 13:50||NIFTY27JAN2624200PE,0.16260222301672103
13-01-2026 13:50||NIFTY27JAN2624400PE,0.1496772894470419
13-01-2026 13:50||NIFTY27JAN2624500PE,0.14324175863827313
13-01-2026 13:50||NIFTY27JAN2626000CE,0.101956095514673
13-01-2026 13:55||NIFTY27JAN2624200PE,0.16305824296053772
13-01-2026 13:55||NIFTY27JAN2624300PE,0.1543859678543977
13-01-2026 13:55||NIFTY27JAN2625000PE,0.11863718724253827
13-01-2026 13:55||NIFTY27JAN2625500CE,0.108490204431412
13-01-2026 13:55||NIFTY27JAN2626000CE,0.1036163078987827
13-01-2026 14:00||NIFTY27JAN2623900PE,0.1813465739824371
13-01-2026 14:00||NIFTY27JAN2624000PE,0.17564259604998184
13-01-2026 14:00||NIFTY27JAN2624100PE,0.16698903616149055
13-01-2026 14:00||NIFTY27JAN2624600PE,0.1392187573784694
13-01-2026 14:00||NIFTY27JAN2625300CE,0.10449587030255689
13-01-2026 14:00||NIFTY27JAN2625700CE,0.10105011001434333
13-01-2026 14:05||NIFTY27JAN2623900PE,0.1795308910905472
13-01-2026 14:05||NIFTY27JAN2624200PE,0.16092775590835479
13-01-2026 14:05||NIFTY27JAN2624500PE,0.14331741638829545
13-01-2026 14:05||NIFTY27JAN2625700CE,0.10374823199998673
13-01-2026 14:05||NIFTY27JAN2626300CE,0.10631475054544026
13-01-2026 14:05||NIFTY27JAN2626500CE,0.11049089052360027
13-01-2026 14:10||NIFTY27JAN2624300PE,0.15469721813692627
13-01-2026 14:10||NIFTY27JAN2624700PE,0.13275789831591722
13-01-2026 14:10||NIFTY27JAN2625200CE,0.11476144616976924
13-01-2026 14:10||NIFTY27JAN2625400CE,0.10314305162738555
13-01-2026 14:10||NIFTY27JAN2626100CE,0.10148186419753062
13-01-2026 14:15||NIFTY27JAN2623800PE,0.1845860716933227
13-01-2026 14:15||NIFTY27JAN2624800PE,0.12560240704067577
13-01-2026 14:15||NIFTY27JAN2626200CE,0.10440650948168
13-01-2026 14:20||NIFTY27JAN2624000PE,0.1709287584852458
13-01-2026 14:20||NIFTY27JAN2624400PE,0.14760621568679508
13-01-2026 14:20||NIFTY27JAN2624800PE,0.12732599066472447
13-01-2026 14:20||NIFTY27JAN2624900PE,0.1227200437112504
13-01-2026 14:20||NIFTY27JAN2625200CE,0.11328183804035774
13-01-2026 14:20||NIFTY27JAN2625800CE,0.09867700239808741
13-01-2026 14:25||NIFTY27JAN2624000PE,0.17135008033358068
13-01-2026 14:25||NIFTY27JAN2624100PE,0.16422508134896288
13-01-2026 14:25||NIFTY27JAN2624200PE,0.15729289587608017
13-01-2026 14:25||NIFTY27JAN2624500PE,0.14143144461321916
13-01-2026 14:25||NIFTY27JAN2624600PE,0.13539901046046643
13-01-2026 14:25||NIFTY27JAN2625600CE,0.10285418296405184
13-01-2026 14:25||NIFTY27JAN2626000CE,0.10197064351118915
13-01-2026 14:25||NIFTY27JAN2626200CE,0.10461106432285656
13-01-2026 14:30||NIFTY27JAN2624500PE,0.1409528381061736
13-01-2026 14:30||NIFTY27JAN2624600PE,0.13328073555681608
13-01-2026 14:30||NIFTY27JAN2624900PE,0.11911594051017677
13-01-2026 14:30||NIFTY27JAN2625100PE,0.11247546820914785
13-01-2026 14:30||NIFTY27JAN2625600CE,0.1110921545596302
13-01-2026 14:35||NIFTY27JAN2623800PE,0.18202659931310605
13-01-2026 14:35||NIFTY27JAN2624200PE,0.15783736250411698
13-01-2026 14:35||NIFTY27JAN2625100PE,0.11056366756989822
13-01-2026 14:35||NIFTY27JAN2625400CE,0.11677322799999956
13-01-2026 14:35||NIFTY27JAN2626300CE,0.10738853854544317
13-01-2026 14:35||NIFTY27JAN2626500CE,0.11298725079353389
13-01-2026 14:40||NIFTY27JAN2624500PE,0.1424032204604389
13-01-2026 14:40||NIFTY27JAN2624600PE,0.13567462671372926
13-01-2026 14:40||NIFTY27JAN2624800PE,0.12475708561126775
13-01-2026 14:40||NIFTY27JAN2625300CE,0.12220088780679816
13-01-2026 14:40||NIFTY27JAN2625600CE,0.11036462909766342
13-01-2026 14:40||NIFTY27JAN2625800CE,0.1058934042127504
13-01-2026 14:45||NIFTY27JAN2625100PE,0.11142808667581242
13-01-2026 14:45||NIFTY27JAN2626000CE,0.10000495430739775
13-01-2026 14:45||NIFTY27JAN2626100CE,0.10055600792517794
13-01-2026 14:45||NIFTY27JAN2626500CE,0.10989200580262448
13-01-2026 14:50||NIFTY27JAN2624400PE,0.14991459286627945
13-01-2026 14:50||NIFTY27JAN2624500PE,0.14073617326275487
13-01-2026 14:55||NIFTY27JAN2623800PE,0.18712225014196385
13-01-2026 14:55||NIFTY27JAN2623900PE,0.18098304601960236
13-01-2026 14:55||NIFTY27JAN2624100PE,0.1692462944668012
13-01-2026 14:55||NIFTY27JAN2624400PE,0.15044855124324358
13-01-2026 14:55||NIFTY27JAN2624500PE,0.1441061501081615
13-01-2026 14:55||NIFTY27JAN2624800PE,0.1281359732273773
13-01-2026 14:55||NIFTY27JAN2624900PE,0.12301079861471267
13-01-2026 14:55||NIFTY27JAN2625100PE,0.11217806424785298
13-01-2026 14:55||NIFTY27JAN2625700CE,0.10060868682617784
13-01-2026 14:55||NIFTY27JAN2625900CE,0.09841897896901315
13-01-2026 14:55||NIFTY27JAN2626400CE,0.10326623026732067
13-01-2026 15:00||NIFTY27JAN2623900PE,0.1839083792368323
13-01-2026 15:00||NIFTY27JAN2624500PE,0.14890740633410415
13-01-2026 15:00||NIFTY27JAN2624600PE,0.14081993811935456
13-01-2026 15:00||NIFTY27JAN2625100PE,0.11384784148278337
13-01-2026 15:00||NIFTY27JAN2625700CE,0.08750103605638017
13-01-2026 15:00||NIFTY27JAN2626200CE,0.093987978134711
13-01-2026 15:05||NIFTY27JAN2624000PE,0.17352981103467346
13-01-2026 15:05||NIFTY27JAN2624500PE,0.14262934997090035
13-01-2026 15:05||NIFTY27JAN2624900PE,0.12026057387801156
13-01-2026 15:05||NIFTY27JAN2625400CE,0.11537473109803287
13-01-2026 15:05||NIFTY27JAN2625700CE,0.10559292366457385
13-01-2026 15:05||NIFTY27JAN2625800CE,0.103567569676013
13-01-2026 15:05||NIFTY27JAN2626000CE,0.10136973443277952
13-01-2026 15:05||NIFTY27JAN2626100CE,0.1011972531781069
13-01-2026 15:05||NIFTY27JAN2626500CE,0.09760875220174278
13-01-2026 15:10||NIFTY27JAN2624000PE,0.1761656271657496
13-01-2026 15:10||NIFTY27JAN2624200PE,0.16360561433993898
13-01-2026 15:10||NIFTY27JAN2624400PE,0.15114672754573458
13-01-2026 15:10||NIFTY27JAN2624900PE,0.12394954257067287
13-01-2026 15:10||NIFTY27JAN2625300CE,0.0953235407998555
13-01-2026 15:10||NIFTY27JAN2625600CE,0.0936260704066704
13-01-2026 15:10||NIFTY27JAN2626200CE,0.09579196875939869
13-01-2026 15:15||NIFTY27JAN2623800PE,0.18786308844642413
13-01-2026 15:15||NIFTY27JAN2624200PE,0.1644393531058016
13-01-2026 15:15||NIFTY27JAN2624600PE,0.14157291587963705
13-01-2026 15:15||NIFTY27JAN2624700PE,0.1351835497663483
13-01-2026 15:15||NIFTY27JAN2625700CE,0.09163231736409827
13-01-2026 15:15||NIFTY27JAN2626000CE,0.0924067704928131
13-01-2026 15:15||NIFTY27JAN2626300CE,0.09656655695033223
13-01-2026 15:15||NIFTY27JAN2626500CE,0.10206393108459391
13-01-2026 15:20||NIFTY27JAN2623900PE,0.18202948957616155
13-01-2026 15:20||NIFTY27JAN2624300PE,0.15795787600421377
13-01-2026 15:20||NIFTY27JAN2624800PE,0.1286957917163133
13-01-2026 15:20||NIFTY27JAN2625300CE,0.10379807413555123
13-01-2026 15:20||NIFTY27JAN2625600CE,0.09796284676527513
13-01-2026 15:20||NIFTY27JAN2626200CE,0.09752852313593137
13-01-2026 15:25||NIFTY27JAN2624500PE,0.14683783294650166
13-01-2026 15:25||NIFTY27JAN2624700PE,0.1353743603385027
13-01-2026 15:25||NIFTY27JAN2624900PE,0.12435076167604109
13-01-2026 15:25||NIFTY27JAN2626000CE,0.09378719893514224
14-01-2026 09:15||NIFTY27JAN2624300PE,0.16207420909267012
14-01-2026 09:15||NIFTY27JAN2624400PE,0.15527035166371722
14-01-2026 09:15||NIFTY27JAN2625300CE,0.1307523089993624
14-01-2026 09:15||NIFTY27JAN2626100CE,0.09943586868098517
14-01-2026 09:15||NIFTY27JAN2626500CE,0.10669071494222376
14-01-2026 09:20||NIFTY27JAN2624100PE,0.17576705903588713
14-01-2026 09:25||NIFTY27JAN2624000PE,0.18246662991722018
14-01-2026 09:25||NIFTY27JAN2624200PE,0.16897014255941256
14-01-2026 09:25||NIFTY27JAN2624700PE,0.13737740438163817
14-01-2026 09:25||NIFTY27JAN2625300CE,0.1262433333332993
14-01-2026 09:25||NIFTY27JAN2626500CE,0.1071238399935866
14-01-2026 09:30||NIFTY27JAN2623800PE,0.19718465960637677
14-01-2026 09:30||NIFTY27JAN2624000PE,0.18483996755592572
14-01-2026 09:30||NIFTY27JAN2624600PE,0.1467970951923358
14-01-2026 09:30||NIFTY27JAN2624700PE,0.14021951939653363
14-01-2026 09:30||NIFTY27JAN2626200CE,0.09783067146283742
14-01-2026 09:30||NIFTY27JAN2626500CE,0.1038254373943964
14-01-2026 09:35||NIFTY27JAN2624000PE,0.1837682133698148
14-01-2026 09:35||NIFTY27JAN2625500CE,0.1013866617546735
14-01-2026 09:35||NIFTY27JAN2626400CE,0.10045620108790156
14-01-2026 09:40||NIFTY27JAN2623800PE,0.19423007953852112
14-01-2026 09:40||NIFTY27JAN2624000PE,0.1821789323950874
14-01-2026 09:40||NIFTY27JAN2624200PE,0.16920888111565988
14-01-2026 09:40||NIFTY27JAN2624700PE,0.1386648324974405
14-01-2026 09:40||NIFTY27JAN2624800PE,0.13157217927328424
14-01-2026 09:40||NIFTY27JAN2625000PE,0.1205659293244616
14-01-2026 09:40||NIFTY27JAN2625500CE,0.10225888094517188
14-01-2026 09:40||NIFTY27JAN2625800CE,0.09584494377872943
14-01-2026 09:45||NIFTY27JAN2624300PE,0.16318875586079565
14-01-2026 09:45||NIFTY27JAN2624400PE,0.15633772927461817
14-01-2026 09:45||NIFTY27JAN2624500PE,0.14896816064823776
14-01-2026 09:45||NIFTY27JAN2624600PE,0.14221676157711535
14-01-2026 09:45||NIFTY27JAN2625400CE,0.10588
14-01-2026 09:50||NIFTY27JAN2623800PE,0.19376773978831854
14-01-2026 09:50||NIFTY27JAN2623900PE,0.1874332835797259
14-01-2026 09:50||NIFTY27JAN2624600PE,0.14120505099038635
14-01-2026 09:50||NIFTY27JAN2625200CE,0.10309179858798269
14-01-2026 09:50||NIFTY27JAN2625300CE,0.10307409763588093
14-01-2026 09:50||NIFTY27JAN2626400CE,0.1083335474957039
14-01-2026 09:55||NIFTY27JAN2624100PE,0.17830508116818372
14-01-2026 09:55||NIFTY27JAN2626000CE,0.09551747419262953
14-01-2026 10:00||NIFTY27JAN2624000PE,0.18138644500513998
14-01-2026 10:00||NIFTY27JAN2624400PE,0.15554662766762484
14-01-2026 10:00||NIFTY27JAN2625100PE,0.115132360145962
14-01-2026 10:00||NIFTY27JAN2625500CE,0.10647118527090085
14-01-2026 10:00||NIFTY27JAN2626100CE,0.09580764258797354
14-01-2026 10:00||NIFTY27JAN2626500CE,0.10258023064070397
14-01-2026 10:05||NIFTY27JAN2624600PE,0.14286027303864995
14-01-2026 10:05||NIFTY27JAN2624800PE,0.1305146345392856
14-01-2026 10:05||NIFTY27JAN2625000PE,0.11886523311380118
14-01-2026 10:05||NIFTY27JAN2625300CE,0.11397186601290343
14-01-2026 10:05||NIFTY27JAN2625400CE,0.10942704108464696
14-01-2026 10:05||NIFTY27JAN2626200CE,0.09882993498979076
14-01-2026 10:05||NIFTY27JAN2626300CE,0.1007254833943314
14-01-2026 10:05||NIFTY27JAN2626400CE,0.10333662883585504
14-01-2026 10:10||NIFTY27JAN2624000PE,0.17966648993967993
14-01-2026 10:10||NIFTY27JAN2624200PE,0.16660431834945658
14-01-2026 10:10||NIFTY27JAN2624500PE,0.14791780123639103
14-01-2026 10:10||NIFTY27JAN2624600PE,0.14121890822113636
14-01-2026 10:10||NIFTY27JAN2625400CE,0.11019637719492792
14-01-2026 10:10||NIFTY27JAN2625600CE,0.10343244214239178
14-01-2026 10:10||NIFTY27JAN2626400CE,0.10438986775402626
14-01-2026 10:15||NIFTY27JAN2624100PE,0.17388792740869083
14-01-2026 10:15||NIFTY27JAN2625000PE,0.11956070377866657
14-01-2026 10:15||NIFTY27JAN2625200CE,0.11039038315127875
14-01-2026 10:15||NIFTY27JAN2625600CE,0.0970300598306778
14-01-2026 10:15||NIFTY27JAN2625900CE,0.09565357086832423
14-01-2026 10:20||NIFTY27JAN2624200PE,0.16585926331758305
14-01-2026 10:20||NIFTY27JAN2624700PE,0.1347539290381815
14-01-2026 10:20||NIFTY27JAN2625000PE,0.11777164734865367
14-01-2026 10:20||NIFTY27JAN2625500CE,0.10213572777978244
14-01-2026 10:20||NIFTY27JAN2625600CE,0.1018031398411258
14-01-2026 10:20||NIFTY27JAN2625700CE,0.09699724198179284
14-01-2026 10:20||NIFTY27JAN2625800CE,0.09689803420178401
14-01-2026 10:25||NIFTY27JAN2623800PE,0.1915464582447835
14-01-2026 10:25||NIFTY27JAN2624300PE,0.1593575480673978
14-01-2026 10:25||NIFTY27JAN2625000PE,0.11761430279697549
14-01-2026 10:25||NIFTY27JAN2626100CE,0.09993482713576363
14-01-2026 10:25||NIFTY27JAN2626200CE,0.10111172738817409
14-01-2026 10:25||NIFTY27JAN2626400CE,0.10488295832353245
14-01-2026 10:30||NIFTY27JAN2623900PE,0.18599944640016772
14-01-2026 10:30||NIFTY27JAN2624000PE,0.1775905758894941
14-01-2026 10:30||NIFTY27JAN2624700PE,0.13544205619506103
14-01-2026 10:30||NIFTY27JAN2624800PE,0.12741474250732526
14-01-2026 10:30||NIFTY27JAN2625100PE,0.11270667931056705
14-01-2026 10:30||NIFTY27JAN2625200CE,0.1092115172490552
14-01-2026 10:30||NIFTY27JAN2626500CE,0.10597778617227499
14-01-2026 10:35||NIFTY27JAN2623900PE,0.18655639132763843
14-01-2026 10:35||NIFTY27JAN2624400PE,0.15408173277407522
14-01-2026 10:35||NIFTY27JAN2625600CE,0.09733841552398914
14-01-2026 10:35||NIFTY27JAN2625700CE,0.09630879118554958
14-01-2026 10:35||NIFTY27JAN2626300CE,0.10064997804444431
14-01-2026 10:40||NIFTY27JAN2623800PE,0.1918312546281445
14-01-2026 10:40||NIFTY27JAN2624100PE,0.17278887321680117
14-01-2026 10:40||NIFTY27JAN2625300CE,0.10628761961722688
14-01-2026 10:40||NIFTY27JAN2625600CE,0.0979918421052659
14-01-2026 10:40||NIFTY27JAN2626300CE,0.10044415869218426
14-01-2026 10:40||NIFTY27JAN2626500CE,0.10651581612157292
14-01-2026 10:45||NIFTY27JAN2624000PE,0.176324207096841
14-01-2026 10:45||NIFTY27JAN2624600PE,0.13875268863187784
14-01-2026 10:45||NIFTY27JAN2624800PE,0.12642251066497076
14-01-2026 10:45||NIFTY27JAN2625400CE,0.12169999999999999
14-01-2026 10:50||NIFTY27JAN2624000PE,0.17920391158761126
14-01-2026 10:50||NIFTY27JAN2624300PE,0.15994751651860317
14-01-2026 10:50||NIFTY27JAN2624800PE,0.12921611637238017
14-01-2026 10:50||NIFTY27JAN2625200CE,0.12390249053182606
14-01-2026 10:50||NIFTY27JAN2625400CE,0.1094331651160049
14-01-2026 10:50||NIFTY27JAN2625800CE,0.09994401371114348
14-01-2026 10:55||NIFTY27JAN2624600PE,0.14092403367583567
14-01-2026 10:55||NIFTY27JAN2625000PE,0.11686566539286518
14-01-2026 10:55||NIFTY27JAN2625200CE,0.12251718471770143
14-01-2026 10:55||NIFTY27JAN2626200CE,0.10080326234496295
14-01-2026 10:55||NIFTY27JAN2626300CE,0.10193662646123593
14-01-2026 10:55||NIFTY27JAN2626400CE,0.10366549033421905
14-01-2026 10:55||NIFTY27JAN2626500CE,0.1059792271780004
14-01-2026 11:00||NIFTY27JAN2624100PE,0.174659389087071
14-01-2026 11:00||NIFTY27JAN2626100CE,0.0997211380706311
14-01-2026 11:00||NIFTY27JAN2626300CE,0.10173548875084037
14-01-2026 11:05||NIFTY27JAN2624000PE,0.18145220187348815
14-01-2026 11:05||NIFTY27JAN2624800PE,0.131843324352261
14-01-2026 11:05||NIFTY27JAN2625300CE,0.10665015945222728
14-01-2026 11:05||NIFTY27JAN2626000CE,0.09700981085739233
14-01-2026 11:05||NIFTY27JAN2626100CE,0.09753212731721984
14-01-2026 11:05||NIFTY27JAN2626300CE,0.09919192778833465
14-01-2026 11:10||NIFTY27JAN2624000PE,0.18096566676905565
14-01-2026 11:10||NIFTY27JAN2624300PE,0.16176115621793308
14-01-2026 11:10||NIFTY27JAN2624500PE,0.14849101715305288
14-01-2026 11:10||NIFTY27JAN2625200CE,0.11655799677921036
14-01-2026 11:15||NIFTY27JAN2624100PE,0.17563837803016352
14-01-2026 11:15||NIFTY27JAN2624300PE,0.16278955644168783
14-01-2026 11:15||NIFTY27JAN2624400PE,0.15562070664510444
14-01-2026 11:15||NIFTY27JAN2624500PE,0.14837857736055393
14-01-2026 11:15||NIFTY27JAN2624600PE,0.14186171669134962
14-01-2026 11:15||NIFTY27JAN2625500CE,0.1095959113723741
14-01-2026 11:15||NIFTY27JAN2625800CE,0.10118437587928815
14-01-2026 11:15||NIFTY27JAN2626000CE,0.0987578732466173
14-01-2026 11:20||NIFTY27JAN2623800PE,0.1946413797996267
14-01-2026 11:20||NIFTY27JAN2623900PE,0.18863603743126722
14-01-2026 11:20||NIFTY27JAN2624600PE,0.14398984841493434
14-01-2026 11:20||NIFTY27JAN2624800PE,0.13181196585184213
14-01-2026 11:20||NIFTY27JAN2625100PE,0.11373029010407631
14-01-2026 11:20||NIFTY27JAN2625300CE,0.11051941309760238
14-01-2026 11:20||NIFTY27JAN2625600CE,0.10045164812850871
14-01-2026 11:20||NIFTY27JAN2625800CE,0.09683797677225314
14-01-2026 11:25||NIFTY27JAN2623900PE,0.18757378777644085
14-01-2026 11:25||NIFTY27JAN2624700PE,0.13643749710083106
14-01-2026 11:25||NIFTY27JAN2624900PE,0.1233283672060675
14-01-2026 11:25||NIFTY27JAN2625400CE,0.12755837817308735
14-01-2026 11:25||NIFTY27JAN2626200CE,0.10216432220665304
14-01-2026 11:30||NIFTY27JAN2624200PE,0.1714855448438784
14-01-2026 11:30||NIFTY27JAN2624300PE,0.16475285543587118
14-01-2026 11:30||NIFTY27JAN2624400PE,0.1580917412117734
14-01-2026 11:30||NIFTY27JAN2625000PE,0.12226896469528842
14-01-2026 11:30||NIFTY27JAN2625300CE,0.1075098959472637
14-01-2026 11:30||NIFTY27JAN2625800CE,0.09719543537801714
14-01-2026 11:30||NIFTY27JAN2626000CE,0.09578313070465183
14-01-2026 11:35||NIFTY27JAN2623900PE,0.18960669609352637
14-01-2026 11:35||NIFTY27JAN2624400PE,0.15831094234807236
14-01-2026 11:35||NIFTY27JAN2624500PE,0.15105742161230862
14-01-2026 11:35||NIFTY27JAN2624700PE,0.13791044436078362
14-01-2026 11:35||NIFTY27JAN2625100PE,0.11564748842211445
14-01-2026 11:35||NIFTY27JAN2625500CE,0.10404964934034024
14-01-2026 11:35||NIFTY27JAN2625700CE,0.09941745242041558
14-01-2026 11:35||NIFTY27JAN2626100CE,0.09673521578834954
14-01-2026 11:40||NIFTY27JAN2623900PE,0.18974319054384065
14-01-2026 11:40||NIFTY27JAN2625500CE,0.10196677629820164
14-01-2026 11:40||NIFTY27JAN2625600CE,0.09904875680780757
14-01-2026 11:40||NIFTY27JAN2626500CE,0.1010054412755507
14-01-2026 11:45||NIFTY27JAN2623900PE,0.18975233981627787
14-01-2026 11:45||NIFTY27JAN2624300PE,0.16328655558264998
14-01-2026 11:45||NIFTY27JAN2624500PE,0.1495720279744835
14-01-2026 11:45||NIFTY27JAN2626400CE,0.10243302050193964
14-01-2026 11:50||NIFTY27JAN2625100PE,0.11451758293323125
14-01-2026 11:50||NIFTY27JAN2625700CE,0.10099651462346956
14-01-2026 11:50||NIFTY27JAN2625800CE,0.0975015499445836
14-01-2026 11:50||NIFTY27JAN2626100CE,0.09621687399663645
14-01-2026 11:55||NIFTY27JAN2624200PE,0.17129894323864459
14-01-2026 11:55||NIFTY27JAN2624400PE,0.15744625523619052
14-01-2026 11:55||NIFTY27JAN2624800PE,0.13248507057992906
14-01-2026 11:55||NIFTY27JAN2625200CE,0.11711521241806722
14-01-2026 11:55||NIFTY27JAN2625600CE,0.10083500000002038
14-01-2026 12:00||NIFTY27JAN2623800PE,0.19803125057263188
14-01-2026 12:00||NIFTY27JAN2624400PE,0.15891742187500046
14-01-2026 12:00||NIFTY27JAN2624900PE,0.12728594716316105
14-01-2026 12:00||NIFTY27JAN2625000PE,0.12164323779862465
14-01-2026 12:00||NIFTY27JAN2625100PE,0.11620205574613099
14-01-2026 12:05||NIFTY27JAN2624400PE,0.15913043292096166
14-01-2026 12:05||NIFTY27JAN2624600PE,0.14583885669020474
14-01-2026 12:05||NIFTY27JAN2626500CE,0.09812650107503791
14-01-2026 12:10||NIFTY27JAN2624400PE,0.15753790621123664
14-01-2026 12:10||NIFTY27JAN2624600PE,0.14461316714418332
14-01-2026 12:10||NIFTY27JAN2624800PE,0.13240745497061027
14-01-2026 12:10||NIFTY27JAN2624900PE,0.126142326604652
14-01-2026 12:10||NIFTY27JAN2625100PE,0.11370328775996905
14-01-2026 12:10||NIFTY27JAN2625900CE,0.09234479374220253
14-01-2026 12:10||NIFTY27JAN2626300CE,0.09535193330460248
14-01-2026 12:15||NIFTY27JAN2624200PE,0.16805606095779269
14-01-2026 12:15||NIFTY27JAN2624800PE,0.12902627038925368
14-01-2026 12:15||NIFTY27JAN2626500CE,0.09928267298868793
14-01-2026 12:20||NIFTY27JAN2623800PE,0.19730382430143617
14-01-2026 12:20||NIFTY27JAN2623900PE,0.19080689560160047
14-01-2026 12:20||NIFTY27JAN2625300CE,0.10136677509228291
14-01-2026 12:20||NIFTY27JAN2626400CE,0.09752084236662452
14-01-2026 12:25||NIFTY27JAN2624500PE,0.15115738597782238
14-01-2026 12:25||NIFTY27JAN2625400CE,0.09707365881425772
14-01-2026 12:25||NIFTY27JAN2625500CE,0.0951964799832615
14-01-2026 12:25||NIFTY27JAN2625900CE,0.09178610056299996
14-01-2026 12:30||NIFTY27JAN2623900PE,0.19013047705931205
14-01-2026 12:30||NIFTY27JAN2624300PE,0.16362009015253393
14-01-2026 12:30||NIFTY27JAN2624900PE,0.12574035598968306
14-01-2026 12:30||NIFTY27JAN2625800CE,0.09584963840996252
14-01-2026 12:30||NIFTY27JAN2626300CE,0.09654700213339851
14-01-2026 12:30||NIFTY27JAN2626400CE,0.09856927072447874
14-01-2026 12:35||NIFTY27JAN2623900PE,0.19100125959329053
14-01-2026 12:35||NIFTY27JAN2625300CE,0.10569441995405188
14-01-2026 12:35||NIFTY27JAN2625500CE,0.09982717308451682
14-01-2026 12:35||NIFTY27JAN2625900CE,0.09390862340489348
14-01-2026 12:45||NIFTY27JAN2625600CE,0.09693164907598804
14-01-2026 12:45||NIFTY27JAN2625700CE,0.09307315724189041
14-01-2026 12:50||NIFTY27JAN2624900PE,0.12480705159731627
14-01-2026 12:50||NIFTY27JAN2626300CE,0.09501971335341278
14-01-2026 12:50||NIFTY27JAN2626500CE,0.10077802564439864
14-01-2026 12:55||NIFTY27JAN2623900PE,0.18815001791881591
14-01-2026 12:55||NIFTY27JAN2624300PE,0.16171040922764218
14-01-2026 12:55||NIFTY27JAN2625000PE,0.11837407486774638
14-01-2026 13:00||NIFTY27JAN2624700PE,0.13685384683389346
14-01-2026 13:00||NIFTY27JAN2625400CE,0.098615
14-01-2026 13:00||NIFTY27JAN2625700CE,0.09641
14-01-2026 13:00||NIFTY27JAN2625800CE,0.09184
14-01-2026 13:00||NIFTY27JAN2626200CE,0.09207
14-01-2026 13:00||NIFTY27JAN2626300CE,0.09743
14-01-2026 13:00||NIFTY27JAN2626500CE,0.09973067801398425
14-01-2026 13:05||NIFTY27JAN2624000PE,0.1817602765626034
14-01-2026 13:05||NIFTY27JAN2624400PE,0.1555203480913781
14-01-2026 13:05||NIFTY27JAN2624800PE,0.13048226783294234
14-01-2026 13:05||NIFTY27JAN2624900PE,0.12427339134629002
14-01-2026 13:05||NIFTY27JAN2625800CE,0.09600863398703287
14-01-2026 13:05||NIFTY27JAN2626200CE,0.09556315597882921
14-01-2026 13:05||NIFTY27JAN2626300CE,0.09713156724134937
14-01-2026 13:10||NIFTY27JAN2624000PE,0.1825807051370113
14-01-2026 13:10||NIFTY27JAN2624600PE,0.14403338668164872
14-01-2026 13:10||NIFTY27JAN2624700PE,0.1373479791440469
14-01-2026 13:10||NIFTY27JAN2624900PE,0.12510705062727331
14-01-2026 13:10||NIFTY27JAN2625300CE,0.09950380935959302
14-01-2026 13:10||NIFTY27JAN2625800CE,0.08823486493670174
14-01-2026 13:10||NIFTY27JAN2625900CE,0.08794129136312634
14-01-2026 13:10||NIFTY27JAN2626400CE,0.09627450005027427
14-01-2026 13:15||NIFTY27JAN2624000PE,0.18150929366287546
14-01-2026 13:15||NIFTY27JAN2624600PE,0.14250369385817582
14-01-2026 13:15||NIFTY27JAN2624800PE,0.12987799179071943
14-01-2026 13:15||NIFTY27JAN2625200CE,0.10160239223220557
14-01-2026 13:15||NIFTY27JAN2625600CE,0.09311961765539323
14-01-2026 13:15||NIFTY27JAN2626100CE,0.09100078813884593
14-01-2026 13:15||NIFTY27JAN2626200CE,0.09238065093383696
14-01-2026 13:20||NIFTY27JAN2624400PE,0.15478129373408298
14-01-2026 13:20||NIFTY27JAN2624700PE,0.13637028117507718
14-01-2026 13:20||NIFTY27JAN2624900PE,0.12446097061579772
14-01-2026 13:20||NIFTY27JAN2625200CE,0.10097666681666165
14-01-2026 13:20||NIFTY27JAN2625900CE,0.08840103389830599
14-01-2026 13:25||NIFTY27JAN2624100PE,0.17230002683291465
14-01-2026 13:25||NIFTY27JAN2624700PE,0.134755633361653
14-01-2026 13:25||NIFTY27JAN2624900PE,0.1226156024001012
14-01-2026 13:25||NIFTY27JAN2625200CE,0.09776443757417919
14-01-2026 13:25||NIFTY27JAN2625600CE,0.0953964983165001
14-01-2026 13:25||NIFTY27JAN2626400CE,0.09681391978260181
14-01-2026 13:25||NIFTY27JAN2626500CE,0.09924540659670322
14-01-2026 13:30||NIFTY27JAN2624200PE,0.16588711888533825
14-01-2026 13:30||NIFTY27JAN2624300PE,0.1588999159585111
14-01-2026 13:30||NIFTY27JAN2625200CE,0.08928492633904948
14-01-2026 13:30||NIFTY27JAN2625700CE,0.08928927862939773
14-01-2026 13:30||NIFTY27JAN2626500CE,0.09266989801809442
14-01-2026 13:35||NIFTY27JAN2624000PE,0.17856959500345632
14-01-2026 13:35||NIFTY27JAN2624100PE,0.17049531509335952
14-01-2026 13:35||NIFTY27JAN2625100PE,0.11256387164778203
14-01-2026 13:35||NIFTY27JAN2625500CE,0.0816449999997625
14-01-2026 13:35||NIFTY27JAN2625700CE,0.08412000000016065
14-01-2026 13:40||NIFTY27JAN2626500CE,0.09525056764893516
14-01-2026 13:45||NIFTY27JAN2624100PE,0.16778496206610918
14-01-2026 13:45||NIFTY27JAN2624200PE,0.1613971583187972
14-01-2026 13:45||NIFTY27JAN2624400PE,0.1488682669900597
14-01-2026 13:45||NIFTY27JAN2624600PE,0.1366492125661051
14-01-2026 13:45||NIFTY27JAN2624700PE,0.13056104689427708
14-01-2026 13:45||NIFTY27JAN2624800PE,0.12470593115707303
14-01-2026 13:45||NIFTY27JAN2625400CE,0.10051095426396216
14-01-2026 13:45||NIFTY27JAN2626200CE,0.09909335999245654
14-01-2026 13:45||NIFTY27JAN2626300CE,0.1009061072574943
14-01-2026 13:45||NIFTY27JAN2626400CE,0.10316222143829674
14-01-2026 13:50||NIFTY27JAN2625400CE,0.0855148218051692
14-01-2026 13:50||NIFTY27JAN2625600CE,0.08643470085089228
14-01-2026 13:50||NIFTY27JAN2626300CE,0.09868018934986032
14-01-2026 13:55||NIFTY27JAN2623800PE,0.18722208596476125
14-01-2026 13:55||NIFTY27JAN2624600PE,0.1363784729773794
14-01-2026 13:55||NIFTY27JAN2624900PE,0.11964761924562888
14-01-2026 13:55||NIFTY27JAN2625200CE,0.09160186000537605
14-01-2026 13:55||NIFTY27JAN2626200CE,0.09897091299304818
14-01-2026 14:00||NIFTY27JAN2623800PE,0.18853578865430734
14-01-2026 14:00||NIFTY27JAN2623900PE,0.18196741274292458
14-01-2026 14:00||NIFTY27JAN2624400PE,0.1491228603717375
14-01-2026 14:00||NIFTY27JAN2624500PE,0.14286499868614003
14-01-2026 14:05||NIFTY27JAN2624000PE,0.1744443059783503
14-01-2026 14:05||NIFTY27JAN2624300PE,0.15492617315384521
14-01-2026 14:05||NIFTY27JAN2624700PE,0.1309862154453638
14-01-2026 14:05||NIFTY27JAN2624800PE,0.1250688064399032
14-01-2026 14:05||NIFTY27JAN2625200CE,0.10292865532192322
14-01-2026 14:05||NIFTY27JAN2625700CE,0.09718421351168008
14-01-2026 14:05||NIFTY27JAN2625900CE,0.09620713545546773
14-01-2026 14:10||NIFTY27JAN2624200PE,0.16153563293078704
14-01-2026 14:10||NIFTY27JAN2624800PE,0.12417264717325101
14-01-2026 14:10||NIFTY27JAN2625700CE,0.09865049306229348
14-01-2026 14:15||NIFTY27JAN2624600PE,0.13824057555491664
14-01-2026 14:15||NIFTY27JAN2625300CE,0.09336519742086757
14-01-2026 14:15||NIFTY27JAN2625900CE,0.09171172130142935
14-01-2026 14:15||NIFTY27JAN2626000CE,0.09286784254017988
14-01-2026 14:15||NIFTY27JAN2626500CE,0.10613096024957983
14-01-2026 14:20||NIFTY27JAN2624400PE,0.14921895745363165
14-01-2026 14:20||NIFTY27JAN2624900PE,0.12092146799291784
14-01-2026 14:20||NIFTY27JAN2625100PE,0.11017153823962926
14-01-2026 14:25||NIFTY27JAN2623800PE,0.18706355567357252
14-01-2026 14:25||NIFTY27JAN2625600CE,0.10087263762247665
14-01-2026 14:25||NIFTY27JAN2626100CE,0.10053966612087845
14-01-2026 14:30||NIFTY27JAN2623900PE,0.18067693655991388
14-01-2026 14:30||NIFTY27JAN2624300PE,0.15476700428077206
14-01-2026 14:30||NIFTY27JAN2624500PE,0.1415296591004872
14-01-2026 14:30||NIFTY27JAN2625000PE,0.11325585778597905
14-01-2026 14:30||NIFTY27JAN2625100PE,0.10834217522590686
14-01-2026 14:30||NIFTY27JAN2625400CE,0.10706765423200336
14-01-2026 14:30||NIFTY27JAN2626000CE,0.09837438507553821
14-01-2026 14:30||NIFTY27JAN2626100CE,0.10131559826620136
14-01-2026 14:30||NIFTY27JAN2626400CE,0.10756645669980217
14-01-2026 14:30||NIFTY27JAN2626500CE,0.11130297192671304
14-01-2026 14:35||NIFTY27JAN2624000PE,0.17427629958211407
14-01-2026 14:35||NIFTY27JAN2624300PE,0.15449256589931723
14-01-2026 14:35||NIFTY27JAN2625500CE,0.10729496929555538
14-01-2026 14:35||NIFTY27JAN2625900CE,0.0993274490291185
14-01-2026 14:35||NIFTY27JAN2626400CE,0.10759390886452636
14-01-2026 14:40||NIFTY27JAN2624300PE,0.15794312044587344
14-01-2026 14:40||NIFTY27JAN2624400PE,0.15071272036587777
14-01-2026 14:40||NIFTY27JAN2624500PE,0.14337126749758733
14-01-2026 14:40||NIFTY27JAN2624700PE,0.13155153382162582
14-01-2026 14:40||NIFTY27JAN2624800PE,0.12540391566321213
14-01-2026 14:40||NIFTY27JAN2625000PE,0.11428273116753945
14-01-2026 14:40||NIFTY27JAN2625400CE,0.10641997330837683
14-01-2026 14:40||NIFTY27JAN2625800CE,0.09696277298252909
14-01-2026 14:45||NIFTY27JAN2624500PE,0.14666924689895075
14-01-2026 14:45||NIFTY27JAN2624800PE,0.1279535618361718
14-01-2026 14:45||NIFTY27JAN2625100PE,0.11099398224348085
14-01-2026 14:45||NIFTY27JAN2625400CE,0.09790516247384495
14-01-2026 14:45||NIFTY27JAN2625500CE,0.09629975399529656
14-01-2026 14:45||NIFTY27JAN2625800CE,0.09434469796475398
14-01-2026 14:45||NIFTY27JAN2626100CE,0.09668139604186976
14-01-2026 14:45||NIFTY27JAN2626200CE,0.09841401853594434
14-01-2026 14:45||NIFTY27JAN2626300CE,0.10062350259753394
14-01-2026 14:50||NIFTY27JAN2624400PE,0.1529402524292747
14-01-2026 14:50||NIFTY27JAN2624600PE,0.14004119936295573
14-01-2026 14:50||NIFTY27JAN2624900PE,0.12226532022018718
14-01-2026 14:50||NIFTY27JAN2625200CE,0.10224354473739045
14-01-2026 14:50||NIFTY27JAN2625700CE,0.09479358389715445
14-01-2026 14:50||NIFTY27JAN2625800CE,0.09384415947789389
14-01-2026 14:50||NIFTY27JAN2626300CE,0.09922037305479231
14-01-2026 14:55||NIFTY27JAN2624100PE,0.17220289327499064
14-01-2026 14:55||NIFTY27JAN2624200PE,0.1647892324608077
14-01-2026 14:55||NIFTY27JAN2624600PE,0.14014140605802078
14-01-2026 14:55||NIFTY27JAN2624800PE,0.12769077961441122
14-01-2026 14:55||NIFTY27JAN2625100PE,0.11087908039460803
14-01-2026 14:55||NIFTY27JAN2625300CE,0.09640835202386105
14-01-2026 14:55||NIFTY27JAN2625400CE,0.09385876837864604
14-01-2026 14:55||NIFTY27JAN2625600CE,0.09099326046503685
14-01-2026 14:55||NIFTY27JAN2626400CE,0.10053585383502933
14-01-2026 15:00||NIFTY27JAN2624300PE,0.15658922336341313
14-01-2026 15:00||NIFTY27JAN2624700PE,0.13170816060779444
14-01-2026 15:00||NIFTY27JAN2625800CE,0.0962230026177998
14-01-2026 15:05||NIFTY27JAN2623900PE,0.18420573310918584
14-01-2026 15:05||NIFTY27JAN2624400PE,0.15241442194814883
14-01-2026 15:05||NIFTY27JAN2624800PE,0.12879810781394704
14-01-2026 15:05||NIFTY27JAN2626300CE,0.09941836137295935
14-01-2026 15:10||NIFTY27JAN2624100PE,0.1694462763552638
14-01-2026 15:10||NIFTY27JAN2624500PE,0.14439899817607638
14-01-2026 15:10||NIFTY27JAN2624900PE,0.12226951033401906
14-01-2026 15:10||NIFTY27JAN2625500CE,0.09544699860054233
14-01-2026 15:10||NIFTY27JAN2626200CE,0.09891885204881523
14-01-2026 15:15||NIFTY27JAN2624400PE,0.1491199208269253
14-01-2026 15:15||NIFTY27JAN2624700PE,0.13095083837933483
14-01-2026 15:15||NIFTY27JAN2625100PE,0.11076135281476603
14-01-2026 15:15||NIFTY27JAN2625500CE,0.10225331733493093
14-01-2026 15:15||NIFTY27JAN2625900CE,0.09783881492701596
14-01-2026 15:15||NIFTY27JAN2626100CE,0.09926579876763952
14-01-2026 15:20||NIFTY27JAN2624500PE,0.14343587683526954
14-01-2026 15:20||NIFTY27JAN2624800PE,0.12575778285194836
14-01-2026 15:20||NIFTY27JAN2626100CE,0.10058773536208676
14-01-2026 15:20||NIFTY27JAN2626300CE,0.10396420024500586
14-01-2026 15:20||NIFTY27JAN2626400CE,0.10660759662894392
14-01-2026 15:25||NIFTY27JAN2623900PE,0.18427940957681324
14-01-2026 15:25||NIFTY27JAN2624600PE,0.1393764904055205
14-01-2026 15:25||NIFTY27JAN2625100PE,0.11133273567888313
14-01-2026 15:25||NIFTY27JAN2625200CE,0.12773012994559085
14-01-2026 15:25||NIFTY27JAN2626400CE,0.10800584792232226
14-01-2026 15:25||NIFTY27JAN2626500CE,0.11250127836568401
16-01-2026 09:15||NIFTY27JAN2624100PE,0.17890261045748818
16-01-2026 09:15||NIFTY27JAN2624200PE,0.1709543071120834
16-01-2026 09:15||NIFTY27JAN2624300PE,0.16308927087112066
16-01-2026 09:15||NIFTY27JAN2624800PE,0.13132684963109098
16-01-2026 09:15||NIFTY27JAN2625000PE,0.11896693512942311
16-01-2026 09:15||NIFTY27JAN2626000CE,0.10601821489835209
16-01-2026 09:15||NIFTY27JAN2626100CE,0.10519249488894868
16-01-2026 09:20||NIFTY27JAN2624100PE,0.1783810697690194
16-01-2026 09:20||NIFTY27JAN2624400PE,0.15770502868700093
16-01-2026 09:20||NIFTY27JAN2624600PE,0.14450293027890385
16-01-2026 09:20||NIFTY27JAN2625000PE,0.1207672644259687
16-01-2026 09:20||NIFTY27JAN2625200CE,0.14122866602208006
16-01-2026 09:20||NIFTY27JAN2625400CE,0.11169693487362692
16-01-2026 09:20||NIFTY27JAN2625700CE,0.10126859218959401
16-01-2026 09:20||NIFTY27JAN2626000CE,0.09750472183407738
16-01-2026 09:25||NIFTY27JAN2624600PE,0.14146989431324059
16-01-2026 09:25||NIFTY27JAN2624700PE,0.13422756661966745
16-01-2026 09:25||NIFTY27JAN2625300CE,0.12973537396118928
16-01-2026 09:25||NIFTY27JAN2625600CE,0.11107781163431696
16-01-2026 09:25||NIFTY27JAN2626300CE,0.10101449341052415
16-01-2026 09:25||NIFTY27JAN2626500CE,0.10498262216975088
16-01-2026 09:30||NIFTY27JAN2623800PE,0.19686485472198048
16-01-2026 09:30||NIFTY27JAN2624300PE,0.15925924924730175
16-01-2026 09:30||NIFTY27JAN2624400PE,0.1523762161136571
16-01-2026 09:30||NIFTY27JAN2624900PE,0.12241978093060689
16-01-2026 09:30||NIFTY27JAN2625100PE,0.11176897537763918
16-01-2026 09:30||NIFTY27JAN2625500CE,0.10549596588327013
16-01-2026 09:30||NIFTY27JAN2625700CE,0.09937561597861036
16-01-2026 09:30||NIFTY27JAN2625900CE,0.09604829094750456
16-01-2026 09:30||NIFTY27JAN2626000CE,0.09528720025953734
16-01-2026 09:35||NIFTY27JAN2624100PE,0.17393655615763975
16-01-2026 09:35||NIFTY27JAN2624200PE,0.16546001385774284
16-01-2026 09:35||NIFTY27JAN2624800PE,0.12766292284852698
16-01-2026 09:35||NIFTY27JAN2625100PE,0.10854165014169403
16-01-2026 09:35||NIFTY27JAN2626300CE,0.09847205293955576
16-01-2026 09:35||NIFTY27JAN2626400CE,0.10119956953596153
16-01-2026 09:40||NIFTY27JAN2624200PE,0.16569829155078367
16-01-2026 09:40||NIFTY27JAN2624300PE,0.15837313067075182
16-01-2026 09:40||NIFTY27JAN2625900CE,0.10374033812948093
16-01-2026 09:40||NIFTY27JAN2626500CE,0.10505521814018583
16-01-2026 09:45||NIFTY27JAN2623900PE,0.18971021683454878
16-01-2026 09:45||NIFTY27JAN2624500PE,0.14667084367576214
16-01-2026 09:45||NIFTY27JAN2624800PE,0.1268373539717453
16-01-2026 09:45||NIFTY27JAN2624900PE,0.11926777415604888
16-01-2026 09:45||NIFTY27JAN2625400CE,0.1245773023999897
16-01-2026 09:45||NIFTY27JAN2626000CE,0.10210562066993442
16-01-2026 09:45||NIFTY27JAN2626100CE,0.10059223971587568
16-01-2026 09:50||NIFTY27JAN2623900PE,0.19243883695653313
16-01-2026 09:50||NIFTY27JAN2624200PE,0.1710130827216897
16-01-2026 09:50||NIFTY27JAN2624900PE,0.12210087835667686
16-01-2026 09:50||NIFTY27JAN2625500CE,0.11285861273545851
16-01-2026 09:50||NIFTY27JAN2625600CE,0.10811538600550483
16-01-2026 09:50||NIFTY27JAN2625700CE,0.10414527102695885
16-01-2026 09:50||NIFTY27JAN2625800CE,0.10097481923811584
16-01-2026 09:50||NIFTY27JAN2626000CE,0.09712201524666854
16-01-2026 09:50||NIFTY27JAN2626200CE,0.09659692311484389
16-01-2026 09:55||NIFTY27JAN2623800PE,0.2001621937112968
16-01-2026 09:55||NIFTY27JAN2624000PE,0.18657955104070692
16-01-2026 09:55||NIFTY27JAN2624200PE,0.1716460433985625
16-01-2026 09:55||NIFTY27JAN2624500PE,0.15017370044557982
16-01-2026 09:55||NIFTY27JAN2624900PE,0.12360840199002081
16-01-2026 09:55||NIFTY27JAN2625000PE,0.11577271246334346
16-01-2026 09:55||NIFTY27JAN2625300CE,0.11487922786151858
16-01-2026 09:55||NIFTY27JAN2625400CE,0.11007350567283715
16-01-2026 09:55||NIFTY27JAN2625500CE,0.10585641100412788
16-01-2026 09:55||NIFTY27JAN2625700CE,0.09924136475137435
16-01-2026 09:55||NIFTY27JAN2625900CE,0.09509864748962418
16-01-2026 09:55||NIFTY27JAN2626000CE,0.09395460404683023
16-01-2026 09:55||NIFTY27JAN2626400CE,0.09822106846451023
16-01-2026 09:55||NIFTY27JAN2626500CE,0.09963353632363478
16-01-2026 10:00||NIFTY27JAN2624000PE,0.18575362641732943
16-01-2026 10:00||NIFTY27JAN2625400CE,0.1317557242368012
16-01-2026 10:00||NIFTY27JAN2625900CE,0.10428929413003225
16-01-2026 10:00||NIFTY27JAN2626000CE,0.10070230690461503
16-01-2026 10:00||NIFTY27JAN2626400CE,0.09797653841326656
16-01-2026 10:00||NIFTY27JAN2626500CE,0.09888792838798854
16-01-2026 10:05||NIFTY27JAN2624000PE,0.18698503469375158
16-01-2026 10:05||NIFTY27JAN2624100PE,0.17877964929700071
16-01-2026 10:05||NIFTY27JAN2624400PE,0.1577882624332435
16-01-2026 10:05||NIFTY27JAN2625100PE,0.10902298783072153
16-01-2026 10:05||NIFTY27JAN2625700CE,0.10874516129033296
16-01-2026 10:05||NIFTY27JAN2626400CE,0.10231604691654894
16-01-2026 10:05||NIFTY27JAN2626500CE,0.10516099902580578
16-01-2026 10:10||NIFTY27JAN2623900PE,0.195742273559068
16-01-2026 10:10||NIFTY27JAN2624800PE,0.1309994806946529
16-01-2026 10:10||NIFTY27JAN2625300CE,0.14060916522311118
16-01-2026 10:10||NIFTY27JAN2625600CE,0.11790240818325515
16-01-2026 10:10||NIFTY27JAN2626100CE,0.10085629167839727
16-01-2026 10:10||NIFTY27JAN2626400CE,0.10310770891241106
16-01-2026 10:15||NIFTY27JAN2623800PE,0.2069991658087116
16-01-2026 10:15||NIFTY27JAN2624400PE,0.16430929876719108
16-01-2026 10:15||NIFTY27JAN2624500PE,0.15622448776548606
16-01-2026 10:15||NIFTY27JAN2625300CE,0.1592452018106556
16-01-2026 10:20||NIFTY27JAN2623800PE,0.21061662258103733
16-01-2026 10:20||NIFTY27JAN2624300PE,0.1757334095300372
16-01-2026 10:20||NIFTY27JAN2624500PE,0.1610210032172657
16-01-2026 10:20||NIFTY27JAN2624800PE,0.1393201615656805
16-01-2026 10:20||NIFTY27JAN2625700CE,0.11864942649885535
16-01-2026 10:20||NIFTY27JAN2625900CE,0.10982035498178533
16-01-2026 10:20||NIFTY27JAN2626400CE,0.10464781803818113
16-01-2026 10:25||NIFTY27JAN2624000PE,0.19796301287320797
16-01-2026 10:25||NIFTY27JAN2624200PE,0.18355182017212068
16-01-2026 10:25||NIFTY27JAN2624300PE,0.17623159877004368
16-01-2026 10:25||NIFTY27JAN2624600PE,0.15463646638214829
16-01-2026 10:25||NIFTY27JAN2625400CE,0.14009580431063995
16-01-2026 10:25||NIFTY27JAN2626000CE,0.10427563276976315
16-01-2026 10:30||NIFTY27JAN2624200PE,0.18381940820973505
16-01-2026 10:30||NIFTY27JAN2624400PE,0.16914269303911522
16-01-2026 10:30||NIFTY27JAN2624800PE,0.14085930614580577
16-01-2026 10:30||NIFTY27JAN2625500CE,0.12478676359039298
16-01-2026 10:35||NIFTY27JAN2624000PE,0.19887526684162057
16-01-2026 10:35||NIFTY27JAN2624200PE,0.18445783249848416
16-01-2026 10:35||NIFTY27JAN2624900PE,0.1348917120008329
16-01-2026 10:35||NIFTY27JAN2625100PE,0.12079189411943878
16-01-2026 10:35||NIFTY27JAN2625200CE,0.1342379718287183
16-01-2026 10:35||NIFTY27JAN2625600CE,0.11906930884514111
16-01-2026 10:35||NIFTY27JAN2626300CE,0.10009824624801666
16-01-2026 10:35||NIFTY27JAN2626400CE,0.10086834099890396
16-01-2026 10:40||NIFTY27JAN2623800PE,0.2136149523619657
16-01-2026 10:40||NIFTY27JAN2624200PE,0.18539759764589592
16-01-2026 10:40||NIFTY27JAN2624700PE,0.15014913384466055
16-01-2026 10:40||NIFTY27JAN2624900PE,0.13600111606487497
16-01-2026 10:40||NIFTY27JAN2626200CE,0.09471923451327491
16-01-2026 10:45||NIFTY27JAN2623800PE,0.21142435400571358
16-01-2026 10:45||NIFTY27JAN2624000PE,0.1981785080990608
16-01-2026 10:45||NIFTY27JAN2624400PE,0.1699684860137049
16-01-2026 10:45||NIFTY27JAN2624600PE,0.15533497759536052
16-01-2026 10:45||NIFTY27JAN2624900PE,0.1343355447662179
16-01-2026 10:45||NIFTY27JAN2625200CE,0.1311927220845192
16-01-2026 10:50||NIFTY27JAN2624200PE,0.18319613001667784
16-01-2026 10:50||NIFTY27JAN2624300PE,0.17574779926181944
16-01-2026 10:50||NIFTY27JAN2624400PE,0.16809752732785624
16-01-2026 10:50||NIFTY27JAN2624600PE,0.15382275731002493
16-01-2026 10:50||NIFTY27JAN2625400CE,0.129472166503965
16-01-2026 10:50||NIFTY27JAN2626300CE,0.09784737988531945
16-01-2026 10:50||NIFTY27JAN2626400CE,0.09959884787449672
16-01-2026 10:55||NIFTY27JAN2623800PE,0.2106323139416118
16-01-2026 10:55||NIFTY27JAN2623900PE,0.2037327088762071
16-01-2026 10:55||NIFTY27JAN2624900PE,0.13319584596108103
16-01-2026 10:55||NIFTY27JAN2625400CE,0.12466257693887428
16-01-2026 10:55||NIFTY27JAN2625800CE,0.10211554233348608
16-01-2026 10:55||NIFTY27JAN2625900CE,0.09897654390645982
16-01-2026 10:55||NIFTY27JAN2626100CE,0.0956958593215873
16-01-2026 10:55||NIFTY27JAN2626500CE,0.10099860826247072
16-01-2026 11:00||NIFTY27JAN2624400PE,0.16765811372638867
16-01-2026 11:00||NIFTY27JAN2624900PE,0.13297335462650287
16-01-2026 11:00||NIFTY27JAN2625000PE,0.12494043369966934
16-01-2026 11:00||NIFTY27JAN2625300CE,0.13726087638259088
16-01-2026 11:00||NIFTY27JAN2626000CE,0.09780353516581641
16-01-2026 11:00||NIFTY27JAN2626100CE,0.0964452081126197
16-01-2026 11:05||NIFTY27JAN2624300PE,0.17444034824075352
16-01-2026 11:05||NIFTY27JAN2624400PE,0.16698589392766638
16-01-2026 11:05||NIFTY27JAN2625100PE,0.11951143130120791
16-01-2026 11:05||NIFTY27JAN2626100CE,0.099572028526147
16-01-2026 11:10||NIFTY27JAN2624000PE,0.19444869939437207
16-01-2026 11:10||NIFTY27JAN2625800CE,0.10054381563486814
16-01-2026 11:10||NIFTY27JAN2626000CE,0.09668708443214058
16-01-2026 11:15||NIFTY27JAN2623900PE,0.2004562185002622
16-01-2026 11:15||NIFTY27JAN2624600PE,0.15153127946499187
16-01-2026 11:15||NIFTY27JAN2625800CE,0.10062166204199485
16-01-2026 11:15||NIFTY27JAN2626200CE,0.09581833077026403
16-01-2026 11:20||NIFTY27JAN2623800PE,0.20705157323815154
16-01-2026 11:20||NIFTY27JAN2624000PE,0.19221731960784869
16-01-2026 11:20||NIFTY27JAN2624100PE,0.18402873042111487
16-01-2026 11:20||NIFTY27JAN2624900PE,0.1306016465316637
16-01-2026 11:20||NIFTY27JAN2625900CE,0.09908836957982103
16-01-2026 11:20||NIFTY27JAN2626000CE,0.09734452812459438
16-01-2026 11:20||NIFTY27JAN2626200CE,0.09632423345416541
16-01-2026 11:25||NIFTY27JAN2624200PE,0.1776308952337405
16-01-2026 11:25||NIFTY27JAN2624800PE,0.1366970763098425
16-01-2026 11:25||NIFTY27JAN2625000PE,0.12375389930583344
16-01-2026 11:25||NIFTY27JAN2626300CE,0.09871144927536335
16-01-2026 11:30||NIFTY27JAN2624300PE,0.171143433365601
16-01-2026 11:30||NIFTY27JAN2625600CE,0.10632024684123613
16-01-2026 11:30||NIFTY27JAN2626500CE,0.10119232354110497
16-01-2026 11:35||NIFTY27JAN2624500PE,0.15643510275813421
16-01-2026 11:35||NIFTY27JAN2624800PE,0.1363902016368098
16-01-2026 11:35||NIFTY27JAN2625300CE,0.11950852140269726
16-01-2026 11:35||NIFTY27JAN2625500CE,0.11023396293331038
16-01-2026 11:35||NIFTY27JAN2626200CE,0.09674841146049104
16-01-2026 11:40||NIFTY27JAN2624400PE,0.16324021976545935
16-01-2026 11:40||NIFTY27JAN2624500PE,0.15563071733048212
16-01-2026 11:40||NIFTY27JAN2625500CE,0.1132704318874147
16-01-2026 11:40||NIFTY27JAN2626100CE,0.09488533230453555
16-01-2026 11:45||NIFTY27JAN2624300PE,0.16897536234230137
16-01-2026 11:45||NIFTY27JAN2625000PE,0.12203953117536001
16-01-2026 11:45||NIFTY27JAN2625400CE,0.1238535046113114
16-01-2026 11:50||NIFTY27JAN2623900PE,0.1971228726691805
16-01-2026 11:50||NIFTY27JAN2624300PE,0.16877809245365089
16-01-2026 11:50||NIFTY27JAN2625500CE,0.1184716434892863
16-01-2026 11:55||NIFTY27JAN2624000PE,0.19039706398761327
16-01-2026 11:55||NIFTY27JAN2624500PE,0.1560436314564366
16-01-2026 11:55||NIFTY27JAN2624800PE,0.1354989704237124
16-01-2026 11:55||NIFTY27JAN2625000PE,0.1216077803263126
16-01-2026 11:55||NIFTY27JAN2625100PE,0.11540021718657356
16-01-2026 11:55||NIFTY27JAN2626200CE,0.09516550758531261
16-01-2026 12:00||NIFTY27JAN2623900PE,0.19473117428702325
16-01-2026 12:00||NIFTY27JAN2624000PE,0.18744573829110228
16-01-2026 12:00||NIFTY27JAN2624200PE,0.17311898736506653
16-01-2026 12:00||NIFTY27JAN2624400PE,0.15914351351626124
16-01-2026 12:00||NIFTY27JAN2624800PE,0.13274706429754402
16-01-2026 12:00||NIFTY27JAN2624900PE,0.12617680730477793
16-01-2026 12:00||NIFTY27JAN2625200CE,0.12769387357577458
16-01-2026 12:00||NIFTY27JAN2626200CE,0.10157107888632311
16-01-2026 12:05||NIFTY27JAN2623800PE,0.20337782373454014
16-01-2026 12:05||NIFTY27JAN2624200PE,0.17442636802373412
16-01-2026 12:05||NIFTY27JAN2624500PE,0.15317783772595042
16-01-2026 12:05||NIFTY27JAN2624800PE,0.1329493441580849
16-01-2026 12:05||NIFTY27JAN2625000PE,0.11987801231742193
16-01-2026 12:05||NIFTY27JAN2625200CE,0.15172540409347285
16-01-2026 12:05||NIFTY27JAN2625900CE,0.11186917730192036
16-01-2026 12:10||NIFTY27JAN2624800PE,0.13420431888615175
16-01-2026 12:10||NIFTY27JAN2625100PE,0.11553949948067664
16-01-2026 12:10||NIFTY27JAN2625300CE,0.14388216840151
16-01-2026 12:10||NIFTY27JAN2625800CE,0.11436752215082868
16-01-2026 12:10||NIFTY27JAN2626000CE,0.10680572951447878
16-01-2026 12:10||NIFTY27JAN2626100CE,0.1041709751161157
16-01-2026 12:15||NIFTY27JAN2624000PE,0.19091269660415486
16-01-2026 12:15||NIFTY27JAN2624600PE,0.1480112181589885
16-01-2026 12:15||NIFTY27JAN2624800PE,0.1352972143267006
16-01-2026 12:15||NIFTY27JAN2624900PE,0.12879882323194364
16-01-2026 12:15||NIFTY27JAN2625000PE,0.12247278694573545
16-01-2026 12:15||NIFTY27JAN2625800CE,0.10419204840867029
16-01-2026 12:15||NIFTY27JAN2626000CE,0.09912252260715645
16-01-2026 12:20||NIFTY27JAN2623900PE,0.19743749021312756
16-01-2026 12:20||NIFTY27JAN2624300PE,0.16869764636428458
16-01-2026 12:20||NIFTY27JAN2624500PE,0.15435820239009299
16-01-2026 12:20||NIFTY27JAN2624900PE,0.12855529923220058
16-01-2026 12:20||NIFTY27JAN2625400CE,0.12714202100631056
16-01-2026 12:20||NIFTY27JAN2625600CE,0.1143195154513208
16-01-2026 12:20||NIFTY27JAN2625700CE,0.10930491526565689
16-01-2026 12:25||NIFTY27JAN2623800PE,0.204692946973979
16-01-2026 12:25||NIFTY27JAN2624500PE,0.15573365942106887
16-01-2026 12:25||NIFTY27JAN2624700PE,0.14332038809836642
16-01-2026 12:25||NIFTY27JAN2624800PE,0.13732058164875166
16-01-2026 12:25||NIFTY27JAN2625000PE,0.12147307776169908
16-01-2026 12:25||NIFTY27JAN2625100PE,0.11543474978267539
16-01-2026 12:25||NIFTY27JAN2626400CE,0.09421501549311592
16-01-2026 12:30||NIFTY27JAN2623800PE,0.19958797059157707
16-01-2026 12:30||NIFTY27JAN2624400PE,0.1532896809734741
16-01-2026 12:30||NIFTY27JAN2624600PE,0.13987100597342628
16-01-2026 12:35||NIFTY27JAN2623800PE,0.2020859858484254
16-01-2026 12:35||NIFTY27JAN2623900PE,0.19375451844823388
16-01-2026 12:35||NIFTY27JAN2624800PE,0.13049746101794923
16-01-2026 12:35||NIFTY27JAN2625600CE,0.10846485469744138
16-01-2026 12:35||NIFTY27JAN2625700CE,0.10480207404458142
16-01-2026 12:35||NIFTY27JAN2625800CE,0.1019216759554098
16-01-2026 12:35||NIFTY27JAN2625900CE,0.09982366042993718
16-01-2026 12:35||NIFTY27JAN2626000CE,0.09850802746814935
16-01-2026 12:35||NIFTY27JAN2626200CE,0.0982239092356636
16-01-2026 12:40||NIFTY27JAN2623800PE,0.20096036781656412
16-01-2026 12:40||NIFTY27JAN2625200CE,0.13239589454234013
16-01-2026 12:40||NIFTY27JAN2625900CE,0.09868598305084236
16-01-2026 12:45||NIFTY27JAN2624000PE,0.18421322691698433
16-01-2026 12:45||NIFTY27JAN2624800PE,0.13067648746506752
16-01-2026 12:45||NIFTY27JAN2625700CE,0.10384029462036022
16-01-2026 12:45||NIFTY27JAN2625900CE,0.09850010791856617
16-01-2026 12:45||NIFTY27JAN2626000CE,0.09682566699880452
16-01-2026 12:45||NIFTY27JAN2626300CE,0.09891095396406713
16-01-2026 12:50||NIFTY27JAN2624300PE,0.16153184374747018
16-01-2026 12:50||NIFTY27JAN2626000CE,0.10307946555062131
16-01-2026 12:50||NIFTY27JAN2626200CE,0.10190399454425858
16-01-2026 12:55||NIFTY27JAN2623900PE,0.1924356046635785
16-01-2026 12:55||NIFTY27JAN2624700PE,0.137352813531651
16-01-2026 12:55||NIFTY27JAN2624900PE,0.12551153081018435
16-01-2026 12:55||NIFTY27JAN2625500CE,0.10767086563958017
16-01-2026 12:55||NIFTY27JAN2625800CE,0.09714863827073472
16-01-2026 13:00||NIFTY27JAN2623800PE,0.1984990547132912
16-01-2026 13:00||NIFTY27JAN2624700PE,0.13572388745027525
16-01-2026 13:00||NIFTY27JAN2624800PE,0.1288830415380359
16-01-2026 13:00||NIFTY27JAN2625400CE,0.11018579763237782
16-01-2026 13:00||NIFTY27JAN2625900CE,0.09910756261723458
16-01-2026 13:00||NIFTY27JAN2626000CE,0.09744761575577908
16-01-2026 13:05||NIFTY27JAN2624100PE,0.17385123202456837
16-01-2026 13:05||NIFTY27JAN2625000PE,0.11542876478381238
16-01-2026 13:05||NIFTY27JAN2625300CE,0.12863083364766226
16-01-2026 13:10||NIFTY27JAN2625200CE,0.1305850801019055
16-01-2026 13:15||NIFTY27JAN2623800PE,0.1954580873300856
16-01-2026 13:15||NIFTY27JAN2624100PE,0.17277670424616867
16-01-2026 13:15||NIFTY27JAN2624600PE,0.1379778521957455
16-01-2026 13:15||NIFTY27JAN2624700PE,0.1316552196713909
16-01-2026 13:15||NIFTY27JAN2625800CE,0.10258420210980415
16-01-2026 13:15||NIFTY27JAN2626100CE,0.09961910518543032
16-01-2026 13:15||NIFTY27JAN2626200CE,0.1006240620706728
16-01-2026 13:20||NIFTY27JAN2624300PE,0.15710712256738124
16-01-2026 13:20||NIFTY27JAN2624700PE,0.13157532769500901
16-01-2026 13:20||NIFTY27JAN2625100PE,0.10890057030841033
16-01-2026 13:20||NIFTY27JAN2625600CE,0.10519718114418453
16-01-2026 13:20||NIFTY27JAN2626100CE,0.09812125091162471
16-01-2026 13:25||NIFTY27JAN2623900PE,0.18377389214398826
16-01-2026 13:25||NIFTY27JAN2624300PE,0.15422677147841876
16-01-2026 13:25||NIFTY27JAN2624400PE,0.147345232202618
16-01-2026 13:25||NIFTY27JAN2625200CE,0.12680333347787187
16-01-2026 13:25||NIFTY27JAN2625300CE,0.12077625920658207
16-01-2026 13:25||NIFTY27JAN2625500CE,0.12271710193289498
16-01-2026 13:25||NIFTY27JAN2625800CE,0.11007436333913236
16-01-2026 13:25||NIFTY27JAN2626400CE,0.10550898448632726
16-01-2026 13:25||NIFTY27JAN2626500CE,0.1086033827742367
16-01-2026 13:30||NIFTY27JAN2624000PE,0.17789167368833148
16-01-2026 13:30||NIFTY27JAN2624200PE,0.16327959953298915
16-01-2026 13:30||NIFTY27JAN2624400PE,0.14975224339494553
16-01-2026 13:30||NIFTY27JAN2624900PE,0.12097232250059951
16-01-2026 13:30||NIFTY27JAN2625000PE,0.11519023308496122
16-01-2026 13:30||NIFTY27JAN2625200CE,0.13761981117565725
16-01-2026 13:35||NIFTY27JAN2624400PE,0.14885950067155376
16-01-2026 13:35||NIFTY27JAN2624500PE,0.14183255695283303
16-01-2026 13:35||NIFTY27JAN2624900PE,0.11892109489691999
16-01-2026 13:35||NIFTY27JAN2625500CE,0.11898127398298897
16-01-2026 13:35||NIFTY27JAN2626100CE,0.10228679109059158
16-01-2026 13:35||NIFTY27JAN2626400CE,0.10747003053664628
16-01-2026 13:40||NIFTY27JAN2623900PE,0.18628061701573095
16-01-2026 13:40||NIFTY27JAN2624500PE,0.14372987621551658
16-01-2026 13:40||NIFTY27JAN2624700PE,0.1317711275075517
16-01-2026 13:40||NIFTY27JAN2625200CE,0.13808715485765916
16-01-2026 13:40||NIFTY27JAN2625300CE,0.12973020052408807
16-01-2026 13:40||NIFTY27JAN2625900CE,0.1002018055993476
16-01-2026 13:40||NIFTY27JAN2626000CE,0.0995603074395145
16-01-2026 13:40||NIFTY27JAN2626200CE,0.10076503588325683
16-01-2026 13:40||NIFTY27JAN2626500CE,0.11028640636170373
16-01-2026 13:45||NIFTY27JAN2623900PE,0.18610062357931065
16-01-2026 13:45||NIFTY27JAN2624100PE,0.17049642348869287
16-01-2026 13:45||NIFTY27JAN2624500PE,0.14267322716603464
16-01-2026 13:50||NIFTY27JAN2624700PE,0.13399104061483016
16-01-2026 13:50||NIFTY27JAN2625900CE,0.09558
16-01-2026 13:50||NIFTY27JAN2626000CE,0.09559
16-01-2026 13:55||NIFTY27JAN2623900PE,0.18569865913490913
16-01-2026 13:55||NIFTY27JAN2624200PE,0.16336910588295933
16-01-2026 13:55||NIFTY27JAN2624300PE,0.15625048074078152
16-01-2026 13:55||NIFTY27JAN2625000PE,0.11566041126507473
16-01-2026 13:55||NIFTY27JAN2625700CE,0.10294090769598435
16-01-2026 13:55||NIFTY27JAN2626100CE,0.10046243319363346
16-01-2026 14:00||NIFTY27JAN2624500PE,0.14280167224573284
16-01-2026 14:00||NIFTY27JAN2624900PE,0.12050624815399086
16-01-2026 14:00||NIFTY27JAN2625000PE,0.11584018626025436
16-01-2026 14:00||NIFTY27JAN2625100PE,0.1109978785953096
16-01-2026 14:00||NIFTY27JAN2626000CE,0.09801138689900965
16-01-2026 14:05||NIFTY27JAN2624100PE,0.17122981215090394
16-01-2026 14:05||NIFTY27JAN2625500CE,0.1029496161626895
16-01-2026 14:05||NIFTY27JAN2625800CE,0.09709085469624057
16-01-2026 14:05||NIFTY27JAN2626100CE,0.09794371182693595
16-01-2026 14:10||NIFTY27JAN2624500PE,0.14427429229065244
16-01-2026 14:10||NIFTY27JAN2625100PE,0.11086204939457076
16-01-2026 14:10||NIFTY27JAN2625500CE,0.10874816122390385
16-01-2026 14:10||NIFTY27JAN2626400CE,0.10607530020714506
16-01-2026 14:10||NIFTY27JAN2626500CE,0.10971590385580399
16-01-2026 14:15||NIFTY27JAN2624300PE,0.15687823968666595
16-01-2026 14:15||NIFTY27JAN2624600PE,0.13695597397584425
16-01-2026 14:15||NIFTY27JAN2624900PE,0.11936185645603314
16-01-2026 14:15||NIFTY27JAN2625500CE,0.1112169026548635
16-01-2026 14:20||NIFTY27JAN2624200PE,0.16452862619996944
16-01-2026 14:20||NIFTY27JAN2624800PE,0.12558430422969563
16-01-2026 14:20||NIFTY27JAN2625100PE,0.11007888076858564
16-01-2026 14:20||NIFTY27JAN2626000CE,0.09890162158684035
16-01-2026 14:20||NIFTY27JAN2626300CE,0.10297411173679194
16-01-2026 14:25||NIFTY27JAN2623900PE,0.18872487569919832
16-01-2026 14:25||NIFTY27JAN2624900PE,0.12253679590118
16-01-2026 14:25||NIFTY27JAN2625100PE,0.11094858269134156
16-01-2026 14:25||NIFTY27JAN2625500CE,0.09952868909512036
16-01-2026 14:25||NIFTY27JAN2626500CE,0.10896101976916266
16-01-2026 14:30||NIFTY27JAN2623800PE,0.19537232653840358
16-01-2026 14:30||NIFTY27JAN2624300PE,0.15706610428433412
16-01-2026 14:30||NIFTY27JAN2626300CE,0.10355865038930444
16-01-2026 14:35||NIFTY27JAN2623800PE,0.19646225948753826
16-01-2026 14:35||NIFTY27JAN2624800PE,0.1273080783755532
16-01-2026 14:35||NIFTY27JAN2624900PE,0.12066588895813413
16-01-2026 14:35||NIFTY27JAN2625000PE,0.11585605972352762
16-01-2026 14:35||NIFTY27JAN2625300CE,0.10115028647606499
16-01-2026 14:35||NIFTY27JAN2625900CE,0.10048454903906444
16-01-2026 14:35||NIFTY27JAN2626100CE,0.10032044120503639
16-01-2026 14:35||NIFTY27JAN2626200CE,0.10026702318091103
16-01-2026 14:35||NIFTY27JAN2626300CE,0.10023712060873517
16-01-2026 14:35||NIFTY27JAN2626500CE,0.10591154615252868
16-01-2026 14:40||NIFTY27JAN2624200PE,0.16524027833417432
16-01-2026 14:40||NIFTY27JAN2624600PE,0.13820912059310053
16-01-2026 14:40||NIFTY27JAN2624900PE,0.12052826841272325
16-01-2026 14:40||NIFTY27JAN2625800CE,0.0988645762711613
16-01-2026 14:40||NIFTY27JAN2626500CE,0.10437689554403945
16-01-2026 14:45||NIFTY27JAN2623900PE,0.18751622106886678
16-01-2026 14:45||NIFTY27JAN2624000PE,0.17964413884602237
16-01-2026 14:45||NIFTY27JAN2624100PE,0.17204374047318005
16-01-2026 14:45||NIFTY27JAN2625000PE,0.11586592836768617
16-01-2026 14:45||NIFTY27JAN2625300CE,0.10995192544918035
16-01-2026 14:45||NIFTY27JAN2625600CE,0.10077208454991726
16-01-2026 14:45||NIFTY27JAN2626300CE,0.10024967960213765
16-01-2026 14:45||NIFTY27JAN2626400CE,0.10342980492589868
16-01-2026 14:50||NIFTY27JAN2623900PE,0.18710142177110264
16-01-2026 14:50||NIFTY27JAN2624100PE,0.1719295563069679
16-01-2026 14:50||NIFTY27JAN2624200PE,0.16387616912840258
16-01-2026 14:50||NIFTY27JAN2624300PE,0.1563345253134076
16-01-2026 14:50||NIFTY27JAN2624700PE,0.13158093593523176
16-01-2026 14:50||NIFTY27JAN2625100PE,0.11068360010869271
16-01-2026 14:55||NIFTY27JAN2624200PE,0.1638523635928112
16-01-2026 14:55||NIFTY27JAN2624900PE,0.12051042928395161
16-01-2026 14:55||NIFTY27JAN2625200CE,0.11913049591127402
16-01-2026 14:55||NIFTY27JAN2625300CE,0.11395871831331073
16-01-2026 14:55||NIFTY27JAN2625600CE,0.10577607461103115
16-01-2026 14:55||NIFTY27JAN2625700CE,0.10283447383309686
16-01-2026 14:55||NIFTY27JAN2625800CE,0.09952432637906303
16-01-2026 15:00||NIFTY27JAN2624000PE,0.17947298137395426
16-01-2026 15:00||NIFTY27JAN2624800PE,0.12751403108999199
16-01-2026 15:00||NIFTY27JAN2624900PE,0.12183627671798233
16-01-2026 15:00||NIFTY27JAN2625500CE,0.10092090960808411
16-01-2026 15:05||NIFTY27JAN2623900PE,0.18658393685883565
16-01-2026 15:05||NIFTY27JAN2624100PE,0.17136900909535951
16-01-2026 15:05||NIFTY27JAN2624200PE,0.16336652431856652
16-01-2026 15:05||NIFTY27JAN2624600PE,0.1376683326784817
16-01-2026 15:05||NIFTY27JAN2624900PE,0.121162222632979
16-01-2026 15:05||NIFTY27JAN2626200CE,0.09883286978508166
16-01-2026 15:10||NIFTY27JAN2623900PE,0.1855284936081895
16-01-2026 15:10||NIFTY27JAN2624700PE,0.1314580925521526
16-01-2026 15:10||NIFTY27JAN2624800PE,0.12606796092738518
16-01-2026 15:10||NIFTY27JAN2625100PE,0.11103252131705485
16-01-2026 15:10||NIFTY27JAN2625600CE,0.09996399366087516
16-01-2026 15:15||NIFTY27JAN2623800PE,0.19425416028774345
16-01-2026 15:15||NIFTY27JAN2624200PE,0.16320658598257154
16-01-2026 15:15||NIFTY27JAN2624400PE,0.14924400505703161
16-01-2026 15:15||NIFTY27JAN2624500PE,0.14273866700029814
16-01-2026 15:15||NIFTY27JAN2624700PE,0.13067989569890415
16-01-2026 15:15||NIFTY27JAN2624800PE,0.12512646245424364
16-01-2026 15:15||NIFTY27JAN2625000PE,0.11497150077699914
16-01-2026 15:15||NIFTY27JAN2625300CE,0.1197341370701146
16-01-2026 15:15||NIFTY27JAN2625500CE,0.10974931477192129
16-01-2026 15:15||NIFTY27JAN2626000CE,0.09903910433731866
16-01-2026 15:15||NIFTY27JAN2626100CE,0.09934023573226725
16-01-2026 15:15||NIFTY27JAN2626300CE,0.10238567200402215
16-01-2026 15:20||NIFTY27JAN2623900PE,0.18664056924920835
16-01-2026 15:20||NIFTY27JAN2624000PE,0.17878016101266248
16-01-2026 15:20||NIFTY27JAN2624200PE,0.16386598058989144
16-01-2026 15:20||NIFTY27JAN2624400PE,0.15002731490088905
16-01-2026 15:20||NIFTY27JAN2624600PE,0.13726416394565
16-01-2026 15:20||NIFTY27JAN2624800PE,0.12557652772417782
16-01-2026 15:20||NIFTY27JAN2625500CE,0.10888162545285951
16-01-2026 15:20||NIFTY27JAN2625900CE,0.0986272197258522
16-01-2026 15:20||NIFTY27JAN2626100CE,0.09856756098693964
16-01-2026 15:20||NIFTY27JAN2626400CE,0.10433512704055659
16-01-2026 15:20||NIFTY27JAN2626500CE,0.1082053565103962
16-01-2026 15:25||NIFTY27JAN2626400CE,0.11505790418422268
16-01-2026 15:25||NIFTY27JAN2626500CE,0.12037647004816886
19-01-2026 09:15||NIFTY27JAN2624700PE,0.13733962090129906
19-01-2026 09:15||NIFTY27JAN2624900PE,0.12421253248412734
19-01-2026 09:15||NIFTY27JAN2625400CE,0.12994526645708473
19-01-2026 09:15||NIFTY27JAN2625500CE,0.12529744342972346
19-01-2026 09:15||NIFTY27JAN2625900CE,0.11752429820301438
19-01-2026 09:15||NIFTY27JAN2626300CE,0.12611443663009192
19-01-2026 09:15||NIFTY27JAN2626400CE,0.13089647580944724
19-01-2026 09:20||NIFTY27JAN2624600PE,0.14831903977088567
19-01-2026 09:20||NIFTY27JAN2625700CE,0.09844108280122432
19-01-2026 09:20||NIFTY27JAN2626100CE,0.11046761076935042
19-01-2026 09:20||NIFTY27JAN2626400CE,0.12235973664538285
19-01-2026 09:25||NIFTY27JAN2624500PE,0.152811180152878
19-01-2026 09:25||NIFTY27JAN2625500CE,0.10073430600387923
19-01-2026 09:25||NIFTY27JAN2625600CE,0.10111682268130551
19-01-2026 09:25||NIFTY27JAN2625700CE,0.10210027221863882
19-01-2026 09:25||NIFTY27JAN2626100CE,0.11204339896707438
19-01-2026 09:25||NIFTY27JAN2626200CE,0.11603151280395707
19-01-2026 09:25||NIFTY27JAN2626400CE,0.12581053905745776
19-01-2026 09:30||NIFTY27JAN2623800PE,0.20804497644971467
19-01-2026 09:30||NIFTY27JAN2624000PE,0.19063113584464886
19-01-2026 09:30||NIFTY27JAN2624200PE,0.17379553830552988
19-01-2026 09:30||NIFTY27JAN2624300PE,0.16458969193650322
19-01-2026 09:30||NIFTY27JAN2624400PE,0.1560246408191516
19-01-2026 09:30||NIFTY27JAN2624800PE,0.12857687601768936
19-01-2026 09:30||NIFTY27JAN2625400CE,0.128961664980352
19-01-2026 09:30||NIFTY27JAN2625800CE,0.11579902529511088
19-01-2026 09:30||NIFTY27JAN2626500CE,0.13278371059178465
19-01-2026 09:35||NIFTY27JAN2624500PE,0.15610753278336034
19-01-2026 09:35||NIFTY27JAN2624800PE,0.13518255653527583
19-01-2026 09:35||NIFTY27JAN2625500CE,0.09786692595532642
19-01-2026 09:35||NIFTY27JAN2625600CE,0.09855360018142889
19-01-2026 09:35||NIFTY27JAN2626200CE,0.11452230525002349
19-01-2026 09:40||NIFTY27JAN2624100PE,0.18386342722585122
19-01-2026 09:40||NIFTY27JAN2624200PE,0.17539127483352668
19-01-2026 09:40||NIFTY27JAN2624400PE,0.15854370256918376
19-01-2026 09:40||NIFTY27JAN2624500PE,0.14987248100015013
19-01-2026 09:40||NIFTY27JAN2624600PE,0.1420516167977909
19-01-2026 09:40||NIFTY27JAN2624900PE,0.12384786752197567
19-01-2026 09:40||NIFTY27JAN2625700CE,0.10925447272100952
19-01-2026 09:40||NIFTY27JAN2626200CE,0.1177840583563685
19-01-2026 09:40||NIFTY27JAN2626300CE,0.12287207734806978
19-01-2026 09:40||NIFTY27JAN2626500CE,0.13263332476248366
19-01-2026 09:45||NIFTY27JAN2623900PE,0.20286340294839542
19-01-2026 09:45||NIFTY27JAN2624000PE,0.1903533346642034
19-01-2026 09:45||NIFTY27JAN2626200CE,0.11651299589127881
19-01-2026 09:50||NIFTY27JAN2623900PE,0.20123553953755605
19-01-2026 09:50||NIFTY27JAN2624700PE,0.1401222277266705
19-01-2026 09:50||NIFTY27JAN2624800PE,0.13177248230514263
19-01-2026 09:50||NIFTY27JAN2625300CE,0.10023617221447927
19-01-2026 09:50||NIFTY27JAN2625900CE,0.10592118535997144
19-01-2026 09:50||NIFTY27JAN2626200CE,0.11595084225413561
19-01-2026 09:55||NIFTY27JAN2624700PE,0.13911462224252627
19-01-2026 09:55||NIFTY27JAN2625400CE,0.10048973481650592
19-01-2026 09:55||NIFTY27JAN2625700CE,0.10176494314121598
19-01-2026 09:55||NIFTY27JAN2626400CE,0.126390275048891
19-01-2026 10:00||NIFTY27JAN2624400PE,0.15766720640989434
19-01-2026 10:00||NIFTY27JAN2625000PE,0.11962864334400904
19-01-2026 10:00||NIFTY27JAN2625700CE,0.10568091857053491
19-01-2026 10:00||NIFTY27JAN2625900CE,0.10866190085249673
19-01-2026 10:05||NIFTY27JAN2624500PE,0.1486992961356894
19-01-2026 10:05||NIFTY27JAN2624800PE,0.12791599271533272
19-01-2026 10:05||NIFTY27JAN2625200CE,0.11460623277688581
19-01-2026 10:05||NIFTY27JAN2625500CE,0.11435419334369265
19-01-2026 10:05||NIFTY27JAN2626100CE,0.11709416989419281
19-01-2026 10:05||NIFTY27JAN2626200CE,0.121213298876204
19-01-2026 10:10||NIFTY27JAN2623800PE,0.20706719577120347
19-01-2026 10:10||NIFTY27JAN2624200PE,0.17395199439688497
19-01-2026 10:10||NIFTY27JAN2624400PE,0.1567656719096432
19-01-2026 10:10||NIFTY27JAN2625100PE,0.1137757095433523
19-01-2026 10:15||NIFTY27JAN2624200PE,0.17411516361835344
19-01-2026 10:15||NIFTY27JAN2624400PE,0.15736095755850896
19-01-2026 10:15||NIFTY27JAN2624700PE,0.1367172359384751
19-01-2026 10:15||NIFTY27JAN2624800PE,0.12995793447645515
19-01-2026 10:15||NIFTY27JAN2625100PE,0.11596740942453614
19-01-2026 10:15||NIFTY27JAN2625500CE,0.10954864100960293
19-01-2026 10:15||NIFTY27JAN2625700CE,0.10728717285496003
19-01-2026 10:15||NIFTY27JAN2626200CE,0.11913079509108826
19-01-2026 10:15||NIFTY27JAN2626500CE,0.13522111404848922
19-01-2026 10:20||NIFTY27JAN2623900PE,0.2009690844857919
19-01-2026 10:20||NIFTY27JAN2624100PE,0.1832433425236904
19-01-2026 10:20||NIFTY27JAN2625500CE,0.1063424010727683
19-01-2026 10:20||NIFTY27JAN2626300CE,0.12329793086885589
19-01-2026 10:25||NIFTY27JAN2625400CE,0.10088402189946055
19-01-2026 10:25||NIFTY27JAN2626100CE,0.11435157761705
19-01-2026 10:25||NIFTY27JAN2626400CE,0.129511399368123
19-01-2026 10:25||NIFTY27JAN2626500CE,0.1343802218512354
19-01-2026 10:30||NIFTY27JAN2623800PE,0.20881904020893338
19-01-2026 10:30||NIFTY27JAN2623900PE,0.19968959943734382
19-01-2026 10:30||NIFTY27JAN2624600PE,0.143431014588856
19-01-2026 10:30||NIFTY27JAN2624700PE,0.13707835322722772
19-01-2026 10:30||NIFTY27JAN2624800PE,0.13121374668434527
19-01-2026 10:30||NIFTY27JAN2624900PE,0.12583719496020862
19-01-2026 10:30||NIFTY27JAN2626200CE,0.11960222250316294
19-01-2026 10:35||NIFTY27JAN2623800PE,0.20716223257589408
19-01-2026 10:35||NIFTY27JAN2624700PE,0.13852963382411973
19-01-2026 10:35||NIFTY27JAN2624800PE,0.1307558680665791
19-01-2026 10:35||NIFTY27JAN2625000PE,0.12181417959951409
19-01-2026 10:35||NIFTY27JAN2625200CE,0.11725361051384721
19-01-2026 10:35||NIFTY27JAN2626300CE,0.12496157275819529
19-01-2026 10:40||NIFTY27JAN2623800PE,0.20758083019334783
19-01-2026 10:40||NIFTY27JAN2623900PE,0.19858588281112166
19-01-2026 10:40||NIFTY27JAN2624000PE,0.1891631094983006
19-01-2026 10:40||NIFTY27JAN2624700PE,0.13484641698091723
19-01-2026 10:40||NIFTY27JAN2625400CE,0.11779168715844164
19-01-2026 10:40||NIFTY27JAN2625700CE,0.11229752503450265
19-01-2026 10:45||NIFTY27JAN2624000PE,0.19114868194527662
19-01-2026 10:45||NIFTY27JAN2624700PE,0.13878172421992654
19-01-2026 10:45||NIFTY27JAN2625600CE,0.10605459162585568
19-01-2026 10:45||NIFTY27JAN2626200CE,0.1190123475272832
19-01-2026 10:50||NIFTY27JAN2625100PE,0.11551245637907509
19-01-2026 10:50||NIFTY27JAN2625200CE,0.12050364599732834
19-01-2026 10:50||NIFTY27JAN2626200CE,0.1201550888626155
19-01-2026 10:55||NIFTY27JAN2624100PE,0.1826495095589683
19-01-2026 10:55||NIFTY27JAN2624200PE,0.1726895273613319
19-01-2026 10:55||NIFTY27JAN2624500PE,0.14925466940034474
19-01-2026 10:55||NIFTY27JAN2625400CE,0.12135522369680109
19-01-2026 10:55||NIFTY27JAN2625500CE,0.11711879071121106
19-01-2026 10:55||NIFTY27JAN2625900CE,0.11219299514991905
19-01-2026 10:55||NIFTY27JAN2626000CE,0.11383587197301458
19-01-2026 11:00||NIFTY27JAN2623900PE,0.20227115736782633
19-01-2026 11:00||NIFTY27JAN2624400PE,0.15971164880775085
19-01-2026 11:00||NIFTY27JAN2625400CE,0.11512287204174743
19-01-2026 11:00||NIFTY27JAN2625600CE,0.11093906255812352
19-01-2026 11:00||NIFTY27JAN2625700CE,0.11015371373453117
19-01-2026 11:00||NIFTY27JAN2625800CE,0.10970623552308946
19-01-2026 11:00||NIFTY27JAN2626300CE,0.1227199036480637
19-01-2026 11:00||NIFTY27JAN2626500CE,0.133495494550567
19-01-2026 11:05||NIFTY27JAN2623800PE,0.21076289709339918
19-01-2026 11:05||NIFTY27JAN2623900PE,0.20224122931518715
19-01-2026 11:05||NIFTY27JAN2624200PE,0.1780043866300186
19-01-2026 11:05||NIFTY27JAN2624500PE,0.1547268228568453
19-01-2026 11:05||NIFTY27JAN2625000PE,0.12526062454910802
19-01-2026 11:05||NIFTY27JAN2625600CE,0.10048409164577521
19-01-2026 11:05||NIFTY27JAN2626100CE,0.11011827769227978
19-01-2026 11:10||NIFTY27JAN2624300PE,0.16735776431101942
19-01-2026 11:10||NIFTY27JAN2625800CE,0.10600903664921058
19-01-2026 11:15||NIFTY27JAN2624400PE,0.16251733861724826
19-01-2026 11:15||NIFTY27JAN2624500PE,0.15691507628190546
19-01-2026 11:15||NIFTY27JAN2624600PE,0.14458533869166892
19-01-2026 11:15||NIFTY27JAN2624700PE,0.1393281258465401
19-01-2026 11:15||NIFTY27JAN2624900PE,0.1283332743916031
19-01-2026 11:15||NIFTY27JAN2625100PE,0.11718322173090225
19-01-2026 11:20||NIFTY27JAN2623800PE,0.2068676164410075
19-01-2026 11:20||NIFTY27JAN2624200PE,0.17374979960927722
19-01-2026 11:20||NIFTY27JAN2624300PE,0.16515584694360852
19-01-2026 11:20||NIFTY27JAN2624500PE,0.14945596903404162
19-01-2026 11:20||NIFTY27JAN2624900PE,0.12544079222647037
19-01-2026 11:20||NIFTY27JAN2625400CE,0.11566126549609107
19-01-2026 11:20||NIFTY27JAN2625500CE,0.11264826871342401
19-01-2026 11:20||NIFTY27JAN2625600CE,0.11056994712486458
19-01-2026 11:20||NIFTY27JAN2625700CE,0.10951969412082085
19-01-2026 11:20||NIFTY27JAN2626200CE,0.11942688254920628
19-01-2026 11:20||NIFTY27JAN2626300CE,0.12436354335627864
19-01-2026 11:20||NIFTY27JAN2626500CE,0.1363194393108234
19-01-2026 11:25||NIFTY27JAN2624900PE,0.12563563374017106
19-01-2026 11:25||NIFTY27JAN2625300CE,0.1181225159705057
19-01-2026 11:25||NIFTY27JAN2625400CE,0.11388358517607768
19-01-2026 11:30||NIFTY27JAN2624100PE,0.18262727704004678
19-01-2026 11:30||NIFTY27JAN2624600PE,0.14451429945564487
19-01-2026 11:30||NIFTY27JAN2624900PE,0.1263461149730793
19-01-2026 11:30||NIFTY27JAN2625000PE,0.11978550764008407
19-01-2026 11:30||NIFTY27JAN2625500CE,0.11187739235881677
19-01-2026 11:30||NIFTY27JAN2625700CE,0.10918845357290406
19-01-2026 11:30||NIFTY27JAN2626500CE,0.13584980714014575
19-01-2026 11:35||NIFTY27JAN2623900PE,0.19875049723613908
19-01-2026 11:35||NIFTY27JAN2624600PE,0.14379768842367907
19-01-2026 11:35||NIFTY27JAN2625800CE,0.11036625705391856
19-01-2026 11:35||NIFTY27JAN2626000CE,0.1126941345592698
19-01-2026 11:35||NIFTY27JAN2626200CE,0.11880541605338663
19-01-2026 11:35||NIFTY27JAN2626300CE,0.1234904833653239
19-01-2026 11:35||NIFTY27JAN2626400CE,0.12895757420760606
19-01-2026 11:35||NIFTY27JAN2626500CE,0.13512481036896082
19-01-2026 11:40||NIFTY27JAN2623800PE,0.20825934896065182
19-01-2026 11:40||NIFTY27JAN2624100PE,0.1866052774679313
19-01-2026 11:40||NIFTY27JAN2624200PE,0.1732542629388757
19-01-2026 11:40||NIFTY27JAN2624400PE,0.16153592745667184
19-01-2026 11:40||NIFTY27JAN2624500PE,0.14924574215312836
19-01-2026 11:40||NIFTY27JAN2625100PE,0.11524004690732148
19-01-2026 11:45||NIFTY27JAN2624300PE,0.16783817733184958
19-01-2026 11:45||NIFTY27JAN2625400CE,0.11288983333334376
19-01-2026 11:50||NIFTY27JAN2624600PE,0.14602229322668595
19-01-2026 11:50||NIFTY27JAN2625200CE,0.11496406314691866
19-01-2026 11:50||NIFTY27JAN2626300CE,0.1220870677351528
19-01-2026 11:55||NIFTY27JAN2623800PE,0.20797059349299243
19-01-2026 11:55||NIFTY27JAN2624300PE,0.16947626043234157
19-01-2026 11:55||NIFTY27JAN2624500PE,0.1543319237252918
19-01-2026 11:55||NIFTY27JAN2624600PE,0.14670371446745423
19-01-2026 11:55||NIFTY27JAN2624700PE,0.1397064960270638
19-01-2026 11:55||NIFTY27JAN2625900CE,0.10577945860874195
19-01-2026 11:55||NIFTY27JAN2626200CE,0.11621484876419103
19-01-2026 12:00||NIFTY27JAN2624200PE,0.17643939762960695
19-01-2026 12:00||NIFTY27JAN2624300PE,0.16833351007944097
19-01-2026 12:00||NIFTY27JAN2624400PE,0.15979539710205903
19-01-2026 12:00||NIFTY27JAN2624500PE,0.15162492464225705
19-01-2026 12:00||NIFTY27JAN2624700PE,0.13826096106057117
19-01-2026 12:00||NIFTY27JAN2625000PE,0.1225261428940208
19-01-2026 12:00||NIFTY27JAN2626100CE,0.11371559027154093
19-01-2026 12:00||NIFTY27JAN2626500CE,0.13422518488413215
19-01-2026 12:05||NIFTY27JAN2623900PE,0.19939598746782508
19-01-2026 12:05||NIFTY27JAN2624400PE,0.1610432635477863
19-01-2026 12:05||NIFTY27JAN2624500PE,0.15262856766327182
19-01-2026 12:05||NIFTY27JAN2625200CE,0.11656872404913723
19-01-2026 12:05||NIFTY27JAN2625400CE,0.1078637124614209
19-01-2026 12:05||NIFTY27JAN2625500CE,0.10601174701087782
19-01-2026 12:05||NIFTY27JAN2625700CE,0.10503628988253082
19-01-2026 12:05||NIFTY27JAN2626100CE,0.11404471652945801
19-01-2026 12:05||NIFTY27JAN2626200CE,0.11858225650022991
19-01-2026 12:05||NIFTY27JAN2626400CE,0.12964453179135643
19-01-2026 12:05||NIFTY27JAN2626500CE,0.13638671386029513
19-01-2026 12:10||NIFTY27JAN2623900PE,0.20030184174971088
19-01-2026 12:10||NIFTY27JAN2625600CE,0.1099046722009226
19-01-2026 12:10||NIFTY27JAN2626400CE,0.13028222233974043
19-01-2026 12:15||NIFTY27JAN2623900PE,0.20014272852605533
19-01-2026 12:15||NIFTY27JAN2624100PE,0.18350233420800466
19-01-2026 12:15||NIFTY27JAN2624300PE,0.16690302814461339
19-01-2026 12:20||NIFTY27JAN2623800PE,0.2091401250849812
19-01-2026 12:20||NIFTY27JAN2624400PE,0.1617444813528362
19-01-2026 12:20||NIFTY27JAN2625100PE,0.11543065219987976
19-01-2026 12:20||NIFTY27JAN2625300CE,0.10832094034757897
19-01-2026 12:20||NIFTY27JAN2626200CE,0.11436157744595082
19-01-2026 12:25||NIFTY27JAN2623800PE,0.2086475922343552
19-01-2026 12:25||NIFTY27JAN2625700CE,0.10532519604316697
19-01-2026 12:25||NIFTY27JAN2626500CE,0.13523076221204575
19-01-2026 12:30||NIFTY27JAN2623900PE,0.20003563656763257
19-01-2026 12:30||NIFTY27JAN2624300PE,0.16862509886927549
19-01-2026 12:30||NIFTY27JAN2624500PE,0.1520801088084705
19-01-2026 12:30||NIFTY27JAN2625000PE,0.12092640463653216
19-01-2026 12:30||NIFTY27JAN2625400CE,0.10851897807825991
19-01-2026 12:30||NIFTY27JAN2626500CE,0.13600731501865485
19-01-2026 12:35||NIFTY27JAN2624100PE,0.18426423294127292
19-01-2026 12:35||NIFTY27JAN2624200PE,0.17553926502576303
19-01-2026 12:35||NIFTY27JAN2624400PE,0.15926144075692295
19-01-2026 12:35||NIFTY27JAN2624700PE,0.13906473218821683
19-01-2026 12:35||NIFTY27JAN2625000PE,0.12193965748352811
19-01-2026 12:35||NIFTY27JAN2625300CE,0.11010962183081943
19-01-2026 12:40||NIFTY27JAN2623800PE,0.20738798385062926
19-01-2026 12:40||NIFTY27JAN2625700CE,0.10934627461921431
19-01-2026 12:40||NIFTY27JAN2625800CE,0.10939801472625094
19-01-2026 12:40||NIFTY27JAN2626400CE,0.13105753723611374
19-01-2026 12:45||NIFTY27JAN2626000CE,0.10968148974468635
19-01-2026 12:45||NIFTY27JAN2626100CE,0.11370434573983668
19-01-2026 12:45||NIFTY27JAN2626400CE,0.12871049179574096
19-01-2026 12:50||NIFTY27JAN2623800PE,0.20829456782829764
19-01-2026 12:50||NIFTY27JAN2624200PE,0.17389394819530238
19-01-2026 12:50||NIFTY27JAN2625900CE,0.11022981774580026
19-01-2026 12:50||NIFTY27JAN2626500CE,0.13535968798953021
19-01-2026 12:55||NIFTY27JAN2623900PE,0.20150121940361077
19-01-2026 12:55||NIFTY27JAN2624100PE,0.18679346199227057
19-01-2026 12:55||NIFTY27JAN2624300PE,0.17078109693429105
19-01-2026 12:55||NIFTY27JAN2624400PE,0.16168029283192492
19-01-2026 12:55||NIFTY27JAN2624500PE,0.15282258865003578
19-01-2026 12:55||NIFTY27JAN2624700PE,0.13860651365545165
19-01-2026 12:55||NIFTY27JAN2625100PE,0.11592755157709374
19-01-2026 12:55||NIFTY27JAN2625700CE,0.10569033049378548
19-01-2026 12:55||NIFTY27JAN2626000CE,0.10941664249103143
19-01-2026 13:00||NIFTY27JAN2623900PE,0.2049957117109548
19-01-2026 13:00||NIFTY27JAN2624000PE,0.1947257637546833
19-01-2026 13:00||NIFTY27JAN2624400PE,0.1633534157773458
19-01-2026 13:00||NIFTY27JAN2624700PE,0.14108981573201848
19-01-2026 13:00||NIFTY27JAN2625400CE,0.10842938152482079
19-01-2026 13:00||NIFTY27JAN2625600CE,0.10529756792770105
19-01-2026 13:00||NIFTY27JAN2625900CE,0.106998991717503
19-01-2026 13:00||NIFTY27JAN2626200CE,0.11681029691292007
19-01-2026 13:00||NIFTY27JAN2626500CE,0.13233980511933296
19-01-2026 13:05||NIFTY27JAN2624600PE,0.14851067029453557
19-01-2026 13:05||NIFTY27JAN2625100PE,0.11800279797396723
19-01-2026 13:05||NIFTY27JAN2625700CE,0.10337533260732265
19-01-2026 13:10||NIFTY27JAN2623800PE,0.21282427785393174
19-01-2026 13:10||NIFTY27JAN2623900PE,0.2047676151605453
19-01-2026 13:10||NIFTY27JAN2624400PE,0.16451139025927805
19-01-2026 13:10||NIFTY27JAN2624500PE,0.1554330603688488
19-01-2026 13:10||NIFTY27JAN2624600PE,0.14676735816562061
19-01-2026 13:10||NIFTY27JAN2626200CE,0.11497014518705678
19-01-2026 13:10||NIFTY27JAN2626300CE,0.12060337172956746
19-01-2026 13:15||NIFTY27JAN2625800CE,0.10784781413612002
19-01-2026 13:20||NIFTY27JAN2624400PE,0.16266333003580727
19-01-2026 13:20||NIFTY27JAN2624800PE,0.13560579648705232
19-01-2026 13:20||NIFTY27JAN2624900PE,0.12781128241280992
19-01-2026 13:20||NIFTY27JAN2625000PE,0.12031028483459608
19-01-2026 13:20||NIFTY27JAN2625200CE,0.11824730602507282
19-01-2026 13:20||NIFTY27JAN2625400CE,0.1057666355464683
19-01-2026 13:25||NIFTY27JAN2623900PE,0.2046583676673764
19-01-2026 13:25||NIFTY27JAN2625000PE,0.11976888115285811
19-01-2026 13:25||NIFTY27JAN2625300CE,0.11163283217651784
19-01-2026 13:25||NIFTY27JAN2625400CE,0.10803970641464408
19-01-2026 13:25||NIFTY27JAN2625900CE,0.10667738521953142
19-01-2026 13:25||NIFTY27JAN2626200CE,0.11707892626764993
19-01-2026 13:25||NIFTY27JAN2626500CE,0.13500763160117915
19-01-2026 13:30||NIFTY27JAN2624300PE,0.1694952062974798
19-01-2026 13:30||NIFTY27JAN2624900PE,0.12526870852247002
19-01-2026 13:30||NIFTY27JAN2625100PE,0.11531370296360245
19-01-2026 13:30||NIFTY27JAN2625800CE,0.10686060764303591
19-01-2026 13:30||NIFTY27JAN2626100CE,0.11282899452189651
19-01-2026 13:30||NIFTY27JAN2626300CE,0.12235593220832289
19-01-2026 13:30||NIFTY27JAN2626500CE,0.13320756239801382
19-01-2026 13:35||NIFTY27JAN2624400PE,0.1636854397399043
19-01-2026 13:35||NIFTY27JAN2624900PE,0.12802658364107775
19-01-2026 13:35||NIFTY27JAN2626200CE,0.1153515991680054
19-01-2026 13:35||NIFTY27JAN2626400CE,0.12610805354832919
19-01-2026 13:40||NIFTY27JAN2624800PE,0.1355143736104094
19-01-2026 13:40||NIFTY27JAN2625300CE,0.10076556452393606
19-01-2026 13:40||NIFTY27JAN2625400CE,0.10129888044388238
19-01-2026 13:40||NIFTY27JAN2625600CE,0.1007291174835552
19-01-2026 13:40||NIFTY27JAN2625800CE,0.10103249478960534
19-01-2026 13:40||NIFTY27JAN2625900CE,0.10543923604252113
19-01-2026 13:45||NIFTY27JAN2624300PE,0.16822381079391824
19-01-2026 13:45||NIFTY27JAN2624700PE,0.13658676064523428
19-01-2026 13:45||NIFTY27JAN2625100PE,0.11595354201064292
19-01-2026 13:45||NIFTY27JAN2625500CE,0.12170437216323009
19-01-2026 13:45||NIFTY27JAN2626500CE,0.13012649487920913
19-01-2026 13:50||NIFTY27JAN2623900PE,0.20495867081624314
19-01-2026 13:50||NIFTY27JAN2624200PE,0.18040469054315256
19-01-2026 13:50||NIFTY27JAN2625100PE,0.11538608840355069
19-01-2026 13:50||NIFTY27JAN2625400CE,0.11632947199186394
19-01-2026 13:50||NIFTY27JAN2625700CE,0.10697292366638428
19-01-2026 13:50||NIFTY27JAN2626200CE,0.11334649967120493
19-01-2026 13:55||NIFTY27JAN2624500PE,0.1602906477486334
19-01-2026 13:55||NIFTY27JAN2624600PE,0.15148111049576088
19-01-2026 13:55||NIFTY27JAN2625600CE,0.10255758838475816
19-01-2026 13:55||NIFTY27JAN2625700CE,0.10211836804399484
19-01-2026 13:55||NIFTY27JAN2625800CE,0.10235995573938741
19-01-2026 13:55||NIFTY27JAN2625900CE,0.10320635147093302
19-01-2026 13:55||NIFTY27JAN2626200CE,0.11009838688249664
19-01-2026 14:00||NIFTY27JAN2624100PE,0.19226006078295835
19-01-2026 14:00||NIFTY27JAN2624600PE,0.1510433266014815
19-01-2026 14:00||NIFTY27JAN2625300CE,0.12157636530836174
19-01-2026 14:00||NIFTY27JAN2625800CE,0.10896236799426576
19-01-2026 14:00||NIFTY27JAN2625900CE,0.10841395283042438
19-01-2026 14:00||NIFTY27JAN2626100CE,0.11085270680172382
19-01-2026 14:05||NIFTY27JAN2623800PE,0.21942155290948587
19-01-2026 14:05||NIFTY27JAN2624200PE,0.18634871908861725
19-01-2026 14:05||NIFTY27JAN2624500PE,0.1609424593950899
19-01-2026 14:05||NIFTY27JAN2625000PE,0.12530028806017263
19-01-2026 14:05||NIFTY27JAN2625400CE,0.10869473621103509
19-01-2026 14:05||NIFTY27JAN2626500CE,0.12510138893124179
19-01-2026 14:10||NIFTY27JAN2624400PE,0.17060014395008655
19-01-2026 14:10||NIFTY27JAN2624500PE,0.16061717369065326
19-01-2026 14:10||NIFTY27JAN2625100PE,0.11786499422223787
19-01-2026 14:10||NIFTY27JAN2625200CE,0.12318292462635651
19-01-2026 14:10||NIFTY27JAN2626100CE,0.10398425534073334
19-01-2026 14:15||NIFTY27JAN2623800PE,0.21705536675083748
19-01-2026 14:15||NIFTY27JAN2624100PE,0.1915987042560511
19-01-2026 14:15||NIFTY27JAN2624200PE,0.18314808717161093
19-01-2026 14:15||NIFTY27JAN2624500PE,0.15870555289147778
19-01-2026 14:15||NIFTY27JAN2624700PE,0.1427001503053032
19-01-2026 14:15||NIFTY27JAN2624800PE,0.13491180650266518
19-01-2026 14:15||NIFTY27JAN2625100PE,0.11695380738612442
19-01-2026 14:15||NIFTY27JAN2626400CE,0.12190506424263432
19-01-2026 14:20||NIFTY27JAN2624200PE,0.1848289785238751
19-01-2026 14:20||NIFTY27JAN2624500PE,0.15973521179273856
19-01-2026 14:20||NIFTY27JAN2625800CE,0.10227154188758289
19-01-2026 14:20||NIFTY27JAN2626000CE,0.10396297728849449
19-01-2026 14:25||NIFTY27JAN2624000PE,0.2013205692218656
19-01-2026 14:25||NIFTY27JAN2625100PE,0.11773640172264792
19-01-2026 14:25||NIFTY27JAN2625700CE,0.09791618809845559
19-01-2026 14:25||NIFTY27JAN2625900CE,0.09971672198223303
19-01-2026 14:25||NIFTY27JAN2626000CE,0.10170902477015531
19-01-2026 14:25||NIFTY27JAN2626500CE,0.12416097882396926
19-01-2026 14:30||NIFTY27JAN2624100PE,0.19205431124711708
19-01-2026 14:30||NIFTY27JAN2624300PE,0.17538215321643658
19-01-2026 14:30||NIFTY27JAN2624700PE,0.14531104486361157
19-01-2026 14:30||NIFTY27JAN2624800PE,0.1359224360480167
19-01-2026 14:30||NIFTY27JAN2625000PE,0.12334477034396064
19-01-2026 14:35||NIFTY27JAN2623800PE,0.2176062800965189
19-01-2026 14:35||NIFTY27JAN2624300PE,0.1746770095100432
19-01-2026 14:35||NIFTY27JAN2625000PE,0.12281107437895539
19-01-2026 14:35||NIFTY27JAN2625800CE,0.1045211423659893
19-01-2026 14:35||NIFTY27JAN2626100CE,0.10758278442551727
19-01-2026 14:35||NIFTY27JAN2626300CE,0.11471522022044667
19-01-2026 14:35||NIFTY27JAN2626400CE,0.11980884044448459
19-01-2026 14:40||NIFTY27JAN2624000PE,0.20123976915084016
19-01-2026 14:40||NIFTY27JAN2624300PE,0.17611344206042112
19-01-2026 14:40||NIFTY27JAN2624700PE,0.14534491668574157
19-01-2026 14:40||NIFTY27JAN2625200CE,0.1173787976958699
19-01-2026 14:45||NIFTY27JAN2623900PE,0.21094078251235315
19-01-2026 14:45||NIFTY27JAN2624100PE,0.19348406418622704
19-01-2026 14:45||NIFTY27JAN2624400PE,0.1694803340810317
19-01-2026 14:45||NIFTY27JAN2624600PE,0.153209979723104
19-01-2026 14:45||NIFTY27JAN2624800PE,0.13807279647520185
19-01-2026 14:45||NIFTY27JAN2625800CE,0.10032663053867757
19-01-2026 14:45||NIFTY27JAN2626000CE,0.10261658887531128
19-01-2026 14:50||NIFTY27JAN2624000PE,0.2032067586860949
19-01-2026 14:50||NIFTY27JAN2624200PE,0.18576233120027047
19-01-2026 14:50||NIFTY27JAN2624500PE,0.16141833405478132
19-01-2026 14:50||NIFTY27JAN2625100PE,0.1200501465515772
19-01-2026 14:50||NIFTY27JAN2625700CE,0.10187525395288144
19-01-2026 14:55||NIFTY27JAN2623800PE,0.22076226294068324
19-01-2026 14:55||NIFTY27JAN2624400PE,0.17063996577908347
19-01-2026 14:55||NIFTY27JAN2625300CE,0.10584554627706766
19-01-2026 14:55||NIFTY27JAN2625400CE,0.10168005750834316
19-01-2026 14:55||NIFTY27JAN2626000CE,0.0998369500831999
19-01-2026 14:55||NIFTY27JAN2626100CE,0.10445073637687663
19-01-2026 15:00||NIFTY27JAN2624300PE,0.180310288717411
19-01-2026 15:00||NIFTY27JAN2625000PE,0.12873692672251894
19-01-2026 15:00||NIFTY27JAN2625600CE,0.09110141969746699
19-01-2026 15:00||NIFTY27JAN2626000CE,0.09599842248386208
19-01-2026 15:00||NIFTY27JAN2626300CE,0.10867996879291303
19-01-2026 15:05||NIFTY27JAN2623900PE,0.20956047549653767
19-01-2026 15:05||NIFTY27JAN2625700CE,0.09420994706695054
19-01-2026 15:05||NIFTY27JAN2626000CE,0.09861197864465675
19-01-2026 15:05||NIFTY27JAN2626400CE,0.1144529873836053
19-01-2026 15:10||NIFTY27JAN2624100PE,0.19253990930599627
19-01-2026 15:10||NIFTY27JAN2624300PE,0.17547998369323625
19-01-2026 15:10||NIFTY27JAN2624800PE,0.13918218404825433
19-01-2026 15:10||NIFTY27JAN2625800CE,0.09689931801146555
19-01-2026 15:10||NIFTY27JAN2626100CE,0.10356079641628575
19-01-2026 15:15||NIFTY27JAN2624200PE,0.18575860614697237
19-01-2026 15:15||NIFTY27JAN2624400PE,0.16995069791983536
19-01-2026 15:15||NIFTY27JAN2624500PE,0.1617871418651147
19-01-2026 15:15||NIFTY27JAN2624600PE,0.15384645185679402
19-01-2026 15:15||NIFTY27JAN2624700PE,0.14658689462579308
19-01-2026 15:15||NIFTY27JAN2625300CE,0.08085998924129201
19-01-2026 15:15||NIFTY27JAN2625400CE,0.08930712080857107
19-01-2026 15:15||NIFTY27JAN2626200CE,0.10595234690641339
19-01-2026 15:20||NIFTY27JAN2624500PE,0.15744025534344555
19-01-2026 15:20||NIFTY27JAN2625200CE,0.09035383885887352
19-01-2026 15:20||NIFTY27JAN2625800CE,0.09643764999999299
19-01-2026 15:20||NIFTY27JAN2626400CE,0.11971013431061923
19-01-2026 15:20||NIFTY27JAN2626500CE,0.12488386383004423
19-01-2026 15:25||NIFTY27JAN2624300PE,0.17401419200042026
19-01-2026 15:25||NIFTY27JAN2624400PE,0.16490439908176258
19-01-2026 15:25||NIFTY27JAN2624700PE,0.1438024052425953
19-01-2026 15:25||NIFTY27JAN2625800CE,0.095360633610715
19-01-2026 15:25||NIFTY27JAN2626300CE,0.11399605166642363
20-01-2026 09:15||NIFTY27JAN2623900PE,0.20903056306960358
20-01-2026 09:15||NIFTY27JAN2624000PE,0.19930349027333083
20-01-2026 09:15||NIFTY27JAN2624100PE,0.18984634863675254
20-01-2026 09:15||NIFTY27JAN2624400PE,0.1666310106860766
20-01-2026 09:15||NIFTY27JAN2624600PE,0.1520306078508981
20-01-2026 09:15||NIFTY27JAN2625200CE,0.10036526952951852
20-01-2026 09:15||NIFTY27JAN2625500CE,0.10331535177438411
20-01-2026 09:15||NIFTY27JAN2626200CE,0.1140308102820029
20-01-2026 09:15||NIFTY27JAN2626300CE,0.1194438983492816
20-01-2026 09:15||NIFTY27JAN2626400CE,0.12582756348668767
20-01-2026 09:20||NIFTY27JAN2623800PE,0.21621478176258802
20-01-2026 09:20||NIFTY27JAN2624000PE,0.19804493868901354
20-01-2026 09:20||NIFTY27JAN2624700PE,0.14625771118761816
20-01-2026 09:20||NIFTY27JAN2625200CE,0.10616316627693935
20-01-2026 09:20||NIFTY27JAN2625400CE,0.08850929334725421
20-01-2026 09:20||NIFTY27JAN2625500CE,0.08962000123757718
20-01-2026 09:20||NIFTY27JAN2625800CE,0.09630764124447211
20-01-2026 09:20||NIFTY27JAN2626300CE,0.11863876237571347
20-01-2026 09:20||NIFTY27JAN2626500CE,0.13436069377894624
20-01-2026 09:25||NIFTY27JAN2623900PE,0.20333016529128867
20-01-2026 09:25||NIFTY27JAN2625000PE,0.12497409299339768
20-01-2026 09:25||NIFTY27JAN2625400CE,0.10368064953887879
20-01-2026 09:30||NIFTY27JAN2623900PE,0.20253678639117792
20-01-2026 09:30||NIFTY27JAN2624400PE,0.15978807025701558
20-01-2026 09:30||NIFTY27JAN2624800PE,0.13256794313970632
20-01-2026 09:30||NIFTY27JAN2625700CE,0.10778797403882652
20-01-2026 09:30||NIFTY27JAN2626100CE,0.11693840402570299
20-01-2026 09:30||NIFTY27JAN2626300CE,0.12842315171843924
20-01-2026 09:35||NIFTY27JAN2624500PE,0.15372423883192987
20-01-2026 09:35||NIFTY27JAN2625200CE,0.12059344059807842
20-01-2026 09:35||NIFTY27JAN2625700CE,0.1048545149819398
20-01-2026 09:35||NIFTY27JAN2625800CE,0.10670106770844598
20-01-2026 09:35||NIFTY27JAN2626200CE,0.1226724696410908
20-01-2026 09:40||NIFTY27JAN2623800PE,0.21527198923216911
20-01-2026 09:40||NIFTY27JAN2624100PE,0.18613210576287573
20-01-2026 09:40||NIFTY27JAN2625000PE,0.12156950753722985
20-01-2026 09:40||NIFTY27JAN2625900CE,0.11401803711385915
20-01-2026 09:40||NIFTY27JAN2626100CE,0.12067390032944178
20-01-2026 09:40||NIFTY27JAN2626200CE,0.1267394680543316
20-01-2026 09:40||NIFTY27JAN2626400CE,0.13870287573834655
20-01-2026 09:45||NIFTY27JAN2624800PE,0.13406073730650542
20-01-2026 09:45||NIFTY27JAN2625500CE,0.1111629917969703
20-01-2026 09:45||NIFTY27JAN2626200CE,0.12509170200646108
20-01-2026 09:45||NIFTY27JAN2626300CE,0.13326107690564262
20-01-2026 09:50||NIFTY27JAN2624100PE,0.1878516060050611
20-01-2026 09:50||NIFTY27JAN2624800PE,0.13664235541366726
20-01-2026 09:50||NIFTY27JAN2625100PE,0.11938442315465542
20-01-2026 09:50||NIFTY27JAN2625200CE,0.11808509911205789
20-01-2026 09:55||NIFTY27JAN2623900PE,0.20419655219555838
20-01-2026 09:55||NIFTY27JAN2624100PE,0.18455489876899414
20-01-2026 09:55||NIFTY27JAN2625000PE,0.12236094465011049
20-01-2026 10:00||NIFTY27JAN2623900PE,0.20593866835086147
20-01-2026 10:00||NIFTY27JAN2624600PE,0.14743179643359644
20-01-2026 10:00||NIFTY27JAN2624700PE,0.13920103033663678
20-01-2026 10:00||NIFTY27JAN2625200CE,0.12390082803634998
20-01-2026 10:00||NIFTY27JAN2625400CE,0.11501921963265883
20-01-2026 10:00||NIFTY27JAN2625700CE,0.1107189626868344
20-01-2026 10:00||NIFTY27JAN2626000CE,0.11626744361459622
20-01-2026 10:00||NIFTY27JAN2626200CE,0.12556795194088813
20-01-2026 10:05||NIFTY27JAN2626100CE,0.12013271201070994
20-01-2026 10:05||NIFTY27JAN2626200CE,0.12551549089500108
20-01-2026 10:05||NIFTY27JAN2626500CE,0.1446338640238896
20-01-2026 10:10||NIFTY27JAN2624900PE,0.13023222453837974
20-01-2026 10:10||NIFTY27JAN2625100PE,0.11713523301350276
20-01-2026 10:10||NIFTY27JAN2626500CE,0.14435004933969547
20-01-2026 10:15||NIFTY27JAN2624000PE,0.19392971544353346
20-01-2026 10:15||NIFTY27JAN2625800CE,0.11252463297102656
20-01-2026 10:15||NIFTY27JAN2626300CE,0.1308282382887449
20-01-2026 10:20||NIFTY27JAN2624100PE,0.18670376348615023
20-01-2026 10:20||NIFTY27JAN2625700CE,0.1054113732884395
20-01-2026 10:20||NIFTY27JAN2626000CE,0.11216726408683612
20-01-2026 10:25||NIFTY27JAN2623800PE,0.21516116739139593
20-01-2026 10:25||NIFTY27JAN2624700PE,0.1404810374793661
20-01-2026 10:25||NIFTY27JAN2625000PE,0.12377715750577702
20-01-2026 10:25||NIFTY27JAN2625800CE,0.10621006994414023
20-01-2026 10:25||NIFTY27JAN2626200CE,0.12054171709509479
20-01-2026 10:25||NIFTY27JAN2626400CE,0.13269784350696004
20-01-2026 10:30||NIFTY27JAN2623900PE,0.20622235349410445
20-01-2026 10:30||NIFTY27JAN2624000PE,0.19518488116905403
20-01-2026 10:30||NIFTY27JAN2624300PE,0.1696981829151849
20-01-2026 10:30||NIFTY27JAN2624600PE,0.14664610837957445
20-01-2026 10:30||NIFTY27JAN2625500CE,0.10688383447441177
20-01-2026 10:30||NIFTY27JAN2625700CE,0.1066608026580598
20-01-2026 10:30||NIFTY27JAN2625800CE,0.10803384232781234
20-01-2026 10:35||NIFTY27JAN2624300PE,0.1684182215980111
20-01-2026 10:35||NIFTY27JAN2624700PE,0.13770726764254038
20-01-2026 10:35||NIFTY27JAN2625200CE,0.11370260502546368
20-01-2026 10:35||NIFTY27JAN2625400CE,0.12033022009611971
20-01-2026 10:35||NIFTY27JAN2625900CE,0.11257146135371003
20-01-2026 10:40||NIFTY27JAN2624000PE,0.1973422284945484
20-01-2026 10:40||NIFTY27JAN2624300PE,0.17009002065933218
20-01-2026 10:40||NIFTY27JAN2625800CE,0.10542541153163527
20-01-2026 10:40||NIFTY27JAN2626000CE,0.1106954500770278
20-01-2026 10:45||NIFTY27JAN2624900PE,0.12676592263570632
20-01-2026 10:45||NIFTY27JAN2625900CE,0.10945275211606599
20-01-2026 10:45||NIFTY27JAN2626200CE,0.12062880832966437
20-01-2026 10:45||NIFTY27JAN2626400CE,0.13257704171974627
20-01-2026 10:50||NIFTY27JAN2623800PE,0.21657056182271991
20-01-2026 10:50||NIFTY27JAN2624100PE,0.18833024183424263
20-01-2026 10:50||NIFTY27JAN2625300CE,0.10463951887305348
20-01-2026 10:50||NIFTY27JAN2626200CE,0.12061190226704306
20-01-2026 10:55||NIFTY27JAN2624200PE,0.17858048365011428
20-01-2026 10:55||NIFTY27JAN2624500PE,0.15526284898291476
20-01-2026 10:55||NIFTY27JAN2624600PE,0.14825330132261072
20-01-2026 10:55||NIFTY27JAN2624700PE,0.1387888269934566
20-01-2026 10:55||NIFTY27JAN2624800PE,0.13257762758520344
20-01-2026 10:55||NIFTY27JAN2625300CE,0.10844954078065756
20-01-2026 10:55||NIFTY27JAN2625400CE,0.10657121547782006
20-01-2026 10:55||NIFTY27JAN2625900CE,0.10968817779273166
20-01-2026 10:55||NIFTY27JAN2626400CE,0.1334897881561249
20-01-2026 11:00||NIFTY27JAN2623800PE,0.2144497472905569
20-01-2026 11:00||NIFTY27JAN2624000PE,0.19571352927423014
20-01-2026 11:00||NIFTY27JAN2624400PE,0.16017943194743964
20-01-2026 11:00||NIFTY27JAN2625300CE,0.1074559251226189
20-01-2026 11:05||NIFTY27JAN2623800PE,0.2127534286757599
20-01-2026 11:05||NIFTY27JAN2624400PE,0.1605970748897294
20-01-2026 11:05||NIFTY27JAN2624500PE,0.15114703481837455
20-01-2026 11:05||NIFTY27JAN2625400CE,0.1064284059000386
20-01-2026 11:05||NIFTY27JAN2625500CE,0.1050932371953891
20-01-2026 11:05||NIFTY27JAN2625800CE,0.10699115218371669
20-01-2026 11:05||NIFTY27JAN2626300CE,0.128678800428277
20-01-2026 11:10||NIFTY27JAN2624500PE,0.15101342327155176
20-01-2026 11:10||NIFTY27JAN2624900PE,0.12568303842229886
20-01-2026 11:10||NIFTY27JAN2625200CE,0.11483104433833556
20-01-2026 11:10||NIFTY27JAN2625600CE,0.10606007888632027
20-01-2026 11:15||NIFTY27JAN2623800PE,0.21158256515610338
20-01-2026 11:15||NIFTY27JAN2624300PE,0.16557874836878692
20-01-2026 11:15||NIFTY27JAN2624700PE,0.1356047467982487
20-01-2026 11:15||NIFTY27JAN2625000PE,0.11924567688627219
20-01-2026 11:15||NIFTY27JAN2625300CE,0.11469156221831713
20-01-2026 11:15||NIFTY27JAN2625600CE,0.10768383259969033
20-01-2026 11:20||NIFTY27JAN2624500PE,0.14958820352212232
20-01-2026 11:20||NIFTY27JAN2625700CE,0.10774275587599659
20-01-2026 11:20||NIFTY27JAN2626200CE,0.1225230303241014
20-01-2026 11:25||NIFTY27JAN2624000PE,0.19200968954966335
20-01-2026 11:25||NIFTY27JAN2624300PE,0.16453536723646786
20-01-2026 11:25||NIFTY27JAN2624900PE,0.12200617099796775
20-01-2026 11:25||NIFTY27JAN2625200CE,0.11727390667007993
20-01-2026 11:25||NIFTY27JAN2625300CE,0.1138212220673128
20-01-2026 11:25||NIFTY27JAN2625700CE,0.11026025453986567
20-01-2026 11:25||NIFTY27JAN2626100CE,0.11854080331858348
20-01-2026 11:30||NIFTY27JAN2623900PE,0.2034489754167358
20-01-2026 11:30||NIFTY27JAN2624200PE,0.1754127979684321
20-01-2026 11:30||NIFTY27JAN2624900PE,0.12471561931960247
20-01-2026 11:30||NIFTY27JAN2625200CE,0.11544588928603491
20-01-2026 11:30||NIFTY27JAN2625700CE,0.10655954994261864
20-01-2026 11:30||NIFTY27JAN2625800CE,0.10772610129068358
20-01-2026 11:30||NIFTY27JAN2626000CE,0.1131760326404908
20-01-2026 11:35||NIFTY27JAN2623800PE,0.21467050276032867
20-01-2026 11:35||NIFTY27JAN2625900CE,0.10903736216214205
20-01-2026 11:35||NIFTY27JAN2626300CE,0.1272684255528131
20-01-2026 11:35||NIFTY27JAN2626500CE,0.14318522146119445
20-01-2026 11:40||NIFTY27JAN2623800PE,0.2128098007040522
20-01-2026 11:40||NIFTY27JAN2624000PE,0.19518936767235173
20-01-2026 11:40||NIFTY27JAN2624100PE,0.18262331743286986
20-01-2026 11:40||NIFTY27JAN2624700PE,0.13629836917676336
20-01-2026 11:40||NIFTY27JAN2624800PE,0.12743251999754357
20-01-2026 11:40||NIFTY27JAN2625100PE,0.11312872538374083
20-01-2026 11:40||NIFTY27JAN2625300CE,0.1155131067930171
20-01-2026 11:45||NIFTY27JAN2623900PE,0.20306332855000525
20-01-2026 11:45||NIFTY27JAN2624500PE,0.15010861424023553
20-01-2026 11:45||NIFTY27JAN2625600CE,0.10756391145726288
20-01-2026 11:45||NIFTY27JAN2625800CE,0.10763560474801753
20-01-2026 11:45||NIFTY27JAN2625900CE,0.10984837966445464
20-01-2026 11:45||NIFTY27JAN2626000CE,0.11311255977524666
20-01-2026 11:50||NIFTY27JAN2624200PE,0.17606250290741593
20-01-2026 11:50||NIFTY27JAN2624600PE,0.14393600436677148
20-01-2026 11:50||NIFTY27JAN2624700PE,0.13608855679014675
20-01-2026 11:50||NIFTY27JAN2624900PE,0.12269126807356934
20-01-2026 11:50||NIFTY27JAN2625400CE,0.11010793577025851
20-01-2026 11:50||NIFTY27JAN2625700CE,0.10546976097734176
20-01-2026 11:50||NIFTY27JAN2626300CE,0.12739418427806012
20-01-2026 11:55||NIFTY27JAN2623800PE,0.21445756929919765
20-01-2026 11:55||NIFTY27JAN2623900PE,0.20535533407903897
20-01-2026 11:55||NIFTY27JAN2624000PE,0.19611218973284633
20-01-2026 11:55||NIFTY27JAN2624100PE,0.18670629188883295
20-01-2026 11:55||NIFTY27JAN2625800CE,0.10296539632237646
20-01-2026 11:55||NIFTY27JAN2625900CE,0.1059495852372099
20-01-2026 12:00||NIFTY27JAN2623800PE,0.21540737675840754
20-01-2026 12:00||NIFTY27JAN2624400PE,0.16064327934537365
20-01-2026 12:00||NIFTY27JAN2624600PE,0.1445965917991513
20-01-2026 12:00||NIFTY27JAN2624700PE,0.13712443135133479
20-01-2026 12:00||NIFTY27JAN2625800CE,0.10276806586615278
20-01-2026 12:00||NIFTY27JAN2625900CE,0.10675222445645945
20-01-2026 12:05||NIFTY27JAN2624700PE,0.13741455271532846
20-01-2026 12:05||NIFTY27JAN2624900PE,0.12578220209452176
20-01-2026 12:05||NIFTY27JAN2625800CE,0.10323836387433519
20-01-2026 12:10||NIFTY27JAN2624200PE,0.17454289099206433
20-01-2026 12:10||NIFTY27JAN2624500PE,0.1504359667478429
20-01-2026 12:10||NIFTY27JAN2624600PE,0.14343195132465686
20-01-2026 12:10||NIFTY27JAN2624700PE,0.13588752589364192
20-01-2026 12:10||NIFTY27JAN2624800PE,0.12877442209641124
20-01-2026 12:10||NIFTY27JAN2624900PE,0.1230456689514027
20-01-2026 12:15||NIFTY27JAN2624300PE,0.16699568081857866
20-01-2026 12:15||NIFTY27JAN2624500PE,0.14991930992041202
20-01-2026 12:15||NIFTY27JAN2625000PE,0.11784545122404345
20-01-2026 12:15||NIFTY27JAN2625100PE,0.11363769546186654
20-01-2026 12:15||NIFTY27JAN2625400CE,0.10327262962659757
20-01-2026 12:15||NIFTY27JAN2626400CE,0.13867233814972554
20-01-2026 12:20||NIFTY27JAN2623900PE,0.20522026288917122
20-01-2026 12:20||NIFTY27JAN2624000PE,0.1966605125467036
20-01-2026 12:20||NIFTY27JAN2624100PE,0.18186388767123934
20-01-2026 12:20||NIFTY27JAN2625200CE,0.11350192889435523
20-01-2026 12:20||NIFTY27JAN2625300CE,0.109956870435774
20-01-2026 12:20||NIFTY27JAN2625700CE,0.1039617529850818
20-01-2026 12:20||NIFTY27JAN2625800CE,0.1058308985074702
20-01-2026 12:20||NIFTY27JAN2625900CE,0.1096142514925414
20-01-2026 12:25||NIFTY27JAN2623800PE,0.21384137400635067
20-01-2026 12:25||NIFTY27JAN2625000PE,0.1166261948092207
20-01-2026 12:25||NIFTY27JAN2625100PE,0.11203900808862755
20-01-2026 12:25||NIFTY27JAN2625700CE,0.10824689765454398
20-01-2026 12:25||NIFTY27JAN2626000CE,0.11531332296805966
20-01-2026 12:30||NIFTY27JAN2623800PE,0.21037071841934046
20-01-2026 12:30||NIFTY27JAN2623900PE,0.20263335278194317
20-01-2026 12:30||NIFTY27JAN2624900PE,0.12187657755139691
20-01-2026 12:30||NIFTY27JAN2625000PE,0.11712426472885522
20-01-2026 12:30||NIFTY27JAN2625100PE,0.11183999214955723
20-01-2026 12:30||NIFTY27JAN2625300CE,0.1068470093799227
20-01-2026 12:30||NIFTY27JAN2626000CE,0.11390975447918808
20-01-2026 12:35||NIFTY27JAN2623800PE,0.20651713352062806
20-01-2026 12:35||NIFTY27JAN2624200PE,0.17351294250555227
20-01-2026 12:35||NIFTY27JAN2625000PE,0.11715599034852839
20-01-2026 12:35||NIFTY27JAN2625200CE,0.10939642100469371
20-01-2026 12:35||NIFTY27JAN2625500CE,0.10713668795117326
20-01-2026 12:35||NIFTY27JAN2625700CE,0.1069020483843226
20-01-2026 12:35||NIFTY27JAN2625800CE,0.10865211954278989
20-01-2026 12:35||NIFTY27JAN2626200CE,0.12607917712271977
20-01-2026 12:35||NIFTY27JAN2626300CE,0.1341018847542073
20-01-2026 12:40||NIFTY27JAN2623800PE,0.20940586139039907
20-01-2026 12:40||NIFTY27JAN2624000PE,0.19170610918313027
20-01-2026 12:40||NIFTY27JAN2624300PE,0.16494264979031564
20-01-2026 12:40||NIFTY27JAN2624600PE,0.14236394692065635
20-01-2026 12:40||NIFTY27JAN2624700PE,0.13449349742170777
20-01-2026 12:40||NIFTY27JAN2625400CE,0.10399265946137254
20-01-2026 12:40||NIFTY27JAN2626100CE,0.12088259321411991
20-01-2026 12:45||NIFTY27JAN2623800PE,0.20959032525281993
20-01-2026 12:45||NIFTY27JAN2624300PE,0.16408988361619387
20-01-2026 12:45||NIFTY27JAN2624400PE,0.154841463398575
20-01-2026 12:45||NIFTY27JAN2625100PE,0.11324965813336828
20-01-2026 12:50||NIFTY27JAN2624200PE,0.1735201583586301
20-01-2026 12:50||NIFTY27JAN2625600CE,0.10610407800925986
20-01-2026 12:50||NIFTY27JAN2626000CE,0.11474795286632751
20-01-2026 12:50||NIFTY27JAN2626200CE,0.12577675702348384
20-01-2026 12:55||NIFTY27JAN2624900PE,0.12200003926864583
20-01-2026 12:55||NIFTY27JAN2625400CE,0.1086565349143587
20-01-2026 13:00||NIFTY27JAN2623900PE,0.2026843800722525
20-01-2026 13:00||NIFTY27JAN2624200PE,0.1749327807994538
20-01-2026 13:00||NIFTY27JAN2625100PE,0.11256605845447294
20-01-2026 13:00||NIFTY27JAN2625800CE,0.10790553275348345
20-01-2026 13:00||NIFTY27JAN2625900CE,0.11106082731138492
20-01-2026 13:00||NIFTY27JAN2626400CE,0.1405571604744866
20-01-2026 13:05||NIFTY27JAN2624200PE,0.1744459203330392
20-01-2026 13:05||NIFTY27JAN2624900PE,0.12302956010846365
20-01-2026 13:05||NIFTY27JAN2625300CE,0.10870095466360494
20-01-2026 13:05||NIFTY27JAN2625400CE,0.10564128803335965
20-01-2026 13:05||NIFTY27JAN2625600CE,0.10439897474271219
20-01-2026 13:05||NIFTY27JAN2626500CE,0.14963505433423213
20-01-2026 13:10||NIFTY27JAN2624000PE,0.19289047578202728
20-01-2026 13:10||NIFTY27JAN2624400PE,0.15792789427704562
20-01-2026 13:10||NIFTY27JAN2624700PE,0.13558023559524546
20-01-2026 13:10||NIFTY27JAN2625000PE,0.11828199114771572
20-01-2026 13:10||NIFTY27JAN2626000CE,0.11441345443907139
20-01-2026 13:10||NIFTY27JAN2626400CE,0.14057338399606514
20-01-2026 13:15||NIFTY27JAN2623900PE,0.20194283523951373
20-01-2026 13:15||NIFTY27JAN2624600PE,0.14114370713291727
20-01-2026 13:15||NIFTY27JAN2624900PE,0.12227039297176265
20-01-2026 13:15||NIFTY27JAN2625000PE,0.1159589605748281
20-01-2026 13:15||NIFTY27JAN2625200CE,0.10871216395392636
20-01-2026 13:15||NIFTY27JAN2626000CE,0.11594331555885218
20-01-2026 13:15||NIFTY27JAN2626200CE,0.12698272362010746
20-01-2026 13:20||NIFTY27JAN2624200PE,0.1755682361121908
20-01-2026 13:20||NIFTY27JAN2624600PE,0.1436599784483458
20-01-2026 13:20||NIFTY27JAN2625000PE,0.11991977682201718
20-01-2026 13:20||NIFTY27JAN2625700CE,0.10465441786886262
20-01-2026 13:20||NIFTY27JAN2626100CE,0.11850904873952628
20-01-2026 13:20||NIFTY27JAN2626200CE,0.12478534582311018
20-01-2026 13:25||NIFTY27JAN2623800PE,0.2129387025677469
20-01-2026 13:25||NIFTY27JAN2624100PE,0.18344261402553574
20-01-2026 13:25||NIFTY27JAN2624700PE,0.1349407775825953
20-01-2026 13:25||NIFTY27JAN2625000PE,0.11795813500862934
20-01-2026 13:25||NIFTY27JAN2625800CE,0.10854076602868247
20-01-2026 13:30||NIFTY27JAN2624100PE,0.18312692078695514
20-01-2026 13:30||NIFTY27JAN2624700PE,0.13613861003524036
20-01-2026 13:30||NIFTY27JAN2624900PE,0.124147146245802
20-01-2026 13:30||NIFTY27JAN2626000CE,0.11462881731475849
20-01-2026 13:35||NIFTY27JAN2625100PE,0.11439179028318458
20-01-2026 13:35||NIFTY27JAN2625800CE,0.10925988302802865
20-01-2026 13:40||NIFTY27JAN2623800PE,0.2108095582764976
20-01-2026 13:40||NIFTY27JAN2624600PE,0.1399436635685086
20-01-2026 13:40||NIFTY27JAN2625000PE,0.1163707819933135
20-01-2026 13:45||NIFTY27JAN2624000PE,0.19248419763025706
20-01-2026 13:45||NIFTY27JAN2624400PE,0.15825511931134004
20-01-2026 13:45||NIFTY27JAN2624600PE,0.1424709666588847
20-01-2026 13:50||NIFTY27JAN2624000PE,0.19146873622423555
20-01-2026 13:50||NIFTY27JAN2624100PE,0.18179400117291167
20-01-2026 13:50||NIFTY27JAN2624200PE,0.17238267887955827
20-01-2026 13:50||NIFTY27JAN2624300PE,0.1634821814560408
20-01-2026 13:50||NIFTY27JAN2624500PE,0.14765877144458034
20-01-2026 13:50||NIFTY27JAN2625200CE,0.11450834312549894
20-01-2026 13:50||NIFTY27JAN2625400CE,0.11176065055920693
20-01-2026 13:50||NIFTY27JAN2626000CE,0.11959056131715404
20-01-2026 13:50||NIFTY27JAN2626100CE,0.12599297044958696
20-01-2026 13:55||NIFTY27JAN2624400PE,0.15742298686540052
20-01-2026 13:55||NIFTY27JAN2625200CE,0.11538474890779682
20-01-2026 13:55||NIFTY27JAN2625400CE,0.11240296159687206
20-01-2026 13:55||NIFTY27JAN2625600CE,0.11014753878283051
20-01-2026 14:00||NIFTY27JAN2624100PE,0.18681424745331132
20-01-2026 14:00||NIFTY27JAN2624200PE,0.17415537043718254
20-01-2026 14:00||NIFTY27JAN2624800PE,0.12976804641468415
20-01-2026 14:00||NIFTY27JAN2624900PE,0.12366628509621605
20-01-2026 14:00||NIFTY27JAN2625000PE,0.11834791187724782
20-01-2026 14:00||NIFTY27JAN2625100PE,0.113733533352329
20-01-2026 14:00||NIFTY27JAN2625200CE,0.11398914397088422
20-01-2026 14:00||NIFTY27JAN2626100CE,0.12487652580935993
20-01-2026 14:05||NIFTY27JAN2623800PE,0.2132931444599992
20-01-2026 14:05||NIFTY27JAN2625100PE,0.11397016175591312
20-01-2026 14:05||NIFTY27JAN2625200CE,0.11548194005180606
20-01-2026 14:05||NIFTY27JAN2626100CE,0.12642287720037357
20-01-2026 14:05||NIFTY27JAN2626400CE,0.14901842392223183
20-01-2026 14:10||NIFTY27JAN2624000PE,0.19378739714950372
20-01-2026 14:10||NIFTY27JAN2624200PE,0.17478663270844502
20-01-2026 14:10||NIFTY27JAN2624500PE,0.1505260376203715
20-01-2026 14:10||NIFTY27JAN2624900PE,0.12494378546721996
20-01-2026 14:10||NIFTY27JAN2625000PE,0.11881375265051652
20-01-2026 14:10||NIFTY27JAN2625500CE,0.11122918735687803
20-01-2026 14:10||NIFTY27JAN2625700CE,0.11214946057364482
20-01-2026 14:10||NIFTY27JAN2626100CE,0.1267929827147897
20-01-2026 14:10||NIFTY27JAN2626200CE,0.13536812902249912
20-01-2026 14:10||NIFTY27JAN2626300CE,0.142188731639174
20-01-2026 14:15||NIFTY27JAN2623800PE,0.21184157121053654
20-01-2026 14:15||NIFTY27JAN2624100PE,0.1833492021349403
20-01-2026 14:15||NIFTY27JAN2624500PE,0.15120963680528104
20-01-2026 14:15||NIFTY27JAN2624600PE,0.14388186018810242
20-01-2026 14:15||NIFTY27JAN2624900PE,0.12575472506214205
20-01-2026 14:15||NIFTY27JAN2625200CE,0.1186357612280636
20-01-2026 14:15||NIFTY27JAN2625400CE,0.10810392278288802
20-01-2026 14:15||NIFTY27JAN2626000CE,0.1199740565468929
20-01-2026 14:15||NIFTY27JAN2626300CE,0.13983779371095878
20-01-2026 14:15||NIFTY27JAN2626500CE,0.15826092431817662
20-01-2026 14:20||NIFTY27JAN2625400CE,0.11500500225457717
20-01-2026 14:20||NIFTY27JAN2625700CE,0.113332871952008
20-01-2026 14:20||NIFTY27JAN2626500CE,0.15736027040722297
20-01-2026 14:25||NIFTY27JAN2624100PE,0.18456419712049754
20-01-2026 14:25||NIFTY27JAN2624600PE,0.1431781064417787
20-01-2026 14:25||NIFTY27JAN2625400CE,0.11361619444195382
20-01-2026 14:25||NIFTY27JAN2625900CE,0.11627051441672374
20-01-2026 14:30||NIFTY27JAN2624000PE,0.19474187948376248
20-01-2026 14:30||NIFTY27JAN2624600PE,0.14582524568452543
20-01-2026 14:30||NIFTY27JAN2625400CE,0.10675416465807919
20-01-2026 14:30||NIFTY27JAN2625500CE,0.10578295128200267
20-01-2026 14:30||NIFTY27JAN2625800CE,0.10983830926761219
20-01-2026 14:30||NIFTY27JAN2626000CE,0.11796425531996399
20-01-2026 14:30||NIFTY27JAN2626400CE,0.14418280546403522
20-01-2026 14:30||NIFTY27JAN2626500CE,0.15258522058367155
20-01-2026 14:35||NIFTY27JAN2624600PE,0.1480865262330805
20-01-2026 14:35||NIFTY27JAN2624800PE,0.1345353758045243
20-01-2026 14:35||NIFTY27JAN2625600CE,0.10599046077236816
20-01-2026 14:35||NIFTY27JAN2626000CE,0.11753644189092043
20-01-2026 14:35||NIFTY27JAN2626300CE,0.1358306305761849
20-01-2026 14:40||NIFTY27JAN2623800PE,0.21656516103981144
20-01-2026 14:40||NIFTY27JAN2625200CE,0.11105086966183417
20-01-2026 14:40||NIFTY27JAN2625500CE,0.10664116906476012
20-01-2026 14:45||NIFTY27JAN2624600PE,0.1460884203787424
20-01-2026 14:45||NIFTY27JAN2625500CE,0.10956910626244779
20-01-2026 14:45||NIFTY27JAN2626000CE,0.11982513758478226
20-01-2026 14:45||NIFTY27JAN2626100CE,0.12740365989759658
20-01-2026 14:50||NIFTY27JAN2624000PE,0.19872138010040669
20-01-2026 14:50||NIFTY27JAN2624200PE,0.1787409854107665
20-01-2026 14:50||NIFTY27JAN2624900PE,0.12765002606445974
20-01-2026 14:50||NIFTY27JAN2625100PE,0.11894583865667055
20-01-2026 14:50||NIFTY27JAN2625500CE,0.10311563492428658
20-01-2026 14:50||NIFTY27JAN2625900CE,0.1135420702894899
20-01-2026 14:55||NIFTY27JAN2623900PE,0.21054850928342211
20-01-2026 14:55||NIFTY27JAN2624000PE,0.19359455899283579
20-01-2026 14:55||NIFTY27JAN2624100PE,0.18573490317563157
20-01-2026 14:55||NIFTY27JAN2626000CE,0.11875134029563371
20-01-2026 15:00||NIFTY27JAN2624800PE,0.1296622323530312
20-01-2026 15:00||NIFTY27JAN2625600CE,0.10770602265418316
20-01-2026 15:00||NIFTY27JAN2626100CE,0.13019511362141134
20-01-2026 15:00||NIFTY27JAN2626200CE,0.13790697363526072
20-01-2026 15:00||NIFTY27JAN2626400CE,0.1541422036223849
20-01-2026 15:05||NIFTY27JAN2623900PE,0.205571030450569
20-01-2026 15:05||NIFTY27JAN2624300PE,0.16691764457620453
20-01-2026 15:05||NIFTY27JAN2625000PE,0.12572104935319778
20-01-2026 15:05||NIFTY27JAN2625200CE,0.10088389354128822
20-01-2026 15:05||NIFTY27JAN2626100CE,0.1294521414560699
20-01-2026 15:05||NIFTY27JAN2626200CE,0.1368207793570546
20-01-2026 15:10||NIFTY27JAN2624300PE,0.1657007068810848
20-01-2026 15:10||NIFTY27JAN2625100PE,0.1257106634396508
20-01-2026 15:10||NIFTY27JAN2625300CE,0.10041206280263551
20-01-2026 15:10||NIFTY27JAN2625400CE,0.10334477366433548
20-01-2026 15:10||NIFTY27JAN2625900CE,0.12384110865092615
20-01-2026 15:10||NIFTY27JAN2626100CE,0.13661136447121627
20-01-2026 15:15||NIFTY27JAN2624000PE,0.20322651611884066
20-01-2026 15:15||NIFTY27JAN2624200PE,0.18141738605319346
20-01-2026 15:15||NIFTY27JAN2624500PE,0.15567022504834324
20-01-2026 15:15||NIFTY27JAN2624800PE,0.137533407308453
20-01-2026 15:15||NIFTY27JAN2625000PE,0.12533799991835542
20-01-2026 15:15||NIFTY27JAN2625100PE,0.12156267961147814
20-01-2026 15:15||NIFTY27JAN2625700CE,0.1162567300739055
20-01-2026 15:15||NIFTY27JAN2625900CE,0.12608294739558476
20-01-2026 15:15||NIFTY27JAN2626000CE,0.1323286950775609
20-01-2026 15:15||NIFTY27JAN2626200CE,0.146037187973044
20-01-2026 15:20||NIFTY27JAN2623800PE,0.22177301498027902
20-01-2026 15:20||NIFTY27JAN2624200PE,0.17806023677910046
20-01-2026 15:20||NIFTY27JAN2624500PE,0.1508758726206486
20-01-2026 15:20||NIFTY27JAN2625500CE,0.11957674130826257
20-01-2026 15:20||NIFTY27JAN2625700CE,0.12403013275816821
20-01-2026 15:20||NIFTY27JAN2626400CE,0.16470972849599674
20-01-2026 15:25||NIFTY27JAN2623800PE,0.2220513311034722
20-01-2026 15:25||NIFTY27JAN2625100PE,0.10919213925340898
20-01-2026 15:25||NIFTY27JAN2625200CE,0.12979775470187604
20-01-2026 15:25||NIFTY27JAN2625300CE,0.12867415145121752
20-01-2026 15:25||NIFTY27JAN2625900CE,0.13418189486593116
20-01-2026 15:25||NIFTY27JAN2626200CE,0.14993739766174446
21-01-2026 09:15||NIFTY27JAN2625200CE,0.14132786843791115
21-01-2026 09:15||NIFTY27JAN2625400CE,0.14593113728448226
21-01-2026 09:15||NIFTY27JAN2625900CE,0.14285096319684631
21-01-2026 09:15||NIFTY27JAN2626200CE,0.15739293151333192
21-01-2026 09:20||NIFTY27JAN2623900PE,0.21894075701166094
21-01-2026 09:20||NIFTY27JAN2624300PE,0.17832877038819728
21-01-2026 09:20||NIFTY27JAN2624400PE,0.1682206315871802
21-01-2026 09:25||NIFTY27JAN2624000PE,0.21794898523513773
21-01-2026 09:25||NIFTY27JAN2624300PE,0.18780988766650716
21-01-2026 09:25||NIFTY27JAN2624400PE,0.17754879035080062
21-01-2026 09:25||NIFTY27JAN2625100PE,0.11455520748999959
21-01-2026 09:25||NIFTY27JAN2625300CE,0.10983687540081799
21-01-2026 09:25||NIFTY27JAN2625600CE,0.11213048630454389
21-01-2026 09:25||NIFTY27JAN2625800CE,0.1191480151949568
21-01-2026 09:30||NIFTY27JAN2623800PE,0.23864244249071295
21-01-2026 09:30||NIFTY27JAN2623900PE,0.227236583523092
21-01-2026 09:30||NIFTY27JAN2624000PE,0.21614917113541263
21-01-2026 09:30||NIFTY27JAN2624400PE,0.17248061421456137
21-01-2026 09:30||NIFTY27JAN2625300CE,0.12945804954561646
21-01-2026 09:30||NIFTY27JAN2625700CE,0.12333655182430285
21-01-2026 09:35||NIFTY27JAN2623900PE,0.22798637119826576
21-01-2026 09:35||NIFTY27JAN2624200PE,0.1953896207282802
21-01-2026 09:35||NIFTY27JAN2625200CE,0.13019098745517607
21-01-2026 09:35||NIFTY27JAN2625300CE,0.12270647722326565
21-01-2026 09:35||NIFTY27JAN2625600CE,0.1115518431682851
21-01-2026 09:35||NIFTY27JAN2626200CE,0.14578640518051103
21-01-2026 09:40||NIFTY27JAN2624400PE,0.16801125324264893
21-01-2026 09:40||NIFTY27JAN2625100PE,0.1118385060491024
21-01-2026 09:40||NIFTY27JAN2625200CE,0.11968687780468404
21-01-2026 09:40||NIFTY27JAN2625900CE,0.13113439601850221
21-01-2026 09:40||NIFTY27JAN2626300CE,0.15609835890918838
21-01-2026 09:40||NIFTY27JAN2626400CE,0.17072343879341323
21-01-2026 09:45||NIFTY27JAN2623800PE,0.22863418294715332
21-01-2026 09:45||NIFTY27JAN2624100PE,0.19800819457646582
21-01-2026 09:45||NIFTY27JAN2624400PE,0.16735759152191354
21-01-2026 09:45||NIFTY27JAN2625200CE,0.12220080763891861
21-01-2026 09:45||NIFTY27JAN2625600CE,0.12053895646779444
21-01-2026 09:45||NIFTY27JAN2626000CE,0.13618395429432031
21-01-2026 09:45||NIFTY27JAN2626300CE,0.1585927900290658
21-01-2026 09:50||NIFTY27JAN2624700PE,0.1393082594393609
21-01-2026 09:50||NIFTY27JAN2624900PE,0.12365872700307454
21-01-2026 09:50||NIFTY27JAN2625400CE,0.11729858545252975
21-01-2026 09:50||NIFTY27JAN2625600CE,0.11885559562413325
21-01-2026 09:50||NIFTY27JAN2625800CE,0.1254791997242608
21-01-2026 09:55||NIFTY27JAN2624100PE,0.1944068985478892
21-01-2026 09:55||NIFTY27JAN2624200PE,0.18444057496617158
21-01-2026 09:55||NIFTY27JAN2624400PE,0.16570792791231112
21-01-2026 09:55||NIFTY27JAN2624800PE,0.13437903571740398
21-01-2026 09:55||NIFTY27JAN2625400CE,0.1114483954143704
21-01-2026 09:55||NIFTY27JAN2626000CE,0.13282078464358033
21-01-2026 09:55||NIFTY27JAN2626100CE,0.13926344972914584
21-01-2026 09:55||NIFTY27JAN2626200CE,0.15148910773300947
21-01-2026 09:55||NIFTY27JAN2626500CE,0.1782043912900418
21-01-2026 10:00||NIFTY27JAN2624000PE,0.20100242198274143
21-01-2026 10:00||NIFTY27JAN2625000PE,0.11483588264853964
21-01-2026 10:00||NIFTY27JAN2625300CE,0.12348569988343332
21-01-2026 10:00||NIFTY27JAN2625400CE,0.11960978846151919
21-01-2026 10:00||NIFTY27JAN2626500CE,0.17934479671110723
21-01-2026 10:05||NIFTY27JAN2625200CE,0.12328163863837208
21-01-2026 10:05||NIFTY27JAN2625600CE,0.11745717789957145
21-01-2026 10:05||NIFTY27JAN2625700CE,0.12540306230545734
21-01-2026 10:05||NIFTY27JAN2625800CE,0.12816835665237175
21-01-2026 10:10||NIFTY27JAN2624000PE,0.19716800852521774
21-01-2026 10:10||NIFTY27JAN2624400PE,0.15870213474190997
21-01-2026 10:10||NIFTY27JAN2625800CE,0.13026870703262022
21-01-2026 10:10||NIFTY27JAN2626100CE,0.14842341992892635
21-01-2026 10:15||NIFTY27JAN2624000PE,0.19947550148371404
21-01-2026 10:15||NIFTY27JAN2624200PE,0.17899431892029205
21-01-2026 10:15||NIFTY27JAN2624500PE,0.15185209928141938
21-01-2026 10:15||NIFTY27JAN2624600PE,0.1428513585476042
21-01-2026 10:15||NIFTY27JAN2625500CE,0.11970370919752502
21-01-2026 10:15||NIFTY27JAN2626100CE,0.1470700187117256
21-01-2026 10:20||NIFTY27JAN2625700CE,0.12064231228238312
21-01-2026 10:25||NIFTY27JAN2624300PE,0.1693814178931575
21-01-2026 10:25||NIFTY27JAN2625000PE,0.11797894360692429
21-01-2026 10:25||NIFTY27JAN2625700CE,0.12843653108425268
21-01-2026 10:25||NIFTY27JAN2626200CE,0.16059473857073736
21-01-2026 10:30||NIFTY27JAN2624200PE,0.17661295339018368
21-01-2026 10:30||NIFTY27JAN2624700PE,0.13486078062636409
21-01-2026 10:30||NIFTY27JAN2624800PE,0.12740572227305544
21-01-2026 10:30||NIFTY27JAN2625200CE,0.1192658087911489
21-01-2026 10:30||NIFTY27JAN2625900CE,0.14014291973909937
21-01-2026 10:30||NIFTY27JAN2626300CE,0.16784927936264118
21-01-2026 10:30||NIFTY27JAN2626400CE,0.17712987300357336
21-01-2026 10:35||NIFTY27JAN2624400PE,0.15867500380894273
21-01-2026 10:35||NIFTY27JAN2625100PE,0.12073592887999074
21-01-2026 10:35||NIFTY27JAN2625500CE,0.12058741700793517
21-01-2026 10:35||NIFTY27JAN2625600CE,0.1259637301451294
21-01-2026 10:35||NIFTY27JAN2625800CE,0.1323031213224562
21-01-2026 10:35||NIFTY27JAN2625900CE,0.1421731993625838
21-01-2026 10:40||NIFTY27JAN2624200PE,0.18251226389140565
21-01-2026 10:40||NIFTY27JAN2624800PE,0.14352380870940135
21-01-2026 10:40||NIFTY27JAN2625200CE,0.1189337574356724
21-01-2026 10:40||NIFTY27JAN2625400CE,0.11580261688666067
21-01-2026 10:40||NIFTY27JAN2626300CE,0.17392659665109989
21-01-2026 10:45||NIFTY27JAN2624700PE,0.13690019770099612
21-01-2026 10:45||NIFTY27JAN2624800PE,0.12979530277036155
21-01-2026 10:45||NIFTY27JAN2625700CE,0.14207246931833883
21-01-2026 10:45||NIFTY27JAN2626400CE,0.1912631227089327
21-01-2026 10:45||NIFTY27JAN2626500CE,0.20039655047665159
21-01-2026 10:50||NIFTY27JAN2624100PE,0.19457375443031888
21-01-2026 10:50||NIFTY27JAN2624300PE,0.17745377189026867
21-01-2026 10:50||NIFTY27JAN2624400PE,0.1691007894178919
21-01-2026 10:50||NIFTY27JAN2624500PE,0.1619386857386919
21-01-2026 10:50||NIFTY27JAN2625400CE,0.12644417690747659
21-01-2026 10:50||NIFTY27JAN2625700CE,0.14137076309259966
21-01-2026 10:50||NIFTY27JAN2625900CE,0.15510680298643797
21-01-2026 10:50||NIFTY27JAN2626400CE,0.19329661922417862
21-01-2026 10:55||NIFTY27JAN2623900PE,0.21028823804219854
21-01-2026 10:55||NIFTY27JAN2624300PE,0.17207194306442392
21-01-2026 10:55||NIFTY27JAN2624800PE,0.13089545215913853
21-01-2026 10:55||NIFTY27JAN2625000PE,0.1339474952368959
21-01-2026 10:55||NIFTY27JAN2625100PE,0.1324854611616397
21-01-2026 10:55||NIFTY27JAN2625300CE,0.14217488530965072
21-01-2026 10:55||NIFTY27JAN2625900CE,0.1626567510939699
21-01-2026 10:55||NIFTY27JAN2626200CE,0.1835314568344395
21-01-2026 11:00||NIFTY27JAN2624000PE,0.2034701122179622
21-01-2026 11:00||NIFTY27JAN2624300PE,0.17495449773877927
21-01-2026 11:00||NIFTY27JAN2624600PE,0.15129853405385663
21-01-2026 11:00||NIFTY27JAN2624800PE,0.13783274339431384
21-01-2026 11:00||NIFTY27JAN2625100PE,0.11569430744851182
21-01-2026 11:00||NIFTY27JAN2625300CE,0.1346048261033511
21-01-2026 11:05||NIFTY27JAN2624000PE,0.19819432464325962
21-01-2026 11:05||NIFTY27JAN2624100PE,0.1874696058112479
21-01-2026 11:05||NIFTY27JAN2624400PE,0.15979271116278582
21-01-2026 11:05||NIFTY27JAN2625000PE,0.11787422013406477
21-01-2026 11:05||NIFTY27JAN2625200CE,0.13426251050663368
21-01-2026 11:10||NIFTY27JAN2624800PE,0.12597574981189935
21-01-2026 11:10||NIFTY27JAN2625200CE,0.13975206832125092
21-01-2026 11:10||NIFTY27JAN2625300CE,0.1392522570506323
21-01-2026 11:10||NIFTY27JAN2625500CE,0.14174414358592405
21-01-2026 11:10||NIFTY27JAN2625900CE,0.15700723852429432
21-01-2026 11:10||NIFTY27JAN2626100CE,0.17041711563563758
21-01-2026 11:15||NIFTY27JAN2624300PE,0.17119812868266424
21-01-2026 11:15||NIFTY27JAN2625100PE,0.1087323121826992
21-01-2026 11:15||NIFTY27JAN2625400CE,0.14005887351778196
21-01-2026 11:20||NIFTY27JAN2623900PE,0.21515582705292605
21-01-2026 11:20||NIFTY27JAN2625800CE,0.1421127894495327
21-01-2026 11:20||NIFTY27JAN2626000CE,0.154715194951471
21-01-2026 11:20||NIFTY27JAN2626100CE,0.16240926958114354
21-01-2026 11:20||NIFTY27JAN2626400CE,0.18499099429655497
21-01-2026 11:20||NIFTY27JAN2626500CE,0.19265889678559883
21-01-2026 11:25||NIFTY27JAN2624600PE,0.15499308323501673
21-01-2026 11:25||NIFTY27JAN2624800PE,0.14023250589094313
21-01-2026 11:30||NIFTY27JAN2623900PE,0.2172828017762783
21-01-2026 11:30||NIFTY27JAN2624000PE,0.20588484076638447
21-01-2026 11:30||NIFTY27JAN2624100PE,0.19483186072297562
21-01-2026 11:30||NIFTY27JAN2624400PE,0.16868090717646989
21-01-2026 11:30||NIFTY27JAN2625400CE,0.1319619577654384
21-01-2026 11:30||NIFTY27JAN2625800CE,0.1443021705871293
21-01-2026 11:30||NIFTY27JAN2626000CE,0.15735212890127662
21-01-2026 11:30||NIFTY27JAN2626500CE,0.19489309427460408
21-01-2026 11:35||NIFTY27JAN2623900PE,0.21687548171508164
21-01-2026 11:35||NIFTY27JAN2624600PE,0.1536180991230091
21-01-2026 11:35||NIFTY27JAN2626100CE,0.16203435963163693
21-01-2026 11:35||NIFTY27JAN2626300CE,0.1787856585978057
21-01-2026 11:40||NIFTY27JAN2624800PE,0.1365873966668092
21-01-2026 11:40||NIFTY27JAN2625100PE,0.12003016143015027
21-01-2026 11:40||NIFTY27JAN2625200CE,0.13091731154896863
21-01-2026 11:40||NIFTY27JAN2625700CE,0.14070015753254828
21-01-2026 11:45||NIFTY27JAN2624600PE,0.15121715048524867
21-01-2026 11:45||NIFTY27JAN2625100PE,0.11582155788916731
21-01-2026 11:45||NIFTY27JAN2625200CE,0.13229733808355565
21-01-2026 11:45||NIFTY27JAN2625400CE,0.13187829545455182
21-01-2026 11:50||NIFTY27JAN2624000PE,0.20633102312082535
21-01-2026 11:50||NIFTY27JAN2624100PE,0.19606822900275386
21-01-2026 11:50||NIFTY27JAN2624300PE,0.17671031201515439
21-01-2026 11:55||NIFTY27JAN2624000PE,0.2065305128011721
21-01-2026 11:55||NIFTY27JAN2624600PE,0.15235334976029438
21-01-2026 11:55||NIFTY27JAN2624700PE,0.1444418198262284
21-01-2026 11:55||NIFTY27JAN2624900PE,0.13016630065274354
21-01-2026 12:00||NIFTY27JAN2624100PE,0.1937311655880135
21-01-2026 12:00||NIFTY27JAN2624200PE,0.1836155866822188
21-01-2026 12:00||NIFTY27JAN2624700PE,0.13738438842111406
21-01-2026 12:00||NIFTY27JAN2624800PE,0.1288555623203605
21-01-2026 12:00||NIFTY27JAN2625600CE,0.1373976619122642
21-01-2026 12:00||NIFTY27JAN2625900CE,0.14749082167407393
21-01-2026 12:05||NIFTY27JAN2623800PE,0.22690668234387454
21-01-2026 12:05||NIFTY27JAN2624100PE,0.19843749965084254
21-01-2026 12:05||NIFTY27JAN2625500CE,0.1268344188354935
21-01-2026 12:05||NIFTY27JAN2626200CE,0.15952849974074032
21-01-2026 12:10||NIFTY27JAN2624100PE,0.1937104665870397
21-01-2026 12:10||NIFTY27JAN2624200PE,0.18284520629447795
21-01-2026 12:10||NIFTY27JAN2625000PE,0.11474007670424292
21-01-2026 12:10||NIFTY27JAN2625900CE,0.14259738416913093
21-01-2026 12:10||NIFTY27JAN2626500CE,0.1826221868198346
21-01-2026 12:15||NIFTY27JAN2623800PE,0.22656732073542585
21-01-2026 12:15||NIFTY27JAN2624200PE,0.18518737551358458
21-01-2026 12:15||NIFTY27JAN2625400CE,0.13466894593579684
21-01-2026 12:15||NIFTY27JAN2625700CE,0.13583399128519175
21-01-2026 12:20||NIFTY27JAN2624200PE,0.19014190543668882
21-01-2026 12:20||NIFTY27JAN2625000PE,0.12073098539290926
21-01-2026 12:20||NIFTY27JAN2625400CE,0.1307009726780429
21-01-2026 12:20||NIFTY27JAN2625600CE,0.13047240830002588
21-01-2026 12:20||NIFTY27JAN2625700CE,0.13272149300659164
21-01-2026 12:20||NIFTY27JAN2626300CE,0.16176376510913681
21-01-2026 12:25||NIFTY27JAN2624000PE,0.21851494896778167
21-01-2026 12:25||NIFTY27JAN2624500PE,0.17379269503645894
21-01-2026 12:25||NIFTY27JAN2624600PE,0.16525828957876953
21-01-2026 12:25||NIFTY27JAN2624700PE,0.1571065589998524
21-01-2026 12:25||NIFTY27JAN2625700CE,0.12311411055827182
21-01-2026 12:25||NIFTY27JAN2626500CE,0.1769274894955339
21-01-2026 12:30||NIFTY27JAN2624100PE,0.20390233715021883
21-01-2026 12:30||NIFTY27JAN2624200PE,0.19385074116961262
21-01-2026 12:30||NIFTY27JAN2625300CE,0.13754373734516082
21-01-2026 12:30||NIFTY27JAN2625800CE,0.13576458129018662
21-01-2026 12:35||NIFTY27JAN2624000PE,0.2142954860313749
21-01-2026 12:35||NIFTY27JAN2624100PE,0.203887285754564
21-01-2026 12:35||NIFTY27JAN2625600CE,0.13343256602218595
21-01-2026 12:35||NIFTY27JAN2626400CE,0.16757625333346
21-01-2026 12:40||NIFTY27JAN2624500PE,0.1752556056924198
21-01-2026 12:40||NIFTY27JAN2624700PE,0.15818305470942637
21-01-2026 12:40||NIFTY27JAN2624800PE,0.14995027701902428
21-01-2026 12:40||NIFTY27JAN2625200CE,0.14354574356251237
21-01-2026 12:40||NIFTY27JAN2625400CE,0.12765002086942867
21-01-2026 12:40||NIFTY27JAN2625900CE,0.13261077987895567
21-01-2026 12:45||NIFTY27JAN2623800PE,0.2444206248216627
21-01-2026 12:45||NIFTY27JAN2624400PE,0.18668492120606495
21-01-2026 12:45||NIFTY27JAN2625300CE,0.13924818990377102
21-01-2026 12:45||NIFTY27JAN2625800CE,0.13056593414735168
21-01-2026 12:45||NIFTY27JAN2626200CE,0.14674216088662795
21-01-2026 12:50||NIFTY27JAN2623800PE,0.24798090669817174
21-01-2026 12:50||NIFTY27JAN2624100PE,0.21913240276358148
21-01-2026 12:50||NIFTY27JAN2625200CE,0.14459938963523353
21-01-2026 12:50||NIFTY27JAN2625500CE,0.13490806314617995
21-01-2026 12:50||NIFTY27JAN2625600CE,0.13206582484392942
21-01-2026 12:55||NIFTY27JAN2625300CE,0.133770642685303
21-01-2026 12:55||NIFTY27JAN2625400CE,0.13053422424714914
21-01-2026 12:55||NIFTY27JAN2625600CE,0.1273323610001938
21-01-2026 12:55||NIFTY27JAN2625700CE,0.1273647935414954
21-01-2026 12:55||NIFTY27JAN2625800CE,0.1284846322627158
21-01-2026 12:55||NIFTY27JAN2625900CE,0.13069087233989538
21-01-2026 12:55||NIFTY27JAN2626500CE,0.1654002682623446
21-01-2026 13:00||NIFTY27JAN2624600PE,0.17571129145429926
21-01-2026 13:00||NIFTY27JAN2624700PE,0.16645843147385542
21-01-2026 13:00||NIFTY27JAN2626100CE,0.1382130073087115
21-01-2026 13:05||NIFTY27JAN2623800PE,0.2510587971607526
21-01-2026 13:05||NIFTY27JAN2623900PE,0.24126815416731107
21-01-2026 13:05||NIFTY27JAN2624100PE,0.2235949897381701
21-01-2026 13:05||NIFTY27JAN2625600CE,0.11746926136364742
21-01-2026 13:05||NIFTY27JAN2626300CE,0.14707218196576513
21-01-2026 13:05||NIFTY27JAN2626400CE,0.1585682563459282
21-01-2026 13:10||NIFTY27JAN2625800CE,0.13034202933530356
21-01-2026 13:10||NIFTY27JAN2626200CE,0.14737255776815966
21-01-2026 13:15||NIFTY27JAN2624400PE,0.18890070132155062
21-01-2026 13:15||NIFTY27JAN2625400CE,0.12627022112884845
21-01-2026 13:15||NIFTY27JAN2625800CE,0.12753403299556776
21-01-2026 13:20||NIFTY27JAN2623800PE,0.2446635796426469
21-01-2026 13:20||NIFTY27JAN2623900PE,0.2353242155625875
21-01-2026 13:20||NIFTY27JAN2624600PE,0.17302562675784186
21-01-2026 13:20||NIFTY27JAN2624800PE,0.15646009745567485
21-01-2026 13:20||NIFTY27JAN2625400CE,0.12291767394270328
21-01-2026 13:20||NIFTY27JAN2626200CE,0.1461996630342176
21-01-2026 13:25||NIFTY27JAN2624200PE,0.2050233254471586
21-01-2026 13:25||NIFTY27JAN2624300PE,0.19318099209649237
21-01-2026 13:25||NIFTY27JAN2624900PE,0.14503156795963376
21-01-2026 13:25||NIFTY27JAN2625000PE,0.1360145099313466
21-01-2026 13:25||NIFTY27JAN2625200CE,0.12608078969198006
21-01-2026 13:25||NIFTY27JAN2625700CE,0.12755943567253744
21-01-2026 13:25||NIFTY27JAN2626000CE,0.1378519771503418
21-01-2026 13:25||NIFTY27JAN2626300CE,0.15655670293795992
21-01-2026 13:30||NIFTY27JAN2624000PE,0.22768315423895713
21-01-2026 13:30||NIFTY27JAN2624400PE,0.19094720168730495
21-01-2026 13:30||NIFTY27JAN2625200CE,0.1361834037615394
21-01-2026 13:30||NIFTY27JAN2625300CE,0.13219218046296877
21-01-2026 13:30||NIFTY27JAN2625800CE,0.12371207854264907
21-01-2026 13:30||NIFTY27JAN2626200CE,0.14616072018021944
21-01-2026 13:30||NIFTY27JAN2626300CE,0.15420969187685785
21-01-2026 13:35||NIFTY27JAN2623800PE,0.24167443950710243
21-01-2026 13:35||NIFTY27JAN2624000PE,0.2179870915898654
21-01-2026 13:35||NIFTY27JAN2624700PE,0.15391551565919315
21-01-2026 13:35||NIFTY27JAN2624800PE,0.14540846936371477
21-01-2026 13:35||NIFTY27JAN2625800CE,0.13547963381615777
21-01-2026 13:35||NIFTY27JAN2626300CE,0.15913534860679274
21-01-2026 13:40||NIFTY27JAN2624600PE,0.1680592896306347
21-01-2026 13:40||NIFTY27JAN2624800PE,0.15175174998206256
21-01-2026 13:40||NIFTY27JAN2625300CE,0.1284899000107345
21-01-2026 13:40||NIFTY27JAN2625800CE,0.1303646588539727
21-01-2026 13:40||NIFTY27JAN2626200CE,0.15010413778632756
21-01-2026 13:45||NIFTY27JAN2624800PE,0.1513040008515997
21-01-2026 13:45||NIFTY27JAN2625400CE,0.12634230436744248
21-01-2026 13:45||NIFTY27JAN2625900CE,0.1334472350406528
21-01-2026 13:50||NIFTY27JAN2625100PE,0.13215211294836846
21-01-2026 13:50||NIFTY27JAN2626100CE,0.1444344261102321
21-01-2026 13:55||NIFTY27JAN2624300PE,0.1927817489917488
21-01-2026 13:55||NIFTY27JAN2624400PE,0.18319159625775294
21-01-2026 13:55||NIFTY27JAN2625500CE,0.12306027717915918
21-01-2026 13:55||NIFTY27JAN2625700CE,0.12720345167863106
21-01-2026 14:00||NIFTY27JAN2623800PE,0.23575630598969272
21-01-2026 14:00||NIFTY27JAN2624200PE,0.19529751615539467
21-01-2026 14:00||NIFTY27JAN2624600PE,0.160799311612868
21-01-2026 14:00||NIFTY27JAN2625000PE,0.13295024104556052
21-01-2026 14:00||NIFTY27JAN2625200CE,0.12402358309921718
21-01-2026 14:05||NIFTY27JAN2624500PE,0.170176825343325
21-01-2026 14:05||NIFTY27JAN2625000PE,0.13597668574253144
21-01-2026 14:05||NIFTY27JAN2625400CE,0.12033987356164436
21-01-2026 14:05||NIFTY27JAN2626100CE,0.1446438954802912
21-01-2026 14:05||NIFTY27JAN2626500CE,0.17878395385357085
21-01-2026 14:10||NIFTY27JAN2624000PE,0.21109499983242738
21-01-2026 14:10||NIFTY27JAN2624100PE,0.20114591627218945
21-01-2026 14:10||NIFTY27JAN2624400PE,0.17442915455333458
21-01-2026 14:10||NIFTY27JAN2624500PE,0.16581906781254252
21-01-2026 14:10||NIFTY27JAN2625000PE,0.13302368921584767
21-01-2026 14:10||NIFTY27JAN2625200CE,0.12788296022105344
21-01-2026 14:10||NIFTY27JAN2626000CE,0.14030927439269036
21-01-2026 14:10||NIFTY27JAN2626400CE,0.1689048955818918
21-01-2026 14:10||NIFTY27JAN2626500CE,0.17750811213961906
21-01-2026 14:15||NIFTY27JAN2624700PE,0.14246416736046963
21-01-2026 14:15||NIFTY27JAN2625400CE,0.13282634045699493
21-01-2026 14:15||NIFTY27JAN2625800CE,0.13433578977390312
21-01-2026 14:15||NIFTY27JAN2626100CE,0.14758396836239457
21-01-2026 14:20||NIFTY27JAN2624000PE,0.2143374197600984
21-01-2026 14:20||NIFTY27JAN2624300PE,0.18670408654023887
21-01-2026 14:20||NIFTY27JAN2624700PE,0.15657658468787686
21-01-2026 14:20||NIFTY27JAN2625200CE,0.12082779305056596
21-01-2026 14:20||NIFTY27JAN2625600CE,0.1166126849566719
21-01-2026 14:20||NIFTY27JAN2626100CE,0.14158632375237787
21-01-2026 14:20||NIFTY27JAN2626500CE,0.17326969243503068
21-01-2026 14:25||NIFTY27JAN2623900PE,0.22090770841886104
21-01-2026 14:25||NIFTY27JAN2624800PE,0.14989251041085286
21-01-2026 14:25||NIFTY27JAN2624900PE,0.14203915100473
21-01-2026 14:25||NIFTY27JAN2625100PE,0.12354675500509771
21-01-2026 14:25||NIFTY27JAN2626500CE,0.17751085091598284
21-01-2026 14:30||NIFTY27JAN2624500PE,0.15992733413131277
21-01-2026 14:30||NIFTY27JAN2624600PE,0.15062596900692724
21-01-2026 14:30||NIFTY27JAN2624800PE,0.13463108638023422
21-01-2026 14:30||NIFTY27JAN2625200CE,0.11769357623115823
21-01-2026 14:30||NIFTY27JAN2625300CE,0.11847823171019468
21-01-2026 14:30||NIFTY27JAN2626300CE,0.16274542178202217
21-01-2026 14:35||NIFTY27JAN2624200PE,0.18762335589620516
21-01-2026 14:35||NIFTY27JAN2624700PE,0.14600816559958218
21-01-2026 14:35||NIFTY27JAN2624800PE,0.13818387234385715
21-01-2026 14:35||NIFTY27JAN2625100PE,0.11786324635699508
21-01-2026 14:35||NIFTY27JAN2625200CE,0.1236657318896947
21-01-2026 14:35||NIFTY27JAN2625800CE,0.132061685328246
21-01-2026 14:35||NIFTY27JAN2626100CE,0.14742759278405587
21-01-2026 14:40||NIFTY27JAN2624000PE,0.20796358455911867
21-01-2026 14:40||NIFTY27JAN2624200PE,0.18930845992332868
21-01-2026 14:40||NIFTY27JAN2624500PE,0.16529046836706593
21-01-2026 14:40||NIFTY27JAN2624600PE,0.1573180833128122
21-01-2026 14:40||NIFTY27JAN2624700PE,0.14974282588088367
21-01-2026 14:40||NIFTY27JAN2625100PE,0.124266967025859
21-01-2026 14:40||NIFTY27JAN2625200CE,0.12345972968351163
21-01-2026 14:40||NIFTY27JAN2625400CE,0.11856815996881087
21-01-2026 14:40||NIFTY27JAN2625800CE,0.12873591839015014
21-01-2026 14:40||NIFTY27JAN2626200CE,0.15204876982401055
21-01-2026 14:45||NIFTY27JAN2624500PE,0.16189459357672462
21-01-2026 14:45||NIFTY27JAN2625400CE,0.12256797171047584
21-01-2026 14:45||NIFTY27JAN2625900CE,0.13418334254582295
21-01-2026 14:45||NIFTY27JAN2626100CE,0.14591731768027877
21-01-2026 14:50||NIFTY27JAN2623900PE,0.21385817721542835
21-01-2026 14:50||NIFTY27JAN2624900PE,0.13506296150260072
21-01-2026 14:50||NIFTY27JAN2625200CE,0.12233867821232686
21-01-2026 14:50||NIFTY27JAN2625300CE,0.12107658202169691
21-01-2026 14:50||NIFTY27JAN2625500CE,0.11904640218621543
21-01-2026 14:50||NIFTY27JAN2625800CE,0.12802967461265555
21-01-2026 14:50||NIFTY27JAN2626300CE,0.15857024224655025
21-01-2026 14:55||NIFTY27JAN2624200PE,0.18653163528409716
21-01-2026 14:55||NIFTY27JAN2625300CE,0.11934782802859514
21-01-2026 14:55||NIFTY27JAN2625700CE,0.12453477804483862
21-01-2026 14:55||NIFTY27JAN2626100CE,0.14440714678420935
21-01-2026 15:00||NIFTY27JAN2623900PE,0.21442756406501456
21-01-2026 15:00||NIFTY27JAN2624100PE,0.19355674960128255
21-01-2026 15:00||NIFTY27JAN2624500PE,0.157131777720963
21-01-2026 15:00||NIFTY27JAN2624800PE,0.1340397919769353
21-01-2026 15:00||NIFTY27JAN2625000PE,0.12054405899276302
21-01-2026 15:00||NIFTY27JAN2625200CE,0.11860629389640305
21-01-2026 15:00||NIFTY27JAN2625300CE,0.11806205346639917
21-01-2026 15:00||NIFTY27JAN2625600CE,0.12551887700325265
21-01-2026 15:00||NIFTY27JAN2626400CE,0.16627530740076504
21-01-2026 15:05||NIFTY27JAN2624300PE,0.1788468013061319
21-01-2026 15:05||NIFTY27JAN2625100PE,0.12479153232238627
21-01-2026 15:05||NIFTY27JAN2626200CE,0.14872852196923353
21-01-2026 15:10||NIFTY27JAN2624300PE,0.17994679635734434
21-01-2026 15:10||NIFTY27JAN2624500PE,0.16317559304746249
21-01-2026 15:10||NIFTY27JAN2624600PE,0.1555227336676339
21-01-2026 15:10||NIFTY27JAN2625700CE,0.11950026605506937
21-01-2026 15:10||NIFTY27JAN2625800CE,0.12263025229360325
21-01-2026 15:10||NIFTY27JAN2625900CE,0.13136576605506925
21-01-2026 15:10||NIFTY27JAN2626500CE,0.17614883053209324
21-01-2026 15:15||NIFTY27JAN2624200PE,0.18603653240681498
21-01-2026 15:15||NIFTY27JAN2624300PE,0.1766451930047429
21-01-2026 15:15||NIFTY27JAN2624800PE,0.1402205153745827
21-01-2026 15:15||NIFTY27JAN2624900PE,0.13433502096035738
21-01-2026 15:15||NIFTY27JAN2625200CE,0.11242284004443229
21-01-2026 15:15||NIFTY27JAN2625300CE,0.11251870507197449
21-01-2026 15:15||NIFTY27JAN2625600CE,0.11956309925839108
21-01-2026 15:15||NIFTY27JAN2625700CE,0.12287298528108463
21-01-2026 15:15||NIFTY27JAN2625900CE,0.13172046213516492
21-01-2026 15:15||NIFTY27JAN2626200CE,0.15139736475927984
21-01-2026 15:20||NIFTY27JAN2623800PE,0.22560784390166141
21-01-2026 15:20||NIFTY27JAN2624800PE,0.1411484456744643
21-01-2026 15:20||NIFTY27JAN2625100PE,0.12187139672021685
21-01-2026 15:20||NIFTY27JAN2625400CE,0.11142846708845791
21-01-2026 15:20||NIFTY27JAN2625600CE,0.11550607200142654
21-01-2026 15:25||NIFTY27JAN2623800PE,0.22654598915898447
21-01-2026 15:25||NIFTY27JAN2624200PE,0.1807478182237153
21-01-2026 15:25||NIFTY27JAN2624500PE,0.15339594998361852
21-01-2026 15:25||NIFTY27JAN2624800PE,0.13076668539516037
21-01-2026 15:25||NIFTY27JAN2625100PE,0.11863851049191615
21-01-2026 15:25||NIFTY27JAN2626200CE,0.14916101754153668
22-01-2026 09:15||NIFTY27JAN2623800PE,0.2465286597335485
22-01-2026 09:15||NIFTY27JAN2625100PE,0.12150631416164172
22-01-2026 09:15||NIFTY27JAN2625300CE,0.10403265975102974
22-01-2026 09:20||NIFTY27JAN2623900PE,0.23289649443079635
22-01-2026 09:20||NIFTY27JAN2624000PE,0.22066652902984257
22-01-2026 09:20||NIFTY27JAN2624300PE,0.18786016713643622
22-01-2026 09:20||NIFTY27JAN2624500PE,0.16707882099762233
22-01-2026 09:20||NIFTY27JAN2624800PE,0.14002951751112439
22-01-2026 09:20||NIFTY27JAN2625200CE,0.11715552504485147
22-01-2026 09:20||NIFTY27JAN2626300CE,0.14941693584742322
22-01-2026 09:25||NIFTY27JAN2624700PE,0.14556353439335026
22-01-2026 09:25||NIFTY27JAN2625000PE,0.11772264499474372
22-01-2026 09:25||NIFTY27JAN2625200CE,0.12599662506655207
22-01-2026 09:25||NIFTY27JAN2625500CE,0.12833086920534295
22-01-2026 09:25||NIFTY27JAN2625600CE,0.12518794902247804
22-01-2026 09:25||NIFTY27JAN2626200CE,0.14262686527124238
22-01-2026 09:30||NIFTY27JAN2624600PE,0.2050575454643311
22-01-2026 09:30||NIFTY27JAN2624800PE,0.175923772122301
22-01-2026 09:30||NIFTY27JAN2624900PE,0.1605814024753711
22-01-2026 09:30||NIFTY27JAN2625100PE,0.13443024787410204
22-01-2026 09:30||NIFTY27JAN2625500CE,0.11841891727464697
22-01-2026 09:30||NIFTY27JAN2625800CE,0.11970039639002227
22-01-2026 09:30||NIFTY27JAN2626000CE,0.1286227642274656
22-01-2026 09:30||NIFTY27JAN2626300CE,0.14977847712326464
22-01-2026 09:35||NIFTY27JAN2624100PE,0.27801627275153074
22-01-2026 09:40||NIFTY27JAN2624100PE,0.26596239798052235
22-01-2026 09:40||NIFTY27JAN2624500PE,0.21763537908965208
22-01-2026 09:40||NIFTY27JAN2626000CE,0.13022904277731048
22-01-2026 09:40||NIFTY27JAN2626200CE,0.14417835460823264
22-01-2026 09:45||NIFTY27JAN2623900PE,0.2792874348071278
22-01-2026 09:45||NIFTY27JAN2624200PE,0.24538342038101577
22-01-2026 09:50||NIFTY27JAN2623900PE,0.27416815215572143
22-01-2026 09:50||NIFTY27JAN2624100PE,0.2525682177087113
22-01-2026 09:50||NIFTY27JAN2624900PE,0.16599758111826324
22-01-2026 09:50||NIFTY27JAN2625000PE,0.15243347855470063
22-01-2026 09:50||NIFTY27JAN2625600CE,0.10859623203975385
22-01-2026 09:50||NIFTY27JAN2625800CE,0.11468201538092618
22-01-2026 09:50||NIFTY27JAN2625900CE,0.12062304702071482
22-01-2026 09:50||NIFTY27JAN2626300CE,0.14650068097410968
22-01-2026 09:50||NIFTY27JAN2626500CE,0.16353397373927828
22-01-2026 09:55||NIFTY27JAN2624700PE,0.16740400419322438
22-01-2026 09:55||NIFTY27JAN2624800PE,0.15517568810801732
22-01-2026 09:55||NIFTY27JAN2624900PE,0.14506279123336757
22-01-2026 09:55||NIFTY27JAN2625200CE,0.11178442898679568
22-01-2026 09:55||NIFTY27JAN2625500CE,0.12178954408278014
22-01-2026 10:00||NIFTY27JAN2624200PE,0.21753093122578093
22-01-2026 10:00||NIFTY27JAN2624700PE,0.1653117200707656
22-01-2026 10:00||NIFTY27JAN2625100PE,0.12597964270594353
22-01-2026 10:00||NIFTY27JAN2625400CE,0.104530757283456
22-01-2026 10:00||NIFTY27JAN2625600CE,0.10555636138763824
22-01-2026 10:00||NIFTY27JAN2626100CE,0.12689413595390867
22-01-2026 10:00||NIFTY27JAN2626500CE,0.16217321122145753
22-01-2026 10:05||NIFTY27JAN2624500PE,0.18564854213629298
22-01-2026 10:05||NIFTY27JAN2624800PE,0.15475061909479013
22-01-2026 10:05||NIFTY27JAN2625000PE,0.13490336454946888
22-01-2026 10:05||NIFTY27JAN2625400CE,0.11086814012266694
22-01-2026 10:05||NIFTY27JAN2625700CE,0.11126886158339494
22-01-2026 10:05||NIFTY27JAN2625800CE,0.11485343809601506
22-01-2026 10:05||NIFTY27JAN2626100CE,0.1289913115713227
22-01-2026 10:05||NIFTY27JAN2626400CE,0.1519466465237842
22-01-2026 10:10||NIFTY27JAN2623800PE,0.25793130336519526
22-01-2026 10:10||NIFTY27JAN2624200PE,0.21348563245071148
22-01-2026 10:10||NIFTY27JAN2624300PE,0.20225691305190938
22-01-2026 10:10||NIFTY27JAN2624500PE,0.18019262437115707
22-01-2026 10:10||NIFTY27JAN2624800PE,0.14920871754314477
22-01-2026 10:10||NIFTY27JAN2625300CE,0.1278051936777799
22-01-2026 10:10||NIFTY27JAN2625500CE,0.11993142978065133
22-01-2026 10:10||NIFTY27JAN2626200CE,0.1378204468119053
22-01-2026 10:10||NIFTY27JAN2626300CE,0.14871801313916416
22-01-2026 10:15||NIFTY27JAN2623900PE,0.2482930845064352
22-01-2026 10:15||NIFTY27JAN2624400PE,0.19695337470273433
22-01-2026 10:15||NIFTY27JAN2625000PE,0.14004201549618775
22-01-2026 10:15||NIFTY27JAN2625300CE,0.09718744647245478
22-01-2026 10:15||NIFTY27JAN2625400CE,0.0985129829179893
22-01-2026 10:20||NIFTY27JAN2624000PE,0.22559593414058438
22-01-2026 10:20||NIFTY27JAN2625000PE,0.13176309652032767
22-01-2026 10:20||NIFTY27JAN2625100PE,0.12457366566753147
22-01-2026 10:20||NIFTY27JAN2625400CE,0.12557243404006882
22-01-2026 10:20||NIFTY27JAN2625500CE,0.12210339174166376
22-01-2026 10:20||NIFTY27JAN2625600CE,0.11974009232099755
22-01-2026 10:20||NIFTY27JAN2625900CE,0.12575239954921855
22-01-2026 10:25||NIFTY27JAN2623900PE,0.22958126519312924
22-01-2026 10:25||NIFTY27JAN2624000PE,0.21817870507644646
22-01-2026 10:25||NIFTY27JAN2624200PE,0.19726335429980207
22-01-2026 10:25||NIFTY27JAN2625100PE,0.11610396131494137
22-01-2026 10:25||NIFTY27JAN2625900CE,0.1186826984485452
22-01-2026 10:25||NIFTY27JAN2626300CE,0.14802257534357513
22-01-2026 10:30||NIFTY27JAN2624300PE,0.18256852573280574
22-01-2026 10:30||NIFTY27JAN2625800CE,0.12633814783549738
22-01-2026 10:30||NIFTY27JAN2626100CE,0.14203994854734198
22-01-2026 10:35||NIFTY27JAN2625100PE,0.11594771838834743
22-01-2026 10:35||NIFTY27JAN2625200CE,0.12675615321806305
22-01-2026 10:35||NIFTY27JAN2625300CE,0.12301210251532363
22-01-2026 10:35||NIFTY27JAN2625400CE,0.11966200664866924
22-01-2026 10:35||NIFTY27JAN2625800CE,0.11759888679577721
22-01-2026 10:40||NIFTY27JAN2624300PE,0.18252836067000686
22-01-2026 10:40||NIFTY27JAN2624600PE,0.15419332842477787
22-01-2026 10:40||NIFTY27JAN2625000PE,0.1234798993111822
22-01-2026 10:40||NIFTY27JAN2625800CE,0.1198766441046967
22-01-2026 10:40||NIFTY27JAN2625900CE,0.12256877826697057
22-01-2026 10:40||NIFTY27JAN2626000CE,0.13546563655716337
22-01-2026 10:45||NIFTY27JAN2623900PE,0.22604782573732007
22-01-2026 10:45||NIFTY27JAN2625000PE,0.12636500815896318
22-01-2026 10:45||NIFTY27JAN2625400CE,0.11152980300411741
22-01-2026 10:45||NIFTY27JAN2625500CE,0.11226855874293527
22-01-2026 10:45||NIFTY27JAN2625700CE,0.11717558308787611
22-01-2026 10:45||NIFTY27JAN2625900CE,0.1269135651141033
22-01-2026 10:45||NIFTY27JAN2626400CE,0.16568728727822707
22-01-2026 10:45||NIFTY27JAN2626500CE,0.17511667352914104
22-01-2026 10:50||NIFTY27JAN2623900PE,0.2244598066138122
22-01-2026 10:50||NIFTY27JAN2624400PE,0.17516929248979685
22-01-2026 10:50||NIFTY27JAN2624500PE,0.16489291320926103
22-01-2026 10:50||NIFTY27JAN2624600PE,0.15496990453655027
22-01-2026 10:50||NIFTY27JAN2624900PE,0.13202886170611164
22-01-2026 10:50||NIFTY27JAN2625000PE,0.12501187823158638
22-01-2026 10:50||NIFTY27JAN2625300CE,0.11621371225957183
22-01-2026 10:50||NIFTY27JAN2625700CE,0.1200191993805012
22-01-2026 10:50||NIFTY27JAN2625900CE,0.12972229690178233
22-01-2026 10:50||NIFTY27JAN2626000CE,0.13723375408209498
22-01-2026 10:50||NIFTY27JAN2626300CE,0.15945561350814758
22-01-2026 10:55||NIFTY27JAN2624000PE,0.2189373442940544
22-01-2026 10:55||NIFTY27JAN2624200PE,0.19784222391332093
22-01-2026 10:55||NIFTY27JAN2624600PE,0.16448764179964168
22-01-2026 10:55||NIFTY27JAN2625900CE,0.1276181710074472
22-01-2026 11:00||NIFTY27JAN2624400PE,0.1737517883098945
22-01-2026 11:00||NIFTY27JAN2624800PE,0.1416237581761148
22-01-2026 11:00||NIFTY27JAN2626300CE,0.1629910339431243
22-01-2026 11:05||NIFTY27JAN2624500PE,0.163389236704299
22-01-2026 11:05||NIFTY27JAN2624800PE,0.13960960214622764
22-01-2026 11:05||NIFTY27JAN2625500CE,0.12213440396587716
22-01-2026 11:05||NIFTY27JAN2625600CE,0.12477222925576933
22-01-2026 11:05||NIFTY27JAN2625900CE,0.13640274098908386
22-01-2026 11:05||NIFTY27JAN2626200CE,0.15668349503641565
22-01-2026 11:10||NIFTY27JAN2623800PE,0.2332631302307486
22-01-2026 11:10||NIFTY27JAN2624300PE,0.18392998973209035
22-01-2026 11:10||NIFTY27JAN2624600PE,0.1585433993988497
22-01-2026 11:10||NIFTY27JAN2624700PE,0.150862743316286
22-01-2026 11:10||NIFTY27JAN2625000PE,0.12952881261606838
22-01-2026 11:10||NIFTY27JAN2625100PE,0.12398649769952517
22-01-2026 11:10||NIFTY27JAN2625400CE,0.11702172595175983
22-01-2026 11:10||NIFTY27JAN2625800CE,0.12896327458654092
22-01-2026 11:10||NIFTY27JAN2626100CE,0.1477129428153351
22-01-2026 11:15||NIFTY27JAN2623900PE,0.22172196598180396
22-01-2026 11:15||NIFTY27JAN2624300PE,0.18193698746711773
22-01-2026 11:15||NIFTY27JAN2625600CE,0.1208996646835348
22-01-2026 11:15||NIFTY27JAN2625800CE,0.129420628880539
22-01-2026 11:15||NIFTY27JAN2626100CE,0.1479138076241256
22-01-2026 11:15||NIFTY27JAN2626200CE,0.15610387100184742
22-01-2026 11:15||NIFTY27JAN2626400CE,0.17264245070082948
22-01-2026 11:15||NIFTY27JAN2626500CE,0.18137730595083348
22-01-2026 11:20||NIFTY27JAN2623900PE,0.21890730383596405
22-01-2026 11:20||NIFTY27JAN2624700PE,0.14209536189111094
22-01-2026 11:20||NIFTY27JAN2624800PE,0.13347573228662443
22-01-2026 11:20||NIFTY27JAN2625600CE,0.12922955879623613
22-01-2026 11:20||NIFTY27JAN2625900CE,0.13875361183616866
22-01-2026 11:25||NIFTY27JAN2623800PE,0.23602299769870017
22-01-2026 11:25||NIFTY27JAN2623900PE,0.22461969450606112
22-01-2026 11:25||NIFTY27JAN2624000PE,0.21361794422466596
22-01-2026 11:25||NIFTY27JAN2624500PE,0.16761688665649138
22-01-2026 11:25||NIFTY27JAN2624600PE,0.15832701706238358
22-01-2026 11:25||NIFTY27JAN2625800CE,0.12260255034964532
22-01-2026 11:25||NIFTY27JAN2625900CE,0.13189808088577556
22-01-2026 11:25||NIFTY27JAN2626500CE,0.1806014382472249
22-01-2026 11:30||NIFTY27JAN2624300PE,0.17913186066970685
22-01-2026 11:30||NIFTY27JAN2625800CE,0.13107171585193808
22-01-2026 11:30||NIFTY27JAN2626000CE,0.14233700988618164
22-01-2026 11:35||NIFTY27JAN2624200PE,0.1916061780871941
22-01-2026 11:35||NIFTY27JAN2625500CE,0.11726846961533177
22-01-2026 11:35||NIFTY27JAN2625900CE,0.13338146910466012
22-01-2026 11:40||NIFTY27JAN2624200PE,0.19167465578970977
22-01-2026 11:40||NIFTY27JAN2624700PE,0.15149656744871506
22-01-2026 11:40||NIFTY27JAN2625200CE,0.11837234479349457
22-01-2026 11:40||NIFTY27JAN2626300CE,0.16614821831491236
22-01-2026 11:45||NIFTY27JAN2623900PE,0.21753499173410762
22-01-2026 11:45||NIFTY27JAN2624400PE,0.16722607921984117
22-01-2026 11:45||NIFTY27JAN2625000PE,0.12371130017819092
22-01-2026 11:45||NIFTY27JAN2626500CE,0.18631208472343722
22-01-2026 11:50||NIFTY27JAN2624500PE,0.16406800762333146
22-01-2026 11:50||NIFTY27JAN2624800PE,0.14256952586441782
22-01-2026 11:50||NIFTY27JAN2625200CE,0.12216539317049771
22-01-2026 11:50||NIFTY27JAN2625700CE,0.12803616680572327
22-01-2026 11:50||NIFTY27JAN2626200CE,0.15838408237982163
22-01-2026 11:50||NIFTY27JAN2626300CE,0.16710110058637478
22-01-2026 11:55||NIFTY27JAN2624000PE,0.20870076335090632
22-01-2026 11:55||NIFTY27JAN2625000PE,0.13228723169271067
22-01-2026 12:00||NIFTY27JAN2623800PE,0.22746682578074418
22-01-2026 12:00||NIFTY27JAN2624300PE,0.17517883871836581
22-01-2026 12:00||NIFTY27JAN2625600CE,0.1334245006428253
22-01-2026 12:00||NIFTY27JAN2625700CE,0.13705023149727485
22-01-2026 12:00||NIFTY27JAN2626100CE,0.15788244480551533
22-01-2026 12:00||NIFTY27JAN2626400CE,0.1832273073067713
22-01-2026 12:05||NIFTY27JAN2624300PE,0.17842409995356215
22-01-2026 12:05||NIFTY27JAN2625600CE,0.12833051360942113
22-01-2026 12:05||NIFTY27JAN2625700CE,0.13183540634946728
22-01-2026 12:05||NIFTY27JAN2626000CE,0.14589520313370402
22-01-2026 12:05||NIFTY27JAN2626300CE,0.16889519562015007
22-01-2026 12:10||NIFTY27JAN2624000PE,0.20785120877408955
22-01-2026 12:10||NIFTY27JAN2624500PE,0.15914083034336754
22-01-2026 12:10||NIFTY27JAN2625500CE,0.12528066820864384
22-01-2026 12:10||NIFTY27JAN2625800CE,0.13388723270397276
22-01-2026 12:10||NIFTY27JAN2626100CE,0.15177702518845387
22-01-2026 12:15||NIFTY27JAN2623800PE,0.23070412341030697
22-01-2026 12:15||NIFTY27JAN2624000PE,0.20682981119917157
22-01-2026 12:15||NIFTY27JAN2624500PE,0.1574196499415372
22-01-2026 12:15||NIFTY27JAN2626100CE,0.152347092404378
22-01-2026 12:15||NIFTY27JAN2626400CE,0.17740249386830295
22-01-2026 12:15||NIFTY27JAN2626500CE,0.18769607796690213
22-01-2026 12:20||NIFTY27JAN2624800PE,0.1466871664701485
22-01-2026 12:20||NIFTY27JAN2624900PE,0.13927450754389598
22-01-2026 12:20||NIFTY27JAN2625900CE,0.1308857360471598
22-01-2026 12:20||NIFTY27JAN2626000CE,0.13824168567849837
22-01-2026 12:20||NIFTY27JAN2626500CE,0.18004797947915413
22-01-2026 12:25||NIFTY27JAN2623900PE,0.22001664134425017
22-01-2026 12:25||NIFTY27JAN2624200PE,0.18784658344222974
22-01-2026 12:25||NIFTY27JAN2624700PE,0.1435373859264337
22-01-2026 12:25||NIFTY27JAN2624800PE,0.13555059644256165
22-01-2026 12:25||NIFTY27JAN2625300CE,0.1263178875895853
22-01-2026 12:30||NIFTY27JAN2624200PE,0.1892442976959908
22-01-2026 12:30||NIFTY27JAN2624400PE,0.1691773580557347
22-01-2026 12:30||NIFTY27JAN2624500PE,0.1594925672761864
22-01-2026 12:30||NIFTY27JAN2625100PE,0.1197916662847816
22-01-2026 12:30||NIFTY27JAN2625700CE,0.12554425604176395
22-01-2026 12:30||NIFTY27JAN2625800CE,0.1308171727136748
22-01-2026 12:30||NIFTY27JAN2625900CE,0.13691586048906518
22-01-2026 12:30||NIFTY27JAN2626400CE,0.17287507835516966
22-01-2026 12:35||NIFTY27JAN2623800PE,0.2322562011219313
22-01-2026 12:35||NIFTY27JAN2624400PE,0.17158781237967352
22-01-2026 12:35||NIFTY27JAN2626100CE,0.14453177683699242
22-01-2026 12:35||NIFTY27JAN2626300CE,0.16265946760559236
22-01-2026 12:40||NIFTY27JAN2624100PE,0.1972675893376244
22-01-2026 12:40||NIFTY27JAN2626200CE,0.15618993524482058
22-01-2026 12:45||NIFTY27JAN2624700PE,0.14440102221082038
22-01-2026 12:45||NIFTY27JAN2624900PE,0.13070042487225822
22-01-2026 12:45||NIFTY27JAN2625200CE,0.11221328972685908
22-01-2026 12:45||NIFTY27JAN2625700CE,0.12113351871218966
22-01-2026 12:45||NIFTY27JAN2625800CE,0.1249546675558725
22-01-2026 12:45||NIFTY27JAN2626000CE,0.1350613309310318
22-01-2026 12:45||NIFTY27JAN2626100CE,0.14135471363307509
22-01-2026 12:45||NIFTY27JAN2626200CE,0.14847179693609044
22-01-2026 12:45||NIFTY27JAN2626300CE,0.15640212528770225
22-01-2026 12:45||NIFTY27JAN2626400CE,0.16512831959349092
22-01-2026 12:50||NIFTY27JAN2624200PE,0.18853225435030652
22-01-2026 12:50||NIFTY27JAN2624300PE,0.17797545370306705
22-01-2026 12:50||NIFTY27JAN2624900PE,0.13364267946967512
22-01-2026 12:50||NIFTY27JAN2625900CE,0.12961107731836102
22-01-2026 12:50||NIFTY27JAN2626200CE,0.152483072179858
22-01-2026 12:50||NIFTY27JAN2626300CE,0.1634403413087182
22-01-2026 12:55||NIFTY27JAN2624400PE,0.16448739025158451
22-01-2026 12:55||NIFTY27JAN2625100PE,0.11894851786962707
22-01-2026 12:55||NIFTY27JAN2626100CE,0.15112528568796033
22-01-2026 12:55||NIFTY27JAN2626400CE,0.17830630778873674
22-01-2026 13:00||NIFTY27JAN2624000PE,0.20340604618309552
22-01-2026 13:00||NIFTY27JAN2624400PE,0.16281422404248697
22-01-2026 13:00||NIFTY27JAN2624900PE,0.1259923675375488
22-01-2026 13:00||NIFTY27JAN2625700CE,0.12640671221425767
22-01-2026 13:05||NIFTY27JAN2623800PE,0.22661690605090978
22-01-2026 13:05||NIFTY27JAN2624100PE,0.19292809945635908
22-01-2026 13:05||NIFTY27JAN2624400PE,0.1627851782192026
22-01-2026 13:05||NIFTY27JAN2625000PE,0.12321930506215686
22-01-2026 13:05||NIFTY27JAN2625300CE,0.11558250609523027
22-01-2026 13:05||NIFTY27JAN2625400CE,0.11675234490501496
22-01-2026 13:05||NIFTY27JAN2625700CE,0.12584620129708612
22-01-2026 13:10||NIFTY27JAN2624200PE,0.18330082632126743
22-01-2026 13:10||NIFTY27JAN2625300CE,0.11131394751492654
22-01-2026 13:10||NIFTY27JAN2625500CE,0.11566826650455864
22-01-2026 13:10||NIFTY27JAN2626000CE,0.14356070839611934
22-01-2026 13:10||NIFTY27JAN2626500CE,0.18955369195061095
22-01-2026 13:15||NIFTY27JAN2624200PE,0.18042542297382957
22-01-2026 13:15||NIFTY27JAN2624600PE,0.14358882584368823
22-01-2026 13:15||NIFTY27JAN2624700PE,0.1350156102353058
22-01-2026 13:15||NIFTY27JAN2625200CE,0.11293999262450613
22-01-2026 13:15||NIFTY27JAN2625600CE,0.1252892546403568
22-01-2026 13:20||NIFTY27JAN2623900PE,0.21408075525818052
22-01-2026 13:20||NIFTY27JAN2624700PE,0.13819133348542015
22-01-2026 13:20||NIFTY27JAN2624900PE,0.1247394142537232
22-01-2026 13:20||NIFTY27JAN2625200CE,0.11654027311419038
22-01-2026 13:20||NIFTY27JAN2625500CE,0.11933246378300301
22-01-2026 13:20||NIFTY27JAN2626100CE,0.15219443852551998
22-01-2026 13:25||NIFTY27JAN2624900PE,0.12908693181819308
22-01-2026 13:25||NIFTY27JAN2625100PE,0.11114346935409443
22-01-2026 13:25||NIFTY27JAN2625800CE,0.1304774923322547
22-01-2026 13:25||NIFTY27JAN2626100CE,0.1521230482741693
22-01-2026 13:25||NIFTY27JAN2626300CE,0.17218334573072433
22-01-2026 13:30||NIFTY27JAN2623800PE,0.22301365669960868
22-01-2026 13:30||NIFTY27JAN2624000PE,0.2000088503658056
22-01-2026 13:30||NIFTY27JAN2624100PE,0.1879757645241207
22-01-2026 13:30||NIFTY27JAN2624600PE,0.13891390838370757
22-01-2026 13:30||NIFTY27JAN2625100PE,0.11464456870570737
22-01-2026 13:30||NIFTY27JAN2625800CE,0.1350110046895201
22-01-2026 13:30||NIFTY27JAN2625900CE,0.14545485821375015
22-01-2026 13:35||NIFTY27JAN2623800PE,0.22566774711280663
22-01-2026 13:35||NIFTY27JAN2623900PE,0.21525483603680004
22-01-2026 13:35||NIFTY27JAN2624400PE,0.16706146100988112
22-01-2026 13:35||NIFTY27JAN2624600PE,0.15063583265528416
22-01-2026 13:35||NIFTY27JAN2624700PE,0.14334141108909076
22-01-2026 13:35||NIFTY27JAN2625300CE,0.10580382701478458
22-01-2026 13:35||NIFTY27JAN2625500CE,0.11148648176635303
22-01-2026 13:35||NIFTY27JAN2625700CE,0.12059772668097848
22-01-2026 13:35||NIFTY27JAN2626000CE,0.13965724686176154
22-01-2026 13:35||NIFTY27JAN2626100CE,0.14872990069713382
22-01-2026 13:35||NIFTY27JAN2626400CE,0.17524868327516102
22-01-2026 13:40||NIFTY27JAN2624000PE,0.20170854945927336
22-01-2026 13:40||NIFTY27JAN2624200PE,0.18044239303290519
22-01-2026 13:40||NIFTY27JAN2624300PE,0.16985868307786944
22-01-2026 13:40||NIFTY27JAN2624400PE,0.1600388826277775
22-01-2026 13:40||NIFTY27JAN2624900PE,0.12225581223228589
22-01-2026 13:40||NIFTY27JAN2625100PE,0.11321158221357787
22-01-2026 13:40||NIFTY27JAN2625300CE,0.1217752290735897
22-01-2026 13:40||NIFTY27JAN2625400CE,0.12116750052902217
22-01-2026 13:40||NIFTY27JAN2625600CE,0.12472526117286223
22-01-2026 13:40||NIFTY27JAN2626000CE,0.14510765402911951
22-01-2026 13:40||NIFTY27JAN2626300CE,0.1708168372440665
22-01-2026 13:45||NIFTY27JAN2624400PE,0.15891696334979577
22-01-2026 13:45||NIFTY27JAN2625200CE,0.12388607454552024
22-01-2026 13:45||NIFTY27JAN2625800CE,0.13435890615581575
22-01-2026 13:45||NIFTY27JAN2626100CE,0.1536447731207203
22-01-2026 13:45||NIFTY27JAN2626300CE,0.17213078511172897
22-01-2026 13:50||NIFTY27JAN2623800PE,0.22454168163598764
22-01-2026 13:50||NIFTY27JAN2625200CE,0.11855398907237252
22-01-2026 13:50||NIFTY27JAN2626300CE,0.1694119618428378
22-01-2026 13:55||NIFTY27JAN2624500PE,0.15585280762816062
22-01-2026 13:55||NIFTY27JAN2624600PE,0.14448023549969066
22-01-2026 13:55||NIFTY27JAN2624800PE,0.12976285044445893
22-01-2026 13:55||NIFTY27JAN2625400CE,0.1147507155883838
22-01-2026 13:55||NIFTY27JAN2625500CE,0.11623020685604227
22-01-2026 13:55||NIFTY27JAN2625900CE,0.13223790418925696
22-01-2026 13:55||NIFTY27JAN2626000CE,0.14037199035371842
22-01-2026 13:55||NIFTY27JAN2626400CE,0.17520241628828503
22-01-2026 14:00||NIFTY27JAN2623800PE,0.2273029653601518
22-01-2026 14:00||NIFTY27JAN2623900PE,0.21541402317830566
22-01-2026 14:00||NIFTY27JAN2624300PE,0.1700929005976487
22-01-2026 14:00||NIFTY27JAN2625000PE,0.1169478335925009
22-01-2026 14:00||NIFTY27JAN2625300CE,0.11124700805337584
22-01-2026 14:00||NIFTY27JAN2625500CE,0.11237413551043268
22-01-2026 14:00||NIFTY27JAN2625600CE,0.1175132721995537
22-01-2026 14:00||NIFTY27JAN2626500CE,0.18656396031538425
22-01-2026 14:05||NIFTY27JAN2623800PE,0.22573809999986305
22-01-2026 14:05||NIFTY27JAN2624000PE,0.2023361977538137
22-01-2026 14:05||NIFTY27JAN2624200PE,0.17967848404642506
22-01-2026 14:05||NIFTY27JAN2624300PE,0.16851750963203802
22-01-2026 14:05||NIFTY27JAN2625200CE,0.10613892752598056
22-01-2026 14:05||NIFTY27JAN2626200CE,0.1566351846549474
22-01-2026 14:05||NIFTY27JAN2626400CE,0.1773071940649893
22-01-2026 14:10||NIFTY27JAN2623900PE,0.21182650442446121
22-01-2026 14:10||NIFTY27JAN2624200PE,0.18019813555006528
22-01-2026 14:10||NIFTY27JAN2625100PE,0.11445138696595848
22-01-2026 14:10||NIFTY27JAN2625900CE,0.13313620951888336
22-01-2026 14:15||NIFTY27JAN2623800PE,0.2205911013830164
22-01-2026 14:15||NIFTY27JAN2624600PE,0.1386048728777879
22-01-2026 14:15||NIFTY27JAN2625000PE,0.1138752037247665
22-01-2026 14:15||NIFTY27JAN2625100PE,0.10889333533324853
22-01-2026 14:15||NIFTY27JAN2626500CE,0.19252795457989555
22-01-2026 14:20||NIFTY27JAN2623800PE,0.22132560178363217
22-01-2026 14:20||NIFTY27JAN2623900PE,0.20949557471876945
22-01-2026 14:20||NIFTY27JAN2624000PE,0.19799355898029636
22-01-2026 14:20||NIFTY27JAN2624100PE,0.18680995195689992
22-01-2026 14:20||NIFTY27JAN2624400PE,0.15478790167878498
22-01-2026 14:20||NIFTY27JAN2624900PE,0.1161300489516557
22-01-2026 14:20||NIFTY27JAN2625400CE,0.11611005117697265
22-01-2026 14:20||NIFTY27JAN2625700CE,0.12340702796958034
22-01-2026 14:20||NIFTY27JAN2625800CE,0.12941090490420598
22-01-2026 14:20||NIFTY27JAN2625900CE,0.13691981495419908
22-01-2026 14:20||NIFTY27JAN2626100CE,0.15278208838158416
22-01-2026 14:20||NIFTY27JAN2626200CE,0.16245142520578082
22-01-2026 14:25||NIFTY27JAN2624200PE,0.17586053877834007
22-01-2026 14:25||NIFTY27JAN2624300PE,0.1644496051810949
22-01-2026 14:25||NIFTY27JAN2624600PE,0.13459308216050342
22-01-2026 14:25||NIFTY27JAN2624700PE,0.12528406905077502
22-01-2026 14:25||NIFTY27JAN2626500CE,0.190032191265605
22-01-2026 14:30||NIFTY27JAN2623800PE,0.22507423059636902
22-01-2026 14:30||NIFTY27JAN2624300PE,0.16784706649340025
22-01-2026 14:30||NIFTY27JAN2625600CE,0.12436586914432399
22-01-2026 14:30||NIFTY27JAN2625700CE,0.12630900722622843
22-01-2026 14:30||NIFTY27JAN2625900CE,0.13283386568968442
22-01-2026 14:30||NIFTY27JAN2626500CE,0.1797974251711841
22-01-2026 14:35||NIFTY27JAN2624000PE,0.20496436340961532
22-01-2026 14:35||NIFTY27JAN2624800PE,0.12420232935845085
22-01-2026 14:35||NIFTY27JAN2625500CE,0.11886829582807046
22-01-2026 14:40||NIFTY27JAN2623800PE,0.22893658994999258
22-01-2026 14:40||NIFTY27JAN2625200CE,0.1257121907070422
22-01-2026 14:40||NIFTY27JAN2625400CE,0.1122326571513241
22-01-2026 14:40||NIFTY27JAN2626100CE,0.13895108591851063
22-01-2026 14:40||NIFTY27JAN2626500CE,0.1747925867114202
22-01-2026 14:45||NIFTY27JAN2624000PE,0.203694706032331
22-01-2026 14:45||NIFTY27JAN2626100CE,0.13668801219918672
22-01-2026 14:50||NIFTY27JAN2624400PE,0.1617667401648567
22-01-2026 14:50||NIFTY27JAN2624500PE,0.15026783027329985
22-01-2026 14:50||NIFTY27JAN2625400CE,0.10824159471105965
22-01-2026 14:50||NIFTY27JAN2625500CE,0.10845134045190691
22-01-2026 14:50||NIFTY27JAN2625600CE,0.10950695939463032
22-01-2026 14:50||NIFTY27JAN2626200CE,0.14080001029030778
22-01-2026 14:55||NIFTY27JAN2624300PE,0.16756012071437015
22-01-2026 14:55||NIFTY27JAN2625000PE,0.10904999254431365
22-01-2026 14:55||NIFTY27JAN2626100CE,0.13376196883880292
22-01-2026 14:55||NIFTY27JAN2626500CE,0.17097434591300986
22-01-2026 15:00||NIFTY27JAN2624300PE,0.16720745756923866
22-01-2026 15:00||NIFTY27JAN2624600PE,0.13903085823464048
22-01-2026 15:00||NIFTY27JAN2624900PE,0.11755773698219303
22-01-2026 15:00||NIFTY27JAN2625600CE,0.10731446131881539
22-01-2026 15:00||NIFTY27JAN2626400CE,0.16275390416172958
22-01-2026 15:05||NIFTY27JAN2625300CE,0.1334007335914304
22-01-2026 15:05||NIFTY27JAN2625400CE,0.12259609786620926
22-01-2026 15:05||NIFTY27JAN2625600CE,0.11891765393444857
22-01-2026 15:10||NIFTY27JAN2623800PE,0.22769515387069444
22-01-2026 15:10||NIFTY27JAN2624000PE,0.20360404272819835
22-01-2026 15:10||NIFTY27JAN2624200PE,0.17948938958301952
22-01-2026 15:10||NIFTY27JAN2625100PE,0.09786071755343821
22-01-2026 15:10||NIFTY27JAN2625600CE,0.10958152305184035
22-01-2026 15:10||NIFTY27JAN2626100CE,0.12918942378339138
22-01-2026 15:15||NIFTY27JAN2623800PE,0.2264519886770631
22-01-2026 15:15||NIFTY27JAN2624200PE,0.1770260898150519
22-01-2026 15:15||NIFTY27JAN2624600PE,0.13472969644585742
22-01-2026 15:15||NIFTY27JAN2625400CE,0.11874720212580851
22-01-2026 15:15||NIFTY27JAN2625800CE,0.1131142171233821
22-01-2026 15:15||NIFTY27JAN2625900CE,0.11793075586958501
22-01-2026 15:15||NIFTY27JAN2626200CE,0.1349542417694793
22-01-2026 15:15||NIFTY27JAN2626300CE,0.1469452425402744
22-01-2026 15:20||NIFTY27JAN2624800PE,0.11870551572075409
22-01-2026 15:20||NIFTY27JAN2625200CE,0.1316979044603237
22-01-2026 15:20||NIFTY27JAN2626400CE,0.15577054528212314
22-01-2026 15:25||NIFTY27JAN2623800PE,0.23595305026443703
22-01-2026 15:25||NIFTY27JAN2624300PE,0.16619791726454075
22-01-2026 15:25||NIFTY27JAN2624700PE,0.12525668631744458
22-01-2026 15:25||NIFTY27JAN2625100PE,0.1081341354963439
22-01-2026 15:25||NIFTY27JAN2625200CE,0.12057003678080729
22-01-2026 15:25||NIFTY27JAN2625300CE,0.12021134700302724
22-01-2026 15:25||NIFTY27JAN2625600CE,0.10936007595864444
22-01-2026 15:25||NIFTY27JAN2625900CE,0.11539598846674384
22-01-2026 15:25||NIFTY27JAN2626000CE,0.12249146664640982
22-01-2026 15:25||NIFTY27JAN2626400CE,0.15513152037222266
23-01-2026 09:15||NIFTY27JAN2624100PE,0.21092778445507576
23-01-2026 09:15||NIFTY27JAN2624200PE,0.2020387090834262
23-01-2026 09:15||NIFTY27JAN2624300PE,0.1801672003099921
23-01-2026 09:15||NIFTY27JAN2625500CE,0.1132245387915205
23-01-2026 09:15||NIFTY27JAN2626000CE,0.13213755598336974
23-01-2026 09:15||NIFTY27JAN2626100CE,0.1404621439186542
23-01-2026 09:15||NIFTY27JAN2626200CE,0.15030072668623973
23-01-2026 09:15||NIFTY27JAN2626300CE,0.16165330428613345
23-01-2026 09:15||NIFTY27JAN2626500CE,0.17769578775559253
23-01-2026 09:20||NIFTY27JAN2623900PE,0.23126355741132743
23-01-2026 09:20||NIFTY27JAN2624400PE,0.16947767194877605
23-01-2026 09:20||NIFTY27JAN2625500CE,0.12887760231188014
23-01-2026 09:20||NIFTY27JAN2626200CE,0.15123151170054255
23-01-2026 09:20||NIFTY27JAN2626400CE,0.17435719610015593
23-01-2026 09:25||NIFTY27JAN2623800PE,0.2535599208249746
23-01-2026 09:25||NIFTY27JAN2625100PE,0.11153242235477526
23-01-2026 09:25||NIFTY27JAN2626100CE,0.12968467260502686
23-01-2026 09:25||NIFTY27JAN2626200CE,0.1444520966473594
23-01-2026 09:25||NIFTY27JAN2626400CE,0.16555933959824776
23-01-2026 09:30||NIFTY27JAN2623900PE,0.23843693696824156
23-01-2026 09:30||NIFTY27JAN2624000PE,0.22644756602722382
23-01-2026 09:30||NIFTY27JAN2624400PE,0.18439675437087194
23-01-2026 09:30||NIFTY27JAN2624500PE,0.1723329533680519
23-01-2026 09:30||NIFTY27JAN2624600PE,0.15928007518904605
23-01-2026 09:30||NIFTY27JAN2624700PE,0.1482875188945001
23-01-2026 09:30||NIFTY27JAN2625200CE,0.12142033207252777
23-01-2026 09:30||NIFTY27JAN2626300CE,0.15466010601867983
23-01-2026 09:35||NIFTY27JAN2623900PE,0.23780358531357904
23-01-2026 09:35||NIFTY27JAN2624000PE,0.22315734034286053
23-01-2026 09:35||NIFTY27JAN2624400PE,0.17590176306908129
23-01-2026 09:35||NIFTY27JAN2625500CE,0.10997585235792048
23-01-2026 09:35||NIFTY27JAN2626100CE,0.13629342810927467
23-01-2026 09:40||NIFTY27JAN2625400CE,0.10612183685794861
23-01-2026 09:40||NIFTY27JAN2625500CE,0.10489493511757088
23-01-2026 09:40||NIFTY27JAN2626000CE,0.12662491741899884
23-01-2026 09:45||NIFTY27JAN2623900PE,0.23521021124872638
23-01-2026 09:45||NIFTY27JAN2624100PE,0.20838101994506592
23-01-2026 09:45||NIFTY27JAN2624300PE,0.18320568989067132
23-01-2026 09:45||NIFTY27JAN2624800PE,0.13063188767942435
23-01-2026 09:45||NIFTY27JAN2624900PE,0.11881708263039956
23-01-2026 09:45||NIFTY27JAN2626100CE,0.14047338390159209
23-01-2026 09:45||NIFTY27JAN2626400CE,0.17404918069977873
23-01-2026 09:50||NIFTY27JAN2623900PE,0.23717326250864948
23-01-2026 09:50||NIFTY27JAN2624200PE,0.20102326868429574
23-01-2026 09:50||NIFTY27JAN2624400PE,0.17628238322062545
23-01-2026 09:50||NIFTY27JAN2624700PE,0.14608757913546655
23-01-2026 09:50||NIFTY27JAN2625200CE,0.13103307807568376
23-01-2026 09:50||NIFTY27JAN2625300CE,0.11568790680402732
23-01-2026 09:50||NIFTY27JAN2625700CE,0.10464844438433701
23-01-2026 09:50||NIFTY27JAN2625800CE,0.11340149247483654
23-01-2026 09:55||NIFTY27JAN2623800PE,0.24839499295468054
23-01-2026 09:55||NIFTY27JAN2624200PE,0.19672255686752743
23-01-2026 09:55||NIFTY27JAN2624800PE,0.13135007960150186
23-01-2026 09:55||NIFTY27JAN2625000PE,0.11500985603541562
23-01-2026 09:55||NIFTY27JAN2625200CE,0.11329640772633244
23-01-2026 09:55||NIFTY27JAN2625700CE,0.11029699735996049
23-01-2026 09:55||NIFTY27JAN2626300CE,0.16004906517079354
23-01-2026 10:00||NIFTY27JAN2624700PE,0.1429418351843472
23-01-2026 10:00||NIFTY27JAN2625900CE,0.11254958723173836
23-01-2026 10:00||NIFTY27JAN2626000CE,0.12356274093069886
23-01-2026 10:00||NIFTY27JAN2626100CE,0.13617864112046496
23-01-2026 10:00||NIFTY27JAN2626300CE,0.15678124621727482
23-01-2026 10:05||NIFTY27JAN2623800PE,0.24952107062406897
23-01-2026 10:05||NIFTY27JAN2624100PE,0.21097259495835574
23-01-2026 10:05||NIFTY27JAN2624600PE,0.1530439287708456
23-01-2026 10:05||NIFTY27JAN2624800PE,0.13314594217596795
23-01-2026 10:05||NIFTY27JAN2626200CE,0.1474065028534492
23-01-2026 10:10||NIFTY27JAN2623800PE,0.24832765853948569
23-01-2026 10:10||NIFTY27JAN2624000PE,0.22263515384099428
23-01-2026 10:10||NIFTY27JAN2624400PE,0.17333052088461168
23-01-2026 10:10||NIFTY27JAN2624600PE,0.15053864288925073
23-01-2026 10:10||NIFTY27JAN2624800PE,0.13105051849019334
23-01-2026 10:10||NIFTY27JAN2625300CE,0.10551297604676989
23-01-2026 10:15||NIFTY27JAN2624700PE,0.14377027768286846
23-01-2026 10:15||NIFTY27JAN2625700CE,0.10408290916344526
23-01-2026 10:15||NIFTY27JAN2625900CE,0.11834939643835517
23-01-2026 10:15||NIFTY27JAN2626000CE,0.1311013669891094
23-01-2026 10:15||NIFTY27JAN2626400CE,0.17241271259596608
23-01-2026 10:20||NIFTY27JAN2625700CE,0.10809187125407521
23-01-2026 10:20||NIFTY27JAN2625800CE,0.11521706729591366
23-01-2026 10:20||NIFTY27JAN2626100CE,0.14107433985479428
23-01-2026 10:20||NIFTY27JAN2626500CE,0.18551610805261087
23-01-2026 10:25||NIFTY27JAN2623800PE,0.24491142969840005
23-01-2026 10:25||NIFTY27JAN2624400PE,0.1692177568604204
23-01-2026 10:25||NIFTY27JAN2624600PE,0.14507763982423713
23-01-2026 10:25||NIFTY27JAN2625100PE,0.10470730197331092
23-01-2026 10:25||NIFTY27JAN2625400CE,0.11490760240590506
23-01-2026 10:25||NIFTY27JAN2626000CE,0.12965952019060234
23-01-2026 10:30||NIFTY27JAN2624100PE,0.21235482378772766
23-01-2026 10:30||NIFTY27JAN2624400PE,0.17545023554254735
23-01-2026 10:30||NIFTY27JAN2624600PE,0.15035731953008902
23-01-2026 10:30||NIFTY27JAN2625100PE,0.1040718998431473
23-01-2026 10:35||NIFTY27JAN2624000PE,0.22885964932977995
23-01-2026 10:35||NIFTY27JAN2624100PE,0.21300603489211944
23-01-2026 10:35||NIFTY27JAN2624200PE,0.197505711918806
23-01-2026 10:35||NIFTY27JAN2624500PE,0.16442000267056053
23-01-2026 10:35||NIFTY27JAN2624900PE,0.12409032011825578
23-01-2026 10:35||NIFTY27JAN2625100PE,0.10742958081030646
23-01-2026 10:35||NIFTY27JAN2625600CE,0.0991688351822605
23-01-2026 10:40||NIFTY27JAN2624000PE,0.2243049264462986
23-01-2026 10:40||NIFTY27JAN2624600PE,0.15290307280623822
23-01-2026 10:40||NIFTY27JAN2624800PE,0.131317315902301
23-01-2026 10:40||NIFTY27JAN2625300CE,0.10489488905079537
23-01-2026 10:40||NIFTY27JAN2625800CE,0.10848091286919126
23-01-2026 10:45||NIFTY27JAN2624100PE,0.2119665801483578
23-01-2026 10:45||NIFTY27JAN2625100PE,0.10731113799882532
23-01-2026 10:45||NIFTY27JAN2625900CE,0.11359510635208772
23-01-2026 10:45||NIFTY27JAN2626200CE,0.14608938571490745
23-01-2026 10:45||NIFTY27JAN2626500CE,0.1804854217882275
23-01-2026 10:50||NIFTY27JAN2623900PE,0.23709110709906828
23-01-2026 10:50||NIFTY27JAN2625400CE,0.10061319871345945
23-01-2026 10:50||NIFTY27JAN2625700CE,0.10323718053961661
23-01-2026 10:50||NIFTY27JAN2626200CE,0.14049700547967436
23-01-2026 10:50||NIFTY27JAN2626300CE,0.16680089875215376
23-01-2026 10:50||NIFTY27JAN2626400CE,0.17445096811945743
23-01-2026 10:55||NIFTY27JAN2623800PE,0.248624548667354
23-01-2026 10:55||NIFTY27JAN2624600PE,0.14887548469904888
23-01-2026 10:55||NIFTY27JAN2624900PE,0.1188113273168331
23-01-2026 10:55||NIFTY27JAN2626200CE,0.14755012520139302
23-01-2026 11:00||NIFTY27JAN2625100PE,0.10345714823432578
23-01-2026 11:00||NIFTY27JAN2625400CE,0.09556729311797438
23-01-2026 11:00||NIFTY27JAN2625800CE,0.10846834627284666
23-01-2026 11:00||NIFTY27JAN2626100CE,0.13735398725690476
23-01-2026 11:05||NIFTY27JAN2624200PE,0.1946526434716806
23-01-2026 11:05||NIFTY27JAN2625600CE,0.10231965295228332
23-01-2026 11:05||NIFTY27JAN2625700CE,0.10656635671350681
23-01-2026 11:05||NIFTY27JAN2626200CE,0.1496771391483442
23-01-2026 11:05||NIFTY27JAN2626500CE,0.18379015207310817
23-01-2026 11:10||NIFTY27JAN2624000PE,0.22449443442006783
23-01-2026 11:10||NIFTY27JAN2624100PE,0.20593020914496787
23-01-2026 11:10||NIFTY27JAN2625300CE,0.10076265841080928
23-01-2026 11:10||NIFTY27JAN2626300CE,0.16062102993861746
23-01-2026 11:15||NIFTY27JAN2624200PE,0.19471026860075025
23-01-2026 11:15||NIFTY27JAN2624800PE,0.13099554880322556
23-01-2026 11:15||NIFTY27JAN2624900PE,0.12037353521306651
23-01-2026 11:15||NIFTY27JAN2625300CE,0.09469088521848618
23-01-2026 11:15||NIFTY27JAN2625400CE,0.09426931550421185
23-01-2026 11:15||NIFTY27JAN2625500CE,0.09423205792840313
23-01-2026 11:15||NIFTY27JAN2625700CE,0.10160317418260549
23-01-2026 11:15||NIFTY27JAN2626300CE,0.16142825073973965
23-01-2026 11:20||NIFTY27JAN2624100PE,0.20651932641141954
23-01-2026 11:20||NIFTY27JAN2624400PE,0.1683949669335313
23-01-2026 11:20||NIFTY27JAN2624800PE,0.12479590415136557
23-01-2026 11:20||NIFTY27JAN2625100PE,0.10154513008851523
23-01-2026 11:20||NIFTY27JAN2626000CE,0.12797662063168316
23-01-2026 11:20||NIFTY27JAN2626300CE,0.16269005252174573
23-01-2026 11:25||NIFTY27JAN2623800PE,0.24698969973688423
23-01-2026 11:25||NIFTY27JAN2623900PE,0.23431424465854156
23-01-2026 11:25||NIFTY27JAN2624900PE,0.11520581741696571
23-01-2026 11:25||NIFTY27JAN2625200CE,0.09881306419681928
23-01-2026 11:25||NIFTY27JAN2625800CE,0.11033816955770911
23-01-2026 11:25||NIFTY27JAN2626400CE,0.17342364794827508
23-01-2026 11:30||NIFTY27JAN2624700PE,0.1402945039410381
23-01-2026 11:30||NIFTY27JAN2624900PE,0.12200063562857484
23-01-2026 11:30||NIFTY27JAN2625000PE,0.11326571885092056
23-01-2026 11:30||NIFTY27JAN2625500CE,0.09188259595153189
23-01-2026 11:30||NIFTY27JAN2625800CE,0.10676852739286086
23-01-2026 11:30||NIFTY27JAN2626000CE,0.12570011050217145
23-01-2026 11:30||NIFTY27JAN2626200CE,0.14849455830861572
23-01-2026 11:30||NIFTY27JAN2626400CE,0.17371707971646147
23-01-2026 11:35||NIFTY27JAN2624900PE,0.1218137495226172
23-01-2026 11:35||NIFTY27JAN2625400CE,0.09228115114679392
23-01-2026 11:35||NIFTY27JAN2626000CE,0.12994259481046494
23-01-2026 11:40||NIFTY27JAN2623900PE,0.22575469581836413
23-01-2026 11:40||NIFTY27JAN2624300PE,0.1748833832839246
23-01-2026 11:40||NIFTY27JAN2624900PE,0.11665987542518219
23-01-2026 11:40||NIFTY27JAN2625500CE,0.09981591838181456
23-01-2026 11:40||NIFTY27JAN2626300CE,0.1734805434548969
23-01-2026 11:40||NIFTY27JAN2626500CE,0.19350549429818967
23-01-2026 11:45||NIFTY27JAN2625300CE,0.09573566449333562
23-01-2026 11:45||NIFTY27JAN2626100CE,0.1509442907547
23-01-2026 11:45||NIFTY27JAN2626400CE,0.18545943875531176
23-01-2026 11:50||NIFTY27JAN2624100PE,0.19352928968743235
23-01-2026 11:50||NIFTY27JAN2624500PE,0.14712871626988194
23-01-2026 11:50||NIFTY27JAN2625400CE,0.10864831547816138
23-01-2026 11:50||NIFTY27JAN2625500CE,0.11033772108474257
23-01-2026 11:50||NIFTY27JAN2625700CE,0.119269949545193
23-01-2026 11:55||NIFTY27JAN2624800PE,0.12103728704797471
23-01-2026 11:55||NIFTY27JAN2625100PE,0.10094658335947596
23-01-2026 11:55||NIFTY27JAN2625700CE,0.11442094379094238
23-01-2026 11:55||NIFTY27JAN2626200CE,0.16243396353026446
23-01-2026 11:55||NIFTY27JAN2626500CE,0.19786917340214777
23-01-2026 12:00||NIFTY27JAN2624000PE,0.20940431173267232
23-01-2026 12:00||NIFTY27JAN2624300PE,0.17066592904953953
23-01-2026 12:00||NIFTY27JAN2624800PE,0.11987210766244931
23-01-2026 12:00||NIFTY27JAN2625200CE,0.10223662514576701
23-01-2026 12:00||NIFTY27JAN2625800CE,0.12022835598214937
23-01-2026 12:00||NIFTY27JAN2625900CE,0.13434616255844953
23-01-2026 12:00||NIFTY27JAN2626400CE,0.185044827610906
23-01-2026 12:05||NIFTY27JAN2624600PE,0.1406439828391453
23-01-2026 12:05||NIFTY27JAN2625300CE,0.09622255380451597
23-01-2026 12:05||NIFTY27JAN2625400CE,0.09892196709890039
23-01-2026 12:05||NIFTY27JAN2626400CE,0.18728153559543323
23-01-2026 12:10||NIFTY27JAN2623900PE,0.22287650949784094
23-01-2026 12:10||NIFTY27JAN2624000PE,0.2033245576395042
23-01-2026 12:10||NIFTY27JAN2625000PE,0.1061333015448005
23-01-2026 12:10||NIFTY27JAN2625700CE,0.11694588751785306
23-01-2026 12:10||NIFTY27JAN2626200CE,0.16575070815708204
23-01-2026 12:10||NIFTY27JAN2626500CE,0.19724428185710471
23-01-2026 12:15||NIFTY27JAN2625500CE,0.11152878536049762
23-01-2026 12:15||NIFTY27JAN2626100CE,0.1518153916068004
23-01-2026 12:15||NIFTY27JAN2626300CE,0.1766160718928501
23-01-2026 12:20||NIFTY27JAN2624200PE,0.1840644225922568
23-01-2026 12:20||NIFTY27JAN2625200CE,0.1127339022424595
23-01-2026 12:20||NIFTY27JAN2625300CE,0.11040914308860131
23-01-2026 12:20||NIFTY27JAN2625400CE,0.10758548277660357
23-01-2026 12:20||NIFTY27JAN2625800CE,0.12066044765746742
23-01-2026 12:20||NIFTY27JAN2626100CE,0.15166546427221245
23-01-2026 12:25||NIFTY27JAN2624300PE,0.171344347637924
23-01-2026 12:25||NIFTY27JAN2624500PE,0.1471704110096159
23-01-2026 12:25||NIFTY27JAN2624600PE,0.1355658064173323
23-01-2026 12:25||NIFTY27JAN2624900PE,0.10926864794638777
23-01-2026 12:25||NIFTY27JAN2625400CE,0.10510714031850171
23-01-2026 12:25||NIFTY27JAN2625600CE,0.10983321911505939
23-01-2026 12:25||NIFTY27JAN2626400CE,0.18781684012012206
23-01-2026 12:30||NIFTY27JAN2623800PE,0.23599988614625303
23-01-2026 12:30||NIFTY27JAN2624100PE,0.1951549198050291
23-01-2026 12:30||NIFTY27JAN2624200PE,0.1809162781409684
23-01-2026 12:30||NIFTY27JAN2624500PE,0.1447810341416009
23-01-2026 12:30||NIFTY27JAN2625900CE,0.12711034437411534
23-01-2026 12:30||NIFTY27JAN2626100CE,0.15022391560891835
23-01-2026 12:30||NIFTY27JAN2626200CE,0.1637635069775339
23-01-2026 12:35||NIFTY27JAN2624100PE,0.1955228688683019
23-01-2026 12:35||NIFTY27JAN2624400PE,0.1571329823351053
23-01-2026 12:35||NIFTY27JAN2625100PE,0.09112384241047378
23-01-2026 12:35||NIFTY27JAN2625300CE,0.10790849094662949
23-01-2026 12:35||NIFTY27JAN2626100CE,0.15174050665660238
23-01-2026 12:40||NIFTY27JAN2624500PE,0.14639729829888604
23-01-2026 12:40||NIFTY27JAN2624600PE,0.13336780356321373
23-01-2026 12:40||NIFTY27JAN2624900PE,0.10444642476357784
23-01-2026 12:40||NIFTY27JAN2625300CE,0.10956000754432009
23-01-2026 12:45||NIFTY27JAN2623800PE,0.23728396589057013
23-01-2026 12:45||NIFTY27JAN2623900PE,0.22416887236545374
23-01-2026 12:45||NIFTY27JAN2624600PE,0.13896532320772567
23-01-2026 12:45||NIFTY27JAN2625900CE,0.12389716338549472
23-01-2026 12:50||NIFTY27JAN2623800PE,0.23412511469215577
23-01-2026 12:50||NIFTY27JAN2624400PE,0.15606448892410416
23-01-2026 12:50||NIFTY27JAN2624800PE,0.11155936406218969
23-01-2026 12:50||NIFTY27JAN2625300CE,0.1106388541300208
23-01-2026 12:50||NIFTY27JAN2625600CE,0.11049386632251054
23-01-2026 12:50||NIFTY27JAN2625700CE,0.11718819599191861
23-01-2026 12:50||NIFTY27JAN2626000CE,0.13917648281413575
23-01-2026 12:50||NIFTY27JAN2626400CE,0.18438545817393187
23-01-2026 12:55||NIFTY27JAN2624200PE,0.18455627752521925
23-01-2026 12:55||NIFTY27JAN2625400CE,0.09347797533743604
23-01-2026 12:55||NIFTY27JAN2625600CE,0.10230876953840538
23-01-2026 12:55||NIFTY27JAN2625800CE,0.11728069055156695
23-01-2026 12:55||NIFTY27JAN2626400CE,0.1847612144642434
23-01-2026 13:00||NIFTY27JAN2624900PE,0.10453339773388934
23-01-2026 13:00||NIFTY27JAN2625700CE,0.11511390020778466
23-01-2026 13:00||NIFTY27JAN2626000CE,0.14288033629662844
23-01-2026 13:05||NIFTY27JAN2623800PE,0.2336954127342981
23-01-2026 13:05||NIFTY27JAN2625200CE,0.10253292712156944
23-01-2026 13:05||NIFTY27JAN2625900CE,0.13267785598251475
23-01-2026 13:10||NIFTY27JAN2623900PE,0.22367824693831462
23-01-2026 13:10||NIFTY27JAN2624000PE,0.21361267545927373
23-01-2026 13:10||NIFTY27JAN2624100PE,0.19018846276889545
23-01-2026 13:10||NIFTY27JAN2624700PE,0.12270259618857246
23-01-2026 13:10||NIFTY27JAN2625100PE,0.09538046454485553
23-01-2026 13:10||NIFTY27JAN2625800CE,0.1207697767116965
23-01-2026 13:10||NIFTY27JAN2626000CE,0.14293243161335306
23-01-2026 13:15||NIFTY27JAN2623800PE,0.22938275837854824
23-01-2026 13:15||NIFTY27JAN2624200PE,0.17746622745150648
23-01-2026 13:15||NIFTY27JAN2625300CE,0.0949787066185335
23-01-2026 13:15||NIFTY27JAN2625600CE,0.11013329407898045
23-01-2026 13:15||NIFTY27JAN2625900CE,0.13541718565677194
23-01-2026 13:15||NIFTY27JAN2626000CE,0.15025348855290016
23-01-2026 13:20||NIFTY27JAN2624700PE,0.12564600154602024
23-01-2026 13:20||NIFTY27JAN2624800PE,0.1138691108393445
23-01-2026 13:20||NIFTY27JAN2625700CE,0.12389169711329613
23-01-2026 13:20||NIFTY27JAN2626200CE,0.1755908012543677
23-01-2026 13:20||NIFTY27JAN2626500CE,0.2096125112592988
23-01-2026 13:25||NIFTY27JAN2624100PE,0.18549068833536508
23-01-2026 13:25||NIFTY27JAN2624500PE,0.1394299458430726
23-01-2026 13:25||NIFTY27JAN2625000PE,0.10283027975086384
23-01-2026 13:25||NIFTY27JAN2625400CE,0.10415963372859541
23-01-2026 13:30||NIFTY27JAN2624700PE,0.13222124028955096
23-01-2026 13:30||NIFTY27JAN2624800PE,0.1219995502558909
23-01-2026 13:30||NIFTY27JAN2625000PE,0.1158646081915152
23-01-2026 13:30||NIFTY27JAN2625400CE,0.11151261716879043
23-01-2026 13:30||NIFTY27JAN2625700CE,0.13386607171084453
23-01-2026 13:30||NIFTY27JAN2626000CE,0.1647149919123377
23-01-2026 13:35||NIFTY27JAN2623900PE,0.20857194311581753
23-01-2026 13:35||NIFTY27JAN2624100PE,0.18146666712606507
23-01-2026 13:35||NIFTY27JAN2624900PE,0.11099033074350248
23-01-2026 13:35||NIFTY27JAN2625600CE,0.12641088503885206
23-01-2026 13:35||NIFTY27JAN2626000CE,0.16362595032202293
23-01-2026 13:35||NIFTY27JAN2626200CE,0.18906137077969482
23-01-2026 13:35||NIFTY27JAN2626500CE,0.22294639016201823
23-01-2026 13:40||NIFTY27JAN2623900PE,0.21254642658465736
23-01-2026 13:40||NIFTY27JAN2624600PE,0.1381099252252772
23-01-2026 13:40||NIFTY27JAN2624900PE,0.12273230421821579
23-01-2026 13:40||NIFTY27JAN2625700CE,0.13508004254994999
23-01-2026 13:40||NIFTY27JAN2625800CE,0.14703297564838272
23-01-2026 13:40||NIFTY27JAN2626300CE,0.19930071603872312
23-01-2026 13:45||NIFTY27JAN2623900PE,0.20368302416552886
23-01-2026 13:45||NIFTY27JAN2624000PE,0.19047841388435602
23-01-2026 13:45||NIFTY27JAN2624500PE,0.1366004157888169
23-01-2026 13:45||NIFTY27JAN2624600PE,0.12744967429504978
23-01-2026 13:45||NIFTY27JAN2625000PE,0.10162749926724479
23-01-2026 13:45||NIFTY27JAN2625300CE,0.1141631672120049
23-01-2026 13:45||NIFTY27JAN2626100CE,0.17978274404091504
23-01-2026 13:45||NIFTY27JAN2626300CE,0.20539598914240298
23-01-2026 13:50||NIFTY27JAN2624000PE,0.19303267669864965
23-01-2026 13:50||NIFTY27JAN2624500PE,0.13567945294248027
23-01-2026 13:50||NIFTY27JAN2625100PE,0.09904172019939506
23-01-2026 13:50||NIFTY27JAN2626400CE,0.21732413368845666
23-01-2026 13:55||NIFTY27JAN2625500CE,0.12411477777430549
23-01-2026 13:55||NIFTY27JAN2625700CE,0.13656131159680587
23-01-2026 13:55||NIFTY27JAN2625800CE,0.15138228251131142
23-01-2026 13:55||NIFTY27JAN2626400CE,0.21380552147208268
23-01-2026 13:55||NIFTY27JAN2626500CE,0.22642004246759095
23-01-2026 14:00||NIFTY27JAN2624200PE,0.16810133217301593
23-01-2026 14:00||NIFTY27JAN2624300PE,0.15488621304796477
23-01-2026 14:00||NIFTY27JAN2625300CE,0.11516077359538437
23-01-2026 14:00||NIFTY27JAN2625400CE,0.1214957515242015
23-01-2026 14:00||NIFTY27JAN2625500CE,0.12842654981064658
23-01-2026 14:00||NIFTY27JAN2625800CE,0.14835395349812125
23-01-2026 14:05||NIFTY27JAN2624200PE,0.16926688623871322
23-01-2026 14:05||NIFTY27JAN2624800PE,0.11232725536337329
23-01-2026 14:05||NIFTY27JAN2626300CE,0.19943707971212832
23-01-2026 14:10||NIFTY27JAN2623900PE,0.20796660357015773
23-01-2026 14:10||NIFTY27JAN2625800CE,0.1473675412400861
23-01-2026 14:10||NIFTY27JAN2626400CE,0.21244743114797765
23-01-2026 14:15||NIFTY27JAN2625000PE,0.11305761599395373
23-01-2026 14:15||NIFTY27JAN2625400CE,0.10898260546799002
23-01-2026 14:15||NIFTY27JAN2626400CE,0.20660047668077258
23-01-2026 14:20||NIFTY27JAN2624100PE,0.1828687365691973
23-01-2026 14:20||NIFTY27JAN2624800PE,0.11640250369784917
23-01-2026 14:20||NIFTY27JAN2625400CE,0.11390897274208274
23-01-2026 14:20||NIFTY27JAN2625600CE,0.1272160642121125
23-01-2026 14:20||NIFTY27JAN2625800CE,0.14461829604015589
23-01-2026 14:20||NIFTY27JAN2626400CE,0.2108373234376688
23-01-2026 14:20||NIFTY27JAN2626500CE,0.22128070858230547
23-01-2026 14:25||NIFTY27JAN2624200PE,0.16697023977878955
23-01-2026 14:25||NIFTY27JAN2624400PE,0.14179814461871446
23-01-2026 14:25||NIFTY27JAN2624500PE,0.13005291914979503
23-01-2026 14:25||NIFTY27JAN2625200CE,0.10834630747127869
23-01-2026 14:25||NIFTY27JAN2626200CE,0.18221426256568496
23-01-2026 14:25||NIFTY27JAN2626300CE,0.19041414959797942
23-01-2026 14:25||NIFTY27JAN2626400CE,0.2124733915689606
23-01-2026 14:30||NIFTY27JAN2624600PE,0.12423949664711609
23-01-2026 14:30||NIFTY27JAN2625700CE,0.13486439718102045
23-01-2026 14:35||NIFTY27JAN2623900PE,0.2110088473036594
23-01-2026 14:35||NIFTY27JAN2624500PE,0.13522782672891231
23-01-2026 14:35||NIFTY27JAN2624700PE,0.11695105564783521
23-01-2026 14:35||NIFTY27JAN2625400CE,0.11221138840130357
23-01-2026 14:35||NIFTY27JAN2625600CE,0.12273164709356615
23-01-2026 14:35||NIFTY27JAN2625800CE,0.13752070613553447
23-01-2026 14:35||NIFTY27JAN2625900CE,0.15003836015253674
23-01-2026 14:35||NIFTY27JAN2626000CE,0.16223163693358356
23-01-2026 14:35||NIFTY27JAN2626300CE,0.19260414384300212
23-01-2026 14:40||NIFTY27JAN2623900PE,0.2107534260019773
23-01-2026 14:40||NIFTY27JAN2624300PE,0.1613219895015908
23-01-2026 14:40||NIFTY27JAN2624400PE,0.14809386630349
23-01-2026 14:40||NIFTY27JAN2625000PE,0.10074419021291472
23-01-2026 14:40||NIFTY27JAN2625100PE,0.09606461319437683
23-01-2026 14:40||NIFTY27JAN2625200CE,0.10339756423982968
23-01-2026 14:40||NIFTY27JAN2625700CE,0.13243815238402365
23-01-2026 14:40||NIFTY27JAN2625800CE,0.14322306456878056
23-01-2026 14:40||NIFTY27JAN2626400CE,0.204915337895249
23-01-2026 14:45||NIFTY27JAN2624400PE,0.14952756224066985
23-01-2026 14:45||NIFTY27JAN2624700PE,0.12270393716824589
23-01-2026 14:45||NIFTY27JAN2625100PE,0.0908988470365386
23-01-2026 14:45||NIFTY27JAN2625400CE,0.11046723328795294
23-01-2026 14:45||NIFTY27JAN2625600CE,0.12557223314764343
23-01-2026 14:45||NIFTY27JAN2626000CE,0.16103805486588565
23-01-2026 14:45||NIFTY27JAN2626200CE,0.1845869448630123
23-01-2026 14:50||NIFTY27JAN2623800PE,0.22037810172669448
23-01-2026 14:50||NIFTY27JAN2624500PE,0.13101306294762752
23-01-2026 14:50||NIFTY27JAN2624800PE,0.10374344597715479
23-01-2026 14:50||NIFTY27JAN2625200CE,0.10123910975924441
23-01-2026 14:50||NIFTY27JAN2625300CE,0.1058498821199911
23-01-2026 14:50||NIFTY27JAN2625500CE,0.12258170108471439
23-01-2026 14:55||NIFTY27JAN2623900PE,0.210096331469025
23-01-2026 14:55||NIFTY27JAN2624400PE,0.14639800099772649
23-01-2026 14:55||NIFTY27JAN2625200CE,0.10281973279930556
23-01-2026 14:55||NIFTY27JAN2625900CE,0.14902595426032927
23-01-2026 14:55||NIFTY27JAN2626200CE,0.18168425266012056
23-01-2026 15:00||NIFTY27JAN2623900PE,0.2095865997137606
23-01-2026 15:00||NIFTY27JAN2624100PE,0.18233804663630465
23-01-2026 15:00||NIFTY27JAN2624300PE,0.1565201270417284
23-01-2026 15:00||NIFTY27JAN2624600PE,0.1266793381705401
23-01-2026 15:05||NIFTY27JAN2623900PE,0.20713491659768687
23-01-2026 15:05||NIFTY27JAN2624800PE,0.1213862531706674
23-01-2026 15:05||NIFTY27JAN2626200CE,0.1917818616328701
23-01-2026 15:10||NIFTY27JAN2623800PE,0.21894305407183318
23-01-2026 15:10||NIFTY27JAN2624000PE,0.19223360298420006
23-01-2026 15:10||NIFTY27JAN2624200PE,0.1650646273982343
23-01-2026 15:10||NIFTY27JAN2624600PE,0.12359668582257734
23-01-2026 15:10||NIFTY27JAN2625000PE,0.09914004537636203
23-01-2026 15:10||NIFTY27JAN2625300CE,0.11307825329462377
23-01-2026 15:10||NIFTY27JAN2625700CE,0.14097132380077482
23-01-2026 15:10||NIFTY27JAN2626100CE,0.1766430506439646
23-01-2026 15:10||NIFTY27JAN2626200CE,0.1927390094566643
23-01-2026 15:10||NIFTY27JAN2626300CE,0.2091536888197491
23-01-2026 15:15||NIFTY27JAN2624100PE,0.18323986484765586
23-01-2026 15:15||NIFTY27JAN2624200PE,0.16168061688166674
23-01-2026 15:15||NIFTY27JAN2625000PE,0.10287468829456836
23-01-2026 15:20||NIFTY27JAN2623800PE,0.2185049820233868
23-01-2026 15:20||NIFTY27JAN2623900PE,0.2042551045182402
23-01-2026 15:20||NIFTY27JAN2624800PE,0.10330149936339694
23-01-2026 15:20||NIFTY27JAN2625400CE,0.12293718994971223
23-01-2026 15:20||NIFTY27JAN2625500CE,0.12972168010868557
23-01-2026 15:20||NIFTY27JAN2625700CE,0.14562029630150866
23-01-2026 15:20||NIFTY27JAN2625900CE,0.16394690955290253
23-01-2026 15:20||NIFTY27JAN2626200CE,0.19518214116005828
23-01-2026 15:25||NIFTY27JAN2624500PE,0.1300851108894962
23-01-2026 15:25||NIFTY27JAN2624600PE,0.11857013912642496
23-01-2026 15:25||NIFTY27JAN2625700CE,0.1419105084764006
27-01-2026 09:15||NIFTY27JAN2626200CE,0.6634484944122951
27-01-2026 09:15||NIFTY27JAN2626400CE,0.47748524369375817
27-01-2026 09:15||NIFTY27JAN2626500CE,0.48533545483793544
27-01-2026 09:20||NIFTY27JAN2624400PE,0.44052511818907614
27-01-2026 09:20||NIFTY27JAN2624900PE,0.39374409907578245
27-01-2026 09:20||NIFTY27JAN2625100PE,0.40690634932826486
27-01-2026 09:20||NIFTY27JAN2625400CE,0.40922019335554527
27-01-2026 09:20||NIFTY27JAN2625500CE,0.43238882192696426
27-01-2026 09:20||NIFTY27JAN2625600CE,0.5106768950166702
27-01-2026 09:20||NIFTY27JAN2625700CE,0.5371344126246334
27-01-2026 09:20||NIFTY27JAN2626500CE,0.914539888046789
27-01-2026 09:25||NIFTY27JAN2623900PE,0.6494601746267965
27-01-2026 09:25||NIFTY27JAN2624600PE,0.3521847996236908
27-01-2026 09:25||NIFTY27JAN2625100PE,0.21829670631028253
27-01-2026 09:25||NIFTY27JAN2625500CE,0.47057107434349854
27-01-2026 09:25||NIFTY27JAN2625900CE,0.6314464005108058
27-01-2026 09:25||NIFTY27JAN2626500CE,0.9278456318006896
27-01-2026 09:30||NIFTY27JAN2624400PE,0.4130388216738442
27-01-2026 09:30||NIFTY27JAN2624800PE,0.2645708194393953
27-01-2026 09:30||NIFTY27JAN2624900PE,0.2322611658375749
27-01-2026 09:30||NIFTY27JAN2625400CE,0.45219496179895613
27-01-2026 09:30||NIFTY27JAN2625600CE,0.5098071306899378
27-01-2026 09:30||NIFTY27JAN2625800CE,0.5932303789920864
27-01-2026 09:30||NIFTY27JAN2626100CE,0.7297178280490062
27-01-2026 09:30||NIFTY27JAN2626400CE,0.8748285472381543
27-01-2026 09:35||NIFTY27JAN2623800PE,0.7544939479530713
27-01-2026 09:35||NIFTY27JAN2624500PE,0.41056292963666485
27-01-2026 09:35||NIFTY27JAN2625700CE,0.4960672295589422
27-01-2026 09:35||NIFTY27JAN2626200CE,0.7188212461268191
27-01-2026 09:45||NIFTY27JAN2623800PE,0.829810366418087
27-01-2026 09:45||NIFTY27JAN2624000PE,0.7278357669721627
27-01-2026 09:45||NIFTY27JAN2624500PE,0.4905826743269614
27-01-2026 09:45||NIFTY27JAN2625000PE,0.3180361025501536
27-01-2026 09:45||NIFTY27JAN2625600CE,0.380767681929903
27-01-2026 09:45||NIFTY27JAN2626200CE,0.605078854691424
27-01-2026 09:45||NIFTY27JAN2626300CE,0.7070290193831791
27-01-2026 09:50||NIFTY27JAN2623800PE,0.8310176883414192
27-01-2026 09:50||NIFTY27JAN2624200PE,0.6258906327333916
27-01-2026 09:50||NIFTY27JAN2624800PE,0.38791770039662216
27-01-2026 09:50||NIFTY27JAN2624900PE,0.3584551249398
27-01-2026 09:50||NIFTY27JAN2626300CE,0.6831015359068444
27-01-2026 09:55||NIFTY27JAN2624100PE,0.6708776969651817
27-01-2026 09:55||NIFTY27JAN2624700PE,0.4238172147436117
27-01-2026 09:55||NIFTY27JAN2624800PE,0.3924741979674033
27-01-2026 09:55||NIFTY27JAN2625000PE,0.3507194532922577
27-01-2026 09:55||NIFTY27JAN2625700CE,0.40856069057381617
27-01-2026 09:55||NIFTY27JAN2626000CE,0.5447787488448945
27-01-2026 09:55||NIFTY27JAN2626200CE,0.6608202622173965
27-01-2026 10:00||NIFTY27JAN2624000PE,0.7327867814133776
27-01-2026 10:00||NIFTY27JAN2625300CE,0.32357526365864786
27-01-2026 10:00||NIFTY27JAN2625400CE,0.3297760657697445
27-01-2026 10:00||NIFTY27JAN2625600CE,0.37101629501258143
27-01-2026 10:00||NIFTY27JAN2625800CE,0.4618472451618316
27-01-2026 10:00||NIFTY27JAN2626100CE,0.604067205466555
27-01-2026 10:00||NIFTY27JAN2626400CE,0.747241583285945
27-01-2026 10:00||NIFTY27JAN2626500CE,0.7957776560545062
27-01-2026 10:05||NIFTY27JAN2623800PE,0.8306832177413251
27-01-2026 10:05||NIFTY27JAN2623900PE,0.7821852626075765
27-01-2026 10:05||NIFTY27JAN2624100PE,0.6833259225407916
27-01-2026 10:05||NIFTY27JAN2626400CE,0.7630737478459091
27-01-2026 10:10||NIFTY27JAN2624200PE,0.6048264045499139
27-01-2026 10:10||NIFTY27JAN2624900PE,0.2953634580050593
27-01-2026 10:10||NIFTY27JAN2625300CE,0.3813774860492446
27-01-2026 10:10||NIFTY27JAN2625600CE,0.39608760191015546
27-01-2026 10:15||NIFTY27JAN2625800CE,0.4640917973607857
27-01-2026 10:20||NIFTY27JAN2623900PE,0.8261626134525254
27-01-2026 10:20||NIFTY27JAN2624500PE,0.5361186701278998
27-01-2026 10:20||NIFTY27JAN2624600PE,0.4651121671521028
27-01-2026 10:20||NIFTY27JAN2624800PE,0.3978083177178321
27-01-2026 10:20||NIFTY27JAN2625000PE,0.32882275536222133
27-01-2026 10:20||NIFTY27JAN2625400CE,0.31800021364053277
27-01-2026 10:20||NIFTY27JAN2625800CE,0.44380993278573305
27-01-2026 10:25||NIFTY27JAN2624600PE,0.47732879519202237
27-01-2026 10:25||NIFTY27JAN2624900PE,0.396306605158307
27-01-2026 10:25||NIFTY27JAN2626000CE,0.5447481737770835
27-01-2026 10:25||NIFTY27JAN2626300CE,0.692437355743944
27-01-2026 10:25||NIFTY27JAN2626400CE,0.7578621035336983
27-01-2026 10:30||NIFTY27JAN2624100PE,0.6933302767337833
27-01-2026 10:30||NIFTY27JAN2624800PE,0.37489339565402763
27-01-2026 10:30||NIFTY27JAN2625400CE,0.335416641067626
27-01-2026 10:30||NIFTY27JAN2625600CE,0.3973855673329342
27-01-2026 10:30||NIFTY27JAN2625900CE,0.5285764043324671
27-01-2026 10:30||NIFTY27JAN2626200CE,0.6877624154899077
27-01-2026 10:35||NIFTY27JAN2624300PE,0.5970956192880055
27-01-2026 10:35||NIFTY27JAN2624400PE,0.5408575560384165
27-01-2026 10:35||NIFTY27JAN2624800PE,0.3889635570345811
27-01-2026 10:35||NIFTY27JAN2625200CE,0.3156714358236951
27-01-2026 10:35||NIFTY27JAN2625300CE,0.29989892943954655
27-01-2026 10:35||NIFTY27JAN2625700CE,0.43753848224060726
27-01-2026 10:40||NIFTY27JAN2624400PE,0.5197277160888224
27-01-2026 10:40||NIFTY27JAN2625200CE,0.27709328125688637
27-01-2026 10:40||NIFTY27JAN2625700CE,0.4585682657676532
27-01-2026 10:40||NIFTY27JAN2626100CE,0.6641241521412161
27-01-2026 10:40||NIFTY27JAN2626200CE,0.724333327772747
27-01-2026 10:45||NIFTY27JAN2624000PE,0.6949337336573473
27-01-2026 10:45||NIFTY27JAN2624700PE,0.36745319666260834
27-01-2026 10:45||NIFTY27JAN2624900PE,0.3092260072759915
27-01-2026 10:45||NIFTY27JAN2625500CE,0.4114386743490559
27-01-2026 10:45||NIFTY27JAN2626200CE,0.7611394030571079
27-01-2026 10:45||NIFTY27JAN2626400CE,0.8690319442064443
27-01-2026 10:50||NIFTY27JAN2623900PE,0.792758484710051
27-01-2026 10:50||NIFTY27JAN2624000PE,0.6843972436690096
27-01-2026 10:50||NIFTY27JAN2624600PE,0.40950007071519723
27-01-2026 10:50||NIFTY27JAN2625000PE,0.38413027394820004
27-01-2026 10:50||NIFTY27JAN2625200CE,0.32161066341994715
27-01-2026 10:50||NIFTY27JAN2625400CE,0.3752083338661652
27-01-2026 10:50||NIFTY27JAN2625700CE,0.5274548616818696
27-01-2026 10:55||NIFTY27JAN2623900PE,0.7516125441575346
27-01-2026 10:55||NIFTY27JAN2624400PE,0.46933209989063784
27-01-2026 10:55||NIFTY27JAN2624900PE,0.35834423298063284
27-01-2026 10:55||NIFTY27JAN2625000PE,0.3709713882078438
27-01-2026 10:55||NIFTY27JAN2625300CE,0.35901360077791544
27-01-2026 10:55||NIFTY27JAN2625400CE,0.4044617010960999
27-01-2026 10:55||NIFTY27JAN2625600CE,0.49960624705692647
27-01-2026 10:55||NIFTY27JAN2626400CE,0.9194674332247375
27-01-2026 11:00||NIFTY27JAN2623800PE,0.8034651454982561
27-01-2026 11:00||NIFTY27JAN2623900PE,0.7466497280486671
27-01-2026 11:00||NIFTY27JAN2624300PE,0.513463219142292
27-01-2026 11:00||NIFTY27JAN2625200CE,0.33742049893610193
27-01-2026 11:00||NIFTY27JAN2625300CE,0.3843720196096522
27-01-2026 11:00||NIFTY27JAN2625400CE,0.40544244295957504
27-01-2026 11:00||NIFTY27JAN2626300CE,0.8871817993359964
27-01-2026 11:05||NIFTY27JAN2623800PE,0.8404573254475068
27-01-2026 11:05||NIFTY27JAN2624100PE,0.6711556759098203
27-01-2026 11:05||NIFTY27JAN2624200PE,0.5611037376148952
27-01-2026 11:05||NIFTY27JAN2624900PE,0.31332851363418474
27-01-2026 11:05||NIFTY27JAN2625300CE,0.37908090857423304
27-01-2026 11:05||NIFTY27JAN2625700CE,0.5505163945329246
27-01-2026 11:10||NIFTY27JAN2624200PE,0.6024691632195792
27-01-2026 11:10||NIFTY27JAN2624400PE,0.4748406250877134
27-01-2026 11:10||NIFTY27JAN2624900PE,0.3077384327712758
27-01-2026 11:10||NIFTY27JAN2625300CE,0.37390266665054506
27-01-2026 11:10||NIFTY27JAN2625500CE,0.45334575259560134
27-01-2026 11:10||NIFTY27JAN2625800CE,0.6035112922347005
27-01-2026 11:10||NIFTY27JAN2626500CE,0.9893902413413315
27-01-2026 11:15||NIFTY27JAN2624300PE,0.5436402902883962
27-01-2026 11:15||NIFTY27JAN2625000PE,0.3032374796232929
27-01-2026 11:15||NIFTY27JAN2625100PE,0.292126370868337
27-01-2026 11:15||NIFTY27JAN2626400CE,0.9350811910076001
27-01-2026 11:20||NIFTY27JAN2625300CE,0.3457635836188324
27-01-2026 11:20||NIFTY27JAN2626100CE,0.7531482626206005
27-01-2026 11:25||NIFTY27JAN2623800PE,0.8625156743578736
27-01-2026 11:25||NIFTY27JAN2624000PE,0.747609215740011
27-01-2026 11:25||NIFTY27JAN2624200PE,0.6189369636071457
27-01-2026 11:25||NIFTY27JAN2624900PE,0.2825268255886781
27-01-2026 11:25||NIFTY27JAN2625600CE,0.4843027586834004
27-01-2026 11:25||NIFTY27JAN2626500CE,0.9716818439145293
27-01-2026 11:30||NIFTY27JAN2624200PE,0.652356269497929
27-01-2026 11:30||NIFTY27JAN2625100PE,0.2483164706211891
27-01-2026 11:30||NIFTY27JAN2625600CE,0.45271144378824385
27-01-2026 11:30||NIFTY27JAN2625900CE,0.616977552713047
27-01-2026 11:30||NIFTY27JAN2626200CE,0.7973327646260037
27-01-2026 11:35||NIFTY27JAN2624000PE,0.7790173901266796
27-01-2026 11:35||NIFTY27JAN2624900PE,0.3117584826465533
27-01-2026 11:35||NIFTY27JAN2625200CE,0.3806472457581303
27-01-2026 11:40||NIFTY27JAN2623800PE,0.9230620560870472
27-01-2026 11:40||NIFTY27JAN2624000PE,0.801623573851339
27-01-2026 11:40||NIFTY27JAN2626000CE,0.648584953067671
27-01-2026 11:40||NIFTY27JAN2626300CE,0.814895071533823
27-01-2026 11:45||NIFTY27JAN2624300PE,0.667148160209741
27-01-2026 11:45||NIFTY27JAN2624400PE,0.5946932063232259
27-01-2026 11:45||NIFTY27JAN2624500PE,0.528360995324265
27-01-2026 11:45||NIFTY27JAN2626100CE,0.6654211947389269
27-01-2026 11:45||NIFTY27JAN2626400CE,0.8234368696401678
27-01-2026 11:50||NIFTY27JAN2624700PE,0.4295251714224503
27-01-2026 11:50||NIFTY27JAN2624900PE,0.37566577751638475
27-01-2026 11:50||NIFTY27JAN2625700CE,0.47892831159485744
27-01-2026 11:50||NIFTY27JAN2626000CE,0.6460580554663317
27-01-2026 11:55||NIFTY27JAN2623900PE,0.8749782845391291
27-01-2026 11:55||NIFTY27JAN2624000PE,0.8036791971807488
27-01-2026 11:55||NIFTY27JAN2624400PE,0.5620159343180569
27-01-2026 11:55||NIFTY27JAN2624500PE,0.5005704595024562
27-01-2026 11:55||NIFTY27JAN2624800PE,0.3632342818115424
27-01-2026 11:55||NIFTY27JAN2625200CE,0.3495934825077986
27-01-2026 11:55||NIFTY27JAN2625400CE,0.38839012662012506
27-01-2026 11:55||NIFTY27JAN2626500CE,0.9368259776253518
27-01-2026 12:00||NIFTY27JAN2624200PE,0.697014311681
27-01-2026 12:00||NIFTY27JAN2624300PE,0.6268556309638169
27-01-2026 12:00||NIFTY27JAN2624500PE,0.504398789548174
27-01-2026 12:00||NIFTY27JAN2625100PE,0.28570107142854173
27-01-2026 12:00||NIFTY27JAN2625500CE,0.4217911608217576
27-01-2026 12:00||NIFTY27JAN2626100CE,0.7117432023055342
27-01-2026 12:00||NIFTY27JAN2626400CE,0.9096289707129864
27-01-2026 12:00||NIFTY27JAN2626500CE,0.9415013823409751
27-01-2026 12:05||NIFTY27JAN2624500PE,0.5386788233213454
27-01-2026 12:05||NIFTY27JAN2624700PE,0.44177685164862107
27-01-2026 12:05||NIFTY27JAN2625100PE,0.3061853263275378
27-01-2026 12:05||NIFTY27JAN2625900CE,0.5851543284724496
27-01-2026 12:05||NIFTY27JAN2626500CE,0.9648175079172854
27-01-2026 12:10||NIFTY27JAN2624400PE,0.5977647404443874
27-01-2026 12:10||NIFTY27JAN2625700CE,0.4958691922411629
27-01-2026 12:10||NIFTY27JAN2626400CE,0.904265187157713
27-01-2026 12:15||NIFTY27JAN2624500PE,0.571499325961343
27-01-2026 12:15||NIFTY27JAN2624600PE,0.4929249870006191
27-01-2026 12:15||NIFTY27JAN2626000CE,0.6620292146292217
27-01-2026 12:15||NIFTY27JAN2626200CE,0.7938507319520367
27-01-2026 12:20||NIFTY27JAN2624000PE,0.8724163326334843
27-01-2026 12:20||NIFTY27JAN2624200PE,0.7374339318559371
27-01-2026 12:20||NIFTY27JAN2625000PE,0.2910264717529197
27-01-2026 12:20||NIFTY27JAN2625300CE,0.3847431287646391
27-01-2026 12:20||NIFTY27JAN2625600CE,0.46383943039898057
27-01-2026 12:25||NIFTY27JAN2624100PE,0.8248907479848836
27-01-2026 12:25||NIFTY27JAN2624700PE,0.4845388184895712
27-01-2026 12:25||NIFTY27JAN2625400CE,0.3477461883983911
27-01-2026 12:25||NIFTY27JAN2625900CE,0.6147241030297573
27-01-2026 12:30||NIFTY27JAN2625300CE,0.35203494624670434
27-01-2026 12:35||NIFTY27JAN2624100PE,0.8363117814487067
27-01-2026 12:35||NIFTY27JAN2624400PE,0.6367325728055075
27-01-2026 12:35||NIFTY27JAN2624900PE,0.3946794098036701
27-01-2026 12:35||NIFTY27JAN2625100PE,0.2937031514869825
27-01-2026 12:35||NIFTY27JAN2625800CE,0.5957817467296462
27-01-2026 12:35||NIFTY27JAN2626100CE,0.7869855287051647
27-01-2026 12:40||NIFTY27JAN2624200PE,0.766210989378065
27-01-2026 12:40||NIFTY27JAN2624700PE,0.47759956320441144
27-01-2026 12:40||NIFTY27JAN2624800PE,0.41793216456554627
27-01-2026 12:40||NIFTY27JAN2624900PE,0.3601054687241606
27-01-2026 12:40||NIFTY27JAN2625100PE,0.36186847562368285
27-01-2026 12:40||NIFTY27JAN2625200CE,0.31979958679085363
27-01-2026 12:40||NIFTY27JAN2625900CE,0.6677962584500011
27-01-2026 12:40||NIFTY27JAN2626000CE,0.7458133035687416
27-01-2026 12:40||NIFTY27JAN2626300CE,0.9289326678054696
27-01-2026 12:45||NIFTY27JAN2625200CE,0.3541153126115027
27-01-2026 12:45||NIFTY27JAN2625700CE,0.5624122709192868
27-01-2026 12:45||NIFTY27JAN2625900CE,0.6995179114790959
27-01-2026 12:45||NIFTY27JAN2626200CE,0.8871919201279629
27-01-2026 12:50||NIFTY27JAN2624600PE,0.4890287226460414
27-01-2026 12:50||NIFTY27JAN2625000PE,0.3486344498423271
27-01-2026 12:50||NIFTY27JAN2625100PE,0.3328631578592208
27-01-2026 12:50||NIFTY27JAN2625900CE,0.7142188394993663
27-01-2026 12:50||NIFTY27JAN2626200CE,0.9122294594110311
27-01-2026 12:50||NIFTY27JAN2626500CE,1.0806114670938138
27-01-2026 12:55||NIFTY27JAN2623900PE,1.0531243172725737
27-01-2026 12:55||NIFTY27JAN2624000PE,0.9254342743093535
27-01-2026 12:55||NIFTY27JAN2625500CE,0.45704728330873384
27-01-2026 12:55||NIFTY27JAN2625600CE,0.5244422398635167
27-01-2026 12:55||NIFTY27JAN2625800CE,0.656588341004124
27-01-2026 12:55||NIFTY27JAN2626200CE,0.9067548622194079
27-01-2026 13:00||NIFTY27JAN2624100PE,0.8756151796456232
27-01-2026 13:00||NIFTY27JAN2624500PE,0.5906804046074328
27-01-2026 13:00||NIFTY27JAN2625400CE,0.4133743943230861
27-01-2026 13:00||NIFTY27JAN2626000CE,0.7916061850199191
27-01-2026 13:05||NIFTY27JAN2623900PE,1.0354584165410188
27-01-2026 13:05||NIFTY27JAN2624500PE,0.5904876583100837
27-01-2026 13:05||NIFTY27JAN2624800PE,0.40386958443360055
27-01-2026 13:10||NIFTY27JAN2624200PE,0.8253976817065034
27-01-2026 13:10||NIFTY27JAN2624500PE,0.6180197345188775
27-01-2026 13:10||NIFTY27JAN2624600PE,0.547132540548565
27-01-2026 13:10||NIFTY27JAN2624700PE,0.4784032264803827
27-01-2026 13:15||NIFTY27JAN2624400PE,0.6862718003441318
27-01-2026 13:15||NIFTY27JAN2625000PE,0.31300274295677744
27-01-2026 13:15||NIFTY27JAN2625200CE,0.40508036027314165
27-01-2026 13:15||NIFTY27JAN2626300CE,1.0428864249237144
27-01-2026 13:20||NIFTY27JAN2624000PE,1.0036472793603546
27-01-2026 13:20||NIFTY27JAN2624200PE,0.8421442436709342
27-01-2026 13:20||NIFTY27JAN2624600PE,0.5515364000559819
27-01-2026 13:20||NIFTY27JAN2624900PE,0.35251757824640506
27-01-2026 13:20||NIFTY27JAN2625700CE,0.6297777541925703
27-01-2026 13:20||NIFTY27JAN2625900CE,0.7821770833199823
27-01-2026 13:25||NIFTY27JAN2623800PE,1.191656639658821
27-01-2026 13:25||NIFTY27JAN2625100PE,0.25211112559756776
27-01-2026 13:25||NIFTY27JAN2625700CE,0.6425078748378066
27-01-2026 13:30||NIFTY27JAN2624100PE,0.9982114221207014
27-01-2026 13:30||NIFTY27JAN2624300PE,0.8274289545357592
27-01-2026 13:30||NIFTY27JAN2625100PE,0.427450670763162
27-01-2026 13:30||NIFTY27JAN2625400CE,0.44825871029060677
27-01-2026 13:30||NIFTY27JAN2626300CE,1.0879084678337643
27-01-2026 13:35||NIFTY27JAN2623900PE,1.1290827421404452
27-01-2026 13:35||NIFTY27JAN2624300PE,0.8628268328992423
27-01-2026 13:35||NIFTY27JAN2624400PE,0.7693214540629345
27-01-2026 13:35||NIFTY27JAN2624600PE,0.6306621216040463
27-01-2026 13:35||NIFTY27JAN2624800PE,0.560658925820509
27-01-2026 13:35||NIFTY27JAN2625300CE,0.35352952102835705
27-01-2026 13:35||NIFTY27JAN2625600CE,0.5853890491937608
27-01-2026 13:35||NIFTY27JAN2626000CE,0.8944614095056637
27-01-2026 13:35||NIFTY27JAN2626200CE,1.0473708198956229
27-01-2026 13:35||NIFTY27JAN2626300CE,1.130568497783525
27-01-2026 13:35||NIFTY27JAN2626400CE,1.2142133254931486
27-01-2026 13:40||NIFTY27JAN2625500CE,0.5857093799349231
27-01-2026 13:40||NIFTY27JAN2626300CE,1.1912571909165557
27-01-2026 13:45||NIFTY27JAN2623800PE,1.2454419225675015
27-01-2026 13:45||NIFTY27JAN2623900PE,1.1617078098399394
27-01-2026 13:45||NIFTY27JAN2624100PE,0.9978830984030781
27-01-2026 13:45||NIFTY27JAN2624700PE,0.490353483096226
27-01-2026 13:45||NIFTY27JAN2625300CE,0.483909987865939
27-01-2026 13:45||NIFTY27JAN2625600CE,0.6441107754058276
27-01-2026 13:45||NIFTY27JAN2625700CE,0.7229205640034921
27-01-2026 13:45||NIFTY27JAN2625800CE,0.8233712972541534
27-01-2026 13:45||NIFTY27JAN2625900CE,0.9252005888308015
27-01-2026 13:45||NIFTY27JAN2626000CE,1.009291973826767
27-01-2026 13:45||NIFTY27JAN2626300CE,1.1918943557666257
27-01-2026 13:45||NIFTY27JAN2626400CE,1.253342660212902
27-01-2026 13:50||NIFTY27JAN2623900PE,1.2280208451269785
27-01-2026 13:50||NIFTY27JAN2624800PE,0.47009731674254307
27-01-2026 13:50||NIFTY27JAN2625000PE,0.3656642668592309
27-01-2026 13:50||NIFTY27JAN2626200CE,1.165878310855451
27-01-2026 13:55||NIFTY27JAN2623800PE,1.3160251573754624
27-01-2026 13:55||NIFTY27JAN2624000PE,1.1475904042096616
27-01-2026 13:55||NIFTY27JAN2624100PE,1.0553740911285867
27-01-2026 13:55||NIFTY27JAN2624300PE,0.8663946090760667
27-01-2026 13:55||NIFTY27JAN2624400PE,0.7627925117352408
27-01-2026 13:55||NIFTY27JAN2624600PE,0.5791127433490108
27-01-2026 13:55||NIFTY27JAN2624900PE,0.35451075304184604
27-01-2026 13:55||NIFTY27JAN2625400CE,0.5362967286589394
27-01-2026 13:55||NIFTY27JAN2625700CE,0.7990265838813148
27-01-2026 14:00||NIFTY27JAN2623800PE,1.3696977166586637
27-01-2026 14:00||NIFTY27JAN2624300PE,0.90060705911363
27-01-2026 14:00||NIFTY27JAN2624500PE,0.7043061983785961
27-01-2026 14:00||NIFTY27JAN2625000PE,0.2809485486224286
27-01-2026 14:00||NIFTY27JAN2625100PE,0.20254887580293343
27-01-2026 14:05||NIFTY27JAN2624000PE,1.1716330851231382
27-01-2026 14:05||NIFTY27JAN2624800PE,0.4145440397063881
27-01-2026 14:05||NIFTY27JAN2625400CE,0.5871842222220947
27-01-2026 14:05||NIFTY27JAN2625700CE,0.8710973957796931
27-01-2026 14:05||NIFTY27JAN2625800CE,0.9665302216322159
27-01-2026 14:05||NIFTY27JAN2626100CE,1.2324433212699704
27-01-2026 14:05||NIFTY27JAN2626200CE,1.319057414488567
27-01-2026 14:05||NIFTY27JAN2626400CE,1.4928261585560498
27-01-2026 14:10||NIFTY27JAN2623900PE,1.3095262337029618
27-01-2026 14:10||NIFTY27JAN2624000PE,1.1933781074119343
27-01-2026 14:10||NIFTY27JAN2624600PE,0.628932341069411
27-01-2026 14:10||NIFTY27JAN2625500CE,0.6673246433835995
27-01-2026 14:10||NIFTY27JAN2626000CE,1.1399971770044588
27-01-2026 14:10||NIFTY27JAN2626200CE,1.3187780592159708
27-01-2026 14:15||NIFTY27JAN2624000PE,1.2434385370341672
27-01-2026 14:15||NIFTY27JAN2624400PE,0.8321143190493443
27-01-2026 14:15||NIFTY27JAN2624900PE,0.3910521170755951
27-01-2026 14:15||NIFTY27JAN2625600CE,0.7809244267162456
27-01-2026 14:15||NIFTY27JAN2625800CE,0.9976790155605917
27-01-2026 14:20||NIFTY27JAN2624100PE,1.1637604087756064
27-01-2026 14:20||NIFTY27JAN2625500CE,0.6942151418287897
27-01-2026 14:20||NIFTY27JAN2626000CE,1.1984689452526687
27-01-2026 14:20||NIFTY27JAN2626100CE,1.298550364947426
27-01-2026 14:20||NIFTY27JAN2626500CE,1.6922805850745695
27-01-2026 14:25||NIFTY27JAN2623800PE,1.5218592970134543
27-01-2026 14:25||NIFTY27JAN2623900PE,1.4157240033488354
27-01-2026 14:25||NIFTY27JAN2624000PE,1.3081099500425544
27-01-2026 14:25||NIFTY27JAN2624200PE,1.1214277515596802
27-01-2026 14:25||NIFTY27JAN2624300PE,0.9770791241893508
27-01-2026 14:25||NIFTY27JAN2624800PE,0.4420049343465553
27-01-2026 14:25||NIFTY27JAN2624900PE,0.34874635641244706
27-01-2026 14:25||NIFTY27JAN2625000PE,0.20645106649963307
27-01-2026 14:25||NIFTY27JAN2625700CE,0.9484845651485663
27-01-2026 14:30||NIFTY27JAN2624000PE,1.3935138026226712
27-01-2026 14:30||NIFTY27JAN2624200PE,1.1562642398025855
27-01-2026 14:30||NIFTY27JAN2624600PE,0.7049720266940792
27-01-2026 14:30||NIFTY27JAN2625100PE,0.12434059799191385
27-01-2026 14:30||NIFTY27JAN2626400CE,1.7669942338547784
27-01-2026 14:35||NIFTY27JAN2624000PE,1.44027513316795
27-01-2026 14:35||NIFTY27JAN2624200PE,1.2147888371380604
27-01-2026 14:35||NIFTY27JAN2624900PE,0.37091671745488475
27-01-2026 14:35||NIFTY27JAN2625000PE,0.22878664630366338
27-01-2026 14:35||NIFTY27JAN2626200CE,1.561424139822844
27-01-2026 14:40||NIFTY27JAN2624000PE,1.5478885861492555
27-01-2026 14:40||NIFTY27JAN2624800PE,0.5727349252787612
27-01-2026 14:40||NIFTY27JAN2626200CE,1.500182901960634
27-01-2026 14:40||NIFTY27JAN2626400CE,1.7307409340508868
27-01-2026 14:45||NIFTY27JAN2624000PE,1.6236049818066525
27-01-2026 14:45||NIFTY27JAN2624200PE,1.3801665295741126
27-01-2026 14:45||NIFTY27JAN2624700PE,0.7326197297365844
27-01-2026 14:45||NIFTY27JAN2625400CE,0.5811504073828868
27-01-2026 14:45||NIFTY27JAN2626400CE,1.8083967340549096
27-01-2026 14:45||NIFTY27JAN2626500CE,1.9095042089707457
27-01-2026 14:50||NIFTY27JAN2623800PE,1.985359099213469
27-01-2026 14:50||NIFTY27JAN2624000PE,1.7501135714009532
27-01-2026 14:50||NIFTY27JAN2624200PE,1.4904089290355025
27-01-2026 14:50||NIFTY27JAN2624800PE,0.6323059041606977
27-01-2026 14:50||NIFTY27JAN2625200CE,0.35991213850167664
27-01-2026 14:50||NIFTY27JAN2625900CE,1.2368144512479815
27-01-2026 14:55||NIFTY27JAN2623800PE,2.2138783933898947
27-01-2026 14:55||NIFTY27JAN2624000PE,1.917811312621331
27-01-2026 14:55||NIFTY27JAN2624800PE,0.7468061963115966
27-01-2026 14:55||NIFTY27JAN2625500CE,0.7014749929872706
27-01-2026 14:55||NIFTY27JAN2625800CE,1.1483195036092457
27-01-2026 14:55||NIFTY27JAN2626400CE,1.851486710517008
27-01-2026 15:00||NIFTY27JAN2624100PE,1.8142815675137758
27-01-2026 15:00||NIFTY27JAN2624700PE,0.8614687087534895
27-01-2026 15:00||NIFTY27JAN2625100PE,0.1622349484983765
27-01-2026 15:00||NIFTY27JAN2625400CE,0.5931600750041794
27-01-2026 15:05||NIFTY27JAN2624000PE,2.1769628422901515
27-01-2026 15:05||NIFTY27JAN2624100PE,1.9979070689971512
27-01-2026 15:05||NIFTY27JAN2624200PE,1.8296676380477301
27-01-2026 15:05||NIFTY27JAN2624500PE,1.2889504081609338
27-01-2026 15:05||NIFTY27JAN2626300CE,2.028874964504844
27-01-2026 15:10||NIFTY27JAN2623900PE,2.5222950167466083
27-01-2026 15:10||NIFTY27JAN2624000PE,2.3256015874599663
27-01-2026 15:10||NIFTY27JAN2624900PE,0.6113659601885691
27-01-2026 15:10||NIFTY27JAN2625400CE,0.5810263676946702
27-01-2026 15:10||NIFTY27JAN2625600CE,0.9838636157545243
27-01-2026 15:10||NIFTY27JAN2625800CE,1.3980765551013616
27-01-2026 15:10||NIFTY27JAN2626000CE,1.761217100831276
27-01-2026 15:15||NIFTY27JAN2625000PE,0.49174322050641905
27-01-2026 15:15||NIFTY27JAN2625900CE,1.701645848007875
27-01-2026 15:15||NIFTY27JAN2626000CE,1.9356865580736664
27-01-2026 15:15||NIFTY27JAN2626400CE,2.6944898418085037
27-01-2026 15:20||NIFTY27JAN2623800PE,4.069002128840242
27-01-2026 15:20||NIFTY27JAN2623900PE,3.779883522232183
27-01-2026 15:20||NIFTY27JAN2624900PE,0.9322277765909731
27-01-2026 15:20||NIFTY27JAN2625500CE,0.9343942715109075
27-01-2026 15:20||NIFTY27JAN2626000CE,2.3050795227392675
27-01-2026 15:20||NIFTY27JAN2626300CE,3.096999857360368
27-01-2026 15:20||NIFTY27JAN2626400CE,3.3656734250478224
27-01-2026 15:25||NIFTY27JAN2623800PE,4.169904772403164
27-01-2026 15:25||NIFTY27JAN2624900PE,1.4847501030887662
27-01-2026 15:25||NIFTY27JAN2625100PE,0.5805321684387375
27-01-2026 15:25||NIFTY27JAN2626100CE,3.329948139370221
27-01-2026 15:25||NIFTY27JAN2626300CE,2.839522580672281
27-01-2026 15:25||NIFTY27JAN2626400CE,2.9882519675930146
27-01-2026 15:25||NIFTY27JAN2626500CE,3.101262745640928
